episode,env_steps_total,episode_reward,score,survival_steps,epsilon,loss_mean,terminated,truncated,death_reason,fruit_reward_sum,distance_shaping_reward_sum,death_penalty_sum
0,129,-6.0,0,129,0.94855,0.0,True,False,wall,0.0,4.0,-10.0
1,161,-13.0,0,32,0.948191,0.0,True,False,wall,0.0,-3.0,-10.0
2,209,-13.0,0,48,0.947652,0.0,True,False,wall,0.0,-3.0,-10.0
3,240,-10.0,0,31,0.947304,0.0,True,False,wall,0.0,0.0,-10.0
4,271,-18.0,0,31,0.946956,0.0,True,False,wall,0.0,-8.0,-10.0
5,303,-15.0,0,32,0.946598,0.0,True,False,wall,0.0,-5.0,-10.0
6,351,2.0,1,48,0.94606,0.0,True,False,wall,10.0,2.0,-10.0
7,393,-13.0,0,42,0.94559,0.0,True,False,wall,0.0,-3.0,-10.0
8,413,-17.0,0,20,0.945366,0.0,True,False,wall,0.0,-7.0,-10.0
9,457,-7.0,0,44,0.944873,0.0,True,False,wall,0.0,3.0,-10.0
10,655,-23.0,0,198,0.942661,0.0,True,False,wall,0.0,-13.0,-10.0
11,745,-17.0,0,90,0.941658,0.0,True,False,wall,0.0,-7.0,-10.0
12,758,-14.0,0,13,0.941513,0.0,True,False,wall,0.0,-4.0,-10.0
13,794,-3.0,0,36,0.941112,0.0,True,False,wall,0.0,7.0,-10.0
14,808,-13.0,0,14,0.940956,0.0,True,False,wall,0.0,-3.0,-10.0
15,832,-13.0,0,24,0.940689,0.0,True,False,wall,0.0,-3.0,-10.0
16,882,-21.0,0,50,0.940132,0.0,True,False,wall,0.0,-11.0,-10.0
17,913,-14.0,0,31,0.939787,0.0,True,False,wall,0.0,-4.0,-10.0
18,926,-22.0,0,13,0.939643,0.0,True,False,wall,0.0,-12.0,-10.0
19,967,-16.0,0,41,0.939187,0.0,True,False,wall,0.0,-6.0,-10.0
20,983,-19.0,0,16,0.939009,0.0,True,False,wall,0.0,-9.0,-10.0
21,1017,-9.0,0,34,0.938631,0.0,True,False,wall,0.0,1.0,-10.0
22,1051,-17.0,0,34,0.938254,0.0,True,False,wall,0.0,-7.0,-10.0
23,1083,-11.0,0,32,0.937898,0.0,True,False,wall,0.0,-1.0,-10.0
24,1097,-11.0,0,14,0.937743,0.0,True,False,wall,0.0,-1.0,-10.0
25,1185,-19.0,0,88,0.936767,0.0,True,False,wall,0.0,-9.0,-10.0
26,1218,-2.0,0,33,0.936401,0.0,True,False,wall,0.0,8.0,-10.0
27,1235,-18.0,0,17,0.936213,0.0,True,False,wall,0.0,-8.0,-10.0
28,1258,-10.0,0,23,0.935958,0.0,True,False,wall,0.0,0.0,-10.0
29,1270,-17.0,0,12,0.935825,0.0,True,False,wall,0.0,-7.0,-10.0
30,1339,-18.0,0,69,0.935062,0.0,True,False,wall,0.0,-8.0,-10.0
31,1381,-19.0,0,42,0.934597,0.0,True,False,wall,0.0,-9.0,-10.0
32,1438,-16.0,0,57,0.933967,0.0,True,False,wall,0.0,-6.0,-10.0
33,1455,-4.0,0,17,0.933779,0.0,True,False,wall,0.0,6.0,-10.0
34,1493,-5.0,0,38,0.93336,0.0,True,False,wall,0.0,5.0,-10.0
35,1527,-15.0,0,34,0.932984,0.0,True,False,wall,0.0,-5.0,-10.0
36,1563,-7.0,0,36,0.932587,0.0,True,False,wall,0.0,3.0,-10.0
37,1598,-20.0,0,35,0.932201,0.0,True,False,wall,0.0,-10.0,-10.0
38,1612,-21.0,0,14,0.932046,0.0,True,False,wall,0.0,-11.0,-10.0
39,1632,-13.0,0,20,0.931826,0.0,True,False,wall,0.0,-3.0,-10.0
40,1664,-4.0,1,32,0.931473,0.0,True,False,wall,10.0,-4.0,-10.0
41,1675,-14.0,0,11,0.931352,0.0,True,False,wall,0.0,-4.0,-10.0
42,1692,-16.0,0,17,0.931165,0.0,True,False,wall,0.0,-6.0,-10.0
43,1708,-19.0,0,16,0.930989,0.0,True,False,wall,0.0,-9.0,-10.0
44,1754,-4.0,1,46,0.930482,0.0,True,False,wall,10.0,-4.0,-10.0
45,1780,-17.0,0,26,0.930196,0.0,True,False,wall,0.0,-7.0,-10.0
46,1825,-8.0,0,45,0.929701,0.0,True,False,wall,0.0,2.0,-10.0
47,1850,-8.0,0,25,0.929426,0.0,True,False,wall,0.0,2.0,-10.0
48,1868,-19.0,0,18,0.929228,0.0,True,False,wall,0.0,-9.0,-10.0
49,1891,-20.0,0,23,0.928976,0.0,True,False,wall,0.0,-10.0,-10.0
50,1974,-22.0,0,83,0.928064,0.0,True,False,wall,0.0,-12.0,-10.0
51,2017,-9.0,1,43,0.927592,0.0,True,False,wall,10.0,-9.0,-10.0
52,2042,-12.0,0,25,0.927318,0.0,True,False,wall,0.0,-2.0,-10.0
53,2060,-19.0,0,18,0.927121,0.0,True,False,wall,0.0,-9.0,-10.0
54,2088,-17.0,0,28,0.926814,0.0,True,False,wall,0.0,-7.0,-10.0
55,2111,-20.0,0,23,0.926562,0.0,True,False,wall,0.0,-10.0,-10.0
56,2176,-10.0,0,65,0.92585,0.0,True,False,wall,0.0,0.0,-10.0
57,2210,-3.0,0,34,0.925478,0.0,True,False,wall,0.0,7.0,-10.0
58,2229,-16.0,0,19,0.92527,0.0,True,False,wall,0.0,-6.0,-10.0
59,2255,-19.0,0,26,0.924985,0.0,True,False,wall,0.0,-9.0,-10.0
60,2267,-15.0,0,12,0.924854,0.0,True,False,wall,0.0,-5.0,-10.0
61,2365,-17.0,0,98,0.923783,0.0,True,False,wall,0.0,-7.0,-10.0
62,2403,-13.0,0,38,0.923368,0.0,True,False,wall,0.0,-3.0,-10.0
63,2415,-15.0,0,12,0.923237,0.0,True,False,wall,0.0,-5.0,-10.0
64,2518,-22.0,0,103,0.922114,0.0,True,False,wall,0.0,-12.0,-10.0
65,2551,-24.0,0,33,0.921754,0.0,True,False,wall,0.0,-14.0,-10.0
66,2609,-19.0,0,58,0.921122,0.0,True,False,wall,0.0,-9.0,-10.0
67,2640,-8.0,0,31,0.920785,0.0,True,False,wall,0.0,2.0,-10.0
68,2655,-20.0,0,15,0.920621,0.0,True,False,wall,0.0,-10.0,-10.0
69,2744,7.0,1,89,0.919653,0.0,True,False,wall,10.0,7.0,-10.0
70,2773,-20.0,0,29,0.919338,0.0,True,False,wall,0.0,-10.0,-10.0
71,2816,-8.0,0,43,0.918871,0.0,True,False,wall,0.0,2.0,-10.0
72,2874,-15.0,0,58,0.918241,0.0,True,False,wall,0.0,-5.0,-10.0
73,2890,-17.0,0,16,0.918068,0.0,True,False,wall,0.0,-7.0,-10.0
74,2901,-6.0,0,11,0.917948,0.0,True,False,wall,0.0,4.0,-10.0
75,2914,-6.0,0,13,0.917807,0.0,True,False,wall,0.0,4.0,-10.0
76,2932,-5.0,0,18,0.917612,0.0,True,False,wall,0.0,5.0,-10.0
77,2995,-1.0,1,63,0.916929,0.0,True,False,wall,10.0,-1.0,-10.0
78,3029,-13.0,0,34,0.916561,0.0,True,False,wall,0.0,-3.0,-10.0
79,3041,-19.0,0,12,0.916431,0.0,True,False,wall,0.0,-9.0,-10.0
80,3062,-16.0,0,21,0.916203,0.0,True,False,wall,0.0,-6.0,-10.0
81,3113,-14.0,0,51,0.915651,0.0,True,False,wall,0.0,-4.0,-10.0
82,3135,-2.0,1,22,0.915413,0.0,True,False,wall,10.0,-2.0,-10.0
83,3157,-12.0,1,22,0.915175,0.0,True,False,wall,10.0,-12.0,-10.0
84,3255,8.0,1,98,0.914116,0.0,True,False,wall,10.0,8.0,-10.0
85,3268,-4.0,0,13,0.913976,0.0,True,False,wall,0.0,6.0,-10.0
86,3337,-18.0,0,69,0.913231,0.0,True,False,wall,0.0,-8.0,-10.0
87,3382,-24.0,0,45,0.912746,0.0,True,False,wall,0.0,-14.0,-10.0
88,3412,-19.0,0,30,0.912422,0.0,True,False,wall,0.0,-9.0,-10.0
89,3452,-15.0,0,40,0.911991,0.0,True,False,wall,0.0,-5.0,-10.0
90,3469,-6.0,0,17,0.911808,0.0,True,False,wall,0.0,4.0,-10.0
91,3494,-1.0,1,25,0.911539,0.0,True,False,wall,10.0,-1.0,-10.0
92,3517,7.0,1,23,0.911291,0.0,True,False,wall,10.0,7.0,-10.0
93,3564,-7.0,1,47,0.910785,0.0,True,False,wall,10.0,-7.0,-10.0
94,3652,-17.0,0,88,0.909839,0.0,True,False,wall,0.0,-7.0,-10.0
95,3678,-19.0,0,26,0.909559,0.0,True,False,wall,0.0,-9.0,-10.0
96,3696,-5.0,0,18,0.909366,0.0,True,False,wall,0.0,5.0,-10.0
97,3718,-9.0,0,22,0.90913,0.0,True,False,wall,0.0,1.0,-10.0
98,3737,-6.0,0,19,0.908926,0.0,True,False,wall,0.0,4.0,-10.0
99,3749,-4.0,1,12,0.908797,0.0,True,False,wall,10.0,-4.0,-10.0
100,3847,-9.0,0,98,0.907745,0.0,True,False,wall,0.0,1.0,-10.0
101,3879,-19.0,0,32,0.907402,0.0,True,False,wall,0.0,-9.0,-10.0
102,3940,-24.0,0,61,0.906749,0.0,True,False,wall,0.0,-14.0,-10.0
103,3960,-13.0,0,20,0.906535,0.0,True,False,wall,0.0,-3.0,-10.0
104,4000,-15.0,0,40,0.906106,0.0,True,False,wall,0.0,-5.0,-10.0
105,4020,-1.0,0,20,0.905892,0.0,True,False,wall,0.0,9.0,-10.0
106,4035,-18.0,0,15,0.905732,0.0,True,False,wall,0.0,-8.0,-10.0
107,4091,-3.0,0,56,0.905133,0.0,True,False,wall,0.0,7.0,-10.0
108,4143,-11.0,0,52,0.904578,0.0,True,False,wall,0.0,-1.0,-10.0
109,4241,-17.0,0,98,0.903531,0.0,True,False,wall,0.0,-7.0,-10.0
110,4276,-14.0,0,35,0.903158,0.0,True,False,wall,0.0,-4.0,-10.0
111,4296,-17.0,0,20,0.902945,0.0,True,False,wall,0.0,-7.0,-10.0
112,4365,-12.0,0,69,0.902209,0.0,True,False,wall,0.0,-2.0,-10.0
113,4409,-21.0,0,44,0.901741,0.0,True,False,wall,0.0,-11.0,-10.0
114,4441,-19.0,0,32,0.9014,0.0,True,False,wall,0.0,-9.0,-10.0
115,4475,-23.0,0,34,0.901038,0.0,True,False,wall,0.0,-13.0,-10.0
116,4494,-14.0,0,19,0.900836,0.0,True,False,wall,0.0,-4.0,-10.0
117,4519,-20.0,0,25,0.90057,0.0,True,False,wall,0.0,-10.0,-10.0
118,4546,-4.0,0,27,0.900283,0.0,True,False,wall,0.0,6.0,-10.0
119,4602,-23.0,0,56,0.899688,0.0,True,False,wall,0.0,-13.0,-10.0
120,4635,-10.0,0,33,0.899338,0.0,True,False,wall,0.0,0.0,-10.0
121,4708,9.0,1,73,0.898563,0.0,True,False,wall,10.0,9.0,-10.0
122,4775,-20.0,0,67,0.897853,0.0,True,False,wall,0.0,-10.0,-10.0
123,4793,-7.0,0,18,0.897662,0.0,True,False,wall,0.0,3.0,-10.0
124,4889,-9.0,0,96,0.896646,0.0,True,False,wall,0.0,1.0,-10.0
125,4908,-22.0,0,19,0.896445,0.0,True,False,wall,0.0,-12.0,-10.0
126,4927,-22.0,0,19,0.896244,0.0,True,False,wall,0.0,-12.0,-10.0
127,4943,-11.0,0,16,0.896074,0.0,True,False,wall,0.0,-1.0,-10.0
128,4967,-11.0,0,24,0.895821,0.0,True,False,wall,0.0,-1.0,-10.0
129,5016,-10.0,0,49,0.895303,0.0,True,False,wall,0.0,0.0,-10.0
130,5026,-17.0,0,10,0.895197,0.0,True,False,wall,0.0,-7.0,-10.0
131,5055,-16.0,0,29,0.894891,0.0,True,False,wall,0.0,-6.0,-10.0
132,5082,-14.0,0,27,0.894606,0.0,True,False,wall,0.0,-4.0,-10.0
133,5141,11.0,1,59,0.893983,0.0,True,False,wall,10.0,11.0,-10.0
134,5177,-19.0,0,36,0.893603,0.0,True,False,wall,0.0,-9.0,-10.0
135,5217,-1.0,0,40,0.893182,0.0,True,False,wall,0.0,9.0,-10.0
136,5245,-17.0,0,28,0.892886,0.0,True,False,wall,0.0,-7.0,-10.0
137,5307,-17.0,0,62,0.892233,0.0,True,False,wall,0.0,-7.0,-10.0
138,5319,-9.0,0,12,0.892107,0.0,True,False,wall,0.0,1.0,-10.0
139,5337,-21.0,0,18,0.891918,0.0,True,False,wall,0.0,-11.0,-10.0
140,5366,-20.0,0,29,0.891613,0.0,True,False,wall,0.0,-10.0,-10.0
141,5420,-21.0,0,54,0.891045,0.0,True,False,wall,0.0,-11.0,-10.0
142,5470,-19.0,0,50,0.890519,0.0,True,False,wall,0.0,-9.0,-10.0
143,5484,-17.0,0,14,0.890372,0.0,True,False,wall,0.0,-7.0,-10.0
144,5521,5.0,1,37,0.889984,0.0,True,False,wall,10.0,5.0,-10.0
145,5541,-11.0,0,20,0.889774,0.0,True,False,wall,0.0,-1.0,-10.0
146,5584,-16.0,0,43,0.889322,0.0,True,False,wall,0.0,-6.0,-10.0
147,5660,-19.0,0,76,0.888525,0.0,True,False,wall,0.0,-9.0,-10.0
148,5678,-5.0,0,18,0.888337,0.0,True,False,wall,0.0,5.0,-10.0
149,5758,-19.0,0,80,0.887499,0.0,True,False,wall,0.0,-9.0,-10.0
150,5775,-10.0,0,17,0.887321,0.0,True,False,wall,0.0,0.0,-10.0
151,5830,-6.0,0,55,0.886745,0.0,True,False,wall,0.0,4.0,-10.0
152,5851,-14.0,0,21,0.886526,0.0,True,False,wall,0.0,-4.0,-10.0
153,5877,-3.0,0,26,0.886254,0.0,True,False,wall,0.0,7.0,-10.0
154,5893,-15.0,0,16,0.886087,0.0,True,False,wall,0.0,-5.0,-10.0
155,5907,-19.0,0,14,0.88594,0.0,True,False,wall,0.0,-9.0,-10.0
156,5956,-20.0,0,49,0.885428,0.0,True,False,wall,0.0,-10.0,-10.0
157,5994,-21.0,0,38,0.885032,0.0,True,False,wall,0.0,-11.0,-10.0
158,6020,10.0,1,26,0.88476,0.0,True,False,wall,10.0,10.0,-10.0
159,6044,-19.0,0,24,0.88451,0.0,True,False,wall,0.0,-9.0,-10.0
160,6100,-7.0,0,56,0.883926,0.0,True,False,wall,0.0,3.0,-10.0
161,6118,-15.0,0,18,0.883738,0.0,True,False,wall,0.0,-5.0,-10.0
162,6165,7.0,1,47,0.883249,0.0,True,False,wall,10.0,7.0,-10.0
163,6216,-14.0,0,51,0.882718,0.0,True,False,wall,0.0,-4.0,-10.0
164,6243,5.0,1,27,0.882437,0.0,True,False,wall,10.0,5.0,-10.0
165,6289,-15.0,0,46,0.881958,0.0,True,False,wall,0.0,-5.0,-10.0
166,6307,-15.0,0,18,0.881771,0.0,True,False,wall,0.0,-5.0,-10.0
167,6344,-18.0,0,37,0.881386,0.0,True,False,wall,0.0,-8.0,-10.0
168,6362,-7.0,0,18,0.881199,0.0,True,False,wall,0.0,3.0,-10.0
169,6415,-18.0,0,53,0.880649,0.0,True,False,wall,0.0,-8.0,-10.0
170,6451,-15.0,0,36,0.880275,0.0,True,False,wall,0.0,-5.0,-10.0
171,6509,-7.0,0,58,0.879674,0.0,True,False,wall,0.0,3.0,-10.0
172,6558,-6.0,0,49,0.879165,0.0,True,False,wall,0.0,4.0,-10.0
173,6599,-12.0,0,41,0.878741,0.0,True,False,wall,0.0,-2.0,-10.0
174,6630,-8.0,0,31,0.87842,0.0,True,False,wall,0.0,2.0,-10.0
175,6661,-16.0,0,31,0.878099,0.0,True,False,wall,0.0,-6.0,-10.0
176,6709,-15.0,0,48,0.877602,0.0,True,False,wall,0.0,-5.0,-10.0
177,6798,-1.0,1,89,0.876682,0.0,True,False,wall,10.0,-1.0,-10.0
178,6849,-22.0,0,51,0.876155,0.0,True,False,wall,0.0,-12.0,-10.0
179,6894,-20.0,0,45,0.87569,0.0,True,False,wall,0.0,-10.0,-10.0
180,6906,-17.0,0,12,0.875566,0.0,True,False,wall,0.0,-7.0,-10.0
181,6930,-7.0,0,24,0.875319,0.0,True,False,wall,0.0,3.0,-10.0
182,7034,-9.0,0,104,0.874247,0.0,True,False,wall,0.0,1.0,-10.0
183,7050,-21.0,0,16,0.874082,0.0,True,False,wall,0.0,-11.0,-10.0
184,7068,-9.0,0,18,0.873896,0.0,True,False,wall,0.0,1.0,-10.0
185,7124,-15.0,0,56,0.87332,0.0,True,False,wall,0.0,-5.0,-10.0
186,7164,-23.0,0,40,0.872908,0.0,True,False,wall,0.0,-13.0,-10.0
187,7189,-16.0,0,25,0.872651,0.0,True,False,wall,0.0,-6.0,-10.0
188,7231,-19.0,0,42,0.872219,0.0,True,False,wall,0.0,-9.0,-10.0
189,7245,-17.0,0,14,0.872076,0.0,True,False,wall,0.0,-7.0,-10.0
190,7363,-9.0,0,118,0.870864,0.0,True,False,wall,0.0,1.0,-10.0
191,7388,-14.0,0,25,0.870607,0.0,True,False,wall,0.0,-4.0,-10.0
192,7424,-15.0,0,36,0.870238,0.0,True,False,wall,0.0,-5.0,-10.0
193,7444,-17.0,0,20,0.870033,0.0,True,False,wall,0.0,-7.0,-10.0
194,7460,-17.0,0,16,0.869869,0.0,True,False,wall,0.0,-7.0,-10.0
195,7470,-17.0,0,10,0.869767,0.0,True,False,wall,0.0,-7.0,-10.0
196,7506,-21.0,0,36,0.869398,0.0,True,False,wall,0.0,-11.0,-10.0
197,7537,-1.0,1,31,0.86908,0.0,True,False,wall,10.0,-1.0,-10.0
198,7555,-21.0,0,18,0.868896,0.0,True,False,wall,0.0,-11.0,-10.0
199,7593,-11.0,0,38,0.868507,0.0,True,False,wall,0.0,-1.0,-10.0
200,7621,-15.0,0,28,0.868221,0.0,True,False,wall,0.0,-5.0,-10.0
201,7638,-4.0,0,17,0.868047,0.0,True,False,wall,0.0,6.0,-10.0
202,7659,-6.0,0,21,0.867832,0.0,True,False,wall,0.0,4.0,-10.0
203,7693,4.0,1,34,0.867485,0.0,True,False,wall,10.0,4.0,-10.0
204,7706,-1.0,1,13,0.867352,0.0,True,False,wall,10.0,-1.0,-10.0
205,7722,-19.0,0,16,0.867188,0.0,True,False,wall,0.0,-9.0,-10.0
206,7738,-5.0,0,16,0.867025,0.0,True,False,wall,0.0,5.0,-10.0
207,7752,-5.0,0,14,0.866882,0.0,True,False,wall,0.0,5.0,-10.0
208,7795,-14.0,0,43,0.866443,0.0,True,False,wall,0.0,-4.0,-10.0
209,7812,-6.0,0,17,0.86627,0.0,True,False,wall,0.0,4.0,-10.0
210,7832,-21.0,0,20,0.866066,0.0,True,False,wall,0.0,-11.0,-10.0
211,7865,-4.0,0,33,0.865729,0.0,True,False,wall,0.0,6.0,-10.0
212,7897,-11.0,0,32,0.865403,0.0,True,False,wall,0.0,-1.0,-10.0
213,7949,-17.0,0,52,0.864873,0.0,True,False,wall,0.0,-7.0,-10.0
214,7971,-23.0,0,22,0.864649,0.0,True,False,wall,0.0,-13.0,-10.0
215,7994,-20.0,0,23,0.864415,0.0,True,False,wall,0.0,-10.0,-10.0
216,8054,-21.0,0,60,0.863804,0.0,True,False,wall,0.0,-11.0,-10.0
217,8063,-2.0,0,9,0.863713,0.0,True,False,wall,0.0,8.0,-10.0
218,8073,-15.0,0,10,0.863611,0.0,True,False,wall,0.0,-5.0,-10.0
219,8135,-13.0,0,62,0.862981,0.0,True,False,wall,0.0,-3.0,-10.0
220,8177,-7.0,0,42,0.862554,0.0,True,False,wall,0.0,3.0,-10.0
221,8225,4.0,1,48,0.862067,0.0,True,False,wall,10.0,4.0,-10.0
222,8241,-15.0,0,16,0.861904,0.0,True,False,wall,0.0,-5.0,-10.0
223,8269,-13.0,0,28,0.86162,0.0,True,False,wall,0.0,-3.0,-10.0
224,8296,-18.0,0,27,0.861346,0.0,True,False,wall,0.0,-8.0,-10.0
225,8332,-19.0,0,36,0.860981,0.0,True,False,wall,0.0,-9.0,-10.0
226,8351,-12.0,0,19,0.860789,0.0,True,False,wall,0.0,-2.0,-10.0
227,8366,-18.0,0,15,0.860637,0.0,True,False,wall,0.0,-8.0,-10.0
228,8405,-14.0,0,39,0.860241,0.0,True,False,wall,0.0,-4.0,-10.0
229,8479,-11.0,0,74,0.859492,0.0,True,False,wall,0.0,-1.0,-10.0
230,8507,-19.0,0,28,0.859209,0.0,True,False,wall,0.0,-9.0,-10.0
231,8530,-18.0,0,23,0.858976,0.0,True,False,wall,0.0,-8.0,-10.0
232,8599,-2.0,0,69,0.858279,0.0,True,False,wall,0.0,8.0,-10.0
233,8624,-18.0,0,25,0.858026,0.0,True,False,wall,0.0,-8.0,-10.0
234,8657,-22.0,0,33,0.857693,0.0,True,False,wall,0.0,-12.0,-10.0
235,8688,-4.0,0,31,0.85738,0.0,True,False,wall,0.0,6.0,-10.0
236,8846,-5.0,0,158,0.855787,0.0,True,False,wall,0.0,5.0,-10.0
237,8885,-6.0,0,39,0.855395,0.0,True,False,wall,0.0,4.0,-10.0
238,8930,-12.0,0,45,0.854942,0.0,True,False,wall,0.0,-2.0,-10.0
239,9108,8.0,1,178,0.853153,0.0,True,False,wall,10.0,8.0,-10.0
240,9124,-15.0,0,16,0.852992,0.0,True,False,wall,0.0,-5.0,-10.0
241,9163,-18.0,0,39,0.852601,0.0,True,False,wall,0.0,-8.0,-10.0
242,9202,-14.0,0,39,0.852209,0.0,True,False,wall,0.0,-4.0,-10.0
243,9287,-12.0,0,85,0.851358,0.0,True,False,wall,0.0,-2.0,-10.0
244,9314,-8.0,0,27,0.851087,0.0,True,False,wall,0.0,2.0,-10.0
245,9323,-12.0,0,9,0.850997,0.0,True,False,wall,0.0,-2.0,-10.0
246,9394,1.0,1,71,0.850286,0.0,True,False,wall,10.0,1.0,-10.0
247,9410,-9.0,0,16,0.850126,0.0,True,False,wall,0.0,1.0,-10.0
248,9440,-17.0,0,30,0.849826,0.0,True,False,wall,0.0,-7.0,-10.0
249,9526,10.0,1,86,0.848967,0.0,True,False,wall,10.0,10.0,-10.0
250,9569,-16.0,0,43,0.848538,0.0,True,False,wall,0.0,-6.0,-10.0
251,9584,-16.0,0,15,0.848388,0.0,True,False,wall,0.0,-6.0,-10.0
252,9617,-16.0,0,33,0.848059,0.0,True,False,wall,0.0,-6.0,-10.0
253,9653,-4.0,1,36,0.8477,0.0,True,False,wall,10.0,-4.0,-10.0
254,9676,-16.0,0,23,0.84747,0.0,True,False,wall,0.0,-6.0,-10.0
255,9698,-11.0,0,22,0.847251,0.0,True,False,wall,0.0,-1.0,-10.0
256,9746,-21.0,0,48,0.846773,0.0,True,False,wall,0.0,-11.0,-10.0
257,9767,-20.0,0,21,0.846564,0.0,True,False,wall,0.0,-10.0,-10.0
258,9832,-14.0,0,65,0.845917,0.0,True,False,wall,0.0,-4.0,-10.0
259,9858,-11.0,0,26,0.845658,0.0,True,False,wall,0.0,-1.0,-10.0
260,9906,-11.0,0,48,0.845181,0.0,True,False,wall,0.0,-1.0,-10.0
261,9938,-19.0,0,32,0.844863,0.0,True,False,wall,0.0,-9.0,-10.0
262,9971,-18.0,0,33,0.844535,0.0,True,False,wall,0.0,-8.0,-10.0
263,10031,-7.0,0,60,0.84394,3.2056,True,False,wall,0.0,3.0,-10.0
264,10064,-16.0,0,33,0.843612,3.5205,True,False,wall,0.0,-6.0,-10.0
265,10084,-15.0,0,20,0.843414,12.1396,True,False,wall,0.0,-5.0,-10.0
266,10181,-14.0,0,97,0.842452,7.0642,True,False,wall,0.0,-4.0,-10.0
267,10213,-17.0,0,32,0.842135,1.4481,True,False,wall,0.0,-7.0,-10.0
268,10295,-9.0,0,82,0.841324,1.3148,True,False,wall,0.0,1.0,-10.0
269,10360,3.0,1,65,0.840681,1.157,True,False,wall,10.0,3.0,-10.0
270,10404,-7.0,0,44,0.840246,1.1921,True,False,wall,0.0,3.0,-10.0
271,10542,17.0,2,138,0.838884,0.9241,True,False,wall,20.0,7.0,-10.0
272,10560,-15.0,0,18,0.838707,1.303,True,False,wall,0.0,-5.0,-10.0
273,10612,10.0,1,52,0.838194,1.3965,True,False,wall,10.0,10.0,-10.0
274,10811,1.0,1,199,0.836236,1.3291,True,False,wall,10.0,1.0,-10.0
275,10835,-11.0,0,24,0.836,1.3882,True,False,wall,0.0,-1.0,-10.0
276,10859,-3.0,0,24,0.835765,2.3682,True,False,wall,0.0,7.0,-10.0
277,10890,-2.0,0,31,0.83546,2.5735,True,False,wall,0.0,8.0,-10.0
278,10925,-16.0,0,35,0.835117,3.2394,True,False,wall,0.0,-6.0,-10.0
279,10970,-14.0,0,45,0.834675,1.8778,True,False,wall,0.0,-4.0,-10.0
280,11021,3.0,1,51,0.834175,1.8386,True,False,wall,10.0,3.0,-10.0
281,11064,7.0,1,43,0.833754,1.5184,True,False,wall,10.0,7.0,-10.0
282,11127,13.0,1,63,0.833137,1.6576,True,False,wall,10.0,13.0,-10.0
283,11186,-6.0,0,59,0.832559,1.3501,True,False,wall,0.0,4.0,-10.0
284,11212,-9.0,0,26,0.832305,1.0005,True,False,wall,0.0,1.0,-10.0
285,11232,-1.0,0,20,0.83211,1.4479,True,False,wall,0.0,9.0,-10.0
286,11269,-14.0,0,37,0.831748,1.1985,True,False,wall,0.0,-4.0,-10.0
287,11314,15.0,1,45,0.831308,0.9496,True,False,wall,10.0,15.0,-10.0
288,11354,13.0,2,40,0.830918,0.9503,True,False,wall,20.0,3.0,-10.0
289,11387,-10.0,0,33,0.830596,0.9535,True,False,wall,0.0,0.0,-10.0
290,11442,-4.0,0,55,0.830059,1.0636,True,False,wall,0.0,6.0,-10.0
291,11505,10.0,2,63,0.829445,1.3738,True,False,wall,20.0,0.0,-10.0
292,11562,3.0,1,57,0.82889,1.709,True,False,wall,10.0,3.0,-10.0
293,11663,-8.0,0,101,0.827907,1.0622,True,False,wall,0.0,2.0,-10.0
294,11812,36.0,2,149,0.82646,0.9333,True,False,wall,20.0,26.0,-10.0
295,11892,35.0,2,80,0.825684,0.9164,True,False,wall,20.0,25.0,-10.0
296,11938,2.0,1,46,0.825238,0.955,True,False,wall,10.0,2.0,-10.0
297,12058,35.0,2,120,0.824076,0.8062,True,False,wall,20.0,25.0,-10.0
298,12158,16.0,1,100,0.823109,0.8662,True,False,wall,10.0,16.0,-10.0
299,12176,-17.0,0,18,0.822935,0.7718,True,False,wall,0.0,-7.0,-10.0
300,12210,6.0,1,34,0.822606,0.8733,True,False,wall,10.0,6.0,-10.0
301,12317,33.0,3,107,0.821574,1.0365,True,False,body,30.0,13.0,-10.0
302,12346,-2.0,0,29,0.821294,1.1374,True,False,wall,0.0,8.0,-10.0
303,12376,1.0,0,30,0.821005,1.3025,True,False,wall,0.0,11.0,-10.0
304,12398,8.0,1,22,0.820793,1.4161,True,False,wall,10.0,8.0,-10.0
305,12492,34.0,3,94,0.819888,1.3686,True,False,wall,30.0,14.0,-10.0
306,12512,-3.0,0,20,0.819695,1.8586,True,False,wall,0.0,7.0,-10.0
307,12560,-3.0,0,48,0.819234,1.7253,True,False,wall,0.0,7.0,-10.0
308,12587,-4.0,0,27,0.818974,1.94,True,False,wall,0.0,6.0,-10.0
309,12615,1.0,0,28,0.818705,1.6317,True,False,wall,0.0,11.0,-10.0
310,12707,-21.0,0,92,0.817821,1.5395,True,False,wall,0.0,-11.0,-10.0
311,12800,9.0,1,93,0.816929,1.6012,True,False,wall,10.0,9.0,-10.0
312,12838,-3.0,0,38,0.816565,1.1059,True,False,wall,0.0,7.0,-10.0
313,12854,-5.0,0,16,0.816412,1.4199,True,False,wall,0.0,5.0,-10.0
314,12909,-8.0,0,55,0.815885,1.1393,True,False,wall,0.0,2.0,-10.0
315,12946,-8.0,0,37,0.815531,1.6934,True,False,wall,0.0,2.0,-10.0
316,12978,-7.0,0,32,0.815225,1.8857,True,False,wall,0.0,3.0,-10.0
317,13025,11.0,1,47,0.814775,1.6119,True,False,wall,10.0,11.0,-10.0
318,13076,3.0,1,51,0.814288,1.541,True,False,wall,10.0,3.0,-10.0
319,13100,-17.0,0,24,0.814059,1.4235,True,False,wall,0.0,-7.0,-10.0
320,13125,2.0,0,25,0.81382,1.3845,True,False,wall,0.0,12.0,-10.0
321,13144,13.0,1,19,0.813639,1.7975,True,False,wall,10.0,13.0,-10.0
322,13225,9.0,1,81,0.812866,1.2697,True,False,wall,10.0,9.0,-10.0
323,13255,-3.0,0,30,0.81258,1.6543,True,False,wall,0.0,7.0,-10.0
324,13350,11.0,1,95,0.811675,1.1833,True,False,wall,10.0,11.0,-10.0
325,13378,-11.0,0,28,0.811408,1.3064,True,False,wall,0.0,-1.0,-10.0
326,13426,8.0,1,48,0.810952,1.2155,True,False,wall,10.0,8.0,-10.0
327,13478,8.0,1,52,0.810457,1.2484,True,False,wall,10.0,8.0,-10.0
328,13706,34.0,3,228,0.808293,1.5336,True,False,wall,30.0,14.0,-10.0
329,13836,12.0,1,130,0.807062,1.5457,True,False,wall,10.0,12.0,-10.0
330,13896,18.0,1,60,0.806494,1.3417,True,False,wall,10.0,18.0,-10.0
331,13961,13.0,1,65,0.80588,1.103,True,False,wall,10.0,13.0,-10.0
332,14042,-12.0,0,81,0.805115,1.092,True,False,wall,0.0,-2.0,-10.0
333,14067,-14.0,0,25,0.804879,1.0976,True,False,wall,0.0,-4.0,-10.0
334,14235,-17.0,0,168,0.803295,1.1719,True,False,wall,0.0,-7.0,-10.0
335,14253,-5.0,0,18,0.803126,1.0774,True,False,wall,0.0,5.0,-10.0
336,14287,8.0,1,34,0.802806,1.3663,True,False,wall,10.0,8.0,-10.0
337,14325,8.0,1,38,0.802448,1.2755,True,False,wall,10.0,8.0,-10.0
338,14347,1.0,0,22,0.802241,0.9141,True,False,wall,0.0,11.0,-10.0
339,14383,-1.0,0,36,0.801903,1.3024,True,False,wall,0.0,9.0,-10.0
340,14454,-12.0,0,71,0.801236,1.2892,True,False,wall,0.0,-2.0,-10.0
341,14585,20.0,2,131,0.800007,1.0455,True,False,wall,20.0,10.0,-10.0
342,14610,-8.0,0,25,0.799772,1.0051,True,False,wall,0.0,2.0,-10.0
343,14636,-7.0,0,26,0.799529,1.1093,True,False,wall,0.0,3.0,-10.0
344,14661,-8.0,0,25,0.799295,0.9442,True,False,wall,0.0,2.0,-10.0
345,14679,-17.0,0,18,0.799126,1.1179,True,False,wall,0.0,-7.0,-10.0
346,14720,0.0,0,41,0.798742,1.0322,True,False,wall,0.0,10.0,-10.0
347,14821,11.0,1,101,0.797798,0.9814,True,False,wall,10.0,11.0,-10.0
348,14848,-2.0,0,27,0.797545,1.1798,True,False,wall,0.0,8.0,-10.0
349,14857,-10.0,0,9,0.797461,1.5918,True,False,wall,0.0,0.0,-10.0
350,14874,-4.0,0,17,0.797302,1.1367,True,False,wall,0.0,6.0,-10.0
351,14913,-2.0,0,39,0.796938,1.1364,True,False,wall,0.0,8.0,-10.0
352,15035,4.0,1,122,0.7958,1.1107,True,False,wall,10.0,4.0,-10.0
353,15061,-2.0,1,26,0.795558,0.8505,True,False,wall,10.0,-2.0,-10.0
354,15108,-12.0,0,47,0.79512,0.8152,True,False,wall,0.0,-2.0,-10.0
355,15165,-18.0,0,57,0.794589,0.8459,True,False,wall,0.0,-8.0,-10.0
356,15232,11.0,1,67,0.793966,1.1722,True,False,wall,10.0,11.0,-10.0
357,15276,-1.0,0,44,0.793557,1.4642,True,False,wall,0.0,9.0,-10.0
358,15302,6.0,1,26,0.793315,1.0903,True,False,wall,10.0,6.0,-10.0
359,15317,0.0,0,15,0.793176,1.5323,True,False,wall,0.0,10.0,-10.0
360,15348,29.0,3,31,0.792888,1.333,True,False,wall,30.0,9.0,-10.0
361,15363,-6.0,0,15,0.792748,0.9001,True,False,wall,0.0,4.0,-10.0
362,15425,-13.0,0,62,0.792173,1.3196,True,False,wall,0.0,-3.0,-10.0
363,15490,11.0,1,65,0.79157,1.1848,True,False,wall,10.0,11.0,-10.0
364,15628,34.0,3,138,0.790292,1.3178,True,False,wall,30.0,14.0,-10.0
365,15672,23.0,2,44,0.789885,0.9055,True,False,wall,20.0,13.0,-10.0
366,15701,-2.0,0,29,0.789617,0.8929,True,False,wall,0.0,8.0,-10.0
367,15715,-11.0,0,14,0.789487,0.7135,True,False,wall,0.0,-1.0,-10.0
368,15755,32.0,3,40,0.789118,1.0603,True,False,wall,30.0,12.0,-10.0
369,15814,9.0,1,59,0.788573,1.1064,True,False,wall,10.0,9.0,-10.0
370,15847,5.0,1,33,0.788268,0.9194,True,False,wall,10.0,5.0,-10.0
371,15910,-10.0,0,63,0.787687,1.2263,True,False,wall,0.0,0.0,-10.0
372,15976,-9.0,0,66,0.787079,1.3965,True,False,wall,0.0,1.0,-10.0
373,16020,14.0,1,44,0.786673,1.2337,True,False,wall,10.0,14.0,-10.0
374,16039,-2.0,0,19,0.786499,1.5508,True,False,wall,0.0,8.0,-10.0
375,16068,3.0,1,29,0.786232,1.5397,True,False,wall,10.0,3.0,-10.0
376,16112,4.0,1,44,0.785827,1.2624,True,False,wall,10.0,4.0,-10.0
377,16123,-2.0,0,11,0.785726,1.3613,True,False,wall,0.0,8.0,-10.0
378,16158,-16.0,0,35,0.785404,1.3993,True,False,wall,0.0,-6.0,-10.0
379,16235,16.0,2,77,0.784696,1.2664,True,False,wall,20.0,6.0,-10.0
380,16279,14.0,1,44,0.784292,0.9562,True,False,wall,10.0,14.0,-10.0
381,16303,-13.0,0,24,0.784072,1.3991,True,False,wall,0.0,-3.0,-10.0
382,16315,-19.0,0,12,0.783962,1.4762,True,False,wall,0.0,-9.0,-10.0
383,16365,-5.0,0,50,0.783503,0.9805,True,False,wall,0.0,5.0,-10.0
384,16407,-3.0,0,42,0.783118,0.9561,True,False,wall,0.0,7.0,-10.0
385,16465,-11.0,0,58,0.782587,1.0552,True,False,wall,0.0,-1.0,-10.0
386,16482,-2.0,0,17,0.782431,1.2511,True,False,wall,0.0,8.0,-10.0
387,16551,20.0,2,69,0.7818,1.2971,True,False,wall,20.0,10.0,-10.0
388,16576,-2.0,0,25,0.781571,1.5971,True,False,wall,0.0,8.0,-10.0
389,16639,24.0,2,63,0.780995,1.3195,True,False,wall,20.0,14.0,-10.0
390,16714,20.0,2,75,0.78031,1.1834,True,False,wall,20.0,10.0,-10.0
391,16776,-3.0,0,62,0.779745,1.0337,True,False,wall,0.0,7.0,-10.0
392,16793,-6.0,0,17,0.77959,1.2499,True,False,wall,0.0,4.0,-10.0
393,16927,26.0,3,134,0.778369,1.1002,True,False,body,30.0,6.0,-10.0
394,17005,-7.0,0,78,0.777659,1.256,True,False,wall,0.0,3.0,-10.0
395,17055,-3.0,0,50,0.777204,1.0853,True,False,wall,0.0,7.0,-10.0
396,17091,1.0,0,36,0.776877,1.2561,True,False,wall,0.0,11.0,-10.0
397,17153,29.0,2,62,0.776314,1.0863,True,False,wall,20.0,19.0,-10.0
398,17166,2.0,0,13,0.776196,1.2276,True,False,wall,0.0,12.0,-10.0
399,17224,8.0,1,58,0.77567,1.4105,True,False,wall,10.0,8.0,-10.0
400,17274,-19.0,0,50,0.775216,1.1866,True,False,wall,0.0,-9.0,-10.0
401,17321,45.0,3,47,0.77479,1.0843,True,False,wall,30.0,25.0,-10.0
402,17353,-5.0,0,32,0.7745,1.1868,True,False,wall,0.0,5.0,-10.0
403,17383,-7.0,0,30,0.774229,0.9392,True,False,wall,0.0,3.0,-10.0
404,17466,11.0,1,83,0.773478,1.4625,True,False,wall,10.0,11.0,-10.0
405,17613,45.0,3,147,0.77215,0.9745,True,False,wall,30.0,25.0,-10.0
406,17637,-17.0,0,24,0.771933,0.7833,True,False,wall,0.0,-7.0,-10.0
407,17656,0.0,0,19,0.771762,0.959,True,False,wall,0.0,10.0,-10.0
408,17714,12.0,1,58,0.771238,0.9921,True,False,wall,10.0,12.0,-10.0
409,17768,18.0,1,54,0.770752,1.0664,True,False,wall,10.0,18.0,-10.0
410,17814,10.0,1,46,0.770337,1.1841,True,False,wall,10.0,10.0,-10.0
411,17833,-16.0,0,19,0.770166,1.0221,True,False,wall,0.0,-6.0,-10.0
412,17853,-5.0,0,20,0.769986,1.2328,True,False,wall,0.0,5.0,-10.0
413,17898,-10.0,0,45,0.769581,1.4792,True,False,wall,0.0,0.0,-10.0
414,17932,17.0,2,34,0.769276,1.4294,True,False,wall,20.0,7.0,-10.0
415,17942,-3.0,0,10,0.769186,2.1271,True,False,wall,0.0,7.0,-10.0
416,17990,0.0,1,48,0.768754,1.2702,True,False,wall,10.0,0.0,-10.0
417,18034,2.0,1,44,0.768359,1.03,True,False,wall,10.0,2.0,-10.0
418,18086,-5.0,0,52,0.767892,1.2161,True,False,wall,0.0,5.0,-10.0
419,18210,23.0,2,124,0.766781,0.994,True,False,wall,20.0,13.0,-10.0
420,18354,68.0,5,144,0.765492,1.2246,True,False,body,50.0,28.0,-10.0
421,18386,6.0,1,32,0.765205,0.9597,True,False,wall,10.0,6.0,-10.0
422,18437,1.0,1,51,0.76475,1.3158,True,False,wall,10.0,1.0,-10.0
423,18479,1.0,0,42,0.764374,0.979,True,False,wall,0.0,11.0,-10.0
424,18500,-6.0,0,21,0.764187,0.8393,True,False,wall,0.0,4.0,-10.0
425,18511,0.0,0,11,0.764089,1.2381,True,False,wall,0.0,10.0,-10.0
426,18537,12.0,1,26,0.763857,1.2087,True,False,wall,10.0,12.0,-10.0
427,18562,-4.0,0,25,0.763634,0.9859,True,False,wall,0.0,6.0,-10.0
428,18636,10.0,1,74,0.762974,1.3264,True,False,wall,10.0,10.0,-10.0
429,18698,-9.0,0,62,0.762422,1.0805,True,False,wall,0.0,1.0,-10.0
430,18849,43.0,3,151,0.761078,1.0791,True,False,body,30.0,23.0,-10.0
431,18948,27.0,3,99,0.760199,1.0294,True,False,wall,30.0,7.0,-10.0
432,18989,-2.0,0,41,0.759835,0.9911,True,False,wall,0.0,8.0,-10.0
433,19008,-2.0,0,19,0.759666,1.1213,True,False,wall,0.0,8.0,-10.0
434,19037,7.0,1,29,0.759409,1.2655,True,False,wall,10.0,7.0,-10.0
435,19061,-11.0,0,24,0.759196,0.8824,True,False,wall,0.0,-1.0,-10.0
436,19185,17.0,2,124,0.758098,1.4253,True,False,wall,20.0,7.0,-10.0
437,19214,-20.0,0,29,0.757841,1.3279,True,False,wall,0.0,-10.0,-10.0
438,19257,33.0,3,43,0.757461,0.9051,True,False,body,30.0,13.0,-10.0
439,19317,17.0,2,60,0.75693,1.1738,True,False,wall,20.0,7.0,-10.0
440,19360,-18.0,0,43,0.756551,0.92,True,False,wall,0.0,-8.0,-10.0
441,19463,28.0,2,103,0.755641,1.1015,True,False,wall,20.0,18.0,-10.0
442,19506,-2.0,0,43,0.755262,1.4477,True,False,wall,0.0,8.0,-10.0
443,19521,-6.0,0,15,0.75513,1.2549,True,False,wall,0.0,4.0,-10.0
444,19648,37.0,3,127,0.754012,1.21,True,False,body,30.0,17.0,-10.0
445,19669,-16.0,0,21,0.753827,1.2044,True,False,wall,0.0,-6.0,-10.0
446,19682,-2.0,0,13,0.753712,1.415,True,False,wall,0.0,8.0,-10.0
447,19734,32.0,3,52,0.753255,1.2499,True,False,body,30.0,12.0,-10.0
448,19961,14.0,2,227,0.751262,1.1719,True,False,wall,20.0,4.0,-10.0
449,19981,6.0,1,20,0.751087,1.2844,True,False,wall,10.0,6.0,-10.0
450,20040,-6.0,0,59,0.75057,1.1366,True,False,wall,0.0,4.0,-10.0
451,20053,-12.0,0,13,0.750456,1.2199,True,False,wall,0.0,-2.0,-10.0
452,20078,-2.0,0,25,0.750238,1.365,True,False,wall,0.0,8.0,-10.0
453,20131,11.0,1,53,0.749774,1.196,True,False,wall,10.0,11.0,-10.0
454,20155,6.0,1,24,0.749564,0.9883,True,False,wall,10.0,6.0,-10.0
455,20186,-8.0,0,31,0.749293,0.8879,True,False,wall,0.0,2.0,-10.0
456,20283,33.0,3,97,0.748446,1.1115,True,False,wall,30.0,13.0,-10.0
457,20298,-20.0,0,15,0.748315,1.2823,True,False,wall,0.0,-10.0,-10.0
458,20322,-15.0,0,24,0.748105,1.1674,True,False,wall,0.0,-5.0,-10.0
459,20405,-5.0,1,83,0.747381,1.366,True,False,wall,10.0,-5.0,-10.0
460,20483,10.0,1,78,0.746702,1.0668,True,False,wall,10.0,10.0,-10.0
461,20511,-7.0,0,28,0.746458,1.0611,True,False,wall,0.0,3.0,-10.0
462,20584,25.0,1,73,0.745823,1.2616,True,False,wall,10.0,25.0,-10.0
463,20609,11.0,1,25,0.745605,1.2063,True,False,wall,10.0,11.0,-10.0
464,20629,-5.0,0,20,0.745431,1.006,True,False,wall,0.0,5.0,-10.0
465,20653,-5.0,0,24,0.745223,1.1229,True,False,wall,0.0,5.0,-10.0
466,20695,14.0,1,42,0.744858,1.0631,True,False,wall,10.0,14.0,-10.0
467,20720,0.0,0,25,0.744641,1.169,True,False,wall,0.0,10.0,-10.0
468,20889,30.0,2,169,0.743175,1.5711,True,False,wall,20.0,20.0,-10.0
469,20901,-3.0,0,12,0.743071,1.051,True,False,wall,0.0,7.0,-10.0
470,20940,11.0,1,39,0.742733,1.1722,True,False,wall,10.0,11.0,-10.0
471,20954,-7.0,0,14,0.742612,0.9507,True,False,wall,0.0,3.0,-10.0
472,21019,39.0,3,65,0.742049,0.7725,True,False,wall,30.0,19.0,-10.0
473,21166,59.0,3,147,0.740779,0.8184,True,False,wall,30.0,39.0,-10.0
474,21251,31.0,3,85,0.740045,0.9477,True,False,wall,30.0,11.0,-10.0
475,21289,12.0,1,38,0.739718,1.0547,True,False,wall,10.0,12.0,-10.0
476,21358,-4.0,0,69,0.739123,1.483,True,False,wall,0.0,6.0,-10.0
477,21386,4.0,1,28,0.738882,0.9893,True,False,wall,10.0,4.0,-10.0
478,21404,21.0,2,18,0.738727,1.3401,True,False,wall,20.0,11.0,-10.0
479,21504,44.0,3,100,0.737866,1.2602,True,False,body,30.0,24.0,-10.0
480,21548,10.0,1,44,0.737488,1.5543,True,False,wall,10.0,10.0,-10.0
481,21651,48.0,4,103,0.736604,0.9815,True,False,body,40.0,18.0,-10.0
482,21666,0.0,0,15,0.736475,0.9568,True,False,wall,0.0,10.0,-10.0
483,21710,21.0,2,44,0.736098,1.0047,True,False,wall,20.0,11.0,-10.0
484,21831,41.0,3,121,0.735061,1.2961,True,False,body,30.0,21.0,-10.0
485,21856,-4.0,0,25,0.734847,1.4177,True,False,wall,0.0,6.0,-10.0
486,21939,53.0,3,83,0.734136,1.8633,True,False,wall,30.0,33.0,-10.0
487,21951,-5.0,0,12,0.734034,0.7412,True,False,wall,0.0,5.0,-10.0
488,22076,55.0,3,125,0.732966,1.0591,True,False,body,30.0,35.0,-10.0
489,22109,-10.0,0,33,0.732684,1.2109,True,False,wall,0.0,0.0,-10.0
490,22131,10.0,1,22,0.732496,0.764,True,False,wall,10.0,10.0,-10.0
491,22168,11.0,1,37,0.732181,0.8622,True,False,wall,10.0,11.0,-10.0
492,22209,11.0,1,41,0.731831,1.0972,True,False,wall,10.0,11.0,-10.0
493,22250,-6.0,0,41,0.731482,1.2892,True,False,wall,0.0,4.0,-10.0
494,22355,15.0,1,105,0.730588,1.1204,True,False,wall,10.0,15.0,-10.0
495,22458,36.0,2,103,0.729712,0.8415,True,False,wall,20.0,26.0,-10.0
496,22513,15.0,1,55,0.729245,1.0921,True,False,wall,10.0,15.0,-10.0
497,22588,36.0,2,75,0.728609,1.0174,True,False,wall,20.0,26.0,-10.0
498,22626,16.0,1,38,0.728286,1.4018,True,False,wall,10.0,16.0,-10.0
499,22657,-8.0,0,31,0.728024,1.5415,True,False,wall,0.0,2.0,-10.0
500,22682,13.0,1,25,0.727812,0.9699,True,False,wall,10.0,13.0,-10.0
501,22708,3.0,0,26,0.727592,0.9693,True,False,wall,0.0,13.0,-10.0
502,22721,-8.0,0,13,0.727482,0.9347,True,False,wall,0.0,2.0,-10.0
503,22790,18.0,2,69,0.726897,0.8188,True,False,wall,20.0,8.0,-10.0
504,22807,11.0,1,17,0.726754,1.2572,True,False,wall,10.0,11.0,-10.0
505,22897,25.0,2,90,0.725993,1.0843,True,False,wall,20.0,15.0,-10.0
506,22985,12.0,1,88,0.72525,0.9701,True,False,wall,10.0,12.0,-10.0
507,23004,3.0,1,19,0.725089,1.3585,True,False,wall,10.0,3.0,-10.0
508,23066,27.0,2,62,0.724566,1.0611,True,False,wall,20.0,17.0,-10.0
509,23096,8.0,1,30,0.724313,0.872,True,False,wall,10.0,8.0,-10.0
510,23136,-2.0,1,40,0.723976,0.7402,True,False,wall,10.0,-2.0,-10.0
511,23148,-1.0,0,12,0.723875,0.7545,True,False,wall,0.0,9.0,-10.0
512,23211,34.0,2,63,0.723345,1.2538,True,False,wall,20.0,24.0,-10.0
513,23254,9.0,1,43,0.722983,1.008,True,False,wall,10.0,9.0,-10.0
514,23312,-5.0,0,58,0.722495,0.8364,True,False,wall,0.0,5.0,-10.0
515,23329,-10.0,0,17,0.722352,0.8611,True,False,wall,0.0,0.0,-10.0
516,23475,39.0,2,146,0.721126,1.3127,True,False,wall,20.0,29.0,-10.0
517,23522,16.0,2,47,0.720732,0.7446,True,False,wall,20.0,6.0,-10.0
518,23640,27.0,2,118,0.719743,1.0483,True,False,wall,20.0,17.0,-10.0
519,23664,-7.0,0,24,0.719543,1.1713,True,False,wall,0.0,3.0,-10.0
520,23689,29.0,3,25,0.719333,0.8837,True,False,wall,30.0,9.0,-10.0
521,23737,44.0,3,48,0.718932,1.2424,True,False,wall,30.0,24.0,-10.0
522,23765,10.0,1,28,0.718698,1.9507,True,False,wall,10.0,10.0,-10.0
523,23827,4.0,1,62,0.71818,1.2036,True,False,wall,10.0,4.0,-10.0
524,23884,1.0,1,57,0.717704,0.9616,True,False,wall,10.0,1.0,-10.0
525,23951,11.0,1,67,0.717145,0.7698,True,False,wall,10.0,11.0,-10.0
526,23963,6.0,1,12,0.717045,0.8586,True,False,wall,10.0,6.0,-10.0
527,23996,-4.0,0,33,0.71677,0.765,True,False,wall,0.0,6.0,-10.0
528,24030,-17.0,0,34,0.716486,1.0047,True,False,wall,0.0,-7.0,-10.0
529,24071,9.0,1,41,0.716145,1.1015,True,False,wall,10.0,9.0,-10.0
530,24149,50.0,3,78,0.715496,0.803,True,False,wall,30.0,30.0,-10.0
531,24234,19.0,1,85,0.714789,1.2086,True,False,wall,10.0,19.0,-10.0
532,24255,13.0,1,21,0.714615,1.8693,True,False,wall,10.0,13.0,-10.0
533,24287,-5.0,0,32,0.714349,1.2361,True,False,wall,0.0,5.0,-10.0
534,24376,30.0,2,89,0.71361,1.005,True,False,wall,20.0,20.0,-10.0
535,24440,38.0,3,64,0.713079,1.1514,True,False,body,30.0,18.0,-10.0
536,24511,-2.0,0,71,0.712491,1.5084,True,False,wall,0.0,8.0,-10.0
537,24593,20.0,1,82,0.711812,0.6566,True,False,wall,10.0,20.0,-10.0
538,24617,-5.0,0,24,0.711614,0.6261,True,False,wall,0.0,5.0,-10.0
539,24645,-15.0,0,28,0.711382,0.8431,True,False,wall,0.0,-5.0,-10.0
540,24698,36.0,2,53,0.710944,0.994,True,False,wall,20.0,26.0,-10.0
541,24760,-1.0,0,62,0.710432,0.943,True,False,wall,0.0,9.0,-10.0
542,24806,34.0,3,46,0.710053,1.0901,True,False,body,30.0,14.0,-10.0
543,24836,17.0,2,30,0.709805,1.5438,True,False,wall,20.0,7.0,-10.0
544,24876,17.0,2,40,0.709475,1.2775,True,False,wall,20.0,7.0,-10.0
545,24888,-7.0,0,12,0.709377,0.9461,True,False,wall,0.0,3.0,-10.0
546,24900,1.0,0,12,0.709278,0.829,True,False,wall,0.0,11.0,-10.0
547,24922,-7.0,0,22,0.709096,1.0147,True,False,wall,0.0,3.0,-10.0
548,24942,-5.0,0,20,0.708932,0.9067,True,False,wall,0.0,5.0,-10.0
549,24983,26.0,2,41,0.708594,0.9615,True,False,wall,20.0,16.0,-10.0
550,25131,67.0,4,148,0.707377,1.1203,True,False,wall,40.0,37.0,-10.0
551,25152,7.0,1,21,0.707204,0.6866,True,False,wall,10.0,7.0,-10.0
552,25169,1.0,1,17,0.707065,0.7072,True,False,wall,10.0,1.0,-10.0
553,25296,13.0,1,127,0.706022,0.9288,True,False,wall,10.0,13.0,-10.0
554,25351,13.0,1,55,0.705571,0.9725,True,False,wall,10.0,13.0,-10.0
555,25370,-16.0,0,19,0.705416,0.7618,True,False,wall,0.0,-6.0,-10.0
556,25482,52.0,3,112,0.704499,1.4444,True,False,wall,30.0,32.0,-10.0
557,25595,43.0,3,113,0.703575,1.049,True,False,body,30.0,23.0,-10.0
558,25626,7.0,1,31,0.703322,1.5456,True,False,wall,10.0,7.0,-10.0
559,25692,23.0,2,66,0.702783,1.0061,True,False,wall,20.0,13.0,-10.0
560,25713,-12.0,0,21,0.702612,0.736,True,False,wall,0.0,-2.0,-10.0
561,25784,46.0,4,71,0.702033,0.7446,True,False,wall,40.0,16.0,-10.0
562,25797,7.0,1,13,0.701927,1.0783,True,False,wall,10.0,7.0,-10.0
563,25824,-6.0,0,27,0.701707,1.2247,True,False,wall,0.0,4.0,-10.0
564,25845,7.0,1,21,0.701536,1.0727,True,False,wall,10.0,7.0,-10.0
565,25877,12.0,1,32,0.701275,1.4177,True,False,wall,10.0,12.0,-10.0
566,25925,8.0,1,48,0.700885,1.4128,True,False,wall,10.0,8.0,-10.0
567,25945,-1.0,0,20,0.700722,1.3198,True,False,wall,0.0,9.0,-10.0
568,25998,37.0,3,53,0.700291,1.321,True,False,body,30.0,17.0,-10.0
569,26051,13.0,1,53,0.69986,1.2143,True,False,wall,10.0,13.0,-10.0
570,26082,1.0,1,31,0.699608,1.6212,True,False,wall,10.0,1.0,-10.0
571,26111,16.0,2,29,0.699373,1.0822,True,False,wall,20.0,6.0,-10.0
572,26171,32.0,1,60,0.698886,1.0751,True,False,wall,10.0,32.0,-10.0
573,26208,7.0,1,37,0.698586,0.9602,True,False,wall,10.0,7.0,-10.0
574,26232,-7.0,0,24,0.698392,1.1552,True,False,wall,0.0,3.0,-10.0
575,26347,51.0,3,115,0.69746,0.9732,True,False,wall,30.0,31.0,-10.0
576,26404,39.0,3,57,0.696999,0.852,True,False,body,30.0,19.0,-10.0
577,26490,37.0,2,86,0.696304,1.5396,True,False,wall,20.0,27.0,-10.0
578,26545,18.0,2,55,0.69586,1.0031,True,False,wall,20.0,8.0,-10.0
579,26639,34.0,3,94,0.695101,0.92,True,False,body,30.0,14.0,-10.0
580,26662,9.0,1,23,0.694916,1.0263,True,False,wall,10.0,9.0,-10.0
581,26800,61.0,4,138,0.693804,0.8314,True,False,body,40.0,31.0,-10.0
582,26815,-18.0,0,15,0.693684,1.226,True,False,wall,0.0,-8.0,-10.0
583,26859,10.0,1,44,0.69333,1.0223,True,False,wall,10.0,10.0,-10.0
584,26896,-2.0,0,37,0.693032,0.9464,True,False,wall,0.0,8.0,-10.0
585,26927,3.0,1,31,0.692783,1.7134,True,False,wall,10.0,3.0,-10.0
586,26974,27.0,3,47,0.692406,1.2365,True,False,wall,30.0,7.0,-10.0
587,27059,-4.0,0,85,0.691723,0.8975,True,False,wall,0.0,6.0,-10.0
588,27111,12.0,1,52,0.691306,1.0831,True,False,wall,10.0,12.0,-10.0
589,27135,8.0,1,24,0.691114,1.3415,True,False,wall,10.0,8.0,-10.0
590,27205,31.0,2,70,0.690553,0.7692,True,False,wall,20.0,21.0,-10.0
591,27270,37.0,3,65,0.690033,0.7551,True,False,body,30.0,17.0,-10.0
592,27366,20.0,1,96,0.689265,1.0832,True,False,wall,10.0,20.0,-10.0
593,27541,34.0,2,175,0.687869,1.3702,True,False,wall,20.0,24.0,-10.0
594,27555,6.0,1,14,0.687757,0.8692,True,False,wall,10.0,6.0,-10.0
595,27627,19.0,2,72,0.687183,1.0273,True,False,wall,20.0,9.0,-10.0
596,27738,34.0,2,111,0.6863,1.0832,True,False,wall,20.0,24.0,-10.0
597,27810,16.0,1,72,0.685727,0.7719,True,False,wall,10.0,16.0,-10.0
598,27838,21.0,2,28,0.685505,0.768,True,False,wall,20.0,11.0,-10.0
599,27874,10.0,1,36,0.685219,0.5793,True,False,wall,10.0,10.0,-10.0
600,27928,4.0,1,54,0.68479,0.7451,True,False,wall,10.0,4.0,-10.0
601,27942,17.0,2,14,0.684679,0.6734,True,False,wall,20.0,7.0,-10.0
602,27972,10.0,1,30,0.684441,0.7779,True,False,wall,10.0,10.0,-10.0
603,28057,53.0,3,85,0.683768,0.9854,True,False,body,30.0,33.0,-10.0
604,28071,-13.0,0,14,0.683657,0.9901,True,False,wall,0.0,-3.0,-10.0
605,28096,3.0,1,25,0.683459,0.8956,True,False,wall,10.0,3.0,-10.0
606,28191,39.0,3,95,0.682707,0.9671,True,False,wall,30.0,19.0,-10.0
607,28201,2.0,1,10,0.682628,1.391,True,False,wall,10.0,2.0,-10.0
608,28402,80.0,4,201,0.68104,1.381,True,False,wall,40.0,50.0,-10.0
609,28493,35.0,3,91,0.680323,1.1222,True,False,body,30.0,15.0,-10.0
610,28585,14.0,1,92,0.679598,0.6758,True,False,wall,10.0,14.0,-10.0
611,28619,4.0,1,34,0.679331,0.6237,True,False,wall,10.0,4.0,-10.0
612,28676,62.0,4,57,0.678883,0.8172,True,False,body,40.0,32.0,-10.0
613,28690,-9.0,0,14,0.678773,1.048,True,False,wall,0.0,1.0,-10.0
614,28717,-8.0,0,27,0.67856,0.947,True,False,wall,0.0,2.0,-10.0
615,28754,7.0,1,37,0.67827,0.6485,True,False,wall,10.0,7.0,-10.0
616,28777,-8.0,0,23,0.678089,0.7742,True,False,wall,0.0,2.0,-10.0
617,28788,-4.0,0,11,0.678003,0.8611,True,False,wall,0.0,6.0,-10.0
618,28873,21.0,1,85,0.677336,0.7661,True,False,wall,10.0,21.0,-10.0
619,28914,-8.0,0,41,0.677015,0.7677,True,False,wall,0.0,2.0,-10.0
620,28980,29.0,2,66,0.676497,0.8235,True,False,wall,20.0,19.0,-10.0
621,29045,37.0,3,65,0.675989,0.9379,True,False,wall,30.0,17.0,-10.0
622,29059,-13.0,0,14,0.675879,1.1398,True,False,wall,0.0,-3.0,-10.0
623,29127,24.0,3,68,0.675347,1.0944,True,False,wall,30.0,4.0,-10.0
624,29163,6.0,1,36,0.675066,0.9457,True,False,wall,10.0,6.0,-10.0
625,29178,-2.0,0,15,0.674949,0.8505,True,False,wall,0.0,8.0,-10.0
626,29197,9.0,1,19,0.6748,0.7567,True,False,wall,10.0,9.0,-10.0
627,29290,39.0,3,93,0.674075,1.1495,True,False,body,30.0,19.0,-10.0
628,29404,30.0,3,114,0.673186,0.8135,True,False,body,30.0,10.0,-10.0
629,29450,8.0,1,46,0.672828,0.8627,True,False,wall,10.0,8.0,-10.0
630,29497,20.0,2,47,0.672462,0.6925,True,False,wall,20.0,10.0,-10.0
631,29526,5.0,1,29,0.672236,0.7573,True,False,wall,10.0,5.0,-10.0
632,29547,-4.0,0,21,0.672073,0.8331,True,False,wall,0.0,6.0,-10.0
633,29575,8.0,1,28,0.671855,0.6572,True,False,wall,10.0,8.0,-10.0
634,29604,9.0,1,29,0.67163,0.6744,True,False,wall,10.0,9.0,-10.0
635,29629,-14.0,0,25,0.671436,0.8645,True,False,wall,0.0,-4.0,-10.0
636,29720,15.0,1,91,0.670729,0.8834,True,False,wall,10.0,15.0,-10.0
637,29753,0.0,0,33,0.670473,1.271,True,False,wall,0.0,10.0,-10.0
638,29803,14.0,1,50,0.670085,1.5665,True,False,wall,10.0,14.0,-10.0
639,29819,4.0,1,16,0.669961,1.692,True,False,wall,10.0,4.0,-10.0
640,29892,41.0,3,73,0.669396,1.2722,True,False,body,30.0,21.0,-10.0
641,30011,49.0,3,119,0.668475,0.9931,True,False,body,30.0,29.0,-10.0
642,30045,1.0,0,34,0.668213,0.7352,True,False,wall,0.0,11.0,-10.0
643,30088,5.0,1,43,0.66788,0.754,True,False,wall,10.0,5.0,-10.0
644,30206,38.0,3,118,0.66697,0.8276,True,False,wall,30.0,18.0,-10.0
645,30355,39.0,3,149,0.665822,1.1418,True,False,body,30.0,19.0,-10.0
646,30404,28.0,2,49,0.665444,1.1125,True,False,wall,20.0,18.0,-10.0
647,30426,-1.0,0,22,0.665275,0.9178,True,False,wall,0.0,9.0,-10.0
648,30476,0.0,1,50,0.664891,1.1145,True,False,wall,10.0,0.0,-10.0
649,30518,4.0,1,42,0.664568,0.944,True,False,wall,10.0,4.0,-10.0
650,30581,-14.0,0,63,0.664084,1.1679,True,False,wall,0.0,-4.0,-10.0
651,30598,11.0,1,17,0.663954,1.2122,True,False,wall,10.0,11.0,-10.0
652,30662,35.0,2,64,0.663463,1.123,True,False,wall,20.0,25.0,-10.0
653,30688,-7.0,0,26,0.663264,1.4173,True,False,wall,0.0,3.0,-10.0
654,30715,-14.0,0,27,0.663057,0.9348,True,False,wall,0.0,-4.0,-10.0
655,30772,-8.0,0,57,0.66262,1.2039,True,False,wall,0.0,2.0,-10.0
656,30845,49.0,3,73,0.662061,1.0674,True,False,body,30.0,29.0,-10.0
657,30956,49.0,3,111,0.661213,1.5335,True,False,wall,30.0,29.0,-10.0
658,31006,2.0,1,50,0.660831,0.6532,True,False,wall,10.0,2.0,-10.0
659,31088,52.0,3,82,0.660205,0.5772,True,False,body,30.0,32.0,-10.0
660,31176,46.0,3,88,0.659534,0.7044,True,False,wall,30.0,26.0,-10.0
661,31191,11.0,1,15,0.65942,0.6053,True,False,wall,10.0,11.0,-10.0
662,31234,-4.0,0,43,0.659092,0.648,True,False,wall,0.0,6.0,-10.0
663,31323,35.0,3,89,0.658415,0.4936,True,False,wall,30.0,15.0,-10.0
664,31402,62.0,4,79,0.657815,0.5727,True,False,wall,40.0,32.0,-10.0
665,31531,90.0,4,129,0.656835,0.9346,True,False,body,40.0,60.0,-10.0
666,31574,26.0,2,43,0.656509,1.3668,True,False,wall,20.0,16.0,-10.0
667,31650,19.0,2,76,0.655933,1.2375,True,False,wall,20.0,9.0,-10.0
668,31699,28.0,2,49,0.655562,1.0713,True,False,wall,20.0,18.0,-10.0
669,31710,-4.0,0,11,0.655479,0.8761,True,False,wall,0.0,6.0,-10.0
670,31786,29.0,2,76,0.654904,1.6214,True,False,wall,20.0,19.0,-10.0
671,31816,1.0,0,30,0.654677,1.0725,True,False,wall,0.0,11.0,-10.0
672,31885,9.0,1,69,0.654156,1.2922,True,False,wall,10.0,9.0,-10.0
673,31902,5.0,1,17,0.654028,0.8341,True,False,wall,10.0,5.0,-10.0
674,31955,36.0,2,53,0.653627,1.0529,True,False,wall,20.0,26.0,-10.0
675,32031,18.0,1,76,0.653054,1.0651,True,False,wall,10.0,18.0,-10.0
676,32149,78.0,3,118,0.652165,0.963,True,False,wall,30.0,58.0,-10.0
677,32240,47.0,3,91,0.651481,0.9339,True,False,body,30.0,27.0,-10.0
678,32286,29.0,2,46,0.651135,1.1159,True,False,wall,20.0,19.0,-10.0
679,32351,23.0,1,65,0.650647,1.0848,True,False,wall,10.0,23.0,-10.0
680,32384,7.0,1,33,0.650399,1.4153,True,False,wall,10.0,7.0,-10.0
681,32445,-2.0,0,61,0.649942,1.0679,True,False,wall,0.0,8.0,-10.0
682,32499,14.0,1,54,0.649537,1.0326,True,False,wall,10.0,14.0,-10.0
683,32517,8.0,1,18,0.649402,0.9658,True,False,wall,10.0,8.0,-10.0
684,32536,11.0,1,19,0.64926,0.7943,True,False,wall,10.0,11.0,-10.0
685,32573,15.0,1,37,0.648982,0.7716,True,False,wall,10.0,15.0,-10.0
686,32631,40.0,3,58,0.648548,1.1315,True,False,wall,30.0,20.0,-10.0
687,32696,29.0,3,65,0.648062,0.7825,True,False,wall,30.0,9.0,-10.0
688,32779,12.0,2,83,0.647442,0.731,True,False,wall,20.0,2.0,-10.0
689,32794,3.0,1,15,0.64733,0.8596,True,False,wall,10.0,3.0,-10.0
690,32887,55.0,3,93,0.646636,0.8417,True,False,body,30.0,35.0,-10.0
691,33095,78.0,5,208,0.645087,1.1919,True,False,body,50.0,38.0,-10.0
692,33155,44.0,3,60,0.644641,1.3379,True,False,body,30.0,24.0,-10.0
693,33198,29.0,3,43,0.644321,0.6923,True,False,body,30.0,9.0,-10.0
694,33353,85.0,5,155,0.643171,0.7414,True,False,wall,50.0,45.0,-10.0
695,33416,-4.0,0,63,0.642704,0.6098,True,False,wall,0.0,6.0,-10.0
696,33474,44.0,3,58,0.642274,0.6054,True,False,body,30.0,24.0,-10.0
697,33525,-6.0,0,51,0.641897,0.6575,True,False,wall,0.0,4.0,-10.0
698,33543,3.0,0,18,0.641764,0.8012,True,False,wall,0.0,13.0,-10.0
699,33716,71.0,3,173,0.640485,0.8851,True,False,wall,30.0,51.0,-10.0
700,33751,9.0,1,35,0.640227,1.0129,True,False,wall,10.0,9.0,-10.0
701,33800,11.0,1,49,0.639866,0.8309,True,False,wall,10.0,11.0,-10.0
702,33898,33.0,2,98,0.639143,0.9161,True,False,wall,20.0,23.0,-10.0
703,33919,3.0,1,21,0.638989,0.9815,True,False,wall,10.0,3.0,-10.0
704,33943,-5.0,0,24,0.638812,0.9825,True,False,wall,0.0,5.0,-10.0
705,33957,8.0,1,14,0.638709,0.8359,True,False,wall,10.0,8.0,-10.0
706,34087,54.0,3,130,0.637753,1.1014,True,False,body,30.0,34.0,-10.0
707,34103,6.0,1,16,0.637636,0.9546,True,False,wall,10.0,6.0,-10.0
708,34143,14.0,1,40,0.637342,1.2993,True,False,wall,10.0,14.0,-10.0
709,34172,7.0,1,29,0.637129,1.3075,True,False,wall,10.0,7.0,-10.0
710,34253,41.0,3,81,0.636535,0.992,True,False,body,30.0,21.0,-10.0
711,34279,-1.0,0,26,0.636344,0.9081,True,False,wall,0.0,9.0,-10.0
712,34306,-8.0,0,27,0.636147,0.6369,True,False,wall,0.0,2.0,-10.0
713,34409,37.0,3,103,0.635392,0.6748,True,False,body,30.0,17.0,-10.0
714,34439,6.0,1,30,0.635173,0.9013,True,False,wall,10.0,6.0,-10.0
715,34464,29.0,3,25,0.63499,1.3029,True,False,wall,30.0,9.0,-10.0
716,34563,32.0,2,99,0.634267,1.1073,True,False,wall,20.0,22.0,-10.0
717,34587,10.0,1,24,0.634091,1.5903,True,False,wall,10.0,10.0,-10.0
718,34606,-2.0,0,19,0.633953,1.1428,True,False,wall,0.0,8.0,-10.0
719,34665,24.0,2,59,0.633522,1.0622,True,False,wall,20.0,14.0,-10.0
720,34735,36.0,3,70,0.633012,1.0114,True,False,wall,30.0,16.0,-10.0
721,34751,-13.0,0,16,0.632895,1.0746,True,False,wall,0.0,-3.0,-10.0
722,34818,49.0,3,67,0.632407,1.266,True,False,wall,30.0,29.0,-10.0
723,34880,4.0,1,62,0.631956,1.1436,True,False,wall,10.0,4.0,-10.0
724,35008,77.0,4,128,0.631026,1.4968,True,False,wall,40.0,47.0,-10.0
725,35050,36.0,3,42,0.630721,0.9115,True,False,body,30.0,16.0,-10.0
726,35158,27.0,2,108,0.629937,0.659,True,False,wall,20.0,17.0,-10.0
727,35171,-8.0,0,13,0.629843,0.7829,True,False,wall,0.0,2.0,-10.0
728,35219,40.0,3,48,0.629495,0.5359,True,False,wall,30.0,20.0,-10.0
729,35282,2.0,0,63,0.629039,0.7143,True,False,wall,0.0,12.0,-10.0
730,35344,16.0,1,62,0.62859,0.752,True,False,wall,10.0,16.0,-10.0
731,35475,74.0,4,131,0.627644,0.9235,True,False,wall,40.0,44.0,-10.0
732,35597,76.0,5,122,0.626763,1.1306,True,False,body,50.0,36.0,-10.0
733,35671,44.0,3,74,0.62623,1.3985,True,False,body,30.0,24.0,-10.0
734,35686,11.0,1,15,0.626122,1.6082,True,False,wall,10.0,11.0,-10.0
735,35706,-7.0,0,20,0.625978,1.7999,True,False,wall,0.0,3.0,-10.0
736,35752,25.0,2,46,0.625647,1.0861,True,False,wall,20.0,15.0,-10.0
737,35799,-6.0,0,47,0.625309,2.4653,True,False,wall,0.0,4.0,-10.0
738,35842,-1.0,1,43,0.625,2.1879,True,False,wall,10.0,-1.0,-10.0
739,35907,44.0,2,65,0.624533,0.7341,True,False,wall,20.0,34.0,-10.0
740,35927,4.0,1,20,0.624389,0.4622,True,False,wall,10.0,4.0,-10.0
741,35989,31.0,2,62,0.623944,0.4332,True,False,wall,20.0,21.0,-10.0
742,36034,14.0,2,45,0.623621,0.4161,True,False,wall,20.0,4.0,-10.0
743,36101,23.0,1,67,0.623141,0.4821,True,False,wall,10.0,23.0,-10.0
744,36126,0.0,0,25,0.622962,0.3897,True,False,wall,0.0,10.0,-10.0
745,36184,-5.0,0,58,0.622547,0.4459,True,False,wall,0.0,5.0,-10.0
746,36193,3.0,1,9,0.622483,0.4239,True,False,wall,10.0,3.0,-10.0
747,36274,43.0,3,81,0.621903,0.4294,True,False,body,30.0,23.0,-10.0
748,36359,56.0,4,85,0.621296,0.4557,True,False,wall,40.0,26.0,-10.0
749,36379,-3.0,0,20,0.621153,0.5346,True,False,wall,0.0,7.0,-10.0
750,36439,46.0,3,60,0.620725,0.5461,True,False,body,30.0,26.0,-10.0
751,36520,59.0,3,81,0.620147,0.6711,True,False,body,30.0,39.0,-10.0
752,36555,22.0,2,35,0.619898,0.6409,True,False,wall,20.0,12.0,-10.0
753,36665,38.0,3,110,0.619115,1.0596,True,False,body,30.0,18.0,-10.0
754,36727,-11.0,0,62,0.618674,1.8423,True,False,wall,0.0,-1.0,-10.0
755,36797,46.0,3,70,0.618177,1.0813,True,False,body,30.0,26.0,-10.0
756,36835,38.0,3,38,0.617907,1.2495,True,False,body,30.0,18.0,-10.0
757,36849,-11.0,0,14,0.617807,1.3912,True,False,wall,0.0,-1.0,-10.0
758,36874,9.0,1,25,0.61763,0.8593,True,False,wall,10.0,9.0,-10.0
759,36928,2.0,1,54,0.617247,0.7682,True,False,wall,10.0,2.0,-10.0
760,37026,33.0,2,98,0.616553,0.737,True,False,wall,20.0,23.0,-10.0
761,37050,-7.0,0,24,0.616383,0.9241,True,False,wall,0.0,3.0,-10.0
762,37128,52.0,3,78,0.615831,0.8151,True,False,body,30.0,32.0,-10.0
763,37206,36.0,3,78,0.615279,0.9374,True,False,body,30.0,16.0,-10.0
764,37219,-10.0,0,13,0.615187,0.6903,True,False,wall,0.0,0.0,-10.0
765,37272,-8.0,0,53,0.614813,0.7783,True,False,wall,0.0,2.0,-10.0
766,37292,-5.0,0,20,0.614672,0.9581,True,False,wall,0.0,5.0,-10.0
767,37403,84.0,4,111,0.613889,0.7625,True,False,wall,40.0,54.0,-10.0
768,37426,-2.0,0,23,0.613727,0.9278,True,False,wall,0.0,8.0,-10.0
769,37539,45.0,3,113,0.612931,0.9273,True,False,body,30.0,25.0,-10.0
770,37616,41.0,3,77,0.61239,0.9504,True,False,wall,30.0,21.0,-10.0
771,37654,-11.0,0,38,0.612122,1.7021,True,False,wall,0.0,-1.0,-10.0
772,37686,34.0,3,32,0.611898,0.8265,True,False,body,30.0,14.0,-10.0
773,37700,-9.0,0,14,0.611799,0.904,True,False,wall,0.0,1.0,-10.0
774,37735,9.0,1,35,0.611554,0.6598,True,False,wall,10.0,9.0,-10.0
775,37759,16.0,1,24,0.611385,0.7134,True,False,wall,10.0,16.0,-10.0
776,37789,18.0,1,30,0.611175,0.5426,True,False,wall,10.0,18.0,-10.0
777,37866,51.0,3,77,0.610635,0.6515,True,False,wall,30.0,31.0,-10.0
778,37891,9.0,1,25,0.61046,0.47,True,False,wall,10.0,9.0,-10.0
779,37964,49.0,3,73,0.609948,0.6076,True,False,body,30.0,29.0,-10.0
780,37987,-6.0,0,23,0.609788,0.5433,True,False,wall,0.0,4.0,-10.0
781,38136,82.0,4,149,0.608746,0.7043,True,False,wall,40.0,52.0,-10.0
782,38226,34.0,3,90,0.608118,0.7593,True,False,body,30.0,14.0,-10.0
783,38246,1.0,0,20,0.607978,0.6944,True,False,wall,0.0,11.0,-10.0
784,38289,32.0,2,43,0.607678,0.7942,True,False,wall,20.0,22.0,-10.0
785,38305,-3.0,0,16,0.607567,0.6756,True,False,wall,0.0,7.0,-10.0
786,38360,39.0,3,55,0.607184,0.5921,True,False,body,30.0,19.0,-10.0
787,38384,34.0,3,24,0.607016,0.6714,True,False,wall,30.0,14.0,-10.0
788,38464,46.0,3,80,0.60646,0.7069,True,False,body,30.0,26.0,-10.0
789,38542,60.0,3,78,0.605917,0.7505,True,False,wall,30.0,40.0,-10.0
790,38575,11.0,1,33,0.605688,0.72,True,False,wall,10.0,11.0,-10.0
791,38611,21.0,2,36,0.605438,0.7164,True,False,wall,20.0,11.0,-10.0
792,38658,34.0,2,47,0.605112,0.6067,True,False,wall,20.0,24.0,-10.0
793,38725,20.0,2,67,0.604647,0.8171,True,False,wall,20.0,10.0,-10.0
794,38746,-6.0,0,21,0.604502,0.4954,True,False,wall,0.0,4.0,-10.0
795,38790,8.0,1,44,0.604197,0.7264,True,False,wall,10.0,8.0,-10.0
796,38816,19.0,2,26,0.604017,0.8425,True,False,wall,20.0,9.0,-10.0
797,38834,4.0,1,18,0.603892,0.689,True,False,wall,10.0,4.0,-10.0
798,38850,-1.0,0,16,0.603781,0.6561,True,False,wall,0.0,9.0,-10.0
799,38976,69.0,4,126,0.60291,0.7187,True,False,body,40.0,39.0,-10.0
800,39011,13.0,1,35,0.602668,0.9441,True,False,wall,10.0,13.0,-10.0
801,39055,8.0,1,44,0.602364,0.8291,True,False,wall,10.0,8.0,-10.0
802,39147,42.0,3,92,0.601729,1.0901,True,False,wall,30.0,22.0,-10.0
803,39241,78.0,5,94,0.601081,0.9413,True,False,body,50.0,38.0,-10.0
804,39311,52.0,3,70,0.600599,0.7568,True,False,body,30.0,32.0,-10.0
805,39333,-3.0,0,22,0.600448,0.8016,True,False,wall,0.0,7.0,-10.0
806,39358,26.0,2,25,0.600276,1.1787,True,False,wall,20.0,16.0,-10.0
807,39382,-7.0,0,24,0.600111,0.8334,True,False,wall,0.0,3.0,-10.0
808,39445,7.0,1,63,0.599678,0.845,True,False,wall,10.0,7.0,-10.0
809,39522,48.0,2,77,0.599149,0.7957,True,False,wall,20.0,38.0,-10.0
810,39627,45.0,3,105,0.598429,0.6925,True,False,body,30.0,25.0,-10.0
811,39672,52.0,4,45,0.59812,0.5554,True,False,body,40.0,22.0,-10.0
812,39692,4.0,1,20,0.597983,0.6899,True,False,wall,10.0,4.0,-10.0
813,39717,20.0,2,25,0.597812,0.7135,True,False,wall,20.0,10.0,-10.0
814,39816,55.0,3,99,0.597135,0.7916,True,False,wall,30.0,35.0,-10.0
815,39843,-4.0,0,27,0.59695,0.8651,True,False,wall,0.0,6.0,-10.0
816,39857,-13.0,0,14,0.596854,0.7656,True,False,wall,0.0,-3.0,-10.0
817,39872,-4.0,0,15,0.596752,0.7985,True,False,wall,0.0,6.0,-10.0
818,39889,-2.0,0,17,0.596636,1.1414,True,False,wall,0.0,8.0,-10.0
819,39943,35.0,2,54,0.596267,1.2117,True,False,wall,20.0,25.0,-10.0
820,39997,29.0,2,54,0.595898,0.8639,True,False,wall,20.0,19.0,-10.0
821,40033,10.0,1,36,0.595652,1.3631,True,False,wall,10.0,10.0,-10.0
822,40122,59.0,3,89,0.595046,0.8557,True,False,wall,30.0,39.0,-10.0
823,40141,0.0,0,19,0.594916,0.8049,True,False,wall,0.0,10.0,-10.0
824,40278,62.0,4,137,0.593984,0.6001,True,False,wall,40.0,32.0,-10.0
825,40366,77.0,6,88,0.593386,0.4634,True,False,body,60.0,27.0,-10.0
826,40412,36.0,3,46,0.593074,0.3811,True,False,wall,30.0,16.0,-10.0
827,40498,48.0,3,86,0.59249,0.4681,True,False,body,30.0,28.0,-10.0
828,40536,32.0,3,38,0.592232,0.4595,True,False,wall,30.0,12.0,-10.0
829,40552,-5.0,0,16,0.592124,0.5455,True,False,wall,0.0,5.0,-10.0
830,40603,15.0,1,51,0.591779,0.4901,True,False,wall,10.0,15.0,-10.0
831,40627,6.0,1,24,0.591616,0.4186,True,False,wall,10.0,6.0,-10.0
832,40649,-1.0,0,22,0.591467,0.5551,True,False,wall,0.0,9.0,-10.0
833,40723,65.0,4,74,0.590966,0.5225,True,False,body,40.0,35.0,-10.0
834,40749,14.0,1,26,0.590791,0.6482,True,False,wall,10.0,14.0,-10.0
835,40863,61.0,4,114,0.590021,0.6974,True,False,body,40.0,31.0,-10.0
836,40901,6.0,1,38,0.589764,0.6446,True,False,wall,10.0,6.0,-10.0
837,40941,36.0,3,40,0.589494,0.6797,True,False,wall,30.0,16.0,-10.0
838,40958,-4.0,0,17,0.58938,0.6436,True,False,wall,0.0,6.0,-10.0
839,40972,-1.0,0,14,0.589285,0.8737,True,False,wall,0.0,9.0,-10.0
840,41037,32.0,2,65,0.588847,0.8647,True,False,wall,20.0,22.0,-10.0
841,41069,8.0,1,32,0.588632,1.084,True,False,wall,10.0,8.0,-10.0
842,41104,-4.0,0,35,0.588396,0.7703,True,False,wall,0.0,6.0,-10.0
843,41130,32.0,3,26,0.588221,0.7654,True,False,wall,30.0,12.0,-10.0
844,41206,44.0,3,76,0.58771,1.1142,True,False,body,30.0,24.0,-10.0
845,41257,26.0,2,51,0.587368,0.5755,True,False,wall,20.0,16.0,-10.0
846,41297,12.0,1,40,0.587099,0.7461,True,False,wall,10.0,12.0,-10.0
847,41402,64.0,4,105,0.586394,0.6278,True,False,body,40.0,34.0,-10.0
848,41450,25.0,2,48,0.586073,0.7522,True,False,wall,20.0,15.0,-10.0
849,41514,40.0,3,64,0.585644,1.1235,True,False,body,30.0,20.0,-10.0
850,41534,6.0,1,20,0.58551,0.5859,True,False,wall,10.0,6.0,-10.0
851,41593,28.0,2,59,0.585115,0.4393,True,False,wall,20.0,18.0,-10.0
852,41635,34.0,3,42,0.584834,0.4062,True,False,wall,30.0,14.0,-10.0
853,41772,41.0,3,137,0.583919,0.4168,True,False,wall,30.0,21.0,-10.0
854,41819,28.0,2,47,0.583606,0.5165,True,False,wall,20.0,18.0,-10.0
855,41839,12.0,1,20,0.583472,0.4473,True,False,wall,10.0,12.0,-10.0
856,41971,29.0,2,132,0.582593,0.5471,True,False,wall,20.0,19.0,-10.0
857,42016,24.0,2,45,0.582293,0.5304,True,False,wall,20.0,14.0,-10.0
858,42120,63.0,4,104,0.581602,0.7266,True,False,body,40.0,33.0,-10.0
859,42162,10.0,1,42,0.581323,1.0914,True,False,wall,10.0,10.0,-10.0
860,42242,42.0,3,80,0.580792,1.1056,True,False,body,30.0,22.0,-10.0
861,42264,-3.0,0,22,0.580646,1.5487,True,False,wall,0.0,7.0,-10.0
862,42286,-3.0,0,22,0.5805,1.259,True,False,wall,0.0,7.0,-10.0
863,42332,23.0,2,46,0.580195,0.8048,True,False,wall,20.0,13.0,-10.0
864,42355,11.0,1,23,0.580043,1.0744,True,False,wall,10.0,11.0,-10.0
865,42391,6.0,1,36,0.579804,1.0011,True,False,wall,10.0,6.0,-10.0
866,42408,0.0,0,17,0.579692,0.7252,True,False,wall,0.0,10.0,-10.0
867,42498,75.0,4,90,0.579096,0.6158,True,False,body,40.0,45.0,-10.0
868,42530,34.0,3,32,0.578884,0.4728,True,False,body,30.0,14.0,-10.0
869,42543,-4.0,0,13,0.578798,0.5621,True,False,wall,0.0,6.0,-10.0
870,42567,12.0,1,24,0.57864,0.5719,True,False,wall,10.0,12.0,-10.0
871,42669,47.0,2,102,0.577966,0.6409,True,False,wall,20.0,37.0,-10.0
872,42769,57.0,4,100,0.577307,0.7175,True,False,wall,40.0,27.0,-10.0
873,42831,25.0,2,62,0.576898,1.1829,True,False,wall,20.0,15.0,-10.0
874,42913,42.0,3,82,0.576358,0.9924,True,False,wall,30.0,22.0,-10.0
875,43030,41.0,3,117,0.575589,0.7426,True,False,body,30.0,21.0,-10.0
876,43121,57.0,3,91,0.574992,0.5558,True,False,body,30.0,37.0,-10.0
877,43152,22.0,2,31,0.574788,0.507,True,False,wall,20.0,12.0,-10.0
878,43166,1.0,0,14,0.574696,0.494,True,False,wall,0.0,11.0,-10.0
879,43260,62.0,3,94,0.57408,0.6315,True,False,wall,30.0,42.0,-10.0
880,43349,41.0,3,89,0.573498,0.6903,True,False,body,30.0,21.0,-10.0
881,43410,51.0,3,61,0.573098,0.6925,True,False,wall,30.0,31.0,-10.0
882,43438,4.0,1,28,0.572915,0.8395,True,False,wall,10.0,4.0,-10.0
883,43515,45.0,3,77,0.572412,0.7672,True,False,body,30.0,25.0,-10.0
884,43526,-4.0,0,11,0.572341,0.8532,True,False,wall,0.0,6.0,-10.0
885,43618,58.0,3,92,0.57174,0.7865,True,False,wall,30.0,38.0,-10.0
886,43631,-12.0,0,13,0.571655,0.8119,True,False,wall,0.0,-2.0,-10.0
887,43673,31.0,2,42,0.571382,0.6173,True,False,wall,20.0,21.0,-10.0
888,43698,7.0,1,25,0.571219,0.6824,True,False,wall,10.0,7.0,-10.0
889,43713,20.0,2,15,0.571121,0.665,True,False,wall,20.0,10.0,-10.0
890,43812,72.0,4,99,0.570477,0.6789,True,False,body,40.0,42.0,-10.0
891,43853,28.0,2,41,0.57021,0.7935,True,False,wall,20.0,18.0,-10.0
892,43866,-6.0,0,13,0.570125,0.6382,True,False,wall,0.0,4.0,-10.0
893,43893,9.0,1,27,0.56995,0.6084,True,False,wall,10.0,9.0,-10.0
894,43940,-8.0,0,47,0.569644,0.9767,True,False,wall,0.0,2.0,-10.0
895,43962,-1.0,0,22,0.569502,0.8064,True,False,wall,0.0,9.0,-10.0
896,43993,15.0,1,31,0.5693,0.6355,True,False,wall,10.0,15.0,-10.0
897,44014,9.0,1,21,0.569164,0.6689,True,False,wall,10.0,9.0,-10.0
898,44099,40.0,2,85,0.568613,0.5934,True,False,wall,20.0,30.0,-10.0
899,44117,10.0,1,18,0.568496,0.8521,True,False,wall,10.0,10.0,-10.0
900,44150,33.0,3,33,0.568282,0.6363,True,False,body,30.0,13.0,-10.0
901,44184,28.0,3,34,0.568062,0.4523,True,False,body,30.0,8.0,-10.0
902,44206,-1.0,0,22,0.567919,0.626,True,False,wall,0.0,9.0,-10.0
903,44261,44.0,4,55,0.567564,0.5259,True,False,body,40.0,14.0,-10.0
904,44319,51.0,4,58,0.567188,0.5219,True,False,body,40.0,21.0,-10.0
905,44398,32.0,2,79,0.566678,0.5154,True,False,wall,20.0,22.0,-10.0
906,44490,50.0,3,92,0.566084,0.5324,True,False,body,30.0,30.0,-10.0
907,44532,16.0,1,42,0.565813,0.8197,True,False,wall,10.0,16.0,-10.0
908,44545,11.0,1,13,0.565729,0.7067,True,False,wall,10.0,11.0,-10.0
909,44577,25.0,2,32,0.565523,0.6177,True,False,wall,20.0,15.0,-10.0
910,44592,-2.0,0,15,0.565427,0.7616,True,False,wall,0.0,8.0,-10.0
911,44639,29.0,3,47,0.565124,0.9375,True,False,body,30.0,9.0,-10.0
912,44650,5.0,1,11,0.565053,0.6719,True,False,wall,10.0,5.0,-10.0
913,44737,47.0,3,87,0.564493,0.7293,True,False,body,30.0,27.0,-10.0
914,44770,9.0,1,33,0.564281,0.5863,True,False,wall,10.0,9.0,-10.0
915,44844,41.0,2,74,0.563805,0.8036,True,False,wall,20.0,31.0,-10.0
916,44874,27.0,2,30,0.563613,0.582,True,False,wall,20.0,17.0,-10.0
917,44926,41.0,2,52,0.563279,0.8758,True,False,wall,20.0,31.0,-10.0
918,44976,22.0,1,50,0.562958,0.7372,True,False,wall,10.0,22.0,-10.0
919,45061,47.0,3,85,0.562414,0.8588,True,False,wall,30.0,27.0,-10.0
920,45128,51.0,3,67,0.561985,0.9974,True,False,wall,30.0,31.0,-10.0
921,45222,44.0,3,94,0.561383,0.7996,True,False,body,30.0,24.0,-10.0
922,45319,36.0,2,97,0.560764,0.7037,True,False,wall,20.0,26.0,-10.0
923,45372,27.0,1,53,0.560426,0.5519,True,False,wall,10.0,27.0,-10.0
924,45419,41.0,3,47,0.560126,0.5621,True,False,body,30.0,21.0,-10.0
925,45438,0.0,0,19,0.560005,0.5745,True,False,wall,0.0,10.0,-10.0
926,45546,22.0,1,108,0.559317,0.6197,True,False,wall,10.0,22.0,-10.0
927,45569,5.0,1,23,0.55917,0.5786,True,False,wall,10.0,5.0,-10.0
928,45621,4.0,1,52,0.558839,0.4819,True,False,wall,10.0,4.0,-10.0
929,45671,4.0,1,50,0.558521,0.4388,True,False,wall,10.0,4.0,-10.0
930,45765,74.0,5,94,0.557924,0.4314,True,False,wall,50.0,34.0,-10.0
931,45777,-7.0,0,12,0.557848,0.3822,True,False,wall,0.0,3.0,-10.0
932,45827,45.0,4,50,0.557531,0.6642,True,False,body,40.0,15.0,-10.0
933,45862,24.0,2,35,0.557309,0.7644,True,False,wall,20.0,14.0,-10.0
934,45902,38.0,3,40,0.557055,0.6046,True,False,wall,30.0,18.0,-10.0
935,45927,29.0,3,25,0.556897,0.7212,True,False,wall,30.0,9.0,-10.0
936,45970,16.0,2,43,0.556624,0.8013,True,False,wall,20.0,6.0,-10.0
937,45983,0.0,0,13,0.556542,0.685,True,False,wall,0.0,10.0,-10.0
938,46006,0.0,0,23,0.556396,1.0031,True,False,wall,0.0,10.0,-10.0
939,46103,59.0,3,97,0.555783,0.878,True,False,wall,30.0,39.0,-10.0
940,46119,-1.0,0,16,0.555682,0.8347,True,False,wall,0.0,9.0,-10.0
941,46247,113.0,6,128,0.554873,0.5825,True,False,body,60.0,63.0,-10.0
942,46291,29.0,2,44,0.554596,0.5561,True,False,wall,20.0,19.0,-10.0
943,46394,47.0,3,103,0.553946,0.5035,True,False,body,30.0,27.0,-10.0
944,46482,99.0,6,88,0.553392,0.6158,True,False,body,60.0,49.0,-10.0
945,46509,-6.0,0,27,0.553222,0.8178,True,False,wall,0.0,4.0,-10.0
946,46522,-6.0,0,13,0.553141,0.892,True,False,wall,0.0,4.0,-10.0
947,46592,44.0,3,70,0.552701,0.7259,True,False,wall,30.0,24.0,-10.0
948,46623,45.0,3,31,0.552506,0.7455,True,False,body,30.0,25.0,-10.0
949,46779,101.0,6,156,0.551527,0.6378,True,False,wall,60.0,51.0,-10.0
950,46800,-8.0,0,21,0.551395,0.8111,True,False,wall,0.0,2.0,-10.0
951,46879,67.0,5,79,0.5509,0.7259,True,False,body,50.0,27.0,-10.0
952,46953,35.0,2,74,0.550437,0.8049,True,False,wall,20.0,25.0,-10.0
953,46992,-8.0,0,39,0.550193,0.6018,True,False,wall,0.0,2.0,-10.0
954,47067,48.0,4,75,0.549725,0.643,True,False,body,40.0,18.0,-10.0
955,47116,55.0,3,49,0.549419,0.5941,True,False,wall,30.0,35.0,-10.0
956,47199,50.0,2,83,0.548901,0.598,True,False,wall,20.0,40.0,-10.0
957,47223,19.0,2,24,0.548751,0.6035,True,False,wall,20.0,9.0,-10.0
958,47312,70.0,4,89,0.548197,0.5328,True,False,body,40.0,40.0,-10.0
959,47352,27.0,2,40,0.547948,0.4091,True,False,wall,20.0,17.0,-10.0
960,47394,44.0,3,42,0.547686,0.3847,True,False,wall,30.0,24.0,-10.0
961,47417,13.0,1,23,0.547543,0.3992,True,False,wall,10.0,13.0,-10.0
962,47440,-12.0,0,23,0.5474,0.4041,True,False,wall,0.0,-2.0,-10.0
963,47484,18.0,1,44,0.547127,0.3818,True,False,wall,10.0,18.0,-10.0
964,47517,24.0,2,33,0.546922,0.3591,True,False,wall,20.0,14.0,-10.0
965,47598,55.0,3,81,0.546419,0.3945,True,False,body,30.0,35.0,-10.0
966,47685,32.0,2,87,0.545879,0.463,True,False,wall,20.0,22.0,-10.0
967,47726,44.0,4,41,0.545625,0.4755,True,False,wall,40.0,14.0,-10.0
968,47765,-4.0,0,39,0.545384,0.4635,True,False,wall,0.0,6.0,-10.0
969,47835,48.0,3,70,0.54495,0.6088,True,False,body,30.0,28.0,-10.0
970,47852,0.0,0,17,0.544845,0.5767,True,False,wall,0.0,10.0,-10.0
971,47874,25.0,2,22,0.544709,0.6642,True,False,wall,20.0,15.0,-10.0
972,47967,54.0,4,93,0.544134,0.8199,True,False,body,40.0,24.0,-10.0
973,47992,13.0,1,25,0.54398,1.0257,True,False,wall,10.0,13.0,-10.0
974,48040,16.0,1,48,0.543684,0.855,True,False,wall,10.0,16.0,-10.0
975,48129,30.0,2,89,0.543135,0.8287,True,False,wall,20.0,20.0,-10.0
976,48218,54.0,4,89,0.542586,0.4619,True,False,wall,40.0,24.0,-10.0
977,48248,3.0,0,30,0.542402,0.4544,True,False,wall,0.0,13.0,-10.0
978,48304,33.0,2,56,0.542057,0.439,True,False,wall,20.0,23.0,-10.0
979,48321,9.0,1,17,0.541953,0.4259,True,False,wall,10.0,9.0,-10.0
980,48340,0.0,0,19,0.541836,0.5227,True,False,wall,0.0,10.0,-10.0
981,48355,13.0,1,15,0.541744,0.462,True,False,wall,10.0,13.0,-10.0
982,48412,26.0,2,57,0.541393,0.609,True,False,wall,20.0,16.0,-10.0
983,48530,80.0,5,118,0.540669,0.5202,True,False,wall,50.0,40.0,-10.0
984,48572,8.0,1,42,0.540411,0.487,True,False,wall,10.0,8.0,-10.0
985,48617,45.0,3,45,0.540136,0.5224,True,False,body,30.0,25.0,-10.0
986,48641,10.0,1,24,0.539989,0.5365,True,False,wall,10.0,10.0,-10.0
987,48676,33.0,3,35,0.539774,0.5583,True,False,body,30.0,13.0,-10.0
988,48703,24.0,2,27,0.539609,0.6877,True,False,wall,20.0,14.0,-10.0
989,48794,102.0,6,91,0.539052,0.7647,True,False,body,60.0,52.0,-10.0
990,48845,68.0,4,51,0.538741,0.8986,True,False,wall,40.0,38.0,-10.0
991,48868,-2.0,0,23,0.5386,0.9641,True,False,wall,0.0,8.0,-10.0
992,48919,11.0,1,51,0.538289,0.7988,True,False,wall,10.0,11.0,-10.0
993,48931,-3.0,0,12,0.538216,0.7417,True,False,wall,0.0,7.0,-10.0
994,48944,-4.0,0,13,0.538136,0.752,True,False,wall,0.0,6.0,-10.0
995,48996,33.0,2,52,0.537819,0.7411,True,False,wall,20.0,23.0,-10.0
996,49031,2.0,0,35,0.537606,0.6172,True,False,wall,0.0,12.0,-10.0
997,49066,20.0,2,35,0.537393,0.894,True,False,wall,20.0,10.0,-10.0
998,49083,7.0,1,17,0.537289,0.9305,True,False,wall,10.0,7.0,-10.0
999,49160,49.0,3,77,0.53682,0.6191,True,False,wall,30.0,29.0,-10.0
1000,49182,8.0,1,22,0.536686,0.5662,True,False,wall,10.0,8.0,-10.0
1001,49246,44.0,3,64,0.536297,0.6826,True,False,wall,30.0,24.0,-10.0
1002,49270,8.0,1,24,0.536151,0.9551,True,False,wall,10.0,8.0,-10.0
1003,49327,28.0,2,57,0.535805,0.9453,True,False,wall,20.0,18.0,-10.0
1004,49352,9.0,1,25,0.535653,1.1125,True,False,wall,10.0,9.0,-10.0
1005,49387,37.0,3,35,0.535441,0.8449,True,False,wall,30.0,17.0,-10.0
1006,49412,-2.0,0,25,0.535289,0.6155,True,False,wall,0.0,8.0,-10.0
1007,49543,108.0,6,131,0.534495,0.6507,True,False,wall,60.0,58.0,-10.0
1008,49612,39.0,3,69,0.534077,0.6243,True,False,body,30.0,19.0,-10.0
1009,49677,41.0,3,65,0.533684,0.5294,True,False,body,30.0,21.0,-10.0
1010,49759,39.0,2,82,0.533189,0.5796,True,False,wall,20.0,29.0,-10.0
1011,49857,31.0,2,98,0.532597,0.5672,True,False,wall,20.0,21.0,-10.0
1012,49883,8.0,1,26,0.53244,0.5774,True,False,wall,10.0,8.0,-10.0
1013,49902,14.0,2,19,0.532326,0.6209,True,False,wall,20.0,4.0,-10.0
1014,49955,51.0,3,53,0.532006,0.6314,True,False,wall,30.0,31.0,-10.0
1015,50008,28.0,2,53,0.531687,0.5786,True,False,wall,20.0,18.0,-10.0
1016,50083,53.0,3,75,0.531236,0.6084,True,False,wall,30.0,33.0,-10.0
1017,50159,35.0,2,76,0.530779,0.4579,True,False,wall,20.0,25.0,-10.0
1018,50195,14.0,1,36,0.530562,0.464,True,False,wall,10.0,14.0,-10.0
1019,50215,14.0,1,20,0.530442,0.4617,True,False,wall,10.0,14.0,-10.0
1020,50297,36.0,3,82,0.52995,0.4369,True,False,body,30.0,16.0,-10.0
1021,50394,68.0,4,97,0.529369,0.5494,True,False,body,40.0,38.0,-10.0
1022,50421,9.0,1,27,0.529207,0.6846,True,False,wall,10.0,9.0,-10.0
1023,50504,53.0,3,83,0.52871,0.7404,True,False,wall,30.0,33.0,-10.0
1024,50534,34.0,3,30,0.52853,0.565,True,False,body,30.0,14.0,-10.0
1025,50546,-3.0,0,12,0.528459,0.5139,True,False,wall,0.0,7.0,-10.0
1026,50598,35.0,2,52,0.528148,0.4957,True,False,wall,20.0,25.0,-10.0
1027,50659,41.0,3,61,0.527783,0.5853,True,False,body,30.0,21.0,-10.0
1028,50676,9.0,1,17,0.527682,0.6852,True,False,wall,10.0,9.0,-10.0
1029,50687,-8.0,0,11,0.527616,0.6878,True,False,wall,0.0,2.0,-10.0
1030,50761,46.0,3,74,0.527175,0.6119,True,False,body,30.0,26.0,-10.0
1031,50810,39.0,3,49,0.526882,0.6548,True,False,body,30.0,19.0,-10.0
1032,50823,11.0,1,13,0.526805,0.6689,True,False,wall,10.0,11.0,-10.0
1033,50838,-2.0,0,15,0.526715,0.6436,True,False,wall,0.0,8.0,-10.0
1034,50945,61.0,3,107,0.526078,0.5959,True,False,body,30.0,41.0,-10.0
1035,50974,15.0,1,29,0.525906,0.5563,True,False,wall,10.0,15.0,-10.0
1036,50991,-10.0,0,17,0.525805,0.5773,True,False,wall,0.0,0.0,-10.0
1037,51034,36.0,2,43,0.525549,0.6003,True,False,wall,20.0,26.0,-10.0
1038,51122,50.0,3,88,0.525026,0.6324,True,False,wall,30.0,30.0,-10.0
1039,51178,28.0,1,56,0.524694,0.5356,True,False,wall,10.0,28.0,-10.0
1040,51200,1.0,0,22,0.524563,0.5287,True,False,wall,0.0,11.0,-10.0
1041,51304,44.0,3,104,0.523947,0.4653,True,False,body,30.0,24.0,-10.0
1042,51334,34.0,3,30,0.523769,0.4883,True,False,wall,30.0,14.0,-10.0
1043,51389,17.0,1,55,0.523443,0.5444,True,False,wall,10.0,17.0,-10.0
1044,51447,36.0,3,58,0.5231,0.4521,True,False,body,30.0,16.0,-10.0
1045,51487,6.0,1,40,0.522864,0.419,True,False,wall,10.0,6.0,-10.0
1046,51535,40.0,3,48,0.52258,0.3635,True,False,body,30.0,20.0,-10.0
1047,51631,71.0,4,96,0.522013,0.3905,True,False,body,40.0,41.0,-10.0
1048,51728,43.0,3,97,0.521441,0.3649,True,False,body,30.0,23.0,-10.0
1049,51745,5.0,1,17,0.521341,0.4206,True,False,wall,10.0,5.0,-10.0
1050,51798,16.0,2,53,0.521029,0.3546,True,False,wall,20.0,6.0,-10.0
1051,51849,43.0,3,51,0.520729,0.4122,True,False,wall,30.0,23.0,-10.0
1052,51909,46.0,3,60,0.520376,0.4546,True,False,body,30.0,26.0,-10.0
1053,51926,9.0,1,17,0.520276,0.5373,True,False,wall,10.0,9.0,-10.0
1054,52031,60.0,4,105,0.519659,0.6261,True,False,body,40.0,30.0,-10.0
1055,52051,10.0,1,20,0.519542,0.7039,True,False,wall,10.0,10.0,-10.0
1056,52076,20.0,2,25,0.519395,0.9711,True,False,wall,20.0,10.0,-10.0
1057,52093,-4.0,0,17,0.519295,1.0947,True,False,wall,0.0,6.0,-10.0
1058,52128,18.0,2,35,0.51909,0.6877,True,False,wall,20.0,8.0,-10.0
1059,52220,73.0,4,92,0.518551,0.5248,True,False,body,40.0,43.0,-10.0
1060,52239,17.0,1,19,0.51844,0.5554,True,False,wall,10.0,17.0,-10.0
1061,52253,-7.0,0,14,0.518358,0.483,True,False,wall,0.0,3.0,-10.0
1062,52318,47.0,3,65,0.517977,0.555,True,False,body,30.0,27.0,-10.0
1063,52371,49.0,3,53,0.517667,0.9146,True,False,wall,30.0,29.0,-10.0
1064,52512,106.0,6,141,0.516844,0.6506,True,False,wall,60.0,56.0,-10.0
1065,52537,-2.0,0,25,0.516698,0.6778,True,False,wall,0.0,8.0,-10.0
1066,52581,38.0,3,44,0.516441,0.579,True,False,wall,30.0,18.0,-10.0
1067,52646,30.0,2,65,0.516063,0.7585,True,False,wall,20.0,20.0,-10.0
1068,52714,50.0,3,68,0.515667,0.5631,True,False,wall,30.0,30.0,-10.0
1069,52787,57.0,3,73,0.515242,0.5271,True,False,body,30.0,37.0,-10.0
1070,52811,-5.0,0,24,0.515102,0.595,True,False,wall,0.0,5.0,-10.0
1071,52850,26.0,2,39,0.514876,0.5229,True,False,wall,20.0,16.0,-10.0
1072,52865,11.0,1,15,0.514788,0.5383,True,False,wall,10.0,11.0,-10.0
1073,52920,43.0,3,55,0.514469,0.6048,True,False,body,30.0,23.0,-10.0
1074,52948,-3.0,0,28,0.514306,0.4453,True,False,wall,0.0,7.0,-10.0
1075,53075,93.0,5,127,0.51357,0.605,True,False,wall,50.0,53.0,-10.0
1076,53133,48.0,3,58,0.513234,0.4763,True,False,wall,30.0,28.0,-10.0
1077,53204,73.0,5,71,0.512823,0.4802,True,False,wall,50.0,33.0,-10.0
1078,53231,37.0,3,27,0.512667,0.4188,True,False,body,30.0,17.0,-10.0
1079,53312,53.0,3,81,0.512199,0.5154,True,False,body,30.0,33.0,-10.0
1080,53323,-4.0,0,11,0.512135,0.5536,True,False,wall,0.0,6.0,-10.0
1081,53431,61.0,4,108,0.511512,0.5267,True,False,body,40.0,31.0,-10.0
1082,53449,-5.0,0,18,0.511408,0.4806,True,False,wall,0.0,5.0,-10.0
1083,53469,8.0,1,20,0.511292,0.3701,True,False,wall,10.0,8.0,-10.0
1084,53480,-6.0,0,11,0.511229,0.3853,True,False,wall,0.0,4.0,-10.0
1085,53555,67.0,5,75,0.510797,0.4267,True,False,body,50.0,27.0,-10.0
1086,53634,52.0,4,79,0.510342,0.7721,True,False,body,40.0,22.0,-10.0
1087,53699,64.0,4,65,0.509968,0.7013,True,False,body,40.0,34.0,-10.0
1088,53758,58.0,4,59,0.509629,0.6908,True,False,body,40.0,28.0,-10.0
1089,53813,36.0,2,55,0.509313,0.765,True,False,wall,20.0,26.0,-10.0
1090,53837,23.0,2,24,0.509175,0.5849,True,False,wall,20.0,13.0,-10.0
1091,53875,27.0,2,38,0.508957,0.5402,True,False,wall,20.0,17.0,-10.0
1092,53915,27.0,2,40,0.508728,0.5433,True,False,wall,20.0,17.0,-10.0
1093,54007,91.0,6,92,0.508201,0.5146,True,False,body,60.0,41.0,-10.0
1094,54073,51.0,4,66,0.507823,0.5961,True,False,body,40.0,21.0,-10.0
1095,54133,47.0,4,60,0.50748,0.5593,True,False,body,40.0,17.0,-10.0
1096,54182,20.0,2,49,0.507199,0.4709,True,False,wall,20.0,10.0,-10.0
1097,54209,13.0,1,27,0.507045,0.4137,True,False,wall,10.0,13.0,-10.0
1098,54263,25.0,2,54,0.506737,0.4856,True,False,wall,20.0,15.0,-10.0
1099,54273,-7.0,0,10,0.50668,0.5301,True,False,wall,0.0,3.0,-10.0
1100,54343,38.0,3,70,0.50628,0.7141,True,False,body,30.0,18.0,-10.0
1101,54362,7.0,1,19,0.506172,0.5608,True,False,wall,10.0,7.0,-10.0
1102,54399,45.0,3,37,0.505961,0.7767,True,False,wall,30.0,25.0,-10.0
1103,54435,45.0,4,36,0.505756,0.8008,True,False,body,40.0,15.0,-10.0
1104,54462,9.0,1,27,0.505602,0.5617,True,False,wall,10.0,9.0,-10.0
1105,54487,20.0,2,25,0.50546,0.4962,True,False,wall,20.0,10.0,-10.0
1106,54545,44.0,3,58,0.50513,0.5125,True,False,wall,30.0,24.0,-10.0
1107,54559,8.0,1,14,0.50505,0.4545,True,False,wall,10.0,8.0,-10.0
1108,54576,2.0,0,17,0.504953,0.5339,True,False,wall,0.0,12.0,-10.0
1109,54598,12.0,1,22,0.504828,0.5423,True,False,wall,10.0,12.0,-10.0
1110,54664,42.0,3,66,0.504453,0.4077,True,False,body,30.0,22.0,-10.0
1111,54734,36.0,3,70,0.504056,0.4262,True,False,body,30.0,16.0,-10.0
1112,54757,11.0,1,23,0.503925,0.4472,True,False,wall,10.0,11.0,-10.0
1113,54786,26.0,2,29,0.503761,0.4155,True,False,wall,20.0,16.0,-10.0
1114,54825,34.0,2,39,0.503539,0.369,True,False,wall,20.0,24.0,-10.0
1115,54859,34.0,3,34,0.503347,0.433,True,False,body,30.0,14.0,-10.0
1116,54884,9.0,1,25,0.503205,0.4323,True,False,wall,10.0,9.0,-10.0
1117,54932,38.0,3,48,0.502933,0.4078,True,False,body,30.0,18.0,-10.0
1118,54959,-4.0,0,27,0.50278,0.4145,True,False,wall,0.0,6.0,-10.0
1119,54983,8.0,1,24,0.502645,0.4129,True,False,wall,10.0,8.0,-10.0
1120,55005,-3.0,0,22,0.50252,0.4199,True,False,wall,0.0,7.0,-10.0
1121,55091,76.0,5,86,0.502034,0.4561,True,False,body,50.0,36.0,-10.0
1122,55110,-4.0,0,19,0.501927,0.5733,True,False,wall,0.0,6.0,-10.0
1123,55149,28.0,2,39,0.501706,0.4675,True,False,wall,20.0,18.0,-10.0
1124,55177,12.0,1,28,0.501548,0.5414,True,False,wall,10.0,12.0,-10.0
1125,55237,51.0,4,60,0.50121,0.8549,True,False,body,40.0,21.0,-10.0
1126,55316,85.0,5,79,0.500764,0.8158,True,False,body,50.0,45.0,-10.0
1127,55330,8.0,1,14,0.500686,0.7186,True,False,wall,10.0,8.0,-10.0
1128,55377,41.0,3,47,0.500421,0.5624,True,False,body,30.0,21.0,-10.0
1129,55411,38.0,3,34,0.500229,0.7639,True,False,body,30.0,18.0,-10.0
1130,55550,118.0,8,139,0.499448,0.7919,True,False,body,80.0,48.0,-10.0
1131,55585,37.0,3,35,0.499251,0.6775,True,False,body,30.0,17.0,-10.0
1132,55708,68.0,4,123,0.498561,0.7439,True,False,body,40.0,38.0,-10.0
1133,55723,-4.0,0,15,0.498477,0.7492,True,False,wall,0.0,6.0,-10.0
1134,55786,47.0,3,63,0.498124,0.7454,True,False,body,30.0,27.0,-10.0
1135,55803,5.0,1,17,0.498029,0.8886,True,False,wall,10.0,5.0,-10.0
1136,55820,3.0,1,17,0.497933,0.7648,True,False,wall,10.0,3.0,-10.0
1137,55873,44.0,2,53,0.497637,0.8429,True,False,wall,20.0,34.0,-10.0
1138,55938,74.0,4,65,0.497273,0.6891,True,False,body,40.0,44.0,-10.0
1139,55953,-4.0,0,15,0.497189,0.4529,True,False,wall,0.0,6.0,-10.0
1140,56000,38.0,2,47,0.496927,0.5074,True,False,wall,20.0,28.0,-10.0
1141,56068,65.0,4,68,0.496547,0.4608,True,False,body,40.0,35.0,-10.0
1142,56124,25.0,2,56,0.496235,0.4532,True,False,wall,20.0,15.0,-10.0
1143,56138,1.0,0,14,0.496156,0.5999,True,False,wall,0.0,11.0,-10.0
1144,56189,26.0,2,51,0.495872,0.5648,True,False,wall,20.0,16.0,-10.0
1145,56210,-4.0,0,21,0.495755,0.4954,True,False,wall,0.0,6.0,-10.0
1146,56274,51.0,4,64,0.495399,0.4677,True,False,body,40.0,21.0,-10.0
1147,56333,45.0,3,59,0.49507,0.6341,True,False,body,30.0,25.0,-10.0
1148,56354,9.0,1,21,0.494953,0.607,True,False,wall,10.0,9.0,-10.0
1149,56375,-6.0,0,21,0.494837,0.5405,True,False,wall,0.0,4.0,-10.0
1150,56430,70.0,4,55,0.494531,0.5825,True,False,body,40.0,40.0,-10.0
1151,56495,33.0,3,65,0.49417,0.5699,True,False,body,30.0,13.0,-10.0
1152,56522,20.0,2,27,0.49402,0.7481,True,False,wall,20.0,10.0,-10.0
1153,56555,22.0,2,33,0.493837,0.6492,True,False,wall,20.0,12.0,-10.0
1154,56588,30.0,2,33,0.493654,0.6991,True,False,wall,20.0,20.0,-10.0
1155,56672,75.0,4,84,0.493188,0.637,True,False,wall,40.0,45.0,-10.0
1156,56753,56.0,4,81,0.49274,0.5907,True,False,wall,40.0,26.0,-10.0
1157,56805,63.0,4,52,0.492452,0.5084,True,False,body,40.0,33.0,-10.0
1158,56845,40.0,3,40,0.492231,0.4146,True,False,body,30.0,20.0,-10.0
1159,56862,-2.0,0,17,0.492137,0.3724,True,False,wall,0.0,8.0,-10.0
1160,56879,7.0,1,17,0.492043,0.3858,True,False,wall,10.0,7.0,-10.0
1161,56930,11.0,1,51,0.491761,0.4503,True,False,wall,10.0,11.0,-10.0
1162,57046,84.0,5,116,0.491121,0.4764,True,False,body,50.0,44.0,-10.0
1163,57186,152.0,9,140,0.49035,0.4494,True,False,body,90.0,72.0,-10.0
1164,57202,12.0,1,16,0.490262,0.4032,True,False,wall,10.0,12.0,-10.0
1165,57266,27.0,2,64,0.48991,0.4811,True,False,wall,20.0,17.0,-10.0
1166,57315,39.0,3,49,0.48964,0.4493,True,False,body,30.0,19.0,-10.0
1167,57378,51.0,3,63,0.489294,0.5174,True,False,wall,30.0,31.0,-10.0
1168,57424,38.0,3,46,0.489042,0.6155,True,False,wall,30.0,18.0,-10.0
1169,57485,60.0,4,61,0.488707,0.6709,True,False,body,40.0,30.0,-10.0
1170,57508,13.0,1,23,0.488581,0.8172,True,False,wall,10.0,13.0,-10.0
1171,57532,-9.0,0,24,0.48845,0.739,True,False,wall,0.0,1.0,-10.0
1172,57608,100.0,7,76,0.488033,0.6011,True,False,body,70.0,40.0,-10.0
1173,57656,41.0,2,48,0.48777,0.7396,True,False,wall,20.0,31.0,-10.0
1174,57676,-9.0,0,20,0.487661,0.7941,True,False,wall,0.0,1.0,-10.0
1175,57825,98.0,6,149,0.486847,0.6534,True,False,body,60.0,48.0,-10.0
1176,57941,96.0,5,116,0.486214,0.6203,True,False,body,50.0,56.0,-10.0
1177,57977,40.0,3,36,0.486017,0.6775,True,False,wall,30.0,20.0,-10.0
1178,58014,13.0,1,37,0.485816,0.6806,True,False,wall,10.0,13.0,-10.0
1179,58091,51.0,3,77,0.485397,0.803,True,False,body,30.0,31.0,-10.0
1180,58112,13.0,1,21,0.485282,0.7707,True,False,wall,10.0,13.0,-10.0
1181,58160,23.0,2,48,0.485021,0.5754,True,False,wall,20.0,13.0,-10.0
1182,58198,29.0,2,38,0.484815,0.6915,True,False,wall,20.0,19.0,-10.0
1183,58256,57.0,4,58,0.484499,0.6885,True,False,body,40.0,27.0,-10.0
1184,58322,35.0,2,66,0.484141,0.5718,True,False,wall,20.0,25.0,-10.0
1185,58348,1.0,0,26,0.484,0.4974,True,False,wall,0.0,11.0,-10.0
1186,58363,7.0,1,15,0.483919,0.4439,True,False,wall,10.0,7.0,-10.0
1187,58417,33.0,2,54,0.483626,0.489,True,False,wall,20.0,23.0,-10.0
1188,58515,90.0,7,98,0.483095,0.4561,True,False,body,70.0,30.0,-10.0
1189,58558,19.0,1,43,0.482862,0.3963,True,False,wall,10.0,19.0,-10.0
1190,58632,50.0,3,74,0.482462,0.4488,True,False,body,30.0,30.0,-10.0
1191,58673,43.0,3,41,0.482241,0.4461,True,False,body,30.0,23.0,-10.0
1192,58708,-4.0,0,35,0.482051,0.4417,True,False,wall,0.0,6.0,-10.0
1193,58759,47.0,3,51,0.481776,0.4197,True,False,body,30.0,27.0,-10.0
1194,58845,65.0,4,86,0.481312,0.4355,True,False,body,40.0,35.0,-10.0
1195,58892,43.0,3,47,0.481059,0.4556,True,False,body,30.0,23.0,-10.0
1196,58979,93.0,5,87,0.48059,0.4822,True,False,body,50.0,53.0,-10.0
1197,59015,36.0,3,36,0.480397,0.5115,True,False,wall,30.0,16.0,-10.0
1198,59052,37.0,3,37,0.480198,0.5119,True,False,wall,30.0,17.0,-10.0
1199,59095,44.0,4,43,0.479966,0.7626,True,False,body,40.0,14.0,-10.0
1200,59110,0.0,0,15,0.479886,0.8067,True,False,wall,0.0,10.0,-10.0
1201,59173,53.0,3,63,0.479547,0.7852,True,False,body,30.0,33.0,-10.0
1202,59196,13.0,1,23,0.479424,0.7311,True,False,wall,10.0,13.0,-10.0
1203,59235,39.0,3,39,0.479215,0.4863,True,False,wall,30.0,19.0,-10.0
1204,59290,41.0,3,55,0.47892,0.6556,True,False,wall,30.0,21.0,-10.0
1205,59327,39.0,3,37,0.478721,0.5381,True,False,body,30.0,19.0,-10.0
1206,59378,43.0,3,51,0.478448,0.6606,True,False,wall,30.0,23.0,-10.0
1207,59400,12.0,1,22,0.47833,0.6227,True,False,wall,10.0,12.0,-10.0
1208,59414,4.0,1,14,0.478255,0.6091,True,False,wall,10.0,4.0,-10.0
1209,59435,-2.0,0,21,0.478143,0.5783,True,False,wall,0.0,8.0,-10.0
1210,59491,38.0,3,56,0.477843,0.4549,True,False,wall,30.0,18.0,-10.0
1211,59555,50.0,3,64,0.477501,0.4094,True,False,wall,30.0,30.0,-10.0
1212,59580,7.0,1,25,0.477368,0.3819,True,False,wall,10.0,7.0,-10.0
1213,59658,46.0,3,78,0.476951,0.426,True,False,body,30.0,26.0,-10.0
1214,59730,64.0,5,72,0.476567,0.4073,True,False,wall,50.0,24.0,-10.0
1215,59776,36.0,3,46,0.476322,0.5226,True,False,body,30.0,16.0,-10.0
1216,59813,41.0,3,37,0.476125,0.4527,True,False,body,30.0,21.0,-10.0
1217,59824,9.0,1,11,0.476066,0.4339,True,False,wall,10.0,9.0,-10.0
1218,59856,45.0,4,32,0.475896,0.4691,True,False,body,40.0,15.0,-10.0
1219,59889,43.0,3,33,0.47572,0.4262,True,False,body,30.0,23.0,-10.0
1220,59950,64.0,4,61,0.475396,0.4812,True,False,body,40.0,34.0,-10.0
1221,60038,62.0,3,88,0.474928,0.4373,True,False,body,30.0,42.0,-10.0
1222,60088,44.0,3,50,0.474663,0.4367,True,False,body,30.0,24.0,-10.0
1223,60166,59.0,4,78,0.474249,0.4516,True,False,wall,40.0,29.0,-10.0
1224,60243,49.0,3,77,0.473841,0.5494,True,False,body,30.0,29.0,-10.0
1225,60268,15.0,1,25,0.473708,0.8033,True,False,wall,10.0,15.0,-10.0
1226,60390,103.0,6,122,0.473062,0.8311,True,False,body,60.0,53.0,-10.0
1227,60413,13.0,1,23,0.472941,0.8457,True,False,wall,10.0,13.0,-10.0
1228,60494,47.0,3,81,0.472513,0.8378,True,False,body,30.0,27.0,-10.0
1229,60506,-1.0,0,12,0.472449,0.5245,True,False,wall,0.0,9.0,-10.0
1230,60621,111.0,7,115,0.471843,0.5924,True,False,body,70.0,51.0,-10.0
1231,60633,-3.0,0,12,0.471779,0.5055,True,False,wall,0.0,7.0,-10.0
1232,60681,76.0,5,48,0.471526,0.5463,True,False,body,50.0,36.0,-10.0
1233,60739,33.0,2,58,0.471221,0.6637,True,False,wall,20.0,23.0,-10.0
1234,60813,78.0,5,74,0.470831,0.5862,True,False,wall,50.0,38.0,-10.0
1235,60883,73.0,4,70,0.470463,0.5237,True,False,body,40.0,43.0,-10.0
1236,60897,1.0,0,14,0.47039,0.4957,True,False,wall,0.0,11.0,-10.0
1237,60925,1.0,0,28,0.470243,0.4722,True,False,wall,0.0,11.0,-10.0
1238,60938,7.0,1,13,0.470174,0.6518,True,False,wall,10.0,7.0,-10.0
1239,60982,29.0,2,44,0.469943,0.6172,True,False,wall,20.0,19.0,-10.0
1240,60998,-7.0,0,16,0.469859,0.524,True,False,wall,0.0,3.0,-10.0
1241,61047,37.0,3,49,0.469602,0.5127,True,False,wall,30.0,17.0,-10.0
1242,61071,6.0,1,24,0.469476,0.501,True,False,wall,10.0,6.0,-10.0
1243,61083,19.0,2,12,0.469413,0.5371,True,False,wall,20.0,9.0,-10.0
1244,61171,49.0,4,88,0.468952,0.5572,True,False,wall,40.0,19.0,-10.0
1245,61213,23.0,2,42,0.468732,0.7066,True,False,wall,20.0,13.0,-10.0
1246,61312,84.0,4,99,0.468215,0.7278,True,False,body,40.0,54.0,-10.0
1247,61344,1.0,0,32,0.468047,0.4747,True,False,wall,0.0,11.0,-10.0
1248,61391,47.0,3,47,0.467802,0.535,True,False,body,30.0,27.0,-10.0
1249,61477,74.0,5,86,0.467353,0.561,True,False,wall,50.0,34.0,-10.0
1250,61535,65.0,4,58,0.46705,0.5102,True,False,wall,40.0,35.0,-10.0
1251,61641,92.0,5,106,0.466498,0.5123,True,False,body,50.0,52.0,-10.0
1252,61685,24.0,1,44,0.466269,0.4147,True,False,wall,10.0,24.0,-10.0
1253,61793,55.0,4,108,0.465708,0.479,True,False,body,40.0,25.0,-10.0
1254,61869,70.0,5,76,0.465313,0.4502,True,False,wall,50.0,30.0,-10.0
1255,61960,52.0,4,91,0.464841,0.4711,True,False,wall,40.0,22.0,-10.0
1256,62064,57.0,4,104,0.464302,0.6444,True,False,body,40.0,27.0,-10.0
1257,62100,35.0,2,36,0.464115,0.6372,True,False,wall,20.0,25.0,-10.0
1258,62115,-2.0,0,15,0.464038,0.6309,True,False,wall,0.0,8.0,-10.0
1259,62128,-6.0,0,13,0.463971,0.6412,True,False,wall,0.0,4.0,-10.0
1260,62138,-5.0,0,10,0.463919,0.6412,True,False,wall,0.0,5.0,-10.0
1261,62211,59.0,3,73,0.463541,0.5127,True,False,body,30.0,39.0,-10.0
1262,62234,2.0,0,23,0.463422,0.5701,True,False,wall,0.0,12.0,-10.0
1263,62306,54.0,3,72,0.46305,0.6211,True,False,body,30.0,34.0,-10.0
1264,62362,50.0,3,56,0.462761,0.4375,True,False,body,30.0,30.0,-10.0
1265,62486,120.0,7,124,0.462122,0.474,True,False,body,70.0,60.0,-10.0
1266,62567,89.0,5,81,0.461705,0.4704,True,False,body,50.0,49.0,-10.0
1267,62691,112.0,7,124,0.461067,0.5107,True,False,body,70.0,52.0,-10.0
1268,62772,75.0,5,81,0.460651,0.7964,True,False,body,50.0,35.0,-10.0
1269,62836,63.0,4,64,0.460323,0.8057,True,False,body,40.0,33.0,-10.0
1270,62912,52.0,3,76,0.459933,0.6967,True,False,wall,30.0,32.0,-10.0
1271,62981,58.0,4,69,0.45958,0.7704,True,False,body,40.0,28.0,-10.0
1272,63147,154.0,9,166,0.458731,0.6671,True,False,wall,90.0,74.0,-10.0
1273,63284,130.0,8,137,0.458032,0.7276,True,False,body,80.0,60.0,-10.0
1274,63311,15.0,1,27,0.457894,0.8976,True,False,wall,10.0,15.0,-10.0
1275,63414,89.0,5,103,0.457369,0.7141,True,False,body,50.0,49.0,-10.0
1276,63483,49.0,3,69,0.457018,0.8116,True,False,body,30.0,29.0,-10.0
1277,63566,53.0,3,83,0.456596,0.5326,True,False,body,30.0,33.0,-10.0
1278,63623,53.0,3,57,0.456306,0.5037,True,False,wall,30.0,33.0,-10.0
1279,63637,8.0,1,14,0.456235,0.4956,True,False,wall,10.0,8.0,-10.0
1280,63652,11.0,1,15,0.456159,0.5666,True,False,wall,10.0,11.0,-10.0
1281,63712,48.0,3,60,0.455855,0.4679,True,False,body,30.0,28.0,-10.0
1282,63745,7.0,1,33,0.455687,0.9133,True,False,wall,10.0,7.0,-10.0
1283,63815,58.0,3,70,0.455332,0.6859,True,False,body,30.0,38.0,-10.0
1284,63852,28.0,2,37,0.455145,0.6814,True,False,wall,20.0,18.0,-10.0
1285,63930,58.0,3,78,0.45475,0.4941,True,False,wall,30.0,38.0,-10.0
1286,63947,7.0,1,17,0.454664,0.5088,True,False,wall,10.0,7.0,-10.0
1287,64019,82.0,5,72,0.4543,0.4597,True,False,wall,50.0,42.0,-10.0
1288,64084,64.0,4,65,0.453972,0.4609,True,False,body,40.0,34.0,-10.0
1289,64158,59.0,4,74,0.453598,0.436,True,False,wall,40.0,29.0,-10.0
1290,64202,33.0,2,44,0.453376,0.4927,True,False,wall,20.0,23.0,-10.0
1291,64258,42.0,3,56,0.453094,0.5901,True,False,body,30.0,22.0,-10.0
1292,64305,32.0,2,47,0.452857,0.6014,True,False,wall,20.0,22.0,-10.0
1293,64353,34.0,3,48,0.452616,0.682,True,False,wall,30.0,14.0,-10.0
1294,64370,5.0,1,17,0.45253,0.5056,True,False,wall,10.0,5.0,-10.0
1295,64456,88.0,5,86,0.452098,0.6339,True,False,wall,50.0,48.0,-10.0
1296,64591,112.0,6,135,0.45142,0.5488,True,False,body,60.0,62.0,-10.0
1297,64607,-1.0,0,16,0.451339,0.597,True,False,wall,0.0,9.0,-10.0
1298,64671,57.0,4,64,0.451018,0.5264,True,False,wall,40.0,27.0,-10.0
1299,64693,-5.0,0,22,0.450908,0.5405,True,False,wall,0.0,5.0,-10.0
1300,64777,89.0,6,84,0.450487,0.5152,True,False,body,60.0,39.0,-10.0
1301,64834,55.0,3,57,0.450202,0.5398,True,False,body,30.0,35.0,-10.0
1302,64856,23.0,2,22,0.450092,0.6341,True,False,wall,20.0,13.0,-10.0
1303,64881,9.0,1,25,0.449967,0.7047,True,False,wall,10.0,9.0,-10.0
1304,64895,8.0,1,14,0.449897,0.7485,True,False,wall,10.0,8.0,-10.0
1305,64925,31.0,2,30,0.449747,0.5985,True,False,wall,20.0,21.0,-10.0
1306,64940,7.0,1,15,0.449672,0.5217,True,False,wall,10.0,7.0,-10.0
1307,65010,68.0,5,70,0.449323,0.5598,True,False,wall,50.0,28.0,-10.0
1308,65087,51.0,3,77,0.448938,0.5652,True,False,body,30.0,31.0,-10.0
1309,65180,43.0,3,93,0.448475,0.717,True,False,wall,30.0,23.0,-10.0
1310,65232,24.0,1,52,0.448216,0.6595,True,False,wall,10.0,24.0,-10.0
1311,65323,89.0,5,91,0.447763,0.705,True,False,body,50.0,49.0,-10.0
1312,65371,44.0,3,48,0.447525,0.5208,True,False,body,30.0,24.0,-10.0
1313,65407,32.0,3,36,0.447346,0.6859,True,False,body,30.0,12.0,-10.0
1314,65478,72.0,4,71,0.446993,0.6262,True,False,wall,40.0,42.0,-10.0
1315,65515,19.0,1,37,0.44681,0.6458,True,False,wall,10.0,19.0,-10.0
1316,65622,113.0,7,107,0.446279,0.635,True,False,body,70.0,53.0,-10.0
1317,65641,11.0,1,19,0.446185,0.4864,True,False,wall,10.0,11.0,-10.0
1318,65720,63.0,3,79,0.445794,0.6379,True,False,body,30.0,43.0,-10.0
1319,65804,66.0,5,84,0.445379,0.5113,True,False,body,50.0,26.0,-10.0
1320,65876,47.0,4,72,0.445023,0.6438,True,False,body,40.0,17.0,-10.0
1321,65949,38.0,2,73,0.444663,0.5189,True,False,wall,20.0,28.0,-10.0
1322,66031,81.0,4,82,0.444259,0.5531,True,False,body,40.0,51.0,-10.0
1323,66069,17.0,2,38,0.444071,0.4956,True,False,wall,20.0,7.0,-10.0
1324,66205,142.0,7,136,0.443402,0.5318,True,False,wall,70.0,82.0,-10.0
1325,66234,20.0,2,29,0.44326,0.554,True,False,wall,20.0,10.0,-10.0
1326,66287,34.0,2,53,0.442999,0.5999,True,False,wall,20.0,24.0,-10.0
1327,66365,54.0,3,78,0.442616,0.4865,True,False,body,30.0,34.0,-10.0
1328,66393,14.0,1,28,0.442479,0.4815,True,False,wall,10.0,14.0,-10.0
1329,66494,63.0,3,101,0.441984,0.5478,True,False,body,30.0,43.0,-10.0
1330,66525,26.0,2,31,0.441832,0.5587,True,False,wall,20.0,16.0,-10.0
1331,66571,42.0,3,46,0.441606,0.579,True,False,body,30.0,22.0,-10.0
1332,66613,21.0,2,42,0.441401,0.6487,True,False,wall,20.0,11.0,-10.0
1333,66667,23.0,2,54,0.441137,0.6192,True,False,wall,20.0,13.0,-10.0
1334,66713,51.0,4,46,0.440912,0.5698,True,False,wall,40.0,21.0,-10.0
1335,66727,1.0,0,14,0.440844,0.5399,True,False,wall,0.0,11.0,-10.0
1336,66822,128.0,8,95,0.44038,0.5695,True,False,body,80.0,58.0,-10.0
1337,66857,39.0,3,35,0.440209,0.5208,True,False,body,30.0,19.0,-10.0
1338,66917,29.0,2,60,0.439916,0.6139,True,False,wall,20.0,19.0,-10.0
1339,66927,-5.0,0,10,0.439868,0.6679,True,False,wall,0.0,5.0,-10.0
1340,66947,23.0,2,20,0.43977,0.5731,True,False,wall,20.0,13.0,-10.0
1341,67027,78.0,5,80,0.439381,0.5843,True,False,body,50.0,38.0,-10.0
1342,67065,31.0,2,38,0.439196,0.573,True,False,wall,20.0,21.0,-10.0
1343,67105,21.0,2,40,0.439001,0.6644,True,False,wall,20.0,11.0,-10.0
1344,67179,60.0,3,74,0.438641,0.55,True,False,body,30.0,40.0,-10.0
1345,67217,22.0,1,38,0.438457,0.5693,True,False,wall,10.0,22.0,-10.0
1346,67263,29.0,2,46,0.438234,0.5263,True,False,wall,20.0,19.0,-10.0
1347,67286,0.0,0,23,0.438122,0.5417,True,False,wall,0.0,10.0,-10.0
1348,67328,22.0,1,42,0.437918,0.5914,True,False,wall,10.0,22.0,-10.0
1349,67367,19.0,1,39,0.437729,0.5412,True,False,wall,10.0,19.0,-10.0
1350,67390,9.0,1,23,0.437618,0.6215,True,False,wall,10.0,9.0,-10.0
1351,67448,46.0,3,58,0.437337,0.574,True,False,wall,30.0,26.0,-10.0
1352,67505,56.0,4,57,0.437061,0.6414,True,False,body,40.0,26.0,-10.0
1353,67529,38.0,3,24,0.436945,0.5847,True,False,wall,30.0,18.0,-10.0
1354,67626,72.0,4,97,0.436476,0.8968,True,False,body,40.0,42.0,-10.0
1355,67657,13.0,1,31,0.436326,1.4686,True,False,wall,10.0,13.0,-10.0
1356,67714,60.0,4,57,0.436051,0.7228,True,False,body,40.0,30.0,-10.0
1357,67735,9.0,1,21,0.43595,0.7416,True,False,wall,10.0,9.0,-10.0
1358,67775,27.0,2,40,0.435757,0.591,True,False,wall,20.0,17.0,-10.0
1359,67812,22.0,2,37,0.435578,0.5534,True,False,wall,20.0,12.0,-10.0
1360,67908,83.0,6,96,0.435116,0.5485,True,False,body,60.0,33.0,-10.0
1361,67951,45.0,3,43,0.434909,0.5527,True,False,wall,30.0,25.0,-10.0
1362,67973,10.0,1,22,0.434803,0.5858,True,False,wall,10.0,10.0,-10.0
1363,67985,8.0,1,12,0.434746,0.6351,True,False,wall,10.0,8.0,-10.0
1364,68176,178.0,10,191,0.433828,0.5788,True,False,wall,100.0,88.0,-10.0
1365,68190,-1.0,0,14,0.433761,0.5993,True,False,wall,0.0,9.0,-10.0
1366,68218,12.0,1,28,0.433627,0.5135,True,False,wall,10.0,12.0,-10.0
1367,68355,136.0,8,137,0.43297,0.5878,True,False,body,80.0,66.0,-10.0
1368,68508,122.0,6,153,0.432239,0.5182,True,False,body,60.0,72.0,-10.0
1369,68523,9.0,1,15,0.432167,0.4541,True,False,wall,10.0,9.0,-10.0
1370,68573,42.0,3,50,0.431928,0.4284,True,False,wall,30.0,22.0,-10.0
1371,68615,47.0,4,42,0.431728,0.6448,True,False,body,40.0,17.0,-10.0
1372,68633,12.0,1,18,0.431642,0.7737,True,False,wall,10.0,12.0,-10.0
1373,68689,40.0,3,56,0.431375,0.6478,True,False,body,30.0,20.0,-10.0
1374,68773,71.0,4,84,0.430974,0.6345,True,False,body,40.0,41.0,-10.0
1375,68821,35.0,2,48,0.430746,0.5644,True,False,wall,20.0,25.0,-10.0
1376,68878,40.0,2,57,0.430475,0.543,True,False,wall,20.0,30.0,-10.0
1377,68946,56.0,3,68,0.430151,0.5332,True,False,body,30.0,36.0,-10.0
1378,68972,10.0,1,26,0.430028,0.5462,True,False,wall,10.0,10.0,-10.0
1379,69011,13.0,1,39,0.429843,0.535,True,False,wall,10.0,13.0,-10.0
1380,69049,23.0,2,38,0.429662,0.5333,True,False,wall,20.0,13.0,-10.0
1381,69127,92.0,5,78,0.429292,0.528,True,False,wall,50.0,52.0,-10.0
1382,69150,15.0,1,23,0.429183,0.5416,True,False,wall,10.0,15.0,-10.0
1383,69206,35.0,2,56,0.428918,0.5159,True,False,wall,20.0,25.0,-10.0
1384,69216,-3.0,0,10,0.428871,0.4851,True,False,wall,0.0,7.0,-10.0
1385,69259,47.0,3,43,0.428667,0.4845,True,False,body,30.0,27.0,-10.0
1386,69346,70.0,4,87,0.428255,0.6466,True,False,body,40.0,40.0,-10.0
1387,69411,52.0,2,65,0.427948,0.6686,True,False,wall,20.0,42.0,-10.0
1388,69509,100.0,5,98,0.427486,0.5407,True,False,body,50.0,60.0,-10.0
1389,69575,62.0,3,66,0.427174,0.5458,True,False,body,30.0,42.0,-10.0
1390,69681,100.0,5,106,0.426675,0.5328,True,False,wall,50.0,60.0,-10.0
1391,69809,131.0,8,128,0.426073,0.5364,True,False,body,80.0,61.0,-10.0
1392,69833,3.0,0,24,0.42596,0.4954,True,False,wall,0.0,13.0,-10.0
1393,69889,50.0,3,56,0.425697,0.5248,True,False,body,30.0,30.0,-10.0
1394,70013,129.0,8,124,0.425115,0.5321,True,False,body,80.0,59.0,-10.0
1395,70052,30.0,2,39,0.424932,0.6223,True,False,wall,20.0,20.0,-10.0
1396,70128,75.0,4,76,0.424576,0.5519,True,False,wall,40.0,45.0,-10.0
1397,70172,38.0,3,44,0.42437,0.5655,True,False,body,30.0,18.0,-10.0
1398,70254,79.0,6,82,0.423987,0.598,True,False,body,60.0,29.0,-10.0
1399,70312,56.0,3,58,0.423715,0.5145,True,False,wall,30.0,36.0,-10.0
1400,70365,49.0,3,53,0.423468,0.5559,True,False,wall,30.0,29.0,-10.0
1401,70454,69.0,5,89,0.423053,0.5573,True,False,body,50.0,29.0,-10.0
1402,70555,83.0,5,101,0.422582,0.5975,True,False,wall,50.0,43.0,-10.0
1403,70592,37.0,3,37,0.42241,0.5843,True,False,wall,30.0,17.0,-10.0
1404,70660,60.0,3,68,0.422093,0.6479,True,False,wall,30.0,40.0,-10.0
1405,70682,1.0,0,22,0.421991,0.6218,True,False,wall,0.0,11.0,-10.0
1406,70710,14.0,1,28,0.421861,0.5241,True,False,wall,10.0,14.0,-10.0
1407,70757,21.0,1,47,0.421642,0.7154,True,False,wall,10.0,21.0,-10.0
1408,70776,9.0,1,19,0.421554,0.6172,True,False,wall,10.0,9.0,-10.0
1409,70854,52.0,3,78,0.421192,0.6442,True,False,wall,30.0,32.0,-10.0
1410,70892,47.0,4,38,0.421016,0.5924,True,False,body,40.0,17.0,-10.0
1411,70908,10.0,1,16,0.420942,0.9163,True,False,wall,10.0,10.0,-10.0
1412,70928,14.0,1,20,0.420849,0.8797,True,False,wall,10.0,14.0,-10.0
1413,71023,95.0,5,95,0.420409,0.7345,True,False,body,50.0,55.0,-10.0
1414,71044,11.0,1,21,0.420312,0.5774,True,False,wall,10.0,11.0,-10.0
1415,71110,55.0,4,66,0.420006,0.6132,True,False,body,40.0,25.0,-10.0
1416,71127,20.0,2,17,0.419928,0.5778,True,False,wall,20.0,10.0,-10.0
1417,71253,143.0,8,126,0.419345,0.6451,True,False,body,80.0,73.0,-10.0
1418,71319,72.0,5,66,0.419041,0.5731,True,False,wall,50.0,32.0,-10.0
1419,71364,49.0,3,45,0.418833,0.6481,True,False,body,30.0,29.0,-10.0
1420,71404,62.0,5,40,0.418649,0.5475,True,False,body,50.0,22.0,-10.0
1421,71434,8.0,1,30,0.418511,0.5412,True,False,wall,10.0,8.0,-10.0
1422,71466,20.0,1,32,0.418363,0.7864,True,False,wall,10.0,20.0,-10.0
1423,71544,59.0,4,78,0.418004,0.5661,True,False,wall,40.0,29.0,-10.0
1424,71616,10.0,1,72,0.417673,0.5973,True,False,wall,10.0,10.0,-10.0
1425,71693,59.0,3,77,0.41732,0.5018,True,False,wall,30.0,39.0,-10.0
1426,71724,30.0,2,31,0.417177,0.5203,True,False,wall,20.0,20.0,-10.0
1427,71781,35.0,3,57,0.416916,0.6445,True,False,body,30.0,15.0,-10.0
1428,71794,9.0,1,13,0.416856,0.5714,True,False,wall,10.0,9.0,-10.0
1429,71807,11.0,1,13,0.416797,0.5152,True,False,wall,10.0,11.0,-10.0
1430,71822,9.0,1,15,0.416728,0.5796,True,False,wall,10.0,9.0,-10.0
1431,71843,13.0,1,21,0.416632,0.5436,True,False,wall,10.0,13.0,-10.0
1432,71853,6.0,1,10,0.416586,0.5968,True,False,wall,10.0,6.0,-10.0
1433,71947,80.0,5,94,0.416155,0.5047,True,False,body,50.0,40.0,-10.0
1434,71998,30.0,2,51,0.415922,0.5896,True,False,wall,20.0,20.0,-10.0
1435,72058,68.0,5,60,0.415648,0.5894,True,False,wall,50.0,28.0,-10.0
1436,72171,74.0,4,113,0.415131,0.6518,True,False,body,40.0,44.0,-10.0
1437,72241,76.0,5,70,0.414812,0.6575,True,False,body,50.0,36.0,-10.0
1438,72292,43.0,3,51,0.41458,0.5953,True,False,body,30.0,23.0,-10.0
1439,72348,59.0,4,56,0.414324,0.5013,True,False,body,40.0,29.0,-10.0
1440,72486,166.0,11,138,0.413697,0.6506,True,False,wall,110.0,66.0,-10.0
1441,72583,76.0,4,97,0.413256,0.5525,True,False,wall,40.0,46.0,-10.0
1442,72638,73.0,5,55,0.413006,0.6996,True,False,body,50.0,33.0,-10.0
1443,72654,10.0,1,16,0.412934,0.7447,True,False,wall,10.0,10.0,-10.0
1444,72699,47.0,3,45,0.412729,0.629,True,False,wall,30.0,27.0,-10.0
1445,72774,76.0,4,75,0.41239,0.5468,True,False,body,40.0,46.0,-10.0
1446,72906,103.0,6,132,0.411792,0.4902,True,False,wall,60.0,53.0,-10.0
1447,72943,28.0,2,37,0.411625,0.5246,True,False,wall,20.0,18.0,-10.0
1448,73003,70.0,5,60,0.411354,0.5132,True,False,wall,50.0,30.0,-10.0
1449,73025,8.0,1,22,0.411254,0.6342,True,False,wall,10.0,8.0,-10.0
1450,73070,43.0,3,45,0.411051,0.5572,True,False,body,30.0,23.0,-10.0
1451,73157,55.0,3,87,0.410659,0.6112,True,False,wall,30.0,35.0,-10.0
1452,73255,118.0,7,98,0.410217,0.8405,True,False,wall,70.0,58.0,-10.0
1453,73316,57.0,3,61,0.409943,0.9474,True,False,wall,30.0,37.0,-10.0
1454,73380,36.0,3,64,0.409655,0.8111,True,False,wall,30.0,16.0,-10.0
1455,73527,189.0,11,147,0.408995,0.541,True,False,wall,110.0,89.0,-10.0
1456,73539,1.0,0,12,0.408941,0.4209,True,False,wall,0.0,11.0,-10.0
1457,73577,33.0,2,38,0.40877,0.5058,True,False,wall,20.0,23.0,-10.0
1458,73603,45.0,4,26,0.408654,0.553,True,False,wall,40.0,15.0,-10.0
1459,73628,39.0,3,25,0.408542,0.5027,True,False,wall,30.0,19.0,-10.0
1460,73647,0.0,0,19,0.408456,0.5208,True,False,wall,0.0,10.0,-10.0
1461,73725,95.0,6,78,0.408107,0.6031,True,False,wall,60.0,45.0,-10.0
1462,73848,112.0,6,123,0.407557,0.6159,True,False,body,60.0,62.0,-10.0
1463,73889,22.0,2,41,0.407374,0.5338,True,False,wall,20.0,12.0,-10.0
1464,73950,49.0,3,61,0.407101,0.6079,True,False,body,30.0,29.0,-10.0
1465,74040,95.0,6,90,0.4067,0.6855,True,False,body,60.0,45.0,-10.0
1466,74103,73.0,5,63,0.406419,0.7198,True,False,body,50.0,33.0,-10.0
1467,74124,22.0,2,21,0.406326,0.5199,True,False,wall,20.0,12.0,-10.0
1468,74207,89.0,5,83,0.405956,0.5561,True,False,body,50.0,49.0,-10.0
1469,74242,37.0,3,35,0.4058,0.5437,True,False,body,30.0,17.0,-10.0
1470,74294,43.0,4,52,0.405569,0.4742,True,False,body,40.0,13.0,-10.0
1471,74374,56.0,3,80,0.405214,0.5579,True,False,body,30.0,36.0,-10.0
1472,74409,32.0,2,35,0.405058,0.7918,True,False,wall,20.0,22.0,-10.0
1473,74487,57.0,4,78,0.404712,0.7457,True,False,wall,40.0,27.0,-10.0
1474,74559,91.0,6,72,0.404393,0.7028,True,False,body,60.0,41.0,-10.0
1475,74582,13.0,1,23,0.404291,0.5604,True,False,wall,10.0,13.0,-10.0
1476,74672,75.0,4,90,0.403893,0.688,True,False,body,40.0,45.0,-10.0
1477,74711,45.0,3,39,0.403721,1.085,True,False,body,30.0,25.0,-10.0
1478,74819,86.0,5,108,0.403243,0.8067,True,False,body,50.0,46.0,-10.0
1479,74862,37.0,3,43,0.403054,0.8844,True,False,body,30.0,17.0,-10.0
1480,74956,75.0,4,94,0.402639,0.7958,True,False,body,40.0,45.0,-10.0
1481,74975,9.0,1,19,0.402555,0.7126,True,False,wall,10.0,9.0,-10.0
1482,75014,35.0,3,39,0.402383,0.571,True,False,body,30.0,15.0,-10.0
1483,75059,32.0,2,45,0.402185,0.6865,True,False,wall,20.0,22.0,-10.0
1484,75144,87.0,5,85,0.401811,0.6177,True,False,wall,50.0,47.0,-10.0
1485,75179,54.0,4,35,0.401657,0.6375,True,False,body,40.0,24.0,-10.0
1486,75207,30.0,3,28,0.401534,0.5472,True,False,wall,30.0,10.0,-10.0
1487,75242,43.0,3,35,0.401381,0.6389,True,False,wall,30.0,23.0,-10.0
1488,75292,42.0,3,50,0.401161,0.5408,True,False,body,30.0,22.0,-10.0
1489,75424,119.0,8,132,0.400582,0.6301,True,False,body,80.0,49.0,-10.0
1490,75492,44.0,3,68,0.400284,0.6197,True,False,wall,30.0,24.0,-10.0
1491,75580,88.0,5,88,0.399899,0.5178,True,False,wall,50.0,48.0,-10.0
1492,75591,9.0,1,11,0.399851,0.4981,True,False,wall,10.0,9.0,-10.0
1493,75638,47.0,3,47,0.399645,0.5539,True,False,body,30.0,27.0,-10.0
1494,75695,53.0,3,57,0.399396,0.6537,True,False,body,30.0,33.0,-10.0
1495,75722,9.0,1,27,0.399279,0.4656,True,False,wall,10.0,9.0,-10.0
1496,75803,67.0,3,81,0.398925,0.5289,True,False,wall,30.0,47.0,-10.0
1497,75869,73.0,4,66,0.398637,0.5185,True,False,wall,40.0,43.0,-10.0
1498,75888,13.0,1,19,0.398555,0.4485,True,False,wall,10.0,13.0,-10.0
1499,76025,117.0,7,137,0.397958,0.6157,True,False,body,70.0,57.0,-10.0
1500,76040,11.0,1,15,0.397893,0.7266,True,False,wall,10.0,11.0,-10.0
1501,76108,50.0,3,68,0.397597,0.664,True,False,body,30.0,30.0,-10.0
1502,76180,68.0,5,72,0.397285,0.5509,True,False,wall,50.0,28.0,-10.0
1503,76245,73.0,5,65,0.397003,0.4974,True,False,body,50.0,33.0,-10.0
1504,76330,78.0,4,85,0.396634,0.7462,True,False,body,40.0,48.0,-10.0
1505,76373,43.0,3,43,0.396448,0.7573,True,False,body,30.0,23.0,-10.0
1506,76470,121.0,7,97,0.396028,0.8339,True,False,wall,70.0,61.0,-10.0
1507,76525,41.0,3,55,0.39579,0.7853,True,False,body,30.0,21.0,-10.0
1508,76544,9.0,1,19,0.395708,0.6892,True,False,wall,10.0,9.0,-10.0
1509,76566,23.0,2,22,0.395613,0.724,True,False,wall,20.0,13.0,-10.0
1510,76646,94.0,5,80,0.395268,0.6679,True,False,body,50.0,54.0,-10.0
1511,76662,1.0,0,16,0.395199,0.623,True,False,wall,0.0,11.0,-10.0
1512,76683,13.0,1,21,0.395108,0.6429,True,False,wall,10.0,13.0,-10.0
1513,76727,43.0,2,44,0.394918,1.5448,True,False,wall,20.0,33.0,-10.0
1514,76756,1.0,1,29,0.394793,0.9679,True,False,wall,10.0,1.0,-10.0
1515,76814,40.0,3,58,0.394543,0.8067,True,False,wall,30.0,20.0,-10.0
1516,76912,114.0,7,98,0.394121,0.7486,True,False,body,70.0,54.0,-10.0
1517,76928,19.0,2,16,0.394053,0.6928,True,False,wall,20.0,9.0,-10.0
1518,76963,28.0,2,35,0.393902,0.6727,True,False,wall,20.0,18.0,-10.0
1519,77028,64.0,4,65,0.393623,0.7875,True,False,body,40.0,34.0,-10.0
1520,77057,31.0,3,29,0.393498,0.6921,True,False,body,30.0,11.0,-10.0
1521,77150,98.0,6,93,0.393099,0.6777,True,False,body,60.0,48.0,-10.0
1522,77188,50.0,3,38,0.392936,0.6375,True,False,wall,30.0,30.0,-10.0
1523,77297,84.0,4,109,0.392469,0.6575,True,False,wall,40.0,54.0,-10.0
1524,77476,129.0,7,179,0.391704,0.6327,True,False,wall,70.0,69.0,-10.0
1525,77560,62.0,3,84,0.391345,0.669,True,False,body,30.0,42.0,-10.0
1526,77647,71.0,5,87,0.390974,0.5562,True,False,body,50.0,31.0,-10.0
1527,77748,101.0,5,101,0.390544,0.599,True,False,wall,50.0,61.0,-10.0
1528,77824,74.0,5,76,0.390221,0.5769,True,False,wall,50.0,34.0,-10.0
1529,77881,60.0,4,57,0.389978,0.7034,True,False,body,40.0,30.0,-10.0
1530,77922,56.0,4,41,0.389804,0.5692,True,False,wall,40.0,26.0,-10.0
1531,78022,92.0,5,100,0.38938,0.6118,True,False,body,50.0,52.0,-10.0
1532,78096,67.0,4,74,0.389066,0.5626,True,False,body,40.0,37.0,-10.0
1533,78126,36.0,3,30,0.388939,0.6374,True,False,wall,30.0,16.0,-10.0
1534,78189,62.0,4,63,0.388672,0.6924,True,False,body,40.0,32.0,-10.0
1535,78244,49.0,3,55,0.388439,0.6717,True,False,body,30.0,29.0,-10.0
1536,78258,10.0,1,14,0.38838,0.7669,True,False,wall,10.0,10.0,-10.0
1537,78274,-1.0,0,16,0.388312,0.6005,True,False,wall,0.0,9.0,-10.0
1538,78328,59.0,4,54,0.388084,0.7667,True,False,wall,40.0,29.0,-10.0
1539,78388,46.0,3,60,0.387831,0.8237,True,False,wall,30.0,26.0,-10.0
1540,78405,-4.0,0,17,0.387759,0.7109,True,False,wall,0.0,6.0,-10.0
1541,78488,78.0,4,83,0.387409,0.6211,True,False,body,40.0,48.0,-10.0
1542,78505,-2.0,0,17,0.387337,0.6408,True,False,wall,0.0,8.0,-10.0
1543,78517,10.0,1,12,0.387286,0.5791,True,False,wall,10.0,10.0,-10.0
1544,78579,55.0,4,62,0.387025,0.6427,True,False,wall,40.0,25.0,-10.0
1545,78610,24.0,2,31,0.386894,0.788,True,False,wall,20.0,14.0,-10.0
1546,78644,42.0,3,34,0.386751,0.6375,True,False,body,30.0,22.0,-10.0
1547,78671,19.0,1,27,0.386638,0.8703,True,False,wall,10.0,19.0,-10.0
1548,78715,39.0,2,44,0.386453,0.5985,True,False,wall,20.0,29.0,-10.0
1549,78808,78.0,4,93,0.386062,0.8178,True,False,body,40.0,48.0,-10.0
1550,78876,63.0,4,68,0.385776,0.9457,True,False,wall,40.0,33.0,-10.0
1551,78954,79.0,4,78,0.385449,0.6805,True,False,body,40.0,49.0,-10.0
1552,79092,120.0,7,138,0.384871,0.8203,True,False,body,70.0,60.0,-10.0
1553,79130,51.0,4,38,0.384712,0.8046,True,False,body,40.0,21.0,-10.0
1554,79222,100.0,5,92,0.384327,0.7174,True,False,body,50.0,60.0,-10.0
1555,79254,-1.0,0,32,0.384193,0.602,True,False,wall,0.0,9.0,-10.0
1556,79297,50.0,4,43,0.384014,0.6035,True,False,wall,40.0,20.0,-10.0
1557,79333,23.0,2,36,0.383864,0.5787,True,False,wall,20.0,13.0,-10.0
1558,79407,58.0,3,74,0.383555,0.5628,True,False,wall,30.0,38.0,-10.0
1559,79431,10.0,1,24,0.383455,0.5352,True,False,wall,10.0,10.0,-10.0
1560,79496,70.0,4,65,0.383184,0.6831,True,False,body,40.0,40.0,-10.0
1561,79592,92.0,5,96,0.382784,0.5616,True,False,body,50.0,52.0,-10.0
1562,79650,59.0,4,58,0.382543,0.5748,True,False,body,40.0,29.0,-10.0
1563,79667,11.0,1,17,0.382473,0.7422,True,False,wall,10.0,11.0,-10.0
1564,79742,86.0,6,75,0.382161,0.5519,True,False,body,60.0,36.0,-10.0
1565,79766,21.0,2,24,0.382061,1.3052,True,False,wall,20.0,11.0,-10.0
1566,79798,36.0,3,32,0.381929,0.8059,True,False,wall,30.0,16.0,-10.0
1567,79872,59.0,4,74,0.381622,0.6686,True,False,body,40.0,29.0,-10.0
1568,79910,46.0,3,38,0.381464,0.6033,True,False,body,30.0,26.0,-10.0
1569,79932,36.0,3,22,0.381373,0.6045,True,False,wall,30.0,16.0,-10.0
1570,80016,56.0,3,84,0.381025,0.6594,True,False,wall,30.0,36.0,-10.0
1571,80062,61.0,4,46,0.380835,0.6445,True,False,wall,40.0,31.0,-10.0
1572,80136,52.0,3,74,0.380529,0.5945,True,False,wall,30.0,32.0,-10.0
1573,80178,37.0,2,42,0.380356,0.5521,True,False,wall,20.0,27.0,-10.0
1574,80223,45.0,3,45,0.38017,0.5485,True,False,wall,30.0,25.0,-10.0
1575,80320,101.0,5,97,0.37977,0.6679,True,False,body,50.0,61.0,-10.0
1576,80411,87.0,5,91,0.379395,0.5778,True,False,wall,50.0,47.0,-10.0
1577,80484,70.0,4,73,0.379094,0.5658,True,False,wall,40.0,40.0,-10.0
1578,80596,92.0,5,112,0.378634,0.5945,True,False,body,50.0,52.0,-10.0
1579,80685,106.0,6,89,0.378269,0.5481,True,False,wall,60.0,56.0,-10.0
1580,80764,69.0,3,79,0.377945,0.5692,True,False,wall,30.0,49.0,-10.0
1581,80778,-1.0,0,14,0.377887,0.494,True,False,wall,0.0,9.0,-10.0
1582,80850,91.0,6,72,0.377592,0.6089,True,False,body,60.0,41.0,-10.0
1583,80916,100.0,7,66,0.377322,0.5933,True,False,wall,70.0,40.0,-10.0
1584,80984,54.0,3,68,0.377044,0.6269,True,False,body,30.0,34.0,-10.0
1585,81016,40.0,3,32,0.376913,0.4973,True,False,wall,30.0,20.0,-10.0
1586,81065,62.0,4,49,0.376713,0.6722,True,False,wall,40.0,32.0,-10.0
1587,81102,52.0,4,37,0.376562,0.6471,True,False,wall,40.0,22.0,-10.0
1588,81130,18.0,1,28,0.376448,0.6884,True,False,wall,10.0,18.0,-10.0
1589,81185,70.0,4,55,0.376223,0.6273,True,False,body,40.0,40.0,-10.0
1590,81250,51.0,3,65,0.375958,0.7348,True,False,body,30.0,31.0,-10.0
1591,81272,12.0,1,22,0.375869,0.7635,True,False,wall,10.0,12.0,-10.0
1592,81309,39.0,3,37,0.375718,0.6346,True,False,body,30.0,19.0,-10.0
1593,81377,76.0,5,68,0.375441,0.6363,True,False,body,50.0,36.0,-10.0
1594,81548,180.0,10,171,0.374746,0.6658,True,False,body,100.0,90.0,-10.0
1595,81589,43.0,3,41,0.37458,0.6542,True,False,body,30.0,23.0,-10.0
1596,81675,86.0,5,86,0.374231,0.5499,True,False,body,50.0,46.0,-10.0
1597,81736,75.0,5,61,0.373984,0.5393,True,False,body,50.0,35.0,-10.0
1598,81789,58.0,4,53,0.37377,0.5118,True,False,wall,40.0,28.0,-10.0
1599,81861,64.0,3,72,0.373478,0.5412,True,False,wall,30.0,44.0,-10.0
1600,81896,43.0,3,35,0.373337,0.5217,True,False,body,30.0,23.0,-10.0
1601,82027,145.0,7,131,0.372808,0.5814,True,False,body,70.0,85.0,-10.0
1602,82075,46.0,3,48,0.372614,0.6242,True,False,body,30.0,26.0,-10.0
1603,82093,10.0,1,18,0.372542,0.5203,True,False,wall,10.0,10.0,-10.0
1604,82137,40.0,3,44,0.372364,0.5828,True,False,wall,30.0,20.0,-10.0
1605,82180,35.0,3,43,0.372191,0.5801,True,False,body,30.0,15.0,-10.0
1606,82222,22.0,1,42,0.372022,0.7283,True,False,wall,10.0,22.0,-10.0
1607,82309,74.0,4,87,0.371672,0.5536,True,False,wall,40.0,44.0,-10.0
1608,82360,60.0,4,51,0.371467,0.5761,True,False,body,40.0,30.0,-10.0
1609,82397,41.0,3,37,0.371318,0.61,True,False,body,30.0,21.0,-10.0
1610,82428,46.0,4,31,0.371194,0.7027,True,False,body,40.0,16.0,-10.0
1611,82574,145.0,8,146,0.370608,0.6057,True,False,body,80.0,75.0,-10.0
1612,82629,75.0,5,55,0.370388,0.6742,True,False,wall,50.0,35.0,-10.0
1613,82756,93.0,5,127,0.36988,0.7566,True,False,body,50.0,53.0,-10.0
1614,82816,74.0,5,60,0.36964,0.7478,True,False,body,50.0,34.0,-10.0
1615,82833,20.0,2,17,0.369572,0.5941,True,False,wall,20.0,10.0,-10.0
1616,82857,18.0,1,24,0.369476,0.576,True,False,wall,10.0,18.0,-10.0
1617,82880,24.0,2,23,0.369384,0.6569,True,False,wall,20.0,14.0,-10.0
1618,82895,7.0,1,15,0.369324,0.5503,True,False,wall,10.0,7.0,-10.0
1619,82936,36.0,2,41,0.369161,0.5979,True,False,wall,20.0,26.0,-10.0
1620,83006,74.0,5,70,0.368882,0.5448,True,False,body,50.0,34.0,-10.0
1621,83069,68.0,4,63,0.368631,0.55,True,False,body,40.0,38.0,-10.0
1622,83119,50.0,3,50,0.368431,0.52,True,False,body,30.0,30.0,-10.0
1623,83219,88.0,5,100,0.368034,0.6049,True,False,body,50.0,48.0,-10.0
1624,83232,5.0,1,13,0.367982,0.8026,True,False,wall,10.0,5.0,-10.0
1625,83259,28.0,2,27,0.367875,0.693,True,False,wall,20.0,18.0,-10.0
1626,83349,94.0,5,90,0.367517,0.5818,True,False,body,50.0,54.0,-10.0
1627,83378,17.0,1,29,0.367402,0.6077,True,False,wall,10.0,17.0,-10.0
1628,83390,8.0,1,12,0.367355,0.6282,True,False,wall,10.0,8.0,-10.0
1629,83412,14.0,1,22,0.367267,0.6791,True,False,wall,10.0,14.0,-10.0
1630,83458,44.0,3,46,0.367085,0.753,True,False,wall,30.0,24.0,-10.0
1631,83506,64.0,5,48,0.366895,0.6011,True,False,body,50.0,24.0,-10.0
1632,83545,41.0,3,39,0.36674,0.5882,True,False,wall,30.0,21.0,-10.0
1633,83589,35.0,2,44,0.366566,0.6537,True,False,wall,20.0,25.0,-10.0
1634,83611,25.0,2,22,0.366479,0.9495,True,False,wall,20.0,15.0,-10.0
1635,83667,72.0,5,56,0.366258,0.5963,True,False,body,50.0,32.0,-10.0
1636,83707,27.0,2,40,0.3661,0.5743,True,False,wall,20.0,17.0,-10.0
1637,83771,61.0,4,64,0.365847,0.5713,True,False,body,40.0,31.0,-10.0
1638,83826,53.0,3,55,0.36563,0.5692,True,False,wall,30.0,33.0,-10.0
1639,83853,13.0,1,27,0.365523,0.5963,True,False,wall,10.0,13.0,-10.0
1640,83888,41.0,3,35,0.365385,0.5703,True,False,body,30.0,21.0,-10.0
1641,83945,60.0,4,57,0.365161,0.5551,True,False,wall,40.0,30.0,-10.0
1642,84002,66.0,4,57,0.364936,0.4878,True,False,wall,40.0,36.0,-10.0
1643,84023,18.0,2,21,0.364853,0.6438,True,False,wall,20.0,8.0,-10.0
1644,84067,40.0,3,44,0.36468,0.6906,True,False,body,30.0,20.0,-10.0
1645,84106,41.0,3,39,0.364527,0.5904,True,False,body,30.0,21.0,-10.0
1646,84197,95.0,7,91,0.364169,0.6419,True,False,body,70.0,35.0,-10.0
1647,84241,44.0,3,44,0.363997,0.6561,True,False,body,30.0,24.0,-10.0
1648,84254,0.0,0,13,0.363946,0.5923,True,False,wall,0.0,10.0,-10.0
1649,84319,65.0,3,65,0.363691,0.6365,True,False,body,30.0,45.0,-10.0
1650,84480,169.0,9,161,0.36306,0.7935,True,False,wall,90.0,89.0,-10.0
1651,84510,18.0,1,30,0.362943,0.6532,True,False,wall,10.0,18.0,-10.0
1652,84576,59.0,4,66,0.362685,0.625,True,False,body,40.0,29.0,-10.0
1653,84604,40.0,3,28,0.362575,0.5759,True,False,body,30.0,20.0,-10.0
1654,84711,104.0,6,107,0.362157,0.6109,True,False,body,60.0,54.0,-10.0
1655,84802,80.0,4,91,0.361802,0.5985,True,False,body,40.0,50.0,-10.0
1656,84845,25.0,1,43,0.361635,0.7268,True,False,wall,10.0,25.0,-10.0
1657,84885,21.0,2,40,0.361479,0.6303,True,False,wall,20.0,11.0,-10.0
1658,84961,77.0,4,76,0.361183,0.6346,True,False,body,40.0,47.0,-10.0
1659,85012,73.0,5,51,0.360985,0.6554,True,False,body,50.0,33.0,-10.0
1660,85022,6.0,1,10,0.360946,0.6356,True,False,wall,10.0,6.0,-10.0
1661,85087,73.0,5,65,0.360694,0.5893,True,False,body,50.0,33.0,-10.0
1662,85101,8.0,1,14,0.360639,0.559,True,False,wall,10.0,8.0,-10.0
1663,85177,101.0,6,76,0.360344,0.576,True,False,body,60.0,51.0,-10.0
1664,85306,164.0,10,129,0.359844,0.6186,True,False,wall,100.0,74.0,-10.0
1665,85347,47.0,3,41,0.359685,0.5301,True,False,wall,30.0,27.0,-10.0
1666,85361,3.0,0,14,0.359631,0.5346,True,False,wall,0.0,13.0,-10.0
1667,85435,77.0,4,74,0.359345,0.6197,True,False,wall,40.0,47.0,-10.0
1668,85455,12.0,1,20,0.359268,0.6599,True,False,wall,10.0,12.0,-10.0
1669,85552,118.0,6,97,0.358893,0.7061,True,False,body,60.0,68.0,-10.0
1670,85652,114.0,7,100,0.358507,0.6808,True,False,wall,70.0,54.0,-10.0
1671,85710,68.0,5,58,0.358283,0.7646,True,False,wall,50.0,28.0,-10.0
1672,85788,60.0,3,78,0.357983,0.7371,True,False,body,30.0,40.0,-10.0
1673,85813,28.0,2,25,0.357887,0.7076,True,False,wall,20.0,18.0,-10.0
1674,85918,112.0,6,105,0.357483,0.6565,True,False,body,60.0,62.0,-10.0
1675,85971,45.0,3,53,0.357279,0.6669,True,False,wall,30.0,25.0,-10.0
1676,86097,155.0,10,126,0.356796,0.6411,True,False,body,100.0,65.0,-10.0
1677,86176,87.0,5,79,0.356493,0.6526,True,False,wall,50.0,47.0,-10.0
1678,86228,72.0,5,52,0.356294,0.6442,True,False,body,50.0,32.0,-10.0
1679,86288,56.0,3,60,0.356064,0.5501,True,False,body,30.0,36.0,-10.0
1680,86341,45.0,3,53,0.355861,0.6419,True,False,wall,30.0,25.0,-10.0
1681,86428,100.0,6,87,0.355529,0.7408,True,False,wall,60.0,50.0,-10.0
1682,86502,67.0,4,74,0.355247,0.7565,True,False,wall,40.0,37.0,-10.0
1683,86539,41.0,3,37,0.355105,0.6242,True,False,wall,30.0,21.0,-10.0
1684,86553,8.0,1,14,0.355052,0.6022,True,False,wall,10.0,8.0,-10.0
1685,86592,50.0,4,39,0.354903,0.607,True,False,body,40.0,20.0,-10.0
1686,86602,-7.0,0,10,0.354865,0.5649,True,False,wall,0.0,3.0,-10.0
1687,86697,132.0,8,95,0.354503,0.6103,True,False,wall,80.0,62.0,-10.0
1688,86754,55.0,3,57,0.354287,0.6199,True,False,wall,30.0,35.0,-10.0
1689,86785,26.0,2,31,0.354169,0.5446,True,False,wall,20.0,16.0,-10.0
1690,86825,25.0,2,40,0.354017,0.5907,True,False,wall,20.0,15.0,-10.0
1691,86862,34.0,2,37,0.353876,0.5551,True,False,wall,20.0,24.0,-10.0
1692,86914,44.0,3,52,0.353679,0.581,True,False,body,30.0,24.0,-10.0
1693,86937,22.0,2,23,0.353591,0.558,True,False,wall,20.0,12.0,-10.0
1694,86978,56.0,4,41,0.353436,0.7266,True,False,wall,40.0,26.0,-10.0
1695,87047,89.0,5,69,0.353174,0.6155,True,False,body,50.0,49.0,-10.0
1696,87068,9.0,1,21,0.353095,0.5354,True,False,wall,10.0,9.0,-10.0
1697,87125,85.0,5,57,0.352879,0.5949,True,False,body,50.0,45.0,-10.0
1698,87140,7.0,1,15,0.352822,0.5196,True,False,wall,10.0,7.0,-10.0
1699,87162,1.0,0,22,0.352739,0.6279,True,False,wall,0.0,11.0,-10.0
1700,87187,13.0,1,25,0.352644,0.5685,True,False,wall,10.0,13.0,-10.0
1701,87320,123.0,7,133,0.352141,0.5745,True,False,body,70.0,63.0,-10.0
1702,87350,40.0,3,30,0.352028,0.5384,True,False,wall,30.0,20.0,-10.0
1703,87440,90.0,5,90,0.351688,0.5556,True,False,body,50.0,50.0,-10.0
1704,87518,65.0,4,78,0.351394,0.5978,True,False,body,40.0,35.0,-10.0
1705,87552,27.0,2,34,0.351266,0.5794,True,False,wall,20.0,17.0,-10.0
1706,87582,41.0,4,30,0.351153,0.5129,True,False,wall,40.0,11.0,-10.0
1707,87597,13.0,1,15,0.351097,0.6644,True,False,wall,10.0,13.0,-10.0
1708,87619,30.0,3,22,0.351014,0.6995,True,False,wall,30.0,10.0,-10.0
1709,87676,55.0,3,57,0.3508,0.6083,True,False,body,30.0,35.0,-10.0
1710,87711,24.0,2,35,0.350668,0.575,True,False,wall,20.0,14.0,-10.0
1711,87772,47.0,3,61,0.350439,0.5758,True,False,body,30.0,27.0,-10.0
1712,87817,51.0,3,45,0.35027,0.5963,True,False,body,30.0,31.0,-10.0
1713,87863,63.0,4,46,0.350097,0.7428,True,False,body,40.0,33.0,-10.0
1714,87936,112.0,8,73,0.349824,0.6223,True,False,body,80.0,42.0,-10.0
1715,88060,159.0,8,124,0.349359,0.6757,True,False,wall,80.0,89.0,-10.0
1716,88074,6.0,1,14,0.349307,0.7626,True,False,wall,10.0,6.0,-10.0
1717,88130,52.0,3,56,0.349098,0.673,True,False,body,30.0,32.0,-10.0
1718,88143,-2.0,0,13,0.349049,0.6527,True,False,wall,0.0,8.0,-10.0
1719,88243,107.0,6,100,0.348675,0.5739,True,False,body,60.0,57.0,-10.0
1720,88337,90.0,5,94,0.348325,0.5923,True,False,body,50.0,50.0,-10.0
1721,88407,84.0,5,70,0.348064,0.6706,True,False,body,50.0,44.0,-10.0
1722,88438,26.0,2,31,0.347948,0.7188,True,False,wall,20.0,16.0,-10.0
1723,88547,122.0,6,109,0.347543,0.6208,True,False,wall,60.0,72.0,-10.0
1724,88674,165.0,9,127,0.347071,0.5916,True,False,body,90.0,85.0,-10.0
1725,88770,111.0,6,96,0.346714,0.5834,True,False,body,60.0,61.0,-10.0
1726,88852,87.0,4,82,0.34641,0.5474,True,False,body,40.0,57.0,-10.0
1727,88945,106.0,6,93,0.346066,0.6163,True,False,body,60.0,56.0,-10.0
1728,88980,52.0,4,35,0.345936,0.778,True,False,wall,40.0,22.0,-10.0
1729,89034,36.0,3,54,0.345737,0.6923,True,False,body,30.0,16.0,-10.0
1730,89094,71.0,4,60,0.345515,0.9213,True,False,body,40.0,41.0,-10.0
1731,89138,52.0,3,44,0.345353,0.7662,True,False,wall,30.0,32.0,-10.0
1732,89170,40.0,3,32,0.345234,0.7339,True,False,wall,30.0,20.0,-10.0
1733,89236,50.0,3,66,0.344991,0.6539,True,False,body,30.0,30.0,-10.0
1734,89277,19.0,1,41,0.34484,0.6688,True,False,wall,10.0,19.0,-10.0
1735,89303,27.0,2,26,0.344744,0.9044,True,False,wall,20.0,17.0,-10.0
1736,89334,39.0,3,31,0.34463,0.6535,True,False,wall,30.0,19.0,-10.0
1737,89452,115.0,6,118,0.344196,0.6442,True,False,body,60.0,65.0,-10.0
1738,89492,55.0,4,40,0.344049,0.602,True,False,body,40.0,25.0,-10.0
1739,89503,-2.0,0,11,0.344008,0.5581,True,False,wall,0.0,8.0,-10.0
1740,89553,61.0,4,50,0.343824,0.546,True,False,wall,40.0,31.0,-10.0
1741,89634,85.0,5,81,0.343527,0.6133,True,False,body,50.0,45.0,-10.0
1742,89733,110.0,6,99,0.343164,0.6398,True,False,body,60.0,60.0,-10.0
1743,89758,9.0,1,25,0.343072,0.5899,True,False,wall,10.0,9.0,-10.0
1744,89803,55.0,3,45,0.342908,0.5364,True,False,wall,30.0,35.0,-10.0
1745,89934,148.0,8,131,0.342428,0.6022,True,False,wall,80.0,78.0,-10.0
1746,89990,41.0,2,56,0.342224,0.6788,True,False,wall,20.0,31.0,-10.0
1747,90089,135.0,9,99,0.341862,0.7385,True,False,body,90.0,55.0,-10.0
1748,90166,66.0,4,77,0.341582,0.6951,True,False,wall,40.0,36.0,-10.0
1749,90207,15.0,1,41,0.341432,0.6024,True,False,wall,10.0,15.0,-10.0
1750,90264,55.0,3,57,0.341225,0.5976,True,False,wall,30.0,35.0,-10.0
1751,90359,115.0,7,95,0.340879,0.7803,True,False,body,70.0,55.0,-10.0
1752,90399,25.0,2,40,0.340734,0.6589,True,False,wall,20.0,15.0,-10.0
1753,90443,44.0,3,44,0.340574,0.88,True,False,wall,30.0,24.0,-10.0
1754,90520,97.0,5,77,0.340294,0.7404,True,False,body,50.0,57.0,-10.0
1755,90591,55.0,3,71,0.340037,0.7224,True,False,wall,30.0,35.0,-10.0
1756,90645,55.0,4,54,0.339841,0.7882,True,False,wall,40.0,25.0,-10.0
1757,90678,37.0,3,33,0.339721,0.5771,True,False,body,30.0,17.0,-10.0
1758,90712,21.0,2,34,0.339598,0.5858,True,False,wall,20.0,11.0,-10.0
1759,90777,98.0,6,65,0.339363,0.6526,True,False,body,60.0,48.0,-10.0
1760,90803,38.0,3,26,0.339269,0.5906,True,False,body,30.0,18.0,-10.0
1761,90856,52.0,4,53,0.339077,0.6972,True,False,body,40.0,22.0,-10.0
1762,90917,75.0,5,61,0.338857,0.6696,True,False,wall,50.0,35.0,-10.0
1763,90951,34.0,3,34,0.338734,0.7551,True,False,wall,30.0,14.0,-10.0
1764,90979,31.0,2,28,0.338633,0.7144,True,False,wall,20.0,21.0,-10.0
1765,91081,126.0,7,102,0.338266,0.7086,True,False,wall,70.0,66.0,-10.0
1766,91093,6.0,1,12,0.338222,0.5716,True,False,wall,10.0,6.0,-10.0
1767,91122,17.0,1,29,0.338118,0.8157,True,False,wall,10.0,17.0,-10.0
1768,91172,48.0,3,50,0.337938,0.6246,True,False,body,30.0,28.0,-10.0
1769,91222,70.0,5,50,0.337758,0.6915,True,False,wall,50.0,30.0,-10.0
1770,91283,71.0,5,61,0.337539,0.5966,True,False,wall,50.0,31.0,-10.0
1771,91300,13.0,1,17,0.337478,0.6506,True,False,wall,10.0,13.0,-10.0
1772,91420,125.0,8,120,0.337047,0.7411,True,False,wall,80.0,55.0,-10.0
1773,91469,41.0,3,49,0.336871,0.6947,True,False,body,30.0,21.0,-10.0
1774,91522,57.0,3,53,0.336681,0.7101,True,False,body,30.0,37.0,-10.0
1775,91539,20.0,2,17,0.33662,0.7615,True,False,wall,20.0,10.0,-10.0
1776,91625,110.0,7,86,0.336312,0.6749,True,False,body,70.0,50.0,-10.0
1777,91707,73.0,4,82,0.336019,0.6413,True,False,wall,40.0,43.0,-10.0
1778,91724,0.0,0,17,0.335958,0.6407,True,False,wall,0.0,10.0,-10.0
1779,91776,52.0,3,52,0.335772,0.7238,True,False,body,30.0,32.0,-10.0
1780,91793,13.0,1,17,0.335711,0.6753,True,False,wall,10.0,13.0,-10.0
1781,91868,77.0,5,75,0.335444,0.6407,True,False,wall,50.0,37.0,-10.0
1782,91923,54.0,4,55,0.335248,0.5962,True,False,body,40.0,24.0,-10.0
1783,91937,12.0,1,14,0.335198,0.6147,True,False,wall,10.0,12.0,-10.0
1784,91979,44.0,3,42,0.335048,0.6546,True,False,body,30.0,24.0,-10.0
1785,92011,37.0,2,32,0.334934,0.7377,True,False,wall,20.0,27.0,-10.0
1786,92067,63.0,4,56,0.334735,1.0279,True,False,body,40.0,33.0,-10.0
1787,92146,89.0,7,79,0.334453,0.6626,True,False,body,70.0,29.0,-10.0
1788,92172,38.0,3,26,0.334361,0.6571,True,False,wall,30.0,18.0,-10.0
1789,92337,177.0,9,165,0.333775,0.663,True,False,wall,90.0,97.0,-10.0
1790,92391,59.0,4,54,0.333584,0.5678,True,False,body,40.0,29.0,-10.0
1791,92508,144.0,8,117,0.333169,0.6193,True,False,wall,80.0,74.0,-10.0
1792,92553,54.0,4,45,0.33301,0.5217,True,False,wall,40.0,24.0,-10.0
1793,92630,100.0,6,77,0.332738,0.5509,True,False,body,60.0,50.0,-10.0
1794,92657,9.0,1,27,0.332642,0.6232,True,False,wall,10.0,9.0,-10.0
1795,92716,85.0,5,59,0.332434,0.745,True,False,body,50.0,45.0,-10.0
1796,92785,70.0,4,69,0.33219,0.7409,True,False,body,40.0,40.0,-10.0
1797,92892,78.0,4,107,0.331813,0.6751,True,False,body,40.0,48.0,-10.0
1798,92934,47.0,4,42,0.331665,0.777,True,False,wall,40.0,17.0,-10.0
1799,92951,-4.0,0,17,0.331606,0.5535,True,False,wall,0.0,6.0,-10.0
1800,93017,72.0,5,66,0.331373,0.5558,True,False,wall,50.0,32.0,-10.0
1801,93066,52.0,4,49,0.331201,0.6118,True,False,wall,40.0,22.0,-10.0
1802,93171,127.0,7,105,0.330832,0.6564,True,False,body,70.0,67.0,-10.0
1803,93225,59.0,4,54,0.330643,0.6089,True,False,wall,40.0,29.0,-10.0
1804,93261,40.0,3,36,0.330516,0.6278,True,False,body,30.0,20.0,-10.0
1805,93284,-4.0,0,23,0.330436,0.6089,True,False,wall,0.0,6.0,-10.0
1806,93398,130.0,7,114,0.330036,0.6461,True,False,wall,70.0,70.0,-10.0
1807,93480,111.0,6,82,0.32975,0.614,True,False,wall,60.0,61.0,-10.0
1808,93629,179.0,9,149,0.329229,0.6135,True,False,body,90.0,99.0,-10.0
1809,93694,72.0,4,65,0.329002,0.6709,True,False,wall,40.0,42.0,-10.0
1810,93763,66.0,4,69,0.328762,0.6668,True,False,body,40.0,36.0,-10.0
1811,93800,54.0,4,37,0.328633,0.6326,True,False,wall,40.0,24.0,-10.0
1812,93859,61.0,3,59,0.328427,0.7141,True,False,wall,30.0,41.0,-10.0
1813,93903,46.0,3,44,0.328274,0.6266,True,False,body,30.0,26.0,-10.0
1814,93965,58.0,3,62,0.328059,0.6274,True,False,body,30.0,38.0,-10.0
1815,94019,69.0,4,54,0.327871,0.6347,True,False,body,40.0,39.0,-10.0
1816,94110,117.0,7,91,0.327555,0.6089,True,False,wall,70.0,57.0,-10.0
1817,94176,88.0,5,66,0.327326,0.7403,True,False,body,50.0,48.0,-10.0
1818,94186,6.0,1,10,0.327292,0.734,True,False,wall,10.0,6.0,-10.0
1819,94288,107.0,6,102,0.326938,0.6808,True,False,wall,60.0,57.0,-10.0
1820,94317,37.0,3,29,0.326838,0.7513,True,False,wall,30.0,17.0,-10.0
1821,94402,98.0,6,85,0.326544,0.6849,True,False,body,60.0,48.0,-10.0
1822,94490,114.0,7,88,0.32624,0.6527,True,False,body,70.0,54.0,-10.0
1823,94567,102.0,6,77,0.325974,0.6745,True,False,body,60.0,52.0,-10.0
1824,94618,69.0,5,51,0.325798,0.7276,True,False,body,50.0,29.0,-10.0
1825,94735,129.0,7,117,0.325395,0.7239,True,False,wall,70.0,69.0,-10.0
1826,94771,55.0,4,36,0.325271,0.8102,True,False,wall,40.0,25.0,-10.0
1827,94816,67.0,5,45,0.325117,0.685,True,False,body,50.0,27.0,-10.0
1828,94881,77.0,5,65,0.324893,0.6631,True,False,body,50.0,37.0,-10.0
1829,94903,34.0,3,22,0.324818,0.694,True,False,body,30.0,14.0,-10.0
1830,95048,170.0,10,145,0.32432,0.697,True,False,body,100.0,80.0,-10.0
1831,95137,97.0,7,89,0.324015,0.7814,True,False,body,70.0,37.0,-10.0
1832,95179,37.0,2,42,0.323871,0.7816,True,False,wall,20.0,27.0,-10.0
1833,95248,75.0,5,69,0.323635,0.7626,True,False,wall,50.0,35.0,-10.0
1834,95263,9.0,1,15,0.323584,0.6457,True,False,wall,10.0,9.0,-10.0
1835,95317,58.0,3,54,0.323399,0.6759,True,False,wall,30.0,38.0,-10.0
1836,95422,124.0,6,105,0.32304,0.8367,True,False,wall,60.0,74.0,-10.0
1837,95522,93.0,4,100,0.322699,0.7093,True,False,body,40.0,63.0,-10.0
1838,95593,94.0,6,71,0.322457,0.6149,True,False,body,60.0,44.0,-10.0
1839,95635,48.0,3,42,0.322314,0.6692,True,False,body,30.0,28.0,-10.0
1840,95785,193.0,10,150,0.321804,0.631,True,False,body,100.0,103.0,-10.0
1841,95830,73.0,5,45,0.321651,0.5898,True,False,body,50.0,33.0,-10.0
1842,95875,47.0,3,45,0.321499,0.6334,True,False,wall,30.0,27.0,-10.0
1843,95955,99.0,6,80,0.321227,0.6754,True,False,wall,60.0,49.0,-10.0
1844,95980,30.0,2,25,0.321143,0.8385,True,False,wall,20.0,20.0,-10.0
1845,96089,129.0,7,109,0.320773,0.6968,True,False,body,70.0,69.0,-10.0
1846,96166,93.0,5,77,0.320513,0.676,True,False,body,50.0,53.0,-10.0
1847,96211,45.0,3,45,0.320361,0.8239,True,False,body,30.0,25.0,-10.0
1848,96321,111.0,6,110,0.319989,0.6218,True,False,body,60.0,61.0,-10.0
1849,96335,10.0,1,14,0.319942,0.5821,True,False,wall,10.0,10.0,-10.0
1850,96475,134.0,7,140,0.31947,0.6812,True,False,body,70.0,74.0,-10.0
1851,96551,93.0,6,76,0.319214,0.6772,True,False,body,60.0,43.0,-10.0
1852,96693,180.0,9,142,0.318737,0.6103,True,False,body,90.0,100.0,-10.0
1853,96713,6.0,1,20,0.31867,0.5384,True,False,wall,10.0,6.0,-10.0
1854,96884,202.0,10,171,0.318096,0.6355,True,False,body,100.0,112.0,-10.0
1855,96992,125.0,8,108,0.317734,0.6996,True,False,body,80.0,55.0,-10.0
1856,97006,8.0,1,14,0.317687,0.678,True,False,wall,10.0,8.0,-10.0
1857,97108,126.0,7,102,0.317346,0.6392,True,False,body,70.0,66.0,-10.0
1858,97208,144.0,9,100,0.317012,0.6267,True,False,body,90.0,64.0,-10.0
1859,97254,50.0,3,46,0.316859,0.7169,True,False,body,30.0,30.0,-10.0
1860,97320,50.0,3,66,0.316639,0.8084,True,False,wall,30.0,30.0,-10.0
1861,97356,42.0,3,36,0.316519,0.8122,True,False,body,30.0,22.0,-10.0
1862,97500,189.0,10,144,0.316039,0.9575,True,False,body,100.0,99.0,-10.0
1863,97550,56.0,3,50,0.315873,1.014,True,False,body,30.0,36.0,-10.0
1864,97651,112.0,6,101,0.315538,0.8403,True,False,body,60.0,62.0,-10.0
1865,97724,91.0,5,73,0.315296,0.7736,True,False,wall,50.0,51.0,-10.0
1866,97746,32.0,3,22,0.315223,0.7202,True,False,wall,30.0,12.0,-10.0
1867,97801,39.0,3,55,0.31504,0.7219,True,False,wall,30.0,19.0,-10.0
1868,97947,171.0,10,146,0.314557,0.6563,True,False,body,100.0,81.0,-10.0
1869,97989,57.0,4,42,0.314418,0.6353,True,False,wall,40.0,27.0,-10.0
1870,98073,111.0,6,84,0.314141,0.715,True,False,body,60.0,61.0,-10.0
1871,98176,132.0,6,103,0.313801,0.6599,True,False,body,60.0,82.0,-10.0
1872,98303,170.0,8,127,0.313382,0.5646,True,False,body,80.0,100.0,-10.0
1873,98342,38.0,2,39,0.313254,0.5702,True,False,wall,20.0,28.0,-10.0
1874,98411,94.0,6,69,0.313027,0.6176,True,False,wall,60.0,44.0,-10.0
1875,98425,10.0,1,14,0.312981,0.661,True,False,wall,10.0,10.0,-10.0
1876,98456,26.0,2,31,0.312879,0.7468,True,False,wall,20.0,16.0,-10.0
1877,98501,60.0,4,45,0.312731,0.6603,True,False,body,40.0,30.0,-10.0
1878,98604,131.0,7,103,0.312393,0.7245,True,False,body,70.0,71.0,-10.0
1879,98696,100.0,5,92,0.312092,0.7522,True,False,body,50.0,60.0,-10.0
1880,98795,77.0,3,99,0.311768,0.6474,True,False,body,30.0,57.0,-10.0
1881,98867,91.0,6,72,0.311532,0.7046,True,False,wall,60.0,41.0,-10.0
1882,98964,143.0,9,97,0.311215,0.6659,True,False,body,90.0,63.0,-10.0
1883,99002,46.0,3,38,0.311091,0.5907,True,False,wall,30.0,26.0,-10.0
1884,99053,79.0,5,51,0.310925,0.6115,True,False,body,50.0,39.0,-10.0
1885,99065,6.0,1,12,0.310886,0.6035,True,False,wall,10.0,6.0,-10.0
1886,99157,142.0,9,92,0.310586,0.6703,True,False,wall,90.0,62.0,-10.0
1887,99185,23.0,2,28,0.310495,0.7132,True,False,wall,20.0,13.0,-10.0
1888,99392,235.0,11,207,0.309821,0.7195,True,False,body,110.0,135.0,-10.0
1889,99467,68.0,4,75,0.309578,0.6534,True,False,wall,40.0,38.0,-10.0
1890,99537,84.0,5,70,0.309351,0.6259,True,False,body,50.0,44.0,-10.0
1891,99602,74.0,4,65,0.30914,0.7233,True,False,body,40.0,44.0,-10.0
1892,99651,49.0,3,49,0.308982,0.6043,True,False,body,30.0,29.0,-10.0
1893,99722,87.0,5,71,0.308752,0.6569,True,False,body,50.0,47.0,-10.0
1894,99836,144.0,9,114,0.308383,0.75,True,False,body,90.0,64.0,-10.0
1895,99934,86.0,3,98,0.308067,0.7385,True,False,body,30.0,66.0,-10.0
1896,99972,38.0,3,38,0.307945,0.8525,True,False,body,30.0,18.0,-10.0
1897,100085,127.0,7,113,0.30758,0.7828,True,False,body,70.0,67.0,-10.0
1898,100187,121.0,6,102,0.307252,0.75,True,False,wall,60.0,71.0,-10.0
1899,100225,48.0,3,38,0.30713,0.6851,True,False,body,30.0,28.0,-10.0
1900,100319,113.0,6,94,0.306828,0.7192,True,False,body,60.0,63.0,-10.0
1901,100406,99.0,5,87,0.306549,0.8589,True,False,wall,50.0,59.0,-10.0
1902,100517,117.0,7,111,0.306193,0.6857,True,False,body,70.0,57.0,-10.0
1903,100541,10.0,1,24,0.306116,0.7589,True,False,wall,10.0,10.0,-10.0
1904,100605,80.0,5,64,0.305912,0.6844,True,False,body,50.0,40.0,-10.0
1905,100673,64.0,3,68,0.305694,0.8171,True,False,body,30.0,44.0,-10.0
1906,100746,87.0,5,73,0.305461,0.6265,True,False,wall,50.0,47.0,-10.0
1907,100785,27.0,1,39,0.305336,0.7046,True,False,wall,10.0,27.0,-10.0
1908,100870,99.0,5,85,0.305065,0.59,True,False,body,50.0,59.0,-10.0
1909,100918,30.0,1,48,0.304912,0.6237,True,False,wall,10.0,30.0,-10.0
1910,100961,60.0,4,43,0.304775,0.6437,True,False,wall,40.0,30.0,-10.0
1911,100996,45.0,3,35,0.304664,0.7342,True,False,wall,30.0,25.0,-10.0
1912,101039,45.0,3,43,0.304527,0.6921,True,False,wall,30.0,25.0,-10.0
1913,101106,67.0,3,67,0.304314,0.6352,True,False,body,30.0,47.0,-10.0
1914,101220,109.0,6,114,0.303952,0.5933,True,False,wall,60.0,59.0,-10.0
1915,101311,104.0,6,91,0.303663,0.6824,True,False,wall,60.0,54.0,-10.0
1916,101344,30.0,2,33,0.303559,0.7619,True,False,wall,20.0,20.0,-10.0
1917,101377,45.0,3,33,0.303454,0.6976,True,False,wall,30.0,25.0,-10.0
1918,101474,83.0,5,97,0.303147,0.642,True,False,body,50.0,43.0,-10.0
1919,101495,26.0,2,21,0.30308,0.6195,True,False,wall,20.0,16.0,-10.0
1920,101542,43.0,3,47,0.302932,0.6471,True,False,body,30.0,23.0,-10.0
1921,101730,227.0,12,188,0.302338,0.716,True,False,wall,120.0,117.0,-10.0
1922,101781,71.0,5,51,0.302177,0.6709,True,False,body,50.0,31.0,-10.0
1923,101793,8.0,1,12,0.302139,0.6136,True,False,wall,10.0,8.0,-10.0
1924,101882,95.0,5,89,0.301859,0.6504,True,False,body,50.0,55.0,-10.0
1925,101931,55.0,3,49,0.301705,0.6095,True,False,body,30.0,35.0,-10.0
1926,101963,46.0,3,32,0.301604,0.564,True,False,wall,30.0,26.0,-10.0
1927,101978,11.0,1,15,0.301557,0.5558,True,False,wall,10.0,11.0,-10.0
1928,101990,-1.0,0,12,0.301519,0.5999,True,False,wall,0.0,9.0,-10.0
1929,102007,24.0,2,17,0.301466,0.64,True,False,wall,20.0,14.0,-10.0
1930,102061,82.0,5,54,0.301296,0.6841,True,False,body,50.0,42.0,-10.0
1931,102079,-7.0,0,18,0.30124,0.6545,True,False,wall,0.0,3.0,-10.0
1932,102138,55.0,3,59,0.301054,0.6242,True,False,body,30.0,35.0,-10.0
1933,102198,80.0,5,60,0.300866,0.6448,True,False,wall,50.0,40.0,-10.0
1934,102219,11.0,1,21,0.3008,0.7066,True,False,wall,10.0,11.0,-10.0
1935,102276,79.0,5,57,0.300622,0.6694,True,False,body,50.0,39.0,-10.0
1936,102323,49.0,3,47,0.300475,0.6653,True,False,wall,30.0,29.0,-10.0
1937,102366,49.0,3,43,0.30034,0.7168,True,False,body,30.0,29.0,-10.0
1938,102446,78.0,5,80,0.30009,0.6783,True,False,wall,50.0,38.0,-10.0
1939,102543,114.0,6,97,0.299787,0.7023,True,False,body,60.0,64.0,-10.0
1940,102613,46.0,3,70,0.299568,0.7344,True,False,body,30.0,26.0,-10.0
1941,102686,91.0,5,73,0.299341,0.7763,True,False,body,50.0,51.0,-10.0
1942,102729,65.0,5,43,0.299207,0.7029,True,False,body,50.0,25.0,-10.0
1943,102763,33.0,2,34,0.299101,0.6584,True,False,wall,20.0,23.0,-10.0
1944,102803,35.0,2,40,0.298976,0.7454,True,False,wall,20.0,25.0,-10.0
1945,102864,70.0,4,61,0.298786,0.7259,True,False,body,40.0,40.0,-10.0
1946,102950,96.0,5,86,0.298519,0.6825,True,False,body,50.0,56.0,-10.0
1947,103004,47.0,2,54,0.298351,0.8299,True,False,wall,20.0,37.0,-10.0
1948,103090,64.0,3,86,0.298085,0.7446,True,False,body,30.0,44.0,-10.0
1949,103136,40.0,3,46,0.297942,0.6528,True,False,wall,30.0,20.0,-10.0
1950,103172,31.0,2,36,0.29783,0.6381,True,False,wall,20.0,21.0,-10.0
1951,103227,76.0,4,55,0.29766,0.6414,True,False,body,40.0,46.0,-10.0
1952,103311,92.0,5,84,0.2974,0.6624,True,False,wall,50.0,52.0,-10.0
1953,103446,158.0,8,135,0.296983,0.6224,True,False,wall,80.0,88.0,-10.0
1954,103565,151.0,7,119,0.296616,0.8444,True,False,wall,70.0,91.0,-10.0
1955,103606,67.0,5,41,0.29649,0.6696,True,False,wall,50.0,27.0,-10.0
1956,103658,54.0,3,52,0.296329,0.7285,True,False,body,30.0,34.0,-10.0
1957,103751,153.0,9,93,0.296043,0.6928,True,False,body,90.0,73.0,-10.0
1958,103880,120.0,6,129,0.295647,0.6744,True,False,wall,60.0,70.0,-10.0
1959,103924,60.0,5,44,0.295512,0.8503,True,False,wall,50.0,20.0,-10.0
1960,103984,63.0,4,60,0.295328,0.7325,True,False,body,40.0,33.0,-10.0
1961,104107,155.0,9,123,0.294951,0.7396,True,False,body,90.0,75.0,-10.0
1962,104139,53.0,4,32,0.294853,0.6701,True,False,body,40.0,23.0,-10.0
1963,104156,11.0,1,17,0.294801,0.7052,True,False,wall,10.0,11.0,-10.0
1964,104190,27.0,2,34,0.294697,0.8283,True,False,wall,20.0,17.0,-10.0
1965,104204,8.0,1,14,0.294654,0.7281,True,False,wall,10.0,8.0,-10.0
1966,104218,12.0,1,14,0.294611,0.5973,True,False,wall,10.0,12.0,-10.0
1967,104277,57.0,3,59,0.294431,0.8513,True,False,wall,30.0,37.0,-10.0
1968,104408,153.0,9,131,0.294031,0.7372,True,False,body,90.0,73.0,-10.0
1969,104429,11.0,1,21,0.293967,0.8148,True,False,wall,10.0,11.0,-10.0
1970,104490,66.0,4,61,0.293781,0.7727,True,False,body,40.0,36.0,-10.0
1971,104585,135.0,7,95,0.293492,0.8208,True,False,body,70.0,75.0,-10.0
1972,104641,83.0,6,56,0.293321,0.7316,True,False,wall,60.0,33.0,-10.0
1973,104724,75.0,5,83,0.293069,0.8099,True,False,body,50.0,35.0,-10.0
1974,104782,82.0,5,58,0.292893,0.8009,True,False,wall,50.0,42.0,-10.0
1975,104912,157.0,8,130,0.292498,0.6367,True,False,wall,80.0,87.0,-10.0
1976,104989,107.0,7,77,0.292265,0.7813,True,False,wall,70.0,47.0,-10.0
1977,105033,68.0,5,44,0.292132,0.7521,True,False,body,50.0,28.0,-10.0
1978,105175,172.0,9,142,0.291702,0.6775,True,False,body,90.0,92.0,-10.0
1979,105236,73.0,5,61,0.291518,0.6649,True,False,body,50.0,33.0,-10.0
1980,105337,105.0,5,101,0.291213,0.636,True,False,wall,50.0,65.0,-10.0
1981,105489,141.0,8,152,0.290756,0.6921,True,False,body,80.0,71.0,-10.0
1982,105516,17.0,1,27,0.290674,0.5843,True,False,wall,10.0,17.0,-10.0
1983,105559,43.0,3,43,0.290545,0.7561,True,False,wall,30.0,23.0,-10.0
1984,105663,130.0,7,104,0.290233,0.6998,True,False,body,70.0,70.0,-10.0
1985,105818,193.0,11,155,0.289768,0.6722,True,False,body,110.0,93.0,-10.0
1986,105877,92.0,6,59,0.289591,0.5791,True,False,wall,60.0,42.0,-10.0
1987,105891,1.0,0,14,0.289549,0.7072,True,False,wall,0.0,11.0,-10.0
1988,105975,97.0,6,84,0.289297,0.695,True,False,body,60.0,47.0,-10.0
1989,106022,44.0,2,47,0.289157,0.8128,True,False,wall,20.0,34.0,-10.0
1990,106105,104.0,6,83,0.288909,0.7632,True,False,body,60.0,54.0,-10.0
1991,106159,73.0,4,54,0.288748,0.6912,True,False,wall,40.0,43.0,-10.0
1992,106170,-4.0,0,11,0.288715,0.6426,True,False,wall,0.0,6.0,-10.0
1993,106224,59.0,4,54,0.288554,0.6548,True,False,body,40.0,29.0,-10.0
1994,106274,61.0,4,50,0.288405,0.6579,True,False,body,40.0,31.0,-10.0
1995,106317,60.0,4,43,0.288277,0.7545,True,False,wall,40.0,30.0,-10.0
1996,106379,75.0,4,62,0.288092,0.7111,True,False,body,40.0,45.0,-10.0
1997,106463,101.0,6,84,0.287842,0.6467,True,False,wall,60.0,51.0,-10.0
1998,106502,54.0,4,39,0.287726,0.6824,True,False,body,40.0,24.0,-10.0
1999,106524,21.0,2,22,0.287661,0.8269,True,False,wall,20.0,11.0,-10.0
2000,106554,60.0,5,30,0.287572,0.6913,True,False,wall,50.0,20.0,-10.0
2001,106617,74.0,4,63,0.287385,0.6706,True,False,wall,40.0,44.0,-10.0
2002,106743,154.0,9,126,0.287011,0.7221,True,False,body,90.0,74.0,-10.0
2003,106790,52.0,4,47,0.286872,0.7573,True,False,body,40.0,22.0,-10.0
2004,106823,43.0,3,33,0.286774,0.7309,True,False,wall,30.0,23.0,-10.0
2005,106993,213.0,12,170,0.286272,0.6929,True,False,body,120.0,103.0,-10.0
2006,107050,68.0,4,57,0.286103,0.9908,True,False,body,40.0,38.0,-10.0
2007,107091,48.0,2,41,0.285982,0.7818,True,False,wall,20.0,38.0,-10.0
2008,107121,42.0,3,30,0.285894,0.7947,True,False,body,30.0,22.0,-10.0
2009,107156,39.0,3,35,0.285791,0.7535,True,False,body,30.0,19.0,-10.0
2010,107217,63.0,3,61,0.285611,0.7394,True,False,body,30.0,43.0,-10.0
2011,107367,162.0,9,150,0.28517,0.6814,True,False,wall,90.0,82.0,-10.0
2012,107414,47.0,3,47,0.285032,0.6099,True,False,body,30.0,27.0,-10.0
2013,107476,73.0,4,62,0.284849,0.7605,True,False,body,40.0,43.0,-10.0
2014,107490,-1.0,0,14,0.284808,1.1934,True,False,wall,0.0,9.0,-10.0
2015,107521,15.0,1,31,0.284717,0.9151,True,False,wall,10.0,15.0,-10.0
2016,107531,6.0,1,10,0.284688,0.7775,True,False,wall,10.0,6.0,-10.0
2017,107606,93.0,5,75,0.284468,0.7293,True,False,body,50.0,53.0,-10.0
2018,107668,72.0,5,62,0.284287,0.6691,True,False,body,50.0,32.0,-10.0
2019,107769,114.0,6,101,0.283991,0.7352,True,False,wall,60.0,64.0,-10.0
2020,107868,110.0,6,99,0.283702,0.8736,True,False,body,60.0,60.0,-10.0
2021,107909,28.0,2,41,0.283582,0.79,True,False,wall,20.0,18.0,-10.0
2022,107999,110.0,7,90,0.283319,0.7797,True,False,body,70.0,50.0,-10.0
2023,108011,-1.0,0,12,0.283284,0.766,True,False,wall,0.0,9.0,-10.0
2024,108020,-2.0,0,9,0.283258,0.6264,True,False,wall,0.0,8.0,-10.0
2025,108064,61.0,4,44,0.28313,0.7005,True,False,wall,40.0,31.0,-10.0
2026,108132,79.0,4,68,0.282932,0.6975,True,False,body,40.0,49.0,-10.0
2027,108180,59.0,4,48,0.282792,0.7402,True,False,body,40.0,29.0,-10.0
2028,108284,116.0,7,104,0.282489,0.7314,True,False,wall,70.0,56.0,-10.0
2029,108342,81.0,6,58,0.282321,0.7449,True,False,body,60.0,31.0,-10.0
2030,108406,71.0,4,64,0.282135,0.7181,True,False,wall,40.0,41.0,-10.0
2031,108457,53.0,3,51,0.281987,0.6978,True,False,body,30.0,33.0,-10.0
2032,108511,69.0,4,54,0.281831,0.7619,True,False,body,40.0,39.0,-10.0
2033,108546,38.0,2,35,0.281729,0.6945,True,False,wall,20.0,28.0,-10.0
2034,108566,10.0,1,20,0.281671,0.8357,True,False,wall,10.0,10.0,-10.0
2035,108769,275.0,15,203,0.281084,0.7026,True,False,wall,150.0,135.0,-10.0
2036,108790,5.0,1,21,0.281024,0.6981,True,False,wall,10.0,5.0,-10.0
2037,108867,99.0,5,77,0.280801,0.6682,True,False,wall,50.0,59.0,-10.0
2038,108917,59.0,4,50,0.280657,0.7846,True,False,wall,40.0,29.0,-10.0
2039,108963,58.0,3,46,0.280525,0.6722,True,False,body,30.0,38.0,-10.0
2040,109004,71.0,5,41,0.280406,0.6799,True,False,body,50.0,31.0,-10.0
2041,109025,20.0,2,21,0.280346,0.7296,True,False,wall,20.0,10.0,-10.0
2042,109112,93.0,5,87,0.280096,0.7012,True,False,wall,50.0,53.0,-10.0
2043,109212,126.0,7,100,0.279808,0.7327,True,False,wall,70.0,66.0,-10.0
2044,109238,36.0,3,26,0.279733,0.725,True,False,wall,30.0,16.0,-10.0
2045,109255,0.0,0,17,0.279685,0.6042,True,False,wall,0.0,10.0,-10.0
2046,109286,70.0,6,31,0.279596,0.6872,True,False,body,60.0,20.0,-10.0
2047,109304,10.0,1,18,0.279544,0.7125,True,False,wall,10.0,10.0,-10.0
2048,109418,152.0,9,114,0.279217,0.7056,True,False,body,90.0,72.0,-10.0
2049,109469,66.0,4,51,0.279071,0.7291,True,False,body,40.0,36.0,-10.0
2050,109636,215.0,11,167,0.278593,0.7799,True,False,body,110.0,115.0,-10.0
2051,109714,77.0,4,78,0.278371,0.8582,True,False,body,40.0,47.0,-10.0
2052,109751,47.0,3,37,0.278265,0.7375,True,False,body,30.0,27.0,-10.0
2053,109830,96.0,6,79,0.27804,0.7648,True,False,wall,60.0,46.0,-10.0
2054,109862,53.0,4,32,0.277949,0.7662,True,False,wall,40.0,23.0,-10.0
2055,109897,32.0,2,35,0.277849,0.7627,True,False,wall,20.0,22.0,-10.0
2056,109977,94.0,5,80,0.277621,0.7092,True,False,wall,50.0,54.0,-10.0
2057,110004,19.0,1,27,0.277544,0.7888,True,False,wall,10.0,19.0,-10.0
2058,110058,47.0,2,54,0.277391,0.7003,True,False,wall,20.0,37.0,-10.0
2059,110135,87.0,5,77,0.277172,0.6949,True,False,body,50.0,47.0,-10.0
2060,110162,28.0,2,27,0.277095,0.7914,True,False,wall,20.0,18.0,-10.0
2061,110209,59.0,3,47,0.276962,0.7176,True,False,body,30.0,39.0,-10.0
2062,110271,91.0,6,62,0.276786,0.7026,True,False,body,60.0,41.0,-10.0
2063,110373,147.0,8,102,0.276497,0.6495,True,False,body,80.0,77.0,-10.0
2064,110392,13.0,1,19,0.276443,0.7949,True,False,wall,10.0,13.0,-10.0
2065,110458,82.0,5,66,0.276257,0.6798,True,False,body,50.0,42.0,-10.0
2066,110553,109.0,7,95,0.275988,0.744,True,False,body,70.0,49.0,-10.0
2067,110607,61.0,4,54,0.275836,0.7341,True,False,body,40.0,31.0,-10.0
2068,110708,114.0,6,101,0.275551,0.7972,True,False,body,60.0,64.0,-10.0
2069,110799,132.0,8,91,0.275294,0.7018,True,False,body,80.0,62.0,-10.0
2070,110825,12.0,1,26,0.275221,0.7859,True,False,wall,10.0,12.0,-10.0
2071,110867,53.0,4,42,0.275103,0.7193,True,False,body,40.0,23.0,-10.0
2072,110905,42.0,3,38,0.274996,0.6721,True,False,body,30.0,22.0,-10.0
2073,110966,109.0,7,61,0.274824,0.7361,True,False,wall,70.0,49.0,-10.0
2074,111055,97.0,5,89,0.274574,0.6978,True,False,wall,50.0,57.0,-10.0
2075,111105,59.0,4,50,0.274434,0.8477,True,False,body,40.0,29.0,-10.0
2076,111139,40.0,3,34,0.274339,0.8225,True,False,body,30.0,20.0,-10.0
2077,111237,113.0,6,98,0.274064,0.8221,True,False,body,60.0,63.0,-10.0
2078,111305,75.0,4,68,0.273874,0.8886,True,False,body,40.0,45.0,-10.0
2079,111337,42.0,3,32,0.273784,0.9331,True,False,body,30.0,22.0,-10.0
2080,111381,56.0,3,44,0.273661,0.8087,True,False,wall,30.0,36.0,-10.0
2081,111516,146.0,8,135,0.273284,0.8432,True,False,wall,80.0,76.0,-10.0
2082,111622,110.0,5,106,0.272988,0.7651,True,False,wall,50.0,70.0,-10.0
2083,111649,37.0,3,27,0.272913,0.7148,True,False,body,30.0,17.0,-10.0
2084,111687,44.0,3,38,0.272807,0.8158,True,False,wall,30.0,24.0,-10.0
2085,111721,44.0,3,34,0.272713,0.8729,True,False,wall,30.0,24.0,-10.0
2086,111746,9.0,1,25,0.272643,0.8833,True,False,wall,10.0,9.0,-10.0
2087,111816,104.0,7,70,0.272448,0.75,True,False,body,70.0,44.0,-10.0
2088,111851,43.0,3,35,0.272351,0.7068,True,False,body,30.0,23.0,-10.0
2089,111966,173.0,11,115,0.272032,0.7409,True,False,wall,110.0,73.0,-10.0
2090,112027,85.0,5,61,0.271862,0.9437,True,False,body,50.0,45.0,-10.0
2091,112150,129.0,7,123,0.271522,0.7822,True,False,wall,70.0,69.0,-10.0
2092,112197,41.0,3,47,0.271391,0.8477,True,False,body,30.0,21.0,-10.0
2093,112309,121.0,6,112,0.271082,0.8162,True,False,body,60.0,71.0,-10.0
2094,112365,80.0,5,56,0.270927,0.6794,True,False,wall,50.0,40.0,-10.0
2095,112456,111.0,7,91,0.270676,0.7042,True,False,body,70.0,51.0,-10.0
2096,112508,63.0,4,52,0.270532,0.7037,True,False,body,40.0,33.0,-10.0
2097,112591,106.0,6,83,0.270304,0.7288,True,False,body,60.0,56.0,-10.0
2098,112709,156.0,9,118,0.269979,0.7586,True,False,body,90.0,76.0,-10.0
2099,112910,283.0,15,201,0.269427,0.735,True,False,body,150.0,143.0,-10.0
2100,112928,14.0,1,18,0.269378,0.7905,True,False,wall,10.0,14.0,-10.0
2101,112980,60.0,3,52,0.269235,0.6945,True,False,wall,30.0,40.0,-10.0
2102,113122,212.0,13,142,0.268846,0.7282,True,False,body,130.0,92.0,-10.0
2103,113159,21.0,1,37,0.268745,0.7945,True,False,wall,10.0,21.0,-10.0
2104,113214,83.0,5,55,0.268595,0.8004,True,False,wall,50.0,43.0,-10.0
2105,113287,77.0,3,73,0.268395,0.782,True,False,body,30.0,57.0,-10.0
2106,113348,89.0,5,61,0.268229,0.6988,True,False,body,50.0,49.0,-10.0
2107,113427,112.0,6,79,0.268014,0.7744,True,False,wall,60.0,62.0,-10.0
2108,113446,22.0,2,19,0.267962,0.798,True,False,wall,20.0,12.0,-10.0
2109,113564,155.0,8,118,0.267641,0.7283,True,False,wall,80.0,85.0,-10.0
2110,113654,79.0,4,90,0.267396,0.7107,True,False,wall,40.0,49.0,-10.0
2111,113765,155.0,9,111,0.267094,0.7726,True,False,body,90.0,75.0,-10.0
2112,113780,9.0,1,15,0.267054,0.8402,True,False,wall,10.0,9.0,-10.0
2113,113868,126.0,7,88,0.266815,0.7686,True,False,body,70.0,66.0,-10.0
2114,113896,25.0,2,28,0.266739,0.7166,True,False,wall,20.0,15.0,-10.0
2115,113985,162.0,10,89,0.266498,0.7703,True,False,body,100.0,72.0,-10.0
2116,114017,36.0,3,32,0.266412,0.8161,True,False,body,30.0,16.0,-10.0
2117,114077,102.0,7,60,0.266249,0.7597,True,False,body,70.0,42.0,-10.0
2118,114092,0.0,0,15,0.266209,0.7509,True,False,wall,0.0,10.0,-10.0
2119,114138,61.0,4,46,0.266085,0.7473,True,False,body,40.0,31.0,-10.0
2120,114214,66.0,3,76,0.265879,0.7132,True,False,body,30.0,46.0,-10.0
2121,114259,58.0,4,45,0.265758,0.7686,True,False,body,40.0,28.0,-10.0
2122,114373,127.0,6,114,0.265451,0.7592,True,False,body,60.0,77.0,-10.0
2123,114433,89.0,6,60,0.265289,0.8014,True,False,body,60.0,39.0,-10.0
2124,114525,88.0,5,92,0.265042,0.7961,True,False,body,50.0,48.0,-10.0
2125,114656,165.0,9,131,0.26469,0.7875,True,False,body,90.0,85.0,-10.0
2126,114736,85.0,4,80,0.264475,0.7016,True,False,wall,40.0,55.0,-10.0
2127,114878,124.0,7,142,0.264095,0.7208,True,False,wall,70.0,64.0,-10.0
2128,114924,59.0,4,46,0.263972,0.7346,True,False,body,40.0,29.0,-10.0
2129,114974,63.0,4,50,0.263838,0.7358,True,False,body,40.0,33.0,-10.0
2130,115035,55.0,3,61,0.263675,0.7378,True,False,body,30.0,35.0,-10.0
2131,115102,100.0,6,67,0.263496,0.7966,True,False,body,60.0,50.0,-10.0
2132,115267,206.0,12,165,0.263056,0.7644,True,False,wall,120.0,96.0,-10.0
2133,115290,17.0,1,23,0.262995,0.7628,True,False,wall,10.0,17.0,-10.0
2134,115325,30.0,2,35,0.262902,0.7755,True,False,wall,20.0,20.0,-10.0
2135,115455,169.0,8,130,0.262556,0.7343,True,False,wall,80.0,99.0,-10.0
2136,115578,161.0,9,123,0.26223,0.7757,True,False,body,90.0,81.0,-10.0
2137,115636,63.0,4,58,0.262076,0.8051,True,False,body,40.0,33.0,-10.0
2138,115738,133.0,8,102,0.261806,0.8141,True,False,body,80.0,63.0,-10.0
2139,115792,56.0,3,54,0.261663,0.8038,True,False,body,30.0,36.0,-10.0
2140,115890,106.0,7,98,0.261404,0.7723,True,False,wall,70.0,46.0,-10.0
2141,116003,151.0,9,113,0.261105,0.7903,True,False,body,90.0,71.0,-10.0
2142,116065,71.0,4,62,0.260942,0.838,True,False,body,40.0,41.0,-10.0
2143,116107,70.0,5,42,0.260831,0.7758,True,False,body,50.0,30.0,-10.0
2144,116135,33.0,2,28,0.260757,0.7455,True,False,wall,20.0,23.0,-10.0
2145,116198,68.0,4,63,0.260591,0.7696,True,False,body,40.0,38.0,-10.0
2146,116325,148.0,8,127,0.260257,0.7675,True,False,body,80.0,78.0,-10.0
2147,116337,10.0,1,12,0.260226,0.863,True,False,wall,10.0,10.0,-10.0
2148,116408,79.0,5,71,0.260039,0.8934,True,False,wall,50.0,39.0,-10.0
2149,116455,58.0,4,47,0.259916,0.8838,True,False,wall,40.0,28.0,-10.0
2150,116494,40.0,2,39,0.259814,0.8747,True,False,wall,20.0,30.0,-10.0
2151,116620,176.0,9,126,0.259483,0.7724,True,False,body,90.0,96.0,-10.0
2152,116633,20.0,2,13,0.259449,0.7693,True,False,wall,20.0,10.0,-10.0
2153,116707,82.0,5,74,0.259256,0.7442,True,False,body,50.0,42.0,-10.0
2154,116722,11.0,1,15,0.259217,0.8327,True,False,wall,10.0,11.0,-10.0
2155,116768,50.0,3,46,0.259096,0.791,True,False,body,30.0,30.0,-10.0
2156,116822,76.0,5,54,0.258955,0.7206,True,False,body,50.0,36.0,-10.0
2157,116946,220.0,13,124,0.258632,0.7748,True,False,body,130.0,100.0,-10.0
2158,116965,0.0,0,19,0.258582,0.7735,True,False,wall,0.0,10.0,-10.0
2159,117003,36.0,3,38,0.258483,0.6587,True,False,body,30.0,16.0,-10.0
2160,117034,41.0,3,31,0.258402,0.7,True,False,wall,30.0,21.0,-10.0
2161,117129,128.0,8,95,0.258155,0.7234,True,False,body,80.0,58.0,-10.0
2162,117156,37.0,3,27,0.258085,0.7221,True,False,body,30.0,17.0,-10.0
2163,117242,114.0,7,86,0.257861,0.7957,True,False,body,70.0,54.0,-10.0
2164,117301,83.0,5,59,0.257708,0.8234,True,False,body,50.0,43.0,-10.0
2165,117346,51.0,3,45,0.257591,0.8157,True,False,wall,30.0,31.0,-10.0
2166,117386,45.0,2,40,0.257487,0.7969,True,False,wall,20.0,35.0,-10.0
2167,117454,90.0,5,68,0.257311,0.7527,True,False,wall,50.0,50.0,-10.0
2168,117497,49.0,3,43,0.2572,0.736,True,False,wall,30.0,29.0,-10.0
2169,117521,32.0,3,24,0.257137,0.7732,True,False,wall,30.0,12.0,-10.0
2170,117587,93.0,6,66,0.256967,0.7296,True,False,wall,60.0,43.0,-10.0
2171,117693,175.0,12,106,0.256693,0.7977,True,False,body,120.0,65.0,-10.0
2172,117843,184.0,9,150,0.256305,0.816,True,False,body,90.0,104.0,-10.0
2173,117910,68.0,4,67,0.256133,0.6979,True,False,body,40.0,38.0,-10.0
2174,117928,12.0,1,18,0.256086,0.8507,True,False,wall,10.0,12.0,-10.0
2175,117945,13.0,1,17,0.256042,0.7664,True,False,wall,10.0,13.0,-10.0
2176,117957,1.0,0,12,0.256012,0.8358,True,False,wall,0.0,11.0,-10.0
2177,118017,84.0,5,60,0.255857,0.7592,True,False,body,50.0,44.0,-10.0
2178,118073,69.0,4,56,0.255713,0.8688,True,False,body,40.0,39.0,-10.0
2179,118118,69.0,5,45,0.255597,0.8992,True,False,wall,50.0,29.0,-10.0
2180,118168,85.0,6,50,0.255469,0.7365,True,False,body,60.0,35.0,-10.0
2181,118196,40.0,3,28,0.255397,0.7987,True,False,wall,30.0,20.0,-10.0
2182,118230,40.0,3,34,0.25531,0.7964,True,False,wall,30.0,20.0,-10.0
2183,118402,231.0,12,172,0.254869,0.7253,True,False,body,120.0,121.0,-10.0
2184,118446,48.0,3,44,0.254756,0.7456,True,False,body,30.0,28.0,-10.0
2185,118509,49.0,3,63,0.254595,0.7277,True,False,body,30.0,29.0,-10.0
2186,118598,108.0,6,89,0.254367,0.7672,True,False,wall,60.0,58.0,-10.0
2187,118765,225.0,11,167,0.253941,0.8011,True,False,body,110.0,125.0,-10.0
2188,118781,8.0,1,16,0.253901,0.8029,True,False,wall,10.0,8.0,-10.0
2189,118794,2.0,0,13,0.253867,0.6957,True,False,wall,0.0,12.0,-10.0
2190,118892,144.0,9,98,0.253618,0.8013,True,False,wall,90.0,64.0,-10.0
2191,118936,44.0,3,44,0.253506,0.7021,True,False,body,30.0,24.0,-10.0
2192,118960,18.0,1,24,0.253445,0.7718,True,False,wall,10.0,18.0,-10.0
2193,118990,29.0,2,30,0.253369,0.7523,True,False,wall,20.0,19.0,-10.0
2194,119242,339.0,18,252,0.252729,0.7705,True,False,body,180.0,169.0,-10.0
2195,119316,93.0,6,74,0.252541,0.7386,True,False,body,60.0,43.0,-10.0
2196,119327,9.0,1,11,0.252514,0.6622,True,False,wall,10.0,9.0,-10.0
2197,119463,157.0,8,136,0.25217,0.8383,True,False,body,80.0,87.0,-10.0
2198,119484,15.0,1,21,0.252117,0.7731,True,False,wall,10.0,15.0,-10.0
2199,119511,30.0,2,27,0.252048,0.8616,True,False,wall,20.0,20.0,-10.0
2200,119593,88.0,5,82,0.251841,0.7843,True,False,wall,50.0,48.0,-10.0
2201,119618,30.0,2,25,0.251778,0.6997,True,False,wall,20.0,20.0,-10.0
2202,119749,183.0,11,131,0.251448,0.7859,True,False,body,110.0,83.0,-10.0
2203,119853,130.0,7,104,0.251186,0.8156,True,False,body,70.0,70.0,-10.0
2204,119919,84.0,5,66,0.251021,0.8519,True,False,wall,50.0,44.0,-10.0
2205,120017,94.0,5,98,0.250774,0.9167,True,False,body,50.0,54.0,-10.0
2206,120084,101.0,7,67,0.250606,0.8912,True,False,body,70.0,41.0,-10.0
2207,120139,81.0,5,55,0.250469,0.8356,True,False,body,50.0,41.0,-10.0
2208,120221,84.0,5,82,0.250263,0.7692,True,False,wall,50.0,44.0,-10.0
2209,120285,63.0,4,64,0.250103,0.8802,True,False,wall,40.0,33.0,-10.0
2210,120332,77.0,5,47,0.249985,0.827,True,False,body,50.0,37.0,-10.0
2211,120489,218.0,12,157,0.249593,0.825,True,False,body,120.0,108.0,-10.0
2212,120558,84.0,6,69,0.249421,0.798,True,False,body,60.0,34.0,-10.0
2213,120601,71.0,5,43,0.249314,0.8451,True,False,wall,50.0,31.0,-10.0
2214,120709,143.0,8,108,0.249045,0.7488,True,False,body,80.0,73.0,-10.0
2215,120770,84.0,6,61,0.248894,0.7841,True,False,body,60.0,34.0,-10.0
2216,120849,111.0,7,79,0.248697,0.8076,True,False,wall,70.0,51.0,-10.0
2217,120891,54.0,3,42,0.248593,0.8855,True,False,wall,30.0,34.0,-10.0
2218,120905,10.0,1,14,0.248558,0.7446,True,False,wall,10.0,10.0,-10.0
2219,121001,122.0,7,96,0.24832,0.8007,True,False,body,70.0,62.0,-10.0
2220,121043,48.0,3,42,0.248216,0.9135,True,False,wall,30.0,28.0,-10.0
2221,121057,-1.0,0,14,0.248181,0.8542,True,False,wall,0.0,9.0,-10.0
2222,121129,93.0,6,72,0.248003,0.7809,True,False,body,60.0,43.0,-10.0
2223,121198,89.0,5,69,0.247832,0.7514,True,False,wall,50.0,49.0,-10.0
2224,121298,149.0,8,100,0.247585,0.8059,True,False,wall,80.0,79.0,-10.0
2225,121333,54.0,4,35,0.247499,0.7367,True,False,wall,40.0,24.0,-10.0
2226,121466,161.0,9,133,0.247171,0.7656,True,False,wall,90.0,81.0,-10.0
2227,121539,112.0,6,73,0.246991,0.7349,True,False,body,60.0,62.0,-10.0
2228,121595,84.0,5,56,0.246853,0.8922,True,False,body,50.0,44.0,-10.0
2229,121622,41.0,3,27,0.246787,0.8748,True,False,body,30.0,21.0,-10.0
2230,121728,130.0,7,106,0.246526,0.8493,True,False,wall,70.0,70.0,-10.0
2231,121855,149.0,7,127,0.246214,0.7996,True,False,body,70.0,89.0,-10.0
2232,121924,88.0,6,69,0.246045,0.7681,True,False,wall,60.0,38.0,-10.0
2233,121990,86.0,5,66,0.245883,0.7914,True,False,body,50.0,46.0,-10.0
2234,122002,19.0,2,12,0.245854,0.8938,True,False,wall,20.0,9.0,-10.0
2235,122119,146.0,8,117,0.245568,0.8248,True,False,body,80.0,76.0,-10.0
2236,122180,65.0,3,61,0.245419,0.7302,True,False,body,30.0,45.0,-10.0
2237,122217,41.0,3,37,0.245328,0.7176,True,False,body,30.0,21.0,-10.0
2238,122272,75.0,5,55,0.245194,0.7237,True,False,body,50.0,35.0,-10.0
2239,122350,101.0,6,78,0.245004,0.8483,True,False,body,60.0,51.0,-10.0
2240,122365,0.0,0,15,0.244967,0.8098,True,False,wall,0.0,10.0,-10.0
2241,122455,118.0,7,90,0.244748,0.7907,True,False,body,70.0,58.0,-10.0
2242,122471,-1.0,0,16,0.244709,0.662,True,False,wall,0.0,9.0,-10.0
2243,122637,202.0,11,166,0.244306,0.822,True,False,wall,110.0,102.0,-10.0
2244,122688,90.0,6,51,0.244182,0.7654,True,False,body,60.0,40.0,-10.0
2245,122747,60.0,4,59,0.244039,0.7803,True,False,body,40.0,30.0,-10.0
2246,122761,3.0,0,14,0.244005,0.8924,True,False,wall,0.0,13.0,-10.0
2247,122816,81.0,5,55,0.243871,0.8231,True,False,wall,50.0,41.0,-10.0
2248,122901,96.0,6,85,0.243665,0.8245,True,False,wall,60.0,46.0,-10.0
2249,122948,64.0,4,47,0.243552,1.2816,True,False,body,40.0,34.0,-10.0
2250,123103,204.0,12,155,0.243177,1.016,True,False,body,120.0,94.0,-10.0
2251,123139,42.0,3,36,0.24309,0.8726,True,False,wall,30.0,22.0,-10.0
2252,123231,108.0,5,92,0.242868,0.9024,True,False,wall,50.0,68.0,-10.0
2253,123246,13.0,1,15,0.242832,0.9134,True,False,wall,10.0,13.0,-10.0
2254,123278,42.0,3,32,0.242755,0.8325,True,False,body,30.0,22.0,-10.0
2255,123358,113.0,6,80,0.242562,0.9236,True,False,body,60.0,63.0,-10.0
2256,123382,21.0,2,24,0.242505,0.932,True,False,wall,20.0,11.0,-10.0
2257,123415,43.0,3,33,0.242425,0.7099,True,False,wall,30.0,23.0,-10.0
2258,123493,109.0,6,78,0.242238,0.767,True,False,body,60.0,59.0,-10.0
2259,123545,67.0,4,52,0.242113,0.8592,True,False,body,40.0,37.0,-10.0
2260,123608,90.0,6,63,0.241961,0.7581,True,False,wall,60.0,40.0,-10.0
2261,123655,73.0,5,47,0.241849,0.8676,True,False,body,50.0,33.0,-10.0
2262,123734,95.0,5,79,0.241659,0.884,True,False,wall,50.0,55.0,-10.0
2263,123918,274.0,15,184,0.241219,0.7666,True,False,wall,150.0,134.0,-10.0
2264,123943,32.0,2,25,0.241159,0.7592,True,False,wall,20.0,22.0,-10.0
2265,123957,-1.0,0,14,0.241126,0.9064,True,False,wall,0.0,9.0,-10.0
2266,124010,51.0,3,53,0.240999,0.7697,True,False,body,30.0,31.0,-10.0
2267,124107,126.0,6,97,0.240768,0.7424,True,False,body,60.0,76.0,-10.0
2268,124203,112.0,7,96,0.240539,0.8111,True,False,body,70.0,52.0,-10.0
2269,124336,179.0,9,133,0.240223,0.8534,True,False,body,90.0,99.0,-10.0
2270,124516,235.0,14,180,0.239795,0.8828,True,False,body,140.0,105.0,-10.0
2271,124643,169.0,9,127,0.239494,0.7952,True,False,body,90.0,89.0,-10.0
2272,124758,127.0,5,115,0.239222,0.8136,True,False,body,50.0,87.0,-10.0
2273,124861,119.0,7,103,0.238978,0.8025,True,False,body,70.0,59.0,-10.0
2274,124914,90.0,6,53,0.238853,0.7486,True,False,body,60.0,40.0,-10.0
2275,124969,74.0,4,55,0.238723,0.9971,True,False,body,40.0,44.0,-10.0
2276,125140,235.0,13,171,0.23832,0.7802,True,False,wall,130.0,115.0,-10.0
2277,125176,64.0,5,36,0.238236,0.7628,True,False,wall,50.0,24.0,-10.0
2278,125278,117.0,6,102,0.237996,0.7763,True,False,wall,60.0,67.0,-10.0
2279,125312,33.0,2,34,0.237916,0.8136,True,False,wall,20.0,23.0,-10.0
2280,125345,34.0,2,33,0.237838,0.7692,True,False,wall,20.0,24.0,-10.0
2281,125424,96.0,6,79,0.237653,0.7446,True,False,body,60.0,46.0,-10.0
2282,125459,54.0,4,35,0.237571,0.7453,True,False,body,40.0,24.0,-10.0
2283,125535,101.0,6,76,0.237393,0.8838,True,False,body,60.0,51.0,-10.0
2284,125598,60.0,4,63,0.237245,0.8472,True,False,body,40.0,30.0,-10.0
2285,125643,62.0,4,45,0.23714,0.7799,True,False,wall,40.0,32.0,-10.0
2286,125775,150.0,9,132,0.236832,1.0091,True,False,body,90.0,70.0,-10.0
2287,125866,143.0,9,91,0.236619,0.9094,True,False,body,90.0,63.0,-10.0
2288,125932,90.0,5,66,0.236465,0.88,True,False,body,50.0,50.0,-10.0
2289,125967,49.0,3,35,0.236384,0.9106,True,False,wall,30.0,29.0,-10.0
2290,126133,194.0,11,166,0.235997,0.8363,True,False,body,110.0,94.0,-10.0
2291,126183,78.0,5,50,0.235881,0.8213,True,False,body,50.0,38.0,-10.0
2292,126232,55.0,3,49,0.235767,0.8695,True,False,body,30.0,35.0,-10.0
2293,126320,120.0,7,88,0.235563,0.7926,True,False,body,70.0,60.0,-10.0
2294,126443,152.0,8,123,0.235278,0.8768,True,False,body,80.0,82.0,-10.0
2295,126567,171.0,10,124,0.234991,0.8467,True,False,body,100.0,81.0,-10.0
2296,126598,41.0,3,31,0.234919,0.8282,True,False,body,30.0,21.0,-10.0
2297,126829,289.0,15,231,0.234386,0.848,True,False,body,150.0,149.0,-10.0
2298,126928,140.0,8,99,0.234158,0.8105,True,False,body,80.0,70.0,-10.0
2299,127000,90.0,5,72,0.233992,0.7853,True,False,body,50.0,50.0,-10.0
2300,127094,92.0,5,94,0.233776,0.8878,True,False,wall,50.0,52.0,-10.0
2301,127120,12.0,1,26,0.233717,0.8348,True,False,wall,10.0,12.0,-10.0
2302,127195,56.0,4,75,0.233545,0.8241,True,False,body,40.0,26.0,-10.0
2303,127227,55.0,4,32,0.233471,0.8697,True,False,wall,40.0,25.0,-10.0
2304,127299,90.0,5,72,0.233306,1.2125,True,False,wall,50.0,50.0,-10.0
2305,127424,167.0,9,125,0.23302,0.8377,True,False,body,90.0,87.0,-10.0
2306,127445,13.0,1,21,0.232972,0.8561,True,False,wall,10.0,13.0,-10.0
2307,127479,44.0,3,34,0.232894,0.8995,True,False,body,30.0,24.0,-10.0
2308,127521,57.0,4,42,0.232798,0.9288,True,False,body,40.0,27.0,-10.0
2309,127535,8.0,1,14,0.232766,0.7527,True,False,wall,10.0,8.0,-10.0
2310,127575,61.0,4,40,0.232675,0.9236,True,False,wall,40.0,31.0,-10.0
2311,127589,6.0,1,14,0.232643,0.7576,True,False,wall,10.0,6.0,-10.0
2312,127704,174.0,10,115,0.23238,0.8729,True,False,body,100.0,84.0,-10.0
2313,127762,70.0,3,58,0.232248,0.8799,True,False,wall,30.0,50.0,-10.0
2314,127775,7.0,1,13,0.232219,0.7487,True,False,wall,10.0,7.0,-10.0
2315,127852,115.0,7,77,0.232043,0.8525,True,False,body,70.0,55.0,-10.0
2316,127881,19.0,1,29,0.231977,0.9136,True,False,wall,10.0,19.0,-10.0
2317,127926,40.0,2,45,0.231875,0.7742,True,False,wall,20.0,30.0,-10.0
2318,127972,53.0,4,46,0.23177,0.7278,True,False,body,40.0,23.0,-10.0
2319,127989,22.0,2,17,0.231732,0.7075,True,False,wall,20.0,12.0,-10.0
2320,128041,90.0,7,52,0.231614,0.8292,True,False,body,70.0,30.0,-10.0
2321,128151,148.0,7,110,0.231364,0.8947,True,False,body,70.0,88.0,-10.0
2322,128223,106.0,7,72,0.231201,0.8337,True,False,body,70.0,46.0,-10.0
2323,128332,136.0,8,109,0.230954,0.7807,True,False,wall,80.0,66.0,-10.0
2324,128384,63.0,4,52,0.230837,0.7978,True,False,wall,40.0,33.0,-10.0
2325,128449,81.0,5,65,0.23069,0.7879,True,False,wall,50.0,41.0,-10.0
2326,128535,128.0,7,86,0.230496,0.7755,True,False,body,70.0,68.0,-10.0
2327,128662,177.0,9,127,0.230209,0.8407,True,False,body,90.0,97.0,-10.0
2328,128707,43.0,3,45,0.230108,0.7883,True,False,wall,30.0,23.0,-10.0
2329,128750,38.0,2,43,0.230011,0.7567,True,False,wall,20.0,28.0,-10.0
2330,128807,86.0,6,57,0.229883,0.7676,True,False,wall,60.0,36.0,-10.0
2331,128856,57.0,3,49,0.229773,0.8105,True,False,wall,30.0,37.0,-10.0
2332,128922,84.0,5,66,0.229625,0.8287,True,False,body,50.0,44.0,-10.0
2333,128940,25.0,2,18,0.229584,0.8097,True,False,wall,20.0,15.0,-10.0
2334,128986,59.0,4,46,0.229481,0.8164,True,False,body,40.0,29.0,-10.0
2335,128999,11.0,1,13,0.229452,0.951,True,False,wall,10.0,11.0,-10.0
2336,129110,149.0,9,111,0.229203,0.7871,True,False,body,90.0,69.0,-10.0
2337,129267,240.0,14,157,0.228852,0.8563,True,False,body,140.0,110.0,-10.0
2338,129294,24.0,2,27,0.228791,0.8866,True,False,wall,20.0,14.0,-10.0
2339,129379,94.0,6,85,0.228602,0.8038,True,False,wall,60.0,44.0,-10.0
2340,129517,195.0,10,138,0.228294,0.9369,True,False,wall,100.0,105.0,-10.0
2341,129589,90.0,5,72,0.228133,0.858,True,False,body,50.0,50.0,-10.0
2342,129637,65.0,4,48,0.228026,1.0424,True,False,body,40.0,35.0,-10.0
2343,129661,38.0,3,24,0.227973,0.8509,True,False,body,30.0,18.0,-10.0
2344,129787,182.0,11,126,0.227693,0.8567,True,False,wall,110.0,82.0,-10.0
2345,129803,14.0,1,16,0.227657,0.8761,True,False,wall,10.0,14.0,-10.0
2346,129918,145.0,9,115,0.227402,0.9453,True,False,wall,90.0,65.0,-10.0
2347,129948,42.0,3,30,0.227336,0.8513,True,False,wall,30.0,22.0,-10.0
2348,130012,85.0,6,64,0.227194,1.052,True,False,body,60.0,35.0,-10.0
2349,130048,46.0,3,36,0.227114,0.79,True,False,body,30.0,26.0,-10.0
2350,130081,39.0,3,33,0.227041,0.8237,True,False,wall,30.0,19.0,-10.0
2351,130115,50.0,3,34,0.226966,0.9209,True,False,wall,30.0,30.0,-10.0
2352,130227,171.0,10,112,0.226718,0.9088,True,False,body,100.0,81.0,-10.0
2353,130294,102.0,6,67,0.22657,0.8916,True,False,wall,60.0,52.0,-10.0
2354,130402,151.0,8,108,0.226332,0.8511,True,False,body,80.0,81.0,-10.0
2355,130448,71.0,4,46,0.226231,0.883,True,False,body,40.0,41.0,-10.0
2356,130467,9.0,1,19,0.226189,0.8225,True,False,wall,10.0,9.0,-10.0
2357,130534,87.0,5,67,0.226042,0.8719,True,False,body,50.0,47.0,-10.0
2358,130670,189.0,10,136,0.225742,0.8359,True,False,body,100.0,99.0,-10.0
2359,130796,173.0,10,126,0.225466,0.8152,True,False,wall,100.0,83.0,-10.0
2360,130872,80.0,5,76,0.225299,0.7995,True,False,body,50.0,40.0,-10.0
2361,130934,67.0,4,62,0.225163,0.769,True,False,body,40.0,37.0,-10.0
2362,130999,81.0,5,65,0.225021,0.7959,True,False,body,50.0,41.0,-10.0
2363,131131,193.0,10,132,0.224733,0.885,True,False,wall,100.0,103.0,-10.0
2364,131190,79.0,5,59,0.224604,0.7983,True,False,body,50.0,39.0,-10.0
2365,131262,97.0,6,72,0.224447,0.8273,True,False,body,60.0,47.0,-10.0
2366,131430,213.0,10,168,0.224081,0.7906,True,False,wall,100.0,123.0,-10.0
2367,131443,2.0,0,13,0.224053,0.7638,True,False,wall,0.0,12.0,-10.0
2368,131473,27.0,2,30,0.223987,0.8753,True,False,wall,20.0,17.0,-10.0
2369,131524,64.0,4,51,0.223876,0.8967,True,False,body,40.0,34.0,-10.0
2370,131633,115.0,7,109,0.22364,0.8227,True,False,body,70.0,55.0,-10.0
2371,131695,93.0,6,62,0.223505,0.8547,True,False,body,60.0,43.0,-10.0
2372,131738,62.0,4,43,0.223412,0.828,True,False,wall,40.0,32.0,-10.0
2373,131842,120.0,7,104,0.223187,0.8378,True,False,body,70.0,60.0,-10.0
2374,131901,78.0,4,59,0.223059,0.8581,True,False,body,40.0,48.0,-10.0
2375,131985,128.0,7,84,0.222877,0.8553,True,False,wall,70.0,68.0,-10.0
2376,132013,38.0,3,28,0.222817,0.8501,True,False,body,30.0,18.0,-10.0
2377,132100,118.0,6,87,0.222629,0.8874,True,False,wall,60.0,68.0,-10.0
2378,132147,57.0,3,47,0.222528,0.942,True,False,body,30.0,37.0,-10.0
2379,132211,90.0,5,64,0.22239,0.826,True,False,wall,50.0,50.0,-10.0
2380,132271,82.0,5,60,0.22226,0.8707,True,False,body,50.0,42.0,-10.0
2381,132349,127.0,8,78,0.222093,0.8277,True,False,body,80.0,57.0,-10.0
2382,132403,67.0,4,54,0.221976,0.8554,True,False,body,40.0,37.0,-10.0
2383,132515,158.0,9,112,0.221736,0.9836,True,False,wall,90.0,78.0,-10.0
2384,132597,111.0,6,82,0.22156,1.0021,True,False,body,60.0,61.0,-10.0
2385,132708,161.0,9,111,0.221322,0.8327,True,False,wall,90.0,81.0,-10.0
2386,132789,107.0,7,81,0.221149,0.7927,True,False,body,70.0,47.0,-10.0
2387,132976,245.0,11,187,0.220749,0.7789,True,False,body,110.0,145.0,-10.0
2388,133030,86.0,5,54,0.220634,0.8392,True,False,body,50.0,46.0,-10.0
2389,133107,92.0,4,77,0.22047,0.8178,True,False,wall,40.0,62.0,-10.0
2390,133177,93.0,6,70,0.220321,0.8758,True,False,body,60.0,43.0,-10.0
2391,133191,15.0,2,14,0.220291,0.7671,True,False,wall,20.0,5.0,-10.0
2392,133274,129.0,7,83,0.220114,0.8427,True,False,body,70.0,69.0,-10.0
2393,133409,196.0,10,135,0.219827,0.8605,True,False,body,100.0,106.0,-10.0
2394,133438,19.0,1,29,0.219766,1.0606,True,False,wall,10.0,19.0,-10.0
2395,133617,235.0,11,179,0.219386,0.8513,True,False,body,110.0,135.0,-10.0
2396,133803,314.0,19,186,0.218993,0.8948,True,False,body,190.0,134.0,-10.0
2397,133934,177.0,9,131,0.218716,0.8433,True,False,wall,90.0,97.0,-10.0
2398,134099,200.0,10,165,0.218369,0.8657,True,False,body,100.0,110.0,-10.0
2399,134161,95.0,6,62,0.218238,1.113,True,False,body,60.0,45.0,-10.0
2400,134233,92.0,5,72,0.218087,0.9149,True,False,body,50.0,52.0,-10.0
2401,134271,48.0,3,38,0.218007,0.8387,True,False,wall,30.0,28.0,-10.0
2402,134358,97.0,5,87,0.217825,0.9319,True,False,body,50.0,57.0,-10.0
2403,134431,110.0,6,73,0.217672,0.9073,True,False,body,60.0,60.0,-10.0
2404,134439,6.0,1,8,0.217655,0.687,True,False,wall,10.0,6.0,-10.0
2405,134506,89.0,5,67,0.217514,0.7706,True,False,body,50.0,49.0,-10.0
2406,134561,65.0,5,55,0.217399,0.8399,True,False,body,50.0,25.0,-10.0
2407,134630,70.0,4,69,0.217255,0.812,True,False,wall,40.0,40.0,-10.0
2408,134739,111.0,7,109,0.217027,0.8271,True,False,body,70.0,51.0,-10.0
2409,134817,109.0,6,78,0.216865,0.8379,True,False,body,60.0,59.0,-10.0
2410,134972,217.0,11,155,0.216542,0.8827,True,False,body,110.0,117.0,-10.0
2411,135044,112.0,7,72,0.216392,0.8253,True,False,wall,70.0,52.0,-10.0
2412,135095,66.0,4,51,0.216286,0.7973,True,False,body,40.0,36.0,-10.0
2413,135186,116.0,6,91,0.216097,0.871,True,False,wall,60.0,66.0,-10.0
2414,135408,264.0,13,222,0.215636,0.9433,True,False,body,130.0,144.0,-10.0
2415,135502,122.0,7,94,0.215442,0.7834,True,False,body,70.0,62.0,-10.0
2416,135802,357.0,20,300,0.214823,0.8669,True,False,body,200.0,167.0,-10.0
2417,135979,223.0,13,177,0.214458,0.9134,True,False,body,130.0,103.0,-10.0
2418,136066,108.0,6,87,0.21428,0.8534,True,False,body,60.0,58.0,-10.0
2419,136108,45.0,2,42,0.214193,1.0467,True,False,wall,20.0,35.0,-10.0
2420,136127,17.0,1,19,0.214154,1.1607,True,False,wall,10.0,17.0,-10.0
2421,136239,153.0,10,112,0.213925,1.0322,True,False,body,100.0,63.0,-10.0
2422,136281,54.0,3,42,0.213839,0.8405,True,False,body,30.0,34.0,-10.0
2423,136344,85.0,5,63,0.21371,0.9151,True,False,body,50.0,45.0,-10.0
2424,136437,115.0,7,93,0.21352,0.8426,True,False,body,70.0,55.0,-10.0
2425,136497,68.0,3,60,0.213397,0.8637,True,False,body,30.0,48.0,-10.0
2426,136581,125.0,8,84,0.213225,0.8724,True,False,body,80.0,55.0,-10.0
2427,136700,193.0,11,119,0.212983,1.0245,True,False,wall,110.0,93.0,-10.0
2428,136725,28.0,2,25,0.212932,0.8588,True,False,wall,20.0,18.0,-10.0
2429,136755,14.0,1,30,0.212871,0.7835,True,False,wall,10.0,14.0,-10.0
2430,136773,14.0,1,18,0.212834,0.8934,True,False,wall,10.0,14.0,-10.0
2431,136928,189.0,11,155,0.212519,0.8364,True,False,body,110.0,89.0,-10.0
2432,137048,143.0,6,120,0.212275,0.8285,True,False,wall,60.0,93.0,-10.0
2433,137121,102.0,6,73,0.212127,0.9006,True,False,wall,60.0,52.0,-10.0
2434,137146,13.0,1,25,0.212077,1.0958,True,False,wall,10.0,13.0,-10.0
2435,137288,202.0,11,142,0.211789,1.021,True,False,body,110.0,102.0,-10.0
2436,137450,180.0,9,162,0.211462,0.8814,True,False,wall,90.0,100.0,-10.0
2437,137541,114.0,6,91,0.211278,0.8466,True,False,wall,60.0,64.0,-10.0
2438,137616,106.0,6,75,0.211127,0.804,True,False,wall,60.0,56.0,-10.0
2439,137635,26.0,2,19,0.211089,0.9552,True,False,wall,20.0,16.0,-10.0
2440,137663,53.0,4,28,0.211033,0.7847,True,False,wall,40.0,23.0,-10.0
2441,137841,246.0,13,178,0.210675,0.8267,True,False,body,130.0,126.0,-10.0
2442,137885,68.0,5,44,0.210586,0.8458,True,False,body,50.0,28.0,-10.0
2443,137895,8.0,1,10,0.210566,0.9037,True,False,wall,10.0,8.0,-10.0
2444,137908,9.0,1,13,0.21054,0.8243,True,False,wall,10.0,9.0,-10.0
2445,137937,41.0,3,29,0.210482,0.9124,True,False,body,30.0,21.0,-10.0
2446,138155,299.0,16,218,0.210045,1.0244,True,False,wall,160.0,149.0,-10.0
2447,138200,47.0,3,45,0.209955,0.8398,True,False,body,30.0,27.0,-10.0
2448,138298,134.0,7,98,0.20976,0.977,True,False,body,70.0,74.0,-10.0
2449,138320,8.0,1,22,0.209716,0.9267,True,False,wall,10.0,8.0,-10.0
2450,138333,29.0,3,13,0.20969,0.9389,True,False,wall,30.0,9.0,-10.0
2451,138429,134.0,7,96,0.209498,1.1521,True,False,body,70.0,74.0,-10.0
2452,138465,55.0,4,36,0.209426,1.085,True,False,wall,40.0,25.0,-10.0
2453,138623,228.0,13,158,0.209112,0.8653,True,False,body,130.0,108.0,-10.0
2454,138716,116.0,6,93,0.208927,0.8643,True,False,wall,60.0,66.0,-10.0
2455,138789,87.0,5,73,0.208782,0.9455,True,False,body,50.0,47.0,-10.0
2456,138850,72.0,4,61,0.208661,0.8842,True,False,body,40.0,42.0,-10.0
2457,138887,45.0,3,37,0.208588,0.8459,True,False,body,30.0,25.0,-10.0
2458,138916,34.0,2,29,0.20853,0.8348,True,False,wall,20.0,24.0,-10.0
2459,138978,86.0,5,62,0.208407,0.9252,True,False,body,50.0,46.0,-10.0
2460,139057,111.0,7,79,0.208251,0.9713,True,False,body,70.0,51.0,-10.0
2461,139069,-3.0,0,12,0.208227,0.9025,True,False,wall,0.0,7.0,-10.0
2462,139137,88.0,5,68,0.208093,0.9069,True,False,body,50.0,48.0,-10.0
2463,139260,159.0,9,123,0.20785,0.8726,True,False,body,90.0,79.0,-10.0
2464,139348,100.0,5,88,0.207676,0.8929,True,False,body,50.0,60.0,-10.0
2465,139441,149.0,9,93,0.207493,0.8349,True,False,wall,90.0,69.0,-10.0
2466,139495,79.0,6,54,0.207387,0.8423,True,False,body,60.0,29.0,-10.0
2467,139507,-5.0,0,12,0.207363,0.825,True,False,wall,0.0,5.0,-10.0
2468,139619,149.0,8,112,0.207143,0.8575,True,False,body,80.0,79.0,-10.0
2469,139703,122.0,7,84,0.206978,0.8565,True,False,body,70.0,62.0,-10.0
2470,139788,108.0,6,85,0.206812,0.9542,True,False,body,60.0,58.0,-10.0
2471,139842,84.0,5,54,0.206706,1.1267,True,False,body,50.0,44.0,-10.0
2472,140035,238.0,12,193,0.206328,0.8896,True,False,wall,120.0,128.0,-10.0
2473,140136,161.0,9,101,0.206131,0.8423,True,False,body,90.0,81.0,-10.0
2474,140184,47.0,2,48,0.206037,0.9731,True,False,wall,20.0,37.0,-10.0
2475,140207,37.0,3,23,0.205992,1.4242,True,False,body,30.0,17.0,-10.0
2476,140224,13.0,1,17,0.205959,1.4441,True,False,wall,10.0,13.0,-10.0
2477,140262,50.0,3,38,0.205885,1.0718,True,False,wall,30.0,30.0,-10.0
2478,140380,192.0,11,118,0.205655,0.9753,True,False,body,110.0,92.0,-10.0
2479,140423,36.0,2,43,0.205572,1.0354,True,False,wall,20.0,26.0,-10.0
2480,140477,81.0,6,54,0.205467,1.0997,True,False,body,60.0,31.0,-10.0
2481,140502,17.0,1,25,0.205418,0.8765,True,False,wall,10.0,17.0,-10.0
2482,140579,89.0,5,77,0.205269,0.9064,True,False,wall,50.0,49.0,-10.0
2483,140684,154.0,8,105,0.205065,0.9726,True,False,wall,80.0,84.0,-10.0
2484,140754,82.0,5,70,0.204929,0.8445,True,False,body,50.0,42.0,-10.0
2485,140812,74.0,5,58,0.204817,0.875,True,False,body,50.0,34.0,-10.0
2486,140853,64.0,4,41,0.204738,0.8675,True,False,wall,40.0,34.0,-10.0
2487,140925,82.0,5,72,0.204599,0.8356,True,False,wall,50.0,42.0,-10.0
2488,141017,99.0,6,92,0.204421,0.8709,True,False,body,60.0,49.0,-10.0
2489,141141,206.0,13,124,0.204182,0.9485,True,False,body,130.0,86.0,-10.0
2490,141340,306.0,16,199,0.203799,1.1182,True,False,body,160.0,156.0,-10.0
2491,141426,104.0,5,86,0.203633,1.0373,True,False,wall,50.0,64.0,-10.0
2492,141584,191.0,10,158,0.20333,1.0291,True,False,wall,100.0,101.0,-10.0
2493,141595,7.0,1,11,0.203309,0.7952,True,False,wall,10.0,7.0,-10.0
2494,141652,72.0,4,57,0.2032,0.9284,True,False,body,40.0,42.0,-10.0
2495,141731,117.0,7,79,0.203049,0.9486,True,False,body,70.0,57.0,-10.0
2496,141757,18.0,1,26,0.202999,0.9049,True,False,wall,10.0,18.0,-10.0
2497,141904,206.0,12,147,0.202718,0.9078,True,False,body,120.0,96.0,-10.0
2498,141919,0.0,0,15,0.20269,0.836,True,False,wall,0.0,10.0,-10.0
2499,142108,249.0,13,189,0.202329,0.8524,True,False,body,130.0,129.0,-10.0
2500,142153,58.0,4,45,0.202244,0.883,True,False,body,40.0,28.0,-10.0
2501,142475,443.0,22,322,0.201632,0.858,True,False,body,220.0,233.0,-10.0
2502,142562,76.0,4,87,0.201467,0.8633,True,False,wall,40.0,46.0,-10.0
2503,142616,76.0,5,54,0.201365,1.054,True,False,wall,50.0,36.0,-10.0
2504,142805,237.0,13,189,0.201008,0.8805,True,False,body,130.0,117.0,-10.0
2505,142899,143.0,8,94,0.200831,0.8981,True,False,body,80.0,73.0,-10.0
2506,143012,184.0,10,113,0.200618,0.9111,True,False,wall,100.0,94.0,-10.0
2507,143038,40.0,3,26,0.200569,0.8405,True,False,wall,30.0,20.0,-10.0
2508,143151,179.0,11,113,0.200356,0.9014,True,False,body,110.0,79.0,-10.0
2509,143180,30.0,2,29,0.200302,0.9553,True,False,wall,20.0,20.0,-10.0
2510,143230,76.0,5,50,0.200208,0.9774,True,False,body,50.0,36.0,-10.0
2511,143337,159.0,9,107,0.200007,0.9881,True,False,body,90.0,79.0,-10.0
2512,143382,51.0,3,45,0.199923,0.8635,True,False,wall,30.0,31.0,-10.0
2513,143499,150.0,8,117,0.199704,0.8839,True,False,wall,80.0,80.0,-10.0
2514,143581,107.0,6,82,0.19955,0.8311,True,False,body,60.0,57.0,-10.0
2515,143596,11.0,1,15,0.199522,0.939,True,False,wall,10.0,11.0,-10.0
2516,143708,179.0,10,112,0.199313,0.8669,True,False,wall,100.0,89.0,-10.0
2517,143744,44.0,3,36,0.199246,1.2638,True,False,wall,30.0,24.0,-10.0
2518,143810,88.0,5,66,0.199123,1.0617,True,False,body,50.0,48.0,-10.0
2519,143877,93.0,5,67,0.198998,0.8981,True,False,body,50.0,53.0,-10.0
2520,143911,64.0,5,34,0.198935,0.8262,True,False,wall,50.0,24.0,-10.0
2521,143989,124.0,7,78,0.198789,0.935,True,False,body,70.0,64.0,-10.0
2522,144068,116.0,8,79,0.198643,0.8715,True,False,body,80.0,46.0,-10.0
2523,144102,29.0,2,34,0.198579,0.8385,True,False,wall,20.0,19.0,-10.0
2524,144202,145.0,8,100,0.198394,0.8984,True,False,body,80.0,75.0,-10.0
2525,144237,47.0,3,35,0.198329,0.8632,True,False,wall,30.0,27.0,-10.0
2526,144321,107.0,6,84,0.198173,0.9082,True,False,body,60.0,57.0,-10.0
2527,144471,227.0,14,150,0.197896,1.0002,True,False,wall,140.0,97.0,-10.0
2528,144532,96.0,6,61,0.197783,0.9385,True,False,body,60.0,46.0,-10.0
2529,144648,130.0,7,116,0.197569,0.8597,True,False,body,70.0,70.0,-10.0
2530,144719,83.0,5,71,0.197438,0.9478,True,False,body,50.0,43.0,-10.0
2531,144810,145.0,9,91,0.19727,0.9605,True,False,body,90.0,65.0,-10.0
2532,144843,36.0,2,33,0.19721,0.9929,True,False,wall,20.0,26.0,-10.0
2533,144864,22.0,2,21,0.197171,1.0933,True,False,wall,20.0,12.0,-10.0
2534,144944,104.0,5,80,0.197024,0.9426,True,False,wall,50.0,64.0,-10.0
2535,145022,100.0,5,78,0.196881,1.1653,True,False,body,50.0,60.0,-10.0
2536,145115,143.0,9,93,0.19671,0.9724,True,False,body,90.0,63.0,-10.0
2537,145128,11.0,1,13,0.196686,0.9298,True,False,wall,10.0,11.0,-10.0
2538,145286,194.0,11,158,0.196397,1.0196,True,False,body,110.0,94.0,-10.0
2539,145299,11.0,1,13,0.196373,0.8879,True,False,wall,10.0,11.0,-10.0
2540,145369,89.0,4,70,0.196245,0.8566,True,False,wall,40.0,59.0,-10.0
2541,145401,46.0,3,32,0.196186,0.9075,True,False,body,30.0,26.0,-10.0
2542,145479,109.0,6,78,0.196044,0.8472,True,False,body,60.0,59.0,-10.0
2543,145597,180.0,11,118,0.195829,0.8798,True,False,body,110.0,80.0,-10.0
2544,145611,12.0,1,14,0.195803,0.9208,True,False,wall,10.0,12.0,-10.0
2545,145705,110.0,5,94,0.195632,0.8391,True,False,body,50.0,70.0,-10.0
2546,145826,161.0,9,121,0.195412,0.8544,True,False,body,90.0,81.0,-10.0
2547,145891,66.0,4,65,0.195294,0.8316,True,False,wall,40.0,36.0,-10.0
2548,145948,68.0,4,57,0.19519,0.8673,True,False,body,40.0,38.0,-10.0
2549,146101,214.0,12,153,0.194913,0.8886,True,False,body,120.0,104.0,-10.0
2550,146179,133.0,8,78,0.194772,0.8424,True,False,body,80.0,63.0,-10.0
2551,146263,129.0,8,84,0.19462,0.8285,True,False,body,80.0,59.0,-10.0
2552,146279,14.0,1,16,0.194591,0.8738,True,False,wall,10.0,14.0,-10.0
2553,146442,209.0,11,163,0.194296,0.9143,True,False,wall,110.0,109.0,-10.0
2554,146524,128.0,7,82,0.194149,0.8681,True,False,body,70.0,68.0,-10.0
2555,146547,37.0,3,23,0.194107,1.1143,True,False,body,30.0,17.0,-10.0
2556,146581,49.0,4,34,0.194046,0.9383,True,False,body,40.0,19.0,-10.0
2557,146614,47.0,3,33,0.193987,0.7913,True,False,body,30.0,27.0,-10.0
2558,146727,145.0,7,113,0.193783,0.934,True,False,wall,70.0,85.0,-10.0
2559,146827,126.0,7,100,0.193604,0.8774,True,False,body,70.0,66.0,-10.0
2560,146913,124.0,7,86,0.193449,0.8154,True,False,body,70.0,64.0,-10.0
2561,146944,43.0,3,31,0.193394,0.8863,True,False,wall,30.0,23.0,-10.0
2562,146960,32.0,3,16,0.193365,0.8862,True,False,wall,30.0,12.0,-10.0
2563,147008,58.0,3,48,0.193279,1.0262,True,False,body,30.0,38.0,-10.0
2564,147071,105.0,7,63,0.193166,1.0853,True,False,wall,70.0,45.0,-10.0
2565,147214,200.0,12,143,0.192911,0.8968,True,False,body,120.0,90.0,-10.0
2566,147225,-2.0,0,11,0.192891,0.9375,True,False,wall,0.0,8.0,-10.0
2567,147290,112.0,8,65,0.192775,0.8403,True,False,body,80.0,42.0,-10.0
2568,147413,195.0,11,123,0.192556,0.9575,True,False,wall,110.0,95.0,-10.0
2569,147572,218.0,12,159,0.192273,0.9035,True,False,body,120.0,108.0,-10.0
2570,147648,106.0,7,76,0.192137,0.9923,True,False,wall,70.0,46.0,-10.0
2571,147665,11.0,1,17,0.192107,0.9019,True,False,wall,10.0,11.0,-10.0
2572,147686,29.0,3,21,0.19207,0.8665,True,False,body,30.0,9.0,-10.0
2573,147758,106.0,7,72,0.191942,0.9524,True,False,body,70.0,46.0,-10.0
2574,147784,36.0,3,26,0.191896,1.0663,True,False,body,30.0,16.0,-10.0
2575,147874,118.0,7,90,0.191737,0.8933,True,False,body,70.0,58.0,-10.0
2576,147941,91.0,5,67,0.191618,0.9519,True,False,body,50.0,51.0,-10.0
2577,148005,100.0,7,64,0.191505,0.8173,True,False,body,70.0,40.0,-10.0
2578,148063,84.0,5,58,0.191402,0.9026,True,False,wall,50.0,44.0,-10.0
2579,148079,12.0,1,16,0.191374,0.8662,True,False,wall,10.0,12.0,-10.0
2580,148206,201.0,11,127,0.19115,0.9356,True,False,wall,110.0,101.0,-10.0
2581,148320,183.0,10,114,0.190949,0.8826,True,False,body,100.0,93.0,-10.0
2582,148373,64.0,4,53,0.190855,0.9462,True,False,wall,40.0,34.0,-10.0
2583,148499,173.0,10,126,0.190634,0.9244,True,False,body,100.0,83.0,-10.0
2584,148514,11.0,1,15,0.190607,0.9635,True,False,wall,10.0,11.0,-10.0
2585,148573,77.0,5,59,0.190503,0.8857,True,False,body,50.0,37.0,-10.0
2586,148585,-3.0,0,12,0.190482,0.786,True,False,wall,0.0,7.0,-10.0
2587,148661,128.0,9,76,0.190349,0.9359,True,False,body,90.0,48.0,-10.0
2588,148726,95.0,5,65,0.190235,0.8928,True,False,wall,50.0,55.0,-10.0
2589,148827,129.0,7,101,0.190058,0.8777,True,False,body,70.0,69.0,-10.0
2590,148877,91.0,6,50,0.189971,0.9008,True,False,wall,60.0,41.0,-10.0
2591,148902,41.0,3,25,0.189927,0.9164,True,False,body,30.0,21.0,-10.0
2592,149008,164.0,11,106,0.189742,1.0028,True,False,body,110.0,64.0,-10.0
2593,149081,89.0,5,73,0.189614,1.103,True,False,body,50.0,49.0,-10.0
2594,149116,43.0,3,35,0.189553,0.9375,True,False,body,30.0,23.0,-10.0
2595,149215,128.0,6,99,0.18938,0.9535,True,False,wall,60.0,78.0,-10.0
2596,149276,94.0,6,61,0.189274,0.8883,True,False,wall,60.0,44.0,-10.0
2597,149317,80.0,6,41,0.189203,0.8229,True,False,body,60.0,30.0,-10.0
2598,149406,129.0,7,89,0.189048,0.8653,True,False,body,70.0,69.0,-10.0
2599,149461,76.0,4,55,0.188953,0.9471,True,False,wall,40.0,46.0,-10.0
2600,149482,35.0,3,21,0.188916,0.8099,True,False,wall,30.0,15.0,-10.0
2601,149591,162.0,10,109,0.188727,0.9197,True,False,body,100.0,72.0,-10.0
2602,149660,90.0,6,69,0.188607,0.9929,True,False,body,60.0,40.0,-10.0
2603,149724,84.0,5,64,0.188496,0.9361,True,False,body,50.0,44.0,-10.0
2604,149849,149.0,7,125,0.18828,0.8911,True,False,body,70.0,89.0,-10.0
2605,149969,173.0,10,120,0.188073,0.981,True,False,wall,100.0,83.0,-10.0
2606,149978,-2.0,0,9,0.188057,1.3147,True,False,wall,0.0,8.0,-10.0
2607,150066,150.0,9,88,0.187906,1.1949,True,False,wall,90.0,70.0,-10.0
2608,150160,121.0,6,94,0.187744,0.9779,True,False,body,60.0,71.0,-10.0
2609,150195,39.0,3,35,0.187683,0.9167,True,False,wall,30.0,19.0,-10.0
2610,150290,98.0,6,95,0.18752,0.8834,True,False,wall,60.0,48.0,-10.0
2611,150428,204.0,11,138,0.187283,0.9869,True,False,body,110.0,104.0,-10.0
2612,150479,70.0,4,51,0.187196,0.948,True,False,body,40.0,40.0,-10.0
2613,150667,288.0,17,188,0.186874,0.9564,True,False,wall,170.0,128.0,-10.0
2614,150727,73.0,4,60,0.186771,0.9256,True,False,wall,40.0,43.0,-10.0
2615,150761,37.0,2,34,0.186713,1.0014,True,False,wall,20.0,27.0,-10.0
2616,150794,34.0,2,33,0.186656,1.1493,True,False,wall,20.0,24.0,-10.0
2617,150813,24.0,2,19,0.186624,1.0062,True,False,wall,20.0,14.0,-10.0
2618,150993,243.0,14,180,0.186317,0.9463,True,False,body,140.0,113.0,-10.0
2619,151059,64.0,3,66,0.186204,0.9196,True,False,wall,30.0,44.0,-10.0
2620,151139,97.0,4,80,0.186068,0.9223,True,False,wall,40.0,67.0,-10.0
2621,151162,26.0,2,23,0.186029,1.007,True,False,wall,20.0,16.0,-10.0
2622,151236,85.0,4,74,0.185903,0.9009,True,False,wall,40.0,55.0,-10.0
2623,151274,63.0,4,38,0.185839,0.918,True,False,wall,40.0,33.0,-10.0
2624,151295,26.0,2,21,0.185803,0.9773,True,False,wall,20.0,16.0,-10.0
2625,151460,243.0,15,165,0.185523,0.9168,True,False,body,150.0,103.0,-10.0
2626,151491,23.0,1,31,0.185471,0.9329,True,False,wall,10.0,23.0,-10.0
2627,151536,60.0,4,45,0.185395,0.8675,True,False,wall,40.0,30.0,-10.0
2628,151628,120.0,7,92,0.185239,0.8831,True,False,body,70.0,60.0,-10.0
2629,151647,22.0,2,19,0.185207,0.9376,True,False,wall,20.0,12.0,-10.0
2630,151715,107.0,6,68,0.185092,0.8608,True,False,body,60.0,57.0,-10.0
2631,151781,102.0,7,66,0.184981,0.9786,True,False,wall,70.0,42.0,-10.0
2632,151798,33.0,3,17,0.184952,0.9483,True,False,wall,30.0,13.0,-10.0
2633,151879,112.0,6,81,0.184816,1.1427,True,False,body,60.0,62.0,-10.0
2634,151950,98.0,6,71,0.184696,1.018,True,False,wall,60.0,48.0,-10.0
2635,152048,113.0,6,98,0.184531,0.9537,True,False,wall,60.0,63.0,-10.0
2636,152103,61.0,3,55,0.184439,0.8729,True,False,wall,30.0,41.0,-10.0
2637,152147,82.0,7,44,0.184365,0.9037,True,False,body,70.0,22.0,-10.0
2638,152292,190.0,10,145,0.184121,0.921,True,False,body,100.0,100.0,-10.0
2639,152347,81.0,5,55,0.184029,0.9573,True,False,wall,50.0,41.0,-10.0
2640,152372,33.0,3,25,0.183987,0.9343,True,False,body,30.0,13.0,-10.0
2641,152507,203.0,11,135,0.183761,0.8867,True,False,body,110.0,103.0,-10.0
2642,152625,162.0,9,118,0.183564,0.9085,True,False,wall,90.0,82.0,-10.0
2643,152737,161.0,10,112,0.183377,0.8745,True,False,wall,100.0,71.0,-10.0
2644,152770,45.0,3,33,0.183322,0.8986,True,False,wall,30.0,25.0,-10.0
2645,152889,169.0,9,119,0.183124,0.9231,True,False,body,90.0,89.0,-10.0
2646,152963,86.0,5,74,0.183001,0.9031,True,False,body,50.0,46.0,-10.0
2647,153058,147.0,9,95,0.182843,1.0205,True,False,body,90.0,67.0,-10.0
2648,153158,116.0,7,100,0.182677,0.8982,True,False,wall,70.0,56.0,-10.0
2649,153315,265.0,17,157,0.182417,0.9141,True,False,body,170.0,105.0,-10.0
2650,153434,149.0,7,119,0.18222,1.0428,True,False,wall,70.0,89.0,-10.0
2651,153516,135.0,8,82,0.182085,0.857,True,False,body,80.0,65.0,-10.0
2652,153546,38.0,3,30,0.182035,0.8305,True,False,body,30.0,18.0,-10.0
2653,153589,55.0,3,43,0.181964,0.9114,True,False,wall,30.0,35.0,-10.0
2654,153708,179.0,11,119,0.181768,0.9382,True,False,wall,110.0,79.0,-10.0
2655,153827,150.0,8,119,0.181572,0.9875,True,False,body,80.0,80.0,-10.0
2656,153920,162.0,10,93,0.18142,1.0332,True,False,body,100.0,72.0,-10.0
2657,154103,290.0,16,183,0.181119,0.9332,True,False,body,160.0,140.0,-10.0
2658,154148,84.0,6,45,0.181046,0.8728,True,False,body,60.0,34.0,-10.0
2659,154183,45.0,3,35,0.180988,1.0341,True,False,body,30.0,25.0,-10.0
2660,154235,73.0,4,52,0.180903,1.0159,True,False,body,40.0,43.0,-10.0
2661,154328,147.0,9,93,0.180751,0.9446,True,False,wall,90.0,67.0,-10.0
2662,154429,142.0,8,101,0.180586,0.9592,True,False,body,80.0,72.0,-10.0
2663,154572,198.0,12,143,0.180353,0.9948,True,False,body,120.0,88.0,-10.0
2664,154656,111.0,6,84,0.180216,0.9552,True,False,wall,60.0,61.0,-10.0
2665,154746,133.0,8,90,0.18007,0.9437,True,False,body,80.0,63.0,-10.0
2666,154915,241.0,13,169,0.179795,0.9916,True,False,body,130.0,121.0,-10.0
2667,155042,193.0,11,127,0.179589,0.9456,True,False,body,110.0,93.0,-10.0
2668,155099,59.0,3,57,0.179497,0.984,True,False,body,30.0,39.0,-10.0
2669,155176,106.0,6,77,0.179372,0.9529,True,False,wall,60.0,56.0,-10.0
2670,155194,30.0,3,18,0.179343,0.9803,True,False,body,30.0,10.0,-10.0
2671,155458,352.0,17,264,0.178917,0.9753,True,False,body,170.0,192.0,-10.0
2672,155477,15.0,1,19,0.178887,0.9204,True,False,wall,10.0,15.0,-10.0
2673,155528,70.0,4,51,0.178804,0.9232,True,False,wall,40.0,40.0,-10.0
2674,155562,64.0,5,34,0.17875,0.8365,True,False,body,50.0,24.0,-10.0
2675,155627,90.0,6,65,0.178645,0.9648,True,False,wall,60.0,40.0,-10.0
2676,155761,185.0,10,134,0.17843,0.8949,True,False,wall,100.0,95.0,-10.0
2677,155840,110.0,6,79,0.178303,0.9728,True,False,body,60.0,60.0,-10.0
2678,155905,93.0,5,65,0.178199,0.9084,True,False,wall,50.0,53.0,-10.0
2679,155938,43.0,3,33,0.178146,0.8622,True,False,wall,30.0,23.0,-10.0
2680,155973,48.0,4,35,0.17809,0.9678,True,False,wall,40.0,18.0,-10.0
2681,156015,52.0,3,42,0.178023,1.1767,True,False,wall,30.0,32.0,-10.0
2682,156091,118.0,7,76,0.177901,1.1431,True,False,body,70.0,58.0,-10.0
2683,156112,19.0,1,21,0.177868,1.2028,True,False,wall,10.0,19.0,-10.0
2684,156146,55.0,4,34,0.177813,0.9967,True,False,body,40.0,25.0,-10.0
2685,156210,102.0,7,64,0.177711,1.0169,True,False,wall,70.0,42.0,-10.0
2686,156317,165.0,9,107,0.17754,0.9686,True,False,wall,90.0,85.0,-10.0
2687,156369,49.0,2,52,0.177457,0.9167,True,False,wall,20.0,39.0,-10.0
2688,156381,6.0,1,12,0.177438,1.3056,True,False,wall,10.0,6.0,-10.0
2689,156518,203.0,11,137,0.17722,0.9945,True,False,body,110.0,103.0,-10.0
2690,156564,54.0,3,46,0.177147,0.9224,True,False,wall,30.0,34.0,-10.0
2691,156783,329.0,17,219,0.1768,0.9335,True,False,wall,170.0,169.0,-10.0
2692,156840,61.0,3,57,0.176709,1.0095,True,False,wall,30.0,41.0,-10.0
2693,156994,209.0,12,154,0.176466,1.0204,True,False,body,120.0,99.0,-10.0
2694,157036,49.0,2,42,0.176399,0.9471,True,False,wall,20.0,39.0,-10.0
2695,157154,135.0,8,118,0.176213,1.0244,True,False,body,80.0,65.0,-10.0
2696,157262,176.0,11,108,0.176043,1.0124,True,False,body,110.0,76.0,-10.0
2697,157342,91.0,4,80,0.175917,0.8991,True,False,wall,40.0,61.0,-10.0
2698,157457,160.0,8,115,0.175736,0.8857,True,False,wall,80.0,90.0,-10.0
2699,157552,123.0,7,95,0.175586,0.9589,True,False,wall,70.0,63.0,-10.0
2700,157576,36.0,3,24,0.175549,0.9739,True,False,wall,30.0,16.0,-10.0
2701,157646,107.0,6,70,0.175439,1.1331,True,False,body,60.0,57.0,-10.0
2702,157679,36.0,2,33,0.175387,0.9637,True,False,wall,20.0,26.0,-10.0
2703,157763,137.0,8,84,0.175256,1.0113,True,False,wall,80.0,67.0,-10.0
2704,157781,10.0,1,18,0.175228,0.8901,True,False,wall,10.0,10.0,-10.0
2705,157846,78.0,4,65,0.175126,0.9735,True,False,body,40.0,48.0,-10.0
2706,157951,184.0,12,105,0.174962,1.0673,True,False,body,120.0,74.0,-10.0
2707,157965,26.0,3,14,0.17494,1.0397,True,False,wall,30.0,6.0,-10.0
2708,158026,80.0,4,61,0.174845,1.0885,True,False,body,40.0,50.0,-10.0
2709,158106,96.0,5,80,0.17472,1.0087,True,False,wall,50.0,56.0,-10.0
2710,158120,12.0,1,14,0.174698,0.9323,True,False,wall,10.0,12.0,-10.0
2711,158199,111.0,7,79,0.174575,0.9957,True,False,body,70.0,51.0,-10.0
2712,158353,223.0,12,154,0.174335,1.0369,True,False,wall,120.0,113.0,-10.0
2713,158386,47.0,3,33,0.174284,0.9033,True,False,body,30.0,27.0,-10.0
2714,158547,242.0,14,161,0.174034,1.0206,True,False,wall,140.0,112.0,-10.0
2715,158602,61.0,3,55,0.173949,0.9994,True,False,body,30.0,41.0,-10.0
2716,158721,149.0,9,119,0.173765,1.098,True,False,wall,90.0,69.0,-10.0
2717,158893,267.0,14,172,0.173499,1.0991,True,False,body,140.0,137.0,-10.0
2718,158909,12.0,1,16,0.173474,0.8135,True,False,wall,10.0,12.0,-10.0
2719,159090,326.0,18,181,0.173195,1.0593,True,False,body,180.0,156.0,-10.0
2720,159219,187.0,11,129,0.172997,0.944,True,False,body,110.0,87.0,-10.0
2721,159362,198.0,10,143,0.172777,0.8531,True,False,body,100.0,108.0,-10.0
2722,159389,41.0,3,27,0.172736,0.9459,True,False,body,30.0,21.0,-10.0
2723,159426,36.0,2,37,0.172679,1.0798,True,False,wall,20.0,26.0,-10.0
2724,159494,78.0,5,68,0.172575,0.9957,True,False,body,50.0,38.0,-10.0
2725,159614,181.0,10,120,0.172391,0.978,True,False,body,100.0,91.0,-10.0
2726,159727,138.0,8,113,0.172218,0.9088,True,False,body,80.0,68.0,-10.0
2727,159800,102.0,6,73,0.172107,1.0083,True,False,wall,60.0,52.0,-10.0
2728,159921,173.0,9,121,0.171922,0.9403,True,False,wall,90.0,93.0,-10.0
2729,160017,126.0,7,96,0.171776,0.9217,True,False,body,70.0,66.0,-10.0
2730,160029,1.0,0,12,0.171758,0.9524,True,False,wall,0.0,11.0,-10.0
2731,160063,31.0,2,34,0.171706,0.9699,True,False,wall,20.0,21.0,-10.0
2732,160136,91.0,5,73,0.171595,0.9782,True,False,body,50.0,51.0,-10.0
2733,160190,87.0,6,54,0.171513,0.9142,True,False,body,60.0,37.0,-10.0
2734,160250,73.0,4,60,0.171422,0.9494,True,False,body,40.0,43.0,-10.0
2735,160339,128.0,8,89,0.171287,0.9099,True,False,body,80.0,58.0,-10.0
2736,160450,142.0,8,111,0.171119,0.9379,True,False,wall,80.0,72.0,-10.0
2737,160586,179.0,10,136,0.170913,1.0427,True,False,body,100.0,89.0,-10.0
2738,160646,78.0,5,60,0.170822,0.9768,True,False,body,50.0,38.0,-10.0
2739,160714,97.0,6,68,0.17072,0.9257,True,False,body,60.0,47.0,-10.0
2740,160788,73.0,4,74,0.170608,0.9797,True,False,body,40.0,43.0,-10.0
2741,161012,331.0,18,224,0.170271,0.9599,True,False,wall,180.0,161.0,-10.0
2742,161135,169.0,9,123,0.170086,1.0242,True,False,body,90.0,89.0,-10.0
2743,161172,36.0,2,37,0.17003,1.0122,True,False,wall,20.0,26.0,-10.0
2744,161439,405.0,23,267,0.16963,1.0012,True,False,body,230.0,185.0,-10.0
2745,161465,49.0,4,26,0.169592,0.9204,True,False,body,40.0,19.0,-10.0
2746,161493,40.0,3,28,0.16955,1.0582,True,False,body,30.0,20.0,-10.0
2747,161552,85.0,5,59,0.169462,0.9995,True,False,body,50.0,45.0,-10.0
2748,161672,141.0,6,120,0.169283,1.0788,True,False,body,60.0,91.0,-10.0
2749,161783,171.0,9,111,0.169117,0.9952,True,False,body,90.0,91.0,-10.0
2750,161895,173.0,10,112,0.16895,0.9442,True,False,body,100.0,83.0,-10.0
2751,161907,10.0,1,12,0.168933,0.8007,True,False,wall,10.0,10.0,-10.0
2752,161945,48.0,3,38,0.168876,0.8928,True,False,body,30.0,28.0,-10.0
2753,161993,58.0,3,48,0.168805,0.9019,True,False,wall,30.0,38.0,-10.0
2754,162018,41.0,3,25,0.168768,0.9045,True,False,wall,30.0,21.0,-10.0
2755,162059,57.0,3,41,0.168707,0.9766,True,False,wall,30.0,37.0,-10.0
2756,162071,19.0,2,12,0.168689,1.0379,True,False,wall,20.0,9.0,-10.0
2757,162208,194.0,12,137,0.168486,0.8898,True,False,wall,120.0,84.0,-10.0
2758,162248,40.0,3,40,0.168427,0.9258,True,False,body,30.0,20.0,-10.0
2759,162300,84.0,5,52,0.16835,0.9671,True,False,wall,50.0,44.0,-10.0
2760,162486,278.0,15,186,0.168075,0.9038,True,False,body,150.0,138.0,-10.0
2761,162562,122.0,7,76,0.167963,1.0584,True,False,body,70.0,62.0,-10.0
2762,162658,158.0,9,96,0.167821,0.9733,True,False,wall,90.0,78.0,-10.0
2763,162714,86.0,5,56,0.167739,0.9651,True,False,wall,50.0,46.0,-10.0
2764,162752,59.0,4,38,0.167683,1.0641,True,False,body,40.0,29.0,-10.0
2765,162891,172.0,8,139,0.167479,0.9354,True,False,wall,80.0,102.0,-10.0
2766,163031,210.0,11,140,0.167273,0.9218,True,False,body,110.0,110.0,-10.0
2767,163081,71.0,4,50,0.1672,1.0396,True,False,wall,40.0,41.0,-10.0
2768,163170,95.0,5,89,0.16707,0.9786,True,False,wall,50.0,55.0,-10.0
2769,163323,209.0,11,153,0.166846,0.8902,True,False,wall,110.0,109.0,-10.0
2770,163390,97.0,5,67,0.166748,0.8907,True,False,body,50.0,57.0,-10.0
2771,163502,154.0,7,112,0.166585,0.8973,True,False,wall,70.0,94.0,-10.0
2772,163805,400.0,20,303,0.166144,1.0192,True,False,body,200.0,210.0,-10.0
2773,163954,208.0,10,149,0.165928,0.9129,True,False,body,100.0,118.0,-10.0
2774,163988,44.0,3,34,0.165879,0.9376,True,False,body,30.0,24.0,-10.0
2775,164016,36.0,3,28,0.165838,0.9305,True,False,wall,30.0,16.0,-10.0
2776,164104,146.0,9,88,0.165711,0.8716,True,False,wall,90.0,66.0,-10.0
2777,164185,114.0,6,81,0.165594,0.9514,True,False,wall,60.0,64.0,-10.0
2778,164196,9.0,1,11,0.165578,0.9778,True,False,wall,10.0,9.0,-10.0
2779,164286,131.0,8,90,0.165448,1.0765,True,False,wall,80.0,61.0,-10.0
2780,164325,49.0,3,39,0.165392,0.9346,True,False,body,30.0,29.0,-10.0
2781,164336,-4.0,0,11,0.165376,1.0869,True,False,wall,0.0,6.0,-10.0
2782,164479,231.0,13,143,0.16517,1.1321,True,False,body,130.0,111.0,-10.0
2783,164654,249.0,13,175,0.164918,1.0905,True,False,body,130.0,129.0,-10.0
2784,164744,150.0,9,90,0.164789,1.0121,True,False,wall,90.0,70.0,-10.0
2785,164845,171.0,11,101,0.164644,0.9734,True,False,body,110.0,71.0,-10.0
2786,164875,40.0,3,30,0.164601,0.9262,True,False,wall,30.0,20.0,-10.0
2787,164954,137.0,9,79,0.164488,0.9638,True,False,body,90.0,57.0,-10.0
2788,165012,66.0,3,58,0.164405,0.9243,True,False,wall,30.0,46.0,-10.0
2789,165085,112.0,6,73,0.164301,1.0592,True,False,body,60.0,62.0,-10.0
2790,165193,154.0,9,108,0.164146,0.998,True,False,body,90.0,74.0,-10.0
2791,165322,200.0,12,129,0.163963,0.9315,True,False,wall,120.0,90.0,-10.0
2792,165369,48.0,2,47,0.163896,0.9567,True,False,wall,20.0,38.0,-10.0
2793,165428,88.0,6,59,0.163812,1.1573,True,False,body,60.0,38.0,-10.0
2794,165575,187.0,11,147,0.163603,1.082,True,False,body,110.0,87.0,-10.0
2795,165662,136.0,8,87,0.163479,0.955,True,False,body,80.0,66.0,-10.0
2796,165677,11.0,1,15,0.163458,0.897,True,False,wall,10.0,11.0,-10.0
2797,165722,53.0,3,45,0.163394,0.9223,True,False,wall,30.0,33.0,-10.0
2798,165779,66.0,4,57,0.163313,1.0819,True,False,body,40.0,36.0,-10.0
2799,165798,2.0,0,19,0.163286,0.8535,True,False,wall,0.0,12.0,-10.0
2800,165896,147.0,8,98,0.163148,0.9348,True,False,body,80.0,77.0,-10.0
2801,165934,48.0,3,38,0.163094,1.1055,True,False,body,30.0,28.0,-10.0
2802,165947,-2.0,0,13,0.163076,1.0375,True,False,wall,0.0,8.0,-10.0
2803,166033,113.0,6,86,0.162954,1.0109,True,False,wall,60.0,63.0,-10.0
2804,166193,239.0,14,160,0.162728,0.9334,True,False,body,140.0,109.0,-10.0
2805,166223,37.0,2,30,0.162686,1.0106,True,False,wall,20.0,27.0,-10.0
2806,166246,26.0,2,23,0.162654,0.8905,True,False,wall,20.0,16.0,-10.0
2807,166299,70.0,4,53,0.162579,0.9435,True,False,body,40.0,40.0,-10.0
2808,166441,216.0,11,142,0.16238,0.9766,True,False,body,110.0,116.0,-10.0
2809,166455,10.0,1,14,0.16236,0.9583,True,False,wall,10.0,10.0,-10.0
2810,166501,58.0,3,46,0.162295,0.9481,True,False,wall,30.0,38.0,-10.0
2811,166549,52.0,3,48,0.162228,0.9129,True,False,body,30.0,32.0,-10.0
2812,166607,88.0,5,58,0.162147,0.8719,True,False,wall,50.0,48.0,-10.0
2813,166671,92.0,5,64,0.162057,0.9446,True,False,body,50.0,52.0,-10.0
2814,166714,47.0,3,43,0.161997,0.9598,True,False,body,30.0,27.0,-10.0
2815,166810,137.0,8,96,0.161862,1.0954,True,False,body,80.0,67.0,-10.0
2816,166862,49.0,2,52,0.16179,1.0132,True,False,wall,20.0,39.0,-10.0
2817,167037,260.0,14,175,0.161545,1.0432,True,False,wall,140.0,130.0,-10.0
2818,167130,142.0,8,93,0.161416,0.9335,True,False,wall,80.0,72.0,-10.0
2819,167229,150.0,8,99,0.161278,0.9445,True,False,body,80.0,80.0,-10.0
2820,167331,169.0,10,102,0.161136,0.9371,True,False,body,100.0,79.0,-10.0
2821,167441,158.0,9,110,0.160984,0.956,True,False,body,90.0,78.0,-10.0
2822,167560,170.0,10,119,0.160819,0.9201,True,False,body,100.0,80.0,-10.0
2823,167625,86.0,4,65,0.160729,1.1848,True,False,wall,40.0,56.0,-10.0
2824,167672,64.0,4,47,0.160664,1.2147,True,False,body,40.0,34.0,-10.0
2825,167779,155.0,9,107,0.160516,0.9598,True,False,wall,90.0,75.0,-10.0
2826,167949,213.0,12,170,0.160281,1.0322,True,False,body,120.0,103.0,-10.0
2827,168170,325.0,17,221,0.159977,0.9929,True,False,body,170.0,165.0,-10.0
2828,168295,180.0,8,125,0.159805,1.046,True,False,wall,80.0,110.0,-10.0
2829,168373,124.0,7,78,0.159698,1.0373,True,False,wall,70.0,64.0,-10.0
2830,168433,82.0,5,60,0.159616,1.1986,True,False,wall,50.0,42.0,-10.0
2831,168519,119.0,6,86,0.159498,1.0054,True,False,body,60.0,69.0,-10.0
2832,168575,85.0,6,56,0.159421,1.011,True,False,wall,60.0,35.0,-10.0
2833,168610,63.0,5,35,0.159374,1.2099,True,False,body,50.0,23.0,-10.0
2834,168681,69.0,3,71,0.159277,0.9709,True,False,body,30.0,49.0,-10.0
2835,168765,118.0,7,84,0.159162,0.8909,True,False,body,70.0,58.0,-10.0
2836,168778,11.0,1,13,0.159144,0.9921,True,False,wall,10.0,11.0,-10.0
2837,168827,53.0,3,49,0.159077,0.9183,True,False,body,30.0,33.0,-10.0
2838,168865,50.0,3,38,0.159026,1.069,True,False,body,30.0,30.0,-10.0
2839,168874,7.0,1,9,0.159013,0.9962,True,False,wall,10.0,7.0,-10.0
2840,168888,6.0,1,14,0.158994,0.8322,True,False,wall,10.0,6.0,-10.0
2841,168999,187.0,11,111,0.158843,1.0299,True,False,wall,110.0,87.0,-10.0
2842,169057,76.0,5,58,0.158764,1.138,True,False,body,50.0,36.0,-10.0
2843,169213,216.0,11,156,0.158552,1.0531,True,False,wall,110.0,116.0,-10.0
2844,169402,305.0,17,189,0.158296,0.9678,True,False,body,170.0,145.0,-10.0
2845,169515,161.0,11,113,0.158143,1.042,True,False,body,110.0,61.0,-10.0
2846,169657,209.0,12,142,0.157952,1.0543,True,False,body,120.0,99.0,-10.0
2847,169724,91.0,5,67,0.157861,0.9702,True,False,body,50.0,51.0,-10.0
2848,169764,45.0,2,40,0.157807,0.9092,True,False,wall,20.0,35.0,-10.0
2849,169862,165.0,10,98,0.157675,1.0489,True,False,body,100.0,75.0,-10.0
2850,169958,128.0,7,96,0.157546,1.4829,True,False,wall,70.0,68.0,-10.0
2851,170075,184.0,10,117,0.157389,1.0645,True,False,body,100.0,94.0,-10.0
2852,170209,208.0,11,134,0.157209,1.1274,True,False,body,110.0,108.0,-10.0
2853,170268,87.0,5,59,0.15713,0.9289,True,False,wall,50.0,47.0,-10.0
2854,170373,135.0,7,105,0.15699,1.0192,True,False,wall,70.0,75.0,-10.0
2855,170470,150.0,10,97,0.15686,0.9745,True,False,wall,100.0,60.0,-10.0
2856,170690,353.0,18,220,0.156567,0.9535,True,False,body,180.0,183.0,-10.0
2857,170705,7.0,1,15,0.156547,1.1254,True,False,wall,10.0,7.0,-10.0
2858,171046,546.0,28,341,0.156093,1.0214,True,False,body,280.0,276.0,-10.0
2859,171087,44.0,2,41,0.156039,1.2423,True,False,wall,20.0,34.0,-10.0
2860,171227,204.0,11,140,0.155854,0.9894,True,False,body,110.0,104.0,-10.0
2861,171303,135.0,8,76,0.155753,0.9301,True,False,body,80.0,65.0,-10.0
2862,171348,62.0,4,45,0.155694,0.9682,True,False,wall,40.0,32.0,-10.0
2863,171386,59.0,4,38,0.155643,1.0,True,False,wall,40.0,29.0,-10.0
2864,171413,35.0,3,27,0.155608,1.1794,True,False,wall,30.0,15.0,-10.0
2865,171460,66.0,4,47,0.155546,1.0372,True,False,wall,40.0,36.0,-10.0
2866,171552,143.0,8,92,0.155424,1.0085,True,False,wall,80.0,73.0,-10.0
2867,171570,14.0,1,18,0.155401,1.1246,True,False,wall,10.0,14.0,-10.0
2868,171670,123.0,6,100,0.155269,1.0076,True,False,body,60.0,73.0,-10.0
2869,171733,85.0,5,63,0.155186,1.0204,True,False,body,50.0,45.0,-10.0
2870,171755,36.0,3,22,0.155157,1.062,True,False,wall,30.0,16.0,-10.0
2871,171878,171.0,9,123,0.154996,1.0081,True,False,body,90.0,91.0,-10.0
2872,171939,65.0,3,61,0.154916,0.9762,True,False,wall,30.0,45.0,-10.0
2873,171978,78.0,6,39,0.154865,0.8964,True,False,wall,60.0,28.0,-10.0
2874,172033,68.0,4,55,0.154793,0.9536,True,False,body,40.0,38.0,-10.0
2875,172077,101.0,8,44,0.154735,1.0118,True,False,body,80.0,31.0,-10.0
2876,172173,136.0,7,96,0.154609,1.0449,True,False,body,70.0,76.0,-10.0
2877,172259,142.0,9,86,0.154497,0.9563,True,False,body,90.0,62.0,-10.0
2878,172306,64.0,4,47,0.154436,1.0163,True,False,body,40.0,34.0,-10.0
2879,172323,22.0,2,17,0.154413,0.9733,True,False,wall,20.0,12.0,-10.0
2880,172488,245.0,13,165,0.154198,0.9533,True,False,body,130.0,125.0,-10.0
2881,172541,72.0,4,53,0.154129,1.091,True,False,body,40.0,42.0,-10.0
2882,172601,82.0,5,60,0.154051,0.9807,True,False,body,50.0,42.0,-10.0
2883,172729,209.0,12,128,0.153885,0.9942,True,False,body,120.0,99.0,-10.0
2884,172911,280.0,15,182,0.153649,0.9635,True,False,body,150.0,140.0,-10.0
2885,173028,169.0,9,117,0.153497,0.9556,True,False,body,90.0,89.0,-10.0
2886,173120,148.0,9,92,0.153378,0.9909,True,False,wall,90.0,68.0,-10.0
2887,173139,20.0,2,19,0.153354,0.9699,True,False,wall,20.0,10.0,-10.0
2888,173177,37.0,2,38,0.153305,0.9821,True,False,wall,20.0,27.0,-10.0
2889,173224,51.0,3,47,0.153244,1.0265,True,False,body,30.0,31.0,-10.0
2890,173238,12.0,1,14,0.153226,0.9505,True,False,wall,10.0,12.0,-10.0
2891,173339,159.0,9,101,0.153096,1.0074,True,False,body,90.0,79.0,-10.0
2892,173382,55.0,3,43,0.15304,1.0944,True,False,body,30.0,35.0,-10.0
2893,173444,101.0,6,62,0.15296,1.0007,True,False,wall,60.0,51.0,-10.0
2894,173486,51.0,4,42,0.152906,1.0571,True,False,wall,40.0,21.0,-10.0
2895,173542,93.0,6,56,0.152834,0.992,True,False,wall,60.0,43.0,-10.0
2896,173577,36.0,2,35,0.152789,1.0197,True,False,wall,20.0,26.0,-10.0
2897,173731,263.0,16,154,0.152592,0.97,True,False,body,160.0,113.0,-10.0
2898,173908,286.0,16,177,0.152365,1.0312,True,False,wall,160.0,136.0,-10.0
2899,174056,210.0,11,148,0.152176,0.9462,True,False,body,110.0,110.0,-10.0
2900,174097,60.0,4,41,0.152123,0.9608,True,False,body,40.0,30.0,-10.0
2901,174351,337.0,18,254,0.1518,0.9692,True,False,body,180.0,167.0,-10.0
2902,174392,53.0,3,41,0.151748,0.9991,True,False,wall,30.0,33.0,-10.0
2903,174428,61.0,4,36,0.151702,0.99,True,False,wall,40.0,31.0,-10.0
2904,174613,287.0,15,185,0.151467,0.9495,True,False,body,150.0,147.0,-10.0
2905,174744,171.0,9,131,0.151301,1.0103,True,False,wall,90.0,91.0,-10.0
2906,174801,91.0,5,57,0.151229,0.9787,True,False,body,50.0,51.0,-10.0
2907,174977,256.0,13,176,0.151006,1.0233,True,False,body,130.0,136.0,-10.0
2908,175199,294.0,17,222,0.150726,1.0319,True,False,body,170.0,134.0,-10.0
2909,175349,184.0,11,150,0.150538,1.0432,True,False,body,110.0,84.0,-10.0
2910,175432,115.0,7,83,0.150433,1.0185,True,False,wall,70.0,55.0,-10.0
2911,175440,6.0,1,8,0.150423,0.9637,True,False,wall,10.0,6.0,-10.0
2912,175592,216.0,11,152,0.150233,1.0192,True,False,wall,110.0,116.0,-10.0
2913,175603,-2.0,0,11,0.150219,0.9545,True,False,wall,0.0,8.0,-10.0
2914,175721,160.0,9,118,0.150071,1.0314,True,False,body,90.0,80.0,-10.0
2915,175894,242.0,12,173,0.149855,1.1417,True,False,wall,120.0,132.0,-10.0
2916,176075,244.0,12,181,0.149629,1.176,True,False,body,120.0,134.0,-10.0
2917,176143,101.0,6,68,0.149545,1.1826,True,False,wall,60.0,51.0,-10.0
2918,176245,136.0,7,102,0.149418,1.0222,True,False,wall,70.0,76.0,-10.0
2919,176258,11.0,1,13,0.149402,1.4126,True,False,wall,10.0,11.0,-10.0
2920,176329,117.0,7,71,0.149314,1.1376,True,False,wall,70.0,57.0,-10.0
2921,176670,514.0,28,341,0.148891,1.0255,True,False,body,280.0,244.0,-10.0
2922,176845,237.0,13,175,0.148675,1.1557,True,False,body,130.0,117.0,-10.0
2923,176942,127.0,7,97,0.148555,1.071,True,False,body,70.0,67.0,-10.0
2924,177094,207.0,12,152,0.148368,1.0097,True,False,body,120.0,97.0,-10.0
2925,177237,215.0,11,143,0.148193,1.0024,True,False,body,110.0,115.0,-10.0
2926,177288,68.0,4,51,0.14813,0.9929,True,False,wall,40.0,38.0,-10.0
2927,177404,175.0,10,116,0.147988,1.1327,True,False,wall,100.0,85.0,-10.0
2928,177577,257.0,13,173,0.147776,1.0162,True,False,body,130.0,137.0,-10.0
2929,177594,13.0,1,17,0.147756,1.001,True,False,wall,10.0,13.0,-10.0
2930,177709,167.0,9,115,0.147615,1.1415,True,False,body,90.0,87.0,-10.0
2931,177840,206.0,12,131,0.147455,1.0664,True,False,body,120.0,96.0,-10.0
2932,178088,355.0,20,248,0.147154,1.0212,True,False,body,200.0,165.0,-10.0
2933,178227,222.0,12,139,0.146985,0.9756,True,False,wall,120.0,112.0,-10.0
2934,178480,343.0,17,253,0.146679,1.0527,True,False,wall,170.0,183.0,-10.0
2935,178498,21.0,2,18,0.146657,1.0994,True,False,wall,20.0,11.0,-10.0
2936,178540,63.0,4,42,0.146606,0.9284,True,False,wall,40.0,33.0,-10.0
2937,178555,11.0,1,15,0.146588,0.9699,True,False,wall,10.0,11.0,-10.0
2938,178832,431.0,23,277,0.146254,1.0326,True,False,wall,230.0,211.0,-10.0
2939,178877,75.0,5,45,0.1462,1.0241,True,False,body,50.0,35.0,-10.0
2940,178951,101.0,6,74,0.146111,0.9896,True,False,wall,60.0,51.0,-10.0
2941,179032,96.0,4,81,0.146014,1.0006,True,False,body,40.0,66.0,-10.0
2942,179316,374.0,19,284,0.145674,1.0819,True,False,body,190.0,194.0,-10.0
2943,179378,66.0,3,62,0.1456,1.0124,True,False,body,30.0,46.0,-10.0
2944,179521,233.0,13,143,0.145429,1.1146,True,False,body,130.0,113.0,-10.0
2945,179532,-2.0,0,11,0.145416,1.1727,True,False,wall,0.0,8.0,-10.0
2946,179588,113.0,8,56,0.145349,1.0431,True,False,wall,80.0,43.0,-10.0
2947,179640,87.0,6,52,0.145287,1.0105,True,False,body,60.0,37.0,-10.0
2948,179751,175.0,9,111,0.145155,1.0899,True,False,wall,90.0,95.0,-10.0
2949,179855,142.0,7,104,0.145031,1.0601,True,False,body,70.0,82.0,-10.0
2950,180017,221.0,12,162,0.144839,1.0226,True,False,body,120.0,111.0,-10.0
2951,180034,20.0,2,17,0.144819,1.0473,True,False,wall,20.0,10.0,-10.0
2952,180272,347.0,18,238,0.144537,1.0099,True,False,body,180.0,177.0,-10.0
2953,180353,108.0,6,81,0.144442,1.0582,True,False,body,60.0,58.0,-10.0
2954,180417,90.0,5,64,0.144366,1.0822,True,False,wall,50.0,50.0,-10.0
2955,180589,239.0,12,172,0.144163,1.0825,True,False,wall,120.0,129.0,-10.0
2956,180803,308.0,17,214,0.143912,1.0755,True,False,body,170.0,148.0,-10.0
2957,180870,104.0,6,67,0.143833,1.2231,True,False,body,60.0,54.0,-10.0
2958,180937,106.0,6,67,0.143755,1.0729,True,False,body,60.0,56.0,-10.0
2959,180986,61.0,5,49,0.143697,1.0655,True,False,body,50.0,21.0,-10.0
2960,181091,159.0,9,105,0.143574,1.1058,True,False,wall,90.0,79.0,-10.0
2961,181166,108.0,6,75,0.143487,1.058,True,False,body,60.0,58.0,-10.0
2962,181291,186.0,10,125,0.143341,1.0345,True,False,body,100.0,96.0,-10.0
2963,181590,424.0,20,299,0.142993,1.1644,True,False,wall,200.0,234.0,-10.0
2964,181651,74.0,4,61,0.142922,1.1915,True,False,body,40.0,44.0,-10.0
2965,181691,66.0,5,40,0.142875,1.1833,True,False,body,50.0,26.0,-10.0
2966,181817,168.0,9,126,0.142729,1.0579,True,False,body,90.0,88.0,-10.0
2967,181827,-5.0,0,10,0.142718,1.5771,True,False,wall,0.0,5.0,-10.0
2968,181913,159.0,10,86,0.142618,1.0678,True,False,wall,100.0,69.0,-10.0
2969,182069,212.0,11,156,0.142437,1.0703,True,False,wall,110.0,112.0,-10.0
2970,182179,138.0,7,110,0.14231,1.0302,True,False,wall,70.0,78.0,-10.0
2971,182309,204.0,11,130,0.142161,1.0767,True,False,wall,110.0,104.0,-10.0
2972,182441,237.0,14,132,0.142009,1.0281,True,False,body,140.0,107.0,-10.0
2973,182578,214.0,12,137,0.141851,1.1133,True,False,body,120.0,104.0,-10.0
2974,182648,99.0,6,70,0.141771,1.3219,True,False,body,60.0,49.0,-10.0
2975,182685,38.0,2,37,0.141728,1.1762,True,False,wall,20.0,28.0,-10.0
2976,182948,387.0,21,263,0.141427,1.0619,True,False,body,210.0,187.0,-10.0
2977,183034,108.0,7,86,0.141329,1.0075,True,False,body,70.0,48.0,-10.0
2978,183099,66.0,4,65,0.141255,0.9565,True,False,body,40.0,36.0,-10.0
2979,183253,227.0,12,154,0.141079,1.1122,True,False,wall,120.0,117.0,-10.0
2980,183360,208.0,14,107,0.140958,1.0341,True,False,body,140.0,78.0,-10.0
2981,183412,87.0,6,52,0.140899,1.1206,True,False,wall,60.0,37.0,-10.0
2982,183426,10.0,1,14,0.140883,1.1318,True,False,wall,10.0,10.0,-10.0
2983,183484,84.0,5,58,0.140817,1.006,True,False,wall,50.0,44.0,-10.0
2984,183557,111.0,7,73,0.140734,1.0639,True,False,wall,70.0,51.0,-10.0
2985,183798,347.0,17,241,0.140461,1.0724,True,False,body,170.0,187.0,-10.0
2986,183898,182.0,13,100,0.140348,1.1749,True,False,body,130.0,62.0,-10.0
2987,184129,377.0,21,231,0.140088,1.1535,True,False,wall,210.0,177.0,-10.0
2988,184279,219.0,12,150,0.139919,1.0699,True,False,body,120.0,109.0,-10.0
2989,184440,227.0,11,161,0.139738,1.0647,True,False,body,110.0,127.0,-10.0
2990,184464,31.0,2,24,0.139711,1.0912,True,False,wall,20.0,21.0,-10.0
2991,184547,129.0,7,83,0.139618,1.0353,True,False,wall,70.0,69.0,-10.0
2992,184615,92.0,5,68,0.139542,1.0084,True,False,body,50.0,52.0,-10.0
2993,184776,216.0,12,161,0.139362,1.0268,True,False,body,120.0,106.0,-10.0
2994,184896,171.0,10,120,0.139228,1.0663,True,False,body,100.0,81.0,-10.0
2995,184964,95.0,6,68,0.139152,1.056,True,False,body,60.0,45.0,-10.0
2996,185319,495.0,25,355,0.138757,1.0435,True,False,body,250.0,255.0,-10.0
2997,185452,202.0,12,133,0.13861,1.1132,True,False,wall,120.0,92.0,-10.0
2998,185753,412.0,22,301,0.138277,1.1219,True,False,body,220.0,202.0,-10.0
2999,185981,364.0,19,228,0.138026,1.0507,True,False,wall,190.0,184.0,-10.0
3000,186172,307.0,17,191,0.137816,1.0551,True,False,body,170.0,147.0,-10.0
3001,186383,277.0,15,211,0.137585,1.003,True,False,body,150.0,137.0,-10.0
3002,186525,192.0,9,142,0.137429,1.0225,True,False,body,90.0,112.0,-10.0
3003,186561,44.0,3,36,0.13739,1.0229,True,False,body,30.0,24.0,-10.0
3004,186602,51.0,3,41,0.137345,1.1021,True,False,body,30.0,31.0,-10.0
3005,186762,258.0,15,160,0.137171,1.0731,True,False,wall,150.0,118.0,-10.0
3006,186882,180.0,9,120,0.13704,1.0465,True,False,body,90.0,100.0,-10.0
3007,187031,229.0,13,149,0.136878,0.996,True,False,body,130.0,109.0,-10.0
3008,187171,223.0,12,140,0.136726,1.0348,True,False,body,120.0,113.0,-10.0
3009,187254,136.0,8,83,0.136636,1.0172,True,False,wall,80.0,66.0,-10.0
3010,187380,191.0,10,126,0.1365,1.0414,True,False,wall,100.0,101.0,-10.0
3011,187453,108.0,6,73,0.136421,1.0644,True,False,wall,60.0,58.0,-10.0
3012,187500,79.0,5,47,0.13637,1.1133,True,False,body,50.0,39.0,-10.0
3013,187575,112.0,6,75,0.136289,1.2322,True,False,wall,60.0,62.0,-10.0
3014,187880,423.0,23,305,0.135961,1.1968,True,False,wall,230.0,203.0,-10.0
3015,188115,306.0,16,235,0.135709,1.1174,True,False,body,160.0,156.0,-10.0
3016,188162,64.0,4,47,0.135659,1.2757,True,False,wall,40.0,34.0,-10.0
3017,188231,118.0,8,69,0.135585,1.0432,True,False,wall,80.0,48.0,-10.0
3018,188240,7.0,1,9,0.135575,1.1158,True,False,wall,10.0,7.0,-10.0
3019,188285,45.0,3,45,0.135527,1.1082,True,False,wall,30.0,25.0,-10.0
3020,188412,195.0,11,127,0.135391,1.1253,True,False,body,110.0,95.0,-10.0
3021,188493,110.0,6,81,0.135305,1.1599,True,False,wall,60.0,60.0,-10.0
3022,188748,359.0,17,255,0.135033,1.0431,True,False,body,170.0,199.0,-10.0
3023,188852,157.0,8,104,0.134923,1.0198,True,False,body,80.0,87.0,-10.0
3024,188869,15.0,1,17,0.134905,1.0875,True,False,wall,10.0,15.0,-10.0
3025,188969,155.0,8,100,0.134799,1.0624,True,False,wall,80.0,85.0,-10.0
3026,189020,72.0,4,51,0.134745,1.113,True,False,wall,40.0,42.0,-10.0
3027,189123,168.0,10,103,0.134636,1.0758,True,False,body,100.0,78.0,-10.0
3028,189222,129.0,7,99,0.134531,0.9572,True,False,wall,70.0,69.0,-10.0
3029,189277,72.0,4,55,0.134473,1.0602,True,False,body,40.0,42.0,-10.0
3030,189378,141.0,7,101,0.134366,0.9895,True,False,wall,70.0,81.0,-10.0
3031,189494,184.0,11,116,0.134244,1.0679,True,False,body,110.0,84.0,-10.0
3032,189558,110.0,7,64,0.134177,1.1334,True,False,wall,70.0,50.0,-10.0
3033,189596,44.0,3,38,0.134137,1.0505,True,False,wall,30.0,24.0,-10.0
3034,189839,319.0,17,243,0.133882,1.0253,True,False,body,170.0,159.0,-10.0
3035,189891,89.0,6,52,0.133827,1.0206,True,False,body,60.0,39.0,-10.0
3036,190145,397.0,22,254,0.133561,1.024,True,False,body,220.0,187.0,-10.0
3037,190185,52.0,3,40,0.13352,1.0548,True,False,wall,30.0,32.0,-10.0
3038,190233,60.0,3,48,0.13347,0.9755,True,False,wall,30.0,40.0,-10.0
3039,190414,271.0,13,181,0.133281,1.0695,True,False,body,130.0,151.0,-10.0
3040,190601,257.0,15,187,0.133087,1.1091,True,False,body,150.0,117.0,-10.0
3041,190684,127.0,7,83,0.133,1.0512,True,False,wall,70.0,67.0,-10.0
3042,190825,239.0,13,141,0.132854,1.0247,True,False,wall,130.0,119.0,-10.0
3043,190960,235.0,15,135,0.132714,1.0612,True,False,body,150.0,95.0,-10.0
3044,191023,75.0,3,63,0.132649,1.0273,True,False,wall,30.0,55.0,-10.0
3045,191054,43.0,3,31,0.132617,1.0604,True,False,body,30.0,23.0,-10.0
3046,191094,54.0,3,40,0.132576,1.0169,True,False,body,30.0,34.0,-10.0
3047,191133,51.0,3,39,0.132536,1.0558,True,False,wall,30.0,31.0,-10.0
3048,191203,96.0,5,70,0.132464,1.1133,True,False,wall,50.0,56.0,-10.0
3049,191234,47.0,3,31,0.132432,1.2832,True,False,body,30.0,27.0,-10.0
3050,191286,32.0,1,52,0.132378,1.2748,True,False,wall,10.0,32.0,-10.0
3051,191389,139.0,7,103,0.132272,1.1242,True,False,wall,70.0,79.0,-10.0
3052,191523,177.0,8,134,0.132134,1.0918,True,False,body,80.0,107.0,-10.0
3053,191607,130.0,7,84,0.132048,1.3346,True,False,wall,70.0,70.0,-10.0
3054,192040,569.0,31,433,0.131605,1.3032,True,False,body,310.0,269.0,-10.0
3055,192146,167.0,10,106,0.131497,1.0923,True,False,body,100.0,77.0,-10.0
3056,192292,237.0,14,146,0.131349,1.1184,True,False,wall,140.0,107.0,-10.0
3057,192360,67.0,4,68,0.13128,1.1293,True,False,wall,40.0,37.0,-10.0
3058,192420,73.0,4,60,0.131219,1.1208,True,False,body,40.0,43.0,-10.0
3059,192468,51.0,2,48,0.13117,0.9783,True,False,wall,20.0,41.0,-10.0
3060,192634,267.0,14,166,0.131002,1.0426,True,False,body,140.0,137.0,-10.0
3061,192727,135.0,7,93,0.130908,1.0642,True,False,wall,70.0,75.0,-10.0
3062,192942,341.0,19,215,0.13069,1.0663,True,False,wall,190.0,161.0,-10.0
3063,193033,140.0,8,91,0.130599,1.1039,True,False,body,80.0,70.0,-10.0
3064,193104,97.0,5,71,0.130527,1.1175,True,False,body,50.0,57.0,-10.0
3065,193222,183.0,10,118,0.130408,1.0553,True,False,wall,100.0,93.0,-10.0
3066,193337,178.0,10,115,0.130293,1.0737,True,False,body,100.0,88.0,-10.0
3067,193492,228.0,12,155,0.130138,1.0232,True,False,body,120.0,118.0,-10.0
3068,193754,418.0,23,262,0.129876,1.0276,True,False,body,230.0,198.0,-10.0
3069,193775,26.0,2,21,0.129855,1.2437,True,False,wall,20.0,16.0,-10.0
3070,193918,222.0,12,143,0.129712,1.0558,True,False,body,120.0,112.0,-10.0
3071,194201,378.0,20,283,0.12943,1.0582,True,False,body,200.0,188.0,-10.0
3072,194386,292.0,16,185,0.129247,1.0296,True,False,wall,160.0,142.0,-10.0
3073,194415,25.0,1,29,0.129218,0.9626,True,False,wall,10.0,25.0,-10.0
3074,194596,280.0,16,181,0.129039,1.1318,True,False,wall,160.0,130.0,-10.0
3075,194764,251.0,12,168,0.128873,1.1446,True,False,wall,120.0,141.0,-10.0
3076,194807,59.0,3,43,0.128831,1.0459,True,False,body,30.0,39.0,-10.0
3077,194946,209.0,11,139,0.128694,1.0756,True,False,body,110.0,109.0,-10.0
3078,194994,52.0,3,48,0.128647,0.9964,True,False,body,30.0,32.0,-10.0
3079,195008,12.0,1,14,0.128633,0.9948,True,False,wall,10.0,12.0,-10.0
3080,195171,261.0,15,163,0.128473,1.0886,True,False,wall,150.0,121.0,-10.0
3081,195501,516.0,29,330,0.12815,1.0592,True,False,body,290.0,236.0,-10.0
3082,195579,131.0,8,78,0.128074,1.0881,True,False,wall,80.0,61.0,-10.0
3083,195771,297.0,18,192,0.127887,1.0616,True,False,body,180.0,127.0,-10.0
3084,195985,330.0,17,214,0.127679,1.0912,True,False,body,170.0,170.0,-10.0
3085,196065,97.0,4,80,0.127601,1.1307,True,False,wall,40.0,67.0,-10.0
3086,196104,52.0,4,39,0.127563,1.1203,True,False,body,40.0,22.0,-10.0
3087,196154,67.0,4,50,0.127515,1.0992,True,False,body,40.0,37.0,-10.0
3088,196207,79.0,5,53,0.127464,1.0221,True,False,wall,50.0,39.0,-10.0
3089,196277,105.0,6,70,0.127396,1.1204,True,False,wall,60.0,55.0,-10.0
3090,196367,119.0,6,90,0.127309,1.0668,True,False,body,60.0,69.0,-10.0
3091,196409,67.0,4,42,0.127268,1.1242,True,False,wall,40.0,37.0,-10.0
3092,196427,12.0,1,18,0.127251,1.1584,True,False,wall,10.0,12.0,-10.0
3093,196476,88.0,6,49,0.127203,1.0425,True,False,wall,60.0,38.0,-10.0
3094,196689,291.0,17,213,0.126998,1.118,True,False,wall,170.0,131.0,-10.0
3095,196714,13.0,1,25,0.126974,1.0804,True,False,wall,10.0,13.0,-10.0
3096,196892,260.0,13,178,0.126803,1.0478,True,False,body,130.0,140.0,-10.0
3097,197004,197.0,12,112,0.126696,1.1177,True,False,body,120.0,87.0,-10.0
3098,197044,59.0,4,40,0.126657,1.026,True,False,body,40.0,29.0,-10.0
3099,197294,359.0,20,250,0.126418,1.1071,True,False,body,200.0,169.0,-10.0
3100,197307,9.0,1,13,0.126406,1.1374,True,False,wall,10.0,9.0,-10.0
3101,197404,116.0,6,97,0.126313,1.1411,True,False,wall,60.0,66.0,-10.0
3102,197501,151.0,9,97,0.126221,1.1477,True,False,body,90.0,71.0,-10.0
3103,197583,137.0,8,82,0.126143,1.2418,True,False,body,80.0,67.0,-10.0
3104,197681,131.0,8,98,0.126049,1.1134,True,False,body,80.0,61.0,-10.0
3105,197803,165.0,8,122,0.125933,1.1219,True,False,wall,80.0,95.0,-10.0
3106,198098,456.0,24,295,0.125654,1.043,True,False,body,240.0,226.0,-10.0
3107,198230,194.0,11,132,0.125529,1.0839,True,False,body,110.0,94.0,-10.0
3108,198360,226.0,13,130,0.125407,1.0714,True,False,body,130.0,106.0,-10.0
3109,198492,178.0,9,132,0.125282,1.1182,True,False,wall,90.0,98.0,-10.0
3110,198557,118.0,8,65,0.125221,1.0317,True,False,body,80.0,48.0,-10.0
3111,198642,125.0,7,85,0.125141,1.0901,True,False,body,70.0,65.0,-10.0
3112,198788,255.0,14,146,0.125004,1.1052,True,False,body,140.0,125.0,-10.0
3113,198897,186.0,10,109,0.124902,1.1556,True,False,wall,100.0,96.0,-10.0
3114,198911,10.0,1,14,0.124889,1.1328,True,False,wall,10.0,10.0,-10.0
3115,199060,192.0,14,149,0.12475,1.0803,True,False,wall,140.0,62.0,-10.0
3116,199162,140.0,7,102,0.124654,1.0187,True,False,body,70.0,80.0,-10.0
3117,199244,129.0,8,82,0.124578,1.1878,True,False,body,80.0,59.0,-10.0
3118,199404,254.0,15,160,0.124429,1.1068,True,False,body,150.0,114.0,-10.0
3119,199590,273.0,14,186,0.124256,1.0756,True,False,body,140.0,143.0,-10.0
3120,199625,43.0,3,35,0.124224,1.0495,True,False,wall,30.0,23.0,-10.0
3121,199820,273.0,15,195,0.124043,1.0749,True,False,wall,150.0,133.0,-10.0
3122,200026,317.0,20,206,0.123852,1.1151,True,False,body,200.0,127.0,-10.0
3123,200257,308.0,14,231,0.12364,1.2578,True,False,body,140.0,178.0,-10.0
3124,200333,100.0,5,76,0.12357,1.0992,True,False,wall,50.0,60.0,-10.0
3125,200492,241.0,15,159,0.123424,1.096,True,False,body,150.0,101.0,-10.0
3126,200536,63.0,4,44,0.123383,1.0375,True,False,body,40.0,33.0,-10.0
3127,200629,135.0,7,93,0.123298,1.132,True,False,body,70.0,75.0,-10.0
3128,200688,91.0,5,59,0.123244,1.1256,True,False,wall,50.0,51.0,-10.0
3129,200700,1.0,0,12,0.123233,1.3171,True,False,wall,0.0,11.0,-10.0
3130,200854,247.0,12,154,0.123092,1.023,True,False,wall,120.0,137.0,-10.0
3131,200924,116.0,7,70,0.123028,1.156,True,False,body,70.0,56.0,-10.0
3132,201037,182.0,10,113,0.122925,1.0403,True,False,wall,100.0,92.0,-10.0
3133,201248,331.0,19,211,0.122733,1.0574,True,False,body,190.0,151.0,-10.0
3134,201326,96.0,5,78,0.122662,1.116,True,False,body,50.0,56.0,-10.0
3135,201339,11.0,1,13,0.12265,1.0154,True,False,wall,10.0,11.0,-10.0
3136,201387,67.0,4,48,0.122607,1.0444,True,False,body,40.0,37.0,-10.0
3137,201481,163.0,10,94,0.122521,1.0362,True,False,wall,100.0,73.0,-10.0
3138,201588,165.0,9,107,0.122425,1.0523,True,False,body,90.0,85.0,-10.0
3139,201704,211.0,14,116,0.12232,1.073,True,False,wall,140.0,81.0,-10.0
3140,201878,249.0,14,174,0.122162,1.0517,True,False,body,140.0,119.0,-10.0
3141,202054,230.0,11,176,0.122004,1.1623,True,False,wall,110.0,130.0,-10.0
3142,202137,129.0,7,83,0.121929,1.0187,True,False,body,70.0,69.0,-10.0
3143,202203,95.0,6,66,0.12187,0.9948,True,False,wall,60.0,45.0,-10.0
3144,202257,84.0,5,54,0.121821,0.9976,True,False,body,50.0,44.0,-10.0
3145,202310,63.0,3,53,0.121774,1.1154,True,False,wall,30.0,43.0,-10.0
3146,202451,210.0,12,141,0.121647,1.0403,True,False,wall,120.0,100.0,-10.0
3147,202620,234.0,14,169,0.121496,1.0789,True,False,body,140.0,104.0,-10.0
3148,202674,104.0,7,54,0.121448,1.0458,True,False,wall,70.0,44.0,-10.0
3149,202715,51.0,3,41,0.121411,0.9659,True,False,body,30.0,31.0,-10.0
3150,202835,163.0,8,120,0.121304,1.0371,True,False,body,80.0,93.0,-10.0
3151,202944,124.0,6,109,0.121207,1.0563,True,False,body,60.0,74.0,-10.0
3152,203148,316.0,17,204,0.121026,1.1439,True,False,body,170.0,156.0,-10.0
3153,203460,406.0,23,312,0.120749,1.1206,True,False,body,230.0,186.0,-10.0
3154,203582,176.0,11,122,0.120642,1.1015,True,False,body,110.0,76.0,-10.0
3155,203663,163.0,11,81,0.12057,1.1063,True,False,wall,110.0,63.0,-10.0
3156,203742,117.0,7,79,0.1205,1.0875,True,False,wall,70.0,57.0,-10.0
3157,203926,268.0,13,184,0.120339,1.1552,True,False,body,130.0,148.0,-10.0
3158,204143,348.0,18,217,0.120148,1.2243,True,False,body,180.0,178.0,-10.0
3159,204253,158.0,9,110,0.120052,1.1334,True,False,body,90.0,78.0,-10.0
3160,204313,82.0,5,60,0.119999,1.1462,True,False,body,50.0,42.0,-10.0
3161,204517,347.0,20,204,0.119821,1.1127,True,False,body,200.0,157.0,-10.0
3162,204668,258.0,14,151,0.119689,1.1793,True,False,body,140.0,128.0,-10.0
3163,204832,259.0,14,164,0.119546,1.1652,True,False,body,140.0,129.0,-10.0
3164,204862,31.0,2,30,0.11952,1.27,True,False,wall,20.0,21.0,-10.0
3165,204968,155.0,8,106,0.119428,1.0908,True,False,body,80.0,85.0,-10.0
3166,205134,246.0,13,166,0.119284,1.0664,True,False,body,130.0,126.0,-10.0
3167,205330,297.0,16,196,0.119115,1.0532,True,False,body,160.0,147.0,-10.0
3168,205498,254.0,13,168,0.11897,1.1331,True,False,body,130.0,134.0,-10.0
3169,205509,16.0,2,11,0.11896,0.9791,True,False,wall,20.0,6.0,-10.0
3170,205642,205.0,11,133,0.118846,1.0895,True,False,wall,110.0,105.0,-10.0
3171,205839,329.0,19,197,0.118677,1.0603,True,False,wall,190.0,149.0,-10.0
3172,205892,99.0,7,53,0.118631,1.1468,True,False,wall,70.0,39.0,-10.0
3173,206032,223.0,12,140,0.118511,1.1397,True,False,body,120.0,113.0,-10.0
3174,206099,84.0,4,67,0.118454,1.1321,True,False,wall,40.0,54.0,-10.0
3175,206250,220.0,12,151,0.118325,1.05,True,False,body,120.0,110.0,-10.0
3176,206294,63.0,4,44,0.118287,1.1737,True,False,body,40.0,33.0,-10.0
3177,206498,238.0,11,204,0.118113,1.0568,True,False,body,110.0,138.0,-10.0
3178,206586,154.0,9,88,0.118038,1.0837,True,False,wall,90.0,74.0,-10.0
3179,206621,38.0,2,35,0.118008,1.1152,True,False,wall,20.0,28.0,-10.0
3180,206709,146.0,9,88,0.117934,1.0516,True,False,body,90.0,66.0,-10.0
3181,206740,38.0,2,31,0.117907,1.1174,True,False,wall,20.0,28.0,-10.0
3182,206773,45.0,3,33,0.117879,1.1185,True,False,body,30.0,25.0,-10.0
3183,206785,-1.0,0,12,0.117869,1.0522,True,False,wall,0.0,9.0,-10.0
3184,206917,205.0,12,132,0.117757,1.0932,True,False,body,120.0,95.0,-10.0
3185,207017,149.0,8,100,0.117673,1.1188,True,False,wall,80.0,79.0,-10.0
3186,207030,11.0,1,13,0.117662,1.0463,True,False,wall,10.0,11.0,-10.0
3187,207227,262.0,14,197,0.117495,1.0395,True,False,body,140.0,132.0,-10.0
3188,207339,137.0,8,112,0.117401,1.0703,True,False,wall,80.0,67.0,-10.0
3189,207518,249.0,13,179,0.11725,1.0846,True,False,body,130.0,129.0,-10.0
3190,207550,53.0,4,32,0.117223,1.2433,True,False,body,40.0,23.0,-10.0
3191,207595,68.0,4,45,0.117185,1.1893,True,False,wall,40.0,38.0,-10.0
3192,207726,204.0,12,131,0.117076,1.0795,True,False,wall,120.0,94.0,-10.0
3193,207988,348.0,17,262,0.116856,1.177,True,False,body,170.0,188.0,-10.0
3194,208063,93.0,5,75,0.116794,1.1169,True,False,body,50.0,53.0,-10.0
3195,208194,192.0,10,131,0.116684,1.0827,True,False,body,100.0,102.0,-10.0
3196,208289,126.0,6,95,0.116605,1.2305,True,False,body,60.0,76.0,-10.0
3197,208631,549.0,30,342,0.116321,1.1301,True,False,wall,300.0,259.0,-10.0
3198,208762,226.0,14,131,0.116213,1.042,True,False,body,140.0,96.0,-10.0
3199,208858,152.0,9,96,0.116133,1.1267,True,False,body,90.0,72.0,-10.0
3200,208872,8.0,1,14,0.116122,1.0571,True,False,wall,10.0,8.0,-10.0
3201,208957,117.0,7,85,0.116051,1.1449,True,False,body,70.0,57.0,-10.0
3202,209009,80.0,5,52,0.116008,1.2138,True,False,wall,50.0,40.0,-10.0
3203,209161,244.0,15,152,0.115883,1.0924,True,False,body,150.0,104.0,-10.0
3204,209210,61.0,3,49,0.115843,1.1126,True,False,body,30.0,41.0,-10.0
3205,209280,103.0,6,70,0.115785,1.1342,True,False,body,60.0,53.0,-10.0
3206,209288,-3.0,0,8,0.115779,1.195,True,False,wall,0.0,7.0,-10.0
3207,209510,274.0,13,222,0.115596,1.0656,True,False,body,130.0,154.0,-10.0
3208,209584,118.0,7,74,0.115536,1.0576,True,False,wall,70.0,58.0,-10.0
3209,209610,32.0,3,26,0.115514,0.9623,True,False,body,30.0,12.0,-10.0
3210,209657,68.0,4,47,0.115476,1.1424,True,False,wall,40.0,38.0,-10.0
3211,209783,195.0,12,126,0.115373,1.2771,True,False,wall,120.0,85.0,-10.0
3212,209836,81.0,5,53,0.11533,1.3491,True,False,wall,50.0,41.0,-10.0
3213,209888,78.0,5,52,0.115287,1.2076,True,False,wall,50.0,38.0,-10.0
3214,209951,65.0,3,63,0.115236,1.1136,True,False,wall,30.0,45.0,-10.0
3215,209983,20.0,1,32,0.11521,1.0342,True,False,wall,10.0,20.0,-10.0
3216,210101,199.0,12,118,0.115114,1.0362,True,False,body,120.0,89.0,-10.0
3217,210233,212.0,13,132,0.115006,1.0468,True,False,body,130.0,92.0,-10.0
3218,210254,22.0,2,21,0.114989,1.0259,True,False,wall,20.0,12.0,-10.0
3219,210326,97.0,6,72,0.114931,1.1086,True,False,wall,60.0,47.0,-10.0
3220,210465,206.0,10,139,0.114818,1.0241,True,False,wall,100.0,116.0,-10.0
3221,210639,281.0,16,174,0.114677,1.0928,True,False,body,160.0,131.0,-10.0
3222,210827,251.0,12,188,0.114525,1.1782,True,False,body,120.0,141.0,-10.0
3223,210993,233.0,12,166,0.114392,1.1591,True,False,body,120.0,123.0,-10.0
3224,211030,60.0,4,37,0.114362,1.0929,True,False,wall,40.0,30.0,-10.0
3225,211177,259.0,15,147,0.114244,1.0747,True,False,wall,150.0,119.0,-10.0
3226,211359,267.0,14,182,0.114098,1.0903,True,False,body,140.0,137.0,-10.0
3227,211459,144.0,7,100,0.114018,1.0308,True,False,body,70.0,84.0,-10.0
3228,211605,226.0,13,146,0.113901,1.0699,True,False,body,130.0,106.0,-10.0
3229,211709,177.0,10,104,0.113818,1.0927,True,False,body,100.0,87.0,-10.0
3230,211782,101.0,5,73,0.11376,1.0256,True,False,wall,50.0,61.0,-10.0
3231,211850,81.0,4,68,0.113705,1.0615,True,False,wall,40.0,51.0,-10.0
3232,211984,222.0,13,134,0.113599,1.1161,True,False,body,130.0,102.0,-10.0
3233,212054,123.0,8,70,0.113543,1.0988,True,False,body,80.0,53.0,-10.0
3234,212099,68.0,4,45,0.113507,1.2493,True,False,wall,40.0,38.0,-10.0
3235,212128,52.0,4,29,0.113484,1.1096,True,False,body,40.0,22.0,-10.0
3236,212187,87.0,5,59,0.113438,1.2415,True,False,wall,50.0,47.0,-10.0
3237,212417,337.0,20,230,0.113256,1.2268,True,False,body,200.0,147.0,-10.0
3238,212462,66.0,4,45,0.11322,1.1024,True,False,body,40.0,36.0,-10.0
3239,212571,181.0,11,109,0.113134,1.1563,True,False,body,110.0,81.0,-10.0
3240,212704,196.0,10,133,0.113029,1.1852,True,False,wall,100.0,106.0,-10.0
3241,212726,20.0,1,22,0.113012,1.193,True,False,wall,10.0,20.0,-10.0
3242,212776,54.0,3,50,0.112972,1.3352,True,False,body,30.0,34.0,-10.0
3243,212835,96.0,6,59,0.112926,1.1941,True,False,body,60.0,46.0,-10.0
3244,213007,263.0,14,172,0.112791,1.1703,True,False,body,140.0,133.0,-10.0
3245,213085,117.0,6,78,0.11273,1.1155,True,False,wall,60.0,67.0,-10.0
3246,213231,218.0,11,146,0.112615,1.1919,True,False,wall,110.0,118.0,-10.0
3247,213283,73.0,4,52,0.112574,1.1321,True,False,body,40.0,43.0,-10.0
3248,213378,173.0,11,95,0.1125,1.2301,True,False,body,110.0,73.0,-10.0
3249,213557,275.0,15,179,0.112361,1.084,True,False,body,150.0,135.0,-10.0
3250,213628,137.0,9,71,0.112305,1.1442,True,False,wall,90.0,57.0,-10.0
3251,213674,83.0,6,46,0.112269,1.1895,True,False,body,60.0,33.0,-10.0
3252,213756,120.0,7,82,0.112206,1.176,True,False,wall,70.0,60.0,-10.0
3253,213923,239.0,13,167,0.112076,1.0533,True,False,body,130.0,119.0,-10.0
3254,213980,74.0,4,57,0.112032,1.1382,True,False,wall,40.0,44.0,-10.0
3255,214232,362.0,19,252,0.111837,1.14,True,False,wall,190.0,182.0,-10.0
3256,214343,167.0,9,111,0.111751,1.1713,True,False,wall,90.0,87.0,-10.0
3257,214461,199.0,12,118,0.11166,1.1504,True,False,body,120.0,89.0,-10.0
3258,214573,149.0,8,112,0.111574,1.0677,True,False,wall,80.0,79.0,-10.0
3259,214788,289.0,15,215,0.111408,1.1143,True,False,body,150.0,149.0,-10.0
3260,214979,301.0,17,191,0.111262,1.1363,True,False,wall,170.0,141.0,-10.0
3261,214993,21.0,2,14,0.111251,1.0049,True,False,wall,20.0,11.0,-10.0
3262,215280,454.0,24,287,0.111032,1.0706,True,False,wall,240.0,224.0,-10.0
3263,215336,89.0,6,56,0.110989,1.1259,True,False,body,60.0,39.0,-10.0
3264,215460,188.0,11,124,0.110895,1.2189,True,False,body,110.0,88.0,-10.0
3265,215593,212.0,12,133,0.110793,1.1619,True,False,wall,120.0,102.0,-10.0
3266,215633,50.0,3,40,0.110763,1.1392,True,False,body,30.0,30.0,-10.0
3267,215763,206.0,11,130,0.110664,1.1869,True,False,wall,110.0,106.0,-10.0
3268,215879,184.0,11,116,0.110577,1.1735,True,False,wall,110.0,84.0,-10.0
3269,216018,253.0,17,139,0.110471,1.1579,True,False,body,170.0,93.0,-10.0
3270,216088,120.0,7,70,0.110418,1.1758,True,False,wall,70.0,60.0,-10.0
3271,216221,223.0,13,133,0.110318,1.1929,True,False,body,130.0,103.0,-10.0
3272,216334,180.0,10,113,0.110233,1.108,True,False,body,100.0,90.0,-10.0
3273,216375,49.0,3,41,0.110202,1.105,True,False,body,30.0,29.0,-10.0
3274,216418,60.0,4,43,0.11017,1.1099,True,False,wall,40.0,30.0,-10.0
3275,216607,287.0,17,189,0.110028,1.1952,True,False,body,170.0,127.0,-10.0
3276,216757,238.0,13,150,0.109915,1.0849,True,False,body,130.0,118.0,-10.0
3277,216936,306.0,18,179,0.109781,1.1161,True,False,wall,180.0,136.0,-10.0
3278,217002,83.0,4,66,0.109732,1.1775,True,False,wall,40.0,53.0,-10.0
3279,217021,13.0,1,19,0.109718,1.1456,True,False,wall,10.0,13.0,-10.0
3280,217052,36.0,2,31,0.109695,1.063,True,False,wall,20.0,26.0,-10.0
3281,217147,148.0,8,95,0.109624,1.1015,True,False,wall,80.0,78.0,-10.0
3282,217482,503.0,27,335,0.109375,1.1592,True,False,body,270.0,243.0,-10.0
3283,217582,159.0,8,100,0.109301,1.1237,True,False,body,80.0,89.0,-10.0
3284,217726,224.0,13,144,0.109194,1.0984,True,False,body,130.0,104.0,-10.0
3285,217741,7.0,1,15,0.109183,1.0801,True,False,wall,10.0,7.0,-10.0
3286,217756,13.0,1,15,0.109172,0.9455,True,False,wall,10.0,13.0,-10.0
3287,217977,370.0,22,221,0.109009,1.1585,True,False,body,220.0,160.0,-10.0
3288,218049,112.0,7,72,0.108955,1.1567,True,False,body,70.0,52.0,-10.0
3289,218098,63.0,3,49,0.108919,1.1824,True,False,wall,30.0,43.0,-10.0
3290,218252,236.0,13,154,0.108806,1.089,True,False,body,130.0,116.0,-10.0
3291,218272,1.0,0,20,0.108791,1.1073,True,False,wall,0.0,11.0,-10.0
3292,218473,311.0,17,201,0.108644,1.1417,True,False,body,170.0,151.0,-10.0
3293,218571,171.0,10,98,0.108572,1.1112,True,False,body,100.0,81.0,-10.0
3294,218676,186.0,12,105,0.108495,1.184,True,False,body,120.0,76.0,-10.0
3295,218743,102.0,6,67,0.108446,1.1529,True,False,body,60.0,52.0,-10.0
3296,218873,204.0,11,130,0.108351,1.2455,True,False,body,110.0,104.0,-10.0
3297,218906,41.0,3,33,0.108327,1.2565,True,False,wall,30.0,21.0,-10.0
3298,219027,186.0,10,121,0.108239,1.1146,True,False,wall,100.0,96.0,-10.0
3299,219140,139.0,7,113,0.108157,1.1516,True,False,body,70.0,79.0,-10.0
3300,219218,101.0,6,78,0.1081,1.0887,True,False,wall,60.0,51.0,-10.0
3301,219300,137.0,8,82,0.108041,1.0671,True,False,body,80.0,67.0,-10.0
3302,219464,275.0,16,164,0.107922,1.2292,True,False,body,160.0,125.0,-10.0
3303,219491,41.0,3,27,0.107902,1.2,True,False,body,30.0,21.0,-10.0
3304,219544,103.0,7,53,0.107864,1.1315,True,False,body,70.0,43.0,-10.0
3305,219574,44.0,3,30,0.107842,1.1157,True,False,wall,30.0,24.0,-10.0
3306,219613,72.0,6,39,0.107814,1.1403,True,False,body,60.0,22.0,-10.0
3307,219682,82.0,4,69,0.107764,1.1321,True,False,body,40.0,52.0,-10.0
3308,219735,95.0,7,53,0.107726,1.2078,True,False,body,70.0,35.0,-10.0
3309,219791,88.0,5,56,0.107686,1.0912,True,False,wall,50.0,48.0,-10.0
3310,219830,51.0,3,39,0.107657,1.0448,True,False,body,30.0,31.0,-10.0
3311,219847,13.0,1,17,0.107645,1.1115,True,False,wall,10.0,13.0,-10.0
3312,219926,125.0,7,79,0.107588,1.169,True,False,body,70.0,65.0,-10.0
3313,219969,75.0,5,43,0.107557,1.2723,True,False,wall,50.0,35.0,-10.0
3314,220177,276.0,15,208,0.107408,1.1097,True,False,wall,150.0,136.0,-10.0
3315,220240,89.0,5,63,0.107363,1.1373,True,False,wall,50.0,49.0,-10.0
3316,220327,113.0,5,87,0.1073,1.1637,True,False,wall,50.0,73.0,-10.0
3317,220390,81.0,5,63,0.107255,1.0978,True,False,body,50.0,41.0,-10.0
3318,220458,123.0,8,68,0.107207,1.1702,True,False,body,80.0,53.0,-10.0
3319,220791,509.0,27,333,0.106969,1.311,True,False,body,270.0,249.0,-10.0
3320,220877,132.0,7,86,0.106908,1.0954,True,False,body,70.0,72.0,-10.0
3321,220986,186.0,10,109,0.10683,1.1149,True,False,wall,100.0,96.0,-10.0
3322,221163,281.0,15,177,0.106705,1.0796,True,False,body,150.0,141.0,-10.0
3323,221381,317.0,18,218,0.10655,1.2024,True,False,body,180.0,147.0,-10.0
3324,221582,320.0,18,201,0.106408,1.1833,True,False,body,180.0,150.0,-10.0
3325,221645,93.0,5,63,0.106364,1.1691,True,False,wall,50.0,53.0,-10.0
3326,221824,300.0,18,179,0.106238,1.1301,True,False,body,180.0,130.0,-10.0
3327,221869,64.0,4,45,0.106206,1.0654,True,False,body,40.0,34.0,-10.0
3328,222090,346.0,18,221,0.106051,1.1758,True,False,body,180.0,176.0,-10.0
3329,222280,283.0,14,190,0.105918,1.0587,True,False,body,140.0,153.0,-10.0
3330,222477,285.0,15,197,0.105781,1.1259,True,False,wall,150.0,145.0,-10.0
3331,222624,254.0,16,147,0.105679,1.1171,True,False,body,160.0,104.0,-10.0
3332,222728,147.0,8,104,0.105606,1.0434,True,False,body,80.0,77.0,-10.0
3333,222917,216.0,12,189,0.105475,1.1166,True,False,body,120.0,106.0,-10.0
3334,222940,39.0,3,23,0.105459,1.1071,True,False,body,30.0,19.0,-10.0
3335,222982,54.0,3,42,0.10543,1.0987,True,False,wall,30.0,34.0,-10.0
3336,223009,24.0,2,27,0.105411,1.0367,True,False,wall,20.0,14.0,-10.0
3337,223185,308.0,17,176,0.105289,1.1484,True,False,wall,170.0,148.0,-10.0
3338,223320,190.0,10,135,0.105196,1.1134,True,False,wall,100.0,100.0,-10.0
3339,223339,26.0,2,19,0.105183,0.9563,True,False,wall,20.0,16.0,-10.0
3340,223538,322.0,18,199,0.105046,1.1465,True,False,body,180.0,152.0,-10.0
3341,223604,92.0,5,66,0.105001,1.1148,True,False,wall,50.0,52.0,-10.0
3342,223764,268.0,15,160,0.104891,1.1206,True,False,body,150.0,128.0,-10.0
3343,224122,513.0,28,358,0.104646,1.1129,True,False,body,280.0,243.0,-10.0
3344,224296,276.0,15,174,0.104527,1.1741,True,False,wall,150.0,136.0,-10.0
3345,224358,85.0,4,62,0.104485,1.1842,True,False,wall,40.0,55.0,-10.0
3346,224445,145.0,9,87,0.104425,1.1238,True,False,body,90.0,65.0,-10.0
3347,224651,323.0,18,206,0.104286,1.093,True,False,body,180.0,153.0,-10.0
3348,224784,227.0,13,133,0.104195,1.2738,True,False,body,130.0,107.0,-10.0
3349,224990,323.0,16,206,0.104056,1.1567,True,False,wall,160.0,173.0,-10.0
3350,225114,202.0,11,124,0.103972,1.1269,True,False,body,110.0,102.0,-10.0
3351,225192,124.0,7,78,0.10392,1.1974,True,False,body,70.0,64.0,-10.0
3352,225299,179.0,11,107,0.103848,1.2631,True,False,wall,110.0,79.0,-10.0
3353,225445,207.0,10,146,0.103749,1.1228,True,False,body,100.0,117.0,-10.0
3354,225498,90.0,6,53,0.103714,1.1393,True,False,body,60.0,40.0,-10.0
3355,225566,102.0,5,68,0.103668,1.0983,True,False,body,50.0,62.0,-10.0
3356,225621,76.0,4,55,0.103631,1.0791,True,False,body,40.0,46.0,-10.0
3357,225702,128.0,8,81,0.103577,1.1158,True,False,body,80.0,58.0,-10.0
3358,225979,360.0,20,277,0.103392,1.1002,True,False,wall,200.0,170.0,-10.0
3359,226015,55.0,4,36,0.103368,1.1428,True,False,body,40.0,25.0,-10.0
3360,226101,139.0,8,86,0.10331,1.1445,True,False,body,80.0,69.0,-10.0
3361,226180,95.0,5,79,0.103258,1.2484,True,False,body,50.0,55.0,-10.0
3362,226260,124.0,7,80,0.103205,1.1112,True,False,wall,70.0,64.0,-10.0
3363,226645,573.0,29,385,0.102949,1.1152,True,False,body,290.0,293.0,-10.0
3364,226698,74.0,4,53,0.102914,1.0926,True,False,wall,40.0,44.0,-10.0
3365,226992,451.0,22,294,0.10272,1.1187,True,False,body,220.0,241.0,-10.0
3366,227024,37.0,2,32,0.102699,1.0752,True,False,wall,20.0,27.0,-10.0
3367,227148,201.0,12,124,0.102617,1.0927,True,False,body,120.0,91.0,-10.0
3368,227269,188.0,10,121,0.102538,1.11,True,False,body,100.0,98.0,-10.0
3369,227281,28.0,3,12,0.10253,1.3278,True,False,body,30.0,8.0,-10.0
3370,227452,283.0,17,171,0.102418,1.1012,True,False,body,170.0,123.0,-10.0
3371,227554,173.0,10,102,0.102351,1.065,True,False,body,100.0,83.0,-10.0
3372,227608,68.0,3,54,0.102316,1.0551,True,False,wall,30.0,48.0,-10.0
3373,227805,304.0,20,197,0.102187,1.0964,True,False,body,200.0,114.0,-10.0
3374,227980,303.0,17,175,0.102073,1.1862,True,False,body,170.0,143.0,-10.0
3375,228065,111.0,5,85,0.102018,1.1698,True,False,body,50.0,71.0,-10.0
3376,228116,70.0,4,51,0.101984,1.2339,True,False,wall,40.0,40.0,-10.0
3377,228337,371.0,21,221,0.101841,1.1543,True,False,wall,210.0,171.0,-10.0
3378,228461,198.0,11,124,0.101761,1.0721,True,False,wall,110.0,98.0,-10.0
3379,228490,39.0,3,29,0.101742,1.076,True,False,wall,30.0,19.0,-10.0
3380,228569,127.0,7,79,0.101691,1.1566,True,False,wall,70.0,67.0,-10.0
3381,228845,402.0,23,276,0.101513,1.1827,True,False,wall,230.0,182.0,-10.0
3382,228940,139.0,9,95,0.101452,1.0687,True,False,body,90.0,59.0,-10.0
3383,229002,97.0,6,62,0.101412,1.1872,True,False,wall,60.0,47.0,-10.0
3384,229083,116.0,6,81,0.10136,1.1682,True,False,wall,60.0,66.0,-10.0
3385,229268,302.0,16,185,0.101241,1.1996,True,False,body,160.0,152.0,-10.0
3386,229387,145.0,7,119,0.101165,1.1629,True,False,body,70.0,85.0,-10.0
3387,229411,40.0,3,24,0.10115,1.3408,True,False,body,30.0,20.0,-10.0
3388,229624,297.0,13,213,0.101014,1.197,True,False,wall,130.0,177.0,-10.0
3389,229638,10.0,1,14,0.101005,1.4058,True,False,wall,10.0,10.0,-10.0
3390,229925,447.0,25,287,0.100822,1.2194,True,False,body,250.0,207.0,-10.0
3391,230073,237.0,12,148,0.100728,1.1268,True,False,body,120.0,127.0,-10.0
3392,230152,130.0,8,79,0.100678,1.1128,True,False,body,80.0,60.0,-10.0
3393,230328,280.0,15,176,0.100567,1.1167,True,False,body,150.0,140.0,-10.0
3394,230372,76.0,5,44,0.100539,1.1744,True,False,wall,50.0,36.0,-10.0
3395,230521,227.0,13,149,0.100445,1.1701,True,False,wall,130.0,107.0,-10.0
3396,230575,71.0,4,54,0.100411,1.1784,True,False,wall,40.0,41.0,-10.0
3397,230681,155.0,8,106,0.100344,1.2022,True,False,wall,80.0,85.0,-10.0
3398,230797,153.0,8,116,0.100271,1.1291,True,False,wall,80.0,83.0,-10.0
3399,230920,175.0,9,123,0.100194,1.0929,True,False,wall,90.0,95.0,-10.0
3400,230949,48.0,4,29,0.100176,1.3586,True,False,body,40.0,18.0,-10.0
3401,231032,95.0,5,83,0.100124,1.0833,True,False,wall,50.0,55.0,-10.0
3402,231324,448.0,27,292,0.099941,1.0813,True,False,body,270.0,188.0,-10.0
3403,231493,257.0,13,169,0.099836,1.1224,True,False,body,130.0,137.0,-10.0
3404,231539,65.0,4,46,0.099807,1.1762,True,False,body,40.0,35.0,-10.0
3405,231611,120.0,7,72,0.099762,1.2254,True,False,wall,70.0,60.0,-10.0
3406,231688,101.0,5,77,0.099714,1.1887,True,False,body,50.0,61.0,-10.0
3407,231792,166.0,9,104,0.09965,1.1495,True,False,wall,90.0,86.0,-10.0
3408,231984,307.0,16,192,0.099531,1.2166,True,False,body,160.0,157.0,-10.0
3409,232076,146.0,9,92,0.099474,1.1712,True,False,wall,90.0,66.0,-10.0
3410,232295,294.0,16,219,0.099339,1.2053,True,False,body,160.0,144.0,-10.0
3411,232543,387.0,20,248,0.099186,1.2087,True,False,wall,200.0,197.0,-10.0
3412,232581,63.0,4,38,0.099163,1.2065,True,False,wall,40.0,33.0,-10.0
3413,232863,444.0,23,282,0.09899,1.1434,True,False,body,230.0,224.0,-10.0
3414,233030,241.0,13,167,0.098887,1.0631,True,False,body,130.0,121.0,-10.0
3415,233184,250.0,13,154,0.098793,1.1325,True,False,wall,130.0,130.0,-10.0
3416,233330,236.0,13,146,0.098704,1.1251,True,False,body,130.0,116.0,-10.0
3417,233433,156.0,8,103,0.098642,1.2054,True,False,body,80.0,86.0,-10.0
3418,233470,45.0,3,37,0.098619,1.4346,True,False,wall,30.0,25.0,-10.0
3419,233572,153.0,8,102,0.098557,1.1665,True,False,body,80.0,83.0,-10.0
3420,233640,118.0,7,68,0.098516,1.2113,True,False,body,70.0,58.0,-10.0
3421,233730,152.0,9,90,0.098462,1.1959,True,False,wall,90.0,72.0,-10.0
3422,233925,354.0,20,195,0.098344,1.1435,True,False,wall,200.0,164.0,-10.0
3423,233974,66.0,4,49,0.098314,1.1618,True,False,wall,40.0,36.0,-10.0
3424,234098,211.0,12,124,0.098239,1.1359,True,False,wall,120.0,101.0,-10.0
3425,234284,264.0,13,186,0.098127,1.1427,True,False,body,130.0,144.0,-10.0
3426,234442,233.0,12,158,0.098032,1.1431,True,False,body,120.0,123.0,-10.0
3427,234535,173.0,11,93,0.097976,1.0863,True,False,wall,110.0,73.0,-10.0
3428,234750,312.0,16,215,0.097848,1.1121,True,False,body,160.0,162.0,-10.0
3429,234903,245.0,13,153,0.097756,1.1401,True,False,wall,130.0,125.0,-10.0
3430,235007,166.0,11,104,0.097694,1.193,True,False,body,110.0,66.0,-10.0
3431,235064,78.0,4,57,0.09766,1.1792,True,False,body,40.0,48.0,-10.0
3432,235105,62.0,4,41,0.097636,1.3963,True,False,wall,40.0,32.0,-10.0
3433,235281,267.0,14,176,0.097531,1.1428,True,False,body,140.0,137.0,-10.0
3434,235443,255.0,14,162,0.097435,1.2369,True,False,body,140.0,125.0,-10.0
3435,235480,47.0,3,37,0.097413,1.1505,True,False,body,30.0,27.0,-10.0
3436,235506,42.0,3,26,0.097398,1.1765,True,False,wall,30.0,22.0,-10.0
3437,235646,225.0,12,140,0.097315,1.1104,True,False,body,120.0,115.0,-10.0
3438,235689,77.0,5,43,0.097289,1.0969,True,False,body,50.0,37.0,-10.0
3439,235704,13.0,1,15,0.09728,0.9675,True,False,wall,10.0,13.0,-10.0
3440,235795,153.0,9,91,0.097227,1.1172,True,False,body,90.0,73.0,-10.0
3441,235805,-1.0,0,10,0.097221,1.3275,True,False,wall,0.0,9.0,-10.0
3442,235920,178.0,10,115,0.097153,1.2021,True,False,wall,100.0,88.0,-10.0
3443,235990,114.0,7,70,0.097112,1.3249,True,False,body,70.0,54.0,-10.0
3444,236037,55.0,3,47,0.097084,1.291,True,False,body,30.0,35.0,-10.0
3445,236242,327.0,19,205,0.096963,1.1526,True,False,body,190.0,147.0,-10.0
3446,236349,192.0,12,107,0.096901,1.1168,True,False,body,120.0,82.0,-10.0
3447,236463,172.0,9,114,0.096834,1.0897,True,False,wall,90.0,92.0,-10.0
3448,236561,149.0,8,98,0.096777,1.0989,True,False,body,80.0,79.0,-10.0
3449,236588,41.0,3,27,0.096761,1.0542,True,False,body,30.0,21.0,-10.0
3450,236692,162.0,9,104,0.0967,1.1225,True,False,wall,90.0,82.0,-10.0
3451,236839,222.0,12,147,0.096614,1.1064,True,False,body,120.0,112.0,-10.0
3452,237016,258.0,14,177,0.096511,1.1459,True,False,body,140.0,128.0,-10.0
3453,237296,447.0,24,280,0.096349,1.1232,True,False,wall,240.0,217.0,-10.0
3454,237528,371.0,20,232,0.096215,1.1511,True,False,wall,200.0,181.0,-10.0
3455,237698,267.0,14,170,0.096116,1.2524,True,False,body,140.0,137.0,-10.0
3456,237779,107.0,5,81,0.09607,1.2281,True,False,wall,50.0,67.0,-10.0
3457,237946,239.0,11,167,0.095974,1.1614,True,False,body,110.0,139.0,-10.0
3458,238017,100.0,6,71,0.095933,1.1771,True,False,body,60.0,50.0,-10.0
3459,238045,33.0,2,28,0.095917,1.1927,True,False,wall,20.0,23.0,-10.0
3460,238184,222.0,12,139,0.095837,1.1243,True,False,body,120.0,112.0,-10.0
3461,238281,154.0,8,97,0.095782,1.0809,True,False,wall,80.0,84.0,-10.0
3462,238464,279.0,15,183,0.095677,1.1428,True,False,body,150.0,139.0,-10.0
3463,238713,362.0,20,249,0.095535,1.1461,True,False,body,200.0,172.0,-10.0
3464,238895,294.0,17,182,0.095432,1.186,True,False,body,170.0,134.0,-10.0
3465,238917,27.0,2,22,0.095419,1.0321,True,False,wall,20.0,17.0,-10.0
3466,239008,138.0,8,91,0.095367,1.1963,True,False,wall,80.0,68.0,-10.0
3467,239088,104.0,5,80,0.095322,1.1477,True,False,wall,50.0,64.0,-10.0
3468,239312,354.0,19,224,0.095195,1.2182,True,False,body,190.0,174.0,-10.0
3469,239443,205.0,11,131,0.095121,1.2459,True,False,body,110.0,105.0,-10.0
3470,239522,111.0,5,79,0.095077,1.1937,True,False,wall,50.0,71.0,-10.0
3471,239592,89.0,4,70,0.095037,1.1277,True,False,wall,40.0,59.0,-10.0
3472,239823,372.0,20,231,0.094908,1.3435,True,False,body,200.0,182.0,-10.0
3473,239989,256.0,13,166,0.094815,1.191,True,False,body,130.0,136.0,-10.0
3474,240084,162.0,10,95,0.094761,1.2162,True,False,body,100.0,72.0,-10.0
3475,240124,59.0,4,40,0.094739,1.253,True,False,body,40.0,29.0,-10.0
3476,240153,36.0,2,29,0.094723,1.4077,True,False,wall,20.0,26.0,-10.0
3477,240265,188.0,11,112,0.09466,1.2279,True,False,body,110.0,88.0,-10.0
3478,240352,131.0,7,87,0.094612,1.1906,True,False,wall,70.0,71.0,-10.0
3479,240572,330.0,15,220,0.094489,1.1886,True,False,body,150.0,190.0,-10.0
3480,240656,122.0,7,84,0.094442,1.1688,True,False,body,70.0,62.0,-10.0
3481,240756,146.0,7,100,0.094387,1.119,True,False,wall,70.0,86.0,-10.0
3482,240873,197.0,11,117,0.094322,1.1463,True,False,body,110.0,97.0,-10.0
3483,240903,42.0,3,30,0.094305,1.193,True,False,body,30.0,22.0,-10.0
3484,241105,259.0,14,202,0.094194,1.1697,True,False,body,140.0,129.0,-10.0
3485,241200,150.0,8,95,0.094141,1.1367,True,False,body,80.0,80.0,-10.0
3486,241317,147.0,7,117,0.094077,1.1187,True,False,body,70.0,87.0,-10.0
3487,241475,213.0,12,158,0.09399,1.2268,True,False,body,120.0,103.0,-10.0
3488,241557,131.0,8,82,0.093945,1.332,True,False,wall,80.0,61.0,-10.0
3489,241616,74.0,4,59,0.093912,1.1908,True,False,wall,40.0,44.0,-10.0
3490,241744,184.0,9,128,0.093842,1.1118,True,False,body,90.0,104.0,-10.0
3491,241981,379.0,21,237,0.093712,1.1982,True,False,body,210.0,179.0,-10.0
3492,241996,13.0,1,15,0.093704,1.1421,True,False,wall,10.0,13.0,-10.0
3493,242327,480.0,26,331,0.093524,1.1314,True,False,body,260.0,230.0,-10.0
3494,242382,78.0,4,55,0.093494,1.1401,True,False,wall,40.0,48.0,-10.0
3495,242465,131.0,7,83,0.093449,1.1157,True,False,wall,70.0,71.0,-10.0
3496,242476,7.0,1,11,0.093443,1.1956,True,False,wall,10.0,7.0,-10.0
3497,242504,42.0,3,28,0.093428,1.1664,True,False,wall,30.0,22.0,-10.0
3498,242598,134.0,7,94,0.093377,1.2345,True,False,body,70.0,74.0,-10.0
3499,242647,68.0,4,49,0.09335,1.2721,True,False,wall,40.0,38.0,-10.0
3500,242784,189.0,11,137,0.093276,1.1156,True,False,wall,110.0,89.0,-10.0
3501,242948,248.0,13,164,0.093187,1.1147,True,False,wall,130.0,128.0,-10.0
3502,242978,49.0,4,30,0.093171,1.0471,True,False,wall,40.0,19.0,-10.0
3503,243045,115.0,7,67,0.093135,1.155,True,False,wall,70.0,55.0,-10.0
3504,243193,206.0,11,148,0.093055,1.1252,True,False,wall,110.0,106.0,-10.0
3505,243206,0.0,0,13,0.093048,1.167,True,False,wall,0.0,10.0,-10.0
3506,243303,167.0,11,97,0.092996,1.2191,True,False,body,110.0,67.0,-10.0
3507,243416,182.0,10,113,0.092935,1.1739,True,False,body,100.0,92.0,-10.0
3508,243650,385.0,22,234,0.09281,1.1938,True,False,body,220.0,175.0,-10.0
3509,243675,50.0,4,25,0.092797,1.6024,True,False,wall,40.0,20.0,-10.0
3510,243719,83.0,6,44,0.092773,1.2838,True,False,body,60.0,33.0,-10.0
3511,243758,60.0,4,39,0.092752,1.2207,True,False,wall,40.0,30.0,-10.0
3512,243801,75.0,5,43,0.092729,1.2969,True,False,body,50.0,35.0,-10.0
3513,244095,453.0,24,294,0.092572,1.2733,True,False,body,240.0,223.0,-10.0
3514,244308,329.0,19,213,0.092459,1.1959,True,False,body,190.0,149.0,-10.0
3515,244429,212.0,12,121,0.092395,1.1384,True,False,body,120.0,102.0,-10.0
3516,244718,444.0,24,289,0.092242,1.2119,True,False,body,240.0,214.0,-10.0
3517,244999,378.0,20,281,0.092094,1.2835,True,False,body,200.0,188.0,-10.0
3518,245227,326.0,15,228,0.091974,1.2949,True,False,body,150.0,186.0,-10.0
3519,245301,103.0,6,74,0.091935,1.1784,True,False,body,60.0,53.0,-10.0
3520,245399,158.0,9,98,0.091884,1.183,True,False,body,90.0,78.0,-10.0
3521,245627,345.0,18,228,0.091765,1.3643,True,False,body,180.0,175.0,-10.0
3522,245747,194.0,11,120,0.091702,1.2669,True,False,wall,110.0,94.0,-10.0
3523,245977,348.0,17,230,0.091583,1.1998,True,False,body,170.0,188.0,-10.0
3524,246186,311.0,17,209,0.091474,1.198,True,False,body,170.0,151.0,-10.0
3525,246378,318.0,17,192,0.091375,1.1708,True,False,body,170.0,158.0,-10.0
3526,246420,58.0,3,42,0.091353,1.1181,True,False,wall,30.0,38.0,-10.0
3527,246521,164.0,10,101,0.091301,1.3026,True,False,wall,100.0,74.0,-10.0
3528,246535,12.0,1,14,0.091294,1.2065,True,False,wall,10.0,12.0,-10.0
3529,246578,62.0,4,43,0.091271,1.2338,True,False,wall,40.0,32.0,-10.0
3530,246599,35.0,3,21,0.091261,1.1426,True,False,body,30.0,15.0,-10.0
3531,246762,208.0,12,163,0.091177,1.3495,True,False,wall,120.0,98.0,-10.0
3532,246901,214.0,12,139,0.091105,1.3399,True,False,body,120.0,104.0,-10.0
3533,246941,48.0,3,40,0.091085,1.2227,True,False,wall,30.0,28.0,-10.0
3534,246998,114.0,8,57,0.091055,1.2604,True,False,body,80.0,44.0,-10.0
3535,247159,233.0,11,161,0.090973,1.1936,True,False,body,110.0,133.0,-10.0
3536,247392,362.0,20,233,0.090854,1.1861,True,False,body,200.0,172.0,-10.0
3537,247534,248.0,15,142,0.090781,1.1379,True,False,body,150.0,108.0,-10.0
3538,247552,23.0,2,18,0.090772,1.3269,True,False,wall,20.0,13.0,-10.0
3539,247718,234.0,13,166,0.090687,1.165,True,False,body,130.0,114.0,-10.0
3540,247870,241.0,12,152,0.09061,1.2759,True,False,body,120.0,131.0,-10.0
3541,248125,362.0,18,255,0.090481,1.253,True,False,wall,180.0,192.0,-10.0
3542,248201,133.0,8,76,0.090443,1.1646,True,False,body,80.0,63.0,-10.0
3543,248440,344.0,18,239,0.090322,1.1786,True,False,wall,180.0,174.0,-10.0
3544,248640,280.0,15,200,0.090221,1.2006,True,False,body,150.0,140.0,-10.0
3545,248859,274.0,12,219,0.090111,1.1964,True,False,wall,120.0,164.0,-10.0
3546,248918,103.0,7,59,0.090082,1.1558,True,False,wall,70.0,43.0,-10.0
3547,248941,37.0,3,23,0.09007,1.1607,True,False,body,30.0,17.0,-10.0
3548,249048,180.0,10,107,0.090017,1.1741,True,False,body,100.0,90.0,-10.0
3549,249143,158.0,10,95,0.089969,1.1932,True,False,body,100.0,68.0,-10.0
3550,249226,131.0,7,83,0.089928,1.1635,True,False,wall,70.0,71.0,-10.0
3551,249362,241.0,14,136,0.08986,1.1598,True,False,body,140.0,111.0,-10.0
3552,249465,194.0,12,103,0.089809,1.2278,True,False,body,120.0,84.0,-10.0
3553,249501,68.0,5,36,0.089791,1.2867,True,False,body,50.0,28.0,-10.0
3554,249764,385.0,19,263,0.08966,1.1816,True,False,wall,190.0,205.0,-10.0
3555,250018,395.0,22,254,0.089534,1.1782,True,False,body,220.0,185.0,-10.0
3556,250186,257.0,12,168,0.089451,1.2084,True,False,body,120.0,147.0,-10.0
3557,250283,159.0,9,97,0.089404,1.1933,True,False,body,90.0,79.0,-10.0
3558,250403,203.0,12,120,0.089345,1.2409,True,False,body,120.0,93.0,-10.0
3559,250472,128.0,8,69,0.089311,1.2322,True,False,wall,80.0,58.0,-10.0
3560,250576,175.0,10,104,0.08926,1.1188,True,False,body,100.0,85.0,-10.0
3561,250624,78.0,5,48,0.089236,1.296,True,False,body,50.0,38.0,-10.0
3562,250785,242.0,12,161,0.089157,1.221,True,False,wall,120.0,132.0,-10.0
3563,250816,46.0,4,31,0.089142,1.3418,True,False,body,40.0,16.0,-10.0
3564,250971,252.0,14,155,0.089066,1.2548,True,False,body,140.0,122.0,-10.0
3565,251145,251.0,12,174,0.088981,1.1359,True,False,body,120.0,141.0,-10.0
3566,251365,326.0,17,220,0.088874,1.1688,True,False,body,170.0,166.0,-10.0
3567,251400,43.0,3,35,0.088857,1.1882,True,False,wall,30.0,23.0,-10.0
3568,251712,464.0,25,312,0.088706,1.2044,True,False,body,250.0,224.0,-10.0
3569,251858,229.0,12,146,0.088635,1.1523,True,False,wall,120.0,119.0,-10.0
3570,251870,10.0,1,12,0.08863,0.9893,True,False,wall,10.0,10.0,-10.0
3571,251895,41.0,3,25,0.088618,1.0356,True,False,wall,30.0,21.0,-10.0
3572,252000,185.0,11,105,0.088567,1.1712,True,False,wall,110.0,85.0,-10.0
3573,252112,192.0,11,112,0.088513,1.2557,True,False,body,110.0,92.0,-10.0
3574,252233,179.0,9,121,0.088455,1.2305,True,False,wall,90.0,99.0,-10.0
3575,252498,415.0,21,265,0.088328,1.2491,True,False,body,210.0,215.0,-10.0
3576,252556,106.0,7,58,0.0883,1.2945,True,False,body,70.0,46.0,-10.0
3577,252607,66.0,4,51,0.088275,1.2771,True,False,body,40.0,36.0,-10.0
3578,252832,347.0,19,225,0.088168,1.3103,True,False,body,190.0,167.0,-10.0
3579,252964,188.0,9,132,0.088105,1.1867,True,False,wall,90.0,108.0,-10.0
3580,253008,39.0,2,44,0.088084,1.2802,True,False,wall,20.0,29.0,-10.0
3581,253081,107.0,7,73,0.088049,1.5426,True,False,body,70.0,47.0,-10.0
3582,253214,211.0,11,133,0.087986,1.292,True,False,body,110.0,111.0,-10.0
3583,253359,218.0,12,145,0.087917,1.2181,True,False,wall,120.0,108.0,-10.0
3584,253580,325.0,17,221,0.087813,1.2006,True,False,wall,170.0,165.0,-10.0
3585,253736,232.0,13,156,0.087739,1.1974,True,False,wall,130.0,112.0,-10.0
3586,253935,352.0,20,199,0.087645,1.2661,True,False,wall,200.0,162.0,-10.0
3587,254308,568.0,30,373,0.08747,1.1677,True,False,body,300.0,278.0,-10.0
3588,254589,448.0,22,281,0.087339,1.1837,True,False,wall,220.0,238.0,-10.0
3589,254697,164.0,9,108,0.087288,1.2299,True,False,body,90.0,84.0,-10.0
3590,254829,207.0,12,132,0.087227,1.1131,True,False,body,120.0,97.0,-10.0
3591,254887,86.0,5,58,0.0872,1.1888,True,False,wall,50.0,46.0,-10.0
3592,255030,236.0,14,143,0.087134,1.2297,True,False,body,140.0,106.0,-10.0
3593,255243,345.0,19,213,0.087035,1.1499,True,False,body,190.0,165.0,-10.0
3594,255398,234.0,12,155,0.086963,1.2948,True,False,wall,120.0,124.0,-10.0
3595,255447,64.0,4,49,0.08694,1.2394,True,False,body,40.0,34.0,-10.0
3596,255580,234.0,14,133,0.086879,1.1652,True,False,body,140.0,104.0,-10.0
3597,255625,84.0,6,45,0.086858,1.2235,True,False,wall,60.0,34.0,-10.0
3598,255660,45.0,3,35,0.086842,1.1629,True,False,body,30.0,25.0,-10.0
3599,255709,68.0,4,49,0.08682,1.3382,True,False,wall,40.0,38.0,-10.0
3600,255855,266.0,17,146,0.086753,1.1938,True,False,body,170.0,106.0,-10.0
3601,255983,217.0,12,128,0.086694,1.1717,True,False,wall,120.0,107.0,-10.0
3602,256097,185.0,10,114,0.086642,1.2381,True,False,body,100.0,95.0,-10.0
3603,256137,54.0,3,40,0.086623,1.2104,True,False,body,30.0,34.0,-10.0
3604,256322,305.0,17,185,0.086539,1.1702,True,False,body,170.0,145.0,-10.0
3605,256629,449.0,25,307,0.086399,1.1817,True,False,wall,250.0,209.0,-10.0
3606,256768,237.0,13,139,0.086335,1.2145,True,False,body,130.0,117.0,-10.0
3607,256999,346.0,20,231,0.086231,1.1593,True,False,body,200.0,156.0,-10.0
3608,257209,335.0,18,210,0.086136,1.2342,True,False,wall,180.0,165.0,-10.0
3609,257526,479.0,25,317,0.085993,1.2139,True,False,body,250.0,239.0,-10.0
3610,257727,281.0,15,201,0.085903,1.2503,True,False,body,150.0,141.0,-10.0
3611,257817,145.0,8,90,0.085862,1.326,True,False,wall,80.0,75.0,-10.0
3612,257885,92.0,5,68,0.085832,1.2214,True,False,body,50.0,52.0,-10.0
3613,258045,235.0,12,160,0.08576,1.1609,True,False,wall,120.0,125.0,-10.0
3614,258144,142.0,8,99,0.085716,1.1834,True,False,body,80.0,72.0,-10.0
3615,258318,267.0,14,174,0.085638,1.1367,True,False,body,140.0,137.0,-10.0
3616,258384,96.0,5,66,0.085609,1.1885,True,False,body,50.0,56.0,-10.0
3617,258490,166.0,9,106,0.085562,1.146,True,False,wall,90.0,86.0,-10.0
3618,258634,214.0,11,144,0.085498,1.1378,True,False,body,110.0,114.0,-10.0
3619,258675,60.0,4,41,0.08548,1.2675,True,False,body,40.0,30.0,-10.0
3620,258807,222.0,13,132,0.085421,1.1621,True,False,wall,130.0,102.0,-10.0
3621,258956,231.0,13,149,0.085355,1.2508,True,False,body,130.0,111.0,-10.0
3622,259219,426.0,24,263,0.085239,1.2749,True,False,body,240.0,196.0,-10.0
3623,259261,70.0,5,42,0.085221,1.1726,True,False,body,50.0,30.0,-10.0
3624,259428,268.0,14,167,0.085147,1.2126,True,False,wall,140.0,138.0,-10.0
3625,259446,12.0,1,18,0.085139,1.2248,True,False,wall,10.0,12.0,-10.0
3626,259739,424.0,22,293,0.085011,1.1983,True,False,body,220.0,214.0,-10.0
3627,259781,56.0,3,42,0.084992,1.2288,True,False,body,30.0,36.0,-10.0
3628,260051,478.0,27,270,0.084875,1.1896,True,False,body,270.0,218.0,-10.0
3629,260315,361.0,18,264,0.08476,1.2446,True,False,body,180.0,191.0,-10.0
3630,260484,258.0,14,169,0.084686,1.3326,True,False,body,140.0,128.0,-10.0
3631,260519,38.0,2,35,0.084671,1.2316,True,False,wall,20.0,28.0,-10.0
3632,260583,106.0,7,64,0.084643,1.2322,True,False,body,70.0,46.0,-10.0
3633,260697,190.0,11,114,0.084594,1.2206,True,False,wall,110.0,90.0,-10.0
3634,260720,37.0,3,23,0.084584,1.3237,True,False,body,30.0,17.0,-10.0
3635,260852,202.0,11,132,0.084527,1.4726,True,False,body,110.0,102.0,-10.0
3636,260927,103.0,5,75,0.084495,1.5188,True,False,wall,50.0,63.0,-10.0
3637,261110,267.0,15,183,0.084416,1.2267,True,False,body,150.0,127.0,-10.0
3638,261336,352.0,19,226,0.084319,1.2388,True,False,body,190.0,172.0,-10.0
3639,261472,194.0,11,136,0.084261,1.1441,True,False,body,110.0,94.0,-10.0
3640,261689,333.0,19,217,0.084168,1.2424,True,False,body,190.0,153.0,-10.0
3641,261899,368.0,21,210,0.084078,1.2173,True,False,wall,210.0,168.0,-10.0
3642,262108,339.0,19,209,0.083989,1.2508,True,False,body,190.0,159.0,-10.0
3643,262144,48.0,3,36,0.083974,1.0631,True,False,wall,30.0,28.0,-10.0
3644,262277,215.0,11,133,0.083918,1.1856,True,False,wall,110.0,115.0,-10.0
3645,262389,188.0,11,112,0.08387,1.2801,True,False,wall,110.0,88.0,-10.0
3646,262482,142.0,8,93,0.083831,1.2099,True,False,body,80.0,72.0,-10.0
3647,262765,465.0,23,283,0.083711,1.212,True,False,body,230.0,245.0,-10.0
3648,263101,470.0,23,336,0.08357,1.2702,True,False,body,230.0,250.0,-10.0
3649,263148,88.0,6,47,0.08355,1.2379,True,False,wall,60.0,38.0,-10.0
3650,263204,76.0,5,56,0.083527,1.5145,True,False,wall,50.0,36.0,-10.0
3651,263275,110.0,6,71,0.083497,1.7508,True,False,wall,60.0,60.0,-10.0
3652,263428,232.0,12,153,0.083433,1.4718,True,False,body,120.0,122.0,-10.0
3653,263471,73.0,5,43,0.083415,1.4182,True,False,body,50.0,33.0,-10.0
3654,263517,79.0,6,46,0.083396,1.2369,True,False,wall,60.0,29.0,-10.0
3655,263543,24.0,1,26,0.083385,1.1778,True,False,wall,10.0,24.0,-10.0
3656,263812,391.0,21,269,0.083273,1.2586,True,False,body,210.0,191.0,-10.0
3657,263838,40.0,3,26,0.083262,1.226,True,False,wall,30.0,20.0,-10.0
3658,264095,445.0,25,257,0.083155,1.2628,True,False,body,250.0,205.0,-10.0
3659,264131,68.0,5,36,0.083141,1.3762,True,False,wall,50.0,28.0,-10.0
3660,264142,-2.0,0,11,0.083136,1.3408,True,False,wall,0.0,8.0,-10.0
3661,264489,517.0,25,347,0.082993,1.2865,True,False,body,250.0,277.0,-10.0
3662,264655,282.0,17,166,0.082924,1.2898,True,False,body,170.0,122.0,-10.0
3663,264804,220.0,14,149,0.082863,1.2683,True,False,body,140.0,90.0,-10.0
3664,264971,278.0,16,167,0.082794,1.2006,True,False,wall,160.0,128.0,-10.0
3665,265094,195.0,11,123,0.082744,1.1466,True,False,body,110.0,95.0,-10.0
3666,265139,66.0,4,45,0.082726,1.3179,True,False,wall,40.0,36.0,-10.0
3667,265327,296.0,15,188,0.082649,1.2453,True,False,wall,150.0,156.0,-10.0
3668,265546,345.0,19,219,0.08256,1.2325,True,False,body,190.0,165.0,-10.0
3669,265555,-2.0,0,9,0.082556,1.4047,True,False,wall,0.0,8.0,-10.0
3670,265682,216.0,12,127,0.082504,1.292,True,False,body,120.0,106.0,-10.0
3671,265778,149.0,8,96,0.082465,1.2452,True,False,body,80.0,79.0,-10.0
3672,265915,237.0,13,137,0.08241,1.1748,True,False,body,130.0,117.0,-10.0
3673,266033,187.0,12,118,0.082362,1.3177,True,False,body,120.0,77.0,-10.0
3674,266122,149.0,9,89,0.082326,1.2191,True,False,wall,90.0,69.0,-10.0
3675,266215,145.0,9,93,0.082288,1.2478,True,False,body,90.0,65.0,-10.0
3676,266479,407.0,22,264,0.082182,1.2254,True,False,wall,220.0,197.0,-10.0
3677,266487,-3.0,0,8,0.082179,1.2365,True,False,wall,0.0,7.0,-10.0
3678,266543,84.0,5,56,0.082156,1.2327,True,False,wall,50.0,44.0,-10.0
3679,266652,169.0,9,109,0.082112,1.2839,True,False,body,90.0,89.0,-10.0
3680,266685,56.0,4,33,0.082099,1.2998,True,False,body,40.0,26.0,-10.0
3681,266754,104.0,6,69,0.082072,1.2798,True,False,wall,60.0,54.0,-10.0
3682,266824,81.0,4,70,0.082044,1.1169,True,False,wall,40.0,51.0,-10.0
3683,266986,234.0,11,162,0.081979,1.1821,True,False,body,110.0,134.0,-10.0
3684,267205,372.0,20,219,0.081891,1.2324,True,False,body,200.0,182.0,-10.0
3685,267484,395.0,21,279,0.08178,1.192,True,False,body,210.0,195.0,-10.0
3686,267498,12.0,1,14,0.081775,1.0862,True,False,wall,10.0,12.0,-10.0
3687,267634,237.0,14,136,0.081721,1.1707,True,False,body,140.0,107.0,-10.0
3688,267887,356.0,18,253,0.081621,1.1775,True,False,body,180.0,186.0,-10.0
3689,267968,123.0,7,81,0.081589,1.1572,True,False,body,70.0,63.0,-10.0
3690,268045,82.0,4,77,0.081558,1.215,True,False,body,40.0,52.0,-10.0
3691,268277,312.0,19,232,0.081467,1.2419,True,False,body,190.0,132.0,-10.0
3692,268367,122.0,5,90,0.081431,1.3926,True,False,wall,50.0,82.0,-10.0
3693,268532,270.0,16,165,0.081367,1.2406,True,False,body,160.0,120.0,-10.0
3694,268591,85.0,5,59,0.081344,1.2528,True,False,wall,50.0,45.0,-10.0
3695,268642,79.0,5,51,0.081324,1.271,True,False,body,50.0,39.0,-10.0
3696,268889,385.0,21,247,0.081227,1.2109,True,False,body,210.0,185.0,-10.0
3697,269241,566.0,29,352,0.08109,1.2044,True,False,body,290.0,286.0,-10.0
3698,269386,245.0,13,145,0.081034,1.2266,True,False,body,130.0,125.0,-10.0
3699,269398,10.0,1,12,0.081029,1.3042,True,False,wall,10.0,10.0,-10.0
3700,269561,227.0,11,163,0.080966,1.2616,True,False,body,110.0,127.0,-10.0
3701,269618,90.0,6,57,0.080944,1.1275,True,False,wall,60.0,40.0,-10.0
3702,269801,327.0,19,183,0.080873,1.2892,True,False,body,190.0,147.0,-10.0
3703,269816,13.0,1,15,0.080867,1.2796,True,False,wall,10.0,13.0,-10.0
3704,269966,239.0,14,150,0.080809,1.2301,True,False,body,140.0,109.0,-10.0
3705,270041,141.0,9,75,0.080781,1.458,True,False,body,90.0,61.0,-10.0
3706,270300,412.0,22,259,0.080681,1.3779,True,False,wall,220.0,202.0,-10.0
3707,270666,524.0,29,366,0.080541,1.2954,True,False,body,290.0,244.0,-10.0
3708,270810,230.0,13,144,0.080486,1.2259,True,False,wall,130.0,110.0,-10.0
3709,270952,242.0,13,142,0.080432,1.1531,True,False,wall,130.0,122.0,-10.0
3710,271077,203.0,11,125,0.080384,1.1644,True,False,body,110.0,103.0,-10.0
3711,271335,419.0,22,258,0.080287,1.2405,True,False,body,220.0,209.0,-10.0
3712,271563,366.0,21,228,0.0802,1.1525,True,False,body,210.0,166.0,-10.0
3713,271804,338.0,18,241,0.08011,1.2857,True,False,body,180.0,168.0,-10.0
3714,272065,367.0,19,261,0.080012,1.1915,True,False,body,190.0,187.0,-10.0
3715,272279,285.0,14,214,0.079931,1.2352,True,False,body,140.0,155.0,-10.0
3716,272457,278.0,15,178,0.079865,1.295,True,False,wall,150.0,138.0,-10.0
3717,272598,202.0,10,141,0.079812,1.2244,True,False,body,100.0,112.0,-10.0
3718,272746,227.0,12,148,0.079757,1.2736,True,False,body,120.0,117.0,-10.0
3719,272999,423.0,23,253,0.079663,1.2368,True,False,body,230.0,203.0,-10.0
3720,273045,74.0,5,46,0.079646,1.2565,True,False,body,50.0,34.0,-10.0
3721,273375,509.0,28,330,0.079524,1.2654,True,False,body,280.0,239.0,-10.0
3722,273580,306.0,16,205,0.079449,1.2725,True,False,wall,160.0,156.0,-10.0
3723,273626,69.0,4,46,0.079432,1.1875,True,False,wall,40.0,39.0,-10.0
3724,273656,44.0,3,30,0.079421,1.1576,True,False,wall,30.0,24.0,-10.0
3725,273816,244.0,13,160,0.079362,1.2827,True,False,body,130.0,124.0,-10.0
3726,273824,-3.0,0,8,0.079359,1.2859,True,False,wall,0.0,7.0,-10.0
3727,273971,247.0,13,147,0.079305,1.2198,True,False,wall,130.0,127.0,-10.0
3728,274077,182.0,11,106,0.079266,1.2037,True,False,body,110.0,82.0,-10.0
3729,274123,76.0,5,46,0.079249,1.163,True,False,wall,50.0,36.0,-10.0
3730,274207,124.0,7,84,0.079219,1.2263,True,False,wall,70.0,64.0,-10.0
3731,274269,97.0,6,62,0.079196,1.2465,True,False,wall,60.0,47.0,-10.0
3732,274304,47.0,3,35,0.079183,1.2736,True,False,wall,30.0,27.0,-10.0
3733,274342,46.0,3,38,0.079169,1.2436,True,False,wall,30.0,26.0,-10.0
3734,274405,104.0,6,63,0.079146,1.1993,True,False,wall,60.0,54.0,-10.0
3735,274442,58.0,4,37,0.079133,1.1468,True,False,wall,40.0,28.0,-10.0
3736,274632,337.0,20,190,0.079064,1.219,True,False,body,200.0,147.0,-10.0
3737,274753,195.0,11,121,0.07902,1.2798,True,False,body,110.0,95.0,-10.0
3738,274909,206.0,11,156,0.078963,1.163,True,False,wall,110.0,106.0,-10.0
3739,275117,329.0,16,208,0.078888,1.2145,True,False,body,160.0,179.0,-10.0
3740,275215,149.0,8,98,0.078853,1.2598,True,False,body,80.0,79.0,-10.0
3741,275353,185.0,10,138,0.078803,1.2999,True,False,body,100.0,95.0,-10.0
3742,275645,485.0,26,292,0.078698,1.1987,True,False,wall,260.0,235.0,-10.0
3743,275810,237.0,11,165,0.078639,1.1679,True,False,wall,110.0,137.0,-10.0
3744,275954,225.0,12,144,0.078588,1.1855,True,False,wall,120.0,115.0,-10.0
3745,275968,10.0,1,14,0.078583,1.2616,True,False,wall,10.0,10.0,-10.0
3746,276256,477.0,26,288,0.07848,1.1468,True,False,body,260.0,227.0,-10.0
3747,276275,24.0,2,19,0.078473,1.2454,True,False,wall,20.0,14.0,-10.0
3748,276341,105.0,6,66,0.07845,1.2064,True,False,body,60.0,55.0,-10.0
3749,276454,180.0,10,113,0.078409,1.1787,True,False,body,100.0,90.0,-10.0
3750,276518,96.0,5,64,0.078387,1.4075,True,False,body,50.0,56.0,-10.0
3751,276698,323.0,18,180,0.078323,1.2981,True,False,wall,180.0,153.0,-10.0
3752,277026,516.0,27,328,0.078207,1.2223,True,False,body,270.0,256.0,-10.0
3753,277185,286.0,16,159,0.078151,1.2565,True,False,body,160.0,136.0,-10.0
3754,277225,52.0,3,40,0.078137,1.1895,True,False,wall,30.0,32.0,-10.0
3755,277273,81.0,6,48,0.07812,1.172,True,False,body,60.0,31.0,-10.0
3756,277346,115.0,7,73,0.078094,1.2281,True,False,body,70.0,55.0,-10.0
3757,277736,561.0,32,390,0.077958,1.1811,True,False,body,320.0,251.0,-10.0
3758,277795,83.0,5,59,0.077937,1.1523,True,False,wall,50.0,43.0,-10.0
3759,277882,166.0,10,87,0.077907,1.2177,True,False,body,100.0,76.0,-10.0
3760,278103,355.0,19,221,0.07783,1.2254,True,False,wall,190.0,175.0,-10.0
3761,278540,522.0,30,437,0.077678,1.1987,True,False,body,300.0,232.0,-10.0
3762,278665,194.0,10,125,0.077635,1.3676,True,False,wall,100.0,104.0,-10.0
3763,278870,312.0,16,205,0.077564,1.2881,True,False,wall,160.0,162.0,-10.0
3764,278992,192.0,11,122,0.077522,1.4216,True,False,body,110.0,92.0,-10.0
3765,279214,336.0,17,222,0.077446,1.3543,True,False,body,170.0,176.0,-10.0
3766,279479,356.0,18,265,0.077355,1.1969,True,False,body,180.0,186.0,-10.0
3767,279752,420.0,24,273,0.077262,1.1982,True,False,body,240.0,190.0,-10.0
3768,279979,365.0,19,227,0.077185,1.2187,True,False,wall,190.0,185.0,-10.0
3769,280114,224.0,14,135,0.077139,1.1854,True,False,body,140.0,94.0,-10.0
3770,280305,302.0,16,191,0.077074,1.2481,True,False,body,160.0,152.0,-10.0
3771,280438,185.0,9,133,0.077029,1.1882,True,False,body,90.0,105.0,-10.0
3772,280525,144.0,8,87,0.077,1.3964,True,False,body,80.0,74.0,-10.0
3773,280578,70.0,4,53,0.076982,1.1864,True,False,wall,40.0,40.0,-10.0
3774,280621,60.0,4,43,0.076967,1.1186,True,False,body,40.0,30.0,-10.0
3775,280758,258.0,16,137,0.076921,1.2113,True,False,wall,160.0,108.0,-10.0
3776,280952,341.0,20,194,0.076856,1.2373,True,False,body,200.0,151.0,-10.0
3777,281096,206.0,9,144,0.076808,1.194,True,False,wall,90.0,126.0,-10.0
3778,281150,89.0,6,54,0.07679,1.2407,True,False,wall,60.0,39.0,-10.0
3779,281191,67.0,5,41,0.076776,1.4233,True,False,wall,50.0,27.0,-10.0
3780,281558,555.0,27,367,0.076653,1.2505,True,False,wall,270.0,295.0,-10.0
3781,281695,220.0,12,137,0.076608,1.375,True,False,wall,120.0,110.0,-10.0
3782,281922,389.0,21,227,0.076532,1.247,True,False,body,210.0,189.0,-10.0
3783,281996,111.0,6,74,0.076508,1.2367,True,False,body,60.0,61.0,-10.0
3784,282026,37.0,2,30,0.076498,1.2207,True,False,wall,20.0,27.0,-10.0
3785,282103,84.0,4,77,0.076473,1.302,True,False,wall,40.0,54.0,-10.0
3786,282374,410.0,22,271,0.076383,1.2319,True,False,wall,220.0,200.0,-10.0
3787,282487,163.0,9,113,0.076346,1.2424,True,False,body,90.0,83.0,-10.0
3788,282576,117.0,5,89,0.076316,1.2586,True,False,wall,50.0,77.0,-10.0
3789,282605,54.0,4,29,0.076307,1.2392,True,False,wall,40.0,24.0,-10.0
3790,283076,602.0,30,471,0.076152,1.2831,True,False,body,300.0,312.0,-10.0
3791,283346,453.0,24,270,0.076064,1.308,True,False,body,240.0,223.0,-10.0
3792,283451,170.0,10,105,0.07603,1.241,True,False,body,100.0,80.0,-10.0
3793,283596,237.0,13,145,0.075983,1.2733,True,False,wall,130.0,117.0,-10.0
3794,283702,151.0,8,106,0.075949,1.3954,True,False,wall,80.0,81.0,-10.0
3795,283833,183.0,11,131,0.075906,1.2426,True,False,body,110.0,83.0,-10.0
3796,283915,117.0,6,82,0.07588,1.1993,True,False,body,60.0,67.0,-10.0
3797,284007,154.0,9,92,0.07585,1.264,True,False,wall,90.0,74.0,-10.0
3798,284142,251.0,15,135,0.075806,1.3459,True,False,wall,150.0,111.0,-10.0
3799,284305,228.0,12,163,0.075754,1.3784,True,False,body,120.0,118.0,-10.0
3800,284322,13.0,1,17,0.075748,1.5445,True,False,wall,10.0,13.0,-10.0
3801,284376,95.0,6,54,0.075731,1.3006,True,False,body,60.0,45.0,-10.0
3802,284405,30.0,2,29,0.075722,1.3604,True,False,wall,20.0,20.0,-10.0
3803,284776,503.0,25,371,0.075603,1.1989,True,False,body,250.0,263.0,-10.0
3804,284885,180.0,10,109,0.075568,1.1925,True,False,body,100.0,90.0,-10.0
3805,285005,183.0,10,120,0.075529,1.2187,True,False,body,100.0,93.0,-10.0
3806,285144,220.0,12,139,0.075485,1.2377,True,False,wall,120.0,110.0,-10.0
3807,285200,93.0,6,56,0.075467,1.2958,True,False,body,60.0,43.0,-10.0
3808,285336,210.0,11,136,0.075424,1.2405,True,False,body,110.0,110.0,-10.0
3809,285483,249.0,15,147,0.075377,1.2147,True,False,body,150.0,109.0,-10.0
3810,285847,537.0,30,364,0.075262,1.2068,True,False,body,300.0,247.0,-10.0
3811,285978,196.0,10,131,0.075221,1.3402,True,False,wall,100.0,106.0,-10.0
3812,286072,163.0,10,94,0.075191,1.1673,True,False,body,100.0,73.0,-10.0
3813,286211,184.0,10,139,0.075147,1.284,True,False,body,100.0,94.0,-10.0
3814,286407,308.0,19,196,0.075086,1.2114,True,False,body,190.0,128.0,-10.0
3815,286556,234.0,12,149,0.075039,1.3336,True,False,body,120.0,124.0,-10.0
3816,286642,133.0,8,86,0.075012,1.3361,True,False,wall,80.0,63.0,-10.0
3817,286670,33.0,2,28,0.075004,1.2767,True,False,wall,20.0,23.0,-10.0
3818,286683,2.0,0,13,0.075,1.2745,True,False,wall,0.0,12.0,-10.0
3819,286780,143.0,7,97,0.074969,1.3101,True,False,wall,70.0,83.0,-10.0
3820,286931,244.0,12,151,0.074922,1.3552,True,False,body,120.0,134.0,-10.0
3821,287180,336.0,18,249,0.074845,1.3166,True,False,body,180.0,166.0,-10.0
3822,287225,46.0,2,45,0.074831,1.1588,True,False,wall,20.0,36.0,-10.0
3823,287341,189.0,12,116,0.074795,1.2583,True,False,body,120.0,79.0,-10.0
3824,287398,81.0,5,57,0.074777,1.2018,True,False,wall,50.0,41.0,-10.0
3825,287495,164.0,10,97,0.074747,1.1802,True,False,wall,100.0,74.0,-10.0
3826,287661,268.0,15,166,0.074696,1.2582,True,False,wall,150.0,128.0,-10.0
3827,287728,109.0,7,67,0.074675,1.2838,True,False,body,70.0,49.0,-10.0
3828,287906,292.0,17,178,0.07462,1.1587,True,False,body,170.0,132.0,-10.0
3829,288032,194.0,11,126,0.074582,1.256,True,False,body,110.0,94.0,-10.0
3830,288042,8.0,1,10,0.074578,1.2594,True,False,wall,10.0,8.0,-10.0
3831,288155,178.0,10,113,0.074544,1.3768,True,False,wall,100.0,88.0,-10.0
3832,288360,338.0,18,205,0.074481,1.2677,True,False,body,180.0,168.0,-10.0
3833,288524,253.0,14,164,0.074431,1.2579,True,False,wall,140.0,123.0,-10.0
3834,288890,492.0,27,366,0.074319,1.2265,True,False,body,270.0,232.0,-10.0
3835,289084,338.0,19,194,0.07426,1.4006,True,False,body,190.0,158.0,-10.0
3836,289203,209.0,13,119,0.074224,1.2443,True,False,body,130.0,89.0,-10.0
3837,289317,186.0,11,114,0.07419,1.4069,True,False,body,110.0,86.0,-10.0
3838,289605,456.0,25,288,0.074103,1.2892,True,False,wall,250.0,216.0,-10.0
3839,289760,262.0,14,155,0.074056,1.2378,True,False,body,140.0,132.0,-10.0
3840,289874,175.0,10,114,0.074022,1.3079,True,False,wall,100.0,85.0,-10.0
3841,289971,137.0,7,97,0.073993,1.166,True,False,body,70.0,77.0,-10.0
3842,290190,339.0,19,219,0.073927,1.2291,True,False,body,190.0,159.0,-10.0
3843,290324,194.0,11,134,0.073887,1.2275,True,False,body,110.0,94.0,-10.0
3844,290433,169.0,9,109,0.073855,1.2862,True,False,body,90.0,89.0,-10.0
3845,290603,274.0,15,170,0.073804,1.235,True,False,wall,150.0,134.0,-10.0
3846,290680,117.0,7,77,0.073781,1.1968,True,False,body,70.0,57.0,-10.0
3847,290954,436.0,23,274,0.0737,1.2859,True,False,body,230.0,216.0,-10.0
3848,291088,237.0,14,134,0.07366,1.3339,True,False,wall,140.0,107.0,-10.0
3849,291236,194.0,11,148,0.073616,1.2318,True,False,body,110.0,94.0,-10.0
3850,291412,264.0,13,176,0.073565,1.2489,True,False,wall,130.0,144.0,-10.0
3851,291459,57.0,3,47,0.073551,1.2673,True,False,body,30.0,37.0,-10.0
3852,291630,286.0,16,171,0.0735,1.2624,True,False,wall,160.0,136.0,-10.0
3853,291660,53.0,4,30,0.073492,1.4684,True,False,body,40.0,23.0,-10.0
3854,291959,469.0,25,299,0.073404,1.2414,True,False,wall,250.0,229.0,-10.0
3855,292104,239.0,13,145,0.073362,1.2424,True,False,body,130.0,119.0,-10.0
3856,292140,68.0,5,36,0.073351,1.2849,True,False,body,50.0,28.0,-10.0
3857,292196,86.0,5,56,0.073335,1.2298,True,False,wall,50.0,46.0,-10.0
3858,292314,180.0,11,118,0.0733,1.2086,True,False,body,110.0,80.0,-10.0
3859,292560,342.0,17,246,0.073229,1.3956,True,False,wall,170.0,182.0,-10.0
3860,292899,569.0,29,339,0.073131,1.2861,True,False,body,290.0,289.0,-10.0
3861,293030,207.0,11,131,0.073093,1.3284,True,False,body,110.0,107.0,-10.0
3862,293141,179.0,11,111,0.073061,1.2438,True,False,body,110.0,79.0,-10.0
3863,293319,266.0,13,178,0.07301,1.4975,True,False,body,130.0,146.0,-10.0
3864,293603,464.0,23,284,0.072928,1.3561,True,False,body,230.0,244.0,-10.0
3865,293743,234.0,13,140,0.072888,1.2637,True,False,body,130.0,114.0,-10.0
3866,293757,12.0,1,14,0.072884,1.3714,True,False,wall,10.0,12.0,-10.0
3867,293770,0.0,0,13,0.07288,1.3069,True,False,wall,0.0,10.0,-10.0
3868,293844,132.0,9,74,0.072859,1.2741,True,False,body,90.0,52.0,-10.0
3869,293989,256.0,14,145,0.072818,1.256,True,False,body,140.0,126.0,-10.0
3870,294022,32.0,2,33,0.072808,1.1389,True,False,wall,20.0,22.0,-10.0
3871,294238,344.0,19,216,0.072747,1.3604,True,False,wall,190.0,164.0,-10.0
3872,294455,310.0,16,217,0.072685,1.2671,True,False,body,160.0,160.0,-10.0
3873,294469,12.0,1,14,0.072681,1.2175,True,False,wall,10.0,12.0,-10.0
3874,294611,247.0,14,142,0.072641,1.2675,True,False,body,140.0,117.0,-10.0
3875,294725,217.0,14,114,0.072609,1.2706,True,False,body,140.0,87.0,-10.0
3876,294873,228.0,11,148,0.072567,1.2744,True,False,body,110.0,128.0,-10.0
3877,295125,418.0,21,252,0.072496,1.3303,True,False,body,210.0,218.0,-10.0
3878,295192,103.0,7,67,0.072477,1.3114,True,False,body,70.0,43.0,-10.0
3879,295287,172.0,10,95,0.07245,1.2354,True,False,body,100.0,82.0,-10.0
3880,295582,517.0,29,295,0.072368,1.2881,True,False,body,290.0,237.0,-10.0
3881,295713,196.0,10,131,0.072331,1.3296,True,False,wall,100.0,106.0,-10.0
3882,295754,55.0,3,41,0.07232,1.2994,True,False,wall,30.0,35.0,-10.0
3883,296065,450.0,26,311,0.072233,1.229,True,False,body,260.0,200.0,-10.0
3884,296316,324.0,16,251,0.072163,1.3086,True,False,body,160.0,174.0,-10.0
3885,296447,198.0,10,131,0.072127,1.5132,True,False,wall,100.0,108.0,-10.0
3886,296733,414.0,21,286,0.072048,1.439,True,False,body,210.0,214.0,-10.0
3887,296770,56.0,4,37,0.072038,1.3734,True,False,body,40.0,26.0,-10.0
3888,296924,202.0,9,154,0.071996,1.3668,True,False,wall,90.0,122.0,-10.0
3889,297169,388.0,20,245,0.071928,1.27,True,False,wall,200.0,198.0,-10.0
3890,297316,213.0,11,147,0.071888,1.3282,True,False,body,110.0,113.0,-10.0
3891,297427,137.0,9,111,0.071858,1.3226,True,False,body,90.0,57.0,-10.0
3892,297456,45.0,3,29,0.07185,1.2641,True,False,wall,30.0,25.0,-10.0
3893,297468,10.0,1,12,0.071847,1.233,True,False,wall,10.0,10.0,-10.0
3894,297821,562.0,30,353,0.07175,1.3082,True,False,body,300.0,272.0,-10.0
3895,297912,138.0,8,91,0.071726,1.2646,True,False,body,80.0,68.0,-10.0
3896,298000,130.0,7,88,0.071702,1.2863,True,False,wall,70.0,70.0,-10.0
3897,298052,86.0,5,52,0.071688,1.2093,True,False,body,50.0,46.0,-10.0
3898,298114,68.0,3,62,0.071671,1.2366,True,False,wall,30.0,48.0,-10.0
3899,298221,186.0,10,107,0.071642,1.3071,True,False,wall,100.0,96.0,-10.0
3900,298533,534.0,29,312,0.071558,1.2836,True,False,body,290.0,254.0,-10.0
3901,298544,9.0,1,11,0.071555,1.2893,True,False,wall,10.0,9.0,-10.0
3902,298713,272.0,14,169,0.071509,1.2863,True,False,wall,140.0,142.0,-10.0
3903,298990,445.0,23,277,0.071435,1.3086,True,False,body,230.0,225.0,-10.0
3904,299129,216.0,12,139,0.071398,1.3295,True,False,body,120.0,106.0,-10.0
3905,299191,108.0,7,62,0.071381,1.2167,True,False,body,70.0,48.0,-10.0
3906,299286,139.0,7,95,0.071356,1.3482,True,False,wall,70.0,79.0,-10.0
3907,299366,142.0,9,80,0.071334,1.3303,True,False,body,90.0,62.0,-10.0
3908,299438,109.0,6,72,0.071315,1.3447,True,False,body,60.0,59.0,-10.0
3909,299528,154.0,9,90,0.071291,1.2985,True,False,body,90.0,74.0,-10.0
3910,299540,10.0,1,12,0.071288,1.2476,True,False,wall,10.0,10.0,-10.0
3911,299708,271.0,14,168,0.071243,1.3212,True,False,body,140.0,141.0,-10.0
3912,299980,407.0,20,272,0.071171,1.3184,True,False,body,200.0,217.0,-10.0
3913,300205,346.0,18,225,0.071112,1.2509,True,False,body,180.0,176.0,-10.0
3914,300455,373.0,20,250,0.071046,1.2903,True,False,body,200.0,183.0,-10.0
3915,300522,104.0,6,67,0.071028,1.3127,True,False,body,60.0,54.0,-10.0
3916,300764,362.0,21,242,0.070965,1.3867,True,False,body,210.0,162.0,-10.0
3917,300987,372.0,20,223,0.070906,1.4424,True,False,wall,200.0,182.0,-10.0
3918,301079,148.0,9,92,0.070882,1.3735,True,False,wall,90.0,68.0,-10.0
3919,301208,186.0,10,129,0.070849,1.4037,True,False,body,100.0,96.0,-10.0
3920,301435,367.0,19,227,0.07079,1.3819,True,False,body,190.0,187.0,-10.0
3921,301561,215.0,12,126,0.070757,1.4099,True,False,body,120.0,105.0,-10.0
3922,301709,248.0,15,148,0.070719,1.3063,True,False,wall,150.0,108.0,-10.0
3923,301786,127.0,7,77,0.070699,1.3884,True,False,wall,70.0,67.0,-10.0
3924,301935,215.0,11,149,0.07066,1.2742,True,False,wall,110.0,115.0,-10.0
3925,301985,75.0,4,50,0.070647,1.2769,True,False,wall,40.0,45.0,-10.0
3926,302207,378.0,21,222,0.07059,1.5303,True,False,wall,210.0,178.0,-10.0
3927,302467,402.0,21,260,0.070523,1.2552,True,False,body,210.0,202.0,-10.0
3928,302724,393.0,21,257,0.070457,1.1991,True,False,body,210.0,193.0,-10.0
3929,302883,262.0,14,159,0.070417,1.195,True,False,wall,140.0,132.0,-10.0
3930,303163,439.0,22,280,0.070345,1.2849,True,False,body,220.0,229.0,-10.0
3931,303340,265.0,13,177,0.0703,1.2674,True,False,body,130.0,145.0,-10.0
3932,303754,600.0,29,414,0.070196,1.2824,True,False,body,290.0,320.0,-10.0
3933,303809,99.0,7,55,0.070182,1.3869,True,False,body,70.0,39.0,-10.0
3934,304113,375.0,20,304,0.070105,1.3703,True,False,wall,200.0,185.0,-10.0
3935,304417,440.0,23,304,0.070029,1.3647,True,False,body,230.0,220.0,-10.0
3936,304433,8.0,1,16,0.070025,1.1823,True,False,wall,10.0,8.0,-10.0
3937,304489,99.0,6,56,0.070011,1.3442,True,False,body,60.0,49.0,-10.0
3938,304602,177.0,9,113,0.069983,1.3341,True,False,wall,90.0,97.0,-10.0
3939,305003,555.0,29,401,0.069883,1.3309,True,False,wall,290.0,275.0,-10.0
3940,305066,84.0,4,63,0.069867,1.3375,True,False,wall,40.0,54.0,-10.0
3941,305395,504.0,26,329,0.069786,1.2764,True,False,wall,260.0,254.0,-10.0
3942,305506,184.0,10,111,0.069758,1.3578,True,False,wall,100.0,94.0,-10.0
3943,305642,211.0,12,136,0.069725,1.3758,True,False,body,120.0,101.0,-10.0
3944,305707,106.0,6,65,0.069709,1.3507,True,False,wall,60.0,56.0,-10.0
3945,305753,74.0,5,46,0.069697,1.2205,True,False,body,50.0,34.0,-10.0
3946,305892,197.0,9,139,0.069663,1.3324,True,False,wall,90.0,117.0,-10.0
3947,306074,314.0,19,182,0.069618,1.4169,True,False,wall,190.0,134.0,-10.0
3948,306199,205.0,11,125,0.069588,1.3744,True,False,body,110.0,105.0,-10.0
3949,306305,182.0,11,106,0.069562,1.3595,True,False,body,110.0,82.0,-10.0
3950,306573,342.0,19,268,0.069496,1.3948,True,False,body,190.0,162.0,-10.0
3951,306609,57.0,4,36,0.069488,1.4091,True,False,wall,40.0,27.0,-10.0
3952,306742,236.0,14,133,0.069455,1.2402,True,False,body,140.0,106.0,-10.0
3953,306964,323.0,16,222,0.069401,1.3411,True,False,body,160.0,173.0,-10.0
3954,307028,94.0,5,64,0.069386,1.3199,True,False,body,50.0,54.0,-10.0
3955,307068,43.0,2,40,0.069376,1.3096,True,False,wall,20.0,33.0,-10.0
3956,307120,73.0,4,52,0.069364,1.3279,True,False,wall,40.0,43.0,-10.0
3957,307499,591.0,31,379,0.069272,1.3095,True,False,wall,310.0,291.0,-10.0
3958,307671,284.0,17,172,0.069231,1.3238,True,False,wall,170.0,124.0,-10.0
3959,307699,44.0,3,28,0.069224,1.4182,True,False,body,30.0,24.0,-10.0
3960,308044,565.0,29,345,0.069141,1.4124,True,False,body,290.0,285.0,-10.0
3961,308321,424.0,20,277,0.069075,1.3901,True,False,body,200.0,234.0,-10.0
3962,308441,206.0,13,120,0.069046,1.3287,True,False,wall,130.0,86.0,-10.0
3963,308597,252.0,13,156,0.069009,1.3098,True,False,body,130.0,132.0,-10.0
3964,308716,210.0,12,119,0.068981,1.2944,True,False,body,120.0,100.0,-10.0
3965,308810,141.0,8,94,0.068959,1.3475,True,False,body,80.0,71.0,-10.0
3966,308900,142.0,9,90,0.068938,1.3685,True,False,body,90.0,62.0,-10.0
3967,309261,559.0,27,361,0.068852,1.2851,True,False,body,270.0,299.0,-10.0
3968,309304,50.0,2,43,0.068842,1.4614,True,False,wall,20.0,40.0,-10.0
3969,309571,432.0,24,267,0.068779,1.3255,True,False,body,240.0,202.0,-10.0
3970,309716,245.0,13,145,0.068745,1.2972,True,False,wall,130.0,125.0,-10.0
3971,309963,409.0,21,247,0.068688,1.3669,True,False,wall,210.0,209.0,-10.0
3972,310139,283.0,14,176,0.068646,1.3635,True,False,body,140.0,153.0,-10.0
3973,310274,204.0,10,135,0.068615,1.3766,True,False,body,100.0,114.0,-10.0
3974,310488,326.0,17,214,0.068565,1.2778,True,False,wall,170.0,166.0,-10.0
3975,310728,387.0,20,240,0.06851,1.3563,True,False,body,200.0,197.0,-10.0
3976,310850,202.0,11,122,0.068481,1.3641,True,False,body,110.0,102.0,-10.0
3977,311096,376.0,21,246,0.068425,1.3455,True,False,body,210.0,176.0,-10.0
3978,311172,115.0,6,76,0.068407,1.45,True,False,wall,60.0,65.0,-10.0
3979,311304,177.0,10,132,0.068377,1.2723,True,False,body,100.0,87.0,-10.0
3980,311437,196.0,10,133,0.068346,1.3174,True,False,wall,100.0,106.0,-10.0
3981,311578,226.0,12,141,0.068314,1.2501,True,False,body,120.0,116.0,-10.0
3982,311687,188.0,12,109,0.068289,1.2884,True,False,body,120.0,78.0,-10.0
3983,311740,85.0,5,53,0.068277,1.3082,True,False,body,50.0,45.0,-10.0
3984,311818,125.0,8,78,0.068259,1.2397,True,False,body,80.0,55.0,-10.0
3985,311902,145.0,10,84,0.06824,1.2734,True,False,body,100.0,55.0,-10.0
3986,312029,216.0,12,127,0.068211,1.3505,True,False,body,120.0,106.0,-10.0
3987,312251,285.0,14,222,0.068161,1.239,True,False,body,140.0,155.0,-10.0
3988,312576,501.0,29,325,0.068087,1.3265,True,False,body,290.0,221.0,-10.0
3989,312780,345.0,20,204,0.068041,1.3064,True,False,body,200.0,155.0,-10.0
3990,312988,305.0,14,208,0.067994,1.4279,True,False,wall,140.0,175.0,-10.0
3991,313140,239.0,14,152,0.06796,1.3902,True,False,body,140.0,109.0,-10.0
3992,313213,105.0,5,73,0.067944,1.5654,True,False,body,50.0,65.0,-10.0
3993,313445,382.0,21,232,0.067892,1.4613,True,False,body,210.0,182.0,-10.0
3994,313705,369.0,18,260,0.067834,1.4701,True,False,wall,180.0,199.0,-10.0
3995,313767,81.0,4,62,0.06782,1.5303,True,False,body,40.0,51.0,-10.0
3996,313990,345.0,19,223,0.06777,1.3888,True,False,body,190.0,165.0,-10.0
3997,314178,292.0,15,188,0.067728,1.4537,True,False,body,150.0,152.0,-10.0
3998,314243,126.0,8,65,0.067714,1.2823,True,False,body,80.0,56.0,-10.0
3999,314366,216.0,12,123,0.067687,1.236,True,False,wall,120.0,106.0,-10.0
4000,314444,119.0,6,78,0.06767,1.1879,True,False,wall,60.0,69.0,-10.0
4001,314765,529.0,31,321,0.067599,1.2996,True,False,body,310.0,229.0,-10.0
4002,314776,0.0,0,11,0.067596,1.2262,True,False,wall,0.0,10.0,-10.0
4003,314839,89.0,5,63,0.067583,1.3308,True,False,wall,50.0,49.0,-10.0
4004,315132,408.0,22,293,0.067518,1.4309,True,False,body,220.0,198.0,-10.0
4005,315371,364.0,18,239,0.067466,1.3998,True,False,body,180.0,194.0,-10.0
4006,315456,126.0,6,85,0.067447,1.3999,True,False,body,60.0,76.0,-10.0
4007,315756,411.0,20,300,0.067382,1.391,True,False,body,200.0,221.0,-10.0
4008,315774,25.0,2,18,0.067378,1.4766,True,False,wall,20.0,15.0,-10.0
4009,316004,375.0,20,230,0.067328,1.301,True,False,wall,200.0,185.0,-10.0
4010,316197,318.0,20,193,0.067287,1.3506,True,False,wall,200.0,128.0,-10.0
4011,316362,239.0,11,165,0.067251,1.2649,True,False,wall,110.0,139.0,-10.0
4012,316439,128.0,8,77,0.067234,1.2621,True,False,body,80.0,58.0,-10.0
4013,316528,149.0,9,89,0.067215,1.2919,True,False,body,90.0,69.0,-10.0
4014,316752,313.0,16,224,0.067167,1.2289,True,False,body,160.0,163.0,-10.0
4015,316833,145.0,9,81,0.06715,1.6407,True,False,body,90.0,65.0,-10.0
4016,317136,487.0,27,303,0.067085,1.4447,True,False,body,270.0,227.0,-10.0
4017,317224,123.0,6,88,0.067066,1.3664,True,False,body,60.0,73.0,-10.0
4018,317511,387.0,19,287,0.067005,1.294,True,False,wall,190.0,207.0,-10.0
4019,317657,220.0,11,146,0.066974,1.3242,True,False,body,110.0,120.0,-10.0
4020,317764,170.0,10,107,0.066951,1.2664,True,False,body,100.0,80.0,-10.0
4021,317942,262.0,15,178,0.066914,1.2975,True,False,body,150.0,122.0,-10.0
4022,318146,324.0,17,204,0.066871,1.2873,True,False,body,170.0,164.0,-10.0
4023,318390,356.0,21,244,0.066819,1.4373,True,False,body,210.0,156.0,-10.0
4024,318725,480.0,24,335,0.066749,1.3921,True,False,body,240.0,250.0,-10.0
4025,318747,34.0,3,22,0.066744,1.4786,True,False,wall,30.0,14.0,-10.0
4026,318915,262.0,13,168,0.066709,1.4155,True,False,body,130.0,142.0,-10.0
4027,319184,422.0,22,269,0.066653,1.3207,True,False,wall,220.0,212.0,-10.0
4028,319313,184.0,10,129,0.066626,1.2624,True,False,body,100.0,94.0,-10.0
4029,319507,304.0,19,194,0.066586,1.3205,True,False,body,190.0,124.0,-10.0
4030,319767,395.0,20,260,0.066532,1.3442,True,False,wall,200.0,205.0,-10.0
4031,319853,157.0,10,86,0.066514,1.2671,True,False,wall,100.0,67.0,-10.0
4032,319873,27.0,2,20,0.06651,1.2726,True,False,wall,20.0,17.0,-10.0
4033,320156,472.0,24,283,0.066452,1.3264,True,False,body,240.0,242.0,-10.0
4034,320669,705.0,33,513,0.066347,1.2886,True,False,body,330.0,385.0,-10.0
4035,320772,133.0,7,103,0.066326,1.2751,True,False,wall,70.0,73.0,-10.0
4036,320998,393.0,22,226,0.06628,1.3534,True,False,wall,220.0,183.0,-10.0
4037,321125,212.0,12,127,0.066254,1.3667,True,False,body,120.0,102.0,-10.0
4038,321347,351.0,20,222,0.066209,1.4384,True,False,wall,200.0,161.0,-10.0
4039,321397,94.0,7,50,0.066199,1.4655,True,False,body,70.0,34.0,-10.0
4040,321489,156.0,9,92,0.06618,1.438,True,False,body,90.0,76.0,-10.0
4041,321519,51.0,4,30,0.066174,1.2801,True,False,wall,40.0,21.0,-10.0
4042,321616,153.0,9,97,0.066154,1.3016,True,False,body,90.0,73.0,-10.0
4043,321975,504.0,26,359,0.066082,1.3894,True,False,wall,260.0,254.0,-10.0
4044,322020,95.0,7,45,0.066073,1.3827,True,False,wall,70.0,35.0,-10.0
4045,322049,34.0,2,29,0.066067,1.4365,True,False,wall,20.0,24.0,-10.0
4046,322192,242.0,14,143,0.066039,1.5899,True,False,body,140.0,112.0,-10.0
4047,322495,458.0,24,303,0.065978,1.4565,True,False,wall,240.0,228.0,-10.0
4048,322731,412.0,23,236,0.065931,1.3791,True,False,body,230.0,192.0,-10.0
4049,322817,153.0,10,86,0.065914,1.804,True,False,body,100.0,63.0,-10.0
4050,323114,400.0,22,297,0.065855,1.2976,True,False,wall,220.0,190.0,-10.0
4051,323374,416.0,21,260,0.065803,1.2759,True,False,body,210.0,216.0,-10.0
4052,323586,357.0,20,212,0.065761,1.3135,True,False,body,200.0,167.0,-10.0
4053,323820,344.0,19,234,0.065715,1.3049,True,False,body,190.0,164.0,-10.0
4054,324224,569.0,28,404,0.065636,1.265,True,False,body,280.0,299.0,-10.0
4055,324466,399.0,22,242,0.065589,1.2742,True,False,body,220.0,189.0,-10.0
4056,324856,469.0,26,390,0.065513,1.2885,True,False,body,260.0,219.0,-10.0
4057,324878,36.0,3,22,0.065509,1.4751,True,False,body,30.0,16.0,-10.0
4058,324997,219.0,13,119,0.065486,1.3482,True,False,body,130.0,99.0,-10.0
4059,325061,92.0,5,64,0.065474,1.2993,True,False,wall,50.0,52.0,-10.0
4060,325219,224.0,13,158,0.065443,1.2869,True,False,body,130.0,104.0,-10.0
4061,325408,277.0,15,189,0.065407,1.2983,True,False,body,150.0,137.0,-10.0
4062,325595,327.0,19,187,0.065371,1.3404,True,False,wall,190.0,147.0,-10.0
4063,325639,49.0,2,44,0.065362,1.2841,True,False,wall,20.0,39.0,-10.0
4064,325946,489.0,25,307,0.065303,1.3411,True,False,wall,250.0,249.0,-10.0
4065,326187,388.0,20,241,0.065257,1.3998,True,False,body,200.0,198.0,-10.0
4066,326340,249.0,13,153,0.065228,1.3093,True,False,body,130.0,129.0,-10.0
4067,326406,86.0,5,66,0.065216,1.2735,True,False,wall,50.0,46.0,-10.0
4068,326481,114.0,6,75,0.065201,1.1986,True,False,body,60.0,64.0,-10.0
4069,326575,140.0,7,94,0.065183,1.1921,True,False,wall,70.0,80.0,-10.0
4070,326627,75.0,4,52,0.065174,1.1718,True,False,wall,40.0,45.0,-10.0
4071,326674,72.0,4,47,0.065165,1.2518,True,False,wall,40.0,42.0,-10.0
4072,327009,533.0,27,335,0.065101,1.2754,True,False,body,270.0,273.0,-10.0
4073,327203,275.0,14,194,0.065065,1.2959,True,False,body,140.0,145.0,-10.0
4074,327446,375.0,21,243,0.065019,1.2634,True,False,wall,210.0,175.0,-10.0
4075,327666,347.0,18,220,0.064978,1.2447,True,False,wall,180.0,177.0,-10.0
4076,327926,442.0,23,260,0.064929,1.377,True,False,body,230.0,222.0,-10.0
4077,328053,209.0,11,127,0.064906,1.2902,True,False,wall,110.0,109.0,-10.0
4078,328116,107.0,7,63,0.064894,1.3375,True,False,body,70.0,47.0,-10.0
4079,328363,405.0,21,247,0.064848,1.3043,True,False,wall,210.0,205.0,-10.0
4080,328736,555.0,29,373,0.064779,1.3139,True,False,body,290.0,275.0,-10.0
4081,328757,28.0,2,21,0.064775,1.3399,True,False,wall,20.0,18.0,-10.0
4082,329010,364.0,18,253,0.064728,1.2668,True,False,wall,180.0,194.0,-10.0
4083,329256,415.0,22,246,0.064683,1.305,True,False,body,220.0,205.0,-10.0
4084,329359,170.0,10,103,0.064664,1.3472,True,False,wall,100.0,80.0,-10.0
4085,329522,266.0,14,163,0.064634,1.3544,True,False,body,140.0,136.0,-10.0
4086,329610,150.0,9,88,0.064618,1.3179,True,False,wall,90.0,70.0,-10.0
4087,329776,278.0,15,166,0.064588,1.3135,True,False,body,150.0,138.0,-10.0
4088,329894,160.0,9,118,0.064566,1.3677,True,False,body,90.0,80.0,-10.0
4089,330121,358.0,18,227,0.064525,1.4257,True,False,wall,180.0,188.0,-10.0
4090,330287,270.0,15,166,0.064495,1.4336,True,False,body,150.0,130.0,-10.0
4091,330416,206.0,10,129,0.064472,1.3217,True,False,wall,100.0,116.0,-10.0
4092,330638,378.0,21,222,0.064432,1.2578,True,False,body,210.0,178.0,-10.0
4093,330808,269.0,14,170,0.064401,1.2427,True,False,body,140.0,139.0,-10.0
4094,330843,60.0,4,35,0.064395,1.2586,True,False,body,40.0,30.0,-10.0
4095,331084,381.0,19,241,0.064351,1.38,True,False,body,190.0,201.0,-10.0
4096,331162,115.0,6,78,0.064337,1.2973,True,False,wall,60.0,65.0,-10.0
4097,331234,131.0,8,72,0.064324,1.2877,True,False,body,80.0,61.0,-10.0
4098,331418,304.0,17,184,0.064292,1.3184,True,False,wall,170.0,144.0,-10.0
4099,331630,327.0,16,212,0.064254,1.2171,True,False,wall,160.0,177.0,-10.0
4100,331868,362.0,19,238,0.064211,1.2905,True,False,body,190.0,182.0,-10.0
4101,331955,131.0,7,87,0.064196,1.1959,True,False,wall,70.0,71.0,-10.0
4102,332463,648.0,37,508,0.064106,1.3352,True,False,body,370.0,288.0,-10.0
4103,332559,160.0,9,96,0.064089,1.2829,True,False,body,90.0,80.0,-10.0
4104,332796,384.0,20,237,0.064048,1.3398,True,False,body,200.0,194.0,-10.0
4105,332925,205.0,11,129,0.064025,1.3854,True,False,body,110.0,105.0,-10.0
4106,333021,140.0,7,96,0.064008,1.3934,True,False,wall,70.0,80.0,-10.0
4107,333289,450.0,25,268,0.063961,1.3785,True,False,body,250.0,210.0,-10.0
4108,333519,365.0,20,230,0.063921,1.3512,True,False,body,200.0,175.0,-10.0
4109,333552,56.0,4,33,0.063915,1.2402,True,False,wall,40.0,26.0,-10.0
4110,333623,112.0,6,71,0.063903,1.3051,True,False,body,60.0,62.0,-10.0
4111,333715,145.0,8,92,0.063887,1.3808,True,False,body,80.0,75.0,-10.0
4112,333779,121.0,8,64,0.063876,1.308,True,False,body,80.0,51.0,-10.0
4113,333982,345.0,19,203,0.063841,1.3088,True,False,body,190.0,165.0,-10.0
4114,334224,387.0,22,242,0.063799,1.2847,True,False,body,220.0,177.0,-10.0
4115,334464,408.0,23,240,0.063758,1.4419,True,False,body,230.0,188.0,-10.0
4116,334670,319.0,16,206,0.063722,1.4821,True,False,body,160.0,169.0,-10.0
4117,334798,213.0,12,128,0.0637,1.3378,True,False,wall,120.0,103.0,-10.0
4118,335063,421.0,23,265,0.063655,1.3515,True,False,body,230.0,201.0,-10.0
4119,335158,177.0,11,95,0.063639,1.4202,True,False,body,110.0,77.0,-10.0
4120,335476,496.0,25,318,0.063585,1.3589,True,False,body,250.0,256.0,-10.0
4121,335689,330.0,18,213,0.063549,1.3425,True,False,body,180.0,160.0,-10.0
4122,335742,70.0,4,53,0.06354,1.2775,True,False,wall,40.0,40.0,-10.0
4123,335905,275.0,17,163,0.063512,1.3097,True,False,wall,170.0,115.0,-10.0
4124,336012,187.0,11,107,0.063494,1.2118,True,False,wall,110.0,87.0,-10.0
4125,336217,369.0,21,205,0.063459,1.2882,True,False,body,210.0,169.0,-10.0
4126,336431,349.0,18,214,0.063424,1.2931,True,False,body,180.0,179.0,-10.0
4127,336642,319.0,17,211,0.063388,1.3358,True,False,wall,170.0,159.0,-10.0
4128,336695,68.0,4,53,0.063379,1.5971,True,False,body,40.0,38.0,-10.0
4129,336726,52.0,4,31,0.063374,1.2672,True,False,body,40.0,22.0,-10.0
4130,336876,222.0,13,150,0.063349,1.3946,True,False,body,130.0,102.0,-10.0
4131,337055,290.0,16,179,0.063319,1.3237,True,False,body,160.0,140.0,-10.0
4132,337082,43.0,3,27,0.063315,1.2961,True,False,wall,30.0,23.0,-10.0
4133,337488,658.0,33,406,0.063247,1.3429,True,False,body,330.0,338.0,-10.0
4134,337850,565.0,28,362,0.063188,1.3406,True,False,body,280.0,295.0,-10.0
4135,337904,86.0,5,54,0.063179,1.2568,True,False,wall,50.0,46.0,-10.0
4136,338000,171.0,10,96,0.063163,1.3222,True,False,wall,100.0,81.0,-10.0
4137,338283,422.0,22,283,0.063116,1.3705,True,False,body,220.0,212.0,-10.0
4138,338573,454.0,23,290,0.063069,1.4391,True,False,body,230.0,234.0,-10.0
4139,338633,97.0,6,60,0.063059,1.293,True,False,body,60.0,47.0,-10.0
4140,338804,300.0,16,171,0.063031,1.3476,True,False,wall,160.0,150.0,-10.0
4141,338848,56.0,3,44,0.063024,1.3069,True,False,wall,30.0,36.0,-10.0
4142,339108,433.0,24,260,0.062982,1.2816,True,False,wall,240.0,203.0,-10.0
4143,339189,134.0,8,81,0.062969,1.2278,True,False,body,80.0,64.0,-10.0
4144,339263,122.0,7,74,0.062957,1.3442,True,False,body,70.0,62.0,-10.0
4145,339543,398.0,19,280,0.062911,1.3629,True,False,body,190.0,218.0,-10.0
4146,339684,270.0,16,141,0.062889,1.259,True,False,wall,160.0,120.0,-10.0
4147,339779,140.0,8,95,0.062873,1.4816,True,False,wall,80.0,70.0,-10.0
4148,339821,63.0,4,42,0.062867,1.4536,True,False,wall,40.0,33.0,-10.0
4149,339894,114.0,6,73,0.062855,1.3358,True,False,wall,60.0,64.0,-10.0
4150,339983,136.0,8,89,0.062841,1.3203,True,False,wall,80.0,66.0,-10.0
4151,340093,195.0,12,110,0.062823,1.2496,True,False,wall,120.0,85.0,-10.0
4152,340377,406.0,21,284,0.062777,1.2649,True,False,body,210.0,206.0,-10.0
4153,340405,42.0,3,28,0.062773,1.241,True,False,wall,30.0,22.0,-10.0
4154,340552,217.0,11,147,0.06275,1.194,True,False,body,110.0,117.0,-10.0
4155,340779,329.0,19,227,0.062713,1.4367,True,False,body,190.0,149.0,-10.0
4156,341140,547.0,29,361,0.062656,1.3318,True,False,body,290.0,267.0,-10.0
4157,341190,93.0,6,50,0.062648,1.4478,True,False,wall,60.0,43.0,-10.0
4158,341284,142.0,7,94,0.062633,1.3243,True,False,body,70.0,82.0,-10.0
4159,341552,382.0,21,268,0.062591,1.3461,True,False,body,210.0,182.0,-10.0
4160,341788,418.0,23,236,0.062554,1.2952,True,False,wall,230.0,198.0,-10.0
4161,341857,119.0,7,69,0.062543,1.2434,True,False,body,70.0,59.0,-10.0
4162,341932,128.0,8,75,0.062531,1.2244,True,False,body,80.0,58.0,-10.0
4163,342057,183.0,9,125,0.062512,1.2497,True,False,wall,90.0,103.0,-10.0
4164,342094,49.0,3,37,0.062506,1.3325,True,False,wall,30.0,29.0,-10.0
4165,342173,114.0,6,79,0.062494,1.4702,True,False,wall,60.0,64.0,-10.0
4166,342363,325.0,18,190,0.062464,1.2795,True,False,wall,180.0,155.0,-10.0
4167,342376,11.0,1,13,0.062462,1.2911,True,False,wall,10.0,11.0,-10.0
4168,342445,126.0,8,69,0.062451,1.2798,True,False,wall,80.0,56.0,-10.0
4169,342549,168.0,9,104,0.062435,1.2848,True,False,wall,90.0,88.0,-10.0
4170,342695,236.0,13,146,0.062413,1.3279,True,False,body,130.0,116.0,-10.0
4171,342781,119.0,6,86,0.062399,1.498,True,False,wall,60.0,69.0,-10.0
4172,343001,331.0,16,220,0.062365,1.5303,True,False,body,160.0,181.0,-10.0
4173,343231,367.0,20,230,0.06233,1.3475,True,False,body,200.0,177.0,-10.0
4174,343486,393.0,19,255,0.06229,1.2479,True,False,wall,190.0,213.0,-10.0
4175,343585,170.0,10,99,0.062275,1.3774,True,False,wall,100.0,80.0,-10.0
4176,343645,101.0,6,60,0.062266,1.3007,True,False,wall,60.0,51.0,-10.0
4177,343923,468.0,25,278,0.062223,1.3103,True,False,body,250.0,228.0,-10.0
4178,344129,339.0,18,206,0.062192,1.2284,True,False,body,180.0,169.0,-10.0
4179,344219,154.0,9,90,0.062178,1.335,True,False,wall,90.0,74.0,-10.0
4180,344499,470.0,25,280,0.062136,1.2715,True,False,wall,250.0,230.0,-10.0
4181,344519,27.0,2,20,0.062133,1.4144,True,False,wall,20.0,17.0,-10.0
4182,344627,169.0,10,108,0.062116,1.3265,True,False,body,100.0,79.0,-10.0
4183,344641,12.0,1,14,0.062114,1.1529,True,False,wall,10.0,12.0,-10.0
4184,344869,382.0,21,228,0.06208,1.32,True,False,wall,210.0,182.0,-10.0
4185,344929,94.0,5,60,0.062071,1.2798,True,False,body,50.0,54.0,-10.0
4186,345136,333.0,19,207,0.06204,1.3337,True,False,body,190.0,153.0,-10.0
4187,345342,340.0,19,206,0.062009,1.2922,True,False,body,190.0,160.0,-10.0
4188,345498,295.0,18,156,0.061985,1.3266,True,False,wall,180.0,125.0,-10.0
4189,345621,192.0,10,123,0.061967,1.303,True,False,body,100.0,102.0,-10.0
4190,345782,252.0,12,161,0.061943,1.2685,True,False,body,120.0,142.0,-10.0
4191,345957,298.0,18,175,0.061917,1.2693,True,False,body,180.0,128.0,-10.0
4192,346348,630.0,34,391,0.061858,1.333,True,False,body,340.0,300.0,-10.0
4193,346478,235.0,14,130,0.061839,1.3435,True,False,body,140.0,105.0,-10.0
4194,346701,356.0,20,223,0.061806,1.3403,True,False,body,200.0,166.0,-10.0
4195,346849,234.0,13,148,0.061784,1.3913,True,False,body,130.0,114.0,-10.0
4196,346863,30.0,3,14,0.061782,1.2559,True,False,wall,30.0,10.0,-10.0
4197,346889,40.0,3,26,0.061779,1.4682,True,False,wall,30.0,20.0,-10.0
4198,347087,325.0,18,198,0.061749,1.3087,True,False,body,180.0,155.0,-10.0
4199,347235,246.0,13,148,0.061728,1.4211,True,False,body,130.0,126.0,-10.0
4200,347368,222.0,12,133,0.061708,1.3934,True,False,wall,120.0,112.0,-10.0
4201,347431,111.0,7,63,0.061699,1.3936,True,False,body,70.0,51.0,-10.0
4202,347541,163.0,8,110,0.061683,1.4067,True,False,body,80.0,93.0,-10.0
4203,347619,137.0,8,78,0.061672,1.5082,True,False,wall,80.0,67.0,-10.0
4204,347733,178.0,9,114,0.061655,1.3571,True,False,wall,90.0,98.0,-10.0
4205,348016,445.0,23,283,0.061614,1.2602,True,False,wall,230.0,225.0,-10.0
4206,348362,509.0,26,346,0.061564,1.2459,True,False,wall,260.0,259.0,-10.0
4207,348548,290.0,15,186,0.061537,1.2645,True,False,body,150.0,150.0,-10.0
4208,348751,312.0,16,203,0.061508,1.2548,True,False,wall,160.0,162.0,-10.0
4209,348799,80.0,5,48,0.061501,1.3092,True,False,wall,50.0,40.0,-10.0
4210,348856,74.0,4,57,0.061493,1.3198,True,False,wall,40.0,44.0,-10.0
4211,349246,587.0,30,390,0.061437,1.2904,True,False,body,300.0,297.0,-10.0
4212,349259,2.0,0,13,0.061435,1.2155,True,False,wall,0.0,12.0,-10.0
4213,349423,276.0,15,164,0.061411,1.2986,True,False,body,150.0,136.0,-10.0
4214,349490,108.0,6,67,0.061402,1.2728,True,False,wall,60.0,58.0,-10.0
4215,349654,253.0,14,164,0.061378,1.3518,True,False,body,140.0,123.0,-10.0
4216,349824,280.0,15,170,0.061354,1.3639,True,False,body,150.0,140.0,-10.0
4217,349960,222.0,13,136,0.061335,1.2895,True,False,body,130.0,102.0,-10.0
4218,350135,262.0,14,175,0.06131,1.4025,True,False,body,140.0,132.0,-10.0
4219,350476,528.0,26,341,0.061262,1.3744,True,False,wall,260.0,278.0,-10.0
4220,350571,147.0,9,95,0.061249,1.5249,True,False,body,90.0,67.0,-10.0
4221,350588,13.0,1,17,0.061246,1.4506,True,False,wall,10.0,13.0,-10.0
4222,350901,477.0,25,313,0.061202,1.4596,True,False,wall,250.0,237.0,-10.0
4223,351108,290.0,16,207,0.061173,1.334,True,False,wall,160.0,140.0,-10.0
4224,351244,255.0,16,136,0.061155,1.4362,True,False,body,160.0,105.0,-10.0
4225,351491,383.0,21,247,0.06112,1.3691,True,False,body,210.0,183.0,-10.0
4226,351590,130.0,6,99,0.061106,1.3315,True,False,wall,60.0,80.0,-10.0
4227,351673,113.0,5,83,0.061095,1.3201,True,False,body,50.0,73.0,-10.0
4228,351713,63.0,4,40,0.061089,1.3795,True,False,wall,40.0,33.0,-10.0
4229,351804,114.0,6,91,0.061077,1.3012,True,False,wall,60.0,64.0,-10.0
4230,351904,132.0,7,100,0.061063,1.2725,True,False,body,70.0,72.0,-10.0
4231,352019,193.0,11,115,0.061047,1.3247,True,False,body,110.0,93.0,-10.0
4232,352196,356.0,22,177,0.061023,1.3368,True,False,body,220.0,146.0,-10.0
4233,352248,91.0,6,52,0.061015,1.4037,True,False,body,60.0,41.0,-10.0
4234,352480,360.0,19,232,0.060984,1.281,True,False,body,190.0,180.0,-10.0
4235,352623,220.0,12,143,0.060964,1.2511,True,False,wall,120.0,110.0,-10.0
4236,352687,116.0,7,64,0.060955,1.3038,True,False,wall,70.0,56.0,-10.0
4237,352857,262.0,13,170,0.060932,1.288,True,False,wall,130.0,142.0,-10.0
4238,352995,195.0,10,138,0.060913,1.2571,True,False,body,100.0,105.0,-10.0
4239,353531,697.0,36,536,0.06084,1.3208,True,False,body,360.0,347.0,-10.0
4240,353650,226.0,14,119,0.060824,1.4382,True,False,wall,140.0,96.0,-10.0
4241,353833,300.0,16,183,0.060799,1.4128,True,False,body,160.0,150.0,-10.0
4242,353929,161.0,10,96,0.060786,1.3636,True,False,body,100.0,71.0,-10.0
4243,354076,254.0,16,147,0.060767,1.2813,True,False,body,160.0,104.0,-10.0
4244,354395,445.0,23,319,0.060724,1.3684,True,False,body,230.0,225.0,-10.0
4245,354432,56.0,4,37,0.060719,1.3894,True,False,body,40.0,26.0,-10.0
4246,354560,199.0,10,128,0.060702,1.3854,True,False,body,100.0,109.0,-10.0
4247,354627,95.0,5,67,0.060693,1.3433,True,False,wall,50.0,55.0,-10.0
4248,355014,606.0,30,387,0.060641,1.3381,True,False,wall,300.0,316.0,-10.0
4249,355047,58.0,4,33,0.060637,1.4824,True,False,wall,40.0,28.0,-10.0
4250,355207,273.0,18,160,0.060615,1.3873,True,False,body,180.0,103.0,-10.0
4251,355495,362.0,19,288,0.060577,1.3009,True,False,body,190.0,182.0,-10.0
4252,355637,250.0,15,142,0.060559,1.2746,True,False,body,150.0,110.0,-10.0
4253,355808,287.0,17,171,0.060536,1.3118,True,False,body,170.0,127.0,-10.0
4254,356065,417.0,23,257,0.060502,1.2789,True,False,body,230.0,197.0,-10.0
4255,356111,56.0,3,46,0.060496,1.3701,True,False,wall,30.0,36.0,-10.0
4256,356375,406.0,21,264,0.060462,1.2402,True,False,wall,210.0,206.0,-10.0
4257,356765,578.0,27,390,0.060411,1.3608,True,False,body,270.0,318.0,-10.0
4258,356998,372.0,20,233,0.06038,1.2971,True,False,wall,200.0,182.0,-10.0
4259,357333,478.0,22,335,0.060337,1.2717,True,False,wall,220.0,268.0,-10.0
4260,357453,199.0,12,120,0.060322,1.2955,True,False,body,120.0,89.0,-10.0
4261,357507,78.0,5,54,0.060315,1.3032,True,False,body,50.0,38.0,-10.0
4262,357773,427.0,22,266,0.06028,1.4586,True,False,body,220.0,217.0,-10.0
4263,357867,134.0,7,94,0.060268,1.4686,True,False,body,70.0,74.0,-10.0
4264,357954,138.0,8,87,0.060257,1.3627,True,False,body,80.0,68.0,-10.0
4265,358061,158.0,8,107,0.060243,1.3968,True,False,wall,80.0,88.0,-10.0
4266,358201,215.0,12,140,0.060225,1.3998,True,False,wall,120.0,105.0,-10.0
4267,358513,434.0,21,312,0.060186,1.3219,True,False,body,210.0,234.0,-10.0
4268,358674,270.0,18,161,0.060165,1.3278,True,False,body,180.0,100.0,-10.0
4269,358876,331.0,18,202,0.06014,1.2899,True,False,wall,180.0,161.0,-10.0
4270,359027,256.0,14,151,0.06012,1.3281,True,False,body,140.0,126.0,-10.0
4271,359203,298.0,17,176,0.060098,1.2762,True,False,wall,170.0,138.0,-10.0
4272,359409,330.0,17,206,0.060072,1.3194,True,False,body,170.0,170.0,-10.0
4273,359788,580.0,30,379,0.060025,1.2579,True,False,body,300.0,290.0,-10.0
4274,359890,153.0,8,102,0.060012,1.4105,True,False,body,80.0,83.0,-10.0
4275,360003,178.0,10,113,0.059998,1.2322,True,False,body,100.0,88.0,-10.0
4276,360153,227.0,12,150,0.059979,1.2562,True,False,body,120.0,117.0,-10.0
4277,360386,407.0,23,233,0.05995,1.2776,True,False,body,230.0,187.0,-10.0
4278,360572,262.0,13,186,0.059927,1.3411,True,False,body,130.0,142.0,-10.0
4279,360855,457.0,25,283,0.059892,1.3196,True,False,body,250.0,217.0,-10.0
4280,361176,485.0,27,321,0.059852,1.4411,True,False,wall,270.0,225.0,-10.0
4281,361491,480.0,22,315,0.059813,1.3935,True,False,body,220.0,270.0,-10.0
4282,361644,230.0,12,153,0.059795,1.28,True,False,body,120.0,120.0,-10.0
4283,361775,230.0,14,131,0.059779,1.2628,True,False,body,140.0,100.0,-10.0
4284,361865,145.0,8,90,0.059768,1.2247,True,False,wall,80.0,75.0,-10.0
4285,362007,225.0,14,142,0.05975,1.2423,True,False,wall,140.0,95.0,-10.0
4286,362138,225.0,13,131,0.059734,1.2562,True,False,body,130.0,105.0,-10.0
4287,362295,268.0,14,157,0.059715,1.2993,True,False,wall,140.0,138.0,-10.0
4288,362544,409.0,21,249,0.059685,1.3159,True,False,body,210.0,209.0,-10.0
4289,362687,248.0,14,143,0.059668,1.3441,True,False,wall,140.0,118.0,-10.0
4290,362907,339.0,16,220,0.059641,1.2682,True,False,body,160.0,189.0,-10.0
4291,363253,558.0,29,346,0.0596,1.3157,True,False,wall,290.0,278.0,-10.0
4292,363638,574.0,28,385,0.059554,1.3082,True,False,body,280.0,304.0,-10.0
4293,363650,1.0,0,12,0.059552,1.4058,True,False,wall,0.0,11.0,-10.0
4294,363667,22.0,2,17,0.05955,1.1713,True,False,wall,20.0,12.0,-10.0
4295,363737,125.0,8,70,0.059542,1.2775,True,False,body,80.0,55.0,-10.0
4296,364016,464.0,26,279,0.059509,1.3182,True,False,wall,260.0,214.0,-10.0
4297,364350,539.0,30,334,0.059469,1.2941,True,False,body,300.0,249.0,-10.0
4298,364541,337.0,19,191,0.059446,1.2793,True,False,body,190.0,157.0,-10.0
4299,364611,98.0,5,70,0.059438,1.5803,True,False,body,50.0,58.0,-10.0
4300,364664,81.0,5,53,0.059432,1.4792,True,False,body,50.0,41.0,-10.0
4301,365106,689.0,34,442,0.05938,1.3607,True,False,body,340.0,359.0,-10.0
4302,365133,39.0,3,27,0.059377,1.3201,True,False,body,30.0,19.0,-10.0
4303,365368,379.0,19,235,0.059349,1.3307,True,False,wall,190.0,199.0,-10.0
4304,365515,243.0,13,147,0.059332,1.365,True,False,body,130.0,123.0,-10.0
4305,365662,257.0,15,147,0.059315,1.2891,True,False,body,150.0,117.0,-10.0
4306,365686,31.0,2,24,0.059312,1.4809,True,False,wall,20.0,21.0,-10.0
4307,365912,383.0,22,226,0.059286,1.3432,True,False,body,220.0,173.0,-10.0
4308,366033,208.0,12,121,0.059272,1.2712,True,False,body,120.0,98.0,-10.0
4309,366224,292.0,16,191,0.05925,1.4595,True,False,wall,160.0,142.0,-10.0
4310,366318,162.0,9,94,0.059239,1.3316,True,False,wall,90.0,82.0,-10.0
4311,366400,128.0,7,82,0.059229,1.2649,True,False,wall,70.0,68.0,-10.0
4312,366536,213.0,12,136,0.059214,1.2964,True,False,body,120.0,103.0,-10.0
4313,366866,483.0,24,330,0.059176,1.3117,True,False,body,240.0,253.0,-10.0
4314,366947,136.0,8,81,0.059167,1.3693,True,False,body,80.0,66.0,-10.0
4315,367065,197.0,10,118,0.059153,1.3047,True,False,wall,100.0,107.0,-10.0
4316,367123,95.0,6,58,0.059146,1.2987,True,False,body,60.0,45.0,-10.0
4317,367200,154.0,10,77,0.059138,1.2579,True,False,body,100.0,64.0,-10.0
4318,367377,295.0,17,177,0.059117,1.3323,True,False,wall,170.0,135.0,-10.0
4319,367645,452.0,25,268,0.059087,1.2716,True,False,body,250.0,212.0,-10.0
4320,367704,96.0,6,59,0.05908,1.1886,True,False,wall,60.0,46.0,-10.0
4321,367913,336.0,18,209,0.059056,1.2307,True,False,body,180.0,166.0,-10.0
4322,368393,649.0,36,480,0.059002,1.2787,True,False,body,360.0,299.0,-10.0
4323,368614,389.0,21,221,0.058977,1.3314,True,False,body,210.0,189.0,-10.0
4324,368779,234.0,12,165,0.058959,1.3637,True,False,body,120.0,124.0,-10.0
4325,368991,324.0,17,212,0.058935,1.4167,True,False,body,170.0,164.0,-10.0
4326,369193,331.0,18,202,0.058913,1.4412,True,False,wall,180.0,161.0,-10.0
4327,369379,306.0,17,186,0.058892,1.2257,True,False,body,170.0,146.0,-10.0
4328,369620,371.0,19,241,0.058865,1.2859,True,False,body,190.0,191.0,-10.0
4329,369683,94.0,6,63,0.058858,1.4186,True,False,wall,60.0,44.0,-10.0
4330,369756,134.0,8,73,0.05885,1.5254,True,False,body,80.0,64.0,-10.0
4331,370005,402.0,20,249,0.058823,1.3172,True,False,body,200.0,212.0,-10.0
4332,370055,59.0,4,50,0.058817,1.3796,True,False,body,40.0,29.0,-10.0
4333,370177,196.0,11,122,0.058804,1.3553,True,False,wall,110.0,96.0,-10.0
4334,370338,282.0,16,161,0.058786,1.3629,True,False,body,160.0,132.0,-10.0
4335,370589,380.0,22,251,0.058759,1.2739,True,False,body,220.0,170.0,-10.0
4336,370710,206.0,12,121,0.058745,1.352,True,False,wall,120.0,96.0,-10.0
4337,370786,98.0,5,76,0.058737,1.3186,True,False,wall,50.0,58.0,-10.0
4338,370885,153.0,9,99,0.058726,1.3263,True,False,body,90.0,73.0,-10.0
4339,371098,336.0,18,213,0.058703,1.2869,True,False,wall,180.0,166.0,-10.0
4340,371271,301.0,17,173,0.058684,1.2684,True,False,body,170.0,141.0,-10.0
4341,371561,445.0,26,290,0.058653,1.2638,True,False,body,260.0,195.0,-10.0
4342,371900,558.0,30,339,0.058616,1.3166,True,False,wall,300.0,268.0,-10.0
4343,372110,254.0,11,210,0.058594,1.3468,True,False,body,110.0,154.0,-10.0
4344,372199,148.0,8,89,0.058584,1.3021,True,False,body,80.0,78.0,-10.0
4345,372612,684.0,38,413,0.05854,1.3745,True,False,wall,380.0,314.0,-10.0
4346,372661,79.0,5,49,0.058535,1.3834,True,False,body,50.0,39.0,-10.0
4347,372694,45.0,3,33,0.058531,1.3091,True,False,wall,30.0,25.0,-10.0
4348,372706,10.0,1,12,0.05853,1.2616,True,False,wall,10.0,10.0,-10.0
4349,372725,17.0,1,19,0.058528,1.3664,True,False,wall,10.0,17.0,-10.0
4350,372867,237.0,14,142,0.058513,1.2757,True,False,wall,140.0,107.0,-10.0
4351,373076,357.0,21,209,0.05849,1.3848,True,False,body,210.0,157.0,-10.0
4352,373242,269.0,14,166,0.058473,1.3986,True,False,body,140.0,139.0,-10.0
4353,373343,147.0,7,101,0.058462,1.2707,True,False,wall,70.0,87.0,-10.0
4354,373434,132.0,6,91,0.058453,1.3031,True,False,wall,60.0,82.0,-10.0
4355,373882,658.0,33,448,0.058405,1.3183,True,False,body,330.0,338.0,-10.0
4356,374184,482.0,25,302,0.058374,1.2825,True,False,wall,250.0,242.0,-10.0
4357,374579,562.0,30,395,0.058332,1.3082,True,False,body,300.0,272.0,-10.0
4358,374734,247.0,13,155,0.058316,1.3284,True,False,wall,130.0,127.0,-10.0
4359,374853,215.0,13,119,0.058304,1.5173,True,False,body,130.0,95.0,-10.0
4360,374890,60.0,4,37,0.0583,1.5114,True,False,body,40.0,30.0,-10.0
4361,374903,20.0,2,13,0.058299,1.5355,True,False,wall,20.0,10.0,-10.0
4362,375077,289.0,18,174,0.058281,1.4583,True,False,body,180.0,119.0,-10.0
4363,375482,553.0,29,405,0.058239,1.3763,True,False,body,290.0,273.0,-10.0
4364,375683,342.0,18,201,0.058218,1.3886,True,False,wall,180.0,172.0,-10.0
4365,376038,551.0,29,355,0.058182,1.3631,True,False,wall,290.0,271.0,-10.0
4366,376107,137.0,9,69,0.058175,1.4195,True,False,body,90.0,57.0,-10.0
4367,376188,136.0,8,81,0.058167,1.3928,True,False,wall,80.0,66.0,-10.0
4368,376584,569.0,28,396,0.058126,1.2944,True,False,body,280.0,299.0,-10.0
4369,376825,348.0,20,241,0.058102,1.3444,True,False,body,200.0,158.0,-10.0
4370,376977,252.0,15,152,0.058086,1.5065,True,False,wall,150.0,112.0,-10.0
4371,377047,118.0,7,70,0.058079,1.2916,True,False,body,70.0,58.0,-10.0
4372,377112,86.0,4,65,0.058073,1.2724,True,False,wall,40.0,56.0,-10.0
4373,377304,337.0,20,192,0.058053,1.3932,True,False,wall,200.0,147.0,-10.0
4374,377509,307.0,17,205,0.058033,1.4499,True,False,body,170.0,147.0,-10.0
4375,377592,133.0,7,83,0.058024,1.3742,True,False,body,70.0,73.0,-10.0
4376,377751,256.0,14,159,0.058009,1.4462,True,False,body,140.0,126.0,-10.0
4377,377965,328.0,17,214,0.057987,1.3482,True,False,body,170.0,168.0,-10.0
4378,378038,141.0,9,73,0.05798,1.3524,True,False,body,90.0,61.0,-10.0
4379,378148,177.0,10,110,0.057969,1.3056,True,False,wall,100.0,87.0,-10.0
4380,378402,390.0,21,254,0.057944,1.2996,True,False,body,210.0,190.0,-10.0
4381,378621,341.0,17,219,0.057922,1.3807,True,False,body,170.0,181.0,-10.0
4382,378749,212.0,11,128,0.057909,1.284,True,False,wall,110.0,112.0,-10.0
4383,379079,501.0,24,330,0.057877,1.3195,True,False,body,240.0,271.0,-10.0
4384,379350,363.0,19,271,0.05785,1.4049,True,False,wall,190.0,183.0,-10.0
4385,379463,220.0,14,113,0.057839,1.4124,True,False,body,140.0,90.0,-10.0
4386,379602,271.0,17,139,0.057825,1.3012,True,False,wall,170.0,111.0,-10.0
4387,379816,340.0,19,214,0.057804,1.3605,True,False,body,190.0,160.0,-10.0
4388,380020,312.0,15,204,0.057785,1.3431,True,False,wall,150.0,172.0,-10.0
4389,380168,224.0,13,148,0.05777,1.3058,True,False,body,130.0,104.0,-10.0
4390,380377,385.0,23,209,0.05775,1.3385,True,False,body,230.0,165.0,-10.0
4391,380670,504.0,28,293,0.057722,1.324,True,False,wall,280.0,234.0,-10.0
4392,381106,660.0,33,436,0.05768,1.3704,True,False,body,330.0,340.0,-10.0
4393,381213,180.0,10,107,0.057669,1.5545,True,False,wall,100.0,90.0,-10.0
4394,381268,74.0,4,55,0.057664,1.4635,True,False,body,40.0,44.0,-10.0
4395,381354,117.0,6,86,0.057656,1.4407,True,False,body,60.0,67.0,-10.0
4396,381484,183.0,10,130,0.057643,1.4047,True,False,wall,100.0,93.0,-10.0
4397,381655,284.0,16,171,0.057627,1.4455,True,False,body,160.0,134.0,-10.0
4398,381753,176.0,11,98,0.057618,1.4179,True,False,body,110.0,76.0,-10.0
4399,382014,450.0,28,261,0.057593,1.3016,True,False,body,280.0,180.0,-10.0
4400,382088,120.0,7,74,0.057586,1.3518,True,False,body,70.0,60.0,-10.0
4401,382250,243.0,12,162,0.057571,1.3861,True,False,body,120.0,133.0,-10.0
4402,382277,34.0,2,27,0.057568,1.4095,True,False,wall,20.0,24.0,-10.0
4403,382648,574.0,30,371,0.057533,1.3087,True,False,body,300.0,284.0,-10.0
4404,382881,373.0,19,233,0.057511,1.3371,True,False,wall,190.0,193.0,-10.0
4405,383007,208.0,11,126,0.057499,1.4581,True,False,body,110.0,108.0,-10.0
4406,383200,305.0,17,193,0.057481,1.3176,True,False,body,170.0,145.0,-10.0
4407,383290,121.0,6,90,0.057473,1.3516,True,False,body,60.0,71.0,-10.0
4408,383444,249.0,14,154,0.057458,1.3152,True,False,wall,140.0,119.0,-10.0
4409,383708,371.0,20,264,0.057434,1.3011,True,False,body,200.0,181.0,-10.0
4410,383855,227.0,11,147,0.05742,1.3429,True,False,body,110.0,127.0,-10.0
4411,383965,159.0,8,110,0.05741,1.357,True,False,wall,80.0,89.0,-10.0
4412,384090,203.0,11,125,0.057398,1.431,True,False,body,110.0,103.0,-10.0
4413,384232,256.0,15,142,0.057385,1.3608,True,False,body,150.0,116.0,-10.0
4414,384317,131.0,7,85,0.057377,1.3578,True,False,wall,70.0,71.0,-10.0
4415,384480,254.0,14,163,0.057362,1.4348,True,False,body,140.0,124.0,-10.0
4416,384684,337.0,20,204,0.057344,1.3239,True,False,body,200.0,147.0,-10.0
4417,384899,380.0,22,215,0.057324,1.3475,True,False,body,220.0,170.0,-10.0
4418,384985,146.0,9,86,0.057316,1.3105,True,False,body,90.0,66.0,-10.0
4419,385199,293.0,16,214,0.057297,1.3114,True,False,body,160.0,143.0,-10.0
4420,385369,304.0,17,170,0.057281,1.4318,True,False,wall,170.0,144.0,-10.0
4421,385443,114.0,7,74,0.057274,1.3264,True,False,body,70.0,54.0,-10.0
4422,385469,38.0,3,26,0.057272,1.3306,True,False,wall,30.0,18.0,-10.0
4423,385623,239.0,12,154,0.057258,1.2683,True,False,wall,120.0,129.0,-10.0
4424,385926,427.0,23,303,0.057231,1.4753,True,False,body,230.0,207.0,-10.0
4425,386077,252.0,14,151,0.057217,1.3685,True,False,wall,140.0,122.0,-10.0
4426,386171,158.0,9,94,0.057208,1.28,True,False,body,90.0,78.0,-10.0
4427,386445,418.0,21,274,0.057184,1.328,True,False,wall,210.0,218.0,-10.0
4428,386741,461.0,24,296,0.057157,1.3594,True,False,body,240.0,231.0,-10.0
4429,386867,188.0,9,126,0.057146,1.3884,True,False,wall,90.0,108.0,-10.0
4430,387118,390.0,22,251,0.057124,1.288,True,False,body,220.0,180.0,-10.0
4431,387430,499.0,28,312,0.057096,1.371,True,False,body,280.0,229.0,-10.0
4432,387505,112.0,6,75,0.057089,1.299,True,False,wall,60.0,62.0,-10.0
4433,387592,151.0,9,87,0.057082,1.2641,True,False,body,90.0,71.0,-10.0
4434,387625,65.0,5,33,0.057079,1.3117,True,False,wall,50.0,25.0,-10.0
4435,387709,143.0,8,84,0.057071,1.2459,True,False,wall,80.0,73.0,-10.0
4436,387873,277.0,18,164,0.057057,1.2912,True,False,body,180.0,107.0,-10.0
4437,388087,302.0,15,214,0.057038,1.3722,True,False,body,150.0,162.0,-10.0
4438,388385,488.0,25,298,0.057012,1.3871,True,False,body,250.0,248.0,-10.0
4439,388778,584.0,30,393,0.056977,1.3506,True,False,body,300.0,294.0,-10.0
4440,388871,159.0,9,93,0.056969,1.3255,True,False,body,90.0,79.0,-10.0
4441,389198,515.0,27,327,0.056941,1.3299,True,False,body,270.0,255.0,-10.0
4442,389306,150.0,7,108,0.056931,1.3389,True,False,wall,70.0,90.0,-10.0
4443,389449,234.0,12,143,0.056919,1.3325,True,False,body,120.0,124.0,-10.0
4444,389573,186.0,9,124,0.056908,1.2397,True,False,body,90.0,106.0,-10.0
4445,389639,92.0,5,66,0.056903,1.359,True,False,body,50.0,52.0,-10.0
4446,389938,424.0,22,299,0.056877,1.3073,True,False,body,220.0,214.0,-10.0
4447,390130,304.0,15,192,0.05686,1.48,True,False,body,150.0,164.0,-10.0
4448,390290,299.0,18,160,0.056847,1.5344,True,False,wall,180.0,129.0,-10.0
4449,390429,229.0,13,139,0.056835,1.327,True,False,wall,130.0,109.0,-10.0
4450,390506,127.0,7,77,0.056828,1.3273,True,False,body,70.0,67.0,-10.0
4451,390531,41.0,3,25,0.056826,1.2148,True,False,wall,30.0,21.0,-10.0
4452,390568,60.0,4,37,0.056823,1.3253,True,False,wall,40.0,30.0,-10.0
4453,390668,182.0,11,100,0.056814,1.3074,True,False,body,110.0,82.0,-10.0
4454,391000,544.0,29,332,0.056786,1.3642,True,False,wall,290.0,264.0,-10.0
4455,391062,58.0,3,62,0.056781,1.3035,True,False,wall,30.0,38.0,-10.0
4456,391079,15.0,1,17,0.05678,1.2147,True,False,wall,10.0,15.0,-10.0
4457,391384,473.0,25,305,0.056754,1.2583,True,False,wall,250.0,233.0,-10.0
4458,391797,582.0,30,413,0.056719,1.431,True,False,body,300.0,292.0,-10.0
4459,391943,275.0,16,146,0.056707,1.4055,True,False,body,160.0,125.0,-10.0
4460,392221,429.0,22,278,0.056683,1.302,True,False,body,220.0,219.0,-10.0
4461,392413,316.0,17,192,0.056667,1.3328,True,False,wall,170.0,156.0,-10.0
4462,392645,411.0,22,232,0.056648,1.2428,True,False,wall,220.0,201.0,-10.0
4463,392850,292.0,16,205,0.056631,1.3678,True,False,body,160.0,142.0,-10.0
4464,392891,57.0,3,41,0.056628,1.4501,True,False,body,30.0,37.0,-10.0
4465,392908,15.0,1,17,0.056626,1.3748,True,False,wall,10.0,15.0,-10.0
4466,393142,362.0,21,234,0.056607,1.3434,True,False,wall,210.0,162.0,-10.0
4467,393344,309.0,16,202,0.05659,1.3438,True,False,body,160.0,159.0,-10.0
4468,393583,371.0,21,239,0.056571,1.3542,True,False,body,210.0,171.0,-10.0
4469,393778,299.0,15,195,0.056555,1.2524,True,False,body,150.0,159.0,-10.0
4470,394093,512.0,26,315,0.056529,1.3073,True,False,body,260.0,262.0,-10.0
4471,394284,278.0,12,191,0.056513,1.3248,True,False,wall,120.0,168.0,-10.0
4472,394624,516.0,29,340,0.056486,1.3199,True,False,body,290.0,236.0,-10.0
4473,394948,545.0,28,324,0.056459,1.2932,True,False,body,280.0,275.0,-10.0
4474,395263,529.0,29,315,0.056434,1.3846,True,False,body,290.0,249.0,-10.0
4475,395394,218.0,12,131,0.056424,1.3333,True,False,wall,120.0,108.0,-10.0
4476,395472,125.0,8,78,0.056417,1.2354,True,False,body,80.0,55.0,-10.0
4477,395547,105.0,5,75,0.056411,1.245,True,False,body,50.0,65.0,-10.0
4478,395651,151.0,8,104,0.056403,1.3995,True,False,body,80.0,81.0,-10.0
4479,395846,298.0,14,195,0.056387,1.3103,True,False,wall,140.0,168.0,-10.0
4480,395861,20.0,2,15,0.056386,1.1362,True,False,wall,20.0,10.0,-10.0
4481,396157,473.0,24,296,0.056363,1.2856,True,False,body,240.0,243.0,-10.0
4482,396331,286.0,15,174,0.056349,1.343,True,False,body,150.0,146.0,-10.0
4483,396450,170.0,8,119,0.056339,1.3185,True,False,wall,80.0,100.0,-10.0
4484,396648,320.0,19,198,0.056324,1.3376,True,False,wall,190.0,140.0,-10.0
4485,396744,160.0,9,96,0.056316,1.3081,True,False,wall,90.0,80.0,-10.0
4486,396829,127.0,7,85,0.056309,1.2816,True,False,body,70.0,67.0,-10.0
4487,397333,599.0,32,504,0.05627,1.3131,True,False,body,320.0,289.0,-10.0
4488,397429,153.0,8,96,0.056262,1.3616,True,False,body,80.0,83.0,-10.0
4489,397580,236.0,12,151,0.05625,1.3284,True,False,body,120.0,126.0,-10.0
4490,397675,135.0,7,95,0.056243,1.3057,True,False,body,70.0,75.0,-10.0
4491,397730,92.0,6,55,0.056239,1.3228,True,False,body,60.0,42.0,-10.0
4492,397863,250.0,16,133,0.056228,1.3821,True,False,wall,160.0,100.0,-10.0
4493,397966,167.0,9,103,0.05622,1.6607,True,False,body,90.0,87.0,-10.0
4494,398188,324.0,17,222,0.056203,1.3878,True,False,body,170.0,164.0,-10.0
4495,398401,381.0,21,213,0.056187,1.465,True,False,wall,210.0,181.0,-10.0
4496,398428,41.0,3,27,0.056184,1.3333,True,False,body,30.0,21.0,-10.0
4497,398715,462.0,24,287,0.056162,1.3929,True,False,body,240.0,232.0,-10.0
4498,398846,202.0,10,131,0.056152,1.3367,True,False,wall,100.0,112.0,-10.0
4499,399061,352.0,20,215,0.056136,1.3265,True,False,body,200.0,162.0,-10.0
4500,399281,354.0,21,220,0.056119,1.3597,True,False,body,210.0,154.0,-10.0
4501,399440,249.0,15,159,0.056107,1.3123,True,False,body,150.0,109.0,-10.0
4502,399626,307.0,16,186,0.056093,1.3845,True,False,body,160.0,157.0,-10.0
4503,399726,142.0,7,100,0.056085,1.3048,True,False,wall,70.0,82.0,-10.0
4504,399929,330.0,18,203,0.05607,1.3251,True,False,wall,180.0,160.0,-10.0
4505,400322,547.0,27,393,0.05604,1.3484,True,False,body,270.0,287.0,-10.0
4506,400607,462.0,26,285,0.056018,1.3784,True,False,body,260.0,212.0,-10.0
4507,400758,226.0,10,151,0.056007,1.3681,True,False,body,100.0,136.0,-10.0
4508,400951,326.0,18,193,0.055992,1.3111,True,False,wall,180.0,156.0,-10.0
4509,401068,188.0,10,117,0.055984,1.3144,True,False,body,100.0,98.0,-10.0
4510,401119,79.0,5,51,0.05598,1.2747,True,False,wall,50.0,39.0,-10.0
4511,401181,119.0,8,62,0.055975,1.4293,True,False,body,80.0,49.0,-10.0
4512,401308,210.0,12,127,0.055966,1.3146,True,False,body,120.0,100.0,-10.0
4513,401381,99.0,5,73,0.05596,1.3182,True,False,body,50.0,59.0,-10.0
4514,401791,643.0,36,410,0.05593,1.4258,True,False,body,360.0,293.0,-10.0
4515,401888,150.0,8,97,0.055923,1.3749,True,False,body,80.0,80.0,-10.0
4516,402176,458.0,27,288,0.055901,1.4655,True,False,body,270.0,198.0,-10.0
4517,402216,59.0,4,40,0.055898,1.3705,True,False,body,40.0,29.0,-10.0
4518,402283,98.0,6,67,0.055894,1.4288,True,False,wall,60.0,48.0,-10.0
4519,402418,197.0,9,135,0.055884,1.3421,True,False,body,90.0,117.0,-10.0
4520,402493,120.0,8,75,0.055878,1.3189,True,False,body,80.0,50.0,-10.0
4521,402550,87.0,5,57,0.055874,1.3538,True,False,body,50.0,47.0,-10.0
4522,402912,583.0,32,362,0.055847,1.349,True,False,body,320.0,273.0,-10.0
4523,402933,37.0,3,21,0.055846,1.4835,True,False,wall,30.0,17.0,-10.0
4524,403122,294.0,16,189,0.055832,1.5889,True,False,wall,160.0,144.0,-10.0
4525,403249,200.0,12,127,0.055823,1.3817,True,False,body,120.0,90.0,-10.0
4526,403548,461.0,23,299,0.055801,1.4979,True,False,body,230.0,241.0,-10.0
4527,403616,94.0,5,68,0.055796,1.3249,True,False,body,50.0,54.0,-10.0
4528,403831,341.0,17,215,0.055781,1.3179,True,False,body,170.0,181.0,-10.0
4529,404079,384.0,19,248,0.055763,1.2884,True,False,body,190.0,204.0,-10.0
4530,404215,216.0,11,136,0.055753,1.2634,True,False,wall,110.0,116.0,-10.0
4531,404476,399.0,19,261,0.055734,1.2915,True,False,body,190.0,219.0,-10.0
4532,404638,242.0,13,162,0.055723,1.3222,True,False,wall,130.0,122.0,-10.0
4533,404828,324.0,19,190,0.055709,1.3622,True,False,body,190.0,144.0,-10.0
4534,405246,614.0,33,418,0.055679,1.4147,True,False,body,330.0,294.0,-10.0
4535,405322,126.0,7,76,0.055674,1.4216,True,False,wall,70.0,66.0,-10.0
4536,405671,541.0,29,349,0.055649,1.3638,True,False,body,290.0,261.0,-10.0
4537,405888,338.0,18,217,0.055634,1.3618,True,False,wall,180.0,168.0,-10.0
4538,406220,546.0,29,332,0.055611,1.3939,True,False,body,290.0,266.0,-10.0
4539,406402,280.0,15,182,0.055598,1.3463,True,False,body,150.0,140.0,-10.0
4540,406539,225.0,13,137,0.055588,1.4021,True,False,body,130.0,105.0,-10.0
4541,406594,89.0,5,55,0.055584,1.4592,True,False,wall,50.0,49.0,-10.0
4542,406875,474.0,26,281,0.055565,1.344,True,False,body,260.0,224.0,-10.0
4543,407018,210.0,10,143,0.055555,1.3385,True,False,wall,100.0,120.0,-10.0
4544,407111,143.0,7,93,0.055548,1.2915,True,False,body,70.0,83.0,-10.0
4545,407253,215.0,12,142,0.055539,1.3671,True,False,body,120.0,105.0,-10.0
4546,407498,417.0,23,245,0.055522,1.3168,True,False,body,230.0,197.0,-10.0
4547,407767,433.0,23,269,0.055503,1.3399,True,False,wall,230.0,213.0,-10.0
4548,408025,408.0,21,258,0.055485,1.3998,True,False,body,210.0,208.0,-10.0
4549,408084,93.0,5,59,0.055481,1.3021,True,False,wall,50.0,53.0,-10.0
4550,408097,11.0,1,13,0.05548,1.2439,True,False,wall,10.0,11.0,-10.0
4551,408259,271.0,14,162,0.055469,1.3697,True,False,body,140.0,141.0,-10.0
4552,408513,409.0,22,254,0.055452,1.38,True,False,body,220.0,199.0,-10.0
4553,408704,319.0,19,191,0.055439,1.4355,True,False,body,190.0,139.0,-10.0
4554,408792,152.0,9,88,0.055433,1.3933,True,False,body,90.0,72.0,-10.0
4555,408974,289.0,14,182,0.055421,1.4782,True,False,body,140.0,159.0,-10.0
4556,409116,223.0,12,142,0.055411,1.3978,True,False,wall,120.0,113.0,-10.0
4557,409135,20.0,2,19,0.05541,1.4783,True,False,wall,20.0,10.0,-10.0
4558,409262,205.0,11,127,0.055401,1.3406,True,False,wall,110.0,105.0,-10.0
4559,409480,353.0,20,218,0.055386,1.7036,True,False,body,200.0,163.0,-10.0
4560,409724,419.0,22,244,0.05537,1.3815,True,False,wall,220.0,209.0,-10.0
4561,410151,581.0,29,427,0.055342,1.3841,True,False,body,290.0,301.0,-10.0
4562,410361,335.0,18,210,0.055328,1.3459,True,False,body,180.0,165.0,-10.0
4563,410576,358.0,20,215,0.055313,1.3768,True,False,body,200.0,168.0,-10.0
4564,410802,368.0,19,226,0.055298,1.4703,True,False,body,190.0,188.0,-10.0
4565,411160,555.0,28,358,0.055275,1.3938,True,False,body,280.0,285.0,-10.0
4566,411257,163.0,9,97,0.055268,1.3362,True,False,wall,90.0,83.0,-10.0
4567,411483,394.0,25,226,0.055253,1.4083,True,False,body,250.0,154.0,-10.0
4568,411571,136.0,7,88,0.055248,1.3754,True,False,wall,70.0,76.0,-10.0
4569,411911,470.0,25,340,0.055225,1.3691,True,False,body,250.0,230.0,-10.0
4570,412156,364.0,18,245,0.055209,1.3311,True,False,body,180.0,194.0,-10.0
4571,412294,220.0,11,138,0.0552,1.4776,True,False,body,110.0,120.0,-10.0
4572,412373,118.0,6,79,0.055195,1.4241,True,False,wall,60.0,68.0,-10.0
4573,412511,241.0,14,138,0.055186,1.3951,True,False,body,140.0,111.0,-10.0
4574,412750,397.0,21,239,0.055171,1.3905,True,False,body,210.0,197.0,-10.0
4575,412849,141.0,7,99,0.055164,1.4105,True,False,body,70.0,81.0,-10.0
4576,412879,40.0,3,30,0.055162,1.3445,True,False,wall,30.0,20.0,-10.0
4577,412926,70.0,4,47,0.055159,1.3071,True,False,wall,40.0,40.0,-10.0
4578,413067,239.0,15,141,0.05515,1.3667,True,False,body,150.0,99.0,-10.0
4579,413347,467.0,26,280,0.055132,1.3461,True,False,wall,260.0,217.0,-10.0
4580,413393,85.0,6,46,0.055129,1.3945,True,False,wall,60.0,35.0,-10.0
4581,413420,34.0,2,27,0.055128,1.4524,True,False,wall,20.0,24.0,-10.0
4582,413502,119.0,6,82,0.055122,1.3579,True,False,wall,60.0,69.0,-10.0
4583,413543,64.0,4,41,0.05512,1.4093,True,False,wall,40.0,34.0,-10.0
4584,413672,229.0,13,129,0.055112,1.4427,True,False,body,130.0,109.0,-10.0
4585,413842,265.0,14,170,0.055101,1.2986,True,False,body,140.0,135.0,-10.0
4586,413942,133.0,6,100,0.055094,1.3815,True,False,wall,60.0,83.0,-10.0
4587,414195,400.0,22,253,0.055078,1.349,True,False,body,220.0,190.0,-10.0
4588,414403,302.0,15,208,0.055065,1.4581,True,False,body,150.0,162.0,-10.0
4589,414423,16.0,1,20,0.055064,1.3616,True,False,wall,10.0,16.0,-10.0
4590,414619,311.0,18,196,0.055051,1.3782,True,False,body,180.0,141.0,-10.0
4591,414695,101.0,6,76,0.055047,1.473,True,False,body,60.0,51.0,-10.0
4592,414931,387.0,20,236,0.055032,1.5188,True,False,wall,200.0,197.0,-10.0
4593,415055,215.0,12,124,0.055024,1.4034,True,False,body,120.0,105.0,-10.0
4594,415220,253.0,15,165,0.055014,1.571,True,False,body,150.0,113.0,-10.0
4595,415299,129.0,7,79,0.055009,1.5084,True,False,wall,70.0,69.0,-10.0
4596,415503,320.0,17,204,0.054996,1.442,True,False,body,170.0,160.0,-10.0
4597,415779,375.0,20,276,0.054979,1.4052,True,False,body,200.0,185.0,-10.0
4598,415892,195.0,11,113,0.054972,1.4564,True,False,wall,110.0,95.0,-10.0
4599,416023,214.0,12,131,0.054963,1.3721,True,False,body,120.0,104.0,-10.0
4600,416194,281.0,17,171,0.054953,1.3546,True,False,body,170.0,121.0,-10.0
4601,416282,159.0,10,88,0.054947,1.4735,True,False,body,100.0,69.0,-10.0
4602,416499,354.0,20,217,0.054934,1.3271,True,False,body,200.0,164.0,-10.0
4603,416737,404.0,21,238,0.054919,1.3992,True,False,wall,210.0,204.0,-10.0
4604,416984,379.0,19,247,0.054904,1.4998,True,False,body,190.0,199.0,-10.0
4605,417131,250.0,14,147,0.054895,1.372,True,False,body,140.0,120.0,-10.0
4606,417220,153.0,9,89,0.05489,1.4101,True,False,body,90.0,73.0,-10.0
4607,417495,418.0,20,275,0.054873,1.4097,True,False,body,200.0,228.0,-10.0
4608,417955,656.0,33,460,0.054845,1.3476,True,False,body,330.0,336.0,-10.0
4609,418030,105.0,5,75,0.054841,1.3613,True,False,wall,50.0,65.0,-10.0
4610,418184,214.0,13,154,0.054831,1.5936,True,False,body,130.0,94.0,-10.0
4611,418322,231.0,12,138,0.054823,1.4939,True,False,body,120.0,121.0,-10.0
4612,418376,77.0,4,54,0.05482,1.4536,True,False,body,40.0,47.0,-10.0
4613,418734,558.0,29,358,0.054798,1.3941,True,False,body,290.0,278.0,-10.0
4614,418893,258.0,16,159,0.054789,1.3854,True,False,wall,160.0,108.0,-10.0
4615,419151,393.0,20,258,0.054773,1.3546,True,False,body,200.0,203.0,-10.0
4616,419310,248.0,14,159,0.054764,1.3685,True,False,body,140.0,118.0,-10.0
4617,419411,167.0,9,101,0.054758,1.4085,True,False,wall,90.0,87.0,-10.0
4618,419458,80.0,6,47,0.054755,1.2602,True,False,body,60.0,30.0,-10.0
4619,419555,162.0,10,97,0.054749,1.3217,True,False,wall,100.0,72.0,-10.0
4620,419631,120.0,7,76,0.054745,1.4647,True,False,body,70.0,60.0,-10.0
4621,419707,128.0,7,76,0.05474,1.4017,True,False,wall,70.0,68.0,-10.0
4622,420023,512.0,27,316,0.054721,1.4382,True,False,body,270.0,252.0,-10.0
4623,420262,400.0,22,239,0.054707,1.4653,True,False,body,220.0,190.0,-10.0
4624,420532,408.0,21,270,0.054691,1.5375,True,False,wall,210.0,208.0,-10.0
4625,420739,291.0,15,207,0.054679,1.5546,True,False,body,150.0,151.0,-10.0
4626,421057,516.0,27,318,0.054661,1.4225,True,False,body,270.0,256.0,-10.0
4627,421310,392.0,20,253,0.054646,1.4065,True,False,body,200.0,202.0,-10.0
4628,421482,296.0,17,172,0.054636,1.4385,True,False,wall,170.0,136.0,-10.0
4629,421620,230.0,13,138,0.054628,1.3648,True,False,body,130.0,110.0,-10.0
4630,421855,349.0,19,235,0.054615,1.4148,True,False,body,190.0,169.0,-10.0
4631,422015,219.0,10,160,0.054605,1.3933,True,False,body,100.0,129.0,-10.0
4632,422280,374.0,20,265,0.05459,1.3636,True,False,body,200.0,184.0,-10.0
4633,422475,350.0,20,195,0.054579,1.3874,True,False,body,200.0,160.0,-10.0
4634,422756,451.0,23,281,0.054563,1.45,True,False,body,230.0,231.0,-10.0
4635,423154,610.0,33,398,0.05454,1.3727,True,False,wall,330.0,290.0,-10.0
4636,423242,129.0,8,88,0.054535,1.4682,True,False,wall,80.0,59.0,-10.0
4637,423403,288.0,16,161,0.054526,1.4002,True,False,body,160.0,138.0,-10.0
4638,423948,722.0,36,545,0.054495,1.3791,True,False,body,360.0,372.0,-10.0
4639,424314,529.0,28,366,0.054475,1.398,True,False,body,280.0,259.0,-10.0
4640,424413,166.0,10,99,0.054469,1.478,True,False,wall,100.0,76.0,-10.0
4641,424574,235.0,11,161,0.05446,1.4621,True,False,wall,110.0,135.0,-10.0
4642,424684,203.0,12,110,0.054454,1.4022,True,False,body,120.0,93.0,-10.0
4643,424749,131.0,9,65,0.054451,1.3949,True,False,body,90.0,51.0,-10.0
4644,425279,751.0,36,530,0.054421,1.3988,True,False,body,360.0,401.0,-10.0
4645,425477,289.0,14,198,0.05441,1.427,True,False,wall,140.0,159.0,-10.0
4646,425794,458.0,24,317,0.054393,1.3556,True,False,body,240.0,228.0,-10.0
4647,425822,31.0,2,28,0.054391,1.2705,True,False,wall,20.0,21.0,-10.0
4648,426043,379.0,21,221,0.054379,1.4362,True,False,body,210.0,179.0,-10.0
4649,426129,121.0,6,86,0.054374,1.3521,True,False,wall,60.0,71.0,-10.0
4650,426215,147.0,8,86,0.05437,1.3613,True,False,body,80.0,77.0,-10.0
4651,426268,85.0,5,53,0.054367,1.4244,True,False,body,50.0,45.0,-10.0
4652,426406,222.0,11,138,0.054359,1.4778,True,False,body,110.0,122.0,-10.0
4653,426536,197.0,10,130,0.054352,1.4896,True,False,wall,100.0,107.0,-10.0
4654,426612,100.0,5,76,0.054348,1.6029,True,False,wall,50.0,60.0,-10.0
4655,426693,150.0,10,81,0.054344,1.3662,True,False,wall,100.0,60.0,-10.0
4656,426857,295.0,16,164,0.054335,1.3529,True,False,wall,160.0,145.0,-10.0
4657,427192,497.0,27,335,0.054317,1.4013,True,False,wall,270.0,237.0,-10.0
4658,427256,105.0,6,64,0.054313,1.287,True,False,wall,60.0,55.0,-10.0
4659,427280,40.0,3,24,0.054312,1.398,True,False,wall,30.0,20.0,-10.0
4660,427565,398.0,20,285,0.054297,1.365,True,False,wall,200.0,208.0,-10.0
4661,427631,107.0,6,66,0.054293,1.3828,True,False,wall,60.0,57.0,-10.0
4662,427903,459.0,24,272,0.054279,1.377,True,False,body,240.0,229.0,-10.0
4663,427989,161.0,10,86,0.054274,1.4013,True,False,body,100.0,71.0,-10.0
4664,428277,447.0,22,288,0.054259,1.3138,True,False,body,220.0,237.0,-10.0
4665,428588,476.0,24,311,0.054242,1.4147,True,False,body,240.0,246.0,-10.0
4666,428623,56.0,4,35,0.05424,1.3942,True,False,wall,40.0,26.0,-10.0
4667,428847,307.0,16,224,0.054228,1.4231,True,False,body,160.0,157.0,-10.0
4668,429264,572.0,30,417,0.054206,1.4109,True,False,body,300.0,282.0,-10.0
4669,429678,592.0,29,414,0.054185,1.3795,True,False,body,290.0,312.0,-10.0
4670,429853,239.0,13,175,0.054175,1.4656,True,False,body,130.0,119.0,-10.0
4671,430209,557.0,30,356,0.054157,1.4759,True,False,body,300.0,267.0,-10.0
4672,430770,768.0,36,561,0.054128,1.46,True,False,body,360.0,418.0,-10.0
4673,430979,330.0,18,209,0.054117,1.3879,True,False,body,180.0,160.0,-10.0
4674,431442,696.0,34,463,0.054093,1.4441,True,False,body,340.0,366.0,-10.0
4675,431603,227.0,11,161,0.054085,1.3887,True,False,body,110.0,127.0,-10.0
4676,431956,558.0,30,353,0.054067,1.4522,True,False,body,300.0,268.0,-10.0
4677,432305,561.0,29,349,0.054049,1.4203,True,False,body,290.0,281.0,-10.0
4678,432322,15.0,1,17,0.054049,1.4305,True,False,wall,10.0,15.0,-10.0
4679,432516,282.0,17,194,0.054039,1.4138,True,False,wall,170.0,122.0,-10.0
4680,432566,60.0,3,50,0.054036,1.392,True,False,wall,30.0,40.0,-10.0
4681,432747,280.0,14,181,0.054027,1.5111,True,False,wall,140.0,150.0,-10.0
4682,432976,360.0,18,229,0.054016,1.4296,True,False,wall,180.0,190.0,-10.0
4683,433325,530.0,28,349,0.053998,1.3929,True,False,body,280.0,260.0,-10.0
4684,433727,597.0,30,402,0.053978,1.4081,True,False,body,300.0,307.0,-10.0
4685,433897,267.0,14,170,0.05397,1.4611,True,False,wall,140.0,137.0,-10.0
4686,434134,341.0,17,237,0.053958,1.411,True,False,body,170.0,181.0,-10.0
4687,434159,30.0,2,25,0.053957,1.446,True,False,wall,20.0,20.0,-10.0
4688,434457,473.0,24,298,0.053942,1.3995,True,False,body,240.0,243.0,-10.0
4689,434633,286.0,15,176,0.053933,1.4381,True,False,body,150.0,146.0,-10.0
4690,434732,158.0,8,99,0.053928,1.4137,True,False,wall,80.0,88.0,-10.0
4691,434827,157.0,9,95,0.053924,1.384,True,False,wall,90.0,77.0,-10.0
4692,434886,82.0,4,59,0.053921,1.4228,True,False,wall,40.0,52.0,-10.0
4693,435008,186.0,9,122,0.053915,1.335,True,False,body,90.0,106.0,-10.0
4694,435256,404.0,23,248,0.053903,1.3245,True,False,body,230.0,184.0,-10.0
4695,435571,469.0,21,315,0.053887,1.3536,True,False,body,210.0,269.0,-10.0
4696,435706,189.0,9,135,0.053881,1.4506,True,False,body,90.0,109.0,-10.0
4697,435751,86.0,6,45,0.053879,1.3042,True,False,body,60.0,36.0,-10.0
4698,435867,194.0,11,116,0.053873,1.4034,True,False,wall,110.0,94.0,-10.0
4699,436133,445.0,24,266,0.05386,1.3441,True,False,body,240.0,215.0,-10.0
4700,436426,430.0,24,293,0.053846,1.349,True,False,body,240.0,200.0,-10.0
4701,436728,451.0,26,302,0.053832,1.4868,True,False,body,260.0,201.0,-10.0
4702,436835,169.0,9,107,0.053827,1.3858,True,False,wall,90.0,89.0,-10.0
4703,437072,363.0,19,237,0.053815,1.4343,True,False,wall,190.0,183.0,-10.0
4704,437163,122.0,6,91,0.053811,1.5387,True,False,wall,60.0,72.0,-10.0
4705,437310,232.0,14,147,0.053804,1.4386,True,False,body,140.0,102.0,-10.0
4706,437416,161.0,8,106,0.053799,1.3731,True,False,body,80.0,91.0,-10.0
4707,437598,305.0,18,182,0.05379,1.4177,True,False,wall,180.0,135.0,-10.0
4708,437870,477.0,26,272,0.053777,1.427,True,False,body,260.0,227.0,-10.0
4709,438074,333.0,16,204,0.053768,1.369,True,False,body,160.0,183.0,-10.0
4710,438223,236.0,12,149,0.053761,1.3141,True,False,body,120.0,126.0,-10.0
4711,438441,373.0,22,218,0.05375,1.3278,True,False,body,220.0,163.0,-10.0
4712,438664,354.0,20,223,0.05374,1.317,True,False,wall,200.0,164.0,-10.0
4713,439020,569.0,28,356,0.053723,1.3695,True,False,body,280.0,299.0,-10.0
4714,439197,308.0,18,177,0.053715,1.3176,True,False,body,180.0,138.0,-10.0
4715,439480,476.0,24,283,0.053702,1.3829,True,False,wall,240.0,246.0,-10.0
4716,439803,483.0,23,323,0.053687,1.3674,True,False,body,230.0,263.0,-10.0
4717,439940,206.0,12,137,0.053681,1.3498,True,False,body,120.0,96.0,-10.0
4718,439987,79.0,5,47,0.053679,1.3986,True,False,wall,50.0,39.0,-10.0
4719,440342,458.0,24,355,0.053662,1.3445,True,False,body,240.0,228.0,-10.0
4720,440372,44.0,3,30,0.053661,1.4057,True,False,wall,30.0,24.0,-10.0
4721,440482,177.0,10,110,0.053656,1.4966,True,False,body,100.0,87.0,-10.0
4722,440592,208.0,13,110,0.053651,1.3356,True,False,body,130.0,88.0,-10.0
4723,440851,418.0,22,259,0.053639,1.3261,True,False,body,220.0,208.0,-10.0
4724,441014,278.0,16,163,0.053632,1.4619,True,False,wall,160.0,128.0,-10.0
4725,441100,128.0,7,86,0.053628,1.3924,True,False,body,70.0,68.0,-10.0
4726,441119,18.0,2,19,0.053627,1.2991,True,False,wall,20.0,8.0,-10.0
4727,441165,85.0,6,46,0.053625,1.3891,True,False,wall,60.0,35.0,-10.0
4728,441302,232.0,14,137,0.053619,1.2871,True,False,body,140.0,102.0,-10.0
4729,441565,455.0,25,263,0.053607,1.3554,True,False,body,250.0,215.0,-10.0
4730,441905,479.0,26,340,0.053592,1.362,True,False,body,260.0,229.0,-10.0
4731,442230,442.0,24,325,0.053577,1.4408,True,False,wall,240.0,212.0,-10.0
4732,442383,269.0,15,153,0.05357,1.3859,True,False,body,150.0,129.0,-10.0
4733,442526,243.0,15,143,0.053564,1.438,True,False,body,150.0,103.0,-10.0
4734,442540,12.0,1,14,0.053563,1.4453,True,False,wall,10.0,12.0,-10.0
4735,442567,41.0,3,27,0.053562,1.3613,True,False,wall,30.0,21.0,-10.0
4736,442888,491.0,27,321,0.053548,1.3468,True,False,body,270.0,231.0,-10.0
4737,443197,514.0,28,309,0.053534,1.4388,True,False,wall,280.0,244.0,-10.0
4738,443306,152.0,8,109,0.053529,1.3964,True,False,body,80.0,82.0,-10.0
4739,443498,343.0,20,192,0.053521,1.3875,True,False,body,200.0,153.0,-10.0
4740,443833,549.0,29,335,0.053506,1.3986,True,False,body,290.0,269.0,-10.0
4741,444145,478.0,27,312,0.053492,1.4587,True,False,body,270.0,218.0,-10.0
4742,444259,185.0,10,114,0.053487,1.3544,True,False,wall,100.0,95.0,-10.0
4743,444417,253.0,14,158,0.053481,1.4149,True,False,wall,140.0,123.0,-10.0
4744,444769,586.0,31,352,0.053465,1.5231,True,False,wall,310.0,286.0,-10.0
4745,444811,63.0,4,42,0.053463,1.4616,True,False,body,40.0,33.0,-10.0
4746,444962,255.0,13,151,0.053457,1.4444,True,False,body,130.0,135.0,-10.0
4747,445270,486.0,23,308,0.053444,1.4614,True,False,wall,230.0,266.0,-10.0
4748,445346,135.0,8,76,0.05344,1.6374,True,False,body,80.0,65.0,-10.0
4749,445461,178.0,10,115,0.053435,1.3832,True,False,body,100.0,88.0,-10.0
4750,445569,206.0,13,108,0.053431,1.3386,True,False,body,130.0,86.0,-10.0
4751,445787,331.0,18,218,0.053421,1.3413,True,False,body,180.0,161.0,-10.0
4752,446072,466.0,24,285,0.053409,1.4244,True,False,body,240.0,236.0,-10.0
4753,446155,128.0,8,83,0.053406,1.3257,True,False,body,80.0,58.0,-10.0
4754,446382,328.0,16,227,0.053396,1.3601,True,False,body,160.0,178.0,-10.0
4755,446774,526.0,29,392,0.053379,1.4496,True,False,body,290.0,246.0,-10.0
4756,446915,232.0,12,141,0.053374,1.4694,True,False,body,120.0,122.0,-10.0
4757,446964,73.0,5,49,0.053371,1.4606,True,False,body,50.0,33.0,-10.0
4758,447138,258.0,13,174,0.053364,1.4464,True,False,wall,130.0,138.0,-10.0
4759,447518,559.0,28,380,0.053348,1.4529,True,False,body,280.0,289.0,-10.0
4760,447774,406.0,21,256,0.053337,1.448,True,False,wall,210.0,206.0,-10.0
4761,447857,142.0,8,83,0.053334,1.4472,True,False,wall,80.0,72.0,-10.0
4762,447999,243.0,14,142,0.053328,1.3853,True,False,body,140.0,113.0,-10.0
4763,448272,413.0,23,273,0.053317,1.3663,True,False,body,230.0,193.0,-10.0
4764,448660,548.0,29,388,0.053301,1.4057,True,False,body,290.0,268.0,-10.0
4765,448971,529.0,29,311,0.053288,1.4019,True,False,body,290.0,249.0,-10.0
4766,449284,447.0,23,313,0.053275,1.5129,True,False,body,230.0,227.0,-10.0
4767,449314,35.0,2,30,0.053274,1.5437,True,False,wall,20.0,25.0,-10.0
4768,449575,404.0,20,261,0.053263,1.6388,True,False,body,200.0,214.0,-10.0
4769,449585,-3.0,0,10,0.053263,1.5422,True,False,wall,0.0,7.0,-10.0
4770,449820,380.0,20,235,0.053253,1.5013,True,False,body,200.0,190.0,-10.0
4771,449906,150.0,9,86,0.05325,1.3536,True,False,body,90.0,70.0,-10.0
4772,450029,188.0,10,123,0.053245,1.4717,True,False,body,100.0,98.0,-10.0
4773,450174,236.0,12,145,0.053239,1.5119,True,False,body,120.0,126.0,-10.0
4774,450428,436.0,25,254,0.053229,1.3917,True,False,body,250.0,196.0,-10.0
4775,450481,92.0,6,53,0.053226,1.3917,True,False,wall,60.0,42.0,-10.0
4776,450683,291.0,18,202,0.053218,1.4946,True,False,body,180.0,121.0,-10.0
4777,451057,614.0,31,374,0.053203,1.4174,True,False,wall,310.0,314.0,-10.0
4778,451167,181.0,10,110,0.053199,1.4291,True,False,body,100.0,91.0,-10.0
4779,451229,68.0,3,62,0.053196,1.4141,True,False,body,30.0,48.0,-10.0
4780,451374,220.0,12,145,0.053191,1.3177,True,False,body,120.0,110.0,-10.0
4781,451518,267.0,16,144,0.053185,1.3964,True,False,body,160.0,117.0,-10.0
4782,451595,127.0,7,77,0.053182,1.411,True,False,body,70.0,67.0,-10.0
4783,451605,-1.0,0,10,0.053181,1.4112,True,False,wall,0.0,9.0,-10.0
4784,451626,37.0,3,21,0.053181,1.361,True,False,wall,30.0,17.0,-10.0
4785,451673,82.0,6,47,0.053179,1.3317,True,False,body,60.0,32.0,-10.0
4786,451842,266.0,14,169,0.053172,1.4092,True,False,wall,140.0,136.0,-10.0
4787,452116,438.0,23,274,0.053161,1.3753,True,False,body,230.0,218.0,-10.0
4788,452492,518.0,27,376,0.053146,1.4024,True,False,body,270.0,258.0,-10.0
4789,452743,382.0,18,251,0.053136,1.3292,True,False,wall,180.0,212.0,-10.0
4790,452797,71.0,4,54,0.053134,1.3679,True,False,body,40.0,41.0,-10.0
4791,452870,123.0,7,73,0.053132,1.322,True,False,wall,70.0,63.0,-10.0
4792,453077,372.0,22,207,0.053123,1.3628,True,False,body,220.0,162.0,-10.0
4793,453284,321.0,17,207,0.053115,1.3609,True,False,wall,170.0,161.0,-10.0
4794,453556,429.0,22,272,0.053105,1.3809,True,False,body,220.0,219.0,-10.0
4795,453600,85.0,6,44,0.053103,1.2949,True,False,body,60.0,35.0,-10.0
4796,453617,24.0,2,17,0.053102,1.3168,True,False,wall,20.0,14.0,-10.0
4797,453772,228.0,14,155,0.053096,1.2896,True,False,body,140.0,98.0,-10.0
4798,453809,49.0,3,37,0.053095,1.2711,True,False,wall,30.0,29.0,-10.0
4799,454125,525.0,26,316,0.053083,1.4033,True,False,body,260.0,275.0,-10.0
4800,454359,371.0,18,234,0.053074,1.4874,True,False,body,180.0,201.0,-10.0
4801,454530,301.0,17,171,0.053067,1.4033,True,False,body,170.0,141.0,-10.0
4802,454936,554.0,27,406,0.053052,1.4172,True,False,body,270.0,294.0,-10.0
4803,455353,624.0,32,417,0.053036,1.4365,True,False,wall,320.0,314.0,-10.0
4804,455481,195.0,10,128,0.053031,1.4266,True,False,body,100.0,105.0,-10.0
4805,455888,571.0,29,407,0.053016,1.3871,True,False,body,290.0,291.0,-10.0
4806,456067,321.0,19,179,0.053009,1.4466,True,False,wall,190.0,141.0,-10.0
4807,456186,195.0,11,119,0.053004,1.4064,True,False,wall,110.0,95.0,-10.0
4808,456286,170.0,11,100,0.053001,1.5759,True,False,body,110.0,70.0,-10.0
4809,456448,262.0,17,162,0.052995,1.3921,True,False,body,170.0,102.0,-10.0
4810,456669,367.0,19,221,0.052986,1.5803,True,False,body,190.0,187.0,-10.0
4811,456957,436.0,23,288,0.052976,1.382,True,False,body,230.0,216.0,-10.0
4812,457186,355.0,19,229,0.052967,1.344,True,False,body,190.0,175.0,-10.0
4813,457442,365.0,20,256,0.052958,1.3492,True,False,body,200.0,175.0,-10.0
4814,457556,220.0,13,114,0.052953,1.3946,True,False,wall,130.0,100.0,-10.0
4815,457775,345.0,17,219,0.052945,1.3394,True,False,body,170.0,185.0,-10.0
4816,457909,209.0,12,134,0.05294,1.3211,True,False,wall,120.0,99.0,-10.0
4817,458345,650.0,31,436,0.052924,1.4662,True,False,body,310.0,350.0,-10.0
4818,458357,10.0,1,12,0.052924,1.5093,True,False,wall,10.0,10.0,-10.0
4819,458605,394.0,25,248,0.052915,1.5675,True,False,body,250.0,154.0,-10.0
4820,458766,274.0,16,161,0.052909,1.4518,True,False,body,160.0,124.0,-10.0
4821,459068,482.0,27,302,0.052898,1.542,True,False,body,270.0,222.0,-10.0
4822,459229,274.0,16,161,0.052892,1.4552,True,False,body,160.0,124.0,-10.0
4823,459405,312.0,19,176,0.052886,1.3826,True,False,body,190.0,132.0,-10.0
4824,459497,156.0,9,92,0.052883,1.4217,True,False,wall,90.0,76.0,-10.0
4825,459528,54.0,4,31,0.052881,1.3951,True,False,body,40.0,24.0,-10.0
4826,459769,369.0,21,241,0.052873,1.3163,True,False,body,210.0,169.0,-10.0
4827,459808,53.0,3,39,0.052871,1.4538,True,False,body,30.0,33.0,-10.0
4828,459874,112.0,7,66,0.052869,1.2715,True,False,wall,70.0,52.0,-10.0
4829,460044,277.0,16,170,0.052863,1.3427,True,False,wall,160.0,127.0,-10.0
4830,460127,136.0,8,83,0.05286,1.3002,True,False,wall,80.0,66.0,-10.0
4831,460513,669.0,38,386,0.052846,1.3966,True,False,body,380.0,299.0,-10.0
4832,460761,411.0,22,248,0.052837,1.4566,True,False,body,220.0,201.0,-10.0
4833,460934,309.0,17,173,0.052831,1.4432,True,False,body,170.0,149.0,-10.0
4834,461176,369.0,18,242,0.052823,1.3554,True,False,body,180.0,199.0,-10.0
4835,461476,488.0,29,300,0.052812,1.381,True,False,wall,290.0,208.0,-10.0
4836,461723,352.0,16,247,0.052803,1.3524,True,False,body,160.0,202.0,-10.0
4837,462085,583.0,30,362,0.052791,1.3807,True,False,body,300.0,293.0,-10.0
4838,462191,157.0,8,106,0.052787,1.3638,True,False,wall,80.0,87.0,-10.0
4839,462262,130.0,8,71,0.052785,1.4301,True,False,wall,80.0,60.0,-10.0
4840,462419,253.0,15,157,0.052779,1.3342,True,False,wall,150.0,113.0,-10.0
4841,462683,402.0,23,264,0.05277,1.395,True,False,body,230.0,182.0,-10.0
4842,462782,145.0,7,99,0.052767,1.3464,True,False,body,70.0,85.0,-10.0
4843,463036,418.0,21,254,0.052758,1.4336,True,False,body,210.0,218.0,-10.0
4844,463372,513.0,24,336,0.052746,1.4847,True,False,body,240.0,283.0,-10.0
4845,463588,357.0,18,216,0.052739,1.4635,True,False,wall,180.0,187.0,-10.0
4846,463814,372.0,19,226,0.052731,1.4599,True,False,body,190.0,192.0,-10.0
4847,463832,21.0,2,18,0.052731,1.4512,True,False,wall,20.0,11.0,-10.0
4848,464120,470.0,23,288,0.052721,1.419,True,False,body,230.0,250.0,-10.0
4849,464156,52.0,3,36,0.052719,1.3726,True,False,body,30.0,32.0,-10.0
4850,464364,358.0,21,208,0.052712,1.3356,True,False,body,210.0,158.0,-10.0
4851,464452,145.0,8,88,0.052709,1.5012,True,False,body,80.0,75.0,-10.0
4852,464830,549.0,26,378,0.052697,1.3883,True,False,wall,260.0,299.0,-10.0
4853,464916,139.0,8,86,0.052694,1.3377,True,False,body,80.0,69.0,-10.0
4854,465105,305.0,17,189,0.052687,1.4149,True,False,body,170.0,145.0,-10.0
4855,465590,716.0,38,485,0.052671,1.4054,True,False,body,380.0,346.0,-10.0
4856,465921,515.0,27,331,0.05266,1.4532,True,False,body,270.0,255.0,-10.0
4857,465962,55.0,3,41,0.052659,1.6327,True,False,wall,30.0,35.0,-10.0
4858,466045,147.0,9,83,0.052656,1.5629,True,False,body,90.0,67.0,-10.0
4859,466197,223.0,12,152,0.052651,1.7579,True,False,body,120.0,113.0,-10.0
4860,466366,276.0,16,169,0.052645,1.6036,True,False,body,160.0,126.0,-10.0
4861,466525,258.0,14,159,0.05264,1.5391,True,False,body,140.0,128.0,-10.0
4862,466809,408.0,21,284,0.052631,1.5453,True,False,body,210.0,208.0,-10.0
4863,466853,67.0,4,44,0.052629,1.8053,True,False,body,40.0,37.0,-10.0
4864,466962,184.0,10,109,0.052626,1.4762,True,False,body,100.0,94.0,-10.0
4865,466987,41.0,3,25,0.052625,1.3529,True,False,wall,30.0,21.0,-10.0
4866,467143,267.0,14,156,0.05262,1.4093,True,False,wall,140.0,137.0,-10.0
4867,467256,156.0,8,113,0.052616,1.5699,True,False,wall,80.0,86.0,-10.0
4868,467607,494.0,24,351,0.052605,1.4302,True,False,body,240.0,264.0,-10.0
4869,467692,125.0,7,85,0.052602,1.3915,True,False,body,70.0,65.0,-10.0
4870,467772,144.0,9,80,0.052599,1.4714,True,False,body,90.0,64.0,-10.0
4871,468253,662.0,36,481,0.052584,1.4811,True,False,body,360.0,312.0,-10.0
4872,468514,355.0,19,261,0.052575,1.4409,True,False,wall,190.0,175.0,-10.0
4873,468640,202.0,11,126,0.052571,1.5093,True,False,body,110.0,102.0,-10.0
4874,468907,426.0,22,267,0.052563,1.4814,True,False,body,220.0,216.0,-10.0
4875,469023,193.0,12,116,0.052559,1.3564,True,False,wall,120.0,83.0,-10.0
4876,469164,261.0,17,141,0.052554,1.476,True,False,body,170.0,101.0,-10.0
4877,469349,260.0,12,185,0.052549,1.4612,True,False,body,120.0,150.0,-10.0
4878,469447,171.0,10,98,0.052545,1.4353,True,False,wall,100.0,81.0,-10.0
4879,469570,201.0,11,123,0.052542,1.3623,True,False,body,110.0,101.0,-10.0
4880,469667,155.0,9,97,0.052538,1.3602,True,False,body,90.0,75.0,-10.0
4881,469810,232.0,12,143,0.052534,1.3642,True,False,wall,120.0,122.0,-10.0
4882,470176,536.0,31,366,0.052522,1.4403,True,False,body,310.0,236.0,-10.0
4883,470192,23.0,2,16,0.052522,1.5537,True,False,wall,20.0,13.0,-10.0
4884,470247,83.0,5,55,0.05252,1.4825,True,False,wall,50.0,43.0,-10.0
4885,470291,67.0,4,44,0.052519,1.6251,True,False,wall,40.0,37.0,-10.0
4886,470322,34.0,2,31,0.052518,1.3972,True,False,wall,20.0,24.0,-10.0
4887,470517,275.0,15,195,0.052512,1.4553,True,False,wall,150.0,135.0,-10.0
4888,470649,232.0,13,132,0.052507,1.3805,True,False,wall,130.0,112.0,-10.0
4889,470766,188.0,10,117,0.052504,1.393,True,False,wall,100.0,98.0,-10.0
4890,471044,452.0,25,278,0.052495,1.3487,True,False,body,250.0,212.0,-10.0
4891,471267,417.0,25,223,0.052488,1.3886,True,False,body,250.0,177.0,-10.0
4892,471405,209.0,10,138,0.052484,1.3243,True,False,body,100.0,119.0,-10.0
4893,471452,79.0,5,47,0.052482,1.333,True,False,body,50.0,39.0,-10.0
4894,471566,196.0,11,114,0.052479,1.4186,True,False,body,110.0,96.0,-10.0
4895,471649,129.0,7,83,0.052476,1.3218,True,False,wall,70.0,69.0,-10.0
4896,471710,82.0,4,61,0.052474,1.5051,True,False,wall,40.0,52.0,-10.0
4897,471791,138.0,8,81,0.052472,1.4054,True,False,body,80.0,68.0,-10.0
4898,471878,144.0,8,87,0.052469,1.4656,True,False,body,80.0,74.0,-10.0
4899,472026,238.0,13,148,0.052465,1.5483,True,False,wall,130.0,118.0,-10.0
4900,472282,406.0,19,256,0.052457,1.365,True,False,body,190.0,226.0,-10.0
4901,472526,404.0,21,244,0.052449,1.488,True,False,body,210.0,204.0,-10.0
4902,472683,223.0,11,157,0.052445,1.4125,True,False,wall,110.0,123.0,-10.0
4903,472700,15.0,1,17,0.052444,1.3228,True,False,wall,10.0,15.0,-10.0
4904,472774,144.0,9,74,0.052442,1.251,True,False,body,90.0,64.0,-10.0
4905,473043,439.0,21,269,0.052434,1.356,True,False,body,210.0,239.0,-10.0
4906,473076,38.0,2,33,0.052433,1.5647,True,False,wall,20.0,28.0,-10.0
4907,473318,403.0,24,242,0.052425,1.4745,True,False,body,240.0,173.0,-10.0
4908,473512,300.0,15,194,0.052419,1.3857,True,False,wall,150.0,160.0,-10.0
4909,473955,633.0,33,443,0.052406,1.3932,True,False,body,330.0,313.0,-10.0
4910,474179,346.0,17,224,0.052399,1.6152,True,False,body,170.0,186.0,-10.0
4911,474243,109.0,8,64,0.052397,1.3871,True,False,body,80.0,39.0,-10.0
4912,474363,220.0,13,120,0.052394,1.5054,True,False,body,130.0,100.0,-10.0
4913,474585,340.0,19,222,0.052387,1.473,True,False,body,190.0,160.0,-10.0
4914,474928,512.0,30,343,0.052377,1.4179,True,False,wall,300.0,222.0,-10.0
4915,475126,335.0,18,198,0.052371,1.4941,True,False,wall,180.0,165.0,-10.0
4916,475157,43.0,3,31,0.05237,1.2421,True,False,wall,30.0,23.0,-10.0
4917,475572,666.0,34,415,0.052358,1.3884,True,False,body,340.0,336.0,-10.0
4918,475896,481.0,24,324,0.052348,1.41,True,False,body,240.0,251.0,-10.0
4919,475946,84.0,5,50,0.052347,1.7726,True,False,wall,50.0,44.0,-10.0
4920,476065,169.0,9,119,0.052343,1.4101,True,False,wall,90.0,89.0,-10.0
4921,476131,105.0,6,66,0.052341,1.5422,True,False,body,60.0,55.0,-10.0
4922,476353,367.0,20,222,0.052335,1.5951,True,False,body,200.0,177.0,-10.0
4923,476560,333.0,17,207,0.052329,1.5622,True,False,body,170.0,173.0,-10.0
4924,476768,351.0,18,208,0.052323,1.3389,True,False,body,180.0,181.0,-10.0
4925,476901,202.0,10,133,0.052319,1.3059,True,False,body,100.0,112.0,-10.0
4926,477121,341.0,18,220,0.052313,1.2889,True,False,body,180.0,171.0,-10.0
4927,477314,289.0,15,193,0.052307,1.2737,True,False,body,150.0,149.0,-10.0
4928,477410,159.0,10,96,0.052304,1.5071,True,False,body,100.0,69.0,-10.0
4929,477756,543.0,30,346,0.052294,1.4091,True,False,wall,300.0,253.0,-10.0
4930,477808,84.0,5,52,0.052293,1.3512,True,False,wall,50.0,44.0,-10.0
4931,477869,100.0,6,61,0.052291,1.2624,True,False,body,60.0,50.0,-10.0
4932,478231,553.0,28,362,0.052281,1.3659,True,False,body,280.0,283.0,-10.0
4933,478387,240.0,13,156,0.052276,1.4137,True,False,body,130.0,120.0,-10.0
4934,478659,390.0,19,272,0.052269,1.6148,True,False,body,190.0,210.0,-10.0
4935,478759,160.0,9,100,0.052266,1.4107,True,False,body,90.0,80.0,-10.0
4936,478903,218.0,11,144,0.052262,1.4322,True,False,wall,110.0,118.0,-10.0
4937,479133,331.0,16,230,0.052255,1.3693,True,False,wall,160.0,181.0,-10.0
4938,479156,30.0,2,23,0.052255,1.27,True,False,wall,20.0,20.0,-10.0
4939,479481,531.0,29,325,0.052245,1.3861,True,False,body,290.0,251.0,-10.0
4940,479636,263.0,15,155,0.052241,1.5283,True,False,wall,150.0,123.0,-10.0
4941,479673,49.0,3,37,0.05224,1.3176,True,False,body,30.0,29.0,-10.0
4942,479796,200.0,10,123,0.052237,1.3142,True,False,wall,100.0,110.0,-10.0
4943,479959,255.0,13,163,0.052232,1.3601,True,False,wall,130.0,135.0,-10.0
4944,480127,301.0,18,168,0.052227,1.3655,True,False,body,180.0,131.0,-10.0
4945,480304,261.0,13,177,0.052222,1.3445,True,False,body,130.0,141.0,-10.0
4946,480598,456.0,25,294,0.052214,1.4139,True,False,body,250.0,216.0,-10.0
4947,480658,92.0,5,60,0.052213,1.409,True,False,body,50.0,52.0,-10.0
4948,480688,33.0,2,30,0.052212,1.3998,True,False,wall,20.0,23.0,-10.0
4949,480841,262.0,16,153,0.052208,1.373,True,False,wall,160.0,112.0,-10.0
4950,480972,229.0,13,131,0.052204,1.6463,True,False,wall,130.0,109.0,-10.0
4951,481183,361.0,19,211,0.052198,1.4253,True,False,body,190.0,181.0,-10.0
4952,481464,433.0,23,281,0.05219,1.4017,True,False,body,230.0,213.0,-10.0
4953,481843,561.0,31,379,0.05218,1.3493,True,False,body,310.0,261.0,-10.0
4954,481962,166.0,8,119,0.052177,1.281,True,False,body,80.0,96.0,-10.0
4955,482212,397.0,22,250,0.05217,1.2884,True,False,body,220.0,187.0,-10.0
4956,482247,49.0,3,35,0.052169,1.3117,True,False,body,30.0,29.0,-10.0
4957,482489,410.0,21,242,0.052163,1.4113,True,False,wall,210.0,210.0,-10.0
4958,482579,118.0,5,90,0.05216,1.4074,True,False,wall,50.0,78.0,-10.0
4959,482621,68.0,5,42,0.052159,1.3338,True,False,body,50.0,28.0,-10.0
4960,482638,24.0,2,17,0.052159,1.7245,True,False,wall,20.0,14.0,-10.0
4961,482802,272.0,15,164,0.052154,1.2893,True,False,wall,150.0,132.0,-10.0
4962,483106,421.0,22,304,0.052146,1.4158,True,False,wall,220.0,211.0,-10.0
4963,483308,310.0,15,202,0.052141,1.3793,True,False,body,150.0,170.0,-10.0
4964,483510,370.0,21,202,0.052135,1.3555,True,False,wall,210.0,170.0,-10.0
4965,483744,348.0,19,234,0.052129,1.3551,True,False,body,190.0,168.0,-10.0
4966,484045,448.0,24,301,0.052121,1.3729,True,False,body,240.0,218.0,-10.0
4967,484204,278.0,16,159,0.052117,1.4576,True,False,body,160.0,128.0,-10.0
4968,484481,419.0,23,277,0.052109,1.3576,True,False,body,230.0,199.0,-10.0
4969,484571,138.0,7,90,0.052107,1.3587,True,False,wall,70.0,78.0,-10.0
4970,484885,514.0,27,314,0.052099,1.3976,True,False,body,270.0,254.0,-10.0
4971,484958,119.0,7,73,0.052097,1.5483,True,False,wall,70.0,59.0,-10.0
4972,485207,370.0,18,249,0.05209,1.5231,True,False,wall,180.0,200.0,-10.0
4973,485320,186.0,10,113,0.052087,1.8114,True,False,body,100.0,96.0,-10.0
4974,485378,104.0,7,58,0.052086,1.4512,True,False,body,70.0,44.0,-10.0
4975,485449,81.0,3,71,0.052084,1.3822,True,False,wall,30.0,61.0,-10.0
4976,485623,296.0,17,174,0.052079,1.3676,True,False,wall,170.0,136.0,-10.0
4977,485902,425.0,21,279,0.052072,1.3386,True,False,wall,210.0,225.0,-10.0
4978,486322,663.0,32,420,0.052061,1.374,True,False,body,320.0,353.0,-10.0
4979,486512,289.0,14,190,0.052056,1.2822,True,False,body,140.0,159.0,-10.0
4980,486624,165.0,10,112,0.052054,1.355,True,False,body,100.0,75.0,-10.0
4981,486795,276.0,16,171,0.052049,1.3307,True,False,body,160.0,126.0,-10.0
4982,487052,426.0,22,257,0.052043,1.3267,True,False,body,220.0,216.0,-10.0
4983,487106,64.0,3,54,0.052041,1.344,True,False,wall,30.0,44.0,-10.0
4984,487352,371.0,18,246,0.052035,1.3092,True,False,wall,180.0,201.0,-10.0
4985,487489,255.0,15,137,0.052032,1.4107,True,False,body,150.0,115.0,-10.0
4986,487649,279.0,16,160,0.052027,1.4279,True,False,body,160.0,129.0,-10.0
4987,488011,600.0,31,362,0.052018,1.3888,True,False,body,310.0,300.0,-10.0
4988,488217,339.0,18,206,0.052013,1.2765,True,False,body,180.0,169.0,-10.0
4989,488458,353.0,17,241,0.052007,1.452,True,False,body,170.0,193.0,-10.0
4990,488717,430.0,22,259,0.052001,1.4593,True,False,wall,220.0,220.0,-10.0
4991,488933,386.0,23,216,0.051995,1.3286,True,False,body,230.0,166.0,-10.0
4992,489016,151.0,9,83,0.051993,1.3127,True,False,body,90.0,71.0,-10.0
4993,489264,420.0,23,248,0.051987,1.3551,True,False,body,230.0,200.0,-10.0
4994,489418,246.0,13,154,0.051983,1.3429,True,False,body,130.0,126.0,-10.0
4995,489503,160.0,10,85,0.051981,1.2284,True,False,body,100.0,70.0,-10.0
4996,489621,189.0,10,118,0.051978,1.304,True,False,wall,100.0,99.0,-10.0
4997,489851,370.0,19,230,0.051972,1.3845,True,False,wall,190.0,190.0,-10.0
4998,490033,294.0,17,182,0.051968,1.3873,True,False,body,170.0,134.0,-10.0
4999,490650,807.0,45,617,0.051953,1.3622,True,False,body,450.0,367.0,-10.0
5000,490868,411.0,24,218,0.051947,1.353,True,False,body,240.0,181.0,-10.0
5001,490994,205.0,12,126,0.051944,1.3894,True,False,wall,120.0,95.0,-10.0
5002,491074,117.0,6,80,0.051942,1.324,True,False,body,60.0,67.0,-10.0
5003,491311,384.0,22,237,0.051937,1.3588,True,False,body,220.0,174.0,-10.0
5004,491488,320.0,18,177,0.051932,1.3349,True,False,wall,180.0,150.0,-10.0
5005,491512,38.0,3,24,0.051932,1.3186,True,False,body,30.0,18.0,-10.0
5006,491653,210.0,10,141,0.051928,1.3699,True,False,wall,100.0,120.0,-10.0
5007,491745,156.0,9,92,0.051926,1.508,True,False,body,90.0,76.0,-10.0
5008,491768,21.0,1,23,0.051926,1.4473,True,False,wall,10.0,21.0,-10.0
5009,492005,385.0,23,237,0.05192,1.3513,True,False,body,230.0,165.0,-10.0
5010,492042,53.0,3,37,0.051919,1.454,True,False,wall,30.0,33.0,-10.0
5011,492196,229.0,12,154,0.051915,1.354,True,False,body,120.0,119.0,-10.0
5012,492501,485.0,25,305,0.051908,1.3889,True,False,body,250.0,245.0,-10.0
5013,492652,288.0,18,151,0.051905,1.3342,True,False,body,180.0,118.0,-10.0
5014,492888,383.0,22,236,0.051899,1.3649,True,False,body,220.0,173.0,-10.0
5015,493053,269.0,15,165,0.051895,1.3989,True,False,wall,150.0,129.0,-10.0
5016,493260,352.0,20,207,0.05189,1.3386,True,False,body,200.0,162.0,-10.0
5017,493363,176.0,10,103,0.051888,1.3471,True,False,body,100.0,86.0,-10.0
5018,493760,555.0,27,397,0.051878,1.4478,True,False,body,270.0,295.0,-10.0
5019,494315,753.0,39,555,0.051865,1.3408,True,False,body,390.0,373.0,-10.0
5020,494341,40.0,3,26,0.051865,1.3954,True,False,body,30.0,20.0,-10.0
5021,494602,438.0,26,261,0.051859,1.3483,True,False,body,260.0,188.0,-10.0
5022,494916,495.0,26,314,0.051851,1.3559,True,False,body,260.0,245.0,-10.0
5023,495077,273.0,15,161,0.051848,1.6287,True,False,body,150.0,133.0,-10.0
5024,495442,513.0,27,365,0.051839,1.3876,True,False,wall,270.0,253.0,-10.0
5025,495490,71.0,4,48,0.051838,1.4037,True,False,body,40.0,41.0,-10.0
5026,495526,61.0,4,36,0.051837,1.3992,True,False,wall,40.0,31.0,-10.0
5027,495544,25.0,2,18,0.051837,1.3769,True,False,wall,20.0,15.0,-10.0
5028,495702,248.0,15,158,0.051833,1.4703,True,False,wall,150.0,108.0,-10.0
5029,495776,99.0,4,74,0.051832,1.4466,True,False,wall,40.0,69.0,-10.0
5030,495881,183.0,11,105,0.051829,1.3783,True,False,body,110.0,83.0,-10.0
5031,496019,228.0,13,138,0.051826,1.3612,True,False,body,130.0,108.0,-10.0
5032,496155,221.0,12,136,0.051823,1.2722,True,False,body,120.0,111.0,-10.0
5033,496418,424.0,24,263,0.051817,1.3386,True,False,body,240.0,194.0,-10.0
5034,496494,119.0,6,76,0.051815,1.3697,True,False,wall,60.0,69.0,-10.0
5035,496691,308.0,16,197,0.051811,1.4197,True,False,body,160.0,158.0,-10.0
5036,496933,396.0,21,242,0.051805,1.3782,True,False,body,210.0,196.0,-10.0
5037,497223,514.0,29,290,0.051799,1.3422,True,False,wall,290.0,234.0,-10.0
5038,497380,278.0,16,157,0.051795,1.3583,True,False,body,160.0,128.0,-10.0
5039,497534,241.0,12,154,0.051792,1.3411,True,False,body,120.0,131.0,-10.0
5040,497706,268.0,13,172,0.051788,1.3393,True,False,body,130.0,148.0,-10.0
5041,498006,426.0,23,300,0.051781,1.3576,True,False,body,230.0,206.0,-10.0
5042,498148,211.0,10,142,0.051778,1.3683,True,False,body,100.0,121.0,-10.0
5043,498304,272.0,15,156,0.051775,1.3458,True,False,body,150.0,132.0,-10.0
5044,498351,72.0,4,47,0.051774,1.3902,True,False,wall,40.0,42.0,-10.0
5045,498529,264.0,15,178,0.05177,1.3871,True,False,wall,150.0,124.0,-10.0
5046,498594,106.0,6,65,0.051768,1.4117,True,False,wall,60.0,56.0,-10.0
5047,498834,360.0,19,240,0.051763,1.4874,True,False,wall,190.0,180.0,-10.0
5048,499263,606.0,32,429,0.051753,1.3588,True,False,body,320.0,296.0,-10.0
5049,499488,371.0,19,225,0.051749,1.4283,True,False,body,190.0,191.0,-10.0
5050,499620,218.0,11,132,0.051746,1.3818,True,False,wall,110.0,118.0,-10.0
5051,499773,270.0,16,153,0.051742,1.3788,True,False,wall,160.0,120.0,-10.0
5052,500000,382.0,19,227,0.051737,1.3665,False,False,budget_cutoff,190.0,192.0,0.0
