episode,env_steps_total,episode_reward,score,survival_steps,epsilon,loss_mean,terminated,truncated,death_reason,fruit_reward_sum,distance_shaping_reward_sum,death_penalty_sum
0,129,-6.0,0,129,0.948775,0.0,True,False,wall,0.0,4.0,-10.0
1,161,-13.0,0,32,0.948472,0.0,True,False,wall,0.0,-3.0,-10.0
2,209,-13.0,0,48,0.948017,0.0,True,False,wall,0.0,-3.0,-10.0
3,240,-10.0,0,31,0.947723,0.0,True,False,wall,0.0,0.0,-10.0
4,320,-3.0,0,80,0.946965,1.8037,True,False,wall,0.0,7.0,-10.0
5,345,-18.0,0,25,0.946728,1.4228,True,False,wall,0.0,-8.0,-10.0
6,401,-17.0,0,56,0.946198,0.8768,True,False,wall,0.0,-7.0,-10.0
7,419,-6.0,1,18,0.946028,1.3978,True,False,wall,10.0,-6.0,-10.0
8,449,-11.0,0,30,0.945744,1.1672,True,False,wall,0.0,-1.0,-10.0
9,472,-22.0,0,23,0.945527,0.9591,True,False,wall,0.0,-12.0,-10.0
10,499,3.0,1,27,0.945271,1.142,True,False,wall,10.0,3.0,-10.0
11,542,-12.0,0,43,0.944865,0.9305,True,False,wall,0.0,-2.0,-10.0
12,574,-9.0,0,32,0.944563,1.769,True,False,wall,0.0,1.0,-10.0
13,655,-18.0,0,81,0.943798,0.813,True,False,wall,0.0,-8.0,-10.0
14,671,-19.0,0,16,0.943647,0.7129,True,False,wall,0.0,-9.0,-10.0
15,706,-20.0,0,35,0.943317,0.6331,True,False,wall,0.0,-10.0,-10.0
16,754,-9.0,0,48,0.942864,0.632,True,False,wall,0.0,1.0,-10.0
17,825,-18.0,0,71,0.942195,0.6484,True,False,wall,0.0,-8.0,-10.0
18,866,-14.0,0,41,0.941809,0.5802,True,False,wall,0.0,-4.0,-10.0
19,905,-12.0,0,39,0.941441,0.7372,True,False,wall,0.0,-2.0,-10.0
20,938,-16.0,0,33,0.941131,0.6906,True,False,wall,0.0,-6.0,-10.0
21,959,9.0,1,21,0.940933,0.6276,True,False,wall,10.0,9.0,-10.0
22,983,-13.0,0,24,0.940707,0.8864,True,False,wall,0.0,-3.0,-10.0
23,1082,-16.0,0,99,0.939776,0.4308,True,False,wall,0.0,-6.0,-10.0
24,1161,-4.0,0,79,0.939034,0.4454,True,False,wall,0.0,6.0,-10.0
25,1229,4.0,1,68,0.938396,0.4632,True,False,wall,10.0,4.0,-10.0
26,1270,-18.0,0,41,0.938011,0.6232,True,False,wall,0.0,-8.0,-10.0
27,1422,-23.0,0,152,0.936587,0.3322,True,False,wall,0.0,-13.0,-10.0
28,1456,-19.0,0,34,0.936268,0.3918,True,False,wall,0.0,-9.0,-10.0
29,1506,-19.0,0,50,0.9358,0.5424,True,False,wall,0.0,-9.0,-10.0
30,1524,-15.0,0,18,0.935632,0.5358,True,False,wall,0.0,-5.0,-10.0
31,1545,-6.0,0,21,0.935435,0.4888,True,False,wall,0.0,4.0,-10.0
32,1598,-1.0,1,53,0.93494,0.5154,True,False,wall,10.0,-1.0,-10.0
33,1696,-2.0,1,98,0.934024,0.437,True,False,wall,10.0,-2.0,-10.0
34,1733,-18.0,0,37,0.933678,0.4938,True,False,wall,0.0,-8.0,-10.0
35,1759,-8.0,1,26,0.933436,0.7241,True,False,wall,10.0,-8.0,-10.0
36,1780,-18.0,0,21,0.93324,0.6189,True,False,wall,0.0,-8.0,-10.0
37,1793,-18.0,0,13,0.933118,0.3622,True,False,wall,0.0,-8.0,-10.0
38,1822,-22.0,0,29,0.932848,0.3715,True,False,wall,0.0,-12.0,-10.0
39,1871,-18.0,0,49,0.932391,0.2904,True,False,wall,0.0,-8.0,-10.0
40,1896,-20.0,0,25,0.932158,0.4192,True,False,wall,0.0,-10.0,-10.0
41,1964,-11.0,0,68,0.931524,0.2063,True,False,wall,0.0,-1.0,-10.0
42,1978,-17.0,0,14,0.931394,0.3952,True,False,wall,0.0,-7.0,-10.0
43,2005,-4.0,0,27,0.931142,0.4185,True,False,wall,0.0,6.0,-10.0
44,2019,-15.0,0,14,0.931012,0.8162,True,False,wall,0.0,-5.0,-10.0
45,2070,-10.0,0,51,0.930537,0.4145,True,False,wall,0.0,0.0,-10.0
46,2088,-1.0,0,18,0.93037,0.3165,True,False,wall,0.0,9.0,-10.0
47,2150,-15.0,0,62,0.929793,0.5735,True,False,wall,0.0,-5.0,-10.0
48,2179,-2.0,0,29,0.929523,0.359,True,False,wall,0.0,8.0,-10.0
49,2211,-15.0,0,32,0.929226,0.4064,True,False,wall,0.0,-5.0,-10.0
50,2252,5.0,1,41,0.928845,0.332,True,False,wall,10.0,5.0,-10.0
51,2309,-20.0,0,57,0.928316,0.516,True,False,wall,0.0,-10.0,-10.0
52,2339,-7.0,0,30,0.928037,0.4754,True,False,wall,0.0,3.0,-10.0
53,2416,-6.0,0,77,0.927323,0.3736,True,False,wall,0.0,4.0,-10.0
54,2426,-7.0,0,10,0.92723,1.2941,True,False,wall,0.0,3.0,-10.0
55,2455,-14.0,0,29,0.926961,0.7708,True,False,wall,0.0,-4.0,-10.0
56,2496,-20.0,0,41,0.926581,0.6073,True,False,wall,0.0,-10.0,-10.0
57,2515,2.0,0,19,0.926405,1.4124,True,False,wall,0.0,12.0,-10.0
58,2562,-3.0,1,47,0.92597,0.9578,True,False,wall,10.0,-3.0,-10.0
59,2700,-1.0,0,138,0.924693,0.5894,True,False,wall,0.0,9.0,-10.0
60,2738,-3.0,0,38,0.924342,0.6855,True,False,wall,0.0,7.0,-10.0
61,2804,-8.0,1,66,0.923732,0.5261,True,False,wall,10.0,-8.0,-10.0
62,2840,-17.0,0,36,0.9234,0.6023,True,False,wall,0.0,-7.0,-10.0
63,2851,-16.0,0,11,0.923298,0.4087,True,False,wall,0.0,-6.0,-10.0
64,2864,-12.0,0,13,0.923178,0.4153,True,False,wall,0.0,-2.0,-10.0
65,2899,-8.0,0,35,0.922855,0.4829,True,False,wall,0.0,2.0,-10.0
66,2946,-10.0,0,47,0.922421,0.434,True,False,wall,0.0,0.0,-10.0
67,2988,-13.0,0,42,0.922034,0.3329,True,False,wall,0.0,-3.0,-10.0
68,3034,6.0,1,46,0.92161,0.3608,True,False,wall,10.0,6.0,-10.0
69,3062,-5.0,0,28,0.921352,0.3377,True,False,wall,0.0,5.0,-10.0
70,3106,-21.0,0,44,0.920947,0.5787,True,False,wall,0.0,-11.0,-10.0
71,3138,-19.0,0,32,0.920652,0.3744,True,False,wall,0.0,-9.0,-10.0
72,3178,-7.0,0,40,0.920284,0.2993,True,False,wall,0.0,3.0,-10.0
73,3290,0.0,1,112,0.919254,0.265,True,False,wall,10.0,0.0,-10.0
74,3338,-17.0,0,48,0.918812,0.349,True,False,wall,0.0,-7.0,-10.0
75,3364,-19.0,0,26,0.918574,0.2349,True,False,wall,0.0,-9.0,-10.0
76,3400,-21.0,0,36,0.918243,0.2154,True,False,wall,0.0,-11.0,-10.0
77,3447,-22.0,0,47,0.917811,0.2346,True,False,wall,0.0,-12.0,-10.0
78,3466,-18.0,0,19,0.917637,0.1945,True,False,wall,0.0,-8.0,-10.0
79,3560,-13.0,0,94,0.916775,0.3868,True,False,wall,0.0,-3.0,-10.0
80,3628,8.0,1,68,0.916152,0.3179,True,False,wall,10.0,8.0,-10.0
81,3673,-20.0,0,45,0.91574,0.5256,True,False,wall,0.0,-10.0,-10.0
82,3691,-9.0,0,18,0.915575,0.3132,True,False,wall,0.0,1.0,-10.0
83,3735,-19.0,0,44,0.915172,0.9095,True,False,wall,0.0,-9.0,-10.0
84,3788,3.0,1,53,0.914687,0.4365,True,False,wall,10.0,3.0,-10.0
85,3802,1.0,0,14,0.914559,0.3424,True,False,wall,0.0,11.0,-10.0
86,3815,-3.0,1,13,0.91444,0.7899,True,False,wall,10.0,-3.0,-10.0
87,3848,-2.0,0,33,0.914138,0.44,True,False,wall,0.0,8.0,-10.0
88,3900,-2.0,1,52,0.913663,0.3476,True,False,wall,10.0,-2.0,-10.0
89,3949,5.0,1,49,0.913216,0.3642,True,False,wall,10.0,5.0,-10.0
90,4008,-14.0,0,59,0.912677,0.3871,True,False,wall,0.0,-4.0,-10.0
91,4080,-9.0,0,72,0.91202,0.409,True,False,wall,0.0,1.0,-10.0
92,4099,-22.0,0,19,0.911847,0.4175,True,False,wall,0.0,-12.0,-10.0
93,4132,-16.0,0,33,0.911546,0.3381,True,False,wall,0.0,-6.0,-10.0
94,4142,-15.0,0,10,0.911455,0.257,True,False,wall,0.0,-5.0,-10.0
95,4247,-12.0,0,105,0.910498,0.382,True,False,wall,0.0,-2.0,-10.0
96,4274,-18.0,0,27,0.910252,0.4774,True,False,wall,0.0,-8.0,-10.0
97,4383,-12.0,0,109,0.909261,0.4176,True,False,wall,0.0,-2.0,-10.0
98,4441,-5.0,0,58,0.908734,0.2882,True,False,wall,0.0,5.0,-10.0
99,4455,-19.0,0,14,0.908606,0.2262,True,False,wall,0.0,-9.0,-10.0
100,4478,-20.0,0,23,0.908397,0.3931,True,False,wall,0.0,-10.0,-10.0
101,4517,-8.0,0,39,0.908043,0.5962,True,False,wall,0.0,2.0,-10.0
102,4539,-15.0,0,22,0.907843,0.3353,True,False,wall,0.0,-5.0,-10.0
103,4592,-20.0,0,53,0.907362,0.3529,True,False,wall,0.0,-10.0,-10.0
104,4605,-10.0,0,13,0.907245,0.2234,True,False,wall,0.0,0.0,-10.0
105,4659,-19.0,0,54,0.906755,0.2791,True,False,wall,0.0,-9.0,-10.0
106,4675,-13.0,0,16,0.90661,0.4102,True,False,wall,0.0,-3.0,-10.0
107,4728,-9.0,1,53,0.906129,0.2246,True,False,wall,10.0,-9.0,-10.0
108,4783,-22.0,0,55,0.905631,0.1851,True,False,wall,0.0,-12.0,-10.0
109,4805,-15.0,0,22,0.905432,0.2134,True,False,wall,0.0,-5.0,-10.0
110,4884,-12.0,0,79,0.904717,0.2662,True,False,wall,0.0,-2.0,-10.0
111,4935,-5.0,1,51,0.904256,0.2926,True,False,wall,10.0,-5.0,-10.0
112,4960,-6.0,0,25,0.904029,0.202,True,False,wall,0.0,4.0,-10.0
113,4996,-17.0,0,36,0.903704,0.1627,True,False,wall,0.0,-7.0,-10.0
114,5073,-20.0,0,77,0.903009,0.142,True,False,wall,0.0,-10.0,-10.0
115,5095,-13.0,0,22,0.90281,0.2511,True,False,wall,0.0,-3.0,-10.0
116,5126,-14.0,0,31,0.90253,0.2484,True,False,wall,0.0,-4.0,-10.0
117,5165,-20.0,0,39,0.902178,0.2651,True,False,wall,0.0,-10.0,-10.0
118,5268,5.0,1,103,0.901249,0.2288,True,False,wall,10.0,5.0,-10.0
119,5285,-8.0,0,17,0.901096,0.3266,True,False,wall,0.0,2.0,-10.0
120,5323,-17.0,0,38,0.900754,0.1569,True,False,wall,0.0,-7.0,-10.0
121,5421,6.0,1,98,0.899872,0.1653,True,False,wall,10.0,6.0,-10.0
122,5539,-7.0,0,118,0.89881,0.1733,True,False,wall,0.0,3.0,-10.0
123,5619,1.0,0,80,0.898092,0.1601,True,False,wall,0.0,11.0,-10.0
124,5663,-13.0,0,44,0.897696,0.145,True,False,wall,0.0,-3.0,-10.0
125,5692,-4.0,0,29,0.897436,0.2925,True,False,wall,0.0,6.0,-10.0
126,5745,11.0,1,53,0.896961,0.3196,True,False,wall,10.0,11.0,-10.0
127,5858,-14.0,0,113,0.895948,0.2051,True,False,wall,0.0,-4.0,-10.0
128,5881,0.0,0,23,0.895742,0.2012,True,False,wall,0.0,10.0,-10.0
129,5901,-21.0,0,20,0.895562,0.2644,True,False,wall,0.0,-11.0,-10.0
130,5931,-15.0,0,30,0.895294,0.58,True,False,wall,0.0,-5.0,-10.0
131,5944,-22.0,0,13,0.895177,0.3555,True,False,wall,0.0,-12.0,-10.0
132,5958,-17.0,0,14,0.895052,0.2609,True,False,wall,0.0,-7.0,-10.0
133,5986,-17.0,0,28,0.894802,0.4521,True,False,wall,0.0,-7.0,-10.0
134,6020,-9.0,0,34,0.894497,0.3608,True,False,wall,0.0,1.0,-10.0
135,6063,-10.0,0,43,0.894113,0.2571,True,False,wall,0.0,0.0,-10.0
136,6102,-24.0,0,39,0.893764,0.3113,True,False,wall,0.0,-14.0,-10.0
137,6114,-17.0,0,12,0.893657,0.212,True,False,wall,0.0,-7.0,-10.0
138,6180,-17.0,0,66,0.893067,0.2086,True,False,wall,0.0,-7.0,-10.0
139,6203,-16.0,0,23,0.892862,0.2876,True,False,wall,0.0,-6.0,-10.0
140,6345,-4.0,1,142,0.891595,0.2682,True,False,wall,10.0,-4.0,-10.0
141,6391,-1.0,0,46,0.891185,0.2616,True,False,wall,0.0,9.0,-10.0
142,6433,-6.0,1,42,0.890811,0.2774,True,False,wall,10.0,-6.0,-10.0
143,6496,-12.0,0,63,0.89025,0.2081,True,False,wall,0.0,-2.0,-10.0
144,6544,-17.0,0,48,0.889822,0.2321,True,False,wall,0.0,-7.0,-10.0
145,6574,6.0,1,30,0.889556,0.2156,True,False,wall,10.0,6.0,-10.0
146,6641,7.0,1,67,0.88896,0.2428,True,False,wall,10.0,7.0,-10.0
147,6739,-17.0,0,98,0.888089,0.2151,True,False,wall,0.0,-7.0,-10.0
148,6763,-17.0,0,24,0.887876,0.2296,True,False,wall,0.0,-7.0,-10.0
149,6859,-21.0,0,96,0.887024,0.1825,True,False,wall,0.0,-11.0,-10.0
150,6926,-14.0,0,67,0.88643,0.1921,True,False,wall,0.0,-4.0,-10.0
151,6983,-16.0,0,57,0.885925,0.2082,True,False,wall,0.0,-6.0,-10.0
152,7006,-16.0,0,23,0.885721,0.1848,True,False,wall,0.0,-6.0,-10.0
153,7099,11.0,1,93,0.884898,0.2034,True,False,wall,10.0,11.0,-10.0
154,7143,-13.0,0,44,0.884508,0.2162,True,False,wall,0.0,-3.0,-10.0
155,7238,20.0,2,95,0.883668,0.2522,True,False,wall,20.0,10.0,-10.0
156,7383,-18.0,0,145,0.882388,0.2378,True,False,wall,0.0,-8.0,-10.0
157,7442,-6.0,0,59,0.881868,0.3148,True,False,wall,0.0,4.0,-10.0
158,7467,-14.0,0,25,0.881647,0.2469,True,False,wall,0.0,-4.0,-10.0
159,7632,-10.0,0,165,0.880194,0.2295,True,False,wall,0.0,0.0,-10.0
160,7685,11.0,1,53,0.879727,0.2398,True,False,wall,10.0,11.0,-10.0
161,7723,-21.0,0,38,0.879393,0.1726,True,False,wall,0.0,-11.0,-10.0
162,7755,12.0,1,32,0.879112,0.2117,True,False,wall,10.0,12.0,-10.0
163,7780,-16.0,0,25,0.878892,0.2455,True,False,wall,0.0,-6.0,-10.0
164,7792,-11.0,0,12,0.878787,0.2168,True,False,wall,0.0,-1.0,-10.0
165,7910,37.0,2,118,0.87775,0.2553,True,False,wall,20.0,27.0,-10.0
166,7968,-13.0,0,58,0.877241,0.2977,True,False,wall,0.0,-3.0,-10.0
167,8002,-9.0,0,34,0.876943,0.25,True,False,wall,0.0,1.0,-10.0
168,8048,-17.0,0,46,0.87654,0.3406,True,False,wall,0.0,-7.0,-10.0
169,8071,-6.0,0,23,0.876338,0.2738,True,False,wall,0.0,4.0,-10.0
170,8108,-12.0,0,37,0.876014,0.3009,True,False,wall,0.0,-2.0,-10.0
171,8133,-18.0,0,25,0.875795,0.2494,True,False,wall,0.0,-8.0,-10.0
172,8187,-9.0,0,54,0.875322,0.215,True,False,wall,0.0,1.0,-10.0
173,8292,-4.0,0,105,0.874404,0.238,True,False,wall,0.0,6.0,-10.0
174,8371,3.0,1,79,0.873713,0.216,True,False,wall,10.0,3.0,-10.0
175,8398,-16.0,0,27,0.873477,0.2026,True,False,wall,0.0,-6.0,-10.0
176,8438,-5.0,0,40,0.873128,0.2326,True,False,wall,0.0,5.0,-10.0
177,8480,-7.0,0,42,0.872761,0.2788,True,False,wall,0.0,3.0,-10.0
178,8509,-4.0,0,29,0.872508,0.2607,True,False,wall,0.0,6.0,-10.0
179,8539,-15.0,0,30,0.872246,0.2129,True,False,wall,0.0,-5.0,-10.0
180,8567,-15.0,0,28,0.872002,0.2076,True,False,wall,0.0,-5.0,-10.0
181,8637,2.0,1,70,0.871392,0.2609,True,False,wall,10.0,2.0,-10.0
182,8775,12.0,1,138,0.87019,0.1745,True,False,wall,10.0,12.0,-10.0
183,8816,-22.0,0,41,0.869834,0.1696,True,False,wall,0.0,-12.0,-10.0
184,8879,-16.0,0,63,0.869286,0.1958,True,False,wall,0.0,-6.0,-10.0
185,8906,-14.0,0,27,0.869051,0.2582,True,False,wall,0.0,-4.0,-10.0
186,8970,-5.0,0,64,0.868495,0.2445,True,False,wall,0.0,5.0,-10.0
187,9020,-5.0,0,50,0.868061,0.2862,True,False,wall,0.0,5.0,-10.0
188,9050,-21.0,0,30,0.867801,0.2021,True,False,wall,0.0,-11.0,-10.0
189,9091,-8.0,0,41,0.867445,0.197,True,False,wall,0.0,2.0,-10.0
190,9102,-16.0,0,11,0.867349,0.1846,True,False,wall,0.0,-6.0,-10.0
191,9151,3.0,1,49,0.866925,0.1731,True,False,wall,10.0,3.0,-10.0
192,9289,10.0,1,138,0.865729,0.1681,True,False,wall,10.0,10.0,-10.0
193,9322,-18.0,0,33,0.865443,0.206,True,False,wall,0.0,-8.0,-10.0
194,9361,-6.0,0,39,0.865106,0.2243,True,False,wall,0.0,4.0,-10.0
195,9392,-12.0,0,31,0.864838,0.2004,True,False,wall,0.0,-2.0,-10.0
196,9415,-4.0,0,23,0.864639,0.1771,True,False,wall,0.0,6.0,-10.0
197,9543,-13.0,0,128,0.863533,0.1537,True,False,wall,0.0,-3.0,-10.0
198,9625,-13.0,0,82,0.862825,0.1187,True,False,wall,0.0,-3.0,-10.0
199,9666,-14.0,0,41,0.862471,0.2259,True,False,wall,0.0,-4.0,-10.0
200,9679,-5.0,1,13,0.862359,0.1914,True,False,wall,10.0,-5.0,-10.0
201,9694,0.0,0,15,0.86223,0.1875,True,False,wall,0.0,10.0,-10.0
202,9805,3.0,1,111,0.861273,0.2607,True,False,wall,10.0,3.0,-10.0
203,9873,8.0,1,68,0.860688,0.2134,True,False,wall,10.0,8.0,-10.0
204,9895,-7.0,0,22,0.860499,0.2416,True,False,wall,0.0,3.0,-10.0
205,9916,-8.0,0,21,0.860318,0.2215,True,False,wall,0.0,2.0,-10.0
206,9929,-14.0,0,13,0.860206,0.3675,True,False,wall,0.0,-4.0,-10.0
207,9957,-9.0,0,28,0.859965,0.2169,True,False,wall,0.0,1.0,-10.0
208,10109,13.0,2,152,0.858659,0.3086,True,False,wall,20.0,3.0,-10.0
209,10146,3.0,1,37,0.858341,0.3084,True,False,wall,10.0,3.0,-10.0
210,10183,-16.0,0,37,0.858024,0.2452,True,False,wall,0.0,-6.0,-10.0
211,10219,-11.0,0,36,0.857715,0.1948,True,False,wall,0.0,-1.0,-10.0
212,10238,-4.0,0,19,0.857552,0.344,True,False,wall,0.0,6.0,-10.0
213,10281,1.0,1,43,0.857183,0.2384,True,False,wall,10.0,1.0,-10.0
214,10316,-10.0,0,35,0.856884,0.2108,True,False,wall,0.0,0.0,-10.0
215,10337,-4.0,0,21,0.856704,0.2171,True,False,wall,0.0,6.0,-10.0
216,10357,-23.0,0,20,0.856532,0.1689,True,False,wall,0.0,-13.0,-10.0
217,10390,-10.0,0,33,0.85625,0.1673,True,False,wall,0.0,0.0,-10.0
218,10551,11.0,1,161,0.854872,0.1742,True,False,wall,10.0,11.0,-10.0
219,10589,4.0,1,38,0.854547,0.1713,True,False,wall,10.0,4.0,-10.0
220,10662,-18.0,0,73,0.853924,0.2325,True,False,wall,0.0,-8.0,-10.0
221,10748,2.0,1,86,0.85319,0.2111,True,False,wall,10.0,2.0,-10.0
222,10762,-11.0,0,14,0.85307,0.1716,True,False,wall,0.0,-1.0,-10.0
223,10784,-17.0,0,22,0.852883,0.1894,True,False,wall,0.0,-7.0,-10.0
224,10875,-20.0,0,91,0.852107,0.204,True,False,wall,0.0,-10.0,-10.0
225,10931,20.0,1,56,0.85163,0.2061,True,False,wall,10.0,20.0,-10.0
226,10976,-6.0,0,45,0.851247,0.2458,True,False,wall,0.0,4.0,-10.0
227,11040,-9.0,0,64,0.850702,0.2953,True,False,wall,0.0,1.0,-10.0
228,11052,-19.0,0,12,0.8506,0.2627,True,False,wall,0.0,-9.0,-10.0
229,11106,-9.0,0,54,0.850141,0.2768,True,False,wall,0.0,1.0,-10.0
230,11120,2.0,1,14,0.850022,0.4116,True,False,wall,10.0,2.0,-10.0
231,11176,-13.0,0,56,0.849546,0.298,True,False,wall,0.0,-3.0,-10.0
232,11198,-17.0,0,22,0.849359,0.2788,True,False,wall,0.0,-7.0,-10.0
233,11218,-15.0,0,20,0.849189,0.2528,True,False,wall,0.0,-5.0,-10.0
234,11261,-10.0,0,43,0.848824,0.2096,True,False,wall,0.0,0.0,-10.0
235,11308,-7.0,1,47,0.848425,0.2493,True,False,wall,10.0,-7.0,-10.0
236,11359,-20.0,0,51,0.847993,0.2393,True,False,wall,0.0,-10.0,-10.0
237,11428,-10.0,0,69,0.847408,0.2227,True,False,wall,0.0,0.0,-10.0
238,11517,-16.0,0,89,0.846654,0.2164,True,False,wall,0.0,-6.0,-10.0
239,11597,-9.0,0,80,0.845977,0.1741,True,False,wall,0.0,1.0,-10.0
240,11653,-7.0,0,56,0.845503,0.1776,True,False,wall,0.0,3.0,-10.0
241,11672,-4.0,0,19,0.845343,0.1947,True,False,wall,0.0,6.0,-10.0
242,11788,-9.0,0,116,0.844363,0.2172,True,False,wall,0.0,1.0,-10.0
243,11801,5.0,1,13,0.844253,0.3823,True,False,wall,10.0,5.0,-10.0
244,11835,-7.0,0,34,0.843966,0.2557,True,False,wall,0.0,3.0,-10.0
245,11872,-18.0,0,37,0.843654,0.2191,True,False,wall,0.0,-8.0,-10.0
246,11912,-21.0,0,40,0.843316,0.2007,True,False,wall,0.0,-11.0,-10.0
247,11983,5.0,1,71,0.842718,0.1967,True,False,wall,10.0,5.0,-10.0
248,12017,-15.0,0,34,0.842431,0.2389,True,False,wall,0.0,-5.0,-10.0
249,12110,5.0,1,93,0.841648,0.2193,True,False,wall,10.0,5.0,-10.0
250,12122,-13.0,0,12,0.841547,0.2328,True,False,wall,0.0,-3.0,-10.0
251,12239,-8.0,0,117,0.840563,0.1933,True,False,wall,0.0,2.0,-10.0
252,12260,-1.0,1,21,0.840387,0.2004,True,False,wall,10.0,-1.0,-10.0
253,12294,2.0,1,34,0.840101,0.2063,True,False,wall,10.0,2.0,-10.0
254,12316,-13.0,0,22,0.839916,0.1933,True,False,wall,0.0,-3.0,-10.0
255,12409,-18.0,0,93,0.839135,0.2261,True,False,wall,0.0,-8.0,-10.0
256,12450,-6.0,0,41,0.838791,0.2041,True,False,wall,0.0,4.0,-10.0
257,12468,-17.0,0,18,0.83864,0.1815,True,False,wall,0.0,-7.0,-10.0
258,12504,-21.0,0,36,0.838339,0.2221,True,False,wall,0.0,-11.0,-10.0
259,12557,-12.0,0,53,0.837894,0.2466,True,False,wall,0.0,-2.0,-10.0
260,12822,34.0,2,265,0.835677,0.1937,True,False,wall,20.0,24.0,-10.0
261,12874,-5.0,0,52,0.835242,0.1726,True,False,wall,0.0,5.0,-10.0
262,12910,-3.0,0,36,0.834942,0.1694,True,False,wall,0.0,7.0,-10.0
263,12954,-17.0,0,44,0.834574,0.1823,True,False,wall,0.0,-7.0,-10.0
264,12966,-15.0,0,12,0.834474,0.2125,True,False,wall,0.0,-5.0,-10.0
265,12994,-11.0,0,28,0.834241,0.2974,True,False,wall,0.0,-1.0,-10.0
266,13020,-17.0,0,26,0.834024,0.3272,True,False,wall,0.0,-7.0,-10.0
267,13091,20.0,2,71,0.833432,0.2427,True,False,wall,20.0,10.0,-10.0
268,13106,-14.0,0,15,0.833307,0.2282,True,False,wall,0.0,-4.0,-10.0
269,13167,-6.0,0,61,0.832799,0.2145,True,False,wall,0.0,4.0,-10.0
270,13205,-21.0,0,38,0.832482,0.2038,True,False,wall,0.0,-11.0,-10.0
271,13266,-3.0,1,61,0.831975,0.1973,True,False,wall,10.0,-3.0,-10.0
272,13321,-12.0,0,55,0.831517,0.1828,True,False,wall,0.0,-2.0,-10.0
273,13374,-6.0,0,53,0.831077,0.187,True,False,wall,0.0,4.0,-10.0
274,13481,-14.0,0,107,0.830188,0.1746,True,False,wall,0.0,-4.0,-10.0
275,13570,9.0,1,89,0.829449,0.1645,True,False,wall,10.0,9.0,-10.0
276,13611,-16.0,0,41,0.829109,0.1643,True,False,wall,0.0,-6.0,-10.0
277,13630,-10.0,0,19,0.828952,0.1729,True,False,wall,0.0,0.0,-10.0
278,13650,-19.0,0,20,0.828786,0.6055,True,False,wall,0.0,-9.0,-10.0
279,13792,4.0,1,142,0.82761,0.2524,True,False,wall,10.0,4.0,-10.0
280,13833,-4.0,0,41,0.827271,0.2401,True,False,wall,0.0,6.0,-10.0
281,13856,-18.0,0,23,0.82708,0.2962,True,False,wall,0.0,-8.0,-10.0
282,13901,-14.0,0,45,0.826708,0.2507,True,False,wall,0.0,-4.0,-10.0
283,13944,-14.0,0,43,0.826353,0.1921,True,False,wall,0.0,-4.0,-10.0
284,13973,-14.0,0,29,0.826113,0.2666,True,False,wall,0.0,-4.0,-10.0
285,13990,-12.0,0,17,0.825973,0.2396,True,False,wall,0.0,-2.0,-10.0
286,14051,-2.0,0,61,0.825469,0.2988,True,False,wall,0.0,8.0,-10.0
287,14124,-14.0,0,73,0.824867,0.2619,True,False,wall,0.0,-4.0,-10.0
288,14150,-15.0,0,26,0.824652,0.2214,True,False,wall,0.0,-5.0,-10.0
289,14178,4.0,1,28,0.824422,0.3109,True,False,wall,10.0,4.0,-10.0
290,14206,-9.0,0,28,0.824191,0.2375,True,False,wall,0.0,1.0,-10.0
291,14269,-12.0,0,63,0.823672,0.2309,True,False,wall,0.0,-2.0,-10.0
292,14323,-1.0,0,54,0.823227,0.2549,True,False,wall,0.0,9.0,-10.0
293,14401,-17.0,0,78,0.822585,0.2626,True,False,wall,0.0,-7.0,-10.0
294,14420,-6.0,0,19,0.822429,0.2234,True,False,wall,0.0,4.0,-10.0
295,14559,-5.0,1,139,0.821286,0.2085,True,False,wall,10.0,-5.0,-10.0
296,14600,-10.0,0,41,0.82095,0.2065,True,False,wall,0.0,0.0,-10.0
297,14715,-16.0,0,115,0.820006,0.2234,True,False,wall,0.0,-6.0,-10.0
298,14743,-11.0,0,28,0.819777,0.3008,True,False,wall,0.0,-1.0,-10.0
299,14777,-11.0,0,34,0.819498,0.2849,True,False,wall,0.0,-1.0,-10.0
300,14801,14.0,1,24,0.819301,0.2364,True,False,wall,10.0,14.0,-10.0
301,14852,-8.0,0,51,0.818884,0.2427,True,False,wall,0.0,2.0,-10.0
302,14873,-10.0,0,21,0.818712,0.3681,True,False,wall,0.0,0.0,-10.0
303,14991,8.0,1,118,0.817746,0.2915,True,False,wall,10.0,8.0,-10.0
304,15033,-1.0,0,42,0.817403,0.2242,True,False,wall,0.0,9.0,-10.0
305,15056,3.0,1,23,0.817215,0.2212,True,False,wall,10.0,3.0,-10.0
306,15095,-20.0,0,39,0.816896,0.2255,True,False,wall,0.0,-10.0,-10.0
307,15204,5.0,1,109,0.816006,0.2193,True,False,wall,10.0,5.0,-10.0
308,15246,4.0,1,42,0.815664,0.2275,True,False,wall,10.0,4.0,-10.0
309,15315,-22.0,0,69,0.815101,0.2464,True,False,wall,0.0,-12.0,-10.0
310,15373,2.0,1,58,0.814628,0.3143,True,False,wall,10.0,2.0,-10.0
311,15442,-14.0,0,69,0.814066,0.261,True,False,wall,0.0,-4.0,-10.0
312,15484,-1.0,0,42,0.813725,0.239,True,False,wall,0.0,9.0,-10.0
313,15514,-7.0,0,30,0.813481,0.2118,True,False,wall,0.0,3.0,-10.0
314,15554,-3.0,0,40,0.813155,0.3488,True,False,wall,0.0,7.0,-10.0
315,15570,-1.0,0,16,0.813025,0.2446,True,False,wall,0.0,9.0,-10.0
316,15656,-3.0,0,86,0.812326,0.2721,True,False,wall,0.0,7.0,-10.0
317,15750,0.0,1,94,0.811563,0.2482,True,False,wall,10.0,0.0,-10.0
318,15845,-1.0,1,95,0.810792,0.2266,True,False,wall,10.0,-1.0,-10.0
319,15925,-5.0,0,80,0.810144,0.2661,True,False,wall,0.0,5.0,-10.0
320,16012,-12.0,0,87,0.809439,0.2418,True,False,wall,0.0,-2.0,-10.0
321,16033,-16.0,0,21,0.809269,0.2079,True,False,wall,0.0,-6.0,-10.0
322,16049,-15.0,0,16,0.80914,0.3965,True,False,wall,0.0,-5.0,-10.0
323,16120,-22.0,0,71,0.808566,0.2349,True,False,wall,0.0,-12.0,-10.0
324,16160,-13.0,0,40,0.808242,0.2738,True,False,wall,0.0,-3.0,-10.0
325,16233,15.0,1,73,0.807653,0.2622,True,False,wall,10.0,15.0,-10.0
326,16303,8.0,1,70,0.807087,0.2594,True,False,wall,10.0,8.0,-10.0
327,16327,-9.0,0,24,0.806894,0.2486,True,False,wall,0.0,1.0,-10.0
328,16386,9.0,1,59,0.806418,0.187,True,False,wall,10.0,9.0,-10.0
329,16407,-8.0,0,21,0.806248,0.2085,True,False,wall,0.0,2.0,-10.0
330,16532,-16.0,0,125,0.805241,0.209,True,False,wall,0.0,-6.0,-10.0
331,16560,-7.0,0,28,0.805016,0.2073,True,False,wall,0.0,3.0,-10.0
332,16583,-22.0,0,23,0.804831,0.1841,True,False,wall,0.0,-12.0,-10.0
333,16840,-11.0,1,257,0.802765,0.1906,True,False,wall,10.0,-11.0,-10.0
334,16910,-17.0,0,70,0.802203,0.1753,True,False,wall,0.0,-7.0,-10.0
335,16925,0.0,0,15,0.802083,0.1691,True,False,wall,0.0,10.0,-10.0
336,16958,11.0,1,33,0.801818,0.1743,True,False,wall,10.0,11.0,-10.0
337,17067,-4.0,0,109,0.800945,0.2324,True,False,wall,0.0,6.0,-10.0
338,17163,-17.0,0,96,0.800176,0.2061,True,False,wall,0.0,-7.0,-10.0
339,17252,-2.0,0,89,0.799464,0.1711,True,False,wall,0.0,8.0,-10.0
340,17328,-5.0,0,76,0.798857,0.1966,True,False,wall,0.0,5.0,-10.0
341,17425,5.0,1,97,0.798083,0.2554,True,False,wall,10.0,5.0,-10.0
342,17492,-20.0,0,67,0.797548,0.2499,True,False,wall,0.0,-10.0,-10.0
343,17511,0.0,0,19,0.797396,0.2094,True,False,wall,0.0,10.0,-10.0
344,17660,11.0,1,149,0.796209,0.1948,True,False,wall,10.0,11.0,-10.0
345,17705,-8.0,0,45,0.795851,0.1838,True,False,wall,0.0,2.0,-10.0
346,17753,-3.0,0,48,0.795469,0.2291,True,False,wall,0.0,7.0,-10.0
347,17815,-1.0,0,62,0.794976,0.2694,True,False,wall,0.0,9.0,-10.0
348,17871,-11.0,0,56,0.794531,0.2165,True,False,wall,0.0,-1.0,-10.0
349,17914,-18.0,0,43,0.794189,0.339,True,False,wall,0.0,-8.0,-10.0
350,17959,-10.0,0,45,0.793832,0.2931,True,False,wall,0.0,0.0,-10.0
351,17988,-16.0,0,29,0.793602,0.2201,True,False,wall,0.0,-6.0,-10.0
352,18037,-12.0,0,49,0.793213,0.2542,True,False,wall,0.0,-2.0,-10.0
353,18090,-5.0,1,53,0.792793,0.3057,True,False,wall,10.0,-5.0,-10.0
354,18179,-8.0,0,89,0.792088,0.2412,True,False,wall,0.0,2.0,-10.0
355,18211,-9.0,0,32,0.791834,0.2832,True,False,wall,0.0,1.0,-10.0
356,18234,-4.0,0,23,0.791652,0.2692,True,False,wall,0.0,6.0,-10.0
357,18270,10.0,1,36,0.791367,0.2065,True,False,wall,10.0,10.0,-10.0
358,18304,-11.0,0,34,0.791098,0.2277,True,False,wall,0.0,-1.0,-10.0
359,18359,-16.0,0,55,0.790663,0.1993,True,False,wall,0.0,-6.0,-10.0
360,18399,-7.0,0,40,0.790347,0.2052,True,False,wall,0.0,3.0,-10.0
361,18475,15.0,2,76,0.789746,0.2091,True,False,wall,20.0,5.0,-10.0
362,18522,-6.0,0,47,0.789375,0.1722,True,False,wall,0.0,4.0,-10.0
363,18616,-3.0,0,94,0.788634,0.178,True,False,wall,0.0,7.0,-10.0
364,18672,-17.0,0,56,0.788192,0.1838,True,False,wall,0.0,-7.0,-10.0
365,18721,-14.0,0,49,0.787806,0.171,True,False,wall,0.0,-4.0,-10.0
366,18850,-9.0,1,129,0.78679,0.1742,True,False,wall,10.0,-9.0,-10.0
367,18886,0.0,1,36,0.786507,0.1928,True,False,wall,10.0,0.0,-10.0
368,18977,-4.0,0,91,0.785792,0.1618,True,False,wall,0.0,6.0,-10.0
369,19032,-8.0,0,55,0.78536,0.1779,True,False,wall,0.0,2.0,-10.0
370,19055,-20.0,0,23,0.785179,0.1763,True,False,wall,0.0,-10.0,-10.0
371,19148,14.0,2,93,0.784449,0.1761,True,False,wall,20.0,4.0,-10.0
372,19219,5.0,1,71,0.783893,0.2179,True,False,wall,10.0,5.0,-10.0
373,19232,-8.0,0,13,0.783791,0.186,True,False,wall,0.0,2.0,-10.0
374,19279,-16.0,0,47,0.783422,0.2419,True,False,wall,0.0,-6.0,-10.0
375,19423,6.0,1,144,0.782295,0.3189,True,False,wall,10.0,6.0,-10.0
376,19490,-1.0,1,67,0.781771,0.2255,True,False,wall,10.0,-1.0,-10.0
377,19551,-12.0,0,61,0.781294,0.1943,True,False,wall,0.0,-2.0,-10.0
378,19602,-16.0,0,51,0.780896,0.1897,True,False,wall,0.0,-6.0,-10.0
379,19771,9.0,1,169,0.779577,0.1735,True,False,wall,10.0,9.0,-10.0
380,19812,-8.0,0,41,0.779258,0.1799,True,False,wall,0.0,2.0,-10.0
381,19863,-8.0,0,51,0.778861,0.1711,True,False,wall,0.0,2.0,-10.0
382,19890,-6.0,0,27,0.77865,0.1613,True,False,wall,0.0,4.0,-10.0
383,19968,-5.0,0,78,0.778043,0.1679,True,False,wall,0.0,5.0,-10.0
384,20041,-3.0,1,73,0.777475,0.1672,True,False,wall,10.0,-3.0,-10.0
385,20063,6.0,1,22,0.777304,0.1741,True,False,wall,10.0,6.0,-10.0
386,20088,-12.0,0,25,0.77711,0.1986,True,False,wall,0.0,-2.0,-10.0
387,20119,0.0,0,31,0.776869,0.226,True,False,wall,0.0,10.0,-10.0
388,20151,-6.0,1,32,0.776621,0.1845,True,False,wall,10.0,-6.0,-10.0
389,20194,-16.0,0,43,0.776287,0.202,True,False,wall,0.0,-6.0,-10.0
390,20209,-2.0,0,15,0.77617,0.2002,True,False,wall,0.0,8.0,-10.0
391,20295,37.0,2,86,0.775503,0.2043,True,False,wall,20.0,27.0,-10.0
392,20306,-2.0,0,11,0.775418,0.1871,True,False,wall,0.0,8.0,-10.0
393,20351,15.0,1,45,0.775069,0.272,True,False,wall,10.0,15.0,-10.0
394,20373,8.0,1,22,0.774898,0.2058,True,False,wall,10.0,8.0,-10.0
395,20404,-2.0,0,31,0.774658,0.2298,True,False,wall,0.0,8.0,-10.0
396,20462,-15.0,0,58,0.774209,0.2267,True,False,wall,0.0,-5.0,-10.0
397,20554,-15.0,0,92,0.773497,0.2189,True,False,wall,0.0,-5.0,-10.0
398,20592,-11.0,0,38,0.773203,0.2377,True,False,wall,0.0,-1.0,-10.0
399,20623,-2.0,0,31,0.772964,0.19,True,False,wall,0.0,8.0,-10.0
400,20649,-7.0,0,26,0.772763,0.1783,True,False,wall,0.0,3.0,-10.0
401,20764,16.0,2,115,0.771875,0.2333,True,False,wall,20.0,6.0,-10.0
402,20804,-19.0,0,40,0.771566,0.2026,True,False,wall,0.0,-9.0,-10.0
403,20816,-7.0,0,12,0.771473,0.1863,True,False,wall,0.0,3.0,-10.0
404,20855,-6.0,0,39,0.771172,0.1785,True,False,wall,0.0,4.0,-10.0
405,20916,-12.0,0,61,0.770702,0.2019,True,False,wall,0.0,-2.0,-10.0
406,21092,-17.0,0,176,0.769347,0.1854,True,False,wall,0.0,-7.0,-10.0
407,21114,-3.0,0,22,0.769178,0.2707,True,False,wall,0.0,7.0,-10.0
408,21181,19.0,1,67,0.768662,0.1925,True,False,wall,10.0,19.0,-10.0
409,21199,-5.0,0,18,0.768524,0.1984,True,False,wall,0.0,5.0,-10.0
410,21391,-6.0,1,192,0.76705,0.2167,True,False,wall,10.0,-6.0,-10.0
411,21426,-14.0,0,35,0.766782,0.3892,True,False,wall,0.0,-4.0,-10.0
412,21448,2.0,1,22,0.766613,0.2089,True,False,wall,10.0,2.0,-10.0
413,21488,17.0,2,40,0.766306,0.2116,True,False,wall,20.0,7.0,-10.0
414,21601,13.0,1,113,0.765441,0.2416,True,False,wall,10.0,13.0,-10.0
415,21720,32.0,2,119,0.764531,0.245,True,False,wall,20.0,22.0,-10.0
416,21792,12.0,1,72,0.76398,0.2466,True,False,wall,10.0,12.0,-10.0
417,21833,9.0,1,41,0.763667,0.2628,True,False,wall,10.0,9.0,-10.0
418,21866,-10.0,0,33,0.763415,0.3337,True,False,wall,0.0,0.0,-10.0
419,22011,19.0,1,145,0.762309,0.2328,True,False,wall,10.0,19.0,-10.0
420,22091,-7.0,0,80,0.761699,0.1831,True,False,wall,0.0,3.0,-10.0
421,22133,1.0,0,42,0.76138,0.1883,True,False,wall,0.0,11.0,-10.0
422,22173,-15.0,0,40,0.761075,0.1913,True,False,wall,0.0,-5.0,-10.0
423,22196,-8.0,0,23,0.7609,0.2029,True,False,wall,0.0,2.0,-10.0
424,22219,-4.0,0,23,0.760725,0.3009,True,False,wall,0.0,6.0,-10.0
425,22254,3.0,1,35,0.760459,0.2839,True,False,wall,10.0,3.0,-10.0
426,22343,-12.0,0,89,0.759782,0.2618,True,False,wall,0.0,-2.0,-10.0
427,22399,-5.0,0,56,0.759357,0.2812,True,False,wall,0.0,5.0,-10.0
428,22419,-17.0,0,20,0.759205,0.2043,True,False,wall,0.0,-7.0,-10.0
429,22476,-3.0,1,57,0.758772,0.2277,True,False,wall,10.0,-3.0,-10.0
430,22540,-7.0,0,64,0.758287,0.2245,True,False,wall,0.0,3.0,-10.0
431,22570,-17.0,0,30,0.75806,0.3701,True,False,wall,0.0,-7.0,-10.0
432,22636,-9.0,0,66,0.757559,0.213,True,False,wall,0.0,1.0,-10.0
433,22670,-7.0,0,34,0.757302,0.2191,True,False,wall,0.0,3.0,-10.0
434,22701,-16.0,0,31,0.757067,0.1978,True,False,wall,0.0,-6.0,-10.0
435,22854,24.0,2,153,0.75591,0.257,True,False,wall,20.0,14.0,-10.0
436,22918,6.0,1,64,0.755426,0.243,True,False,wall,10.0,6.0,-10.0
437,22978,-11.0,0,60,0.754973,0.2525,True,False,wall,0.0,-1.0,-10.0
438,22995,-8.0,0,17,0.754845,0.2129,True,False,wall,0.0,2.0,-10.0
439,23029,-19.0,0,34,0.754588,0.2231,True,False,wall,0.0,-9.0,-10.0
440,23258,3.0,1,229,0.752862,0.2108,True,False,wall,10.0,3.0,-10.0
441,23276,-5.0,0,18,0.752727,0.1804,True,False,wall,0.0,5.0,-10.0
442,23302,-1.0,0,26,0.752531,0.1961,True,False,wall,0.0,9.0,-10.0
443,23367,-6.0,0,65,0.752042,0.1943,True,False,wall,0.0,4.0,-10.0
444,23465,16.0,1,98,0.751305,0.19,True,False,wall,10.0,16.0,-10.0
445,23508,11.0,1,43,0.750982,0.2031,True,False,wall,10.0,11.0,-10.0
446,23678,39.0,2,170,0.749707,0.2152,True,False,wall,20.0,29.0,-10.0
447,23710,2.0,1,32,0.749467,0.1977,True,False,wall,10.0,2.0,-10.0
448,23863,21.0,1,153,0.748321,0.2203,True,False,wall,10.0,21.0,-10.0
449,23973,-19.0,0,110,0.747498,0.2139,True,False,wall,0.0,-9.0,-10.0
450,24229,31.0,2,256,0.745587,0.2011,True,False,wall,20.0,21.0,-10.0
451,24246,-12.0,0,17,0.74546,0.166,True,False,wall,0.0,-2.0,-10.0
452,24263,-16.0,0,17,0.745334,0.2005,True,False,wall,0.0,-6.0,-10.0
453,24285,-7.0,0,22,0.74517,0.2044,True,False,wall,0.0,3.0,-10.0
454,24334,3.0,1,49,0.744805,0.2037,True,False,wall,10.0,3.0,-10.0
455,24572,8.0,1,238,0.743034,0.1926,True,False,wall,10.0,8.0,-10.0
456,24624,-15.0,0,52,0.742648,0.1835,True,False,wall,0.0,-5.0,-10.0
457,24638,-2.0,1,14,0.742544,0.2246,True,False,wall,10.0,-2.0,-10.0
458,24749,-3.0,1,111,0.74172,0.2078,True,False,wall,10.0,-3.0,-10.0
459,24763,6.0,1,14,0.741616,0.1983,True,False,wall,10.0,6.0,-10.0
460,24786,3.0,1,23,0.741446,0.2242,True,False,wall,10.0,3.0,-10.0
461,24803,-10.0,0,17,0.74132,0.2322,True,False,wall,0.0,0.0,-10.0
462,24878,32.0,2,75,0.740764,0.2594,True,False,wall,20.0,22.0,-10.0
463,24988,14.0,1,110,0.73995,0.2637,True,False,wall,10.0,14.0,-10.0
464,25068,8.0,1,80,0.739358,0.259,True,False,wall,10.0,8.0,-10.0
465,25110,-9.0,0,42,0.739047,0.2784,True,False,wall,0.0,1.0,-10.0
466,25138,0.0,1,28,0.73884,0.2364,True,False,wall,10.0,0.0,-10.0
467,25175,-16.0,0,37,0.738567,0.2505,True,False,wall,0.0,-6.0,-10.0
468,25255,-2.0,1,80,0.737977,0.2419,True,False,wall,10.0,-2.0,-10.0
469,25292,-16.0,0,37,0.737704,0.303,True,False,wall,0.0,-6.0,-10.0
470,25327,-14.0,0,35,0.737445,0.2343,True,False,wall,0.0,-4.0,-10.0
471,25378,1.0,1,51,0.737069,0.2347,True,False,wall,10.0,1.0,-10.0
472,25389,-8.0,0,11,0.736988,0.2467,True,False,wall,0.0,2.0,-10.0
473,25405,-1.0,0,16,0.73687,0.2591,True,False,wall,0.0,9.0,-10.0
474,25496,-10.0,0,91,0.7362,0.2292,True,False,wall,0.0,0.0,-10.0
475,25509,-4.0,0,13,0.736104,0.2186,True,False,wall,0.0,6.0,-10.0
476,25530,-4.0,0,21,0.73595,0.2022,True,False,wall,0.0,6.0,-10.0
477,25561,-24.0,0,31,0.735722,0.1987,True,False,wall,0.0,-14.0,-10.0
478,25596,-4.0,0,35,0.735464,0.2001,True,False,wall,0.0,6.0,-10.0
479,25617,-22.0,0,21,0.73531,0.345,True,False,wall,0.0,-12.0,-10.0
480,25649,-9.0,0,32,0.735075,0.2937,True,False,wall,0.0,1.0,-10.0
481,25666,-4.0,0,17,0.73495,0.2449,True,False,wall,0.0,6.0,-10.0
482,25723,-24.0,0,57,0.734531,0.291,True,False,wall,0.0,-14.0,-10.0
483,25834,35.0,3,111,0.733716,0.256,True,False,body,30.0,15.0,-10.0
484,25849,-16.0,0,15,0.733606,0.3318,True,False,wall,0.0,-6.0,-10.0
485,25936,3.0,1,87,0.732968,0.2998,True,False,wall,10.0,3.0,-10.0
486,25972,-9.0,0,36,0.732704,0.2612,True,False,wall,0.0,1.0,-10.0
487,26083,9.0,1,111,0.731891,0.2645,True,False,wall,10.0,9.0,-10.0
488,26125,12.0,1,42,0.731584,0.2518,True,False,wall,10.0,12.0,-10.0
489,26153,-7.0,0,28,0.731379,0.298,True,False,wall,0.0,3.0,-10.0
490,26190,-6.0,0,37,0.731109,0.2744,True,False,wall,0.0,4.0,-10.0
491,26241,-16.0,0,51,0.730736,0.2514,True,False,wall,0.0,-6.0,-10.0
492,26281,-9.0,0,40,0.730444,0.2358,True,False,wall,0.0,1.0,-10.0
493,26323,3.0,0,42,0.730137,0.2033,True,False,wall,0.0,13.0,-10.0
494,26495,-1.0,0,172,0.728882,0.2017,True,False,wall,0.0,9.0,-10.0
495,26519,1.0,0,24,0.728707,0.1835,True,False,wall,0.0,11.0,-10.0
496,26650,7.0,1,131,0.727753,0.1875,True,False,wall,10.0,7.0,-10.0
497,26705,9.0,1,55,0.727353,0.2158,True,False,wall,10.0,9.0,-10.0
498,26754,0.0,0,49,0.726997,0.2203,True,False,wall,0.0,10.0,-10.0
499,26782,-3.0,0,28,0.726793,0.3186,True,False,wall,0.0,7.0,-10.0
500,26889,-6.0,0,107,0.726016,0.3029,True,False,wall,0.0,4.0,-10.0
501,26912,-14.0,0,23,0.725849,0.2608,True,False,wall,0.0,-4.0,-10.0
502,26954,12.0,1,42,0.725544,0.2294,True,False,wall,10.0,12.0,-10.0
503,27019,-4.0,0,65,0.725073,0.2358,True,False,wall,0.0,6.0,-10.0
504,27079,6.0,1,60,0.724638,0.2581,True,False,wall,10.0,6.0,-10.0
505,27094,0.0,0,15,0.724529,0.2691,True,False,wall,0.0,10.0,-10.0
506,27148,10.0,1,54,0.724138,0.2186,True,False,wall,10.0,10.0,-10.0
507,27347,37.0,3,199,0.722698,0.2271,True,False,body,30.0,17.0,-10.0
508,27373,-4.0,1,26,0.722511,0.2208,True,False,wall,10.0,-4.0,-10.0
509,27514,5.0,1,141,0.721493,0.2538,True,False,wall,10.0,5.0,-10.0
510,27657,24.0,2,143,0.720462,0.2339,True,False,wall,20.0,14.0,-10.0
511,27683,-19.0,0,26,0.720274,0.2789,True,False,wall,0.0,-9.0,-10.0
512,27737,-1.0,0,54,0.719885,0.2311,True,False,wall,0.0,9.0,-10.0
513,27756,-16.0,0,19,0.719749,0.2205,True,False,wall,0.0,-6.0,-10.0
514,27799,-16.0,0,43,0.719439,0.2256,True,False,wall,0.0,-6.0,-10.0
515,27915,10.0,1,116,0.718605,0.207,True,False,wall,10.0,10.0,-10.0
516,27956,-16.0,0,41,0.718311,0.2111,True,False,wall,0.0,-6.0,-10.0
517,28030,17.0,2,74,0.717779,0.1983,True,False,wall,20.0,7.0,-10.0
518,28188,29.0,2,158,0.716646,0.2038,True,False,wall,20.0,19.0,-10.0
519,28253,-5.0,1,65,0.71618,0.2899,True,False,wall,10.0,-5.0,-10.0
520,28264,-14.0,0,11,0.716102,0.2356,True,False,wall,0.0,-4.0,-10.0
521,28311,-14.0,0,47,0.715765,0.2271,True,False,wall,0.0,-4.0,-10.0
522,28406,-7.0,1,95,0.715085,0.2145,True,False,wall,10.0,-7.0,-10.0
523,28507,-14.0,0,101,0.714364,0.2049,True,False,wall,0.0,-4.0,-10.0
524,28565,8.0,1,58,0.713949,0.2111,True,False,wall,10.0,8.0,-10.0
525,28582,-6.0,0,17,0.713828,0.1935,True,False,wall,0.0,4.0,-10.0
526,28627,-6.0,0,45,0.713507,0.2789,True,False,wall,0.0,4.0,-10.0
527,28667,12.0,1,40,0.713221,0.2281,True,False,wall,10.0,12.0,-10.0
528,28892,23.0,1,225,0.711619,0.2448,True,False,wall,10.0,23.0,-10.0
529,28933,-16.0,0,41,0.711327,0.2435,True,False,wall,0.0,-6.0,-10.0
530,28966,1.0,1,33,0.711092,0.2273,True,False,wall,10.0,1.0,-10.0
531,29190,27.0,2,224,0.709501,0.2418,True,False,wall,20.0,17.0,-10.0
532,29246,6.0,1,56,0.709104,0.2635,True,False,wall,10.0,6.0,-10.0
533,29283,-22.0,0,37,0.708842,0.2578,True,False,wall,0.0,-12.0,-10.0
534,29296,-8.0,0,13,0.708749,0.2559,True,False,wall,0.0,2.0,-10.0
535,29322,8.0,1,26,0.708565,0.3102,True,False,wall,10.0,8.0,-10.0
536,29451,-6.0,0,129,0.707652,0.2552,True,False,wall,0.0,4.0,-10.0
537,29597,18.0,1,146,0.706619,0.2313,True,False,wall,10.0,18.0,-10.0
538,29693,14.0,1,96,0.705941,0.2468,True,False,wall,10.0,14.0,-10.0
539,29878,21.0,1,185,0.704636,0.2677,True,False,wall,10.0,21.0,-10.0
540,29929,-12.0,0,51,0.704277,0.2421,True,False,wall,0.0,-2.0,-10.0
541,30039,31.0,2,110,0.703503,0.2725,True,False,wall,20.0,21.0,-10.0
542,30062,9.0,1,23,0.703341,0.2682,True,False,wall,10.0,9.0,-10.0
543,30091,0.0,0,29,0.703137,0.2997,True,False,wall,0.0,10.0,-10.0
544,30105,-11.0,0,14,0.703039,0.3162,True,False,wall,0.0,-1.0,-10.0
545,30128,-1.0,1,23,0.702877,0.2556,True,False,wall,10.0,-1.0,-10.0
546,30317,5.0,1,189,0.70155,0.2593,True,False,wall,10.0,5.0,-10.0
547,30343,12.0,1,26,0.701367,0.2681,True,False,wall,10.0,12.0,-10.0
548,30385,-9.0,0,42,0.701073,0.2806,True,False,wall,0.0,1.0,-10.0
549,30420,-8.0,0,35,0.700828,0.2838,True,False,wall,0.0,2.0,-10.0
550,30436,-9.0,0,16,0.700716,0.255,True,False,wall,0.0,1.0,-10.0
551,30477,11.0,1,41,0.700428,0.2898,True,False,wall,10.0,11.0,-10.0
552,30496,-2.0,0,19,0.700295,0.2386,True,False,wall,0.0,8.0,-10.0
553,30512,-5.0,0,16,0.700183,0.2188,True,False,wall,0.0,5.0,-10.0
554,30589,15.0,1,77,0.699644,0.2241,True,False,wall,10.0,15.0,-10.0
555,30648,1.0,1,59,0.699232,0.2326,True,False,wall,10.0,1.0,-10.0
556,30683,-16.0,0,35,0.698987,0.2548,True,False,wall,0.0,-6.0,-10.0
557,30806,11.0,1,123,0.698128,0.2437,True,False,wall,10.0,11.0,-10.0
558,30824,-3.0,0,18,0.698002,0.2456,True,False,wall,0.0,7.0,-10.0
559,31064,21.0,2,240,0.696329,0.263,True,False,wall,20.0,11.0,-10.0
560,31109,-4.0,0,45,0.696016,0.3291,True,False,wall,0.0,6.0,-10.0
561,31273,-5.0,0,164,0.694875,0.231,True,False,wall,0.0,5.0,-10.0
562,31379,44.0,3,106,0.694139,0.2472,True,False,body,30.0,24.0,-10.0
563,31398,-20.0,0,19,0.694007,0.279,True,False,wall,0.0,-10.0,-10.0
564,31419,-12.0,0,21,0.693861,0.2647,True,False,wall,0.0,-2.0,-10.0
565,31448,11.0,1,29,0.69366,0.2551,True,False,wall,10.0,11.0,-10.0
566,31513,9.0,1,65,0.693209,0.2651,True,False,wall,10.0,9.0,-10.0
567,31554,-8.0,0,41,0.692925,0.4266,True,False,wall,0.0,2.0,-10.0
568,31596,-4.0,1,42,0.692634,0.2896,True,False,wall,10.0,-4.0,-10.0
569,31643,16.0,2,47,0.692309,0.2743,True,False,wall,20.0,6.0,-10.0
570,31682,-20.0,0,39,0.692039,0.3049,True,False,wall,0.0,-10.0,-10.0
571,31692,-5.0,0,10,0.69197,0.3137,True,False,wall,0.0,5.0,-10.0
572,31709,7.0,1,17,0.691852,0.2604,True,False,wall,10.0,7.0,-10.0
573,31735,-21.0,0,26,0.691672,0.2618,True,False,wall,0.0,-11.0,-10.0
574,31802,-12.0,0,67,0.691209,0.3003,True,False,wall,0.0,-2.0,-10.0
575,31851,-4.0,0,49,0.69087,0.3515,True,False,wall,0.0,6.0,-10.0
576,31888,-10.0,0,37,0.690615,0.2812,True,False,wall,0.0,0.0,-10.0
577,31917,5.0,1,29,0.690414,0.3285,True,False,wall,10.0,5.0,-10.0
578,32073,21.0,2,156,0.689338,0.3292,True,False,wall,20.0,11.0,-10.0
579,32087,10.0,1,14,0.689242,0.3518,True,False,wall,10.0,10.0,-10.0
580,32102,-4.0,0,15,0.689138,0.2756,True,False,wall,0.0,6.0,-10.0
581,32143,-6.0,0,41,0.688856,0.2735,True,False,wall,0.0,4.0,-10.0
582,32172,-14.0,0,29,0.688656,0.2444,True,False,wall,0.0,-4.0,-10.0
583,32198,-5.0,0,26,0.688477,0.2422,True,False,wall,0.0,5.0,-10.0
584,32238,-5.0,0,40,0.688202,0.263,True,False,wall,0.0,5.0,-10.0
585,32292,10.0,1,54,0.68783,0.2691,True,False,wall,10.0,10.0,-10.0
586,32323,13.0,1,31,0.687617,0.2732,True,False,wall,10.0,13.0,-10.0
587,32368,-10.0,0,45,0.687308,0.2716,True,False,wall,0.0,0.0,-10.0
588,32387,-2.0,0,19,0.687177,0.2634,True,False,wall,0.0,8.0,-10.0
589,32404,-8.0,0,17,0.68706,0.2899,True,False,wall,0.0,2.0,-10.0
590,32432,21.0,2,28,0.686868,0.2584,True,False,wall,20.0,11.0,-10.0
591,32536,34.0,3,104,0.686154,0.2729,True,False,body,30.0,14.0,-10.0
592,32558,-7.0,0,22,0.686003,0.2522,True,False,wall,0.0,3.0,-10.0
593,32629,-18.0,0,71,0.685516,0.2826,True,False,wall,0.0,-8.0,-10.0
594,32698,-12.0,0,69,0.685043,0.3691,True,False,wall,0.0,-2.0,-10.0
595,32745,5.0,1,47,0.684721,0.3132,True,False,wall,10.0,5.0,-10.0
596,32764,-6.0,0,19,0.684591,0.3278,True,False,wall,0.0,4.0,-10.0
597,32892,32.0,3,128,0.683716,0.3053,True,False,body,30.0,12.0,-10.0
598,32986,16.0,1,94,0.683073,0.3187,True,False,wall,10.0,16.0,-10.0
599,33049,-3.0,1,63,0.682643,0.3924,True,False,wall,10.0,-3.0,-10.0
600,33112,-6.0,0,63,0.682213,0.3722,True,False,wall,0.0,4.0,-10.0
601,33121,-12.0,0,9,0.682152,0.2688,True,False,wall,0.0,-2.0,-10.0
602,33156,-18.0,0,35,0.681913,0.319,True,False,wall,0.0,-8.0,-10.0
603,33167,-6.0,0,11,0.681838,0.2863,True,False,wall,0.0,4.0,-10.0
604,33286,9.0,1,119,0.681027,0.3861,True,False,wall,10.0,9.0,-10.0
605,33309,-14.0,0,23,0.68087,0.3208,True,False,wall,0.0,-4.0,-10.0
606,33335,-7.0,0,26,0.680693,0.3022,True,False,wall,0.0,3.0,-10.0
607,33418,15.0,1,83,0.680129,0.3186,True,False,wall,10.0,15.0,-10.0
608,33496,17.0,2,78,0.679598,0.3396,True,False,wall,20.0,7.0,-10.0
609,33520,-13.0,0,24,0.679435,0.3852,True,False,wall,0.0,-3.0,-10.0
610,33539,-2.0,0,19,0.679306,0.3066,True,False,wall,0.0,8.0,-10.0
611,33628,18.0,2,89,0.678702,0.3413,True,False,wall,20.0,8.0,-10.0
612,33661,-12.0,0,33,0.678478,0.3302,True,False,wall,0.0,-2.0,-10.0
613,33696,-6.0,0,35,0.678241,0.3314,True,False,wall,0.0,4.0,-10.0
614,33720,8.0,1,24,0.678078,0.2976,True,False,wall,10.0,8.0,-10.0
615,33734,-3.0,0,14,0.677983,0.2977,True,False,wall,0.0,7.0,-10.0
616,33776,-3.0,0,42,0.677698,0.3082,True,False,wall,0.0,7.0,-10.0
617,34055,7.0,1,279,0.67581,0.3011,True,False,wall,10.0,7.0,-10.0
618,34113,6.0,1,58,0.675418,0.3103,True,False,wall,10.0,6.0,-10.0
619,34188,-6.0,0,75,0.674912,0.3244,True,False,wall,0.0,4.0,-10.0
620,34246,-7.0,0,58,0.67452,0.2928,True,False,wall,0.0,3.0,-10.0
621,34590,13.0,2,344,0.672204,0.2927,True,False,wall,20.0,3.0,-10.0
622,34609,-22.0,0,19,0.672076,0.3029,True,False,wall,0.0,-12.0,-10.0
623,34633,-5.0,0,24,0.671915,0.3247,True,False,wall,0.0,5.0,-10.0
624,34657,6.0,1,24,0.671754,0.3434,True,False,wall,10.0,6.0,-10.0
625,34733,-15.0,0,76,0.671244,0.2871,True,False,wall,0.0,-5.0,-10.0
626,34801,-9.0,0,68,0.670787,0.2743,True,False,wall,0.0,1.0,-10.0
627,34817,-15.0,0,16,0.67068,0.2708,True,False,wall,0.0,-5.0,-10.0
628,34950,11.0,1,133,0.669788,0.2761,True,False,wall,10.0,11.0,-10.0
629,34970,-9.0,0,20,0.669655,0.2562,True,False,wall,0.0,1.0,-10.0
630,34997,-6.0,0,27,0.669474,0.3273,True,False,wall,0.0,4.0,-10.0
631,35012,-4.0,0,15,0.669373,0.3012,True,False,wall,0.0,6.0,-10.0
632,35093,-8.0,0,81,0.668831,0.2923,True,False,wall,0.0,2.0,-10.0
633,35197,36.0,3,104,0.668136,0.261,True,False,body,30.0,16.0,-10.0
634,35276,-2.0,0,79,0.667609,0.2885,True,False,wall,0.0,8.0,-10.0
635,35299,-2.0,0,23,0.667455,0.3076,True,False,wall,0.0,8.0,-10.0
636,35324,-10.0,0,25,0.667288,0.2526,True,False,wall,0.0,0.0,-10.0
637,35364,-3.0,0,40,0.667021,0.4724,True,False,wall,0.0,7.0,-10.0
638,35403,7.0,1,39,0.666761,0.2651,True,False,wall,10.0,7.0,-10.0
639,35421,-11.0,0,18,0.666641,0.4404,True,False,wall,0.0,-1.0,-10.0
640,35443,4.0,1,22,0.666495,0.3669,True,False,wall,10.0,4.0,-10.0
641,35527,3.0,0,84,0.665935,0.35,True,False,wall,0.0,13.0,-10.0
642,35590,-5.0,1,63,0.665516,0.3506,True,False,wall,10.0,-5.0,-10.0
643,35644,2.0,1,54,0.665156,0.2854,True,False,wall,10.0,2.0,-10.0
644,35664,-9.0,0,20,0.665023,0.3087,True,False,wall,0.0,1.0,-10.0
645,35683,-4.0,0,19,0.664897,0.2709,True,False,wall,0.0,6.0,-10.0
646,35830,-4.0,0,147,0.66392,0.2773,True,False,wall,0.0,6.0,-10.0
647,35847,-2.0,0,17,0.663807,0.26,True,False,wall,0.0,8.0,-10.0
648,35864,-16.0,0,17,0.663695,0.2731,True,False,wall,0.0,-6.0,-10.0
649,35884,-5.0,0,20,0.663562,0.2524,True,False,wall,0.0,5.0,-10.0
650,35933,-8.0,0,49,0.663237,0.2514,True,False,wall,0.0,2.0,-10.0
651,35953,-15.0,0,20,0.663104,0.2715,True,False,wall,0.0,-5.0,-10.0
652,35975,-5.0,0,22,0.662958,0.2401,True,False,wall,0.0,5.0,-10.0
653,35992,0.0,0,17,0.662846,0.24,True,False,wall,0.0,10.0,-10.0
654,36043,-1.0,1,51,0.662508,0.248,True,False,wall,10.0,-1.0,-10.0
655,36111,-11.0,0,68,0.662057,0.2715,True,False,wall,0.0,-1.0,-10.0
656,36197,-5.0,0,86,0.661488,0.2606,True,False,wall,0.0,5.0,-10.0
657,36242,-14.0,0,45,0.66119,0.2198,True,False,wall,0.0,-4.0,-10.0
658,36277,7.0,1,35,0.660959,0.2661,True,False,wall,10.0,7.0,-10.0
659,36303,-15.0,0,26,0.660787,0.3165,True,False,wall,0.0,-5.0,-10.0
660,36317,-11.0,0,14,0.660695,0.2715,True,False,wall,0.0,-1.0,-10.0
661,36333,-7.0,0,16,0.660589,0.3403,True,False,wall,0.0,3.0,-10.0
662,36360,-14.0,0,27,0.660411,0.3768,True,False,wall,0.0,-4.0,-10.0
663,36396,-11.0,0,36,0.660173,0.2893,True,False,wall,0.0,-1.0,-10.0
664,36546,6.0,1,150,0.659184,0.2892,True,False,wall,10.0,6.0,-10.0
665,36568,-3.0,0,22,0.659039,0.2689,True,False,wall,0.0,7.0,-10.0
666,36624,-11.0,0,56,0.65867,0.2973,True,False,wall,0.0,-1.0,-10.0
667,36644,10.0,1,20,0.658538,0.2608,True,False,wall,10.0,10.0,-10.0
668,36695,5.0,1,51,0.658202,0.2815,True,False,wall,10.0,5.0,-10.0
669,36710,-8.0,0,15,0.658103,0.3898,True,False,wall,0.0,2.0,-10.0
670,36827,32.0,2,117,0.657334,0.3154,True,False,wall,20.0,22.0,-10.0
671,36872,7.0,1,45,0.657038,0.3216,True,False,wall,10.0,7.0,-10.0
672,36934,4.0,1,62,0.656631,0.2964,True,False,wall,10.0,4.0,-10.0
673,36972,-13.0,0,38,0.656381,0.2939,True,False,wall,0.0,-3.0,-10.0
674,37028,26.0,1,56,0.656014,0.2856,True,False,wall,10.0,26.0,-10.0
675,37064,-5.0,0,36,0.655778,0.3427,True,False,wall,0.0,5.0,-10.0
676,37078,-17.0,0,14,0.655686,0.291,True,False,wall,0.0,-7.0,-10.0
677,37120,-7.0,0,42,0.655411,0.2881,True,False,wall,0.0,3.0,-10.0
678,37153,-8.0,0,33,0.655194,0.3085,True,False,wall,0.0,2.0,-10.0
679,37193,-3.0,0,40,0.654932,0.3047,True,False,wall,0.0,7.0,-10.0
680,37246,0.0,0,53,0.654585,0.315,True,False,wall,0.0,10.0,-10.0
681,37265,5.0,1,19,0.654461,0.3565,True,False,wall,10.0,5.0,-10.0
682,37338,37.0,3,73,0.653983,0.2914,True,False,body,30.0,17.0,-10.0
683,37353,-4.0,0,15,0.653885,0.3639,True,False,wall,0.0,6.0,-10.0
684,37388,-4.0,0,35,0.653657,0.275,True,False,wall,0.0,6.0,-10.0
685,37421,-18.0,0,33,0.653441,0.3142,True,False,wall,0.0,-8.0,-10.0
686,37469,-3.0,0,48,0.653127,0.3,True,False,wall,0.0,7.0,-10.0
687,37502,-12.0,0,33,0.652912,0.2605,True,False,wall,0.0,-2.0,-10.0
688,37565,17.0,1,63,0.652501,0.3542,True,False,wall,10.0,17.0,-10.0
689,37594,18.0,2,29,0.652311,0.284,True,False,wall,20.0,8.0,-10.0
690,37676,-9.0,0,82,0.651777,0.3726,True,False,wall,0.0,1.0,-10.0
691,37727,1.0,1,51,0.651444,0.2987,True,False,wall,10.0,1.0,-10.0
692,37816,19.0,1,89,0.650865,0.3735,True,False,wall,10.0,19.0,-10.0
693,37895,-1.0,1,79,0.650351,0.3262,True,False,wall,10.0,-1.0,-10.0
694,37932,-12.0,0,37,0.65011,0.3681,True,False,wall,0.0,-2.0,-10.0
695,37987,13.0,1,55,0.649753,0.4041,True,False,wall,10.0,13.0,-10.0
696,38047,0.0,1,60,0.649363,0.3071,True,False,wall,10.0,0.0,-10.0
697,38247,-2.0,1,200,0.648066,0.3175,True,False,wall,10.0,-2.0,-10.0
698,38288,-12.0,0,41,0.6478,0.3175,True,False,wall,0.0,-2.0,-10.0
699,38307,0.0,0,19,0.647677,0.2811,True,False,wall,0.0,10.0,-10.0
700,38351,-15.0,0,44,0.647392,0.2947,True,False,wall,0.0,-5.0,-10.0
701,38370,-2.0,0,19,0.647269,0.2706,True,False,wall,0.0,8.0,-10.0
702,38443,1.0,1,73,0.646797,0.2896,True,False,wall,10.0,1.0,-10.0
703,38468,-2.0,0,25,0.646635,0.3721,True,False,wall,0.0,8.0,-10.0
704,38492,-17.0,0,24,0.64648,0.3083,True,False,wall,0.0,-7.0,-10.0
705,38508,-13.0,0,16,0.646376,0.3038,True,False,wall,0.0,-3.0,-10.0
706,38584,32.0,3,76,0.645885,0.3015,True,False,body,30.0,12.0,-10.0
707,38641,5.0,1,57,0.645517,0.2953,True,False,wall,10.0,5.0,-10.0
708,38654,-6.0,0,13,0.645433,0.2448,True,False,wall,0.0,4.0,-10.0
709,38725,23.0,1,71,0.644975,0.3301,True,False,wall,10.0,23.0,-10.0
710,38754,9.0,1,29,0.644788,0.295,True,False,wall,10.0,9.0,-10.0
711,38775,11.0,1,21,0.644653,0.2932,True,False,wall,10.0,11.0,-10.0
712,38853,2.0,1,78,0.64415,0.3819,True,False,wall,10.0,2.0,-10.0
713,38882,7.0,1,29,0.643963,0.3141,True,False,wall,10.0,7.0,-10.0
714,38971,11.0,1,89,0.643391,0.2944,True,False,wall,10.0,11.0,-10.0
715,39000,-16.0,0,29,0.643204,0.2722,True,False,wall,0.0,-6.0,-10.0
716,39104,16.0,1,104,0.642535,0.2681,True,False,wall,10.0,16.0,-10.0
717,39171,20.0,2,67,0.642105,0.3286,True,False,wall,20.0,10.0,-10.0
718,39312,11.0,1,141,0.6412,0.3451,True,False,wall,10.0,11.0,-10.0
719,39334,-15.0,0,22,0.641059,0.3753,True,False,wall,0.0,-5.0,-10.0
720,39367,-2.0,0,33,0.640848,0.3586,True,False,wall,0.0,8.0,-10.0
721,39423,-13.0,0,56,0.640489,0.333,True,False,wall,0.0,-3.0,-10.0
722,39498,-4.0,0,75,0.640009,0.2987,True,False,wall,0.0,6.0,-10.0
723,39708,14.0,1,210,0.638666,0.3048,True,False,wall,10.0,14.0,-10.0
724,39745,-12.0,0,37,0.63843,0.3053,True,False,wall,0.0,-2.0,-10.0
725,39784,-16.0,0,39,0.638181,0.2811,True,False,wall,0.0,-6.0,-10.0
726,39841,1.0,1,57,0.637817,0.3194,True,False,wall,10.0,1.0,-10.0
727,39916,-14.0,0,75,0.637339,0.2927,True,False,wall,0.0,-4.0,-10.0
728,40082,8.0,1,166,0.636282,0.2703,True,False,wall,10.0,8.0,-10.0
729,40098,-3.0,0,16,0.63618,0.2672,True,False,wall,0.0,7.0,-10.0
730,40142,-1.0,0,44,0.6359,0.2987,True,False,wall,0.0,9.0,-10.0
731,40239,-14.0,0,97,0.635284,0.2851,True,False,wall,0.0,-4.0,-10.0
732,40275,6.0,1,36,0.635055,0.2723,True,False,wall,10.0,6.0,-10.0
733,40313,-5.0,0,38,0.634814,0.2909,True,False,wall,0.0,5.0,-10.0
734,40333,-9.0,0,20,0.634687,0.2325,True,False,wall,0.0,1.0,-10.0
735,40370,-8.0,0,37,0.634452,0.271,True,False,wall,0.0,2.0,-10.0
736,40430,-7.0,0,60,0.634072,0.2506,True,False,wall,0.0,3.0,-10.0
737,40446,-3.0,0,16,0.63397,0.2385,True,False,wall,0.0,7.0,-10.0
738,40468,-9.0,0,22,0.633831,0.2344,True,False,wall,0.0,1.0,-10.0
739,40482,6.0,1,14,0.633742,0.2613,True,False,wall,10.0,6.0,-10.0
740,40522,0.0,1,40,0.633489,0.2343,True,False,wall,10.0,0.0,-10.0
741,40563,-12.0,0,41,0.633229,0.2457,True,False,wall,0.0,-2.0,-10.0
742,40617,8.0,1,54,0.632887,0.2654,True,False,wall,10.0,8.0,-10.0
743,40637,-11.0,0,20,0.63276,0.2606,True,False,wall,0.0,-1.0,-10.0
744,40684,-8.0,0,47,0.632463,0.2926,True,False,wall,0.0,2.0,-10.0
745,40702,0.0,1,18,0.632349,0.2954,True,False,wall,10.0,0.0,-10.0
746,40750,16.0,1,48,0.632046,0.2755,True,False,wall,10.0,16.0,-10.0
747,40790,-17.0,0,40,0.631793,0.2613,True,False,wall,0.0,-7.0,-10.0
748,40805,-4.0,0,15,0.631698,0.2524,True,False,wall,0.0,6.0,-10.0
749,40926,-12.0,0,121,0.630934,0.3173,True,False,wall,0.0,-2.0,-10.0
750,40955,13.0,1,29,0.630752,0.2962,True,False,wall,10.0,13.0,-10.0
751,41004,18.0,2,49,0.630443,0.2871,True,False,wall,20.0,8.0,-10.0
752,41091,26.0,2,87,0.629894,0.2887,True,False,wall,20.0,16.0,-10.0
753,41113,-11.0,0,22,0.629756,0.2817,True,False,wall,0.0,-1.0,-10.0
754,41196,-12.0,0,83,0.629233,0.29,True,False,wall,0.0,-2.0,-10.0
755,41213,-4.0,0,17,0.629126,0.2973,True,False,wall,0.0,6.0,-10.0
756,41238,-6.0,0,25,0.628969,0.3022,True,False,wall,0.0,4.0,-10.0
757,41271,-6.0,0,33,0.628761,0.2783,True,False,wall,0.0,4.0,-10.0
758,41333,32.0,3,62,0.628372,0.2838,True,False,wall,30.0,12.0,-10.0
759,41363,-11.0,0,30,0.628183,0.2962,True,False,wall,0.0,-1.0,-10.0
760,41417,-3.0,0,54,0.627844,0.2888,True,False,wall,0.0,7.0,-10.0
761,41518,-8.0,0,101,0.62721,0.2586,True,False,wall,0.0,2.0,-10.0
762,41560,1.0,0,42,0.626947,0.3647,True,False,wall,0.0,11.0,-10.0
763,41619,-10.0,0,59,0.626577,0.2769,True,False,wall,0.0,0.0,-10.0
764,41677,21.0,2,58,0.626214,0.2497,True,False,wall,20.0,11.0,-10.0
765,41694,-2.0,0,17,0.626107,0.2637,True,False,wall,0.0,8.0,-10.0
766,41708,-15.0,0,14,0.62602,0.2528,True,False,wall,0.0,-5.0,-10.0
767,41748,4.0,1,40,0.625769,0.2656,True,False,wall,10.0,4.0,-10.0
768,41880,46.0,3,132,0.624944,0.3104,True,False,body,30.0,26.0,-10.0
769,41922,20.0,1,42,0.624682,0.3567,True,False,wall,10.0,20.0,-10.0
770,41964,6.0,1,42,0.624419,0.3241,True,False,wall,10.0,6.0,-10.0
771,41998,10.0,1,34,0.624207,0.278,True,False,wall,10.0,10.0,-10.0
772,42015,1.0,1,17,0.624101,0.2843,True,False,wall,10.0,1.0,-10.0
773,42033,8.0,1,18,0.623989,0.3547,True,False,wall,10.0,8.0,-10.0
774,42055,-3.0,0,22,0.623851,0.4851,True,False,wall,0.0,7.0,-10.0
775,42139,14.0,1,84,0.623327,0.3111,True,False,wall,10.0,14.0,-10.0
776,42169,8.0,1,30,0.62314,0.3297,True,False,wall,10.0,8.0,-10.0
777,42270,34.0,2,101,0.622511,0.2865,True,False,wall,20.0,24.0,-10.0
778,42310,-7.0,0,40,0.622262,0.2827,True,False,wall,0.0,3.0,-10.0
779,42329,-8.0,0,19,0.622144,0.3967,True,False,wall,0.0,2.0,-10.0
780,42369,8.0,1,40,0.621895,0.4293,True,False,wall,10.0,8.0,-10.0
781,42400,-4.0,0,31,0.621703,0.3702,True,False,wall,0.0,6.0,-10.0
782,42469,24.0,2,69,0.621274,0.3488,True,False,wall,20.0,14.0,-10.0
783,42482,-2.0,0,13,0.621193,0.3029,True,False,wall,0.0,8.0,-10.0
784,42574,-6.0,1,92,0.620622,0.3253,True,False,wall,10.0,-6.0,-10.0
785,42650,27.0,2,76,0.62015,0.3144,True,False,wall,20.0,17.0,-10.0
786,42670,-7.0,0,20,0.620026,0.3791,True,False,wall,0.0,3.0,-10.0
787,42735,-12.0,0,65,0.619623,0.3491,True,False,wall,0.0,-2.0,-10.0
788,42774,15.0,1,39,0.619382,0.3112,True,False,wall,10.0,15.0,-10.0
789,42805,-18.0,0,31,0.61919,0.3877,True,False,wall,0.0,-8.0,-10.0
790,42992,26.0,2,187,0.618033,0.3292,True,False,wall,20.0,16.0,-10.0
791,43027,-18.0,0,35,0.617817,0.4288,True,False,wall,0.0,-8.0,-10.0
792,43037,-11.0,0,10,0.617755,0.3008,True,False,wall,0.0,-1.0,-10.0
793,43102,15.0,1,65,0.617354,0.3213,True,False,wall,10.0,15.0,-10.0
794,43155,7.0,1,53,0.617027,0.3039,True,False,wall,10.0,7.0,-10.0
795,43167,-13.0,0,12,0.616952,0.2986,True,False,wall,0.0,-3.0,-10.0
796,43278,-2.0,0,111,0.616268,0.2812,True,False,wall,0.0,8.0,-10.0
797,43355,24.0,2,77,0.615794,0.2721,True,False,wall,20.0,14.0,-10.0
798,43420,24.0,2,65,0.615394,0.2805,True,False,wall,20.0,14.0,-10.0
799,43572,32.0,3,152,0.614459,0.2888,True,False,body,30.0,12.0,-10.0
800,43617,-16.0,0,45,0.614182,0.3958,True,False,wall,0.0,-6.0,-10.0
801,43679,-3.0,0,62,0.613802,0.3261,True,False,wall,0.0,7.0,-10.0
802,43714,-24.0,0,35,0.613587,0.3061,True,False,wall,0.0,-14.0,-10.0
803,43750,-7.0,0,36,0.613366,0.2944,True,False,wall,0.0,3.0,-10.0
804,43787,-20.0,0,37,0.613139,0.2926,True,False,wall,0.0,-10.0,-10.0
805,43984,0.0,0,197,0.611933,0.325,True,False,wall,0.0,10.0,-10.0
806,44111,1.0,1,127,0.611156,0.2807,True,False,wall,10.0,1.0,-10.0
807,44293,21.0,2,182,0.610045,0.3004,True,False,wall,20.0,11.0,-10.0
808,44340,-14.0,0,47,0.609758,0.2948,True,False,wall,0.0,-4.0,-10.0
809,44382,-3.0,0,42,0.609502,0.3254,True,False,wall,0.0,7.0,-10.0
810,44406,-5.0,0,24,0.609356,0.3272,True,False,wall,0.0,5.0,-10.0
811,44445,-4.0,0,39,0.609118,0.2978,True,False,wall,0.0,6.0,-10.0
812,44516,15.0,1,71,0.608686,0.3053,True,False,wall,10.0,15.0,-10.0
813,44560,16.0,1,44,0.608418,0.2679,True,False,wall,10.0,16.0,-10.0
814,44581,-10.0,0,21,0.60829,0.2901,True,False,wall,0.0,0.0,-10.0
815,44660,51.0,3,79,0.60781,0.2894,True,False,wall,30.0,31.0,-10.0
816,44733,17.0,1,73,0.607366,0.3438,True,False,wall,10.0,17.0,-10.0
817,44781,-1.0,0,48,0.607075,0.319,True,False,wall,0.0,9.0,-10.0
818,44820,-12.0,0,39,0.606838,0.2936,True,False,wall,0.0,-2.0,-10.0
819,44870,-1.0,0,50,0.606535,0.3148,True,False,wall,0.0,9.0,-10.0
820,44932,2.0,1,62,0.606159,0.2896,True,False,wall,10.0,2.0,-10.0
821,44977,0.0,0,45,0.605886,0.3164,True,False,wall,0.0,10.0,-10.0
822,45112,55.0,3,135,0.605069,0.3133,True,False,body,30.0,35.0,-10.0
823,45187,0.0,0,75,0.604615,0.2972,True,False,wall,0.0,10.0,-10.0
824,45279,4.0,1,92,0.604059,0.3791,True,False,wall,10.0,4.0,-10.0
825,45343,-5.0,0,64,0.603673,0.3139,True,False,wall,0.0,5.0,-10.0
826,45357,-5.0,0,14,0.603588,0.3262,True,False,wall,0.0,5.0,-10.0
827,45416,20.0,2,59,0.603232,0.348,True,False,wall,20.0,10.0,-10.0
828,45430,-17.0,0,14,0.603148,0.2988,True,False,wall,0.0,-7.0,-10.0
829,45480,6.0,1,50,0.602846,0.3172,True,False,wall,10.0,6.0,-10.0
830,45523,-16.0,0,43,0.602587,0.3279,True,False,wall,0.0,-6.0,-10.0
831,45622,22.0,2,99,0.601991,0.3183,True,False,wall,20.0,12.0,-10.0
832,45659,-22.0,0,37,0.601768,0.3084,True,False,wall,0.0,-12.0,-10.0
833,45781,2.0,1,122,0.601034,0.2965,True,False,wall,10.0,2.0,-10.0
834,46010,38.0,2,229,0.599659,0.3064,True,False,wall,20.0,28.0,-10.0
835,46020,-11.0,0,10,0.5996,0.3038,True,False,wall,0.0,-1.0,-10.0
836,46102,12.0,1,82,0.599108,0.3291,True,False,wall,10.0,12.0,-10.0
837,46189,17.0,1,87,0.598587,0.3439,True,False,wall,10.0,17.0,-10.0
838,46258,7.0,1,69,0.598174,0.3729,True,False,wall,10.0,7.0,-10.0
839,46328,-13.0,0,70,0.597756,0.3039,True,False,wall,0.0,-3.0,-10.0
840,46492,-19.0,0,164,0.596776,0.2913,True,False,wall,0.0,-9.0,-10.0
841,46522,10.0,1,30,0.596597,0.3023,True,False,wall,10.0,10.0,-10.0
842,46607,26.0,2,85,0.59609,0.292,True,False,wall,20.0,16.0,-10.0
843,46647,-5.0,0,40,0.595852,0.3466,True,False,wall,0.0,5.0,-10.0
844,46752,-8.0,0,105,0.595226,0.3213,True,False,wall,0.0,2.0,-10.0
845,46794,-15.0,0,42,0.594977,0.3217,True,False,wall,0.0,-5.0,-10.0
846,46876,-9.0,0,82,0.594489,0.3121,True,False,wall,0.0,1.0,-10.0
847,46908,-5.0,0,32,0.594299,0.268,True,False,wall,0.0,5.0,-10.0
848,46956,-7.0,0,48,0.594013,0.3134,True,False,wall,0.0,3.0,-10.0
849,46988,12.0,1,32,0.593823,0.3481,True,False,wall,10.0,12.0,-10.0
850,47035,-4.0,0,47,0.593544,0.3132,True,False,wall,0.0,6.0,-10.0
851,47059,-3.0,0,24,0.593402,0.3242,True,False,wall,0.0,7.0,-10.0
852,47093,-5.0,0,34,0.5932,0.313,True,False,wall,0.0,5.0,-10.0
853,47263,24.0,3,170,0.592193,0.3261,True,False,body,30.0,4.0,-10.0
854,47296,-6.0,0,33,0.591997,0.325,True,False,wall,0.0,4.0,-10.0
855,47310,-5.0,0,14,0.591914,0.3261,True,False,wall,0.0,5.0,-10.0
856,47336,-7.0,0,26,0.59176,0.3009,True,False,wall,0.0,3.0,-10.0
857,47364,-5.0,0,28,0.591595,0.4328,True,False,wall,0.0,5.0,-10.0
858,47377,-4.0,0,13,0.591518,0.2866,True,False,wall,0.0,6.0,-10.0
859,47389,2.0,1,12,0.591447,0.3133,True,False,wall,10.0,2.0,-10.0
860,47541,31.0,2,152,0.590549,0.3365,True,False,wall,20.0,21.0,-10.0
861,47580,0.0,0,39,0.590318,0.3763,True,False,wall,0.0,10.0,-10.0
862,47605,-16.0,0,25,0.590171,0.3429,True,False,wall,0.0,-6.0,-10.0
863,47628,0.0,0,23,0.590035,0.2911,True,False,wall,0.0,10.0,-10.0
864,47650,-5.0,0,22,0.589905,0.3011,True,False,wall,0.0,5.0,-10.0
865,47684,-7.0,0,34,0.589705,0.3261,True,False,wall,0.0,3.0,-10.0
866,47703,7.0,1,19,0.589593,0.2921,True,False,wall,10.0,7.0,-10.0
867,47732,-6.0,0,29,0.589422,0.4254,True,False,wall,0.0,4.0,-10.0
868,47750,-13.0,0,18,0.589316,0.2864,True,False,wall,0.0,-3.0,-10.0
869,47814,-9.0,0,64,0.588939,0.3289,True,False,wall,0.0,1.0,-10.0
870,47881,11.0,1,67,0.588544,0.3176,True,False,wall,10.0,11.0,-10.0
871,47900,-16.0,0,19,0.588432,0.2776,True,False,wall,0.0,-6.0,-10.0
872,47919,-6.0,0,19,0.588321,0.2949,True,False,wall,0.0,4.0,-10.0
873,48001,-13.0,0,82,0.587838,0.3376,True,False,wall,0.0,-3.0,-10.0
874,48252,3.0,1,251,0.586365,0.3191,True,False,wall,10.0,3.0,-10.0
875,48402,18.0,1,150,0.585486,0.3164,True,False,wall,10.0,18.0,-10.0
876,48424,15.0,2,22,0.585357,0.3035,True,False,wall,20.0,5.0,-10.0
877,48438,-9.0,0,14,0.585275,0.286,True,False,wall,0.0,1.0,-10.0
878,48453,-8.0,0,15,0.585187,0.2958,True,False,wall,0.0,2.0,-10.0
879,48477,0.0,1,24,0.585047,0.3571,True,False,wall,10.0,0.0,-10.0
880,48489,-3.0,0,12,0.584977,0.3051,True,False,wall,0.0,7.0,-10.0
881,48523,-1.0,0,34,0.584778,0.2975,True,False,wall,0.0,9.0,-10.0
882,48559,-1.0,0,36,0.584567,0.2996,True,False,wall,0.0,9.0,-10.0
883,48603,8.0,1,44,0.58431,0.3094,True,False,wall,10.0,8.0,-10.0
884,48658,0.0,0,55,0.583989,0.3548,True,False,wall,0.0,10.0,-10.0
885,48748,31.0,2,90,0.583464,0.2969,True,False,wall,20.0,21.0,-10.0
886,48928,-13.0,0,180,0.582414,0.3237,True,False,wall,0.0,-3.0,-10.0
887,48957,0.0,0,29,0.582245,0.3247,True,False,wall,0.0,10.0,-10.0
888,48981,8.0,1,24,0.582106,0.3224,True,False,wall,10.0,8.0,-10.0
889,49010,-10.0,0,29,0.581937,0.3021,True,False,wall,0.0,0.0,-10.0
890,49047,-6.0,0,37,0.581722,0.3437,True,False,wall,0.0,4.0,-10.0
891,49147,17.0,2,100,0.58114,0.2978,True,False,wall,20.0,7.0,-10.0
892,49203,12.0,1,56,0.580815,0.3475,True,False,wall,10.0,12.0,-10.0
893,49226,-10.0,0,23,0.580681,0.3696,True,False,wall,0.0,0.0,-10.0
894,49267,3.0,1,41,0.580443,0.3312,True,False,wall,10.0,3.0,-10.0
895,49358,36.0,2,91,0.579915,0.3353,True,False,wall,20.0,26.0,-10.0
896,49455,11.0,1,97,0.579353,0.3147,True,False,wall,10.0,11.0,-10.0
897,49621,21.0,2,166,0.578392,0.3379,True,False,wall,20.0,11.0,-10.0
898,49664,16.0,2,43,0.578143,0.3277,True,False,wall,20.0,6.0,-10.0
899,49679,-6.0,0,15,0.578057,0.3028,True,False,wall,0.0,4.0,-10.0
900,49702,-2.0,0,23,0.577924,0.3502,True,False,wall,0.0,8.0,-10.0
901,49824,63.0,4,122,0.577219,0.3422,True,False,body,40.0,33.0,-10.0
902,49963,42.0,2,139,0.576417,0.3515,True,False,wall,20.0,32.0,-10.0
903,50035,-15.0,0,72,0.576002,0.3682,True,False,wall,0.0,-5.0,-10.0
904,50092,13.0,1,57,0.575674,0.3745,True,False,wall,10.0,13.0,-10.0
905,50136,4.0,1,44,0.575421,0.3854,True,False,wall,10.0,4.0,-10.0
906,50201,1.0,1,65,0.575047,0.348,True,False,wall,10.0,1.0,-10.0
907,50246,-4.0,0,45,0.574788,0.4477,True,False,wall,0.0,6.0,-10.0
908,50410,10.0,1,164,0.573847,0.3564,True,False,wall,10.0,10.0,-10.0
909,50468,-11.0,0,58,0.573514,0.3054,True,False,wall,0.0,-1.0,-10.0
910,50540,42.0,3,72,0.573101,0.3473,True,False,wall,30.0,22.0,-10.0
911,50597,-2.0,0,57,0.572774,0.3245,True,False,wall,0.0,8.0,-10.0
912,50730,-8.0,0,133,0.572013,0.3653,True,False,wall,0.0,2.0,-10.0
913,50816,36.0,3,86,0.571521,0.3502,True,False,body,30.0,16.0,-10.0
914,50853,-1.0,1,37,0.57131,0.491,True,False,wall,10.0,-1.0,-10.0
915,50879,-15.0,0,26,0.571161,0.3212,True,False,wall,0.0,-5.0,-10.0
916,50992,25.0,1,113,0.570516,0.3417,True,False,wall,10.0,25.0,-10.0
917,51164,17.0,2,172,0.569536,0.3845,True,False,wall,20.0,7.0,-10.0
918,51214,4.0,1,50,0.569251,0.3254,True,False,wall,10.0,4.0,-10.0
919,51237,-8.0,0,23,0.56912,0.4161,True,False,wall,0.0,2.0,-10.0
920,51273,6.0,1,36,0.568916,0.333,True,False,wall,10.0,6.0,-10.0
921,51288,-8.0,0,15,0.56883,0.4216,True,False,wall,0.0,2.0,-10.0
922,51318,10.0,1,30,0.56866,0.354,True,False,wall,10.0,10.0,-10.0
923,51386,6.0,1,68,0.568273,0.339,True,False,wall,10.0,6.0,-10.0
924,51411,-12.0,0,25,0.568131,0.4975,True,False,wall,0.0,-2.0,-10.0
925,51573,19.0,2,162,0.567211,0.3643,True,False,wall,20.0,9.0,-10.0
926,51604,13.0,1,31,0.567036,0.368,True,False,wall,10.0,13.0,-10.0
927,51761,41.0,3,157,0.566146,0.3516,True,False,body,30.0,21.0,-10.0
928,51790,-2.0,0,29,0.565982,0.3433,True,False,wall,0.0,8.0,-10.0
929,51989,24.0,2,199,0.564857,0.3661,True,False,wall,20.0,14.0,-10.0
930,52186,11.0,1,197,0.563745,0.3703,True,False,wall,10.0,11.0,-10.0
931,52257,-6.0,0,71,0.563345,0.3015,True,False,wall,0.0,4.0,-10.0
932,52362,0.0,0,105,0.562754,0.3191,True,False,wall,0.0,10.0,-10.0
933,52481,54.0,4,119,0.562084,0.3757,True,False,body,40.0,24.0,-10.0
934,52818,18.0,2,337,0.560193,0.3624,True,False,wall,20.0,8.0,-10.0
935,52876,-13.0,0,58,0.559869,0.3128,True,False,wall,0.0,-3.0,-10.0
936,52890,6.0,1,14,0.55979,0.5015,True,False,wall,10.0,6.0,-10.0
937,52908,-7.0,0,18,0.559689,0.3539,True,False,wall,0.0,3.0,-10.0
938,52931,-2.0,0,23,0.559561,0.3203,True,False,wall,0.0,8.0,-10.0
939,53226,18.0,2,295,0.557912,0.3386,True,False,wall,20.0,8.0,-10.0
940,53375,39.0,3,149,0.557082,0.3545,True,False,body,30.0,19.0,-10.0
941,53402,1.0,1,27,0.556931,0.4135,True,False,wall,10.0,1.0,-10.0
942,53442,10.0,1,40,0.556709,0.3256,True,False,wall,10.0,10.0,-10.0
943,53547,32.0,2,105,0.556124,0.3253,True,False,wall,20.0,22.0,-10.0
944,53569,-7.0,0,22,0.556002,0.35,True,False,wall,0.0,3.0,-10.0
945,53593,12.0,1,24,0.555869,0.474,True,False,wall,10.0,12.0,-10.0
946,53689,14.0,1,96,0.555335,0.3769,True,False,wall,10.0,14.0,-10.0
947,53708,-8.0,0,19,0.55523,0.3304,True,False,wall,0.0,2.0,-10.0
948,53762,10.0,1,54,0.55493,0.352,True,False,wall,10.0,10.0,-10.0
949,53837,32.0,2,75,0.554514,0.3229,True,False,wall,20.0,22.0,-10.0
950,53884,-6.0,0,47,0.554253,0.3096,True,False,wall,0.0,4.0,-10.0
951,53925,5.0,1,41,0.554026,0.3742,True,False,wall,10.0,5.0,-10.0
952,54013,-17.0,0,88,0.553539,0.3144,True,False,wall,0.0,-7.0,-10.0
953,54084,-10.0,0,71,0.553146,0.3054,True,False,wall,0.0,0.0,-10.0
954,54096,-3.0,0,12,0.55308,0.28,True,False,wall,0.0,7.0,-10.0
955,54146,-1.0,0,50,0.552803,0.2884,True,False,wall,0.0,9.0,-10.0
956,54260,40.0,3,114,0.552173,0.3651,True,False,body,30.0,20.0,-10.0
957,54347,-8.0,0,87,0.551693,0.3846,True,False,wall,0.0,2.0,-10.0
958,54409,-9.0,0,62,0.551351,0.3331,True,False,wall,0.0,1.0,-10.0
959,54578,28.0,2,169,0.55042,0.3493,True,False,wall,20.0,18.0,-10.0
960,54593,-14.0,0,15,0.550338,0.3492,True,False,wall,0.0,-4.0,-10.0
961,54610,-2.0,0,17,0.550244,0.4251,True,False,wall,0.0,8.0,-10.0
962,54694,2.0,1,84,0.549782,0.338,True,False,wall,10.0,2.0,-10.0
963,54716,0.0,1,22,0.549661,0.3112,True,False,wall,10.0,0.0,-10.0
964,54745,3.0,1,29,0.549502,0.3367,True,False,wall,10.0,3.0,-10.0
965,54828,9.0,1,83,0.549046,0.3461,True,False,wall,10.0,9.0,-10.0
966,54884,8.0,1,56,0.548738,0.3514,True,False,wall,10.0,8.0,-10.0
967,54896,-9.0,0,12,0.548673,0.3297,True,False,wall,0.0,1.0,-10.0
968,55033,1.0,1,137,0.547921,0.3402,True,False,wall,10.0,1.0,-10.0
969,55082,3.0,1,49,0.547653,0.3231,True,False,wall,10.0,3.0,-10.0
970,55225,55.0,3,143,0.54687,0.3506,True,False,body,30.0,35.0,-10.0
971,55277,-9.0,0,52,0.546586,0.3917,True,False,wall,0.0,1.0,-10.0
972,55306,15.0,1,29,0.546428,0.3286,True,False,wall,10.0,15.0,-10.0
973,55384,43.0,4,78,0.546002,0.3435,True,False,body,40.0,13.0,-10.0
974,55486,-7.0,0,102,0.545445,0.4335,True,False,wall,0.0,3.0,-10.0
975,55503,9.0,1,17,0.545352,0.3214,True,False,wall,10.0,9.0,-10.0
976,55698,36.0,2,195,0.54429,0.3915,True,False,wall,20.0,26.0,-10.0
977,55792,12.0,1,94,0.543778,0.4138,True,False,wall,10.0,12.0,-10.0
978,55872,48.0,3,80,0.543344,0.3938,True,False,body,30.0,28.0,-10.0
979,55892,-5.0,0,20,0.543235,0.4087,True,False,wall,0.0,5.0,-10.0
980,55914,-3.0,0,22,0.543115,0.4009,True,False,wall,0.0,7.0,-10.0
981,55930,15.0,2,16,0.543029,0.4358,True,False,wall,20.0,5.0,-10.0
982,56024,39.0,2,94,0.542518,0.3731,True,False,wall,20.0,29.0,-10.0
983,56063,19.0,1,39,0.542307,0.3763,True,False,wall,10.0,19.0,-10.0
984,56092,21.0,1,29,0.54215,0.4006,True,False,wall,10.0,21.0,-10.0
985,56111,-4.0,0,19,0.542047,0.3498,True,False,wall,0.0,6.0,-10.0
986,56162,-12.0,0,51,0.54177,0.3749,True,False,wall,0.0,-2.0,-10.0
987,56182,-5.0,0,20,0.541662,0.3758,True,False,wall,0.0,5.0,-10.0
988,56273,1.0,1,91,0.541169,0.3773,True,False,wall,10.0,1.0,-10.0
989,56339,22.0,1,66,0.540812,0.4265,True,False,wall,10.0,22.0,-10.0
990,56362,9.0,1,23,0.540688,0.3511,True,False,wall,10.0,9.0,-10.0
991,56383,7.0,1,21,0.540574,0.3184,True,False,wall,10.0,7.0,-10.0
992,56409,-5.0,0,26,0.540434,0.3394,True,False,wall,0.0,5.0,-10.0
993,56453,38.0,3,44,0.540196,0.3476,True,False,body,30.0,18.0,-10.0
994,56480,-8.0,0,27,0.54005,0.3504,True,False,wall,0.0,2.0,-10.0
995,56501,20.0,2,21,0.539937,0.3175,True,False,wall,20.0,10.0,-10.0
996,56539,0.0,1,38,0.539732,0.3398,True,False,wall,10.0,0.0,-10.0
997,56566,-4.0,0,27,0.539586,0.316,True,False,wall,0.0,6.0,-10.0
998,56621,24.0,2,55,0.539289,0.3717,True,False,wall,20.0,14.0,-10.0
999,56737,40.0,3,116,0.538664,0.4264,True,False,body,30.0,20.0,-10.0
1000,56757,-13.0,0,20,0.538556,0.5017,True,False,wall,0.0,-3.0,-10.0
1001,56857,10.0,1,100,0.538018,0.4606,True,False,wall,10.0,10.0,-10.0
1002,56897,0.0,1,40,0.537803,0.3829,True,False,wall,10.0,0.0,-10.0
1003,56985,52.0,3,88,0.53733,0.5343,True,False,body,30.0,32.0,-10.0
1004,57002,11.0,1,17,0.537238,0.3976,True,False,wall,10.0,11.0,-10.0
1005,57080,-9.0,0,78,0.53682,0.3538,True,False,wall,0.0,1.0,-10.0
1006,57103,9.0,1,23,0.536696,0.3927,True,False,wall,10.0,9.0,-10.0
1007,57128,2.0,0,25,0.536562,0.4146,True,False,wall,0.0,12.0,-10.0
1008,57176,17.0,2,48,0.536304,0.5518,True,False,wall,20.0,7.0,-10.0
1009,57252,-9.0,0,76,0.535897,0.3687,True,False,wall,0.0,1.0,-10.0
1010,57270,-5.0,0,18,0.535801,0.3214,True,False,wall,0.0,5.0,-10.0
1011,57299,20.0,2,29,0.535645,0.3512,True,False,wall,20.0,10.0,-10.0
1012,57323,0.0,1,24,0.535517,0.303,True,False,wall,10.0,0.0,-10.0
1013,57402,-14.0,0,79,0.535094,0.496,True,False,wall,0.0,-4.0,-10.0
1014,57454,2.0,1,52,0.534816,0.3385,True,False,wall,10.0,2.0,-10.0
1015,57482,6.0,1,28,0.534666,0.3289,True,False,wall,10.0,6.0,-10.0
1016,57649,47.0,3,167,0.533774,0.417,True,False,body,30.0,27.0,-10.0
1017,57684,-4.0,0,35,0.533587,0.3868,True,False,wall,0.0,6.0,-10.0
1018,57738,-9.0,0,54,0.533299,0.5728,True,False,wall,0.0,1.0,-10.0
1019,57767,5.0,1,29,0.533144,0.3822,True,False,wall,10.0,5.0,-10.0
1020,57794,0.0,0,27,0.533,0.4024,True,False,wall,0.0,10.0,-10.0
1021,57935,22.0,2,141,0.532249,0.4067,True,False,wall,20.0,12.0,-10.0
1022,57990,-4.0,0,55,0.531957,0.3981,True,False,wall,0.0,6.0,-10.0
1023,58126,52.0,3,136,0.531234,0.4129,True,False,body,30.0,32.0,-10.0
1024,58244,27.0,2,118,0.530607,0.4581,True,False,wall,20.0,17.0,-10.0
1025,58261,-6.0,0,17,0.530517,0.3928,True,False,wall,0.0,4.0,-10.0
1026,58365,52.0,3,104,0.529966,0.3623,True,False,body,30.0,32.0,-10.0
1027,58404,11.0,1,39,0.529759,0.5005,True,False,wall,10.0,11.0,-10.0
1028,58437,7.0,1,33,0.529584,0.3685,True,False,wall,10.0,7.0,-10.0
1029,58546,29.0,3,109,0.529007,0.4312,True,False,body,30.0,9.0,-10.0
1030,58604,-17.0,0,58,0.5287,0.3753,True,False,wall,0.0,-7.0,-10.0
1031,58656,30.0,3,52,0.528426,0.3468,True,False,body,30.0,10.0,-10.0
1032,58771,32.0,2,115,0.527818,0.3869,True,False,wall,20.0,22.0,-10.0
1033,58824,-6.0,0,53,0.527539,0.3532,True,False,wall,0.0,4.0,-10.0
1034,58890,25.0,2,66,0.527191,0.573,True,False,wall,20.0,15.0,-10.0
1035,58908,1.0,0,18,0.527096,0.3682,True,False,wall,0.0,11.0,-10.0
1036,58936,6.0,1,28,0.526948,0.6314,True,False,wall,10.0,6.0,-10.0
1037,58959,-12.0,0,23,0.526827,0.3954,True,False,wall,0.0,-2.0,-10.0
1038,59076,28.0,2,117,0.526211,0.4318,True,False,wall,20.0,18.0,-10.0
1039,59170,56.0,3,94,0.525716,0.4242,True,False,body,30.0,36.0,-10.0
1040,59189,9.0,1,19,0.525617,0.3835,True,False,wall,10.0,9.0,-10.0
1041,59268,24.0,2,79,0.525201,0.5712,True,False,wall,20.0,14.0,-10.0
1042,59291,-8.0,0,23,0.525081,0.4807,True,False,wall,0.0,2.0,-10.0
1043,59346,-16.0,0,55,0.524792,0.6142,True,False,wall,0.0,-6.0,-10.0
1044,59362,-15.0,0,16,0.524708,0.4077,True,False,wall,0.0,-5.0,-10.0
1045,59458,10.0,1,96,0.524205,0.4294,True,False,wall,10.0,10.0,-10.0
1046,59482,-1.0,0,24,0.524079,0.4501,True,False,wall,0.0,9.0,-10.0
1047,59553,22.0,2,71,0.523707,0.4206,True,False,wall,20.0,12.0,-10.0
1048,59578,-6.0,0,25,0.523576,0.4145,True,False,wall,0.0,4.0,-10.0
1049,59602,-1.0,0,24,0.52345,0.4031,True,False,wall,0.0,9.0,-10.0
1050,59632,4.0,1,30,0.523293,0.4618,True,False,wall,10.0,4.0,-10.0
1051,59677,40.0,2,45,0.523058,0.3934,True,False,wall,20.0,30.0,-10.0
1052,59729,-5.0,0,52,0.522786,0.4909,True,False,wall,0.0,5.0,-10.0
1053,59757,-3.0,0,28,0.52264,0.4604,True,False,wall,0.0,7.0,-10.0
1054,59821,27.0,2,64,0.522305,0.4123,True,False,wall,20.0,17.0,-10.0
1055,59850,-6.0,0,29,0.522154,0.3536,True,False,wall,0.0,4.0,-10.0
1056,59868,-3.0,0,18,0.52206,0.4188,True,False,wall,0.0,7.0,-10.0
1057,59977,-2.0,0,109,0.521491,0.4219,True,False,wall,0.0,8.0,-10.0
1058,60043,34.0,3,66,0.521147,0.4552,True,False,body,30.0,14.0,-10.0
1059,60151,39.0,2,108,0.520584,0.4757,True,False,wall,20.0,29.0,-10.0
1060,60181,-17.0,0,30,0.520428,0.425,True,False,wall,0.0,-7.0,-10.0
1061,60213,1.0,0,32,0.520262,0.4229,True,False,wall,0.0,11.0,-10.0
1062,60276,15.0,1,63,0.519934,0.4423,True,False,wall,10.0,15.0,-10.0
1063,60377,16.0,2,101,0.519409,0.5317,True,False,wall,20.0,6.0,-10.0
1064,60413,-7.0,0,36,0.519222,0.3912,True,False,wall,0.0,3.0,-10.0
1065,60434,-8.0,0,21,0.519113,0.3954,True,False,wall,0.0,2.0,-10.0
1066,60521,5.0,1,87,0.518662,0.4696,True,False,wall,10.0,5.0,-10.0
1067,60534,-6.0,0,13,0.518594,0.4593,True,False,wall,0.0,4.0,-10.0
1068,60574,-11.0,0,40,0.518387,0.4601,True,False,wall,0.0,-1.0,-10.0
1069,60590,6.0,1,16,0.518304,0.4302,True,False,wall,10.0,6.0,-10.0
1070,60601,-6.0,0,11,0.518247,0.4667,True,False,wall,0.0,4.0,-10.0
1071,60842,78.0,4,241,0.517,0.4146,True,False,body,40.0,48.0,-10.0
1072,60964,6.0,1,122,0.516369,0.4145,True,False,wall,10.0,6.0,-10.0
1073,61036,29.0,2,72,0.515998,0.3946,True,False,wall,20.0,19.0,-10.0
1074,61085,17.0,1,49,0.515745,0.3991,True,False,wall,10.0,17.0,-10.0
1075,61152,-4.0,0,67,0.515399,0.3868,True,False,wall,0.0,6.0,-10.0
1076,61336,14.0,1,184,0.514452,0.4151,True,False,wall,10.0,14.0,-10.0
1077,61357,-8.0,0,21,0.514344,0.4503,True,False,wall,0.0,2.0,-10.0
1078,61385,-7.0,0,28,0.5142,0.4183,True,False,wall,0.0,3.0,-10.0
1079,61417,16.0,1,32,0.514035,0.3784,True,False,wall,10.0,16.0,-10.0
1080,61452,-10.0,0,35,0.513855,0.3938,True,False,wall,0.0,0.0,-10.0
1081,61481,-18.0,0,29,0.513706,0.3913,True,False,wall,0.0,-8.0,-10.0
1082,61563,-1.0,0,82,0.513285,0.4221,True,False,wall,0.0,9.0,-10.0
1083,61607,25.0,2,44,0.51306,0.3805,True,False,wall,20.0,15.0,-10.0
1084,61719,40.0,3,112,0.512485,0.3941,True,False,wall,30.0,20.0,-10.0
1085,61775,16.0,1,56,0.512198,0.448,True,False,wall,10.0,16.0,-10.0
1086,61851,38.0,3,76,0.511809,0.4673,True,False,body,30.0,18.0,-10.0
1087,61886,13.0,1,35,0.51163,0.5326,True,False,wall,10.0,13.0,-10.0
1088,61913,9.0,1,27,0.511492,0.4479,True,False,wall,10.0,9.0,-10.0
1089,61933,4.0,1,20,0.51139,0.4487,True,False,wall,10.0,4.0,-10.0
1090,61961,10.0,1,28,0.511247,0.3635,True,False,wall,10.0,10.0,-10.0
1091,61974,7.0,1,13,0.51118,0.4478,True,False,wall,10.0,7.0,-10.0
1092,62018,12.0,1,44,0.510955,0.4566,True,False,wall,10.0,12.0,-10.0
1093,62106,23.0,2,88,0.510506,0.4572,True,False,wall,20.0,13.0,-10.0
1094,62129,15.0,1,23,0.510388,0.4217,True,False,wall,10.0,15.0,-10.0
1095,62220,9.0,1,91,0.509924,0.4188,True,False,wall,10.0,9.0,-10.0
1096,62262,-1.0,0,42,0.50971,0.4817,True,False,wall,0.0,9.0,-10.0
1097,62382,20.0,1,120,0.509099,0.5061,True,False,wall,10.0,20.0,-10.0
1098,62466,-5.0,0,84,0.508671,0.4284,True,False,wall,0.0,5.0,-10.0
1099,62522,-5.0,0,56,0.508386,0.415,True,False,wall,0.0,5.0,-10.0
1100,62545,-14.0,0,23,0.50827,0.464,True,False,wall,0.0,-4.0,-10.0
1101,62640,15.0,1,95,0.507787,0.3927,True,False,wall,10.0,15.0,-10.0
1102,62653,7.0,1,13,0.507721,0.4438,True,False,wall,10.0,7.0,-10.0
1103,62705,12.0,1,52,0.507457,0.4323,True,False,wall,10.0,12.0,-10.0
1104,62790,24.0,2,85,0.507026,0.4369,True,False,wall,20.0,14.0,-10.0
1105,62875,3.0,1,85,0.506595,0.4183,True,False,wall,10.0,3.0,-10.0
1106,62920,13.0,1,45,0.506367,0.3627,True,False,wall,10.0,13.0,-10.0
1107,63004,-5.0,0,84,0.505942,0.4039,True,False,wall,0.0,5.0,-10.0
1108,63073,3.0,1,69,0.505593,0.3782,True,False,wall,10.0,3.0,-10.0
1109,63179,14.0,1,106,0.505057,0.392,True,False,wall,10.0,14.0,-10.0
1110,63213,-7.0,0,34,0.504886,0.362,True,False,wall,0.0,3.0,-10.0
1111,63227,4.0,1,14,0.504815,0.3895,True,False,wall,10.0,4.0,-10.0
1112,63269,-13.0,0,42,0.504603,0.372,True,False,wall,0.0,-3.0,-10.0
1113,63314,24.0,2,45,0.504376,0.3711,True,False,wall,20.0,14.0,-10.0
1114,63371,11.0,1,57,0.504089,0.4542,True,False,wall,10.0,11.0,-10.0
1115,63391,3.0,0,20,0.503988,0.3847,True,False,wall,0.0,13.0,-10.0
1116,63412,11.0,1,21,0.503882,0.4305,True,False,wall,10.0,11.0,-10.0
1117,63426,-7.0,0,14,0.503811,0.3899,True,False,wall,0.0,3.0,-10.0
1118,63449,7.0,1,23,0.503696,0.4224,True,False,wall,10.0,7.0,-10.0
1119,63465,-3.0,0,16,0.503615,0.3878,True,False,wall,0.0,7.0,-10.0
1120,63621,52.0,3,156,0.50283,0.4019,True,False,wall,30.0,32.0,-10.0
1121,63645,-7.0,0,24,0.502709,0.409,True,False,wall,0.0,3.0,-10.0
1122,63718,-4.0,0,73,0.502342,0.3858,True,False,wall,0.0,6.0,-10.0
1123,63801,22.0,2,83,0.501926,0.366,True,False,wall,20.0,12.0,-10.0
1124,63822,-2.0,0,21,0.50182,0.3721,True,False,wall,0.0,8.0,-10.0
1125,63893,9.0,1,71,0.501464,0.3935,True,False,wall,10.0,9.0,-10.0
1126,63958,9.0,1,65,0.501138,0.3855,True,False,wall,10.0,9.0,-10.0
1127,64043,24.0,2,85,0.500712,0.4189,True,False,wall,20.0,14.0,-10.0
1128,64070,-8.0,0,27,0.500577,0.4337,True,False,wall,0.0,2.0,-10.0
1129,64132,42.0,3,62,0.500267,0.3907,True,False,body,30.0,22.0,-10.0
1130,64220,17.0,2,88,0.499827,0.4127,True,False,wall,20.0,7.0,-10.0
1131,64310,48.0,3,90,0.499377,0.4282,True,False,body,30.0,28.0,-10.0
1132,64485,47.0,3,175,0.498504,0.4196,True,False,body,30.0,27.0,-10.0
1133,64517,-9.0,0,32,0.498345,0.5173,True,False,wall,0.0,1.0,-10.0
1134,64579,37.0,2,62,0.498036,0.4607,True,False,wall,20.0,27.0,-10.0
1135,64704,47.0,3,125,0.497414,0.4941,True,False,body,30.0,27.0,-10.0
1136,64731,-4.0,0,27,0.497279,0.6516,True,False,wall,0.0,6.0,-10.0
1137,64763,4.0,1,32,0.49712,0.5058,True,False,wall,10.0,4.0,-10.0
1138,64776,-14.0,0,13,0.497056,0.4655,True,False,wall,0.0,-4.0,-10.0
1139,64844,28.0,3,68,0.496718,0.4457,True,False,body,30.0,8.0,-10.0
1140,64918,-6.0,1,74,0.49635,0.5961,True,False,wall,10.0,-6.0,-10.0
1141,64933,-10.0,0,15,0.496276,0.459,True,False,wall,0.0,0.0,-10.0
1142,64953,-7.0,0,20,0.496177,0.6017,True,False,wall,0.0,3.0,-10.0
1143,64965,-1.0,0,12,0.496117,0.4532,True,False,wall,0.0,9.0,-10.0
1144,65001,15.0,2,36,0.495939,0.4745,True,False,wall,20.0,5.0,-10.0
1145,65022,9.0,1,21,0.495834,0.4048,True,False,wall,10.0,9.0,-10.0
1146,65082,30.0,3,60,0.495537,0.3933,True,False,body,30.0,10.0,-10.0
1147,65141,-14.0,0,59,0.495245,0.4734,True,False,wall,0.0,-4.0,-10.0
1148,65152,-6.0,0,11,0.49519,0.5582,True,False,wall,0.0,4.0,-10.0
1149,65169,-8.0,0,17,0.495106,0.4796,True,False,wall,0.0,2.0,-10.0
1150,65180,-6.0,0,11,0.495052,0.474,True,False,wall,0.0,4.0,-10.0
1151,65206,4.0,1,26,0.494923,0.4313,True,False,wall,10.0,4.0,-10.0
1152,65222,4.0,1,16,0.494844,0.4269,True,False,wall,10.0,4.0,-10.0
1153,65244,10.0,1,22,0.494735,0.4125,True,False,wall,10.0,10.0,-10.0
1154,65263,0.0,0,19,0.494641,0.5505,True,False,wall,0.0,10.0,-10.0
1155,65377,42.0,3,114,0.494077,0.3894,True,False,wall,30.0,22.0,-10.0
1156,65636,37.0,3,259,0.492799,0.4527,True,False,wall,30.0,17.0,-10.0
1157,65755,1.0,1,119,0.492213,0.4817,True,False,wall,10.0,1.0,-10.0
1158,65782,-14.0,0,27,0.49208,0.5577,True,False,wall,0.0,-4.0,-10.0
1159,65825,-10.0,0,43,0.491869,0.3735,True,False,wall,0.0,0.0,-10.0
1160,65861,8.0,1,36,0.491692,0.3706,True,False,wall,10.0,8.0,-10.0
1161,65906,18.0,2,45,0.491471,0.4542,True,False,wall,20.0,8.0,-10.0
1162,65926,12.0,1,20,0.491372,0.4843,True,False,wall,10.0,12.0,-10.0
1163,66017,22.0,2,91,0.490925,0.4188,True,False,wall,20.0,12.0,-10.0
1164,66043,-7.0,0,26,0.490798,0.5426,True,False,wall,0.0,3.0,-10.0
1165,66113,-5.0,0,70,0.490454,0.4802,True,False,wall,0.0,5.0,-10.0
1166,66238,21.0,1,125,0.489842,0.4178,True,False,wall,10.0,21.0,-10.0
1167,66368,22.0,1,130,0.489205,0.3703,True,False,wall,10.0,22.0,-10.0
1168,66397,-2.0,0,29,0.489063,0.5661,True,False,wall,0.0,8.0,-10.0
1169,66590,62.0,4,193,0.48812,0.4391,True,False,wall,40.0,32.0,-10.0
1170,66664,39.0,2,74,0.487759,0.4086,True,False,wall,20.0,29.0,-10.0
1171,66693,-4.0,0,29,0.487618,0.3973,True,False,wall,0.0,6.0,-10.0
1172,66788,13.0,1,95,0.487155,0.3803,True,False,wall,10.0,13.0,-10.0
1173,66938,33.0,2,150,0.486425,0.3965,True,False,wall,20.0,23.0,-10.0
1174,66976,-7.0,0,38,0.48624,0.3848,True,False,wall,0.0,3.0,-10.0
1175,66996,10.0,1,20,0.486143,0.4069,True,False,wall,10.0,10.0,-10.0
1176,67100,6.0,1,104,0.485637,0.433,True,False,wall,10.0,6.0,-10.0
1177,67140,8.0,1,40,0.485443,0.3772,True,False,wall,10.0,8.0,-10.0
1178,67153,0.0,0,13,0.48538,0.4249,True,False,wall,0.0,10.0,-10.0
1179,67171,-11.0,0,18,0.485293,0.3811,True,False,wall,0.0,-1.0,-10.0
1180,67268,24.0,2,97,0.484822,0.3707,True,False,wall,20.0,14.0,-10.0
1181,67307,13.0,1,39,0.484633,0.3822,True,False,wall,10.0,13.0,-10.0
1182,67328,-20.0,0,21,0.484531,0.3785,True,False,wall,0.0,-10.0,-10.0
1183,67362,-5.0,0,34,0.484367,0.3865,True,False,wall,0.0,5.0,-10.0
1184,67398,-11.0,0,36,0.484192,0.3828,True,False,wall,0.0,-1.0,-10.0
1185,67496,23.0,2,98,0.483718,0.4128,True,False,wall,20.0,13.0,-10.0
1186,67537,13.0,1,41,0.48352,0.3899,True,False,wall,10.0,13.0,-10.0
1187,67578,13.0,1,41,0.483321,0.3693,True,False,wall,10.0,13.0,-10.0
1188,67648,24.0,3,70,0.482983,0.4092,True,False,body,30.0,4.0,-10.0
1189,67680,12.0,1,32,0.482829,0.4521,True,False,wall,10.0,12.0,-10.0
1190,67700,-3.0,0,20,0.482732,0.6745,True,False,wall,0.0,7.0,-10.0
1191,67745,1.0,1,45,0.482515,0.3982,True,False,wall,10.0,1.0,-10.0
1192,67767,10.0,1,22,0.482409,0.3854,True,False,wall,10.0,10.0,-10.0
1193,67778,-12.0,0,11,0.482356,0.4234,True,False,wall,0.0,-2.0,-10.0
1194,67849,14.0,2,71,0.482013,0.3982,True,False,wall,20.0,4.0,-10.0
1195,67866,-8.0,0,17,0.481931,0.3524,True,False,wall,0.0,2.0,-10.0
1196,68054,61.0,4,188,0.481026,0.4283,True,False,body,40.0,31.0,-10.0
1197,68086,-5.0,0,32,0.480872,0.4653,True,False,wall,0.0,5.0,-10.0
1198,68099,-6.0,0,13,0.48081,0.3888,True,False,wall,0.0,4.0,-10.0
1199,68169,-5.0,0,70,0.480473,0.3798,True,False,wall,0.0,5.0,-10.0
1200,68209,-5.0,0,40,0.480281,0.4969,True,False,wall,0.0,5.0,-10.0
1201,68296,32.0,2,87,0.479864,0.4346,True,False,wall,20.0,22.0,-10.0
1202,68345,13.0,1,49,0.479629,0.4037,True,False,wall,10.0,13.0,-10.0
1203,68395,-15.0,0,50,0.479389,0.4945,True,False,wall,0.0,-5.0,-10.0
1204,68499,22.0,1,104,0.478891,0.4468,True,False,wall,10.0,22.0,-10.0
1205,68587,27.0,2,88,0.478469,0.4281,True,False,wall,20.0,17.0,-10.0
1206,68627,14.0,1,40,0.478278,0.4326,True,False,wall,10.0,14.0,-10.0
1207,68672,7.0,1,45,0.478063,0.4565,True,False,wall,10.0,7.0,-10.0
1208,68743,19.0,1,71,0.477723,0.4295,True,False,wall,10.0,19.0,-10.0
1209,68768,3.0,1,25,0.477604,0.6437,True,False,wall,10.0,3.0,-10.0
1210,68783,-6.0,0,15,0.477532,0.428,True,False,wall,0.0,4.0,-10.0
1211,68824,11.0,1,41,0.477337,0.511,True,False,wall,10.0,11.0,-10.0
1212,68881,9.0,1,57,0.477065,0.4197,True,False,wall,10.0,9.0,-10.0
1213,69067,4.0,1,186,0.476178,0.3942,True,False,wall,10.0,4.0,-10.0
1214,69081,-3.0,0,14,0.476111,0.3943,True,False,wall,0.0,7.0,-10.0
1215,69194,22.0,2,113,0.475574,0.3853,True,False,wall,20.0,12.0,-10.0
1216,69278,29.0,2,84,0.475174,0.4444,True,False,wall,20.0,19.0,-10.0
1217,69493,68.0,4,215,0.474154,0.4346,True,False,body,40.0,38.0,-10.0
1218,69634,47.0,3,141,0.473486,0.4376,True,False,body,30.0,27.0,-10.0
1219,69662,8.0,1,28,0.473353,0.4243,True,False,wall,10.0,8.0,-10.0
1220,69784,2.0,1,122,0.472776,0.4654,True,False,wall,10.0,2.0,-10.0
1221,69804,12.0,1,20,0.472682,0.3964,True,False,wall,10.0,12.0,-10.0
1222,69851,9.0,1,47,0.472459,0.4463,True,False,wall,10.0,9.0,-10.0
1223,69897,4.0,1,46,0.472242,0.4331,True,False,wall,10.0,4.0,-10.0
1224,69975,12.0,1,78,0.471874,0.4282,True,False,wall,10.0,12.0,-10.0
1225,70008,9.0,1,33,0.471718,0.4617,True,False,wall,10.0,9.0,-10.0
1226,70037,-4.0,0,29,0.471582,0.5932,True,False,wall,0.0,6.0,-10.0
1227,70170,30.0,2,133,0.470955,0.4519,True,False,wall,20.0,20.0,-10.0
1228,70224,30.0,1,54,0.4707,0.4513,True,False,wall,10.0,30.0,-10.0
1229,70281,18.0,2,57,0.470432,0.5759,True,False,wall,20.0,8.0,-10.0
1230,70414,72.0,4,133,0.469807,0.4749,True,False,body,40.0,42.0,-10.0
1231,70604,39.0,2,190,0.468915,0.5457,True,False,wall,20.0,29.0,-10.0
1232,70680,42.0,3,76,0.468559,0.5211,True,False,body,30.0,22.0,-10.0
1233,70706,1.0,0,26,0.468437,0.5358,True,False,wall,0.0,11.0,-10.0
1234,70730,-17.0,0,24,0.468325,0.4425,True,False,wall,0.0,-7.0,-10.0
1235,70760,-13.0,0,30,0.468184,0.5105,True,False,wall,0.0,-3.0,-10.0
1236,70804,-5.0,0,44,0.467978,0.5903,True,False,wall,0.0,5.0,-10.0
1237,70956,72.0,5,152,0.467268,0.4475,True,False,body,50.0,32.0,-10.0
1238,71010,23.0,2,54,0.467015,0.4178,True,False,wall,20.0,13.0,-10.0
1239,71069,34.0,2,59,0.46674,0.4068,True,False,wall,20.0,24.0,-10.0
1240,71092,5.0,1,23,0.466632,0.4544,True,False,wall,10.0,5.0,-10.0
1241,71105,-16.0,0,13,0.466572,0.4629,True,False,wall,0.0,-6.0,-10.0
1242,71144,9.0,1,39,0.46639,0.5962,True,False,wall,10.0,9.0,-10.0
1243,71193,0.0,0,49,0.466161,0.4027,True,False,wall,0.0,10.0,-10.0
1244,71219,6.0,1,26,0.46604,0.4058,True,False,wall,10.0,6.0,-10.0
1245,71245,12.0,1,26,0.465919,0.7371,True,False,wall,10.0,12.0,-10.0
1246,71305,-13.0,0,60,0.46564,0.4645,True,False,wall,0.0,-3.0,-10.0
1247,71427,77.0,4,122,0.465072,0.491,True,False,wall,40.0,47.0,-10.0
1248,71461,6.0,1,34,0.464914,0.5331,True,False,wall,10.0,6.0,-10.0
1249,71504,28.0,2,43,0.464714,0.4177,True,False,wall,20.0,18.0,-10.0
1250,71529,-2.0,0,25,0.464598,0.6323,True,False,wall,0.0,8.0,-10.0
1251,71565,-7.0,0,36,0.464431,0.4626,True,False,wall,0.0,3.0,-10.0
1252,71585,-5.0,0,20,0.464338,0.396,True,False,wall,0.0,5.0,-10.0
1253,71714,3.0,1,129,0.463739,0.4202,True,False,wall,10.0,3.0,-10.0
1254,71859,24.0,2,145,0.463067,0.4137,True,False,wall,20.0,14.0,-10.0
1255,72185,16.0,1,326,0.46156,0.4505,True,False,wall,10.0,16.0,-10.0
1256,72310,32.0,2,125,0.460983,0.4439,True,False,wall,20.0,22.0,-10.0
1257,72337,5.0,1,27,0.460859,0.4137,True,False,wall,10.0,5.0,-10.0
1258,72353,-1.0,0,16,0.460785,0.4807,True,False,wall,0.0,9.0,-10.0
1259,72390,2.0,0,37,0.460615,0.436,True,False,wall,0.0,12.0,-10.0
1260,72405,-4.0,0,15,0.460546,0.4253,True,False,wall,0.0,6.0,-10.0
1261,72460,22.0,2,55,0.460292,0.41,True,False,wall,20.0,12.0,-10.0
1262,72522,23.0,2,62,0.460007,0.4185,True,False,wall,20.0,13.0,-10.0
1263,72549,18.0,2,27,0.459883,0.4511,True,False,wall,20.0,8.0,-10.0
1264,72747,50.0,3,198,0.458973,0.4442,True,False,body,30.0,30.0,-10.0
1265,72782,-4.0,0,35,0.458813,0.4109,True,False,wall,0.0,6.0,-10.0
1266,72951,91.0,5,169,0.458038,0.443,True,False,body,50.0,51.0,-10.0
1267,72999,-11.0,0,48,0.457818,0.5271,True,False,wall,0.0,-1.0,-10.0
1268,73018,-2.0,0,19,0.457731,0.4323,True,False,wall,0.0,8.0,-10.0
1269,73036,-3.0,0,18,0.457649,0.4404,True,False,wall,0.0,7.0,-10.0
1270,73070,-11.0,0,34,0.457493,0.4118,True,False,wall,0.0,-1.0,-10.0
1271,73168,40.0,3,98,0.457045,0.4844,True,False,wall,30.0,20.0,-10.0
1272,73190,-3.0,0,22,0.456945,0.3945,True,False,wall,0.0,7.0,-10.0
1273,73313,59.0,3,123,0.456383,0.4953,True,False,body,30.0,39.0,-10.0
1274,73325,6.0,1,12,0.456328,0.8261,True,False,wall,10.0,6.0,-10.0
1275,73378,1.0,1,53,0.456086,0.4879,True,False,wall,10.0,1.0,-10.0
1276,73529,11.0,1,151,0.455398,0.5256,True,False,wall,10.0,11.0,-10.0
1277,73544,-4.0,0,15,0.45533,0.4779,True,False,wall,0.0,6.0,-10.0
1278,73555,5.0,1,11,0.45528,0.5715,True,False,wall,10.0,5.0,-10.0
1279,73657,41.0,2,102,0.454816,0.439,True,False,wall,20.0,31.0,-10.0
1280,73678,9.0,1,21,0.45472,0.4389,True,False,wall,10.0,9.0,-10.0
1281,73754,44.0,3,76,0.454375,0.4459,True,False,body,30.0,24.0,-10.0
1282,73768,-11.0,0,14,0.454311,0.4622,True,False,wall,0.0,-1.0,-10.0
1283,73837,11.0,1,69,0.453998,0.4561,True,False,wall,10.0,11.0,-10.0
1284,73939,34.0,3,102,0.453535,0.425,True,False,wall,30.0,14.0,-10.0
1285,73981,-5.0,0,42,0.453344,0.6092,True,False,wall,0.0,5.0,-10.0
1286,74017,6.0,1,36,0.453181,0.4136,True,False,wall,10.0,6.0,-10.0
1287,74109,44.0,3,92,0.452764,0.4812,True,False,body,30.0,24.0,-10.0
1288,74125,1.0,0,16,0.452692,0.5179,True,False,wall,0.0,11.0,-10.0
1289,74219,6.0,1,94,0.452267,0.4761,True,False,wall,10.0,6.0,-10.0
1290,74341,25.0,2,122,0.451715,0.425,True,False,wall,20.0,15.0,-10.0
1291,74353,8.0,1,12,0.451661,0.7818,True,False,wall,10.0,8.0,-10.0
1292,74514,62.0,4,161,0.450934,0.4618,True,False,body,40.0,32.0,-10.0
1293,74634,19.0,2,120,0.450394,0.5446,True,False,wall,20.0,9.0,-10.0
1294,74697,18.0,2,63,0.45011,0.4859,True,False,wall,20.0,8.0,-10.0
1295,74767,25.0,2,70,0.449795,0.4962,True,False,wall,20.0,15.0,-10.0
1296,74844,23.0,1,77,0.449449,0.4845,True,False,wall,10.0,23.0,-10.0
1297,74859,-12.0,0,15,0.449381,0.4008,True,False,wall,0.0,-2.0,-10.0
1298,74899,12.0,1,40,0.449202,0.466,True,False,wall,10.0,12.0,-10.0
1299,74993,27.0,2,94,0.44878,0.4182,True,False,wall,20.0,17.0,-10.0
1300,75090,14.0,2,97,0.448345,0.4791,True,False,wall,20.0,4.0,-10.0
1301,75229,28.0,2,139,0.447722,0.4216,True,False,wall,20.0,18.0,-10.0
1302,75271,14.0,1,42,0.447534,0.4778,True,False,wall,10.0,14.0,-10.0
1303,75351,29.0,2,80,0.447176,0.4442,True,False,wall,20.0,19.0,-10.0
1304,75430,28.0,2,79,0.446823,0.4324,True,False,wall,20.0,18.0,-10.0
1305,75461,-8.0,0,31,0.446684,0.4169,True,False,wall,0.0,2.0,-10.0
1306,75501,4.0,1,40,0.446506,0.3891,True,False,wall,10.0,4.0,-10.0
1307,75526,-2.0,0,25,0.446394,0.4111,True,False,wall,0.0,8.0,-10.0
1308,75569,15.0,1,43,0.446202,0.3807,True,False,wall,10.0,15.0,-10.0
1309,75635,0.0,1,66,0.445908,0.4122,True,False,wall,10.0,0.0,-10.0
1310,75658,3.0,1,23,0.445805,0.3801,True,False,wall,10.0,3.0,-10.0
1311,75682,1.0,0,24,0.445698,0.5212,True,False,wall,0.0,11.0,-10.0
1312,75699,5.0,1,17,0.445622,0.5192,True,False,wall,10.0,5.0,-10.0
1313,75758,17.0,1,59,0.44536,0.4087,True,False,wall,10.0,17.0,-10.0
1314,75835,55.0,3,77,0.445017,0.436,True,False,body,30.0,35.0,-10.0
1315,75920,-8.0,0,85,0.444639,0.5366,True,False,wall,0.0,2.0,-10.0
1316,75988,40.0,3,68,0.444336,0.4343,True,False,body,30.0,20.0,-10.0
1317,76008,8.0,1,20,0.444248,0.4303,True,False,wall,10.0,8.0,-10.0
1318,76027,0.0,0,19,0.444163,0.4089,True,False,wall,0.0,10.0,-10.0
1319,76044,-6.0,0,17,0.444088,0.3822,True,False,wall,0.0,4.0,-10.0
1320,76188,50.0,3,144,0.443449,0.4931,True,False,body,30.0,30.0,-10.0
1321,76290,23.0,2,102,0.442997,0.5561,True,False,wall,20.0,13.0,-10.0
1322,76314,6.0,1,24,0.44289,0.7507,True,False,wall,10.0,6.0,-10.0
1323,76332,0.0,1,18,0.442811,0.5038,True,False,wall,10.0,0.0,-10.0
1324,76408,-13.0,0,76,0.442474,0.4949,True,False,wall,0.0,-3.0,-10.0
1325,76460,27.0,2,52,0.442244,0.4331,True,False,wall,20.0,17.0,-10.0
1326,76515,24.0,2,55,0.442001,0.4219,True,False,wall,20.0,14.0,-10.0
1327,76619,20.0,1,104,0.441541,0.4978,True,False,wall,10.0,20.0,-10.0
1328,76647,-1.0,0,28,0.441418,0.5215,True,False,wall,0.0,9.0,-10.0
1329,76738,60.0,4,91,0.441016,0.4972,True,False,wall,40.0,30.0,-10.0
1330,76766,8.0,1,28,0.440893,0.495,True,False,wall,10.0,8.0,-10.0
1331,76807,-4.0,0,41,0.440712,0.43,True,False,wall,0.0,6.0,-10.0
1332,76829,12.0,1,22,0.440615,0.4514,True,False,wall,10.0,12.0,-10.0
1333,76895,22.0,1,66,0.440325,0.454,True,False,wall,10.0,22.0,-10.0
1334,76909,-3.0,0,14,0.440263,0.5523,True,False,wall,0.0,7.0,-10.0
1335,76956,-6.0,0,47,0.440056,0.5879,True,False,wall,0.0,4.0,-10.0
1336,76969,7.0,1,13,0.439999,0.3992,True,False,wall,10.0,7.0,-10.0
1337,77066,39.0,3,97,0.439572,0.4983,True,False,body,30.0,19.0,-10.0
1338,77081,-6.0,0,15,0.439506,0.5361,True,False,wall,0.0,4.0,-10.0
1339,77117,4.0,1,36,0.439348,0.5353,True,False,wall,10.0,4.0,-10.0
1340,77189,33.0,2,72,0.439032,0.4763,True,False,wall,20.0,23.0,-10.0
1341,77248,14.0,2,59,0.438773,0.5671,True,False,wall,20.0,4.0,-10.0
1342,77261,-6.0,0,13,0.438716,0.442,True,False,wall,0.0,4.0,-10.0
1343,77320,9.0,1,59,0.438457,0.4161,True,False,wall,10.0,9.0,-10.0
1344,77401,52.0,4,81,0.438102,0.4314,True,False,wall,40.0,22.0,-10.0
1345,77489,33.0,2,88,0.437717,0.4376,True,False,wall,20.0,23.0,-10.0
1346,77626,34.0,2,137,0.437117,0.4775,True,False,wall,20.0,24.0,-10.0
1347,77713,32.0,2,87,0.436737,0.4543,True,False,wall,20.0,22.0,-10.0
1348,77767,32.0,3,54,0.436502,0.4805,True,False,body,30.0,12.0,-10.0
1349,77798,3.0,1,31,0.436366,0.6282,True,False,wall,10.0,3.0,-10.0
1350,77874,16.0,1,76,0.436035,0.4705,True,False,wall,10.0,16.0,-10.0
1351,77921,-4.0,0,47,0.43583,0.4543,True,False,wall,0.0,6.0,-10.0
1352,78155,27.0,2,234,0.434811,0.461,True,False,wall,20.0,17.0,-10.0
1353,78220,34.0,2,65,0.434529,0.4131,True,False,wall,20.0,24.0,-10.0
1354,78257,-12.0,0,37,0.434368,0.4148,True,False,wall,0.0,-2.0,-10.0
1355,78296,-8.0,0,39,0.434199,0.5115,True,False,wall,0.0,2.0,-10.0
1356,78348,23.0,2,52,0.433973,0.4393,True,False,wall,20.0,13.0,-10.0
1357,78509,16.0,2,161,0.433275,0.4245,True,False,wall,20.0,6.0,-10.0
1358,78706,18.0,2,197,0.432422,0.435,True,False,wall,20.0,8.0,-10.0
1359,78800,46.0,3,94,0.432016,0.452,True,False,body,30.0,26.0,-10.0
1360,78847,22.0,2,47,0.431813,0.4102,True,False,wall,20.0,12.0,-10.0
1361,79081,52.0,3,234,0.430803,0.4731,True,False,body,30.0,32.0,-10.0
1362,79199,33.0,2,118,0.430295,0.5276,True,False,wall,20.0,23.0,-10.0
1363,79334,34.0,2,135,0.429715,0.4905,True,False,wall,20.0,24.0,-10.0
1364,79398,46.0,3,64,0.42944,0.4493,True,False,body,30.0,26.0,-10.0
1365,79425,-10.0,0,27,0.429324,0.4351,True,False,wall,0.0,0.0,-10.0
1366,79487,42.0,3,62,0.429058,0.5381,True,False,body,30.0,22.0,-10.0
1367,79536,9.0,1,49,0.428848,0.4546,True,False,wall,10.0,9.0,-10.0
1368,79612,17.0,2,76,0.428522,0.5235,True,False,wall,20.0,7.0,-10.0
1369,79691,13.0,1,79,0.428184,0.6105,True,False,wall,10.0,13.0,-10.0
1370,79758,36.0,2,67,0.427897,0.548,True,False,wall,20.0,26.0,-10.0
1371,79855,49.0,3,97,0.427482,0.4479,True,False,body,30.0,29.0,-10.0
1372,79925,31.0,2,70,0.427183,0.5501,True,False,wall,20.0,21.0,-10.0
1373,80085,63.0,4,160,0.4265,0.5385,True,False,body,40.0,33.0,-10.0
1374,80128,24.0,2,43,0.426316,0.4789,True,False,wall,20.0,14.0,-10.0
1375,80166,23.0,2,38,0.426155,0.7176,True,False,wall,20.0,13.0,-10.0
1376,80185,-6.0,0,19,0.426074,0.4897,True,False,wall,0.0,4.0,-10.0
1377,80457,52.0,3,272,0.424916,0.593,True,False,body,30.0,32.0,-10.0
1378,80494,35.0,3,37,0.424759,0.4535,True,False,body,30.0,15.0,-10.0
1379,80525,7.0,1,31,0.424627,0.4987,True,False,wall,10.0,7.0,-10.0
1380,80658,39.0,3,133,0.424063,0.52,True,False,body,30.0,19.0,-10.0
1381,80711,-6.0,0,53,0.423838,0.5148,True,False,wall,0.0,4.0,-10.0
1382,80745,14.0,1,34,0.423694,0.4355,True,False,wall,10.0,14.0,-10.0
1383,80877,50.0,3,132,0.423135,0.4994,True,False,wall,30.0,30.0,-10.0
1384,80900,-1.0,1,23,0.423038,0.5865,True,False,wall,10.0,-1.0,-10.0
1385,80987,13.0,1,87,0.42267,0.6681,True,False,wall,10.0,13.0,-10.0
1386,81052,39.0,3,65,0.422395,0.4828,True,False,body,30.0,19.0,-10.0
1387,81169,34.0,2,117,0.421902,0.587,True,False,wall,20.0,24.0,-10.0
1388,81191,-17.0,0,22,0.421809,0.4725,True,False,wall,0.0,-7.0,-10.0
1389,81208,5.0,1,17,0.421737,0.4696,True,False,wall,10.0,5.0,-10.0
1390,81310,38.0,3,102,0.421307,0.5251,True,False,wall,30.0,18.0,-10.0
1391,81326,-13.0,0,16,0.42124,0.584,True,False,wall,0.0,-3.0,-10.0
1392,81470,20.0,1,144,0.420634,0.5195,True,False,wall,10.0,20.0,-10.0
1393,81505,-4.0,0,35,0.420486,0.4847,True,False,wall,0.0,6.0,-10.0
1394,81595,35.0,2,90,0.420108,0.4836,True,False,wall,20.0,25.0,-10.0
1395,81688,43.0,3,93,0.419718,0.5253,True,False,body,30.0,23.0,-10.0
1396,81750,48.0,3,62,0.419457,0.5469,True,False,body,30.0,28.0,-10.0
1397,81857,73.0,3,107,0.419009,0.5483,True,False,wall,30.0,53.0,-10.0
1398,81888,-4.0,0,31,0.418879,0.6023,True,False,wall,0.0,6.0,-10.0
1399,81953,30.0,2,65,0.418607,0.5176,True,False,wall,20.0,20.0,-10.0
1400,81987,42.0,3,34,0.418464,0.6149,True,False,wall,30.0,22.0,-10.0
1401,82155,34.0,3,168,0.417762,0.5517,True,False,wall,30.0,14.0,-10.0
1402,82197,-7.0,0,42,0.417587,0.5358,True,False,wall,0.0,3.0,-10.0
1403,82270,33.0,3,73,0.417282,0.4764,True,False,body,30.0,13.0,-10.0
1404,82302,8.0,1,32,0.417148,0.5795,True,False,wall,10.0,8.0,-10.0
1405,82340,6.0,1,38,0.41699,0.52,True,False,wall,10.0,6.0,-10.0
1406,82373,20.0,2,33,0.416852,0.4545,True,False,wall,20.0,10.0,-10.0
1407,82461,29.0,2,88,0.416486,0.4259,True,False,wall,20.0,19.0,-10.0
1408,82482,-2.0,0,21,0.416398,0.3876,True,False,wall,0.0,8.0,-10.0
1409,82584,39.0,2,102,0.415974,0.4996,True,False,wall,20.0,29.0,-10.0
1410,82600,-13.0,0,16,0.415907,0.409,True,False,wall,0.0,-3.0,-10.0
1411,82623,-6.0,0,23,0.415811,0.5149,True,False,wall,0.0,4.0,-10.0
1412,82645,4.0,1,22,0.41572,0.55,True,False,wall,10.0,4.0,-10.0
1413,82676,-4.0,0,31,0.415591,0.6805,True,False,wall,0.0,6.0,-10.0
1414,82774,20.0,1,98,0.415184,0.5119,True,False,wall,10.0,20.0,-10.0
1415,82798,8.0,1,24,0.415084,0.5033,True,False,wall,10.0,8.0,-10.0
1416,82866,21.0,2,68,0.414802,0.4759,True,False,wall,20.0,11.0,-10.0
1417,82990,8.0,1,124,0.414288,0.4875,True,False,wall,10.0,8.0,-10.0
1418,83085,41.0,3,95,0.413895,0.445,True,False,body,30.0,21.0,-10.0
1419,83146,-14.0,0,61,0.413642,0.4533,True,False,wall,0.0,-4.0,-10.0
1420,83171,-8.0,0,25,0.413539,0.4187,True,False,wall,0.0,2.0,-10.0
1421,83236,30.0,2,65,0.41327,0.4419,True,False,wall,20.0,20.0,-10.0
1422,83360,42.0,3,124,0.412758,0.4622,True,False,body,30.0,22.0,-10.0
1423,83374,1.0,0,14,0.4127,0.4608,True,False,wall,0.0,11.0,-10.0
1424,83392,1.0,0,18,0.412626,0.448,True,False,wall,0.0,11.0,-10.0
1425,83435,11.0,1,43,0.412449,0.5832,True,False,wall,10.0,11.0,-10.0
1426,83476,-10.0,0,41,0.41228,0.44,True,False,wall,0.0,0.0,-10.0
1427,83680,34.0,3,204,0.411439,0.4929,True,False,body,30.0,14.0,-10.0
1428,83769,-1.0,1,89,0.411073,0.5923,True,False,wall,10.0,-1.0,-10.0
1429,83788,-6.0,0,19,0.410995,0.4945,True,False,wall,0.0,4.0,-10.0
1430,83811,0.0,0,23,0.410901,0.4524,True,False,wall,0.0,10.0,-10.0
1431,83926,45.0,3,115,0.410429,0.5529,True,False,wall,30.0,25.0,-10.0
1432,84003,9.0,1,77,0.410113,0.4617,True,False,wall,10.0,9.0,-10.0
1433,84111,40.0,3,108,0.40967,0.5408,True,False,body,30.0,20.0,-10.0
1434,84161,16.0,1,50,0.409465,0.421,True,False,wall,10.0,16.0,-10.0
1435,84183,10.0,1,22,0.409375,0.4175,True,False,wall,10.0,10.0,-10.0
1436,84244,42.0,2,61,0.409126,0.4755,True,False,wall,20.0,32.0,-10.0
1437,84271,-2.0,0,27,0.409015,0.7478,True,False,wall,0.0,8.0,-10.0
1438,84318,21.0,1,47,0.408823,0.5469,True,False,wall,10.0,21.0,-10.0
1439,84337,7.0,1,19,0.408745,0.4845,True,False,wall,10.0,7.0,-10.0
1440,84363,-11.0,0,26,0.408639,0.4603,True,False,wall,0.0,-1.0,-10.0
1441,84452,41.0,3,89,0.408275,0.5338,True,False,body,30.0,21.0,-10.0
1442,84508,4.0,1,56,0.408047,0.4853,True,False,wall,10.0,4.0,-10.0
1443,84567,7.0,1,59,0.407806,0.5433,True,False,wall,10.0,7.0,-10.0
1444,84620,11.0,1,53,0.40759,0.4393,True,False,wall,10.0,11.0,-10.0
1445,84709,37.0,3,89,0.407227,0.4739,True,False,body,30.0,17.0,-10.0
1446,84734,2.0,0,25,0.407126,0.7052,True,False,wall,0.0,12.0,-10.0
1447,84804,8.0,1,70,0.406841,0.6948,True,False,wall,10.0,8.0,-10.0
1448,84822,-9.0,0,18,0.406768,0.5121,True,False,wall,0.0,1.0,-10.0
1449,84862,8.0,1,40,0.406605,0.5923,True,False,wall,10.0,8.0,-10.0
1450,84874,-3.0,0,12,0.406556,0.5164,True,False,wall,0.0,7.0,-10.0
1451,84899,5.0,1,25,0.406454,0.5302,True,False,wall,10.0,5.0,-10.0
1452,84984,20.0,2,85,0.406109,0.4819,True,False,wall,20.0,10.0,-10.0
1453,85039,7.0,1,55,0.405886,0.5032,True,False,wall,10.0,7.0,-10.0
1454,85070,9.0,1,31,0.40576,0.4267,True,False,wall,10.0,9.0,-10.0
1455,85095,-6.0,0,25,0.405659,0.4694,True,False,wall,0.0,4.0,-10.0
1456,85190,16.0,2,95,0.405273,0.4597,True,False,wall,20.0,6.0,-10.0
1457,85246,8.0,1,56,0.405047,0.4199,True,False,wall,10.0,8.0,-10.0
1458,85347,37.0,3,101,0.404638,0.4116,True,False,wall,30.0,17.0,-10.0
1459,85379,36.0,3,32,0.404508,0.4395,True,False,body,30.0,16.0,-10.0
1460,85450,43.0,3,71,0.404221,0.4396,True,False,body,30.0,23.0,-10.0
1461,85484,14.0,1,34,0.404084,0.6579,True,False,wall,10.0,14.0,-10.0
1462,85622,44.0,3,138,0.403526,0.5495,True,False,body,30.0,24.0,-10.0
1463,85653,-4.0,0,31,0.403401,0.4799,True,False,wall,0.0,6.0,-10.0
1464,85698,20.0,2,45,0.40322,0.4691,True,False,wall,20.0,10.0,-10.0
1465,85719,13.0,1,21,0.403135,0.4358,True,False,wall,10.0,13.0,-10.0
1466,85754,21.0,1,35,0.402994,0.431,True,False,wall,10.0,21.0,-10.0
1467,85930,36.0,3,176,0.402285,0.4442,True,False,body,30.0,16.0,-10.0
1468,85945,-4.0,0,15,0.402225,0.4529,True,False,wall,0.0,6.0,-10.0
1469,86092,34.0,2,147,0.401634,0.5168,True,False,wall,20.0,24.0,-10.0
1470,86111,11.0,1,19,0.401558,0.5142,True,False,wall,10.0,11.0,-10.0
1471,86161,10.0,1,50,0.401357,0.577,True,False,wall,10.0,10.0,-10.0
1472,86209,25.0,2,48,0.401165,0.47,True,False,wall,20.0,15.0,-10.0
1473,86250,7.0,1,41,0.401,0.6026,True,False,wall,10.0,7.0,-10.0
1474,86359,28.0,2,109,0.400563,0.4899,True,False,wall,20.0,18.0,-10.0
1475,86398,2.0,0,39,0.400407,0.4715,True,False,wall,0.0,12.0,-10.0
1476,86432,11.0,2,34,0.400271,0.5437,True,False,wall,20.0,1.0,-10.0
1477,86527,53.0,3,95,0.399891,0.4498,True,False,body,30.0,33.0,-10.0
1478,86548,15.0,1,21,0.399807,0.4209,True,False,wall,10.0,15.0,-10.0
1479,86562,-7.0,0,14,0.399751,0.4993,True,False,wall,0.0,3.0,-10.0
1480,86598,-3.0,0,36,0.399607,0.587,True,False,wall,0.0,7.0,-10.0
1481,86617,-4.0,0,19,0.399531,0.5066,True,False,wall,0.0,6.0,-10.0
1482,86632,0.0,0,15,0.399471,0.451,True,False,wall,0.0,10.0,-10.0
1483,86707,43.0,3,75,0.399172,0.5649,True,False,body,30.0,23.0,-10.0
1484,86808,43.0,3,101,0.398769,0.6166,True,False,wall,30.0,23.0,-10.0
1485,86884,25.0,2,76,0.398466,0.5777,True,False,wall,20.0,15.0,-10.0
1486,86911,7.0,1,27,0.398358,0.4774,True,False,wall,10.0,7.0,-10.0
1487,87019,31.0,2,108,0.397928,0.4897,True,False,wall,20.0,21.0,-10.0
1488,87086,-16.0,0,67,0.397662,0.5159,True,False,wall,0.0,-6.0,-10.0
1489,87110,-11.0,0,24,0.397566,0.4794,True,False,wall,0.0,-1.0,-10.0
1490,87188,10.0,1,78,0.397256,0.4893,True,False,wall,10.0,10.0,-10.0
1491,87262,36.0,3,74,0.396963,0.5334,True,False,wall,30.0,16.0,-10.0
1492,87291,11.0,1,29,0.396847,0.4706,True,False,wall,10.0,11.0,-10.0
1493,87366,-12.0,0,75,0.39655,0.5287,True,False,wall,0.0,-2.0,-10.0
1494,87436,27.0,2,70,0.396272,0.6454,True,False,wall,20.0,17.0,-10.0
1495,87558,52.0,3,122,0.395789,0.5116,True,False,body,30.0,32.0,-10.0
1496,87592,0.0,1,34,0.395655,0.4991,True,False,wall,10.0,0.0,-10.0
1497,87661,19.0,1,69,0.395382,0.4477,True,False,wall,10.0,19.0,-10.0
1498,87713,14.0,1,52,0.395176,0.5363,True,False,wall,10.0,14.0,-10.0
1499,87733,-9.0,0,20,0.395097,0.4287,True,False,wall,0.0,1.0,-10.0
1500,87775,12.0,1,42,0.394931,0.4802,True,False,wall,10.0,12.0,-10.0
1501,87806,2.0,0,31,0.394809,0.5084,True,False,wall,0.0,12.0,-10.0
1502,87852,29.0,2,46,0.394627,0.5167,True,False,wall,20.0,19.0,-10.0
1503,87875,-6.0,0,23,0.394537,0.4615,True,False,wall,0.0,4.0,-10.0
1504,87905,4.0,1,30,0.394418,0.425,True,False,wall,10.0,4.0,-10.0
1505,87977,55.0,4,72,0.394134,0.4896,True,False,body,40.0,25.0,-10.0
1506,88044,43.0,3,67,0.39387,0.5467,True,False,wall,30.0,23.0,-10.0
1507,88169,34.0,2,125,0.393378,0.4903,True,False,wall,20.0,24.0,-10.0
1508,88203,10.0,1,34,0.393245,0.5608,True,False,wall,10.0,10.0,-10.0
1509,88343,25.0,2,140,0.392695,0.5002,True,False,wall,20.0,15.0,-10.0
1510,88399,22.0,1,56,0.392475,0.4636,True,False,wall,10.0,22.0,-10.0
1511,88484,32.0,2,85,0.392141,0.4816,True,False,wall,20.0,22.0,-10.0
1512,88626,29.0,2,142,0.391585,0.4807,True,False,wall,20.0,19.0,-10.0
1513,88652,17.0,2,26,0.391483,0.421,True,False,wall,20.0,7.0,-10.0
1514,88753,29.0,3,101,0.391088,0.5376,True,False,body,30.0,9.0,-10.0
1515,88834,67.0,5,81,0.390771,0.4791,True,False,body,50.0,27.0,-10.0
1516,88877,-22.0,0,43,0.390603,0.4682,True,False,wall,0.0,-12.0,-10.0
1517,88989,46.0,3,112,0.390166,0.4619,True,False,body,30.0,26.0,-10.0
1518,89024,13.0,1,35,0.390029,0.5977,True,False,wall,10.0,13.0,-10.0
1519,89126,38.0,3,102,0.389632,0.4808,True,False,wall,30.0,18.0,-10.0
1520,89227,40.0,2,101,0.389238,0.6023,True,False,wall,20.0,30.0,-10.0
1521,89268,-4.0,0,41,0.389079,0.5039,True,False,wall,0.0,6.0,-10.0
1522,89280,-3.0,0,12,0.389032,0.47,True,False,wall,0.0,7.0,-10.0
1523,89348,39.0,2,68,0.388768,0.5272,True,False,wall,20.0,29.0,-10.0
1524,89435,22.0,2,87,0.38843,0.5362,True,False,wall,20.0,12.0,-10.0
1525,89463,8.0,1,28,0.388321,0.4783,True,False,wall,10.0,8.0,-10.0
1526,89480,-4.0,0,17,0.388255,0.5126,True,False,wall,0.0,6.0,-10.0
1527,89559,38.0,2,79,0.387948,0.4832,True,False,wall,20.0,28.0,-10.0
1528,89686,60.0,4,127,0.387456,0.5898,True,False,body,40.0,30.0,-10.0
1529,89744,25.0,2,58,0.387231,0.6031,True,False,wall,20.0,15.0,-10.0
1530,89769,9.0,1,25,0.387134,0.6946,True,False,wall,10.0,9.0,-10.0
1531,89781,1.0,0,12,0.387088,0.4562,True,False,wall,0.0,11.0,-10.0
1532,89897,26.0,3,116,0.386639,0.5516,True,False,body,30.0,6.0,-10.0
1533,90002,34.0,2,105,0.386233,0.5381,True,False,wall,20.0,24.0,-10.0
1534,90050,-7.0,0,48,0.386048,0.5085,True,False,wall,0.0,3.0,-10.0
1535,90076,3.0,0,26,0.385948,0.5206,True,False,wall,0.0,13.0,-10.0
1536,90089,-4.0,0,13,0.385898,0.4652,True,False,wall,0.0,6.0,-10.0
1537,90125,6.0,1,36,0.385759,0.5867,True,False,wall,10.0,6.0,-10.0
1538,90145,4.0,1,20,0.385682,0.5087,True,False,wall,10.0,4.0,-10.0
1539,90173,10.0,1,28,0.385574,0.5029,True,False,wall,10.0,10.0,-10.0
1540,90187,10.0,1,14,0.38552,0.5714,True,False,wall,10.0,10.0,-10.0
1541,90264,33.0,3,77,0.385223,0.6399,True,False,body,30.0,13.0,-10.0
1542,90306,3.0,0,42,0.385061,0.4929,True,False,wall,0.0,13.0,-10.0
1543,90510,57.0,4,204,0.384276,0.4936,True,False,body,40.0,27.0,-10.0
1544,90559,20.0,2,49,0.384088,0.4503,True,False,wall,20.0,10.0,-10.0
1545,90586,5.0,1,27,0.383984,0.4559,True,False,wall,10.0,5.0,-10.0
1546,90645,34.0,2,59,0.383758,0.4804,True,False,wall,20.0,24.0,-10.0
1547,90662,-14.0,0,17,0.383693,0.4472,True,False,wall,0.0,-4.0,-10.0
1548,90757,28.0,2,95,0.383328,0.5381,True,False,wall,20.0,18.0,-10.0
1549,90773,-7.0,0,16,0.383267,0.6591,True,False,wall,0.0,3.0,-10.0
1550,90898,73.0,5,125,0.382788,0.4987,True,False,body,50.0,33.0,-10.0
1551,90911,-4.0,0,13,0.382738,0.4621,True,False,wall,0.0,6.0,-10.0
1552,90921,-13.0,0,10,0.3827,1.0856,True,False,wall,0.0,-3.0,-10.0
1553,90950,-4.0,0,29,0.382589,0.4964,True,False,wall,0.0,6.0,-10.0
1554,91027,23.0,1,77,0.382295,0.6157,True,False,wall,10.0,23.0,-10.0
1555,91076,22.0,2,49,0.382108,0.5334,True,False,wall,20.0,12.0,-10.0
1556,91176,40.0,3,100,0.381726,0.4994,True,False,body,30.0,20.0,-10.0
1557,91212,-7.0,0,36,0.381588,0.5043,True,False,wall,0.0,3.0,-10.0
1558,91480,26.0,3,268,0.380567,0.6023,True,False,body,30.0,6.0,-10.0
1559,91506,16.0,1,26,0.380468,0.6083,True,False,wall,10.0,16.0,-10.0
1560,91643,51.0,3,137,0.379947,0.5687,True,False,wall,30.0,31.0,-10.0
1561,91672,-6.0,0,29,0.379837,0.4575,True,False,wall,0.0,4.0,-10.0
1562,91686,4.0,1,14,0.379784,0.5104,True,False,wall,10.0,4.0,-10.0
1563,91784,32.0,3,98,0.379412,0.4634,True,False,body,30.0,12.0,-10.0
1564,91849,15.0,1,65,0.379165,0.4765,True,False,wall,10.0,15.0,-10.0
1565,91947,30.0,3,98,0.378794,0.5038,True,False,body,30.0,10.0,-10.0
1566,92002,41.0,3,55,0.378586,0.4597,True,False,body,30.0,21.0,-10.0
1567,92040,20.0,1,38,0.378442,0.5243,True,False,wall,10.0,20.0,-10.0
1568,92082,46.0,3,42,0.378283,0.6443,True,False,body,30.0,26.0,-10.0
1569,92152,-17.0,0,70,0.378018,0.6524,True,False,wall,0.0,-7.0,-10.0
1570,92276,33.0,2,124,0.37755,0.4859,True,False,wall,20.0,23.0,-10.0
1571,92402,33.0,2,126,0.377074,0.4957,True,False,wall,20.0,23.0,-10.0
1572,92595,7.0,1,193,0.376347,0.5414,True,False,wall,10.0,7.0,-10.0
1573,92613,8.0,1,18,0.376279,0.443,True,False,wall,10.0,8.0,-10.0
1574,92692,18.0,2,79,0.375982,0.472,True,False,wall,20.0,8.0,-10.0
1575,92876,32.0,3,184,0.375291,0.56,True,False,body,30.0,12.0,-10.0
1576,92895,-6.0,0,19,0.37522,0.5228,True,False,wall,0.0,4.0,-10.0
1577,92944,39.0,3,49,0.375036,0.8483,True,False,body,30.0,19.0,-10.0
1578,93243,35.0,3,299,0.373916,0.5974,True,False,body,30.0,15.0,-10.0
1579,93291,-5.0,0,48,0.373737,0.5245,True,False,wall,0.0,5.0,-10.0
1580,93380,46.0,2,89,0.373404,0.6699,True,False,wall,20.0,36.0,-10.0
1581,93401,-8.0,0,21,0.373326,0.4921,True,False,wall,0.0,2.0,-10.0
1582,93459,40.0,3,58,0.37311,0.6049,True,False,body,30.0,20.0,-10.0
1583,93478,-2.0,0,19,0.373039,0.5588,True,False,wall,0.0,8.0,-10.0
1584,93609,61.0,3,131,0.37255,0.5471,True,False,body,30.0,41.0,-10.0
1585,93747,31.0,2,138,0.372037,0.6386,True,False,wall,20.0,21.0,-10.0
1586,93811,62.0,3,64,0.371798,0.5766,True,False,body,30.0,42.0,-10.0
1587,93924,43.0,3,113,0.371379,0.5774,True,False,body,30.0,23.0,-10.0
1588,93989,39.0,3,65,0.371137,0.5231,True,False,body,30.0,19.0,-10.0
1589,94030,5.0,1,41,0.370985,0.5691,True,False,wall,10.0,5.0,-10.0
1590,94061,-8.0,0,31,0.37087,0.5032,True,False,wall,0.0,2.0,-10.0
1591,94146,49.0,3,85,0.370555,0.5406,True,False,body,30.0,29.0,-10.0
1592,94188,-13.0,0,42,0.370399,0.5522,True,False,wall,0.0,-3.0,-10.0
1593,94296,48.0,3,108,0.37,0.5274,True,False,body,30.0,28.0,-10.0
1594,94402,42.0,3,106,0.369608,0.5672,True,False,wall,30.0,22.0,-10.0
1595,94556,47.0,4,154,0.369039,0.5246,True,False,body,40.0,17.0,-10.0
1596,94653,-2.0,0,97,0.368681,0.532,True,False,wall,0.0,8.0,-10.0
1597,94689,34.0,3,36,0.368548,0.4918,True,False,body,30.0,14.0,-10.0
1598,94774,11.0,1,85,0.368235,0.5468,True,False,wall,10.0,11.0,-10.0
1599,94849,37.0,3,75,0.367959,0.5029,True,False,body,30.0,17.0,-10.0
1600,94966,18.0,2,117,0.367529,0.5279,True,False,wall,20.0,8.0,-10.0
1601,95073,24.0,2,107,0.367136,0.6694,True,False,wall,20.0,14.0,-10.0
1602,95089,3.0,0,16,0.367077,0.5167,True,False,wall,0.0,13.0,-10.0
1603,95109,-1.0,0,20,0.367004,0.5656,True,False,wall,0.0,9.0,-10.0
1604,95123,-7.0,0,14,0.366952,0.5271,True,False,wall,0.0,3.0,-10.0
1605,95139,-5.0,0,16,0.366894,0.5055,True,False,wall,0.0,5.0,-10.0
1606,95236,39.0,3,97,0.366538,0.6583,True,False,wall,30.0,19.0,-10.0
1607,95306,27.0,2,70,0.366281,0.5269,True,False,wall,20.0,17.0,-10.0
1608,95373,0.0,0,67,0.366036,0.6452,True,False,wall,0.0,10.0,-10.0
1609,95410,41.0,3,37,0.365901,0.7495,True,False,body,30.0,21.0,-10.0
1610,95462,31.0,2,52,0.36571,0.5225,True,False,wall,20.0,21.0,-10.0
1611,95649,41.0,3,187,0.365027,0.5912,True,False,body,30.0,21.0,-10.0
1612,95681,10.0,1,32,0.36491,0.7473,True,False,wall,10.0,10.0,-10.0
1613,95730,45.0,3,49,0.364732,0.5238,True,False,body,30.0,25.0,-10.0
1614,95878,2.0,1,148,0.364192,0.5808,True,False,wall,10.0,2.0,-10.0
1615,96006,26.0,3,128,0.363726,0.6163,True,False,body,30.0,6.0,-10.0
1616,96082,56.0,3,76,0.36345,0.6282,True,False,body,30.0,36.0,-10.0
1617,96176,57.0,2,94,0.363109,0.5562,True,False,wall,20.0,47.0,-10.0
1618,96212,-1.0,0,36,0.362978,0.5035,True,False,wall,0.0,9.0,-10.0
1619,96307,9.0,1,95,0.362633,0.5334,True,False,wall,10.0,9.0,-10.0
1620,96321,-7.0,0,14,0.362582,0.5219,True,False,wall,0.0,3.0,-10.0
1621,96383,38.0,3,62,0.362358,0.5227,True,False,body,30.0,18.0,-10.0
1622,96406,-2.0,0,23,0.362274,0.7376,True,False,wall,0.0,8.0,-10.0
1623,96428,-3.0,0,22,0.362195,0.5243,True,False,wall,0.0,7.0,-10.0
1624,96506,31.0,2,78,0.361912,0.4833,True,False,wall,20.0,21.0,-10.0
1625,96621,55.0,3,115,0.361496,0.5175,True,False,wall,30.0,35.0,-10.0
1626,96700,49.0,3,79,0.361211,0.4808,True,False,wall,30.0,29.0,-10.0
1627,96785,49.0,3,85,0.360904,0.552,True,False,body,30.0,29.0,-10.0
1628,96816,3.0,1,31,0.360792,0.5067,True,False,wall,10.0,3.0,-10.0
1629,96870,42.0,3,54,0.360597,0.4983,True,False,body,30.0,22.0,-10.0
1630,96983,20.0,2,113,0.36019,0.5274,True,False,wall,20.0,10.0,-10.0
1631,97169,46.0,3,186,0.359521,0.5204,True,False,body,30.0,26.0,-10.0
1632,97195,-1.0,0,26,0.359427,0.5656,True,False,wall,0.0,9.0,-10.0
1633,97285,-1.0,0,90,0.359104,0.5711,True,False,wall,0.0,9.0,-10.0
1634,97518,56.0,4,233,0.358268,0.5117,True,False,body,40.0,26.0,-10.0
1635,97563,5.0,1,45,0.358107,0.6133,True,False,wall,10.0,5.0,-10.0
1636,97632,27.0,1,69,0.35786,0.4994,True,False,wall,10.0,27.0,-10.0
1637,97675,28.0,2,43,0.357706,0.563,True,False,wall,20.0,18.0,-10.0
1638,97734,40.0,2,59,0.357495,0.5426,True,False,wall,20.0,30.0,-10.0
1639,97835,17.0,1,101,0.357134,0.8036,True,False,wall,10.0,17.0,-10.0
1640,97942,49.0,3,107,0.356752,0.5738,True,False,body,30.0,29.0,-10.0
1641,97971,7.0,1,29,0.356649,0.6782,True,False,wall,10.0,7.0,-10.0
1642,98157,59.0,4,186,0.355986,0.6477,True,False,wall,40.0,29.0,-10.0
1643,98270,18.0,2,113,0.355584,0.4988,True,False,wall,20.0,8.0,-10.0
1644,98362,28.0,3,92,0.355257,0.579,True,False,body,30.0,8.0,-10.0
1645,98421,37.0,3,59,0.355048,0.5871,True,False,wall,30.0,17.0,-10.0
1646,98449,38.0,3,28,0.354948,0.5747,True,False,body,30.0,18.0,-10.0
1647,98460,-8.0,0,11,0.354909,0.5724,True,False,wall,0.0,2.0,-10.0
1648,98494,21.0,2,34,0.354789,0.5839,True,False,wall,20.0,11.0,-10.0
1649,98562,60.0,5,68,0.354547,0.6913,True,False,body,50.0,20.0,-10.0
1650,98578,-1.0,0,16,0.354491,0.5863,True,False,wall,0.0,9.0,-10.0
1651,98614,28.0,3,36,0.354363,0.5734,True,False,body,30.0,8.0,-10.0
1652,98674,48.0,3,60,0.354151,0.561,True,False,wall,30.0,28.0,-10.0
1653,98717,58.0,4,43,0.353998,0.5126,True,False,wall,40.0,28.0,-10.0
1654,98736,-10.0,0,19,0.353931,0.5079,True,False,wall,0.0,0.0,-10.0
1655,98860,23.0,2,124,0.353492,0.5507,True,False,wall,20.0,13.0,-10.0
1656,98870,8.0,1,10,0.353457,0.6053,True,False,wall,10.0,8.0,-10.0
1657,98899,22.0,2,29,0.353355,0.574,True,False,wall,20.0,12.0,-10.0
1658,98946,17.0,1,47,0.353189,0.5543,True,False,wall,10.0,17.0,-10.0
1659,99105,45.0,3,159,0.352627,0.5762,True,False,body,30.0,25.0,-10.0
1660,99143,12.0,1,38,0.352493,0.8094,True,False,wall,10.0,12.0,-10.0
1661,99315,105.0,6,172,0.351888,0.5654,True,False,body,60.0,55.0,-10.0
1662,99354,21.0,1,39,0.35175,0.6031,True,False,wall,10.0,21.0,-10.0
1663,99523,35.0,3,169,0.351156,0.6441,True,False,wall,30.0,15.0,-10.0
1664,99617,38.0,3,94,0.350827,0.6385,True,False,body,30.0,18.0,-10.0
1665,99672,24.0,2,55,0.350634,0.5801,True,False,wall,20.0,14.0,-10.0
1666,99708,-11.0,0,36,0.350507,0.536,True,False,wall,0.0,-1.0,-10.0
1667,99813,-8.0,0,105,0.35014,0.6498,True,False,wall,0.0,2.0,-10.0
1668,99839,-5.0,0,26,0.350049,0.5278,True,False,wall,0.0,5.0,-10.0
1669,99856,9.0,1,17,0.349989,0.5092,True,False,wall,10.0,9.0,-10.0
1670,99879,17.0,1,23,0.349909,0.5188,True,False,wall,10.0,17.0,-10.0
1671,99911,10.0,1,32,0.349797,0.5183,True,False,wall,10.0,10.0,-10.0
1672,99972,40.0,2,61,0.349583,0.5742,True,False,wall,20.0,30.0,-10.0
1673,100000,15.0,1,28,0.349485,0.4807,False,False,budget_cutoff,10.0,5.0,0.0
