episode,env_steps_total,episode_reward,score,survival_steps,epsilon,loss_mean,terminated,truncated,death_reason,fruit_reward_sum,distance_shaping_reward_sum,death_penalty_sum
0,31,-8.0,0,31,0.949651,0.0,True,False,wall,0.0,2.0,-10.0
1,150,26.0,2,119,0.948314,0.0,True,False,wall,20.0,16.0,-10.0
2,194,-15.0,0,44,0.94782,0.0,True,False,wall,0.0,-5.0,-10.0
3,220,-17.0,0,26,0.947528,0.0,True,False,wall,0.0,-7.0,-10.0
4,276,-7.0,0,56,0.9469,0.0,True,False,wall,0.0,3.0,-10.0
5,322,6.0,1,46,0.946385,0.0,True,False,wall,10.0,6.0,-10.0
6,385,-8.0,0,63,0.945679,0.0,True,False,wall,0.0,2.0,-10.0
7,417,-21.0,0,32,0.945321,0.0,True,False,wall,0.0,-11.0,-10.0
8,446,-24.0,0,29,0.944996,0.0,True,False,wall,0.0,-14.0,-10.0
9,457,-12.0,0,11,0.944873,0.0,True,False,wall,0.0,-2.0,-10.0
10,498,-8.0,0,41,0.944415,0.0,True,False,wall,0.0,2.0,-10.0
11,538,-5.0,0,40,0.943968,0.0,True,False,wall,0.0,5.0,-10.0
12,583,-16.0,0,45,0.943465,0.0,True,False,wall,0.0,-6.0,-10.0
13,634,-20.0,0,51,0.942896,0.0,True,False,wall,0.0,-10.0,-10.0
14,710,-17.0,0,76,0.942048,0.0,True,False,wall,0.0,-7.0,-10.0
15,878,-19.0,0,168,0.940177,0.0,True,False,wall,0.0,-9.0,-10.0
16,912,-13.0,0,34,0.939798,0.0,True,False,wall,0.0,-3.0,-10.0
17,978,-5.0,0,66,0.939064,0.0,True,False,wall,0.0,5.0,-10.0
18,993,-20.0,0,15,0.938898,0.0,True,False,wall,0.0,-10.0,-10.0
19,1024,-16.0,0,31,0.938553,0.0,True,False,wall,0.0,-6.0,-10.0
20,1084,10.0,1,60,0.937887,0.0,True,False,wall,10.0,10.0,-10.0
21,1136,4.0,1,52,0.93731,0.0,True,False,wall,10.0,4.0,-10.0
22,1165,-4.0,0,29,0.936989,0.0,True,False,wall,0.0,6.0,-10.0
23,1182,-18.0,0,17,0.9368,0.0,True,False,wall,0.0,-8.0,-10.0
24,1235,-18.0,0,53,0.936213,0.0,True,False,wall,0.0,-8.0,-10.0
25,1271,-19.0,0,36,0.935814,0.0,True,False,wall,0.0,-9.0,-10.0
26,1322,-10.0,0,51,0.93525,0.0,True,False,wall,0.0,0.0,-10.0
27,1420,2.0,1,98,0.934166,0.0,True,False,wall,10.0,2.0,-10.0
28,1441,-22.0,0,21,0.933934,0.0,True,False,wall,0.0,-12.0,-10.0
29,1476,-4.0,0,35,0.933547,0.0,True,False,wall,0.0,6.0,-10.0
30,1494,-11.0,0,18,0.933348,0.0,True,False,wall,0.0,-1.0,-10.0
31,1590,8.0,1,96,0.932289,0.0,True,False,wall,10.0,8.0,-10.0
32,1605,-8.0,0,15,0.932124,0.0,True,False,wall,0.0,2.0,-10.0
33,1621,-3.0,0,16,0.931947,0.0,True,False,wall,0.0,7.0,-10.0
34,1646,-18.0,0,25,0.931672,0.0,True,False,wall,0.0,-8.0,-10.0
35,1664,-21.0,0,18,0.931473,0.0,True,False,wall,0.0,-11.0,-10.0
36,1676,-11.0,0,12,0.931341,0.0,True,False,wall,0.0,-1.0,-10.0
37,1725,-4.0,0,49,0.930801,0.0,True,False,wall,0.0,6.0,-10.0
38,1765,-15.0,0,40,0.930361,0.0,True,False,wall,0.0,-5.0,-10.0
39,1845,-2.0,1,80,0.929481,0.0,True,False,wall,10.0,-2.0,-10.0
40,1865,-13.0,0,20,0.929261,0.0,True,False,wall,0.0,-3.0,-10.0
41,1894,11.0,1,29,0.928943,0.0,True,False,wall,10.0,11.0,-10.0
42,1973,11.0,1,79,0.928075,0.0,True,False,wall,10.0,11.0,-10.0
43,2026,-10.0,0,53,0.927494,0.0,True,False,wall,0.0,0.0,-10.0
44,2092,-23.0,0,66,0.92677,0.0,True,False,wall,0.0,-13.0,-10.0
45,2163,-20.0,0,71,0.925992,0.0,True,False,wall,0.0,-10.0,-10.0
46,2178,-20.0,0,15,0.925828,0.0,True,False,wall,0.0,-10.0,-10.0
47,2198,-17.0,0,20,0.925609,0.0,True,False,wall,0.0,-7.0,-10.0
48,2223,5.0,1,25,0.925336,0.0,True,False,wall,10.0,5.0,-10.0
49,2264,-6.0,0,41,0.924887,0.0,True,False,wall,0.0,4.0,-10.0
50,2319,-16.0,0,55,0.924286,0.0,True,False,wall,0.0,-6.0,-10.0
51,2343,-21.0,0,24,0.924024,0.0,True,False,wall,0.0,-11.0,-10.0
52,2366,-8.0,0,23,0.923772,0.0,True,False,wall,0.0,2.0,-10.0
53,2403,-12.0,0,37,0.923368,0.0,True,False,wall,0.0,-2.0,-10.0
54,2423,-21.0,0,20,0.92315,0.0,True,False,wall,0.0,-11.0,-10.0
55,2447,0.0,1,24,0.922888,0.0,True,False,wall,10.0,0.0,-10.0
56,2477,-17.0,0,30,0.922561,0.0,True,False,wall,0.0,-7.0,-10.0
57,2521,-7.0,0,44,0.922081,0.0,True,False,wall,0.0,3.0,-10.0
58,2546,-20.0,0,25,0.921808,0.0,True,False,wall,0.0,-10.0,-10.0
59,2606,-17.0,0,60,0.921155,0.0,True,False,wall,0.0,-7.0,-10.0
60,2640,-11.0,0,34,0.920785,0.0,True,False,wall,0.0,-1.0,-10.0
61,2685,9.0,1,45,0.920295,0.0,True,False,wall,10.0,9.0,-10.0
62,2729,-21.0,0,44,0.919816,0.0,True,False,wall,0.0,-11.0,-10.0
63,2743,-7.0,0,14,0.919664,0.0,True,False,wall,0.0,3.0,-10.0
64,2772,-12.0,0,29,0.919349,0.0,True,False,wall,0.0,-2.0,-10.0
65,2867,1.0,1,95,0.918317,0.0,True,False,wall,10.0,1.0,-10.0
66,2911,-17.0,0,44,0.91784,0.0,True,False,wall,0.0,-7.0,-10.0
67,2950,-12.0,0,39,0.917417,0.0,True,False,wall,0.0,-2.0,-10.0
68,3040,-21.0,0,90,0.916442,0.0,True,False,wall,0.0,-11.0,-10.0
69,3073,-16.0,0,33,0.916084,0.0,True,False,wall,0.0,-6.0,-10.0
70,3155,0.0,1,82,0.915197,0.0,True,False,wall,10.0,0.0,-10.0
71,3199,-15.0,0,44,0.914721,0.0,True,False,wall,0.0,-5.0,-10.0
72,3258,-4.0,0,59,0.914084,0.0,True,False,wall,0.0,6.0,-10.0
73,3301,-16.0,0,43,0.913619,0.0,True,False,wall,0.0,-6.0,-10.0
74,3338,-12.0,0,37,0.91322,0.0,True,False,wall,0.0,-2.0,-10.0
75,3354,-17.0,0,16,0.913048,0.0,True,False,wall,0.0,-7.0,-10.0
76,3390,-21.0,0,36,0.912659,0.0,True,False,wall,0.0,-11.0,-10.0
77,3481,-18.0,0,91,0.911679,0.0,True,False,wall,0.0,-8.0,-10.0
78,3530,-20.0,0,49,0.911151,0.0,True,False,wall,0.0,-10.0,-10.0
79,3640,-21.0,0,110,0.909968,0.0,True,False,wall,0.0,-11.0,-10.0
80,3779,-16.0,0,139,0.908475,0.0,True,False,wall,0.0,-6.0,-10.0
81,3798,-16.0,0,19,0.908271,0.0,True,False,wall,0.0,-6.0,-10.0
82,3862,-21.0,0,64,0.907585,0.0,True,False,wall,0.0,-11.0,-10.0
83,3922,-17.0,0,60,0.906942,0.0,True,False,wall,0.0,-7.0,-10.0
84,3956,-1.0,0,34,0.906577,0.0,True,False,wall,0.0,9.0,-10.0
85,3985,-16.0,0,29,0.906267,0.0,True,False,wall,0.0,-6.0,-10.0
86,4063,-15.0,0,78,0.905433,0.0,True,False,wall,0.0,-5.0,-10.0
87,4226,-24.0,0,163,0.903691,0.0,True,False,wall,0.0,-14.0,-10.0
88,4276,-19.0,0,50,0.903158,0.0,True,False,wall,0.0,-9.0,-10.0
89,4320,-19.0,0,44,0.902689,0.0,True,False,wall,0.0,-9.0,-10.0
90,4425,-22.0,0,105,0.90157,0.0,True,False,wall,0.0,-12.0,-10.0
91,4488,-6.0,0,63,0.9009,0.0,True,False,wall,0.0,4.0,-10.0
92,4507,-20.0,0,19,0.900698,0.0,True,False,wall,0.0,-10.0,-10.0
93,4609,-21.0,0,102,0.899614,0.0,True,False,wall,0.0,-11.0,-10.0
94,4682,-14.0,0,73,0.898839,0.0,True,False,wall,0.0,-4.0,-10.0
95,4716,-15.0,0,34,0.898479,0.0,True,False,wall,0.0,-5.0,-10.0
96,4777,-20.0,0,61,0.897832,0.0,True,False,wall,0.0,-10.0,-10.0
97,4797,-23.0,0,20,0.89762,0.0,True,False,wall,0.0,-13.0,-10.0
98,4884,-18.0,0,87,0.896699,0.0,True,False,wall,0.0,-8.0,-10.0
99,4905,-22.0,0,21,0.896476,0.0,True,False,wall,0.0,-12.0,-10.0
100,4937,-5.0,0,32,0.896138,0.0,True,False,wall,0.0,5.0,-10.0
101,5022,-6.0,0,85,0.895239,0.0,True,False,wall,0.0,4.0,-10.0
102,5052,-19.0,0,30,0.894922,0.0,True,False,wall,0.0,-9.0,-10.0
103,5091,-6.0,0,39,0.894511,0.0,True,False,wall,0.0,4.0,-10.0
104,5112,-12.0,0,21,0.894289,0.0,True,False,wall,0.0,-2.0,-10.0
105,5150,-21.0,0,38,0.893888,0.0,True,False,wall,0.0,-11.0,-10.0
106,5164,-17.0,0,14,0.89374,0.0,True,False,wall,0.0,-7.0,-10.0
107,5182,-13.0,0,18,0.89355,0.0,True,False,wall,0.0,-3.0,-10.0
108,5217,-1.0,1,35,0.893182,0.0,True,False,wall,10.0,-1.0,-10.0
109,5240,-4.0,0,23,0.892939,0.0,True,False,wall,0.0,6.0,-10.0
110,5278,-19.0,0,38,0.892539,0.0,True,False,wall,0.0,-9.0,-10.0
111,5291,-12.0,0,13,0.892402,0.0,True,False,wall,0.0,-2.0,-10.0
112,5336,-16.0,0,45,0.891928,0.0,True,False,wall,0.0,-6.0,-10.0
113,5409,-16.0,0,73,0.89116,0.0,True,False,wall,0.0,-6.0,-10.0
114,5460,-16.0,0,51,0.890624,0.0,True,False,wall,0.0,-6.0,-10.0
115,5485,-18.0,0,25,0.890362,0.0,True,False,wall,0.0,-8.0,-10.0
116,5505,-15.0,0,20,0.890152,0.0,True,False,wall,0.0,-5.0,-10.0
117,5520,-16.0,0,15,0.889994,0.0,True,False,wall,0.0,-6.0,-10.0
118,5579,-6.0,0,59,0.889375,0.0,True,False,wall,0.0,4.0,-10.0
119,5602,-12.0,0,23,0.889133,0.0,True,False,wall,0.0,-2.0,-10.0
120,5679,7.0,1,77,0.888326,0.0,True,False,wall,10.0,7.0,-10.0
121,5739,-13.0,0,60,0.887698,0.0,True,False,wall,0.0,-3.0,-10.0
122,5787,-13.0,0,48,0.887195,0.0,True,False,wall,0.0,-3.0,-10.0
123,5804,-4.0,0,17,0.887017,0.0,True,False,wall,0.0,6.0,-10.0
124,5820,-19.0,0,16,0.88685,0.0,True,False,wall,0.0,-9.0,-10.0
125,5850,-11.0,0,30,0.886536,0.0,True,False,wall,0.0,-1.0,-10.0
126,5901,-18.0,0,51,0.886003,0.0,True,False,wall,0.0,-8.0,-10.0
127,5922,-6.0,0,21,0.885784,0.0,True,False,wall,0.0,4.0,-10.0
128,5955,-22.0,0,33,0.885439,0.0,True,False,wall,0.0,-12.0,-10.0
129,6004,-6.0,0,49,0.884927,0.0,True,False,wall,0.0,4.0,-10.0
130,6045,-16.0,0,41,0.8845,0.0,True,False,wall,0.0,-6.0,-10.0
131,6088,-18.0,0,43,0.884051,0.0,True,False,wall,0.0,-8.0,-10.0
132,6244,-21.0,0,156,0.882426,0.0,True,False,wall,0.0,-11.0,-10.0
133,6322,-13.0,0,78,0.881615,0.0,True,False,wall,0.0,-3.0,-10.0
134,6441,-5.0,1,119,0.880379,0.0,True,False,wall,10.0,-5.0,-10.0
135,6474,-12.0,0,33,0.880037,0.0,True,False,wall,0.0,-2.0,-10.0
136,6491,-22.0,0,17,0.87986,0.0,True,False,wall,0.0,-12.0,-10.0
137,6505,-17.0,0,14,0.879715,0.0,True,False,wall,0.0,-7.0,-10.0
138,6557,-19.0,0,52,0.879176,0.0,True,False,wall,0.0,-9.0,-10.0
139,6584,-14.0,0,27,0.878896,0.0,True,False,wall,0.0,-4.0,-10.0
140,6630,-5.0,0,46,0.87842,0.0,True,False,wall,0.0,5.0,-10.0
141,6667,-12.0,0,37,0.878037,0.0,True,False,wall,0.0,-2.0,-10.0
142,6747,-11.0,0,80,0.877209,0.0,True,False,wall,0.0,-1.0,-10.0
143,6760,-16.0,0,13,0.877074,0.0,True,False,wall,0.0,-6.0,-10.0
144,6789,-16.0,0,29,0.876775,0.0,True,False,wall,0.0,-6.0,-10.0
145,6835,-21.0,0,46,0.876299,0.0,True,False,wall,0.0,-11.0,-10.0
146,6862,0.0,0,27,0.876021,0.0,True,False,wall,0.0,10.0,-10.0
147,6920,-2.0,1,58,0.875422,0.0,True,False,wall,10.0,-2.0,-10.0
148,6946,-11.0,0,26,0.875154,0.0,True,False,wall,0.0,-1.0,-10.0
149,7050,-19.0,0,104,0.874082,0.0,True,False,wall,0.0,-9.0,-10.0
150,7090,-15.0,0,40,0.87367,0.0,True,False,wall,0.0,-5.0,-10.0
151,7104,-11.0,0,14,0.873526,0.0,True,False,wall,0.0,-1.0,-10.0
152,7158,-23.0,0,54,0.87297,0.0,True,False,wall,0.0,-13.0,-10.0
153,7181,-6.0,0,23,0.872733,0.0,True,False,wall,0.0,4.0,-10.0
154,7230,-1.0,1,49,0.87223,0.0,True,False,wall,10.0,-1.0,-10.0
155,7241,-18.0,0,11,0.872117,0.0,True,False,wall,0.0,-8.0,-10.0
156,7337,-11.0,0,96,0.871131,0.0,True,False,wall,0.0,-1.0,-10.0
157,7349,-13.0,0,12,0.871008,0.0,True,False,wall,0.0,-3.0,-10.0
158,7370,-18.0,0,21,0.870792,0.0,True,False,wall,0.0,-8.0,-10.0
159,7407,-12.0,0,37,0.870413,0.0,True,False,wall,0.0,-2.0,-10.0
160,7444,-20.0,0,37,0.870033,0.0,True,False,wall,0.0,-10.0,-10.0
161,7460,-11.0,0,16,0.869869,0.0,True,False,wall,0.0,-1.0,-10.0
162,7558,-19.0,0,98,0.868865,0.0,True,False,wall,0.0,-9.0,-10.0
163,7590,3.0,0,32,0.868538,0.0,True,False,wall,0.0,13.0,-10.0
164,7606,-19.0,0,16,0.868374,0.0,True,False,wall,0.0,-9.0,-10.0
165,7636,-15.0,0,30,0.868067,0.0,True,False,wall,0.0,-5.0,-10.0
166,7685,-12.0,0,49,0.867567,0.0,True,False,wall,0.0,-2.0,-10.0
167,7710,3.0,1,25,0.867311,0.0,True,False,wall,10.0,3.0,-10.0
168,7754,-11.0,0,44,0.866862,0.0,True,False,wall,0.0,-1.0,-10.0
169,7808,-23.0,0,54,0.86631,0.0,True,False,wall,0.0,-13.0,-10.0
170,7836,10.0,1,28,0.866025,0.0,True,False,wall,10.0,10.0,-10.0
171,7904,-17.0,0,68,0.865331,0.0,True,False,wall,0.0,-7.0,-10.0
172,7968,-15.0,0,64,0.864679,0.0,True,False,wall,0.0,-5.0,-10.0
173,7985,-18.0,0,17,0.864506,0.0,True,False,wall,0.0,-8.0,-10.0
174,8054,7.0,1,69,0.863804,0.0,True,False,wall,10.0,7.0,-10.0
175,8138,-3.0,0,84,0.86295,0.0,True,False,wall,0.0,7.0,-10.0
176,8224,-17.0,0,86,0.862077,0.0,True,False,wall,0.0,-7.0,-10.0
177,8331,-4.0,0,107,0.860991,0.0,True,False,wall,0.0,6.0,-10.0
178,8359,8.0,1,28,0.860707,0.0,True,False,wall,10.0,8.0,-10.0
179,8379,-15.0,0,20,0.860505,0.0,True,False,wall,0.0,-5.0,-10.0
180,8438,-22.0,0,59,0.859907,0.0,True,False,wall,0.0,-12.0,-10.0
181,8518,-19.0,0,80,0.859098,0.0,True,False,wall,0.0,-9.0,-10.0
182,8558,-13.0,0,40,0.858693,0.0,True,False,wall,0.0,-3.0,-10.0
183,8593,-12.0,0,35,0.85834,0.0,True,False,wall,0.0,-2.0,-10.0
184,8626,-8.0,0,33,0.858006,0.0,True,False,wall,0.0,2.0,-10.0
185,8649,-3.0,1,23,0.857774,0.0,True,False,wall,10.0,-3.0,-10.0
186,8678,-12.0,0,29,0.857481,0.0,True,False,wall,0.0,-2.0,-10.0
187,8700,-21.0,0,22,0.857259,0.0,True,False,wall,0.0,-11.0,-10.0
188,8792,10.0,1,92,0.856331,0.0,True,False,wall,10.0,10.0,-10.0
189,8854,-13.0,0,62,0.855707,0.0,True,False,wall,0.0,-3.0,-10.0
190,8870,-17.0,0,16,0.855546,0.0,True,False,wall,0.0,-7.0,-10.0
191,8895,-24.0,0,25,0.855294,0.0,True,False,wall,0.0,-14.0,-10.0
192,8931,-5.0,0,36,0.854932,0.0,True,False,wall,0.0,5.0,-10.0
193,8974,-20.0,0,43,0.854499,0.0,True,False,wall,0.0,-10.0,-10.0
194,9038,-17.0,0,64,0.853856,0.0,True,False,wall,0.0,-7.0,-10.0
195,9072,-17.0,0,34,0.853514,0.0,True,False,wall,0.0,-7.0,-10.0
196,9115,-4.0,0,43,0.853082,0.0,True,False,wall,0.0,6.0,-10.0
197,9135,-19.0,0,20,0.852882,0.0,True,False,wall,0.0,-9.0,-10.0
198,9233,4.0,1,98,0.851899,0.0,True,False,wall,10.0,4.0,-10.0
199,9263,-6.0,1,30,0.851598,0.0,True,False,wall,10.0,-6.0,-10.0
200,9332,-5.0,1,69,0.850907,0.0,True,False,wall,10.0,-5.0,-10.0
201,9389,-18.0,0,57,0.850336,0.0,True,False,wall,0.0,-8.0,-10.0
202,9497,-17.0,0,108,0.849257,0.0,True,False,wall,0.0,-7.0,-10.0
203,9520,-8.0,0,23,0.849027,0.0,True,False,wall,0.0,2.0,-10.0
204,9539,-12.0,0,19,0.848837,0.0,True,False,wall,0.0,-2.0,-10.0
205,9567,-19.0,0,28,0.848558,0.0,True,False,wall,0.0,-9.0,-10.0
206,9596,-1.0,1,29,0.848268,0.0,True,False,wall,10.0,-1.0,-10.0
207,9623,-14.0,0,27,0.847999,0.0,True,False,wall,0.0,-4.0,-10.0
208,9634,-20.0,0,11,0.847889,0.0,True,False,wall,0.0,-10.0,-10.0
209,9655,-14.0,0,21,0.84768,0.0,True,False,wall,0.0,-4.0,-10.0
210,9678,-6.0,0,23,0.84745,0.0,True,False,wall,0.0,4.0,-10.0
211,9796,-15.0,0,118,0.846275,0.0,True,False,wall,0.0,-5.0,-10.0
212,9851,-20.0,0,55,0.845728,0.0,True,False,wall,0.0,-10.0,-10.0
213,9901,-19.0,0,50,0.845231,0.0,True,False,wall,0.0,-9.0,-10.0
214,9913,-9.0,0,12,0.845111,0.0,True,False,wall,0.0,1.0,-10.0
215,9987,-9.0,0,74,0.844376,0.0,True,False,wall,0.0,1.0,-10.0
216,10018,-14.0,0,31,0.844069,2.9429,True,False,wall,0.0,-4.0,-10.0
217,10034,-9.0,0,16,0.84391,2.4442,True,False,wall,0.0,1.0,-10.0
218,10137,-20.0,0,103,0.842888,2.5851,True,False,wall,0.0,-10.0,-10.0
219,10158,-10.0,0,21,0.84268,1.0339,True,False,wall,0.0,0.0,-10.0
220,10182,-21.0,0,24,0.842442,1.0844,True,False,wall,0.0,-11.0,-10.0
221,10211,-18.0,0,29,0.842155,0.8365,True,False,wall,0.0,-8.0,-10.0
222,10249,14.0,1,38,0.841779,0.8953,True,False,wall,10.0,14.0,-10.0
223,10305,-15.0,0,56,0.841225,0.844,True,False,wall,0.0,-5.0,-10.0
224,10323,8.0,1,18,0.841047,0.7223,True,False,wall,10.0,8.0,-10.0
225,10348,-10.0,0,25,0.8408,0.7785,True,False,wall,0.0,0.0,-10.0
226,10440,21.0,2,92,0.839891,0.8107,True,False,wall,20.0,11.0,-10.0
227,10450,6.0,1,10,0.839792,0.9448,True,False,wall,10.0,6.0,-10.0
228,10525,3.0,1,75,0.839052,0.8379,True,False,wall,10.0,3.0,-10.0
229,10547,-7.0,0,22,0.838835,0.6398,True,False,wall,0.0,3.0,-10.0
230,10597,14.0,1,50,0.838342,0.9001,True,False,wall,10.0,14.0,-10.0
231,10662,22.0,2,65,0.837702,0.7831,True,False,wall,20.0,12.0,-10.0
232,10716,2.0,1,54,0.83717,0.9316,True,False,wall,10.0,2.0,-10.0
233,10772,-3.0,0,56,0.83662,1.1314,True,False,wall,0.0,7.0,-10.0
234,10817,-8.0,0,45,0.836177,1.0653,True,False,wall,0.0,2.0,-10.0
235,10890,-8.0,0,73,0.83546,1.2131,True,False,wall,0.0,2.0,-10.0
236,10925,-14.0,0,35,0.835117,0.936,True,False,wall,0.0,-4.0,-10.0
237,11162,47.0,3,237,0.832794,0.9111,True,False,body,30.0,27.0,-10.0
238,11289,43.0,3,127,0.831552,1.1348,True,False,body,30.0,23.0,-10.0
239,11313,-11.0,0,24,0.831318,1.0516,True,False,wall,0.0,-1.0,-10.0
240,11335,4.0,1,22,0.831103,1.4731,True,False,wall,10.0,4.0,-10.0
241,11370,1.0,1,35,0.830762,1.1715,True,False,wall,10.0,1.0,-10.0
242,11394,-3.0,0,24,0.830527,1.9518,True,False,wall,0.0,7.0,-10.0
243,11442,8.0,1,48,0.830059,1.5355,True,False,wall,10.0,8.0,-10.0
244,11469,7.0,1,27,0.829796,1.4405,True,False,wall,10.0,7.0,-10.0
245,11529,29.0,2,60,0.829211,1.227,True,False,wall,20.0,19.0,-10.0
246,11580,-8.0,0,51,0.828715,0.9201,True,False,wall,0.0,2.0,-10.0
247,11596,-11.0,0,16,0.828559,0.8476,True,False,wall,0.0,-1.0,-10.0
248,11634,-5.0,0,38,0.828189,0.9028,True,False,wall,0.0,5.0,-10.0
249,11687,-8.0,0,53,0.827674,1.0316,True,False,wall,0.0,2.0,-10.0
250,11771,2.0,1,84,0.826858,1.1949,True,False,wall,10.0,2.0,-10.0
251,11802,7.0,1,31,0.826557,1.8547,True,False,wall,10.0,7.0,-10.0
252,11870,12.0,1,68,0.825897,2.2651,True,False,wall,10.0,12.0,-10.0
253,11909,20.0,2,39,0.825519,1.051,True,False,wall,20.0,10.0,-10.0
254,11919,-15.0,0,10,0.825422,1.0648,True,False,wall,0.0,-5.0,-10.0
255,11938,-10.0,0,19,0.825238,0.7113,True,False,wall,0.0,0.0,-10.0
256,11967,-6.0,0,29,0.824957,0.691,True,False,wall,0.0,4.0,-10.0
257,12011,-11.0,0,44,0.824531,0.8919,True,False,wall,0.0,-1.0,-10.0
258,12131,-11.0,0,120,0.82337,0.8008,True,False,wall,0.0,-1.0,-10.0
259,12148,9.0,1,17,0.823205,0.9505,True,False,wall,10.0,9.0,-10.0
260,12246,-1.0,0,98,0.822259,1.1442,True,False,wall,0.0,9.0,-10.0
261,12346,18.0,1,100,0.821294,1.8049,True,False,wall,10.0,18.0,-10.0
262,12386,-9.0,0,40,0.820909,1.4044,True,False,wall,0.0,1.0,-10.0
263,12398,0.0,1,12,0.820793,0.8177,True,False,wall,10.0,0.0,-10.0
264,12446,14.0,1,48,0.820331,0.8352,True,False,wall,10.0,14.0,-10.0
265,12557,30.0,2,111,0.819262,0.7961,True,False,wall,20.0,20.0,-10.0
266,12593,8.0,1,36,0.818916,0.8741,True,False,wall,10.0,8.0,-10.0
267,12715,-6.0,1,122,0.817745,1.0388,True,False,wall,10.0,-6.0,-10.0
268,12734,-10.0,0,19,0.817562,1.0069,True,False,wall,0.0,0.0,-10.0
269,12799,13.0,1,65,0.816939,1.0001,True,False,wall,10.0,13.0,-10.0
270,12849,-3.0,0,50,0.81646,0.8908,True,False,wall,0.0,7.0,-10.0
271,12902,21.0,1,53,0.815952,0.9599,True,False,wall,10.0,21.0,-10.0
272,12929,5.0,1,27,0.815694,1.1369,True,False,wall,10.0,5.0,-10.0
273,12966,-6.0,0,37,0.81534,1.0924,True,False,wall,0.0,4.0,-10.0
274,13003,-5.0,1,37,0.814986,1.29,True,False,wall,10.0,-5.0,-10.0
275,13060,9.0,1,57,0.814441,1.3348,True,False,wall,10.0,9.0,-10.0
276,13081,-10.0,0,21,0.81424,1.3148,True,False,wall,0.0,0.0,-10.0
277,13145,1.0,0,64,0.813629,1.0444,True,False,wall,0.0,11.0,-10.0
278,13204,9.0,1,59,0.813066,0.9388,True,False,wall,10.0,9.0,-10.0
279,13255,9.0,1,51,0.81258,0.7862,True,False,wall,10.0,9.0,-10.0
280,13297,-11.0,0,42,0.81218,0.8111,True,False,wall,0.0,-1.0,-10.0
281,13388,31.0,3,91,0.811313,0.8131,True,False,wall,30.0,11.0,-10.0
282,13412,1.0,0,24,0.811085,0.637,True,False,wall,0.0,11.0,-10.0
283,13437,-4.0,0,25,0.810847,1.3796,True,False,wall,0.0,6.0,-10.0
284,13497,24.0,3,60,0.810277,1.0914,True,False,body,30.0,4.0,-10.0
285,13564,-6.0,0,67,0.80964,1.1529,True,False,wall,0.0,4.0,-10.0
286,13623,-8.0,0,59,0.80908,1.2492,True,False,wall,0.0,2.0,-10.0
287,13693,-1.0,0,70,0.808416,1.3452,True,False,wall,0.0,9.0,-10.0
288,13714,-4.0,0,21,0.808217,0.7355,True,False,wall,0.0,6.0,-10.0
289,13742,-17.0,0,28,0.807952,1.251,True,False,wall,0.0,-7.0,-10.0
290,13783,-10.0,0,41,0.807563,0.994,True,False,wall,0.0,0.0,-10.0
291,13824,-10.0,0,41,0.807175,0.7412,True,False,wall,0.0,0.0,-10.0
292,13852,4.0,1,28,0.80691,0.8862,True,False,wall,10.0,4.0,-10.0
293,13922,-7.0,0,70,0.806248,0.6638,True,False,wall,0.0,3.0,-10.0
294,13970,-17.0,0,48,0.805795,0.6548,True,False,wall,0.0,-7.0,-10.0
295,13997,-18.0,0,27,0.80554,0.7944,True,False,wall,0.0,-8.0,-10.0
296,14036,9.0,1,39,0.805171,0.5167,True,False,wall,10.0,9.0,-10.0
297,14229,22.0,2,193,0.803352,0.9717,True,False,wall,20.0,12.0,-10.0
298,14244,7.0,1,15,0.803211,0.8984,True,False,wall,10.0,7.0,-10.0
299,14289,13.0,1,45,0.802787,0.8108,True,False,wall,10.0,13.0,-10.0
300,14304,-10.0,0,15,0.802646,1.3868,True,False,wall,0.0,0.0,-10.0
301,14321,-4.0,0,17,0.802486,1.4224,True,False,wall,0.0,6.0,-10.0
302,14334,-4.0,0,13,0.802364,1.0781,True,False,wall,0.0,6.0,-10.0
303,14385,9.0,1,51,0.801884,0.9656,True,False,wall,10.0,9.0,-10.0
304,14458,28.0,2,73,0.801198,0.9385,True,False,wall,20.0,18.0,-10.0
305,14508,10.0,1,50,0.800729,1.7025,True,False,wall,10.0,10.0,-10.0
306,14580,11.0,2,72,0.800054,1.1163,True,False,wall,20.0,1.0,-10.0
307,14637,5.0,1,57,0.799519,0.8132,True,False,wall,10.0,5.0,-10.0
308,14663,-11.0,0,26,0.799276,0.7901,True,False,wall,0.0,-1.0,-10.0
309,14719,6.0,1,56,0.798752,0.7842,True,False,wall,10.0,6.0,-10.0
310,14760,7.0,1,41,0.798368,0.7147,True,False,wall,10.0,7.0,-10.0
311,14777,7.0,1,17,0.798209,0.8614,True,False,wall,10.0,7.0,-10.0
312,14805,6.0,1,28,0.797947,0.725,True,False,wall,10.0,6.0,-10.0
313,14834,-8.0,0,29,0.797676,1.0784,True,False,wall,0.0,2.0,-10.0
314,14908,32.0,3,74,0.796985,0.8395,True,False,body,30.0,12.0,-10.0
315,15066,14.0,1,158,0.795511,0.8754,True,False,wall,10.0,14.0,-10.0
316,15082,-5.0,0,16,0.795362,1.3564,True,False,wall,0.0,5.0,-10.0
317,15126,-13.0,0,44,0.794952,1.3264,True,False,wall,0.0,-3.0,-10.0
318,15200,8.0,1,74,0.794263,1.4151,True,False,wall,10.0,8.0,-10.0
319,15228,25.0,2,28,0.794003,1.2095,True,False,wall,20.0,15.0,-10.0
320,15248,-3.0,0,20,0.793817,1.014,True,False,wall,0.0,7.0,-10.0
321,15278,25.0,2,30,0.793538,0.8861,True,False,wall,20.0,15.0,-10.0
322,15316,-7.0,0,38,0.793185,0.7352,True,False,wall,0.0,3.0,-10.0
323,15359,9.0,1,43,0.792785,0.8223,True,False,wall,10.0,9.0,-10.0
324,15509,4.0,1,150,0.791394,0.9698,True,False,wall,10.0,4.0,-10.0
325,15559,-13.0,0,50,0.790931,1.1352,True,False,wall,0.0,-3.0,-10.0
326,15703,34.0,3,144,0.789598,1.2125,True,False,body,30.0,14.0,-10.0
327,15714,-4.0,0,11,0.789497,0.9722,True,False,wall,0.0,6.0,-10.0
328,15752,-3.0,0,38,0.789145,1.0909,True,False,wall,0.0,7.0,-10.0
329,15761,7.0,1,9,0.789062,0.9857,True,False,wall,10.0,7.0,-10.0
330,15780,11.0,1,19,0.788887,0.7734,True,False,wall,10.0,11.0,-10.0
331,15833,3.0,1,53,0.788397,0.9213,True,False,wall,10.0,3.0,-10.0
332,15910,9.0,1,77,0.787687,1.0036,True,False,wall,10.0,9.0,-10.0
333,16012,6.0,1,102,0.786747,1.0295,True,False,wall,10.0,6.0,-10.0
334,16045,25.0,3,33,0.786443,0.6741,True,False,body,30.0,5.0,-10.0
335,16133,48.0,3,88,0.785634,0.8494,True,False,body,30.0,28.0,-10.0
336,16158,-14.0,0,25,0.785404,1.0895,True,False,wall,0.0,-4.0,-10.0
337,16206,19.0,2,48,0.784963,0.8096,True,False,wall,20.0,9.0,-10.0
338,16239,-16.0,0,33,0.78466,0.7716,True,False,wall,0.0,-6.0,-10.0
339,16282,7.0,1,43,0.784265,0.6399,True,False,wall,10.0,7.0,-10.0
340,16305,-3.0,1,23,0.784054,0.8761,True,False,wall,10.0,-3.0,-10.0
341,16372,11.0,1,67,0.783439,1.001,True,False,wall,10.0,11.0,-10.0
342,16492,40.0,3,120,0.78234,1.1579,True,False,wall,30.0,20.0,-10.0
343,16506,15.0,2,14,0.782212,1.1145,True,False,wall,20.0,5.0,-10.0
344,16537,9.0,1,31,0.781928,0.9778,True,False,wall,10.0,9.0,-10.0
345,16555,-21.0,0,18,0.781763,0.6194,True,False,wall,0.0,-11.0,-10.0
346,16601,29.0,2,46,0.781343,0.9603,True,False,wall,20.0,19.0,-10.0
347,16642,7.0,1,41,0.780968,0.9963,True,False,wall,10.0,7.0,-10.0
348,16698,0.0,1,56,0.780457,1.7203,True,False,wall,10.0,0.0,-10.0
349,16774,14.0,1,76,0.779763,2.1811,True,False,wall,10.0,14.0,-10.0
350,16809,16.0,2,35,0.779444,1.8867,True,False,wall,20.0,6.0,-10.0
351,16835,-17.0,0,26,0.779207,1.567,True,False,wall,0.0,-7.0,-10.0
352,16912,-10.0,0,77,0.778505,1.3247,True,False,wall,0.0,0.0,-10.0
353,16980,-7.0,0,68,0.777886,1.1175,True,False,wall,0.0,3.0,-10.0
354,16991,-8.0,0,11,0.777786,1.4053,True,False,wall,0.0,2.0,-10.0
355,17052,-4.0,0,61,0.777231,1.0131,True,False,wall,0.0,6.0,-10.0
356,17097,11.0,1,45,0.776822,0.8315,True,False,wall,10.0,11.0,-10.0
357,17165,33.0,2,68,0.776205,0.7692,True,False,wall,20.0,23.0,-10.0
358,17223,8.0,1,58,0.775679,0.7257,True,False,wall,10.0,8.0,-10.0
359,17331,42.0,3,108,0.7747,0.8161,True,False,body,30.0,22.0,-10.0
360,17379,14.0,1,48,0.774265,0.8484,True,False,wall,10.0,14.0,-10.0
361,17453,8.0,1,74,0.773595,0.8175,True,False,wall,10.0,8.0,-10.0
362,17480,-5.0,1,27,0.773351,1.1191,True,False,wall,10.0,-5.0,-10.0
363,17491,-6.0,0,11,0.773252,1.255,True,False,wall,0.0,4.0,-10.0
364,17554,26.0,2,63,0.772682,1.0246,True,False,wall,20.0,16.0,-10.0
365,17625,28.0,2,71,0.772041,1.0484,True,False,wall,20.0,18.0,-10.0
366,17641,-21.0,0,16,0.771897,1.3378,True,False,wall,0.0,-11.0,-10.0
367,17716,20.0,2,75,0.77122,0.9825,True,False,wall,20.0,10.0,-10.0
368,17759,1.0,1,43,0.770833,0.8636,True,False,wall,10.0,1.0,-10.0
369,17782,13.0,1,23,0.770626,0.8383,True,False,wall,10.0,13.0,-10.0
370,17815,9.0,1,33,0.770328,0.828,True,False,wall,10.0,9.0,-10.0
371,17844,15.0,1,29,0.770067,0.7735,True,False,wall,10.0,15.0,-10.0
372,17987,59.0,3,143,0.768781,0.7807,True,False,wall,30.0,39.0,-10.0
373,18085,10.0,1,98,0.767901,0.8981,True,False,wall,10.0,10.0,-10.0
374,18336,68.0,4,251,0.765653,0.9287,True,False,wall,40.0,38.0,-10.0
375,18419,37.0,3,83,0.76491,1.4618,True,False,wall,30.0,17.0,-10.0
376,18510,3.0,1,91,0.764098,1.2573,True,False,wall,10.0,3.0,-10.0
377,18574,27.0,2,64,0.763527,0.9746,True,False,wall,20.0,17.0,-10.0
378,18636,6.0,1,62,0.762974,0.7974,True,False,wall,10.0,6.0,-10.0
379,18677,-1.0,1,41,0.762609,0.6979,True,False,wall,10.0,-1.0,-10.0
380,18818,55.0,3,141,0.761354,0.5704,True,False,body,30.0,35.0,-10.0
381,18840,-17.0,0,22,0.761158,0.5422,True,False,wall,0.0,-7.0,-10.0
382,18879,0.0,0,39,0.760811,0.5138,True,False,wall,0.0,10.0,-10.0
383,18902,9.0,1,23,0.760607,0.5169,True,False,wall,10.0,9.0,-10.0
384,18942,-7.0,0,40,0.760252,0.5422,True,False,wall,0.0,3.0,-10.0
385,18987,-2.0,0,45,0.759853,0.9867,True,False,wall,0.0,8.0,-10.0
386,19025,-5.0,0,38,0.759515,1.1568,True,False,wall,0.0,5.0,-10.0
387,19056,-8.0,0,31,0.759241,2.359,True,False,wall,0.0,2.0,-10.0
388,19100,6.0,1,44,0.758851,1.1544,True,False,wall,10.0,6.0,-10.0
389,19125,-4.0,0,25,0.758629,0.8142,True,False,wall,0.0,6.0,-10.0
390,19156,7.0,1,31,0.758355,0.7021,True,False,wall,10.0,7.0,-10.0
391,19182,-5.0,0,26,0.758124,0.882,True,False,wall,0.0,5.0,-10.0
392,19214,-17.0,0,32,0.757841,0.8334,True,False,wall,0.0,-7.0,-10.0
393,19280,23.0,2,66,0.757257,0.8495,True,False,wall,20.0,13.0,-10.0
394,19329,11.0,1,49,0.756824,0.8836,True,False,wall,10.0,11.0,-10.0
395,19385,-13.0,0,56,0.75633,1.0479,True,False,wall,0.0,-3.0,-10.0
396,19464,-10.0,0,79,0.755633,1.2046,True,False,wall,0.0,0.0,-10.0
397,19524,-9.0,0,60,0.755104,1.6245,True,False,wall,0.0,1.0,-10.0
398,19579,3.0,1,55,0.754619,1.5085,True,False,wall,10.0,3.0,-10.0
399,19633,-13.0,0,54,0.754144,0.8672,True,False,wall,0.0,-3.0,-10.0
400,19734,37.0,3,101,0.753255,1.0334,True,False,wall,30.0,17.0,-10.0
401,19747,-2.0,0,13,0.753141,1.3975,True,False,wall,0.0,8.0,-10.0
402,19760,-6.0,0,13,0.753027,1.1483,True,False,wall,0.0,4.0,-10.0
403,19783,-6.0,0,23,0.752825,1.0274,True,False,wall,0.0,4.0,-10.0
404,19851,-2.0,1,68,0.752227,1.1289,True,False,wall,10.0,-2.0,-10.0
405,19961,6.0,1,110,0.751262,0.9908,True,False,wall,10.0,6.0,-10.0
406,20099,33.0,2,138,0.750054,1.0329,True,False,wall,20.0,23.0,-10.0
407,20124,-12.0,0,25,0.749835,1.26,True,False,wall,0.0,-2.0,-10.0
408,20160,6.0,1,36,0.74952,1.0052,True,False,wall,10.0,6.0,-10.0
409,20295,3.0,1,135,0.748341,0.9108,True,False,wall,10.0,3.0,-10.0
410,20325,-11.0,0,30,0.748079,0.7217,True,False,wall,0.0,-1.0,-10.0
411,20434,8.0,2,109,0.747129,0.771,True,False,wall,20.0,-2.0,-10.0
412,20532,40.0,3,98,0.746275,0.9199,True,False,body,30.0,20.0,-10.0
413,20551,9.0,1,19,0.74611,0.6578,True,False,wall,10.0,9.0,-10.0
414,20598,-6.0,0,47,0.745701,1.0086,True,False,wall,0.0,4.0,-10.0
415,20624,-5.0,0,26,0.745475,0.9467,True,False,wall,0.0,5.0,-10.0
416,20648,-3.0,0,24,0.745266,0.9046,True,False,wall,0.0,7.0,-10.0
417,20734,67.0,4,86,0.744519,1.1325,True,False,body,40.0,37.0,-10.0
418,20816,-13.0,0,82,0.743808,0.9911,True,False,wall,0.0,-3.0,-10.0
419,20903,24.0,2,87,0.743054,1.1402,True,False,wall,20.0,14.0,-10.0
420,20940,-8.0,0,37,0.742733,0.9472,True,False,wall,0.0,2.0,-10.0
421,20954,-7.0,0,14,0.742612,1.0749,True,False,wall,0.0,3.0,-10.0
422,21015,26.0,2,61,0.742084,1.0599,True,False,wall,20.0,16.0,-10.0
423,21065,21.0,2,50,0.741652,1.223,True,False,wall,20.0,11.0,-10.0
424,21119,6.0,1,54,0.741185,1.063,True,False,wall,10.0,6.0,-10.0
425,21138,7.0,1,19,0.741021,1.2832,True,False,wall,10.0,7.0,-10.0
426,21148,8.0,1,10,0.740934,1.2806,True,False,wall,10.0,8.0,-10.0
427,21172,-9.0,0,24,0.740727,1.4027,True,False,wall,0.0,1.0,-10.0
428,21223,15.0,1,51,0.740287,0.916,True,False,wall,10.0,15.0,-10.0
429,21269,-3.0,0,46,0.73989,0.9723,True,False,wall,0.0,7.0,-10.0
430,21291,6.0,1,22,0.7397,0.8003,True,False,wall,10.0,6.0,-10.0
431,21322,-16.0,0,31,0.739433,0.7089,True,False,wall,0.0,-6.0,-10.0
432,21375,-6.0,0,53,0.738977,0.8149,True,False,wall,0.0,4.0,-10.0
433,21445,21.0,2,70,0.738374,0.7825,True,False,wall,20.0,11.0,-10.0
434,21469,8.0,1,24,0.738167,1.2824,True,False,wall,10.0,8.0,-10.0
435,21494,3.0,1,25,0.737952,1.1794,True,False,wall,10.0,3.0,-10.0
436,21523,-4.0,0,29,0.737703,0.7909,True,False,wall,0.0,6.0,-10.0
437,21566,-3.0,1,43,0.737334,1.5098,True,False,wall,10.0,-3.0,-10.0
438,21609,-1.0,1,43,0.736964,1.3189,True,False,wall,10.0,-1.0,-10.0
439,21673,27.0,2,64,0.736415,1.2134,True,False,wall,20.0,17.0,-10.0
440,21816,47.0,3,143,0.735189,0.819,True,False,wall,30.0,27.0,-10.0
441,21828,8.0,1,12,0.735086,0.9397,True,False,wall,10.0,8.0,-10.0
442,21916,23.0,2,88,0.734333,1.1821,True,False,wall,20.0,13.0,-10.0
443,21935,-18.0,0,19,0.734171,1.0956,True,False,wall,0.0,-8.0,-10.0
444,22045,69.0,4,110,0.73323,1.2682,True,False,body,40.0,39.0,-10.0
445,22131,44.0,3,86,0.732496,1.1554,True,False,wall,30.0,24.0,-10.0
446,22165,6.0,1,34,0.732206,1.0775,True,False,wall,10.0,6.0,-10.0
447,22242,18.0,2,77,0.73155,1.0771,True,False,wall,20.0,8.0,-10.0
448,22265,-16.0,0,23,0.731354,0.9539,True,False,wall,0.0,-6.0,-10.0
449,22287,-7.0,0,22,0.731167,1.0726,True,False,wall,0.0,3.0,-10.0
450,22321,-3.0,0,34,0.730877,0.9552,True,False,wall,0.0,7.0,-10.0
451,22337,-3.0,0,16,0.730741,0.7687,True,False,wall,0.0,7.0,-10.0
452,22373,16.0,1,36,0.730435,0.8953,True,False,wall,10.0,16.0,-10.0
453,22421,-13.0,0,48,0.730027,1.1362,True,False,wall,0.0,-3.0,-10.0
454,22455,-3.0,0,34,0.729738,0.841,True,False,wall,0.0,7.0,-10.0
455,22494,-14.0,0,39,0.729407,0.8203,True,False,wall,0.0,-4.0,-10.0
456,22631,41.0,3,137,0.728244,0.8192,True,False,body,30.0,21.0,-10.0
457,22695,14.0,1,64,0.727702,0.7293,True,False,wall,10.0,14.0,-10.0
458,22814,38.0,2,119,0.726694,0.81,True,False,wall,20.0,28.0,-10.0
459,22912,16.0,1,98,0.725866,0.8975,True,False,wall,10.0,16.0,-10.0
460,23002,41.0,2,90,0.725106,1.0133,True,False,wall,20.0,31.0,-10.0
461,23076,12.0,1,74,0.724482,1.3103,True,False,wall,10.0,12.0,-10.0
462,23122,4.0,1,46,0.724094,1.2147,True,False,wall,10.0,4.0,-10.0
463,23208,46.0,3,86,0.72337,0.9929,True,False,body,30.0,26.0,-10.0
464,23230,8.0,1,22,0.723185,1.0327,True,False,wall,10.0,8.0,-10.0
465,23248,-1.0,0,18,0.723033,1.1152,True,False,wall,0.0,9.0,-10.0
466,23321,32.0,2,73,0.722419,1.0124,True,False,wall,20.0,22.0,-10.0
467,23341,-13.0,0,20,0.722251,1.3596,True,False,wall,0.0,-3.0,-10.0
468,23359,25.0,2,18,0.7221,1.6053,True,False,wall,20.0,15.0,-10.0
469,23426,3.0,1,67,0.721537,1.1585,True,False,wall,10.0,3.0,-10.0
470,23508,21.0,2,82,0.720849,1.5282,True,False,wall,20.0,11.0,-10.0
471,23541,2.0,0,33,0.720573,0.9528,True,False,wall,0.0,12.0,-10.0
472,23586,-4.0,0,45,0.720196,1.1778,True,False,wall,0.0,6.0,-10.0
473,23618,18.0,1,32,0.719928,1.054,True,False,wall,10.0,18.0,-10.0
474,23662,8.0,1,44,0.719559,0.9854,True,False,wall,10.0,8.0,-10.0
475,23706,21.0,2,44,0.719191,1.0933,True,False,wall,20.0,11.0,-10.0
476,23721,-2.0,0,15,0.719066,0.8005,True,False,wall,0.0,8.0,-10.0
477,23749,21.0,2,28,0.718832,0.8027,True,False,wall,20.0,11.0,-10.0
478,23769,8.0,1,20,0.718664,1.0073,True,False,wall,10.0,8.0,-10.0
479,23830,28.0,2,61,0.718155,0.8999,True,False,wall,20.0,18.0,-10.0
480,23882,10.0,1,52,0.717721,0.7898,True,False,wall,10.0,10.0,-10.0
481,24050,46.0,3,168,0.71632,0.8189,True,False,body,30.0,26.0,-10.0
482,24061,-4.0,0,11,0.716228,0.7054,True,False,wall,0.0,6.0,-10.0
483,24165,31.0,2,104,0.715363,0.9722,True,False,wall,20.0,21.0,-10.0
484,24248,47.0,3,83,0.714673,0.8389,True,False,body,30.0,27.0,-10.0
485,24265,13.0,1,17,0.714531,0.7275,True,False,wall,10.0,13.0,-10.0
486,24284,-2.0,0,19,0.714374,0.8586,True,False,wall,0.0,8.0,-10.0
487,24385,37.0,3,101,0.713535,0.817,True,False,wall,30.0,17.0,-10.0
488,24500,44.0,2,115,0.712582,0.534,True,False,wall,20.0,34.0,-10.0
489,24599,59.0,3,99,0.711763,0.6095,True,False,wall,30.0,39.0,-10.0
490,24625,4.0,1,26,0.711548,0.5335,True,False,wall,10.0,4.0,-10.0
491,24684,9.0,1,59,0.71106,0.6357,True,False,wall,10.0,9.0,-10.0
492,24711,-2.0,0,27,0.710837,0.6365,True,False,wall,0.0,8.0,-10.0
493,24797,42.0,3,86,0.710127,0.7284,True,False,wall,30.0,22.0,-10.0
494,24822,9.0,1,25,0.709921,1.112,True,False,wall,10.0,9.0,-10.0
495,24908,50.0,3,86,0.709212,1.0094,True,False,body,30.0,30.0,-10.0
496,24978,32.0,3,70,0.708635,0.9427,True,False,body,30.0,12.0,-10.0
497,24997,-16.0,0,19,0.708479,1.3755,True,False,wall,0.0,-6.0,-10.0
498,25014,5.0,1,17,0.708339,0.957,True,False,wall,10.0,5.0,-10.0
499,25050,-9.0,0,36,0.708043,1.435,True,False,wall,0.0,1.0,-10.0
500,25172,31.0,2,122,0.70704,0.882,True,False,wall,20.0,21.0,-10.0
501,25234,10.0,1,62,0.706531,0.6883,True,False,wall,10.0,10.0,-10.0
502,25303,31.0,3,69,0.705965,0.6555,True,False,wall,30.0,11.0,-10.0
503,25431,15.0,2,128,0.704916,0.9064,True,False,wall,20.0,5.0,-10.0
504,25442,-2.0,0,11,0.704826,1.0459,True,False,wall,0.0,8.0,-10.0
505,25479,5.0,1,37,0.704523,0.8551,True,False,wall,10.0,5.0,-10.0
506,25569,46.0,3,90,0.703787,1.4966,True,False,wall,30.0,26.0,-10.0
507,25589,1.0,0,20,0.703624,1.9415,True,False,wall,0.0,11.0,-10.0
508,25673,17.0,2,84,0.702938,1.3249,True,False,wall,20.0,7.0,-10.0
509,25850,77.0,5,177,0.701495,1.2983,True,False,wall,50.0,37.0,-10.0
510,25890,12.0,1,40,0.701169,0.9601,True,False,wall,10.0,12.0,-10.0
511,25935,5.0,1,45,0.700803,0.9628,True,False,wall,10.0,5.0,-10.0
512,26041,48.0,3,106,0.699941,0.7357,True,False,body,30.0,28.0,-10.0
513,26082,11.0,1,41,0.699608,0.8441,True,False,wall,10.0,11.0,-10.0
514,26175,35.0,3,93,0.698854,0.875,True,False,body,30.0,15.0,-10.0
515,26246,11.0,1,71,0.698278,0.8622,True,False,wall,10.0,11.0,-10.0
516,26287,11.0,1,41,0.697946,0.9279,True,False,wall,10.0,11.0,-10.0
517,26313,19.0,2,26,0.697735,0.9931,True,False,wall,20.0,9.0,-10.0
518,26395,34.0,3,82,0.697072,0.8463,True,False,wall,30.0,14.0,-10.0
519,26442,7.0,1,47,0.696692,0.6877,True,False,wall,10.0,7.0,-10.0
520,26465,5.0,1,23,0.696506,0.837,True,False,wall,10.0,5.0,-10.0
521,26528,23.0,1,63,0.695997,1.2323,True,False,wall,10.0,23.0,-10.0
522,26606,26.0,1,78,0.695367,1.0205,True,False,wall,10.0,26.0,-10.0
523,26637,-12.0,0,31,0.695117,0.8782,True,False,wall,0.0,-2.0,-10.0
524,26669,-5.0,0,32,0.694859,0.6389,True,False,wall,0.0,5.0,-10.0
525,26800,58.0,4,131,0.693804,0.5866,True,False,body,40.0,28.0,-10.0
526,26815,-12.0,0,15,0.693684,0.8826,True,False,wall,0.0,-2.0,-10.0
527,26866,1.0,1,51,0.693273,1.2828,True,False,wall,10.0,1.0,-10.0
528,26977,47.0,3,111,0.692381,0.7816,True,False,wall,30.0,27.0,-10.0
529,27005,1.0,0,28,0.692157,0.5223,True,False,wall,0.0,11.0,-10.0
530,27025,8.0,1,20,0.691996,0.516,True,False,wall,10.0,8.0,-10.0
531,27100,-10.0,0,75,0.691395,0.6043,True,False,wall,0.0,0.0,-10.0
532,27193,40.0,2,93,0.690649,0.7831,True,False,wall,20.0,30.0,-10.0
533,27211,-1.0,0,18,0.690505,0.9827,True,False,wall,0.0,9.0,-10.0
534,27301,25.0,2,90,0.689785,1.0455,True,False,wall,20.0,15.0,-10.0
535,27382,-4.0,0,81,0.689138,0.9893,True,False,wall,0.0,6.0,-10.0
536,27418,0.0,1,36,0.68885,0.6909,True,False,wall,10.0,0.0,-10.0
537,27481,5.0,1,63,0.688347,0.7653,True,False,wall,10.0,5.0,-10.0
538,27524,-4.0,0,43,0.688004,0.656,True,False,wall,0.0,6.0,-10.0
539,27546,6.0,1,22,0.687829,0.5673,True,False,wall,10.0,6.0,-10.0
540,27641,53.0,3,95,0.687072,0.6805,True,False,wall,30.0,33.0,-10.0
541,27783,37.0,2,142,0.685942,0.8018,True,False,wall,20.0,27.0,-10.0
542,27884,20.0,2,101,0.68514,0.6816,True,False,wall,20.0,10.0,-10.0
543,27900,-3.0,0,16,0.685013,0.5222,True,False,wall,0.0,7.0,-10.0
544,27959,49.0,3,59,0.684544,0.7444,True,False,body,30.0,29.0,-10.0
545,28020,37.0,3,61,0.684061,0.918,True,False,body,30.0,17.0,-10.0
546,28046,-7.0,0,26,0.683855,0.7451,True,False,wall,0.0,3.0,-10.0
547,28096,29.0,2,50,0.683459,0.7599,True,False,wall,20.0,19.0,-10.0
548,28131,1.0,1,35,0.683182,0.9876,True,False,wall,10.0,1.0,-10.0
549,28149,12.0,1,18,0.683039,1.0609,True,False,wall,10.0,12.0,-10.0
550,28203,46.0,3,54,0.682612,1.3757,True,False,body,30.0,26.0,-10.0
551,28215,10.0,1,12,0.682517,0.9997,True,False,wall,10.0,10.0,-10.0
552,28240,-6.0,0,25,0.682319,0.6819,True,False,wall,0.0,4.0,-10.0
553,28310,25.0,2,70,0.681766,0.6939,True,False,wall,20.0,15.0,-10.0
554,28384,46.0,3,74,0.681182,0.8644,True,False,wall,30.0,26.0,-10.0
555,28407,-14.0,0,23,0.681001,0.7937,True,False,wall,0.0,-4.0,-10.0
556,28493,48.0,3,86,0.680323,0.8126,True,False,body,30.0,28.0,-10.0
557,28598,37.0,3,105,0.679496,0.9919,True,False,body,30.0,17.0,-10.0
558,28639,11.0,1,41,0.679174,1.5842,True,False,wall,10.0,11.0,-10.0
559,28704,60.0,4,65,0.678663,1.4901,True,False,wall,40.0,30.0,-10.0
560,28729,0.0,0,25,0.678466,1.1753,True,False,wall,0.0,10.0,-10.0
561,28747,12.0,1,18,0.678325,1.1152,True,False,wall,10.0,12.0,-10.0
562,28823,13.0,2,76,0.677728,0.8455,True,False,wall,20.0,3.0,-10.0
563,28886,43.0,3,63,0.677234,0.7653,True,False,body,30.0,23.0,-10.0
564,28940,34.0,3,54,0.676811,0.9766,True,False,body,30.0,14.0,-10.0
565,28964,-5.0,0,24,0.676623,1.9188,True,False,wall,0.0,5.0,-10.0
566,29007,9.0,1,43,0.676286,1.6341,True,False,wall,10.0,9.0,-10.0
567,29034,35.0,3,27,0.676075,1.3116,True,False,body,30.0,15.0,-10.0
568,29057,9.0,1,23,0.675895,1.7731,True,False,wall,10.0,9.0,-10.0
569,29128,11.0,1,71,0.67534,1.1699,True,False,wall,10.0,11.0,-10.0
570,29242,81.0,4,114,0.674449,0.9679,True,False,wall,40.0,51.0,-10.0
571,29337,37.0,3,95,0.673708,1.4251,True,False,wall,30.0,17.0,-10.0
572,29366,-8.0,0,29,0.673482,1.1811,True,False,wall,0.0,2.0,-10.0
573,29416,18.0,1,50,0.673092,1.725,True,False,wall,10.0,18.0,-10.0
574,29447,-10.0,0,31,0.672851,1.2438,True,False,wall,0.0,0.0,-10.0
575,29500,31.0,3,53,0.672438,1.0018,True,False,wall,30.0,11.0,-10.0
576,29571,41.0,3,71,0.671886,1.1305,True,False,body,30.0,21.0,-10.0
577,29654,9.0,1,83,0.671241,0.8913,True,False,wall,10.0,9.0,-10.0
578,29689,-2.0,0,35,0.67097,0.8865,True,False,wall,0.0,8.0,-10.0
579,29721,-1.0,0,32,0.670721,0.6818,True,False,wall,0.0,9.0,-10.0
580,29779,38.0,3,58,0.670271,1.1465,True,False,body,30.0,18.0,-10.0
581,29821,8.0,1,42,0.669946,1.1459,True,False,wall,10.0,8.0,-10.0
582,29837,-1.0,0,16,0.669822,1.0162,True,False,wall,0.0,9.0,-10.0
583,29880,-8.0,0,43,0.669489,1.4733,True,False,wall,0.0,2.0,-10.0
584,29967,51.0,3,87,0.668816,1.4436,True,False,body,30.0,31.0,-10.0
585,30042,7.0,1,75,0.668236,1.4342,True,False,wall,10.0,7.0,-10.0
586,30109,-2.0,0,67,0.667718,0.8344,True,False,wall,0.0,8.0,-10.0
587,30276,48.0,2,167,0.66643,0.8652,True,False,wall,20.0,38.0,-10.0
588,30332,25.0,2,56,0.665999,0.8717,True,False,wall,20.0,15.0,-10.0
589,30392,10.0,1,60,0.665537,1.1279,True,False,wall,10.0,10.0,-10.0
590,30438,18.0,1,46,0.665183,0.7324,True,False,wall,10.0,18.0,-10.0
591,30517,34.0,2,79,0.664576,1.2005,True,False,wall,20.0,24.0,-10.0
592,30598,13.0,1,81,0.663954,0.8255,True,False,wall,10.0,13.0,-10.0
593,30672,31.0,2,74,0.663386,0.738,True,False,wall,20.0,21.0,-10.0
594,30801,-10.0,0,129,0.662398,0.8102,True,False,wall,0.0,0.0,-10.0
595,30888,15.0,1,87,0.661732,0.9052,True,False,wall,10.0,15.0,-10.0
596,30907,9.0,1,19,0.661587,0.6609,True,False,wall,10.0,9.0,-10.0
597,30989,46.0,3,82,0.66096,0.9717,True,False,body,30.0,26.0,-10.0
598,31088,53.0,3,99,0.660205,0.9788,True,False,body,30.0,33.0,-10.0
599,31189,62.0,4,101,0.659435,1.2951,True,False,body,40.0,32.0,-10.0
600,31303,56.0,3,114,0.658567,1.3143,True,False,body,30.0,36.0,-10.0
601,31408,51.0,3,105,0.657769,1.6503,True,False,wall,30.0,31.0,-10.0
602,31453,25.0,1,45,0.657427,2.0907,True,False,wall,10.0,25.0,-10.0
603,31475,-1.0,0,22,0.65726,2.3534,True,False,wall,0.0,9.0,-10.0
604,31502,-4.0,0,27,0.657055,2.3577,True,False,wall,0.0,6.0,-10.0
605,31589,38.0,2,87,0.656395,0.9778,True,False,wall,20.0,28.0,-10.0
606,31645,33.0,2,56,0.655971,0.8876,True,False,wall,20.0,23.0,-10.0
607,31695,33.0,2,50,0.655592,0.5422,True,False,wall,20.0,23.0,-10.0
608,31771,50.0,3,76,0.655017,0.7117,True,False,body,30.0,30.0,-10.0
609,31787,6.0,1,16,0.654896,0.4861,True,False,wall,10.0,6.0,-10.0
610,31805,-19.0,0,18,0.65476,0.3938,True,False,wall,0.0,-9.0,-10.0
611,31818,7.0,1,13,0.654662,0.4393,True,False,wall,10.0,7.0,-10.0
612,31883,-8.0,0,65,0.654171,0.5147,True,False,wall,0.0,2.0,-10.0
613,31898,-6.0,0,15,0.654058,0.4884,True,False,wall,0.0,4.0,-10.0
614,31947,28.0,2,49,0.653688,0.4485,True,False,wall,20.0,18.0,-10.0
615,31967,-4.0,1,20,0.653537,0.4525,True,False,wall,10.0,-4.0,-10.0
616,31994,-8.0,0,27,0.653333,0.4686,True,False,wall,0.0,2.0,-10.0
617,32078,31.0,2,84,0.6527,0.4627,True,False,wall,20.0,21.0,-10.0
618,32115,13.0,1,37,0.652421,0.5101,True,False,wall,10.0,13.0,-10.0
619,32182,39.0,3,67,0.651917,0.4242,True,False,body,30.0,19.0,-10.0
620,32277,39.0,3,95,0.651203,0.4933,True,False,body,30.0,19.0,-10.0
621,32298,-4.0,0,21,0.651045,0.5403,True,False,wall,0.0,6.0,-10.0
622,32338,-5.0,0,40,0.650745,0.5708,True,False,wall,0.0,5.0,-10.0
623,32366,8.0,1,28,0.650534,0.4214,True,False,wall,10.0,8.0,-10.0
624,32384,2.0,1,18,0.650399,0.4582,True,False,wall,10.0,2.0,-10.0
625,32415,-1.0,1,31,0.650167,0.575,True,False,wall,10.0,-1.0,-10.0
626,32438,-2.0,0,23,0.649994,0.6879,True,False,wall,0.0,8.0,-10.0
627,32538,36.0,3,100,0.649245,0.4576,True,False,body,30.0,16.0,-10.0
628,32567,2.0,0,29,0.649027,0.4115,True,False,wall,0.0,12.0,-10.0
629,32629,38.0,3,62,0.648563,0.4318,True,False,wall,30.0,18.0,-10.0
630,32676,13.0,1,47,0.648212,0.3856,True,False,wall,10.0,13.0,-10.0
631,32793,5.0,1,117,0.647337,0.4019,True,False,wall,10.0,5.0,-10.0
632,32817,-3.0,0,24,0.647158,0.3729,True,False,wall,0.0,7.0,-10.0
633,32865,-5.0,0,48,0.6468,0.3421,True,False,wall,0.0,5.0,-10.0
634,32930,47.0,3,65,0.646315,0.3682,True,False,wall,30.0,27.0,-10.0
635,32962,-21.0,0,32,0.646077,0.3414,True,False,wall,0.0,-11.0,-10.0
636,33044,43.0,2,82,0.645466,0.3704,True,False,wall,20.0,33.0,-10.0
637,33056,-7.0,0,12,0.645377,0.3902,True,False,wall,0.0,3.0,-10.0
638,33096,8.0,1,40,0.645079,0.4412,True,False,wall,10.0,8.0,-10.0
639,33109,-10.0,0,13,0.644983,0.4803,True,False,wall,0.0,0.0,-10.0
640,33130,2.0,0,21,0.644826,0.4198,True,False,wall,0.0,12.0,-10.0
641,33150,14.0,1,20,0.644678,0.4292,True,False,wall,10.0,14.0,-10.0
642,33170,1.0,0,20,0.644529,0.3866,True,False,wall,0.0,11.0,-10.0
643,33245,23.0,1,75,0.643972,0.4162,True,False,wall,10.0,23.0,-10.0
644,33283,10.0,1,38,0.64369,0.4739,True,False,wall,10.0,10.0,-10.0
645,33389,22.0,1,106,0.642904,0.49,True,False,wall,10.0,22.0,-10.0
646,33435,33.0,2,46,0.642563,0.378,True,False,wall,20.0,23.0,-10.0
647,33507,42.0,3,72,0.64203,0.5059,True,False,body,30.0,22.0,-10.0
648,33531,-7.0,0,24,0.641852,0.4825,True,False,wall,0.0,3.0,-10.0
649,33570,18.0,2,39,0.641564,0.506,True,False,wall,20.0,8.0,-10.0
650,33591,16.0,2,21,0.641409,0.3331,True,False,wall,20.0,6.0,-10.0
651,33651,45.0,4,60,0.640965,0.4184,True,False,wall,40.0,15.0,-10.0
652,33695,25.0,2,44,0.64064,0.3518,True,False,wall,20.0,15.0,-10.0
653,33722,11.0,1,27,0.640441,0.413,True,False,wall,10.0,11.0,-10.0
654,33794,49.0,4,72,0.63991,0.3808,True,False,wall,40.0,19.0,-10.0
655,33908,84.0,5,114,0.63907,0.4018,True,False,body,50.0,44.0,-10.0
656,33997,49.0,3,89,0.638415,0.4692,True,False,wall,30.0,29.0,-10.0
657,34074,43.0,3,77,0.637849,0.3671,True,False,body,30.0,23.0,-10.0
658,34143,23.0,1,69,0.637342,0.3468,True,False,wall,10.0,23.0,-10.0
659,34219,57.0,4,76,0.636784,0.4309,True,False,body,40.0,27.0,-10.0
660,34241,3.0,0,22,0.636623,0.4386,True,False,wall,0.0,13.0,-10.0
661,34312,24.0,2,71,0.636103,0.4425,True,False,wall,20.0,14.0,-10.0
662,34337,7.0,1,25,0.635919,0.5472,True,False,wall,10.0,7.0,-10.0
663,34377,29.0,2,40,0.635627,0.4618,True,False,wall,20.0,19.0,-10.0
664,34412,11.0,1,35,0.63537,0.6081,True,False,wall,10.0,11.0,-10.0
665,34500,50.0,3,88,0.634727,0.371,True,False,body,30.0,30.0,-10.0
666,34522,-1.0,0,22,0.634566,0.3093,True,False,wall,0.0,9.0,-10.0
667,34535,-4.0,0,13,0.634471,0.3106,True,False,wall,0.0,6.0,-10.0
668,34569,-5.0,0,34,0.634223,0.2612,True,False,wall,0.0,5.0,-10.0
669,34579,6.0,1,10,0.63415,0.2496,True,False,wall,10.0,6.0,-10.0
670,34650,9.0,1,71,0.633631,0.2827,True,False,wall,10.0,9.0,-10.0
671,34733,66.0,4,83,0.633026,0.3139,True,False,wall,40.0,36.0,-10.0
672,34824,37.0,3,91,0.632363,0.3177,True,False,body,30.0,17.0,-10.0
673,34926,42.0,3,102,0.631621,0.272,True,False,body,30.0,22.0,-10.0
674,35050,54.0,3,124,0.630721,0.295,True,False,body,30.0,34.0,-10.0
675,35066,-3.0,0,16,0.630604,0.3182,True,False,wall,0.0,7.0,-10.0
676,35084,-5.0,0,18,0.630474,0.2564,True,False,wall,0.0,5.0,-10.0
677,35136,1.0,0,52,0.630097,0.2639,True,False,wall,0.0,11.0,-10.0
678,35209,36.0,2,73,0.629568,0.2886,True,False,wall,20.0,26.0,-10.0
679,35235,10.0,1,26,0.629379,0.3399,True,False,wall,10.0,10.0,-10.0
680,35287,12.0,1,52,0.629003,0.3024,True,False,wall,10.0,12.0,-10.0
681,35308,11.0,1,21,0.628851,0.3408,True,False,wall,10.0,11.0,-10.0
682,35442,85.0,6,134,0.627882,0.3605,True,False,wall,60.0,35.0,-10.0
683,35456,-7.0,0,14,0.627781,0.3592,True,False,wall,0.0,3.0,-10.0
684,35484,16.0,1,28,0.627579,0.3228,True,False,wall,10.0,16.0,-10.0
685,35608,79.0,4,124,0.626684,0.3964,True,False,body,40.0,49.0,-10.0
686,35668,47.0,4,60,0.626252,0.4239,True,False,wall,40.0,17.0,-10.0
687,35740,44.0,3,72,0.625733,0.591,True,False,body,30.0,24.0,-10.0
688,35836,27.0,2,96,0.625043,0.5241,True,False,wall,20.0,17.0,-10.0
689,35979,86.0,4,143,0.624016,0.6254,True,False,wall,40.0,56.0,-10.0
690,36010,1.0,1,31,0.623794,0.5585,True,False,wall,10.0,1.0,-10.0
691,36031,29.0,3,21,0.623643,0.5785,True,False,body,30.0,9.0,-10.0
692,36104,30.0,2,73,0.62312,0.4434,True,False,wall,20.0,20.0,-10.0
693,36192,38.0,3,88,0.62249,0.3362,True,False,wall,30.0,18.0,-10.0
694,36246,16.0,1,54,0.622103,0.3197,True,False,wall,10.0,16.0,-10.0
695,36316,46.0,3,70,0.621603,0.2939,True,False,body,30.0,26.0,-10.0
696,36369,17.0,1,53,0.621224,0.2585,True,False,wall,10.0,17.0,-10.0
697,36433,38.0,3,64,0.620768,0.2675,True,False,body,30.0,18.0,-10.0
698,36551,70.0,3,118,0.619926,0.2934,True,False,wall,30.0,50.0,-10.0
699,36595,10.0,1,44,0.619613,0.3322,True,False,wall,10.0,10.0,-10.0
700,36663,13.0,2,68,0.619129,0.3427,True,False,wall,20.0,3.0,-10.0
701,36683,-3.0,0,20,0.618987,0.3105,True,False,wall,0.0,7.0,-10.0
702,36725,23.0,2,42,0.618688,0.3874,True,False,wall,20.0,13.0,-10.0
703,36817,57.0,4,92,0.618035,0.3967,True,False,body,40.0,27.0,-10.0
704,36833,-1.0,0,16,0.617921,0.4529,True,False,wall,0.0,9.0,-10.0
705,36859,-15.0,0,26,0.617736,0.3989,True,False,wall,0.0,-5.0,-10.0
706,36894,28.0,2,35,0.617488,0.3689,True,False,wall,20.0,18.0,-10.0
707,36944,-9.0,0,50,0.617134,0.4027,True,False,wall,0.0,1.0,-10.0
708,36971,7.0,1,27,0.616942,0.4653,True,False,wall,10.0,7.0,-10.0
709,37015,6.0,1,44,0.61663,0.7279,True,False,wall,10.0,6.0,-10.0
710,37086,40.0,2,71,0.616128,0.9422,True,False,wall,20.0,30.0,-10.0
711,37110,-1.0,0,24,0.615958,1.2628,True,False,wall,0.0,9.0,-10.0
712,37206,57.0,4,96,0.615279,1.4107,True,False,body,40.0,27.0,-10.0
713,37308,103.0,6,102,0.614559,0.9746,True,False,body,60.0,53.0,-10.0
714,37321,-4.0,0,13,0.614467,0.6638,True,False,wall,0.0,6.0,-10.0
715,37334,5.0,1,13,0.614375,0.597,True,False,wall,10.0,5.0,-10.0
716,37383,45.0,3,49,0.61403,0.6535,True,False,wall,30.0,25.0,-10.0
717,37400,11.0,1,17,0.61391,0.517,True,False,wall,10.0,11.0,-10.0
718,37423,9.0,1,23,0.613748,0.6362,True,False,wall,10.0,9.0,-10.0
719,37458,-6.0,0,35,0.613501,0.4729,True,False,wall,0.0,4.0,-10.0
720,37530,12.0,1,72,0.612994,0.4669,True,False,wall,10.0,12.0,-10.0
721,37550,6.0,1,20,0.612854,0.4389,True,False,wall,10.0,6.0,-10.0
722,37688,130.0,7,138,0.611884,0.4467,True,False,wall,70.0,70.0,-10.0
723,37714,-11.0,0,26,0.611701,0.6522,True,False,wall,0.0,-1.0,-10.0
724,37735,-8.0,0,21,0.611554,0.373,True,False,wall,0.0,2.0,-10.0
725,37773,-5.0,0,38,0.611287,0.5035,True,False,wall,0.0,5.0,-10.0
726,37790,5.0,1,17,0.611168,0.3746,True,False,wall,10.0,5.0,-10.0
727,37820,12.0,1,30,0.610957,0.3247,True,False,wall,10.0,12.0,-10.0
728,37847,15.0,1,27,0.610768,0.333,True,False,wall,10.0,15.0,-10.0
729,37912,53.0,3,65,0.610313,0.2906,True,False,wall,30.0,33.0,-10.0
730,37987,39.0,3,75,0.609788,0.3956,True,False,wall,30.0,19.0,-10.0
731,38052,31.0,3,65,0.609333,0.371,True,False,body,30.0,11.0,-10.0
732,38114,12.0,1,62,0.6089,0.2855,True,False,wall,10.0,12.0,-10.0
733,38153,30.0,2,39,0.608627,0.3123,True,False,wall,20.0,20.0,-10.0
734,38240,41.0,3,87,0.60802,0.3075,True,False,body,30.0,21.0,-10.0
735,38308,23.0,2,68,0.607546,0.3664,True,False,wall,20.0,13.0,-10.0
736,38338,23.0,2,30,0.607337,0.3658,True,False,wall,20.0,13.0,-10.0
737,38365,7.0,1,27,0.607149,0.4866,True,False,wall,10.0,7.0,-10.0
738,38387,8.0,1,22,0.606996,0.3538,True,False,wall,10.0,8.0,-10.0
739,38406,2.0,0,19,0.606863,0.5717,True,False,wall,0.0,12.0,-10.0
740,38491,97.0,7,85,0.606272,0.3963,True,False,body,70.0,37.0,-10.0
741,38527,16.0,1,36,0.606022,0.3368,True,False,wall,10.0,16.0,-10.0
742,38541,4.0,1,14,0.605924,0.3636,True,False,wall,10.0,4.0,-10.0
743,38792,63.0,3,251,0.604183,0.4243,True,False,body,30.0,43.0,-10.0
744,38847,-2.0,0,55,0.603802,0.554,True,False,wall,0.0,8.0,-10.0
745,38899,36.0,3,52,0.603442,0.6246,True,False,body,30.0,16.0,-10.0
746,38980,45.0,3,81,0.602882,0.5173,True,False,wall,30.0,25.0,-10.0
747,39007,15.0,1,27,0.602696,0.7788,True,False,wall,10.0,15.0,-10.0
748,39045,12.0,1,38,0.602433,0.5333,True,False,wall,10.0,12.0,-10.0
749,39087,10.0,1,42,0.602143,0.6099,True,False,wall,10.0,10.0,-10.0
750,39161,42.0,3,74,0.601633,0.6993,True,False,wall,30.0,22.0,-10.0
751,39222,53.0,3,61,0.601212,0.6645,True,False,body,30.0,33.0,-10.0
752,39266,19.0,2,44,0.600909,0.5328,True,False,wall,20.0,9.0,-10.0
753,39319,26.0,2,53,0.600544,0.3845,True,False,wall,20.0,16.0,-10.0
754,39366,35.0,3,47,0.600221,0.3827,True,False,body,30.0,15.0,-10.0
755,39441,43.0,3,75,0.599705,0.3566,True,False,body,30.0,23.0,-10.0
756,39494,26.0,2,53,0.599341,0.4012,True,False,wall,20.0,16.0,-10.0
757,39534,4.0,1,40,0.599067,0.4446,True,False,wall,10.0,4.0,-10.0
758,39586,34.0,3,52,0.59871,0.4523,True,False,body,30.0,14.0,-10.0
759,39603,9.0,1,17,0.598593,0.4761,True,False,wall,10.0,9.0,-10.0
760,39742,74.0,4,139,0.597641,0.6748,True,False,body,40.0,44.0,-10.0
761,39772,-5.0,0,30,0.597436,0.5261,True,False,wall,0.0,5.0,-10.0
762,39835,32.0,2,63,0.597005,0.4781,True,False,wall,20.0,22.0,-10.0
763,39897,52.0,3,62,0.596581,0.5403,True,False,wall,30.0,32.0,-10.0
764,39936,28.0,2,39,0.596314,0.4525,True,False,wall,20.0,18.0,-10.0
765,39971,20.0,2,35,0.596076,0.4289,True,False,wall,20.0,10.0,-10.0
766,40025,28.0,3,54,0.595707,0.4085,True,False,body,30.0,8.0,-10.0
767,40151,84.0,5,126,0.594848,0.3586,True,False,wall,50.0,44.0,-10.0
768,40219,53.0,4,68,0.594385,0.3356,True,False,body,40.0,23.0,-10.0
769,40256,13.0,1,37,0.594134,0.3117,True,False,wall,10.0,13.0,-10.0
770,40369,89.0,5,113,0.593366,0.382,True,False,body,50.0,49.0,-10.0
771,40382,-4.0,0,13,0.593277,0.4524,True,False,wall,0.0,6.0,-10.0
772,40412,29.0,2,30,0.593074,0.3976,True,False,wall,20.0,19.0,-10.0
773,40431,11.0,1,19,0.592945,0.4513,True,False,wall,10.0,11.0,-10.0
774,40452,3.0,1,21,0.592802,0.351,True,False,wall,10.0,3.0,-10.0
775,40498,18.0,1,46,0.59249,0.538,True,False,wall,10.0,18.0,-10.0
776,40566,65.0,4,68,0.592029,0.4983,True,False,body,40.0,35.0,-10.0
777,40663,33.0,3,97,0.591372,0.4076,True,False,body,30.0,13.0,-10.0
778,40703,34.0,3,40,0.591102,0.3676,True,False,wall,30.0,14.0,-10.0
779,40750,29.0,3,47,0.590784,0.3646,True,False,wall,30.0,9.0,-10.0
780,40775,5.0,1,25,0.590615,0.3257,True,False,wall,10.0,5.0,-10.0
781,40863,57.0,4,88,0.590021,0.3083,True,False,body,40.0,27.0,-10.0
782,40912,13.0,1,49,0.58969,0.2685,True,False,wall,10.0,13.0,-10.0
783,40974,54.0,3,62,0.589272,0.2997,True,False,body,30.0,34.0,-10.0
784,41064,45.0,2,90,0.588665,0.3049,True,False,wall,20.0,35.0,-10.0
785,41086,6.0,1,22,0.588517,0.264,True,False,wall,10.0,6.0,-10.0
786,41107,-4.0,0,21,0.588376,0.2969,True,False,wall,0.0,6.0,-10.0
787,41129,18.0,1,22,0.588228,0.29,True,False,wall,10.0,18.0,-10.0
788,41195,48.0,3,66,0.587784,0.3449,True,False,body,30.0,28.0,-10.0
789,41235,-7.0,0,40,0.587515,0.3588,True,False,wall,0.0,3.0,-10.0
790,41258,9.0,1,23,0.587361,0.356,True,False,wall,10.0,9.0,-10.0
791,41318,21.0,2,60,0.586958,0.4391,True,False,wall,20.0,11.0,-10.0
792,41370,14.0,1,52,0.586609,0.4342,True,False,wall,10.0,14.0,-10.0
793,41389,20.0,2,19,0.586482,0.3684,True,False,wall,20.0,10.0,-10.0
794,41490,71.0,3,101,0.585805,0.4049,True,False,body,30.0,51.0,-10.0
795,41510,-7.0,0,20,0.585671,0.4279,True,False,wall,0.0,3.0,-10.0
796,41541,18.0,2,31,0.585463,0.6481,True,False,wall,20.0,8.0,-10.0
797,41609,46.0,3,68,0.585008,0.6163,True,False,body,30.0,26.0,-10.0
798,41633,12.0,1,24,0.584848,0.619,True,False,wall,10.0,12.0,-10.0
799,41660,3.0,1,27,0.584667,0.6007,True,False,wall,10.0,3.0,-10.0
800,41678,2.0,1,18,0.584547,0.7045,True,False,wall,10.0,2.0,-10.0
801,41716,12.0,1,38,0.584293,0.7682,True,False,wall,10.0,12.0,-10.0
802,41790,42.0,3,74,0.583799,0.4727,True,False,body,30.0,22.0,-10.0
803,41823,26.0,2,33,0.583579,0.4637,True,False,wall,20.0,16.0,-10.0
804,41854,16.0,2,31,0.583372,0.5751,True,False,wall,20.0,6.0,-10.0
805,41902,6.0,1,48,0.583052,0.5617,True,False,wall,10.0,6.0,-10.0
806,41946,-7.0,0,44,0.582759,0.5831,True,False,wall,0.0,3.0,-10.0
807,41990,19.0,2,44,0.582466,0.529,True,False,wall,20.0,9.0,-10.0
808,42092,48.0,3,102,0.581788,0.6999,True,False,wall,30.0,28.0,-10.0
809,42199,42.0,2,107,0.581077,0.6349,True,False,wall,20.0,32.0,-10.0
810,42338,106.0,6,139,0.580155,0.7323,True,False,body,60.0,56.0,-10.0
811,42364,15.0,2,26,0.579983,0.6994,True,False,wall,20.0,5.0,-10.0
812,42398,17.0,2,34,0.579758,0.5078,True,False,wall,20.0,7.0,-10.0
813,42437,41.0,3,39,0.5795,0.484,True,False,wall,30.0,21.0,-10.0
814,42546,43.0,3,109,0.578779,0.364,True,False,body,30.0,23.0,-10.0
815,42589,32.0,2,43,0.578494,0.3154,True,False,wall,20.0,22.0,-10.0
816,42730,91.0,5,141,0.577564,0.3071,True,False,body,50.0,51.0,-10.0
817,42794,52.0,3,64,0.577142,0.3533,True,False,wall,30.0,32.0,-10.0
818,42854,51.0,4,60,0.576747,0.3303,True,False,wall,40.0,21.0,-10.0
819,42883,15.0,1,29,0.576556,0.4084,True,False,wall,10.0,15.0,-10.0
820,42899,-17.0,0,16,0.57645,0.4165,True,False,wall,0.0,-7.0,-10.0
821,42968,11.0,1,69,0.575997,0.3935,True,False,wall,10.0,11.0,-10.0
822,43105,92.0,6,137,0.575097,0.3661,True,False,body,60.0,42.0,-10.0
823,43175,42.0,3,70,0.574637,0.4436,True,False,wall,30.0,22.0,-10.0
824,43205,12.0,1,30,0.574441,0.3746,True,False,wall,10.0,12.0,-10.0
825,43240,43.0,3,35,0.574211,0.3737,True,False,body,30.0,23.0,-10.0
826,43287,22.0,2,47,0.573903,0.4474,True,False,wall,20.0,12.0,-10.0
827,43340,-4.0,0,53,0.573556,0.6078,True,False,wall,0.0,6.0,-10.0
828,43362,14.0,1,22,0.573412,0.6623,True,False,wall,10.0,14.0,-10.0
829,43406,-13.0,0,44,0.573125,0.848,True,False,wall,0.0,-3.0,-10.0
830,43439,20.0,2,33,0.572909,0.8121,True,False,wall,20.0,10.0,-10.0
831,43472,0.0,0,33,0.572693,0.8798,True,False,wall,0.0,10.0,-10.0
832,43567,55.0,3,95,0.572073,0.9374,True,False,wall,30.0,35.0,-10.0
833,43666,45.0,3,99,0.571427,0.7845,True,False,body,30.0,25.0,-10.0
834,43697,19.0,1,31,0.571225,0.5577,True,False,wall,10.0,19.0,-10.0
835,43771,66.0,5,74,0.570743,0.5457,True,False,body,50.0,26.0,-10.0
836,43783,-3.0,0,12,0.570665,0.529,True,False,wall,0.0,7.0,-10.0
837,43816,-6.0,0,33,0.57045,0.5715,True,False,wall,0.0,4.0,-10.0
838,43866,25.0,2,50,0.570125,0.4192,True,False,wall,20.0,15.0,-10.0
839,43900,23.0,2,34,0.569904,0.4697,True,False,wall,20.0,13.0,-10.0
840,43921,-10.0,0,21,0.569768,0.4409,True,False,wall,0.0,0.0,-10.0
841,43953,-5.0,0,32,0.56956,0.4224,True,False,wall,0.0,5.0,-10.0
842,44043,42.0,3,90,0.568976,0.4054,True,False,body,30.0,22.0,-10.0
843,44096,16.0,2,53,0.568632,0.3966,True,False,wall,20.0,6.0,-10.0
844,44119,-2.0,0,23,0.568483,0.3828,True,False,wall,0.0,8.0,-10.0
845,44184,41.0,3,65,0.568062,0.4697,True,False,body,30.0,21.0,-10.0
846,44261,51.0,3,77,0.567564,0.3365,True,False,body,30.0,31.0,-10.0
847,44316,55.0,3,55,0.567208,0.3086,True,False,wall,30.0,35.0,-10.0
848,44427,65.0,3,111,0.566491,0.3751,True,False,body,30.0,45.0,-10.0
849,44469,8.0,1,42,0.56622,0.3803,True,False,wall,10.0,8.0,-10.0
850,44556,64.0,4,87,0.565659,0.4124,True,False,body,40.0,34.0,-10.0
851,44589,25.0,3,33,0.565446,0.354,True,False,body,30.0,5.0,-10.0
852,44616,13.0,1,27,0.565272,0.4062,True,False,wall,10.0,13.0,-10.0
853,44737,120.0,8,121,0.564493,0.3636,True,False,body,80.0,50.0,-10.0
854,44774,22.0,2,37,0.564255,0.3917,True,False,wall,20.0,12.0,-10.0
855,44876,52.0,3,102,0.5636,0.3949,True,False,body,30.0,32.0,-10.0
856,44920,37.0,2,44,0.563318,0.4423,True,False,wall,20.0,27.0,-10.0
857,44935,5.0,1,15,0.563221,0.421,True,False,wall,10.0,5.0,-10.0
858,44980,18.0,2,45,0.562933,0.3917,True,False,wall,20.0,8.0,-10.0
859,45050,36.0,3,70,0.562484,0.437,True,False,body,30.0,16.0,-10.0
860,45064,6.0,1,14,0.562394,0.4152,True,False,wall,10.0,6.0,-10.0
861,45127,28.0,2,63,0.561991,0.4028,True,False,wall,20.0,18.0,-10.0
862,45166,7.0,1,39,0.561742,0.3986,True,False,wall,10.0,7.0,-10.0
863,45187,-2.0,0,21,0.561607,0.3134,True,False,wall,0.0,8.0,-10.0
864,45244,29.0,1,57,0.561243,0.4391,True,False,wall,10.0,29.0,-10.0
865,45263,-6.0,0,19,0.561121,0.3904,True,False,wall,0.0,4.0,-10.0
866,45311,42.0,3,48,0.560815,0.5183,True,False,body,30.0,22.0,-10.0
867,45356,21.0,1,45,0.560528,0.458,True,False,wall,10.0,21.0,-10.0
868,45371,7.0,1,15,0.560432,0.5417,True,False,wall,10.0,7.0,-10.0
869,45465,50.0,3,94,0.559833,0.57,True,False,wall,30.0,30.0,-10.0
870,45512,28.0,2,47,0.559533,0.482,True,False,wall,20.0,18.0,-10.0
871,45602,46.0,3,90,0.55896,0.5687,True,False,wall,30.0,26.0,-10.0
872,45711,43.0,3,109,0.558267,0.5516,True,False,wall,30.0,23.0,-10.0
873,45726,-2.0,0,15,0.558172,0.4961,True,False,wall,0.0,8.0,-10.0
874,45801,55.0,3,75,0.557696,0.6602,True,False,body,30.0,35.0,-10.0
875,45847,14.0,1,46,0.557404,0.5305,True,False,wall,10.0,14.0,-10.0
876,45863,-3.0,0,16,0.557302,0.6477,True,False,wall,0.0,7.0,-10.0
877,45898,28.0,2,35,0.55708,0.521,True,False,wall,20.0,18.0,-10.0
878,45965,51.0,3,67,0.556656,0.6399,True,False,wall,30.0,31.0,-10.0
879,46006,5.0,1,41,0.556396,0.5845,True,False,wall,10.0,5.0,-10.0
880,46091,43.0,3,85,0.555859,0.5642,True,False,wall,30.0,23.0,-10.0
881,46140,9.0,1,49,0.555549,0.4765,True,False,wall,10.0,9.0,-10.0
882,46197,33.0,3,57,0.555189,0.4196,True,False,wall,30.0,13.0,-10.0
883,46241,14.0,1,44,0.554911,0.3881,True,False,wall,10.0,14.0,-10.0
884,46345,63.0,4,104,0.554255,0.3857,True,False,body,40.0,33.0,-10.0
885,46394,33.0,3,49,0.553946,0.3821,True,False,body,30.0,13.0,-10.0
886,46482,78.0,5,88,0.553392,0.4028,True,False,body,50.0,38.0,-10.0
887,46515,-8.0,0,33,0.553185,0.4486,True,False,wall,0.0,2.0,-10.0
888,46545,19.0,2,30,0.552996,0.4099,True,False,wall,20.0,9.0,-10.0
889,46564,9.0,1,19,0.552877,0.4272,True,False,wall,10.0,9.0,-10.0
890,46634,48.0,3,70,0.552437,0.5012,True,False,body,30.0,28.0,-10.0
891,46664,12.0,1,30,0.552248,0.5139,True,False,wall,10.0,12.0,-10.0
892,46720,57.0,4,56,0.551897,0.4602,True,False,wall,40.0,27.0,-10.0
893,46795,72.0,4,75,0.551427,0.4896,True,False,wall,40.0,42.0,-10.0
894,46891,56.0,3,96,0.550825,0.5711,True,False,body,30.0,36.0,-10.0
895,46953,61.0,4,62,0.550437,0.656,True,False,wall,40.0,31.0,-10.0
896,46992,-12.0,0,39,0.550193,0.7425,True,False,wall,0.0,-2.0,-10.0
897,47093,55.0,3,101,0.549562,0.7959,True,False,body,30.0,35.0,-10.0
898,47182,74.0,4,89,0.549007,0.7762,True,False,body,40.0,44.0,-10.0
899,47253,62.0,4,71,0.548564,0.5989,True,False,body,40.0,32.0,-10.0
900,47283,1.0,0,30,0.548377,0.5525,True,False,wall,0.0,11.0,-10.0
901,47306,-8.0,0,23,0.548234,0.5746,True,False,wall,0.0,2.0,-10.0
902,47345,23.0,1,39,0.547991,0.3941,True,False,wall,10.0,23.0,-10.0
903,47394,56.0,4,49,0.547686,0.5213,True,False,body,40.0,26.0,-10.0
904,47410,-5.0,0,16,0.547587,0.4809,True,False,wall,0.0,5.0,-10.0
905,47435,-8.0,0,25,0.547431,0.459,True,False,wall,0.0,2.0,-10.0
906,47484,38.0,2,49,0.547127,0.5697,True,False,wall,20.0,28.0,-10.0
907,47510,10.0,1,26,0.546965,0.3979,True,False,wall,10.0,10.0,-10.0
908,47555,21.0,1,45,0.546686,0.3993,True,False,wall,10.0,21.0,-10.0
909,47588,-4.0,0,33,0.546481,0.476,True,False,wall,0.0,6.0,-10.0
910,47603,29.0,3,15,0.546388,0.3894,True,False,wall,30.0,9.0,-10.0
911,47625,6.0,1,22,0.546251,0.3758,True,False,wall,10.0,6.0,-10.0
912,47687,33.0,2,62,0.545867,0.4116,True,False,wall,20.0,23.0,-10.0
913,47702,7.0,1,15,0.545774,0.3332,True,False,wall,10.0,7.0,-10.0
914,47751,41.0,3,49,0.54547,0.4482,True,False,wall,30.0,21.0,-10.0
915,47765,-1.0,0,14,0.545384,0.4657,True,False,wall,0.0,9.0,-10.0
916,47812,39.0,3,47,0.545093,0.334,True,False,body,30.0,19.0,-10.0
917,47863,35.0,3,51,0.544777,0.3694,True,False,wall,30.0,15.0,-10.0
918,47882,5.0,1,19,0.54466,0.3296,True,False,wall,10.0,5.0,-10.0
919,47967,70.0,4,85,0.544134,0.3751,True,False,body,40.0,40.0,-10.0
920,47982,-3.0,1,15,0.544042,0.3727,True,False,wall,10.0,-3.0,-10.0
921,48020,16.0,1,38,0.543807,0.3854,True,False,wall,10.0,16.0,-10.0
922,48041,-4.0,0,21,0.543677,0.3388,True,False,wall,0.0,6.0,-10.0
923,48052,-12.0,0,11,0.54361,0.3902,True,False,wall,0.0,-2.0,-10.0
924,48078,-3.0,0,26,0.543449,0.3466,True,False,wall,0.0,7.0,-10.0
925,48094,6.0,1,16,0.54335,0.3753,True,False,wall,10.0,6.0,-10.0
926,48159,34.0,2,65,0.54295,0.3553,True,False,wall,20.0,24.0,-10.0
927,48201,23.0,2,42,0.542691,0.4097,True,False,wall,20.0,13.0,-10.0
928,48216,-8.0,0,15,0.542599,0.4353,True,False,wall,0.0,2.0,-10.0
929,48298,44.0,3,82,0.542094,0.5579,True,False,body,30.0,24.0,-10.0
930,48311,-4.0,0,13,0.542014,0.4171,True,False,wall,0.0,6.0,-10.0
931,48330,11.0,1,19,0.541897,0.4679,True,False,wall,10.0,11.0,-10.0
932,48406,56.0,3,76,0.54143,0.4943,True,False,wall,30.0,36.0,-10.0
933,48476,36.0,3,70,0.541,0.6178,True,False,body,30.0,16.0,-10.0
934,48530,31.0,2,54,0.540669,0.5491,True,False,wall,20.0,21.0,-10.0
935,48624,73.0,4,94,0.540093,0.6504,True,False,wall,40.0,43.0,-10.0
936,48637,-4.0,0,13,0.540013,0.6479,True,False,wall,0.0,6.0,-10.0
937,48676,49.0,3,39,0.539774,0.5057,True,False,body,30.0,29.0,-10.0
938,48725,35.0,3,49,0.539474,0.5728,True,False,body,30.0,15.0,-10.0
939,48792,45.0,3,67,0.539065,0.5164,True,False,body,30.0,25.0,-10.0
940,48843,51.0,3,51,0.538753,0.6435,True,False,wall,30.0,31.0,-10.0
941,48915,40.0,3,72,0.538313,0.7573,True,False,wall,30.0,20.0,-10.0
942,48936,22.0,2,21,0.538185,0.5391,True,False,wall,20.0,12.0,-10.0
943,48990,44.0,3,54,0.537856,0.6406,True,False,wall,30.0,24.0,-10.0
944,49041,13.0,1,51,0.537545,0.5332,True,False,wall,10.0,13.0,-10.0
945,49056,11.0,1,15,0.537453,0.5766,True,False,wall,10.0,11.0,-10.0
946,49116,31.0,2,60,0.537088,0.5778,True,False,wall,20.0,21.0,-10.0
947,49185,39.0,3,69,0.536668,0.5059,True,False,wall,30.0,19.0,-10.0
948,49286,118.0,6,101,0.536054,0.5054,True,False,body,60.0,68.0,-10.0
949,49339,60.0,4,53,0.535732,0.3971,True,False,wall,40.0,30.0,-10.0
950,49387,48.0,3,48,0.535441,0.4191,True,False,body,30.0,28.0,-10.0
951,49429,48.0,3,42,0.535186,0.423,True,False,wall,30.0,28.0,-10.0
952,49504,30.0,2,75,0.534731,0.4466,True,False,wall,20.0,20.0,-10.0
953,49553,39.0,3,49,0.534435,0.5171,True,False,body,30.0,19.0,-10.0
954,49632,60.0,4,79,0.533956,0.5004,True,False,wall,40.0,30.0,-10.0
955,49725,37.0,3,93,0.533394,0.555,True,False,body,30.0,17.0,-10.0
956,49814,53.0,3,89,0.532857,0.4605,True,False,wall,30.0,33.0,-10.0
957,49919,43.0,3,105,0.532223,0.4731,True,False,body,30.0,23.0,-10.0
958,49935,-1.0,0,16,0.532127,0.4923,True,False,wall,0.0,9.0,-10.0
959,49964,35.0,3,29,0.531952,0.4102,True,False,body,30.0,15.0,-10.0
960,50035,63.0,3,71,0.531525,0.4676,True,False,wall,30.0,43.0,-10.0
961,50046,-4.0,0,11,0.531458,0.3733,True,False,wall,0.0,6.0,-10.0
962,50160,78.0,5,114,0.530773,0.3709,True,False,body,50.0,38.0,-10.0
963,50217,30.0,2,57,0.53043,0.4343,True,False,wall,20.0,20.0,-10.0
964,50324,66.0,4,107,0.529788,0.4871,True,False,body,40.0,36.0,-10.0
965,50339,-4.0,0,15,0.529698,0.4706,True,False,wall,0.0,6.0,-10.0
966,50403,29.0,2,64,0.529315,0.5503,True,False,wall,20.0,19.0,-10.0
967,50432,-2.0,0,29,0.529141,0.5789,True,False,wall,0.0,8.0,-10.0
968,50465,15.0,1,33,0.528943,0.6158,True,False,wall,10.0,15.0,-10.0
969,50502,13.0,1,37,0.528722,0.7029,True,False,wall,10.0,13.0,-10.0
970,50546,34.0,3,44,0.528459,0.4943,True,False,wall,30.0,14.0,-10.0
971,50652,52.0,3,106,0.527825,0.5537,True,False,body,30.0,32.0,-10.0
972,50721,34.0,2,69,0.527413,0.4886,True,False,wall,20.0,24.0,-10.0
973,50780,66.0,4,59,0.527061,0.484,True,False,wall,40.0,36.0,-10.0
974,50858,53.0,4,78,0.526596,0.4426,True,False,body,40.0,23.0,-10.0
975,50877,13.0,1,19,0.526483,0.4738,True,False,wall,10.0,13.0,-10.0
976,50908,-4.0,0,31,0.526299,0.4296,True,False,wall,0.0,6.0,-10.0
977,50929,7.0,1,21,0.526173,0.5003,True,False,wall,10.0,7.0,-10.0
978,50987,31.0,2,58,0.525828,0.495,True,False,wall,20.0,21.0,-10.0
979,51028,43.0,3,41,0.525585,0.3554,True,False,wall,30.0,23.0,-10.0
980,51129,64.0,4,101,0.524985,0.404,True,False,wall,40.0,34.0,-10.0
981,51255,68.0,3,126,0.524237,0.4221,True,False,wall,30.0,48.0,-10.0
982,51339,44.0,3,84,0.523739,0.4068,True,False,body,30.0,24.0,-10.0
983,51363,1.0,0,24,0.523597,0.4,True,False,wall,0.0,11.0,-10.0
984,51423,57.0,4,60,0.523242,0.3693,True,False,wall,40.0,27.0,-10.0
985,51475,24.0,1,52,0.522935,0.3717,True,False,wall,10.0,24.0,-10.0
986,51513,27.0,2,38,0.52271,0.4092,True,False,wall,20.0,17.0,-10.0
987,51531,-3.0,0,18,0.522604,0.4769,True,False,wall,0.0,7.0,-10.0
988,51598,41.0,3,67,0.522208,0.4595,True,False,body,30.0,21.0,-10.0
989,51726,74.0,5,128,0.521453,0.3947,True,False,wall,50.0,34.0,-10.0
990,51796,46.0,3,70,0.521041,0.4535,True,False,body,30.0,26.0,-10.0
991,51880,78.0,5,84,0.520546,0.4298,True,False,body,50.0,38.0,-10.0
992,51974,54.0,3,94,0.519994,0.4264,True,False,body,30.0,34.0,-10.0
993,52012,46.0,3,38,0.519771,0.6414,True,False,body,30.0,26.0,-10.0
994,52029,9.0,1,17,0.519671,0.7142,True,False,wall,10.0,9.0,-10.0
995,52081,19.0,2,52,0.519366,0.6963,True,False,wall,20.0,9.0,-10.0
996,52145,40.0,3,64,0.51899,0.8076,True,False,body,30.0,20.0,-10.0
997,52248,98.0,6,103,0.518387,0.7388,True,False,body,60.0,48.0,-10.0
998,52370,95.0,6,122,0.517673,0.5305,True,False,wall,60.0,45.0,-10.0
999,52419,39.0,3,49,0.517387,0.4568,True,False,wall,30.0,19.0,-10.0
1000,52433,17.0,2,14,0.517305,0.4995,True,False,wall,20.0,7.0,-10.0
1001,52463,10.0,1,30,0.51713,0.5209,True,False,wall,10.0,10.0,-10.0
1002,52537,73.0,4,74,0.516698,0.4031,True,False,wall,40.0,43.0,-10.0
1003,52556,11.0,1,19,0.516587,0.3973,True,False,wall,10.0,11.0,-10.0
1004,52593,7.0,1,37,0.516371,0.38,True,False,wall,10.0,7.0,-10.0
1005,52648,21.0,1,55,0.516051,0.3944,True,False,wall,10.0,21.0,-10.0
1006,52690,40.0,3,42,0.515806,0.3713,True,False,body,30.0,20.0,-10.0
1007,52756,58.0,3,66,0.515422,0.3951,True,False,body,30.0,38.0,-10.0
1008,52781,9.0,1,25,0.515277,0.3704,True,False,wall,10.0,9.0,-10.0
1009,52831,10.0,1,50,0.514986,0.4301,True,False,wall,10.0,10.0,-10.0
1010,52894,68.0,4,63,0.51462,0.4442,True,False,body,40.0,38.0,-10.0
1011,53022,86.0,5,128,0.513877,0.5522,True,False,body,50.0,46.0,-10.0
1012,53076,41.0,2,54,0.513564,0.4959,True,False,wall,20.0,31.0,-10.0
1013,53136,50.0,3,60,0.513217,0.5255,True,False,wall,30.0,30.0,-10.0
1014,53209,47.0,3,73,0.512794,0.5496,True,False,body,30.0,27.0,-10.0
1015,53269,23.0,2,60,0.512447,0.4271,True,False,wall,20.0,13.0,-10.0
1016,53354,34.0,2,85,0.511956,0.3808,True,False,wall,20.0,24.0,-10.0
1017,53366,-1.0,0,12,0.511887,0.3601,True,False,wall,0.0,9.0,-10.0
1018,53380,-1.0,0,14,0.511806,0.363,True,False,wall,0.0,9.0,-10.0
1019,53400,21.0,2,20,0.511691,0.2922,True,False,wall,20.0,11.0,-10.0
1020,53431,11.0,1,31,0.511512,0.3699,True,False,wall,10.0,11.0,-10.0
1021,53486,39.0,3,55,0.511194,0.3874,True,False,body,30.0,19.0,-10.0
1022,53568,38.0,3,82,0.510722,0.3959,True,False,body,30.0,18.0,-10.0
1023,53634,48.0,3,66,0.510342,0.4102,True,False,body,30.0,28.0,-10.0
1024,53709,81.0,5,75,0.509911,0.4308,True,False,body,50.0,41.0,-10.0
1025,53758,41.0,3,49,0.509629,0.3615,True,False,body,30.0,21.0,-10.0
1026,53824,55.0,4,66,0.50925,0.452,True,False,body,40.0,25.0,-10.0
1027,53881,63.0,5,57,0.508923,0.5618,True,False,body,50.0,23.0,-10.0
1028,54041,158.0,9,160,0.508006,0.5048,True,False,wall,90.0,78.0,-10.0
1029,54108,45.0,3,67,0.507623,0.4007,True,False,body,30.0,25.0,-10.0
1030,54124,-1.0,0,16,0.507531,0.3804,True,False,wall,0.0,9.0,-10.0
1031,54150,10.0,1,26,0.507382,0.3961,True,False,wall,10.0,10.0,-10.0
1032,54197,32.0,2,47,0.507114,0.3851,True,False,wall,20.0,22.0,-10.0
1033,54244,60.0,4,47,0.506845,0.408,True,False,body,40.0,30.0,-10.0
1034,54281,24.0,2,37,0.506634,0.4088,True,False,wall,20.0,14.0,-10.0
1035,54301,-9.0,0,20,0.50652,0.4255,True,False,wall,0.0,1.0,-10.0
1036,54361,55.0,4,60,0.506178,0.5167,True,False,body,40.0,25.0,-10.0
1037,54391,10.0,1,30,0.506007,0.5462,True,False,wall,10.0,10.0,-10.0
1038,54402,-4.0,0,11,0.505944,0.4032,True,False,wall,0.0,6.0,-10.0
1039,54461,45.0,3,59,0.505608,0.4708,True,False,body,30.0,25.0,-10.0
1040,54486,7.0,1,25,0.505465,0.4768,True,False,wall,10.0,7.0,-10.0
1041,54509,2.0,0,23,0.505334,0.4065,True,False,wall,0.0,12.0,-10.0
1042,54546,15.0,1,37,0.505124,0.4553,True,False,wall,10.0,15.0,-10.0
1043,54574,-5.0,0,28,0.504965,0.4286,True,False,wall,0.0,5.0,-10.0
1044,54706,110.0,7,132,0.504215,0.4624,True,False,body,70.0,50.0,-10.0
1045,54742,10.0,1,36,0.50401,0.6411,True,False,wall,10.0,10.0,-10.0
1046,54823,90.0,6,81,0.503551,0.6176,True,False,wall,60.0,40.0,-10.0
1047,54849,12.0,1,26,0.503403,0.5008,True,False,wall,10.0,12.0,-10.0
1048,54913,57.0,4,64,0.503041,0.5045,True,False,wall,40.0,27.0,-10.0
1049,54999,56.0,3,86,0.502554,0.414,True,False,wall,30.0,36.0,-10.0
1050,55011,-7.0,0,12,0.502486,0.3368,True,False,wall,0.0,3.0,-10.0
1051,55030,5.0,1,19,0.502379,0.3297,True,False,wall,10.0,5.0,-10.0
1052,55063,41.0,3,33,0.502192,0.3924,True,False,body,30.0,21.0,-10.0
1053,55143,49.0,4,80,0.50174,0.4191,True,False,body,40.0,19.0,-10.0
1054,55237,44.0,3,94,0.50121,0.4398,True,False,body,30.0,24.0,-10.0
1055,55274,23.0,1,37,0.501001,0.4227,True,False,wall,10.0,23.0,-10.0
1056,55325,52.0,4,51,0.500714,0.4919,True,False,wall,40.0,22.0,-10.0
1057,55350,9.0,1,25,0.500573,0.4167,True,False,wall,10.0,9.0,-10.0
1058,55402,27.0,2,52,0.50028,0.3901,True,False,wall,20.0,17.0,-10.0
1059,55438,-1.0,0,36,0.500077,0.3394,True,False,wall,0.0,9.0,-10.0
1060,55468,29.0,2,30,0.499909,0.3287,True,False,wall,20.0,19.0,-10.0
1061,55519,65.0,5,51,0.499622,0.4083,True,False,body,50.0,25.0,-10.0
1062,55568,41.0,3,49,0.499347,0.3942,True,False,wall,30.0,21.0,-10.0
1063,55588,-3.0,0,20,0.499234,0.4236,True,False,wall,0.0,7.0,-10.0
1064,55676,50.0,3,88,0.49874,0.3565,True,False,wall,30.0,30.0,-10.0
1065,55704,36.0,3,28,0.498583,0.3585,True,False,wall,30.0,16.0,-10.0
1066,55789,59.0,3,85,0.498107,0.3989,True,False,body,30.0,39.0,-10.0
1067,55802,7.0,1,13,0.498034,0.4338,True,False,wall,10.0,7.0,-10.0
1068,55873,75.0,5,71,0.497637,0.4505,True,False,body,50.0,35.0,-10.0
1069,55923,48.0,3,50,0.497357,0.5806,True,False,body,30.0,28.0,-10.0
1070,55938,27.0,3,15,0.497273,0.4825,True,False,body,30.0,7.0,-10.0
1071,56000,36.0,3,62,0.496927,0.6038,True,False,body,30.0,16.0,-10.0
1072,56064,63.0,4,64,0.496569,0.5597,True,False,wall,40.0,33.0,-10.0
1073,56111,41.0,3,47,0.496307,0.7011,True,False,wall,30.0,21.0,-10.0
1074,56178,39.0,3,67,0.495933,0.6679,True,False,body,30.0,19.0,-10.0
1075,56264,74.0,5,86,0.495454,0.8044,True,False,wall,50.0,34.0,-10.0
1076,56331,31.0,1,67,0.495081,0.62,True,False,wall,10.0,31.0,-10.0
1077,56347,-3.0,0,16,0.494992,0.5692,True,False,wall,0.0,7.0,-10.0
1078,56362,-2.0,0,15,0.494909,0.4441,True,False,wall,0.0,8.0,-10.0
1079,56407,43.0,3,45,0.494659,0.4405,True,False,wall,30.0,23.0,-10.0
1080,56473,43.0,2,66,0.494292,0.476,True,False,wall,20.0,33.0,-10.0
1081,56489,-1.0,0,16,0.494203,0.4508,True,False,wall,0.0,9.0,-10.0
1082,56573,46.0,3,84,0.493737,0.4547,True,False,body,30.0,26.0,-10.0
1083,56593,19.0,2,20,0.493626,0.4711,True,False,wall,20.0,9.0,-10.0
1084,56700,62.0,4,107,0.493033,0.4037,True,False,body,40.0,32.0,-10.0
1085,56734,28.0,3,34,0.492845,0.3727,True,False,body,30.0,8.0,-10.0
1086,56840,88.0,5,106,0.492259,0.382,True,False,body,50.0,48.0,-10.0
1087,56866,-5.0,0,26,0.492115,0.5158,True,False,wall,0.0,5.0,-10.0
1088,56928,26.0,1,62,0.491772,0.4242,True,False,wall,10.0,26.0,-10.0
1089,57058,86.0,5,130,0.491055,0.4107,True,False,body,50.0,46.0,-10.0
1090,57087,15.0,1,29,0.490895,0.4142,True,False,wall,10.0,15.0,-10.0
1091,57130,45.0,3,43,0.490658,0.4766,True,False,body,30.0,25.0,-10.0
1092,57167,41.0,3,37,0.490455,0.437,True,False,wall,30.0,21.0,-10.0
1093,57232,66.0,4,65,0.490097,0.4439,True,False,body,40.0,36.0,-10.0
1094,57250,-1.0,0,18,0.489998,0.4137,True,False,wall,0.0,9.0,-10.0
1095,57269,-2.0,0,19,0.489893,0.4266,True,False,wall,0.0,8.0,-10.0
1096,57315,38.0,3,46,0.48964,0.4697,True,False,body,30.0,18.0,-10.0
1097,57381,42.0,3,66,0.489278,0.7049,True,False,body,30.0,22.0,-10.0
1098,57394,3.0,1,13,0.489207,0.5998,True,False,wall,10.0,3.0,-10.0
1099,57429,29.0,3,35,0.489014,0.5365,True,False,wall,30.0,9.0,-10.0
1100,57458,9.0,1,29,0.488855,0.8721,True,False,wall,10.0,9.0,-10.0
1101,57522,42.0,3,64,0.488504,0.515,True,False,body,30.0,22.0,-10.0
1102,57541,0.0,0,19,0.4884,0.6371,True,False,wall,0.0,10.0,-10.0
1103,57558,-8.0,0,17,0.488307,0.4861,True,False,wall,0.0,2.0,-10.0
1104,57657,92.0,6,99,0.487765,0.5148,True,False,body,60.0,42.0,-10.0
1105,57669,-11.0,0,12,0.487699,0.4793,True,False,wall,0.0,-1.0,-10.0
1106,57687,-5.0,0,18,0.487601,0.5028,True,False,wall,0.0,5.0,-10.0
1107,57754,28.0,2,67,0.487235,0.5837,True,False,wall,20.0,18.0,-10.0
1108,57831,95.0,5,77,0.486814,0.6294,True,False,body,50.0,55.0,-10.0
1109,57868,37.0,3,37,0.486612,0.6237,True,False,body,30.0,17.0,-10.0
1110,57937,40.0,2,69,0.486236,0.6659,True,False,wall,20.0,30.0,-10.0
1111,57973,34.0,3,36,0.486039,0.5171,True,False,wall,30.0,14.0,-10.0
1112,58033,69.0,6,60,0.485712,0.556,True,False,body,60.0,19.0,-10.0
1113,58117,55.0,4,84,0.485255,0.511,True,False,body,40.0,25.0,-10.0
1114,58213,91.0,6,96,0.484733,0.4968,True,False,body,60.0,41.0,-10.0
1115,58255,44.0,3,42,0.484505,0.4355,True,False,body,30.0,24.0,-10.0
1116,58318,29.0,1,63,0.484163,0.477,True,False,wall,10.0,29.0,-10.0
1117,58351,11.0,1,33,0.483984,0.4461,True,False,wall,10.0,11.0,-10.0
1118,58373,-3.0,0,22,0.483864,0.5488,True,False,wall,0.0,7.0,-10.0
1119,58395,6.0,1,22,0.483745,0.4237,True,False,wall,10.0,6.0,-10.0
1120,58405,6.0,1,10,0.483691,0.464,True,False,wall,10.0,6.0,-10.0
1121,58455,36.0,3,50,0.48342,0.5088,True,False,body,30.0,16.0,-10.0
1122,58468,0.0,0,13,0.48335,0.6604,True,False,wall,0.0,10.0,-10.0
1123,58487,9.0,1,19,0.483247,0.7006,True,False,wall,10.0,9.0,-10.0
1124,58496,-6.0,0,9,0.483198,0.6224,True,False,wall,0.0,4.0,-10.0
1125,58536,35.0,2,40,0.482981,0.4577,True,False,wall,20.0,25.0,-10.0
1126,58565,-10.0,0,29,0.482824,0.5536,True,False,wall,0.0,0.0,-10.0
1127,58582,0.0,0,17,0.482733,0.5501,True,False,wall,0.0,10.0,-10.0
1128,58597,11.0,1,15,0.482651,0.4314,True,False,wall,10.0,11.0,-10.0
1129,58631,27.0,2,34,0.482468,0.4071,True,False,wall,20.0,17.0,-10.0
1130,58645,12.0,1,14,0.482392,0.3909,True,False,wall,10.0,12.0,-10.0
1131,58673,30.0,3,28,0.482241,0.4386,True,False,body,30.0,10.0,-10.0
1132,58719,25.0,2,46,0.481992,0.3982,True,False,wall,20.0,15.0,-10.0
1133,58733,10.0,1,14,0.481916,0.4553,True,False,wall,10.0,10.0,-10.0
1134,58787,44.0,3,54,0.481625,0.4116,True,False,wall,30.0,24.0,-10.0
1135,58829,50.0,3,42,0.481399,0.3775,True,False,wall,30.0,30.0,-10.0
1136,58916,75.0,5,87,0.48093,0.3845,True,False,wall,50.0,35.0,-10.0
1137,58983,66.0,4,67,0.480569,0.4203,True,False,wall,40.0,36.0,-10.0
1138,59131,101.0,6,148,0.479773,0.3971,True,False,wall,60.0,51.0,-10.0
1139,59150,9.0,1,19,0.479671,0.3903,True,False,wall,10.0,9.0,-10.0
1140,59205,45.0,3,55,0.479376,0.39,True,False,wall,30.0,25.0,-10.0
1141,59244,32.0,2,39,0.479166,0.3559,True,False,wall,20.0,22.0,-10.0
1142,59327,51.0,3,83,0.478721,0.4108,True,False,body,30.0,31.0,-10.0
1143,59393,52.0,3,66,0.478368,0.4306,True,False,body,30.0,32.0,-10.0
1144,59440,33.0,3,47,0.478116,0.4266,True,False,body,30.0,13.0,-10.0
1145,59483,56.0,4,43,0.477886,0.4152,True,False,body,40.0,26.0,-10.0
1146,59529,25.0,2,46,0.47764,0.4073,True,False,wall,20.0,15.0,-10.0
1147,59552,13.0,1,23,0.477517,0.3509,True,False,wall,10.0,13.0,-10.0
1148,59584,23.0,2,32,0.477346,0.4616,True,False,wall,20.0,13.0,-10.0
1149,59634,39.0,2,50,0.477079,0.3933,True,False,wall,20.0,29.0,-10.0
1150,59688,38.0,3,54,0.476791,0.46,True,False,wall,30.0,18.0,-10.0
1151,59749,43.0,3,61,0.476466,0.4872,True,False,body,30.0,23.0,-10.0
1152,59790,37.0,3,41,0.476247,0.5183,True,False,wall,30.0,17.0,-10.0
1153,59834,42.0,3,44,0.476013,0.5847,True,False,wall,30.0,22.0,-10.0
1154,59851,11.0,1,17,0.475922,0.53,True,False,wall,10.0,11.0,-10.0
1155,59912,69.0,5,61,0.475598,0.585,True,False,body,50.0,29.0,-10.0
1156,59932,8.0,1,20,0.475491,0.5457,True,False,wall,10.0,8.0,-10.0
1157,60046,96.0,5,114,0.474886,0.5868,True,False,body,50.0,56.0,-10.0
1158,60127,54.0,4,81,0.474456,0.4838,True,False,body,40.0,24.0,-10.0
1159,60182,56.0,4,55,0.474164,0.4574,True,False,wall,40.0,26.0,-10.0
1160,60229,52.0,4,47,0.473915,0.3633,True,False,body,40.0,22.0,-10.0
1161,60269,16.0,1,40,0.473703,0.474,True,False,wall,10.0,16.0,-10.0
1162,60314,-2.0,0,45,0.473465,0.4585,True,False,wall,0.0,8.0,-10.0
1163,60357,30.0,2,43,0.473237,0.5036,True,False,wall,20.0,20.0,-10.0
1164,60400,18.0,2,43,0.47301,0.4604,True,False,wall,20.0,8.0,-10.0
1165,60450,42.0,3,50,0.472745,0.452,True,False,body,30.0,22.0,-10.0
1166,60465,-6.0,0,15,0.472666,0.4226,True,False,wall,0.0,4.0,-10.0
1167,60512,30.0,2,47,0.472418,0.4465,True,False,wall,20.0,20.0,-10.0
1168,60595,73.0,3,83,0.47198,0.4419,True,False,wall,30.0,53.0,-10.0
1169,60607,4.0,1,12,0.471916,0.4796,True,False,wall,10.0,4.0,-10.0
1170,60703,103.0,6,96,0.47141,0.5009,True,False,body,60.0,53.0,-10.0
1171,60726,5.0,1,23,0.471289,0.4928,True,False,wall,10.0,5.0,-10.0
1172,60816,79.0,4,90,0.470816,0.5527,True,False,body,40.0,49.0,-10.0
1173,60883,53.0,3,67,0.470463,0.5398,True,False,body,30.0,33.0,-10.0
1174,60903,12.0,1,20,0.470358,0.4377,True,False,wall,10.0,12.0,-10.0
1175,60940,35.0,3,37,0.470164,0.5403,True,False,wall,30.0,15.0,-10.0
1176,60951,-4.0,0,11,0.470106,0.3978,True,False,wall,0.0,6.0,-10.0
1177,60994,26.0,2,43,0.46988,0.4911,True,False,wall,20.0,16.0,-10.0
1178,61031,37.0,3,37,0.469686,0.4945,True,False,body,30.0,17.0,-10.0
1179,61110,54.0,4,79,0.469272,0.5474,True,False,body,40.0,24.0,-10.0
1180,61156,42.0,3,46,0.469031,0.4657,True,False,wall,30.0,22.0,-10.0
1181,61198,34.0,3,42,0.468811,0.599,True,False,body,30.0,14.0,-10.0
1182,61310,103.0,6,112,0.468225,0.4559,True,False,wall,60.0,53.0,-10.0
1183,61425,82.0,4,115,0.467624,0.4325,True,False,wall,40.0,52.0,-10.0
1184,61440,11.0,1,15,0.467546,0.3716,True,False,wall,10.0,11.0,-10.0
1185,61462,-3.0,0,22,0.467431,0.4257,True,False,wall,0.0,7.0,-10.0
1186,61506,25.0,2,44,0.467202,0.3891,True,False,wall,20.0,15.0,-10.0
1187,61587,81.0,5,81,0.466779,0.3757,True,False,body,50.0,41.0,-10.0
1188,61637,55.0,4,50,0.466519,0.4338,True,False,wall,40.0,25.0,-10.0
1189,61681,47.0,4,44,0.46629,0.4802,True,False,body,40.0,17.0,-10.0
1190,61793,54.0,3,112,0.465708,0.4383,True,False,body,30.0,34.0,-10.0
1191,61815,-11.0,0,22,0.465593,0.4813,True,False,wall,0.0,-1.0,-10.0
1192,61958,118.0,4,143,0.464851,0.4097,True,False,body,40.0,88.0,-10.0
1193,62014,14.0,1,56,0.464561,0.6367,True,False,wall,10.0,14.0,-10.0
1194,62031,-6.0,0,17,0.464473,0.484,True,False,wall,0.0,4.0,-10.0
1195,62122,68.0,4,91,0.464002,0.5354,True,False,wall,40.0,38.0,-10.0
1196,62145,9.0,1,23,0.463883,0.4889,True,False,wall,10.0,9.0,-10.0
1197,62228,43.0,3,83,0.463453,0.5464,True,False,wall,30.0,23.0,-10.0
1198,62296,58.0,3,68,0.463102,0.5682,True,False,wall,30.0,38.0,-10.0
1199,62343,47.0,3,47,0.462859,0.5799,True,False,wall,30.0,27.0,-10.0
1200,62394,26.0,2,51,0.462596,0.6851,True,False,wall,20.0,16.0,-10.0
1201,62486,106.0,7,92,0.462122,0.4803,True,False,body,70.0,46.0,-10.0
1202,62517,43.0,3,31,0.461962,0.4592,True,False,body,30.0,23.0,-10.0
1203,62583,69.0,4,66,0.461623,0.4449,True,False,body,40.0,39.0,-10.0
1204,62626,43.0,3,43,0.461402,0.3732,True,False,body,30.0,23.0,-10.0
1205,62665,34.0,2,39,0.461201,0.3986,True,False,wall,20.0,24.0,-10.0
1206,62750,76.0,4,85,0.460764,0.4971,True,False,body,40.0,46.0,-10.0
1207,62805,62.0,4,55,0.460482,0.4026,True,False,body,40.0,32.0,-10.0
1208,62836,39.0,3,31,0.460323,0.4002,True,False,body,30.0,19.0,-10.0
1209,62861,31.0,3,25,0.460195,0.4371,True,False,body,30.0,11.0,-10.0
1210,62901,26.0,3,40,0.45999,0.4709,True,False,wall,30.0,6.0,-10.0
1211,62963,38.0,3,62,0.459672,0.3932,True,False,body,30.0,18.0,-10.0
1212,63050,58.0,4,87,0.459227,0.4916,True,False,body,40.0,28.0,-10.0
1213,63167,147.0,9,117,0.458629,0.4098,True,False,body,90.0,67.0,-10.0
1214,63229,55.0,4,62,0.458312,0.4362,True,False,body,40.0,25.0,-10.0
1215,63313,91.0,6,84,0.457884,0.451,True,False,wall,60.0,41.0,-10.0
1216,63361,38.0,3,48,0.457639,0.4213,True,False,body,30.0,18.0,-10.0
1217,63437,54.0,3,76,0.457252,0.5807,True,False,body,30.0,34.0,-10.0
1218,63486,37.0,3,49,0.457003,0.4623,True,False,body,30.0,17.0,-10.0
1219,63614,106.0,7,128,0.456352,0.5227,True,False,body,70.0,46.0,-10.0
1220,63641,11.0,1,27,0.456215,0.4721,True,False,wall,10.0,11.0,-10.0
1221,63658,11.0,1,17,0.456129,0.4172,True,False,wall,10.0,11.0,-10.0
1222,63742,47.0,2,84,0.455702,0.4076,True,False,wall,20.0,37.0,-10.0
1223,63774,38.0,3,32,0.45554,0.4578,True,False,body,30.0,18.0,-10.0
1224,63815,43.0,3,41,0.455332,0.3977,True,False,body,30.0,23.0,-10.0
1225,63839,8.0,1,24,0.455211,0.5332,True,False,wall,10.0,8.0,-10.0
1226,63855,-3.0,0,16,0.45513,0.5692,True,False,wall,0.0,7.0,-10.0
1227,63890,19.0,1,35,0.454952,0.4857,True,False,wall,10.0,19.0,-10.0
1228,64008,81.0,4,118,0.454356,0.5373,True,False,wall,40.0,51.0,-10.0
1229,64084,50.0,3,76,0.453972,0.6121,True,False,body,30.0,30.0,-10.0
1230,64178,54.0,3,94,0.453497,0.6378,True,False,body,30.0,34.0,-10.0
1231,64204,19.0,2,26,0.453366,0.5836,True,False,wall,20.0,9.0,-10.0
1232,64287,30.0,2,83,0.452948,0.845,True,False,wall,20.0,20.0,-10.0
1233,64334,15.0,1,47,0.452711,0.6875,True,False,wall,10.0,15.0,-10.0
1234,64410,72.0,5,76,0.452329,0.522,True,False,wall,50.0,32.0,-10.0
1235,64472,63.0,4,62,0.452017,0.5606,True,False,body,40.0,33.0,-10.0
1236,64562,48.0,3,90,0.451565,0.4652,True,False,wall,30.0,28.0,-10.0
1237,64583,24.0,2,21,0.45146,0.7767,True,False,wall,20.0,14.0,-10.0
1238,64632,30.0,2,49,0.451214,0.4333,True,False,wall,20.0,20.0,-10.0
1239,64659,27.0,3,27,0.451079,0.4027,True,False,body,30.0,7.0,-10.0
1240,64673,-5.0,0,14,0.451008,0.4207,True,False,wall,0.0,5.0,-10.0
1241,64686,7.0,1,13,0.450943,0.5041,True,False,wall,10.0,7.0,-10.0
1242,64812,108.0,7,126,0.450312,0.3957,True,False,body,70.0,48.0,-10.0
1243,64852,10.0,1,40,0.450112,0.423,True,False,wall,10.0,10.0,-10.0
1244,64890,20.0,1,38,0.449922,0.4186,True,False,wall,10.0,20.0,-10.0
1245,64973,57.0,3,83,0.449507,0.4678,True,False,body,30.0,37.0,-10.0
1246,64986,-6.0,0,13,0.449442,0.397,True,False,wall,0.0,4.0,-10.0
1247,65001,9.0,1,15,0.449368,0.3862,True,False,wall,10.0,9.0,-10.0
1248,65023,12.0,1,22,0.449258,0.4264,True,False,wall,10.0,12.0,-10.0
1249,65080,66.0,4,57,0.448973,0.6002,True,False,wall,40.0,36.0,-10.0
1250,65099,9.0,1,19,0.448879,0.3653,True,False,wall,10.0,9.0,-10.0
1251,65175,46.0,3,76,0.4485,0.3961,True,False,body,30.0,26.0,-10.0
1252,65197,10.0,1,22,0.44839,0.5067,True,False,wall,10.0,10.0,-10.0
1253,65239,24.0,1,42,0.448181,0.5347,True,False,wall,10.0,24.0,-10.0
1254,65354,104.0,6,115,0.447609,0.4897,True,False,wall,60.0,54.0,-10.0
1255,65404,54.0,3,50,0.447361,0.5163,True,False,body,30.0,34.0,-10.0
1256,65454,48.0,3,50,0.447113,0.5478,True,False,body,30.0,28.0,-10.0
1257,65499,39.0,3,45,0.446889,0.4924,True,False,wall,30.0,19.0,-10.0
1258,65515,-7.0,0,16,0.44681,0.5873,True,False,wall,0.0,3.0,-10.0
1259,65629,135.0,8,114,0.446245,0.6573,True,False,body,80.0,65.0,-10.0
1260,65687,46.0,3,58,0.445958,0.5144,True,False,wall,30.0,26.0,-10.0
1261,65734,49.0,3,47,0.445725,0.4758,True,False,body,30.0,29.0,-10.0
1262,65802,67.0,4,68,0.445389,0.4909,True,False,body,40.0,37.0,-10.0
1263,65826,12.0,1,24,0.44527,0.412,True,False,wall,10.0,12.0,-10.0
1264,65932,52.0,3,106,0.444747,0.4739,True,False,body,30.0,32.0,-10.0
1265,66020,43.0,2,88,0.444313,0.5955,True,False,wall,20.0,33.0,-10.0
1266,66064,30.0,3,44,0.444096,0.5263,True,False,wall,30.0,10.0,-10.0
1267,66095,28.0,2,31,0.443943,0.4452,True,False,wall,20.0,18.0,-10.0
1268,66106,0.0,0,11,0.443889,0.3956,True,False,wall,0.0,10.0,-10.0
1269,66227,123.0,7,121,0.443294,0.4915,True,False,body,70.0,63.0,-10.0
1270,66289,46.0,3,62,0.442989,0.5134,True,False,body,30.0,26.0,-10.0
1271,66355,40.0,3,66,0.442665,0.516,True,False,body,30.0,20.0,-10.0
1272,66392,18.0,2,37,0.442484,0.5133,True,False,wall,20.0,8.0,-10.0
1273,66450,43.0,2,58,0.442199,0.5984,True,False,wall,20.0,33.0,-10.0
1274,66468,6.0,1,18,0.442111,0.4029,True,False,wall,10.0,6.0,-10.0
1275,66522,63.0,4,54,0.441846,0.5193,True,False,wall,40.0,33.0,-10.0
1276,66579,30.0,2,57,0.441567,0.5485,True,False,wall,20.0,20.0,-10.0
1277,66621,10.0,1,42,0.441362,0.5509,True,False,wall,10.0,10.0,-10.0
1278,66669,29.0,2,48,0.441127,0.5939,True,False,wall,20.0,19.0,-10.0
1279,66759,78.0,5,90,0.440687,0.6139,True,False,body,50.0,38.0,-10.0
1280,66872,129.0,7,113,0.440136,0.5744,True,False,body,70.0,69.0,-10.0
1281,66892,12.0,1,20,0.440038,0.4966,True,False,wall,10.0,12.0,-10.0
1282,66926,27.0,2,34,0.439873,0.5846,True,False,wall,20.0,17.0,-10.0
1283,67027,100.0,6,101,0.439381,0.5706,True,False,body,60.0,50.0,-10.0
1284,67094,52.0,4,67,0.439055,0.5541,True,False,wall,40.0,22.0,-10.0
1285,67109,-8.0,0,15,0.438982,0.5299,True,False,wall,0.0,2.0,-10.0
1286,67179,59.0,4,70,0.438641,0.5543,True,False,body,40.0,29.0,-10.0
1287,67266,83.0,5,87,0.438219,0.522,True,False,wall,50.0,43.0,-10.0
1288,67283,-4.0,0,17,0.438137,0.3963,True,False,wall,0.0,6.0,-10.0
1289,67371,60.0,3,88,0.43771,0.4595,True,False,wall,30.0,40.0,-10.0
1290,67432,36.0,2,61,0.437414,0.4462,True,False,wall,20.0,26.0,-10.0
1291,67543,109.0,5,111,0.436877,0.5126,True,False,wall,50.0,69.0,-10.0
1292,67634,64.0,4,91,0.436437,0.4175,True,False,wall,40.0,34.0,-10.0
1293,67701,55.0,3,67,0.436114,0.4245,True,False,body,30.0,35.0,-10.0
1294,67776,61.0,3,75,0.435752,0.4286,True,False,body,30.0,41.0,-10.0
1295,67849,42.0,2,73,0.4354,0.4722,True,False,wall,20.0,32.0,-10.0
1296,67883,29.0,2,34,0.435236,0.4999,True,False,wall,20.0,19.0,-10.0
1297,67949,56.0,3,66,0.434919,0.5013,True,False,wall,30.0,36.0,-10.0
1298,67987,46.0,3,38,0.434736,0.609,True,False,wall,30.0,26.0,-10.0
1299,68022,26.0,2,35,0.434568,0.4761,True,False,wall,20.0,16.0,-10.0
1300,68108,76.0,5,86,0.434154,0.5243,True,False,wall,50.0,36.0,-10.0
1301,68170,61.0,4,62,0.433857,0.6443,True,False,body,40.0,31.0,-10.0
1302,68309,151.0,9,139,0.433191,0.5549,True,False,body,90.0,71.0,-10.0
1303,68334,39.0,3,25,0.433071,0.5372,True,False,wall,30.0,19.0,-10.0
1304,68390,79.0,6,56,0.432803,0.4422,True,False,body,60.0,29.0,-10.0
1305,68465,79.0,5,75,0.432444,0.5738,True,False,wall,50.0,39.0,-10.0
1306,68538,66.0,4,73,0.432095,0.4852,True,False,body,40.0,36.0,-10.0
1307,68608,61.0,4,70,0.431761,0.5327,True,False,body,40.0,31.0,-10.0
1308,68676,50.0,3,68,0.431437,0.4523,True,False,body,30.0,30.0,-10.0
1309,68699,0.0,0,23,0.431327,0.4356,True,False,wall,0.0,10.0,-10.0
1310,68744,24.0,2,45,0.431113,0.5591,True,False,wall,20.0,14.0,-10.0
1311,68790,40.0,3,46,0.430893,0.4868,True,False,body,30.0,20.0,-10.0
1312,68819,39.0,3,29,0.430755,0.5737,True,False,wall,30.0,19.0,-10.0
1313,68892,55.0,3,73,0.430408,0.4846,True,False,body,30.0,35.0,-10.0
1314,68936,66.0,5,44,0.430199,0.4676,True,False,wall,50.0,26.0,-10.0
1315,69045,75.0,5,109,0.429681,0.6144,True,False,wall,50.0,35.0,-10.0
1316,69137,73.0,4,92,0.429245,0.5451,True,False,body,40.0,43.0,-10.0
1317,69222,43.0,3,85,0.428842,0.4875,True,False,wall,30.0,23.0,-10.0
1318,69243,26.0,2,21,0.428743,0.4783,True,False,wall,20.0,16.0,-10.0
1319,69310,36.0,2,67,0.428426,0.5065,True,False,wall,20.0,26.0,-10.0
1320,69417,61.0,3,107,0.42792,0.4965,True,False,wall,30.0,41.0,-10.0
1321,69463,21.0,2,46,0.427703,0.4949,True,False,wall,20.0,11.0,-10.0
1322,69529,56.0,3,66,0.427391,0.488,True,False,body,30.0,36.0,-10.0
1323,69544,0.0,0,15,0.42732,0.4117,True,False,wall,0.0,10.0,-10.0
1324,69666,143.0,8,122,0.426745,0.4527,True,False,wall,80.0,73.0,-10.0
1325,69680,1.0,0,14,0.42668,0.5002,True,False,wall,0.0,11.0,-10.0
1326,69755,32.0,2,75,0.426327,0.4663,True,False,wall,20.0,22.0,-10.0
1327,69796,30.0,2,41,0.426134,0.5134,True,False,wall,20.0,20.0,-10.0
1328,69969,170.0,8,173,0.425321,0.5443,True,False,wall,80.0,100.0,-10.0
1329,70015,26.0,1,46,0.425105,0.5738,True,False,wall,10.0,26.0,-10.0
1330,70054,29.0,1,39,0.424923,0.4943,True,False,wall,10.0,29.0,-10.0
1331,70073,9.0,1,19,0.424834,0.4972,True,False,wall,10.0,9.0,-10.0
1332,70114,24.0,2,41,0.424642,0.5094,True,False,wall,20.0,14.0,-10.0
1333,70226,97.0,6,112,0.424117,0.4875,True,False,body,60.0,47.0,-10.0
1334,70245,13.0,1,19,0.424029,0.4517,True,False,wall,10.0,13.0,-10.0
1335,70310,79.0,5,65,0.423725,0.4396,True,False,body,50.0,39.0,-10.0
1336,70336,16.0,1,26,0.423603,0.4234,True,False,wall,10.0,16.0,-10.0
1337,70392,45.0,2,56,0.423342,0.4157,True,False,wall,20.0,35.0,-10.0
1338,70454,42.0,3,62,0.423053,0.3752,True,False,body,30.0,22.0,-10.0
1339,70492,47.0,4,38,0.422876,0.5668,True,False,body,40.0,17.0,-10.0
1340,70521,46.0,4,29,0.42274,0.3952,True,False,body,40.0,16.0,-10.0
1341,70548,15.0,1,27,0.422615,0.4767,True,False,wall,10.0,15.0,-10.0
1342,70628,75.0,4,80,0.422242,0.4875,True,False,wall,40.0,45.0,-10.0
1343,70741,105.0,7,113,0.421717,0.5073,True,False,body,70.0,45.0,-10.0
1344,70787,34.0,3,46,0.421503,0.5256,True,False,body,30.0,14.0,-10.0
1345,70805,8.0,1,18,0.42142,0.4361,True,False,wall,10.0,8.0,-10.0
1346,70822,13.0,1,17,0.421341,0.5899,True,False,wall,10.0,13.0,-10.0
1347,70851,28.0,2,29,0.421206,0.5359,True,False,wall,20.0,18.0,-10.0
1348,70898,30.0,2,47,0.420988,0.5153,True,False,wall,20.0,20.0,-10.0
1349,70936,36.0,3,38,0.420812,0.5082,True,False,body,30.0,16.0,-10.0
1350,70986,50.0,3,50,0.42058,0.5118,True,False,body,30.0,30.0,-10.0
1351,71098,122.0,7,112,0.420062,0.4958,True,False,wall,70.0,62.0,-10.0
1352,71163,65.0,3,65,0.419761,0.4773,True,False,wall,30.0,45.0,-10.0
1353,71204,49.0,3,41,0.419572,0.581,True,False,wall,30.0,29.0,-10.0
1354,71275,59.0,3,71,0.419244,0.5311,True,False,wall,30.0,39.0,-10.0
1355,71319,34.0,3,44,0.419041,0.4686,True,False,wall,30.0,14.0,-10.0
1356,71407,85.0,4,88,0.418635,0.5537,True,False,wall,40.0,55.0,-10.0
1357,71464,68.0,4,57,0.418373,0.5141,True,False,wall,40.0,38.0,-10.0
1358,71506,25.0,2,42,0.418179,0.6225,True,False,wall,20.0,15.0,-10.0
1359,71528,19.0,2,22,0.418078,0.5392,True,False,wall,20.0,9.0,-10.0
1360,71549,5.0,1,21,0.417981,0.5628,True,False,wall,10.0,5.0,-10.0
1361,71602,41.0,3,53,0.417738,0.5951,True,False,body,30.0,21.0,-10.0
1362,71646,50.0,3,44,0.417535,0.4436,True,False,body,30.0,30.0,-10.0
1363,71715,52.0,4,69,0.417219,0.5488,True,False,body,40.0,22.0,-10.0
1364,71757,44.0,3,42,0.417026,0.4677,True,False,body,30.0,24.0,-10.0
1365,71857,113.0,6,100,0.416567,0.5293,True,False,wall,60.0,63.0,-10.0
1366,71916,41.0,3,59,0.416297,0.5155,True,False,wall,30.0,21.0,-10.0
1367,71928,8.0,1,12,0.416242,0.571,True,False,wall,10.0,8.0,-10.0
1368,71943,13.0,1,15,0.416173,0.5655,True,False,wall,10.0,13.0,-10.0
1369,72062,127.0,7,119,0.415629,0.5199,True,False,body,70.0,67.0,-10.0
1370,72137,19.0,1,75,0.415287,0.4359,True,False,wall,10.0,19.0,-10.0
1371,72190,72.0,4,53,0.415045,0.4947,True,False,wall,40.0,42.0,-10.0
1372,72228,38.0,3,38,0.414871,0.4613,True,False,wall,30.0,18.0,-10.0
1373,72328,72.0,3,100,0.414416,0.4979,True,False,body,30.0,52.0,-10.0
1374,72392,74.0,5,64,0.414124,0.5367,True,False,body,50.0,34.0,-10.0
1375,72416,19.0,2,24,0.414015,0.5606,True,False,wall,20.0,9.0,-10.0
1376,72500,71.0,4,84,0.413633,0.4914,True,False,body,40.0,41.0,-10.0
1377,72519,2.0,0,19,0.413547,0.462,True,False,wall,0.0,12.0,-10.0
1378,72549,31.0,2,30,0.41341,0.5097,True,False,wall,20.0,21.0,-10.0
1379,72634,95.0,5,85,0.413024,0.4565,True,False,wall,50.0,55.0,-10.0
1380,72654,10.0,1,20,0.412934,0.4294,True,False,wall,10.0,10.0,-10.0
1381,72774,108.0,7,120,0.41239,0.4385,True,False,body,70.0,48.0,-10.0
1382,72842,66.0,5,68,0.412082,0.4418,True,False,body,50.0,26.0,-10.0
1383,72868,28.0,3,26,0.411964,0.4733,True,False,body,30.0,8.0,-10.0
1384,72923,65.0,5,55,0.411715,0.5028,True,False,body,50.0,25.0,-10.0
1385,73016,55.0,3,93,0.411295,0.5508,True,False,body,30.0,35.0,-10.0
1386,73070,48.0,3,54,0.411051,0.4573,True,False,body,30.0,28.0,-10.0
1387,73104,-3.0,0,34,0.410898,0.4496,True,False,wall,0.0,7.0,-10.0
1388,73153,35.0,3,49,0.410677,0.4762,True,False,wall,30.0,15.0,-10.0
1389,73199,37.0,2,46,0.410469,0.3994,True,False,wall,20.0,27.0,-10.0
1390,73330,123.0,7,131,0.40988,0.4527,True,False,body,70.0,63.0,-10.0
1391,73385,2.0,0,55,0.409632,0.5117,True,False,wall,0.0,12.0,-10.0
1392,73544,129.0,7,159,0.408918,0.5614,True,False,body,70.0,69.0,-10.0
1393,73617,85.0,5,73,0.408591,0.5895,True,False,wall,50.0,45.0,-10.0
1394,73633,21.0,2,16,0.408519,0.7557,True,False,wall,20.0,11.0,-10.0
1395,73681,38.0,3,48,0.408304,0.6331,True,False,body,30.0,18.0,-10.0
1396,73725,50.0,3,44,0.408107,0.5221,True,False,wall,30.0,30.0,-10.0
1397,73742,11.0,1,17,0.408031,0.5407,True,False,wall,10.0,11.0,-10.0
1398,73843,64.0,4,101,0.407579,0.5912,True,False,body,40.0,34.0,-10.0
1399,73913,52.0,3,70,0.407267,0.5244,True,False,body,30.0,32.0,-10.0
1400,73927,6.0,1,14,0.407204,0.5965,True,False,wall,10.0,6.0,-10.0
1401,73940,0.0,0,13,0.407146,0.4911,True,False,wall,0.0,10.0,-10.0
1402,73995,32.0,2,55,0.406901,0.5606,True,False,wall,20.0,22.0,-10.0
1403,74017,-1.0,0,22,0.406802,0.5043,True,False,wall,0.0,9.0,-10.0
1404,74032,7.0,1,15,0.406736,0.4805,True,False,wall,10.0,7.0,-10.0
1405,74092,62.0,5,60,0.406468,0.474,True,False,body,50.0,22.0,-10.0
1406,74112,14.0,1,20,0.406379,0.5979,True,False,wall,10.0,14.0,-10.0
1407,74171,51.0,3,59,0.406116,0.4888,True,False,wall,30.0,31.0,-10.0
1408,74251,44.0,3,80,0.40576,0.5499,True,False,wall,30.0,24.0,-10.0
1409,74266,7.0,1,15,0.405694,0.5213,True,False,wall,10.0,7.0,-10.0
1410,74290,12.0,1,24,0.405587,0.4828,True,False,wall,10.0,12.0,-10.0
1411,74317,9.0,1,27,0.405467,0.5027,True,False,wall,10.0,9.0,-10.0
1412,74374,39.0,3,57,0.405214,0.5128,True,False,wall,30.0,19.0,-10.0
1413,74411,17.0,1,37,0.40505,0.5488,True,False,wall,10.0,17.0,-10.0
1414,74506,78.0,4,95,0.404628,0.4581,True,False,body,40.0,48.0,-10.0
1415,74521,11.0,1,15,0.404562,0.6326,True,False,wall,10.0,11.0,-10.0
1416,74582,60.0,4,61,0.404291,0.5735,True,False,body,40.0,30.0,-10.0
1417,74626,42.0,3,44,0.404097,0.4438,True,False,wall,30.0,22.0,-10.0
1418,74640,10.0,1,14,0.404035,1.0615,True,False,wall,10.0,10.0,-10.0
1419,74654,12.0,1,14,0.403973,0.5264,True,False,wall,10.0,12.0,-10.0
1420,74752,125.0,8,98,0.403539,0.5092,True,False,body,80.0,55.0,-10.0
1421,74846,86.0,5,94,0.403124,0.4645,True,False,wall,50.0,46.0,-10.0
1422,74874,8.0,1,28,0.403001,0.4942,True,False,wall,10.0,8.0,-10.0
1423,74919,63.0,5,45,0.402802,0.5522,True,False,body,50.0,23.0,-10.0
1424,74933,-7.0,0,14,0.40274,0.5376,True,False,wall,0.0,3.0,-10.0
1425,74986,49.0,3,53,0.402507,0.5531,True,False,body,30.0,29.0,-10.0
1426,75080,98.0,5,94,0.402093,0.5587,True,False,wall,50.0,58.0,-10.0
1427,75147,72.0,4,67,0.401798,0.5207,True,False,wall,40.0,42.0,-10.0
1428,75180,35.0,3,33,0.401653,0.5243,True,False,body,30.0,15.0,-10.0
1429,75241,49.0,3,61,0.401385,0.5243,True,False,wall,30.0,29.0,-10.0
1430,75321,50.0,3,80,0.401034,0.5661,True,False,body,30.0,30.0,-10.0
1431,75362,28.0,2,41,0.400854,0.5173,True,False,wall,20.0,18.0,-10.0
1432,75415,54.0,4,53,0.400621,0.6538,True,False,body,40.0,24.0,-10.0
1433,75474,39.0,3,59,0.400363,0.5533,True,False,wall,30.0,19.0,-10.0
1434,75505,21.0,1,31,0.400227,0.4907,True,False,wall,10.0,21.0,-10.0
1435,75519,-5.0,0,14,0.400166,0.4908,True,False,wall,0.0,5.0,-10.0
1436,75590,51.0,3,71,0.399855,0.4812,True,False,wall,30.0,31.0,-10.0
1437,75624,34.0,3,34,0.399707,0.5857,True,False,body,30.0,14.0,-10.0
1438,75658,31.0,2,34,0.399558,0.5159,True,False,wall,20.0,21.0,-10.0
1439,75670,6.0,1,12,0.399506,0.4177,True,False,wall,10.0,6.0,-10.0
1440,75764,67.0,4,94,0.399095,0.4704,True,False,wall,40.0,37.0,-10.0
1441,75778,10.0,1,14,0.399034,0.4408,True,False,wall,10.0,10.0,-10.0
1442,75830,57.0,4,52,0.398807,0.4825,True,False,wall,40.0,27.0,-10.0
1443,75896,73.0,4,66,0.39852,0.4867,True,False,body,40.0,43.0,-10.0
1444,75941,43.0,3,45,0.398324,0.4863,True,False,body,30.0,23.0,-10.0
1445,75989,43.0,4,48,0.398115,0.5766,True,False,body,40.0,13.0,-10.0
1446,76020,45.0,3,31,0.39798,0.5467,True,False,wall,30.0,25.0,-10.0
1447,76094,65.0,4,74,0.397658,0.5076,True,False,body,40.0,35.0,-10.0
1448,76190,75.0,4,96,0.397241,0.4944,True,False,wall,40.0,45.0,-10.0
1449,76206,-3.0,0,16,0.397172,0.4725,True,False,wall,0.0,7.0,-10.0
1450,76221,9.0,1,15,0.397107,0.3632,True,False,wall,10.0,9.0,-10.0
1451,76251,12.0,1,30,0.396977,0.5302,True,False,wall,10.0,12.0,-10.0
1452,76307,40.0,3,56,0.396734,0.4996,True,False,body,30.0,20.0,-10.0
1453,76320,7.0,1,13,0.396677,0.4886,True,False,wall,10.0,7.0,-10.0
1454,76373,51.0,3,53,0.396448,0.4567,True,False,body,30.0,31.0,-10.0
1455,76386,9.0,1,13,0.396392,0.6231,True,False,wall,10.0,9.0,-10.0
1456,76444,69.0,4,58,0.396141,0.4557,True,False,body,40.0,39.0,-10.0
1457,76468,14.0,1,24,0.396037,0.5311,True,False,wall,10.0,14.0,-10.0
1458,76580,122.0,7,112,0.395553,0.6936,True,False,body,70.0,62.0,-10.0
1459,76593,-2.0,0,13,0.395496,0.6991,True,False,wall,0.0,8.0,-10.0
1460,76683,127.0,8,90,0.395108,0.5688,True,False,wall,80.0,57.0,-10.0
1461,76754,53.0,3,71,0.394802,0.6378,True,False,wall,30.0,33.0,-10.0
1462,76811,82.0,6,57,0.394556,0.5517,True,False,body,60.0,32.0,-10.0
1463,76871,63.0,4,60,0.394298,0.6755,True,False,wall,40.0,33.0,-10.0
1464,76883,8.0,1,12,0.394246,0.7203,True,False,wall,10.0,8.0,-10.0
1465,76973,103.0,6,90,0.393859,0.5282,True,False,wall,60.0,53.0,-10.0
1466,76998,9.0,1,25,0.393752,0.497,True,False,wall,10.0,9.0,-10.0
1467,77017,18.0,2,19,0.39367,0.4688,True,False,wall,20.0,8.0,-10.0
1468,77027,-3.0,0,10,0.393627,0.4723,True,False,wall,0.0,7.0,-10.0
1469,77061,10.0,1,34,0.393481,0.5324,True,False,wall,10.0,10.0,-10.0
1470,77125,65.0,4,64,0.393206,0.5328,True,False,body,40.0,35.0,-10.0
1471,77198,57.0,3,73,0.392893,0.4516,True,False,wall,30.0,37.0,-10.0
1472,77242,50.0,3,44,0.392705,0.4716,True,False,wall,30.0,30.0,-10.0
1473,77260,17.0,2,18,0.392628,0.5195,True,False,wall,20.0,7.0,-10.0
1474,77316,53.0,4,56,0.392388,0.4704,True,False,body,40.0,23.0,-10.0
1475,77372,39.0,2,56,0.392148,0.6038,True,False,wall,20.0,29.0,-10.0
1476,77486,95.0,6,114,0.391661,0.6039,True,False,wall,60.0,45.0,-10.0
1477,77558,63.0,4,72,0.391354,0.522,True,False,body,40.0,33.0,-10.0
1478,77595,28.0,2,37,0.391196,0.5604,True,False,wall,20.0,18.0,-10.0
1479,77634,46.0,4,39,0.39103,0.5002,True,False,wall,40.0,16.0,-10.0
1480,77709,64.0,4,75,0.39071,0.4832,True,False,body,40.0,34.0,-10.0
1481,77726,15.0,1,17,0.390638,0.3968,True,False,wall,10.0,15.0,-10.0
1482,77748,12.0,1,22,0.390544,0.5801,True,False,wall,10.0,12.0,-10.0
1483,77780,35.0,2,32,0.390408,0.5323,True,False,wall,20.0,25.0,-10.0
1484,77885,101.0,5,105,0.389961,0.4296,True,False,body,50.0,61.0,-10.0
1485,77945,63.0,4,60,0.389707,0.4851,True,False,body,40.0,33.0,-10.0
1486,77980,34.0,2,35,0.389558,0.5054,True,False,wall,20.0,24.0,-10.0
1487,78000,10.0,1,20,0.389473,0.4902,True,False,wall,10.0,10.0,-10.0
1488,78076,65.0,4,76,0.389151,0.5539,True,False,wall,40.0,35.0,-10.0
1489,78096,-3.0,0,20,0.389066,0.552,True,False,wall,0.0,7.0,-10.0
1490,78111,9.0,1,15,0.389002,1.1161,True,False,wall,10.0,9.0,-10.0
1491,78128,16.0,2,17,0.38893,0.6135,True,False,wall,20.0,6.0,-10.0
1492,78170,38.0,3,42,0.388753,0.6862,True,False,body,30.0,18.0,-10.0
1493,78244,57.0,4,74,0.388439,0.5194,True,False,body,40.0,27.0,-10.0
1494,78277,19.0,1,33,0.3883,0.4639,True,False,wall,10.0,19.0,-10.0
1495,78335,42.0,3,58,0.388055,0.5819,True,False,wall,30.0,22.0,-10.0
1496,78392,59.0,3,57,0.387814,0.5883,True,False,body,30.0,39.0,-10.0
1497,78422,35.0,2,30,0.387687,0.5354,True,False,wall,20.0,25.0,-10.0
1498,78477,49.0,3,55,0.387455,0.6508,True,False,body,30.0,29.0,-10.0
1499,78546,66.0,4,69,0.387164,0.6581,True,False,body,40.0,36.0,-10.0
1500,78690,184.0,11,144,0.386558,0.5066,True,False,body,110.0,84.0,-10.0
1501,78808,135.0,8,118,0.386062,0.452,True,False,body,80.0,65.0,-10.0
1502,78888,69.0,4,80,0.385726,0.5358,True,False,body,40.0,39.0,-10.0
1503,78898,8.0,1,10,0.385684,0.4394,True,False,wall,10.0,8.0,-10.0
1504,78954,61.0,4,56,0.385449,0.583,True,False,body,40.0,31.0,-10.0
1505,79003,51.0,3,49,0.385244,0.4658,True,False,body,30.0,31.0,-10.0
1506,79032,15.0,1,29,0.385122,0.4236,True,False,wall,10.0,15.0,-10.0
1507,79118,108.0,7,86,0.384762,0.6274,True,False,wall,70.0,48.0,-10.0
1508,79133,0.0,0,15,0.384699,0.5159,True,False,wall,0.0,10.0,-10.0
1509,79168,36.0,2,35,0.384553,0.5833,True,False,wall,20.0,26.0,-10.0
1510,79222,46.0,3,54,0.384327,0.5908,True,False,body,30.0,26.0,-10.0
1511,79286,56.0,3,64,0.38406,0.5451,True,False,wall,30.0,36.0,-10.0
1512,79386,81.0,4,100,0.383642,0.5128,True,False,wall,40.0,51.0,-10.0
1513,79465,74.0,4,79,0.383313,0.4941,True,False,wall,40.0,44.0,-10.0
1514,79533,85.0,6,68,0.38303,0.5118,True,False,wall,60.0,35.0,-10.0
1515,79602,78.0,4,69,0.382743,0.4906,True,False,wall,40.0,48.0,-10.0
1516,79663,88.0,6,61,0.382489,0.6233,True,False,wall,60.0,38.0,-10.0
1517,79713,52.0,3,50,0.382281,0.4881,True,False,wall,30.0,32.0,-10.0
1518,79742,41.0,3,29,0.382161,0.5716,True,False,body,30.0,21.0,-10.0
1519,79753,-4.0,0,11,0.382115,0.5474,True,False,wall,0.0,6.0,-10.0
1520,79848,97.0,5,95,0.381721,0.5181,True,False,wall,50.0,57.0,-10.0
1521,79910,66.0,5,62,0.381464,0.4754,True,False,body,50.0,26.0,-10.0
1522,79932,14.0,1,22,0.381373,0.4471,True,False,wall,10.0,14.0,-10.0
1523,79982,44.0,3,50,0.381166,0.5357,True,False,body,30.0,24.0,-10.0
1524,79994,10.0,1,12,0.381116,0.4314,True,False,wall,10.0,10.0,-10.0
1525,80062,98.0,7,68,0.380835,0.4745,True,False,body,70.0,38.0,-10.0
1526,80193,144.0,8,131,0.380294,0.5795,True,False,wall,80.0,74.0,-10.0
1527,80254,60.0,4,61,0.380042,0.55,True,False,body,40.0,30.0,-10.0
1528,80280,27.0,2,26,0.379935,0.5516,True,False,wall,20.0,17.0,-10.0
1529,80324,48.0,3,44,0.379753,0.5629,True,False,body,30.0,28.0,-10.0
1530,80396,82.0,5,72,0.379457,0.5556,True,False,body,50.0,42.0,-10.0
1531,80496,100.0,5,100,0.379045,0.4951,True,False,body,50.0,60.0,-10.0
1532,80507,-4.0,0,11,0.379,0.5161,True,False,wall,0.0,6.0,-10.0
1533,80613,94.0,5,106,0.378564,0.5419,True,False,body,50.0,54.0,-10.0
1534,80649,44.0,3,36,0.378416,0.6028,True,False,wall,30.0,24.0,-10.0
1535,80699,35.0,2,50,0.378211,0.5291,True,False,wall,20.0,25.0,-10.0
1536,80748,53.0,3,49,0.37801,0.526,True,False,body,30.0,33.0,-10.0
1537,80851,133.0,7,103,0.377588,0.5194,True,False,body,70.0,73.0,-10.0
1538,80912,66.0,4,61,0.377338,0.5172,True,False,wall,40.0,36.0,-10.0
1539,80975,57.0,3,63,0.377081,0.5179,True,False,wall,30.0,37.0,-10.0
1540,81008,16.0,2,33,0.376946,0.5168,True,False,wall,20.0,6.0,-10.0
1541,81057,43.0,3,49,0.376746,0.5325,True,False,wall,30.0,23.0,-10.0
1542,81111,42.0,3,54,0.376525,0.492,True,False,wall,30.0,22.0,-10.0
1543,81144,41.0,3,33,0.376391,0.5059,True,False,body,30.0,21.0,-10.0
1544,81229,80.0,4,85,0.376044,0.5169,True,False,body,40.0,50.0,-10.0
1545,81255,10.0,1,26,0.375938,0.5903,True,False,wall,10.0,10.0,-10.0
1546,81278,11.0,1,23,0.375844,0.446,True,False,wall,10.0,11.0,-10.0
1547,81341,56.0,4,63,0.375588,0.5327,True,False,wall,40.0,26.0,-10.0
1548,81376,43.0,3,35,0.375445,0.6181,True,False,body,30.0,23.0,-10.0
1549,81435,47.0,3,59,0.375205,0.5292,True,False,body,30.0,27.0,-10.0
1550,81457,12.0,1,22,0.375116,0.6225,True,False,wall,10.0,12.0,-10.0
1551,81566,105.0,5,109,0.374673,0.5385,True,False,body,50.0,65.0,-10.0
1552,81616,51.0,4,50,0.374471,0.5134,True,False,body,40.0,21.0,-10.0
1553,81675,79.0,5,59,0.374231,0.4854,True,False,body,50.0,39.0,-10.0
1554,81739,65.0,4,64,0.373972,0.4576,True,False,body,40.0,35.0,-10.0
1555,81828,104.0,6,89,0.373612,0.5772,True,False,wall,60.0,54.0,-10.0
1556,81920,114.0,7,92,0.37324,0.5375,True,False,body,70.0,54.0,-10.0
1557,82027,118.0,8,107,0.372808,0.5551,True,False,body,80.0,48.0,-10.0
1558,82083,67.0,4,56,0.372582,0.5438,True,False,wall,40.0,37.0,-10.0
1559,82129,50.0,3,46,0.372397,0.5152,True,False,body,30.0,30.0,-10.0
1560,82180,39.0,3,51,0.372191,0.5074,True,False,body,30.0,19.0,-10.0
1561,82332,106.0,5,152,0.371579,0.5359,True,False,body,50.0,66.0,-10.0
1562,82394,73.0,4,62,0.37133,0.5798,True,False,wall,40.0,43.0,-10.0
1563,82464,66.0,5,70,0.371049,0.5741,True,False,body,50.0,26.0,-10.0
1564,82566,104.0,5,102,0.37064,0.5499,True,False,wall,50.0,64.0,-10.0
1565,82582,19.0,2,16,0.370576,0.4611,True,False,wall,20.0,9.0,-10.0
1566,82620,70.0,5,38,0.370424,0.5074,True,False,body,50.0,30.0,-10.0
1567,82686,57.0,4,66,0.37016,0.5095,True,False,body,40.0,27.0,-10.0
1568,82781,91.0,5,95,0.36978,0.513,True,False,wall,50.0,51.0,-10.0
1569,82840,63.0,5,59,0.369544,0.5834,True,False,wall,50.0,23.0,-10.0
1570,82871,17.0,1,31,0.36942,0.3758,True,False,wall,10.0,17.0,-10.0
1571,82955,95.0,6,84,0.369085,0.5187,True,False,wall,60.0,45.0,-10.0
1572,83070,138.0,8,115,0.368627,0.6122,True,False,body,80.0,68.0,-10.0
1573,83114,40.0,3,44,0.368451,0.5033,True,False,wall,30.0,20.0,-10.0
1574,83129,9.0,1,15,0.368392,0.4608,True,False,wall,10.0,9.0,-10.0
1575,83186,60.0,4,57,0.368165,0.571,True,False,wall,40.0,30.0,-10.0
1576,83248,48.0,3,62,0.367918,0.5134,True,False,wall,30.0,28.0,-10.0
1577,83290,48.0,3,42,0.367752,0.55,True,False,body,30.0,28.0,-10.0
1578,83372,73.0,4,82,0.367426,0.4715,True,False,body,40.0,43.0,-10.0
1579,83400,40.0,3,28,0.367315,0.4487,True,False,wall,30.0,20.0,-10.0
1580,83474,50.0,3,74,0.367022,0.539,True,False,body,30.0,30.0,-10.0
1581,83499,19.0,1,25,0.366922,0.5615,True,False,wall,10.0,19.0,-10.0
1582,83678,231.0,13,179,0.366214,0.4944,True,False,body,130.0,111.0,-10.0
1583,83698,8.0,1,20,0.366135,0.444,True,False,wall,10.0,8.0,-10.0
1584,83728,25.0,2,30,0.366017,0.5176,True,False,wall,20.0,15.0,-10.0
1585,83764,38.0,3,36,0.365874,0.5394,True,False,wall,30.0,18.0,-10.0
1586,83832,72.0,5,68,0.365606,0.5288,True,False,body,50.0,32.0,-10.0
1587,83966,195.0,12,134,0.365078,0.5392,True,False,wall,120.0,85.0,-10.0
1588,84026,48.0,3,60,0.364842,0.5298,True,False,wall,30.0,28.0,-10.0
1589,84108,70.0,5,82,0.364519,0.5723,True,False,body,50.0,30.0,-10.0
1590,84123,13.0,1,15,0.36446,0.4782,True,False,wall,10.0,13.0,-10.0
1591,84162,36.0,2,39,0.364307,0.5718,True,False,wall,20.0,26.0,-10.0
1592,84189,50.0,4,27,0.364201,0.8714,True,False,body,40.0,20.0,-10.0
1593,84218,26.0,2,29,0.364087,0.5094,True,False,wall,20.0,16.0,-10.0
1594,84259,47.0,3,41,0.363926,0.4722,True,False,body,30.0,27.0,-10.0
1595,84348,76.0,4,89,0.363577,0.6159,True,False,wall,40.0,46.0,-10.0
1596,84502,192.0,11,154,0.362974,0.6087,True,False,wall,110.0,92.0,-10.0
1597,84560,66.0,5,58,0.362747,0.6809,True,False,wall,50.0,26.0,-10.0
1598,84619,75.0,5,59,0.362516,0.5796,True,False,body,50.0,35.0,-10.0
1599,84679,61.0,4,60,0.362282,0.5792,True,False,body,40.0,31.0,-10.0
1600,84747,59.0,4,68,0.362017,0.6021,True,False,body,40.0,29.0,-10.0
1601,84784,32.0,2,37,0.361873,0.605,True,False,wall,20.0,22.0,-10.0
1602,84918,141.0,8,134,0.361351,0.5619,True,False,body,80.0,71.0,-10.0
1603,85024,88.0,5,106,0.360938,0.5935,True,False,wall,50.0,48.0,-10.0
1604,85074,44.0,3,50,0.360744,0.5428,True,False,wall,30.0,24.0,-10.0
1605,85133,66.0,4,59,0.360515,0.5776,True,False,wall,40.0,36.0,-10.0
1606,85242,106.0,6,109,0.360092,0.5661,True,False,body,60.0,56.0,-10.0
1607,85368,182.0,11,126,0.359604,0.5252,True,False,body,110.0,82.0,-10.0
1608,85407,39.0,3,39,0.359453,0.744,True,False,body,30.0,19.0,-10.0
1609,85496,97.0,5,89,0.359109,0.5657,True,False,body,50.0,57.0,-10.0
1610,85552,74.0,5,56,0.358893,0.5735,True,False,body,50.0,34.0,-10.0
1611,85625,79.0,5,73,0.358611,0.6787,True,False,wall,50.0,39.0,-10.0
1612,85710,110.0,6,85,0.358283,0.6228,True,False,wall,60.0,60.0,-10.0
1613,85747,34.0,2,37,0.358141,0.5111,True,False,wall,20.0,24.0,-10.0
1614,85769,23.0,2,22,0.358056,0.5492,True,False,wall,20.0,13.0,-10.0
1615,85913,148.0,7,144,0.357502,0.5441,True,False,wall,70.0,88.0,-10.0
1616,86043,122.0,7,130,0.357003,0.6349,True,False,body,70.0,62.0,-10.0
1617,86097,72.0,5,54,0.356796,0.6426,True,False,body,50.0,32.0,-10.0
1618,86156,72.0,4,59,0.35657,0.6124,True,False,wall,40.0,42.0,-10.0
1619,86218,58.0,3,62,0.356332,0.5486,True,False,body,30.0,38.0,-10.0
1620,86289,76.0,4,71,0.35606,0.5149,True,False,wall,40.0,46.0,-10.0
1621,86300,-4.0,0,11,0.356018,0.5172,True,False,wall,0.0,6.0,-10.0
1622,86340,51.0,4,40,0.355865,0.5509,True,False,body,40.0,21.0,-10.0
1623,86379,54.0,4,39,0.355716,0.5146,True,False,body,40.0,24.0,-10.0
1624,86408,63.0,5,29,0.355605,0.486,True,False,body,50.0,23.0,-10.0
1625,86475,72.0,4,67,0.35535,0.611,True,False,body,40.0,42.0,-10.0
1626,86591,165.0,10,116,0.354907,0.5368,True,False,body,100.0,75.0,-10.0
1627,86602,-8.0,0,11,0.354865,0.4514,True,False,wall,0.0,2.0,-10.0
1628,86629,33.0,3,27,0.354762,0.5211,True,False,wall,30.0,13.0,-10.0
1629,86733,121.0,6,104,0.354366,0.5286,True,False,body,60.0,71.0,-10.0
1630,86830,114.0,6,97,0.353998,0.5146,True,False,body,60.0,64.0,-10.0
1631,86868,53.0,4,38,0.353853,0.5395,True,False,body,40.0,23.0,-10.0
1632,86895,35.0,3,27,0.353751,0.7753,True,False,body,30.0,15.0,-10.0
1633,86983,107.0,6,88,0.353417,0.5133,True,False,wall,60.0,57.0,-10.0
1634,87045,61.0,4,62,0.353182,0.5121,True,False,body,40.0,31.0,-10.0
1635,87058,-2.0,0,13,0.353132,0.5351,True,False,wall,0.0,8.0,-10.0
1636,87103,39.0,3,45,0.352962,0.5054,True,False,wall,30.0,19.0,-10.0
1637,87155,61.0,4,52,0.352765,0.6652,True,False,body,40.0,31.0,-10.0
1638,87245,110.0,7,90,0.352425,0.5404,True,False,body,70.0,50.0,-10.0
1639,87320,68.0,4,75,0.352141,0.6427,True,False,body,40.0,38.0,-10.0
1640,87362,59.0,4,42,0.351983,0.6147,True,False,body,40.0,29.0,-10.0
1641,87442,79.0,4,80,0.351681,0.5598,True,False,body,40.0,49.0,-10.0
1642,87483,45.0,3,41,0.351526,0.5153,True,False,wall,30.0,25.0,-10.0
1643,87531,50.0,3,48,0.351345,0.5145,True,False,wall,30.0,30.0,-10.0
1644,87665,126.0,7,134,0.350841,0.6158,True,False,body,70.0,66.0,-10.0
1645,87735,44.0,3,70,0.350578,0.5464,True,False,body,30.0,24.0,-10.0
1646,87805,58.0,3,70,0.350315,0.6995,True,False,body,30.0,38.0,-10.0
1647,87848,54.0,4,43,0.350154,0.5325,True,False,body,40.0,24.0,-10.0
1648,88079,267.0,13,231,0.349288,0.5898,True,False,wall,130.0,147.0,-10.0
1649,88112,32.0,2,33,0.349165,0.5615,True,False,wall,20.0,22.0,-10.0
1650,88162,61.0,4,50,0.348978,0.5895,True,False,body,40.0,31.0,-10.0
1651,88174,8.0,1,12,0.348933,0.5741,True,False,wall,10.0,8.0,-10.0
1652,88283,123.0,7,109,0.348526,0.6219,True,False,wall,70.0,63.0,-10.0
1653,88337,49.0,4,54,0.348325,0.6048,True,False,body,40.0,19.0,-10.0
1654,88429,116.0,7,92,0.347982,0.6018,True,False,wall,70.0,56.0,-10.0
1655,88477,44.0,3,48,0.347803,0.5646,True,False,body,30.0,24.0,-10.0
1656,88522,64.0,4,45,0.347636,0.5135,True,False,wall,40.0,34.0,-10.0
1657,88601,88.0,6,79,0.347342,0.5656,True,False,body,60.0,38.0,-10.0
1658,88670,77.0,5,69,0.347085,0.7765,True,False,body,50.0,37.0,-10.0
1659,88714,46.0,3,44,0.346922,0.6818,True,False,wall,30.0,26.0,-10.0
1660,88748,40.0,3,34,0.346796,0.4645,True,False,body,30.0,20.0,-10.0
1661,88833,106.0,6,85,0.346481,0.5372,True,False,wall,60.0,56.0,-10.0
1662,88861,29.0,2,28,0.346377,0.7456,True,False,wall,20.0,19.0,-10.0
1663,88886,13.0,1,25,0.346284,0.5792,True,False,wall,10.0,13.0,-10.0
1664,88944,52.0,3,58,0.34607,0.671,True,False,body,30.0,32.0,-10.0
1665,89034,105.0,6,90,0.345737,0.527,True,False,body,60.0,55.0,-10.0
1666,89058,27.0,2,24,0.345648,0.4797,True,False,wall,20.0,17.0,-10.0
1667,89162,128.0,7,104,0.345264,0.5272,True,False,body,70.0,68.0,-10.0
1668,89267,87.0,5,105,0.344877,0.5256,True,False,body,50.0,47.0,-10.0
1669,89282,11.0,1,15,0.344821,0.5059,True,False,wall,10.0,11.0,-10.0
1670,89294,-1.0,0,12,0.344777,0.5248,True,False,wall,0.0,9.0,-10.0
1671,89320,10.0,1,26,0.344681,0.511,True,False,wall,10.0,10.0,-10.0
1672,89334,12.0,1,14,0.34463,0.6197,True,False,wall,10.0,12.0,-10.0
1673,89402,91.0,6,68,0.34438,0.73,True,False,body,60.0,41.0,-10.0
1674,89452,56.0,3,50,0.344196,0.5664,True,False,body,30.0,36.0,-10.0
1675,89488,59.0,4,36,0.344063,0.6406,True,False,wall,40.0,29.0,-10.0
1676,89568,108.0,7,80,0.343769,0.5225,True,False,wall,70.0,48.0,-10.0
1677,89630,67.0,4,62,0.343542,0.6438,True,False,wall,40.0,37.0,-10.0
1678,89644,1.0,0,14,0.34349,0.4914,True,False,wall,0.0,11.0,-10.0
1679,89748,115.0,6,104,0.343109,0.6109,True,False,body,60.0,65.0,-10.0
1680,89758,6.0,1,10,0.343072,0.548,True,False,wall,10.0,6.0,-10.0
1681,89774,3.0,0,16,0.343014,0.5607,True,False,wall,0.0,13.0,-10.0
1682,89837,49.0,3,63,0.342783,0.6961,True,False,body,30.0,29.0,-10.0
1683,89912,59.0,3,75,0.342509,0.6038,True,False,wall,30.0,39.0,-10.0
1684,89934,21.0,2,22,0.342428,0.5061,True,False,wall,20.0,11.0,-10.0
1685,89947,7.0,1,13,0.342381,0.5458,True,False,wall,10.0,7.0,-10.0
1686,89993,42.0,3,46,0.342213,0.5523,True,False,body,30.0,22.0,-10.0
1687,90012,7.0,1,19,0.342143,0.6116,True,False,wall,10.0,7.0,-10.0
1688,90042,10.0,1,30,0.342034,0.6159,True,False,wall,10.0,10.0,-10.0
1689,90137,87.0,5,95,0.341687,0.7044,True,False,body,50.0,47.0,-10.0
1690,90151,4.0,1,14,0.341636,0.7863,True,False,wall,10.0,4.0,-10.0
1691,90214,17.0,1,63,0.341407,0.6019,True,False,wall,10.0,17.0,-10.0
1692,90261,47.0,3,47,0.341236,0.5844,True,False,wall,30.0,27.0,-10.0
1693,90276,7.0,1,15,0.341181,0.5762,True,False,wall,10.0,7.0,-10.0
1694,90330,45.0,4,54,0.340984,0.6523,True,False,body,40.0,15.0,-10.0
1695,90443,152.0,10,113,0.340574,0.5657,True,False,wall,100.0,62.0,-10.0
1696,90520,71.0,3,77,0.340294,0.5214,True,False,body,30.0,51.0,-10.0
1697,90579,47.0,3,59,0.34008,0.5153,True,False,wall,30.0,27.0,-10.0
1698,90638,60.0,4,59,0.339866,0.5678,True,False,body,40.0,30.0,-10.0
1699,90706,87.0,6,68,0.33962,0.5671,True,False,wall,60.0,37.0,-10.0
1700,90738,36.0,3,32,0.339504,0.574,True,False,wall,30.0,16.0,-10.0
1701,90789,57.0,3,51,0.33932,0.6348,True,False,wall,30.0,37.0,-10.0
1702,90856,59.0,3,67,0.339077,0.5281,True,False,body,30.0,39.0,-10.0
1703,90877,20.0,2,21,0.339002,0.6073,True,False,wall,20.0,10.0,-10.0
1704,90964,126.0,8,87,0.338687,0.5434,True,False,body,80.0,56.0,-10.0
1705,91022,96.0,7,58,0.338478,0.6671,True,False,body,70.0,36.0,-10.0
1706,91053,39.0,3,31,0.338367,0.514,True,False,wall,30.0,19.0,-10.0
1707,91126,55.0,3,73,0.338103,0.6021,True,False,wall,30.0,35.0,-10.0
1708,91209,96.0,6,83,0.337805,0.5406,True,False,body,60.0,46.0,-10.0
1709,91262,49.0,3,53,0.337614,0.5814,True,False,body,30.0,29.0,-10.0
1710,91311,59.0,3,49,0.337438,0.5999,True,False,wall,30.0,39.0,-10.0
1711,91355,44.0,3,44,0.33728,0.4923,True,False,wall,30.0,24.0,-10.0
1712,91406,62.0,4,51,0.337097,0.53,True,False,wall,40.0,32.0,-10.0
1713,91445,17.0,1,39,0.336957,0.7781,True,False,wall,10.0,17.0,-10.0
1714,91467,28.0,3,22,0.336878,0.646,True,False,body,30.0,8.0,-10.0
1715,91519,77.0,6,52,0.336692,0.5613,True,False,body,60.0,27.0,-10.0
1716,91539,10.0,1,20,0.33662,0.5702,True,False,wall,10.0,10.0,-10.0
1717,91640,129.0,7,101,0.336258,0.5477,True,False,body,70.0,69.0,-10.0
1718,91656,10.0,1,16,0.336201,0.6822,True,False,wall,10.0,10.0,-10.0
1719,91721,68.0,4,65,0.335969,0.5293,True,False,body,40.0,38.0,-10.0
1720,91803,73.0,4,82,0.335676,0.6961,True,False,wall,40.0,43.0,-10.0
1721,91864,88.0,6,61,0.335458,0.5776,True,False,body,60.0,38.0,-10.0
1722,91923,51.0,3,59,0.335248,0.6785,True,False,body,30.0,31.0,-10.0
1723,91951,21.0,2,28,0.335148,0.6055,True,False,wall,20.0,11.0,-10.0
1724,92019,62.0,3,68,0.334905,0.5864,True,False,wall,30.0,42.0,-10.0
1725,92067,50.0,3,48,0.334735,0.5749,True,False,body,30.0,30.0,-10.0
1726,92158,124.0,8,91,0.334411,0.5651,True,False,body,80.0,54.0,-10.0
1727,92201,32.0,2,43,0.334258,0.5266,True,False,wall,20.0,22.0,-10.0
1728,92297,107.0,6,96,0.333917,0.6128,True,False,body,60.0,57.0,-10.0
1729,92381,90.0,5,84,0.333619,0.5902,True,False,wall,50.0,50.0,-10.0
1730,92415,56.0,5,34,0.333499,0.5089,True,False,body,50.0,16.0,-10.0
1731,92470,65.0,5,55,0.333304,0.578,True,False,wall,50.0,25.0,-10.0
1732,92559,128.0,8,89,0.332989,0.5889,True,False,body,80.0,58.0,-10.0
1733,92630,80.0,4,71,0.332738,0.5318,True,False,body,40.0,50.0,-10.0
1734,92705,91.0,5,75,0.332473,0.7494,True,False,body,50.0,51.0,-10.0
1735,92749,60.0,5,44,0.332317,0.7172,True,False,body,50.0,20.0,-10.0
1736,92878,110.0,6,129,0.331863,0.6425,True,False,wall,60.0,60.0,-10.0
1737,92939,66.0,4,61,0.331648,0.5896,True,False,wall,40.0,36.0,-10.0
1738,93019,61.0,4,80,0.331366,0.5767,True,False,body,40.0,31.0,-10.0
1739,93036,2.0,0,17,0.331306,0.6605,True,False,wall,0.0,12.0,-10.0
1740,93082,57.0,4,46,0.331145,0.9483,True,False,body,40.0,27.0,-10.0
1741,93150,62.0,3,68,0.330906,0.5795,True,False,body,30.0,42.0,-10.0
1742,93194,79.0,6,44,0.330751,0.5989,True,False,body,60.0,29.0,-10.0
1743,93284,97.0,6,90,0.330436,0.6434,True,False,wall,60.0,47.0,-10.0
1744,93371,96.0,6,87,0.330131,0.631,True,False,wall,60.0,46.0,-10.0
1745,93398,35.0,3,27,0.330036,0.5736,True,False,body,30.0,15.0,-10.0
1746,93434,42.0,3,36,0.32991,0.7103,True,False,wall,30.0,22.0,-10.0
1747,93493,52.0,2,59,0.329704,0.5584,True,False,wall,20.0,42.0,-10.0
1748,93562,94.0,6,69,0.329463,0.7219,True,False,body,60.0,44.0,-10.0
1749,93595,41.0,3,33,0.329348,0.7157,True,False,wall,30.0,21.0,-10.0
1750,93706,108.0,6,111,0.32896,0.6193,True,False,wall,60.0,58.0,-10.0
1751,93855,152.0,8,149,0.328441,0.6357,True,False,body,80.0,82.0,-10.0
1752,93870,2.0,0,15,0.328389,0.5694,True,False,wall,0.0,12.0,-10.0
1753,93929,42.0,2,59,0.328184,0.5663,True,False,wall,20.0,32.0,-10.0
1754,93982,63.0,3,53,0.328,0.5807,True,False,body,30.0,43.0,-10.0
1755,94030,33.0,2,48,0.327833,0.6183,True,False,wall,20.0,23.0,-10.0
1756,94101,97.0,5,71,0.327586,0.6343,True,False,wall,50.0,57.0,-10.0
1757,94139,48.0,3,38,0.327455,0.6787,True,False,body,30.0,28.0,-10.0
1758,94155,12.0,1,16,0.327399,0.5691,True,False,wall,10.0,12.0,-10.0
1759,94297,152.0,7,142,0.326907,0.6424,True,False,wall,70.0,92.0,-10.0
1760,94321,12.0,1,24,0.326824,0.4426,True,False,wall,10.0,12.0,-10.0
1761,94345,19.0,2,24,0.326741,0.5366,True,False,wall,20.0,9.0,-10.0
1762,94399,67.0,4,54,0.326554,0.62,True,False,wall,40.0,37.0,-10.0
1763,94414,-2.0,0,15,0.326502,0.6022,True,False,wall,0.0,8.0,-10.0
1764,94432,12.0,1,18,0.32644,0.5364,True,False,wall,10.0,12.0,-10.0
1765,94567,164.0,10,135,0.325974,0.6159,True,False,body,100.0,74.0,-10.0
1766,94604,60.0,4,37,0.325847,0.6043,True,False,wall,40.0,30.0,-10.0
1767,94696,103.0,6,92,0.32553,0.5987,True,False,wall,60.0,53.0,-10.0
1768,94753,64.0,4,57,0.325333,0.5642,True,False,body,40.0,34.0,-10.0
1769,94828,65.0,3,75,0.325075,0.6304,True,False,body,30.0,45.0,-10.0
1770,94902,112.0,7,74,0.324821,0.6035,True,False,body,70.0,52.0,-10.0
1771,95010,115.0,8,108,0.32445,0.7071,True,False,body,80.0,45.0,-10.0
1772,95041,47.0,3,31,0.324344,0.5856,True,False,wall,30.0,27.0,-10.0
1773,95204,182.0,10,163,0.323785,0.6414,True,False,body,100.0,92.0,-10.0
1774,95238,43.0,4,34,0.323669,0.5416,True,False,wall,40.0,13.0,-10.0
1775,95286,66.0,5,48,0.323505,0.6111,True,False,wall,50.0,26.0,-10.0
1776,95319,24.0,2,33,0.323392,0.7257,True,False,wall,20.0,14.0,-10.0
1777,95345,16.0,1,26,0.323303,0.5935,True,False,wall,10.0,16.0,-10.0
1778,95398,77.0,5,53,0.323122,0.5566,True,False,body,50.0,37.0,-10.0
1779,95432,38.0,3,34,0.323006,0.6044,True,False,wall,30.0,18.0,-10.0
1780,95554,125.0,6,122,0.32259,0.5975,True,False,body,60.0,75.0,-10.0
1781,95613,53.0,3,59,0.322389,0.6618,True,False,wall,30.0,33.0,-10.0
1782,95632,13.0,1,19,0.322325,0.5627,True,False,wall,10.0,13.0,-10.0
1783,95698,60.0,3,66,0.3221,0.6887,True,False,wall,30.0,40.0,-10.0
1784,95820,148.0,7,122,0.321685,0.5771,True,False,wall,70.0,88.0,-10.0
1785,95903,77.0,3,83,0.321404,0.5809,True,False,body,30.0,57.0,-10.0
1786,96010,123.0,7,107,0.321041,0.5444,True,False,wall,70.0,63.0,-10.0
1787,96117,133.0,7,107,0.320679,0.5946,True,False,body,70.0,73.0,-10.0
1788,96186,63.0,3,69,0.320445,0.6429,True,False,wall,30.0,43.0,-10.0
1789,96268,94.0,5,82,0.320168,0.5834,True,False,body,50.0,54.0,-10.0
1790,96291,26.0,2,23,0.320091,0.5621,True,False,wall,20.0,16.0,-10.0
1791,96330,36.0,2,39,0.319959,0.513,True,False,wall,20.0,26.0,-10.0
1792,96387,68.0,4,57,0.319767,0.5731,True,False,body,40.0,38.0,-10.0
1793,96440,64.0,4,53,0.319588,0.6821,True,False,body,40.0,34.0,-10.0
1794,96524,101.0,6,84,0.319305,0.6231,True,False,body,60.0,51.0,-10.0
1795,96615,123.0,7,91,0.318999,0.7076,True,False,body,70.0,63.0,-10.0
1796,96693,92.0,5,78,0.318737,0.5945,True,False,body,50.0,52.0,-10.0
1797,96744,43.0,3,51,0.318565,0.641,True,False,body,30.0,23.0,-10.0
1798,96838,133.0,8,94,0.31825,0.6309,True,False,body,80.0,63.0,-10.0
1799,96884,63.0,4,46,0.318096,0.4779,True,False,wall,40.0,33.0,-10.0
1800,96901,-4.0,0,17,0.318039,0.5293,True,False,wall,0.0,6.0,-10.0
1801,96992,99.0,5,91,0.317734,0.6493,True,False,body,50.0,59.0,-10.0
1802,97046,61.0,4,54,0.317554,0.5876,True,False,body,40.0,31.0,-10.0
1803,97064,8.0,1,18,0.317493,0.6489,True,False,wall,10.0,8.0,-10.0
1804,97156,76.0,3,92,0.317186,0.7485,True,False,body,30.0,56.0,-10.0
1805,97230,75.0,4,74,0.316939,0.7195,True,False,wall,40.0,45.0,-10.0
1806,97291,66.0,4,61,0.316735,0.6475,True,False,body,40.0,36.0,-10.0
1807,97353,108.0,7,62,0.316529,0.6258,True,False,body,70.0,48.0,-10.0
1808,97454,125.0,7,101,0.316193,0.5755,True,False,body,70.0,65.0,-10.0
1809,97500,57.0,4,46,0.316039,0.6067,True,False,body,40.0,27.0,-10.0
1810,97521,35.0,3,21,0.31597,0.5777,True,False,body,30.0,15.0,-10.0
1811,97587,62.0,3,66,0.31575,0.6375,True,False,wall,30.0,42.0,-10.0
1812,97615,38.0,3,28,0.315657,0.7042,True,False,body,30.0,18.0,-10.0
1813,97651,36.0,3,36,0.315538,0.5869,True,False,body,30.0,16.0,-10.0
1814,97749,112.0,7,98,0.315213,0.6247,True,False,body,70.0,52.0,-10.0
1815,97769,8.0,1,20,0.315146,0.649,True,False,wall,10.0,8.0,-10.0
1816,97780,0.0,0,11,0.31511,0.6264,True,False,wall,0.0,10.0,-10.0
1817,97798,1.0,0,18,0.31505,0.828,True,False,wall,0.0,11.0,-10.0
1818,97894,109.0,6,96,0.314732,0.6403,True,False,body,60.0,59.0,-10.0
1819,97965,55.0,3,71,0.314498,0.5977,True,False,body,30.0,35.0,-10.0
1820,98044,111.0,7,79,0.314237,0.5595,True,False,wall,70.0,51.0,-10.0
1821,98104,76.0,5,60,0.314038,0.6208,True,False,wall,50.0,36.0,-10.0
1822,98165,69.0,3,61,0.313837,0.7066,True,False,body,30.0,49.0,-10.0
1823,98206,62.0,4,41,0.313702,0.5317,True,False,wall,40.0,32.0,-10.0
1824,98301,155.0,9,95,0.313389,0.6844,True,False,body,90.0,75.0,-10.0
1825,98359,52.0,3,58,0.313198,0.603,True,False,wall,30.0,32.0,-10.0
1826,98380,26.0,2,21,0.313129,0.6758,True,False,wall,20.0,16.0,-10.0
1827,98417,38.0,2,37,0.313007,0.6628,True,False,wall,20.0,28.0,-10.0
1828,98501,76.0,3,84,0.312731,0.7294,True,False,body,30.0,56.0,-10.0
1829,98525,18.0,1,24,0.312653,0.5473,True,False,wall,10.0,18.0,-10.0
1830,98604,81.0,5,79,0.312393,0.5915,True,False,wall,50.0,41.0,-10.0
1831,98682,96.0,5,78,0.312138,0.5884,True,False,body,50.0,56.0,-10.0
1832,98780,79.0,4,98,0.311817,0.567,True,False,body,40.0,49.0,-10.0
1833,98845,81.0,5,65,0.311604,0.5911,True,False,wall,50.0,41.0,-10.0
1834,98854,1.0,1,9,0.311575,0.8353,True,False,wall,10.0,1.0,-10.0
1835,98968,151.0,8,114,0.311202,0.6114,True,False,body,80.0,81.0,-10.0
1836,98983,11.0,1,15,0.311153,0.5419,True,False,wall,10.0,11.0,-10.0
1837,99014,30.0,2,31,0.311052,0.5865,True,False,wall,20.0,20.0,-10.0
1838,99151,209.0,11,137,0.310605,0.5696,True,False,body,110.0,109.0,-10.0
1839,99201,50.0,3,50,0.310443,0.6008,True,False,body,30.0,30.0,-10.0
1840,99249,73.0,6,48,0.310286,0.569,True,False,body,60.0,23.0,-10.0
1841,99266,9.0,1,17,0.310231,0.6006,True,False,wall,10.0,9.0,-10.0
1842,99307,39.0,3,41,0.310098,0.5469,True,False,wall,30.0,19.0,-10.0
1843,99321,10.0,1,14,0.310052,0.6115,True,False,wall,10.0,10.0,-10.0
1844,99418,114.0,6,97,0.309737,0.6174,True,False,body,60.0,64.0,-10.0
1845,99458,57.0,4,40,0.309607,0.5823,True,False,body,40.0,27.0,-10.0
1846,99503,60.0,4,45,0.309461,0.6042,True,False,body,40.0,30.0,-10.0
1847,99519,8.0,1,16,0.309409,0.6063,True,False,wall,10.0,8.0,-10.0
1848,99577,62.0,3,58,0.309221,0.6475,True,False,body,30.0,42.0,-10.0
1849,99722,188.0,10,145,0.308752,0.6121,True,False,body,100.0,98.0,-10.0
1850,99782,61.0,4,60,0.308558,0.6181,True,False,wall,40.0,31.0,-10.0
1851,99798,12.0,1,16,0.308506,0.6404,True,False,wall,10.0,12.0,-10.0
1852,99812,6.0,1,14,0.308461,0.8171,True,False,wall,10.0,6.0,-10.0
1853,99862,58.0,3,50,0.308299,0.6433,True,False,body,30.0,38.0,-10.0
1854,99887,22.0,2,25,0.308219,0.5627,True,False,wall,20.0,12.0,-10.0
1855,99981,111.0,6,94,0.307916,0.6132,True,False,wall,60.0,61.0,-10.0
1856,100094,144.0,8,113,0.307552,0.6415,True,False,wall,80.0,74.0,-10.0
1857,100143,48.0,2,49,0.307394,0.7398,True,False,wall,20.0,38.0,-10.0
1858,100187,36.0,3,44,0.307252,0.6428,True,False,wall,30.0,16.0,-10.0
1859,100323,120.0,7,136,0.306815,0.5774,True,False,body,70.0,60.0,-10.0
1860,100365,50.0,3,42,0.306681,0.6241,True,False,body,30.0,30.0,-10.0
1861,100440,100.0,6,75,0.30644,0.628,True,False,body,60.0,50.0,-10.0
1862,100520,74.0,3,80,0.306184,0.6569,True,False,body,30.0,54.0,-10.0
1863,100623,113.0,7,103,0.305854,0.629,True,False,body,70.0,53.0,-10.0
1864,100642,17.0,1,19,0.305793,0.6276,True,False,wall,10.0,17.0,-10.0
1865,100727,85.0,5,85,0.305522,0.7021,True,False,body,50.0,45.0,-10.0
1866,100740,9.0,1,13,0.30548,0.6354,True,False,wall,10.0,9.0,-10.0
1867,100775,19.0,1,35,0.305368,0.6158,True,False,wall,10.0,19.0,-10.0
1868,100786,-6.0,0,11,0.305333,0.6066,True,False,wall,0.0,4.0,-10.0
1869,100870,103.0,6,84,0.305065,0.5406,True,False,body,60.0,53.0,-10.0
1870,100951,71.0,3,81,0.304807,0.596,True,False,wall,30.0,51.0,-10.0
1871,101096,166.0,8,145,0.304346,0.6309,True,False,wall,80.0,96.0,-10.0
1872,101222,136.0,7,126,0.303946,0.6433,True,False,body,70.0,76.0,-10.0
1873,101273,53.0,3,51,0.303784,0.5585,True,False,body,30.0,33.0,-10.0
1874,101319,70.0,5,46,0.303638,0.5776,True,False,wall,50.0,30.0,-10.0
1875,101393,62.0,3,74,0.303403,0.5717,True,False,body,30.0,42.0,-10.0
1876,101435,20.0,1,42,0.30327,0.5817,True,False,wall,10.0,20.0,-10.0
1877,101498,83.0,5,63,0.303071,0.669,True,False,body,50.0,43.0,-10.0
1878,101561,51.0,3,63,0.302872,0.6378,True,False,body,30.0,31.0,-10.0
1879,101622,67.0,3,61,0.302679,0.556,True,False,wall,30.0,47.0,-10.0
1880,101734,148.0,7,112,0.302325,0.6966,True,False,wall,70.0,88.0,-10.0
1881,101765,24.0,2,31,0.302228,0.652,True,False,wall,20.0,14.0,-10.0
1882,101774,7.0,1,9,0.302199,0.7402,True,False,wall,10.0,7.0,-10.0
1883,101803,23.0,1,29,0.302108,0.6552,True,False,wall,10.0,23.0,-10.0
1884,101866,70.0,4,63,0.301909,0.6107,True,False,body,40.0,40.0,-10.0
1885,101959,108.0,6,93,0.301617,0.5749,True,False,wall,60.0,58.0,-10.0
1886,102078,118.0,6,119,0.301243,0.5729,True,False,body,60.0,68.0,-10.0
1887,102115,33.0,3,37,0.301127,0.7015,True,False,wall,30.0,13.0,-10.0
1888,102138,15.0,1,23,0.301054,0.5478,True,False,wall,10.0,15.0,-10.0
1889,102275,186.0,10,137,0.300625,0.6055,True,False,body,100.0,96.0,-10.0
1890,102297,14.0,1,22,0.300556,0.6757,True,False,wall,10.0,14.0,-10.0
1891,102401,119.0,6,104,0.30023,0.6082,True,False,body,60.0,69.0,-10.0
1892,102432,17.0,1,31,0.300133,0.5485,True,False,wall,10.0,17.0,-10.0
1893,102494,48.0,3,62,0.29994,0.6319,True,False,body,30.0,28.0,-10.0
1894,102515,13.0,1,21,0.299874,0.6429,True,False,wall,10.0,13.0,-10.0
1895,102579,39.0,2,64,0.299674,0.6961,True,False,wall,20.0,29.0,-10.0
1896,102686,149.0,9,107,0.299341,0.6224,True,False,wall,90.0,69.0,-10.0
1897,102806,155.0,8,120,0.298967,0.6183,True,False,body,80.0,85.0,-10.0
1898,102855,77.0,5,49,0.298814,0.6718,True,False,wall,50.0,37.0,-10.0
1899,102930,78.0,4,75,0.298581,0.7023,True,False,wall,40.0,48.0,-10.0
1900,102975,45.0,3,45,0.298441,0.6248,True,False,body,30.0,25.0,-10.0
1901,103090,115.0,7,115,0.298085,0.6431,True,False,wall,70.0,55.0,-10.0
1902,103227,144.0,8,137,0.29766,0.6436,True,False,body,80.0,74.0,-10.0
1903,103240,0.0,0,13,0.29762,0.7338,True,False,wall,0.0,10.0,-10.0
1904,103275,34.0,2,35,0.297512,0.5966,True,False,wall,20.0,24.0,-10.0
1905,103368,102.0,6,93,0.297224,0.5903,True,False,wall,60.0,52.0,-10.0
1906,103430,78.0,5,62,0.297032,0.6892,True,False,body,50.0,38.0,-10.0
1907,103476,39.0,2,46,0.29689,0.676,True,False,wall,20.0,29.0,-10.0
1908,103601,150.0,8,125,0.296505,0.6167,True,False,wall,80.0,80.0,-10.0
1909,103714,129.0,7,113,0.296157,0.656,True,False,body,70.0,69.0,-10.0
1910,103765,57.0,3,51,0.296,0.6499,True,False,wall,30.0,37.0,-10.0
1911,103810,49.0,3,45,0.295862,0.6063,True,False,body,30.0,29.0,-10.0
1912,103858,36.0,3,48,0.295714,0.5917,True,False,wall,30.0,16.0,-10.0
1913,103916,54.0,3,58,0.295536,0.5885,True,False,body,30.0,34.0,-10.0
1914,104036,170.0,9,120,0.295168,0.5866,True,False,wall,90.0,90.0,-10.0
1915,104107,80.0,4,71,0.294951,0.6741,True,False,body,40.0,50.0,-10.0
1916,104126,9.0,1,19,0.294893,0.5388,True,False,wall,10.0,9.0,-10.0
1917,104163,47.0,3,37,0.294779,0.6025,True,False,wall,30.0,27.0,-10.0
1918,104206,60.0,4,43,0.294648,0.6085,True,False,wall,40.0,30.0,-10.0
1919,104222,-1.0,0,16,0.294599,0.6383,True,False,wall,0.0,9.0,-10.0
1920,104270,54.0,3,48,0.294452,0.5984,True,False,body,30.0,34.0,-10.0
1921,104341,103.0,7,71,0.294235,0.672,True,False,body,70.0,43.0,-10.0
1922,104408,85.0,5,67,0.294031,0.6569,True,False,body,50.0,45.0,-10.0
1923,104454,48.0,3,46,0.293891,0.5996,True,False,wall,30.0,28.0,-10.0
1924,104523,83.0,5,69,0.29368,0.6026,True,False,body,50.0,43.0,-10.0
1925,104594,77.0,5,71,0.293464,0.6909,True,False,body,50.0,37.0,-10.0
1926,104668,96.0,5,74,0.293239,0.6327,True,False,body,50.0,56.0,-10.0
1927,104686,8.0,1,18,0.293184,0.6464,True,False,wall,10.0,8.0,-10.0
1928,104719,28.0,2,33,0.293084,0.6777,True,False,wall,20.0,18.0,-10.0
1929,104735,10.0,1,16,0.293035,0.6364,True,False,wall,10.0,10.0,-10.0
1930,104810,91.0,5,75,0.292808,0.6718,True,False,wall,50.0,51.0,-10.0
1931,104864,37.0,2,54,0.292644,0.6766,True,False,wall,20.0,27.0,-10.0
1932,104989,197.0,11,125,0.292265,0.7223,True,False,body,110.0,97.0,-10.0
1933,105090,130.0,8,101,0.291959,0.5885,True,False,body,80.0,60.0,-10.0
1934,105181,118.0,8,91,0.291684,0.6109,True,False,body,80.0,48.0,-10.0
1935,105213,14.0,1,32,0.291588,0.637,True,False,wall,10.0,14.0,-10.0
1936,105275,63.0,4,62,0.2914,0.6283,True,False,body,40.0,33.0,-10.0
1937,105367,94.0,5,92,0.291123,0.653,True,False,body,50.0,54.0,-10.0
1938,105432,72.0,4,65,0.290927,0.6539,True,False,body,40.0,42.0,-10.0
1939,105465,41.0,3,33,0.290828,0.5834,True,False,body,30.0,21.0,-10.0
1940,105543,106.0,7,78,0.290593,0.6888,True,False,body,70.0,46.0,-10.0
1941,105590,66.0,4,47,0.290452,0.627,True,False,body,40.0,36.0,-10.0
1942,105675,134.0,8,85,0.290196,0.6219,True,False,wall,80.0,64.0,-10.0
1943,105732,55.0,3,57,0.290025,0.6598,True,False,wall,30.0,35.0,-10.0
1944,105941,267.0,15,209,0.289399,0.6411,True,False,body,150.0,127.0,-10.0
1945,106031,102.0,7,90,0.28913,0.7383,True,False,body,70.0,42.0,-10.0
1946,106048,9.0,1,17,0.289079,0.625,True,False,wall,10.0,9.0,-10.0
1947,106085,56.0,4,37,0.288969,0.6529,True,False,body,40.0,26.0,-10.0
1948,106176,122.0,6,91,0.288697,0.7233,True,False,body,60.0,72.0,-10.0
1949,106274,124.0,7,98,0.288405,0.6158,True,False,body,70.0,64.0,-10.0
1950,106323,84.0,6,49,0.288259,0.674,True,False,wall,60.0,34.0,-10.0
1951,106387,64.0,3,64,0.288068,0.6474,True,False,body,30.0,44.0,-10.0
1952,106466,87.0,5,79,0.287833,0.6675,True,False,wall,50.0,47.0,-10.0
1953,106490,27.0,2,24,0.287762,0.6544,True,False,wall,20.0,17.0,-10.0
1954,106600,141.0,8,110,0.287435,0.5954,True,False,wall,80.0,71.0,-10.0
1955,106661,63.0,3,61,0.287254,0.6031,True,False,wall,30.0,43.0,-10.0
1956,106690,28.0,2,29,0.287168,0.6252,True,False,wall,20.0,18.0,-10.0
1957,106726,39.0,2,36,0.287062,0.6422,True,False,wall,20.0,29.0,-10.0
1958,106789,101.0,7,63,0.286875,0.8384,True,False,body,70.0,41.0,-10.0
1959,106904,176.0,12,115,0.286535,0.8643,True,False,wall,120.0,66.0,-10.0
1960,106996,98.0,5,92,0.286263,0.6465,True,False,body,50.0,58.0,-10.0
1961,107074,112.0,7,78,0.286033,0.8162,True,False,body,70.0,52.0,-10.0
1962,107149,101.0,7,75,0.285811,0.8102,True,False,body,70.0,41.0,-10.0
1963,107250,133.0,7,101,0.285514,0.7044,True,False,body,70.0,73.0,-10.0
1964,107329,108.0,6,79,0.285281,0.8137,True,False,body,60.0,58.0,-10.0
1965,107399,84.0,5,70,0.285076,0.6217,True,False,body,50.0,44.0,-10.0
1966,107419,12.0,1,20,0.285017,0.9963,True,False,wall,10.0,12.0,-10.0
1967,107459,68.0,5,40,0.284899,0.6055,True,False,body,50.0,28.0,-10.0
1968,107516,60.0,4,57,0.284732,0.6658,True,False,body,40.0,30.0,-10.0
1969,107558,41.0,2,42,0.284609,0.7616,True,False,wall,20.0,31.0,-10.0
1970,107638,73.0,4,80,0.284374,0.7366,True,False,body,40.0,43.0,-10.0
1971,107682,38.0,3,44,0.284246,0.7421,True,False,body,30.0,18.0,-10.0
1972,107709,13.0,1,27,0.284166,0.6482,True,False,wall,10.0,13.0,-10.0
1973,107769,62.0,3,60,0.283991,0.6765,True,False,wall,30.0,42.0,-10.0
1974,107816,53.0,3,47,0.283853,0.6232,True,False,body,30.0,33.0,-10.0
1975,107880,55.0,2,64,0.283666,0.712,True,False,wall,20.0,45.0,-10.0
1976,107938,65.0,4,58,0.283497,0.6573,True,False,wall,40.0,35.0,-10.0
1977,108009,57.0,3,71,0.28329,0.668,True,False,wall,30.0,37.0,-10.0
1978,108040,43.0,3,31,0.2832,0.6444,True,False,wall,30.0,23.0,-10.0
1979,108058,10.0,1,18,0.283147,0.6764,True,False,wall,10.0,10.0,-10.0
1980,108144,71.0,4,86,0.282897,0.7064,True,False,body,40.0,41.0,-10.0
1981,108299,120.0,6,155,0.282446,0.7411,True,False,body,60.0,70.0,-10.0
1982,108401,129.0,8,102,0.28215,0.6889,True,False,body,80.0,59.0,-10.0
1983,108457,44.0,3,56,0.281987,0.6504,True,False,body,30.0,24.0,-10.0
1984,108496,58.0,4,39,0.281874,0.6698,True,False,wall,40.0,28.0,-10.0
1985,108548,62.0,3,52,0.281723,0.7542,True,False,wall,30.0,42.0,-10.0
1986,108683,198.0,12,135,0.281333,0.7432,True,False,wall,120.0,88.0,-10.0
1987,108809,137.0,8,126,0.280969,0.7254,True,False,body,80.0,67.0,-10.0
1988,108867,58.0,3,58,0.280801,0.7084,True,False,wall,30.0,38.0,-10.0
1989,108933,86.0,5,66,0.280611,0.6622,True,False,wall,50.0,46.0,-10.0
1990,108963,23.0,2,30,0.280525,0.6457,True,False,wall,20.0,13.0,-10.0
1991,109005,56.0,3,42,0.280404,0.8132,True,False,body,30.0,36.0,-10.0
1992,109152,168.0,10,147,0.279981,0.7287,True,False,body,100.0,78.0,-10.0
1993,109255,126.0,6,103,0.279685,0.6925,True,False,wall,60.0,76.0,-10.0
1994,109264,-2.0,0,9,0.279659,0.8052,True,False,wall,0.0,8.0,-10.0
1995,109375,128.0,6,111,0.27934,0.6363,True,False,wall,60.0,78.0,-10.0
1996,109552,273.0,15,177,0.278834,0.662,True,False,body,150.0,133.0,-10.0
1997,109714,178.0,9,162,0.278371,0.6945,True,False,body,90.0,98.0,-10.0
1998,109731,11.0,1,17,0.278322,0.65,True,False,wall,10.0,11.0,-10.0
1999,109773,44.0,3,42,0.278202,0.714,True,False,wall,30.0,24.0,-10.0
2000,109803,32.0,3,30,0.278117,0.61,True,False,body,30.0,12.0,-10.0
2001,109864,97.0,7,61,0.277943,0.7133,True,False,body,70.0,37.0,-10.0
2002,109897,28.0,2,33,0.277849,0.6689,True,False,wall,20.0,18.0,-10.0
2003,109986,124.0,8,89,0.277595,0.7714,True,False,body,80.0,54.0,-10.0
2004,109995,-4.0,0,9,0.27757,0.7917,True,False,wall,0.0,6.0,-10.0
2005,110013,10.0,1,18,0.277519,0.631,True,False,wall,10.0,10.0,-10.0
2006,110023,-3.0,0,10,0.27749,0.6738,True,False,wall,0.0,7.0,-10.0
2007,110121,115.0,6,98,0.277212,0.6445,True,False,body,60.0,65.0,-10.0
2008,110168,64.0,4,47,0.277078,0.6627,True,False,wall,40.0,34.0,-10.0
2009,110197,34.0,2,29,0.276996,0.6905,True,False,wall,20.0,24.0,-10.0
2010,110216,2.0,0,19,0.276942,0.7736,True,False,wall,0.0,12.0,-10.0
2011,110280,75.0,4,64,0.276761,0.6413,True,False,wall,40.0,45.0,-10.0
2012,110338,87.0,6,58,0.276596,0.658,True,False,body,60.0,37.0,-10.0
2013,110405,83.0,5,67,0.276407,0.668,True,False,wall,50.0,43.0,-10.0
2014,110475,84.0,5,70,0.276209,0.7368,True,False,body,50.0,44.0,-10.0
2015,110548,51.0,3,73,0.276002,0.7923,True,False,wall,30.0,31.0,-10.0
2016,110566,1.0,0,18,0.275951,0.6496,True,False,wall,0.0,11.0,-10.0
2017,110759,218.0,10,193,0.275407,0.6756,True,False,wall,100.0,128.0,-10.0
2018,110804,38.0,2,45,0.27528,0.6681,True,False,wall,20.0,28.0,-10.0
2019,110879,95.0,5,75,0.275069,0.7682,True,False,body,50.0,55.0,-10.0
2020,110969,122.0,7,90,0.274816,0.6931,True,False,wall,70.0,62.0,-10.0
2021,110997,25.0,2,28,0.274737,0.9789,True,False,wall,20.0,15.0,-10.0
2022,111105,133.0,8,108,0.274434,0.728,True,False,body,80.0,63.0,-10.0
2023,111137,31.0,2,32,0.274344,0.9769,True,False,wall,20.0,21.0,-10.0
2024,111311,235.0,14,174,0.273857,0.704,True,False,body,140.0,105.0,-10.0
2025,111336,19.0,1,25,0.273787,0.9902,True,False,wall,10.0,19.0,-10.0
2026,111456,179.0,10,120,0.273452,0.6742,True,False,body,100.0,89.0,-10.0
2027,111505,75.0,5,49,0.273315,0.7158,True,False,body,50.0,35.0,-10.0
2028,111573,73.0,4,68,0.273125,0.6777,True,False,wall,40.0,43.0,-10.0
2029,111633,95.0,6,60,0.272958,0.7433,True,False,body,60.0,45.0,-10.0
2030,111740,144.0,8,107,0.27266,0.7108,True,False,wall,80.0,74.0,-10.0
2031,111839,114.0,6,99,0.272384,0.7312,True,False,body,60.0,64.0,-10.0
2032,111920,100.0,6,81,0.272159,0.7797,True,False,wall,60.0,50.0,-10.0
2033,111965,51.0,3,45,0.272034,0.8672,True,False,wall,30.0,31.0,-10.0
2034,112030,94.0,6,65,0.271854,0.7908,True,False,body,60.0,44.0,-10.0
2035,112086,63.0,4,56,0.271699,0.795,True,False,wall,40.0,33.0,-10.0
2036,112239,158.0,8,153,0.271275,0.8723,True,False,body,80.0,88.0,-10.0
2037,112295,68.0,5,56,0.27112,0.7044,True,False,body,50.0,28.0,-10.0
2038,112310,9.0,1,15,0.271079,1.0811,True,False,wall,10.0,9.0,-10.0
2039,112365,66.0,4,55,0.270927,0.6553,True,False,wall,40.0,36.0,-10.0
2040,112432,77.0,5,67,0.270742,0.8193,True,False,body,50.0,37.0,-10.0
2041,112469,53.0,3,37,0.27064,0.6901,True,False,body,30.0,33.0,-10.0
2042,112598,157.0,9,129,0.270284,0.6993,True,False,body,90.0,77.0,-10.0
2043,112612,1.0,0,14,0.270246,0.7224,True,False,wall,0.0,11.0,-10.0
2044,112657,32.0,2,45,0.270122,0.7862,True,False,wall,20.0,22.0,-10.0
2045,112732,123.0,7,75,0.269916,0.8086,True,False,wall,70.0,63.0,-10.0
2046,112751,11.0,1,19,0.269864,0.7247,True,False,wall,10.0,11.0,-10.0
2047,112821,86.0,5,70,0.269671,0.6763,True,False,wall,50.0,46.0,-10.0
2048,112851,27.0,2,30,0.269589,0.9518,True,False,wall,20.0,17.0,-10.0
2049,112997,206.0,11,146,0.269189,0.7386,True,False,wall,110.0,106.0,-10.0
2050,113020,26.0,2,23,0.269126,0.7213,True,False,wall,20.0,16.0,-10.0
2051,113053,56.0,4,33,0.269035,0.9017,True,False,body,40.0,26.0,-10.0
2052,113107,82.0,5,54,0.268887,0.7028,True,False,wall,50.0,42.0,-10.0
2053,113121,6.0,1,14,0.268849,0.6548,True,False,wall,10.0,6.0,-10.0
2054,113237,165.0,10,116,0.268532,0.763,True,False,body,100.0,75.0,-10.0
2055,113297,48.0,3,60,0.268368,0.8757,True,False,body,30.0,28.0,-10.0
2056,113371,98.0,5,74,0.268166,0.7023,True,False,wall,50.0,58.0,-10.0
2057,113386,11.0,1,15,0.268125,0.6183,True,False,wall,10.0,11.0,-10.0
2058,113446,73.0,4,60,0.267962,0.7382,True,False,wall,40.0,43.0,-10.0
2059,113509,102.0,6,63,0.26779,0.7991,True,False,body,60.0,52.0,-10.0
2060,113578,76.0,4,69,0.267602,0.8346,True,False,body,40.0,46.0,-10.0
2061,113644,84.0,5,66,0.267423,0.688,True,False,body,50.0,44.0,-10.0
2062,113726,94.0,5,82,0.2672,0.8126,True,False,wall,50.0,54.0,-10.0
2063,113754,16.0,1,28,0.267124,0.7247,True,False,wall,10.0,16.0,-10.0
2064,113954,247.0,14,200,0.266582,0.7491,True,False,body,140.0,117.0,-10.0
2065,114029,75.0,5,75,0.266379,0.6283,True,False,body,50.0,35.0,-10.0
2066,114043,8.0,1,14,0.266341,0.7377,True,False,wall,10.0,8.0,-10.0
2067,114095,73.0,4,52,0.266201,0.7638,True,False,wall,40.0,43.0,-10.0
2068,114181,90.0,5,86,0.265968,0.6916,True,False,wall,50.0,50.0,-10.0
2069,114232,41.0,3,51,0.265831,0.7641,True,False,wall,30.0,21.0,-10.0
2070,114269,32.0,2,37,0.265731,0.9358,True,False,wall,20.0,22.0,-10.0
2071,114359,101.0,6,90,0.265488,0.6873,True,False,body,60.0,51.0,-10.0
2072,114501,199.0,10,142,0.265106,0.816,True,False,body,100.0,109.0,-10.0
2073,114549,46.0,3,48,0.264977,0.9525,True,False,wall,30.0,26.0,-10.0
2074,114632,117.0,7,83,0.264754,0.7378,True,False,body,70.0,57.0,-10.0
2075,114682,69.0,4,50,0.26462,0.7905,True,False,body,40.0,39.0,-10.0
2076,114779,107.0,7,97,0.26436,0.7526,True,False,body,70.0,47.0,-10.0
2077,114818,26.0,2,39,0.264256,0.7459,True,False,wall,20.0,16.0,-10.0
2078,114856,50.0,3,38,0.264154,0.7602,True,False,wall,30.0,30.0,-10.0
2079,114875,-4.0,0,19,0.264103,0.7779,True,False,wall,0.0,6.0,-10.0
2080,114911,28.0,1,36,0.264007,0.7144,True,False,wall,10.0,28.0,-10.0
2081,114974,66.0,4,63,0.263838,0.8189,True,False,body,40.0,36.0,-10.0
2082,115124,180.0,9,150,0.263438,0.7225,True,False,body,90.0,100.0,-10.0
2083,115210,86.0,5,86,0.263208,0.696,True,False,wall,50.0,46.0,-10.0
2084,115267,70.0,4,57,0.263056,0.7103,True,False,wall,40.0,40.0,-10.0
2085,115302,49.0,3,35,0.262963,0.7012,True,False,body,30.0,29.0,-10.0
2086,115446,200.0,11,144,0.26258,0.7222,True,False,body,110.0,100.0,-10.0
2087,115516,108.0,7,70,0.262394,0.847,True,False,body,70.0,48.0,-10.0
2088,115592,71.0,4,76,0.262193,0.6956,True,False,body,40.0,41.0,-10.0
2089,115636,40.0,3,44,0.262076,0.8166,True,False,body,30.0,20.0,-10.0
2090,115730,104.0,5,94,0.261827,0.8301,True,False,wall,50.0,64.0,-10.0
2091,115791,55.0,3,61,0.261666,0.8056,True,False,body,30.0,35.0,-10.0
2092,115825,40.0,3,34,0.261576,0.8081,True,False,body,30.0,20.0,-10.0
2093,115847,29.0,2,22,0.261517,0.6412,True,False,wall,20.0,19.0,-10.0
2094,115919,110.0,7,72,0.261327,0.8312,True,False,wall,70.0,50.0,-10.0
2095,116003,88.0,5,84,0.261105,0.7844,True,False,body,50.0,48.0,-10.0
2096,116030,26.0,2,27,0.261034,0.6126,True,False,wall,20.0,16.0,-10.0
2097,116077,51.0,3,47,0.26091,0.7612,True,False,body,30.0,31.0,-10.0
2098,116172,119.0,7,95,0.26066,0.7598,True,False,body,70.0,59.0,-10.0
2099,116240,97.0,6,68,0.260481,0.8753,True,False,wall,60.0,47.0,-10.0
2100,116306,98.0,7,66,0.260307,0.7563,True,False,body,70.0,38.0,-10.0
2101,116379,95.0,5,73,0.260115,0.7591,True,False,wall,50.0,55.0,-10.0
2102,116411,38.0,3,32,0.260031,0.7088,True,False,body,30.0,18.0,-10.0
2103,116495,111.0,6,84,0.259811,0.7706,True,False,body,60.0,61.0,-10.0
2104,116626,191.0,11,131,0.259468,0.7184,True,False,wall,110.0,91.0,-10.0
2105,116652,40.0,3,26,0.2594,0.6742,True,False,body,30.0,20.0,-10.0
2106,116727,65.0,3,75,0.259203,0.7828,True,False,wall,30.0,45.0,-10.0
2107,116911,253.0,12,184,0.258723,0.7049,True,False,body,120.0,143.0,-10.0
2108,116939,33.0,2,28,0.25865,0.7046,True,False,wall,20.0,23.0,-10.0
2109,116978,41.0,3,39,0.258548,0.8791,True,False,wall,30.0,21.0,-10.0
2110,117055,117.0,7,77,0.258347,0.7196,True,False,wall,70.0,57.0,-10.0
2111,117092,40.0,2,37,0.258251,0.7795,True,False,wall,20.0,30.0,-10.0
2112,117128,35.0,2,36,0.258157,0.7073,True,False,wall,20.0,25.0,-10.0
2113,117178,54.0,3,50,0.258027,0.6578,True,False,body,30.0,34.0,-10.0
2114,117251,94.0,6,73,0.257838,0.759,True,False,wall,60.0,44.0,-10.0
2115,117267,19.0,2,16,0.257796,0.6752,True,False,wall,20.0,9.0,-10.0
2116,117304,38.0,2,37,0.2577,0.8604,True,False,wall,20.0,28.0,-10.0
2117,117419,136.0,8,115,0.257402,0.7568,True,False,body,80.0,66.0,-10.0
2118,117461,65.0,4,42,0.257293,0.7611,True,False,body,40.0,35.0,-10.0
2119,117489,36.0,3,28,0.25722,1.0681,True,False,wall,30.0,16.0,-10.0
2120,117772,374.0,18,283,0.256489,0.7414,True,False,body,180.0,204.0,-10.0
2121,117843,122.0,8,71,0.256305,0.7867,True,False,body,80.0,52.0,-10.0
2122,117887,45.0,2,44,0.256192,0.7525,True,False,wall,20.0,35.0,-10.0
2123,117957,93.0,6,70,0.256012,0.6907,True,False,body,60.0,43.0,-10.0
2124,118103,210.0,11,146,0.255636,0.8017,True,False,body,110.0,110.0,-10.0
2125,118118,20.0,2,15,0.255597,0.7469,True,False,wall,20.0,10.0,-10.0
2126,118184,112.0,7,66,0.255428,0.7918,True,False,wall,70.0,52.0,-10.0
2127,118293,100.0,6,109,0.255148,0.7972,True,False,body,60.0,50.0,-10.0
2128,118365,147.0,10,72,0.254964,0.7728,True,False,body,100.0,57.0,-10.0
2129,118444,106.0,6,79,0.254761,0.728,True,False,body,60.0,56.0,-10.0
2130,118491,51.0,3,47,0.254641,0.9385,True,False,body,30.0,31.0,-10.0
2131,118597,143.0,8,106,0.25437,0.7741,True,False,wall,80.0,73.0,-10.0
2132,118810,348.0,18,213,0.253827,0.8277,True,False,wall,180.0,178.0,-10.0
2133,118822,19.0,2,12,0.253796,0.7838,True,False,wall,20.0,9.0,-10.0
2134,118876,76.0,5,54,0.253659,0.7669,True,False,wall,50.0,36.0,-10.0
2135,118909,39.0,3,33,0.253575,0.8345,True,False,body,30.0,19.0,-10.0
2136,118993,96.0,5,84,0.253361,0.754,True,False,body,50.0,56.0,-10.0
2137,119125,164.0,9,132,0.253026,0.777,True,False,wall,90.0,84.0,-10.0
2138,119167,66.0,5,42,0.252919,0.8002,True,False,wall,50.0,26.0,-10.0
2139,119240,96.0,6,73,0.252734,0.7386,True,False,wall,60.0,46.0,-10.0
2140,119267,20.0,2,27,0.252666,0.686,True,False,wall,20.0,10.0,-10.0
2141,119319,80.0,5,52,0.252534,0.7195,True,False,wall,50.0,40.0,-10.0
2142,119401,93.0,4,82,0.252326,0.816,True,False,wall,40.0,63.0,-10.0
2143,119411,8.0,1,10,0.252301,0.6741,True,False,wall,10.0,8.0,-10.0
2144,119466,61.0,3,55,0.252162,0.776,True,False,wall,30.0,41.0,-10.0
2145,119511,51.0,3,45,0.252048,0.7647,True,False,wall,30.0,31.0,-10.0
2146,119561,44.0,3,50,0.251922,0.7615,True,False,wall,30.0,24.0,-10.0
2147,119727,195.0,10,166,0.251504,0.7594,True,False,body,100.0,105.0,-10.0
2148,119862,211.0,13,135,0.251164,0.7874,True,False,body,130.0,91.0,-10.0
2149,119975,168.0,10,113,0.25088,0.8521,True,False,wall,100.0,78.0,-10.0
2150,120016,30.0,2,41,0.250777,0.71,True,False,wall,20.0,20.0,-10.0
2151,120090,101.0,6,74,0.250591,0.7798,True,False,wall,60.0,51.0,-10.0
2152,120139,59.0,3,49,0.250469,0.6257,True,False,wall,30.0,39.0,-10.0
2153,120150,9.0,1,11,0.250441,0.8669,True,False,wall,10.0,9.0,-10.0
2154,120166,10.0,1,16,0.250401,0.8204,True,False,wall,10.0,10.0,-10.0
2155,120190,21.0,2,24,0.250341,0.9171,True,False,wall,20.0,11.0,-10.0
2156,120396,242.0,13,206,0.249826,0.7396,True,False,wall,130.0,122.0,-10.0
2157,120497,138.0,8,101,0.249573,0.8333,True,False,body,80.0,68.0,-10.0
2158,120558,90.0,6,61,0.249421,0.8282,True,False,body,60.0,40.0,-10.0
2159,120583,28.0,2,25,0.249359,0.8403,True,False,wall,20.0,18.0,-10.0
2160,120711,182.0,11,128,0.24904,0.7821,True,False,wall,110.0,82.0,-10.0
2161,120769,56.0,3,58,0.248896,0.7579,True,False,wall,30.0,36.0,-10.0
2162,120850,105.0,5,81,0.248695,0.8452,True,False,body,50.0,65.0,-10.0
2163,120927,95.0,5,77,0.248504,0.7814,True,False,wall,50.0,55.0,-10.0
2164,120967,50.0,3,40,0.248404,0.8579,True,False,body,30.0,30.0,-10.0
2165,120995,20.0,1,28,0.248335,0.8128,True,False,wall,10.0,20.0,-10.0
2166,121032,43.0,3,37,0.248243,0.7269,True,False,wall,30.0,23.0,-10.0
2167,121160,184.0,11,128,0.247926,0.811,True,False,body,110.0,84.0,-10.0
2168,121180,16.0,1,20,0.247877,0.771,True,False,wall,10.0,16.0,-10.0
2169,121271,133.0,9,91,0.247652,0.78,True,False,wall,90.0,53.0,-10.0
2170,121420,209.0,11,149,0.247284,0.814,True,False,wall,110.0,109.0,-10.0
2171,121466,40.0,3,46,0.247171,0.7373,True,False,wall,30.0,20.0,-10.0
2172,121499,45.0,3,33,0.247089,0.7824,True,False,body,30.0,25.0,-10.0
2173,121516,22.0,2,17,0.247047,0.7956,True,False,wall,20.0,12.0,-10.0
2174,121536,21.0,2,20,0.246998,0.8032,True,False,wall,20.0,11.0,-10.0
2175,121595,83.0,5,59,0.246853,0.7726,True,False,body,50.0,43.0,-10.0
2176,121618,30.0,2,23,0.246796,0.7145,True,False,wall,20.0,20.0,-10.0
2177,121671,43.0,3,53,0.246666,0.767,True,False,wall,30.0,23.0,-10.0
2178,121762,119.0,7,91,0.246442,0.7168,True,False,body,70.0,59.0,-10.0
2179,121804,59.0,4,42,0.246339,0.693,True,False,wall,40.0,29.0,-10.0
2180,121858,65.0,4,54,0.246207,0.7562,True,False,body,40.0,35.0,-10.0
2181,121960,118.0,7,102,0.245957,0.786,True,False,body,70.0,58.0,-10.0
2182,122018,67.0,4,58,0.245815,0.7901,True,False,body,40.0,37.0,-10.0
2183,122086,63.0,4,68,0.245649,0.7402,True,False,body,40.0,33.0,-10.0
2184,122119,47.0,3,33,0.245568,0.8231,True,False,body,30.0,27.0,-10.0
2185,122217,131.0,8,98,0.245328,0.7916,True,False,body,80.0,61.0,-10.0
2186,122250,11.0,1,33,0.245248,0.6867,True,False,wall,10.0,11.0,-10.0
2187,122285,41.0,3,35,0.245162,0.7634,True,False,body,30.0,21.0,-10.0
2188,122326,51.0,3,41,0.245062,0.826,True,False,body,30.0,31.0,-10.0
2189,122480,187.0,10,154,0.244687,0.7511,True,False,body,100.0,97.0,-10.0
2190,122535,88.0,6,55,0.244554,0.8109,True,False,body,60.0,38.0,-10.0
2191,122616,95.0,5,81,0.244357,0.8854,True,False,body,50.0,55.0,-10.0
2192,122642,25.0,2,26,0.244293,0.7453,True,False,wall,20.0,15.0,-10.0
2193,122738,126.0,7,96,0.24406,0.782,True,False,body,70.0,66.0,-10.0
2194,122818,85.0,4,80,0.243866,0.7553,True,False,wall,40.0,55.0,-10.0
2195,122903,126.0,8,85,0.243661,0.8794,True,False,body,80.0,56.0,-10.0
2196,122948,82.0,6,45,0.243552,0.7201,True,False,body,60.0,32.0,-10.0
2197,122967,13.0,1,19,0.243506,0.7758,True,False,wall,10.0,13.0,-10.0
2198,123015,50.0,3,48,0.24339,0.7665,True,False,wall,30.0,30.0,-10.0
2199,123171,208.0,11,156,0.243013,0.7685,True,False,body,110.0,108.0,-10.0
2200,123249,103.0,6,78,0.242825,0.8058,True,False,body,60.0,53.0,-10.0
2201,123339,105.0,6,90,0.242608,0.8625,True,False,wall,60.0,55.0,-10.0
2202,123411,97.0,6,72,0.242435,0.7325,True,False,body,60.0,47.0,-10.0
2203,123535,138.0,7,124,0.242137,0.8103,True,False,body,70.0,78.0,-10.0
2204,123578,55.0,3,43,0.242033,1.0434,True,False,body,30.0,35.0,-10.0
2205,123611,36.0,2,33,0.241954,0.878,True,False,wall,20.0,26.0,-10.0
2206,123672,75.0,5,61,0.241808,0.8087,True,False,body,50.0,35.0,-10.0
2207,123764,124.0,7,92,0.241588,0.7817,True,False,body,70.0,64.0,-10.0
2208,123816,56.0,3,52,0.241463,0.7072,True,False,body,30.0,36.0,-10.0
2209,123918,112.0,5,102,0.241219,0.803,True,False,body,50.0,72.0,-10.0
2210,124010,110.0,7,92,0.240999,0.7553,True,False,body,70.0,50.0,-10.0
2211,124030,16.0,1,20,0.240952,0.7071,True,False,wall,10.0,16.0,-10.0
2212,124063,54.0,4,33,0.240873,0.7816,True,False,wall,40.0,24.0,-10.0
2213,124122,75.0,5,59,0.240732,0.804,True,False,wall,50.0,35.0,-10.0
2214,124203,96.0,6,81,0.240539,0.7796,True,False,body,60.0,46.0,-10.0
2215,124217,8.0,1,14,0.240506,0.7835,True,False,wall,10.0,8.0,-10.0
2216,124253,64.0,5,36,0.24042,0.9362,True,False,wall,50.0,24.0,-10.0
2217,124288,43.0,3,35,0.240337,0.8047,True,False,body,30.0,23.0,-10.0
2218,124336,76.0,5,48,0.240223,0.7536,True,False,body,50.0,36.0,-10.0
2219,124355,11.0,1,19,0.240177,0.8001,True,False,wall,10.0,11.0,-10.0
2220,124531,246.0,13,176,0.239759,0.8079,True,False,body,130.0,126.0,-10.0
2221,124568,43.0,3,37,0.239672,0.7425,True,False,wall,30.0,23.0,-10.0
2222,124611,57.0,3,43,0.23957,0.8051,True,False,body,30.0,37.0,-10.0
2223,124647,20.0,1,36,0.239485,0.7783,True,False,wall,10.0,20.0,-10.0
2224,124759,131.0,6,112,0.239219,0.7351,True,False,body,60.0,81.0,-10.0
2225,124846,104.0,6,87,0.239014,0.7455,True,False,body,60.0,54.0,-10.0
2226,124969,152.0,8,123,0.238723,0.7573,True,False,body,80.0,82.0,-10.0
2227,125069,150.0,9,100,0.238488,0.8989,True,False,body,90.0,70.0,-10.0
2228,125125,89.0,6,56,0.238356,0.834,True,False,body,60.0,39.0,-10.0
2229,125203,93.0,6,78,0.238172,0.8599,True,False,body,60.0,43.0,-10.0
2230,125237,31.0,2,34,0.238092,0.8161,True,False,wall,20.0,21.0,-10.0
2231,125260,13.0,1,23,0.238038,0.75,True,False,wall,10.0,13.0,-10.0
2232,125293,19.0,1,33,0.237961,0.7834,True,False,wall,10.0,19.0,-10.0
2233,125424,184.0,10,131,0.237653,0.816,True,False,body,100.0,94.0,-10.0
2234,125440,23.0,2,16,0.237616,0.7463,True,False,wall,20.0,13.0,-10.0
2235,125454,10.0,1,14,0.237583,0.6703,True,False,wall,10.0,10.0,-10.0
2236,125544,124.0,7,90,0.237372,0.7566,True,False,body,70.0,64.0,-10.0
2237,125647,116.0,6,103,0.237131,0.7677,True,False,body,60.0,66.0,-10.0
2238,125714,87.0,5,67,0.236974,0.8514,True,False,wall,50.0,47.0,-10.0
2239,125754,53.0,4,40,0.236881,1.0331,True,False,wall,40.0,23.0,-10.0
2240,125861,126.0,6,107,0.236631,0.7649,True,False,wall,60.0,76.0,-10.0
2241,125996,192.0,10,135,0.236316,0.8341,True,False,body,100.0,102.0,-10.0
2242,126031,61.0,5,35,0.236235,0.7643,True,False,body,50.0,21.0,-10.0
2243,126133,131.0,8,102,0.235997,0.7972,True,False,body,80.0,61.0,-10.0
2244,126258,149.0,9,125,0.235707,0.8378,True,False,body,90.0,69.0,-10.0
2245,126319,89.0,5,61,0.235565,0.7787,True,False,body,50.0,49.0,-10.0
2246,126408,83.0,5,89,0.235359,0.821,True,False,body,50.0,43.0,-10.0
2247,126422,10.0,1,14,0.235327,0.8132,True,False,wall,10.0,10.0,-10.0
2248,126495,75.0,5,73,0.235158,0.8166,True,False,wall,50.0,35.0,-10.0
2249,126567,86.0,5,72,0.234991,0.8089,True,False,body,50.0,46.0,-10.0
2250,126644,85.0,5,77,0.234813,0.9006,True,False,body,50.0,45.0,-10.0
2251,126686,48.0,3,42,0.234716,0.8539,True,False,wall,30.0,28.0,-10.0
2252,126928,328.0,19,242,0.234158,0.8392,True,False,wall,190.0,148.0,-10.0
2253,126968,59.0,4,40,0.234066,0.9492,True,False,body,40.0,29.0,-10.0
2254,127010,28.0,1,42,0.233969,0.9121,True,False,wall,10.0,28.0,-10.0
2255,127066,69.0,4,56,0.233841,1.0332,True,False,wall,40.0,39.0,-10.0
2256,127103,45.0,3,37,0.233756,0.8673,True,False,body,30.0,25.0,-10.0
2257,127140,50.0,4,37,0.233671,0.8707,True,False,body,40.0,20.0,-10.0
2258,127182,37.0,2,42,0.233574,0.7668,True,False,wall,20.0,27.0,-10.0
2259,127195,5.0,1,13,0.233545,0.7306,True,False,wall,10.0,5.0,-10.0
2260,127214,11.0,1,19,0.233501,0.6922,True,False,wall,10.0,11.0,-10.0
2261,127350,194.0,11,136,0.233189,0.8639,True,False,body,110.0,94.0,-10.0
2262,127462,149.0,8,112,0.232933,0.8187,True,False,body,80.0,79.0,-10.0
2263,127479,11.0,1,17,0.232894,1.0957,True,False,wall,10.0,11.0,-10.0
2264,127501,16.0,1,22,0.232844,0.8963,True,False,wall,10.0,16.0,-10.0
2265,127613,149.0,8,112,0.232588,0.8308,True,False,wall,80.0,79.0,-10.0
2266,127671,74.0,5,58,0.232456,0.7676,True,False,wall,50.0,34.0,-10.0
2267,127763,118.0,7,92,0.232246,0.7483,True,False,body,70.0,58.0,-10.0
2268,127819,73.0,4,56,0.232118,0.9215,True,False,wall,40.0,43.0,-10.0
2269,127832,11.0,1,13,0.232089,0.9972,True,False,wall,10.0,11.0,-10.0
2270,127867,23.0,1,35,0.232009,0.8012,True,False,wall,10.0,23.0,-10.0
2271,127945,120.0,7,78,0.231832,0.9033,True,False,body,70.0,60.0,-10.0
2272,128042,106.0,6,97,0.231611,0.8538,True,False,body,60.0,56.0,-10.0
2273,128147,134.0,8,105,0.231373,0.7718,True,False,body,80.0,64.0,-10.0
2274,128164,2.0,0,17,0.231335,0.7568,True,False,wall,0.0,12.0,-10.0
2275,128244,96.0,5,80,0.231154,0.8078,True,False,body,50.0,56.0,-10.0
2276,128370,179.0,10,126,0.230868,0.7919,True,False,body,100.0,89.0,-10.0
2277,128391,26.0,2,21,0.230821,0.8031,True,False,wall,20.0,16.0,-10.0
2278,128402,7.0,1,11,0.230796,0.5694,True,False,wall,10.0,7.0,-10.0
2279,128444,67.0,4,42,0.230701,0.8945,True,False,wall,40.0,37.0,-10.0
2280,128535,118.0,6,91,0.230496,0.7598,True,False,body,60.0,68.0,-10.0
2281,128715,283.0,18,180,0.23009,0.8386,True,False,wall,180.0,113.0,-10.0
2282,128793,92.0,5,78,0.229915,0.836,True,False,wall,50.0,52.0,-10.0
2283,128836,63.0,5,43,0.229818,0.8366,True,False,body,50.0,23.0,-10.0
2284,128922,113.0,6,86,0.229625,0.8822,True,False,body,60.0,63.0,-10.0
2285,128976,78.0,5,54,0.229504,0.9269,True,False,wall,50.0,38.0,-10.0
2286,129021,53.0,3,45,0.229403,0.8603,True,False,body,30.0,33.0,-10.0
2287,129079,73.0,4,58,0.229273,0.9144,True,False,body,40.0,43.0,-10.0
2288,129327,339.0,18,248,0.228718,0.8109,True,False,body,180.0,169.0,-10.0
2289,129361,48.0,3,34,0.228642,0.8411,True,False,wall,30.0,28.0,-10.0
2290,129416,72.0,4,55,0.228519,0.8632,True,False,wall,40.0,42.0,-10.0
2291,129448,53.0,4,32,0.228448,0.9942,True,False,wall,40.0,23.0,-10.0
2292,129458,6.0,1,10,0.228425,0.8843,True,False,wall,10.0,6.0,-10.0
2293,129543,104.0,6,85,0.228236,0.7839,True,False,body,60.0,54.0,-10.0
2294,129559,12.0,1,16,0.2282,0.8766,True,False,wall,10.0,12.0,-10.0
2295,129637,99.0,6,78,0.228026,0.7809,True,False,body,60.0,49.0,-10.0
2296,129653,14.0,1,16,0.227991,0.7426,True,False,wall,10.0,14.0,-10.0
2297,129712,97.0,7,59,0.22786,0.8392,True,False,body,70.0,37.0,-10.0
2298,129792,84.0,5,80,0.227682,0.8424,True,False,wall,50.0,44.0,-10.0
2299,129885,128.0,8,93,0.227475,0.8528,True,False,body,80.0,58.0,-10.0
2300,130002,128.0,8,117,0.227216,0.8445,True,False,wall,80.0,58.0,-10.0
2301,130075,95.0,5,73,0.227054,0.8882,True,False,wall,50.0,55.0,-10.0
2302,130274,238.0,12,199,0.226615,0.8902,True,False,body,120.0,128.0,-10.0
2303,130317,73.0,5,43,0.22652,1.1063,True,False,wall,50.0,33.0,-10.0
2304,130389,108.0,7,72,0.226361,0.8507,True,False,body,70.0,48.0,-10.0
2305,130401,8.0,1,12,0.226334,0.8539,True,False,wall,10.0,8.0,-10.0
2306,130460,66.0,4,59,0.226204,0.9147,True,False,body,40.0,36.0,-10.0
2307,130534,99.0,6,74,0.226042,0.8767,True,False,body,60.0,49.0,-10.0
2308,130552,14.0,1,18,0.226002,1.1317,True,False,wall,10.0,14.0,-10.0
2309,130576,23.0,2,24,0.225949,0.936,True,False,wall,20.0,13.0,-10.0
2310,130589,20.0,2,13,0.225921,0.9147,True,False,wall,20.0,10.0,-10.0
2311,130685,157.0,10,96,0.22571,0.9105,True,False,wall,100.0,67.0,-10.0
2312,130791,136.0,7,106,0.225477,0.8975,True,False,body,70.0,76.0,-10.0
2313,130867,82.0,5,76,0.22531,0.8463,True,False,body,50.0,42.0,-10.0
2314,130886,-2.0,0,19,0.225269,0.7878,True,False,wall,0.0,8.0,-10.0
2315,130931,64.0,4,45,0.22517,0.9809,True,False,wall,40.0,34.0,-10.0
2316,130971,48.0,3,40,0.225082,1.0024,True,False,wall,30.0,28.0,-10.0
2317,131015,35.0,2,44,0.224986,0.8105,True,False,wall,20.0,25.0,-10.0
2318,131025,8.0,1,10,0.224964,0.8907,True,False,wall,10.0,8.0,-10.0
2319,131131,158.0,9,106,0.224733,0.8857,True,False,body,90.0,78.0,-10.0
2320,131209,96.0,5,78,0.224562,0.86,True,False,body,50.0,56.0,-10.0
2321,131246,47.0,3,37,0.224482,0.872,True,False,wall,30.0,27.0,-10.0
2322,131278,29.0,2,32,0.224412,0.7929,True,False,wall,20.0,19.0,-10.0
2323,131301,26.0,2,23,0.224362,1.0348,True,False,wall,20.0,16.0,-10.0
2324,131322,31.0,3,21,0.224316,0.7175,True,False,wall,30.0,11.0,-10.0
2325,131376,80.0,5,54,0.224198,0.849,True,False,body,50.0,40.0,-10.0
2326,131451,115.0,7,75,0.224035,0.8476,True,False,body,70.0,55.0,-10.0
2327,131521,97.0,6,70,0.223883,0.8599,True,False,wall,60.0,47.0,-10.0
2328,131611,107.0,6,90,0.223687,0.8338,True,False,body,60.0,57.0,-10.0
2329,131677,75.0,4,66,0.223544,0.7909,True,False,wall,40.0,45.0,-10.0
2330,131791,136.0,7,114,0.223297,0.8436,True,False,wall,70.0,76.0,-10.0
2331,131867,86.0,5,76,0.223133,0.8631,True,False,body,50.0,46.0,-10.0
2332,132013,191.0,10,146,0.222817,0.8056,True,False,body,100.0,101.0,-10.0
2333,132070,58.0,4,57,0.222694,0.8578,True,False,wall,40.0,28.0,-10.0
2334,132147,92.0,4,77,0.222528,0.8538,True,False,body,40.0,62.0,-10.0
2335,132204,90.0,6,57,0.222405,0.8016,True,False,wall,60.0,40.0,-10.0
2336,132343,209.0,11,139,0.222105,0.8652,True,False,wall,110.0,109.0,-10.0
2337,132392,62.0,4,49,0.222,0.8728,True,False,wall,40.0,32.0,-10.0
2338,132569,243.0,13,177,0.22162,0.862,True,False,wall,130.0,123.0,-10.0
2339,132672,152.0,8,103,0.221399,0.9152,True,False,wall,80.0,82.0,-10.0
2340,132688,21.0,2,16,0.221365,0.784,True,False,wall,20.0,11.0,-10.0
2341,132781,121.0,7,93,0.221166,0.8234,True,False,body,70.0,61.0,-10.0
2342,132876,116.0,6,95,0.220963,0.9803,True,False,wall,60.0,66.0,-10.0
2343,132888,8.0,1,12,0.220937,1.0019,True,False,wall,10.0,8.0,-10.0
2344,133030,229.0,14,142,0.220634,0.8592,True,False,body,140.0,99.0,-10.0
2345,133089,58.0,2,59,0.220508,0.8068,True,False,wall,20.0,48.0,-10.0
2346,133255,225.0,12,166,0.220155,0.9427,True,False,body,120.0,115.0,-10.0
2347,133345,123.0,6,90,0.219963,1.0419,True,False,body,60.0,73.0,-10.0
2348,133409,85.0,4,64,0.219827,0.8413,True,False,body,40.0,55.0,-10.0
2349,133584,222.0,12,175,0.219456,0.9922,True,False,wall,120.0,112.0,-10.0
2350,133689,143.0,7,105,0.219234,0.8732,True,False,body,70.0,83.0,-10.0
2351,133700,7.0,1,11,0.219211,0.9693,True,False,wall,10.0,7.0,-10.0
2352,133766,75.0,4,66,0.219071,0.8621,True,False,body,40.0,45.0,-10.0
2353,133853,131.0,7,87,0.218887,0.9342,True,False,body,70.0,71.0,-10.0
2354,133900,40.0,2,47,0.218788,0.8452,True,False,wall,20.0,30.0,-10.0
2355,133969,85.0,5,69,0.218643,0.8148,True,False,wall,50.0,45.0,-10.0
2356,134099,175.0,10,130,0.218369,0.8772,True,False,body,100.0,85.0,-10.0
2357,134297,254.0,13,198,0.217953,0.8327,True,False,wall,130.0,134.0,-10.0
2358,134471,216.0,11,174,0.217588,0.8583,True,False,body,110.0,116.0,-10.0
2359,134491,34.0,3,20,0.217546,0.7415,True,False,wall,30.0,14.0,-10.0
2360,134561,92.0,5,70,0.217399,0.783,True,False,wall,50.0,52.0,-10.0
2361,134634,88.0,6,73,0.217247,0.8663,True,False,wall,60.0,38.0,-10.0
2362,134734,121.0,6,100,0.217038,0.8588,True,False,wall,60.0,71.0,-10.0
2363,134956,297.0,14,222,0.216575,0.8579,True,False,wall,140.0,167.0,-10.0
2364,135056,118.0,7,100,0.216367,0.8216,True,False,wall,70.0,58.0,-10.0
2365,135125,113.0,7,69,0.216223,0.8928,True,False,body,70.0,53.0,-10.0
2366,135158,54.0,4,33,0.216155,0.9496,True,False,body,40.0,24.0,-10.0
2367,135287,163.0,11,129,0.215887,0.8855,True,False,wall,110.0,63.0,-10.0
2368,135346,99.0,7,59,0.215765,0.7489,True,False,body,70.0,39.0,-10.0
2369,135398,56.0,3,52,0.215657,0.7962,True,False,wall,30.0,36.0,-10.0
2370,135452,70.0,5,54,0.215545,0.9057,True,False,body,50.0,30.0,-10.0
2371,135502,76.0,5,50,0.215442,0.8305,True,False,body,50.0,36.0,-10.0
2372,135628,153.0,8,126,0.215181,0.9112,True,False,body,80.0,83.0,-10.0
2373,135660,53.0,4,32,0.215115,0.9556,True,False,body,40.0,23.0,-10.0
2374,135724,88.0,5,64,0.214983,0.9738,True,False,body,50.0,48.0,-10.0
2375,135826,125.0,8,102,0.214773,0.8976,True,False,body,80.0,55.0,-10.0
2376,135954,167.0,8,128,0.21451,0.9802,True,False,wall,80.0,97.0,-10.0
2377,135980,16.0,1,26,0.214456,1.051,True,False,wall,10.0,16.0,-10.0
2378,136063,124.0,8,83,0.214286,0.9218,True,False,body,80.0,54.0,-10.0
2379,136114,70.0,4,51,0.214181,0.7926,True,False,wall,40.0,40.0,-10.0
2380,136127,11.0,1,13,0.214154,0.7618,True,False,wall,10.0,11.0,-10.0
2381,136158,43.0,3,31,0.214091,0.764,True,False,body,30.0,23.0,-10.0
2382,136237,82.0,4,79,0.213929,0.8723,True,False,body,40.0,52.0,-10.0
2383,136292,79.0,5,55,0.213816,0.8811,True,False,wall,50.0,39.0,-10.0
2384,136363,96.0,6,71,0.213671,0.9314,True,False,wall,60.0,46.0,-10.0
2385,136437,95.0,6,74,0.21352,0.9117,True,False,body,60.0,45.0,-10.0
2386,136494,63.0,3,57,0.213403,0.8278,True,False,body,30.0,43.0,-10.0
2387,136582,94.0,5,88,0.213223,0.8352,True,False,body,50.0,54.0,-10.0
2388,136636,78.0,5,54,0.213113,0.9686,True,False,body,50.0,38.0,-10.0
2389,136662,31.0,2,26,0.21306,1.1345,True,False,wall,20.0,21.0,-10.0
2390,136755,126.0,8,93,0.212871,0.857,True,False,wall,80.0,56.0,-10.0
2391,136773,14.0,1,18,0.212834,0.9011,True,False,wall,10.0,14.0,-10.0
2392,136905,157.0,8,132,0.212566,0.8934,True,False,wall,80.0,87.0,-10.0
2393,136927,14.0,1,22,0.212521,0.9028,True,False,wall,10.0,14.0,-10.0
2394,136998,111.0,7,71,0.212377,1.1104,True,False,body,70.0,51.0,-10.0
2395,137140,200.0,11,142,0.212089,0.995,True,False,wall,110.0,100.0,-10.0
2396,137231,124.0,8,91,0.211905,0.951,True,False,wall,80.0,54.0,-10.0
2397,137274,62.0,4,43,0.211818,0.8789,True,False,body,40.0,32.0,-10.0
2398,137413,184.0,10,139,0.211537,0.8838,True,False,wall,100.0,94.0,-10.0
2399,137560,205.0,11,147,0.21124,0.8799,True,False,body,110.0,105.0,-10.0
2400,137652,133.0,8,92,0.211055,0.9172,True,False,wall,80.0,63.0,-10.0
2401,137663,7.0,1,11,0.211033,0.859,True,False,wall,10.0,7.0,-10.0
2402,137711,52.0,3,48,0.210936,0.9495,True,False,body,30.0,32.0,-10.0
2403,137749,51.0,4,38,0.21086,0.8471,True,False,wall,40.0,21.0,-10.0
2404,137829,111.0,6,80,0.210699,0.8523,True,False,wall,60.0,61.0,-10.0
2405,137937,123.0,6,108,0.210482,0.9339,True,False,body,60.0,73.0,-10.0
2406,138073,148.0,7,136,0.210209,0.8629,True,False,wall,70.0,88.0,-10.0
2407,138113,55.0,4,40,0.210129,0.8958,True,False,wall,40.0,25.0,-10.0
2408,138291,240.0,13,178,0.209774,0.9505,True,False,body,130.0,120.0,-10.0
2409,138310,9.0,1,19,0.209736,0.9034,True,False,wall,10.0,9.0,-10.0
2410,138386,108.0,7,76,0.209584,1.0014,True,False,wall,70.0,48.0,-10.0
2411,138429,64.0,4,43,0.209498,0.8594,True,False,body,40.0,34.0,-10.0
2412,138468,67.0,5,39,0.20942,0.7786,True,False,body,50.0,27.0,-10.0
2413,138515,58.0,4,47,0.209327,0.8046,True,False,wall,40.0,28.0,-10.0
2414,138631,191.0,12,116,0.209096,0.8924,True,False,body,120.0,81.0,-10.0
2415,138716,104.0,6,85,0.208927,0.9278,True,False,wall,60.0,54.0,-10.0
2416,138808,134.0,7,92,0.208744,1.0754,True,False,wall,70.0,74.0,-10.0
2417,138844,27.0,2,36,0.208673,0.8383,True,False,wall,20.0,17.0,-10.0
2418,138902,60.0,3,58,0.208558,0.8846,True,False,body,30.0,40.0,-10.0
2419,139033,182.0,10,131,0.208298,1.0166,True,False,body,100.0,92.0,-10.0
2420,139069,42.0,3,36,0.208227,1.0604,True,False,wall,30.0,22.0,-10.0
2421,139099,33.0,2,30,0.208168,1.0031,True,False,wall,20.0,23.0,-10.0
2422,139147,59.0,4,48,0.208073,0.9167,True,False,wall,40.0,29.0,-10.0
2423,139233,122.0,7,86,0.207903,0.9089,True,False,wall,70.0,62.0,-10.0
2424,139348,146.0,8,115,0.207676,0.8811,True,False,body,80.0,76.0,-10.0
2425,139463,152.0,8,115,0.20745,0.8742,True,False,wall,80.0,82.0,-10.0
2426,139541,97.0,6,78,0.207296,0.8632,True,False,body,60.0,47.0,-10.0
2427,139600,83.0,5,59,0.20718,0.8779,True,False,wall,50.0,43.0,-10.0
2428,139667,83.0,5,67,0.207049,0.9573,True,False,wall,50.0,43.0,-10.0
2429,139680,7.0,1,13,0.207023,0.8571,True,False,wall,10.0,7.0,-10.0
2430,139731,86.0,6,51,0.206923,0.9888,True,False,wall,60.0,36.0,-10.0
2431,139760,32.0,2,29,0.206866,0.8333,True,False,wall,20.0,22.0,-10.0
2432,139835,78.0,4,75,0.206719,0.9527,True,False,wall,40.0,48.0,-10.0
2433,139881,63.0,4,46,0.206629,0.9823,True,False,body,40.0,33.0,-10.0
2434,140154,400.0,22,273,0.206096,0.888,True,False,wall,220.0,190.0,-10.0
2435,140213,83.0,5,59,0.205981,0.8496,True,False,wall,50.0,43.0,-10.0
2436,140307,141.0,8,94,0.205798,0.8959,True,False,body,80.0,71.0,-10.0
2437,140333,40.0,3,26,0.205747,0.9111,True,False,wall,30.0,20.0,-10.0
2438,140405,118.0,7,72,0.205607,0.8532,True,False,body,70.0,58.0,-10.0
2439,140417,8.0,1,12,0.205583,0.9375,True,False,wall,10.0,8.0,-10.0
2440,140477,82.0,5,60,0.205467,0.8787,True,False,body,50.0,42.0,-10.0
2441,140579,150.0,9,102,0.205269,0.9333,True,False,body,90.0,70.0,-10.0
2442,140737,207.0,10,158,0.204962,0.917,True,False,body,100.0,117.0,-10.0
2443,140818,93.0,5,81,0.204806,0.8604,True,False,wall,50.0,53.0,-10.0
2444,140892,112.0,7,74,0.204662,0.9445,True,False,body,70.0,52.0,-10.0
2445,140959,103.0,7,67,0.204533,0.8773,True,False,body,70.0,43.0,-10.0
2446,140974,0.0,0,15,0.204504,0.9295,True,False,wall,0.0,10.0,-10.0
2447,141012,39.0,2,38,0.204431,0.968,True,False,wall,20.0,29.0,-10.0
2448,141161,208.0,10,149,0.204143,1.0432,True,False,body,100.0,118.0,-10.0
2449,141181,16.0,1,20,0.204105,0.8924,True,False,wall,10.0,16.0,-10.0
2450,141235,71.0,4,54,0.204001,0.9086,True,False,body,40.0,41.0,-10.0
2451,141324,111.0,7,89,0.203829,0.9085,True,False,wall,70.0,51.0,-10.0
2452,141343,24.0,2,19,0.203793,0.934,True,False,wall,20.0,14.0,-10.0
2453,141486,199.0,13,143,0.203518,0.9342,True,False,wall,130.0,79.0,-10.0
2454,141692,264.0,15,206,0.203123,0.8874,True,False,body,150.0,124.0,-10.0
2455,141767,121.0,7,75,0.20298,0.9564,True,False,wall,70.0,61.0,-10.0
2456,141899,179.0,10,132,0.202728,0.9429,True,False,body,100.0,89.0,-10.0
2457,141913,12.0,1,14,0.202701,1.0034,True,False,wall,10.0,12.0,-10.0
2458,141926,7.0,1,13,0.202676,1.3382,True,False,wall,10.0,7.0,-10.0
2459,141959,38.0,2,33,0.202613,1.0823,True,False,wall,20.0,28.0,-10.0
2460,142029,88.0,5,70,0.20248,0.962,True,False,wall,50.0,48.0,-10.0
2461,142124,120.0,6,95,0.202299,0.9756,True,False,wall,60.0,70.0,-10.0
2462,142170,74.0,5,46,0.202211,0.9833,True,False,wall,50.0,34.0,-10.0
2463,142293,186.0,10,123,0.201977,0.9231,True,False,wall,100.0,96.0,-10.0
2464,142419,180.0,9,126,0.201738,0.9038,True,False,body,90.0,100.0,-10.0
2465,142543,166.0,9,124,0.201503,0.9061,True,False,body,90.0,86.0,-10.0
2466,142595,76.0,5,52,0.201405,0.879,True,False,wall,50.0,36.0,-10.0
2467,142666,93.0,5,71,0.201271,0.8876,True,False,body,50.0,53.0,-10.0
2468,142851,265.0,15,185,0.200921,0.8907,True,False,body,150.0,125.0,-10.0
2469,142896,57.0,3,45,0.200836,0.8005,True,False,wall,30.0,37.0,-10.0
2470,142935,23.0,1,39,0.200763,0.8909,True,False,wall,10.0,23.0,-10.0
2471,143000,109.0,7,65,0.20064,0.9253,True,False,wall,70.0,49.0,-10.0
2472,143150,232.0,13,150,0.200358,0.9134,True,False,wall,130.0,112.0,-10.0
2473,143326,244.0,13,176,0.200028,0.9118,True,False,body,130.0,124.0,-10.0
2474,143423,163.0,11,97,0.199846,0.855,True,False,wall,110.0,63.0,-10.0
2475,143512,117.0,7,89,0.199679,0.8643,True,False,body,70.0,57.0,-10.0
2476,143585,107.0,7,73,0.199543,0.8431,True,False,wall,70.0,47.0,-10.0
2477,143597,10.0,1,12,0.19952,0.9414,True,False,wall,10.0,10.0,-10.0
2478,143680,125.0,7,83,0.199365,1.0371,True,False,body,70.0,65.0,-10.0
2479,143693,11.0,1,13,0.199341,1.0283,True,False,wall,10.0,11.0,-10.0
2480,143739,56.0,3,46,0.199255,0.8945,True,False,wall,30.0,36.0,-10.0
2481,143772,36.0,2,33,0.199194,0.8693,True,False,wall,20.0,26.0,-10.0
2482,143877,152.0,8,105,0.198998,0.9553,True,False,body,80.0,82.0,-10.0
2483,143950,111.0,7,73,0.198862,0.9692,True,False,body,70.0,51.0,-10.0
2484,144068,155.0,8,118,0.198643,0.8899,True,False,wall,80.0,85.0,-10.0
2485,144086,14.0,1,18,0.198609,1.4727,True,False,wall,10.0,14.0,-10.0
2486,144099,11.0,1,13,0.198585,0.9859,True,False,wall,10.0,11.0,-10.0
2487,144202,126.0,6,103,0.198394,0.9358,True,False,body,60.0,76.0,-10.0
2488,144312,171.0,10,110,0.19819,0.882,True,False,wall,100.0,81.0,-10.0
2489,144455,203.0,11,143,0.197925,0.8993,True,False,body,110.0,103.0,-10.0
2490,144545,115.0,6,90,0.197759,0.955,True,False,body,60.0,65.0,-10.0
2491,144719,224.0,13,174,0.197438,0.9713,True,False,body,130.0,104.0,-10.0
2492,144849,180.0,9,130,0.197199,0.9935,True,False,wall,90.0,100.0,-10.0
2493,144925,131.0,8,76,0.197059,0.9033,True,False,wall,80.0,61.0,-10.0
2494,145027,138.0,9,102,0.196871,0.9342,True,False,body,90.0,58.0,-10.0
2495,145170,217.0,11,143,0.196609,0.9771,True,False,body,110.0,117.0,-10.0
2496,145311,185.0,11,141,0.196351,0.9877,True,False,body,110.0,85.0,-10.0
2497,145345,42.0,3,34,0.196289,0.8797,True,False,wall,30.0,22.0,-10.0
2498,145401,58.0,3,56,0.196186,0.8713,True,False,body,30.0,38.0,-10.0
2499,145491,123.0,6,90,0.196022,0.9324,True,False,wall,60.0,73.0,-10.0
2500,145536,48.0,2,45,0.19594,0.9191,True,False,wall,20.0,38.0,-10.0
2501,145618,153.0,10,82,0.19579,0.8532,True,False,wall,100.0,63.0,-10.0
2502,145649,41.0,3,31,0.195734,0.9627,True,False,body,30.0,21.0,-10.0
2503,145814,254.0,14,165,0.195434,0.9199,True,False,body,140.0,124.0,-10.0
2504,146053,309.0,17,239,0.195,0.9357,True,False,body,170.0,149.0,-10.0
2505,146178,151.0,7,125,0.194773,0.9717,True,False,wall,70.0,91.0,-10.0
2506,146189,9.0,1,11,0.194753,0.8204,True,False,wall,10.0,9.0,-10.0
2507,146225,34.0,3,36,0.194688,0.8551,True,False,body,30.0,14.0,-10.0
2508,146267,52.0,3,42,0.194612,0.938,True,False,wall,30.0,32.0,-10.0
2509,146522,356.0,16,255,0.194152,0.9395,True,False,body,160.0,206.0,-10.0
2510,146614,116.0,7,92,0.193987,0.9185,True,False,wall,70.0,56.0,-10.0
2511,146688,107.0,6,74,0.193853,0.9597,True,False,body,60.0,57.0,-10.0
2512,146740,35.0,2,52,0.19376,0.8735,True,False,wall,20.0,25.0,-10.0
2513,146807,81.0,5,67,0.19364,0.9229,True,False,wall,50.0,41.0,-10.0
2514,146855,73.0,4,48,0.193553,0.9454,True,False,wall,40.0,43.0,-10.0
2515,146934,114.0,6,79,0.193412,1.0001,True,False,body,60.0,64.0,-10.0
2516,146996,86.0,5,62,0.193301,0.8774,True,False,wall,50.0,46.0,-10.0
2517,147192,274.0,15,196,0.19295,0.915,True,False,body,150.0,134.0,-10.0
2518,147241,60.0,4,49,0.192862,0.9309,True,False,wall,40.0,30.0,-10.0
2519,147318,110.0,6,77,0.192725,0.9938,True,False,wall,60.0,60.0,-10.0
2520,147484,248.0,13,166,0.192429,0.969,True,False,body,130.0,128.0,-10.0
2521,147519,38.0,2,35,0.192367,0.8955,True,False,wall,20.0,28.0,-10.0
2522,147544,28.0,2,25,0.192322,0.8756,True,False,wall,20.0,18.0,-10.0
2523,147607,105.0,7,63,0.19221,0.9584,True,False,body,70.0,45.0,-10.0
2524,147649,57.0,4,42,0.192136,0.9314,True,False,body,40.0,27.0,-10.0
2525,147686,49.0,3,37,0.19207,0.9409,True,False,body,30.0,29.0,-10.0
2526,147731,64.0,4,45,0.19199,0.8991,True,False,wall,40.0,34.0,-10.0
2527,147941,288.0,17,210,0.191618,0.9269,True,False,body,170.0,128.0,-10.0
2528,148005,84.0,5,64,0.191505,0.8723,True,False,body,50.0,44.0,-10.0
2529,148250,371.0,19,245,0.191072,0.9195,True,False,body,190.0,191.0,-10.0
2530,148347,149.0,9,97,0.190901,0.9878,True,False,wall,90.0,69.0,-10.0
2531,148382,48.0,4,35,0.190839,0.8548,True,False,wall,40.0,18.0,-10.0
2532,148497,200.0,12,115,0.190637,0.9097,True,False,body,120.0,90.0,-10.0
2533,148573,90.0,5,76,0.190503,0.889,True,False,wall,50.0,50.0,-10.0
2534,148586,-6.0,0,13,0.190481,1.0042,True,False,wall,0.0,4.0,-10.0
2535,148827,337.0,19,241,0.190058,0.9301,True,False,body,190.0,157.0,-10.0
2536,148864,40.0,2,37,0.189993,1.0357,True,False,wall,20.0,30.0,-10.0
2537,148902,48.0,3,38,0.189927,0.9488,True,False,body,30.0,28.0,-10.0
2538,149039,223.0,13,137,0.189687,0.9395,True,False,wall,130.0,103.0,-10.0
2539,149075,46.0,3,36,0.189625,0.9415,True,False,body,30.0,26.0,-10.0
2540,149220,217.0,13,145,0.189372,0.9812,True,False,body,130.0,97.0,-10.0
2541,149359,235.0,15,139,0.18913,0.9093,True,False,wall,150.0,95.0,-10.0
2542,149377,10.0,1,18,0.189098,1.0021,True,False,wall,10.0,10.0,-10.0
2543,149485,146.0,7,108,0.188911,1.0002,True,False,wall,70.0,86.0,-10.0
2544,149630,193.0,11,145,0.188659,0.9282,True,False,wall,110.0,93.0,-10.0
2545,149724,130.0,7,94,0.188496,0.9311,True,False,body,70.0,70.0,-10.0
2546,149795,93.0,5,71,0.188374,0.8967,True,False,wall,50.0,53.0,-10.0
2547,149879,115.0,6,84,0.188228,0.9026,True,False,body,60.0,65.0,-10.0
2548,150017,212.0,11,138,0.18799,0.9075,True,False,wall,110.0,112.0,-10.0
2549,150080,92.0,6,63,0.187882,0.9041,True,False,wall,60.0,42.0,-10.0
2550,150129,73.0,5,49,0.187797,0.9374,True,False,body,50.0,33.0,-10.0
2551,150194,74.0,4,65,0.187685,0.9147,True,False,wall,40.0,44.0,-10.0
2552,150335,170.0,10,141,0.187443,0.9612,True,False,body,100.0,80.0,-10.0
2553,150349,10.0,1,14,0.187419,0.8988,True,False,wall,10.0,10.0,-10.0
2554,150428,126.0,8,79,0.187283,0.9166,True,False,wall,80.0,56.0,-10.0
2555,150441,11.0,1,13,0.187261,0.9117,True,False,wall,10.0,11.0,-10.0
2556,150479,53.0,4,38,0.187196,1.0167,True,False,body,40.0,23.0,-10.0
2557,150674,295.0,15,195,0.186862,0.9463,True,False,wall,150.0,155.0,-10.0
2558,150694,12.0,1,20,0.186827,1.1114,True,False,wall,10.0,12.0,-10.0
2559,150707,18.0,2,13,0.186805,1.0823,True,False,wall,20.0,8.0,-10.0
2560,150835,196.0,11,128,0.186586,1.0187,True,False,body,110.0,96.0,-10.0
2561,150977,216.0,11,142,0.186344,1.0179,True,False,body,110.0,116.0,-10.0
2562,150993,32.0,3,16,0.186317,1.0261,True,False,body,30.0,12.0,-10.0
2563,151059,61.0,4,66,0.186204,0.992,True,False,wall,40.0,31.0,-10.0
2564,151151,133.0,8,92,0.186048,0.9099,True,False,body,80.0,63.0,-10.0
2565,151191,44.0,3,40,0.18598,0.967,True,False,body,30.0,24.0,-10.0
2566,151306,214.0,14,115,0.185785,0.9642,True,False,wall,140.0,84.0,-10.0
2567,151457,185.0,9,151,0.185529,0.9083,True,False,wall,90.0,105.0,-10.0
2568,151557,145.0,8,100,0.185359,0.8846,True,False,wall,80.0,75.0,-10.0
2569,151628,106.0,6,71,0.185239,1.0824,True,False,body,60.0,56.0,-10.0
2570,151762,209.0,12,134,0.185013,1.0335,True,False,wall,120.0,99.0,-10.0
2571,151825,76.0,4,63,0.184907,0.8878,True,False,body,40.0,46.0,-10.0
2572,151864,55.0,3,39,0.184841,0.9318,True,False,wall,30.0,35.0,-10.0
2573,151942,110.0,7,78,0.184709,0.9495,True,False,wall,70.0,50.0,-10.0
2574,152109,213.0,11,167,0.184428,0.921,True,False,body,110.0,113.0,-10.0
2575,152179,68.0,3,70,0.184311,0.8999,True,False,body,30.0,48.0,-10.0
2576,152272,129.0,7,93,0.184155,0.992,True,False,wall,70.0,69.0,-10.0
2577,152372,148.0,9,100,0.183987,0.9393,True,False,body,90.0,68.0,-10.0
2578,152454,104.0,5,82,0.18385,0.9907,True,False,body,50.0,64.0,-10.0
2579,152562,183.0,12,108,0.183669,1.1036,True,False,body,120.0,73.0,-10.0
2580,152652,121.0,6,90,0.183519,0.965,True,False,body,60.0,71.0,-10.0
2581,152693,45.0,3,41,0.183451,0.9397,True,False,body,30.0,25.0,-10.0
2582,152743,63.0,4,50,0.183367,0.9798,True,False,body,40.0,33.0,-10.0
2583,152839,152.0,9,96,0.183207,1.0184,True,False,body,90.0,72.0,-10.0
2584,152871,33.0,2,32,0.183154,1.0552,True,False,wall,20.0,23.0,-10.0
2585,152931,79.0,6,60,0.183054,1.0101,True,False,body,60.0,29.0,-10.0
2586,153045,170.0,9,114,0.182865,0.9281,True,False,wall,90.0,90.0,-10.0
2587,153293,331.0,18,248,0.182454,0.9954,True,False,wall,180.0,161.0,-10.0
2588,153336,64.0,4,43,0.182382,1.005,True,False,wall,40.0,34.0,-10.0
2589,153369,47.0,3,33,0.182328,0.912,True,False,wall,30.0,27.0,-10.0
2590,153382,2.0,0,13,0.182306,0.822,True,False,wall,0.0,12.0,-10.0
2591,153499,199.0,13,117,0.182113,0.9799,True,False,wall,130.0,79.0,-10.0
2592,153519,12.0,1,20,0.18208,1.4086,True,False,wall,10.0,12.0,-10.0
2593,153541,14.0,1,22,0.182044,1.3178,True,False,wall,10.0,14.0,-10.0
2594,153601,79.0,4,60,0.181945,1.0132,True,False,body,40.0,49.0,-10.0
2595,153618,24.0,2,17,0.181917,1.0875,True,False,wall,20.0,14.0,-10.0
2596,153708,128.0,7,90,0.181768,0.9413,True,False,body,70.0,68.0,-10.0
2597,153747,65.0,5,39,0.181704,0.9357,True,False,body,50.0,25.0,-10.0
2598,153839,109.0,6,92,0.181553,0.9037,True,False,wall,60.0,59.0,-10.0
2599,153906,102.0,6,67,0.181443,0.9156,True,False,wall,60.0,52.0,-10.0
2600,153948,68.0,5,42,0.181374,0.9148,True,False,body,50.0,28.0,-10.0
2601,154060,135.0,6,112,0.18119,1.0003,True,False,wall,60.0,85.0,-10.0
2602,154089,21.0,1,29,0.181142,0.9342,True,False,wall,10.0,21.0,-10.0
2603,154246,206.0,10,157,0.180885,0.9075,True,False,body,100.0,116.0,-10.0
2604,154314,114.0,7,68,0.180774,0.9637,True,False,body,70.0,54.0,-10.0
2605,154332,10.0,1,18,0.180744,1.1807,True,False,wall,10.0,10.0,-10.0
2606,154353,15.0,1,21,0.18071,0.9556,True,False,wall,10.0,15.0,-10.0
2607,154499,223.0,12,146,0.180472,1.1311,True,False,wall,120.0,113.0,-10.0
2608,154610,167.0,9,111,0.180291,0.9076,True,False,wall,90.0,87.0,-10.0
2609,154711,164.0,10,101,0.180127,0.97,True,False,body,100.0,74.0,-10.0
2610,154802,130.0,8,91,0.179979,1.0615,True,False,wall,80.0,60.0,-10.0
2611,154919,180.0,10,117,0.179789,0.9917,True,False,wall,100.0,90.0,-10.0
2612,154966,84.0,6,47,0.179712,0.9778,True,False,wall,60.0,34.0,-10.0
2613,155042,107.0,6,76,0.179589,0.9234,True,False,body,60.0,57.0,-10.0
2614,155071,37.0,3,29,0.179542,0.8599,True,False,body,30.0,17.0,-10.0
2615,155281,296.0,17,210,0.179203,1.0276,True,False,body,170.0,136.0,-10.0
2616,155458,250.0,14,177,0.178917,1.0159,True,False,body,140.0,120.0,-10.0
2617,155491,38.0,2,33,0.178864,0.9736,True,False,wall,20.0,28.0,-10.0
2618,155540,73.0,5,49,0.178785,1.0817,True,False,body,50.0,33.0,-10.0
2619,155638,126.0,7,98,0.178627,0.8896,True,False,body,70.0,66.0,-10.0
2620,155761,170.0,10,123,0.17843,1.1039,True,False,body,100.0,80.0,-10.0
2621,155825,86.0,5,64,0.178327,1.0059,True,False,body,50.0,46.0,-10.0
2622,155840,13.0,1,15,0.178303,0.8707,True,False,wall,10.0,13.0,-10.0
2623,155873,36.0,2,33,0.17825,0.9407,True,False,wall,20.0,26.0,-10.0
2624,155923,69.0,4,50,0.17817,1.1004,True,False,body,40.0,39.0,-10.0
2625,155945,27.0,2,22,0.178135,0.9942,True,False,wall,20.0,17.0,-10.0
2626,156010,109.0,7,65,0.178031,1.0133,True,False,wall,70.0,49.0,-10.0
2627,156112,130.0,7,102,0.177868,0.9253,True,False,body,70.0,70.0,-10.0
2628,156155,64.0,4,43,0.177799,0.9286,True,False,wall,40.0,34.0,-10.0
2629,156324,249.0,13,169,0.177529,1.0234,True,False,body,130.0,129.0,-10.0
2630,156368,48.0,3,44,0.177459,1.0189,True,False,wall,30.0,28.0,-10.0
2631,156424,76.0,5,56,0.17737,1.0132,True,False,wall,50.0,36.0,-10.0
2632,156546,170.0,9,122,0.177176,0.9796,True,False,body,90.0,90.0,-10.0
2633,156565,17.0,1,19,0.177146,0.9966,True,False,wall,10.0,17.0,-10.0
2634,156645,109.0,6,80,0.177018,1.0368,True,False,body,60.0,59.0,-10.0
2635,156774,186.0,10,129,0.176814,1.0121,True,False,body,100.0,96.0,-10.0
2636,156911,178.0,10,137,0.176597,0.9016,True,False,body,100.0,88.0,-10.0
2637,156994,119.0,7,83,0.176466,0.8824,True,False,wall,70.0,59.0,-10.0
2638,157057,94.0,6,63,0.176366,0.9691,True,False,body,60.0,44.0,-10.0
2639,157085,40.0,3,28,0.176322,0.9473,True,False,wall,30.0,20.0,-10.0
2640,157154,102.0,6,69,0.176213,1.0585,True,False,body,60.0,52.0,-10.0
2641,157262,129.0,6,108,0.176043,1.0074,True,False,body,60.0,79.0,-10.0
2642,157313,66.0,4,51,0.175962,0.9514,True,False,body,40.0,36.0,-10.0
2643,157413,128.0,7,100,0.175805,1.1579,True,False,body,70.0,68.0,-10.0
2644,157471,71.0,4,58,0.175714,0.9821,True,False,body,40.0,41.0,-10.0
2645,157572,150.0,8,101,0.175555,0.9529,True,False,body,80.0,80.0,-10.0
2646,157646,101.0,6,74,0.175439,1.0411,True,False,body,60.0,51.0,-10.0
2647,157837,262.0,14,191,0.17514,0.9818,True,False,body,140.0,132.0,-10.0
2648,157909,103.0,6,72,0.175027,1.0277,True,False,body,60.0,53.0,-10.0
2649,158089,260.0,15,180,0.174746,0.9279,True,False,body,150.0,120.0,-10.0
2650,158205,178.0,11,116,0.174566,0.9846,True,False,body,110.0,78.0,-10.0
2651,158317,131.0,6,112,0.174391,1.0389,True,False,body,60.0,81.0,-10.0
2652,158382,79.0,5,65,0.17429,0.9727,True,False,wall,50.0,39.0,-10.0
2653,158464,107.0,6,82,0.174163,0.9187,True,False,wall,60.0,57.0,-10.0
2654,158588,167.0,8,124,0.173971,1.1323,True,False,body,80.0,97.0,-10.0
2655,158716,151.0,8,128,0.173772,1.0401,True,False,wall,80.0,81.0,-10.0
2656,158893,251.0,13,177,0.173499,0.9954,True,False,body,130.0,131.0,-10.0
2657,158972,156.0,10,79,0.173377,1.0269,True,False,wall,100.0,66.0,-10.0
2658,159019,66.0,4,47,0.173305,1.1263,True,False,wall,40.0,36.0,-10.0
2659,159090,95.0,5,71,0.173195,1.1216,True,False,body,50.0,55.0,-10.0
2660,159187,132.0,8,97,0.173046,0.9388,True,False,wall,80.0,62.0,-10.0
2661,159323,216.0,13,136,0.172837,0.9839,True,False,body,130.0,96.0,-10.0
2662,159348,17.0,1,25,0.172798,0.9265,True,False,wall,10.0,17.0,-10.0
2663,159450,128.0,7,102,0.172642,1.0249,True,False,body,70.0,68.0,-10.0
2664,159627,267.0,15,177,0.172371,1.0273,True,False,body,150.0,127.0,-10.0
2665,159687,73.0,4,60,0.172279,1.096,True,False,body,40.0,43.0,-10.0
2666,159727,36.0,3,40,0.172218,0.8947,True,False,body,30.0,16.0,-10.0
2667,159821,130.0,7,94,0.172075,0.949,True,False,wall,70.0,70.0,-10.0
2668,159902,119.0,7,81,0.171951,1.0269,True,False,wall,70.0,59.0,-10.0
2669,159958,83.0,6,56,0.171866,1.0562,True,False,body,60.0,33.0,-10.0
2670,159992,40.0,3,34,0.171814,1.2004,True,False,body,30.0,20.0,-10.0
2671,160082,124.0,7,90,0.171677,1.0477,True,False,wall,70.0,64.0,-10.0
2672,160149,102.0,6,67,0.171575,1.1277,True,False,wall,60.0,52.0,-10.0
2673,160190,47.0,3,41,0.171513,0.9817,True,False,body,30.0,27.0,-10.0
2674,160236,47.0,2,46,0.171443,0.9924,True,False,wall,20.0,37.0,-10.0
2675,160249,0.0,0,13,0.171423,0.9759,True,False,wall,0.0,10.0,-10.0
2676,160266,2.0,0,17,0.171397,0.8701,True,False,wall,0.0,12.0,-10.0
2677,160282,12.0,1,16,0.171373,0.9778,True,False,wall,10.0,12.0,-10.0
2678,160315,49.0,3,33,0.171323,1.0065,True,False,wall,30.0,29.0,-10.0
2679,160387,89.0,6,72,0.171214,1.0389,True,False,wall,60.0,39.0,-10.0
2680,160511,201.0,12,124,0.171026,0.9916,True,False,body,120.0,91.0,-10.0
2681,160601,153.0,10,90,0.17089,1.0205,True,False,body,100.0,63.0,-10.0
2682,160646,82.0,6,45,0.170822,0.9465,True,False,body,60.0,32.0,-10.0
2683,160706,61.0,2,60,0.170732,1.0365,True,False,wall,20.0,51.0,-10.0
2684,160901,278.0,14,195,0.170438,0.9822,True,False,body,140.0,148.0,-10.0
2685,161092,279.0,15,191,0.17015,0.9724,True,False,body,150.0,139.0,-10.0
2686,161104,10.0,1,12,0.170132,1.2336,True,False,wall,10.0,10.0,-10.0
2687,161182,88.0,5,78,0.170015,1.0005,True,False,body,50.0,48.0,-10.0
2688,161255,109.0,7,73,0.169906,0.9532,True,False,body,70.0,49.0,-10.0
2689,161304,80.0,6,49,0.169832,0.9792,True,False,body,60.0,30.0,-10.0
2690,161319,13.0,1,15,0.16981,0.9839,True,False,wall,10.0,13.0,-10.0
2691,161423,152.0,9,104,0.169654,0.9994,True,False,body,90.0,72.0,-10.0
2692,161544,182.0,10,121,0.169474,0.9568,True,False,body,100.0,92.0,-10.0
2693,161566,32.0,3,22,0.169441,0.8963,True,False,body,30.0,12.0,-10.0
2694,161672,156.0,9,106,0.169283,0.9564,True,False,wall,90.0,76.0,-10.0
2695,161894,336.0,19,222,0.168952,1.1218,True,False,body,190.0,156.0,-10.0
2696,161945,72.0,4,51,0.168876,1.0852,True,False,body,40.0,42.0,-10.0
2697,161993,69.0,4,48,0.168805,0.9717,True,False,wall,40.0,39.0,-10.0
2698,162122,215.0,13,129,0.168613,0.9605,True,False,body,130.0,95.0,-10.0
2699,162152,35.0,2,30,0.168569,1.0184,True,False,wall,20.0,25.0,-10.0
2700,162244,120.0,7,92,0.168433,0.9767,True,False,wall,70.0,60.0,-10.0
2701,162317,110.0,6,73,0.168325,0.9806,True,False,body,60.0,60.0,-10.0
2702,162604,377.0,19,287,0.167901,1.0067,True,False,body,190.0,197.0,-10.0
2703,162679,115.0,7,75,0.16779,1.1183,True,False,body,70.0,55.0,-10.0
2704,162750,110.0,6,71,0.167686,0.9721,True,False,wall,60.0,60.0,-10.0
2705,162821,95.0,5,71,0.167582,1.0329,True,False,body,50.0,55.0,-10.0
2706,162869,58.0,3,48,0.167511,0.9521,True,False,body,30.0,38.0,-10.0
2707,162926,74.0,4,57,0.167427,0.9811,True,False,wall,40.0,44.0,-10.0
2708,162992,95.0,6,66,0.167331,1.0549,True,False,wall,60.0,45.0,-10.0
2709,163031,58.0,4,39,0.167273,0.9446,True,False,body,40.0,28.0,-10.0
2710,163076,75.0,5,45,0.167207,1.0482,True,False,body,50.0,35.0,-10.0
2711,163120,37.0,2,44,0.167143,0.9684,True,False,wall,20.0,27.0,-10.0
2712,163159,43.0,3,39,0.167086,1.022,True,False,body,30.0,23.0,-10.0
2713,163168,7.0,1,9,0.167073,0.8816,True,False,wall,10.0,7.0,-10.0
2714,163227,92.0,6,59,0.166986,0.9198,True,False,wall,60.0,42.0,-10.0
2715,163391,251.0,14,164,0.166747,0.9507,True,False,body,140.0,121.0,-10.0
2716,163427,59.0,4,36,0.166694,1.1594,True,False,body,40.0,29.0,-10.0
2717,163464,51.0,3,37,0.16664,1.0724,True,False,wall,30.0,31.0,-10.0
2718,163654,291.0,18,190,0.166364,0.9949,True,False,wall,180.0,121.0,-10.0
2719,163709,70.0,4,55,0.166284,1.1375,True,False,wall,40.0,40.0,-10.0
2720,163760,49.0,3,51,0.16621,1.1677,True,False,body,30.0,29.0,-10.0
2721,163832,96.0,5,72,0.166105,1.1807,True,False,body,50.0,56.0,-10.0
2722,163977,210.0,10,145,0.165895,1.0562,True,False,body,100.0,120.0,-10.0
2723,164032,44.0,2,55,0.165815,1.0,True,False,wall,20.0,34.0,-10.0
2724,164105,91.0,5,73,0.165709,1.0337,True,False,body,50.0,51.0,-10.0
2725,164213,153.0,8,108,0.165553,0.9486,True,False,wall,80.0,83.0,-10.0
2726,164369,171.0,8,156,0.165328,1.0258,True,False,body,80.0,101.0,-10.0
2727,164499,202.0,11,130,0.165141,1.0,True,False,body,110.0,102.0,-10.0
2728,164726,332.0,16,227,0.164815,0.9823,True,False,wall,160.0,182.0,-10.0
2729,164876,234.0,13,150,0.1646,1.0452,True,False,body,130.0,114.0,-10.0
2730,164894,16.0,1,18,0.164574,1.0608,True,False,wall,10.0,16.0,-10.0
2731,165021,196.0,10,127,0.164392,0.9302,True,False,body,100.0,106.0,-10.0
2732,165097,120.0,7,76,0.164284,1.0025,True,False,body,70.0,60.0,-10.0
2733,165113,12.0,1,16,0.164261,0.9936,True,False,wall,10.0,12.0,-10.0
2734,165322,285.0,15,209,0.163963,0.9919,True,False,wall,150.0,145.0,-10.0
2735,165416,128.0,7,94,0.163829,0.9523,True,False,wall,70.0,68.0,-10.0
2736,165473,81.0,5,57,0.163748,1.0145,True,False,body,50.0,41.0,-10.0
2737,165605,242.0,15,132,0.16356,1.0615,True,False,wall,150.0,102.0,-10.0
2738,165769,218.0,11,164,0.163328,1.0439,True,False,body,110.0,118.0,-10.0
2739,165800,9.0,1,31,0.163284,1.0239,True,False,wall,10.0,9.0,-10.0
2740,165824,30.0,3,24,0.16325,0.8894,True,False,body,30.0,10.0,-10.0
2741,165895,115.0,7,71,0.163149,1.0495,True,False,body,70.0,55.0,-10.0
2742,166088,270.0,14,193,0.162877,1.0907,True,False,body,140.0,140.0,-10.0
2743,166129,44.0,2,41,0.162819,1.0549,True,False,wall,20.0,34.0,-10.0
2744,166157,38.0,3,28,0.162779,1.0834,True,False,wall,30.0,18.0,-10.0
2745,166224,106.0,6,67,0.162685,0.9695,True,False,body,60.0,56.0,-10.0
2746,166246,38.0,3,22,0.162654,1.1092,True,False,wall,30.0,18.0,-10.0
2747,166259,7.0,1,13,0.162636,1.0094,True,False,wall,10.0,7.0,-10.0
2748,166448,294.0,18,189,0.16237,0.9574,True,False,body,180.0,124.0,-10.0
2749,166515,77.0,5,67,0.162276,0.9906,True,False,wall,50.0,37.0,-10.0
2750,166589,105.0,6,74,0.162172,0.9318,True,False,body,60.0,55.0,-10.0
2751,166696,144.0,8,107,0.162022,0.9355,True,False,body,80.0,74.0,-10.0
2752,166810,137.0,8,114,0.161862,1.0321,True,False,wall,80.0,67.0,-10.0
2753,166857,62.0,4,47,0.161797,0.9719,True,False,wall,40.0,32.0,-10.0
2754,167078,253.0,13,221,0.161488,1.0282,True,False,body,130.0,133.0,-10.0
2755,167227,233.0,13,149,0.161281,0.9539,True,False,body,130.0,113.0,-10.0
2756,167273,52.0,3,46,0.161217,1.1174,True,False,body,30.0,32.0,-10.0
2757,167408,194.0,10,135,0.161029,1.0039,True,False,wall,100.0,104.0,-10.0
2758,167460,60.0,3,52,0.160957,1.0484,True,False,wall,30.0,40.0,-10.0
2759,167605,215.0,11,145,0.160756,0.9711,True,False,wall,110.0,115.0,-10.0
2760,167664,75.0,5,59,0.160675,1.0159,True,False,wall,50.0,35.0,-10.0
2761,167722,71.0,4,58,0.160594,1.1126,True,False,body,40.0,41.0,-10.0
2762,167779,96.0,6,57,0.160516,1.0537,True,False,body,60.0,46.0,-10.0
2763,167908,177.0,9,129,0.160338,1.0829,True,False,body,90.0,97.0,-10.0
2764,167952,79.0,6,44,0.160277,0.9855,True,False,wall,60.0,29.0,-10.0
2765,168101,203.0,11,149,0.160072,0.9576,True,False,body,110.0,103.0,-10.0
2766,168155,60.0,3,54,0.159997,1.0621,True,False,body,30.0,40.0,-10.0
2767,168435,401.0,20,280,0.159613,1.0233,True,False,wall,200.0,211.0,-10.0
2768,168448,0.0,0,13,0.159595,1.1367,True,False,wall,0.0,10.0,-10.0
2769,168468,16.0,1,20,0.159568,0.932,True,False,wall,10.0,16.0,-10.0
2770,168555,122.0,8,87,0.159449,1.009,True,False,body,80.0,52.0,-10.0
2771,168765,245.0,12,210,0.159162,0.9579,True,False,body,120.0,135.0,-10.0
2772,169081,434.0,23,316,0.158732,1.0835,True,False,body,230.0,214.0,-10.0
2773,169226,218.0,12,145,0.158535,1.122,True,False,wall,120.0,108.0,-10.0
2774,169253,30.0,2,27,0.158498,1.2285,True,False,wall,20.0,20.0,-10.0
2775,169286,43.0,3,33,0.158453,1.1358,True,False,body,30.0,23.0,-10.0
2776,169302,12.0,1,16,0.158432,1.1747,True,False,wall,10.0,12.0,-10.0
2777,169405,165.0,9,103,0.158292,1.0499,True,False,body,90.0,85.0,-10.0
2778,169462,55.0,3,57,0.158215,1.0875,True,False,wall,30.0,35.0,-10.0
2779,169651,281.0,15,189,0.15796,1.1058,True,False,wall,150.0,141.0,-10.0
2780,169786,177.0,9,135,0.157778,1.0138,True,False,wall,90.0,97.0,-10.0
2781,169868,120.0,7,82,0.157667,1.2686,True,False,wall,70.0,60.0,-10.0
2782,169885,13.0,1,17,0.157644,1.0154,True,False,wall,10.0,13.0,-10.0
2783,169936,75.0,5,51,0.157576,1.2306,True,False,wall,50.0,35.0,-10.0
2784,169971,41.0,3,35,0.157529,1.195,True,False,wall,30.0,21.0,-10.0
2785,170144,246.0,14,173,0.157296,1.1611,True,False,wall,140.0,116.0,-10.0
2786,170209,95.0,5,65,0.157209,1.07,True,False,body,50.0,55.0,-10.0
2787,170225,14.0,1,16,0.157188,0.9906,True,False,wall,10.0,14.0,-10.0
2788,170279,72.0,5,54,0.157115,1.1182,True,False,body,50.0,32.0,-10.0
2789,170353,114.0,7,74,0.157016,1.0421,True,False,body,70.0,54.0,-10.0
2790,170450,132.0,8,97,0.156887,1.0063,True,False,wall,80.0,62.0,-10.0
2791,170585,214.0,12,135,0.156707,1.1032,True,False,body,120.0,104.0,-10.0
2792,170690,176.0,10,105,0.156567,1.0879,True,False,body,100.0,86.0,-10.0
2793,170734,48.0,3,44,0.156508,0.9414,True,False,wall,30.0,28.0,-10.0
2794,170785,81.0,5,51,0.15644,0.9652,True,False,body,50.0,41.0,-10.0
2795,170834,61.0,3,49,0.156375,1.0221,True,False,body,30.0,41.0,-10.0
2796,170927,145.0,9,93,0.156251,0.9885,True,False,body,90.0,65.0,-10.0
2797,171041,207.0,12,114,0.1561,1.1519,True,False,body,120.0,97.0,-10.0
2798,171146,163.0,9,105,0.155961,0.9743,True,False,wall,90.0,83.0,-10.0
2799,171377,348.0,18,231,0.155655,1.0618,True,False,body,180.0,178.0,-10.0
2800,171416,52.0,4,39,0.155604,1.2987,True,False,body,40.0,22.0,-10.0
2801,171489,127.0,9,73,0.155508,1.0043,True,False,body,90.0,47.0,-10.0
2802,171552,92.0,6,63,0.155424,0.9356,True,False,wall,60.0,42.0,-10.0
2803,171595,57.0,3,43,0.155368,1.0871,True,False,body,30.0,37.0,-10.0
2804,171616,17.0,1,21,0.15534,1.1258,True,False,wall,10.0,17.0,-10.0
2805,171634,8.0,1,18,0.155316,1.0069,True,False,wall,10.0,8.0,-10.0
2806,171698,90.0,5,64,0.155232,0.9758,True,False,wall,50.0,50.0,-10.0
2807,171779,117.0,7,81,0.155126,1.0233,True,False,body,70.0,57.0,-10.0
2808,171873,147.0,8,94,0.155002,1.0533,True,False,body,80.0,77.0,-10.0
2809,171891,-1.0,0,18,0.154979,0.9497,True,False,wall,0.0,9.0,-10.0
2810,172033,203.0,12,142,0.154793,1.0651,True,False,body,120.0,93.0,-10.0
2811,172177,217.0,12,144,0.154604,1.0139,True,False,wall,120.0,107.0,-10.0
2812,172190,11.0,1,13,0.154587,0.8997,True,False,wall,10.0,11.0,-10.0
2813,172259,100.0,6,69,0.154497,0.9828,True,False,body,60.0,50.0,-10.0
2814,172301,57.0,4,42,0.154442,1.1095,True,False,wall,40.0,27.0,-10.0
2815,172377,109.0,6,76,0.154343,1.0105,True,False,body,60.0,59.0,-10.0
2816,172405,45.0,4,28,0.154306,0.9299,True,False,body,40.0,15.0,-10.0
2817,172457,82.0,5,52,0.154239,1.0687,True,False,wall,50.0,42.0,-10.0
2818,172621,235.0,12,164,0.154025,1.0006,True,False,wall,120.0,125.0,-10.0
2819,172639,16.0,1,18,0.154002,0.9333,True,False,wall,10.0,16.0,-10.0
2820,172694,87.0,5,55,0.15393,0.9905,True,False,body,50.0,47.0,-10.0
2821,172748,89.0,6,54,0.15386,1.0337,True,False,wall,60.0,39.0,-10.0
2822,172761,20.0,2,13,0.153843,1.0417,True,False,wall,20.0,10.0,-10.0
2823,172795,59.0,4,34,0.153799,1.0019,True,False,wall,40.0,29.0,-10.0
2824,172824,21.0,1,29,0.153761,1.0679,True,False,wall,10.0,21.0,-10.0
2825,172939,174.0,10,115,0.153612,0.9967,True,False,body,100.0,84.0,-10.0
2826,173045,168.0,11,106,0.153475,1.0312,True,False,body,110.0,68.0,-10.0
2827,173210,218.0,12,165,0.153262,0.9884,True,False,wall,120.0,108.0,-10.0
2828,173339,196.0,12,129,0.153096,1.1627,True,False,body,120.0,86.0,-10.0
2829,173479,133.0,8,140,0.152915,1.0492,True,False,body,80.0,63.0,-10.0
2830,173542,74.0,4,63,0.152834,1.12,True,False,wall,40.0,44.0,-10.0
2831,173573,34.0,2,31,0.152795,1.0351,True,False,wall,20.0,24.0,-10.0
2832,173621,62.0,3,48,0.152733,1.0828,True,False,wall,30.0,42.0,-10.0
2833,173683,79.0,4,62,0.152653,0.9814,True,False,body,40.0,49.0,-10.0
2834,173724,53.0,3,41,0.152601,1.0334,True,False,body,30.0,33.0,-10.0
2835,173767,51.0,3,43,0.152546,1.1789,True,False,body,30.0,31.0,-10.0
2836,173804,67.0,5,37,0.152498,1.1155,True,False,wall,50.0,27.0,-10.0
2837,173889,134.0,8,85,0.152389,1.0939,True,False,wall,80.0,64.0,-10.0
2838,173968,101.0,5,79,0.152288,0.9537,True,False,wall,50.0,61.0,-10.0
2839,174018,60.0,3,50,0.152224,1.0627,True,False,wall,30.0,40.0,-10.0
2840,174094,132.0,9,76,0.152127,1.0869,True,False,body,90.0,52.0,-10.0
2841,174204,148.0,9,110,0.151987,0.9882,True,False,body,90.0,68.0,-10.0
2842,174220,10.0,1,16,0.151967,0.873,True,False,wall,10.0,10.0,-10.0
2843,174295,109.0,7,75,0.151871,1.0345,True,False,wall,70.0,49.0,-10.0
2844,174509,361.0,20,214,0.151599,1.029,True,False,body,200.0,171.0,-10.0
2845,174612,144.0,8,103,0.151468,1.0714,True,False,wall,80.0,74.0,-10.0
2846,174704,124.0,7,92,0.151352,1.0386,True,False,body,70.0,64.0,-10.0
2847,174830,207.0,12,126,0.151192,1.018,True,False,wall,120.0,97.0,-10.0
2848,174977,249.0,15,147,0.151006,1.0051,True,False,body,150.0,109.0,-10.0
2849,175069,150.0,9,92,0.15089,1.1585,True,False,wall,90.0,70.0,-10.0
2850,175128,85.0,5,59,0.150816,0.9336,True,False,body,50.0,45.0,-10.0
2851,175177,70.0,4,49,0.150754,1.052,True,False,wall,40.0,40.0,-10.0
2852,175248,101.0,5,71,0.150665,1.0193,True,False,wall,50.0,61.0,-10.0
2853,175441,318.0,18,193,0.150422,1.0455,True,False,wall,180.0,148.0,-10.0
2854,175480,45.0,3,39,0.150373,1.0357,True,False,wall,30.0,25.0,-10.0
2855,175720,371.0,20,240,0.150072,1.061,True,False,body,200.0,181.0,-10.0
2856,175791,92.0,4,71,0.149984,1.0971,True,False,wall,40.0,62.0,-10.0
2857,175811,16.0,1,20,0.149959,0.9589,True,False,wall,10.0,16.0,-10.0
2858,175852,67.0,5,41,0.149908,1.0297,True,False,wall,50.0,27.0,-10.0
2859,175894,53.0,4,42,0.149855,1.0516,True,False,body,40.0,23.0,-10.0
2860,175973,119.0,7,79,0.149757,1.0082,True,False,body,70.0,59.0,-10.0
2861,176087,180.0,11,114,0.149614,1.1164,True,False,body,110.0,80.0,-10.0
2862,176154,87.0,5,67,0.149531,1.2465,True,False,wall,50.0,47.0,-10.0
2863,176259,174.0,10,105,0.149401,1.1251,True,False,body,100.0,84.0,-10.0
2864,176315,84.0,5,56,0.149331,1.0203,True,False,wall,50.0,44.0,-10.0
2865,176558,378.0,20,243,0.14903,1.0983,True,False,body,200.0,188.0,-10.0
2866,176586,38.0,3,28,0.148995,1.0098,True,False,body,30.0,18.0,-10.0
2867,176805,331.0,17,219,0.148724,1.0398,True,False,body,170.0,171.0,-10.0
2868,176828,28.0,2,23,0.148696,0.9632,True,False,wall,20.0,18.0,-10.0
2869,176891,74.0,4,63,0.148618,1.0386,True,False,wall,40.0,44.0,-10.0
2870,176927,35.0,2,36,0.148574,1.0697,True,False,wall,20.0,25.0,-10.0
2871,177031,161.0,8,104,0.148446,0.9235,True,False,wall,80.0,91.0,-10.0
2872,177144,181.0,11,113,0.148307,1.0865,True,False,body,110.0,81.0,-10.0
2873,177224,138.0,9,80,0.148209,1.0822,True,False,body,90.0,58.0,-10.0
2874,177318,160.0,9,94,0.148093,1.0275,True,False,wall,90.0,80.0,-10.0
2875,177574,406.0,21,256,0.14778,1.0278,True,False,body,210.0,206.0,-10.0
2876,177584,-1.0,0,10,0.147768,1.0238,True,False,wall,0.0,9.0,-10.0
2877,177651,89.0,5,67,0.147686,1.0263,True,False,wall,50.0,49.0,-10.0
2878,177831,293.0,16,180,0.147466,1.0887,True,False,body,160.0,143.0,-10.0
2879,178059,329.0,16,228,0.147189,1.0945,True,False,wall,160.0,179.0,-10.0
2880,178255,305.0,16,196,0.146951,1.0127,True,False,body,160.0,155.0,-10.0
2881,178276,17.0,1,21,0.146926,0.8987,True,False,wall,10.0,17.0,-10.0
2882,178309,36.0,2,33,0.146886,1.0657,True,False,wall,20.0,26.0,-10.0
2883,178440,181.0,11,131,0.146727,1.0025,True,False,wall,110.0,81.0,-10.0
2884,178480,56.0,3,40,0.146679,1.237,True,False,wall,30.0,36.0,-10.0
2885,178555,116.0,8,75,0.146588,1.0587,True,False,body,80.0,46.0,-10.0
2886,178612,72.0,4,57,0.146519,1.0657,True,False,wall,40.0,42.0,-10.0
2887,178788,270.0,15,176,0.146307,0.9597,True,False,body,150.0,130.0,-10.0
2888,178913,188.0,10,125,0.146157,1.0741,True,False,wall,100.0,98.0,-10.0
2889,179031,165.0,8,118,0.146015,1.1132,True,False,body,80.0,95.0,-10.0
2890,179213,299.0,16,182,0.145797,1.0973,True,False,body,160.0,149.0,-10.0
2891,179378,234.0,12,165,0.1456,1.0566,True,False,body,120.0,124.0,-10.0
2892,179604,333.0,18,226,0.14533,1.0477,True,False,body,180.0,163.0,-10.0
2893,179686,128.0,7,82,0.145232,1.0601,True,False,wall,70.0,68.0,-10.0
2894,179801,167.0,9,115,0.145096,1.0071,True,False,body,90.0,87.0,-10.0
2895,179862,74.0,4,61,0.145023,0.9588,True,False,body,40.0,44.0,-10.0
2896,180014,207.0,10,152,0.144843,1.0232,True,False,wall,100.0,117.0,-10.0
2897,180331,472.0,26,317,0.144468,1.0416,True,False,body,260.0,222.0,-10.0
2898,180397,106.0,7,66,0.14439,1.0801,True,False,body,70.0,46.0,-10.0
2899,180607,274.0,13,210,0.144142,1.0147,True,False,wall,130.0,154.0,-10.0
2900,180631,25.0,2,24,0.144114,0.9081,True,False,wall,20.0,15.0,-10.0
2901,180745,189.0,12,114,0.14398,1.0355,True,False,body,120.0,79.0,-10.0
2902,180870,214.0,12,125,0.143833,1.1166,True,False,wall,120.0,104.0,-10.0
2903,180946,107.0,6,76,0.143744,1.2401,True,False,body,60.0,57.0,-10.0
2904,181063,183.0,11,117,0.143607,1.0737,True,False,wall,110.0,83.0,-10.0
2905,181166,118.0,6,103,0.143487,1.1,True,False,body,60.0,68.0,-10.0
2906,181432,410.0,25,266,0.143176,1.0077,True,False,body,250.0,170.0,-10.0
2907,181467,42.0,2,35,0.143136,0.8897,True,False,wall,20.0,32.0,-10.0
2908,181528,98.0,6,61,0.143065,1.0586,True,False,body,60.0,48.0,-10.0
2909,181630,186.0,11,102,0.142946,1.1193,True,False,wall,110.0,86.0,-10.0
2910,181651,22.0,2,21,0.142922,0.9727,True,False,wall,20.0,12.0,-10.0
2911,181710,89.0,5,59,0.142853,1.1647,True,False,body,50.0,49.0,-10.0
2912,181811,140.0,8,101,0.142736,1.001,True,False,body,80.0,70.0,-10.0
2913,181969,208.0,11,158,0.142553,1.2527,True,False,body,110.0,108.0,-10.0
2914,182026,81.0,5,57,0.142487,1.0675,True,False,body,50.0,41.0,-10.0
2915,182243,303.0,15,217,0.142237,1.0952,True,False,body,150.0,163.0,-10.0
2916,182262,33.0,3,19,0.142215,0.9778,True,False,wall,30.0,13.0,-10.0
2917,182445,315.0,17,183,0.142004,1.0326,True,False,body,170.0,155.0,-10.0
2918,182511,94.0,5,66,0.141928,1.0055,True,False,body,50.0,54.0,-10.0
2919,182717,333.0,18,206,0.141692,1.0853,True,False,wall,180.0,163.0,-10.0
2920,182822,147.0,7,105,0.141571,1.0722,True,False,wall,70.0,87.0,-10.0
2921,182899,148.0,10,77,0.141483,0.9891,True,False,body,100.0,58.0,-10.0
2922,182911,-3.0,0,12,0.14147,1.1133,True,False,wall,0.0,7.0,-10.0
2923,183000,158.0,10,89,0.141368,1.0346,True,False,body,100.0,68.0,-10.0
2924,183044,52.0,3,44,0.141318,1.0601,True,False,wall,30.0,32.0,-10.0
2925,183085,50.0,4,41,0.141271,1.0055,True,False,wall,40.0,20.0,-10.0
2926,183371,485.0,28,286,0.140945,1.0241,True,False,wall,280.0,215.0,-10.0
2927,183516,211.0,13,145,0.140781,1.114,True,False,body,130.0,91.0,-10.0
2928,183553,62.0,4,37,0.140739,1.1198,True,False,wall,40.0,32.0,-10.0
2929,183678,175.0,9,125,0.140597,1.0716,True,False,body,90.0,95.0,-10.0
2930,183777,199.0,13,99,0.140485,1.1539,True,False,body,130.0,79.0,-10.0
2931,183882,170.0,10,105,0.140366,1.154,True,False,body,100.0,80.0,-10.0
2932,184030,187.0,10,148,0.140199,1.1004,True,False,body,100.0,97.0,-10.0
2933,184225,296.0,16,195,0.13998,0.9918,True,False,body,160.0,146.0,-10.0
2934,184371,254.0,15,146,0.139815,1.0396,True,False,wall,150.0,114.0,-10.0
2935,184491,136.0,7,120,0.139681,1.0761,True,False,body,70.0,76.0,-10.0
2936,184615,196.0,11,124,0.139542,1.13,True,False,body,110.0,96.0,-10.0
2937,184718,159.0,9,103,0.139427,1.1895,True,False,body,90.0,79.0,-10.0
2938,184929,308.0,16,211,0.139191,1.0992,True,False,body,160.0,158.0,-10.0
2939,184961,46.0,3,32,0.139156,1.103,True,False,body,30.0,26.0,-10.0
2940,185173,278.0,15,212,0.13892,1.0538,True,False,body,150.0,138.0,-10.0
2941,185292,189.0,11,119,0.138787,1.0674,True,False,body,110.0,89.0,-10.0
2942,185495,305.0,17,203,0.138562,1.1752,True,False,wall,170.0,145.0,-10.0
2943,185504,-2.0,0,9,0.138552,1.807,True,False,wall,0.0,8.0,-10.0
2944,185619,150.0,8,115,0.138425,1.0154,True,False,body,80.0,80.0,-10.0
2945,185689,83.0,4,70,0.138348,1.006,True,False,wall,40.0,53.0,-10.0
2946,185888,317.0,17,199,0.138128,1.0993,True,False,wall,170.0,157.0,-10.0
2947,186058,339.0,22,170,0.137941,1.0613,True,False,body,220.0,129.0,-10.0
2948,186322,401.0,20,264,0.137652,1.0299,True,False,body,200.0,211.0,-10.0
2949,186523,345.0,19,201,0.137432,1.0893,True,False,wall,190.0,165.0,-10.0
2950,186594,94.0,6,71,0.137354,1.0576,True,False,wall,60.0,44.0,-10.0
2951,186620,20.0,1,26,0.137326,1.1001,True,False,wall,10.0,20.0,-10.0
2952,186635,13.0,1,15,0.137309,1.1268,True,False,wall,10.0,13.0,-10.0
2953,186767,182.0,9,132,0.137165,1.0873,True,False,body,90.0,102.0,-10.0
2954,186849,108.0,5,82,0.137076,1.1146,True,False,wall,50.0,68.0,-10.0
2955,186945,121.0,6,96,0.136972,1.0834,True,False,body,60.0,71.0,-10.0
2956,187031,135.0,8,86,0.136878,1.0846,True,False,body,80.0,65.0,-10.0
2957,187147,196.0,11,116,0.136752,1.0226,True,False,wall,110.0,96.0,-10.0
2958,187171,29.0,2,24,0.136726,1.0524,True,False,wall,20.0,19.0,-10.0
2959,187233,80.0,5,62,0.136659,1.0864,True,False,body,50.0,40.0,-10.0
2960,187349,173.0,10,116,0.136534,1.0969,True,False,body,100.0,83.0,-10.0
2961,187574,343.0,17,225,0.136291,1.058,True,False,wall,170.0,183.0,-10.0
2962,187631,74.0,4,57,0.136229,1.0768,True,False,wall,40.0,44.0,-10.0
2963,187644,0.0,0,13,0.136215,1.1479,True,False,wall,0.0,10.0,-10.0
2964,187789,203.0,11,145,0.136059,1.0338,True,False,body,110.0,103.0,-10.0
2965,187885,130.0,7,96,0.135956,0.9719,True,False,body,70.0,70.0,-10.0
2966,188115,352.0,19,230,0.135709,1.0433,True,False,body,190.0,172.0,-10.0
2967,188144,43.0,3,29,0.135678,0.9382,True,False,body,30.0,23.0,-10.0
2968,188180,42.0,3,36,0.135639,1.3332,True,False,body,30.0,22.0,-10.0
2969,188292,144.0,7,112,0.13552,1.1547,True,False,body,70.0,84.0,-10.0
2970,188384,117.0,6,92,0.135421,1.1987,True,False,wall,60.0,67.0,-10.0
2971,188559,253.0,15,175,0.135235,1.0792,True,False,wall,150.0,113.0,-10.0
2972,188684,209.0,13,125,0.135102,1.2168,True,False,body,130.0,89.0,-10.0
2973,188745,83.0,5,61,0.135037,1.1054,True,False,wall,50.0,43.0,-10.0
2974,188946,316.0,16,201,0.134823,1.099,True,False,body,160.0,166.0,-10.0
2975,189020,105.0,6,74,0.134745,1.1971,True,False,wall,60.0,55.0,-10.0
2976,189071,79.0,5,51,0.134691,0.9943,True,False,wall,50.0,39.0,-10.0
2977,189123,62.0,3,52,0.134636,1.0924,True,False,body,30.0,42.0,-10.0
2978,189242,151.0,7,119,0.13451,1.0389,True,False,body,70.0,91.0,-10.0
2979,189450,303.0,18,208,0.134291,1.0571,True,False,body,180.0,133.0,-10.0
2980,189466,14.0,1,16,0.134274,1.241,True,False,wall,10.0,14.0,-10.0
2981,189503,58.0,4,37,0.134235,1.0922,True,False,wall,40.0,28.0,-10.0
2982,189674,246.0,12,171,0.134055,1.066,True,False,wall,120.0,136.0,-10.0
2983,190098,619.0,34,424,0.133611,1.1186,True,False,body,340.0,289.0,-10.0
2984,190194,109.0,6,96,0.13351,1.153,True,False,body,60.0,59.0,-10.0
2985,190251,90.0,6,57,0.133451,1.1311,True,False,body,60.0,40.0,-10.0
2986,190352,127.0,7,101,0.133346,1.1402,True,False,body,70.0,67.0,-10.0
2987,190438,144.0,9,86,0.133256,1.0956,True,False,wall,90.0,64.0,-10.0
2988,190473,27.0,1,35,0.13322,1.1655,True,False,wall,10.0,27.0,-10.0
2989,190568,135.0,7,95,0.133121,1.0391,True,False,wall,70.0,75.0,-10.0
2990,190582,12.0,1,14,0.133106,1.0368,True,False,wall,10.0,12.0,-10.0
2991,190611,30.0,2,29,0.133076,1.0022,True,False,wall,20.0,20.0,-10.0
2992,190791,238.0,11,180,0.132889,1.1472,True,False,body,110.0,138.0,-10.0
2993,190994,321.0,17,203,0.132679,1.0473,True,False,wall,170.0,161.0,-10.0
2994,191053,96.0,6,59,0.132618,1.0675,True,False,wall,60.0,46.0,-10.0
2995,191147,150.0,9,94,0.132521,1.0122,True,False,body,90.0,70.0,-10.0
2996,191255,156.0,9,108,0.13241,1.1045,True,False,wall,90.0,76.0,-10.0
2997,191409,237.0,14,154,0.132252,1.0872,True,False,body,140.0,107.0,-10.0
2998,191523,168.0,9,114,0.132134,1.2127,True,False,body,90.0,88.0,-10.0
2999,191571,69.0,4,48,0.132085,1.1256,True,False,wall,40.0,39.0,-10.0
3000,191653,121.0,6,82,0.132001,1.044,True,False,body,60.0,71.0,-10.0
3001,191767,170.0,9,114,0.131884,1.2716,True,False,wall,90.0,90.0,-10.0
3002,191814,63.0,3,47,0.131836,1.0848,True,False,wall,30.0,43.0,-10.0
3003,191964,215.0,12,150,0.131683,1.1023,True,False,body,120.0,105.0,-10.0
3004,192033,102.0,6,69,0.131612,1.1272,True,False,wall,60.0,52.0,-10.0
3005,192146,182.0,10,113,0.131497,1.1044,True,False,body,100.0,92.0,-10.0
3006,192296,251.0,14,150,0.131345,1.1034,True,False,wall,140.0,121.0,-10.0
3007,192349,59.0,3,53,0.131291,1.0576,True,False,body,30.0,39.0,-10.0
3008,192365,32.0,3,16,0.131274,1.0184,True,False,wall,30.0,12.0,-10.0
3009,192420,68.0,4,55,0.131219,1.0193,True,False,body,40.0,38.0,-10.0
3010,192465,75.0,5,45,0.131173,1.0508,True,False,wall,50.0,35.0,-10.0
3011,192543,129.0,8,78,0.131094,1.0235,True,False,wall,80.0,59.0,-10.0
3012,192733,273.0,14,190,0.130901,1.0907,True,False,body,140.0,143.0,-10.0
3013,192760,43.0,3,27,0.130874,1.065,True,False,body,30.0,23.0,-10.0
3014,192860,155.0,8,100,0.130773,1.078,True,False,wall,80.0,85.0,-10.0
3015,192942,113.0,6,82,0.13069,1.099,True,False,body,60.0,63.0,-10.0
3016,193027,138.0,8,85,0.130605,1.1501,True,False,body,80.0,68.0,-10.0
3017,193175,214.0,11,148,0.130456,1.0392,True,False,body,110.0,114.0,-10.0
3018,193233,97.0,6,58,0.130397,0.967,True,False,body,60.0,47.0,-10.0
3019,193394,247.0,13,161,0.130236,1.0636,True,False,body,130.0,127.0,-10.0
3020,193455,89.0,5,61,0.130175,0.9799,True,False,wall,50.0,49.0,-10.0
3021,193475,34.0,3,20,0.130155,0.9892,True,False,body,30.0,14.0,-10.0
3022,193527,78.0,5,52,0.130103,1.0571,True,False,body,50.0,38.0,-10.0
3023,193560,49.0,3,33,0.130069,1.1593,True,False,wall,30.0,29.0,-10.0
3024,193572,1.0,0,12,0.130057,1.1637,True,False,wall,0.0,11.0,-10.0
3025,193692,174.0,9,120,0.129937,1.1567,True,False,wall,90.0,94.0,-10.0
3026,193754,112.0,7,62,0.129876,1.197,True,False,wall,70.0,52.0,-10.0
3027,193768,12.0,1,14,0.129862,0.9462,True,False,wall,10.0,12.0,-10.0
3028,193839,83.0,5,71,0.129791,1.1326,True,False,wall,50.0,43.0,-10.0
3029,193974,204.0,10,135,0.129656,1.0608,True,False,body,100.0,114.0,-10.0
3030,194290,426.0,21,316,0.129342,1.086,True,False,body,210.0,226.0,-10.0
3031,194377,122.0,6,87,0.129256,1.0574,True,False,wall,60.0,72.0,-10.0
3032,194415,54.0,3,38,0.129218,1.0468,True,False,wall,30.0,34.0,-10.0
3033,194575,224.0,11,160,0.12906,1.2344,True,False,body,110.0,124.0,-10.0
3034,194597,38.0,3,22,0.129038,1.0653,True,False,wall,30.0,18.0,-10.0
3035,194623,36.0,3,26,0.129013,1.0699,True,False,wall,30.0,16.0,-10.0
3036,194810,273.0,15,187,0.128828,1.0945,True,False,body,150.0,133.0,-10.0
3037,194832,32.0,3,22,0.128806,1.2933,True,False,body,30.0,12.0,-10.0
3038,194999,210.0,10,167,0.128642,1.1352,True,False,body,100.0,120.0,-10.0
3039,195025,38.0,3,26,0.128617,1.4482,True,False,wall,30.0,18.0,-10.0
3040,195072,55.0,3,47,0.12857,1.1568,True,False,body,30.0,35.0,-10.0
3041,195115,55.0,3,43,0.128528,1.016,True,False,wall,30.0,35.0,-10.0
3042,195199,130.0,7,84,0.128446,1.1183,True,False,wall,70.0,70.0,-10.0
3043,195223,31.0,2,24,0.128422,1.0642,True,False,wall,20.0,21.0,-10.0
3044,195289,132.0,9,66,0.128358,1.0971,True,False,body,90.0,52.0,-10.0
3045,195333,78.0,5,44,0.128314,1.088,True,False,body,50.0,38.0,-10.0
3046,195376,53.0,3,43,0.128272,1.1178,True,False,wall,30.0,33.0,-10.0
3047,195694,493.0,28,318,0.127962,1.0752,True,False,body,280.0,223.0,-10.0
3048,195849,248.0,14,155,0.127811,1.1601,True,False,body,140.0,118.0,-10.0
3049,195913,88.0,5,64,0.127749,1.245,True,False,body,50.0,48.0,-10.0
3050,196154,355.0,19,241,0.127515,1.0788,True,False,body,190.0,175.0,-10.0
3051,196210,60.0,3,56,0.127461,1.0642,True,False,body,30.0,40.0,-10.0
3052,196265,71.0,3,55,0.127407,1.2869,True,False,wall,30.0,51.0,-10.0
3053,196367,149.0,8,102,0.127309,1.0985,True,False,body,80.0,79.0,-10.0
3054,196435,95.0,6,68,0.127243,1.0557,True,False,wall,60.0,45.0,-10.0
3055,196444,7.0,1,9,0.127234,1.0431,True,False,wall,10.0,7.0,-10.0
3056,196637,306.0,16,193,0.127048,1.1109,True,False,body,160.0,156.0,-10.0
3057,196705,93.0,6,68,0.126983,1.0468,True,False,wall,60.0,43.0,-10.0
3058,196758,70.0,4,53,0.126932,1.0213,True,False,wall,40.0,40.0,-10.0
3059,196851,160.0,10,93,0.126842,1.0592,True,False,body,100.0,70.0,-10.0
3060,196915,90.0,5,64,0.126781,1.0092,True,False,body,50.0,50.0,-10.0
3061,197062,224.0,12,147,0.12664,1.1027,True,False,body,120.0,114.0,-10.0
3062,197126,117.0,8,64,0.126579,1.0614,True,False,body,80.0,47.0,-10.0
3063,197231,156.0,8,105,0.126478,1.0431,True,False,wall,80.0,86.0,-10.0
3064,197432,292.0,16,201,0.126286,1.0264,True,False,body,160.0,142.0,-10.0
3065,197595,260.0,14,163,0.126131,1.0392,True,False,body,140.0,130.0,-10.0
3066,197624,30.0,2,29,0.126104,1.2327,True,False,wall,20.0,20.0,-10.0
3067,197638,10.0,1,14,0.12609,1.0767,True,False,wall,10.0,10.0,-10.0
3068,197658,14.0,1,20,0.126071,1.0183,True,False,wall,10.0,14.0,-10.0
3069,197756,140.0,7,98,0.125978,1.0693,True,False,wall,70.0,80.0,-10.0
3070,197774,3.0,0,18,0.125961,0.9339,True,False,wall,0.0,13.0,-10.0
3071,197803,32.0,2,29,0.125933,0.9894,True,False,wall,20.0,22.0,-10.0
3072,197951,244.0,13,148,0.125793,1.1303,True,False,body,130.0,124.0,-10.0
3073,197984,34.0,2,33,0.125762,0.9822,True,False,wall,20.0,24.0,-10.0
3074,198218,325.0,18,234,0.125541,1.128,True,False,body,180.0,155.0,-10.0
3075,198291,111.0,7,73,0.125472,1.1542,True,False,body,70.0,51.0,-10.0
3076,198486,271.0,15,195,0.125288,1.1385,True,False,body,150.0,131.0,-10.0
3077,198498,19.0,2,12,0.125277,1.0775,True,False,wall,20.0,9.0,-10.0
3078,198578,113.0,6,80,0.125201,1.2955,True,False,body,60.0,63.0,-10.0
3079,198608,44.0,3,30,0.125173,1.1503,True,False,body,30.0,24.0,-10.0
3080,198796,301.0,16,188,0.124997,1.1466,True,False,wall,160.0,151.0,-10.0
3081,198911,193.0,11,115,0.124889,1.2022,True,False,body,110.0,93.0,-10.0
3082,198933,23.0,2,22,0.124868,1.0909,True,False,wall,20.0,13.0,-10.0
3083,198971,37.0,2,38,0.124833,1.0692,True,False,wall,20.0,27.0,-10.0
3084,199060,140.0,8,89,0.12475,1.156,True,False,body,80.0,70.0,-10.0
3085,199159,170.0,10,99,0.124657,1.0883,True,False,body,100.0,80.0,-10.0
3086,199254,193.0,13,95,0.124569,1.072,True,False,wall,130.0,73.0,-10.0
3087,199431,241.0,13,177,0.124404,1.0893,True,False,body,130.0,121.0,-10.0
3088,199652,344.0,18,221,0.124199,1.0934,True,False,wall,180.0,174.0,-10.0
3089,199718,88.0,5,66,0.124137,1.0939,True,False,body,50.0,48.0,-10.0
3090,199761,45.0,3,43,0.124098,1.0982,True,False,body,30.0,25.0,-10.0
3091,199830,95.0,5,69,0.124034,1.3217,True,False,wall,50.0,55.0,-10.0
3092,199954,189.0,10,124,0.123919,1.1011,True,False,body,100.0,99.0,-10.0
3093,200112,232.0,11,158,0.123773,1.1879,True,False,wall,110.0,132.0,-10.0
3094,200204,121.0,6,92,0.123688,1.0372,True,False,body,60.0,71.0,-10.0
3095,200238,48.0,3,34,0.123657,1.2239,True,False,wall,30.0,28.0,-10.0
3096,200283,87.0,7,45,0.123616,1.1892,True,False,body,70.0,27.0,-10.0
3097,200404,179.0,9,121,0.123504,1.1388,True,False,body,90.0,99.0,-10.0
3098,200463,68.0,4,59,0.12345,1.0665,True,False,body,40.0,38.0,-10.0
3099,200525,94.0,5,62,0.123393,1.0486,True,False,wall,50.0,54.0,-10.0
3100,200571,53.0,4,46,0.123351,1.0849,True,False,body,40.0,23.0,-10.0
3101,200635,112.0,7,64,0.123292,1.0679,True,False,body,70.0,52.0,-10.0
3102,200684,72.0,4,49,0.123248,1.1641,True,False,wall,40.0,42.0,-10.0
3103,200746,117.0,8,62,0.123191,1.147,True,False,body,80.0,47.0,-10.0
3104,200855,166.0,8,109,0.123091,1.0111,True,False,wall,80.0,96.0,-10.0
3105,201006,232.0,12,151,0.122953,1.0961,True,False,wall,120.0,122.0,-10.0
3106,201043,49.0,3,37,0.12292,1.2009,True,False,wall,30.0,29.0,-10.0
3107,201086,73.0,5,43,0.12288,0.9902,True,False,wall,50.0,33.0,-10.0
3108,201206,191.0,10,120,0.122771,1.2002,True,False,wall,100.0,101.0,-10.0
3109,201235,43.0,3,29,0.122745,1.2805,True,False,wall,30.0,23.0,-10.0
3110,201275,59.0,4,40,0.122708,1.1353,True,False,wall,40.0,29.0,-10.0
3111,201386,161.0,9,111,0.122608,1.0789,True,False,body,90.0,81.0,-10.0
3112,201481,128.0,6,95,0.122521,1.2161,True,False,body,60.0,78.0,-10.0
3113,201530,79.0,5,49,0.122477,1.0179,True,False,wall,50.0,39.0,-10.0
3114,201656,203.0,12,126,0.122363,1.1241,True,False,wall,120.0,93.0,-10.0
3115,201797,198.0,8,141,0.122236,1.3022,True,False,body,80.0,128.0,-10.0
3116,201870,109.0,7,73,0.12217,1.1633,True,False,body,70.0,49.0,-10.0
3117,202034,246.0,13,164,0.122022,1.1666,True,False,body,130.0,126.0,-10.0
3118,202153,199.0,11,119,0.121915,1.1705,True,False,body,110.0,99.0,-10.0
3119,202245,114.0,5,92,0.121832,1.1028,True,False,body,50.0,74.0,-10.0
3120,202269,40.0,3,24,0.121811,1.1609,True,False,wall,30.0,20.0,-10.0
3121,202464,284.0,14,195,0.121636,1.1316,True,False,wall,140.0,154.0,-10.0
3122,202652,269.0,14,188,0.121468,1.0349,True,False,body,140.0,139.0,-10.0
3123,202705,70.0,4,53,0.12142,1.1229,True,False,wall,40.0,40.0,-10.0
3124,202857,217.0,12,152,0.121285,1.1299,True,False,body,120.0,107.0,-10.0
3125,202881,36.0,3,24,0.121263,1.3318,True,False,body,30.0,16.0,-10.0
3126,202973,151.0,10,92,0.121181,1.1232,True,False,body,100.0,61.0,-10.0
3127,202986,11.0,1,13,0.12117,1.4402,True,False,wall,10.0,11.0,-10.0
3128,203130,199.0,10,144,0.121042,1.1442,True,False,wall,100.0,109.0,-10.0
3129,203242,185.0,10,112,0.120943,1.1135,True,False,body,100.0,95.0,-10.0
3130,203338,145.0,8,96,0.120857,1.0953,True,False,body,80.0,75.0,-10.0
3131,203465,197.0,11,127,0.120745,1.0778,True,False,body,110.0,97.0,-10.0
3132,203505,68.0,5,40,0.12071,1.0736,True,False,wall,50.0,28.0,-10.0
3133,203565,84.0,5,60,0.120657,1.1652,True,False,wall,50.0,44.0,-10.0
3134,203618,77.0,5,53,0.12061,1.3063,True,False,body,50.0,37.0,-10.0
3135,203667,66.0,4,49,0.120567,1.4759,True,False,wall,40.0,36.0,-10.0
3136,203695,38.0,3,28,0.120542,1.236,True,False,wall,30.0,18.0,-10.0
3137,203833,244.0,15,138,0.12042,1.153,True,False,wall,150.0,104.0,-10.0
3138,204078,380.0,20,245,0.120205,1.088,True,False,wall,200.0,190.0,-10.0
3139,204094,12.0,1,16,0.120191,1.1658,True,False,wall,10.0,12.0,-10.0
3140,204145,68.0,4,51,0.120146,1.1063,True,False,wall,40.0,38.0,-10.0
3141,204240,136.0,6,95,0.120063,1.0676,True,False,wall,60.0,86.0,-10.0
3142,204312,97.0,6,72,0.12,1.084,True,False,wall,60.0,47.0,-10.0
3143,204498,266.0,15,186,0.119837,1.0813,True,False,wall,150.0,126.0,-10.0
3144,204571,117.0,7,73,0.119774,1.1081,True,False,wall,70.0,57.0,-10.0
3145,204617,69.0,4,46,0.119734,1.0227,True,False,wall,40.0,39.0,-10.0
3146,204704,133.0,7,87,0.119658,1.0953,True,False,body,70.0,73.0,-10.0
3147,204730,33.0,2,26,0.119635,1.0751,True,False,wall,20.0,23.0,-10.0
3148,204899,259.0,13,169,0.119488,1.1024,True,False,body,130.0,139.0,-10.0
3149,204954,81.0,5,55,0.11944,0.9482,True,False,body,50.0,41.0,-10.0
3150,205056,142.0,7,102,0.119352,1.0709,True,False,body,70.0,82.0,-10.0
3151,205066,-3.0,0,10,0.119343,1.0798,True,False,wall,0.0,7.0,-10.0
3152,205419,504.0,26,353,0.119038,1.0936,True,False,body,260.0,254.0,-10.0
3153,205634,335.0,19,215,0.118853,1.0943,True,False,body,190.0,155.0,-10.0
3154,205748,207.0,12,114,0.118755,1.1167,True,False,body,120.0,97.0,-10.0
3155,206009,398.0,22,261,0.118531,1.1409,True,False,wall,220.0,188.0,-10.0
3156,206032,30.0,2,23,0.118511,1.1642,True,False,wall,20.0,20.0,-10.0
3157,206232,301.0,16,200,0.11834,1.0367,True,False,body,160.0,151.0,-10.0
3158,206270,44.0,3,38,0.118308,1.0623,True,False,wall,30.0,24.0,-10.0
3159,206313,34.0,2,43,0.118271,1.1514,True,False,wall,20.0,24.0,-10.0
3160,206430,193.0,11,117,0.118171,1.1011,True,False,body,110.0,93.0,-10.0
3161,206595,238.0,12,165,0.118031,1.211,True,False,wall,120.0,128.0,-10.0
3162,206763,281.0,16,168,0.117888,1.0637,True,False,wall,160.0,131.0,-10.0
3163,206785,25.0,2,22,0.117869,0.9879,True,False,wall,20.0,15.0,-10.0
3164,206926,234.0,14,141,0.11775,1.1197,True,False,body,140.0,104.0,-10.0
3165,206998,100.0,5,72,0.117689,1.0948,True,False,body,50.0,60.0,-10.0
3166,207035,49.0,3,37,0.117657,1.1236,True,False,body,30.0,29.0,-10.0
3167,207186,241.0,13,151,0.11753,1.095,True,False,wall,130.0,121.0,-10.0
3168,207362,212.0,11,176,0.117381,1.1211,True,False,body,110.0,112.0,-10.0
3169,207486,187.0,10,124,0.117277,1.0657,True,False,body,100.0,97.0,-10.0
3170,207568,128.0,7,82,0.117208,1.1351,True,False,body,70.0,68.0,-10.0
3171,207706,227.0,12,138,0.117092,1.2467,True,False,body,120.0,117.0,-10.0
3172,207981,414.0,22,275,0.116862,1.1491,True,False,body,220.0,204.0,-10.0
3173,208054,104.0,6,73,0.116801,1.1488,True,False,wall,60.0,54.0,-10.0
3174,208194,228.0,13,140,0.116684,1.0578,True,False,wall,130.0,108.0,-10.0
3175,208254,106.0,7,60,0.116634,1.1161,True,False,body,70.0,46.0,-10.0
3176,208312,60.0,3,58,0.116586,1.0501,True,False,wall,30.0,40.0,-10.0
3177,208418,166.0,9,106,0.116498,1.1014,True,False,body,90.0,86.0,-10.0
3178,208656,377.0,22,238,0.1163,1.0987,True,False,body,220.0,167.0,-10.0
3179,208685,41.0,3,29,0.116276,1.0984,True,False,body,30.0,21.0,-10.0
3180,208746,116.0,8,61,0.116226,1.0911,True,False,body,80.0,46.0,-10.0
3181,208759,11.0,1,13,0.116215,1.1249,True,False,wall,10.0,11.0,-10.0
3182,208797,46.0,3,38,0.116184,1.1286,True,False,wall,30.0,26.0,-10.0
3183,208941,222.0,13,144,0.116065,1.077,True,False,wall,130.0,102.0,-10.0
3184,209074,268.0,18,133,0.115955,1.0567,True,False,body,180.0,98.0,-10.0
3185,209176,139.0,6,102,0.115871,1.1188,True,False,body,60.0,89.0,-10.0
3186,209399,306.0,16,223,0.115687,1.0879,True,False,body,160.0,156.0,-10.0
3187,209601,344.0,19,202,0.115522,1.1566,True,False,body,190.0,164.0,-10.0
3188,209704,137.0,7,103,0.115437,1.1904,True,False,wall,70.0,77.0,-10.0
3189,209719,11.0,1,15,0.115425,1.2415,True,False,wall,10.0,11.0,-10.0
3190,209813,130.0,7,94,0.115348,1.1682,True,False,wall,70.0,70.0,-10.0
3191,209864,61.0,3,51,0.115307,1.1093,True,False,body,30.0,41.0,-10.0
3192,209902,50.0,3,38,0.115276,1.1625,True,False,wall,30.0,30.0,-10.0
3193,209969,95.0,5,67,0.115221,1.0726,True,False,wall,50.0,55.0,-10.0
3194,210068,148.0,8,99,0.11514,1.1036,True,False,wall,80.0,78.0,-10.0
3195,210151,121.0,7,83,0.115073,1.1422,True,False,body,70.0,61.0,-10.0
3196,210231,131.0,8,80,0.115008,1.0595,True,False,body,80.0,61.0,-10.0
3197,210326,156.0,10,95,0.114931,1.2225,True,False,wall,100.0,66.0,-10.0
3198,210384,88.0,5,58,0.114884,1.0938,True,False,wall,50.0,48.0,-10.0
3199,210465,121.0,7,81,0.114818,1.1385,True,False,wall,70.0,61.0,-10.0
3200,210527,108.0,7,62,0.114768,1.1294,True,False,wall,70.0,48.0,-10.0
3201,210808,447.0,23,281,0.114541,1.0842,True,False,body,230.0,227.0,-10.0
3202,210827,35.0,3,19,0.114525,1.0159,True,False,body,30.0,15.0,-10.0
3203,210963,234.0,13,136,0.114416,1.2164,True,False,wall,130.0,114.0,-10.0
3204,211024,118.0,8,61,0.114367,1.0399,True,False,wall,80.0,48.0,-10.0
3205,211070,74.0,5,46,0.11433,1.0582,True,False,body,50.0,34.0,-10.0
3206,211252,239.0,10,182,0.114183,1.111,True,False,wall,100.0,149.0,-10.0
3207,211300,71.0,4,48,0.114145,1.2046,True,False,wall,40.0,41.0,-10.0
3208,211356,75.0,4,56,0.1141,1.0864,True,False,body,40.0,45.0,-10.0
3209,211406,61.0,4,50,0.11406,1.155,True,False,wall,40.0,31.0,-10.0
3210,211635,357.0,19,229,0.113877,1.1147,True,False,wall,190.0,177.0,-10.0
3211,211702,106.0,6,67,0.113823,1.1087,True,False,wall,60.0,56.0,-10.0
3212,211899,324.0,20,197,0.113666,1.0997,True,False,body,200.0,134.0,-10.0
3213,212102,317.0,17,203,0.113505,1.0762,True,False,body,170.0,157.0,-10.0
3214,212243,205.0,11,141,0.113393,1.0915,True,False,wall,110.0,105.0,-10.0
3215,212447,329.0,18,204,0.113232,1.1175,True,False,wall,180.0,159.0,-10.0
3216,212522,106.0,6,75,0.113173,1.3562,True,False,body,60.0,56.0,-10.0
3217,212553,38.0,2,31,0.113148,1.2328,True,False,wall,20.0,28.0,-10.0
3218,212604,79.0,5,51,0.113108,1.1531,True,False,body,50.0,39.0,-10.0
3219,212726,173.0,8,122,0.113012,1.1243,True,False,wall,80.0,103.0,-10.0
3220,212778,69.0,4,52,0.112971,1.2355,True,False,wall,40.0,39.0,-10.0
3221,212900,185.0,10,122,0.112875,1.2447,True,False,wall,100.0,95.0,-10.0
3222,212925,30.0,2,25,0.112855,1.1209,True,False,wall,20.0,20.0,-10.0
3223,213006,118.0,6,81,0.112792,1.1321,True,False,wall,60.0,68.0,-10.0
3224,213085,107.0,5,79,0.11273,1.0846,True,False,wall,50.0,67.0,-10.0
3225,213094,5.0,1,9,0.112722,1.3055,True,False,wall,10.0,5.0,-10.0
3226,213283,327.0,19,189,0.112574,1.144,True,False,body,190.0,147.0,-10.0
3227,213307,27.0,2,24,0.112556,1.2176,True,False,wall,20.0,17.0,-10.0
3228,213491,323.0,18,184,0.112412,1.1108,True,False,body,180.0,153.0,-10.0
3229,213522,65.0,5,31,0.112388,1.06,True,False,body,50.0,25.0,-10.0
3230,213607,141.0,9,85,0.112322,1.1673,True,False,wall,90.0,61.0,-10.0
3231,213636,36.0,2,29,0.112299,1.1489,True,False,wall,20.0,26.0,-10.0
3232,213796,226.0,11,160,0.112174,1.1398,True,False,body,110.0,126.0,-10.0
3233,213982,275.0,14,186,0.11203,1.1168,True,False,body,140.0,145.0,-10.0
3234,214026,54.0,3,44,0.111996,1.1215,True,False,body,30.0,34.0,-10.0
3235,214175,258.0,14,149,0.111881,1.1315,True,False,body,140.0,128.0,-10.0
3236,214296,169.0,9,121,0.111787,1.131,True,False,wall,90.0,89.0,-10.0
3237,214416,180.0,11,120,0.111694,1.1522,True,False,body,110.0,80.0,-10.0
3238,214477,78.0,4,61,0.111647,1.135,True,False,wall,40.0,48.0,-10.0
3239,214543,101.0,6,66,0.111597,1.2898,True,False,body,60.0,51.0,-10.0
3240,214624,97.0,5,81,0.111534,1.3813,True,False,body,50.0,57.0,-10.0
3241,214665,53.0,3,41,0.111503,1.1892,True,False,body,30.0,33.0,-10.0
3242,214786,191.0,11,121,0.11141,1.2001,True,False,body,110.0,91.0,-10.0
3243,214877,135.0,7,91,0.11134,1.1429,True,False,body,70.0,75.0,-10.0
3244,214893,21.0,2,16,0.111328,1.2289,True,False,wall,20.0,11.0,-10.0
3245,215009,174.0,9,116,0.111239,1.1336,True,False,body,90.0,94.0,-10.0
3246,215098,151.0,9,89,0.111171,1.1429,True,False,body,90.0,71.0,-10.0
3247,215206,206.0,13,108,0.111088,1.0476,True,False,body,130.0,86.0,-10.0
3248,215322,226.0,15,116,0.111,1.0984,True,False,body,150.0,86.0,-10.0
3249,215587,431.0,23,265,0.110798,1.1314,True,False,body,230.0,211.0,-10.0
3250,215617,38.0,3,30,0.110775,1.0437,True,False,body,30.0,18.0,-10.0
3251,215877,388.0,21,260,0.110578,1.1109,True,False,wall,210.0,188.0,-10.0
3252,216003,196.0,11,126,0.110483,1.1252,True,False,wall,110.0,96.0,-10.0
3253,216128,193.0,11,125,0.110388,1.1716,True,False,body,110.0,93.0,-10.0
3254,216278,232.0,13,150,0.110275,1.0785,True,False,body,130.0,112.0,-10.0
3255,216370,124.0,7,92,0.110206,1.1412,True,False,body,70.0,64.0,-10.0
3256,216664,468.0,27,294,0.109985,1.2312,True,False,wall,270.0,208.0,-10.0
3257,216762,146.0,9,98,0.109912,1.1656,True,False,body,90.0,66.0,-10.0
3258,217090,506.0,23,328,0.109666,1.1288,True,False,body,230.0,286.0,-10.0
3259,217175,156.0,10,85,0.109603,1.0393,True,False,body,100.0,66.0,-10.0
3260,217213,57.0,4,38,0.109575,1.0407,True,False,wall,40.0,27.0,-10.0
3261,217402,308.0,16,189,0.109434,1.117,True,False,body,160.0,158.0,-10.0
3262,217479,109.0,5,77,0.109377,1.1045,True,False,wall,50.0,69.0,-10.0
3263,217586,183.0,11,107,0.109298,1.1142,True,False,body,110.0,83.0,-10.0
3264,217626,52.0,3,40,0.109268,1.0661,True,False,body,30.0,32.0,-10.0
3265,217676,76.0,5,50,0.109231,1.1176,True,False,body,50.0,36.0,-10.0
3266,217727,77.0,5,51,0.109193,1.1016,True,False,body,50.0,37.0,-10.0
3267,217853,180.0,9,126,0.1091,1.1048,True,False,wall,90.0,100.0,-10.0
3268,217983,206.0,11,130,0.109004,1.0615,True,False,body,110.0,106.0,-10.0
3269,218022,42.0,2,39,0.108975,1.0587,True,False,wall,20.0,32.0,-10.0
3270,218242,331.0,18,220,0.108813,1.1366,True,False,wall,180.0,161.0,-10.0
3271,218301,74.0,4,59,0.10877,1.111,True,False,wall,40.0,44.0,-10.0
3272,218487,271.0,14,186,0.108634,1.1088,True,False,wall,140.0,141.0,-10.0
3273,218571,141.0,8,84,0.108572,1.0475,True,False,body,80.0,71.0,-10.0
3274,218688,201.0,13,117,0.108486,1.0632,True,False,body,130.0,81.0,-10.0
3275,218839,228.0,12,151,0.108376,1.122,True,False,body,120.0,118.0,-10.0
3276,218996,236.0,14,157,0.108262,1.1286,True,False,body,140.0,106.0,-10.0
3277,219151,228.0,12,155,0.108149,1.1883,True,False,body,120.0,118.0,-10.0
3278,219182,47.0,3,31,0.108126,1.2097,True,False,wall,30.0,27.0,-10.0
3279,219308,229.0,14,126,0.108035,1.1453,True,False,body,140.0,99.0,-10.0
3280,219635,510.0,28,327,0.107798,1.1848,True,False,body,280.0,240.0,-10.0
3281,219680,89.0,7,45,0.107766,1.1582,True,False,wall,70.0,29.0,-10.0
3282,219885,263.0,13,205,0.107618,1.1707,True,False,wall,130.0,143.0,-10.0
3283,219923,68.0,5,38,0.10759,1.0766,True,False,body,50.0,28.0,-10.0
3284,220140,292.0,14,217,0.107434,1.1413,True,False,body,140.0,162.0,-10.0
3285,220155,13.0,1,15,0.107424,1.1978,True,False,wall,10.0,13.0,-10.0
3286,220253,158.0,9,98,0.107353,1.1431,True,False,wall,90.0,78.0,-10.0
3287,220346,164.0,10,93,0.107287,1.1678,True,False,wall,100.0,74.0,-10.0
3288,220420,117.0,6,74,0.107234,1.203,True,False,wall,60.0,67.0,-10.0
3289,220517,159.0,9,97,0.107164,1.0906,True,False,body,90.0,79.0,-10.0
3290,220547,35.0,2,30,0.107143,1.0299,True,False,wall,20.0,25.0,-10.0
3291,220858,519.0,29,311,0.106921,1.1796,True,False,wall,290.0,239.0,-10.0
3292,220877,11.0,1,19,0.106908,1.2127,True,False,wall,10.0,11.0,-10.0
3293,220950,126.0,8,73,0.106856,1.0815,True,False,wall,80.0,56.0,-10.0
3294,220989,71.0,5,39,0.106828,1.11,True,False,body,50.0,31.0,-10.0
3295,221120,186.0,8,131,0.106735,1.0611,True,False,wall,80.0,116.0,-10.0
3296,221163,58.0,4,43,0.106705,1.0974,True,False,body,40.0,28.0,-10.0
3297,221311,246.0,13,148,0.1066,1.1462,True,False,body,130.0,126.0,-10.0
3298,221410,153.0,9,99,0.10653,1.109,True,False,body,90.0,73.0,-10.0
3299,221436,29.0,2,26,0.106512,1.0801,True,False,wall,20.0,19.0,-10.0
3300,221514,153.0,10,78,0.106456,1.0969,True,False,wall,100.0,63.0,-10.0
3301,221753,367.0,21,239,0.106288,1.1275,True,False,body,210.0,167.0,-10.0
3302,221829,114.0,7,76,0.106235,1.0995,True,False,body,70.0,54.0,-10.0
3303,222006,294.0,16,177,0.10611,1.1793,True,False,body,160.0,144.0,-10.0
3304,222073,86.0,4,67,0.106063,1.2048,True,False,wall,40.0,56.0,-10.0
3305,222191,183.0,10,118,0.105981,1.0782,True,False,wall,100.0,93.0,-10.0
3306,222213,29.0,2,22,0.105965,1.1078,True,False,wall,20.0,19.0,-10.0
3307,222227,8.0,1,14,0.105956,1.0562,True,False,wall,10.0,8.0,-10.0
3308,222281,80.0,5,54,0.105918,1.0763,True,False,body,50.0,40.0,-10.0
3309,222452,277.0,15,171,0.105798,1.1643,True,False,wall,150.0,137.0,-10.0
3310,222595,231.0,13,143,0.105699,1.1378,True,False,wall,130.0,111.0,-10.0
3311,222762,212.0,10,167,0.105583,1.0995,True,False,wall,100.0,122.0,-10.0
3312,222823,87.0,5,61,0.10554,1.0837,True,False,body,50.0,47.0,-10.0
3313,222897,143.0,10,74,0.105489,1.066,True,False,wall,100.0,53.0,-10.0
3314,222942,68.0,4,45,0.105458,0.9616,True,False,wall,40.0,38.0,-10.0
3315,223074,214.0,13,132,0.105366,1.1171,True,False,body,130.0,94.0,-10.0
3316,223190,200.0,11,116,0.105286,1.1399,True,False,wall,110.0,100.0,-10.0
3317,223222,46.0,3,32,0.105264,1.111,True,False,wall,30.0,26.0,-10.0
3318,223276,91.0,6,54,0.105227,1.0709,True,False,wall,60.0,41.0,-10.0
3319,223488,343.0,18,212,0.10508,1.1711,True,False,wall,180.0,173.0,-10.0
3320,223503,20.0,2,15,0.10507,1.0557,True,False,wall,20.0,10.0,-10.0
3321,223541,49.0,4,38,0.105044,1.0982,True,False,body,40.0,19.0,-10.0
3322,223671,179.0,8,130,0.104955,1.1763,True,False,wall,80.0,109.0,-10.0
3323,223714,71.0,5,43,0.104925,1.187,True,False,body,50.0,31.0,-10.0
3324,223773,81.0,5,59,0.104885,1.1838,True,False,wall,50.0,41.0,-10.0
3325,223888,181.0,9,115,0.104806,1.3238,True,False,wall,90.0,101.0,-10.0
3326,224061,256.0,14,173,0.104687,1.2588,True,False,body,140.0,126.0,-10.0
3327,224170,156.0,8,109,0.104613,1.2059,True,False,wall,80.0,86.0,-10.0
3328,224212,48.0,3,42,0.104584,1.2038,True,False,body,30.0,28.0,-10.0
3329,224385,310.0,18,173,0.104466,1.099,True,False,body,180.0,140.0,-10.0
3330,224502,191.0,11,117,0.104387,1.1104,True,False,wall,110.0,91.0,-10.0
3331,224587,147.0,9,85,0.104329,1.1277,True,False,body,90.0,67.0,-10.0
3332,224776,287.0,15,189,0.104201,1.2481,True,False,wall,150.0,147.0,-10.0
3333,224802,24.0,1,26,0.104183,1.049,True,False,wall,10.0,24.0,-10.0
3334,224858,86.0,5,56,0.104145,1.0215,True,False,wall,50.0,46.0,-10.0
3335,225182,463.0,24,324,0.103926,1.1351,True,False,body,240.0,233.0,-10.0
3336,225378,297.0,14,196,0.103794,1.1985,True,False,body,140.0,167.0,-10.0
3337,225659,417.0,23,281,0.103606,1.0887,True,False,body,230.0,197.0,-10.0
3338,225697,48.0,3,38,0.10358,1.1473,True,False,body,30.0,28.0,-10.0
3339,225789,135.0,8,92,0.103519,1.0812,True,False,body,80.0,65.0,-10.0
3340,225914,202.0,12,125,0.103435,1.1576,True,False,body,120.0,92.0,-10.0
3341,225924,-1.0,0,10,0.103429,1.2105,True,False,wall,0.0,9.0,-10.0
3342,225939,20.0,2,15,0.103419,1.1426,True,False,wall,20.0,10.0,-10.0
3343,225991,93.0,6,52,0.103384,1.1037,True,False,body,60.0,43.0,-10.0
3344,226177,272.0,15,186,0.10326,1.1103,True,False,body,150.0,132.0,-10.0
3345,226458,427.0,21,281,0.103073,1.1329,True,False,wall,210.0,227.0,-10.0
3346,226614,223.0,12,156,0.10297,1.1891,True,False,body,120.0,113.0,-10.0
3347,226731,162.0,8,117,0.102892,1.1885,True,False,body,80.0,92.0,-10.0
3348,226968,408.0,22,237,0.102736,1.1764,True,False,body,220.0,198.0,-10.0
3349,226985,11.0,1,17,0.102725,1.3636,True,False,wall,10.0,11.0,-10.0
3350,227269,445.0,24,284,0.102538,1.1841,True,False,body,240.0,215.0,-10.0
3351,227420,225.0,13,151,0.102439,1.1496,True,False,wall,130.0,105.0,-10.0
3352,227554,198.0,11,134,0.102351,1.1289,True,False,body,110.0,98.0,-10.0
3353,227645,136.0,8,91,0.102291,1.2089,True,False,body,80.0,66.0,-10.0
3354,227683,61.0,4,38,0.102267,1.2502,True,False,wall,40.0,31.0,-10.0
3355,227788,170.0,10,105,0.102198,1.1438,True,False,wall,100.0,80.0,-10.0
3356,227854,121.0,8,66,0.102155,1.0163,True,False,body,80.0,51.0,-10.0
3357,227902,71.0,4,48,0.102124,1.173,True,False,wall,40.0,41.0,-10.0
3358,227980,108.0,5,78,0.102073,1.2284,True,False,wall,50.0,68.0,-10.0
3359,227998,32.0,3,18,0.102061,1.1156,True,False,wall,30.0,12.0,-10.0
3360,228164,303.0,18,166,0.101953,1.0689,True,False,wall,180.0,133.0,-10.0
3361,228247,119.0,7,83,0.101899,1.0828,True,False,body,70.0,59.0,-10.0
3362,228308,89.0,5,61,0.10186,1.1086,True,False,wall,50.0,49.0,-10.0
3363,228395,151.0,9,87,0.101803,1.1622,True,False,body,90.0,71.0,-10.0
3364,228509,166.0,9,114,0.10173,1.0666,True,False,body,90.0,86.0,-10.0
3365,228753,410.0,23,244,0.101572,1.1446,True,False,body,230.0,190.0,-10.0
3366,228916,264.0,14,163,0.101467,1.265,True,False,wall,140.0,134.0,-10.0
3367,228949,43.0,3,33,0.101446,1.2178,True,False,body,30.0,23.0,-10.0
3368,229002,85.0,5,53,0.101412,1.1448,True,False,body,50.0,45.0,-10.0
3369,229049,81.0,5,47,0.101382,1.2524,True,False,body,50.0,41.0,-10.0
3370,229362,480.0,24,313,0.101181,1.1928,True,False,body,240.0,250.0,-10.0
3371,229623,409.0,21,261,0.101014,1.1225,True,False,body,210.0,209.0,-10.0
3372,229651,25.0,2,28,0.100997,1.2136,True,False,wall,20.0,15.0,-10.0
3373,229661,8.0,1,10,0.10099,1.2184,True,False,wall,10.0,8.0,-10.0
3374,229800,206.0,10,139,0.100902,1.3092,True,False,body,100.0,116.0,-10.0
3375,230032,389.0,20,232,0.100754,1.1655,True,False,body,200.0,199.0,-10.0
3376,230072,83.0,6,40,0.100729,1.1315,True,False,body,60.0,33.0,-10.0
3377,230229,257.0,15,157,0.100629,1.1847,True,False,body,150.0,117.0,-10.0
3378,230328,141.0,7,99,0.100567,1.1624,True,False,body,70.0,81.0,-10.0
3379,230376,69.0,4,48,0.100536,1.3362,True,False,wall,40.0,39.0,-10.0
3380,230390,21.0,2,14,0.100528,1.3316,True,False,wall,20.0,11.0,-10.0
3381,230579,207.0,9,189,0.100408,1.1718,True,False,body,90.0,127.0,-10.0
3382,230710,194.0,10,131,0.100326,1.1981,True,False,wall,100.0,104.0,-10.0
3383,230734,21.0,2,24,0.100311,1.1562,True,False,wall,20.0,11.0,-10.0
3384,230867,196.0,10,133,0.100227,1.1842,True,False,wall,100.0,106.0,-10.0
3385,231005,212.0,13,138,0.100141,1.2416,True,False,wall,130.0,92.0,-10.0
3386,231209,329.0,18,204,0.100013,1.1488,True,False,body,180.0,159.0,-10.0
3387,231263,80.0,5,54,0.099979,1.1868,True,False,body,50.0,40.0,-10.0
3388,231271,-3.0,0,8,0.099974,1.3998,True,False,wall,0.0,7.0,-10.0
3389,231428,267.0,15,157,0.099876,1.1324,True,False,body,150.0,127.0,-10.0
3390,231498,96.0,5,70,0.099833,1.1443,True,False,wall,50.0,56.0,-10.0
3391,231539,62.0,4,41,0.099807,1.1723,True,False,body,40.0,32.0,-10.0
3392,231619,122.0,7,80,0.099757,1.2158,True,False,wall,70.0,62.0,-10.0
3393,231861,388.0,21,242,0.099607,1.1311,True,False,body,210.0,188.0,-10.0
3394,231986,175.0,9,125,0.09953,1.1081,True,False,body,90.0,95.0,-10.0
3395,232131,206.0,12,145,0.09944,1.2123,True,False,body,120.0,96.0,-10.0
3396,232182,79.0,5,51,0.099408,1.1729,True,False,wall,50.0,39.0,-10.0
3397,232275,120.0,6,93,0.099351,1.1843,True,False,body,60.0,70.0,-10.0
3398,232424,237.0,13,149,0.099259,1.19,True,False,wall,130.0,117.0,-10.0
3399,232442,16.0,1,18,0.099248,1.2223,True,False,wall,10.0,16.0,-10.0
3400,232657,361.0,21,215,0.099116,1.192,True,False,body,210.0,161.0,-10.0
3401,232703,61.0,4,46,0.099088,1.2219,True,False,wall,40.0,31.0,-10.0
3402,232731,31.0,2,28,0.09907,1.2769,True,False,wall,20.0,21.0,-10.0
3403,232900,293.0,17,169,0.098967,1.2975,True,False,wall,170.0,133.0,-10.0
3404,233002,155.0,10,102,0.098905,1.3038,True,False,wall,100.0,65.0,-10.0
3405,233125,218.0,12,123,0.098829,1.3664,True,False,body,120.0,108.0,-10.0
3406,233210,129.0,7,85,0.098778,1.3152,True,False,body,70.0,69.0,-10.0
3407,233296,148.0,9,86,0.098725,1.2118,True,False,wall,90.0,68.0,-10.0
3408,233422,202.0,11,126,0.098648,1.1622,True,False,body,110.0,102.0,-10.0
3409,233640,339.0,18,218,0.098516,1.1729,True,False,body,180.0,169.0,-10.0
3410,233864,373.0,20,224,0.09838,1.2192,True,False,body,200.0,183.0,-10.0
3411,234114,380.0,19,250,0.098229,1.1662,True,False,wall,190.0,200.0,-10.0
3412,234326,354.0,21,212,0.098102,1.2066,True,False,body,210.0,154.0,-10.0
3413,234380,93.0,6,54,0.098069,1.2488,True,False,wall,60.0,43.0,-10.0
3414,234754,593.0,34,374,0.097845,1.1872,True,False,body,340.0,263.0,-10.0
3415,234892,250.0,15,138,0.097763,1.1784,True,False,body,150.0,110.0,-10.0
3416,234920,20.0,1,28,0.097746,1.123,True,False,wall,10.0,20.0,-10.0
3417,235010,148.0,9,90,0.097692,1.098,True,False,body,90.0,68.0,-10.0
3418,235130,209.0,12,120,0.097621,1.2119,True,False,body,120.0,99.0,-10.0
3419,235346,311.0,16,216,0.097492,1.222,True,False,body,160.0,161.0,-10.0
3420,235360,3.0,0,14,0.097484,1.1917,True,False,wall,0.0,13.0,-10.0
3421,235480,178.0,9,120,0.097413,1.2064,True,False,body,90.0,98.0,-10.0
3422,235567,154.0,10,87,0.097361,1.263,True,False,wall,100.0,64.0,-10.0
3423,235628,94.0,6,61,0.097325,1.1435,True,False,body,60.0,44.0,-10.0
3424,235719,156.0,10,91,0.097271,1.1772,True,False,body,100.0,66.0,-10.0
3425,235739,16.0,1,20,0.09726,0.9786,True,False,wall,10.0,16.0,-10.0
3426,235872,222.0,12,133,0.097181,1.1846,True,False,wall,120.0,112.0,-10.0
3427,235989,223.0,15,117,0.097112,1.1961,True,False,body,150.0,83.0,-10.0
3428,236233,353.0,20,244,0.096969,1.2033,True,False,body,200.0,163.0,-10.0
3429,236242,-2.0,0,9,0.096963,1.1339,True,False,wall,0.0,8.0,-10.0
3430,236351,157.0,9,109,0.0969,1.199,True,False,wall,90.0,77.0,-10.0
3431,236560,329.0,19,209,0.096777,1.2182,True,False,body,190.0,149.0,-10.0
3432,236635,128.0,8,75,0.096733,1.2941,True,False,wall,80.0,58.0,-10.0
3433,236676,73.0,5,41,0.096709,1.2076,True,False,wall,50.0,33.0,-10.0
3434,236854,258.0,13,178,0.096606,1.18,True,False,wall,130.0,138.0,-10.0
3435,236984,241.0,14,130,0.09653,1.2088,True,False,body,140.0,111.0,-10.0
3436,237101,195.0,11,117,0.096462,1.1602,True,False,wall,110.0,95.0,-10.0
3437,237356,376.0,20,255,0.096314,1.2906,True,False,body,200.0,186.0,-10.0
3438,237420,105.0,6,64,0.096277,1.1918,True,False,wall,60.0,55.0,-10.0
3439,237459,40.0,2,39,0.096254,1.1658,True,False,wall,20.0,30.0,-10.0
3440,237549,147.0,8,90,0.096202,1.3198,True,False,wall,80.0,77.0,-10.0
3441,237989,669.0,34,440,0.095949,1.2036,True,False,wall,340.0,339.0,-10.0
3442,238175,299.0,16,186,0.095842,1.3422,True,False,body,160.0,149.0,-10.0
3443,238219,63.0,4,44,0.095817,1.2725,True,False,body,40.0,33.0,-10.0
3444,238458,441.0,25,239,0.09568,1.2203,True,False,body,250.0,201.0,-10.0
3445,238553,168.0,10,95,0.095626,1.284,True,False,body,100.0,78.0,-10.0
3446,238940,572.0,30,387,0.095406,1.1842,True,False,wall,300.0,282.0,-10.0
3447,239088,214.0,11,148,0.095322,1.0895,True,False,body,110.0,114.0,-10.0
3448,239142,78.0,5,54,0.095292,1.2674,True,False,wall,50.0,38.0,-10.0
3449,239199,67.0,3,57,0.095259,1.1682,True,False,wall,30.0,47.0,-10.0
3450,239443,406.0,21,244,0.095121,1.1711,True,False,body,210.0,206.0,-10.0
3451,239573,214.0,13,130,0.095048,1.2502,True,False,body,130.0,94.0,-10.0
3452,239585,10.0,1,12,0.095041,0.9821,True,False,wall,10.0,10.0,-10.0
3453,239660,112.0,6,75,0.094999,1.1209,True,False,wall,60.0,62.0,-10.0
3454,239767,196.0,12,107,0.094939,1.1961,True,False,wall,120.0,86.0,-10.0
3455,239867,134.0,7,100,0.094883,1.2405,True,False,wall,70.0,74.0,-10.0
3456,240170,432.0,22,303,0.094713,1.1816,True,False,wall,220.0,222.0,-10.0
3457,240265,142.0,8,95,0.09466,1.264,True,False,wall,80.0,72.0,-10.0
3458,240406,224.0,12,141,0.094582,1.2075,True,False,wall,120.0,114.0,-10.0
3459,240559,252.0,14,153,0.094496,1.1632,True,False,body,140.0,122.0,-10.0
3460,240651,128.0,7,92,0.094445,1.1912,True,False,body,70.0,68.0,-10.0
3461,240867,314.0,17,216,0.094325,1.1888,True,False,body,170.0,154.0,-10.0
3462,240950,113.0,7,83,0.094279,1.1939,True,False,wall,70.0,53.0,-10.0
3463,241077,220.0,12,127,0.094209,1.1452,True,False,body,120.0,110.0,-10.0
3464,241205,203.0,12,128,0.094138,1.2017,True,False,body,120.0,93.0,-10.0
3465,241380,271.0,15,175,0.094042,1.3004,True,False,body,150.0,131.0,-10.0
3466,241425,52.0,2,45,0.094017,1.2156,True,False,wall,20.0,42.0,-10.0
3467,241481,93.0,6,56,0.093986,1.1166,True,False,body,60.0,43.0,-10.0
3468,241598,233.0,15,117,0.093922,1.273,True,False,body,150.0,93.0,-10.0
3469,241691,166.0,10,93,0.093871,1.2585,True,False,wall,100.0,76.0,-10.0
3470,241790,148.0,8,99,0.093817,1.1532,True,False,wall,80.0,78.0,-10.0
3471,241931,215.0,11,141,0.09374,1.2378,True,False,wall,110.0,115.0,-10.0
3472,242023,123.0,8,92,0.093689,1.1741,True,False,body,80.0,53.0,-10.0
3473,242228,331.0,17,205,0.093578,1.2083,True,False,body,170.0,171.0,-10.0
3474,242249,18.0,2,21,0.093566,1.0931,True,False,wall,20.0,8.0,-10.0
3475,242295,69.0,4,46,0.093541,1.1704,True,False,wall,40.0,39.0,-10.0
3476,242634,457.0,23,339,0.093357,1.1888,True,False,wall,230.0,237.0,-10.0
3477,242673,64.0,4,39,0.093336,1.1314,True,False,body,40.0,34.0,-10.0
3478,242873,336.0,19,200,0.093228,1.1569,True,False,wall,190.0,156.0,-10.0
3479,243099,338.0,19,226,0.093106,1.2022,True,False,body,190.0,158.0,-10.0
3480,243176,148.0,10,77,0.093064,1.1162,True,False,wall,100.0,58.0,-10.0
3481,243558,537.0,30,382,0.092859,1.2083,True,False,body,300.0,247.0,-10.0
3482,243725,264.0,14,167,0.09277,1.1939,True,False,body,140.0,134.0,-10.0
3483,244108,617.0,33,383,0.092566,1.2806,True,False,body,330.0,297.0,-10.0
3484,244400,419.0,22,292,0.09241,1.243,True,False,body,220.0,209.0,-10.0
3485,244627,363.0,19,227,0.09229,1.2565,True,False,body,190.0,183.0,-10.0
3486,244968,510.0,28,341,0.09211,1.2177,True,False,body,280.0,240.0,-10.0
3487,244982,12.0,1,14,0.092103,1.2196,True,False,wall,10.0,12.0,-10.0
3488,245001,15.0,1,19,0.092093,1.2528,True,False,wall,10.0,15.0,-10.0
3489,245187,299.0,16,186,0.091995,1.2531,True,False,wall,160.0,149.0,-10.0
3490,245278,119.0,5,91,0.091948,1.2536,True,False,body,50.0,79.0,-10.0
3491,245538,424.0,25,260,0.091811,1.2233,True,False,body,250.0,184.0,-10.0
3492,245578,43.0,2,40,0.091791,1.2892,True,False,wall,20.0,33.0,-10.0
3493,245734,252.0,15,156,0.091709,1.2154,True,False,body,150.0,112.0,-10.0
3494,245751,24.0,2,17,0.0917,1.2386,True,False,wall,20.0,14.0,-10.0
3495,245927,279.0,14,176,0.091609,1.2189,True,False,body,140.0,149.0,-10.0
3496,245987,95.0,6,60,0.091577,1.2512,True,False,wall,60.0,45.0,-10.0
3497,246245,472.0,27,258,0.091444,1.2461,True,False,body,270.0,212.0,-10.0
3498,246403,238.0,13,158,0.091362,1.3737,True,False,body,130.0,118.0,-10.0
3499,246453,58.0,3,50,0.091336,1.2452,True,False,body,30.0,38.0,-10.0
3500,246549,146.0,7,96,0.091286,1.2958,True,False,body,70.0,86.0,-10.0
3501,246584,49.0,3,35,0.091268,1.1869,True,False,wall,30.0,29.0,-10.0
3502,246768,306.0,17,184,0.091173,1.2236,True,False,wall,170.0,146.0,-10.0
3503,246908,252.0,15,140,0.091102,1.2079,True,False,body,150.0,112.0,-10.0
3504,246966,82.0,5,58,0.091072,1.3211,True,False,wall,50.0,42.0,-10.0
3505,247069,157.0,9,103,0.091019,1.2296,True,False,wall,90.0,77.0,-10.0
3506,247118,66.0,4,49,0.090994,1.3323,True,False,wall,40.0,36.0,-10.0
3507,247206,136.0,7,88,0.090949,1.2833,True,False,body,70.0,76.0,-10.0
3508,247374,270.0,15,168,0.090863,1.1916,True,False,body,150.0,130.0,-10.0
3509,247594,346.0,19,220,0.090751,1.2883,True,False,body,190.0,166.0,-10.0
3510,247718,185.0,10,124,0.090687,1.2001,True,False,wall,100.0,95.0,-10.0
3511,247990,411.0,20,272,0.090549,1.2144,True,False,wall,200.0,221.0,-10.0
3512,248036,59.0,4,46,0.090526,1.2453,True,False,wall,40.0,29.0,-10.0
3513,248140,173.0,10,104,0.090473,1.3023,True,False,wall,100.0,83.0,-10.0
3514,248584,702.0,37,444,0.090249,1.2152,True,False,body,370.0,342.0,-10.0
3515,248662,128.0,7,78,0.09021,1.3436,True,False,wall,70.0,68.0,-10.0
3516,248770,193.0,12,108,0.090156,1.3298,True,False,body,120.0,83.0,-10.0
3517,248941,295.0,17,171,0.09007,1.3608,True,False,wall,170.0,135.0,-10.0
3518,249127,291.0,14,186,0.089977,1.2434,True,False,body,140.0,161.0,-10.0
3519,249420,418.0,22,293,0.089831,1.2869,True,False,body,220.0,208.0,-10.0
3520,249537,179.0,11,117,0.089773,1.1624,True,False,wall,110.0,79.0,-10.0
3521,249733,342.0,21,196,0.089675,1.2102,True,False,body,210.0,142.0,-10.0
3522,249817,122.0,7,84,0.089634,1.2769,True,False,body,70.0,62.0,-10.0
3523,249949,193.0,10,132,0.089568,1.2394,True,False,wall,100.0,103.0,-10.0
3524,250084,226.0,12,135,0.089502,1.1912,True,False,body,120.0,116.0,-10.0
3525,250404,502.0,27,320,0.089344,1.2655,True,False,wall,270.0,242.0,-10.0
3526,250615,315.0,15,211,0.08924,1.2406,True,False,body,150.0,175.0,-10.0
3527,250856,333.0,19,241,0.089122,1.3288,True,False,wall,190.0,153.0,-10.0
3528,250883,34.0,2,27,0.089109,1.3881,True,False,wall,20.0,24.0,-10.0
3529,250977,174.0,11,94,0.089063,1.2218,True,False,wall,110.0,74.0,-10.0
3530,251258,479.0,27,281,0.088926,1.3385,True,False,body,270.0,219.0,-10.0
3531,251482,335.0,16,224,0.088817,1.2019,True,False,wall,160.0,185.0,-10.0
3532,251570,124.0,7,88,0.088775,1.3119,True,False,wall,70.0,64.0,-10.0
3533,251635,80.0,4,65,0.088743,1.384,True,False,wall,40.0,50.0,-10.0
3534,251778,234.0,12,143,0.088674,1.1759,True,False,body,120.0,124.0,-10.0
3535,251942,281.0,16,164,0.088595,1.2534,True,False,body,160.0,131.0,-10.0
3536,252136,315.0,18,194,0.088501,1.2078,True,False,body,180.0,145.0,-10.0
3537,252421,373.0,19,285,0.088364,1.2249,True,False,body,190.0,193.0,-10.0
3538,252576,241.0,13,155,0.08829,1.3294,True,False,body,130.0,121.0,-10.0
3539,252688,181.0,10,112,0.088237,1.1862,True,False,body,100.0,91.0,-10.0
3540,252703,31.0,3,15,0.088229,1.3105,True,False,wall,30.0,11.0,-10.0
3541,252966,401.0,21,263,0.088104,1.2888,True,False,body,210.0,201.0,-10.0
3542,252983,11.0,1,17,0.088096,1.293,True,False,wall,10.0,11.0,-10.0
3543,253246,439.0,25,263,0.087971,1.2357,True,False,body,250.0,199.0,-10.0
3544,253409,284.0,16,163,0.087894,1.3085,True,False,body,160.0,134.0,-10.0
3545,253436,39.0,3,27,0.087881,1.2819,True,False,wall,30.0,19.0,-10.0
3546,253544,159.0,8,108,0.08783,1.2988,True,False,wall,80.0,89.0,-10.0
3547,253649,170.0,10,105,0.08778,1.3157,True,False,wall,100.0,80.0,-10.0
3548,253744,131.0,7,95,0.087735,1.2659,True,False,body,70.0,71.0,-10.0
3549,253820,100.0,5,76,0.087699,1.217,True,False,body,50.0,60.0,-10.0
3550,254117,462.0,26,297,0.08756,1.3096,True,False,body,260.0,212.0,-10.0
3551,254161,54.0,3,44,0.087539,1.3033,True,False,wall,30.0,34.0,-10.0
3552,254239,113.0,6,78,0.087502,1.2543,True,False,body,60.0,63.0,-10.0
3553,254398,265.0,15,159,0.087428,1.2215,True,False,body,150.0,125.0,-10.0
3554,254626,366.0,19,228,0.087322,1.2986,True,False,body,190.0,186.0,-10.0
3555,254745,173.0,9,119,0.087266,1.1599,True,False,body,90.0,93.0,-10.0
3556,254804,77.0,5,59,0.087239,1.2768,True,False,wall,50.0,37.0,-10.0
3557,254952,247.0,14,148,0.08717,1.3312,True,False,body,140.0,117.0,-10.0
3558,255048,150.0,9,96,0.087125,1.2149,True,False,wall,90.0,70.0,-10.0
3559,255268,319.0,16,220,0.087023,1.2287,True,False,body,160.0,169.0,-10.0
3560,255324,86.0,5,56,0.086997,1.2057,True,False,wall,50.0,46.0,-10.0
3561,255502,270.0,15,178,0.086915,1.2144,True,False,body,150.0,130.0,-10.0
3562,255612,157.0,8,110,0.086864,1.2851,True,False,body,80.0,87.0,-10.0
3563,255847,368.0,20,235,0.086756,1.2436,True,False,body,200.0,178.0,-10.0
3564,256208,526.0,26,361,0.086591,1.2719,True,False,body,260.0,276.0,-10.0
3565,256317,178.0,10,109,0.086541,1.3425,True,False,wall,100.0,88.0,-10.0
3566,256429,215.0,14,112,0.08649,1.3871,True,False,wall,140.0,85.0,-10.0
3567,256578,246.0,14,149,0.086422,1.2619,True,False,body,140.0,116.0,-10.0
3568,256682,146.0,7,104,0.086375,1.4112,True,False,body,70.0,86.0,-10.0
3569,256876,314.0,17,194,0.086286,1.3307,True,False,body,170.0,154.0,-10.0
3570,256903,21.0,1,27,0.086274,1.328,True,False,wall,10.0,21.0,-10.0
3571,256976,100.0,6,73,0.086241,1.3601,True,False,body,60.0,50.0,-10.0
3572,257039,91.0,5,63,0.086213,1.2872,True,False,wall,50.0,51.0,-10.0
3573,257205,260.0,13,166,0.086138,1.2717,True,False,body,130.0,140.0,-10.0
3574,257526,425.0,21,321,0.085993,1.2827,True,False,body,210.0,225.0,-10.0
3575,257724,335.0,18,198,0.085904,1.2821,True,False,body,180.0,165.0,-10.0
3576,257817,152.0,8,93,0.085862,1.3504,True,False,wall,80.0,82.0,-10.0
3577,257872,65.0,3,55,0.085837,1.3763,True,False,wall,30.0,45.0,-10.0
3578,257885,0.0,0,13,0.085832,1.4166,True,False,wall,0.0,10.0,-10.0
3579,258079,283.0,14,194,0.085745,1.3415,True,False,body,140.0,153.0,-10.0
3580,258262,287.0,15,183,0.085663,1.3249,True,False,body,150.0,147.0,-10.0
3581,258318,64.0,3,56,0.085638,1.3057,True,False,body,30.0,44.0,-10.0
3582,258430,182.0,11,112,0.085588,1.2982,True,False,body,110.0,82.0,-10.0
3583,258541,178.0,10,111,0.085539,1.3129,True,False,body,100.0,88.0,-10.0
3584,258728,322.0,18,187,0.085456,1.3362,True,False,body,180.0,152.0,-10.0
3585,258865,220.0,12,137,0.085395,1.1906,True,False,body,120.0,110.0,-10.0
3586,259261,620.0,31,396,0.085221,1.2469,True,False,body,310.0,320.0,-10.0
3587,259360,153.0,9,99,0.085177,1.2704,True,False,body,90.0,73.0,-10.0
3588,259471,162.0,10,111,0.085128,1.237,True,False,body,100.0,72.0,-10.0
3589,259736,445.0,23,265,0.085012,1.3255,True,False,wall,230.0,225.0,-10.0
3590,259770,57.0,4,34,0.084997,1.307,True,False,body,40.0,27.0,-10.0
3591,259975,321.0,17,205,0.084908,1.3195,True,False,body,170.0,161.0,-10.0
3592,260026,81.0,5,51,0.084885,1.3731,True,False,body,50.0,41.0,-10.0
3593,260264,372.0,21,238,0.084782,1.3661,True,False,body,210.0,172.0,-10.0
3594,260358,144.0,7,94,0.084741,1.3787,True,False,body,70.0,84.0,-10.0
3595,260568,301.0,14,210,0.08465,1.2605,True,False,body,140.0,171.0,-10.0
3596,260682,181.0,10,114,0.084601,1.3439,True,False,wall,100.0,91.0,-10.0
3597,260951,462.0,26,269,0.084484,1.1894,True,False,body,260.0,212.0,-10.0
3598,260995,85.0,6,44,0.084465,1.2181,True,False,body,60.0,35.0,-10.0
3599,261100,181.0,11,105,0.08442,1.2919,True,False,wall,110.0,81.0,-10.0
3600,261336,393.0,22,236,0.084319,1.3094,True,False,wall,220.0,183.0,-10.0
3601,261444,175.0,10,108,0.084273,1.2346,True,False,body,100.0,85.0,-10.0
3602,261488,48.0,3,44,0.084254,1.2459,True,False,body,30.0,28.0,-10.0
3603,261529,57.0,3,41,0.084236,1.2859,True,False,wall,30.0,37.0,-10.0
3604,261620,121.0,7,91,0.084197,1.2532,True,False,body,70.0,61.0,-10.0
3605,261705,125.0,7,85,0.084161,1.2904,True,False,wall,70.0,65.0,-10.0
3606,261952,437.0,25,247,0.084056,1.2565,True,False,wall,250.0,197.0,-10.0
3607,262127,298.0,16,175,0.083981,1.241,True,False,wall,160.0,148.0,-10.0
3608,262621,711.0,38,494,0.083772,1.2506,True,False,body,380.0,341.0,-10.0
3609,262740,192.0,10,119,0.083722,1.3627,True,False,body,100.0,102.0,-10.0
3610,262889,224.0,12,149,0.083659,1.3688,True,False,wall,120.0,114.0,-10.0
3611,263177,467.0,28,288,0.083538,1.3381,True,False,wall,280.0,197.0,-10.0
3612,263419,393.0,22,242,0.083437,1.3563,True,False,body,220.0,183.0,-10.0
3613,263586,280.0,16,167,0.083367,1.3671,True,False,body,160.0,130.0,-10.0
3614,263879,434.0,20,293,0.083245,1.3336,True,False,wall,200.0,244.0,-10.0
3615,264017,247.0,14,138,0.083188,1.3619,True,False,wall,140.0,117.0,-10.0
3616,264134,198.0,12,117,0.083139,1.5272,True,False,body,120.0,88.0,-10.0
3617,264300,260.0,15,166,0.083071,1.3124,True,False,body,150.0,120.0,-10.0
3618,264340,92.0,7,40,0.083054,1.2942,True,False,wall,70.0,32.0,-10.0
3619,264636,440.0,21,296,0.082932,1.4383,True,False,body,210.0,240.0,-10.0
3620,264941,427.0,21,305,0.082807,1.2924,True,False,body,210.0,227.0,-10.0
3621,265094,233.0,13,153,0.082744,1.2368,True,False,body,130.0,113.0,-10.0
3622,265231,218.0,12,137,0.082688,1.2773,True,False,wall,120.0,108.0,-10.0
3623,265526,423.0,23,295,0.082568,1.3914,True,False,body,230.0,203.0,-10.0
3624,265591,115.0,7,65,0.082541,1.2509,True,False,wall,70.0,55.0,-10.0
3625,265685,143.0,8,94,0.082503,1.2616,True,False,wall,80.0,73.0,-10.0
3626,265816,206.0,12,131,0.08245,1.2413,True,False,wall,120.0,96.0,-10.0
3627,265923,179.0,11,107,0.082406,1.2882,True,False,body,110.0,79.0,-10.0
3628,265955,42.0,3,32,0.082393,1.3739,True,False,wall,30.0,22.0,-10.0
3629,266113,228.0,11,158,0.08233,1.3157,True,False,body,110.0,128.0,-10.0
3630,266304,296.0,18,191,0.082252,1.3827,True,False,wall,180.0,126.0,-10.0
3631,266330,24.0,1,26,0.082242,1.2907,True,False,wall,10.0,24.0,-10.0
3632,266479,231.0,11,149,0.082182,1.281,True,False,body,110.0,131.0,-10.0
3633,266664,296.0,16,185,0.082108,1.3124,True,False,body,160.0,146.0,-10.0
3634,266757,135.0,7,93,0.08207,1.3164,True,False,body,70.0,75.0,-10.0
3635,266884,219.0,13,127,0.082019,1.2876,True,False,wall,130.0,99.0,-10.0
3636,267064,272.0,13,180,0.081948,1.2652,True,False,wall,130.0,152.0,-10.0
3637,267176,201.0,12,112,0.081903,1.2778,True,False,body,120.0,91.0,-10.0
3638,267395,331.0,17,219,0.081816,1.3512,True,False,body,170.0,171.0,-10.0
3639,267521,228.0,13,126,0.081766,1.2742,True,False,body,130.0,108.0,-10.0
3640,267732,327.0,19,211,0.081682,1.3636,True,False,body,190.0,147.0,-10.0
3641,267968,354.0,17,236,0.081589,1.3888,True,False,body,170.0,194.0,-10.0
3642,268156,248.0,13,188,0.081514,1.3109,True,False,body,130.0,128.0,-10.0
3643,268308,247.0,14,152,0.081455,1.3074,True,False,body,140.0,117.0,-10.0
3644,268356,71.0,4,48,0.081436,1.2048,True,False,wall,40.0,41.0,-10.0
3645,268593,433.0,25,237,0.081343,1.3358,True,False,body,250.0,193.0,-10.0
3646,268968,557.0,29,375,0.081196,1.2952,True,False,body,290.0,277.0,-10.0
3647,269198,363.0,20,230,0.081107,1.3643,True,False,body,200.0,173.0,-10.0
3648,269224,33.0,2,26,0.081096,1.4467,True,False,wall,20.0,23.0,-10.0
3649,269263,64.0,4,39,0.081081,1.3239,True,False,body,40.0,34.0,-10.0
3650,269518,403.0,21,255,0.080982,1.3487,True,False,wall,210.0,203.0,-10.0
3651,269792,439.0,22,274,0.080876,1.2791,True,False,body,220.0,229.0,-10.0
3652,270045,366.0,18,253,0.080779,1.2924,True,False,body,180.0,196.0,-10.0
3653,270213,296.0,17,168,0.080714,1.2976,True,False,body,170.0,136.0,-10.0
3654,270248,43.0,3,35,0.080701,1.3606,True,False,wall,30.0,23.0,-10.0
3655,270445,307.0,17,197,0.080625,1.2956,True,False,wall,170.0,147.0,-10.0
3656,270665,398.0,23,220,0.080541,1.2367,True,False,body,230.0,178.0,-10.0
3657,270717,84.0,5,52,0.080522,1.4382,True,False,body,50.0,44.0,-10.0
3658,270801,132.0,7,84,0.080489,1.3364,True,False,wall,70.0,72.0,-10.0
3659,270952,261.0,15,151,0.080432,1.4327,True,False,body,150.0,121.0,-10.0
3660,270989,67.0,5,37,0.080418,1.2322,True,False,wall,50.0,27.0,-10.0
3661,271131,221.0,12,142,0.080364,1.329,True,False,body,120.0,111.0,-10.0
3662,271166,45.0,3,35,0.080351,1.5008,True,False,wall,30.0,25.0,-10.0
3663,271335,259.0,13,169,0.080287,1.3196,True,False,body,130.0,139.0,-10.0
3664,271406,112.0,6,71,0.08026,1.3089,True,False,wall,60.0,62.0,-10.0
3665,271482,111.0,6,76,0.080231,1.3918,True,False,body,60.0,61.0,-10.0
3666,271629,214.0,10,147,0.080176,1.2981,True,False,body,100.0,124.0,-10.0
3667,271839,392.0,23,210,0.080096,1.3644,True,False,wall,230.0,172.0,-10.0
3668,272208,566.0,28,369,0.079958,1.2615,True,False,body,280.0,296.0,-10.0
3669,272255,59.0,3,47,0.07994,1.3057,True,False,wall,30.0,39.0,-10.0
3670,272662,565.0,31,407,0.079788,1.3211,True,False,body,310.0,265.0,-10.0
3671,272832,284.0,17,170,0.079725,1.3483,True,False,body,170.0,124.0,-10.0
3672,273045,309.0,15,213,0.079646,1.3457,True,False,body,150.0,169.0,-10.0
3673,273168,194.0,10,123,0.079601,1.2828,True,False,body,100.0,104.0,-10.0
3674,273261,155.0,9,93,0.079566,1.4162,True,False,wall,90.0,75.0,-10.0
3675,273275,12.0,1,14,0.079561,1.3711,True,False,wall,10.0,12.0,-10.0
3676,273452,263.0,13,177,0.079496,1.3532,True,False,body,130.0,143.0,-10.0
3677,273588,229.0,14,136,0.079446,1.2817,True,False,body,140.0,99.0,-10.0
3678,273602,30.0,3,14,0.07944,1.2457,True,False,wall,30.0,10.0,-10.0
3679,273720,178.0,11,118,0.079397,1.2121,True,False,wall,110.0,78.0,-10.0
3680,274077,520.0,28,357,0.079266,1.3121,True,False,body,280.0,250.0,-10.0
3681,274101,36.0,3,24,0.079257,1.3687,True,False,body,30.0,16.0,-10.0
3682,274137,66.0,5,36,0.079244,1.2452,True,False,wall,50.0,26.0,-10.0
3683,274273,232.0,13,136,0.079195,1.4188,True,False,wall,130.0,112.0,-10.0
3684,274312,71.0,5,39,0.07918,1.4926,True,False,wall,50.0,31.0,-10.0
3685,274405,157.0,9,93,0.079146,1.2746,True,False,body,90.0,77.0,-10.0
3686,274558,225.0,11,153,0.079091,1.3092,True,False,body,110.0,125.0,-10.0
3687,274583,30.0,2,25,0.079082,1.2761,True,False,wall,20.0,20.0,-10.0
3688,274690,170.0,10,107,0.079043,1.3695,True,False,body,100.0,80.0,-10.0
3689,274873,288.0,16,183,0.078976,1.2689,True,False,wall,160.0,138.0,-10.0
3690,275012,222.0,12,139,0.078926,1.3528,True,False,wall,120.0,112.0,-10.0
3691,275210,319.0,16,198,0.078855,1.3173,True,False,wall,160.0,169.0,-10.0
3692,275329,201.0,11,119,0.078812,1.2934,True,False,body,110.0,101.0,-10.0
3693,275518,306.0,16,189,0.078744,1.2941,True,False,body,160.0,156.0,-10.0
3694,275921,607.0,33,403,0.078599,1.2704,True,False,wall,330.0,287.0,-10.0
3695,276381,683.0,34,460,0.078435,1.2474,True,False,body,340.0,353.0,-10.0
3696,276466,130.0,8,85,0.078405,1.3189,True,False,body,80.0,60.0,-10.0
3697,276587,218.0,14,121,0.078362,1.2856,True,False,wall,140.0,88.0,-10.0
3698,276827,379.0,20,240,0.078277,1.31,True,False,wall,200.0,189.0,-10.0
3699,276838,9.0,1,11,0.078273,1.2266,True,False,wall,10.0,9.0,-10.0
3700,277022,293.0,16,184,0.078208,1.329,True,False,body,160.0,143.0,-10.0
3701,277226,326.0,17,204,0.078137,1.3483,True,False,body,170.0,166.0,-10.0
3702,277402,269.0,14,176,0.078075,1.3516,True,False,body,140.0,139.0,-10.0
3703,277486,141.0,8,84,0.078045,1.3371,True,False,body,80.0,71.0,-10.0
3704,277686,312.0,17,200,0.077975,1.2662,True,False,body,170.0,152.0,-10.0
3705,277921,372.0,22,235,0.077893,1.3258,True,False,body,220.0,162.0,-10.0
3706,278370,658.0,34,449,0.077737,1.3181,True,False,body,340.0,328.0,-10.0
3707,278384,12.0,1,14,0.077732,1.5282,True,False,wall,10.0,12.0,-10.0
3708,278540,266.0,15,156,0.077678,1.3488,True,False,wall,150.0,126.0,-10.0
3709,278666,193.0,10,126,0.077635,1.4071,True,False,wall,100.0,103.0,-10.0
3710,279048,588.0,31,382,0.077503,1.3525,True,False,body,310.0,288.0,-10.0
3711,279233,324.0,18,185,0.077439,1.2375,True,False,body,180.0,154.0,-10.0
3712,279264,43.0,3,31,0.077429,1.378,True,False,wall,30.0,23.0,-10.0
3713,279534,413.0,22,270,0.077336,1.3921,True,False,body,220.0,203.0,-10.0
3714,279922,575.0,28,388,0.077204,1.3854,True,False,body,280.0,305.0,-10.0
3715,279961,47.0,3,39,0.077191,1.3316,True,False,wall,30.0,27.0,-10.0
3716,279998,42.0,2,37,0.077178,1.3909,True,False,wall,20.0,32.0,-10.0
3717,280047,66.0,4,49,0.077162,1.3035,True,False,wall,40.0,36.0,-10.0
3718,280130,127.0,7,83,0.077134,1.34,True,False,wall,70.0,67.0,-10.0
3719,280315,301.0,17,185,0.077071,1.2663,True,False,body,170.0,141.0,-10.0
3720,280437,203.0,12,122,0.07703,1.2926,True,False,body,120.0,93.0,-10.0
3721,280518,120.0,6,81,0.077002,1.263,True,False,wall,60.0,70.0,-10.0
3722,280588,85.0,4,70,0.076979,1.3661,True,False,body,40.0,55.0,-10.0
3723,280764,287.0,16,176,0.076919,1.3124,True,False,wall,160.0,137.0,-10.0
3724,280974,323.0,16,210,0.076849,1.38,True,False,body,160.0,173.0,-10.0
3725,280992,16.0,1,18,0.076843,1.2527,True,False,wall,10.0,16.0,-10.0
3726,281017,26.0,2,25,0.076834,1.2838,True,False,wall,20.0,16.0,-10.0
3727,281167,259.0,16,150,0.076784,1.2859,True,False,body,160.0,109.0,-10.0
3728,281178,9.0,1,11,0.07678,1.3046,True,False,wall,10.0,9.0,-10.0
3729,281497,466.0,26,319,0.076674,1.2847,True,False,wall,260.0,216.0,-10.0
3730,281575,105.0,6,78,0.076648,1.3083,True,False,wall,60.0,55.0,-10.0
3731,281682,160.0,8,107,0.076612,1.3541,True,False,body,80.0,90.0,-10.0
3732,282002,481.0,26,320,0.076506,1.2523,True,False,wall,260.0,231.0,-10.0
3733,282222,348.0,17,220,0.076433,1.256,True,False,body,170.0,188.0,-10.0
3734,282406,294.0,15,184,0.076372,1.3015,True,False,body,150.0,154.0,-10.0
3735,282423,22.0,2,17,0.076367,1.3679,True,False,wall,20.0,12.0,-10.0
3736,282784,522.0,26,361,0.076248,1.3203,True,False,body,260.0,272.0,-10.0
3737,283159,627.0,33,375,0.076125,1.3447,True,False,wall,330.0,307.0,-10.0
3738,283513,509.0,28,354,0.07601,1.3196,True,False,wall,280.0,239.0,-10.0
3739,283761,376.0,21,248,0.07593,1.3875,True,False,body,210.0,176.0,-10.0
3740,283833,98.0,5,72,0.075906,1.3404,True,False,body,50.0,58.0,-10.0
3741,283937,157.0,8,104,0.075873,1.2907,True,False,body,80.0,87.0,-10.0
3742,284109,290.0,17,172,0.075817,1.4056,True,False,wall,170.0,130.0,-10.0
3743,284244,177.0,7,135,0.075773,1.3643,True,False,wall,70.0,117.0,-10.0
3744,284405,266.0,14,161,0.075722,1.4525,True,False,wall,140.0,136.0,-10.0
3745,284444,51.0,3,39,0.075709,1.1603,True,False,body,30.0,31.0,-10.0
3746,284512,96.0,5,68,0.075687,1.5711,True,False,body,50.0,56.0,-10.0
3747,284572,79.0,4,60,0.075668,1.5181,True,False,wall,40.0,49.0,-10.0
3748,284732,254.0,15,160,0.075617,1.32,True,False,wall,150.0,114.0,-10.0
3749,284776,69.0,4,44,0.075603,1.3376,True,False,body,40.0,39.0,-10.0
3750,284832,95.0,6,56,0.075585,1.321,True,False,body,60.0,45.0,-10.0
3751,285047,371.0,21,215,0.075516,1.5,True,False,body,210.0,171.0,-10.0
3752,285101,71.0,4,54,0.075499,1.5988,True,False,body,40.0,41.0,-10.0
3753,285278,295.0,15,177,0.075442,1.3435,True,False,body,150.0,155.0,-10.0
3754,285480,311.0,16,202,0.075378,1.4032,True,False,wall,160.0,161.0,-10.0
3755,285524,65.0,4,44,0.075364,1.4157,True,False,body,40.0,35.0,-10.0
3756,285667,233.0,13,143,0.075319,1.3877,True,False,wall,130.0,113.0,-10.0
3757,285698,35.0,3,31,0.075309,1.235,True,False,body,30.0,15.0,-10.0
3758,285800,169.0,10,102,0.075277,1.3584,True,False,wall,100.0,79.0,-10.0
3759,285837,71.0,5,37,0.075265,1.4605,True,False,wall,50.0,31.0,-10.0
3760,286105,404.0,21,268,0.075181,1.3408,True,False,body,210.0,204.0,-10.0
3761,286319,315.0,16,214,0.075114,1.3371,True,False,wall,160.0,165.0,-10.0
3762,286540,348.0,18,221,0.075044,1.3837,True,False,wall,180.0,178.0,-10.0
3763,286923,620.0,32,383,0.074925,1.3309,True,False,wall,320.0,310.0,-10.0
3764,287005,129.0,8,82,0.074899,1.2933,True,False,wall,80.0,59.0,-10.0
3765,287037,35.0,2,32,0.074889,1.2927,True,False,wall,20.0,25.0,-10.0
3766,287213,272.0,15,176,0.074834,1.363,True,False,body,150.0,132.0,-10.0
3767,287418,356.0,20,205,0.074771,1.2999,True,False,wall,200.0,166.0,-10.0
3768,287514,159.0,10,96,0.074741,1.3892,True,False,body,100.0,69.0,-10.0
3769,287715,299.0,15,201,0.074679,1.4152,True,False,wall,150.0,159.0,-10.0
3770,287950,379.0,19,235,0.074607,1.3106,True,False,body,190.0,199.0,-10.0
3771,288201,364.0,20,251,0.07453,1.359,True,False,wall,200.0,174.0,-10.0
3772,288390,290.0,16,189,0.074472,1.3421,True,False,body,160.0,140.0,-10.0
3773,288424,59.0,4,34,0.074461,1.4206,True,False,wall,40.0,29.0,-10.0
3774,288711,471.0,25,287,0.074374,1.3479,True,False,body,250.0,231.0,-10.0
3775,288874,274.0,16,163,0.074324,1.3631,True,False,body,160.0,124.0,-10.0
3776,289029,250.0,16,155,0.074277,1.3472,True,False,wall,160.0,100.0,-10.0
3777,289161,203.0,10,132,0.074237,1.2883,True,False,wall,100.0,113.0,-10.0
3778,289286,187.0,9,125,0.074199,1.3071,True,False,body,90.0,107.0,-10.0
3779,289387,142.0,8,101,0.074169,1.2763,True,False,body,80.0,72.0,-10.0
3780,289591,308.0,15,204,0.074107,1.3127,True,False,wall,150.0,168.0,-10.0
3781,289818,364.0,20,227,0.074039,1.3026,True,False,body,200.0,174.0,-10.0
3782,289888,105.0,6,70,0.074018,1.3737,True,False,body,60.0,55.0,-10.0
3783,290172,423.0,22,284,0.073933,1.3361,True,False,wall,220.0,213.0,-10.0
3784,290272,173.0,10,100,0.073903,1.2694,True,False,wall,100.0,83.0,-10.0
3785,290441,257.0,13,169,0.073852,1.2732,True,False,body,130.0,137.0,-10.0
3786,290679,398.0,21,238,0.073781,1.3532,True,False,body,210.0,198.0,-10.0
3787,290825,254.0,15,146,0.073738,1.3555,True,False,body,150.0,114.0,-10.0
3788,291175,534.0,27,350,0.073634,1.3117,True,False,body,270.0,274.0,-10.0
3789,291404,366.0,20,229,0.073567,1.3409,True,False,wall,200.0,176.0,-10.0
3790,291459,76.0,4,55,0.073551,1.3225,True,False,body,40.0,46.0,-10.0
3791,291525,123.0,8,66,0.073531,1.3983,True,False,body,80.0,53.0,-10.0
3792,291647,189.0,10,122,0.073495,1.2803,True,False,wall,100.0,99.0,-10.0
3793,291660,11.0,1,13,0.073492,1.4939,True,False,wall,10.0,11.0,-10.0
3794,291917,382.0,20,257,0.073416,1.3242,True,False,body,200.0,192.0,-10.0
3795,292140,355.0,19,223,0.073351,1.3251,True,False,wall,190.0,175.0,-10.0
3796,292314,281.0,14,174,0.0733,1.3295,True,False,body,140.0,151.0,-10.0
3797,292372,89.0,6,58,0.073283,1.3592,True,False,wall,60.0,39.0,-10.0
3798,292627,425.0,23,255,0.073209,1.3584,True,False,body,230.0,205.0,-10.0
3799,292925,451.0,26,298,0.073123,1.2902,True,False,body,260.0,201.0,-10.0
3800,293386,681.0,35,461,0.07299,1.3448,True,False,body,350.0,341.0,-10.0
3801,293477,157.0,9,91,0.072964,1.4581,True,False,body,90.0,77.0,-10.0
3802,293493,12.0,1,16,0.07296,1.3133,True,False,wall,10.0,12.0,-10.0
3803,293567,111.0,6,74,0.072938,1.3897,True,False,wall,60.0,61.0,-10.0
3804,293656,160.0,10,89,0.072913,1.3884,True,False,body,100.0,70.0,-10.0
3805,293961,468.0,22,305,0.072826,1.3823,True,False,wall,220.0,258.0,-10.0
3806,294148,322.0,18,187,0.072772,1.4262,True,False,body,180.0,152.0,-10.0
3807,294284,248.0,15,136,0.072734,1.4325,True,False,wall,150.0,108.0,-10.0
3808,294447,239.0,11,163,0.072687,1.3921,True,False,body,110.0,139.0,-10.0
3809,294569,193.0,10,122,0.072653,1.395,True,False,wall,100.0,103.0,-10.0
3810,294611,54.0,3,42,0.072641,1.2648,True,False,wall,30.0,34.0,-10.0
3811,294757,236.0,13,146,0.0726,1.2665,True,False,wall,130.0,116.0,-10.0
3812,294995,394.0,21,238,0.072532,1.3262,True,False,wall,210.0,194.0,-10.0
3813,295086,169.0,11,91,0.072507,1.3285,True,False,wall,110.0,69.0,-10.0
3814,295320,380.0,21,234,0.072441,1.2954,True,False,wall,210.0,180.0,-10.0
3815,295483,315.0,19,163,0.072395,1.3354,True,False,body,190.0,135.0,-10.0
3816,295626,217.0,11,143,0.072355,1.3342,True,False,body,110.0,117.0,-10.0
3817,296034,634.0,33,408,0.072242,1.3365,True,False,body,330.0,314.0,-10.0
3818,296232,341.0,18,198,0.072187,1.3269,True,False,wall,180.0,171.0,-10.0
3819,296434,326.0,17,202,0.072131,1.2427,True,False,body,170.0,166.0,-10.0
3820,296839,663.0,37,405,0.072019,1.2866,True,False,wall,370.0,303.0,-10.0
3821,297026,267.0,13,187,0.071968,1.3285,True,False,wall,130.0,147.0,-10.0
3822,297351,496.0,26,325,0.071879,1.3636,True,False,body,260.0,246.0,-10.0
3823,297618,408.0,20,267,0.071806,1.3032,True,False,wall,200.0,218.0,-10.0
3824,297797,304.0,16,179,0.071757,1.3661,True,False,body,160.0,154.0,-10.0
3825,297990,324.0,18,193,0.071705,1.3117,True,False,wall,180.0,154.0,-10.0
3826,298097,160.0,8,107,0.071675,1.2978,True,False,body,80.0,90.0,-10.0
3827,298304,316.0,16,207,0.071619,1.3194,True,False,body,160.0,166.0,-10.0
3828,298674,601.0,32,370,0.07152,1.3264,True,False,body,320.0,291.0,-10.0
3829,298766,151.0,8,92,0.071495,1.4019,True,False,wall,80.0,81.0,-10.0
3830,298854,144.0,9,88,0.071471,1.496,True,False,body,90.0,64.0,-10.0
3831,299281,653.0,33,427,0.071357,1.3542,True,False,wall,330.0,333.0,-10.0
3832,299435,226.0,11,154,0.071316,1.3238,True,False,body,110.0,126.0,-10.0
3833,299528,151.0,9,93,0.071291,1.1949,True,False,body,90.0,71.0,-10.0
3834,299540,10.0,1,12,0.071288,1.3333,True,False,wall,10.0,10.0,-10.0
3835,299708,263.0,14,168,0.071243,1.2902,True,False,body,140.0,133.0,-10.0
3836,299807,163.0,9,99,0.071217,1.3205,True,False,wall,90.0,83.0,-10.0
3837,299910,151.0,7,103,0.07119,1.3559,True,False,body,70.0,91.0,-10.0
3838,300242,508.0,27,332,0.071102,1.315,True,False,wall,270.0,248.0,-10.0
3839,300348,184.0,11,106,0.071074,1.3823,True,False,wall,110.0,84.0,-10.0
3840,300589,404.0,22,241,0.071011,1.4064,True,False,wall,220.0,194.0,-10.0
3841,300850,417.0,21,261,0.070942,1.3342,True,False,wall,210.0,217.0,-10.0
3842,301047,284.0,14,197,0.070891,1.3583,True,False,body,140.0,154.0,-10.0
3843,301164,188.0,10,117,0.07086,1.2577,True,False,wall,100.0,98.0,-10.0
3844,301292,210.0,13,128,0.070827,1.259,True,False,wall,130.0,90.0,-10.0
3845,301372,139.0,8,80,0.070806,1.4773,True,False,wall,80.0,69.0,-10.0
3846,301687,513.0,27,315,0.070724,1.3974,True,False,body,270.0,253.0,-10.0
3847,301842,279.0,17,155,0.070684,1.272,True,False,body,170.0,119.0,-10.0
3848,301978,219.0,12,136,0.070649,1.4977,True,False,wall,120.0,109.0,-10.0
3849,302020,47.0,2,42,0.070638,1.3693,True,False,wall,20.0,37.0,-10.0
3850,302108,147.0,8,88,0.070616,1.3884,True,False,wall,80.0,77.0,-10.0
3851,302428,507.0,26,320,0.070533,1.3478,True,False,wall,260.0,257.0,-10.0
3852,302619,318.0,16,191,0.070484,1.3122,True,False,wall,160.0,168.0,-10.0
3853,303129,729.0,34,510,0.070354,1.3206,True,False,body,340.0,399.0,-10.0
3854,303367,357.0,18,238,0.070294,1.3681,True,False,body,180.0,187.0,-10.0
3855,303807,652.0,33,440,0.070182,1.3876,True,False,body,330.0,332.0,-10.0
3856,304145,520.0,27,338,0.070097,1.421,True,False,wall,270.0,260.0,-10.0
3857,304213,89.0,4,68,0.07008,1.2474,True,False,wall,40.0,59.0,-10.0
3858,304486,421.0,23,273,0.070012,1.4314,True,False,wall,230.0,201.0,-10.0
3859,304652,277.0,16,166,0.06997,1.3281,True,False,body,160.0,127.0,-10.0
3860,304845,300.0,16,193,0.069922,1.3382,True,False,body,160.0,150.0,-10.0
3861,304906,89.0,5,61,0.069907,1.4064,True,False,body,50.0,49.0,-10.0
3862,305058,266.0,15,152,0.069869,1.3076,True,False,body,150.0,126.0,-10.0
3863,305246,312.0,17,188,0.069823,1.3539,True,False,wall,170.0,152.0,-10.0
3864,305571,432.0,22,325,0.069742,1.4203,True,False,body,220.0,222.0,-10.0
3865,305587,3.0,0,16,0.069738,1.3819,True,False,wall,0.0,13.0,-10.0
3866,305631,83.0,6,44,0.069727,1.3243,True,False,wall,60.0,33.0,-10.0
3867,305924,452.0,24,293,0.069655,1.339,True,False,body,240.0,222.0,-10.0
3868,306090,237.0,12,166,0.069615,1.326,True,False,wall,120.0,127.0,-10.0
3869,306101,9.0,1,11,0.069612,1.238,True,False,wall,10.0,9.0,-10.0
3870,306312,323.0,17,211,0.06956,1.3755,True,False,body,170.0,163.0,-10.0
3871,306458,214.0,11,146,0.069524,1.3749,True,False,body,110.0,114.0,-10.0
3872,306594,227.0,12,136,0.069491,1.2826,True,False,wall,120.0,117.0,-10.0
3873,306880,445.0,22,286,0.069422,1.3295,True,False,wall,220.0,235.0,-10.0
3874,306964,139.0,8,84,0.069401,1.3484,True,False,wall,80.0,69.0,-10.0
3875,307215,389.0,19,251,0.069341,1.3596,True,False,wall,190.0,209.0,-10.0
3876,307416,317.0,17,201,0.069292,1.3002,True,False,body,170.0,157.0,-10.0
3877,307702,485.0,26,286,0.069223,1.3802,True,False,wall,260.0,235.0,-10.0
3878,308066,555.0,28,364,0.069136,1.3681,True,False,body,280.0,285.0,-10.0
3879,308103,51.0,3,37,0.069127,1.3303,True,False,wall,30.0,31.0,-10.0
3880,308285,321.0,18,182,0.069084,1.4001,True,False,wall,180.0,151.0,-10.0
3881,308661,574.0,29,376,0.068994,1.3146,True,False,body,290.0,294.0,-10.0
3882,308716,85.0,5,55,0.068981,1.3649,True,False,body,50.0,45.0,-10.0
3883,308812,148.0,9,96,0.068958,1.4318,True,False,body,90.0,68.0,-10.0
3884,309006,354.0,23,194,0.068912,1.4301,True,False,body,230.0,134.0,-10.0
3885,309324,506.0,25,318,0.068837,1.3837,True,False,body,250.0,266.0,-10.0
3886,309555,380.0,20,231,0.068783,1.4301,True,False,body,200.0,190.0,-10.0
3887,309635,100.0,5,80,0.068764,1.3634,True,False,body,50.0,60.0,-10.0
3888,309818,306.0,16,183,0.068721,1.3089,True,False,body,160.0,156.0,-10.0
3889,309925,162.0,8,107,0.068696,1.3111,True,False,body,80.0,92.0,-10.0
3890,310288,602.0,32,363,0.068612,1.4335,True,False,body,320.0,292.0,-10.0
3891,310491,311.0,17,203,0.068565,1.4438,True,False,body,170.0,151.0,-10.0
3892,310568,132.0,8,77,0.068547,1.4248,True,False,wall,80.0,62.0,-10.0
3893,310619,92.0,6,51,0.068535,1.2891,True,False,body,60.0,42.0,-10.0
3894,310734,187.0,11,115,0.068508,1.4059,True,False,wall,110.0,87.0,-10.0
3895,310807,113.0,7,73,0.068491,1.3206,True,False,body,70.0,53.0,-10.0
3896,310849,45.0,2,42,0.068482,1.2936,True,False,wall,20.0,35.0,-10.0
3897,310954,195.0,13,105,0.068457,1.4071,True,False,wall,130.0,75.0,-10.0
3898,311053,141.0,7,99,0.068435,1.3241,True,False,wall,70.0,81.0,-10.0
3899,311295,402.0,23,242,0.068379,1.3648,True,False,body,230.0,182.0,-10.0
3900,311443,243.0,14,148,0.068345,1.2589,True,False,body,140.0,113.0,-10.0
3901,311668,335.0,19,225,0.068293,1.3498,True,False,wall,190.0,155.0,-10.0
3902,311793,192.0,10,125,0.068265,1.305,True,False,body,100.0,102.0,-10.0
3903,311855,100.0,7,62,0.068251,1.5432,True,False,body,70.0,40.0,-10.0
3904,312070,363.0,19,215,0.068202,1.4738,True,False,body,190.0,183.0,-10.0
3905,312167,171.0,11,97,0.06818,1.3974,True,False,body,110.0,71.0,-10.0
3906,312203,50.0,3,36,0.068172,1.3709,True,False,wall,30.0,30.0,-10.0
3907,312445,342.0,15,242,0.068117,1.374,True,False,body,150.0,202.0,-10.0
3908,312740,431.0,23,295,0.06805,1.4149,True,False,body,230.0,211.0,-10.0
3909,312896,259.0,14,156,0.068015,1.4248,True,False,body,140.0,129.0,-10.0
3910,313092,317.0,16,196,0.067971,1.5202,True,False,body,160.0,167.0,-10.0
3911,313212,199.0,10,120,0.067944,1.5384,True,False,wall,100.0,109.0,-10.0
3912,313560,553.0,28,348,0.067866,1.4217,True,False,body,280.0,283.0,-10.0
3913,313658,165.0,10,98,0.067844,1.2955,True,False,body,100.0,75.0,-10.0
3914,313905,332.0,20,247,0.067789,1.4179,True,False,wall,200.0,142.0,-10.0
3915,314235,505.0,26,330,0.067716,1.3707,True,False,body,260.0,255.0,-10.0
3916,314440,313.0,17,205,0.06767,1.3426,True,False,body,170.0,153.0,-10.0
3917,314480,70.0,5,40,0.067662,1.32,True,False,wall,50.0,30.0,-10.0
3918,314558,131.0,8,78,0.067644,1.563,True,False,body,80.0,61.0,-10.0
3919,314762,369.0,20,204,0.067599,1.4167,True,False,wall,200.0,179.0,-10.0
3920,314800,63.0,4,38,0.067591,1.3971,True,False,wall,40.0,33.0,-10.0
3921,314840,54.0,3,40,0.067582,1.2912,True,False,body,30.0,34.0,-10.0
3922,315037,274.0,14,197,0.067539,1.3891,True,False,body,140.0,144.0,-10.0
3923,315256,355.0,19,219,0.067491,1.4192,True,False,wall,190.0,175.0,-10.0
3924,315271,2.0,0,15,0.067488,1.2865,True,False,wall,0.0,12.0,-10.0
3925,315608,522.0,28,337,0.067414,1.3689,True,False,wall,280.0,252.0,-10.0
3926,315940,472.0,25,332,0.067342,1.4093,True,False,wall,250.0,232.0,-10.0
3927,316003,111.0,7,63,0.067329,1.338,True,False,body,70.0,51.0,-10.0
3928,316098,144.0,8,95,0.067308,1.4636,True,False,body,80.0,74.0,-10.0
3929,316189,142.0,8,91,0.067288,1.4354,True,False,body,80.0,72.0,-10.0
3930,316397,352.0,19,208,0.067243,1.3979,True,False,body,190.0,172.0,-10.0
3931,316523,216.0,13,126,0.067216,1.3295,True,False,body,130.0,96.0,-10.0
3932,316566,57.0,3,43,0.067207,1.2936,True,False,wall,30.0,37.0,-10.0
3933,316603,62.0,4,37,0.067199,1.4541,True,False,body,40.0,32.0,-10.0
3934,316801,319.0,16,198,0.067157,1.3325,True,False,body,160.0,169.0,-10.0
3935,316903,162.0,9,102,0.067135,1.3698,True,False,wall,90.0,82.0,-10.0
3936,317331,598.0,33,428,0.067043,1.4235,True,False,body,330.0,278.0,-10.0
3937,317698,614.0,32,367,0.066965,1.4057,True,False,body,320.0,304.0,-10.0
3938,317764,125.0,8,66,0.066951,1.4285,True,False,wall,80.0,55.0,-10.0
3939,318103,519.0,27,339,0.06688,1.4769,True,False,body,270.0,259.0,-10.0
3940,318124,17.0,1,21,0.066875,1.4911,True,False,wall,10.0,17.0,-10.0
3941,318366,369.0,20,242,0.066824,1.4957,True,False,body,200.0,179.0,-10.0
3942,318652,456.0,23,286,0.066764,1.4629,True,False,body,230.0,236.0,-10.0
3943,318915,422.0,22,263,0.066709,1.4323,True,False,body,220.0,212.0,-10.0
3944,319060,241.0,13,145,0.066679,1.3461,True,False,body,130.0,121.0,-10.0
3945,319279,380.0,22,219,0.066633,1.3787,True,False,body,220.0,170.0,-10.0
3946,319446,254.0,14,167,0.066599,1.4351,True,False,wall,140.0,124.0,-10.0
3947,319546,149.0,8,100,0.066578,1.3301,True,False,body,80.0,79.0,-10.0
3948,319625,136.0,8,79,0.066562,1.5313,True,False,wall,80.0,66.0,-10.0
3949,319719,173.0,10,94,0.066542,1.4057,True,False,wall,100.0,83.0,-10.0
3950,319785,114.0,7,66,0.066528,1.4522,True,False,body,70.0,54.0,-10.0
3951,319848,89.0,5,63,0.066515,1.3781,True,False,wall,50.0,49.0,-10.0
3952,319900,49.0,2,52,0.066505,1.4153,True,False,wall,20.0,39.0,-10.0
3953,320055,270.0,16,155,0.066473,1.3055,True,False,body,160.0,120.0,-10.0
3954,320094,53.0,3,39,0.066465,1.3466,True,False,wall,30.0,33.0,-10.0
3955,320161,115.0,7,67,0.066451,1.2671,True,False,wall,70.0,55.0,-10.0
3956,320229,103.0,6,68,0.066437,1.4277,True,False,wall,60.0,53.0,-10.0
3957,320555,510.0,27,326,0.06637,1.3668,True,False,body,270.0,250.0,-10.0
3958,320742,302.0,16,187,0.066332,1.4615,True,False,body,160.0,152.0,-10.0
3959,320868,198.0,11,126,0.066306,1.4981,True,False,body,110.0,98.0,-10.0
3960,320966,155.0,8,98,0.066286,1.4861,True,False,wall,80.0,85.0,-10.0
3961,321111,268.0,16,145,0.066257,1.4171,True,False,wall,160.0,118.0,-10.0
3962,321363,404.0,21,252,0.066206,1.4154,True,False,body,210.0,204.0,-10.0
3963,321561,316.0,17,198,0.066166,1.4661,True,False,wall,170.0,156.0,-10.0
3964,321617,86.0,5,56,0.066154,1.2927,True,False,body,50.0,46.0,-10.0
3965,321696,139.0,9,79,0.066138,1.4605,True,False,body,90.0,59.0,-10.0
3966,321996,496.0,25,300,0.066078,1.4765,True,False,body,250.0,256.0,-10.0
3967,322339,534.0,28,343,0.066009,1.4124,True,False,wall,280.0,264.0,-10.0
3968,322623,490.0,27,284,0.065952,1.4036,True,False,body,270.0,230.0,-10.0
3969,322817,318.0,19,194,0.065914,1.4512,True,False,body,190.0,138.0,-10.0
3970,322988,298.0,16,171,0.06588,1.5544,True,False,wall,160.0,148.0,-10.0
3971,323059,107.0,7,71,0.065866,1.5872,True,False,wall,70.0,47.0,-10.0
3972,323339,456.0,23,280,0.06581,1.4905,True,False,body,230.0,236.0,-10.0
3973,323584,394.0,22,245,0.065762,1.4654,True,False,wall,220.0,184.0,-10.0
3974,323723,203.0,11,139,0.065735,1.4978,True,False,wall,110.0,103.0,-10.0
3975,323780,100.0,6,57,0.065723,1.4817,True,False,body,60.0,50.0,-10.0
3976,323967,314.0,18,187,0.065687,1.4171,True,False,body,180.0,144.0,-10.0
3977,324093,216.0,13,126,0.065662,1.4097,True,False,body,130.0,96.0,-10.0
3978,324184,166.0,10,91,0.065644,1.4654,True,False,wall,100.0,76.0,-10.0
3979,324296,185.0,10,112,0.065622,1.4787,True,False,body,100.0,95.0,-10.0
3980,324357,85.0,5,61,0.06561,1.3963,True,False,wall,50.0,45.0,-10.0
3981,324407,73.0,4,50,0.065601,1.5606,True,False,body,40.0,43.0,-10.0
3982,324489,125.0,6,82,0.065585,1.4706,True,False,wall,60.0,75.0,-10.0
3983,324806,509.0,25,317,0.065523,1.4696,True,False,wall,250.0,269.0,-10.0
3984,324978,271.0,14,172,0.06549,1.3522,True,False,body,140.0,141.0,-10.0
3985,325194,352.0,19,216,0.065448,1.3164,True,False,body,190.0,172.0,-10.0
3986,325490,477.0,24,296,0.065391,1.3477,True,False,wall,240.0,247.0,-10.0
3987,325548,113.0,8,58,0.06538,1.3887,True,False,body,80.0,43.0,-10.0
3988,325829,404.0,20,281,0.065326,1.4076,True,False,body,200.0,214.0,-10.0
3989,325931,151.0,8,102,0.065306,1.4771,True,False,wall,80.0,81.0,-10.0
3990,325960,25.0,1,29,0.065301,1.2651,True,False,wall,10.0,25.0,-10.0
3991,326296,549.0,28,336,0.065237,1.4026,True,False,body,280.0,279.0,-10.0
3992,326350,75.0,4,54,0.065226,1.6459,True,False,wall,40.0,45.0,-10.0
3993,326371,35.0,3,21,0.065222,1.512,True,False,body,30.0,15.0,-10.0
3994,326481,181.0,10,110,0.065201,1.432,True,False,body,100.0,91.0,-10.0
3995,326575,169.0,10,94,0.065183,1.553,True,False,wall,100.0,79.0,-10.0
3996,326883,497.0,26,308,0.065125,1.4622,True,False,body,260.0,247.0,-10.0
3997,327157,398.0,21,274,0.065073,1.386,True,False,body,210.0,198.0,-10.0
3998,327441,491.0,26,284,0.06502,1.4192,True,False,body,260.0,241.0,-10.0
3999,327481,44.0,3,40,0.065012,1.7412,True,False,body,30.0,24.0,-10.0
4000,327710,320.0,14,229,0.06497,1.3938,True,False,body,140.0,190.0,-10.0
4001,327993,464.0,26,283,0.064917,1.4446,True,False,body,260.0,214.0,-10.0
4002,328053,94.0,5,60,0.064906,1.5093,True,False,wall,50.0,54.0,-10.0
4003,328286,376.0,20,233,0.064862,1.3848,True,False,body,200.0,186.0,-10.0
4004,328363,129.0,7,77,0.064848,1.2701,True,False,wall,70.0,69.0,-10.0
4005,328551,328.0,19,188,0.064813,1.433,True,False,body,190.0,148.0,-10.0
4006,328775,378.0,21,224,0.064772,1.3984,True,False,wall,210.0,178.0,-10.0
4007,328959,320.0,17,184,0.064738,1.354,True,False,wall,170.0,160.0,-10.0
4008,328981,27.0,2,22,0.064734,1.376,True,False,wall,20.0,17.0,-10.0
4009,329118,222.0,12,137,0.064708,1.3763,True,False,wall,120.0,112.0,-10.0
4010,329459,532.0,28,341,0.064646,1.3995,True,False,body,280.0,262.0,-10.0
4011,329654,288.0,16,195,0.06461,1.4377,True,False,body,160.0,138.0,-10.0
4012,329703,52.0,2,49,0.064601,1.5029,True,False,wall,20.0,42.0,-10.0
4013,329835,222.0,13,132,0.064577,1.5206,True,False,body,130.0,102.0,-10.0
4014,329894,80.0,4,59,0.064566,1.3609,True,False,body,40.0,50.0,-10.0
4015,330172,469.0,26,278,0.064516,1.348,True,False,wall,260.0,219.0,-10.0
4016,330247,110.0,6,75,0.064502,1.3619,True,False,wall,60.0,60.0,-10.0
4017,330477,357.0,18,230,0.064461,1.4106,True,False,body,180.0,187.0,-10.0
4018,330676,320.0,16,199,0.064425,1.3955,True,False,body,160.0,170.0,-10.0
4019,330895,373.0,21,219,0.064385,1.4559,True,False,wall,210.0,173.0,-10.0
4020,331135,388.0,21,240,0.064342,1.3888,True,False,body,210.0,188.0,-10.0
4021,331468,574.0,30,333,0.064283,1.4492,True,False,body,300.0,284.0,-10.0
4022,331689,350.0,18,221,0.064243,1.4688,True,False,body,180.0,180.0,-10.0
4023,331917,366.0,19,228,0.064203,1.5784,True,False,body,190.0,186.0,-10.0
4024,331956,53.0,3,39,0.064196,1.3819,True,False,body,30.0,33.0,-10.0
4025,332055,150.0,8,99,0.064178,1.4016,True,False,body,80.0,80.0,-10.0
4026,332248,314.0,16,193,0.064144,1.4329,True,False,wall,160.0,164.0,-10.0
4027,332308,95.0,6,60,0.064133,1.3363,True,False,body,60.0,45.0,-10.0
4028,332371,113.0,7,63,0.064122,1.3478,True,False,body,70.0,53.0,-10.0
4029,332547,293.0,16,176,0.064091,1.3668,True,False,body,160.0,143.0,-10.0
4030,332650,158.0,8,103,0.064073,1.4276,True,False,wall,80.0,88.0,-10.0
4031,332902,448.0,25,252,0.064029,1.4432,True,False,body,250.0,208.0,-10.0
4032,333307,619.0,37,405,0.063958,1.4518,True,False,body,370.0,259.0,-10.0
4033,333671,576.0,29,364,0.063895,1.4583,True,False,wall,290.0,296.0,-10.0
4034,333695,31.0,2,24,0.063891,1.4746,True,False,wall,20.0,21.0,-10.0
4035,333775,146.0,9,80,0.063877,1.4914,True,False,body,90.0,66.0,-10.0
4036,333887,180.0,9,112,0.063857,1.5085,True,False,wall,90.0,100.0,-10.0
4037,333966,138.0,8,79,0.063844,1.5647,True,False,body,80.0,68.0,-10.0
4038,334200,368.0,19,234,0.063803,1.3967,True,False,wall,190.0,188.0,-10.0
4039,334581,546.0,26,381,0.063738,1.4677,True,False,wall,260.0,296.0,-10.0
4040,334670,160.0,10,89,0.063722,1.4297,True,False,wall,100.0,70.0,-10.0
4041,334854,290.0,17,184,0.063691,1.3966,True,False,body,170.0,130.0,-10.0
4042,335063,365.0,21,209,0.063655,1.3748,True,False,body,210.0,165.0,-10.0
4043,335078,29.0,3,15,0.063652,1.3816,True,False,wall,30.0,9.0,-10.0
4044,335151,107.0,5,73,0.06364,1.449,True,False,body,50.0,67.0,-10.0
4045,335406,433.0,23,255,0.063597,1.4692,True,False,body,230.0,213.0,-10.0
4046,335863,693.0,35,457,0.063519,1.3785,True,False,body,350.0,353.0,-10.0
4047,335930,98.0,6,67,0.063508,1.5013,True,False,wall,60.0,48.0,-10.0
4048,335959,34.0,2,29,0.063503,1.6177,True,False,wall,20.0,24.0,-10.0
4049,336202,420.0,22,243,0.063462,1.4936,True,False,body,220.0,210.0,-10.0
4050,336301,147.0,7,99,0.063445,1.5165,True,False,body,70.0,87.0,-10.0
4051,336404,161.0,9,103,0.063428,1.4131,True,False,wall,90.0,81.0,-10.0
4052,336645,392.0,22,241,0.063388,1.4405,True,False,body,220.0,182.0,-10.0
4053,336695,58.0,3,50,0.063379,1.5667,True,False,body,30.0,38.0,-10.0
4054,336812,181.0,9,117,0.06336,1.4232,True,False,body,90.0,101.0,-10.0
4055,336913,163.0,9,101,0.063343,1.5248,True,False,body,90.0,83.0,-10.0
4056,337064,240.0,14,151,0.063318,1.5006,True,False,wall,140.0,110.0,-10.0
4057,337114,66.0,3,50,0.063309,1.3613,True,False,wall,30.0,46.0,-10.0
4058,337246,204.0,11,132,0.063287,1.3401,True,False,body,110.0,104.0,-10.0
4059,337518,426.0,23,272,0.063242,1.3347,True,False,body,230.0,206.0,-10.0
4060,337713,329.0,17,195,0.06321,1.3717,True,False,wall,170.0,169.0,-10.0
4061,338056,550.0,30,343,0.063154,1.4304,True,False,wall,300.0,260.0,-10.0
4062,338234,267.0,14,178,0.063124,1.3945,True,False,wall,140.0,137.0,-10.0
4063,338283,74.0,4,49,0.063116,1.3505,True,False,body,40.0,44.0,-10.0
4064,338401,189.0,10,118,0.063097,1.2983,True,False,wall,100.0,99.0,-10.0
4065,338583,321.0,18,182,0.063067,1.3898,True,False,body,180.0,151.0,-10.0
4066,338660,123.0,7,77,0.063055,1.3389,True,False,wall,70.0,63.0,-10.0
4067,338830,286.0,15,170,0.063027,1.4972,True,False,wall,150.0,146.0,-10.0
4068,338914,145.0,8,84,0.063013,1.5843,True,False,body,80.0,75.0,-10.0
4069,338971,111.0,9,57,0.063004,1.3358,True,False,body,90.0,31.0,-10.0
4070,339000,52.0,4,29,0.062999,1.7983,True,False,wall,40.0,22.0,-10.0
4071,339124,197.0,10,124,0.062979,1.394,True,False,body,100.0,107.0,-10.0
4072,339466,493.0,26,342,0.062924,1.4099,True,False,body,260.0,243.0,-10.0
4073,339620,256.0,13,154,0.062899,1.3969,True,False,body,130.0,136.0,-10.0
4074,339820,359.0,20,200,0.062867,1.3956,True,False,body,200.0,169.0,-10.0
4075,339923,131.0,7,103,0.06285,1.3519,True,False,body,70.0,71.0,-10.0
4076,340016,142.0,8,93,0.062835,1.4051,True,False,wall,80.0,72.0,-10.0
4077,340266,426.0,23,250,0.062795,1.4052,True,False,body,230.0,206.0,-10.0
4078,340292,60.0,5,26,0.062791,1.406,True,False,wall,50.0,20.0,-10.0
4079,340512,370.0,21,220,0.062756,1.4091,True,False,wall,210.0,170.0,-10.0
4080,340549,58.0,4,37,0.06275,1.4102,True,False,body,40.0,28.0,-10.0
4081,340588,49.0,3,39,0.062744,1.4549,True,False,wall,30.0,29.0,-10.0
4082,340754,250.0,13,166,0.062717,1.4712,True,False,wall,130.0,130.0,-10.0
4083,340983,332.0,18,229,0.062681,1.432,True,False,wall,180.0,162.0,-10.0
4084,341195,345.0,18,212,0.062647,1.4832,True,False,body,180.0,175.0,-10.0
4085,341290,158.0,10,95,0.062632,1.4491,True,False,body,100.0,68.0,-10.0
4086,341428,218.0,11,138,0.062611,1.4536,True,False,body,110.0,118.0,-10.0
4087,341639,348.0,18,211,0.062577,1.4801,True,False,body,180.0,178.0,-10.0
4088,341732,143.0,7,93,0.062563,1.4363,True,False,wall,70.0,83.0,-10.0
4089,341859,214.0,12,127,0.062543,1.3344,True,False,wall,120.0,104.0,-10.0
4090,341973,178.0,9,114,0.062525,1.5306,True,False,wall,90.0,98.0,-10.0
4091,342071,145.0,8,98,0.06251,1.3633,True,False,body,80.0,75.0,-10.0
4092,342086,2.0,0,15,0.062507,1.3452,True,False,wall,0.0,12.0,-10.0
4093,342277,308.0,16,191,0.062478,1.4252,True,False,body,160.0,158.0,-10.0
4094,342484,334.0,18,207,0.062445,1.3517,True,False,body,180.0,164.0,-10.0
4095,342792,499.0,26,308,0.062397,1.3761,True,False,body,260.0,249.0,-10.0
4096,342852,90.0,5,60,0.062388,1.3565,True,False,wall,50.0,50.0,-10.0
4097,342896,67.0,4,44,0.062381,1.4542,True,False,body,40.0,37.0,-10.0
4098,343243,556.0,32,347,0.062328,1.3863,True,False,body,320.0,246.0,-10.0
4099,343474,377.0,19,231,0.062292,1.3914,True,False,wall,190.0,197.0,-10.0
4100,343645,299.0,17,171,0.062266,1.4144,True,False,body,170.0,139.0,-10.0
4101,343846,320.0,16,201,0.062235,1.5628,True,False,wall,160.0,170.0,-10.0
4102,344169,518.0,28,323,0.062186,1.4373,True,False,body,280.0,248.0,-10.0
4103,344455,519.0,30,286,0.062142,1.4299,True,False,body,300.0,229.0,-10.0
4104,344519,112.0,7,64,0.062133,1.4677,True,False,body,70.0,52.0,-10.0
4105,344590,86.0,4,71,0.062122,1.4164,True,False,body,40.0,56.0,-10.0
4106,344844,417.0,22,254,0.062084,1.5572,True,False,wall,220.0,207.0,-10.0
4107,345003,256.0,14,159,0.06206,1.4559,True,False,body,140.0,126.0,-10.0
4108,345469,740.0,41,466,0.06199,1.4031,True,False,body,410.0,340.0,-10.0
4109,345498,52.0,4,29,0.061985,1.5015,True,False,wall,40.0,22.0,-10.0
4110,345782,442.0,21,284,0.061943,1.4277,True,False,body,210.0,242.0,-10.0
4111,345834,87.0,6,52,0.061935,1.4692,True,False,body,60.0,37.0,-10.0
4112,346099,388.0,22,265,0.061895,1.4844,True,False,wall,220.0,178.0,-10.0
4113,346205,161.0,8,106,0.06188,1.3912,True,False,body,80.0,91.0,-10.0
4114,346344,245.0,15,139,0.061859,1.4134,True,False,wall,150.0,105.0,-10.0
4115,346410,100.0,5,66,0.061849,1.3941,True,False,body,50.0,60.0,-10.0
4116,346822,597.0,30,412,0.061788,1.392,True,False,wall,300.0,307.0,-10.0
4117,346840,14.0,1,18,0.061786,1.4609,True,False,wall,10.0,14.0,-10.0
4118,346978,235.0,14,138,0.061765,1.3855,True,False,body,140.0,105.0,-10.0
4119,347389,578.0,30,411,0.061705,1.3946,True,False,body,300.0,288.0,-10.0
4120,347531,239.0,14,142,0.061684,1.4186,True,False,wall,140.0,109.0,-10.0
4121,347648,166.0,8,117,0.061667,1.3797,True,False,body,80.0,96.0,-10.0
4122,347829,277.0,15,181,0.061641,1.4035,True,False,body,150.0,137.0,-10.0
4123,347959,201.0,10,130,0.061622,1.4104,True,False,wall,100.0,111.0,-10.0
4124,348211,405.0,22,252,0.061586,1.3593,True,False,body,220.0,195.0,-10.0
4125,348641,702.0,37,430,0.061523,1.3513,True,False,wall,370.0,342.0,-10.0
4126,348660,15.0,1,19,0.061521,1.2734,True,False,wall,10.0,15.0,-10.0
4127,348682,27.0,2,22,0.061518,1.2195,True,False,wall,20.0,17.0,-10.0
4128,348751,106.0,6,69,0.061508,1.2876,True,False,body,60.0,56.0,-10.0
4129,348856,196.0,12,105,0.061493,1.3743,True,False,body,120.0,86.0,-10.0
4130,349051,307.0,17,195,0.061465,1.3541,True,False,body,170.0,147.0,-10.0
4131,349103,86.0,5,52,0.061457,1.4088,True,False,body,50.0,46.0,-10.0
4132,349596,690.0,34,493,0.061387,1.3342,True,False,body,340.0,360.0,-10.0
4133,349752,230.0,13,156,0.061365,1.3894,True,False,body,130.0,110.0,-10.0
4134,349810,102.0,7,58,0.061356,1.4575,True,False,body,70.0,42.0,-10.0
4135,349981,273.0,15,171,0.061332,1.4697,True,False,wall,150.0,133.0,-10.0
4136,350154,322.0,20,173,0.061308,1.6026,True,False,body,200.0,132.0,-10.0
4137,350475,570.0,32,321,0.061262,1.5892,True,False,wall,320.0,260.0,-10.0
4138,350590,202.0,12,115,0.061246,1.4851,True,False,body,120.0,92.0,-10.0
4139,350682,149.0,8,92,0.061233,1.4985,True,False,wall,80.0,79.0,-10.0
4140,350729,70.0,4,47,0.061227,1.3475,True,False,wall,40.0,40.0,-10.0
4141,350871,239.0,14,142,0.061207,1.4762,True,False,body,140.0,109.0,-10.0
4142,351038,275.0,17,167,0.061183,1.3599,True,False,body,170.0,115.0,-10.0
4143,351277,396.0,22,239,0.06115,1.402,True,False,body,220.0,186.0,-10.0
4144,351673,647.0,34,396,0.061095,1.4476,True,False,body,340.0,317.0,-10.0
4145,351861,303.0,16,188,0.061069,1.3854,True,False,body,160.0,153.0,-10.0
4146,352147,393.0,20,286,0.061029,1.3278,True,False,body,200.0,203.0,-10.0
4147,352256,203.0,13,109,0.061014,1.4594,True,False,body,130.0,83.0,-10.0
4148,352303,50.0,2,47,0.061008,1.424,True,False,wall,20.0,40.0,-10.0
4149,352458,269.0,15,155,0.060987,1.3914,True,False,wall,150.0,129.0,-10.0
4150,352858,561.0,32,400,0.060932,1.4152,True,False,wall,320.0,251.0,-10.0
4151,352920,78.0,3,62,0.060923,1.3559,True,False,wall,30.0,58.0,-10.0
4152,353007,131.0,7,87,0.060911,1.3676,True,False,wall,70.0,71.0,-10.0
4153,353287,449.0,22,280,0.060873,1.3888,True,False,body,220.0,239.0,-10.0
4154,353719,646.0,31,432,0.060815,1.3811,True,False,body,310.0,346.0,-10.0
4155,353833,193.0,10,114,0.060799,1.3569,True,False,wall,100.0,103.0,-10.0
4156,354013,286.0,17,180,0.060775,1.4608,True,False,body,170.0,126.0,-10.0
4157,354101,157.0,10,88,0.060763,1.3483,True,False,body,100.0,67.0,-10.0
4158,354225,202.0,11,124,0.060747,1.366,True,False,body,110.0,102.0,-10.0
4159,354614,620.0,34,389,0.060694,1.4047,True,False,wall,340.0,290.0,-10.0
4160,354782,291.0,16,168,0.060672,1.3391,True,False,body,160.0,141.0,-10.0
4161,354800,25.0,2,18,0.06067,1.2662,True,False,wall,20.0,15.0,-10.0
4162,355207,626.0,30,407,0.060615,1.4155,True,False,body,300.0,336.0,-10.0
4163,355444,379.0,19,237,0.060584,1.4846,True,False,body,190.0,199.0,-10.0
4164,355608,269.0,14,164,0.060562,1.3888,True,False,body,140.0,139.0,-10.0
4165,355937,512.0,26,329,0.060519,1.405,True,False,wall,260.0,262.0,-10.0
4166,355997,72.0,3,60,0.060511,1.3494,True,False,wall,30.0,52.0,-10.0
4167,356137,230.0,13,140,0.060493,1.366,True,False,body,130.0,110.0,-10.0
4168,356499,570.0,31,362,0.060445,1.3399,True,False,body,310.0,270.0,-10.0
4169,356747,389.0,20,248,0.060413,1.4145,True,False,wall,200.0,199.0,-10.0
4170,356780,56.0,4,33,0.060409,1.3234,True,False,wall,40.0,26.0,-10.0
4171,356894,190.0,11,114,0.060394,1.3981,True,False,body,110.0,90.0,-10.0
4172,357095,326.0,16,201,0.060368,1.3143,True,False,body,160.0,176.0,-10.0
4173,357233,240.0,15,138,0.06035,1.2993,True,False,wall,150.0,100.0,-10.0
4174,357333,162.0,9,100,0.060337,1.3753,True,False,wall,90.0,82.0,-10.0
4175,357373,44.0,3,40,0.060332,1.2873,True,False,wall,30.0,24.0,-10.0
4176,357657,435.0,22,284,0.060295,1.3743,True,False,wall,220.0,225.0,-10.0
4177,357804,246.0,14,147,0.060276,1.4891,True,False,wall,140.0,116.0,-10.0
4178,357839,49.0,3,35,0.060272,1.3537,True,False,wall,30.0,29.0,-10.0
4179,357867,49.0,4,28,0.060268,1.5178,True,False,body,40.0,19.0,-10.0
4180,358046,299.0,17,179,0.060245,1.391,True,False,body,170.0,139.0,-10.0
4181,358301,423.0,21,255,0.060213,1.3642,True,False,wall,210.0,223.0,-10.0
4182,358564,435.0,23,263,0.060179,1.3753,True,False,body,230.0,215.0,-10.0
4183,358790,372.0,19,226,0.06015,1.366,True,False,body,190.0,192.0,-10.0
4184,359027,366.0,18,237,0.06012,1.3752,True,False,wall,180.0,196.0,-10.0
4185,359270,406.0,22,243,0.06009,1.3406,True,False,body,220.0,196.0,-10.0
4186,359409,246.0,14,139,0.060072,1.3584,True,False,wall,140.0,116.0,-10.0
4187,359499,187.0,12,90,0.060061,1.2837,True,False,body,120.0,77.0,-10.0
4188,359779,422.0,21,280,0.060026,1.3628,True,False,body,210.0,222.0,-10.0
4189,359890,157.0,7,111,0.060012,1.385,True,False,wall,70.0,97.0,-10.0
4190,359912,14.0,1,22,0.060009,1.2895,True,False,wall,10.0,14.0,-10.0
4191,360333,625.0,31,421,0.059957,1.3857,True,False,wall,310.0,325.0,-10.0
4192,360436,169.0,9,103,0.059944,1.5276,True,False,body,90.0,89.0,-10.0
4193,360627,296.0,16,191,0.05992,1.3606,True,False,wall,160.0,146.0,-10.0
4194,360686,111.0,7,59,0.059913,1.4297,True,False,wall,70.0,51.0,-10.0
4195,360873,290.0,16,187,0.05989,1.3192,True,False,body,160.0,140.0,-10.0
4196,361085,314.0,17,212,0.059863,1.3172,True,False,wall,170.0,154.0,-10.0
4197,361366,485.0,25,281,0.059829,1.348,True,False,body,250.0,245.0,-10.0
4198,361382,23.0,2,16,0.059827,1.2607,True,False,wall,20.0,13.0,-10.0
4199,361396,3.0,0,14,0.059825,1.3425,True,False,wall,0.0,13.0,-10.0
4200,361464,105.0,6,68,0.059817,1.445,True,False,wall,60.0,55.0,-10.0
4201,361693,387.0,21,229,0.059789,1.3004,True,False,body,210.0,187.0,-10.0
4202,361923,375.0,20,230,0.059761,1.3173,True,False,body,200.0,185.0,-10.0
4203,362058,226.0,12,135,0.059744,1.3132,True,False,wall,120.0,116.0,-10.0
4204,362393,535.0,29,335,0.059703,1.3423,True,False,body,290.0,255.0,-10.0
4205,362597,323.0,18,204,0.059679,1.4312,True,False,body,180.0,153.0,-10.0
4206,362687,143.0,8,90,0.059668,1.3564,True,False,body,80.0,73.0,-10.0
4207,362843,262.0,15,156,0.059649,1.4264,True,False,body,150.0,122.0,-10.0
4208,362932,133.0,9,89,0.059638,1.3636,True,False,wall,90.0,53.0,-10.0
4209,363414,743.0,40,482,0.05958,1.357,True,False,body,400.0,353.0,-10.0
4210,363526,192.0,11,112,0.059567,1.3875,True,False,body,110.0,92.0,-10.0
4211,363650,217.0,12,124,0.059552,1.3455,True,False,wall,120.0,107.0,-10.0
4212,363900,379.0,20,250,0.059522,1.4807,True,False,wall,200.0,189.0,-10.0
4213,363915,13.0,1,15,0.059521,1.24,True,False,wall,10.0,13.0,-10.0
4214,364072,258.0,14,157,0.059502,1.4076,True,False,wall,140.0,128.0,-10.0
4215,364308,398.0,23,236,0.059474,1.3675,True,False,body,230.0,178.0,-10.0
4216,364541,411.0,23,233,0.059446,1.4359,True,False,wall,230.0,191.0,-10.0
4217,364747,288.0,13,206,0.059422,1.3202,True,False,body,130.0,168.0,-10.0
4218,364886,237.0,13,139,0.059406,1.4713,True,False,body,130.0,117.0,-10.0
4219,365215,535.0,29,329,0.059367,1.2931,True,False,wall,290.0,255.0,-10.0
4220,365525,524.0,29,310,0.059331,1.2646,True,False,body,290.0,244.0,-10.0
4221,365594,106.0,6,69,0.059323,1.4288,True,False,wall,60.0,56.0,-10.0
4222,366047,656.0,32,453,0.05927,1.4228,True,False,body,320.0,346.0,-10.0
4223,366173,184.0,9,126,0.059256,1.3381,True,False,body,90.0,104.0,-10.0
4224,366399,359.0,18,226,0.05923,1.3956,True,False,body,180.0,189.0,-10.0
4225,366444,66.0,4,45,0.059224,1.3565,True,False,body,40.0,36.0,-10.0
4226,366561,197.0,11,117,0.059211,1.3535,True,False,wall,110.0,97.0,-10.0
4227,366576,20.0,2,15,0.059209,1.176,True,False,wall,20.0,10.0,-10.0
4228,366711,177.0,7,135,0.059194,1.5273,True,False,wall,70.0,117.0,-10.0
4229,366827,210.0,13,116,0.05918,1.4695,True,False,wall,130.0,90.0,-10.0
4230,366946,203.0,11,119,0.059167,1.4208,True,False,body,110.0,103.0,-10.0
4231,367201,394.0,20,255,0.059137,1.3632,True,False,body,200.0,204.0,-10.0
4232,367424,334.0,18,223,0.059112,1.3104,True,False,wall,180.0,164.0,-10.0
4233,367603,289.0,15,179,0.059092,1.3394,True,False,body,150.0,149.0,-10.0
4234,367680,134.0,8,77,0.059083,1.4383,True,False,body,80.0,64.0,-10.0
4235,367702,27.0,2,22,0.05908,1.4213,True,False,wall,20.0,17.0,-10.0
4236,367834,209.0,12,132,0.059065,1.3906,True,False,body,120.0,99.0,-10.0
4237,367867,47.0,3,33,0.059062,1.3901,True,False,body,30.0,27.0,-10.0
4238,367946,132.0,8,79,0.059053,1.358,True,False,wall,80.0,62.0,-10.0
4239,368034,149.0,8,88,0.059043,1.4228,True,False,wall,80.0,79.0,-10.0
4240,368210,308.0,17,176,0.059023,1.3622,True,False,body,170.0,148.0,-10.0
4241,368604,551.0,28,394,0.058979,1.3672,True,False,body,280.0,281.0,-10.0
4242,368693,159.0,9,89,0.058969,1.3491,True,False,body,90.0,79.0,-10.0
4243,369018,465.0,25,325,0.058932,1.3552,True,False,body,250.0,225.0,-10.0
4244,369108,176.0,11,90,0.058922,1.3819,True,False,wall,110.0,76.0,-10.0
4245,369197,140.0,8,89,0.058912,1.3608,True,False,wall,80.0,70.0,-10.0
4246,369524,485.0,27,327,0.058876,1.394,True,False,wall,270.0,225.0,-10.0
4247,369662,250.0,15,138,0.058861,1.4316,True,False,body,150.0,110.0,-10.0
4248,369762,168.0,9,100,0.05885,1.4408,True,False,wall,90.0,88.0,-10.0
4249,369898,229.0,12,136,0.058835,1.373,True,False,body,120.0,119.0,-10.0
4250,370055,249.0,13,157,0.058817,1.3445,True,False,body,130.0,129.0,-10.0
4251,370314,395.0,21,259,0.058789,1.3583,True,False,body,210.0,195.0,-10.0
4252,370545,375.0,21,231,0.058763,1.4055,True,False,body,210.0,175.0,-10.0
4253,370589,56.0,3,44,0.058759,1.3723,True,False,body,30.0,36.0,-10.0
4254,370761,268.0,13,172,0.05874,1.343,True,False,body,130.0,148.0,-10.0
4255,370786,32.0,2,25,0.058737,1.3656,True,False,wall,20.0,22.0,-10.0
4256,370930,239.0,12,144,0.058721,1.3949,True,False,wall,120.0,129.0,-10.0
4257,371047,263.0,19,117,0.058709,1.2994,True,False,body,190.0,83.0,-10.0
4258,371176,221.0,13,129,0.058695,1.3315,True,False,body,130.0,101.0,-10.0
4259,371776,808.0,43,600,0.05863,1.3894,True,False,body,430.0,388.0,-10.0
4260,371981,334.0,18,205,0.058607,1.4199,True,False,body,180.0,164.0,-10.0
4261,372188,308.0,16,207,0.058585,1.4415,True,False,body,160.0,158.0,-10.0
4262,372420,374.0,19,232,0.05856,1.3853,True,False,body,190.0,194.0,-10.0
4263,372616,325.0,18,196,0.058539,1.5698,True,False,body,180.0,155.0,-10.0
4264,372706,134.0,7,90,0.05853,1.4333,True,False,wall,70.0,74.0,-10.0
4265,372994,434.0,21,288,0.058499,1.3844,True,False,wall,210.0,234.0,-10.0
4266,373098,160.0,9,104,0.058488,1.4108,True,False,wall,90.0,80.0,-10.0
4267,373376,441.0,22,278,0.058459,1.3709,True,False,body,220.0,231.0,-10.0
4268,373469,152.0,8,93,0.058449,1.4018,True,False,wall,80.0,82.0,-10.0
4269,373578,194.0,12,109,0.058437,1.4363,True,False,body,120.0,84.0,-10.0
4270,373688,197.0,12,110,0.058426,1.3776,True,False,wall,120.0,87.0,-10.0
4271,373753,108.0,6,65,0.058419,1.4436,True,False,wall,60.0,58.0,-10.0
4272,373822,119.0,7,69,0.058412,1.4792,True,False,wall,70.0,59.0,-10.0
4273,373884,68.0,3,62,0.058405,1.4071,True,False,wall,30.0,48.0,-10.0
4274,373955,124.0,8,71,0.058398,1.3595,True,False,body,80.0,54.0,-10.0
4275,374044,175.0,11,89,0.058388,1.348,True,False,wall,110.0,75.0,-10.0
4276,374428,592.0,31,384,0.058348,1.3584,True,False,body,310.0,292.0,-10.0
4277,374488,75.0,4,60,0.058342,1.2956,True,False,body,40.0,45.0,-10.0
4278,374575,157.0,9,87,0.058333,1.4758,True,False,wall,90.0,77.0,-10.0
4279,374718,248.0,14,143,0.058318,1.3377,True,False,body,140.0,118.0,-10.0
4280,374853,211.0,11,135,0.058304,1.4206,True,False,body,110.0,111.0,-10.0
4281,374983,210.0,11,130,0.05829,1.4136,True,False,wall,110.0,110.0,-10.0
4282,375024,64.0,4,41,0.058286,1.2727,True,False,wall,40.0,34.0,-10.0
4283,375291,478.0,28,267,0.058259,1.3467,True,False,body,280.0,208.0,-10.0
4284,375607,521.0,28,316,0.058226,1.3808,True,False,body,280.0,251.0,-10.0
4285,375673,103.0,6,66,0.058219,1.3143,True,False,wall,60.0,53.0,-10.0
4286,375932,409.0,21,259,0.058193,1.3647,True,False,body,210.0,209.0,-10.0
4287,376076,267.0,16,144,0.058178,1.4032,True,False,body,160.0,117.0,-10.0
4288,376107,54.0,4,31,0.058175,1.4025,True,False,wall,40.0,24.0,-10.0
4289,376306,334.0,18,199,0.058154,1.3614,True,False,body,180.0,164.0,-10.0
4290,376426,233.0,14,120,0.058142,1.356,True,False,body,140.0,103.0,-10.0
4291,376487,98.0,6,61,0.058136,1.3153,True,False,body,60.0,48.0,-10.0
4292,376571,148.0,9,84,0.058128,1.3614,True,False,wall,90.0,68.0,-10.0
4293,376898,514.0,28,327,0.058094,1.3907,True,False,body,280.0,244.0,-10.0
4294,377164,395.0,20,266,0.058068,1.3821,True,False,wall,200.0,205.0,-10.0
4295,377402,355.0,18,238,0.058044,1.3027,True,False,wall,180.0,185.0,-10.0
4296,377700,463.0,24,298,0.058014,1.369,True,False,body,240.0,233.0,-10.0
4297,377861,284.0,16,161,0.057998,1.423,True,False,body,160.0,134.0,-10.0
4298,378126,424.0,24,265,0.057971,1.4026,True,False,wall,240.0,194.0,-10.0
4299,378220,136.0,7,94,0.057962,1.3991,True,False,wall,70.0,76.0,-10.0
4300,378424,318.0,15,204,0.057941,1.4041,True,False,wall,150.0,178.0,-10.0
4301,378527,180.0,10,103,0.057931,1.3748,True,False,wall,100.0,90.0,-10.0
4302,378658,222.0,12,131,0.057918,1.3801,True,False,wall,120.0,112.0,-10.0
4303,378795,275.0,17,137,0.057905,1.3998,True,False,body,170.0,115.0,-10.0
4304,379104,507.0,27,309,0.057874,1.4291,True,False,wall,270.0,247.0,-10.0
4305,379216,200.0,11,112,0.057863,1.4534,True,False,body,110.0,100.0,-10.0
4306,379484,429.0,20,268,0.057837,1.3796,True,False,wall,200.0,239.0,-10.0
4307,379588,161.0,8,104,0.057827,1.3905,True,False,wall,80.0,91.0,-10.0
4308,379673,133.0,7,85,0.057818,1.372,True,False,wall,70.0,73.0,-10.0
4309,379745,111.0,6,72,0.057811,1.3332,True,False,wall,60.0,61.0,-10.0
4310,379943,344.0,19,198,0.057792,1.3914,True,False,wall,190.0,164.0,-10.0
4311,380030,127.0,7,87,0.057784,1.4666,True,False,body,70.0,67.0,-10.0
4312,380232,355.0,20,202,0.057764,1.4313,True,False,body,200.0,165.0,-10.0
4313,380246,30.0,3,14,0.057763,1.1825,True,False,wall,30.0,10.0,-10.0
4314,380379,207.0,11,133,0.05775,1.3049,True,False,body,110.0,107.0,-10.0
4315,380566,298.0,16,187,0.057732,1.3729,True,False,wall,160.0,148.0,-10.0
4316,380676,174.0,9,110,0.057721,1.293,True,False,body,90.0,94.0,-10.0
4317,381172,693.0,38,496,0.057673,1.3736,True,False,body,380.0,323.0,-10.0
4318,381265,137.0,7,93,0.057664,1.3961,True,False,body,70.0,77.0,-10.0
4319,381670,537.0,29,405,0.057626,1.3814,True,False,body,290.0,257.0,-10.0
4320,381751,140.0,8,81,0.057618,1.5195,True,False,body,80.0,70.0,-10.0
4321,381916,244.0,12,165,0.057602,1.4334,True,False,body,120.0,134.0,-10.0
4322,382120,317.0,16,204,0.057583,1.4008,True,False,body,160.0,167.0,-10.0
4323,382237,199.0,11,117,0.057572,1.3801,True,False,body,110.0,99.0,-10.0
4324,382425,321.0,18,188,0.057554,1.3952,True,False,body,180.0,151.0,-10.0
4325,382609,290.0,15,184,0.057537,1.4548,True,False,wall,150.0,150.0,-10.0
4326,382879,407.0,20,270,0.057511,1.4896,True,False,body,200.0,217.0,-10.0
4327,383038,242.0,14,159,0.057496,1.3596,True,False,wall,140.0,112.0,-10.0
4328,383262,395.0,22,224,0.057475,1.3302,True,False,body,220.0,185.0,-10.0
4329,383367,182.0,12,105,0.057466,1.4366,True,False,wall,120.0,72.0,-10.0
4330,383474,154.0,8,107,0.057456,1.3861,True,False,body,80.0,84.0,-10.0
4331,383540,116.0,7,66,0.057449,1.4277,True,False,body,70.0,56.0,-10.0
4332,383743,331.0,17,203,0.057431,1.3778,True,False,body,170.0,171.0,-10.0
4333,383829,123.0,6,86,0.057423,1.4423,True,False,body,60.0,73.0,-10.0
4334,383850,15.0,1,21,0.057421,1.3509,True,False,wall,10.0,15.0,-10.0
4335,383946,169.0,10,96,0.057412,1.3664,True,False,wall,100.0,79.0,-10.0
4336,383994,71.0,4,48,0.057407,1.5167,True,False,wall,40.0,41.0,-10.0
4337,384232,392.0,23,238,0.057385,1.4124,True,False,body,230.0,172.0,-10.0
4338,384317,131.0,7,85,0.057377,1.3061,True,False,wall,70.0,71.0,-10.0
4339,384459,247.0,14,142,0.057364,1.3892,True,False,body,140.0,117.0,-10.0
4340,384486,32.0,2,27,0.057362,1.4404,True,False,wall,20.0,22.0,-10.0
4341,384708,345.0,18,222,0.057342,1.5074,True,False,body,180.0,175.0,-10.0
4342,385018,497.0,26,310,0.057313,1.4647,True,False,wall,260.0,247.0,-10.0
4343,385108,140.0,7,90,0.057305,1.498,True,False,body,70.0,80.0,-10.0
4344,385468,570.0,29,360,0.057272,1.4083,True,False,body,290.0,290.0,-10.0
4345,385712,342.0,19,244,0.05725,1.4618,True,False,body,190.0,162.0,-10.0
4346,385797,136.0,8,85,0.057242,1.4108,True,False,wall,80.0,66.0,-10.0
4347,386012,367.0,19,215,0.057223,1.4203,True,False,body,190.0,187.0,-10.0
4348,386252,431.0,26,240,0.057201,1.4925,True,False,body,260.0,181.0,-10.0
4349,386414,286.0,17,162,0.057187,1.4049,True,False,body,170.0,126.0,-10.0
4350,386433,26.0,2,19,0.057185,1.5001,True,False,wall,20.0,16.0,-10.0
4351,386634,319.0,17,201,0.057167,1.4404,True,False,body,170.0,159.0,-10.0
4352,386742,172.0,9,108,0.057157,1.3921,True,False,body,90.0,92.0,-10.0
4353,386919,293.0,15,177,0.057141,1.3616,True,False,wall,150.0,153.0,-10.0
4354,386992,123.0,7,73,0.057135,1.5175,True,False,body,70.0,63.0,-10.0
4355,387006,1.0,0,14,0.057134,1.1461,True,False,wall,0.0,11.0,-10.0
4356,387225,353.0,17,219,0.057114,1.4161,True,False,body,170.0,193.0,-10.0
4357,387396,316.0,18,171,0.057099,1.4068,True,False,body,180.0,146.0,-10.0
4358,387566,271.0,14,170,0.057084,1.3276,True,False,body,140.0,141.0,-10.0
4359,387703,228.0,12,137,0.057072,1.4271,True,False,body,120.0,118.0,-10.0
4360,387803,139.0,6,100,0.057063,1.4207,True,False,wall,60.0,89.0,-10.0
4361,387905,157.0,8,102,0.057054,1.3909,True,False,wall,80.0,87.0,-10.0
4362,388072,275.0,15,167,0.057039,1.4046,True,False,wall,150.0,135.0,-10.0
4363,388147,121.0,7,75,0.057033,1.415,True,False,body,70.0,61.0,-10.0
4364,388510,504.0,24,363,0.057001,1.3732,True,False,body,240.0,274.0,-10.0
4365,388711,335.0,19,201,0.056983,1.3923,True,False,wall,190.0,155.0,-10.0
4366,388859,257.0,14,148,0.05697,1.5199,True,False,wall,140.0,127.0,-10.0
4367,389009,289.0,18,150,0.056957,1.398,True,False,body,180.0,119.0,-10.0
4368,389197,314.0,17,188,0.056941,1.4403,True,False,body,170.0,154.0,-10.0
4369,389474,443.0,23,277,0.056917,1.435,True,False,wall,230.0,223.0,-10.0
4370,389718,385.0,20,244,0.056896,1.4299,True,False,body,200.0,195.0,-10.0
4371,390013,495.0,27,295,0.05687,1.3501,True,False,wall,270.0,235.0,-10.0
4372,390397,547.0,30,384,0.056838,1.4397,True,False,body,300.0,257.0,-10.0
4373,390531,216.0,11,134,0.056826,1.3854,True,False,body,110.0,116.0,-10.0
4374,390651,215.0,12,120,0.056816,1.3789,True,False,wall,120.0,105.0,-10.0
4375,390718,108.0,6,67,0.05681,1.4214,True,False,body,60.0,58.0,-10.0
4376,390942,352.0,19,224,0.056791,1.4086,True,False,body,190.0,172.0,-10.0
4377,391009,110.0,6,67,0.056785,1.288,True,False,wall,60.0,60.0,-10.0
4378,391211,322.0,17,202,0.056768,1.358,True,False,body,170.0,162.0,-10.0
4379,391244,38.0,2,33,0.056766,1.3438,True,False,wall,20.0,28.0,-10.0
4380,391280,52.0,3,36,0.056763,1.3746,True,False,wall,30.0,32.0,-10.0
4381,391375,168.0,10,95,0.056754,1.4681,True,False,body,100.0,78.0,-10.0
4382,391622,411.0,23,247,0.056734,1.4375,True,False,wall,230.0,191.0,-10.0
4383,391672,80.0,5,50,0.056729,1.4853,True,False,body,50.0,40.0,-10.0
4384,391939,442.0,22,267,0.056707,1.4459,True,False,body,220.0,232.0,-10.0
4385,392046,180.0,10,107,0.056698,1.4076,True,False,wall,100.0,90.0,-10.0
4386,392422,592.0,31,376,0.056667,1.4575,True,False,body,310.0,292.0,-10.0
4387,392726,479.0,26,304,0.056641,1.4138,True,False,body,260.0,229.0,-10.0
4388,392870,226.0,11,144,0.056629,1.5107,True,False,wall,110.0,126.0,-10.0
4389,393213,582.0,30,343,0.056601,1.4645,True,False,body,300.0,292.0,-10.0
4390,393268,87.0,5,55,0.056597,1.4338,True,False,wall,50.0,47.0,-10.0
4391,393295,52.0,4,27,0.056594,1.4233,True,False,wall,40.0,22.0,-10.0
4392,393595,501.0,26,300,0.05657,1.5532,True,False,body,260.0,251.0,-10.0
4393,393839,391.0,20,244,0.05655,1.4337,True,False,body,200.0,201.0,-10.0
4394,394123,497.0,26,284,0.056526,1.402,True,False,body,260.0,247.0,-10.0
4395,394443,516.0,25,320,0.0565,1.3995,True,False,wall,250.0,276.0,-10.0
4396,394686,398.0,20,243,0.056481,1.3758,True,False,body,200.0,208.0,-10.0
4397,394809,236.0,14,123,0.056471,1.3429,True,False,wall,140.0,106.0,-10.0
4398,395015,372.0,21,206,0.056454,1.4811,True,False,body,210.0,172.0,-10.0
4399,395162,250.0,14,147,0.056442,1.4291,True,False,body,140.0,120.0,-10.0
4400,395542,582.0,31,380,0.056412,1.3705,True,False,body,310.0,282.0,-10.0
4401,395589,59.0,3,47,0.056408,1.3555,True,False,wall,30.0,39.0,-10.0
4402,395647,86.0,5,58,0.056403,1.5309,True,False,wall,50.0,46.0,-10.0
4403,396005,530.0,29,358,0.056375,1.4186,True,False,body,290.0,250.0,-10.0
4404,396060,78.0,4,55,0.05637,1.3403,True,False,wall,40.0,48.0,-10.0
4405,396357,479.0,25,297,0.056347,1.4367,True,False,body,250.0,239.0,-10.0
4406,396648,444.0,26,291,0.056324,1.4681,True,False,body,260.0,194.0,-10.0
4407,396947,488.0,24,299,0.0563,1.3898,True,False,body,240.0,258.0,-10.0
4408,397018,95.0,5,71,0.056294,1.328,True,False,body,50.0,55.0,-10.0
4409,397109,164.0,10,91,0.056287,1.361,True,False,body,100.0,74.0,-10.0
4410,397353,401.0,22,244,0.056268,1.4287,True,False,body,220.0,191.0,-10.0
4411,397580,379.0,21,227,0.05625,1.4615,True,False,body,210.0,179.0,-10.0
4412,397596,32.0,3,16,0.056249,1.5177,True,False,wall,30.0,12.0,-10.0
4413,397675,123.0,7,79,0.056243,1.3662,True,False,body,70.0,63.0,-10.0
4414,397954,442.0,24,279,0.056221,1.4241,True,False,body,240.0,212.0,-10.0
4415,398009,85.0,5,55,0.056217,1.4165,True,False,wall,50.0,45.0,-10.0
4416,398113,142.0,7,104,0.056209,1.4866,True,False,wall,70.0,82.0,-10.0
4417,398544,628.0,32,431,0.056176,1.4529,True,False,body,320.0,318.0,-10.0
4418,398623,143.0,9,79,0.056169,1.4093,True,False,body,90.0,63.0,-10.0
4419,398715,150.0,9,92,0.056162,1.4658,True,False,body,90.0,70.0,-10.0
4420,399061,484.0,21,346,0.056136,1.4631,True,False,body,210.0,284.0,-10.0
4421,399230,271.0,15,169,0.056123,1.3636,True,False,wall,150.0,131.0,-10.0
4422,399288,93.0,6,58,0.056118,1.2439,True,False,wall,60.0,43.0,-10.0
4423,399671,580.0,32,383,0.056089,1.4378,True,False,body,320.0,270.0,-10.0
4424,399748,137.0,9,77,0.056083,1.457,True,False,wall,90.0,57.0,-10.0
4425,399929,282.0,14,181,0.05607,1.43,True,False,wall,140.0,152.0,-10.0
4426,400179,402.0,21,250,0.056051,1.4855,True,False,body,210.0,202.0,-10.0
4427,400435,447.0,24,256,0.056031,1.3885,True,False,body,240.0,217.0,-10.0
4428,400699,447.0,24,264,0.056011,1.4332,True,False,body,240.0,217.0,-10.0
4429,401101,584.0,31,402,0.055981,1.4249,True,False,body,310.0,284.0,-10.0
4430,401361,400.0,21,260,0.055962,1.4173,True,False,body,210.0,200.0,-10.0
4431,401510,228.0,12,149,0.055951,1.3843,True,False,body,120.0,118.0,-10.0
4432,401529,22.0,2,19,0.055949,1.7258,True,False,wall,20.0,12.0,-10.0
4433,401768,382.0,20,239,0.055932,1.4255,True,False,body,200.0,192.0,-10.0
4434,402217,671.0,35,449,0.055898,1.4689,True,False,wall,350.0,331.0,-10.0
4435,402479,399.0,20,262,0.055879,1.4176,True,False,body,200.0,209.0,-10.0
4436,402493,10.0,1,14,0.055878,1.6124,True,False,wall,10.0,10.0,-10.0
4437,402966,679.0,33,473,0.055843,1.4837,True,False,body,330.0,359.0,-10.0
4438,403115,266.0,16,149,0.055833,1.4581,True,False,body,160.0,116.0,-10.0
4439,403248,251.0,15,133,0.055823,1.4286,True,False,body,150.0,111.0,-10.0
4440,403611,542.0,28,363,0.055797,1.4728,True,False,wall,280.0,272.0,-10.0
4441,403832,362.0,20,221,0.055781,1.4578,True,False,body,200.0,172.0,-10.0
4442,404226,633.0,32,394,0.055752,1.4184,True,False,body,320.0,323.0,-10.0
4443,404238,10.0,1,12,0.055751,1.3889,True,False,wall,10.0,10.0,-10.0
4444,404349,178.0,10,111,0.055743,1.4878,True,False,wall,100.0,88.0,-10.0
4445,404562,345.0,19,213,0.055728,1.4402,True,False,body,190.0,165.0,-10.0
4446,404942,588.0,31,380,0.055701,1.4963,True,False,body,310.0,288.0,-10.0
4447,405102,282.0,17,160,0.055689,1.4776,True,False,body,170.0,122.0,-10.0
4448,405281,246.0,14,179,0.055677,1.4514,True,False,body,140.0,116.0,-10.0
4449,405347,81.0,4,66,0.055672,1.5502,True,False,body,40.0,51.0,-10.0
4450,405421,115.0,6,74,0.055667,1.5217,True,False,wall,60.0,65.0,-10.0
4451,405447,38.0,3,26,0.055665,1.5653,True,False,wall,30.0,18.0,-10.0
4452,405651,302.0,15,204,0.055651,1.4291,True,False,body,150.0,162.0,-10.0
4453,405698,75.0,5,47,0.055647,1.355,True,False,body,50.0,35.0,-10.0
4454,405889,313.0,17,191,0.055634,1.4256,True,False,body,170.0,153.0,-10.0
4455,406069,349.0,20,180,0.055621,1.4776,True,False,wall,200.0,159.0,-10.0
4456,406222,269.0,15,153,0.05561,1.4738,True,False,body,150.0,129.0,-10.0
4457,406429,366.0,20,207,0.055596,1.4672,True,False,body,200.0,176.0,-10.0
4458,406452,21.0,1,23,0.055594,1.3101,True,False,wall,10.0,21.0,-10.0
4459,406665,354.0,18,213,0.055579,1.582,True,False,wall,180.0,184.0,-10.0
4460,406916,427.0,23,251,0.055562,1.5067,True,False,body,230.0,207.0,-10.0
4461,407171,445.0,25,255,0.055544,1.4704,True,False,body,250.0,205.0,-10.0
4462,407460,471.0,25,289,0.055524,1.3923,True,False,body,250.0,231.0,-10.0
4463,407570,177.0,10,110,0.055517,1.478,True,False,body,100.0,87.0,-10.0
4464,407582,8.0,1,12,0.055516,1.1848,True,False,wall,10.0,8.0,-10.0
4465,407682,175.0,10,100,0.055509,1.3028,True,False,body,100.0,85.0,-10.0
4466,407791,195.0,11,109,0.055501,1.4595,True,False,body,110.0,95.0,-10.0
4467,407947,288.0,17,156,0.055491,1.354,True,False,wall,170.0,128.0,-10.0
4468,408292,586.0,32,345,0.055467,1.3793,True,False,body,320.0,276.0,-10.0
4469,408469,280.0,14,177,0.055455,1.4604,True,False,wall,140.0,150.0,-10.0
4470,408777,487.0,26,308,0.055434,1.4121,True,False,body,260.0,237.0,-10.0
4471,409081,439.0,22,304,0.055413,1.4668,True,False,wall,220.0,229.0,-10.0
4472,409120,44.0,2,39,0.055411,1.4454,True,False,wall,20.0,34.0,-10.0
4473,409407,472.0,26,287,0.055391,1.4782,True,False,body,260.0,222.0,-10.0
4474,409675,451.0,26,268,0.055373,1.4131,True,False,wall,260.0,201.0,-10.0
4475,410021,532.0,29,346,0.05535,1.7074,True,False,wall,290.0,252.0,-10.0
4476,410183,267.0,14,162,0.055339,1.5854,True,False,wall,140.0,137.0,-10.0
4477,410446,425.0,21,263,0.055322,1.4667,True,False,body,210.0,225.0,-10.0
4478,410658,384.0,23,212,0.055308,1.4241,True,False,wall,230.0,164.0,-10.0
4479,410742,123.0,6,84,0.055302,1.4587,True,False,wall,60.0,73.0,-10.0
4480,411140,612.0,33,398,0.055276,1.462,True,False,body,330.0,292.0,-10.0
4481,411152,10.0,1,12,0.055275,1.5058,True,False,wall,10.0,10.0,-10.0
4482,411257,194.0,12,105,0.055268,1.5354,True,False,body,120.0,84.0,-10.0
4483,411584,489.0,25,327,0.055247,1.4711,True,False,wall,250.0,249.0,-10.0
4484,411698,167.0,8,114,0.055239,1.4572,True,False,body,80.0,97.0,-10.0
4485,411961,456.0,24,263,0.055222,1.4883,True,False,body,240.0,226.0,-10.0
4486,412174,301.0,15,213,0.055208,1.5302,True,False,body,150.0,161.0,-10.0
4487,412408,356.0,19,234,0.055193,1.444,True,False,body,190.0,176.0,-10.0
4488,412723,484.0,24,315,0.055173,1.4241,True,False,wall,240.0,254.0,-10.0
4489,412959,337.0,18,236,0.055157,1.4241,True,False,body,180.0,167.0,-10.0
4490,413243,465.0,24,284,0.055139,1.3708,True,False,body,240.0,235.0,-10.0
4491,413444,284.0,16,201,0.055126,1.5103,True,False,body,160.0,134.0,-10.0
4492,413489,66.0,4,45,0.055123,1.5635,True,False,body,40.0,36.0,-10.0
4493,413805,517.0,26,316,0.055103,1.4869,True,False,body,260.0,267.0,-10.0
4494,413926,203.0,11,121,0.055095,1.3946,True,False,body,110.0,103.0,-10.0
4495,413949,28.0,2,23,0.055094,1.5329,True,False,wall,20.0,18.0,-10.0
4496,414313,584.0,33,364,0.055071,1.4495,True,False,body,330.0,264.0,-10.0
4497,414402,126.0,8,89,0.055065,1.4095,True,False,body,80.0,56.0,-10.0
4498,414595,298.0,16,193,0.055053,1.4024,True,False,body,160.0,148.0,-10.0
4499,414715,205.0,12,120,0.055045,1.4932,True,False,body,120.0,95.0,-10.0
4500,415013,494.0,27,298,0.055027,1.5073,True,False,wall,270.0,234.0,-10.0
4501,415252,354.0,20,239,0.055012,1.4714,True,False,body,200.0,164.0,-10.0
4502,415437,315.0,17,185,0.055,1.4888,True,False,body,170.0,155.0,-10.0
4503,415752,452.0,22,315,0.05498,1.5292,True,False,body,220.0,242.0,-10.0
4504,415847,157.0,9,95,0.054974,1.6209,True,False,wall,90.0,77.0,-10.0
4505,415892,77.0,5,45,0.054972,1.5273,True,False,body,50.0,37.0,-10.0
4506,415973,116.0,6,81,0.054967,1.6154,True,False,wall,60.0,66.0,-10.0
4507,416023,62.0,3,50,0.054963,1.4499,True,False,body,30.0,42.0,-10.0
4508,416267,388.0,19,244,0.054948,1.4571,True,False,body,190.0,208.0,-10.0
4509,416558,454.0,24,291,0.05493,1.5232,True,False,body,240.0,224.0,-10.0
4510,416735,313.0,17,177,0.05492,1.4917,True,False,body,170.0,153.0,-10.0
4511,416981,375.0,18,246,0.054904,1.4587,True,False,body,180.0,205.0,-10.0
4512,417203,344.0,19,222,0.054891,1.4891,True,False,body,190.0,164.0,-10.0
4513,417425,334.0,17,222,0.054877,1.5771,True,False,body,170.0,174.0,-10.0
4514,417548,222.0,14,123,0.05487,1.485,True,False,body,140.0,92.0,-10.0
4515,417730,323.0,18,182,0.054859,1.3533,True,False,body,180.0,153.0,-10.0
4516,417866,221.0,12,136,0.05485,1.4773,True,False,body,120.0,111.0,-10.0
4517,417880,8.0,1,14,0.05485,1.4964,True,False,wall,10.0,8.0,-10.0
4518,418030,241.0,14,150,0.054841,1.4238,True,False,wall,140.0,111.0,-10.0
4519,418113,151.0,9,83,0.054835,1.3585,True,False,wall,90.0,71.0,-10.0
4520,418629,683.0,38,516,0.054804,1.4463,True,False,body,380.0,313.0,-10.0
4521,418839,332.0,17,210,0.054792,1.493,True,False,body,170.0,172.0,-10.0
4522,418915,126.0,7,76,0.054787,1.5087,True,False,wall,70.0,66.0,-10.0
4523,419034,198.0,10,119,0.05478,1.4766,True,False,body,100.0,108.0,-10.0
4524,419331,456.0,22,297,0.054762,1.517,True,False,body,220.0,246.0,-10.0
4525,419546,350.0,18,215,0.05475,1.4812,True,False,wall,180.0,180.0,-10.0
4526,419755,318.0,16,209,0.054737,1.4328,True,False,body,160.0,168.0,-10.0
4527,419835,139.0,8,80,0.054733,1.4487,True,False,wall,80.0,69.0,-10.0
4528,419875,47.0,2,40,0.05473,1.444,True,False,wall,20.0,37.0,-10.0
4529,420103,369.0,20,228,0.054717,1.4983,True,False,wall,200.0,179.0,-10.0
4530,420146,55.0,3,43,0.054714,1.3714,True,False,wall,30.0,35.0,-10.0
4531,420504,586.0,29,358,0.054693,1.3792,True,False,wall,290.0,306.0,-10.0
4532,420770,460.0,25,266,0.054678,1.3941,True,False,wall,250.0,220.0,-10.0
4533,420936,280.0,15,166,0.054668,1.3918,True,False,body,150.0,140.0,-10.0
4534,421116,273.0,16,180,0.054657,1.4293,True,False,wall,160.0,123.0,-10.0
4535,421237,186.0,10,121,0.05465,1.3857,True,False,wall,100.0,96.0,-10.0
4536,421414,287.0,15,177,0.05464,1.4107,True,False,wall,150.0,147.0,-10.0
4537,421471,81.0,5,57,0.054637,1.4867,True,False,wall,50.0,41.0,-10.0
4538,421620,237.0,13,149,0.054628,1.3556,True,False,body,130.0,117.0,-10.0
4539,421738,193.0,10,118,0.054621,1.3617,True,False,body,100.0,103.0,-10.0
4540,421987,419.0,23,249,0.054607,1.3952,True,False,wall,230.0,199.0,-10.0
4541,422129,211.0,10,142,0.054599,1.4519,True,False,wall,100.0,121.0,-10.0
4542,422332,326.0,16,203,0.054587,1.3617,True,False,body,160.0,176.0,-10.0
4543,422740,643.0,34,408,0.054564,1.4017,True,False,body,340.0,313.0,-10.0
4544,422936,310.0,17,196,0.054553,1.3869,True,False,wall,170.0,150.0,-10.0
4545,423465,806.0,40,529,0.054523,1.4004,True,False,wall,400.0,416.0,-10.0
4546,423593,206.0,11,128,0.054515,1.4144,True,False,wall,110.0,106.0,-10.0
4547,424006,649.0,33,413,0.054492,1.3892,True,False,body,330.0,329.0,-10.0
4548,424036,44.0,3,30,0.05449,1.4428,True,False,wall,30.0,24.0,-10.0
4549,424188,256.0,13,152,0.054482,1.405,True,False,body,130.0,136.0,-10.0
4550,424315,214.0,12,127,0.054475,1.4054,True,False,wall,120.0,104.0,-10.0
4551,424626,478.0,22,311,0.054457,1.3964,True,False,body,220.0,268.0,-10.0
4552,424773,244.0,14,147,0.054449,1.3813,True,False,wall,140.0,114.0,-10.0
4553,425061,486.0,27,288,0.054433,1.4924,True,False,wall,270.0,226.0,-10.0
4554,425283,393.0,22,222,0.054421,1.4203,True,False,body,220.0,183.0,-10.0
4555,425521,434.0,25,238,0.054408,1.3788,True,False,body,250.0,194.0,-10.0
4556,425793,458.0,23,272,0.054393,1.4468,True,False,wall,230.0,238.0,-10.0
4557,425998,319.0,17,205,0.054382,1.3349,True,False,body,170.0,159.0,-10.0
4558,426268,446.0,23,270,0.054367,1.4793,True,False,wall,230.0,226.0,-10.0
4559,426645,594.0,30,377,0.054346,1.3628,True,False,wall,300.0,304.0,-10.0
4560,426892,389.0,21,247,0.054333,1.402,True,False,body,210.0,189.0,-10.0
4561,427316,575.0,28,424,0.05431,1.3988,True,False,body,280.0,305.0,-10.0
4562,427565,406.0,20,249,0.054297,1.4594,True,False,wall,200.0,216.0,-10.0
4563,427587,29.0,2,22,0.054295,1.6534,True,False,wall,20.0,19.0,-10.0
4564,427815,441.0,26,228,0.054283,1.4172,True,False,body,260.0,191.0,-10.0
4565,427990,300.0,16,175,0.054274,1.4682,True,False,body,160.0,150.0,-10.0
4566,428227,408.0,22,237,0.054261,1.403,True,False,body,220.0,198.0,-10.0
4567,428499,410.0,19,272,0.054247,1.346,True,False,body,190.0,230.0,-10.0
4568,428623,175.0,8,124,0.05424,1.335,True,False,wall,80.0,105.0,-10.0
4569,428687,104.0,7,64,0.054237,1.3791,True,False,body,70.0,44.0,-10.0
4570,428760,114.0,6,73,0.054233,1.3837,True,False,wall,60.0,64.0,-10.0
4571,429110,540.0,25,350,0.054214,1.4125,True,False,body,250.0,300.0,-10.0
4572,429392,468.0,23,282,0.0542,1.4007,True,False,body,230.0,248.0,-10.0
4573,429671,438.0,24,279,0.054185,1.3945,True,False,body,240.0,208.0,-10.0
4574,429730,85.0,5,59,0.054182,1.3448,True,False,body,50.0,45.0,-10.0
4575,429958,357.0,20,228,0.05417,1.4103,True,False,body,200.0,167.0,-10.0
4576,430050,145.0,8,92,0.054165,1.4393,True,False,body,80.0,75.0,-10.0
4577,430226,292.0,17,176,0.054156,1.4239,True,False,wall,170.0,132.0,-10.0
4578,430301,108.0,6,75,0.054152,1.4395,True,False,wall,60.0,58.0,-10.0
4579,430333,48.0,3,32,0.054151,1.3003,True,False,wall,30.0,28.0,-10.0
4580,430614,410.0,22,281,0.054136,1.3931,True,False,body,220.0,200.0,-10.0
4581,430806,309.0,16,192,0.054126,1.5701,True,False,body,160.0,159.0,-10.0
4582,430985,284.0,16,179,0.054117,1.3875,True,False,body,160.0,134.0,-10.0
4583,431337,521.0,28,352,0.054099,1.3617,True,False,body,280.0,251.0,-10.0
4584,431404,99.0,5,67,0.054095,1.4899,True,False,wall,50.0,59.0,-10.0
4585,431469,94.0,6,65,0.054092,1.4045,True,False,wall,60.0,44.0,-10.0
4586,431569,173.0,10,100,0.054087,1.3088,True,False,wall,100.0,83.0,-10.0
4587,431854,451.0,23,285,0.054072,1.4393,True,False,body,230.0,231.0,-10.0
4588,431996,238.0,13,142,0.054065,1.4332,True,False,body,130.0,118.0,-10.0
4589,432278,443.0,22,282,0.054051,1.3638,True,False,body,220.0,233.0,-10.0
4590,432567,407.0,21,289,0.054036,1.4321,True,False,body,210.0,207.0,-10.0
4591,432731,266.0,15,164,0.054028,1.3891,True,False,wall,150.0,126.0,-10.0
4592,433113,529.0,28,382,0.054009,1.4502,True,False,body,280.0,259.0,-10.0
4593,433196,126.0,6,83,0.054005,1.4316,True,False,wall,60.0,76.0,-10.0
4594,433336,236.0,13,140,0.053998,1.4253,True,False,body,130.0,116.0,-10.0
4595,433486,250.0,13,150,0.05399,1.4495,True,False,wall,130.0,130.0,-10.0
4596,433833,502.0,26,347,0.053973,1.4229,True,False,body,260.0,252.0,-10.0
4597,434165,591.0,34,332,0.053956,1.4434,True,False,body,340.0,261.0,-10.0
4598,434276,189.0,11,111,0.053951,1.4493,True,False,body,110.0,89.0,-10.0
4599,434390,181.0,10,114,0.053945,1.3129,True,False,body,100.0,91.0,-10.0
4600,434457,97.0,5,67,0.053942,1.3981,True,False,wall,50.0,57.0,-10.0
4601,434659,311.0,18,202,0.053932,1.4571,True,False,wall,180.0,141.0,-10.0
4602,434721,110.0,7,62,0.053929,1.3475,True,False,body,70.0,50.0,-10.0
4603,434732,0.0,0,11,0.053928,1.4579,True,False,wall,0.0,10.0,-10.0
4604,434886,273.0,16,154,0.053921,1.4038,True,False,wall,160.0,123.0,-10.0
4605,434987,168.0,10,101,0.053916,1.3622,True,False,body,100.0,78.0,-10.0
4606,435387,592.0,33,400,0.053896,1.4159,True,False,body,330.0,272.0,-10.0
4607,435518,226.0,12,131,0.05389,1.4323,True,False,body,120.0,116.0,-10.0
4608,435554,39.0,2,36,0.053888,1.5348,True,False,wall,20.0,29.0,-10.0
4609,435751,322.0,16,197,0.053879,1.4736,True,False,body,160.0,172.0,-10.0
4610,435835,146.0,9,84,0.053875,1.383,True,False,wall,90.0,66.0,-10.0
4611,435867,35.0,2,32,0.053873,1.3876,True,False,wall,20.0,25.0,-10.0
4612,436086,352.0,18,219,0.053863,1.4015,True,False,body,180.0,182.0,-10.0
4613,436312,356.0,19,226,0.053852,1.4427,True,False,wall,190.0,176.0,-10.0
4614,436424,179.0,10,112,0.053846,1.4643,True,False,wall,100.0,89.0,-10.0
4615,436614,318.0,17,190,0.053837,1.3734,True,False,body,170.0,158.0,-10.0
4616,436744,201.0,10,130,0.053831,1.4049,True,False,wall,100.0,111.0,-10.0
4617,436931,304.0,16,187,0.053822,1.381,True,False,wall,160.0,154.0,-10.0
4618,437162,344.0,18,231,0.053811,1.3791,True,False,body,180.0,174.0,-10.0
4619,437371,344.0,20,209,0.053801,1.3925,True,False,body,200.0,154.0,-10.0
4620,437480,198.0,12,109,0.053796,1.4191,True,False,body,120.0,88.0,-10.0
4621,437796,482.0,25,316,0.053781,1.3965,True,False,body,250.0,242.0,-10.0
4622,438066,422.0,23,270,0.053768,1.4526,True,False,wall,230.0,202.0,-10.0
4623,438216,245.0,14,150,0.053761,1.4585,True,False,body,140.0,115.0,-10.0
4624,438303,142.0,8,87,0.053757,1.3864,True,False,wall,80.0,72.0,-10.0
4625,438577,430.0,21,274,0.053744,1.4491,True,False,body,210.0,230.0,-10.0
4626,438706,181.0,9,129,0.053738,1.4527,True,False,wall,90.0,101.0,-10.0
4627,438880,286.0,15,174,0.05373,1.459,True,False,body,150.0,146.0,-10.0
4628,439121,411.0,23,241,0.053719,1.5506,True,False,body,230.0,191.0,-10.0
4629,439338,339.0,17,217,0.053709,1.4268,True,False,body,170.0,179.0,-10.0
4630,439501,284.0,16,163,0.053701,1.4932,True,False,body,160.0,134.0,-10.0
4631,439620,228.0,14,119,0.053696,1.4361,True,False,wall,140.0,98.0,-10.0
4632,439872,352.0,17,252,0.053684,1.4225,True,False,body,170.0,192.0,-10.0
4633,439886,12.0,1,14,0.053683,1.2445,True,False,wall,10.0,12.0,-10.0
4634,440100,362.0,19,214,0.053673,1.4085,True,False,body,190.0,182.0,-10.0
4635,440267,272.0,14,167,0.053666,1.4515,True,False,body,140.0,142.0,-10.0
4636,440327,121.0,8,60,0.053663,1.3697,True,False,body,80.0,51.0,-10.0
4637,440539,336.0,19,212,0.053653,1.3858,True,False,wall,190.0,156.0,-10.0
4638,440687,240.0,13,148,0.053647,1.4037,True,False,body,130.0,120.0,-10.0
4639,440713,42.0,3,26,0.053645,1.5403,True,False,wall,30.0,22.0,-10.0
4640,440965,439.0,24,252,0.053634,1.3561,True,False,body,240.0,209.0,-10.0
4641,441134,272.0,16,169,0.053626,1.3674,True,False,body,160.0,122.0,-10.0
4642,441428,486.0,25,294,0.053613,1.4939,True,False,body,250.0,246.0,-10.0
4643,441752,499.0,28,324,0.053598,1.4952,True,False,body,280.0,229.0,-10.0
4644,441939,320.0,18,187,0.05359,1.4403,True,False,body,180.0,150.0,-10.0
4645,442304,556.0,28,365,0.053574,1.4722,True,False,wall,280.0,286.0,-10.0
4646,442494,314.0,17,190,0.053565,1.4147,True,False,wall,170.0,154.0,-10.0
4647,442540,85.0,6,46,0.053563,1.5081,True,False,wall,60.0,35.0,-10.0
4648,442968,654.0,35,428,0.053544,1.5111,True,False,body,350.0,314.0,-10.0
4649,443203,411.0,23,235,0.053534,1.4548,True,False,wall,230.0,191.0,-10.0
4650,443306,168.0,10,103,0.053529,1.5487,True,False,body,100.0,78.0,-10.0
4651,443684,561.0,28,378,0.053513,1.4177,True,False,body,280.0,291.0,-10.0
4652,443964,435.0,24,280,0.0535,1.5044,True,False,body,240.0,205.0,-10.0
4653,444221,457.0,25,257,0.053489,1.5358,True,False,body,250.0,217.0,-10.0
4654,444393,308.0,17,172,0.053482,1.4385,True,False,body,170.0,148.0,-10.0
4655,444428,29.0,1,35,0.05348,1.592,True,False,wall,10.0,29.0,-10.0
4656,444769,507.0,27,341,0.053465,1.4524,True,False,wall,270.0,247.0,-10.0
4657,445144,560.0,28,375,0.053449,1.4993,True,False,body,280.0,290.0,-10.0
4658,445412,396.0,21,268,0.053438,1.516,True,False,body,210.0,196.0,-10.0
4659,445699,515.0,29,287,0.053425,1.5826,True,False,body,290.0,235.0,-10.0
4660,445737,61.0,4,38,0.053424,1.6494,True,False,body,40.0,31.0,-10.0
4661,445765,40.0,3,28,0.053422,1.6337,True,False,wall,30.0,20.0,-10.0
4662,445785,18.0,1,20,0.053422,1.4455,True,False,wall,10.0,18.0,-10.0
4663,445988,321.0,15,203,0.053413,1.5213,True,False,wall,150.0,181.0,-10.0
4664,446011,46.0,4,23,0.053412,1.5247,True,False,body,40.0,16.0,-10.0
4665,446169,248.0,13,158,0.053405,1.4629,True,False,wall,130.0,128.0,-10.0
4666,446441,435.0,24,272,0.053394,1.4345,True,False,body,240.0,205.0,-10.0
4667,446741,455.0,22,300,0.053381,1.4795,True,False,body,220.0,245.0,-10.0
4668,446758,13.0,1,17,0.05338,1.3334,True,False,wall,10.0,13.0,-10.0
4669,446899,243.0,13,141,0.053374,1.4389,True,False,wall,130.0,123.0,-10.0
4670,446915,21.0,2,16,0.053374,1.3881,True,False,wall,20.0,11.0,-10.0
4671,447032,192.0,10,117,0.053369,1.4825,True,False,wall,100.0,102.0,-10.0
4672,447105,125.0,7,73,0.053366,1.5053,True,False,body,70.0,65.0,-10.0
4673,447427,492.0,27,322,0.053352,1.4197,True,False,wall,270.0,232.0,-10.0
4674,447552,199.0,11,125,0.053347,1.4054,True,False,body,110.0,99.0,-10.0
4675,447922,572.0,29,370,0.053331,1.4108,True,False,body,290.0,292.0,-10.0
4676,448231,539.0,31,309,0.053318,1.4848,True,False,body,310.0,239.0,-10.0
4677,448430,305.0,15,199,0.05331,1.4131,True,False,body,150.0,165.0,-10.0
4678,448531,163.0,9,101,0.053306,1.4606,True,False,wall,90.0,83.0,-10.0
4679,448760,387.0,21,229,0.053297,1.4608,True,False,body,210.0,187.0,-10.0
4680,448939,292.0,18,179,0.053289,1.5235,True,False,body,180.0,122.0,-10.0
4681,449044,160.0,8,105,0.053285,1.5342,True,False,body,80.0,90.0,-10.0
4682,449384,525.0,28,340,0.053271,1.4878,True,False,body,280.0,255.0,-10.0
4683,449449,124.0,8,65,0.053268,1.5046,True,False,body,80.0,54.0,-10.0
4684,449605,270.0,15,156,0.053262,1.5633,True,False,body,150.0,130.0,-10.0
4685,449792,269.0,15,187,0.053254,1.5193,True,False,wall,150.0,129.0,-10.0
4686,450150,589.0,30,358,0.05324,1.3906,True,False,body,300.0,299.0,-10.0
4687,450490,570.0,31,340,0.053226,1.5044,True,False,body,310.0,270.0,-10.0
4688,450683,325.0,17,193,0.053218,1.4883,True,False,body,170.0,165.0,-10.0
4689,451097,577.0,32,414,0.053202,1.4202,True,False,body,320.0,267.0,-10.0
4690,451196,185.0,11,99,0.053198,1.4692,True,False,body,110.0,85.0,-10.0
4691,451368,282.0,15,172,0.053191,1.4689,True,False,wall,150.0,142.0,-10.0
4692,451709,541.0,29,341,0.053177,1.4888,True,False,body,290.0,261.0,-10.0
4693,451838,207.0,11,129,0.053172,1.6326,True,False,body,110.0,107.0,-10.0
4694,452089,430.0,24,251,0.053162,1.5683,True,False,body,240.0,200.0,-10.0
4695,452454,601.0,35,365,0.053148,1.5007,True,False,wall,350.0,261.0,-10.0
4696,452769,497.0,27,315,0.053135,1.4742,True,False,body,270.0,237.0,-10.0
4697,452870,163.0,9,101,0.053132,1.401,True,False,body,90.0,83.0,-10.0
4698,452898,24.0,1,28,0.05313,1.5719,True,False,wall,10.0,24.0,-10.0
4699,453077,280.0,14,179,0.053123,1.4052,True,False,body,140.0,150.0,-10.0
4700,453191,183.0,10,114,0.053119,1.4586,True,False,wall,100.0,93.0,-10.0
4701,453411,382.0,21,220,0.05311,1.4204,True,False,wall,210.0,182.0,-10.0
4702,453512,156.0,10,101,0.053106,1.4521,True,False,body,100.0,66.0,-10.0
4703,453563,81.0,5,51,0.053105,1.4657,True,False,wall,50.0,41.0,-10.0
4704,453912,548.0,30,349,0.053091,1.4584,True,False,body,300.0,258.0,-10.0
4705,453990,115.0,6,78,0.053088,1.3276,True,False,wall,60.0,65.0,-10.0
4706,453999,7.0,1,9,0.053088,1.3661,True,False,wall,10.0,7.0,-10.0
4707,454192,285.0,15,193,0.05308,1.5831,True,False,wall,150.0,145.0,-10.0
4708,454401,352.0,20,209,0.053072,1.5443,True,False,body,200.0,162.0,-10.0
4709,454489,145.0,8,88,0.053069,1.4556,True,False,wall,80.0,75.0,-10.0
4710,454530,49.0,3,41,0.053067,1.4575,True,False,wall,30.0,29.0,-10.0
4711,454789,394.0,22,259,0.053057,1.4418,True,False,body,220.0,184.0,-10.0
4712,454940,236.0,12,151,0.053052,1.6673,True,False,wall,120.0,126.0,-10.0
4713,455059,176.0,10,119,0.053047,1.5592,True,False,body,100.0,86.0,-10.0
4714,455303,368.0,19,244,0.053038,1.4663,True,False,body,190.0,188.0,-10.0
4715,455616,532.0,28,313,0.053026,1.5311,True,False,body,280.0,262.0,-10.0
4716,455771,270.0,14,155,0.05302,1.5318,True,False,wall,140.0,140.0,-10.0
4717,455782,9.0,1,11,0.05302,1.5743,True,False,wall,10.0,9.0,-10.0
4718,455819,56.0,4,37,0.053018,1.5954,True,False,wall,40.0,26.0,-10.0
4719,455915,136.0,7,96,0.053015,1.54,True,False,body,70.0,76.0,-10.0
4720,456081,309.0,18,166,0.053008,1.5499,True,False,body,180.0,139.0,-10.0
4721,456447,545.0,30,366,0.052995,1.5212,True,False,body,300.0,255.0,-10.0
4722,456669,415.0,24,222,0.052986,1.5602,True,False,body,240.0,185.0,-10.0
4723,456787,186.0,9,118,0.052982,1.5226,True,False,body,90.0,106.0,-10.0
4724,456877,174.0,11,90,0.052979,1.5234,True,False,wall,110.0,74.0,-10.0
4725,456912,49.0,3,35,0.052977,1.5212,True,False,wall,30.0,29.0,-10.0
4726,457266,609.0,34,354,0.052964,1.4964,True,False,body,340.0,279.0,-10.0
4727,457480,342.0,19,214,0.052956,1.5343,True,False,wall,190.0,162.0,-10.0
4728,457562,137.0,8,82,0.052953,1.5762,True,False,wall,80.0,67.0,-10.0
4729,457825,412.0,24,263,0.052943,1.5818,True,False,body,240.0,182.0,-10.0
4730,458111,480.0,27,286,0.052933,1.5179,True,False,body,270.0,220.0,-10.0
4731,458295,316.0,17,184,0.052926,1.5392,True,False,wall,170.0,156.0,-10.0
4732,458452,238.0,12,157,0.05292,1.6391,True,False,body,120.0,128.0,-10.0
4733,458810,559.0,32,358,0.052907,1.5794,True,False,body,320.0,249.0,-10.0
4734,459265,687.0,35,455,0.052891,1.5545,True,False,body,350.0,347.0,-10.0
4735,459335,96.0,5,70,0.052888,1.3929,True,False,wall,50.0,56.0,-10.0
4736,459632,440.0,24,297,0.052878,1.4858,True,False,wall,240.0,210.0,-10.0
4737,459949,510.0,26,317,0.052866,1.4828,True,False,body,260.0,260.0,-10.0
4738,460187,382.0,19,238,0.052858,1.5448,True,False,wall,190.0,202.0,-10.0
4739,460492,459.0,25,305,0.052847,1.5065,True,False,wall,250.0,219.0,-10.0
4740,460573,124.0,6,81,0.052844,1.5896,True,False,wall,60.0,74.0,-10.0
4741,460934,588.0,30,361,0.052831,1.4544,True,False,body,300.0,298.0,-10.0
4742,461077,232.0,12,143,0.052826,1.4883,True,False,body,120.0,122.0,-10.0
4743,461203,204.0,11,126,0.052822,1.502,True,False,body,110.0,104.0,-10.0
4744,461272,99.0,5,69,0.052819,1.3934,True,False,wall,50.0,59.0,-10.0
4745,461424,219.0,10,152,0.052814,1.5344,True,False,wall,100.0,129.0,-10.0
4746,461603,302.0,18,179,0.052808,1.4496,True,False,wall,180.0,132.0,-10.0
4747,461713,162.0,9,110,0.052804,1.54,True,False,wall,90.0,82.0,-10.0
4748,461791,113.0,6,78,0.052801,1.392,True,False,wall,60.0,63.0,-10.0
4749,461895,152.0,7,104,0.052797,1.525,True,False,body,70.0,92.0,-10.0
4750,462059,243.0,12,164,0.052792,1.465,True,False,wall,120.0,133.0,-10.0
4751,462176,205.0,13,117,0.052788,1.4698,True,False,body,130.0,85.0,-10.0
4752,462550,624.0,33,374,0.052775,1.4081,True,False,body,330.0,304.0,-10.0
4753,462773,348.0,18,223,0.052767,1.55,True,False,body,180.0,178.0,-10.0
4754,463046,426.0,20,273,0.052757,1.5095,True,False,wall,200.0,236.0,-10.0
4755,463293,433.0,23,247,0.052749,1.5091,True,False,body,230.0,213.0,-10.0
4756,463333,61.0,4,40,0.052748,1.4438,True,False,body,40.0,31.0,-10.0
4757,463438,176.0,10,105,0.052744,1.4447,True,False,wall,100.0,86.0,-10.0
4758,463567,229.0,13,129,0.05274,1.4595,True,False,body,130.0,109.0,-10.0
4759,463683,196.0,11,116,0.052736,1.4402,True,False,body,110.0,96.0,-10.0
4760,463916,387.0,21,233,0.052728,1.499,True,False,body,210.0,187.0,-10.0
4761,464279,586.0,32,363,0.052715,1.4967,True,False,body,320.0,276.0,-10.0
4762,464452,276.0,14,173,0.052709,1.6555,True,False,wall,140.0,146.0,-10.0
4763,464590,197.0,10,138,0.052705,1.5054,True,False,body,100.0,107.0,-10.0
4764,464665,123.0,7,75,0.052702,1.5547,True,False,wall,70.0,63.0,-10.0
4765,464759,162.0,9,94,0.052699,1.5165,True,False,body,90.0,82.0,-10.0
4766,464830,115.0,7,71,0.052697,1.5262,True,False,body,70.0,55.0,-10.0
4767,464916,163.0,10,86,0.052694,1.7019,True,False,body,100.0,73.0,-10.0
4768,465023,160.0,8,107,0.05269,1.5238,True,False,body,80.0,90.0,-10.0
4769,465262,374.0,20,239,0.052682,1.4583,True,False,wall,200.0,184.0,-10.0
4770,465674,604.0,31,412,0.052668,1.5613,True,False,wall,310.0,304.0,-10.0
4771,465792,198.0,11,118,0.052664,1.723,True,False,body,110.0,98.0,-10.0
4772,465961,282.0,16,169,0.052659,1.5236,True,False,body,160.0,132.0,-10.0
4773,466045,127.0,8,84,0.052656,1.6246,True,False,body,80.0,57.0,-10.0
4774,466084,80.0,6,39,0.052655,1.4922,True,False,body,60.0,30.0,-10.0
4775,466512,683.0,36,428,0.052641,1.5317,True,False,body,360.0,333.0,-10.0
4776,466633,221.0,13,121,0.052637,1.4226,True,False,wall,130.0,101.0,-10.0
4777,466674,51.0,3,41,0.052635,1.3061,True,False,wall,30.0,31.0,-10.0
4778,467135,634.0,32,461,0.05262,1.5086,True,False,body,320.0,324.0,-10.0
4779,467256,219.0,13,121,0.052616,1.581,True,False,body,130.0,99.0,-10.0
4780,467274,25.0,2,18,0.052616,1.7012,True,False,wall,20.0,15.0,-10.0
4781,467506,352.0,17,232,0.052608,1.5085,True,False,body,170.0,192.0,-10.0
4782,467734,374.0,21,228,0.052601,1.5306,True,False,wall,210.0,174.0,-10.0
4783,467865,215.0,13,131,0.052596,1.4832,True,False,wall,130.0,95.0,-10.0
4784,467941,131.0,8,76,0.052594,1.6086,True,False,wall,80.0,61.0,-10.0
4785,468153,362.0,19,212,0.052587,1.5578,True,False,body,190.0,182.0,-10.0
4786,468444,546.0,32,291,0.052578,1.4531,True,False,body,320.0,236.0,-10.0
4787,468636,313.0,16,192,0.052571,1.5325,True,False,wall,160.0,163.0,-10.0
4788,468747,180.0,10,111,0.052568,1.5493,True,False,body,100.0,90.0,-10.0
4789,468796,65.0,3,49,0.052566,1.5448,True,False,wall,30.0,45.0,-10.0
4790,468821,41.0,3,25,0.052565,1.5134,True,False,body,30.0,21.0,-10.0
4791,469109,480.0,27,288,0.052556,1.4649,True,False,wall,270.0,220.0,-10.0
4792,469321,334.0,17,212,0.052549,1.5119,True,False,wall,170.0,174.0,-10.0
4793,469714,587.0,29,393,0.052537,1.5271,True,False,body,290.0,307.0,-10.0
4794,469878,248.0,13,164,0.052532,1.6008,True,False,wall,130.0,128.0,-10.0
4795,469980,181.0,10,102,0.052529,1.476,True,False,body,100.0,91.0,-10.0
4796,470223,412.0,22,243,0.052521,1.5167,True,False,body,220.0,202.0,-10.0
4797,470492,443.0,25,269,0.052512,1.4839,True,False,body,250.0,203.0,-10.0
4798,470649,260.0,14,157,0.052507,1.4881,True,False,body,140.0,130.0,-10.0
4799,470664,13.0,1,15,0.052507,1.526,True,False,wall,10.0,13.0,-10.0
4800,470758,151.0,8,94,0.052504,1.5246,True,False,body,80.0,81.0,-10.0
4801,471198,639.0,32,440,0.05249,1.5412,True,False,body,320.0,329.0,-10.0
4802,471322,255.0,16,124,0.052486,1.5455,True,False,wall,160.0,105.0,-10.0
4803,471624,479.0,26,302,0.052477,1.5502,True,False,wall,260.0,229.0,-10.0
4804,471791,228.0,12,167,0.052472,1.4928,True,False,body,120.0,118.0,-10.0
4805,471878,173.0,11,87,0.052469,1.4315,True,False,body,110.0,73.0,-10.0
4806,471918,47.0,2,40,0.052468,1.521,True,False,wall,20.0,37.0,-10.0
4807,472178,410.0,23,260,0.05246,1.4161,True,False,wall,230.0,190.0,-10.0
4808,472333,258.0,14,155,0.052455,1.4928,True,False,body,140.0,128.0,-10.0
4809,472521,315.0,16,188,0.052449,1.5213,True,False,wall,160.0,165.0,-10.0
4810,472575,88.0,5,54,0.052448,1.4441,True,False,wall,50.0,48.0,-10.0
4811,472632,81.0,5,57,0.052446,1.5524,True,False,wall,50.0,41.0,-10.0
4812,472643,9.0,1,11,0.052446,1.5282,True,False,wall,10.0,9.0,-10.0
4813,472742,158.0,8,99,0.052443,1.6293,True,False,wall,80.0,88.0,-10.0
4814,472990,424.0,23,248,0.052435,1.5191,True,False,body,230.0,204.0,-10.0
4815,473004,12.0,1,14,0.052435,1.4128,True,False,wall,10.0,12.0,-10.0
4816,473108,158.0,9,104,0.052432,1.526,True,False,wall,90.0,78.0,-10.0
4817,473380,388.0,21,272,0.052423,1.5626,True,False,body,210.0,188.0,-10.0
4818,473428,62.0,3,48,0.052422,1.4949,True,False,wall,30.0,42.0,-10.0
4819,473676,409.0,22,248,0.052414,1.4769,True,False,body,220.0,199.0,-10.0
4820,473900,341.0,18,224,0.052408,1.4596,True,False,body,180.0,171.0,-10.0
4821,473966,114.0,7,66,0.052406,1.6465,True,False,wall,70.0,54.0,-10.0
4822,474105,235.0,13,139,0.052401,1.434,True,False,wall,130.0,115.0,-10.0
4823,474135,37.0,2,30,0.052401,1.4773,True,False,wall,20.0,27.0,-10.0
4824,474383,383.0,22,248,0.052393,1.4732,True,False,body,220.0,173.0,-10.0
4825,474722,523.0,31,339,0.052383,1.5537,True,False,body,310.0,223.0,-10.0
4826,474887,288.0,16,165,0.052378,1.5641,True,False,body,160.0,138.0,-10.0
4827,474964,98.0,4,77,0.052376,1.4665,True,False,wall,40.0,68.0,-10.0
4828,475286,514.0,25,322,0.052366,1.5639,True,False,body,250.0,274.0,-10.0
4829,475548,423.0,20,262,0.052359,1.4517,True,False,wall,200.0,233.0,-10.0
4830,475765,336.0,18,217,0.052352,1.4672,True,False,wall,180.0,166.0,-10.0
4831,475972,309.0,15,207,0.052346,1.4868,True,False,wall,150.0,169.0,-10.0
4832,476131,261.0,15,159,0.052341,1.5057,True,False,body,150.0,121.0,-10.0
4833,476354,342.0,18,223,0.052335,1.4725,True,False,wall,180.0,172.0,-10.0
4834,476401,77.0,5,47,0.052334,1.4467,True,False,body,50.0,37.0,-10.0
4835,476421,41.0,4,20,0.052333,1.7031,True,False,wall,40.0,11.0,-10.0
4836,476744,450.0,22,323,0.052324,1.4708,True,False,wall,220.0,240.0,-10.0
4837,476973,353.0,19,229,0.052317,1.5311,True,False,body,190.0,173.0,-10.0
4838,477022,63.0,3,49,0.052315,1.4975,True,False,wall,30.0,43.0,-10.0
4839,477247,390.0,22,225,0.052309,1.4733,True,False,body,220.0,180.0,-10.0
4840,477379,250.0,15,132,0.052305,1.5441,True,False,wall,150.0,110.0,-10.0
4841,477475,151.0,8,96,0.052302,1.5691,True,False,body,80.0,81.0,-10.0
4842,477588,188.0,10,113,0.052299,1.4791,True,False,wall,100.0,98.0,-10.0
4843,477654,114.0,7,66,0.052297,1.577,True,False,wall,70.0,54.0,-10.0
4844,477762,179.0,10,108,0.052294,1.5778,True,False,wall,100.0,89.0,-10.0
4845,477950,323.0,18,188,0.052289,1.4225,True,False,wall,180.0,153.0,-10.0
4846,478173,363.0,19,223,0.052282,1.4648,True,False,body,190.0,183.0,-10.0
4847,478278,183.0,11,105,0.052279,1.4886,True,False,body,110.0,83.0,-10.0
4848,478392,207.0,12,114,0.052276,1.3724,True,False,wall,120.0,97.0,-10.0
4849,478543,251.0,13,151,0.052272,1.5272,True,False,body,130.0,131.0,-10.0
4850,478590,88.0,6,47,0.052271,1.4727,True,False,body,60.0,38.0,-10.0
4851,478646,88.0,5,56,0.052269,1.477,True,False,wall,50.0,48.0,-10.0
4852,478673,32.0,2,27,0.052268,1.5187,True,False,wall,20.0,22.0,-10.0
4853,478906,375.0,21,233,0.052262,1.4727,True,False,body,210.0,175.0,-10.0
4854,479032,229.0,14,126,0.052258,1.4239,True,False,body,140.0,99.0,-10.0
4855,479124,149.0,8,92,0.052255,1.4516,True,False,body,80.0,79.0,-10.0
4856,479186,115.0,8,62,0.052254,1.4128,True,False,body,80.0,45.0,-10.0
4857,479219,38.0,2,33,0.052253,1.4047,True,False,wall,20.0,28.0,-10.0
4858,479481,420.0,23,262,0.052245,1.4298,True,False,wall,230.0,200.0,-10.0
4859,479517,48.0,3,36,0.052244,1.4892,True,False,wall,30.0,28.0,-10.0
4860,479664,283.0,17,147,0.05224,1.4392,True,False,wall,170.0,123.0,-10.0
4861,479888,331.0,16,224,0.052234,1.4195,True,False,wall,160.0,181.0,-10.0
4862,480032,262.0,17,144,0.05223,1.3939,True,False,wall,170.0,102.0,-10.0
4863,480387,478.0,26,355,0.05222,1.4773,True,False,body,260.0,228.0,-10.0
4864,480490,156.0,8,103,0.052217,1.53,True,False,wall,80.0,86.0,-10.0
4865,480554,123.0,8,64,0.052215,1.4933,True,False,body,80.0,53.0,-10.0
4866,480601,62.0,4,47,0.052214,1.4583,True,False,wall,40.0,32.0,-10.0
4867,480668,113.0,7,67,0.052212,1.4048,True,False,body,70.0,53.0,-10.0
4868,480799,197.0,11,131,0.052209,1.4696,True,False,wall,110.0,97.0,-10.0
4869,480989,317.0,18,190,0.052203,1.4823,True,False,body,180.0,147.0,-10.0
4870,481340,541.0,27,351,0.052194,1.5142,True,False,body,270.0,281.0,-10.0
4871,481555,408.0,24,215,0.052188,1.5845,True,False,body,240.0,178.0,-10.0
4872,481596,46.0,2,41,0.052187,1.5433,True,False,wall,20.0,36.0,-10.0
4873,481796,312.0,15,200,0.052181,1.5033,True,False,wall,150.0,172.0,-10.0
4874,481962,314.0,19,166,0.052177,1.4904,True,False,body,190.0,134.0,-10.0
4875,482036,111.0,6,74,0.052175,1.464,True,False,wall,60.0,61.0,-10.0
4876,482250,352.0,19,214,0.052169,1.4417,True,False,body,190.0,172.0,-10.0
4877,482405,244.0,12,155,0.052165,1.5078,True,False,body,120.0,134.0,-10.0
4878,482672,423.0,21,267,0.052158,1.4478,True,False,body,210.0,223.0,-10.0
4879,482696,22.0,1,24,0.052157,1.5126,True,False,wall,10.0,22.0,-10.0
4880,483104,656.0,33,408,0.052146,1.5239,True,False,body,330.0,336.0,-10.0
4881,483187,108.0,6,83,0.052144,1.5315,True,False,wall,60.0,58.0,-10.0
4882,483485,525.0,30,298,0.052136,1.5509,True,False,body,300.0,235.0,-10.0
4883,483510,32.0,2,25,0.052135,1.5275,True,False,wall,20.0,22.0,-10.0
4884,483568,82.0,5,58,0.052134,1.4789,True,False,body,50.0,42.0,-10.0
4885,484119,756.0,36,551,0.052119,1.5429,True,False,wall,360.0,406.0,-10.0
4886,484177,74.0,3,58,0.052117,1.5801,True,False,wall,30.0,54.0,-10.0
4887,484277,158.0,9,100,0.052115,1.4866,True,False,wall,90.0,78.0,-10.0
4888,484641,556.0,29,364,0.052105,1.5247,True,False,body,290.0,276.0,-10.0
4889,485006,568.0,32,365,0.052096,1.4818,True,False,body,320.0,258.0,-10.0
4890,485053,70.0,4,47,0.052094,1.6366,True,False,wall,40.0,40.0,-10.0
4891,485278,372.0,20,225,0.052088,1.6197,True,False,body,200.0,182.0,-10.0
4892,485356,140.0,9,78,0.052086,1.7387,True,False,wall,90.0,60.0,-10.0
4893,485401,53.0,3,45,0.052085,1.6332,True,False,wall,30.0,33.0,-10.0
4894,485558,273.0,15,157,0.052081,1.5426,True,False,body,150.0,133.0,-10.0
4895,485700,235.0,12,142,0.052077,1.4656,True,False,wall,120.0,125.0,-10.0
4896,485886,315.0,20,186,0.052073,1.5257,True,False,body,200.0,125.0,-10.0
4897,486110,374.0,19,224,0.052067,1.5188,True,False,wall,190.0,194.0,-10.0
4898,486344,374.0,19,234,0.052061,1.5623,True,False,wall,190.0,194.0,-10.0
4899,486589,403.0,21,245,0.052054,1.5485,True,False,body,210.0,203.0,-10.0
4900,486826,369.0,19,237,0.052048,1.5364,True,False,body,190.0,189.0,-10.0
4901,486898,142.0,9,72,0.052047,1.5832,True,False,body,90.0,62.0,-10.0
4902,486979,140.0,8,81,0.052045,1.6014,True,False,wall,80.0,70.0,-10.0
4903,487013,57.0,4,34,0.052044,1.3773,True,False,wall,40.0,27.0,-10.0
4904,487158,243.0,15,145,0.05204,1.4522,True,False,body,150.0,103.0,-10.0
4905,487502,608.0,35,344,0.052031,1.4231,True,False,body,350.0,268.0,-10.0
4906,487649,232.0,12,147,0.052027,1.528,True,False,body,120.0,122.0,-10.0
4907,487859,346.0,19,210,0.052022,1.4443,True,False,body,190.0,166.0,-10.0
4908,488347,689.0,34,488,0.05201,1.5336,True,False,body,340.0,359.0,-10.0
4909,488363,21.0,2,16,0.052009,1.3565,True,False,wall,20.0,11.0,-10.0
4910,488533,295.0,16,170,0.052005,1.5423,True,False,body,160.0,145.0,-10.0
4911,488907,619.0,32,374,0.051996,1.4828,True,False,body,320.0,309.0,-10.0
4912,489185,419.0,20,278,0.051989,1.5148,True,False,body,200.0,229.0,-10.0
4913,489503,500.0,27,318,0.051981,1.5302,True,False,wall,270.0,240.0,-10.0
4914,489741,390.0,21,238,0.051975,1.5109,True,False,body,210.0,190.0,-10.0
4915,490133,627.0,32,392,0.051965,1.5526,True,False,wall,320.0,317.0,-10.0
4916,490467,520.0,27,334,0.051957,1.5948,True,False,body,270.0,260.0,-10.0
4917,490771,500.0,27,304,0.05195,1.6829,True,False,body,270.0,240.0,-10.0
4918,490991,368.0,19,220,0.051945,1.5926,True,False,wall,190.0,188.0,-10.0
4919,491364,566.0,30,373,0.051935,1.4952,True,False,body,300.0,276.0,-10.0
4920,491654,446.0,21,290,0.051928,1.5584,True,False,body,210.0,246.0,-10.0
4921,491793,229.0,13,139,0.051925,1.653,True,False,wall,130.0,109.0,-10.0
4922,492075,440.0,23,282,0.051918,1.4868,True,False,body,230.0,220.0,-10.0
4923,492163,145.0,8,88,0.051916,1.5227,True,False,body,80.0,75.0,-10.0
4924,492275,225.0,14,112,0.051914,1.6221,True,False,body,140.0,95.0,-10.0
4925,492537,445.0,24,262,0.051907,1.5088,True,False,body,240.0,215.0,-10.0
4926,492819,446.0,23,282,0.051901,1.5537,True,False,body,230.0,226.0,-10.0
4927,492845,24.0,1,26,0.0519,1.4321,True,False,wall,10.0,24.0,-10.0
4928,492910,124.0,8,65,0.051898,1.596,True,False,body,80.0,54.0,-10.0
4929,493217,529.0,29,307,0.051891,1.5798,True,False,body,290.0,249.0,-10.0
4930,493502,456.0,24,285,0.051884,1.5923,True,False,body,240.0,226.0,-10.0
4931,493669,289.0,17,167,0.05188,1.6166,True,False,body,170.0,129.0,-10.0
4932,493987,516.0,27,318,0.051873,1.5064,True,False,body,270.0,256.0,-10.0
4933,494280,467.0,23,293,0.051866,1.5566,True,False,body,230.0,247.0,-10.0
4934,494434,247.0,12,154,0.051863,1.4935,True,False,body,120.0,137.0,-10.0
4935,494569,189.0,11,135,0.051859,1.5987,True,False,wall,110.0,89.0,-10.0
4936,494754,317.0,17,185,0.051855,1.5695,True,False,body,170.0,157.0,-10.0
4937,495192,609.0,30,438,0.051845,1.5307,True,False,wall,300.0,319.0,-10.0
4938,495355,242.0,12,163,0.051841,1.5558,True,False,wall,120.0,132.0,-10.0
4939,495648,451.0,25,293,0.051835,1.4587,True,False,body,250.0,211.0,-10.0
4940,495862,344.0,19,214,0.05183,1.4945,True,False,body,190.0,164.0,-10.0
4941,495977,180.0,10,115,0.051827,1.516,True,False,body,100.0,90.0,-10.0
4942,496188,330.0,18,211,0.051822,1.5108,True,False,wall,180.0,160.0,-10.0
4943,496385,340.0,20,197,0.051818,1.5446,True,False,body,200.0,150.0,-10.0
4944,496618,369.0,19,233,0.051812,1.5128,True,False,body,190.0,189.0,-10.0
4945,496944,459.0,22,326,0.051805,1.526,True,False,body,220.0,249.0,-10.0
4946,497018,135.0,8,74,0.051803,1.5587,True,False,wall,80.0,65.0,-10.0
4947,497103,167.0,11,85,0.051801,1.399,True,False,body,110.0,67.0,-10.0
4948,497159,79.0,4,56,0.0518,1.7425,True,False,body,40.0,49.0,-10.0
4949,497223,110.0,7,64,0.051799,1.5557,True,False,body,70.0,50.0,-10.0
4950,497326,176.0,10,103,0.051796,1.6386,True,False,wall,100.0,86.0,-10.0
4951,497496,268.0,15,170,0.051793,1.5024,True,False,wall,150.0,128.0,-10.0
4952,497706,338.0,19,210,0.051788,1.5348,True,False,body,190.0,158.0,-10.0
4953,497910,320.0,17,204,0.051783,1.4794,True,False,wall,170.0,160.0,-10.0
4954,498294,569.0,30,384,0.051775,1.5391,True,False,body,300.0,279.0,-10.0
4955,498429,206.0,10,135,0.051772,1.5307,True,False,wall,100.0,116.0,-10.0
4956,498763,548.0,29,334,0.051764,1.4791,True,False,body,290.0,268.0,-10.0
4957,499038,472.0,26,275,0.051758,1.4926,True,False,body,260.0,222.0,-10.0
4958,499182,240.0,13,144,0.051755,1.4623,True,False,wall,130.0,120.0,-10.0
4959,499570,600.0,31,388,0.051747,1.5264,True,False,body,310.0,300.0,-10.0
4960,499653,145.0,9,83,0.051745,1.6172,True,False,wall,90.0,65.0,-10.0
4961,499697,58.0,3,44,0.051744,1.719,True,False,wall,30.0,38.0,-10.0
4962,499872,285.0,15,175,0.05174,1.6182,True,False,wall,150.0,145.0,-10.0
4963,499923,56.0,2,51,0.051739,1.3602,True,False,wall,20.0,46.0,-10.0
4964,500000,152.0,9,77,0.051737,1.4417,False,False,budget_cutoff,90.0,62.0,0.0
