episode,env_steps_total,episode_reward,score,survival_steps,epsilon,loss_mean,terminated,truncated,death_reason,fruit_reward_sum,distance_shaping_reward_sum,death_penalty_sum
0,129,-6.0,0,129,0.94855,0.0,True,False,wall,0.0,4.0,-10.0
1,161,-13.0,0,32,0.948191,0.0,True,False,wall,0.0,-3.0,-10.0
2,209,-13.0,0,48,0.947652,0.0,True,False,wall,0.0,-3.0,-10.0
3,240,-10.0,0,31,0.947304,0.0,True,False,wall,0.0,0.0,-10.0
4,271,-18.0,0,31,0.946956,0.0,True,False,wall,0.0,-8.0,-10.0
5,303,-15.0,0,32,0.946598,0.0,True,False,wall,0.0,-5.0,-10.0
6,351,2.0,1,48,0.94606,0.0,True,False,wall,10.0,2.0,-10.0
7,393,-13.0,0,42,0.94559,0.0,True,False,wall,0.0,-3.0,-10.0
8,413,-17.0,0,20,0.945366,0.0,True,False,wall,0.0,-7.0,-10.0
9,457,-7.0,0,44,0.944873,0.0,True,False,wall,0.0,3.0,-10.0
10,655,-23.0,0,198,0.942661,0.0,True,False,wall,0.0,-13.0,-10.0
11,745,-17.0,0,90,0.941658,0.0,True,False,wall,0.0,-7.0,-10.0
12,758,-14.0,0,13,0.941513,0.0,True,False,wall,0.0,-4.0,-10.0
13,794,-3.0,0,36,0.941112,0.0,True,False,wall,0.0,7.0,-10.0
14,808,-13.0,0,14,0.940956,0.0,True,False,wall,0.0,-3.0,-10.0
15,832,-13.0,0,24,0.940689,0.0,True,False,wall,0.0,-3.0,-10.0
16,882,-21.0,0,50,0.940132,0.0,True,False,wall,0.0,-11.0,-10.0
17,913,-14.0,0,31,0.939787,0.0,True,False,wall,0.0,-4.0,-10.0
18,926,-22.0,0,13,0.939643,0.0,True,False,wall,0.0,-12.0,-10.0
19,967,-16.0,0,41,0.939187,0.0,True,False,wall,0.0,-6.0,-10.0
20,983,-19.0,0,16,0.939009,0.0,True,False,wall,0.0,-9.0,-10.0
21,1017,-9.0,0,34,0.938631,0.0,True,False,wall,0.0,1.0,-10.0
22,1051,-17.0,0,34,0.938254,0.0,True,False,wall,0.0,-7.0,-10.0
23,1083,-11.0,0,32,0.937898,0.0,True,False,wall,0.0,-1.0,-10.0
24,1097,-11.0,0,14,0.937743,0.0,True,False,wall,0.0,-1.0,-10.0
25,1185,-19.0,0,88,0.936767,0.0,True,False,wall,0.0,-9.0,-10.0
26,1218,-2.0,0,33,0.936401,0.0,True,False,wall,0.0,8.0,-10.0
27,1235,-18.0,0,17,0.936213,0.0,True,False,wall,0.0,-8.0,-10.0
28,1258,-10.0,0,23,0.935958,0.0,True,False,wall,0.0,0.0,-10.0
29,1270,-17.0,0,12,0.935825,0.0,True,False,wall,0.0,-7.0,-10.0
30,1339,-18.0,0,69,0.935062,0.0,True,False,wall,0.0,-8.0,-10.0
31,1381,-19.0,0,42,0.934597,0.0,True,False,wall,0.0,-9.0,-10.0
32,1438,-16.0,0,57,0.933967,0.0,True,False,wall,0.0,-6.0,-10.0
33,1455,-4.0,0,17,0.933779,0.0,True,False,wall,0.0,6.0,-10.0
34,1493,-5.0,0,38,0.93336,0.0,True,False,wall,0.0,5.0,-10.0
35,1527,-15.0,0,34,0.932984,0.0,True,False,wall,0.0,-5.0,-10.0
36,1563,-7.0,0,36,0.932587,0.0,True,False,wall,0.0,3.0,-10.0
37,1598,-20.0,0,35,0.932201,0.0,True,False,wall,0.0,-10.0,-10.0
38,1612,-21.0,0,14,0.932046,0.0,True,False,wall,0.0,-11.0,-10.0
39,1632,-13.0,0,20,0.931826,0.0,True,False,wall,0.0,-3.0,-10.0
40,1664,-4.0,1,32,0.931473,0.0,True,False,wall,10.0,-4.0,-10.0
41,1675,-14.0,0,11,0.931352,0.0,True,False,wall,0.0,-4.0,-10.0
42,1692,-16.0,0,17,0.931165,0.0,True,False,wall,0.0,-6.0,-10.0
43,1708,-19.0,0,16,0.930989,0.0,True,False,wall,0.0,-9.0,-10.0
44,1754,-4.0,1,46,0.930482,0.0,True,False,wall,10.0,-4.0,-10.0
45,1780,-17.0,0,26,0.930196,0.0,True,False,wall,0.0,-7.0,-10.0
46,1825,-8.0,0,45,0.929701,0.0,True,False,wall,0.0,2.0,-10.0
47,1850,-8.0,0,25,0.929426,0.0,True,False,wall,0.0,2.0,-10.0
48,1868,-19.0,0,18,0.929228,0.0,True,False,wall,0.0,-9.0,-10.0
49,1891,-20.0,0,23,0.928976,0.0,True,False,wall,0.0,-10.0,-10.0
50,1974,-22.0,0,83,0.928064,0.0,True,False,wall,0.0,-12.0,-10.0
51,2017,-9.0,1,43,0.927592,0.0,True,False,wall,10.0,-9.0,-10.0
52,2042,-12.0,0,25,0.927318,0.0,True,False,wall,0.0,-2.0,-10.0
53,2060,-19.0,0,18,0.927121,0.0,True,False,wall,0.0,-9.0,-10.0
54,2088,-17.0,0,28,0.926814,0.0,True,False,wall,0.0,-7.0,-10.0
55,2111,-20.0,0,23,0.926562,0.0,True,False,wall,0.0,-10.0,-10.0
56,2176,-10.0,0,65,0.92585,0.0,True,False,wall,0.0,0.0,-10.0
57,2210,-3.0,0,34,0.925478,0.0,True,False,wall,0.0,7.0,-10.0
58,2229,-16.0,0,19,0.92527,0.0,True,False,wall,0.0,-6.0,-10.0
59,2255,-19.0,0,26,0.924985,0.0,True,False,wall,0.0,-9.0,-10.0
60,2267,-15.0,0,12,0.924854,0.0,True,False,wall,0.0,-5.0,-10.0
61,2365,-17.0,0,98,0.923783,0.0,True,False,wall,0.0,-7.0,-10.0
62,2403,-13.0,0,38,0.923368,0.0,True,False,wall,0.0,-3.0,-10.0
63,2415,-15.0,0,12,0.923237,0.0,True,False,wall,0.0,-5.0,-10.0
64,2518,-22.0,0,103,0.922114,0.0,True,False,wall,0.0,-12.0,-10.0
65,2551,-24.0,0,33,0.921754,0.0,True,False,wall,0.0,-14.0,-10.0
66,2609,-19.0,0,58,0.921122,0.0,True,False,wall,0.0,-9.0,-10.0
67,2640,-8.0,0,31,0.920785,0.0,True,False,wall,0.0,2.0,-10.0
68,2655,-20.0,0,15,0.920621,0.0,True,False,wall,0.0,-10.0,-10.0
69,2744,7.0,1,89,0.919653,0.0,True,False,wall,10.0,7.0,-10.0
70,2773,-20.0,0,29,0.919338,0.0,True,False,wall,0.0,-10.0,-10.0
71,2816,-8.0,0,43,0.918871,0.0,True,False,wall,0.0,2.0,-10.0
72,2874,-15.0,0,58,0.918241,0.0,True,False,wall,0.0,-5.0,-10.0
73,2890,-17.0,0,16,0.918068,0.0,True,False,wall,0.0,-7.0,-10.0
74,2901,-6.0,0,11,0.917948,0.0,True,False,wall,0.0,4.0,-10.0
75,2914,-6.0,0,13,0.917807,0.0,True,False,wall,0.0,4.0,-10.0
76,2932,-5.0,0,18,0.917612,0.0,True,False,wall,0.0,5.0,-10.0
77,2995,-1.0,1,63,0.916929,0.0,True,False,wall,10.0,-1.0,-10.0
78,3029,-13.0,0,34,0.916561,0.0,True,False,wall,0.0,-3.0,-10.0
79,3041,-19.0,0,12,0.916431,0.0,True,False,wall,0.0,-9.0,-10.0
80,3062,-16.0,0,21,0.916203,0.0,True,False,wall,0.0,-6.0,-10.0
81,3113,-14.0,0,51,0.915651,0.0,True,False,wall,0.0,-4.0,-10.0
82,3135,-2.0,1,22,0.915413,0.0,True,False,wall,10.0,-2.0,-10.0
83,3157,-12.0,1,22,0.915175,0.0,True,False,wall,10.0,-12.0,-10.0
84,3255,8.0,1,98,0.914116,0.0,True,False,wall,10.0,8.0,-10.0
85,3268,-4.0,0,13,0.913976,0.0,True,False,wall,0.0,6.0,-10.0
86,3337,-18.0,0,69,0.913231,0.0,True,False,wall,0.0,-8.0,-10.0
87,3382,-24.0,0,45,0.912746,0.0,True,False,wall,0.0,-14.0,-10.0
88,3412,-19.0,0,30,0.912422,0.0,True,False,wall,0.0,-9.0,-10.0
89,3452,-15.0,0,40,0.911991,0.0,True,False,wall,0.0,-5.0,-10.0
90,3469,-6.0,0,17,0.911808,0.0,True,False,wall,0.0,4.0,-10.0
91,3494,-1.0,1,25,0.911539,0.0,True,False,wall,10.0,-1.0,-10.0
92,3517,7.0,1,23,0.911291,0.0,True,False,wall,10.0,7.0,-10.0
93,3564,-7.0,1,47,0.910785,0.0,True,False,wall,10.0,-7.0,-10.0
94,3652,-17.0,0,88,0.909839,0.0,True,False,wall,0.0,-7.0,-10.0
95,3678,-19.0,0,26,0.909559,0.0,True,False,wall,0.0,-9.0,-10.0
96,3696,-5.0,0,18,0.909366,0.0,True,False,wall,0.0,5.0,-10.0
97,3718,-9.0,0,22,0.90913,0.0,True,False,wall,0.0,1.0,-10.0
98,3737,-6.0,0,19,0.908926,0.0,True,False,wall,0.0,4.0,-10.0
99,3749,-4.0,1,12,0.908797,0.0,True,False,wall,10.0,-4.0,-10.0
100,3847,-9.0,0,98,0.907745,0.0,True,False,wall,0.0,1.0,-10.0
101,3879,-19.0,0,32,0.907402,0.0,True,False,wall,0.0,-9.0,-10.0
102,3940,-24.0,0,61,0.906749,0.0,True,False,wall,0.0,-14.0,-10.0
103,3960,-13.0,0,20,0.906535,0.0,True,False,wall,0.0,-3.0,-10.0
104,4000,-15.0,0,40,0.906106,0.0,True,False,wall,0.0,-5.0,-10.0
105,4020,-1.0,0,20,0.905892,0.0,True,False,wall,0.0,9.0,-10.0
106,4035,-18.0,0,15,0.905732,0.0,True,False,wall,0.0,-8.0,-10.0
107,4091,-3.0,0,56,0.905133,0.0,True,False,wall,0.0,7.0,-10.0
108,4143,-11.0,0,52,0.904578,0.0,True,False,wall,0.0,-1.0,-10.0
109,4241,-17.0,0,98,0.903531,0.0,True,False,wall,0.0,-7.0,-10.0
110,4276,-14.0,0,35,0.903158,0.0,True,False,wall,0.0,-4.0,-10.0
111,4296,-17.0,0,20,0.902945,0.0,True,False,wall,0.0,-7.0,-10.0
112,4365,-12.0,0,69,0.902209,0.0,True,False,wall,0.0,-2.0,-10.0
113,4409,-21.0,0,44,0.901741,0.0,True,False,wall,0.0,-11.0,-10.0
114,4441,-19.0,0,32,0.9014,0.0,True,False,wall,0.0,-9.0,-10.0
115,4475,-23.0,0,34,0.901038,0.0,True,False,wall,0.0,-13.0,-10.0
116,4494,-14.0,0,19,0.900836,0.0,True,False,wall,0.0,-4.0,-10.0
117,4519,-20.0,0,25,0.90057,0.0,True,False,wall,0.0,-10.0,-10.0
118,4546,-4.0,0,27,0.900283,0.0,True,False,wall,0.0,6.0,-10.0
119,4602,-23.0,0,56,0.899688,0.0,True,False,wall,0.0,-13.0,-10.0
120,4635,-10.0,0,33,0.899338,0.0,True,False,wall,0.0,0.0,-10.0
121,4708,9.0,1,73,0.898563,0.0,True,False,wall,10.0,9.0,-10.0
122,4775,-20.0,0,67,0.897853,0.0,True,False,wall,0.0,-10.0,-10.0
123,4793,-7.0,0,18,0.897662,0.0,True,False,wall,0.0,3.0,-10.0
124,4889,-9.0,0,96,0.896646,0.0,True,False,wall,0.0,1.0,-10.0
125,4908,-22.0,0,19,0.896445,0.0,True,False,wall,0.0,-12.0,-10.0
126,4927,-22.0,0,19,0.896244,0.0,True,False,wall,0.0,-12.0,-10.0
127,4943,-11.0,0,16,0.896074,0.0,True,False,wall,0.0,-1.0,-10.0
128,4967,-11.0,0,24,0.895821,0.0,True,False,wall,0.0,-1.0,-10.0
129,5016,-10.0,0,49,0.895303,0.0,True,False,wall,0.0,0.0,-10.0
130,5026,-17.0,0,10,0.895197,0.0,True,False,wall,0.0,-7.0,-10.0
131,5055,-16.0,0,29,0.894891,0.0,True,False,wall,0.0,-6.0,-10.0
132,5082,-14.0,0,27,0.894606,0.0,True,False,wall,0.0,-4.0,-10.0
133,5141,11.0,1,59,0.893983,0.0,True,False,wall,10.0,11.0,-10.0
134,5177,-19.0,0,36,0.893603,0.0,True,False,wall,0.0,-9.0,-10.0
135,5217,-1.0,0,40,0.893182,0.0,True,False,wall,0.0,9.0,-10.0
136,5245,-17.0,0,28,0.892886,0.0,True,False,wall,0.0,-7.0,-10.0
137,5307,-17.0,0,62,0.892233,0.0,True,False,wall,0.0,-7.0,-10.0
138,5319,-9.0,0,12,0.892107,0.0,True,False,wall,0.0,1.0,-10.0
139,5337,-21.0,0,18,0.891918,0.0,True,False,wall,0.0,-11.0,-10.0
140,5366,-20.0,0,29,0.891613,0.0,True,False,wall,0.0,-10.0,-10.0
141,5420,-21.0,0,54,0.891045,0.0,True,False,wall,0.0,-11.0,-10.0
142,5470,-19.0,0,50,0.890519,0.0,True,False,wall,0.0,-9.0,-10.0
143,5484,-17.0,0,14,0.890372,0.0,True,False,wall,0.0,-7.0,-10.0
144,5521,5.0,1,37,0.889984,0.0,True,False,wall,10.0,5.0,-10.0
145,5541,-11.0,0,20,0.889774,0.0,True,False,wall,0.0,-1.0,-10.0
146,5584,-16.0,0,43,0.889322,0.0,True,False,wall,0.0,-6.0,-10.0
147,5660,-19.0,0,76,0.888525,0.0,True,False,wall,0.0,-9.0,-10.0
148,5678,-5.0,0,18,0.888337,0.0,True,False,wall,0.0,5.0,-10.0
149,5758,-19.0,0,80,0.887499,0.0,True,False,wall,0.0,-9.0,-10.0
150,5775,-10.0,0,17,0.887321,0.0,True,False,wall,0.0,0.0,-10.0
151,5830,-6.0,0,55,0.886745,0.0,True,False,wall,0.0,4.0,-10.0
152,5851,-14.0,0,21,0.886526,0.0,True,False,wall,0.0,-4.0,-10.0
153,5877,-3.0,0,26,0.886254,0.0,True,False,wall,0.0,7.0,-10.0
154,5893,-15.0,0,16,0.886087,0.0,True,False,wall,0.0,-5.0,-10.0
155,5907,-19.0,0,14,0.88594,0.0,True,False,wall,0.0,-9.0,-10.0
156,5934,-14.0,0,27,0.885658,0.0,True,False,wall,0.0,-4.0,-10.0
157,6103,-18.0,0,169,0.883895,0.0,True,False,wall,0.0,-8.0,-10.0
158,6120,-18.0,0,17,0.883718,0.0,True,False,wall,0.0,-8.0,-10.0
159,6141,-8.0,0,21,0.883499,0.0,True,False,wall,0.0,2.0,-10.0
160,6156,-10.0,0,15,0.883343,0.0,True,False,wall,0.0,0.0,-10.0
161,6193,-14.0,0,37,0.882957,0.0,True,False,wall,0.0,-4.0,-10.0
162,6237,-17.0,0,44,0.882499,0.0,True,False,wall,0.0,-7.0,-10.0
163,6287,16.0,1,50,0.881979,0.0,True,False,wall,10.0,16.0,-10.0
164,6305,-17.0,0,18,0.881792,0.0,True,False,wall,0.0,-7.0,-10.0
165,6342,-18.0,0,37,0.881407,0.0,True,False,wall,0.0,-8.0,-10.0
166,6389,-14.0,0,47,0.880919,0.0,True,False,wall,0.0,-4.0,-10.0
167,6414,-2.0,0,25,0.880659,0.0,True,False,wall,0.0,8.0,-10.0
168,6452,-7.0,0,38,0.880265,0.0,True,False,wall,0.0,3.0,-10.0
169,6509,-20.0,0,57,0.879674,0.0,True,False,wall,0.0,-10.0,-10.0
170,6558,-10.0,0,49,0.879165,0.0,True,False,wall,0.0,0.0,-10.0
171,6599,-24.0,0,41,0.878741,0.0,True,False,wall,0.0,-14.0,-10.0
172,6630,-12.0,0,31,0.87842,0.0,True,False,wall,0.0,-2.0,-10.0
173,6661,-18.0,0,31,0.878099,0.0,True,False,wall,0.0,-8.0,-10.0
174,6709,-11.0,0,48,0.877602,0.0,True,False,wall,0.0,-1.0,-10.0
175,6798,0.0,0,89,0.876682,0.0,True,False,wall,0.0,10.0,-10.0
176,6849,-8.0,0,51,0.876155,0.0,True,False,wall,0.0,2.0,-10.0
177,6894,-16.0,0,45,0.87569,0.0,True,False,wall,0.0,-6.0,-10.0
178,6906,-13.0,0,12,0.875566,0.0,True,False,wall,0.0,-3.0,-10.0
179,6930,-15.0,0,24,0.875319,0.0,True,False,wall,0.0,-5.0,-10.0
180,7034,-17.0,0,104,0.874247,0.0,True,False,wall,0.0,-7.0,-10.0
181,7050,-9.0,0,16,0.874082,0.0,True,False,wall,0.0,1.0,-10.0
182,7068,-23.0,0,18,0.873896,0.0,True,False,wall,0.0,-13.0,-10.0
183,7124,-9.0,0,56,0.87332,0.0,True,False,wall,0.0,1.0,-10.0
184,7164,-5.0,0,40,0.872908,0.0,True,False,wall,0.0,5.0,-10.0
185,7189,-8.0,0,25,0.872651,0.0,True,False,wall,0.0,2.0,-10.0
186,7231,-15.0,0,42,0.872219,0.0,True,False,wall,0.0,-5.0,-10.0
187,7245,-5.0,0,14,0.872076,0.0,True,False,wall,0.0,5.0,-10.0
188,7363,-17.0,0,118,0.870864,0.0,True,False,wall,0.0,-7.0,-10.0
189,7388,-20.0,0,25,0.870607,0.0,True,False,wall,0.0,-10.0,-10.0
190,7424,-2.0,1,36,0.870238,0.0,True,False,wall,10.0,-2.0,-10.0
191,7444,-17.0,0,20,0.870033,0.0,True,False,wall,0.0,-7.0,-10.0
192,7460,-3.0,0,16,0.869869,0.0,True,False,wall,0.0,7.0,-10.0
193,7470,-3.0,0,10,0.869767,0.0,True,False,wall,0.0,7.0,-10.0
194,7506,-17.0,0,36,0.869398,0.0,True,False,wall,0.0,-7.0,-10.0
195,7537,-5.0,1,31,0.86908,0.0,True,False,wall,10.0,-5.0,-10.0
196,7555,-13.0,0,18,0.868896,0.0,True,False,wall,0.0,-3.0,-10.0
197,7593,-7.0,0,38,0.868507,0.0,True,False,wall,0.0,3.0,-10.0
198,7621,-11.0,0,28,0.868221,0.0,True,False,wall,0.0,-1.0,-10.0
199,7638,-18.0,0,17,0.868047,0.0,True,False,wall,0.0,-8.0,-10.0
200,7659,-12.0,0,21,0.867832,0.0,True,False,wall,0.0,-2.0,-10.0
201,7693,-17.0,0,34,0.867485,0.0,True,False,wall,0.0,-7.0,-10.0
202,7706,-10.0,0,13,0.867352,0.0,True,False,wall,0.0,0.0,-10.0
203,7722,-19.0,0,16,0.867188,0.0,True,False,wall,0.0,-9.0,-10.0
204,7738,-11.0,0,16,0.867025,0.0,True,False,wall,0.0,-1.0,-10.0
205,7752,-15.0,0,14,0.866882,0.0,True,False,wall,0.0,-5.0,-10.0
206,7795,-12.0,0,43,0.866443,0.0,True,False,wall,0.0,-2.0,-10.0
207,7812,-18.0,0,17,0.86627,0.0,True,False,wall,0.0,-8.0,-10.0
208,7832,-15.0,0,20,0.866066,0.0,True,False,wall,0.0,-5.0,-10.0
209,7865,-18.0,0,33,0.865729,0.0,True,False,wall,0.0,-8.0,-10.0
210,7897,-15.0,0,32,0.865403,0.0,True,False,wall,0.0,-5.0,-10.0
211,7949,-17.0,0,52,0.864873,0.0,True,False,wall,0.0,-7.0,-10.0
212,7971,-21.0,0,22,0.864649,0.0,True,False,wall,0.0,-11.0,-10.0
213,7994,-10.0,0,23,0.864415,0.0,True,False,wall,0.0,0.0,-10.0
214,8054,-13.0,0,60,0.863804,0.0,True,False,wall,0.0,-3.0,-10.0
215,8063,-8.0,0,9,0.863713,0.0,True,False,wall,0.0,2.0,-10.0
216,8073,-9.0,0,10,0.863611,0.0,True,False,wall,0.0,1.0,-10.0
217,8135,-9.0,0,62,0.862981,0.0,True,False,wall,0.0,1.0,-10.0
218,8177,-17.0,0,42,0.862554,0.0,True,False,wall,0.0,-7.0,-10.0
219,8225,-6.0,1,48,0.862067,0.0,True,False,wall,10.0,-6.0,-10.0
220,8241,-3.0,0,16,0.861904,0.0,True,False,wall,0.0,7.0,-10.0
221,8269,-8.0,1,28,0.86162,0.0,True,False,wall,10.0,-8.0,-10.0
222,8296,-16.0,0,27,0.861346,0.0,True,False,wall,0.0,-6.0,-10.0
223,8332,6.0,1,36,0.860981,0.0,True,False,wall,10.0,6.0,-10.0
224,8351,9.0,1,19,0.860789,0.0,True,False,wall,10.0,9.0,-10.0
225,8366,-14.0,0,15,0.860637,0.0,True,False,wall,0.0,-4.0,-10.0
226,8405,1.0,1,39,0.860241,0.0,True,False,wall,10.0,1.0,-10.0
227,8479,-13.0,0,74,0.859492,0.0,True,False,wall,0.0,-3.0,-10.0
228,8507,0.0,1,28,0.859209,0.0,True,False,wall,10.0,0.0,-10.0
229,8525,-17.0,0,18,0.859027,0.0,True,False,wall,0.0,-7.0,-10.0
230,8564,-8.0,0,39,0.858633,0.0,True,False,wall,0.0,2.0,-10.0
231,8619,0.0,0,55,0.858077,0.0,True,False,wall,0.0,10.0,-10.0
232,8650,-8.0,0,31,0.857764,0.0,True,False,wall,0.0,2.0,-10.0
233,8667,-16.0,0,17,0.857592,0.0,True,False,wall,0.0,-6.0,-10.0
234,8682,-10.0,0,15,0.857441,0.0,True,False,wall,0.0,0.0,-10.0
235,8815,-18.0,0,133,0.8561,0.0,True,False,wall,0.0,-8.0,-10.0
236,8873,-19.0,0,58,0.855515,0.0,True,False,wall,0.0,-9.0,-10.0
237,8925,4.0,1,52,0.854992,0.0,True,False,wall,10.0,4.0,-10.0
238,8964,-18.0,0,39,0.8546,0.0,True,False,wall,0.0,-8.0,-10.0
239,8987,-8.0,0,23,0.854368,0.0,True,False,wall,0.0,2.0,-10.0
240,9063,-19.0,0,76,0.853605,0.0,True,False,wall,0.0,-9.0,-10.0
241,9114,-14.0,0,51,0.853092,0.0,True,False,wall,0.0,-4.0,-10.0
242,9181,-10.0,0,67,0.85242,0.0,True,False,wall,0.0,0.0,-10.0
243,9241,-21.0,0,60,0.851818,0.0,True,False,wall,0.0,-11.0,-10.0
244,9264,-18.0,0,23,0.851588,0.0,True,False,wall,0.0,-8.0,-10.0
245,9275,-16.0,0,11,0.851478,0.0,True,False,wall,0.0,-6.0,-10.0
246,9284,-18.0,0,9,0.851388,0.0,True,False,wall,0.0,-8.0,-10.0
247,9318,-7.0,0,34,0.851047,0.0,True,False,wall,0.0,3.0,-10.0
248,9356,-15.0,0,38,0.850667,0.0,True,False,wall,0.0,-5.0,-10.0
249,9388,-17.0,0,32,0.850347,0.0,True,False,wall,0.0,-7.0,-10.0
250,9412,-19.0,0,24,0.850106,0.0,True,False,wall,0.0,-9.0,-10.0
251,9448,-17.0,0,36,0.849746,0.0,True,False,wall,0.0,-7.0,-10.0
252,9476,-23.0,0,28,0.849467,0.0,True,False,wall,0.0,-13.0,-10.0
253,9504,-23.0,0,28,0.849187,0.0,True,False,wall,0.0,-13.0,-10.0
254,9529,-16.0,0,25,0.848937,0.0,True,False,wall,0.0,-6.0,-10.0
255,9584,-8.0,0,55,0.848388,0.0,True,False,wall,0.0,2.0,-10.0
256,9617,3.0,1,33,0.848059,0.0,True,False,wall,10.0,3.0,-10.0
257,9653,-21.0,0,36,0.8477,0.0,True,False,wall,0.0,-11.0,-10.0
258,9676,1.0,1,23,0.84747,0.0,True,False,wall,10.0,1.0,-10.0
259,9698,-13.0,0,22,0.847251,0.0,True,False,wall,0.0,-3.0,-10.0
260,9727,-16.0,0,29,0.846962,0.0,True,False,wall,0.0,-6.0,-10.0
261,9813,-11.0,0,86,0.846106,0.0,True,False,wall,0.0,-1.0,-10.0
262,9859,-13.0,0,46,0.845648,0.0,True,False,wall,0.0,-3.0,-10.0
263,9907,-15.0,0,48,0.845171,0.0,True,False,wall,0.0,-5.0,-10.0
264,9938,-20.0,0,31,0.844863,0.0,True,False,wall,0.0,-10.0,-10.0
265,9971,-18.0,0,33,0.844535,0.0,True,False,wall,0.0,-8.0,-10.0
266,10078,-1.0,1,107,0.843473,4.4361,True,False,wall,10.0,-1.0,-10.0
267,10115,-14.0,0,37,0.843106,9.3948,True,False,wall,0.0,-4.0,-10.0
268,10146,-18.0,0,31,0.842799,2.766,True,False,wall,0.0,-8.0,-10.0
269,10162,-9.0,0,16,0.84264,1.7851,True,False,wall,0.0,1.0,-10.0
270,10180,-11.0,0,18,0.842462,2.1314,True,False,wall,0.0,-1.0,-10.0
271,10198,-19.0,0,18,0.842284,1.5439,True,False,wall,0.0,-9.0,-10.0
272,10243,-22.0,0,45,0.841838,1.279,True,False,wall,0.0,-12.0,-10.0
273,10263,-15.0,0,20,0.84164,0.9802,True,False,wall,0.0,-5.0,-10.0
274,10322,9.0,1,59,0.841057,0.941,True,False,wall,10.0,9.0,-10.0
275,10347,-10.0,0,25,0.84081,0.9414,True,False,wall,0.0,0.0,-10.0
276,10371,-9.0,0,24,0.840572,0.9383,True,False,wall,0.0,1.0,-10.0
277,10385,-5.0,0,14,0.840434,0.9072,True,False,wall,0.0,5.0,-10.0
278,10474,-12.0,0,89,0.839555,1.5888,True,False,wall,0.0,-2.0,-10.0
279,10506,-1.0,0,32,0.839239,2.4422,True,False,wall,0.0,9.0,-10.0
280,10566,-1.0,0,60,0.838648,1.9069,True,False,wall,0.0,9.0,-10.0
281,10615,-10.0,0,49,0.838165,1.386,True,False,wall,0.0,0.0,-10.0
282,10793,27.0,2,178,0.836413,1.0075,True,False,wall,20.0,17.0,-10.0
283,10817,-21.0,0,24,0.836177,0.9936,True,False,wall,0.0,-11.0,-10.0
284,10925,18.0,1,108,0.835117,1.5561,True,False,wall,10.0,18.0,-10.0
285,10946,-2.0,0,21,0.834911,1.075,True,False,wall,0.0,8.0,-10.0
286,10966,-19.0,0,20,0.834714,1.1001,True,False,wall,0.0,-9.0,-10.0
287,10979,-8.0,0,13,0.834587,0.9556,True,False,wall,0.0,2.0,-10.0
288,11064,0.0,0,85,0.833754,0.9392,True,False,wall,0.0,10.0,-10.0
289,11170,17.0,2,106,0.832716,1.1225,True,False,wall,20.0,7.0,-10.0
290,11205,-12.0,0,35,0.832374,1.0938,True,False,wall,0.0,-2.0,-10.0
291,11243,-13.0,0,38,0.832002,0.9737,True,False,wall,0.0,-3.0,-10.0
292,11271,-7.0,0,28,0.831728,1.0423,True,False,wall,0.0,3.0,-10.0
293,11305,-15.0,0,34,0.831396,0.7627,True,False,wall,0.0,-5.0,-10.0
294,11347,-3.0,0,42,0.830986,0.8305,True,False,wall,0.0,7.0,-10.0
295,11407,-11.0,0,60,0.830401,1.1794,True,False,wall,0.0,-1.0,-10.0
296,11441,6.0,1,34,0.830069,1.3376,True,False,wall,10.0,6.0,-10.0
297,11490,16.0,2,49,0.829591,1.111,True,False,wall,20.0,6.0,-10.0
298,11515,-4.0,0,25,0.829348,1.4383,True,False,wall,0.0,6.0,-10.0
299,11541,-5.0,0,26,0.829094,1.4177,True,False,wall,0.0,5.0,-10.0
300,11572,-2.0,0,31,0.828793,1.5683,True,False,wall,0.0,8.0,-10.0
301,11664,-11.0,0,92,0.827897,1.0457,True,False,wall,0.0,-1.0,-10.0
302,11759,3.0,1,95,0.826974,0.9592,True,False,wall,10.0,3.0,-10.0
303,11799,-11.0,0,40,0.826586,1.0203,True,False,wall,0.0,-1.0,-10.0
304,11871,26.0,1,72,0.825887,0.996,True,False,wall,10.0,26.0,-10.0
305,11988,49.0,3,117,0.824753,0.9257,True,False,body,30.0,29.0,-10.0
306,12005,-6.0,0,17,0.824589,0.8043,True,False,wall,0.0,4.0,-10.0
307,12159,6.0,1,154,0.823099,1.1226,True,False,wall,10.0,6.0,-10.0
308,12176,-18.0,0,17,0.822935,1.3924,True,False,wall,0.0,-8.0,-10.0
309,12232,-15.0,0,56,0.822394,1.2141,True,False,wall,0.0,-5.0,-10.0
310,12289,-1.0,1,57,0.821844,1.3772,True,False,wall,10.0,-1.0,-10.0
311,12334,2.0,0,45,0.82141,1.2107,True,False,wall,0.0,12.0,-10.0
312,12354,-1.0,0,20,0.821217,0.6824,True,False,wall,0.0,9.0,-10.0
313,12495,39.0,3,141,0.819859,1.1971,True,False,body,30.0,19.0,-10.0
314,12528,7.0,1,33,0.819541,1.1093,True,False,wall,10.0,7.0,-10.0
315,12570,-7.0,0,42,0.819138,1.4458,True,False,wall,0.0,3.0,-10.0
316,12581,-8.0,0,11,0.819032,1.7365,True,False,wall,0.0,2.0,-10.0
317,12624,-4.0,0,43,0.818619,1.6542,True,False,wall,0.0,6.0,-10.0
318,12715,-20.0,0,91,0.817745,1.227,True,False,wall,0.0,-10.0,-10.0
319,12794,16.0,2,79,0.816987,1.2564,True,False,wall,20.0,6.0,-10.0
320,12829,-2.0,0,35,0.816651,1.0937,True,False,wall,0.0,8.0,-10.0
321,12896,-4.0,0,67,0.81601,1.0421,True,False,wall,0.0,6.0,-10.0
322,12935,-6.0,0,39,0.815636,0.6134,True,False,wall,0.0,4.0,-10.0
323,12946,1.0,1,11,0.815531,0.6501,True,False,wall,10.0,1.0,-10.0
324,13001,19.0,1,55,0.815005,0.8164,True,False,wall,10.0,19.0,-10.0
325,13058,11.0,1,57,0.81446,0.9078,True,False,wall,10.0,11.0,-10.0
326,13112,-2.0,1,54,0.813944,0.9427,True,False,wall,10.0,-2.0,-10.0
327,13146,-11.0,0,34,0.81362,0.9859,True,False,wall,0.0,-1.0,-10.0
328,13231,-2.0,0,85,0.812809,1.284,True,False,wall,0.0,8.0,-10.0
329,13325,-11.0,0,94,0.811913,1.683,True,False,wall,0.0,-1.0,-10.0
330,13426,-2.0,0,101,0.810952,1.0473,True,False,wall,0.0,8.0,-10.0
331,13453,13.0,1,27,0.810695,1.0758,True,False,wall,10.0,13.0,-10.0
332,13678,24.0,2,225,0.808558,1.0491,True,False,wall,20.0,14.0,-10.0
333,13726,10.0,1,48,0.808103,0.8214,True,False,wall,10.0,10.0,-10.0
334,13782,-3.0,0,56,0.807573,0.693,True,False,wall,0.0,7.0,-10.0
335,13868,11.0,2,86,0.806759,0.8938,True,False,wall,20.0,1.0,-10.0
336,13913,-8.0,0,45,0.806333,1.1929,True,False,wall,0.0,2.0,-10.0
337,13966,5.0,1,53,0.805832,1.2365,True,False,wall,10.0,5.0,-10.0
338,14015,-6.0,0,49,0.80537,1.3001,True,False,wall,0.0,4.0,-10.0
339,14041,-5.0,0,26,0.805124,1.2827,True,False,wall,0.0,5.0,-10.0
340,14164,13.0,1,123,0.803964,1.2232,True,False,wall,10.0,13.0,-10.0
341,14190,6.0,1,26,0.803719,1.0509,True,False,wall,10.0,6.0,-10.0
342,14228,-15.0,0,38,0.803361,2.1872,True,False,wall,0.0,-5.0,-10.0
343,14254,8.0,1,26,0.803116,1.3597,True,False,wall,10.0,8.0,-10.0
344,14292,6.0,1,38,0.802759,1.5515,True,False,wall,10.0,6.0,-10.0
345,14352,-5.0,0,60,0.802194,1.0432,True,False,wall,0.0,5.0,-10.0
346,14385,2.0,0,33,0.801884,0.766,True,False,wall,0.0,12.0,-10.0
347,14444,15.0,1,59,0.80133,1.1305,True,False,wall,10.0,15.0,-10.0
348,14474,-5.0,0,30,0.801048,0.9979,True,False,wall,0.0,5.0,-10.0
349,14498,-9.0,0,24,0.800823,1.3561,True,False,wall,0.0,1.0,-10.0
350,14607,-12.0,0,109,0.799801,0.9447,True,False,wall,0.0,-2.0,-10.0
351,14632,-2.0,0,25,0.799566,0.8603,True,False,wall,0.0,8.0,-10.0
352,14723,9.0,1,91,0.798714,0.9211,True,False,wall,10.0,9.0,-10.0
353,14741,-5.0,0,18,0.798546,0.7942,True,False,wall,0.0,5.0,-10.0
354,14759,-1.0,0,18,0.798377,0.7107,True,False,wall,0.0,9.0,-10.0
355,14788,-22.0,0,29,0.798106,1.1943,True,False,wall,0.0,-12.0,-10.0
356,14798,-9.0,0,10,0.798013,1.331,True,False,wall,0.0,1.0,-10.0
357,14813,-6.0,0,15,0.797872,0.952,True,False,wall,0.0,4.0,-10.0
358,14836,-10.0,0,23,0.797657,0.7677,True,False,wall,0.0,0.0,-10.0
359,14857,-14.0,0,21,0.797461,1.3157,True,False,wall,0.0,-4.0,-10.0
360,14895,-3.0,0,38,0.797106,1.2253,True,False,wall,0.0,7.0,-10.0
361,14951,12.0,1,56,0.796583,1.0465,True,False,wall,10.0,12.0,-10.0
362,15025,36.0,3,74,0.795893,0.8953,True,False,body,30.0,16.0,-10.0
363,15056,11.0,1,31,0.795604,0.6449,True,False,wall,10.0,11.0,-10.0
364,15066,-17.0,0,10,0.795511,1.2225,True,False,wall,0.0,-7.0,-10.0
365,15102,-5.0,0,36,0.795176,0.8683,True,False,wall,0.0,5.0,-10.0
366,15125,11.0,1,23,0.794961,0.8388,True,False,wall,10.0,11.0,-10.0
367,15145,-11.0,0,20,0.794775,0.9212,True,False,wall,0.0,-1.0,-10.0
368,15181,21.0,2,36,0.79444,0.7781,True,False,wall,20.0,11.0,-10.0
369,15228,7.0,1,47,0.794003,1.1954,True,False,wall,10.0,7.0,-10.0
370,15398,8.0,1,170,0.792423,1.0068,True,False,wall,10.0,8.0,-10.0
371,15437,22.0,2,39,0.792062,1.2277,True,False,wall,20.0,12.0,-10.0
372,15511,9.0,2,74,0.791376,1.0582,True,False,wall,20.0,-1.0,-10.0
373,15554,-8.0,0,43,0.790977,1.3972,True,False,wall,0.0,2.0,-10.0
374,15575,-6.0,0,21,0.790783,2.1458,True,False,wall,0.0,4.0,-10.0
375,15633,8.0,1,58,0.790246,1.234,True,False,wall,10.0,8.0,-10.0
376,15685,2.0,1,52,0.789765,0.8734,True,False,wall,10.0,2.0,-10.0
377,15711,-11.0,0,26,0.789524,1.2015,True,False,wall,0.0,-1.0,-10.0
378,15751,-7.0,0,40,0.789155,0.9335,True,False,wall,0.0,3.0,-10.0
379,15761,-15.0,0,10,0.789062,0.729,True,False,wall,0.0,-5.0,-10.0
380,15783,6.0,1,22,0.788859,1.0208,True,False,wall,10.0,6.0,-10.0
381,15828,3.0,1,45,0.788444,0.8303,True,False,wall,10.0,3.0,-10.0
382,15905,13.0,1,77,0.787733,0.9749,True,False,wall,10.0,13.0,-10.0
383,15991,-7.0,0,86,0.786941,0.9865,True,False,wall,0.0,3.0,-10.0
384,16054,35.0,3,63,0.78636,0.9402,True,False,wall,30.0,15.0,-10.0
385,16118,31.0,2,64,0.785772,0.9821,True,False,wall,20.0,21.0,-10.0
386,16132,-15.0,0,14,0.785643,0.9106,True,False,wall,0.0,-5.0,-10.0
387,16156,-5.0,0,24,0.785422,1.131,True,False,wall,0.0,5.0,-10.0
388,16169,-2.0,0,13,0.785303,1.3602,True,False,wall,0.0,8.0,-10.0
389,16228,21.0,1,59,0.784761,1.1488,True,False,wall,10.0,21.0,-10.0
390,16253,-8.0,0,25,0.784531,1.4727,True,False,wall,0.0,2.0,-10.0
391,16308,-12.0,0,55,0.784026,1.2068,True,False,wall,0.0,-2.0,-10.0
392,16374,12.0,1,66,0.783421,1.0169,True,False,wall,10.0,12.0,-10.0
393,16451,-2.0,0,77,0.782715,0.9551,True,False,wall,0.0,8.0,-10.0
394,16474,-2.0,0,23,0.782505,1.0168,True,False,wall,0.0,8.0,-10.0
395,16507,-6.0,0,33,0.782203,0.9165,True,False,wall,0.0,4.0,-10.0
396,16557,4.0,1,50,0.781745,0.9583,True,False,wall,10.0,4.0,-10.0
397,16595,-5.0,0,38,0.781398,0.7922,True,False,wall,0.0,5.0,-10.0
398,16683,22.0,1,88,0.780594,0.9057,True,False,wall,10.0,22.0,-10.0
399,16813,11.0,2,130,0.779407,1.0516,True,False,wall,20.0,1.0,-10.0
400,16923,21.0,2,110,0.778405,1.2305,True,False,wall,20.0,11.0,-10.0
401,17055,25.0,2,132,0.777204,1.0912,True,False,wall,20.0,15.0,-10.0
402,17165,40.0,3,110,0.776205,0.9922,True,False,wall,30.0,20.0,-10.0
403,17196,-4.0,0,31,0.775924,0.8551,True,False,wall,0.0,6.0,-10.0
404,17225,-10.0,0,29,0.77566,1.3628,True,False,wall,0.0,0.0,-10.0
405,17246,-8.0,0,21,0.77547,0.9248,True,False,wall,0.0,2.0,-10.0
406,17295,-10.0,0,49,0.775026,1.1965,True,False,wall,0.0,0.0,-10.0
407,17339,13.0,2,44,0.774627,1.2495,True,False,wall,20.0,3.0,-10.0
408,17399,36.0,3,60,0.774084,1.1087,True,False,wall,30.0,16.0,-10.0
409,17437,-13.0,0,38,0.77374,1.1228,True,False,wall,0.0,-3.0,-10.0
410,17468,-6.0,0,31,0.77346,0.8063,True,False,wall,0.0,4.0,-10.0
411,17509,35.0,3,41,0.773089,0.9436,True,False,body,30.0,15.0,-10.0
412,17630,34.0,2,121,0.771996,1.0951,True,False,wall,20.0,24.0,-10.0
413,17642,-7.0,0,12,0.771888,1.0512,True,False,wall,0.0,3.0,-10.0
414,17685,3.0,1,43,0.7715,1.493,True,False,wall,10.0,3.0,-10.0
415,17703,-11.0,0,18,0.771338,1.2902,True,False,wall,0.0,-1.0,-10.0
416,17741,16.0,1,38,0.770995,1.0762,True,False,wall,10.0,16.0,-10.0
417,17759,10.0,1,18,0.770833,1.1729,True,False,wall,10.0,10.0,-10.0
418,17774,9.0,1,15,0.770698,1.5009,True,False,wall,10.0,9.0,-10.0
419,17830,-13.0,0,56,0.770193,1.2516,True,False,wall,0.0,-3.0,-10.0
420,17850,-3.0,0,20,0.770013,0.984,True,False,wall,0.0,7.0,-10.0
421,17938,42.0,3,88,0.769222,1.0377,True,False,wall,30.0,22.0,-10.0
422,18044,-17.0,0,106,0.768269,1.3498,True,False,wall,0.0,-7.0,-10.0
423,18216,27.0,2,172,0.766727,1.1127,True,False,wall,20.0,17.0,-10.0
424,18303,16.0,2,87,0.765948,1.3473,True,False,wall,20.0,6.0,-10.0
425,18374,28.0,2,71,0.765313,1.7894,True,False,wall,20.0,18.0,-10.0
426,18416,-5.0,0,42,0.764937,1.0758,True,False,wall,0.0,5.0,-10.0
427,18440,-5.0,0,24,0.764723,1.6297,True,False,wall,0.0,5.0,-10.0
428,18489,27.0,3,49,0.764285,1.0367,True,False,body,30.0,7.0,-10.0
429,18520,0.0,0,31,0.764008,1.0978,True,False,wall,0.0,10.0,-10.0
430,18547,11.0,1,27,0.763767,1.3065,True,False,wall,10.0,11.0,-10.0
431,18566,-4.0,0,19,0.763598,1.1471,True,False,wall,0.0,6.0,-10.0
432,18603,-4.0,0,37,0.763268,1.1276,True,False,wall,0.0,6.0,-10.0
433,18673,-11.0,0,70,0.762644,1.0107,True,False,wall,0.0,-1.0,-10.0
434,18745,37.0,2,72,0.762003,1.2299,True,False,wall,20.0,27.0,-10.0
435,18838,11.0,1,93,0.761176,1.1729,True,False,wall,10.0,11.0,-10.0
436,18887,9.0,1,49,0.76074,2.226,True,False,wall,10.0,9.0,-10.0
437,18989,23.0,2,102,0.759835,1.2141,True,False,wall,20.0,13.0,-10.0
438,19017,10.0,1,28,0.759586,0.9355,True,False,wall,10.0,10.0,-10.0
439,19127,14.0,1,110,0.758611,1.0604,True,False,wall,10.0,14.0,-10.0
440,19179,14.0,1,52,0.758151,1.3192,True,False,wall,10.0,14.0,-10.0
441,19214,-18.0,0,35,0.757841,1.2266,True,False,wall,0.0,-8.0,-10.0
442,19339,24.0,2,125,0.756736,1.5951,True,False,wall,20.0,14.0,-10.0
443,19428,7.0,1,89,0.75595,1.2625,True,False,wall,10.0,7.0,-10.0
444,19504,10.0,1,76,0.75528,1.389,True,False,wall,10.0,10.0,-10.0
445,19522,-3.0,0,18,0.755121,1.9571,True,False,wall,0.0,7.0,-10.0
446,19610,15.0,2,88,0.754346,1.6257,True,False,wall,20.0,5.0,-10.0
447,19701,45.0,3,91,0.753545,1.2789,True,False,wall,30.0,25.0,-10.0
448,19741,15.0,2,40,0.753194,1.5246,True,False,wall,20.0,5.0,-10.0
449,19889,23.0,2,148,0.751894,1.2292,True,False,wall,20.0,13.0,-10.0
450,20031,-8.0,1,142,0.750649,1.1408,True,False,wall,10.0,-8.0,-10.0
451,20048,-14.0,0,17,0.7505,1.3175,True,False,wall,0.0,-4.0,-10.0
452,20106,21.0,2,58,0.749993,1.3005,True,False,wall,20.0,11.0,-10.0
453,20263,32.0,2,157,0.74862,1.4577,True,False,wall,20.0,22.0,-10.0
454,20289,4.0,1,26,0.748393,1.2033,True,False,wall,10.0,4.0,-10.0
455,20307,8.0,1,18,0.748236,1.9156,True,False,wall,10.0,8.0,-10.0
456,20385,1.0,0,78,0.747556,1.7131,True,False,wall,0.0,11.0,-10.0
457,20414,20.0,2,29,0.747303,1.367,True,False,wall,20.0,10.0,-10.0
458,20543,33.0,3,129,0.746179,1.4706,True,False,body,30.0,13.0,-10.0
459,20564,3.0,1,21,0.745997,1.1507,True,False,wall,10.0,3.0,-10.0
460,20689,35.0,3,125,0.74491,1.0046,True,False,body,30.0,15.0,-10.0
461,20785,8.0,1,96,0.744077,1.4465,True,False,wall,10.0,8.0,-10.0
462,20806,-8.0,0,21,0.743894,1.5795,True,False,wall,0.0,2.0,-10.0
463,20903,0.0,0,97,0.743054,1.6669,True,False,wall,0.0,10.0,-10.0
464,20965,-3.0,0,62,0.742517,1.5466,True,False,wall,0.0,7.0,-10.0
465,20978,7.0,1,13,0.742404,1.0129,True,False,wall,10.0,7.0,-10.0
466,21016,3.0,0,38,0.742075,1.2642,True,False,wall,0.0,13.0,-10.0
467,21039,-2.0,0,23,0.741876,1.6799,True,False,wall,0.0,8.0,-10.0
468,21089,23.0,2,50,0.741444,0.9604,True,False,wall,20.0,13.0,-10.0
469,21202,45.0,3,113,0.740468,1.4078,True,False,wall,30.0,25.0,-10.0
470,21231,-6.0,0,29,0.740218,2.7406,True,False,wall,0.0,4.0,-10.0
471,21342,24.0,2,111,0.739261,1.3024,True,False,wall,20.0,14.0,-10.0
472,21416,52.0,3,74,0.738624,1.065,True,False,wall,30.0,32.0,-10.0
473,21434,-13.0,0,18,0.738469,1.2944,True,False,wall,0.0,-3.0,-10.0
474,21496,32.0,3,62,0.737935,1.1699,True,False,body,30.0,12.0,-10.0
475,21551,32.0,2,55,0.737462,2.5216,True,False,wall,20.0,22.0,-10.0
476,21645,29.0,2,94,0.736655,1.3227,True,False,wall,20.0,19.0,-10.0
477,21839,80.0,5,194,0.734992,1.1465,True,False,body,50.0,40.0,-10.0
478,21918,7.0,1,79,0.734316,1.3164,True,False,wall,10.0,7.0,-10.0
479,22027,50.0,4,109,0.733384,1.4985,True,False,body,40.0,20.0,-10.0
480,22042,0.0,0,15,0.733256,1.5097,True,False,wall,0.0,10.0,-10.0
481,22096,10.0,1,54,0.732795,1.86,True,False,wall,10.0,10.0,-10.0
482,22123,-4.0,0,27,0.732565,0.963,True,False,wall,0.0,6.0,-10.0
483,22220,35.0,3,97,0.731738,1.4055,True,False,wall,30.0,15.0,-10.0
484,22273,11.0,1,53,0.731286,1.3366,True,False,wall,10.0,11.0,-10.0
485,22332,-2.0,0,59,0.730784,1.2245,True,False,wall,0.0,8.0,-10.0
486,22388,6.0,1,56,0.730307,3.0555,True,False,wall,10.0,6.0,-10.0
487,22444,3.0,0,56,0.729831,1.6052,True,False,wall,0.0,13.0,-10.0
488,22507,23.0,1,63,0.729296,1.3122,True,False,wall,10.0,23.0,-10.0
489,22586,41.0,3,79,0.728626,1.0011,True,False,body,30.0,21.0,-10.0
490,22620,16.0,1,34,0.728337,1.0009,True,False,wall,10.0,16.0,-10.0
491,22663,9.0,1,43,0.727973,1.1426,True,False,wall,10.0,9.0,-10.0
492,22689,14.0,1,26,0.727753,1.0089,True,False,wall,10.0,14.0,-10.0
493,22726,-8.0,0,37,0.727439,1.0243,True,False,wall,0.0,2.0,-10.0
494,22762,-3.0,0,36,0.727134,1.2998,True,False,wall,0.0,7.0,-10.0
495,22782,6.0,1,20,0.726965,1.3079,True,False,wall,10.0,6.0,-10.0
496,22842,14.0,1,60,0.726458,2.0352,True,False,wall,10.0,14.0,-10.0
497,22909,36.0,2,67,0.725891,1.4548,True,False,wall,20.0,26.0,-10.0
498,22986,-2.0,0,77,0.725241,1.2403,True,False,wall,0.0,8.0,-10.0
499,23078,44.0,3,92,0.724465,1.7006,True,False,body,30.0,24.0,-10.0
500,23164,-11.0,0,86,0.72374,1.2348,True,False,wall,0.0,-1.0,-10.0
501,23215,2.0,0,51,0.723311,1.139,True,False,wall,0.0,12.0,-10.0
502,23242,-2.0,0,27,0.723084,2.0936,True,False,wall,0.0,8.0,-10.0
503,23289,3.0,1,47,0.722688,2.3504,True,False,wall,10.0,3.0,-10.0
504,23373,32.0,3,84,0.721982,1.3187,True,False,body,30.0,12.0,-10.0
505,23523,33.0,2,150,0.720724,0.998,True,False,wall,20.0,23.0,-10.0
506,23585,2.0,1,62,0.720204,1.4117,True,False,wall,10.0,2.0,-10.0
507,23681,42.0,3,96,0.7194,1.5614,True,False,body,30.0,22.0,-10.0
508,23698,-4.0,0,17,0.719258,1.2642,True,False,wall,0.0,6.0,-10.0
509,23730,19.0,2,32,0.71899,1.3441,True,False,wall,20.0,9.0,-10.0
510,23764,12.0,1,34,0.718706,1.0833,True,False,wall,10.0,12.0,-10.0
511,23798,-7.0,0,34,0.718422,0.9724,True,False,wall,0.0,3.0,-10.0
512,23821,9.0,1,23,0.71823,1.5316,True,False,wall,10.0,9.0,-10.0
513,23838,-14.0,0,17,0.718088,1.4451,True,False,wall,0.0,-4.0,-10.0
514,23885,12.0,2,47,0.717696,1.4273,True,False,wall,20.0,2.0,-10.0
515,23914,-4.0,0,29,0.717454,1.242,True,False,wall,0.0,6.0,-10.0
516,23989,16.0,2,75,0.716828,1.887,True,False,wall,20.0,6.0,-10.0
517,24046,16.0,2,57,0.716353,1.1444,True,False,wall,20.0,6.0,-10.0
518,24062,-9.0,0,16,0.71622,1.3682,True,False,wall,0.0,1.0,-10.0
519,24139,29.0,3,77,0.715579,1.2029,True,False,wall,30.0,9.0,-10.0
520,24160,-3.0,1,21,0.715404,1.6882,True,False,wall,10.0,-3.0,-10.0
521,24241,13.0,1,81,0.714731,1.5094,True,False,wall,10.0,13.0,-10.0
522,24281,22.0,1,40,0.714399,1.0873,True,False,wall,10.0,22.0,-10.0
523,24413,57.0,4,132,0.713303,1.3821,True,False,body,40.0,27.0,-10.0
524,24530,47.0,3,117,0.712334,1.4081,True,False,body,30.0,27.0,-10.0
525,24584,19.0,2,54,0.711887,1.3159,True,False,wall,20.0,9.0,-10.0
526,24624,6.0,1,40,0.711556,1.209,True,False,wall,10.0,6.0,-10.0
527,24645,-12.0,0,21,0.711382,1.6325,True,False,wall,0.0,-2.0,-10.0
528,24734,30.0,2,89,0.710647,1.497,True,False,wall,20.0,20.0,-10.0
529,24765,7.0,1,31,0.710391,1.0435,True,False,wall,10.0,7.0,-10.0
530,24816,49.0,3,51,0.70997,1.3544,True,False,body,30.0,29.0,-10.0
531,24872,10.0,1,56,0.709508,1.8053,True,False,wall,10.0,10.0,-10.0
532,24925,37.0,3,53,0.709072,1.8156,True,False,body,30.0,17.0,-10.0
533,24975,27.0,2,50,0.70866,1.4608,True,False,wall,20.0,17.0,-10.0
534,25001,-13.0,0,26,0.708446,1.0735,True,False,wall,0.0,-3.0,-10.0
535,25059,10.0,1,58,0.707969,1.232,True,False,wall,10.0,10.0,-10.0
536,25167,10.0,1,108,0.707081,1.7804,True,False,wall,10.0,10.0,-10.0
537,25234,7.0,1,67,0.706531,1.1067,True,False,wall,10.0,7.0,-10.0
538,25295,28.0,2,61,0.70603,1.4374,True,False,wall,20.0,18.0,-10.0
539,25388,28.0,2,93,0.705268,1.4078,True,False,wall,20.0,18.0,-10.0
540,25452,31.0,2,64,0.704744,0.9362,True,False,wall,20.0,21.0,-10.0
541,25479,-16.0,0,27,0.704523,1.5619,True,False,wall,0.0,-6.0,-10.0
542,25542,-8.0,0,63,0.704008,1.8022,True,False,wall,0.0,2.0,-10.0
543,25573,24.0,2,31,0.703755,1.3545,True,False,wall,20.0,14.0,-10.0
544,25658,43.0,3,85,0.70306,0.9618,True,False,body,30.0,23.0,-10.0
545,25785,-8.0,0,127,0.702025,1.8002,True,False,wall,0.0,2.0,-10.0
546,25807,8.0,1,22,0.701845,1.3515,True,False,wall,10.0,8.0,-10.0
547,25868,24.0,2,61,0.701348,0.8767,True,False,wall,20.0,14.0,-10.0
548,25889,9.0,1,21,0.701178,0.958,True,False,wall,10.0,9.0,-10.0
549,25945,-5.0,0,56,0.700722,0.9219,True,False,wall,0.0,5.0,-10.0
550,26057,35.0,2,112,0.699811,1.2286,True,False,wall,20.0,25.0,-10.0
551,26078,3.0,1,21,0.699641,1.0301,True,False,wall,10.0,3.0,-10.0
552,26111,5.0,1,33,0.699373,1.362,True,False,wall,10.0,5.0,-10.0
553,26172,28.0,2,61,0.698878,1.3995,True,False,wall,20.0,18.0,-10.0
554,26206,6.0,1,34,0.698602,1.1011,True,False,wall,10.0,6.0,-10.0
555,26224,-3.0,0,18,0.698456,1.8229,True,False,wall,0.0,7.0,-10.0
556,26296,0.0,1,72,0.697873,1.5524,True,False,wall,10.0,0.0,-10.0
557,26383,35.0,3,87,0.697169,0.8192,True,False,body,30.0,15.0,-10.0
558,26418,9.0,1,35,0.696886,0.7562,True,False,wall,10.0,9.0,-10.0
559,26434,10.0,1,16,0.696756,1.0381,True,False,wall,10.0,10.0,-10.0
560,26488,18.0,1,54,0.69632,0.9691,True,False,wall,10.0,18.0,-10.0
561,26502,-1.0,0,14,0.696207,0.8815,True,False,wall,0.0,9.0,-10.0
562,26545,0.0,0,43,0.69586,1.2747,True,False,wall,0.0,10.0,-10.0
563,26559,-3.0,0,14,0.695747,1.1356,True,False,wall,0.0,7.0,-10.0
564,26593,-1.0,0,34,0.695472,1.0046,True,False,wall,0.0,9.0,-10.0
565,26619,12.0,1,26,0.695263,0.8538,True,False,wall,10.0,12.0,-10.0
566,26664,9.0,1,45,0.6949,0.9532,True,False,wall,10.0,9.0,-10.0
567,26705,5.0,1,41,0.694569,1.3987,True,False,wall,10.0,5.0,-10.0
568,26726,-2.0,0,21,0.6944,2.6761,True,False,wall,0.0,8.0,-10.0
569,26800,32.0,3,74,0.693804,1.9274,True,False,body,30.0,12.0,-10.0
570,26815,-12.0,0,15,0.693684,1.2125,True,False,wall,0.0,-2.0,-10.0
571,26877,-1.0,0,62,0.693185,1.019,True,False,wall,0.0,9.0,-10.0
572,26893,-3.0,0,16,0.693056,0.6844,True,False,wall,0.0,7.0,-10.0
573,26927,8.0,1,34,0.692783,0.7128,True,False,wall,10.0,8.0,-10.0
574,26991,35.0,2,64,0.692269,0.9419,True,False,wall,20.0,25.0,-10.0
575,27060,9.0,1,69,0.691715,1.292,True,False,wall,10.0,9.0,-10.0
576,27139,37.0,3,79,0.691082,1.2402,True,False,body,30.0,17.0,-10.0
577,27259,8.0,1,120,0.690121,1.3922,True,False,wall,10.0,8.0,-10.0
578,27360,39.0,3,101,0.689313,0.9753,True,False,body,30.0,19.0,-10.0
579,27476,38.0,3,116,0.688387,1.3262,True,False,body,30.0,18.0,-10.0
580,27500,-7.0,0,24,0.688196,1.155,True,False,wall,0.0,3.0,-10.0
581,27556,-3.0,0,56,0.687749,1.0884,True,False,wall,0.0,7.0,-10.0
582,27610,8.0,1,54,0.687319,1.225,True,False,wall,10.0,8.0,-10.0
583,27728,32.0,3,118,0.686379,1.0954,True,False,wall,30.0,12.0,-10.0
584,27793,19.0,1,65,0.685862,1.1875,True,False,wall,10.0,19.0,-10.0
585,27812,-4.0,0,19,0.685711,1.9346,True,False,wall,0.0,6.0,-10.0
586,27883,24.0,2,71,0.685148,1.8615,True,False,wall,20.0,14.0,-10.0
587,27955,33.0,2,72,0.684576,1.0292,True,False,wall,20.0,23.0,-10.0
588,28032,41.0,3,77,0.683966,1.0205,True,False,wall,30.0,21.0,-10.0
589,28046,-5.0,0,14,0.683855,1.649,True,False,wall,0.0,5.0,-10.0
590,28065,-4.0,0,19,0.683704,1.2787,True,False,wall,0.0,6.0,-10.0
591,28096,-6.0,0,31,0.683459,1.1816,True,False,wall,0.0,4.0,-10.0
592,28135,22.0,2,39,0.68315,0.9728,True,False,wall,20.0,12.0,-10.0
593,28192,19.0,1,57,0.682699,0.8541,True,False,wall,10.0,19.0,-10.0
594,28213,0.0,0,21,0.682533,1.2162,True,False,wall,0.0,10.0,-10.0
595,28309,33.0,2,96,0.681774,1.5302,True,False,wall,20.0,23.0,-10.0
596,28382,34.0,2,73,0.681198,1.0967,True,False,wall,20.0,24.0,-10.0
597,28403,7.0,1,21,0.681032,1.0539,True,False,wall,10.0,7.0,-10.0
598,28499,32.0,3,96,0.680276,1.1641,True,False,body,30.0,12.0,-10.0
599,28612,51.0,3,113,0.679386,1.0692,True,False,body,30.0,31.0,-10.0
600,28642,8.0,1,30,0.67915,1.1504,True,False,wall,10.0,8.0,-10.0
601,28656,-3.0,0,14,0.67904,1.276,True,False,wall,0.0,7.0,-10.0
602,28725,37.0,3,69,0.678498,1.2093,True,False,body,30.0,17.0,-10.0
603,28753,21.0,2,28,0.678278,0.7986,True,False,wall,20.0,11.0,-10.0
604,28766,-4.0,0,13,0.678176,0.6747,True,False,wall,0.0,6.0,-10.0
605,28777,7.0,1,11,0.678089,0.6466,True,False,wall,10.0,7.0,-10.0
606,28823,14.0,1,46,0.677728,0.9825,True,False,wall,10.0,14.0,-10.0
607,28940,60.0,4,117,0.676811,1.0599,True,False,body,40.0,30.0,-10.0
608,28963,-2.0,0,23,0.676631,0.9939,True,False,wall,0.0,8.0,-10.0
609,29014,26.0,2,51,0.676231,1.1794,True,False,wall,20.0,16.0,-10.0
610,29084,44.0,3,70,0.675684,2.8812,True,False,wall,30.0,24.0,-10.0
611,29127,18.0,2,43,0.675347,1.7181,True,False,wall,20.0,8.0,-10.0
612,29148,-6.0,0,21,0.675183,1.5221,True,False,wall,0.0,4.0,-10.0
613,29197,7.0,1,49,0.6748,1.1607,True,False,wall,10.0,7.0,-10.0
614,29248,14.0,2,51,0.674402,0.8675,True,False,wall,20.0,4.0,-10.0
615,29341,49.0,3,93,0.673677,0.9125,True,False,wall,30.0,29.0,-10.0
616,29393,18.0,1,52,0.673272,0.9645,True,False,wall,10.0,18.0,-10.0
617,29454,11.0,1,61,0.672796,0.8112,True,False,wall,10.0,11.0,-10.0
618,29517,33.0,3,63,0.672306,0.7526,True,False,body,30.0,13.0,-10.0
619,29537,12.0,1,20,0.672151,0.8308,True,False,wall,10.0,12.0,-10.0
620,29572,22.0,2,35,0.671879,0.7564,True,False,wall,20.0,12.0,-10.0
621,29599,-2.0,0,27,0.671669,1.2719,True,False,wall,0.0,8.0,-10.0
622,29632,-6.0,0,33,0.671412,1.6577,True,False,wall,0.0,4.0,-10.0
623,29660,8.0,1,28,0.671195,1.4434,True,False,wall,10.0,8.0,-10.0
624,29705,1.0,1,45,0.670846,1.2495,True,False,wall,10.0,1.0,-10.0
625,29723,-3.0,0,18,0.670706,1.2662,True,False,wall,0.0,7.0,-10.0
626,29744,-4.0,0,21,0.670543,1.4185,True,False,wall,0.0,6.0,-10.0
627,29843,36.0,2,99,0.669775,1.7337,True,False,wall,20.0,26.0,-10.0
628,29857,-9.0,0,14,0.669667,1.2383,True,False,wall,0.0,1.0,-10.0
629,29881,-9.0,0,24,0.669481,1.3057,True,False,wall,0.0,1.0,-10.0
630,29936,35.0,3,55,0.669055,1.085,True,False,body,30.0,15.0,-10.0
631,29992,17.0,2,56,0.668622,0.8434,True,False,wall,20.0,7.0,-10.0
632,30061,34.0,2,69,0.668089,1.3344,True,False,wall,20.0,24.0,-10.0
633,30159,10.0,1,98,0.667332,1.3081,True,False,wall,10.0,10.0,-10.0
634,30244,-2.0,0,85,0.666677,1.0381,True,False,wall,0.0,8.0,-10.0
635,30322,44.0,3,78,0.666076,0.9506,True,False,body,30.0,24.0,-10.0
636,30339,-4.0,0,17,0.665945,1.03,True,False,wall,0.0,6.0,-10.0
637,30399,25.0,2,60,0.665483,1.1342,True,False,wall,20.0,15.0,-10.0
638,30431,8.0,1,32,0.665237,0.9987,True,False,wall,10.0,8.0,-10.0
639,30454,-2.0,0,23,0.66506,0.9696,True,False,wall,0.0,8.0,-10.0
640,30529,-3.0,1,75,0.664484,0.9216,True,False,wall,10.0,-3.0,-10.0
641,30631,28.0,3,102,0.663701,1.5046,True,False,body,30.0,8.0,-10.0
642,30755,19.0,2,124,0.66275,0.8957,True,False,wall,20.0,9.0,-10.0
643,30845,38.0,3,90,0.662061,1.0914,True,False,body,30.0,18.0,-10.0
644,30955,61.0,4,110,0.66122,1.1179,True,False,body,40.0,31.0,-10.0
645,30986,7.0,1,31,0.660983,0.8822,True,False,wall,10.0,7.0,-10.0
646,31088,47.0,4,102,0.660205,0.9452,True,False,body,40.0,17.0,-10.0
647,31176,18.0,1,88,0.659534,1.1359,True,False,wall,10.0,18.0,-10.0
648,31283,57.0,3,107,0.658719,0.9888,True,False,body,30.0,37.0,-10.0
649,31323,14.0,1,40,0.658415,1.0197,True,False,wall,10.0,14.0,-10.0
650,31400,23.0,1,77,0.65783,1.0644,True,False,wall,10.0,23.0,-10.0
651,31423,-2.0,0,23,0.657655,1.4028,True,False,wall,0.0,8.0,-10.0
652,31441,-5.0,0,18,0.657518,1.1164,True,False,wall,0.0,5.0,-10.0
653,31451,-5.0,0,10,0.657442,1.1437,True,False,wall,0.0,5.0,-10.0
654,31461,-3.0,0,10,0.657366,1.0128,True,False,wall,0.0,7.0,-10.0
655,31531,40.0,3,70,0.656835,1.475,True,False,body,30.0,20.0,-10.0
656,31556,7.0,1,25,0.656646,1.249,True,False,wall,10.0,7.0,-10.0
657,31589,9.0,1,33,0.656395,1.5189,True,False,wall,10.0,9.0,-10.0
658,31610,-4.0,0,21,0.656236,1.4794,True,False,wall,0.0,6.0,-10.0
659,31622,-5.0,0,12,0.656145,1.4385,True,False,wall,0.0,5.0,-10.0
660,31635,7.0,1,13,0.656047,1.3333,True,False,wall,10.0,7.0,-10.0
661,31708,47.0,3,73,0.655494,1.0806,True,False,wall,30.0,27.0,-10.0
662,31766,37.0,2,58,0.655055,1.2245,True,False,wall,20.0,27.0,-10.0
663,31788,-5.0,0,22,0.654889,0.9594,True,False,wall,0.0,5.0,-10.0
664,31808,1.0,0,20,0.654738,1.3443,True,False,wall,0.0,11.0,-10.0
665,31834,10.0,1,26,0.654541,1.8182,True,False,wall,10.0,10.0,-10.0
666,31949,40.0,2,115,0.653673,1.1752,True,False,wall,20.0,30.0,-10.0
667,32153,78.0,5,204,0.652135,1.0582,True,False,body,50.0,38.0,-10.0
668,32215,12.0,1,62,0.651669,0.9948,True,False,wall,10.0,12.0,-10.0
669,32328,58.0,4,113,0.65082,0.9792,True,False,body,40.0,28.0,-10.0
670,32424,34.0,3,96,0.650099,0.808,True,False,body,30.0,14.0,-10.0
671,32452,-5.0,0,28,0.649889,1.0344,True,False,wall,0.0,5.0,-10.0
672,32519,24.0,2,67,0.649387,0.8794,True,False,wall,20.0,14.0,-10.0
673,32574,38.0,2,55,0.648975,1.2063,True,False,wall,20.0,28.0,-10.0
674,32634,38.0,3,60,0.648526,1.1059,True,False,body,30.0,18.0,-10.0
675,32773,36.0,2,139,0.647487,1.0925,True,False,wall,20.0,26.0,-10.0
676,32817,8.0,1,44,0.647158,1.0288,True,False,wall,10.0,8.0,-10.0
677,32830,-2.0,0,13,0.647061,1.0375,True,False,wall,0.0,8.0,-10.0
678,32852,-7.0,0,22,0.646897,0.9026,True,False,wall,0.0,3.0,-10.0
679,32865,-8.0,0,13,0.6468,0.9941,True,False,wall,0.0,2.0,-10.0
680,32879,6.0,1,14,0.646696,0.8351,True,False,wall,10.0,6.0,-10.0
681,32907,8.0,1,28,0.646487,0.8221,True,False,wall,10.0,8.0,-10.0
682,33029,31.0,2,122,0.645578,1.0028,True,False,wall,20.0,21.0,-10.0
683,33108,9.0,1,79,0.64499,0.8219,True,False,wall,10.0,9.0,-10.0
684,33163,36.0,2,55,0.644581,1.1389,True,False,wall,20.0,26.0,-10.0
685,33237,52.0,3,74,0.644031,1.1947,True,False,body,30.0,32.0,-10.0
686,33336,30.0,2,99,0.643297,1.3591,True,False,wall,20.0,20.0,-10.0
687,33353,-8.0,0,17,0.643171,1.1047,True,False,wall,0.0,2.0,-10.0
688,33433,8.0,1,80,0.642578,1.1151,True,False,wall,10.0,8.0,-10.0
689,33498,9.0,1,65,0.642097,1.4195,True,False,wall,10.0,9.0,-10.0
690,33685,49.0,3,187,0.640714,0.8646,True,False,body,30.0,29.0,-10.0
691,33716,-4.0,0,31,0.640485,1.2027,True,False,wall,0.0,6.0,-10.0
692,33773,35.0,3,57,0.640065,1.016,True,False,wall,30.0,15.0,-10.0
693,33821,23.0,2,48,0.639711,0.7623,True,False,wall,20.0,13.0,-10.0
694,33851,-5.0,0,30,0.63949,0.6779,True,False,wall,0.0,5.0,-10.0
695,33888,9.0,1,37,0.639217,1.0292,True,False,wall,10.0,9.0,-10.0
696,33921,16.0,2,33,0.638974,0.9323,True,False,wall,20.0,6.0,-10.0
697,33970,11.0,1,49,0.638613,0.7207,True,False,wall,10.0,11.0,-10.0
698,33984,8.0,1,14,0.63851,0.8169,True,False,wall,10.0,8.0,-10.0
699,34002,-11.0,0,18,0.638378,0.887,True,False,wall,0.0,-1.0,-10.0
700,34041,15.0,1,39,0.638091,0.8587,True,False,wall,10.0,15.0,-10.0
701,34084,29.0,3,43,0.637775,0.8802,True,False,body,30.0,9.0,-10.0
702,34116,6.0,1,32,0.63754,1.1874,True,False,wall,10.0,6.0,-10.0
703,34178,36.0,3,62,0.637085,0.9171,True,False,body,30.0,16.0,-10.0
704,34208,10.0,1,30,0.636865,1.0865,True,False,wall,10.0,10.0,-10.0
705,34300,23.0,2,92,0.63619,1.1439,True,False,wall,20.0,13.0,-10.0
706,34409,72.0,4,109,0.635392,0.996,True,False,body,40.0,42.0,-10.0
707,34458,17.0,1,49,0.635034,1.2172,True,False,wall,10.0,17.0,-10.0
708,34495,0.0,0,37,0.634763,0.9461,True,False,wall,0.0,10.0,-10.0
709,34531,10.0,1,36,0.6345,1.1232,True,False,wall,10.0,10.0,-10.0
710,34563,-5.0,0,32,0.634267,0.8777,True,False,wall,0.0,5.0,-10.0
711,34657,42.0,3,94,0.63358,1.0556,True,False,wall,30.0,22.0,-10.0
712,34695,1.0,0,38,0.633303,0.9839,True,False,wall,0.0,11.0,-10.0
713,34726,32.0,2,31,0.633077,1.0263,True,False,wall,20.0,22.0,-10.0
714,34751,-12.0,0,25,0.632895,1.0608,True,False,wall,0.0,-2.0,-10.0
715,34767,6.0,1,16,0.632779,0.997,True,False,wall,10.0,6.0,-10.0
716,34860,30.0,2,93,0.632101,0.9424,True,False,wall,20.0,20.0,-10.0
717,34943,37.0,3,83,0.631498,0.9344,True,False,body,30.0,17.0,-10.0
718,34975,15.0,2,32,0.631265,0.942,True,False,wall,20.0,5.0,-10.0
719,35027,38.0,3,52,0.630888,0.9164,True,False,body,30.0,18.0,-10.0
720,35047,10.0,1,20,0.630742,0.9513,True,False,wall,10.0,10.0,-10.0
721,35075,4.0,1,28,0.630539,0.8067,True,False,wall,10.0,4.0,-10.0
722,35096,11.0,1,21,0.630387,0.7329,True,False,wall,10.0,11.0,-10.0
723,35126,-5.0,0,30,0.630169,0.9311,True,False,wall,0.0,5.0,-10.0
724,35141,9.0,1,15,0.63006,1.0128,True,False,wall,10.0,9.0,-10.0
725,35155,-3.0,0,14,0.629959,1.0508,True,False,wall,0.0,7.0,-10.0
726,35192,13.0,1,37,0.629691,0.9261,True,False,wall,10.0,13.0,-10.0
727,35209,5.0,1,17,0.629568,0.8991,True,False,wall,10.0,5.0,-10.0
728,35228,-1.0,1,19,0.62943,1.0712,True,False,wall,10.0,-1.0,-10.0
729,35250,10.0,1,22,0.629271,0.979,True,False,wall,10.0,10.0,-10.0
730,35386,89.0,6,136,0.628287,1.1521,True,False,wall,60.0,39.0,-10.0
731,35473,64.0,4,87,0.627658,1.0616,True,False,wall,40.0,34.0,-10.0
732,35597,79.0,6,124,0.626763,0.8245,True,False,body,60.0,29.0,-10.0
733,35658,23.0,1,61,0.626324,0.8998,True,False,wall,10.0,23.0,-10.0
734,35707,41.0,3,49,0.625971,1.1328,True,False,body,30.0,21.0,-10.0
735,35720,2.0,0,13,0.625877,0.7996,True,False,wall,0.0,12.0,-10.0
736,35745,7.0,1,25,0.625697,1.1766,True,False,wall,10.0,7.0,-10.0
737,35807,20.0,1,62,0.625251,1.2656,True,False,wall,10.0,20.0,-10.0
738,35837,38.0,3,30,0.625036,1.1233,True,False,body,30.0,18.0,-10.0
739,35991,78.0,5,154,0.62393,1.1324,True,False,body,50.0,38.0,-10.0
740,36038,20.0,2,47,0.623593,0.9046,True,False,wall,20.0,10.0,-10.0
741,36061,-8.0,0,23,0.623428,1.0105,True,False,wall,0.0,2.0,-10.0
742,36079,-3.0,0,18,0.623299,1.0552,True,False,wall,0.0,7.0,-10.0
743,36197,48.0,3,118,0.622454,1.0761,True,False,body,30.0,28.0,-10.0
744,36220,7.0,1,23,0.622289,1.3981,True,False,wall,10.0,7.0,-10.0
745,36262,27.0,2,42,0.621989,0.9929,True,False,wall,20.0,17.0,-10.0
746,36302,-1.0,0,40,0.621703,0.8389,True,False,wall,0.0,9.0,-10.0
747,36393,37.0,3,91,0.621053,0.8196,True,False,wall,30.0,17.0,-10.0
748,36417,-3.0,0,24,0.620882,0.7128,True,False,wall,0.0,7.0,-10.0
749,36442,14.0,2,25,0.620703,0.6124,True,False,wall,20.0,4.0,-10.0
750,36498,24.0,1,56,0.620304,0.6029,True,False,wall,10.0,24.0,-10.0
751,36578,62.0,3,80,0.619734,0.6898,True,False,body,30.0,42.0,-10.0
752,36617,33.0,3,39,0.619456,0.684,True,False,wall,30.0,13.0,-10.0
753,36690,41.0,3,73,0.618937,0.6804,True,False,body,30.0,21.0,-10.0
754,36804,66.0,5,114,0.618127,0.8267,True,False,body,50.0,26.0,-10.0
755,36877,36.0,2,73,0.617609,0.8238,True,False,wall,20.0,26.0,-10.0
756,36900,-4.0,0,23,0.617446,0.8118,True,False,wall,0.0,6.0,-10.0
757,36942,32.0,3,42,0.617148,0.8285,True,False,wall,30.0,12.0,-10.0
758,37045,43.0,3,103,0.616418,1.0052,True,False,body,30.0,23.0,-10.0
759,37204,100.0,6,159,0.615293,0.8375,True,False,wall,60.0,50.0,-10.0
760,37222,-7.0,0,18,0.615166,0.8543,True,False,wall,0.0,3.0,-10.0
761,37286,19.0,2,64,0.614714,0.6484,True,False,wall,20.0,9.0,-10.0
762,37331,24.0,2,45,0.614397,0.7027,True,False,wall,20.0,14.0,-10.0
763,37366,0.0,0,35,0.61415,0.7682,True,False,wall,0.0,10.0,-10.0
764,37383,-12.0,0,17,0.61403,0.9024,True,False,wall,0.0,-2.0,-10.0
765,37434,47.0,3,51,0.61367,1.0453,True,False,body,30.0,27.0,-10.0
766,37444,-13.0,0,10,0.6136,0.8927,True,False,wall,0.0,-3.0,-10.0
767,37483,3.0,1,39,0.613325,0.8332,True,False,wall,10.0,3.0,-10.0
768,37565,33.0,2,82,0.612748,0.8146,True,False,wall,20.0,23.0,-10.0
769,37606,19.0,1,41,0.61246,0.876,True,False,wall,10.0,19.0,-10.0
770,37720,67.0,4,114,0.611659,0.6696,True,False,wall,40.0,37.0,-10.0
771,37735,-4.0,0,15,0.611554,0.803,True,False,wall,0.0,6.0,-10.0
772,37808,64.0,4,73,0.611041,0.8505,True,False,wall,40.0,34.0,-10.0
773,37864,52.0,3,56,0.610649,1.7839,True,False,body,30.0,32.0,-10.0
774,37880,10.0,1,16,0.610537,1.7492,True,False,wall,10.0,10.0,-10.0
775,37963,48.0,4,83,0.609955,0.899,True,False,wall,40.0,18.0,-10.0
776,37995,-5.0,0,32,0.609732,1.3745,True,False,wall,0.0,5.0,-10.0
777,38019,6.0,1,24,0.609564,1.1499,True,False,wall,10.0,6.0,-10.0
778,38044,-4.0,0,25,0.609389,0.9711,True,False,wall,0.0,6.0,-10.0
779,38103,43.0,3,59,0.608976,0.7937,True,False,body,30.0,23.0,-10.0
780,38129,8.0,1,26,0.608795,0.688,True,False,wall,10.0,8.0,-10.0
781,38219,62.0,3,90,0.608166,0.7822,True,False,wall,30.0,42.0,-10.0
782,38274,40.0,2,55,0.607783,0.6566,True,False,wall,20.0,30.0,-10.0
783,38310,0.0,1,36,0.607532,0.8261,True,False,wall,10.0,0.0,-10.0
784,38389,40.0,4,79,0.606982,0.7118,True,False,body,40.0,10.0,-10.0
785,38496,69.0,3,107,0.606237,0.6364,True,False,body,30.0,49.0,-10.0
786,38589,46.0,2,93,0.605591,0.6436,True,False,wall,20.0,36.0,-10.0
787,38699,73.0,4,110,0.604828,0.587,True,False,body,40.0,43.0,-10.0
788,38725,2.0,1,26,0.604647,0.516,True,False,wall,10.0,2.0,-10.0
789,38754,-4.0,0,29,0.604446,0.5634,True,False,wall,0.0,6.0,-10.0
790,38859,46.0,2,105,0.603719,0.5419,True,False,wall,20.0,36.0,-10.0
791,38980,73.0,3,121,0.602882,0.4842,True,False,wall,30.0,53.0,-10.0
792,39007,11.0,1,27,0.602696,0.4698,True,False,wall,10.0,11.0,-10.0
793,39076,26.0,2,69,0.602219,0.483,True,False,wall,20.0,16.0,-10.0
794,39174,62.0,3,98,0.601543,0.4458,True,False,body,30.0,42.0,-10.0
795,39194,10.0,1,20,0.601405,0.5164,True,False,wall,10.0,10.0,-10.0
796,39204,-3.0,0,10,0.601336,0.5552,True,False,wall,0.0,7.0,-10.0
797,39288,38.0,3,84,0.600758,0.6378,True,False,wall,30.0,18.0,-10.0
798,39335,30.0,2,47,0.600434,0.6417,True,False,wall,20.0,20.0,-10.0
799,39370,5.0,1,35,0.600193,0.5918,True,False,wall,10.0,5.0,-10.0
800,39400,-7.0,0,30,0.599987,0.5884,True,False,wall,0.0,3.0,-10.0
801,39492,50.0,3,92,0.599355,0.6785,True,False,body,30.0,30.0,-10.0
802,39532,10.0,1,40,0.59908,0.7494,True,False,wall,10.0,10.0,-10.0
803,39570,36.0,3,38,0.59882,0.7945,True,False,wall,30.0,16.0,-10.0
804,39627,45.0,3,57,0.598429,1.0934,True,False,body,30.0,25.0,-10.0
805,39686,19.0,1,59,0.598024,0.8021,True,False,wall,10.0,19.0,-10.0
806,39784,48.0,3,98,0.597353,1.019,True,False,body,30.0,28.0,-10.0
807,39839,49.0,3,55,0.596977,1.2253,True,False,wall,30.0,29.0,-10.0
808,39875,-3.0,0,36,0.596731,0.9605,True,False,wall,0.0,7.0,-10.0
809,39925,27.0,2,50,0.59639,0.9417,True,False,wall,20.0,17.0,-10.0
810,39996,32.0,2,71,0.595905,1.031,True,False,wall,20.0,22.0,-10.0
811,40029,23.0,3,33,0.59568,1.0166,True,False,body,30.0,3.0,-10.0
812,40099,46.0,3,70,0.595202,0.7196,True,False,body,30.0,26.0,-10.0
813,40187,59.0,4,88,0.594603,0.6176,True,False,body,40.0,29.0,-10.0
814,40206,-6.0,0,19,0.594474,0.5295,True,False,wall,0.0,4.0,-10.0
815,40271,30.0,2,65,0.594032,0.5446,True,False,wall,20.0,20.0,-10.0
816,40306,9.0,1,35,0.593794,0.5954,True,False,wall,10.0,9.0,-10.0
817,40316,6.0,1,10,0.593726,0.5541,True,False,wall,10.0,6.0,-10.0
818,40359,7.0,1,43,0.593433,0.6166,True,False,wall,10.0,7.0,-10.0
819,40374,0.0,0,15,0.593332,0.6215,True,False,wall,0.0,10.0,-10.0
820,40387,7.0,1,13,0.593243,0.601,True,False,wall,10.0,7.0,-10.0
821,40405,-3.0,0,18,0.593121,0.6193,True,False,wall,0.0,7.0,-10.0
822,40434,9.0,1,29,0.592924,0.6649,True,False,wall,10.0,9.0,-10.0
823,40455,-1.0,1,21,0.592782,0.6299,True,False,wall,10.0,-1.0,-10.0
824,40498,21.0,1,43,0.59249,0.5791,True,False,wall,10.0,21.0,-10.0
825,40528,1.0,0,30,0.592287,0.5663,True,False,wall,0.0,11.0,-10.0
826,40588,31.0,2,60,0.59188,0.6579,True,False,wall,20.0,21.0,-10.0
827,40625,11.0,1,37,0.59163,0.6239,True,False,wall,10.0,11.0,-10.0
828,40729,64.0,5,104,0.590926,0.6028,True,False,wall,50.0,24.0,-10.0
829,40798,56.0,4,69,0.59046,0.5995,True,False,body,40.0,26.0,-10.0
830,40815,-4.0,0,17,0.590345,0.585,True,False,wall,0.0,6.0,-10.0
831,40840,22.0,2,25,0.590176,0.5235,True,False,wall,20.0,12.0,-10.0
832,40892,34.0,3,52,0.589825,0.8109,True,False,wall,30.0,14.0,-10.0
833,40974,52.0,3,82,0.589272,0.7844,True,False,body,30.0,32.0,-10.0
834,41022,32.0,1,48,0.588948,0.9149,True,False,wall,10.0,32.0,-10.0
835,41113,30.0,2,91,0.588336,0.7243,True,False,wall,20.0,20.0,-10.0
836,41147,6.0,1,34,0.588107,0.4755,True,False,wall,10.0,6.0,-10.0
837,41167,16.0,1,20,0.587972,0.4829,True,False,wall,10.0,16.0,-10.0
838,41220,11.0,1,53,0.587616,0.5648,True,False,wall,10.0,11.0,-10.0
839,41232,-3.0,0,12,0.587535,0.5402,True,False,wall,0.0,7.0,-10.0
840,41291,28.0,2,59,0.587139,0.6084,True,False,wall,20.0,18.0,-10.0
841,41336,24.0,2,45,0.586837,0.6916,True,False,wall,20.0,14.0,-10.0
842,41400,50.0,3,64,0.586408,0.8291,True,False,wall,30.0,30.0,-10.0
843,41414,-1.0,0,14,0.586314,0.835,True,False,wall,0.0,9.0,-10.0
844,41441,13.0,1,27,0.586133,0.7062,True,False,wall,10.0,13.0,-10.0
845,41479,10.0,1,38,0.585878,0.7786,True,False,wall,10.0,10.0,-10.0
846,41500,-2.0,0,21,0.585738,0.6871,True,False,wall,0.0,8.0,-10.0
847,41522,-5.0,0,22,0.58559,0.5585,True,False,wall,0.0,5.0,-10.0
848,41539,33.0,3,17,0.585477,0.6521,True,False,wall,30.0,13.0,-10.0
849,41694,72.0,4,155,0.58444,0.6903,True,False,body,40.0,42.0,-10.0
850,41716,-3.0,0,22,0.584293,0.6117,True,False,wall,0.0,7.0,-10.0
851,41763,28.0,2,47,0.583979,0.6221,True,False,wall,20.0,18.0,-10.0
852,41836,70.0,4,73,0.583492,0.6678,True,False,body,40.0,40.0,-10.0
853,41904,14.0,1,68,0.583039,0.7509,True,False,wall,10.0,14.0,-10.0
854,41938,-9.0,0,34,0.582813,0.6489,True,False,wall,0.0,1.0,-10.0
855,41968,10.0,1,30,0.582613,0.7721,True,False,wall,10.0,10.0,-10.0
856,42004,-9.0,0,36,0.582373,1.0299,True,False,wall,0.0,1.0,-10.0
857,42097,41.0,3,93,0.581755,0.8966,True,False,body,30.0,21.0,-10.0
858,42113,-3.0,0,16,0.581648,0.5939,True,False,wall,0.0,7.0,-10.0
859,42162,18.0,2,49,0.581323,0.6983,True,False,wall,20.0,8.0,-10.0
860,42206,8.0,1,44,0.581031,0.7419,True,False,wall,10.0,8.0,-10.0
861,42261,28.0,2,55,0.580666,0.6889,True,False,wall,20.0,18.0,-10.0
862,42311,25.0,2,50,0.580334,0.6404,True,False,wall,20.0,15.0,-10.0
863,42443,78.0,5,132,0.57946,0.6078,True,False,body,50.0,38.0,-10.0
864,42487,25.0,2,44,0.579169,0.5648,True,False,wall,20.0,15.0,-10.0
865,42562,45.0,3,75,0.578673,0.7964,True,False,body,30.0,25.0,-10.0
866,42601,17.0,1,39,0.578415,0.532,True,False,wall,10.0,17.0,-10.0
867,42649,-3.0,0,48,0.578098,0.5352,True,False,wall,0.0,7.0,-10.0
868,42677,25.0,2,28,0.577913,0.6892,True,False,wall,20.0,15.0,-10.0
869,42718,9.0,1,41,0.577643,0.8807,True,False,wall,10.0,9.0,-10.0
870,42751,19.0,1,33,0.577425,0.671,True,False,wall,10.0,19.0,-10.0
871,42831,50.0,3,80,0.576898,0.6929,True,False,wall,30.0,30.0,-10.0
872,42925,44.0,3,94,0.576279,0.583,True,False,wall,30.0,24.0,-10.0
873,42964,11.0,1,39,0.576023,0.5402,True,False,wall,10.0,11.0,-10.0
874,43060,64.0,5,96,0.575392,0.5809,True,False,body,50.0,24.0,-10.0
875,43126,35.0,2,66,0.574959,0.6484,True,False,wall,20.0,25.0,-10.0
876,43137,-2.0,0,11,0.574887,0.9134,True,False,wall,0.0,8.0,-10.0
877,43179,33.0,2,42,0.574611,0.6727,True,False,wall,20.0,23.0,-10.0
878,43202,7.0,1,23,0.57446,0.7178,True,False,wall,10.0,7.0,-10.0
879,43225,11.0,1,23,0.57431,0.7818,True,False,wall,10.0,11.0,-10.0
880,43276,26.0,2,51,0.573975,0.7614,True,False,wall,20.0,16.0,-10.0
881,43393,36.0,2,117,0.57321,0.6165,True,False,wall,20.0,26.0,-10.0
882,43404,5.0,1,11,0.573138,0.4896,True,False,wall,10.0,5.0,-10.0
883,43438,36.0,3,34,0.572915,0.4723,True,False,wall,30.0,16.0,-10.0
884,43461,7.0,1,23,0.572765,0.4878,True,False,wall,10.0,7.0,-10.0
885,43475,-7.0,0,14,0.572674,0.4797,True,False,wall,0.0,3.0,-10.0
886,43532,30.0,2,57,0.572301,0.6029,True,False,wall,20.0,20.0,-10.0
887,43556,-1.0,0,24,0.572145,0.7522,True,False,wall,0.0,9.0,-10.0
888,43606,26.0,1,50,0.571818,0.8334,True,False,wall,10.0,26.0,-10.0
889,43628,-3.0,0,22,0.571675,0.9332,True,False,wall,0.0,7.0,-10.0
890,43704,32.0,1,76,0.57118,0.7401,True,False,wall,10.0,32.0,-10.0
891,43780,31.0,2,76,0.570685,0.7281,True,False,wall,20.0,21.0,-10.0
892,43837,30.0,2,57,0.570314,0.6277,True,False,wall,20.0,20.0,-10.0
893,43869,-3.0,0,32,0.570106,0.7806,True,False,wall,0.0,7.0,-10.0
894,44034,33.0,3,165,0.569034,0.7907,True,False,body,30.0,13.0,-10.0
895,44117,37.0,3,83,0.568496,0.723,True,False,wall,30.0,17.0,-10.0
896,44185,50.0,3,68,0.568055,0.599,True,False,wall,30.0,30.0,-10.0
897,44219,27.0,2,34,0.567835,0.6728,True,False,wall,20.0,17.0,-10.0
898,44315,77.0,4,96,0.567214,0.8438,True,False,body,40.0,47.0,-10.0
899,44362,37.0,3,47,0.566911,0.811,True,False,body,30.0,17.0,-10.0
900,44427,35.0,3,65,0.566491,1.0754,True,False,body,30.0,15.0,-10.0
901,44481,46.0,3,54,0.566142,0.9403,True,False,wall,30.0,26.0,-10.0
902,44589,81.0,4,108,0.565446,1.088,True,False,body,40.0,51.0,-10.0
903,44677,20.0,1,88,0.564879,1.1039,True,False,wall,10.0,20.0,-10.0
904,44768,53.0,3,91,0.564294,0.8833,True,False,body,30.0,33.0,-10.0
905,44862,141.0,10,94,0.56369,0.7607,True,False,wall,100.0,51.0,-10.0
906,44874,-1.0,0,12,0.563613,0.4419,True,False,wall,0.0,9.0,-10.0
907,44976,70.0,5,102,0.562958,0.5943,True,False,wall,50.0,30.0,-10.0
908,45047,43.0,3,71,0.562503,0.5676,True,False,wall,30.0,23.0,-10.0
909,45105,31.0,2,58,0.562132,0.428,True,False,wall,20.0,21.0,-10.0
910,45168,28.0,2,63,0.561729,0.4549,True,False,wall,20.0,18.0,-10.0
911,45224,44.0,3,56,0.561371,0.4532,True,False,body,30.0,24.0,-10.0
912,45304,96.0,7,80,0.56086,0.5265,True,False,body,70.0,36.0,-10.0
913,45372,25.0,2,68,0.560426,0.5706,True,False,wall,20.0,15.0,-10.0
914,45398,30.0,3,26,0.56026,0.6915,True,False,wall,30.0,10.0,-10.0
915,45439,7.0,1,41,0.559998,0.8297,True,False,wall,10.0,7.0,-10.0
916,45531,48.0,3,92,0.559412,0.7973,True,False,body,30.0,28.0,-10.0
917,45569,8.0,1,38,0.55917,0.8936,True,False,wall,10.0,8.0,-10.0
918,45587,-5.0,0,18,0.559056,0.6318,True,False,wall,0.0,5.0,-10.0
919,45600,-6.0,0,13,0.558973,0.4954,True,False,wall,0.0,4.0,-10.0
920,45698,35.0,2,98,0.55835,0.5014,True,False,wall,20.0,25.0,-10.0
921,45740,23.0,2,42,0.558083,0.4564,True,False,wall,20.0,13.0,-10.0
922,45806,54.0,3,66,0.557664,0.4918,True,False,body,30.0,34.0,-10.0
923,45846,14.0,1,40,0.55741,0.7096,True,False,wall,10.0,14.0,-10.0
924,45867,13.0,1,21,0.557277,0.6347,True,False,wall,10.0,13.0,-10.0
925,45890,13.0,1,23,0.557131,0.6237,True,False,wall,10.0,13.0,-10.0
926,45983,83.0,5,93,0.556542,0.6114,True,False,wall,50.0,43.0,-10.0
927,46098,66.0,4,115,0.555814,0.7999,True,False,body,40.0,36.0,-10.0
928,46168,39.0,2,70,0.555372,0.7821,True,False,wall,20.0,29.0,-10.0
929,46195,18.0,2,27,0.555201,0.6167,True,False,wall,20.0,8.0,-10.0
930,46225,6.0,1,30,0.555012,0.5366,True,False,wall,10.0,6.0,-10.0
931,46264,17.0,1,39,0.554766,0.5442,True,False,wall,10.0,17.0,-10.0
932,46378,30.0,3,114,0.554047,0.4909,True,False,body,30.0,10.0,-10.0
933,46449,49.0,3,71,0.5536,0.502,True,False,wall,30.0,29.0,-10.0
934,46498,41.0,3,49,0.553292,0.4662,True,False,wall,30.0,21.0,-10.0
935,46522,5.0,2,24,0.553141,0.4538,True,False,wall,20.0,-5.0,-10.0
936,46613,69.0,5,91,0.552569,0.5063,True,False,wall,50.0,29.0,-10.0
937,46635,-3.0,0,22,0.55243,0.4453,True,False,wall,0.0,7.0,-10.0
938,46716,61.0,3,81,0.551922,0.4296,True,False,wall,30.0,41.0,-10.0
939,46798,62.0,3,82,0.551408,0.4401,True,False,body,30.0,42.0,-10.0
940,46850,44.0,3,52,0.551082,0.4197,True,False,body,30.0,24.0,-10.0
941,46923,45.0,3,73,0.550625,0.5907,True,False,wall,30.0,25.0,-10.0
942,46937,-3.0,0,14,0.550537,0.7105,True,False,wall,0.0,7.0,-10.0
943,47022,17.0,1,85,0.550006,0.82,True,False,wall,10.0,17.0,-10.0
944,47035,2.0,0,13,0.549925,0.5758,True,False,wall,0.0,12.0,-10.0
945,47074,30.0,2,39,0.549681,0.577,True,False,wall,20.0,20.0,-10.0
946,47142,48.0,3,68,0.549256,0.5932,True,False,body,30.0,28.0,-10.0
947,47178,36.0,3,36,0.549032,0.7513,True,False,wall,30.0,16.0,-10.0
948,47234,63.0,4,56,0.548683,0.8174,True,False,wall,40.0,33.0,-10.0
949,47283,15.0,1,49,0.548377,1.1863,True,False,wall,10.0,15.0,-10.0
950,47401,75.0,4,118,0.547643,0.4706,True,False,body,40.0,45.0,-10.0
951,47476,45.0,3,75,0.547176,0.4101,True,False,wall,30.0,25.0,-10.0
952,47520,-1.0,0,44,0.546903,0.4609,True,False,wall,0.0,9.0,-10.0
953,47605,55.0,3,85,0.546375,0.43,True,False,wall,30.0,35.0,-10.0
954,47729,74.0,5,124,0.545606,0.4876,True,False,body,50.0,34.0,-10.0
955,47743,-3.0,0,14,0.54552,0.5674,True,False,wall,0.0,7.0,-10.0
956,47835,54.0,3,92,0.54495,0.6042,True,False,body,30.0,34.0,-10.0
957,47856,-2.0,0,21,0.54482,0.8379,True,False,wall,0.0,8.0,-10.0
958,47958,86.0,5,102,0.54419,0.7918,True,False,wall,50.0,46.0,-10.0
959,48072,40.0,3,114,0.543486,0.6499,True,False,wall,30.0,20.0,-10.0
960,48094,25.0,2,22,0.54335,0.7436,True,False,wall,20.0,15.0,-10.0
961,48129,41.0,3,35,0.543135,0.7705,True,False,wall,30.0,21.0,-10.0
962,48153,3.0,0,24,0.542987,0.7145,True,False,wall,0.0,13.0,-10.0
963,48228,39.0,3,75,0.542525,0.7241,True,False,body,30.0,19.0,-10.0
964,48260,10.0,1,32,0.542328,0.6966,True,False,wall,10.0,10.0,-10.0
965,48288,-5.0,0,28,0.542156,0.6914,True,False,wall,0.0,5.0,-10.0
966,48362,84.0,5,74,0.5417,0.8513,True,False,body,50.0,44.0,-10.0
967,48428,46.0,3,66,0.541295,0.7364,True,False,body,30.0,26.0,-10.0
968,48461,7.0,1,33,0.541092,0.5775,True,False,wall,10.0,7.0,-10.0
969,48496,-6.0,0,35,0.540878,0.7958,True,False,wall,0.0,4.0,-10.0
970,48509,-4.0,0,13,0.540798,0.9285,True,False,wall,0.0,6.0,-10.0
971,48566,51.0,3,57,0.540448,0.6153,True,False,wall,30.0,31.0,-10.0
972,48620,52.0,3,54,0.540117,0.45,True,False,wall,30.0,32.0,-10.0
973,48650,16.0,1,30,0.539934,0.4769,True,False,wall,10.0,16.0,-10.0
974,48717,53.0,3,67,0.539523,0.5375,True,False,body,30.0,33.0,-10.0
975,48734,5.0,1,17,0.539419,0.7323,True,False,wall,10.0,5.0,-10.0
976,48795,17.0,1,61,0.539046,0.6774,True,False,wall,10.0,17.0,-10.0
977,48871,46.0,3,76,0.538582,0.9249,True,False,body,30.0,26.0,-10.0
978,48958,51.0,3,87,0.538051,0.9506,True,False,wall,30.0,31.0,-10.0
979,49009,19.0,1,51,0.53774,0.7215,True,False,wall,10.0,19.0,-10.0
980,49023,6.0,1,14,0.537655,0.6531,True,False,wall,10.0,6.0,-10.0
981,49060,13.0,1,37,0.537429,0.6156,True,False,wall,10.0,13.0,-10.0
982,49111,43.0,3,51,0.537118,0.5614,True,False,wall,30.0,23.0,-10.0
983,49141,10.0,1,30,0.536936,0.6706,True,False,wall,10.0,10.0,-10.0
984,49160,-10.0,0,19,0.53682,0.5966,True,False,wall,0.0,0.0,-10.0
985,49200,23.0,2,40,0.536577,0.6684,True,False,wall,20.0,13.0,-10.0
986,49225,20.0,2,25,0.536425,0.4332,True,False,wall,20.0,10.0,-10.0
987,49236,7.0,1,11,0.536358,0.4901,True,False,wall,10.0,7.0,-10.0
988,49267,9.0,1,31,0.536169,0.465,True,False,wall,10.0,9.0,-10.0
989,49326,32.0,2,59,0.535811,0.4317,True,False,wall,20.0,22.0,-10.0
990,49349,11.0,1,23,0.535671,0.4957,True,False,wall,10.0,11.0,-10.0
991,49373,-3.0,0,24,0.535526,0.5462,True,False,wall,0.0,7.0,-10.0
992,49391,-5.0,0,18,0.535416,0.5249,True,False,wall,0.0,5.0,-10.0
993,49432,49.0,3,41,0.535168,0.5278,True,False,wall,30.0,29.0,-10.0
994,49508,67.0,4,76,0.534707,0.4922,True,False,body,40.0,37.0,-10.0
995,49568,50.0,3,60,0.534344,0.5415,True,False,wall,30.0,30.0,-10.0
996,49592,14.0,1,24,0.534198,0.4581,True,False,wall,10.0,14.0,-10.0
997,49629,23.0,1,37,0.533975,0.5361,True,False,wall,10.0,23.0,-10.0
998,49687,18.0,1,58,0.533624,0.5689,True,False,wall,10.0,18.0,-10.0
999,49758,40.0,2,71,0.533195,0.6027,True,False,wall,20.0,30.0,-10.0
1000,49793,5.0,1,35,0.532983,0.6373,True,False,wall,10.0,5.0,-10.0
1001,49836,35.0,3,43,0.532724,0.5567,True,False,body,30.0,15.0,-10.0
1002,49900,37.0,2,64,0.532338,0.5304,True,False,wall,20.0,27.0,-10.0
1003,49955,60.0,4,55,0.532006,0.5174,True,False,wall,40.0,30.0,-10.0
1004,50030,45.0,3,75,0.531555,0.5073,True,False,wall,30.0,25.0,-10.0
1005,50145,55.0,3,115,0.530863,0.6339,True,False,wall,30.0,35.0,-10.0
1006,50170,7.0,1,25,0.530713,0.5272,True,False,wall,10.0,7.0,-10.0
1007,50195,7.0,1,25,0.530562,0.5198,True,False,wall,10.0,7.0,-10.0
1008,50242,9.0,1,47,0.53028,0.6629,True,False,wall,10.0,9.0,-10.0
1009,50285,-4.0,0,43,0.530022,0.8483,True,False,wall,0.0,6.0,-10.0
1010,50384,47.0,3,99,0.529428,0.6619,True,False,body,30.0,27.0,-10.0
1011,50449,41.0,3,65,0.529039,0.6742,True,False,body,30.0,21.0,-10.0
1012,50504,39.0,3,55,0.52871,0.7492,True,False,wall,30.0,19.0,-10.0
1013,50519,7.0,1,15,0.52862,0.8846,True,False,wall,10.0,7.0,-10.0
1014,50592,61.0,3,73,0.528184,0.7367,True,False,body,30.0,41.0,-10.0
1015,50607,7.0,1,15,0.528094,0.5574,True,False,wall,10.0,7.0,-10.0
1016,50724,70.0,4,117,0.527395,0.4656,True,False,body,40.0,40.0,-10.0
1017,50776,44.0,3,52,0.527085,0.4375,True,False,wall,30.0,24.0,-10.0
1018,50796,0.0,1,20,0.526966,0.5176,True,False,wall,10.0,0.0,-10.0
1019,50872,43.0,2,76,0.526513,0.4822,True,False,wall,20.0,33.0,-10.0
1020,50911,3.0,1,39,0.526281,0.4958,True,False,wall,10.0,3.0,-10.0
1021,50953,10.0,1,42,0.526031,0.6158,True,False,wall,10.0,10.0,-10.0
1022,50994,-4.0,0,41,0.525787,0.797,True,False,wall,0.0,6.0,-10.0
1023,51078,52.0,3,84,0.525287,0.607,True,False,wall,30.0,32.0,-10.0
1024,51132,44.0,3,54,0.524967,0.8562,True,False,wall,30.0,24.0,-10.0
1025,51183,17.0,1,51,0.524664,0.4996,True,False,wall,10.0,17.0,-10.0
1026,51312,63.0,3,129,0.523899,0.5187,True,False,wall,30.0,43.0,-10.0
1027,51333,7.0,1,21,0.523775,0.4944,True,False,wall,10.0,7.0,-10.0
1028,51358,9.0,1,25,0.523627,0.5501,True,False,wall,10.0,9.0,-10.0
1029,51404,62.0,5,46,0.523355,0.5178,True,False,wall,50.0,22.0,-10.0
1030,51428,27.0,2,24,0.523213,0.447,True,False,wall,20.0,17.0,-10.0
1031,51452,17.0,2,24,0.523071,0.483,True,False,wall,20.0,7.0,-10.0
1032,51490,16.0,1,38,0.522846,0.4872,True,False,wall,10.0,16.0,-10.0
1033,51535,41.0,3,45,0.52258,0.4627,True,False,body,30.0,21.0,-10.0
1034,51602,51.0,3,67,0.522184,0.5177,True,False,wall,30.0,31.0,-10.0
1035,51718,35.0,2,116,0.5215,0.5623,True,False,wall,20.0,25.0,-10.0
1036,51782,29.0,2,64,0.521123,0.838,True,False,wall,20.0,19.0,-10.0
1037,51852,40.0,3,70,0.520711,0.5343,True,False,wall,30.0,20.0,-10.0
1038,51864,10.0,1,12,0.520641,0.4253,True,False,wall,10.0,10.0,-10.0
1039,51950,33.0,2,86,0.520135,0.5514,True,False,wall,20.0,23.0,-10.0
1040,51988,24.0,1,38,0.519912,0.4589,True,False,wall,10.0,24.0,-10.0
1041,52005,-2.0,0,17,0.519812,0.6256,True,False,wall,0.0,8.0,-10.0
1042,52029,12.0,1,24,0.519671,0.5195,True,False,wall,10.0,12.0,-10.0
1043,52164,112.0,6,135,0.518879,0.4846,True,False,body,60.0,62.0,-10.0
1044,52220,52.0,3,56,0.518551,0.4929,True,False,body,30.0,32.0,-10.0
1045,52286,34.0,3,66,0.518165,0.5556,True,False,wall,30.0,14.0,-10.0
1046,52383,73.0,5,97,0.517597,0.522,True,False,body,50.0,33.0,-10.0
1047,52555,135.0,8,172,0.516593,0.5123,True,False,wall,80.0,65.0,-10.0
1048,52652,67.0,5,97,0.516028,0.5246,True,False,body,50.0,27.0,-10.0
1049,52680,10.0,1,28,0.515864,0.6239,True,False,wall,10.0,10.0,-10.0
1050,52755,47.0,3,75,0.515428,0.5646,True,False,body,30.0,27.0,-10.0
1051,52890,78.0,4,135,0.514643,0.4351,True,False,body,40.0,48.0,-10.0
1052,52961,37.0,3,71,0.514231,0.5689,True,False,body,30.0,17.0,-10.0
1053,52981,28.0,3,20,0.514115,0.5676,True,False,wall,30.0,8.0,-10.0
1054,53010,-2.0,0,29,0.513947,0.5839,True,False,wall,0.0,8.0,-10.0
1055,53108,67.0,4,98,0.513379,0.5812,True,False,body,40.0,37.0,-10.0
1056,53140,40.0,3,32,0.513193,0.6251,True,False,wall,30.0,20.0,-10.0
1057,53157,9.0,1,17,0.513095,0.546,True,False,wall,10.0,9.0,-10.0
1058,53217,65.0,4,60,0.512748,0.569,True,False,wall,40.0,35.0,-10.0
1059,53302,77.0,5,85,0.512256,0.6761,True,False,body,50.0,37.0,-10.0
1060,53321,7.0,1,19,0.512147,0.841,True,False,wall,10.0,7.0,-10.0
1061,53366,45.0,3,45,0.511887,0.6422,True,False,wall,30.0,25.0,-10.0
1062,53385,18.0,2,19,0.511777,0.6006,True,False,wall,20.0,8.0,-10.0
1063,53409,20.0,1,24,0.511639,0.504,True,False,wall,10.0,20.0,-10.0
1064,53468,19.0,1,59,0.511298,0.6183,True,False,wall,10.0,19.0,-10.0
1065,53555,85.0,5,87,0.510797,0.6565,True,False,body,50.0,45.0,-10.0
1066,53594,9.0,1,39,0.510572,0.5274,True,False,wall,10.0,9.0,-10.0
1067,53626,38.0,3,32,0.510388,0.4815,True,False,body,30.0,18.0,-10.0
1068,53658,12.0,1,32,0.510204,0.5259,True,False,wall,10.0,12.0,-10.0
1069,53674,19.0,2,16,0.510112,0.5654,True,False,wall,20.0,9.0,-10.0
1070,53723,45.0,3,49,0.50983,0.5399,True,False,wall,30.0,25.0,-10.0
1071,53770,32.0,2,47,0.50956,0.4998,True,False,wall,20.0,22.0,-10.0
1072,53825,35.0,3,55,0.509244,0.5398,True,False,wall,30.0,15.0,-10.0
1073,53881,42.0,3,56,0.508923,0.5373,True,False,body,30.0,22.0,-10.0
1074,53937,36.0,3,56,0.508602,0.7231,True,False,wall,30.0,16.0,-10.0
1075,54031,94.0,5,94,0.508063,0.5479,True,False,body,50.0,54.0,-10.0
1076,54133,95.0,6,102,0.50748,0.6267,True,False,body,60.0,45.0,-10.0
1077,54244,67.0,3,111,0.506845,0.767,True,False,body,30.0,47.0,-10.0
1078,54300,53.0,4,56,0.506526,0.6673,True,False,wall,40.0,23.0,-10.0
1079,54347,39.0,3,47,0.506257,0.5846,True,False,wall,30.0,19.0,-10.0
1080,54416,68.0,4,69,0.505864,0.5115,True,False,wall,40.0,38.0,-10.0
1081,54462,29.0,2,46,0.505602,0.5107,True,False,wall,20.0,19.0,-10.0
1082,54537,36.0,2,75,0.505175,0.5083,True,False,wall,20.0,26.0,-10.0
1083,54607,56.0,3,70,0.504777,0.5208,True,False,wall,30.0,36.0,-10.0
1084,54639,8.0,1,32,0.504595,0.4341,True,False,wall,10.0,8.0,-10.0
1085,54700,45.0,3,61,0.504249,0.4398,True,False,wall,30.0,25.0,-10.0
1086,54742,29.0,2,42,0.50401,0.4547,True,False,wall,20.0,19.0,-10.0
1087,54827,98.0,6,85,0.503528,0.4625,True,False,body,60.0,48.0,-10.0
1088,54902,88.0,6,75,0.503103,0.7071,True,False,wall,60.0,38.0,-10.0
1089,55022,108.0,7,120,0.502424,0.8561,True,False,body,70.0,48.0,-10.0
1090,55077,24.0,2,55,0.502113,1.0415,True,False,wall,20.0,14.0,-10.0
1091,55105,-5.0,0,28,0.501955,0.6135,True,False,wall,0.0,5.0,-10.0
1092,55144,41.0,3,39,0.501735,0.6276,True,False,body,30.0,21.0,-10.0
1093,55226,58.0,3,82,0.501272,0.5769,True,False,body,30.0,38.0,-10.0
1094,55316,78.0,5,90,0.500764,0.6164,True,False,wall,50.0,38.0,-10.0
1095,55328,-1.0,0,12,0.500697,0.6598,True,False,wall,0.0,9.0,-10.0
1096,55370,25.0,2,42,0.50046,0.6526,True,False,wall,20.0,15.0,-10.0
1097,55411,45.0,3,41,0.500229,0.5474,True,False,body,30.0,25.0,-10.0
1098,55510,96.0,6,99,0.499673,0.4891,True,False,wall,60.0,46.0,-10.0
1099,55569,39.0,3,59,0.499341,0.4325,True,False,wall,30.0,19.0,-10.0
1100,55698,98.0,6,129,0.498617,0.5464,True,False,body,60.0,48.0,-10.0
1101,55728,1.0,0,30,0.498449,0.6142,True,False,wall,0.0,11.0,-10.0
1102,55817,64.0,4,89,0.49795,0.6154,True,False,body,40.0,34.0,-10.0
1103,55918,129.0,7,101,0.497385,0.9296,True,False,wall,70.0,69.0,-10.0
1104,56027,103.0,5,109,0.496776,0.7794,True,False,body,50.0,63.0,-10.0
1105,56079,55.0,4,52,0.496486,0.5842,True,False,wall,40.0,25.0,-10.0
1106,56152,62.0,4,73,0.496078,0.5988,True,False,body,40.0,32.0,-10.0
1107,56185,39.0,3,33,0.495894,0.453,True,False,wall,30.0,19.0,-10.0
1108,56201,1.0,0,16,0.495805,0.4398,True,False,wall,0.0,11.0,-10.0
1109,56306,53.0,3,105,0.495221,0.4496,True,False,body,30.0,33.0,-10.0
1110,56370,63.0,4,64,0.494865,0.4323,True,False,body,40.0,33.0,-10.0
1111,56430,63.0,4,60,0.494531,0.4623,True,False,body,40.0,33.0,-10.0
1112,56500,55.0,4,70,0.494142,0.3806,True,False,body,40.0,25.0,-10.0
1113,56573,66.0,4,73,0.493737,0.4067,True,False,body,40.0,36.0,-10.0
1114,56653,97.0,6,80,0.493294,0.4542,True,False,body,60.0,47.0,-10.0
1115,56709,35.0,2,56,0.492983,0.4817,True,False,wall,20.0,25.0,-10.0
1116,56723,-1.0,0,14,0.492906,0.7043,True,False,wall,0.0,9.0,-10.0
1117,56786,48.0,4,63,0.492557,0.6187,True,False,wall,40.0,18.0,-10.0
1118,56845,43.0,3,59,0.492231,0.546,True,False,body,30.0,23.0,-10.0
1119,56879,16.0,1,34,0.492043,0.6252,True,False,wall,10.0,16.0,-10.0
1120,56931,14.0,1,52,0.491756,0.4654,True,False,wall,10.0,14.0,-10.0
1121,57058,97.0,5,127,0.491055,0.6461,True,False,body,50.0,57.0,-10.0
1122,57068,-3.0,0,10,0.491,0.5962,True,False,wall,0.0,7.0,-10.0
1123,57130,48.0,3,62,0.490658,0.6234,True,False,body,30.0,28.0,-10.0
1124,57159,39.0,3,29,0.490499,0.6639,True,False,wall,30.0,19.0,-10.0
1125,57189,32.0,3,30,0.490333,0.6681,True,False,wall,30.0,12.0,-10.0
1126,57232,33.0,3,43,0.490097,0.5729,True,False,body,30.0,13.0,-10.0
1127,57301,37.0,3,69,0.489717,0.4655,True,False,body,30.0,17.0,-10.0
1128,57327,10.0,1,26,0.489575,0.5129,True,False,wall,10.0,10.0,-10.0
1129,57344,7.0,1,17,0.489481,0.5786,True,False,wall,10.0,7.0,-10.0
1130,57439,49.0,3,95,0.48896,0.5339,True,False,body,30.0,29.0,-10.0
1131,57482,43.0,3,43,0.488724,0.5265,True,False,wall,30.0,23.0,-10.0
1132,57533,28.0,2,51,0.488444,0.5393,True,False,wall,20.0,18.0,-10.0
1133,57558,7.0,1,25,0.488307,0.5962,True,False,wall,10.0,7.0,-10.0
1134,57687,95.0,5,129,0.487601,0.524,True,False,wall,50.0,55.0,-10.0
1135,57766,39.0,3,79,0.487169,0.5749,True,False,wall,30.0,19.0,-10.0
1136,57828,72.0,5,62,0.48683,0.4914,True,False,wall,50.0,32.0,-10.0
1137,57870,32.0,3,42,0.486601,0.6188,True,False,wall,30.0,12.0,-10.0
1138,57941,64.0,4,71,0.486214,0.6097,True,False,body,40.0,34.0,-10.0
1139,57967,8.0,1,26,0.486072,0.588,True,False,wall,10.0,8.0,-10.0
1140,58027,48.0,3,60,0.485745,0.7227,True,False,wall,30.0,28.0,-10.0
1141,58064,9.0,1,37,0.485544,0.6057,True,False,wall,10.0,9.0,-10.0
1142,58134,44.0,3,70,0.485163,0.6881,True,False,wall,30.0,24.0,-10.0
1143,58233,129.0,9,99,0.484624,0.6089,True,False,body,90.0,49.0,-10.0
1144,58272,34.0,2,39,0.484413,0.6036,True,False,wall,20.0,24.0,-10.0
1145,58340,40.0,3,68,0.484044,0.4435,True,False,body,30.0,20.0,-10.0
1146,58352,-11.0,0,12,0.483978,0.4668,True,False,wall,0.0,-1.0,-10.0
1147,58422,53.0,4,70,0.483599,0.5226,True,False,wall,40.0,23.0,-10.0
1148,58525,69.0,5,103,0.483041,0.553,True,False,body,50.0,29.0,-10.0
1149,58623,63.0,4,98,0.482511,0.4851,True,False,body,40.0,33.0,-10.0
1150,58673,59.0,4,50,0.482241,0.4857,True,False,body,40.0,29.0,-10.0
1151,58704,7.0,1,31,0.482073,0.5281,True,False,wall,10.0,7.0,-10.0
1152,58721,0.0,0,17,0.481981,0.4928,True,False,wall,0.0,10.0,-10.0
1153,58790,62.0,4,69,0.481609,0.5806,True,False,body,40.0,32.0,-10.0
1154,58845,40.0,2,55,0.481312,0.7211,True,False,wall,20.0,30.0,-10.0
1155,58867,-5.0,0,22,0.481194,0.7366,True,False,wall,0.0,5.0,-10.0
1156,58893,8.0,1,26,0.481054,0.616,True,False,wall,10.0,8.0,-10.0
1157,58936,45.0,3,43,0.480822,0.6899,True,False,body,30.0,25.0,-10.0
1158,58973,30.0,2,37,0.480623,0.6833,True,False,wall,20.0,20.0,-10.0
1159,58998,-2.0,0,25,0.480488,0.7705,True,False,wall,0.0,8.0,-10.0
1160,59019,7.0,1,21,0.480375,0.6547,True,False,wall,10.0,7.0,-10.0
1161,59052,11.0,1,33,0.480198,0.6042,True,False,wall,10.0,11.0,-10.0
1162,59124,63.0,4,72,0.479811,0.77,True,False,wall,40.0,33.0,-10.0
1163,59166,8.0,1,42,0.479585,0.719,True,False,wall,10.0,8.0,-10.0
1164,59205,18.0,2,39,0.479376,0.7441,True,False,wall,20.0,8.0,-10.0
1165,59253,70.0,5,48,0.479118,0.6719,True,False,wall,50.0,30.0,-10.0
1166,59332,50.0,2,79,0.478695,0.5543,True,False,wall,20.0,40.0,-10.0
1167,59393,45.0,3,61,0.478368,0.4842,True,False,body,30.0,25.0,-10.0
1168,59491,50.0,3,98,0.477843,0.4748,True,False,body,30.0,30.0,-10.0
1169,59597,65.0,4,106,0.477277,0.4693,True,False,body,40.0,35.0,-10.0
1170,59620,13.0,1,23,0.477154,0.4845,True,False,wall,10.0,13.0,-10.0
1171,59648,2.0,1,28,0.477005,0.4101,True,False,wall,10.0,2.0,-10.0
1172,59707,25.0,1,59,0.47669,0.4412,True,False,wall,10.0,25.0,-10.0
1173,59749,40.0,3,42,0.476466,0.4464,True,False,body,30.0,20.0,-10.0
1174,59769,12.0,1,20,0.476359,0.5488,True,False,wall,10.0,12.0,-10.0
1175,59822,47.0,3,53,0.476077,0.4553,True,False,body,30.0,27.0,-10.0
1176,59912,90.0,5,90,0.475598,0.5042,True,False,body,50.0,50.0,-10.0
1177,59935,11.0,1,23,0.475475,0.5381,True,False,wall,10.0,11.0,-10.0
1178,59988,21.0,1,53,0.475194,0.6089,True,False,wall,10.0,21.0,-10.0
1179,60046,46.0,3,58,0.474886,0.574,True,False,body,30.0,26.0,-10.0
1180,60084,23.0,2,38,0.474684,0.6527,True,False,wall,20.0,13.0,-10.0
1181,60238,123.0,8,154,0.473867,0.6981,True,False,body,80.0,53.0,-10.0
1182,60263,13.0,1,25,0.473735,0.7302,True,False,wall,10.0,13.0,-10.0
1183,60344,53.0,3,81,0.473306,0.7576,True,False,wall,30.0,33.0,-10.0
1184,60368,-3.0,0,24,0.473179,0.6029,True,False,wall,0.0,7.0,-10.0
1185,60451,71.0,5,83,0.47274,0.7164,True,False,body,50.0,31.0,-10.0
1186,60523,76.0,5,72,0.47236,0.5519,True,False,body,50.0,36.0,-10.0
1187,60542,31.0,3,19,0.472259,0.4981,True,False,body,30.0,11.0,-10.0
1188,60562,14.0,1,20,0.472154,0.5906,True,False,wall,10.0,14.0,-10.0
1189,60587,13.0,1,25,0.472022,0.5171,True,False,wall,10.0,13.0,-10.0
1190,60604,7.0,1,17,0.471932,0.5545,True,False,wall,10.0,7.0,-10.0
1191,60642,38.0,3,38,0.471732,0.5368,True,False,wall,30.0,18.0,-10.0
1192,60688,33.0,2,46,0.471489,0.556,True,False,wall,20.0,23.0,-10.0
1193,60729,20.0,2,41,0.471273,0.5156,True,False,wall,20.0,10.0,-10.0
1194,60780,60.0,4,51,0.471005,0.5189,True,False,body,40.0,30.0,-10.0
1195,60839,90.0,6,59,0.470695,0.618,True,False,wall,60.0,40.0,-10.0
1196,60951,78.0,5,112,0.470106,0.6161,True,False,body,50.0,38.0,-10.0
1197,60967,-3.0,0,16,0.470022,0.6641,True,False,wall,0.0,7.0,-10.0
1198,61020,5.0,1,53,0.469744,0.615,True,False,wall,10.0,5.0,-10.0
1199,61088,68.0,5,68,0.469387,0.7515,True,False,body,50.0,28.0,-10.0
1200,61132,18.0,1,44,0.469157,0.8792,True,False,wall,10.0,18.0,-10.0
1201,61181,43.0,3,49,0.4689,0.8388,True,False,wall,30.0,23.0,-10.0
1202,61270,84.0,4,89,0.468434,0.7213,True,False,body,40.0,54.0,-10.0
1203,61371,85.0,5,101,0.467906,0.7587,True,False,body,50.0,45.0,-10.0
1204,61426,49.0,3,55,0.467619,0.7947,True,False,wall,30.0,29.0,-10.0
1205,61529,82.0,4,103,0.467082,0.7777,True,False,wall,40.0,52.0,-10.0
1206,61554,9.0,1,25,0.466951,0.5483,True,False,wall,10.0,9.0,-10.0
1207,61641,84.0,6,87,0.466498,0.6241,True,False,body,60.0,34.0,-10.0
1208,61699,46.0,3,58,0.466196,0.5949,True,False,body,30.0,26.0,-10.0
1209,61735,40.0,3,36,0.466009,0.5029,True,False,body,30.0,20.0,-10.0
1210,61793,46.0,3,58,0.465708,0.6831,True,False,body,30.0,26.0,-10.0
1211,61815,-5.0,0,22,0.465593,0.6212,True,False,wall,0.0,5.0,-10.0
1212,61887,76.0,5,72,0.465219,0.5143,True,False,body,50.0,36.0,-10.0
1213,61937,31.0,2,50,0.46496,0.4614,True,False,wall,20.0,21.0,-10.0
1214,61954,13.0,1,17,0.464872,0.4392,True,False,wall,10.0,13.0,-10.0
1215,62031,67.0,5,77,0.464473,0.4386,True,False,wall,50.0,27.0,-10.0
1216,62062,26.0,2,31,0.464312,0.4567,True,False,wall,20.0,16.0,-10.0
1217,62085,11.0,1,23,0.464193,0.7115,True,False,wall,10.0,11.0,-10.0
1218,62151,27.0,2,66,0.463852,0.5252,True,False,wall,20.0,17.0,-10.0
1219,62211,42.0,3,60,0.463541,0.5894,True,False,body,30.0,22.0,-10.0
1220,62235,17.0,2,24,0.463417,0.8287,True,False,wall,20.0,7.0,-10.0
1221,62284,54.0,4,49,0.463164,0.663,True,False,body,40.0,24.0,-10.0
1222,62359,103.0,7,75,0.462777,0.5487,True,False,wall,70.0,43.0,-10.0
1223,62405,48.0,3,46,0.46254,0.7615,True,False,wall,30.0,28.0,-10.0
1224,62510,89.0,3,105,0.461999,0.5973,True,False,body,30.0,69.0,-10.0
1225,62542,38.0,3,32,0.461834,0.8478,True,False,body,30.0,18.0,-10.0
1226,62593,36.0,2,51,0.461571,0.6397,True,False,wall,20.0,26.0,-10.0
1227,62663,90.0,5,70,0.461211,0.6679,True,False,body,50.0,50.0,-10.0
1228,62754,74.0,4,91,0.460744,0.6764,True,False,body,40.0,44.0,-10.0
1229,62804,50.0,3,50,0.460487,0.7425,True,False,wall,30.0,30.0,-10.0
1230,62863,48.0,4,59,0.460185,0.7454,True,False,body,40.0,18.0,-10.0
1231,62882,25.0,3,19,0.460087,0.6479,True,False,body,30.0,5.0,-10.0
1232,62963,60.0,4,81,0.459672,0.6081,True,False,body,40.0,30.0,-10.0
1233,62977,10.0,1,14,0.4596,0.5441,True,False,wall,10.0,10.0,-10.0
1234,63030,41.0,3,53,0.459329,0.5157,True,False,wall,30.0,21.0,-10.0
1235,63112,79.0,4,82,0.45891,0.4778,True,False,body,40.0,49.0,-10.0
1236,63195,71.0,3,83,0.458486,0.4903,True,False,body,30.0,51.0,-10.0
1237,63232,32.0,2,37,0.458297,0.4553,True,False,wall,20.0,22.0,-10.0
1238,63314,99.0,6,82,0.457879,0.454,True,False,body,60.0,49.0,-10.0
1239,63377,53.0,3,63,0.457558,0.535,True,False,body,30.0,33.0,-10.0
1240,63406,20.0,2,29,0.45741,0.47,True,False,wall,20.0,10.0,-10.0
1241,63471,62.0,4,65,0.457079,0.5625,True,False,body,40.0,32.0,-10.0
1242,63495,19.0,2,24,0.456957,0.6084,True,False,wall,20.0,9.0,-10.0
1243,63590,90.0,6,95,0.456474,0.6644,True,False,body,60.0,40.0,-10.0
1244,63705,86.0,6,115,0.45589,0.7345,True,False,wall,60.0,36.0,-10.0
1245,63757,55.0,4,52,0.455626,0.815,True,False,body,40.0,25.0,-10.0
1246,63766,7.0,1,9,0.455581,0.8804,True,False,wall,10.0,7.0,-10.0
1247,63858,61.0,4,92,0.455115,0.7653,True,False,wall,40.0,31.0,-10.0
1248,63918,44.0,3,60,0.454811,0.8235,True,False,body,30.0,24.0,-10.0
1249,63934,-1.0,0,16,0.45473,0.8402,True,False,wall,0.0,9.0,-10.0
1250,64008,59.0,4,74,0.454356,0.7449,True,False,wall,40.0,29.0,-10.0
1251,64083,59.0,3,75,0.453977,0.5907,True,False,body,30.0,39.0,-10.0
1252,64117,21.0,2,34,0.453805,0.6077,True,False,wall,20.0,11.0,-10.0
1253,64178,60.0,4,61,0.453497,0.6173,True,False,body,40.0,30.0,-10.0
1254,64215,32.0,2,37,0.453311,0.5545,True,False,wall,20.0,22.0,-10.0
1255,64300,65.0,3,85,0.452882,0.5123,True,False,body,30.0,45.0,-10.0
1256,64409,77.0,5,109,0.452334,0.6361,True,False,body,50.0,37.0,-10.0
1257,64439,23.0,2,30,0.452183,0.5668,True,False,wall,20.0,13.0,-10.0
1258,64468,26.0,2,29,0.452037,0.6342,True,False,wall,20.0,16.0,-10.0
1259,64545,63.0,3,77,0.45165,0.6397,True,False,wall,30.0,43.0,-10.0
1260,64565,8.0,1,20,0.45155,0.5793,True,False,wall,10.0,8.0,-10.0
1261,64607,20.0,1,42,0.451339,0.5162,True,False,wall,10.0,20.0,-10.0
1262,64732,125.0,7,125,0.450713,0.6481,True,False,body,70.0,65.0,-10.0
1263,64765,15.0,1,33,0.450547,0.8013,True,False,wall,10.0,15.0,-10.0
1264,64777,10.0,1,12,0.450487,0.9433,True,False,wall,10.0,10.0,-10.0
1265,64831,54.0,3,54,0.450217,0.8429,True,False,body,30.0,34.0,-10.0
1266,64926,72.0,4,95,0.449742,0.6998,True,False,wall,40.0,42.0,-10.0
1267,65008,69.0,4,82,0.449333,0.6804,True,False,wall,40.0,39.0,-10.0
1268,65087,79.0,5,79,0.448938,0.6397,True,False,body,50.0,39.0,-10.0
1269,65122,7.0,1,35,0.448764,0.707,True,False,wall,10.0,7.0,-10.0
1270,65163,41.0,3,41,0.44856,0.8963,True,False,wall,30.0,21.0,-10.0
1271,65228,43.0,3,65,0.448236,0.6334,True,False,body,30.0,23.0,-10.0
1272,65301,86.0,6,73,0.447873,0.5683,True,False,body,60.0,36.0,-10.0
1273,65331,-1.0,0,30,0.447724,0.6233,True,False,wall,0.0,9.0,-10.0
1274,65348,11.0,1,17,0.447639,0.6272,True,False,wall,10.0,11.0,-10.0
1275,65454,98.0,5,106,0.447113,0.5528,True,False,body,50.0,58.0,-10.0
1276,65502,70.0,5,48,0.446874,0.5272,True,False,body,50.0,30.0,-10.0
1277,65541,36.0,2,39,0.446681,0.4883,True,False,wall,20.0,26.0,-10.0
1278,65598,51.0,3,57,0.446398,0.5172,True,False,wall,30.0,31.0,-10.0
1279,65660,74.0,5,62,0.446091,0.5504,True,False,body,50.0,34.0,-10.0
1280,65719,53.0,3,59,0.445799,0.6071,True,False,body,30.0,33.0,-10.0
1281,65739,-3.0,0,20,0.4457,0.5512,True,False,wall,0.0,7.0,-10.0
1282,65876,82.0,4,137,0.445023,0.5789,True,False,body,40.0,52.0,-10.0
1283,65981,62.0,4,105,0.444505,0.5934,True,False,body,40.0,32.0,-10.0
1284,66036,30.0,2,55,0.444234,0.6704,True,False,wall,20.0,20.0,-10.0
1285,66046,4.0,1,10,0.444185,0.6922,True,False,wall,10.0,4.0,-10.0
1286,66111,47.0,3,65,0.443865,0.6283,True,False,body,30.0,27.0,-10.0
1287,66194,76.0,4,83,0.443456,0.6543,True,False,wall,40.0,46.0,-10.0
1288,66289,68.0,4,95,0.442989,0.7999,True,False,body,40.0,38.0,-10.0
1289,66325,29.0,2,36,0.442812,0.8546,True,False,wall,20.0,19.0,-10.0
1290,66424,77.0,5,99,0.442327,0.9147,True,False,body,50.0,37.0,-10.0
1291,66524,100.0,5,100,0.441837,0.8268,True,False,body,50.0,60.0,-10.0
1292,66538,1.0,0,14,0.441768,0.8903,True,False,wall,0.0,11.0,-10.0
1293,66571,37.0,3,33,0.441606,1.0164,True,False,body,30.0,17.0,-10.0
1294,66661,48.0,3,90,0.441166,0.7168,True,False,wall,30.0,28.0,-10.0
1295,66688,-4.0,0,27,0.441034,0.7538,True,False,wall,0.0,6.0,-10.0
1296,66707,13.0,1,19,0.440941,0.5826,True,False,wall,10.0,13.0,-10.0
1297,66749,22.0,1,42,0.440736,0.6231,True,False,wall,10.0,22.0,-10.0
1298,66869,162.0,11,120,0.44015,0.534,True,False,body,110.0,62.0,-10.0
1299,66892,0.0,0,23,0.440038,0.5185,True,False,wall,0.0,10.0,-10.0
1300,66925,15.0,1,33,0.439877,0.6041,True,False,wall,10.0,15.0,-10.0
1301,67003,82.0,5,78,0.439497,0.5632,True,False,wall,50.0,42.0,-10.0
1302,67040,24.0,2,37,0.439317,0.5066,True,False,wall,20.0,14.0,-10.0
1303,67083,30.0,2,43,0.439108,0.501,True,False,wall,20.0,20.0,-10.0
1304,67102,7.0,1,19,0.439016,0.4623,True,False,wall,10.0,7.0,-10.0
1305,67161,41.0,3,59,0.438729,0.5399,True,False,body,30.0,21.0,-10.0
1306,67176,13.0,1,15,0.438656,0.5624,True,False,wall,10.0,13.0,-10.0
1307,67217,41.0,3,41,0.438457,0.492,True,False,wall,30.0,21.0,-10.0
1308,67296,64.0,4,79,0.438074,0.4669,True,False,wall,40.0,34.0,-10.0
1309,67396,73.0,4,100,0.437589,0.5783,True,False,body,40.0,43.0,-10.0
1310,67464,71.0,4,68,0.437259,0.6907,True,False,wall,40.0,41.0,-10.0
1311,67494,14.0,1,30,0.437114,0.6388,True,False,wall,10.0,14.0,-10.0
1312,67533,49.0,3,39,0.436926,0.6635,True,False,wall,30.0,29.0,-10.0
1313,67622,83.0,5,89,0.436495,0.656,True,False,wall,50.0,43.0,-10.0
1314,67701,73.0,5,79,0.436114,0.5545,True,False,body,50.0,33.0,-10.0
1315,67727,32.0,3,26,0.435988,0.5499,True,False,body,30.0,12.0,-10.0
1316,67798,59.0,3,71,0.435646,0.7566,True,False,wall,30.0,39.0,-10.0
1317,67826,23.0,2,28,0.435511,0.7681,True,False,wall,20.0,13.0,-10.0
1318,67880,44.0,3,54,0.435251,0.7426,True,False,wall,30.0,24.0,-10.0
1319,67934,53.0,4,54,0.434991,0.8282,True,False,body,40.0,23.0,-10.0
1320,68047,108.0,6,113,0.434448,0.7184,True,False,wall,60.0,58.0,-10.0
1321,68147,81.0,4,100,0.433967,0.6602,True,False,wall,40.0,51.0,-10.0
1322,68203,52.0,3,56,0.433699,0.8421,True,False,wall,30.0,32.0,-10.0
1323,68241,22.0,1,38,0.433516,0.8964,True,False,wall,10.0,22.0,-10.0
1324,68286,21.0,1,45,0.433301,0.8263,True,False,wall,10.0,21.0,-10.0
1325,68407,95.0,5,121,0.432721,0.6875,True,False,body,50.0,55.0,-10.0
1326,68472,73.0,5,65,0.432411,0.6147,True,False,body,50.0,33.0,-10.0
1327,68538,44.0,3,66,0.432095,0.5038,True,False,body,30.0,24.0,-10.0
1328,68633,70.0,4,95,0.431642,0.5461,True,False,body,40.0,40.0,-10.0
1329,68662,17.0,1,29,0.431503,0.6003,True,False,wall,10.0,17.0,-10.0
1330,68703,35.0,3,41,0.431308,0.604,True,False,wall,30.0,15.0,-10.0
1331,68738,39.0,3,35,0.431141,0.6571,True,False,body,30.0,19.0,-10.0
1332,68767,20.0,2,29,0.431003,0.4927,True,False,wall,20.0,10.0,-10.0
1333,68819,49.0,4,52,0.430755,0.4883,True,False,body,40.0,19.0,-10.0
1334,68883,50.0,3,64,0.430451,0.5533,True,False,body,30.0,30.0,-10.0
1335,68906,13.0,1,23,0.430342,0.477,True,False,wall,10.0,13.0,-10.0
1336,68920,-3.0,0,14,0.430275,0.4686,True,False,wall,0.0,7.0,-10.0
1337,68937,11.0,1,17,0.430194,0.5135,True,False,wall,10.0,11.0,-10.0
1338,68949,-3.0,0,12,0.430137,0.5248,True,False,wall,0.0,7.0,-10.0
1339,69034,60.0,4,85,0.429734,0.5569,True,False,body,40.0,30.0,-10.0
1340,69049,11.0,1,15,0.429662,0.5454,True,False,wall,10.0,11.0,-10.0
1341,69145,100.0,5,96,0.429207,0.6174,True,False,wall,50.0,60.0,-10.0
1342,69200,36.0,2,55,0.428946,0.7066,True,False,wall,20.0,26.0,-10.0
1343,69246,51.0,4,46,0.428729,0.6908,True,False,body,40.0,21.0,-10.0
1344,69276,14.0,1,30,0.428587,0.6672,True,False,wall,10.0,14.0,-10.0
1345,69408,121.0,6,132,0.427962,0.6981,True,False,body,60.0,71.0,-10.0
1346,69443,26.0,2,35,0.427797,0.9183,True,False,wall,20.0,16.0,-10.0
1347,69575,135.0,8,132,0.427174,0.6189,True,False,body,80.0,65.0,-10.0
1348,69601,-1.0,0,26,0.427052,0.6615,True,False,wall,0.0,9.0,-10.0
1349,69684,116.0,8,83,0.426661,0.7073,True,False,wall,80.0,46.0,-10.0
1350,69756,37.0,2,72,0.426322,0.8122,True,False,wall,20.0,27.0,-10.0
1351,69785,32.0,2,29,0.426185,0.7105,True,False,wall,20.0,22.0,-10.0
1352,69902,99.0,5,117,0.425636,0.6264,True,False,wall,50.0,59.0,-10.0
1353,69928,31.0,2,26,0.425514,0.6402,True,False,wall,20.0,21.0,-10.0
1354,69946,12.0,1,18,0.425429,0.6118,True,False,wall,10.0,12.0,-10.0
1355,70006,42.0,3,60,0.425148,0.7016,True,False,wall,30.0,22.0,-10.0
1356,70061,40.0,2,55,0.42489,0.8221,True,False,wall,20.0,30.0,-10.0
1357,70080,-8.0,0,19,0.424801,0.8583,True,False,wall,0.0,2.0,-10.0
1358,70116,6.0,1,36,0.424632,0.9122,True,False,wall,10.0,6.0,-10.0
1359,70131,9.0,1,15,0.424562,0.6614,True,False,wall,10.0,9.0,-10.0
1360,70241,73.0,4,110,0.424047,0.6542,True,False,wall,40.0,43.0,-10.0
1361,70307,42.0,3,66,0.423739,0.5759,True,False,wall,30.0,22.0,-10.0
1362,70391,59.0,2,84,0.423347,0.6357,True,False,wall,20.0,49.0,-10.0
1363,70446,42.0,2,55,0.42309,0.5168,True,False,wall,20.0,32.0,-10.0
1364,70494,42.0,3,48,0.422866,0.5455,True,False,body,30.0,22.0,-10.0
1365,70553,34.0,2,59,0.422591,0.5257,True,False,wall,20.0,24.0,-10.0
1366,70644,88.0,4,91,0.422168,0.6036,True,False,wall,40.0,58.0,-10.0
1367,70759,103.0,7,115,0.421633,0.6313,True,False,body,70.0,43.0,-10.0
1368,70788,-4.0,0,29,0.421498,0.7619,True,False,wall,0.0,6.0,-10.0
1369,70835,40.0,2,47,0.42128,0.7975,True,False,wall,20.0,30.0,-10.0
1370,70856,2.0,0,21,0.421183,0.6643,True,False,wall,0.0,12.0,-10.0
1371,70888,34.0,3,32,0.421034,0.7902,True,False,body,30.0,14.0,-10.0
1372,70915,20.0,2,27,0.420909,0.5951,True,False,wall,20.0,10.0,-10.0
1373,70989,74.0,5,74,0.420566,0.6557,True,False,body,50.0,34.0,-10.0
1374,71001,6.0,1,12,0.420511,0.7162,True,False,wall,10.0,6.0,-10.0
1375,71053,52.0,3,52,0.42027,0.5685,True,False,body,30.0,32.0,-10.0
1376,71110,60.0,4,57,0.420006,0.6659,True,False,body,40.0,30.0,-10.0
1377,71156,51.0,4,46,0.419794,0.8618,True,False,body,40.0,21.0,-10.0
1378,71242,82.0,5,86,0.419396,0.8238,True,False,body,50.0,42.0,-10.0
1379,71256,6.0,1,14,0.419332,0.7259,True,False,wall,10.0,6.0,-10.0
1380,71341,102.0,6,85,0.418939,0.8416,True,False,wall,60.0,52.0,-10.0
1381,71477,111.0,6,136,0.418313,0.7268,True,False,body,60.0,61.0,-10.0
1382,71516,28.0,2,39,0.418133,0.7096,True,False,wall,20.0,18.0,-10.0
1383,71602,46.0,3,86,0.417738,0.6972,True,False,wall,30.0,26.0,-10.0
1384,71617,-4.0,0,15,0.417669,0.965,True,False,wall,0.0,6.0,-10.0
1385,71658,40.0,2,41,0.41748,0.9782,True,False,wall,20.0,30.0,-10.0
1386,71715,49.0,3,57,0.417219,0.7419,True,False,body,30.0,29.0,-10.0
1387,71749,16.0,1,34,0.417063,0.7346,True,False,wall,10.0,16.0,-10.0
1388,71822,75.0,5,73,0.416728,0.5444,True,False,wall,50.0,35.0,-10.0
1389,71894,71.0,4,72,0.416398,0.6972,True,False,body,40.0,41.0,-10.0
1390,71943,36.0,2,49,0.416173,0.5652,True,False,wall,20.0,26.0,-10.0
1391,71964,11.0,1,21,0.416077,0.5416,True,False,wall,10.0,11.0,-10.0
1392,72022,52.0,3,58,0.415812,0.6426,True,False,body,30.0,32.0,-10.0
1393,72119,81.0,5,97,0.415369,0.6394,True,False,body,50.0,41.0,-10.0
1394,72241,113.0,6,122,0.414812,0.8165,True,False,body,60.0,63.0,-10.0
1395,72302,48.0,2,61,0.414534,1.1006,True,False,wall,20.0,38.0,-10.0
1396,72361,41.0,3,59,0.414265,0.6923,True,False,body,30.0,21.0,-10.0
1397,72376,9.0,1,15,0.414197,0.7262,True,False,wall,10.0,9.0,-10.0
1398,72392,19.0,2,16,0.414124,1.0331,True,False,wall,20.0,9.0,-10.0
1399,72446,50.0,3,54,0.413878,0.8405,True,False,body,30.0,30.0,-10.0
1400,72472,34.0,3,26,0.41376,0.7957,True,False,wall,30.0,14.0,-10.0
1401,72503,9.0,1,31,0.413619,0.7239,True,False,wall,10.0,9.0,-10.0
1402,72565,44.0,3,62,0.413338,0.8005,True,False,body,30.0,24.0,-10.0
1403,72640,57.0,3,75,0.412997,0.6275,True,False,body,30.0,37.0,-10.0
1404,72720,68.0,3,80,0.412634,0.7934,True,False,wall,30.0,48.0,-10.0
1405,72762,31.0,2,42,0.412444,0.654,True,False,wall,20.0,21.0,-10.0
1406,72781,7.0,1,19,0.412358,0.7094,True,False,wall,10.0,7.0,-10.0
1407,72839,44.0,3,58,0.412095,0.6404,True,False,wall,30.0,24.0,-10.0
1408,72860,-2.0,0,21,0.412,0.7505,True,False,wall,0.0,8.0,-10.0
1409,72876,-3.0,0,16,0.411928,0.6361,True,False,wall,0.0,7.0,-10.0
1410,72888,8.0,1,12,0.411874,0.607,True,False,wall,10.0,8.0,-10.0
1411,72915,0.0,0,27,0.411751,0.605,True,False,wall,0.0,10.0,-10.0
1412,72926,-4.0,0,11,0.411702,0.6275,True,False,wall,0.0,6.0,-10.0
1413,72950,-5.0,0,24,0.411593,0.6973,True,False,wall,0.0,5.0,-10.0
1414,72984,42.0,3,34,0.41144,0.6923,True,False,body,30.0,22.0,-10.0
1415,73101,97.0,5,117,0.410911,0.6389,True,False,wall,50.0,57.0,-10.0
1416,73137,31.0,2,36,0.410749,0.7562,True,False,wall,20.0,21.0,-10.0
1417,73181,14.0,1,44,0.410551,1.1968,True,False,wall,10.0,14.0,-10.0
1418,73287,113.0,6,106,0.410073,0.8468,True,False,wall,60.0,63.0,-10.0
1419,73302,0.0,0,15,0.410006,0.6597,True,False,wall,0.0,10.0,-10.0
1420,73318,1.0,0,16,0.409934,0.7003,True,False,wall,0.0,11.0,-10.0
1421,73388,34.0,3,70,0.409619,0.8293,True,False,body,30.0,14.0,-10.0
1422,73421,37.0,3,33,0.409471,0.6981,True,False,body,30.0,17.0,-10.0
1423,73441,32.0,3,20,0.409381,0.7136,True,False,body,30.0,12.0,-10.0
1424,73472,48.0,4,31,0.409241,0.6088,True,False,body,40.0,18.0,-10.0
1425,73522,61.0,4,50,0.409017,0.675,True,False,body,40.0,31.0,-10.0
1426,73577,38.0,2,55,0.40877,0.7056,True,False,wall,20.0,28.0,-10.0
1427,73647,73.0,4,70,0.408456,0.6755,True,False,body,40.0,43.0,-10.0
1428,73704,63.0,5,57,0.408201,0.6391,True,False,wall,50.0,23.0,-10.0
1429,73843,154.0,8,139,0.407579,0.5733,True,False,body,80.0,84.0,-10.0
1430,73877,40.0,3,34,0.407427,0.5553,True,False,wall,30.0,20.0,-10.0
1431,73970,81.0,5,93,0.407012,0.6214,True,False,body,50.0,41.0,-10.0
1432,74018,4.0,1,48,0.406798,0.6609,True,False,wall,10.0,4.0,-10.0
1433,74058,29.0,2,40,0.40662,0.817,True,False,wall,20.0,19.0,-10.0
1434,74157,99.0,5,99,0.406179,0.7043,True,False,body,50.0,59.0,-10.0
1435,74207,61.0,4,50,0.405956,0.5553,True,False,body,40.0,31.0,-10.0
1436,74295,56.0,3,88,0.405565,0.5393,True,False,body,30.0,36.0,-10.0
1437,74344,30.0,2,49,0.405347,0.5634,True,False,wall,20.0,20.0,-10.0
1438,74395,58.0,4,51,0.405121,0.5826,True,False,body,40.0,28.0,-10.0
1439,74414,-4.0,0,19,0.405036,0.7225,True,False,wall,0.0,6.0,-10.0
1440,74450,40.0,3,36,0.404876,0.8206,True,False,wall,30.0,20.0,-10.0
1441,74506,60.0,3,56,0.404628,0.7278,True,False,body,30.0,40.0,-10.0
1442,74522,-1.0,0,16,0.404557,0.9446,True,False,wall,0.0,9.0,-10.0
1443,74586,77.0,6,64,0.404274,0.6506,True,False,wall,60.0,27.0,-10.0
1444,74612,14.0,1,26,0.404159,0.6822,True,False,wall,10.0,14.0,-10.0
1445,74647,19.0,1,35,0.404004,0.6124,True,False,wall,10.0,19.0,-10.0
1446,74672,35.0,3,25,0.403893,0.6563,True,False,body,30.0,15.0,-10.0
1447,74720,56.0,3,48,0.403681,0.6338,True,False,wall,30.0,36.0,-10.0
1448,74730,6.0,1,10,0.403637,0.6371,True,False,wall,10.0,6.0,-10.0
1449,74739,5.0,1,9,0.403597,0.5584,True,False,wall,10.0,5.0,-10.0
1450,74768,9.0,1,29,0.403469,0.6778,True,False,wall,10.0,9.0,-10.0
1451,74787,-4.0,0,19,0.403385,0.6557,True,False,wall,0.0,6.0,-10.0
1452,74846,64.0,4,59,0.403124,0.5731,True,False,wall,40.0,34.0,-10.0
1453,74972,108.0,5,126,0.402568,0.6621,True,False,wall,50.0,68.0,-10.0
1454,75011,35.0,3,39,0.402397,0.6336,True,False,body,30.0,15.0,-10.0
1455,75084,88.0,6,73,0.402075,0.5614,True,False,body,60.0,38.0,-10.0
1456,75148,76.0,5,64,0.401794,0.7655,True,False,body,50.0,36.0,-10.0
1457,75171,30.0,2,23,0.401693,0.7414,True,False,wall,20.0,20.0,-10.0
1458,75258,85.0,5,87,0.40131,0.7367,True,False,wall,50.0,45.0,-10.0
1459,75282,19.0,2,24,0.401205,0.6931,True,False,wall,20.0,9.0,-10.0
1460,75388,90.0,7,106,0.40074,0.6568,True,False,wall,70.0,30.0,-10.0
1461,75481,81.0,5,93,0.400332,0.5689,True,False,wall,50.0,41.0,-10.0
1462,75558,72.0,4,77,0.399995,0.6926,True,False,wall,40.0,42.0,-10.0
1463,75578,25.0,2,20,0.399908,0.599,True,False,wall,20.0,15.0,-10.0
1464,75624,40.0,3,46,0.399707,0.6604,True,False,body,30.0,20.0,-10.0
1465,75695,45.0,3,71,0.399396,0.605,True,False,body,30.0,25.0,-10.0
1466,75725,14.0,1,30,0.399265,0.5467,True,False,wall,10.0,14.0,-10.0
1467,75738,5.0,1,13,0.399209,0.5346,True,False,wall,10.0,5.0,-10.0
1468,75779,43.0,3,41,0.39903,0.494,True,False,wall,30.0,23.0,-10.0
1469,75826,63.0,5,47,0.398825,0.6394,True,False,body,50.0,23.0,-10.0
1470,75895,85.0,5,69,0.398524,0.5881,True,False,wall,50.0,45.0,-10.0
1471,75938,21.0,1,43,0.398337,0.5732,True,False,wall,10.0,21.0,-10.0
1472,75950,10.0,1,12,0.398285,0.579,True,False,wall,10.0,10.0,-10.0
1473,75985,37.0,3,35,0.398132,0.5527,True,False,wall,30.0,17.0,-10.0
1474,76025,42.0,3,40,0.397958,0.5766,True,False,body,30.0,22.0,-10.0
1475,76071,44.0,3,46,0.397758,0.6055,True,False,body,30.0,24.0,-10.0
1476,76094,33.0,3,23,0.397658,0.6204,True,False,body,30.0,13.0,-10.0
1477,76133,46.0,4,39,0.397489,0.6624,True,False,wall,40.0,16.0,-10.0
1478,76157,8.0,1,24,0.397385,0.5869,True,False,wall,10.0,8.0,-10.0
1479,76180,17.0,1,23,0.397285,0.6315,True,False,wall,10.0,17.0,-10.0
1480,76251,72.0,4,71,0.396977,0.603,True,False,wall,40.0,42.0,-10.0
1481,76299,45.0,4,48,0.396768,0.6757,True,False,body,40.0,15.0,-10.0
1482,76388,100.0,6,89,0.396383,0.8167,True,False,wall,60.0,50.0,-10.0
1483,76444,58.0,3,56,0.396141,0.9125,True,False,body,30.0,38.0,-10.0
1484,76472,31.0,2,28,0.396019,0.8613,True,False,wall,20.0,21.0,-10.0
1485,76530,39.0,2,58,0.395769,0.7856,True,False,wall,20.0,29.0,-10.0
1486,76580,50.0,3,50,0.395553,0.847,True,False,body,30.0,30.0,-10.0
1487,76643,63.0,3,63,0.395281,0.7523,True,False,wall,30.0,43.0,-10.0
1488,76672,17.0,1,29,0.395155,0.7171,True,False,wall,10.0,17.0,-10.0
1489,76741,30.0,2,69,0.394858,0.6272,True,False,wall,20.0,20.0,-10.0
1490,76961,190.0,9,220,0.393911,0.5972,True,False,wall,90.0,110.0,-10.0
1491,77042,81.0,5,81,0.393563,0.6462,True,False,wall,50.0,41.0,-10.0
1492,77125,64.0,4,83,0.393206,0.5432,True,False,body,40.0,34.0,-10.0
1493,77153,21.0,2,28,0.393086,0.6483,True,False,wall,20.0,11.0,-10.0
1494,77220,60.0,4,67,0.392799,0.7495,True,False,body,40.0,30.0,-10.0
1495,77267,57.0,5,47,0.392598,0.6468,True,False,body,50.0,17.0,-10.0
1496,77292,15.0,1,25,0.392491,0.6274,True,False,wall,10.0,15.0,-10.0
1497,77353,45.0,3,61,0.39223,0.6797,True,False,body,30.0,25.0,-10.0
1498,77510,120.0,6,157,0.391559,0.5814,True,False,body,60.0,70.0,-10.0
1499,77651,159.0,9,141,0.390957,0.6092,True,False,body,90.0,79.0,-10.0
1500,77812,158.0,8,161,0.390272,0.6002,True,False,wall,80.0,88.0,-10.0
1501,77832,18.0,1,20,0.390187,0.6505,True,False,wall,10.0,18.0,-10.0
1502,77852,6.0,1,20,0.390102,0.7012,True,False,wall,10.0,6.0,-10.0
1503,77915,52.0,4,63,0.389834,0.8033,True,False,wall,40.0,22.0,-10.0
1504,78022,85.0,5,107,0.38938,0.7971,True,False,body,50.0,45.0,-10.0
1505,78064,36.0,3,42,0.389202,0.6989,True,False,wall,30.0,16.0,-10.0
1506,78096,18.0,1,32,0.389066,0.6239,True,False,wall,10.0,18.0,-10.0
1507,78144,61.0,4,48,0.388863,0.5858,True,False,wall,40.0,31.0,-10.0
1508,78189,54.0,4,45,0.388672,0.6506,True,False,body,40.0,24.0,-10.0
1509,78243,52.0,3,54,0.388444,0.6444,True,False,body,30.0,32.0,-10.0
1510,78298,60.0,4,55,0.388211,0.7092,True,False,body,40.0,30.0,-10.0
1511,78331,23.0,1,33,0.388071,0.6061,True,False,wall,10.0,23.0,-10.0
1512,78367,33.0,2,36,0.387919,0.6126,True,False,wall,20.0,23.0,-10.0
1513,78492,112.0,6,125,0.387392,0.5562,True,False,wall,60.0,62.0,-10.0
1514,78546,61.0,4,54,0.387164,0.6116,True,False,body,40.0,31.0,-10.0
1515,78635,71.0,3,89,0.386789,0.6027,True,False,body,30.0,51.0,-10.0
1516,78690,66.0,4,55,0.386558,0.5823,True,False,wall,40.0,36.0,-10.0
1517,78745,49.0,3,55,0.386326,0.5814,True,False,wall,30.0,29.0,-10.0
1518,78798,75.0,5,53,0.386104,0.5636,True,False,body,50.0,35.0,-10.0
1519,78888,91.0,6,90,0.385726,0.5542,True,False,body,60.0,41.0,-10.0
1520,78967,94.0,6,79,0.385394,0.6769,True,False,body,60.0,44.0,-10.0
1521,79061,103.0,6,94,0.385001,0.5875,True,False,wall,60.0,53.0,-10.0
1522,79198,165.0,9,137,0.384427,0.5682,True,False,wall,90.0,85.0,-10.0
1523,79282,90.0,5,84,0.384076,0.5576,True,False,wall,50.0,50.0,-10.0
1524,79297,9.0,1,15,0.384014,0.6203,True,False,wall,10.0,9.0,-10.0
1525,79386,60.0,4,89,0.383642,0.7611,True,False,body,40.0,30.0,-10.0
1526,79457,70.0,4,71,0.383346,0.5917,True,False,wall,40.0,40.0,-10.0
1527,79589,138.0,7,132,0.382797,0.716,True,False,body,70.0,78.0,-10.0
1528,79684,115.0,7,95,0.382402,0.7954,True,False,wall,70.0,55.0,-10.0
1529,79761,91.0,5,77,0.382082,0.7546,True,False,wall,50.0,51.0,-10.0
1530,79772,-2.0,0,11,0.382036,0.6685,True,False,wall,0.0,8.0,-10.0
1531,79818,33.0,2,46,0.381846,0.8862,True,False,wall,20.0,23.0,-10.0
1532,79879,68.0,4,61,0.381593,0.8059,True,False,body,40.0,38.0,-10.0
1533,79945,52.0,3,66,0.381319,0.8322,True,False,wall,30.0,32.0,-10.0
1534,79979,31.0,2,34,0.381178,0.789,True,False,wall,20.0,21.0,-10.0
1535,80065,116.0,7,86,0.380823,0.6898,True,False,wall,70.0,56.0,-10.0
1536,80101,35.0,2,36,0.380674,0.704,True,False,wall,20.0,25.0,-10.0
1537,80129,23.0,2,28,0.380558,0.8484,True,False,wall,20.0,13.0,-10.0
1538,80221,96.0,5,92,0.380178,0.7651,True,False,wall,50.0,56.0,-10.0
1539,80261,35.0,2,40,0.380013,0.8074,True,False,wall,20.0,25.0,-10.0
1540,80324,50.0,4,63,0.379753,0.7055,True,False,body,40.0,20.0,-10.0
1541,80340,12.0,1,16,0.379687,0.72,True,False,wall,10.0,12.0,-10.0
1542,80408,69.0,4,68,0.379407,0.6017,True,False,wall,40.0,39.0,-10.0
1543,80487,83.0,5,79,0.379082,0.6287,True,False,wall,50.0,43.0,-10.0
1544,80508,13.0,1,21,0.378996,0.6439,True,False,wall,10.0,13.0,-10.0
1545,80609,74.0,4,101,0.378581,0.7877,True,False,wall,40.0,44.0,-10.0
1546,80696,108.0,6,87,0.378223,0.5855,True,False,wall,60.0,58.0,-10.0
1547,80751,67.0,5,55,0.377998,0.5384,True,False,body,50.0,27.0,-10.0
1548,80795,74.0,5,44,0.377818,0.5633,True,False,body,50.0,34.0,-10.0
1549,80876,113.0,7,81,0.377486,0.5931,True,False,body,70.0,53.0,-10.0
1550,80947,66.0,4,71,0.377195,0.7284,True,False,wall,40.0,36.0,-10.0
1551,81025,79.0,4,78,0.376876,0.6246,True,False,body,40.0,49.0,-10.0
1552,81073,48.0,3,48,0.37668,0.5468,True,False,wall,30.0,28.0,-10.0
1553,81111,44.0,3,38,0.376525,0.6453,True,False,wall,30.0,24.0,-10.0
1554,81126,20.0,2,15,0.376464,0.6332,True,False,wall,20.0,10.0,-10.0
1555,81185,57.0,3,59,0.376223,0.7765,True,False,body,30.0,37.0,-10.0
1556,81251,64.0,3,66,0.375954,0.6003,True,False,body,30.0,44.0,-10.0
1557,81356,100.0,6,105,0.375527,0.5545,True,False,body,60.0,50.0,-10.0
1558,81414,52.0,3,58,0.375291,0.6494,True,False,body,30.0,32.0,-10.0
1559,81447,30.0,2,33,0.375157,0.6596,True,False,wall,20.0,20.0,-10.0
1560,81509,65.0,4,62,0.374905,0.5503,True,False,body,40.0,35.0,-10.0
1561,81542,47.0,3,33,0.374771,0.6517,True,False,body,30.0,27.0,-10.0
1562,81646,88.0,5,104,0.374349,0.5308,True,False,body,50.0,48.0,-10.0
1563,81661,9.0,1,15,0.374288,0.589,True,False,wall,10.0,9.0,-10.0
1564,81675,-1.0,0,14,0.374231,0.5303,True,False,wall,0.0,9.0,-10.0
1565,81774,130.0,8,99,0.37383,0.5697,True,False,body,80.0,60.0,-10.0
1566,81852,76.0,5,78,0.373515,0.6183,True,False,wall,50.0,36.0,-10.0
1567,81882,22.0,1,30,0.373393,0.6041,True,False,wall,10.0,22.0,-10.0
1568,81909,11.0,1,27,0.373284,0.6587,True,False,wall,10.0,11.0,-10.0
1569,81936,28.0,2,27,0.373175,0.6274,True,False,wall,20.0,18.0,-10.0
1570,81954,-1.0,0,18,0.373103,0.6658,True,False,wall,0.0,9.0,-10.0
1571,82027,88.0,6,73,0.372808,0.6005,True,False,body,60.0,38.0,-10.0
1572,82055,36.0,3,28,0.372695,0.7159,True,False,wall,30.0,16.0,-10.0
1573,82117,42.0,3,62,0.372445,0.6515,True,False,wall,30.0,22.0,-10.0
1574,82207,94.0,5,90,0.372082,0.7001,True,False,wall,50.0,54.0,-10.0
1575,82219,-1.0,0,12,0.372034,0.6343,True,False,wall,0.0,9.0,-10.0
1576,82262,37.0,3,43,0.371861,0.6109,True,False,body,30.0,17.0,-10.0
1577,82315,36.0,2,53,0.371648,0.6997,True,False,wall,20.0,26.0,-10.0
1578,82360,53.0,3,45,0.371467,0.8884,True,False,body,30.0,33.0,-10.0
1579,82416,67.0,4,56,0.371242,0.6362,True,False,body,40.0,37.0,-10.0
1580,82465,49.0,3,49,0.371045,0.6349,True,False,body,30.0,29.0,-10.0
1581,82490,26.0,2,25,0.370945,0.7041,True,False,wall,20.0,16.0,-10.0
1582,82553,75.0,5,63,0.370692,0.7576,True,False,body,50.0,35.0,-10.0
1583,82639,116.0,7,86,0.370348,0.6191,True,False,body,70.0,56.0,-10.0
1584,82682,49.0,3,43,0.370176,0.8305,True,False,body,30.0,29.0,-10.0
1585,82705,9.0,1,23,0.370084,0.8181,True,False,wall,10.0,9.0,-10.0
1586,82718,9.0,1,13,0.370032,0.6305,True,False,wall,10.0,9.0,-10.0
1587,82738,6.0,1,20,0.369952,0.6631,True,False,wall,10.0,6.0,-10.0
1588,82808,95.0,6,70,0.369672,0.5777,True,False,body,60.0,45.0,-10.0
1589,82864,50.0,3,56,0.369448,0.6164,True,False,body,30.0,30.0,-10.0
1590,82895,39.0,3,31,0.369324,0.8504,True,False,body,30.0,19.0,-10.0
1591,82922,24.0,2,27,0.369217,0.7708,True,False,wall,20.0,14.0,-10.0
1592,82986,68.0,5,64,0.368961,0.6006,True,False,body,50.0,28.0,-10.0
1593,82995,-4.0,0,9,0.368925,0.6085,True,False,wall,0.0,6.0,-10.0
1594,83069,62.0,3,74,0.368631,0.6945,True,False,body,30.0,42.0,-10.0
1595,83139,80.0,5,70,0.368352,0.7572,True,False,body,50.0,40.0,-10.0
1596,83220,77.0,5,81,0.36803,0.7887,True,False,body,50.0,37.0,-10.0
1597,83326,63.0,4,106,0.367609,0.8392,True,False,wall,40.0,33.0,-10.0
1598,83372,43.0,2,46,0.367426,0.6937,True,False,wall,20.0,33.0,-10.0
1599,83416,40.0,3,44,0.367251,0.6638,True,False,wall,30.0,20.0,-10.0
1600,83454,14.0,1,38,0.367101,0.6701,True,False,wall,10.0,14.0,-10.0
1601,83557,82.0,4,103,0.366693,0.5945,True,False,body,40.0,52.0,-10.0
1602,83642,96.0,6,85,0.366357,0.5989,True,False,body,60.0,46.0,-10.0
1603,83721,45.0,3,79,0.366044,0.6054,True,False,body,30.0,25.0,-10.0
1604,83764,54.0,4,43,0.365874,0.6522,True,False,wall,40.0,24.0,-10.0
1605,83802,37.0,2,38,0.365724,0.6701,True,False,wall,20.0,27.0,-10.0
1606,83812,8.0,1,10,0.365685,0.5741,True,False,wall,10.0,8.0,-10.0
1607,83916,105.0,6,104,0.365275,0.5978,True,False,body,60.0,55.0,-10.0
1608,83996,116.0,7,80,0.36496,0.606,True,False,body,70.0,56.0,-10.0
1609,84057,49.0,3,61,0.36472,0.6694,True,False,body,30.0,29.0,-10.0
1610,84074,20.0,2,17,0.364653,0.9556,True,False,wall,20.0,10.0,-10.0
1611,84162,79.0,4,88,0.364307,0.609,True,False,wall,40.0,49.0,-10.0
1612,84237,78.0,4,75,0.364012,0.5735,True,False,wall,40.0,48.0,-10.0
1613,84334,106.0,6,97,0.363632,0.6337,True,False,wall,60.0,56.0,-10.0
1614,84367,19.0,1,33,0.363502,0.583,True,False,wall,10.0,19.0,-10.0
1615,84397,10.0,1,30,0.363385,0.5251,True,False,wall,10.0,10.0,-10.0
1616,84497,106.0,5,100,0.362993,0.5687,True,False,body,50.0,66.0,-10.0
1617,84516,16.0,2,19,0.362919,0.5318,True,False,wall,20.0,6.0,-10.0
1618,84641,142.0,8,125,0.362431,0.6536,True,False,wall,80.0,72.0,-10.0
1619,84698,66.0,4,57,0.362208,0.713,True,False,body,40.0,36.0,-10.0
1620,84744,42.0,3,46,0.362029,0.6224,True,False,wall,30.0,22.0,-10.0
1621,84810,61.0,4,66,0.361771,0.6124,True,False,wall,40.0,31.0,-10.0
1622,84860,42.0,3,50,0.361576,0.5579,True,False,wall,30.0,22.0,-10.0
1623,84873,2.0,0,13,0.361526,0.472,True,False,wall,0.0,12.0,-10.0
1624,84960,75.0,3,87,0.361187,0.6623,True,False,body,30.0,55.0,-10.0
1625,84987,50.0,4,27,0.361082,0.653,True,False,body,40.0,20.0,-10.0
1626,85085,97.0,6,98,0.360701,0.6848,True,False,body,60.0,47.0,-10.0
1627,85124,32.0,2,39,0.36055,0.7,True,False,wall,20.0,22.0,-10.0
1628,85152,8.0,1,28,0.360441,0.7398,True,False,wall,10.0,8.0,-10.0
1629,85242,86.0,5,90,0.360092,0.6129,True,False,body,50.0,46.0,-10.0
1630,85326,117.0,8,84,0.359767,0.6454,True,False,body,80.0,47.0,-10.0
1631,85342,21.0,2,16,0.359705,0.8143,True,False,wall,20.0,11.0,-10.0
1632,85379,41.0,3,37,0.359562,0.6489,True,False,body,30.0,21.0,-10.0
1633,85407,18.0,1,28,0.359453,0.5774,True,False,wall,10.0,18.0,-10.0
1634,85455,63.0,4,48,0.359268,0.5987,True,False,wall,40.0,33.0,-10.0
1635,85496,43.0,3,41,0.359109,0.5988,True,False,body,30.0,23.0,-10.0
1636,85572,107.0,6,76,0.358816,1.0526,True,False,wall,60.0,57.0,-10.0
1637,85686,138.0,9,114,0.358376,0.7693,True,False,body,90.0,58.0,-10.0
1638,85742,61.0,4,56,0.35816,0.6942,True,False,body,40.0,31.0,-10.0
1639,85836,94.0,5,94,0.357798,0.6623,True,False,wall,50.0,54.0,-10.0
1640,85896,54.0,3,60,0.357568,0.9144,True,False,wall,30.0,34.0,-10.0
1641,85943,47.0,3,47,0.357387,0.7584,True,False,wall,30.0,27.0,-10.0
1642,85955,-1.0,0,12,0.357341,0.7886,True,False,wall,0.0,9.0,-10.0
1643,86058,102.0,6,103,0.356945,0.6394,True,False,body,60.0,52.0,-10.0
1644,86170,128.0,7,112,0.356516,0.7357,True,False,body,70.0,68.0,-10.0
1645,86228,58.0,3,58,0.356294,0.717,True,False,body,30.0,38.0,-10.0
1646,86325,111.0,7,97,0.355923,0.7113,True,False,body,70.0,51.0,-10.0
1647,86425,138.0,9,100,0.35554,0.6945,True,False,wall,90.0,58.0,-10.0
1648,86536,107.0,5,111,0.355117,0.7071,True,False,wall,50.0,67.0,-10.0
1649,86563,19.0,1,27,0.355014,0.9604,True,False,wall,10.0,19.0,-10.0
1650,86577,6.0,1,14,0.354961,0.6459,True,False,wall,10.0,6.0,-10.0
1651,86681,145.0,8,104,0.354564,0.6431,True,False,wall,80.0,75.0,-10.0
1652,86728,45.0,3,47,0.354385,0.6269,True,False,body,30.0,25.0,-10.0
1653,86755,16.0,2,27,0.354283,0.8485,True,False,wall,20.0,6.0,-10.0
1654,86775,1.0,0,20,0.354207,0.6491,True,False,wall,0.0,11.0,-10.0
1655,86807,12.0,1,32,0.354085,0.6417,True,False,wall,10.0,12.0,-10.0
1656,86906,95.0,5,99,0.353709,0.7448,True,False,body,50.0,55.0,-10.0
1657,86936,16.0,1,30,0.353595,0.7322,True,False,wall,10.0,16.0,-10.0
1658,86966,21.0,2,30,0.353481,0.6988,True,False,wall,20.0,11.0,-10.0
1659,87051,76.0,4,85,0.353159,0.7833,True,False,wall,40.0,46.0,-10.0
1660,87103,76.0,5,52,0.352962,0.8036,True,False,wall,50.0,36.0,-10.0
1661,87155,74.0,5,52,0.352765,0.7175,True,False,body,50.0,34.0,-10.0
1662,87214,62.0,4,59,0.352542,0.7349,True,False,wall,40.0,32.0,-10.0
1663,87276,75.0,4,62,0.352308,0.7028,True,False,body,40.0,45.0,-10.0
1664,87320,58.0,5,44,0.352141,0.7222,True,False,body,50.0,18.0,-10.0
1665,87362,38.0,3,42,0.351983,0.6073,True,False,body,30.0,18.0,-10.0
1666,87440,76.0,5,78,0.351688,0.6455,True,False,wall,50.0,36.0,-10.0
1667,87473,26.0,2,33,0.351564,0.6789,True,False,wall,20.0,16.0,-10.0
1668,87547,50.0,3,74,0.351285,0.6601,True,False,body,30.0,30.0,-10.0
1669,87665,115.0,6,118,0.350841,0.7031,True,False,body,60.0,65.0,-10.0
1670,87694,33.0,3,29,0.350732,0.6151,True,False,body,30.0,13.0,-10.0
1671,87714,10.0,1,20,0.350657,0.5614,True,False,wall,10.0,10.0,-10.0
1672,87741,33.0,3,27,0.350555,0.6968,True,False,body,30.0,13.0,-10.0
1673,87805,48.0,3,64,0.350315,0.6941,True,False,body,30.0,28.0,-10.0
1674,87841,35.0,2,36,0.35018,0.6295,True,False,wall,20.0,25.0,-10.0
1675,87906,78.0,4,65,0.349936,0.6482,True,False,wall,40.0,48.0,-10.0
1676,87974,93.0,6,68,0.349681,0.9009,True,False,wall,60.0,43.0,-10.0
1677,88047,69.0,3,73,0.349408,0.6838,True,False,wall,30.0,49.0,-10.0
1678,88070,17.0,1,23,0.349322,0.7317,True,False,wall,10.0,17.0,-10.0
1679,88162,80.0,5,92,0.348978,0.7917,True,False,body,50.0,40.0,-10.0
1680,88214,52.0,3,52,0.348784,0.6339,True,False,body,30.0,32.0,-10.0
1681,88265,41.0,3,51,0.348593,0.775,True,False,body,30.0,21.0,-10.0
1682,88337,73.0,4,72,0.348325,0.7173,True,False,body,40.0,43.0,-10.0
1683,88382,45.0,3,45,0.348157,0.6768,True,False,wall,30.0,25.0,-10.0
1684,88427,36.0,2,45,0.347989,0.6985,True,False,wall,20.0,26.0,-10.0
1685,88540,97.0,5,113,0.347569,0.7248,True,False,body,50.0,57.0,-10.0
1686,88587,57.0,3,47,0.347394,0.8418,True,False,wall,30.0,37.0,-10.0
1687,88649,77.0,4,62,0.347163,0.7665,True,False,wall,40.0,47.0,-10.0
1688,88707,58.0,3,58,0.346948,0.9219,True,False,body,30.0,38.0,-10.0
1689,88738,32.0,2,31,0.346833,0.7489,True,False,wall,20.0,22.0,-10.0
1690,88797,59.0,3,59,0.346614,0.6702,True,False,body,30.0,39.0,-10.0
1691,88852,58.0,4,55,0.34641,0.6706,True,False,body,40.0,28.0,-10.0
1692,88880,42.0,3,28,0.346307,0.7416,True,False,body,30.0,22.0,-10.0
1693,88956,77.0,4,76,0.346025,0.6426,True,False,body,40.0,47.0,-10.0
1694,88999,51.0,3,43,0.345866,0.7597,True,False,wall,30.0,31.0,-10.0
1695,89087,81.0,4,88,0.345541,0.6869,True,False,body,40.0,51.0,-10.0
1696,89178,122.0,8,91,0.345205,0.6064,True,False,body,80.0,52.0,-10.0
1697,89243,60.0,4,65,0.344965,0.6032,True,False,body,40.0,30.0,-10.0
1698,89386,175.0,9,143,0.344438,0.7282,True,False,body,90.0,95.0,-10.0
1699,89437,47.0,3,51,0.344251,0.7321,True,False,body,30.0,27.0,-10.0
1700,89496,78.0,6,59,0.344034,0.8269,True,False,wall,60.0,28.0,-10.0
1701,89627,134.0,8,131,0.343553,0.678,True,False,body,80.0,64.0,-10.0
1702,89673,33.0,2,46,0.343384,0.7499,True,False,wall,20.0,23.0,-10.0
1703,89736,68.0,4,63,0.343153,0.591,True,False,wall,40.0,38.0,-10.0
1704,89834,87.0,4,98,0.342794,0.7059,True,False,wall,40.0,57.0,-10.0
1705,89944,121.0,6,110,0.342392,0.5747,True,False,wall,60.0,71.0,-10.0
1706,90015,64.0,4,71,0.342132,0.8269,True,False,body,40.0,34.0,-10.0
1707,90079,49.0,2,64,0.341899,0.8787,True,False,wall,20.0,39.0,-10.0
1708,90137,55.0,4,58,0.341687,0.6666,True,False,body,40.0,25.0,-10.0
1709,90160,-4.0,0,23,0.341603,0.5769,True,False,wall,0.0,6.0,-10.0
1710,90246,60.0,3,86,0.34129,0.6446,True,False,body,30.0,40.0,-10.0
1711,90312,73.0,4,66,0.34105,0.5692,True,False,wall,40.0,43.0,-10.0
1712,90331,9.0,1,19,0.340981,0.6066,True,False,wall,10.0,9.0,-10.0
1713,90399,58.0,3,68,0.340734,0.6262,True,False,wall,30.0,38.0,-10.0
1714,90435,51.0,4,36,0.340603,0.665,True,False,wall,40.0,21.0,-10.0
1715,90471,36.0,3,36,0.340472,0.6633,True,False,wall,30.0,16.0,-10.0
1716,90507,44.0,3,36,0.340341,0.6459,True,False,body,30.0,24.0,-10.0
1717,90579,56.0,3,72,0.34008,0.5812,True,False,wall,30.0,36.0,-10.0
1718,90642,66.0,4,63,0.339852,0.6407,True,False,wall,40.0,36.0,-10.0
1719,90663,0.0,0,21,0.339776,0.8873,True,False,wall,0.0,10.0,-10.0
1720,90740,81.0,5,77,0.339497,0.648,True,False,wall,50.0,41.0,-10.0
1721,90755,20.0,2,15,0.339443,0.6239,True,False,wall,20.0,10.0,-10.0
1722,90811,56.0,3,56,0.33924,0.6139,True,False,wall,30.0,36.0,-10.0
1723,90856,41.0,3,45,0.339077,0.6608,True,False,body,30.0,21.0,-10.0
1724,90994,157.0,8,138,0.338579,0.6363,True,False,body,80.0,87.0,-10.0
1725,91023,50.0,4,29,0.338475,0.7076,True,False,body,40.0,20.0,-10.0
1726,91045,10.0,1,22,0.338395,0.6833,True,False,wall,10.0,10.0,-10.0
1727,91081,29.0,2,36,0.338266,0.6668,True,False,wall,20.0,19.0,-10.0
1728,91094,7.0,1,13,0.338219,0.596,True,False,wall,10.0,7.0,-10.0
1729,91172,88.0,5,78,0.337938,0.7825,True,False,body,50.0,48.0,-10.0
1730,91283,123.0,7,111,0.337539,0.6177,True,False,body,70.0,63.0,-10.0
1731,91309,18.0,1,26,0.337445,0.5312,True,False,wall,10.0,18.0,-10.0
1732,91417,135.0,8,108,0.337057,0.5877,True,False,body,80.0,65.0,-10.0
1733,91464,60.0,4,47,0.336889,0.8706,True,False,wall,40.0,30.0,-10.0
1734,91522,76.0,5,58,0.336681,0.6555,True,False,body,50.0,36.0,-10.0
1735,91672,147.0,8,150,0.336144,0.737,True,False,body,80.0,77.0,-10.0
1736,91756,65.0,4,84,0.335844,0.6649,True,False,wall,40.0,35.0,-10.0
1737,91771,13.0,1,15,0.33579,0.6439,True,False,wall,10.0,13.0,-10.0
1738,91791,21.0,2,20,0.335719,0.6852,True,False,wall,20.0,11.0,-10.0
1739,91829,38.0,3,38,0.335583,0.6513,True,False,wall,30.0,18.0,-10.0
1740,91847,12.0,1,18,0.335519,0.616,True,False,wall,10.0,12.0,-10.0
1741,91860,2.0,0,13,0.335472,0.6205,True,False,wall,0.0,12.0,-10.0
1742,91949,65.0,3,89,0.335155,0.812,True,False,body,30.0,45.0,-10.0
1743,92023,96.0,7,74,0.334891,0.6481,True,False,body,70.0,36.0,-10.0
1744,92067,59.0,4,44,0.334735,0.564,True,False,body,40.0,29.0,-10.0
1745,92080,9.0,1,13,0.334688,0.6147,True,False,wall,10.0,9.0,-10.0
1746,92146,62.0,5,66,0.334453,0.6854,True,False,body,50.0,22.0,-10.0
1747,92174,40.0,3,28,0.334354,0.8242,True,False,wall,30.0,20.0,-10.0
1748,92201,9.0,1,27,0.334258,0.738,True,False,wall,10.0,9.0,-10.0
1749,92291,112.0,7,90,0.333938,0.8328,True,False,wall,70.0,52.0,-10.0
1750,92434,124.0,6,143,0.333431,0.7782,True,False,wall,60.0,74.0,-10.0
1751,92502,75.0,4,68,0.33319,0.6741,True,False,wall,40.0,45.0,-10.0
1752,92556,61.0,4,54,0.332999,0.5852,True,False,body,40.0,31.0,-10.0
1753,92623,81.0,5,67,0.332762,0.6559,True,False,wall,50.0,41.0,-10.0
1754,92716,89.0,7,93,0.332434,0.6705,True,False,body,70.0,29.0,-10.0
1755,92731,0.0,0,15,0.332381,0.7237,True,False,wall,0.0,10.0,-10.0
1756,92785,50.0,3,54,0.33219,0.6336,True,False,body,30.0,30.0,-10.0
1757,92875,91.0,6,90,0.331873,0.6352,True,False,wall,60.0,41.0,-10.0
1758,92956,89.0,5,81,0.331588,0.5847,True,False,body,50.0,49.0,-10.0
1759,93019,77.0,5,63,0.331366,0.6627,True,False,body,50.0,37.0,-10.0
1760,93069,53.0,4,50,0.33119,0.588,True,False,body,40.0,23.0,-10.0
1761,93179,144.0,7,110,0.330804,0.6801,True,False,body,70.0,84.0,-10.0
1762,93258,85.0,5,79,0.330527,0.6563,True,False,body,50.0,45.0,-10.0
1763,93282,17.0,2,24,0.330443,0.6947,True,False,wall,20.0,7.0,-10.0
1764,93398,118.0,7,116,0.330036,0.6337,True,False,body,70.0,58.0,-10.0
1765,93417,9.0,1,19,0.32997,0.5784,True,False,wall,10.0,9.0,-10.0
1766,93440,37.0,3,23,0.329889,0.6354,True,False,wall,30.0,17.0,-10.0
1767,93516,64.0,3,76,0.329624,0.681,True,False,wall,30.0,44.0,-10.0
1768,93562,54.0,3,46,0.329463,0.8985,True,False,body,30.0,34.0,-10.0
1769,93592,56.0,5,30,0.329358,0.7197,True,False,body,50.0,16.0,-10.0
1770,93638,42.0,3,46,0.329198,0.8352,True,False,wall,30.0,22.0,-10.0
1771,93674,36.0,3,36,0.329072,0.8074,True,False,wall,30.0,16.0,-10.0
1772,93746,83.0,6,72,0.328821,0.7321,True,False,body,60.0,33.0,-10.0
1773,93827,80.0,4,81,0.328539,0.7005,True,False,wall,40.0,50.0,-10.0
1774,93911,92.0,5,84,0.328246,0.6501,True,False,body,50.0,52.0,-10.0
1775,93989,90.0,7,78,0.327975,0.6917,True,False,body,70.0,30.0,-10.0
1776,94113,168.0,9,124,0.327545,0.8045,True,False,body,90.0,88.0,-10.0
1777,94172,76.0,4,59,0.32734,0.8676,True,False,wall,40.0,46.0,-10.0
1778,94231,66.0,4,59,0.327136,0.8261,True,False,body,40.0,36.0,-10.0
1779,94342,113.0,5,111,0.326751,0.7679,True,False,body,50.0,73.0,-10.0
1780,94403,87.0,7,61,0.32654,0.71,True,False,body,70.0,27.0,-10.0
1781,94481,103.0,6,78,0.326271,0.7258,True,False,body,60.0,53.0,-10.0
1782,94509,42.0,3,28,0.326174,0.7404,True,False,body,30.0,22.0,-10.0
1783,94567,80.0,5,58,0.325974,0.6949,True,False,body,50.0,40.0,-10.0
1784,94661,126.0,7,94,0.32565,0.7465,True,False,wall,70.0,66.0,-10.0
1785,94733,73.0,4,72,0.325402,0.7167,True,False,body,40.0,43.0,-10.0
1786,94771,33.0,2,38,0.325271,0.726,True,False,wall,20.0,23.0,-10.0
1787,94828,59.0,3,57,0.325075,0.616,True,False,body,30.0,39.0,-10.0
1788,94897,93.0,5,69,0.324838,0.6109,True,False,wall,50.0,53.0,-10.0
1789,94968,75.0,5,71,0.324594,0.5572,True,False,body,50.0,35.0,-10.0
1790,94988,12.0,1,20,0.324526,0.6357,True,False,wall,10.0,12.0,-10.0
1791,95046,54.0,3,58,0.324327,0.6565,True,False,wall,30.0,34.0,-10.0
1792,95062,-3.0,0,16,0.324272,0.5914,True,False,wall,0.0,7.0,-10.0
1793,95182,137.0,8,120,0.323861,0.6173,True,False,wall,80.0,67.0,-10.0
1794,95202,10.0,1,20,0.323792,0.6428,True,False,wall,10.0,10.0,-10.0
1795,95236,33.0,2,34,0.323676,0.658,True,False,wall,20.0,23.0,-10.0
1796,95310,82.0,5,74,0.323423,0.6235,True,False,body,50.0,42.0,-10.0
1797,95379,72.0,4,69,0.323187,0.5758,True,False,body,40.0,42.0,-10.0
1798,95488,142.0,8,109,0.322815,0.5656,True,False,wall,80.0,72.0,-10.0
1799,95558,73.0,4,70,0.322577,0.6274,True,False,body,40.0,43.0,-10.0
1800,95616,66.0,5,58,0.322379,0.6548,True,False,body,50.0,26.0,-10.0
1801,95691,91.0,5,75,0.322124,0.6339,True,False,wall,50.0,51.0,-10.0
1802,95728,36.0,2,37,0.321998,0.7722,True,False,wall,20.0,26.0,-10.0
1803,95777,64.0,4,49,0.321831,0.6889,True,False,body,40.0,34.0,-10.0
1804,95849,103.0,6,72,0.321587,0.6423,True,False,body,60.0,53.0,-10.0
1805,95903,58.0,3,54,0.321404,0.6191,True,False,body,30.0,38.0,-10.0
1806,96031,183.0,12,128,0.32097,0.6392,True,False,wall,120.0,73.0,-10.0
1807,96101,84.0,5,70,0.320733,0.6673,True,False,wall,50.0,44.0,-10.0
1808,96116,18.0,2,15,0.320682,0.5743,True,False,wall,20.0,8.0,-10.0
1809,96214,118.0,7,98,0.320351,0.6701,True,False,body,70.0,58.0,-10.0
1810,96268,76.0,5,54,0.320168,0.6265,True,False,body,50.0,36.0,-10.0
1811,96292,32.0,3,24,0.320087,0.6214,True,False,wall,30.0,12.0,-10.0
1812,96367,97.0,7,75,0.319834,0.6157,True,False,body,70.0,37.0,-10.0
1813,96386,-2.0,0,19,0.31977,0.6038,True,False,wall,0.0,8.0,-10.0
1814,96475,118.0,8,89,0.31947,0.7333,True,False,body,80.0,48.0,-10.0
1815,96591,142.0,7,116,0.31908,0.7564,True,False,wall,70.0,82.0,-10.0
1816,96687,85.0,4,96,0.318757,0.8111,True,False,wall,40.0,55.0,-10.0
1817,96794,114.0,6,107,0.318398,0.6364,True,False,wall,60.0,64.0,-10.0
1818,96806,1.0,0,12,0.318357,0.6732,True,False,wall,0.0,11.0,-10.0
1819,96887,79.0,3,81,0.318086,0.6871,True,False,body,30.0,59.0,-10.0
1820,96967,82.0,5,80,0.317818,0.641,True,False,wall,50.0,42.0,-10.0
1821,97064,108.0,6,97,0.317493,0.6688,True,False,wall,60.0,58.0,-10.0
1822,97148,90.0,5,84,0.317213,0.6422,True,False,body,50.0,50.0,-10.0
1823,97190,20.0,1,42,0.317072,0.6161,True,False,wall,10.0,20.0,-10.0
1824,97271,85.0,5,81,0.316802,0.6663,True,False,body,50.0,45.0,-10.0
1825,97389,135.0,6,118,0.316409,0.7107,True,False,body,60.0,85.0,-10.0
1826,97500,147.0,9,111,0.316039,0.6844,True,False,body,90.0,67.0,-10.0
1827,97518,3.0,0,18,0.31598,0.6279,True,False,wall,0.0,13.0,-10.0
1828,97551,39.0,3,33,0.31587,0.6285,True,False,body,30.0,19.0,-10.0
1829,97622,70.0,4,71,0.315634,0.6574,True,False,body,40.0,40.0,-10.0
1830,97641,0.0,0,19,0.315571,0.6515,True,False,wall,0.0,10.0,-10.0
1831,97737,102.0,5,96,0.315253,0.6214,True,False,wall,50.0,62.0,-10.0
1832,97837,121.0,8,100,0.314921,0.6257,True,False,wall,80.0,51.0,-10.0
1833,97944,116.0,6,107,0.314567,0.7422,True,False,wall,60.0,66.0,-10.0
1834,97992,53.0,4,48,0.314408,0.8079,True,False,body,40.0,23.0,-10.0
1835,98042,67.0,4,50,0.314243,0.8054,True,False,wall,40.0,37.0,-10.0
1836,98165,148.0,8,123,0.313837,0.7971,True,False,body,80.0,78.0,-10.0
1837,98173,-3.0,0,8,0.313811,0.7356,True,False,wall,0.0,7.0,-10.0
1838,98187,8.0,1,14,0.313765,0.7004,True,False,wall,10.0,8.0,-10.0
1839,98303,153.0,8,116,0.313382,0.6895,True,False,body,80.0,83.0,-10.0
1840,98367,61.0,4,64,0.313172,0.9806,True,False,body,40.0,31.0,-10.0
1841,98383,17.0,2,16,0.313119,0.8036,True,False,wall,20.0,7.0,-10.0
1842,98417,46.0,3,34,0.313007,0.7719,True,False,body,30.0,26.0,-10.0
1843,98432,9.0,1,15,0.312958,0.8017,True,False,wall,10.0,9.0,-10.0
1844,98501,96.0,6,69,0.312731,0.7711,True,False,body,60.0,46.0,-10.0
1845,98581,93.0,6,80,0.312469,0.6703,True,False,wall,60.0,43.0,-10.0
1846,98641,82.0,5,60,0.312272,0.6176,True,False,body,50.0,42.0,-10.0
1847,98695,53.0,4,54,0.312095,0.5844,True,False,body,40.0,23.0,-10.0
1848,98746,49.0,3,51,0.311928,0.6472,True,False,body,30.0,29.0,-10.0
1849,98886,172.0,9,140,0.31147,0.7019,True,False,body,90.0,92.0,-10.0
1850,98986,135.0,8,100,0.311143,0.7091,True,False,body,80.0,65.0,-10.0
1851,99053,100.0,6,67,0.310925,0.6681,True,False,wall,60.0,50.0,-10.0
1852,99066,18.0,2,13,0.310882,0.6222,True,False,wall,20.0,8.0,-10.0
1853,99097,22.0,2,31,0.310781,0.7152,True,False,wall,20.0,12.0,-10.0
1854,99221,181.0,10,124,0.310377,0.7113,True,False,body,100.0,91.0,-10.0
1855,99241,36.0,3,20,0.310312,0.7634,True,False,body,30.0,16.0,-10.0
1856,99264,13.0,1,23,0.310238,0.6243,True,False,wall,10.0,13.0,-10.0
1857,99368,87.0,4,104,0.309899,0.6772,True,False,body,40.0,57.0,-10.0
1858,99418,67.0,4,50,0.309737,0.7166,True,False,body,40.0,37.0,-10.0
1859,99468,56.0,3,50,0.309575,0.6825,True,False,wall,30.0,36.0,-10.0
1860,99502,41.0,2,34,0.309464,0.6252,True,False,wall,20.0,31.0,-10.0
1861,99574,82.0,5,72,0.309231,0.6612,True,False,body,50.0,42.0,-10.0
1862,99717,165.0,9,143,0.308768,0.672,True,False,wall,90.0,85.0,-10.0
1863,99756,23.0,1,39,0.308642,0.663,True,False,wall,10.0,23.0,-10.0
1864,99792,46.0,3,36,0.308526,0.6814,True,False,wall,30.0,26.0,-10.0
1865,99904,146.0,9,112,0.308164,0.7314,True,False,body,90.0,66.0,-10.0
1866,99942,19.0,2,38,0.308041,0.6658,True,False,wall,20.0,9.0,-10.0
1867,99969,30.0,2,27,0.307954,0.7079,True,False,wall,20.0,20.0,-10.0
1868,100085,134.0,7,116,0.30758,0.7028,True,False,wall,70.0,74.0,-10.0
1869,100117,49.0,4,32,0.307477,0.668,True,False,wall,40.0,19.0,-10.0
1870,100175,61.0,4,58,0.307291,0.6878,True,False,wall,40.0,31.0,-10.0
1871,100225,47.0,4,50,0.30713,0.7032,True,False,body,40.0,17.0,-10.0
1872,100258,37.0,3,33,0.307024,0.6819,True,False,wall,30.0,17.0,-10.0
1873,100323,68.0,4,65,0.306815,0.7847,True,False,body,40.0,38.0,-10.0
1874,100345,18.0,1,22,0.306745,0.7505,True,False,wall,10.0,18.0,-10.0
1875,100384,42.0,2,39,0.30662,0.6455,True,False,wall,20.0,32.0,-10.0
1876,100410,25.0,2,26,0.306536,0.601,True,False,wall,20.0,15.0,-10.0
1877,100463,79.0,5,53,0.306366,0.6765,True,False,wall,50.0,39.0,-10.0
1878,100515,52.0,3,52,0.3062,0.7616,True,False,wall,30.0,32.0,-10.0
1879,100558,38.0,2,43,0.306062,0.7513,True,False,wall,20.0,28.0,-10.0
1880,100570,10.0,1,12,0.306024,0.7582,True,False,wall,10.0,10.0,-10.0
1881,100644,73.0,4,74,0.305787,0.8662,True,False,wall,40.0,43.0,-10.0
1882,100656,-3.0,0,12,0.305749,0.7412,True,False,wall,0.0,7.0,-10.0
1883,100701,43.0,3,45,0.305605,0.871,True,False,body,30.0,23.0,-10.0
1884,100714,2.0,0,13,0.305563,0.6492,True,False,wall,0.0,12.0,-10.0
1885,100785,72.0,4,71,0.305336,0.6499,True,False,wall,40.0,42.0,-10.0
1886,100806,2.0,0,21,0.305269,0.6003,True,False,wall,0.0,12.0,-10.0
1887,100855,57.0,3,49,0.305113,0.6271,True,False,wall,30.0,37.0,-10.0
1888,100946,97.0,5,91,0.304823,0.6814,True,False,body,50.0,57.0,-10.0
1889,101044,118.0,7,98,0.304511,0.8038,True,False,wall,70.0,58.0,-10.0
1890,101083,65.0,5,39,0.304387,0.6954,True,False,body,50.0,25.0,-10.0
1891,101150,36.0,2,67,0.304174,0.7412,True,False,wall,20.0,26.0,-10.0
1892,101215,87.0,5,65,0.303968,0.6687,True,False,wall,50.0,47.0,-10.0
1893,101263,46.0,3,48,0.303815,0.7197,True,False,wall,30.0,26.0,-10.0
1894,101298,34.0,2,35,0.303704,0.6772,True,False,wall,20.0,24.0,-10.0
1895,101319,18.0,2,21,0.303638,0.6863,True,False,wall,20.0,8.0,-10.0
1896,101393,81.0,4,74,0.303403,0.6655,True,False,body,40.0,51.0,-10.0
1897,101474,98.0,6,81,0.303147,0.621,True,False,body,60.0,48.0,-10.0
1898,101515,43.0,3,41,0.303017,0.7082,True,False,body,30.0,23.0,-10.0
1899,101624,125.0,7,109,0.302673,0.8199,True,False,body,70.0,65.0,-10.0
1900,101664,53.0,4,40,0.302546,0.7377,True,False,wall,40.0,23.0,-10.0
1901,101710,50.0,3,46,0.302401,0.718,True,False,wall,30.0,30.0,-10.0
1902,101730,23.0,2,20,0.302338,0.6483,True,False,wall,20.0,13.0,-10.0
1903,101764,29.0,2,34,0.302231,0.6729,True,False,wall,20.0,19.0,-10.0
1904,101849,96.0,4,85,0.301963,0.7397,True,False,body,40.0,66.0,-10.0
1905,101890,43.0,3,41,0.301834,0.9025,True,False,body,30.0,23.0,-10.0
1906,101917,19.0,1,27,0.301749,0.7646,True,False,wall,10.0,19.0,-10.0
1907,101927,-3.0,0,10,0.301717,0.7094,True,False,wall,0.0,7.0,-10.0
1908,102010,97.0,5,83,0.301456,0.668,True,False,body,50.0,57.0,-10.0
1909,102081,61.0,3,71,0.301233,0.7233,True,False,body,30.0,41.0,-10.0
1910,102110,26.0,2,29,0.301142,0.7185,True,False,wall,20.0,16.0,-10.0
1911,102215,142.0,8,105,0.300813,0.6576,True,False,body,80.0,72.0,-10.0
1912,102267,47.0,2,52,0.30065,0.7858,True,False,wall,20.0,37.0,-10.0
1913,102308,47.0,3,41,0.300522,0.8546,True,False,body,30.0,27.0,-10.0
1914,102346,50.0,3,38,0.300403,0.7747,True,False,wall,30.0,30.0,-10.0
1915,102393,70.0,4,47,0.300255,0.9152,True,False,wall,40.0,40.0,-10.0
1916,102412,2.0,0,19,0.300196,0.7641,True,False,wall,0.0,12.0,-10.0
1917,102459,15.0,1,47,0.300049,0.7808,True,False,wall,10.0,15.0,-10.0
1918,102472,7.0,1,13,0.300008,1.1238,True,False,wall,10.0,7.0,-10.0
1919,102504,33.0,2,32,0.299908,0.6799,True,False,wall,20.0,23.0,-10.0
1920,102520,8.0,1,16,0.299859,0.8925,True,False,wall,10.0,8.0,-10.0
1921,102566,42.0,3,46,0.299715,0.7172,True,False,wall,30.0,22.0,-10.0
1922,102731,190.0,10,165,0.2992,0.8155,True,False,body,100.0,100.0,-10.0
1923,102748,18.0,2,17,0.299147,0.7584,True,False,wall,20.0,8.0,-10.0
1924,102758,-3.0,0,10,0.299116,0.7603,True,False,wall,0.0,7.0,-10.0
1925,102864,136.0,7,106,0.298786,0.7057,True,False,body,70.0,76.0,-10.0
1926,102913,50.0,4,49,0.298634,0.6986,True,False,body,40.0,20.0,-10.0
1927,102966,49.0,3,53,0.298469,0.8962,True,False,body,30.0,29.0,-10.0
1928,102998,18.0,1,32,0.29837,0.6709,True,False,wall,10.0,18.0,-10.0
1929,103090,116.0,7,92,0.298085,0.737,True,False,body,70.0,56.0,-10.0
1930,103114,21.0,2,24,0.29801,0.8981,True,False,wall,20.0,11.0,-10.0
1931,103166,52.0,3,52,0.297849,0.6865,True,False,wall,30.0,32.0,-10.0
1932,103264,118.0,7,98,0.297546,0.781,True,False,body,70.0,58.0,-10.0
1933,103281,11.0,1,17,0.297493,1.0438,True,False,wall,10.0,11.0,-10.0
1934,103295,19.0,2,14,0.29745,0.6558,True,False,wall,20.0,9.0,-10.0
1935,103314,26.0,2,19,0.297391,0.766,True,False,wall,20.0,16.0,-10.0
1936,103342,29.0,2,28,0.297304,0.7444,True,False,wall,20.0,19.0,-10.0
1937,103357,20.0,2,15,0.297258,0.7539,True,False,wall,20.0,10.0,-10.0
1938,103375,14.0,1,18,0.297202,0.6733,True,False,wall,10.0,14.0,-10.0
1939,103457,98.0,5,82,0.296949,0.8141,True,False,body,50.0,58.0,-10.0
1940,103480,17.0,1,23,0.296878,1.0227,True,False,wall,10.0,17.0,-10.0
1941,103513,43.0,3,33,0.296776,1.3674,True,False,wall,30.0,23.0,-10.0
1942,103595,101.0,6,82,0.296523,0.8532,True,False,body,60.0,51.0,-10.0
1943,103748,203.0,11,153,0.296052,0.7831,True,False,body,110.0,103.0,-10.0
1944,103759,-8.0,0,11,0.296019,0.7163,True,False,wall,0.0,2.0,-10.0
1945,103805,62.0,5,46,0.295877,0.6499,True,False,body,50.0,22.0,-10.0
1946,103979,212.0,11,174,0.295343,0.7076,True,False,wall,110.0,112.0,-10.0
1947,104005,29.0,2,26,0.295263,0.737,True,False,wall,20.0,19.0,-10.0
1948,104022,31.0,3,17,0.295211,0.7915,True,False,wall,30.0,11.0,-10.0
1949,104045,15.0,1,23,0.295141,0.828,True,False,wall,10.0,15.0,-10.0
1950,104107,62.0,3,62,0.294951,0.7123,True,False,body,30.0,42.0,-10.0
1951,104204,87.0,5,97,0.294654,0.7813,True,False,wall,50.0,47.0,-10.0
1952,104249,36.0,2,45,0.294516,0.7506,True,False,wall,20.0,26.0,-10.0
1953,104395,170.0,9,146,0.294071,0.697,True,False,wall,90.0,90.0,-10.0
1954,104452,53.0,3,57,0.293897,0.7187,True,False,body,30.0,33.0,-10.0
1955,104594,153.0,8,142,0.293464,0.6451,True,False,body,80.0,83.0,-10.0
1956,104668,86.0,5,74,0.293239,0.6908,True,False,body,50.0,46.0,-10.0
1957,104735,51.0,3,67,0.293035,0.8761,True,False,wall,30.0,31.0,-10.0
1958,104796,90.0,6,61,0.29285,0.6464,True,False,wall,60.0,40.0,-10.0
1959,105001,253.0,13,205,0.292229,0.687,True,False,body,130.0,133.0,-10.0
1960,105033,51.0,4,32,0.292132,0.7387,True,False,wall,40.0,21.0,-10.0
1961,105069,46.0,3,36,0.292023,0.7157,True,False,body,30.0,26.0,-10.0
1962,105191,171.0,10,122,0.291654,0.7224,True,False,body,100.0,81.0,-10.0
1963,105244,35.0,3,53,0.291494,0.6787,True,False,body,30.0,15.0,-10.0
1964,105314,101.0,6,70,0.291283,0.7403,True,False,body,60.0,51.0,-10.0
1965,105329,9.0,1,15,0.291238,0.7326,True,False,wall,10.0,9.0,-10.0
1966,105418,77.0,3,89,0.290969,0.7426,True,False,wall,30.0,57.0,-10.0
1967,105489,61.0,3,71,0.290756,0.9125,True,False,body,30.0,41.0,-10.0
1968,105553,90.0,5,64,0.290563,0.795,True,False,body,50.0,50.0,-10.0
1969,105614,65.0,3,61,0.29038,0.6734,True,False,wall,30.0,45.0,-10.0
1970,105644,53.0,4,30,0.29029,0.8664,True,False,body,40.0,23.0,-10.0
1971,105697,60.0,4,53,0.29013,0.7339,True,False,body,40.0,30.0,-10.0
1972,105894,256.0,14,197,0.28954,0.6848,True,False,body,140.0,126.0,-10.0
1973,105941,49.0,3,47,0.289399,0.7727,True,False,body,30.0,29.0,-10.0
1974,105965,14.0,1,24,0.289327,0.6742,True,False,wall,10.0,14.0,-10.0
1975,106037,97.0,6,72,0.289112,0.6762,True,False,body,60.0,47.0,-10.0
1976,106085,61.0,4,48,0.288969,0.9588,True,False,body,40.0,31.0,-10.0
1977,106165,127.0,8,80,0.28873,0.7918,True,False,body,80.0,57.0,-10.0
1978,106249,92.0,5,84,0.288479,0.7265,True,False,body,50.0,52.0,-10.0
1979,106386,174.0,10,137,0.288071,0.7382,True,False,body,100.0,84.0,-10.0
1980,106515,149.0,7,129,0.287688,0.6854,True,False,wall,70.0,89.0,-10.0
1981,106564,62.0,4,49,0.287542,0.7389,True,False,body,40.0,32.0,-10.0
1982,106641,95.0,5,77,0.287314,0.7262,True,False,body,50.0,55.0,-10.0
1983,106675,44.0,3,34,0.287213,0.741,True,False,body,30.0,24.0,-10.0
1984,106690,2.0,0,15,0.287168,0.8262,True,False,wall,0.0,12.0,-10.0
1985,106789,136.0,8,99,0.286875,0.7281,True,False,body,80.0,66.0,-10.0
1986,106877,119.0,8,88,0.286615,0.731,True,False,wall,80.0,49.0,-10.0
1987,106949,79.0,4,72,0.286402,0.7352,True,False,wall,40.0,49.0,-10.0
1988,107002,53.0,3,53,0.286245,0.6821,True,False,wall,30.0,33.0,-10.0
1989,107077,95.0,5,75,0.286024,0.7155,True,False,body,50.0,55.0,-10.0
1990,107131,63.0,4,54,0.285864,0.7483,True,False,body,40.0,33.0,-10.0
1991,107211,92.0,5,80,0.285629,0.656,True,False,body,50.0,52.0,-10.0
1992,107224,9.0,1,13,0.28559,0.6057,True,False,wall,10.0,9.0,-10.0
1993,107248,31.0,2,24,0.28552,0.6634,True,False,wall,20.0,21.0,-10.0
1994,107272,14.0,1,24,0.285449,0.6494,True,False,wall,10.0,14.0,-10.0
1995,107391,113.0,7,119,0.285099,0.7516,True,False,body,70.0,53.0,-10.0
1996,107448,54.0,2,57,0.284932,0.6947,True,False,wall,20.0,44.0,-10.0
1997,107520,93.0,6,72,0.28472,0.751,True,False,body,60.0,43.0,-10.0
1998,107568,71.0,4,48,0.28458,0.7376,True,False,wall,40.0,41.0,-10.0
1999,107606,36.0,3,38,0.284468,0.7115,True,False,body,30.0,16.0,-10.0
2000,107638,42.0,3,32,0.284374,0.7254,True,False,body,30.0,22.0,-10.0
2001,107679,52.0,4,41,0.284254,0.6872,True,False,body,40.0,22.0,-10.0
2002,107704,26.0,2,25,0.284181,0.8746,True,False,wall,20.0,16.0,-10.0
2003,107720,6.0,1,16,0.284134,0.7033,True,False,wall,10.0,6.0,-10.0
2004,107731,-2.0,0,11,0.284102,0.6089,True,False,wall,0.0,8.0,-10.0
2005,107769,37.0,2,38,0.283991,0.741,True,False,wall,20.0,27.0,-10.0
2006,107807,46.0,3,38,0.28388,0.6836,True,False,body,30.0,26.0,-10.0
2007,107937,144.0,9,130,0.2835,0.7599,True,False,wall,90.0,64.0,-10.0
2008,107948,5.0,1,11,0.283468,0.7568,True,False,wall,10.0,5.0,-10.0
2009,107999,66.0,4,51,0.283319,0.7287,True,False,body,40.0,36.0,-10.0
2010,108109,124.0,7,110,0.282999,0.715,True,False,body,70.0,64.0,-10.0
2011,108123,8.0,1,14,0.282958,0.7143,True,False,wall,10.0,8.0,-10.0
2012,108251,156.0,9,128,0.282585,0.824,True,False,wall,90.0,76.0,-10.0
2013,108262,7.0,1,11,0.282553,0.9624,True,False,wall,10.0,7.0,-10.0
2014,108329,74.0,4,67,0.282359,0.6931,True,False,body,40.0,44.0,-10.0
2015,108418,94.0,4,89,0.2821,0.7351,True,False,body,40.0,64.0,-10.0
2016,108443,26.0,2,25,0.282028,0.691,True,False,wall,20.0,16.0,-10.0
2017,108511,97.0,6,68,0.281831,0.8625,True,False,wall,60.0,47.0,-10.0
2018,108559,46.0,3,48,0.281692,0.7788,True,False,body,30.0,26.0,-10.0
2019,108606,36.0,2,47,0.281556,0.7055,True,False,wall,20.0,26.0,-10.0
2020,108621,7.0,1,15,0.281512,0.7055,True,False,wall,10.0,7.0,-10.0
2021,108668,44.0,2,47,0.281376,0.7962,True,False,wall,20.0,34.0,-10.0
2022,108779,128.0,6,111,0.281055,0.7652,True,False,body,60.0,78.0,-10.0
2023,108902,144.0,8,123,0.2807,0.7299,True,False,body,80.0,74.0,-10.0
2024,108933,34.0,2,31,0.280611,0.8192,True,False,wall,20.0,24.0,-10.0
2025,109005,74.0,3,72,0.280404,0.9364,True,False,body,30.0,54.0,-10.0
2026,109089,94.0,5,84,0.280162,0.7479,True,False,body,50.0,54.0,-10.0
2027,109143,61.0,4,54,0.280006,0.742,True,False,wall,40.0,31.0,-10.0
2028,109206,84.0,6,63,0.279825,0.7174,True,False,body,60.0,34.0,-10.0
2029,109227,0.0,0,21,0.279765,1.1356,True,False,wall,0.0,10.0,-10.0
2030,109238,-2.0,0,11,0.279733,0.787,True,False,wall,0.0,8.0,-10.0
2031,109390,175.0,10,152,0.279297,0.8101,True,False,body,100.0,85.0,-10.0
2032,109480,96.0,5,90,0.27904,0.8539,True,False,body,50.0,56.0,-10.0
2033,109503,28.0,2,23,0.278974,0.7386,True,False,wall,20.0,18.0,-10.0
2034,109578,93.0,5,75,0.278759,0.8599,True,False,body,50.0,53.0,-10.0
2035,109666,113.0,6,88,0.278508,0.7432,True,False,wall,60.0,63.0,-10.0
2036,109686,12.0,1,20,0.278451,0.8261,True,False,wall,10.0,12.0,-10.0
2037,109785,106.0,6,99,0.278168,0.7671,True,False,body,60.0,56.0,-10.0
2038,109894,117.0,7,109,0.277857,0.7876,True,False,body,70.0,57.0,-10.0
2039,109962,106.0,7,68,0.277664,0.7677,True,False,wall,70.0,46.0,-10.0
2040,110134,202.0,9,172,0.277175,0.7495,True,False,body,90.0,122.0,-10.0
2041,110211,87.0,5,77,0.276956,0.7122,True,False,body,50.0,47.0,-10.0
2042,110278,96.0,6,67,0.276766,0.7971,True,False,body,60.0,46.0,-10.0
2043,110392,152.0,9,114,0.276443,0.78,True,False,wall,90.0,72.0,-10.0
2044,110475,95.0,5,83,0.276209,0.7521,True,False,body,50.0,55.0,-10.0
2045,110503,18.0,1,28,0.276129,0.8414,True,False,wall,10.0,18.0,-10.0
2046,110544,32.0,2,41,0.276014,0.7907,True,False,wall,20.0,22.0,-10.0
2047,110591,43.0,3,47,0.275881,0.8013,True,False,wall,30.0,23.0,-10.0
2048,110649,72.0,5,58,0.275717,0.8831,True,False,body,50.0,32.0,-10.0
2049,110731,132.0,9,82,0.275486,0.856,True,False,body,90.0,52.0,-10.0
2050,110779,72.0,5,48,0.275351,0.823,True,False,body,50.0,32.0,-10.0
2051,110801,27.0,2,22,0.275289,0.7367,True,False,wall,20.0,17.0,-10.0
2052,110905,117.0,6,104,0.274996,0.8323,True,False,body,60.0,67.0,-10.0
2053,111036,160.0,8,131,0.274628,0.7423,True,False,body,80.0,90.0,-10.0
2054,111101,70.0,4,65,0.274445,0.8159,True,False,wall,40.0,40.0,-10.0
2055,111139,42.0,3,38,0.274339,0.74,True,False,body,30.0,22.0,-10.0
2056,111237,114.0,7,98,0.274064,0.7776,True,False,body,70.0,54.0,-10.0
2057,111266,37.0,3,29,0.273983,1.4161,True,False,body,30.0,17.0,-10.0
2058,111346,83.0,4,80,0.273759,0.8375,True,False,wall,40.0,53.0,-10.0
2059,111456,143.0,8,110,0.273452,0.7824,True,False,body,80.0,73.0,-10.0
2060,111530,84.0,5,74,0.273245,0.8992,True,False,body,50.0,44.0,-10.0
2061,111558,29.0,2,28,0.273167,1.0859,True,False,wall,20.0,19.0,-10.0
2062,111571,-4.0,0,13,0.273131,0.7292,True,False,wall,0.0,6.0,-10.0
2063,111633,64.0,3,62,0.272958,0.7171,True,False,body,30.0,44.0,-10.0
2064,111662,37.0,3,29,0.272877,0.6695,True,False,body,30.0,17.0,-10.0
2065,111679,9.0,1,17,0.27283,0.745,True,False,wall,10.0,9.0,-10.0
2066,111702,24.0,2,23,0.272766,0.785,True,False,wall,20.0,14.0,-10.0
2067,111750,43.0,2,48,0.272632,0.7389,True,False,wall,20.0,33.0,-10.0
2068,111839,91.0,5,89,0.272384,0.7604,True,False,body,50.0,51.0,-10.0
2069,111903,87.0,6,64,0.272207,0.798,True,False,body,60.0,37.0,-10.0
2070,111962,75.0,5,59,0.272043,0.7284,True,False,body,50.0,35.0,-10.0
2071,112009,79.0,5,47,0.271912,0.7741,True,False,wall,50.0,39.0,-10.0
2072,112038,28.0,2,29,0.271832,0.9356,True,False,wall,20.0,18.0,-10.0
2073,112109,87.0,5,71,0.271635,0.8726,True,False,body,50.0,47.0,-10.0
2074,112165,78.0,5,56,0.27148,0.9231,True,False,body,50.0,38.0,-10.0
2075,112229,65.0,4,64,0.271303,0.8098,True,False,body,40.0,35.0,-10.0
2076,112309,84.0,5,80,0.271082,0.7821,True,False,body,50.0,44.0,-10.0
2077,112395,123.0,8,86,0.270844,0.7937,True,False,body,80.0,53.0,-10.0
2078,112457,73.0,4,62,0.270673,0.7932,True,False,wall,40.0,43.0,-10.0
2079,112499,42.0,3,42,0.270557,0.9864,True,False,wall,30.0,22.0,-10.0
2080,112591,105.0,6,92,0.270304,0.9324,True,False,body,60.0,55.0,-10.0
2081,112713,132.0,7,122,0.269968,0.8148,True,False,body,70.0,72.0,-10.0
2082,112734,19.0,1,21,0.26991,0.8275,True,False,wall,10.0,19.0,-10.0
2083,112819,128.0,8,85,0.269677,0.8515,True,False,wall,80.0,58.0,-10.0
2084,112944,173.0,9,125,0.269334,0.8312,True,False,body,90.0,93.0,-10.0
2085,113089,170.0,10,145,0.268937,0.7662,True,False,wall,100.0,80.0,-10.0
2086,113134,44.0,2,45,0.268813,0.858,True,False,wall,20.0,34.0,-10.0
2087,113237,113.0,5,103,0.268532,0.8996,True,False,body,50.0,73.0,-10.0
2088,113348,109.0,5,111,0.268229,0.9251,True,False,body,50.0,69.0,-10.0
2089,113395,64.0,4,47,0.268101,0.7646,True,False,wall,40.0,34.0,-10.0
2090,113453,63.0,4,58,0.267943,0.7694,True,False,wall,40.0,33.0,-10.0
2091,113529,107.0,6,76,0.267736,0.8311,True,False,body,60.0,57.0,-10.0
2092,113582,43.0,3,53,0.267592,0.8321,True,False,body,30.0,23.0,-10.0
2093,113626,45.0,2,44,0.267472,0.7782,True,False,wall,20.0,35.0,-10.0
2094,113681,66.0,4,55,0.267322,0.7486,True,False,wall,40.0,36.0,-10.0
2095,113723,44.0,3,42,0.267208,0.6948,True,False,body,30.0,24.0,-10.0
2096,113768,53.0,3,45,0.267086,0.8172,True,False,wall,30.0,33.0,-10.0
2097,113805,37.0,3,37,0.266986,0.8826,True,False,wall,30.0,17.0,-10.0
2098,113891,114.0,7,86,0.266753,1.0616,True,False,body,70.0,54.0,-10.0
2099,114017,156.0,9,126,0.266412,0.928,True,False,body,90.0,76.0,-10.0
2100,114054,49.0,3,37,0.266312,0.9963,True,False,wall,30.0,29.0,-10.0
2101,114122,76.0,5,68,0.266128,0.8945,True,False,wall,50.0,36.0,-10.0
2102,114215,80.0,4,93,0.265877,0.8986,True,False,body,40.0,50.0,-10.0
2103,114259,40.0,3,44,0.265758,0.8606,True,False,body,30.0,20.0,-10.0
2104,114321,77.0,4,62,0.265591,0.8051,True,False,wall,40.0,47.0,-10.0
2105,114336,-6.0,0,15,0.26555,0.771,True,False,wall,0.0,4.0,-10.0
2106,114409,93.0,5,73,0.265354,1.2589,True,False,wall,50.0,53.0,-10.0
2107,114451,35.0,2,42,0.265241,0.9035,True,False,wall,20.0,25.0,-10.0
2108,114561,106.0,5,110,0.264945,0.8148,True,False,wall,50.0,66.0,-10.0
2109,114619,70.0,5,58,0.264789,0.7363,True,False,body,50.0,30.0,-10.0
2110,114719,114.0,7,100,0.264521,1.0092,True,False,wall,70.0,54.0,-10.0
2111,114781,51.0,4,62,0.264355,0.9782,True,False,body,40.0,21.0,-10.0
2112,114847,59.0,4,66,0.264178,0.8276,True,False,body,40.0,29.0,-10.0
2113,114863,10.0,1,16,0.264135,0.7747,True,False,wall,10.0,10.0,-10.0
2114,114874,-2.0,0,11,0.264106,0.8975,True,False,wall,0.0,8.0,-10.0
2115,114953,83.0,5,79,0.263894,0.847,True,False,body,50.0,43.0,-10.0
2116,114972,35.0,3,19,0.263844,0.7531,True,False,wall,30.0,15.0,-10.0
2117,115049,100.0,6,77,0.263638,0.7299,True,False,body,60.0,50.0,-10.0
2118,115065,8.0,1,16,0.263595,0.7259,True,False,wall,10.0,8.0,-10.0
2119,115150,74.0,4,85,0.263368,0.8426,True,False,wall,40.0,44.0,-10.0
2120,115252,134.0,7,102,0.263096,0.7977,True,False,body,70.0,74.0,-10.0
2121,115319,81.0,5,67,0.262918,0.7416,True,False,body,50.0,41.0,-10.0
2122,115400,93.0,5,81,0.262703,0.8041,True,False,wall,50.0,53.0,-10.0
2123,115523,145.0,7,123,0.262376,0.919,True,False,wall,70.0,85.0,-10.0
2124,115738,243.0,15,215,0.261806,0.84,True,False,body,150.0,103.0,-10.0
2125,115806,63.0,4,68,0.261626,0.8025,True,False,body,40.0,33.0,-10.0
2126,115847,73.0,5,41,0.261517,0.8154,True,False,wall,50.0,33.0,-10.0
2127,115891,41.0,2,44,0.261401,0.8205,True,False,wall,20.0,31.0,-10.0
2128,116003,125.0,6,112,0.261105,0.9563,True,False,body,60.0,75.0,-10.0
2129,116030,39.0,3,27,0.261034,0.7787,True,False,body,30.0,19.0,-10.0
2130,116100,82.0,5,70,0.26085,0.7481,True,False,body,50.0,42.0,-10.0
2131,116138,66.0,5,38,0.260749,0.7494,True,False,body,50.0,26.0,-10.0
2132,116201,68.0,4,63,0.260584,0.7746,True,False,wall,40.0,38.0,-10.0
2133,116424,290.0,16,223,0.259997,0.8196,True,False,body,160.0,140.0,-10.0
2134,116673,337.0,17,249,0.259345,0.8901,True,False,wall,170.0,177.0,-10.0
2135,116710,19.0,1,37,0.259248,0.8431,True,False,wall,10.0,19.0,-10.0
2136,116768,60.0,3,58,0.259096,0.7511,True,False,body,30.0,40.0,-10.0
2137,116822,74.0,5,54,0.258955,0.7497,True,False,body,50.0,34.0,-10.0
2138,116911,136.0,8,89,0.258723,0.7649,True,False,wall,80.0,66.0,-10.0
2139,116980,91.0,5,69,0.258543,0.7513,True,False,wall,50.0,51.0,-10.0
2140,117050,86.0,5,70,0.258361,0.8087,True,False,body,50.0,46.0,-10.0
2141,117129,100.0,6,79,0.258155,0.9658,True,False,body,60.0,50.0,-10.0
2142,117161,42.0,3,32,0.258072,0.9868,True,False,body,30.0,22.0,-10.0
2143,117218,81.0,5,57,0.257923,0.7945,True,False,body,50.0,41.0,-10.0
2144,117239,35.0,3,21,0.257869,1.0918,True,False,body,30.0,15.0,-10.0
2145,117308,94.0,6,69,0.25769,0.783,True,False,body,60.0,44.0,-10.0
2146,117349,38.0,2,41,0.257583,0.786,True,False,wall,20.0,28.0,-10.0
2147,117417,112.0,7,68,0.257407,0.8277,True,False,wall,70.0,52.0,-10.0
2148,117512,130.0,8,95,0.257161,0.8867,True,False,body,80.0,60.0,-10.0
2149,117611,122.0,6,99,0.256904,0.8786,True,False,wall,60.0,72.0,-10.0
2150,117694,110.0,6,83,0.25669,0.7808,True,False,body,60.0,60.0,-10.0
2151,117865,212.0,10,171,0.256249,0.808,True,False,wall,100.0,122.0,-10.0
2152,117910,43.0,3,45,0.256133,0.7864,True,False,wall,30.0,23.0,-10.0
2153,118017,140.0,8,107,0.255857,0.8636,True,False,body,80.0,70.0,-10.0
2154,118115,132.0,7,98,0.255605,0.832,True,False,wall,70.0,72.0,-10.0
2155,118211,113.0,6,96,0.255359,0.7812,True,False,wall,60.0,63.0,-10.0
2156,118300,96.0,6,89,0.25513,0.9142,True,False,wall,60.0,46.0,-10.0
2157,118395,142.0,8,95,0.254887,0.837,True,False,wall,80.0,72.0,-10.0
2158,118505,144.0,9,110,0.254605,0.8345,True,False,body,90.0,64.0,-10.0
2159,118616,130.0,6,111,0.254322,0.8412,True,False,body,60.0,80.0,-10.0
2160,118661,48.0,2,45,0.254207,0.8031,True,False,wall,20.0,38.0,-10.0
2161,118896,323.0,17,235,0.253608,0.9413,True,False,body,170.0,163.0,-10.0
2162,118943,32.0,2,47,0.253488,1.0719,True,False,wall,20.0,22.0,-10.0
2163,118982,45.0,3,39,0.253389,0.9006,True,False,body,30.0,25.0,-10.0
2164,119017,41.0,3,35,0.2533,0.829,True,False,body,30.0,21.0,-10.0
2165,119184,190.0,10,167,0.252876,0.8563,True,False,body,100.0,100.0,-10.0
2166,119196,-3.0,0,12,0.252846,0.8412,True,False,wall,0.0,7.0,-10.0
2167,119238,46.0,3,42,0.252739,0.8526,True,False,wall,30.0,26.0,-10.0
2168,119316,108.0,7,78,0.252541,1.0441,True,False,body,70.0,48.0,-10.0
2169,119344,38.0,3,28,0.252471,0.8553,True,False,body,30.0,18.0,-10.0
2170,119484,167.0,10,140,0.252117,0.795,True,False,body,100.0,77.0,-10.0
2171,119565,100.0,6,81,0.251912,0.9481,True,False,wall,60.0,50.0,-10.0
2172,119729,212.0,11,164,0.251499,0.8279,True,False,body,110.0,112.0,-10.0
2173,119831,115.0,6,102,0.251242,0.8007,True,False,body,60.0,65.0,-10.0
2174,119897,99.0,6,66,0.251076,1.0388,True,False,body,60.0,49.0,-10.0
2175,119909,-3.0,0,12,0.251046,1.4108,True,False,wall,0.0,7.0,-10.0
2176,120011,126.0,7,102,0.25079,0.7932,True,False,wall,70.0,66.0,-10.0
2177,120076,89.0,5,65,0.250626,0.8038,True,False,body,50.0,49.0,-10.0
2178,120121,62.0,4,45,0.250514,0.8046,True,False,wall,40.0,32.0,-10.0
2179,120193,82.0,5,72,0.250333,0.9597,True,False,body,50.0,42.0,-10.0
2180,120281,101.0,6,88,0.250113,0.8938,True,False,body,60.0,51.0,-10.0
2181,120299,12.0,1,18,0.250068,0.9065,True,False,wall,10.0,12.0,-10.0
2182,120404,144.0,8,105,0.249806,1.187,True,False,body,80.0,74.0,-10.0
2183,120452,56.0,3,48,0.249686,0.8139,True,False,wall,30.0,36.0,-10.0
2184,120497,64.0,4,45,0.249573,0.7613,True,False,wall,40.0,34.0,-10.0
2185,120539,70.0,5,42,0.249469,0.7804,True,False,body,50.0,30.0,-10.0
2186,120631,128.0,7,92,0.249239,0.8942,True,False,wall,70.0,68.0,-10.0
2187,120714,90.0,4,83,0.249033,1.0645,True,False,body,40.0,60.0,-10.0
2188,120770,67.0,4,56,0.248894,0.8052,True,False,body,40.0,37.0,-10.0
2189,120847,87.0,5,77,0.248702,0.8193,True,False,body,50.0,47.0,-10.0
2190,120900,59.0,3,53,0.248571,0.8232,True,False,wall,30.0,39.0,-10.0
2191,120967,78.0,4,67,0.248404,0.8303,True,False,body,40.0,48.0,-10.0
2192,121001,44.0,3,34,0.24832,0.758,True,False,body,30.0,24.0,-10.0
2193,121097,172.0,11,96,0.248082,0.8701,True,False,wall,110.0,72.0,-10.0
2194,121152,77.0,5,55,0.247946,0.8039,True,False,wall,50.0,37.0,-10.0
2195,121182,44.0,3,30,0.247872,0.9191,True,False,body,30.0,24.0,-10.0
2196,121280,121.0,6,98,0.24763,0.8115,True,False,body,60.0,71.0,-10.0
2197,121339,68.0,4,59,0.247484,0.7998,True,False,wall,40.0,38.0,-10.0
2198,121378,40.0,2,39,0.247388,0.9449,True,False,wall,20.0,30.0,-10.0
2199,121405,28.0,2,27,0.247321,0.8271,True,False,wall,20.0,18.0,-10.0
2200,121499,129.0,8,94,0.247089,0.7709,True,False,wall,80.0,59.0,-10.0
2201,121622,184.0,10,123,0.246787,0.8309,True,False,body,100.0,94.0,-10.0
2202,121666,50.0,3,44,0.246678,0.764,True,False,body,30.0,30.0,-10.0
2203,121742,97.0,6,76,0.246492,0.8481,True,False,body,60.0,47.0,-10.0
2204,121805,72.0,4,63,0.246337,0.7985,True,False,wall,40.0,42.0,-10.0
2205,121834,41.0,3,29,0.246266,0.7828,True,False,wall,30.0,21.0,-10.0
2206,121933,110.0,6,99,0.246023,0.8396,True,False,wall,60.0,60.0,-10.0
2207,121943,-3.0,0,10,0.245999,0.7677,True,False,wall,0.0,7.0,-10.0
2208,122002,70.0,4,59,0.245854,0.8948,True,False,wall,40.0,40.0,-10.0
2209,122118,114.0,5,116,0.24557,0.9276,True,False,body,50.0,74.0,-10.0
2210,122177,85.0,5,59,0.245426,0.9878,True,False,wall,50.0,45.0,-10.0
2211,122285,104.0,5,108,0.245162,0.9619,True,False,body,50.0,64.0,-10.0
2212,122363,71.0,4,78,0.244972,0.8595,True,False,body,40.0,41.0,-10.0
2213,122405,50.0,3,42,0.24487,0.9429,True,False,body,30.0,30.0,-10.0
2214,122455,70.0,5,50,0.244748,1.0404,True,False,body,50.0,30.0,-10.0
2215,122522,105.0,7,67,0.244585,0.8903,True,False,body,70.0,45.0,-10.0
2216,122597,100.0,6,75,0.244403,0.8208,True,False,body,60.0,50.0,-10.0
2217,122738,195.0,11,141,0.24406,0.8878,True,False,body,110.0,95.0,-10.0
2218,122794,72.0,5,56,0.243925,0.807,True,False,wall,50.0,32.0,-10.0
2219,122864,72.0,5,70,0.243755,0.7759,True,False,body,50.0,32.0,-10.0
2220,122900,44.0,3,36,0.243668,1.3256,True,False,wall,30.0,24.0,-10.0
2221,122969,76.0,4,69,0.243501,0.9793,True,False,wall,40.0,46.0,-10.0
2222,123166,255.0,13,197,0.243025,0.8855,True,False,wall,130.0,135.0,-10.0
2223,123249,104.0,6,83,0.242825,0.9814,True,False,body,60.0,54.0,-10.0
2224,123326,94.0,6,77,0.242639,0.8264,True,False,wall,60.0,44.0,-10.0
2225,123342,12.0,1,16,0.242601,0.7918,True,False,wall,10.0,12.0,-10.0
2226,123374,38.0,3,32,0.242524,0.813,True,False,body,30.0,18.0,-10.0
2227,123393,24.0,2,19,0.242478,0.8155,True,False,wall,20.0,14.0,-10.0
2228,123444,49.0,3,51,0.242355,0.7823,True,False,body,30.0,29.0,-10.0
2229,123470,40.0,3,26,0.242293,0.863,True,False,body,30.0,20.0,-10.0
2230,123530,81.0,6,60,0.242149,1.1051,True,False,body,60.0,31.0,-10.0
2231,123671,193.0,11,141,0.24181,1.2483,True,False,wall,110.0,93.0,-10.0
2232,123764,92.0,4,93,0.241588,0.8878,True,False,body,40.0,62.0,-10.0
2233,123813,67.0,5,49,0.24147,1.3157,True,False,body,50.0,27.0,-10.0
2234,124010,226.0,12,197,0.240999,1.0128,True,False,body,120.0,116.0,-10.0
2235,124190,207.0,10,180,0.24057,0.8321,True,False,wall,100.0,117.0,-10.0
2236,124236,32.0,1,46,0.24046,0.8443,True,False,wall,10.0,32.0,-10.0
2237,124331,141.0,9,95,0.240234,0.9507,True,False,body,90.0,61.0,-10.0
2238,124358,15.0,1,27,0.24017,0.8706,True,False,wall,10.0,15.0,-10.0
2239,124419,74.0,4,61,0.240025,0.8976,True,False,wall,40.0,44.0,-10.0
2240,124522,125.0,7,103,0.239781,0.8612,True,False,body,70.0,65.0,-10.0
2241,124612,126.0,7,90,0.239567,0.8328,True,False,body,70.0,66.0,-10.0
2242,124752,205.0,12,140,0.239236,0.839,True,False,body,120.0,95.0,-10.0
2243,124791,41.0,3,39,0.239144,0.7897,True,False,wall,30.0,21.0,-10.0
2244,124846,60.0,4,55,0.239014,0.8851,True,False,body,40.0,30.0,-10.0
2245,124973,178.0,10,127,0.238714,0.843,True,False,body,100.0,88.0,-10.0
2246,125125,196.0,11,152,0.238356,0.8981,True,False,body,110.0,96.0,-10.0
2247,125236,136.0,8,111,0.238095,0.8588,True,False,body,80.0,66.0,-10.0
2248,125366,140.0,7,130,0.237789,0.8055,True,False,wall,70.0,80.0,-10.0
2249,125401,43.0,3,35,0.237707,0.8484,True,False,wall,30.0,23.0,-10.0
2250,125465,76.0,5,64,0.237557,0.7104,True,False,body,50.0,36.0,-10.0
2251,125558,135.0,7,93,0.237339,0.7908,True,False,body,70.0,75.0,-10.0
2252,125603,53.0,3,45,0.237234,0.7408,True,False,wall,30.0,33.0,-10.0
2253,125643,48.0,3,40,0.23714,0.9995,True,False,wall,30.0,28.0,-10.0
2254,125657,10.0,1,14,0.237107,1.1257,True,False,wall,10.0,10.0,-10.0
2255,125760,145.0,9,103,0.236867,0.8397,True,False,body,90.0,65.0,-10.0
2256,125774,12.0,1,14,0.236834,0.7613,True,False,wall,10.0,12.0,-10.0
2257,125858,96.0,5,84,0.236638,0.9113,True,False,wall,50.0,56.0,-10.0
2258,125974,147.0,8,116,0.236367,0.8446,True,False,wall,80.0,77.0,-10.0
2259,126022,98.0,7,48,0.236256,0.7886,True,False,body,70.0,38.0,-10.0
2260,126132,127.0,6,110,0.236,0.812,True,False,body,60.0,77.0,-10.0
2261,126243,124.0,6,111,0.235742,0.9433,True,False,body,60.0,74.0,-10.0
2262,126304,94.0,6,61,0.2356,0.8032,True,False,body,60.0,44.0,-10.0
2263,126333,39.0,3,29,0.235533,0.8326,True,False,wall,30.0,19.0,-10.0
2264,126441,145.0,8,108,0.235283,0.8103,True,False,wall,80.0,75.0,-10.0
2265,126470,37.0,3,29,0.235215,0.77,True,False,wall,30.0,17.0,-10.0
2266,126533,92.0,6,63,0.23507,0.8788,True,False,body,60.0,42.0,-10.0
2267,126560,35.0,3,27,0.235007,1.0635,True,False,wall,30.0,15.0,-10.0
2268,126612,59.0,4,52,0.234887,0.8765,True,False,body,40.0,29.0,-10.0
2269,126679,65.0,3,67,0.234732,0.8883,True,False,wall,30.0,45.0,-10.0
2270,126700,11.0,1,21,0.234684,0.8482,True,False,wall,10.0,11.0,-10.0
2271,126833,180.0,10,133,0.234377,0.9024,True,False,wall,100.0,90.0,-10.0
2272,126891,78.0,5,58,0.234243,0.8578,True,False,wall,50.0,38.0,-10.0
2273,126955,70.0,3,64,0.234096,0.8544,True,False,body,30.0,50.0,-10.0
2274,126973,14.0,1,18,0.234055,0.9967,True,False,wall,10.0,14.0,-10.0
2275,127023,80.0,5,50,0.23394,0.9106,True,False,body,50.0,40.0,-10.0
2276,127037,1.0,0,14,0.233907,0.9212,True,False,wall,0.0,11.0,-10.0
2277,127103,81.0,4,66,0.233756,0.8342,True,False,body,40.0,51.0,-10.0
2278,127136,15.0,1,33,0.23368,0.8369,True,False,wall,10.0,15.0,-10.0
2279,127276,159.0,8,140,0.233359,0.8965,True,False,wall,80.0,89.0,-10.0
2280,127355,111.0,7,79,0.233178,0.9211,True,False,body,70.0,51.0,-10.0
2281,127428,88.0,4,73,0.233011,0.8492,True,False,wall,40.0,58.0,-10.0
2282,127509,118.0,8,81,0.232826,0.988,True,False,body,80.0,48.0,-10.0
2283,127546,39.0,3,37,0.232741,1.0926,True,False,wall,30.0,19.0,-10.0
2284,127581,40.0,2,35,0.232661,0.972,True,False,wall,20.0,30.0,-10.0
2285,127592,-4.0,0,11,0.232636,0.9309,True,False,wall,0.0,6.0,-10.0
2286,127674,131.0,8,82,0.232449,0.8308,True,False,wall,80.0,61.0,-10.0
2287,127763,127.0,7,89,0.232246,0.8825,True,False,body,70.0,67.0,-10.0
2288,127863,152.0,9,100,0.232018,0.8917,True,False,body,90.0,72.0,-10.0
2289,127912,41.0,3,49,0.231907,0.9942,True,False,wall,30.0,21.0,-10.0
2290,127963,57.0,3,51,0.231791,1.0821,True,False,body,30.0,37.0,-10.0
2291,128042,119.0,7,79,0.231611,1.0043,True,False,body,70.0,59.0,-10.0
2292,128147,110.0,6,105,0.231373,0.9455,True,False,body,60.0,60.0,-10.0
2293,128164,9.0,1,17,0.231335,0.8945,True,False,wall,10.0,9.0,-10.0
2294,128223,70.0,4,59,0.231201,0.7432,True,False,body,40.0,40.0,-10.0
2295,128269,54.0,3,46,0.231097,0.9048,True,False,wall,30.0,34.0,-10.0
2296,128278,7.0,1,9,0.231077,0.8728,True,False,wall,10.0,7.0,-10.0
2297,128305,26.0,2,27,0.231015,0.869,True,False,wall,20.0,16.0,-10.0
2298,128332,26.0,2,27,0.230954,1.3711,True,False,wall,20.0,16.0,-10.0
2299,128456,129.0,6,124,0.230674,0.9018,True,False,body,60.0,79.0,-10.0
2300,128535,144.0,10,79,0.230496,0.9519,True,False,body,100.0,54.0,-10.0
2301,128600,93.0,5,65,0.230349,0.9473,True,False,wall,50.0,53.0,-10.0
2302,128699,119.0,7,99,0.230126,0.9684,True,False,body,70.0,59.0,-10.0
2303,128922,300.0,16,223,0.229625,0.873,True,False,body,160.0,150.0,-10.0
2304,128991,89.0,5,69,0.22947,0.8795,True,False,body,50.0,49.0,-10.0
2305,129080,127.0,7,89,0.22927,0.9188,True,False,wall,70.0,67.0,-10.0
2306,129221,197.0,11,141,0.228955,0.9567,True,False,wall,110.0,97.0,-10.0
2307,129249,27.0,2,28,0.228892,0.82,True,False,wall,20.0,17.0,-10.0
2308,129294,55.0,3,45,0.228791,0.9319,True,False,body,30.0,35.0,-10.0
2309,129522,321.0,18,228,0.228283,0.9574,True,False,wall,180.0,151.0,-10.0
2310,129592,82.0,5,70,0.228127,0.9077,True,False,body,50.0,42.0,-10.0
2311,129620,31.0,2,28,0.228064,1.0,True,False,wall,20.0,21.0,-10.0
2312,129658,59.0,4,38,0.22798,0.8441,True,False,body,40.0,29.0,-10.0
2313,129696,39.0,2,38,0.227895,0.8282,True,False,wall,20.0,29.0,-10.0
2314,129774,90.0,5,78,0.227722,0.9213,True,False,body,50.0,50.0,-10.0
2315,129790,3.0,0,16,0.227686,1.0834,True,False,wall,0.0,13.0,-10.0
2316,129853,75.0,3,63,0.227546,1.1845,True,False,wall,30.0,55.0,-10.0
2317,129923,82.0,5,70,0.227391,0.9715,True,False,body,50.0,42.0,-10.0
2318,130005,92.0,5,82,0.227209,1.0191,True,False,body,50.0,52.0,-10.0
2319,130077,87.0,6,72,0.22705,1.1334,True,False,wall,60.0,37.0,-10.0
2320,130146,87.0,5,69,0.226897,0.9376,True,False,body,50.0,47.0,-10.0
2321,130240,111.0,6,94,0.22669,0.8829,True,False,body,60.0,61.0,-10.0
2322,130317,106.0,6,77,0.22652,0.8634,True,False,body,60.0,56.0,-10.0
2323,130402,112.0,6,85,0.226332,0.8713,True,False,body,60.0,62.0,-10.0
2324,130511,142.0,8,109,0.226092,0.9077,True,False,wall,80.0,72.0,-10.0
2325,130663,193.0,10,152,0.225758,0.926,True,False,body,100.0,103.0,-10.0
2326,130773,138.0,7,110,0.225516,0.8431,True,False,wall,70.0,78.0,-10.0
2327,130870,118.0,6,97,0.225304,0.9408,True,False,body,60.0,68.0,-10.0
2328,130935,63.0,3,65,0.225161,0.8493,True,False,body,30.0,43.0,-10.0
2329,131043,150.0,9,108,0.224925,0.9661,True,False,body,90.0,70.0,-10.0
2330,131209,220.0,11,166,0.224562,1.1213,True,False,body,110.0,120.0,-10.0
2331,131262,53.0,3,53,0.224447,0.8406,True,False,body,30.0,33.0,-10.0
2332,131313,62.0,4,51,0.224336,0.8405,True,False,wall,40.0,32.0,-10.0
2333,131335,25.0,2,22,0.224288,0.8639,True,False,wall,20.0,15.0,-10.0
2334,131481,200.0,13,146,0.22397,0.9128,True,False,body,130.0,80.0,-10.0
2335,131504,17.0,1,23,0.22392,0.7237,True,False,wall,10.0,17.0,-10.0
2336,131657,170.0,10,153,0.223588,0.9349,True,False,wall,100.0,80.0,-10.0
2337,131745,128.0,7,88,0.223397,0.861,True,False,body,70.0,68.0,-10.0
2338,131827,96.0,5,82,0.223219,1.0466,True,False,body,50.0,56.0,-10.0
2339,131843,-5.0,0,16,0.223184,0.7964,True,False,wall,0.0,5.0,-10.0
2340,131915,88.0,5,72,0.223029,1.0029,True,False,wall,50.0,48.0,-10.0
2341,131999,124.0,7,84,0.222847,0.9299,True,False,wall,70.0,64.0,-10.0
2342,132045,64.0,5,46,0.222748,0.8912,True,False,body,50.0,24.0,-10.0
2343,132095,100.0,7,50,0.22264,0.9166,True,False,body,70.0,40.0,-10.0
2344,132148,60.0,4,53,0.222525,1.0366,True,False,body,40.0,30.0,-10.0
2345,132265,153.0,9,117,0.222273,0.9497,True,False,body,90.0,73.0,-10.0
2346,132363,164.0,11,98,0.222062,0.9319,True,False,body,110.0,64.0,-10.0
2347,132424,82.0,4,61,0.221931,0.8547,True,False,body,40.0,52.0,-10.0
2348,132458,44.0,3,34,0.221858,0.8389,True,False,wall,30.0,24.0,-10.0
2349,132565,153.0,9,107,0.221629,0.9006,True,False,body,90.0,73.0,-10.0
2350,132587,16.0,1,22,0.221581,1.0494,True,False,wall,10.0,16.0,-10.0
2351,132715,146.0,7,128,0.221307,1.0329,True,False,body,70.0,86.0,-10.0
2352,132798,104.0,6,83,0.221129,1.2283,True,False,body,60.0,54.0,-10.0
2353,132868,77.0,4,70,0.22098,1.3944,True,False,wall,40.0,47.0,-10.0
2354,133037,225.0,11,169,0.220619,1.0081,True,False,body,110.0,125.0,-10.0
2355,133054,20.0,2,17,0.220583,0.8776,True,False,wall,20.0,10.0,-10.0
2356,133176,165.0,10,122,0.220323,0.9524,True,False,body,100.0,75.0,-10.0
2357,133338,252.0,15,162,0.219978,1.0852,True,False,body,150.0,112.0,-10.0
2358,133419,110.0,6,81,0.219806,0.9528,True,False,wall,60.0,60.0,-10.0
2359,133510,133.0,7,91,0.219613,0.8131,True,False,wall,70.0,73.0,-10.0
2360,133604,128.0,7,94,0.219414,0.9469,True,False,body,70.0,68.0,-10.0
2361,133697,127.0,7,93,0.219217,0.8841,True,False,wall,70.0,67.0,-10.0
2362,133851,267.0,16,154,0.218892,0.8354,True,False,body,160.0,117.0,-10.0
2363,133890,61.0,5,39,0.218809,1.0197,True,False,body,50.0,21.0,-10.0
2364,133969,117.0,7,79,0.218643,0.9327,True,False,wall,70.0,57.0,-10.0
2365,134042,89.0,5,73,0.218489,0.8604,True,False,body,50.0,49.0,-10.0
2366,134074,37.0,2,32,0.218421,1.0128,True,False,wall,20.0,27.0,-10.0
2367,134233,192.0,10,159,0.218087,0.8649,True,False,body,100.0,102.0,-10.0
2368,134410,199.0,9,177,0.217716,0.9594,True,False,wall,90.0,119.0,-10.0
2369,134500,117.0,6,90,0.217527,0.8527,True,False,wall,60.0,67.0,-10.0
2370,134651,174.0,8,151,0.217211,0.9521,True,False,wall,80.0,104.0,-10.0
2371,134680,26.0,2,29,0.217151,0.9923,True,False,wall,20.0,16.0,-10.0
2372,134724,60.0,5,44,0.217059,0.9236,True,False,body,50.0,20.0,-10.0
2373,134776,43.0,2,52,0.21695,0.9013,True,False,wall,20.0,33.0,-10.0
2374,134817,56.0,4,41,0.216865,0.9015,True,False,body,40.0,26.0,-10.0
2375,134927,158.0,9,110,0.216635,0.8478,True,False,body,90.0,78.0,-10.0
2376,134939,8.0,1,12,0.21661,0.8086,True,False,wall,10.0,8.0,-10.0
2377,135095,222.0,11,156,0.216286,0.9364,True,False,wall,110.0,122.0,-10.0
2378,135125,44.0,3,30,0.216223,0.8431,True,False,wall,30.0,24.0,-10.0
2379,135221,141.0,8,96,0.216024,0.9421,True,False,body,80.0,71.0,-10.0
2380,135306,84.0,4,85,0.215848,0.8969,True,False,wall,40.0,54.0,-10.0
2381,135398,115.0,6,92,0.215657,0.8531,True,False,body,60.0,65.0,-10.0
2382,135437,46.0,2,39,0.215576,0.8509,True,False,wall,20.0,36.0,-10.0
2383,135502,87.0,5,65,0.215442,0.9023,True,False,body,50.0,47.0,-10.0
2384,135559,52.0,2,57,0.215324,0.8262,True,False,wall,20.0,42.0,-10.0
2385,135660,147.0,9,101,0.215115,0.8721,True,False,body,90.0,67.0,-10.0
2386,135694,46.0,3,34,0.215045,0.8602,True,False,wall,30.0,26.0,-10.0
2387,135783,110.0,6,89,0.214862,0.9826,True,False,wall,60.0,60.0,-10.0
2388,135890,127.0,7,107,0.214641,0.8901,True,False,wall,70.0,67.0,-10.0
2389,135927,49.0,3,37,0.214565,1.0635,True,False,wall,30.0,29.0,-10.0
2390,135954,32.0,2,27,0.21451,0.9025,True,False,wall,20.0,22.0,-10.0
2391,136066,153.0,8,112,0.21428,1.0647,True,False,body,80.0,83.0,-10.0
2392,136090,38.0,3,24,0.21423,1.142,True,False,wall,30.0,18.0,-10.0
2393,136190,141.0,8,100,0.214025,0.9442,True,False,body,80.0,71.0,-10.0
2394,136221,37.0,3,31,0.213962,0.8302,True,False,wall,30.0,17.0,-10.0
2395,136278,92.0,6,57,0.213845,0.9013,True,False,body,60.0,42.0,-10.0
2396,136350,83.0,4,72,0.213697,0.7933,True,False,wall,40.0,53.0,-10.0
2397,136399,57.0,3,49,0.213597,0.9585,True,False,wall,30.0,37.0,-10.0
2398,136438,51.0,3,39,0.213517,0.8454,True,False,body,30.0,31.0,-10.0
2399,136491,72.0,4,53,0.213409,0.9299,True,False,wall,40.0,42.0,-10.0
2400,136508,11.0,1,17,0.213374,0.9,True,False,wall,10.0,11.0,-10.0
2401,136582,97.0,6,74,0.213223,0.8144,True,False,body,60.0,47.0,-10.0
2402,136636,73.0,4,54,0.213113,0.9785,True,False,wall,40.0,43.0,-10.0
2403,136760,165.0,10,124,0.212861,0.9285,True,False,body,100.0,75.0,-10.0
2404,136857,129.0,7,97,0.212663,0.8986,True,False,body,70.0,69.0,-10.0
2405,136935,109.0,6,78,0.212505,0.8827,True,False,wall,60.0,59.0,-10.0
2406,137040,160.0,10,105,0.212292,0.8547,True,False,wall,100.0,70.0,-10.0
2407,137170,180.0,11,130,0.212028,0.8708,True,False,wall,110.0,80.0,-10.0
2408,137214,52.0,3,44,0.211939,0.8988,True,False,wall,30.0,32.0,-10.0
2409,137311,126.0,6,97,0.211743,0.9058,True,False,body,60.0,76.0,-10.0
2410,137486,253.0,15,175,0.211389,0.8867,True,False,wall,150.0,113.0,-10.0
2411,137543,72.0,4,57,0.211274,0.8488,True,False,wall,40.0,42.0,-10.0
2412,137594,79.0,5,51,0.211172,0.8267,True,False,body,50.0,39.0,-10.0
2413,137783,252.0,14,189,0.210791,0.9664,True,False,body,140.0,122.0,-10.0
2414,137814,36.0,2,31,0.210729,0.8811,True,False,wall,20.0,26.0,-10.0
2415,137885,98.0,6,71,0.210586,1.0377,True,False,body,60.0,48.0,-10.0
2416,137994,159.0,9,109,0.210368,0.8602,True,False,body,90.0,79.0,-10.0
2417,138011,9.0,1,17,0.210334,0.8941,True,False,wall,10.0,9.0,-10.0
2418,138053,42.0,3,42,0.21025,0.878,True,False,wall,30.0,22.0,-10.0
2419,138220,205.0,11,167,0.209915,0.8579,True,False,wall,110.0,105.0,-10.0
2420,138255,47.0,3,35,0.209845,0.8627,True,False,body,30.0,27.0,-10.0
2421,138291,61.0,4,36,0.209774,0.8689,True,False,body,40.0,31.0,-10.0
2422,138337,45.0,2,46,0.209682,0.8341,True,False,wall,20.0,35.0,-10.0
2423,138428,133.0,7,91,0.2095,0.8564,True,False,body,70.0,73.0,-10.0
2424,138495,92.0,6,67,0.209367,0.9614,True,False,body,60.0,42.0,-10.0
2425,138535,57.0,4,40,0.209287,0.8891,True,False,body,40.0,27.0,-10.0
2426,138653,154.0,7,118,0.209052,0.8631,True,False,body,70.0,94.0,-10.0
2427,138716,77.0,5,63,0.208927,0.9604,True,False,body,50.0,37.0,-10.0
2428,138836,177.0,10,120,0.208689,0.9834,True,False,wall,100.0,87.0,-10.0
2429,138902,91.0,6,66,0.208558,1.1092,True,False,body,60.0,41.0,-10.0
2430,138957,68.0,4,55,0.208449,1.3164,True,False,wall,40.0,38.0,-10.0
2431,139069,151.0,8,112,0.208227,0.9002,True,False,wall,80.0,81.0,-10.0
2432,139109,59.0,4,40,0.208148,0.8676,True,False,body,40.0,29.0,-10.0
2433,139209,143.0,8,100,0.207951,0.9387,True,False,body,80.0,73.0,-10.0
2434,139234,35.0,3,25,0.207901,0.954,True,False,body,30.0,15.0,-10.0
2435,139348,160.0,9,114,0.207676,0.9637,True,False,body,90.0,80.0,-10.0
2436,139364,3.0,0,16,0.207645,0.8608,True,False,wall,0.0,13.0,-10.0
2437,139465,151.0,9,101,0.207446,0.9339,True,False,body,90.0,71.0,-10.0
2438,139672,234.0,12,207,0.207039,0.9633,True,False,body,120.0,124.0,-10.0
2439,139785,146.0,8,113,0.206817,1.0385,True,False,body,80.0,76.0,-10.0
2440,139869,118.0,7,84,0.206653,0.898,True,False,body,70.0,58.0,-10.0
2441,139881,1.0,0,12,0.206629,0.9301,True,False,wall,0.0,11.0,-10.0
2442,139943,101.0,6,62,0.206508,0.871,True,False,wall,60.0,51.0,-10.0
2443,140015,96.0,5,72,0.206367,0.8924,True,False,wall,50.0,56.0,-10.0
2444,140188,293.0,17,173,0.206029,1.0732,True,False,wall,170.0,133.0,-10.0
2445,140262,110.0,7,74,0.205885,0.9857,True,False,body,70.0,50.0,-10.0
2446,140385,170.0,8,123,0.205646,1.0236,True,False,body,80.0,100.0,-10.0
2447,140428,60.0,4,43,0.205562,0.9677,True,False,wall,40.0,30.0,-10.0
2448,140477,53.0,3,49,0.205467,0.9338,True,False,body,30.0,33.0,-10.0
2449,140611,174.0,9,134,0.205207,0.9206,True,False,wall,90.0,94.0,-10.0
2450,140712,140.0,8,101,0.205011,0.9015,True,False,wall,80.0,70.0,-10.0
2451,140759,60.0,4,47,0.20492,0.8865,True,False,body,40.0,30.0,-10.0
2452,140843,118.0,7,84,0.204757,0.9727,True,False,wall,70.0,58.0,-10.0
2453,140851,-3.0,0,8,0.204742,1.1076,True,False,wall,0.0,7.0,-10.0
2454,140925,118.0,7,74,0.204599,1.0085,True,False,wall,70.0,58.0,-10.0
2455,141012,108.0,6,87,0.204431,1.0297,True,False,wall,60.0,58.0,-10.0
2456,141075,93.0,5,63,0.204309,1.1539,True,False,body,50.0,53.0,-10.0
2457,141137,75.0,4,62,0.204189,0.8781,True,False,wall,40.0,45.0,-10.0
2458,141220,128.0,8,83,0.20403,0.8926,True,False,body,80.0,58.0,-10.0
2459,141324,139.0,8,104,0.203829,0.9785,True,False,body,80.0,69.0,-10.0
2460,141389,98.0,6,65,0.203705,0.9966,True,False,body,60.0,48.0,-10.0
2461,141410,13.0,1,21,0.203664,0.8948,True,False,wall,10.0,13.0,-10.0
2462,141421,-2.0,0,11,0.203643,0.8439,True,False,wall,0.0,8.0,-10.0
2463,141474,90.0,6,53,0.203541,1.1019,True,False,body,60.0,40.0,-10.0
2464,141560,124.0,7,86,0.203376,1.0267,True,False,wall,70.0,64.0,-10.0
2465,141636,108.0,7,76,0.203231,0.878,True,False,body,70.0,48.0,-10.0
2466,141776,189.0,10,140,0.202963,0.9575,True,False,body,100.0,99.0,-10.0
2467,141860,105.0,6,84,0.202802,0.9129,True,False,body,60.0,55.0,-10.0
2468,142044,261.0,14,184,0.202451,0.996,True,False,wall,140.0,131.0,-10.0
2469,142108,80.0,5,64,0.202329,1.0877,True,False,body,50.0,40.0,-10.0
2470,142133,9.0,1,25,0.202282,0.9432,True,False,wall,10.0,9.0,-10.0
2471,142212,110.0,6,79,0.202131,0.9062,True,False,wall,60.0,60.0,-10.0
2472,142302,137.0,8,90,0.20196,1.019,True,False,body,80.0,67.0,-10.0
2473,142474,265.0,14,172,0.201634,0.9345,True,False,wall,140.0,135.0,-10.0
2474,142522,50.0,3,48,0.201543,0.9923,True,False,body,30.0,30.0,-10.0
2475,142547,35.0,3,25,0.201496,0.974,True,False,body,30.0,15.0,-10.0
2476,142729,197.0,10,182,0.201151,0.911,True,False,wall,100.0,107.0,-10.0
2477,142743,1.0,0,14,0.201125,0.9539,True,False,wall,0.0,11.0,-10.0
2478,142899,204.0,9,156,0.200831,0.9667,True,False,body,90.0,124.0,-10.0
2479,142919,14.0,1,20,0.200793,0.8933,True,False,wall,10.0,14.0,-10.0
2480,143000,114.0,6,81,0.20064,0.9997,True,False,wall,60.0,64.0,-10.0
2481,143063,94.0,6,63,0.200522,0.9875,True,False,wall,60.0,44.0,-10.0
2482,143099,57.0,4,36,0.200454,0.9595,True,False,body,40.0,27.0,-10.0
2483,143138,53.0,3,39,0.200381,0.885,True,False,body,30.0,33.0,-10.0
2484,143178,50.0,3,40,0.200305,0.8602,True,False,body,30.0,30.0,-10.0
2485,143225,64.0,4,47,0.200217,0.9495,True,False,body,40.0,34.0,-10.0
2486,143258,48.0,4,33,0.200155,0.9127,True,False,body,40.0,18.0,-10.0
2487,143307,68.0,4,49,0.200063,1.3546,True,False,body,40.0,38.0,-10.0
2488,143499,236.0,15,192,0.199704,1.0135,True,False,body,150.0,96.0,-10.0
2489,143581,115.0,6,82,0.19955,1.3219,True,False,body,60.0,65.0,-10.0
2490,143610,37.0,3,29,0.199496,1.0824,True,False,wall,30.0,17.0,-10.0
2491,143674,77.0,4,64,0.199376,1.2526,True,False,wall,40.0,47.0,-10.0
2492,143759,125.0,7,85,0.199218,1.0751,True,False,wall,70.0,65.0,-10.0
2493,143805,65.0,4,46,0.199132,1.0693,True,False,body,40.0,35.0,-10.0
2494,143857,63.0,4,52,0.199035,1.0108,True,False,wall,40.0,33.0,-10.0
2495,143950,135.0,7,93,0.198862,0.9069,True,False,body,70.0,75.0,-10.0
2496,144012,71.0,4,62,0.198747,1.0486,True,False,wall,40.0,41.0,-10.0
2497,144078,71.0,4,66,0.198624,0.9477,True,False,wall,40.0,41.0,-10.0
2498,144196,153.0,8,118,0.198405,1.0222,True,False,wall,80.0,83.0,-10.0
2499,144245,55.0,3,49,0.198314,0.8858,True,False,body,30.0,35.0,-10.0
2500,144321,127.0,8,76,0.198173,0.896,True,False,wall,80.0,57.0,-10.0
2501,144415,132.0,7,94,0.197999,1.0074,True,False,wall,70.0,72.0,-10.0
2502,144529,160.0,9,114,0.197789,1.0549,True,False,body,90.0,80.0,-10.0
2503,144579,57.0,4,50,0.197696,0.869,True,False,body,40.0,27.0,-10.0
2504,144618,44.0,2,39,0.197624,0.9937,True,False,wall,20.0,34.0,-10.0
2505,144724,156.0,9,106,0.197429,0.9983,True,False,wall,90.0,76.0,-10.0
2506,144855,187.0,11,131,0.197187,0.8859,True,False,wall,110.0,87.0,-10.0
2507,145076,277.0,15,221,0.196781,0.9345,True,False,body,150.0,137.0,-10.0
2508,145203,201.0,13,127,0.196549,0.9422,True,False,body,130.0,81.0,-10.0
2509,145280,108.0,6,77,0.196408,1.0288,True,False,body,60.0,58.0,-10.0
2510,145311,35.0,3,31,0.196351,0.9206,True,False,body,30.0,15.0,-10.0
2511,145325,12.0,1,14,0.196325,0.9375,True,False,wall,10.0,12.0,-10.0
2512,145365,43.0,2,40,0.196252,1.0382,True,False,wall,20.0,33.0,-10.0
2513,145479,173.0,10,114,0.196044,0.9484,True,False,body,100.0,83.0,-10.0
2514,145490,0.0,0,11,0.196024,1.0296,True,False,wall,0.0,10.0,-10.0
2515,145757,349.0,19,267,0.195537,1.004,True,False,body,190.0,169.0,-10.0
2516,145781,18.0,1,24,0.195494,0.9982,True,False,wall,10.0,18.0,-10.0
2517,145874,131.0,7,93,0.195325,1.011,True,False,wall,70.0,71.0,-10.0
2518,145938,73.0,4,64,0.195208,1.0648,True,False,wall,40.0,43.0,-10.0
2519,145981,55.0,3,43,0.19513,1.0741,True,False,body,30.0,35.0,-10.0
2520,146101,197.0,12,120,0.194913,1.0532,True,False,body,120.0,87.0,-10.0
2521,146137,55.0,4,36,0.194848,0.9676,True,False,wall,40.0,25.0,-10.0
2522,146179,61.0,4,42,0.194772,0.9324,True,False,body,40.0,31.0,-10.0
2523,146350,231.0,13,171,0.194462,0.9408,True,False,body,130.0,111.0,-10.0
2524,146524,254.0,15,174,0.194149,0.9581,True,False,body,150.0,114.0,-10.0
2525,146605,91.0,5,81,0.194003,1.0737,True,False,body,50.0,51.0,-10.0
2526,146733,208.0,13,128,0.193773,1.0593,True,False,body,130.0,88.0,-10.0
2527,146748,7.0,1,15,0.193746,1.0689,True,False,wall,10.0,7.0,-10.0
2528,146812,79.0,6,64,0.193631,0.9657,True,False,wall,60.0,29.0,-10.0
2529,146822,8.0,1,10,0.193613,0.9712,True,False,wall,10.0,8.0,-10.0
2530,146913,138.0,8,91,0.193449,1.0519,True,False,body,80.0,68.0,-10.0
2531,146944,32.0,2,31,0.193394,1.0885,True,False,wall,20.0,22.0,-10.0
2532,147008,79.0,4,64,0.193279,0.9984,True,False,body,40.0,49.0,-10.0
2533,147192,230.0,11,184,0.19295,1.0176,True,False,wall,110.0,130.0,-10.0
2534,147225,61.0,5,33,0.192891,1.1998,True,False,body,50.0,21.0,-10.0
2535,147283,73.0,4,58,0.192787,0.9894,True,False,body,40.0,43.0,-10.0
2536,147376,129.0,7,93,0.192622,1.0195,True,False,body,70.0,69.0,-10.0
2537,147429,73.0,5,53,0.192527,1.2346,True,False,body,50.0,33.0,-10.0
2538,147484,63.0,3,55,0.192429,1.0879,True,False,body,30.0,43.0,-10.0
2539,147561,108.0,6,77,0.192292,1.0486,True,False,body,60.0,58.0,-10.0
2540,147610,62.0,4,49,0.192205,1.0877,True,False,body,40.0,32.0,-10.0
2541,147686,93.0,6,76,0.19207,0.8977,True,False,body,60.0,43.0,-10.0
2542,147807,151.0,7,121,0.191855,1.1036,True,False,wall,70.0,91.0,-10.0
2543,147908,142.0,8,101,0.191676,0.9879,True,False,wall,80.0,72.0,-10.0
2544,147941,49.0,3,33,0.191618,0.9577,True,False,body,30.0,29.0,-10.0
2545,148041,115.0,6,100,0.191441,1.0042,True,False,wall,60.0,65.0,-10.0
2546,148053,1.0,0,12,0.19142,1.0556,True,False,wall,0.0,11.0,-10.0
2547,148075,20.0,1,22,0.191381,1.3402,True,False,wall,10.0,20.0,-10.0
2548,148244,217.0,11,169,0.191082,0.8962,True,False,wall,110.0,117.0,-10.0
2549,148259,2.0,0,15,0.191056,0.9198,True,False,wall,0.0,12.0,-10.0
2550,148400,187.0,9,141,0.190808,0.9562,True,False,wall,90.0,107.0,-10.0
2551,148461,78.0,4,61,0.1907,0.9305,True,False,wall,40.0,48.0,-10.0
2552,148514,65.0,3,53,0.190607,0.9912,True,False,wall,30.0,45.0,-10.0
2553,148550,50.0,3,36,0.190544,0.9137,True,False,body,30.0,30.0,-10.0
2554,148614,69.0,4,64,0.190431,0.9135,True,False,body,40.0,39.0,-10.0
2555,148765,215.0,11,151,0.190167,1.0127,True,False,body,110.0,115.0,-10.0
2556,148825,88.0,5,60,0.190062,0.9155,True,False,body,50.0,48.0,-10.0
2557,148902,146.0,10,77,0.189927,0.8871,True,False,body,100.0,56.0,-10.0
2558,148998,128.0,7,96,0.189759,1.0578,True,False,body,70.0,68.0,-10.0
2559,149062,101.0,6,64,0.189647,0.9403,True,False,body,60.0,51.0,-10.0
2560,149116,61.0,4,54,0.189553,0.923,True,False,body,40.0,31.0,-10.0
2561,149254,204.0,11,138,0.189313,0.8557,True,False,wall,110.0,104.0,-10.0
2562,149374,162.0,9,120,0.189104,0.9044,True,False,wall,90.0,82.0,-10.0
2563,149465,137.0,7,91,0.188946,0.8706,True,False,body,70.0,77.0,-10.0
2564,149558,146.0,8,93,0.188784,0.8835,True,False,wall,80.0,76.0,-10.0
2565,149661,128.0,8,103,0.188606,0.8979,True,False,body,80.0,58.0,-10.0
2566,149718,94.0,6,57,0.188507,0.9896,True,False,body,60.0,44.0,-10.0
2567,149787,71.0,3,69,0.188387,0.9078,True,False,wall,30.0,51.0,-10.0
2568,149879,124.0,7,92,0.188228,1.1443,True,False,body,70.0,64.0,-10.0
2569,149944,102.0,6,65,0.188116,0.8703,True,False,wall,60.0,52.0,-10.0
2570,150036,144.0,9,92,0.187957,0.9537,True,False,body,90.0,64.0,-10.0
2571,150145,175.0,11,109,0.18777,0.9367,True,False,wall,110.0,75.0,-10.0
2572,150160,11.0,1,15,0.187744,0.8947,True,False,wall,10.0,11.0,-10.0
2573,150216,70.0,5,56,0.187647,1.091,True,False,wall,50.0,30.0,-10.0
2574,150286,80.0,5,70,0.187527,0.9459,True,False,body,50.0,40.0,-10.0
2575,150344,85.0,6,58,0.187427,1.1158,True,False,wall,60.0,35.0,-10.0
2576,150479,179.0,9,135,0.187196,0.9499,True,False,body,90.0,99.0,-10.0
2577,150562,107.0,5,83,0.187053,0.9117,True,False,body,50.0,67.0,-10.0
2578,150695,162.0,8,133,0.186826,0.9746,True,False,body,80.0,92.0,-10.0
2579,150795,145.0,8,100,0.186655,1.0201,True,False,body,80.0,75.0,-10.0
2580,150880,112.0,6,85,0.18651,0.9797,True,False,body,60.0,62.0,-10.0
2581,150939,81.0,5,59,0.186409,0.9805,True,False,body,50.0,41.0,-10.0
2582,150995,69.0,4,56,0.186313,0.981,True,False,body,40.0,39.0,-10.0
2583,151048,82.0,6,53,0.186223,1.4055,True,False,wall,60.0,32.0,-10.0
2584,151057,-4.0,0,9,0.186208,1.0372,True,False,wall,0.0,6.0,-10.0
2585,151100,65.0,5,43,0.186135,0.9523,True,False,wall,50.0,25.0,-10.0
2586,151155,66.0,4,55,0.186041,1.0513,True,False,body,40.0,36.0,-10.0
2587,151282,170.0,8,127,0.185825,1.0636,True,False,wall,80.0,100.0,-10.0
2588,151356,102.0,7,74,0.1857,0.9429,True,False,body,70.0,42.0,-10.0
2589,151385,30.0,2,29,0.185651,1.0413,True,False,wall,20.0,20.0,-10.0
2590,151457,101.0,6,72,0.185529,0.9566,True,False,body,60.0,51.0,-10.0
2591,151569,168.0,9,112,0.185339,0.9499,True,False,body,90.0,88.0,-10.0
2592,151605,46.0,3,36,0.185278,0.9052,True,False,wall,30.0,26.0,-10.0
2593,151742,190.0,10,137,0.185047,0.9352,True,False,body,100.0,100.0,-10.0
2594,151825,107.0,7,83,0.184907,0.9457,True,False,body,70.0,47.0,-10.0
2595,151927,140.0,9,102,0.184735,0.9631,True,False,body,90.0,60.0,-10.0
2596,151988,42.0,2,61,0.184632,1.1047,True,False,wall,20.0,32.0,-10.0
2597,152109,184.0,10,121,0.184428,0.9644,True,False,body,100.0,94.0,-10.0
2598,152125,8.0,1,16,0.184402,0.9607,True,False,wall,10.0,8.0,-10.0
2599,152147,34.0,3,22,0.184365,1.4075,True,False,body,30.0,14.0,-10.0
2600,152166,15.0,1,19,0.184333,0.9633,True,False,wall,10.0,15.0,-10.0
2601,152337,256.0,14,171,0.184046,0.9989,True,False,body,140.0,126.0,-10.0
2602,152388,72.0,4,51,0.18396,0.9383,True,False,body,40.0,42.0,-10.0
2603,152604,301.0,16,216,0.183599,1.107,True,False,body,160.0,151.0,-10.0
2604,152669,78.0,4,65,0.183491,0.9254,True,False,wall,40.0,48.0,-10.0
2605,152751,106.0,5,82,0.183354,1.0699,True,False,body,50.0,66.0,-10.0
2606,152845,136.0,7,94,0.183197,1.1654,True,False,wall,70.0,76.0,-10.0
2607,152866,17.0,1,21,0.183162,1.0792,True,False,wall,10.0,17.0,-10.0
2608,152942,82.0,5,76,0.183036,0.9956,True,False,wall,50.0,42.0,-10.0
2609,152993,77.0,5,51,0.182951,0.9885,True,False,wall,50.0,37.0,-10.0
2610,153091,145.0,8,98,0.182788,1.0864,True,False,wall,80.0,75.0,-10.0
2611,153404,479.0,27,313,0.18227,1.0893,True,False,body,270.0,219.0,-10.0
2612,153503,140.0,8,99,0.182106,1.0035,True,False,wall,80.0,70.0,-10.0
2613,153601,109.0,6,98,0.181945,1.2173,True,False,body,60.0,59.0,-10.0
2614,153827,281.0,14,226,0.181572,0.9722,True,False,body,140.0,151.0,-10.0
2615,153920,148.0,8,93,0.18142,0.9706,True,False,body,80.0,78.0,-10.0
2616,153976,72.0,5,56,0.181328,1.2144,True,False,body,50.0,32.0,-10.0
2617,154148,237.0,12,172,0.181046,1.076,True,False,body,120.0,127.0,-10.0
2618,154200,78.0,5,52,0.18096,1.1485,True,False,body,50.0,38.0,-10.0
2619,154325,166.0,8,125,0.180756,1.032,True,False,wall,80.0,96.0,-10.0
2620,154540,310.0,18,215,0.180405,1.0641,True,False,body,180.0,140.0,-10.0
2621,154655,148.0,8,115,0.180218,1.0173,True,False,body,80.0,78.0,-10.0
2622,154711,89.0,6,56,0.180127,0.9938,True,False,body,60.0,39.0,-10.0
2623,154843,183.0,10,132,0.179912,1.0293,True,False,wall,100.0,93.0,-10.0
2624,155026,316.0,18,183,0.179615,0.9697,True,False,body,180.0,146.0,-10.0
2625,155099,94.0,6,73,0.179497,1.1455,True,False,body,60.0,44.0,-10.0
2626,155191,134.0,7,92,0.179348,1.0434,True,False,body,70.0,74.0,-10.0
2627,155395,274.0,15,204,0.179019,1.0126,True,False,body,150.0,134.0,-10.0
2628,155472,141.0,9,77,0.178895,0.9992,True,False,body,90.0,61.0,-10.0
2629,155601,172.0,8,129,0.178687,1.1016,True,False,wall,80.0,102.0,-10.0
2630,155629,29.0,2,28,0.178642,1.2832,True,False,wall,20.0,19.0,-10.0
2631,155796,179.0,11,167,0.178374,1.0733,True,False,body,110.0,79.0,-10.0
2632,155873,97.0,5,77,0.17825,0.9753,True,False,wall,50.0,57.0,-10.0
2633,155954,122.0,8,81,0.17812,0.9685,True,False,body,80.0,52.0,-10.0
2634,156083,211.0,13,129,0.177914,1.0197,True,False,body,130.0,91.0,-10.0
2635,156229,207.0,10,146,0.177681,1.0566,True,False,body,100.0,117.0,-10.0
2636,156326,164.0,10,97,0.177526,1.0262,True,False,wall,100.0,74.0,-10.0
2637,156390,62.0,3,64,0.177424,0.9704,True,False,wall,30.0,42.0,-10.0
2638,156537,241.0,13,147,0.17719,0.9408,True,False,wall,130.0,121.0,-10.0
2639,156559,27.0,2,22,0.177155,0.925,True,False,wall,20.0,17.0,-10.0
2640,156645,128.0,7,86,0.177018,0.9953,True,False,body,70.0,68.0,-10.0
2641,156695,98.0,7,50,0.176939,0.9096,True,False,body,70.0,38.0,-10.0
2642,156716,19.0,1,21,0.176906,1.1629,True,False,wall,10.0,19.0,-10.0
2643,156750,57.0,4,34,0.176852,1.5231,True,False,body,40.0,27.0,-10.0
2644,156872,187.0,10,122,0.176659,1.0804,True,False,body,100.0,97.0,-10.0
2645,156992,188.0,11,120,0.176469,0.9766,True,False,wall,110.0,88.0,-10.0
2646,157052,95.0,6,60,0.176374,1.1756,True,False,body,60.0,45.0,-10.0
2647,157154,128.0,7,102,0.176213,0.9836,True,False,body,70.0,68.0,-10.0
2648,157215,103.0,7,61,0.176117,1.0419,True,False,body,70.0,43.0,-10.0
2649,157262,53.0,3,47,0.176043,0.9081,True,False,body,30.0,33.0,-10.0
2650,157438,235.0,12,176,0.175766,0.966,True,False,wall,120.0,125.0,-10.0
2651,157560,188.0,11,122,0.175574,0.9801,True,False,wall,110.0,88.0,-10.0
2652,157603,60.0,4,43,0.175506,0.9244,True,False,body,40.0,30.0,-10.0
2653,157676,101.0,5,73,0.175392,0.8769,True,False,wall,50.0,61.0,-10.0
2654,157762,124.0,7,86,0.175257,0.9143,True,False,body,70.0,64.0,-10.0
2655,157862,143.0,8,100,0.175101,1.0276,True,False,body,80.0,73.0,-10.0
2656,157936,90.0,5,74,0.174985,1.041,True,False,wall,50.0,50.0,-10.0
2657,158024,139.0,8,88,0.174848,0.9504,True,False,body,80.0,69.0,-10.0
2658,158092,88.0,5,68,0.174742,0.9153,True,False,body,50.0,48.0,-10.0
2659,158230,186.0,9,138,0.174527,0.9611,True,False,body,90.0,106.0,-10.0
2660,158304,105.0,6,74,0.174412,0.9793,True,False,body,60.0,55.0,-10.0
2661,158320,1.0,0,16,0.174387,1.1127,True,False,wall,0.0,11.0,-10.0
2662,158459,219.0,13,139,0.174171,0.9831,True,False,wall,130.0,99.0,-10.0
2663,158551,124.0,7,92,0.174028,1.0051,True,False,wall,70.0,64.0,-10.0
2664,158588,49.0,3,37,0.173971,1.0638,True,False,body,30.0,29.0,-10.0
2665,158599,27.0,3,11,0.173954,1.0825,True,False,wall,30.0,7.0,-10.0
2666,158629,36.0,3,30,0.173907,1.0439,True,False,wall,30.0,16.0,-10.0
2667,158723,122.0,7,94,0.173762,0.985,True,False,wall,70.0,62.0,-10.0
2668,158893,276.0,15,170,0.173499,1.0017,True,False,body,150.0,136.0,-10.0
2669,158908,22.0,2,15,0.173476,0.9174,True,False,wall,20.0,12.0,-10.0
2670,159000,172.0,11,92,0.173334,0.9816,True,False,wall,110.0,72.0,-10.0
2671,159015,11.0,1,15,0.173311,0.9506,True,False,wall,10.0,11.0,-10.0
2672,159146,199.0,11,131,0.173109,0.9617,True,False,body,110.0,99.0,-10.0
2673,159162,17.0,2,16,0.173084,0.9007,True,False,wall,20.0,7.0,-10.0
2674,159323,256.0,14,161,0.172837,0.9416,True,False,wall,140.0,126.0,-10.0
2675,159478,204.0,10,155,0.172599,0.9426,True,False,body,100.0,114.0,-10.0
2676,159525,73.0,5,47,0.172527,1.0061,True,False,wall,50.0,33.0,-10.0
2677,159614,125.0,7,89,0.172391,1.0532,True,False,body,70.0,65.0,-10.0
2678,159643,28.0,2,29,0.172347,1.0134,True,False,wall,20.0,18.0,-10.0
2679,159727,85.0,4,84,0.172218,0.9709,True,False,body,40.0,55.0,-10.0
2680,159791,99.0,6,64,0.17212,1.0213,True,False,body,60.0,49.0,-10.0
2681,159863,117.0,8,72,0.172011,0.9787,True,False,wall,80.0,47.0,-10.0
2682,159899,44.0,3,36,0.171956,1.2084,True,False,body,30.0,24.0,-10.0
2683,159984,123.0,7,85,0.171826,1.2024,True,False,wall,70.0,63.0,-10.0
2684,160061,84.0,4,77,0.171709,0.9449,True,False,wall,40.0,54.0,-10.0
2685,160136,104.0,6,75,0.171595,1.0137,True,False,wall,60.0,54.0,-10.0
2686,160190,65.0,4,54,0.171513,1.1291,True,False,body,40.0,35.0,-10.0
2687,160204,12.0,1,14,0.171492,0.9694,True,False,wall,10.0,12.0,-10.0
2688,160255,62.0,4,51,0.171414,1.0426,True,False,body,40.0,32.0,-10.0
2689,160335,100.0,5,80,0.171293,1.102,True,False,body,50.0,60.0,-10.0
2690,160511,263.0,14,176,0.171026,1.004,True,False,body,140.0,133.0,-10.0
2691,160623,168.0,9,112,0.170857,1.1938,True,False,body,90.0,88.0,-10.0
2692,160698,82.0,4,75,0.170744,1.0887,True,False,body,40.0,52.0,-10.0
2693,160735,28.0,2,37,0.170688,1.1321,True,False,wall,20.0,18.0,-10.0
2694,160789,94.0,7,54,0.170606,0.9644,True,False,body,70.0,34.0,-10.0
2695,160901,152.0,7,112,0.170438,0.9557,True,False,wall,70.0,92.0,-10.0
2696,161134,362.0,20,233,0.170087,0.9777,True,False,body,200.0,172.0,-10.0
2697,161276,185.0,10,142,0.169874,1.015,True,False,wall,100.0,95.0,-10.0
2698,161416,195.0,10,140,0.169665,1.0278,True,False,body,100.0,105.0,-10.0
2699,161471,74.0,4,55,0.169583,0.997,True,False,body,40.0,44.0,-10.0
2700,161525,78.0,5,54,0.169502,0.8919,True,False,wall,50.0,38.0,-10.0
2701,161544,20.0,2,19,0.169474,0.887,True,False,wall,20.0,10.0,-10.0
2702,161672,176.0,9,128,0.169283,1.0374,True,False,body,90.0,96.0,-10.0
2703,161780,135.0,8,108,0.169122,0.9716,True,False,wall,80.0,65.0,-10.0
2704,161940,214.0,11,160,0.168884,0.9743,True,False,wall,110.0,114.0,-10.0
2705,162114,246.0,13,174,0.168625,1.061,True,False,wall,130.0,126.0,-10.0
2706,162133,24.0,2,19,0.168597,0.9718,True,False,wall,20.0,14.0,-10.0
2707,162203,101.0,6,70,0.168493,0.9716,True,False,wall,60.0,51.0,-10.0
2708,162293,112.0,5,90,0.16836,1.0044,True,False,wall,50.0,72.0,-10.0
2709,162354,95.0,7,61,0.16827,0.9733,True,False,body,70.0,35.0,-10.0
2710,162457,159.0,9,103,0.168118,0.9174,True,False,body,90.0,79.0,-10.0
2711,162562,146.0,8,105,0.167963,1.0144,True,False,wall,80.0,76.0,-10.0
2712,162687,204.0,12,125,0.167779,0.9995,True,False,wall,120.0,94.0,-10.0
2713,162730,59.0,3,43,0.167715,0.952,True,False,wall,30.0,39.0,-10.0
2714,162752,32.0,3,22,0.167683,0.9737,True,False,body,30.0,12.0,-10.0
2715,162856,152.0,9,104,0.16753,1.1261,True,False,body,90.0,72.0,-10.0
2716,162989,181.0,9,133,0.167335,1.0401,True,False,body,90.0,101.0,-10.0
2717,163010,35.0,3,21,0.167304,1.0483,True,False,body,30.0,15.0,-10.0
2718,163177,227.0,13,167,0.167059,0.9798,True,False,body,130.0,107.0,-10.0
2719,163274,135.0,7,97,0.166918,0.9625,True,False,wall,70.0,75.0,-10.0
2720,163390,179.0,10,116,0.166748,0.9294,True,False,body,100.0,89.0,-10.0
2721,163427,62.0,4,37,0.166694,0.9492,True,False,body,40.0,32.0,-10.0
2722,163464,60.0,4,37,0.16664,0.9466,True,False,wall,40.0,30.0,-10.0
2723,163567,153.0,9,103,0.16649,0.9974,True,False,body,90.0,73.0,-10.0
2724,163832,428.0,24,265,0.166105,1.0189,True,False,body,240.0,198.0,-10.0
2725,163901,90.0,4,69,0.166005,0.9693,True,False,wall,40.0,60.0,-10.0
2726,163981,111.0,6,80,0.165889,0.9421,True,False,body,60.0,61.0,-10.0
2727,164105,174.0,11,124,0.165709,0.9377,True,False,body,110.0,74.0,-10.0
2728,164118,9.0,1,13,0.165691,1.2438,True,False,wall,10.0,9.0,-10.0
2729,164137,33.0,3,19,0.165663,1.0168,True,False,body,30.0,13.0,-10.0
2730,164181,54.0,3,44,0.1656,0.9844,True,False,wall,30.0,34.0,-10.0
2731,164213,73.0,6,32,0.165553,1.0007,True,False,wall,60.0,23.0,-10.0
2732,164239,42.0,3,26,0.165516,1.0482,True,False,wall,30.0,22.0,-10.0
2733,164357,155.0,8,118,0.165346,0.993,True,False,body,80.0,85.0,-10.0
2734,164372,0.0,0,15,0.165324,0.9151,True,False,wall,0.0,10.0,-10.0
2735,164530,219.0,10,158,0.165096,0.9746,True,False,wall,100.0,129.0,-10.0
2736,164539,7.0,1,9,0.165083,0.859,True,False,wall,10.0,7.0,-10.0
2737,164623,132.0,9,84,0.164963,0.92,True,False,body,90.0,52.0,-10.0
2738,164762,183.0,9,139,0.164763,1.1472,True,False,body,90.0,103.0,-10.0
2739,164926,247.0,14,164,0.164528,1.0501,True,False,body,140.0,117.0,-10.0
2740,165171,358.0,20,245,0.164178,1.1099,True,False,body,200.0,168.0,-10.0
2741,165213,70.0,5,42,0.164118,1.0383,True,False,body,50.0,30.0,-10.0
2742,165319,139.0,8,106,0.163967,1.309,True,False,wall,80.0,69.0,-10.0
2743,165356,45.0,3,37,0.163914,1.2412,True,False,body,30.0,25.0,-10.0
2744,165490,217.0,12,134,0.163723,1.0871,True,False,wall,120.0,107.0,-10.0
2745,165669,255.0,15,179,0.163469,1.0803,True,False,body,150.0,115.0,-10.0
2746,165771,156.0,9,102,0.163325,0.9692,True,False,body,90.0,76.0,-10.0
2747,165843,84.0,5,72,0.163223,0.905,True,False,body,50.0,44.0,-10.0
2748,165927,126.0,7,84,0.163104,0.9675,True,False,body,70.0,66.0,-10.0
2749,166017,96.0,5,90,0.162977,0.9367,True,False,body,50.0,56.0,-10.0
2750,166067,76.0,5,50,0.162906,1.1643,True,False,body,50.0,36.0,-10.0
2751,166172,135.0,7,105,0.162758,1.0007,True,False,wall,70.0,75.0,-10.0
2752,166193,26.0,2,21,0.162728,1.0612,True,False,wall,20.0,16.0,-10.0
2753,166284,124.0,6,91,0.1626,1.0849,True,False,body,60.0,74.0,-10.0
2754,166351,124.0,8,67,0.162506,1.0717,True,False,body,80.0,54.0,-10.0
2755,166385,50.0,3,34,0.162458,1.1032,True,False,body,30.0,30.0,-10.0
2756,166617,308.0,15,232,0.162133,1.0914,True,False,body,150.0,168.0,-10.0
2757,166696,109.0,7,79,0.162022,1.142,True,False,body,70.0,49.0,-10.0
2758,166719,15.0,1,23,0.16199,1.0985,True,False,wall,10.0,15.0,-10.0
2759,166840,183.0,11,121,0.16182,0.9955,True,False,body,110.0,83.0,-10.0
2760,166900,104.0,7,60,0.161737,1.1321,True,False,body,70.0,44.0,-10.0
2761,166955,70.0,4,55,0.16166,0.9828,True,False,wall,40.0,40.0,-10.0
2762,166994,49.0,3,39,0.161605,1.0905,True,False,body,30.0,29.0,-10.0
2763,167066,110.0,7,72,0.161505,0.936,True,False,wall,70.0,50.0,-10.0
2764,167137,91.0,5,71,0.161406,1.0287,True,False,body,50.0,51.0,-10.0
2765,167231,126.0,7,94,0.161275,1.0369,True,False,body,70.0,66.0,-10.0
2766,167299,103.0,6,68,0.161181,1.1291,True,False,body,60.0,53.0,-10.0
2767,167418,151.0,9,119,0.161015,1.0491,True,False,body,90.0,71.0,-10.0
2768,167516,138.0,9,98,0.16088,1.2389,True,False,body,90.0,58.0,-10.0
2769,167545,32.0,2,29,0.160839,1.0827,True,False,wall,20.0,22.0,-10.0
2770,167560,18.0,2,15,0.160819,1.0218,True,False,wall,20.0,8.0,-10.0
2771,167673,184.0,10,113,0.160662,1.0189,True,False,body,100.0,94.0,-10.0
2772,167759,114.0,7,86,0.160543,1.0431,True,False,body,70.0,54.0,-10.0
2773,167874,174.0,10,115,0.160385,0.9133,True,False,wall,100.0,84.0,-10.0
2774,167941,83.0,5,67,0.160292,0.9405,True,False,body,50.0,43.0,-10.0
2775,167989,78.0,5,48,0.160226,0.9531,True,False,wall,50.0,38.0,-10.0
2776,168071,124.0,7,82,0.160113,1.1282,True,False,body,70.0,64.0,-10.0
2777,168144,129.0,9,73,0.160013,1.0814,True,False,wall,90.0,49.0,-10.0
2778,168236,154.0,9,92,0.159886,1.0456,True,False,body,90.0,74.0,-10.0
2779,168383,219.0,13,147,0.159684,0.9884,True,False,body,130.0,99.0,-10.0
2780,168549,214.0,11,166,0.159457,1.2193,True,False,body,110.0,114.0,-10.0
2781,168681,194.0,11,132,0.159277,1.0503,True,False,body,110.0,94.0,-10.0
2782,168693,1.0,0,12,0.15926,1.0562,True,False,wall,0.0,11.0,-10.0
2783,168805,163.0,10,112,0.159107,1.0836,True,False,body,100.0,73.0,-10.0
2784,168865,97.0,6,60,0.159026,1.1677,True,False,wall,60.0,47.0,-10.0
2785,168959,125.0,6,94,0.158898,1.089,True,False,wall,60.0,75.0,-10.0
2786,169179,332.0,17,220,0.158598,1.1085,True,False,body,170.0,172.0,-10.0
2787,169293,149.0,8,114,0.158444,1.1032,True,False,wall,80.0,79.0,-10.0
2788,169310,9.0,1,17,0.158421,0.9032,True,False,wall,10.0,9.0,-10.0
2789,169456,245.0,14,146,0.158223,0.9753,True,False,body,140.0,115.0,-10.0
2790,169555,146.0,8,99,0.158089,0.9853,True,False,wall,80.0,76.0,-10.0
2791,169657,147.0,8,102,0.157952,1.0509,True,False,body,80.0,77.0,-10.0
2792,169676,24.0,2,19,0.157926,1.2327,True,False,wall,20.0,14.0,-10.0
2793,169764,141.0,8,88,0.157807,1.1014,True,False,wall,80.0,71.0,-10.0
2794,169779,2.0,0,15,0.157787,0.9174,True,False,wall,0.0,12.0,-10.0
2795,170049,368.0,17,270,0.157424,1.0321,True,False,wall,170.0,208.0,-10.0
2796,170198,227.0,13,149,0.157224,1.0637,True,False,body,130.0,107.0,-10.0
2797,170313,149.0,9,115,0.15707,0.9959,True,False,body,90.0,69.0,-10.0
2798,170477,215.0,12,164,0.156851,1.044,True,False,wall,120.0,105.0,-10.0
2799,170635,206.0,11,158,0.15664,1.1561,True,False,body,110.0,106.0,-10.0
2800,170698,103.0,7,63,0.156556,1.1207,True,False,wall,70.0,43.0,-10.0
2801,170875,279.0,15,177,0.15632,1.0792,True,False,wall,150.0,139.0,-10.0
2802,170915,61.0,4,40,0.156267,1.1045,True,False,wall,40.0,31.0,-10.0
2803,171016,174.0,10,101,0.156133,1.0633,True,False,body,100.0,84.0,-10.0
2804,171076,86.0,5,60,0.156054,1.0051,True,False,wall,50.0,46.0,-10.0
2805,171179,169.0,9,103,0.155917,1.1539,True,False,body,90.0,89.0,-10.0
2806,171337,235.0,12,158,0.155708,1.0272,True,False,body,120.0,125.0,-10.0
2807,171416,108.0,6,79,0.155604,1.0597,True,False,body,60.0,58.0,-10.0
2808,171578,241.0,12,162,0.15539,1.0137,True,False,wall,120.0,131.0,-10.0
2809,171709,200.0,12,131,0.155218,0.9742,True,False,body,120.0,90.0,-10.0
2810,171761,67.0,4,52,0.155149,1.0464,True,False,wall,40.0,37.0,-10.0
2811,171878,173.0,9,117,0.154996,1.0256,True,False,body,90.0,93.0,-10.0
2812,171903,31.0,3,25,0.154963,0.8738,True,False,body,30.0,11.0,-10.0
2813,172033,187.0,12,130,0.154793,1.0294,True,False,body,120.0,77.0,-10.0
2814,172089,60.0,3,56,0.154719,1.0474,True,False,body,30.0,40.0,-10.0
2815,172150,127.0,9,61,0.154639,0.9776,True,False,body,90.0,47.0,-10.0
2816,172275,162.0,10,125,0.154476,0.9956,True,False,body,100.0,72.0,-10.0
2817,172408,194.0,10,133,0.154302,1.0432,True,False,body,100.0,104.0,-10.0
2818,172488,104.0,7,80,0.154198,1.0331,True,False,wall,70.0,44.0,-10.0
2819,172541,66.0,4,53,0.154129,0.9908,True,False,body,40.0,36.0,-10.0
2820,172554,9.0,1,13,0.154112,1.006,True,False,wall,10.0,9.0,-10.0
2821,172583,48.0,4,29,0.154075,0.9311,True,False,body,40.0,18.0,-10.0
2822,172756,253.0,13,173,0.15385,1.0694,True,False,body,130.0,133.0,-10.0
2823,172867,156.0,8,111,0.153706,1.1629,True,False,wall,80.0,86.0,-10.0
2824,172903,37.0,2,36,0.153659,1.0722,True,False,wall,20.0,27.0,-10.0
2825,173045,191.0,10,142,0.153475,1.0745,True,False,body,100.0,101.0,-10.0
2826,173057,8.0,1,12,0.15346,0.9276,True,False,wall,10.0,8.0,-10.0
2827,173112,117.0,9,55,0.153389,0.9701,True,False,body,90.0,37.0,-10.0
2828,173177,77.0,5,65,0.153305,1.0319,True,False,wall,50.0,37.0,-10.0
2829,173232,74.0,4,55,0.153234,0.9586,True,False,wall,40.0,44.0,-10.0
2830,173269,38.0,2,37,0.153186,0.9226,True,False,wall,20.0,28.0,-10.0
2831,173332,102.0,6,63,0.153105,1.3035,True,False,wall,60.0,52.0,-10.0
2832,173479,225.0,13,147,0.152915,1.047,True,False,wall,130.0,105.0,-10.0
2833,173489,6.0,1,10,0.152903,0.9839,True,False,wall,10.0,6.0,-10.0
2834,173559,81.0,4,70,0.152813,1.1909,True,False,body,40.0,51.0,-10.0
2835,173756,288.0,16,197,0.15256,1.0035,True,False,body,160.0,138.0,-10.0
2836,173899,212.0,12,143,0.152377,0.9806,True,False,body,120.0,102.0,-10.0
2837,174042,223.0,13,143,0.152194,1.0668,True,False,body,130.0,103.0,-10.0
2838,174092,71.0,4,50,0.15213,1.1063,True,False,wall,40.0,41.0,-10.0
2839,174148,67.0,4,56,0.152058,1.0048,True,False,body,40.0,37.0,-10.0
2840,174282,158.0,7,134,0.151888,1.0454,True,False,wall,70.0,98.0,-10.0
2841,174425,226.0,12,143,0.151706,1.1105,True,False,body,120.0,116.0,-10.0
2842,174560,221.0,11,135,0.151534,1.0994,True,False,wall,110.0,121.0,-10.0
2843,174582,27.0,2,22,0.151506,1.3609,True,False,wall,20.0,17.0,-10.0
2844,174602,21.0,2,20,0.151481,1.2447,True,False,wall,20.0,11.0,-10.0
2845,174643,54.0,4,41,0.151429,1.0433,True,False,body,40.0,24.0,-10.0
2846,174698,63.0,3,55,0.151359,1.0596,True,False,wall,30.0,43.0,-10.0
2847,174920,349.0,20,222,0.151078,0.9863,True,False,body,200.0,159.0,-10.0
2848,174977,79.0,5,57,0.151006,1.043,True,False,body,50.0,39.0,-10.0
2849,174996,33.0,3,19,0.150982,0.9625,True,False,body,30.0,13.0,-10.0
2850,175126,195.0,12,130,0.150818,1.0344,True,False,wall,120.0,85.0,-10.0
2851,175177,61.0,3,51,0.150754,1.1294,True,False,wall,30.0,41.0,-10.0
2852,175432,359.0,17,255,0.150433,0.981,True,False,body,170.0,199.0,-10.0
2853,175462,42.0,3,30,0.150396,1.2321,True,False,body,30.0,22.0,-10.0
2854,175667,340.0,20,205,0.150139,1.0488,True,False,body,200.0,150.0,-10.0
2855,175720,70.0,4,53,0.150072,0.9701,True,False,wall,40.0,40.0,-10.0
2856,175788,119.0,8,68,0.149987,0.9809,True,False,wall,80.0,49.0,-10.0
2857,175882,161.0,10,94,0.14987,1.0308,True,False,body,100.0,71.0,-10.0
2858,176045,251.0,13,163,0.149667,1.1055,True,False,body,130.0,131.0,-10.0
2859,176065,34.0,3,20,0.149642,0.9839,True,False,wall,30.0,14.0,-10.0
2860,176167,166.0,11,102,0.149515,1.1132,True,False,body,110.0,66.0,-10.0
2861,176299,145.0,8,132,0.149351,1.1421,True,False,body,80.0,75.0,-10.0
2862,176462,252.0,14,163,0.149149,1.0449,True,False,body,140.0,122.0,-10.0
2863,176586,177.0,10,124,0.148995,1.1039,True,False,body,100.0,87.0,-10.0
2864,176713,239.0,15,127,0.148838,1.1143,True,False,body,150.0,99.0,-10.0
2865,176769,64.0,3,56,0.148769,0.9992,True,False,wall,30.0,44.0,-10.0
2866,176781,1.0,0,12,0.148754,0.9236,True,False,wall,0.0,11.0,-10.0
2867,176828,75.0,5,47,0.148696,1.2694,True,False,wall,50.0,35.0,-10.0
2868,176907,115.0,7,79,0.148599,1.1403,True,False,body,70.0,55.0,-10.0
2869,177124,292.0,16,217,0.148332,1.1084,True,False,wall,160.0,142.0,-10.0
2870,177173,108.0,8,49,0.148271,0.9299,True,False,wall,80.0,38.0,-10.0
2871,177237,85.0,4,64,0.148193,0.9649,True,False,wall,40.0,55.0,-10.0
2872,177349,149.0,8,112,0.148055,1.0443,True,False,wall,80.0,79.0,-10.0
2873,177377,44.0,3,28,0.148021,1.0182,True,False,wall,30.0,24.0,-10.0
2874,177577,296.0,15,200,0.147776,1.0939,True,False,body,150.0,156.0,-10.0
2875,177651,113.0,8,74,0.147686,1.1312,True,False,body,80.0,43.0,-10.0
2876,177721,114.0,7,70,0.1476,0.9952,True,False,body,70.0,54.0,-10.0
2877,177842,203.0,11,121,0.147453,1.0824,True,False,body,110.0,103.0,-10.0
2878,177928,137.0,8,86,0.147348,1.1656,True,False,body,80.0,67.0,-10.0
2879,177943,13.0,1,15,0.14733,1.0096,True,False,wall,10.0,13.0,-10.0
2880,177974,45.0,3,31,0.147292,0.964,True,False,wall,30.0,25.0,-10.0
2881,178018,65.0,4,44,0.147239,1.3084,True,False,wall,40.0,35.0,-10.0
2882,178059,40.0,2,41,0.147189,1.1807,True,False,wall,20.0,30.0,-10.0
2883,178272,349.0,19,213,0.146931,1.0417,True,False,body,190.0,169.0,-10.0
2884,178309,43.0,3,37,0.146886,1.0059,True,False,wall,30.0,23.0,-10.0
2885,178540,330.0,16,231,0.146606,1.2404,True,False,wall,160.0,180.0,-10.0
2886,178614,105.0,6,74,0.146517,1.1727,True,False,wall,60.0,55.0,-10.0
2887,178720,119.0,6,106,0.146389,1.3086,True,False,body,60.0,69.0,-10.0
2888,178788,102.0,5,68,0.146307,1.1831,True,False,body,50.0,62.0,-10.0
2889,178867,106.0,6,79,0.146212,1.1779,True,False,wall,60.0,56.0,-10.0
2890,178913,72.0,5,46,0.146157,1.1378,True,False,wall,50.0,32.0,-10.0
2891,179032,204.0,12,119,0.146014,0.9939,True,False,body,120.0,94.0,-10.0
2892,179345,429.0,23,313,0.145639,1.0829,True,False,body,230.0,209.0,-10.0
2893,179521,254.0,13,176,0.145429,1.076,True,False,body,130.0,134.0,-10.0
2894,179546,19.0,1,25,0.145399,1.2389,True,False,wall,10.0,19.0,-10.0
2895,179733,281.0,13,187,0.145176,0.9787,True,False,wall,130.0,161.0,-10.0
2896,179809,104.0,5,76,0.145086,1.0577,True,False,wall,50.0,64.0,-10.0
2897,179870,86.0,4,61,0.145014,1.0604,True,False,wall,40.0,56.0,-10.0
2898,179936,101.0,6,66,0.144935,1.0026,True,False,body,60.0,51.0,-10.0
2899,180017,116.0,6,81,0.144839,1.0483,True,False,body,60.0,66.0,-10.0
2900,180168,214.0,12,151,0.14466,1.0162,True,False,body,120.0,104.0,-10.0
2901,180214,52.0,3,46,0.144606,1.0079,True,False,wall,30.0,32.0,-10.0
2902,180328,177.0,10,114,0.144471,1.0198,True,False,body,100.0,87.0,-10.0
2903,180555,368.0,20,227,0.144203,1.1283,True,False,wall,200.0,178.0,-10.0
2904,180597,72.0,5,42,0.144154,1.0377,True,False,body,50.0,32.0,-10.0
2905,180711,181.0,10,114,0.14402,1.1158,True,False,wall,100.0,91.0,-10.0
2906,180767,64.0,3,56,0.143954,1.1304,True,False,wall,30.0,44.0,-10.0
2907,180874,149.0,9,107,0.143829,1.0352,True,False,body,90.0,69.0,-10.0
2908,180964,141.0,8,90,0.143723,0.9939,True,False,body,80.0,71.0,-10.0
2909,181032,103.0,6,68,0.143643,1.1721,True,False,wall,60.0,53.0,-10.0
2910,181073,71.0,5,41,0.143595,1.0735,True,False,body,50.0,31.0,-10.0
2911,181166,112.0,6,93,0.143487,1.0862,True,False,body,60.0,62.0,-10.0
2912,181291,195.0,11,125,0.143341,1.0643,True,False,body,110.0,95.0,-10.0
2913,181321,44.0,3,30,0.143306,1.0592,True,False,wall,30.0,24.0,-10.0
2914,181368,79.0,5,47,0.143251,1.0552,True,False,body,50.0,39.0,-10.0
2915,181468,136.0,7,100,0.143135,1.093,True,False,body,70.0,76.0,-10.0
2916,181597,186.0,10,129,0.142984,0.9997,True,False,body,100.0,96.0,-10.0
2917,181651,65.0,4,54,0.142922,0.9413,True,False,body,40.0,35.0,-10.0
2918,181698,59.0,3,47,0.142867,1.0733,True,False,body,30.0,39.0,-10.0
2919,181721,19.0,1,23,0.14284,1.0317,True,False,wall,10.0,19.0,-10.0
2920,181825,126.0,7,104,0.14272,0.9797,True,False,body,70.0,66.0,-10.0
2921,181969,214.0,13,144,0.142553,1.1299,True,False,body,130.0,94.0,-10.0
2922,181981,10.0,1,12,0.142539,0.9841,True,False,wall,10.0,10.0,-10.0
2923,182060,126.0,8,79,0.142448,1.0611,True,False,body,80.0,56.0,-10.0
2924,182123,104.0,6,63,0.142375,1.0195,True,False,wall,60.0,54.0,-10.0
2925,182159,41.0,2,36,0.142334,1.0836,True,False,wall,20.0,31.0,-10.0
2926,182224,84.0,4,65,0.142259,1.1675,True,False,body,40.0,54.0,-10.0
2927,182429,310.0,16,205,0.142022,1.0754,True,False,wall,160.0,160.0,-10.0
2928,182466,38.0,2,37,0.14198,1.1461,True,False,wall,20.0,28.0,-10.0
2929,182617,221.0,13,151,0.141806,1.0635,True,False,body,130.0,101.0,-10.0
2930,182702,129.0,7,85,0.141709,1.076,True,False,body,70.0,69.0,-10.0
2931,182744,74.0,5,42,0.141661,0.9637,True,False,body,50.0,34.0,-10.0
2932,182866,211.0,12,122,0.141521,0.9965,True,False,body,120.0,101.0,-10.0
2933,182967,182.0,12,101,0.141406,1.1262,True,False,wall,120.0,72.0,-10.0
2934,183034,94.0,6,67,0.141329,1.0169,True,False,body,60.0,44.0,-10.0
2935,183081,42.0,2,47,0.141275,1.0799,True,False,wall,20.0,32.0,-10.0
2936,183187,143.0,8,106,0.141155,1.3374,True,False,wall,80.0,73.0,-10.0
2937,183358,311.0,19,171,0.14096,1.0347,True,False,body,190.0,131.0,-10.0
2938,183422,97.0,6,64,0.140887,1.0679,True,False,wall,60.0,47.0,-10.0
2939,183492,103.0,6,70,0.140808,1.0019,True,False,wall,60.0,53.0,-10.0
2940,183516,25.0,2,24,0.140781,1.0098,True,False,wall,20.0,15.0,-10.0
2941,183768,371.0,18,252,0.140495,1.0175,True,False,body,180.0,201.0,-10.0
2942,183788,16.0,1,20,0.140472,0.9626,True,False,wall,10.0,16.0,-10.0
2943,183882,152.0,9,94,0.140366,1.1094,True,False,wall,90.0,72.0,-10.0
2944,183927,66.0,4,45,0.140315,1.0679,True,False,body,40.0,36.0,-10.0
2945,183997,105.0,6,70,0.140236,1.0091,True,False,wall,60.0,55.0,-10.0
2946,184033,55.0,4,36,0.140196,0.9147,True,False,body,40.0,25.0,-10.0
2947,184146,185.0,11,113,0.140068,0.9859,True,False,wall,110.0,85.0,-10.0
2948,184229,121.0,7,83,0.139975,1.0153,True,False,wall,70.0,61.0,-10.0
2949,184349,201.0,12,120,0.13984,1.0099,True,False,body,120.0,91.0,-10.0
2950,184371,38.0,3,22,0.139815,1.2666,True,False,body,30.0,18.0,-10.0
2951,184539,264.0,15,168,0.139627,1.1176,True,False,wall,150.0,124.0,-10.0
2952,184703,225.0,12,164,0.139444,1.0711,True,False,body,120.0,115.0,-10.0
2953,184764,77.0,5,61,0.139375,1.1544,True,False,body,50.0,37.0,-10.0
2954,184929,217.0,11,165,0.139191,1.0583,True,False,body,110.0,117.0,-10.0
2955,184994,89.0,5,65,0.139119,1.1641,True,False,wall,50.0,49.0,-10.0
2956,185082,122.0,7,88,0.139021,1.378,True,False,wall,70.0,62.0,-10.0
2957,185202,188.0,11,120,0.138887,1.2064,True,False,body,110.0,88.0,-10.0
2958,185319,203.0,11,117,0.138757,1.1524,True,False,wall,110.0,103.0,-10.0
2959,185517,346.0,21,198,0.138538,1.2609,True,False,body,210.0,146.0,-10.0
2960,185550,37.0,3,33,0.138502,1.0389,True,False,body,30.0,17.0,-10.0
2961,185623,119.0,7,73,0.138421,1.1215,True,False,body,70.0,59.0,-10.0
2962,185673,83.0,6,50,0.138366,0.9575,True,False,body,60.0,33.0,-10.0
2963,185753,100.0,5,80,0.138277,1.1928,True,False,body,50.0,60.0,-10.0
2964,185949,361.0,22,196,0.138061,1.1453,True,False,body,220.0,151.0,-10.0
2965,186059,166.0,9,110,0.13794,0.9853,True,False,body,90.0,86.0,-10.0
2966,186080,28.0,2,21,0.137917,0.9044,True,False,wall,20.0,18.0,-10.0
2967,186129,71.0,5,49,0.137863,1.1718,True,False,wall,50.0,31.0,-10.0
2968,186244,169.0,9,115,0.137737,1.2035,True,False,wall,90.0,89.0,-10.0
2969,186322,104.0,5,78,0.137652,1.1458,True,False,body,50.0,64.0,-10.0
2970,186419,126.0,6,97,0.137545,1.0166,True,False,wall,60.0,76.0,-10.0
2971,186572,228.0,12,153,0.137378,1.0983,True,False,body,120.0,118.0,-10.0
2972,186737,226.0,12,165,0.137198,1.0254,True,False,body,120.0,116.0,-10.0
2973,186804,86.0,4,67,0.137125,1.0946,True,False,wall,40.0,56.0,-10.0
2974,186889,162.0,10,85,0.137033,1.0594,True,False,body,100.0,72.0,-10.0
2975,187012,191.0,11,123,0.136899,1.0714,True,False,body,110.0,91.0,-10.0
2976,187111,139.0,7,99,0.136791,1.1871,True,False,body,70.0,79.0,-10.0
2977,187236,162.0,8,125,0.136656,1.1543,True,False,wall,80.0,92.0,-10.0
2978,187386,246.0,13,150,0.136494,1.0911,True,False,body,130.0,126.0,-10.0
2979,187397,7.0,1,11,0.136482,0.9145,True,False,wall,10.0,7.0,-10.0
2980,187500,167.0,11,103,0.13637,1.044,True,False,body,110.0,67.0,-10.0
2981,187563,93.0,5,63,0.136302,1.2073,True,False,body,50.0,53.0,-10.0
2982,187651,85.0,4,88,0.136208,1.0743,True,False,body,40.0,55.0,-10.0
2983,187671,34.0,3,20,0.136186,0.9852,True,False,wall,30.0,14.0,-10.0
2984,187683,1.0,0,12,0.136173,1.1074,True,False,wall,0.0,11.0,-10.0
2985,187780,140.0,8,97,0.136069,1.0146,True,False,wall,80.0,70.0,-10.0
2986,187883,146.0,8,103,0.135958,1.0079,True,False,wall,80.0,76.0,-10.0
2987,188112,358.0,20,229,0.135712,1.1626,True,False,wall,200.0,168.0,-10.0
2988,188170,80.0,5,58,0.13565,1.0678,True,False,wall,50.0,40.0,-10.0
2989,188279,154.0,8,109,0.135533,1.0577,True,False,body,80.0,84.0,-10.0
2990,188339,79.0,4,60,0.135469,1.0361,True,False,body,40.0,49.0,-10.0
2991,188354,-2.0,0,15,0.135453,1.0138,True,False,wall,0.0,8.0,-10.0
2992,188693,477.0,25,339,0.135092,1.1271,True,False,body,250.0,237.0,-10.0
2993,189007,464.0,25,314,0.134759,1.1909,True,False,wall,250.0,224.0,-10.0
2994,189058,63.0,3,51,0.134705,1.1415,True,False,wall,30.0,43.0,-10.0
2995,189264,286.0,15,206,0.134487,1.0751,True,False,body,150.0,146.0,-10.0
2996,189466,295.0,16,202,0.134274,1.0126,True,False,body,160.0,145.0,-10.0
2997,189566,141.0,8,100,0.134168,1.037,True,False,body,80.0,71.0,-10.0
2998,189615,71.0,5,49,0.134117,1.1206,True,False,wall,50.0,31.0,-10.0
2999,189625,-1.0,0,10,0.134106,1.1735,True,False,wall,0.0,9.0,-10.0
3000,189712,119.0,7,87,0.134015,1.1481,True,False,body,70.0,59.0,-10.0
3001,189741,43.0,3,29,0.133985,1.2032,True,False,wall,30.0,23.0,-10.0
3002,189829,132.0,7,88,0.133892,1.0061,True,False,wall,70.0,72.0,-10.0
3003,189916,125.0,7,87,0.133801,1.0327,True,False,wall,70.0,65.0,-10.0
3004,190127,306.0,18,211,0.13358,1.0937,True,False,body,180.0,136.0,-10.0
3005,190194,99.0,7,67,0.13351,0.981,True,False,wall,70.0,39.0,-10.0
3006,190250,84.0,5,56,0.133452,1.1679,True,False,body,50.0,44.0,-10.0
3007,190324,120.0,7,74,0.133375,1.0788,True,False,body,70.0,60.0,-10.0
3008,190444,178.0,9,120,0.13325,1.0604,True,False,body,90.0,98.0,-10.0
3009,190656,306.0,15,212,0.133029,1.0037,True,False,wall,150.0,166.0,-10.0
3010,190788,190.0,9,132,0.132893,0.971,True,False,wall,90.0,110.0,-10.0
3011,190944,224.0,11,156,0.132731,1.1147,True,False,body,110.0,124.0,-10.0
3012,190960,14.0,1,16,0.132714,0.9553,True,False,wall,10.0,14.0,-10.0
3013,191057,168.0,10,97,0.132614,1.0273,True,False,body,100.0,78.0,-10.0
3014,191105,80.0,5,48,0.132565,1.0674,True,False,wall,50.0,40.0,-10.0
3015,191301,232.0,11,196,0.132363,1.298,True,False,body,110.0,132.0,-10.0
3016,191368,113.0,7,67,0.132294,1.0688,True,False,body,70.0,53.0,-10.0
3017,191430,63.0,4,62,0.13223,1.0692,True,False,body,40.0,33.0,-10.0
3018,191620,272.0,15,190,0.132035,1.0381,True,False,body,150.0,132.0,-10.0
3019,191687,102.0,6,67,0.131966,1.0894,True,False,body,60.0,52.0,-10.0
3020,191843,265.0,14,156,0.131807,1.0917,True,False,wall,140.0,135.0,-10.0
3021,191964,184.0,10,121,0.131683,1.0773,True,False,wall,100.0,94.0,-10.0
3022,192157,334.0,18,193,0.131486,1.1491,True,False,wall,180.0,164.0,-10.0
3023,192300,199.0,9,143,0.131341,1.0613,True,False,body,90.0,119.0,-10.0
3024,192347,73.0,5,47,0.131293,1.041,True,False,wall,50.0,33.0,-10.0
3025,192420,89.0,5,73,0.131219,1.0727,True,False,body,50.0,49.0,-10.0
3026,192582,255.0,14,162,0.131054,1.183,True,False,body,140.0,125.0,-10.0
3027,192728,221.0,12,146,0.130907,1.0649,True,False,wall,120.0,111.0,-10.0
3028,192913,286.0,16,185,0.13072,1.0647,True,False,wall,160.0,136.0,-10.0
3029,192942,54.0,4,29,0.13069,0.9615,True,False,wall,40.0,24.0,-10.0
3030,193054,178.0,9,112,0.130578,1.1627,True,False,wall,90.0,98.0,-10.0
3031,193198,193.0,10,144,0.130433,1.022,True,False,body,100.0,103.0,-10.0
3032,193345,188.0,8,147,0.130285,1.0274,True,False,body,80.0,118.0,-10.0
3033,193493,199.0,10,148,0.130137,1.0435,True,False,body,100.0,109.0,-10.0
3034,193613,175.0,8,120,0.130016,1.0785,True,False,wall,80.0,105.0,-10.0
3035,193800,269.0,15,187,0.12983,1.0662,True,False,body,150.0,129.0,-10.0
3036,193919,192.0,12,119,0.129711,1.0925,True,False,body,120.0,82.0,-10.0
3037,193950,37.0,3,31,0.12968,1.046,True,False,body,30.0,17.0,-10.0
3038,194164,321.0,16,214,0.129467,1.1863,True,False,wall,160.0,171.0,-10.0
3039,194224,101.0,6,60,0.129408,1.0293,True,False,body,60.0,51.0,-10.0
3040,194255,29.0,1,31,0.129377,1.124,True,False,wall,10.0,29.0,-10.0
3041,194448,304.0,16,193,0.129186,1.0316,True,False,body,160.0,154.0,-10.0
3042,194561,161.0,9,113,0.129074,1.1191,True,False,wall,90.0,81.0,-10.0
3043,194810,347.0,19,249,0.128828,1.0468,True,False,body,190.0,167.0,-10.0
3044,194847,36.0,2,37,0.128792,1.1128,True,False,wall,20.0,26.0,-10.0
3045,194996,218.0,12,149,0.128645,1.1167,True,False,body,120.0,108.0,-10.0
3046,195072,109.0,6,76,0.12857,1.0943,True,False,body,60.0,59.0,-10.0
3047,195194,187.0,10,122,0.128451,1.1537,True,False,wall,100.0,97.0,-10.0
3048,195289,150.0,8,95,0.128358,1.1264,True,False,body,80.0,80.0,-10.0
3049,195463,260.0,13,174,0.128187,1.1381,True,False,body,130.0,140.0,-10.0
3050,195621,252.0,15,158,0.128033,1.092,True,False,body,150.0,112.0,-10.0
3051,195710,144.0,8,89,0.127946,1.0212,True,False,wall,80.0,74.0,-10.0
3052,195791,121.0,7,81,0.127867,1.1392,True,False,wall,70.0,61.0,-10.0
3053,195830,55.0,3,39,0.127829,1.0253,True,False,wall,30.0,35.0,-10.0
3054,195892,88.0,5,62,0.127769,1.0634,True,False,wall,50.0,48.0,-10.0
3055,196087,294.0,16,195,0.12758,1.0987,True,False,wall,160.0,144.0,-10.0
3056,196277,308.0,17,190,0.127396,1.1219,True,False,body,170.0,148.0,-10.0
3057,196364,125.0,7,87,0.127312,1.0436,True,False,body,70.0,65.0,-10.0
3058,196414,50.0,3,50,0.127263,1.1158,True,False,wall,30.0,30.0,-10.0
3059,196577,266.0,14,163,0.127106,1.0471,True,False,body,140.0,136.0,-10.0
3060,196714,187.0,9,137,0.126974,1.0453,True,False,body,90.0,107.0,-10.0
3061,196758,65.0,4,44,0.126932,1.0079,True,False,wall,40.0,35.0,-10.0
3062,196912,229.0,12,154,0.126784,1.1013,True,False,wall,120.0,119.0,-10.0
3063,197003,166.0,10,91,0.126697,1.0351,True,False,body,100.0,76.0,-10.0
3064,197161,217.0,12,158,0.126545,1.3412,True,False,body,120.0,107.0,-10.0
3065,197218,68.0,4,57,0.126491,1.1002,True,False,body,40.0,38.0,-10.0
3066,197307,149.0,9,89,0.126406,1.121,True,False,wall,90.0,69.0,-10.0
3067,197384,128.0,8,77,0.126332,1.1067,True,False,body,80.0,58.0,-10.0
3068,197509,195.0,11,125,0.126213,1.0328,True,False,wall,110.0,95.0,-10.0
3069,197565,86.0,5,56,0.12616,1.0719,True,False,wall,50.0,46.0,-10.0
3070,197595,40.0,3,30,0.126131,1.151,True,False,body,30.0,20.0,-10.0
3071,197632,49.0,3,37,0.126096,1.0435,True,False,body,30.0,29.0,-10.0
3072,197892,376.0,19,260,0.125849,1.0287,True,False,body,190.0,196.0,-10.0
3073,197982,123.0,6,90,0.125764,1.0167,True,False,wall,60.0,73.0,-10.0
3074,198062,146.0,9,80,0.125688,1.0229,True,False,body,90.0,66.0,-10.0
3075,198084,29.0,2,22,0.125667,1.0776,True,False,wall,20.0,19.0,-10.0
3076,198141,83.0,5,57,0.125613,1.1138,True,False,wall,50.0,43.0,-10.0
3077,198362,281.0,13,221,0.125405,1.0782,True,False,body,130.0,161.0,-10.0
3078,198470,166.0,9,108,0.125303,1.0224,True,False,wall,90.0,86.0,-10.0
3079,198611,217.0,13,141,0.12517,1.1091,True,False,wall,130.0,97.0,-10.0
3080,198796,235.0,11,185,0.124997,1.091,True,False,body,110.0,135.0,-10.0
3081,198884,143.0,8,88,0.124914,1.0319,True,False,wall,80.0,73.0,-10.0
3082,198915,43.0,3,31,0.124885,1.1009,True,False,wall,30.0,23.0,-10.0
3083,198971,104.0,7,56,0.124833,1.0403,True,False,wall,70.0,44.0,-10.0
3084,199102,216.0,12,131,0.12471,1.1097,True,False,body,120.0,106.0,-10.0
3085,199124,23.0,2,22,0.12469,0.9679,True,False,wall,20.0,13.0,-10.0
3086,199162,59.0,4,38,0.124654,0.9717,True,False,body,40.0,29.0,-10.0
3087,199304,194.0,11,142,0.124522,1.0423,True,False,body,110.0,94.0,-10.0
3088,199431,209.0,11,127,0.124404,1.0957,True,False,body,110.0,109.0,-10.0
3089,199591,232.0,11,160,0.124255,1.0749,True,False,body,110.0,132.0,-10.0
3090,199659,82.0,5,68,0.124192,1.0525,True,False,body,50.0,42.0,-10.0
3091,199699,54.0,3,40,0.124155,1.0023,True,False,wall,30.0,34.0,-10.0
3092,199734,56.0,4,35,0.124123,1.1935,True,False,wall,40.0,26.0,-10.0
3093,199818,139.0,8,84,0.124045,0.9957,True,False,wall,80.0,69.0,-10.0
3094,199954,215.0,12,136,0.123919,1.0357,True,False,body,120.0,105.0,-10.0
3095,200087,197.0,11,133,0.123796,1.0216,True,False,wall,110.0,97.0,-10.0
3096,200173,124.0,7,86,0.123717,1.1844,True,False,wall,70.0,64.0,-10.0
3097,200251,109.0,6,78,0.123645,1.0294,True,False,wall,60.0,59.0,-10.0
3098,200382,192.0,10,131,0.123525,1.1707,True,False,wall,100.0,102.0,-10.0
3099,200463,126.0,8,81,0.12345,1.1429,True,False,wall,80.0,56.0,-10.0
3100,200506,64.0,4,43,0.123411,1.1441,True,False,wall,40.0,34.0,-10.0
3101,200629,154.0,8,123,0.123298,1.1297,True,False,wall,80.0,84.0,-10.0
3102,200932,380.0,20,303,0.123021,1.0864,True,False,body,200.0,190.0,-10.0
3103,201011,101.0,5,79,0.122949,1.1121,True,False,body,50.0,61.0,-10.0
3104,201111,160.0,11,100,0.122858,1.027,True,False,body,110.0,60.0,-10.0
3105,201167,73.0,4,56,0.122807,0.975,True,False,body,40.0,43.0,-10.0
3106,201258,136.0,8,91,0.122724,0.9918,True,False,body,80.0,66.0,-10.0
3107,201326,74.0,3,68,0.122662,0.9933,True,False,body,30.0,54.0,-10.0
3108,201387,89.0,5,61,0.122607,1.01,True,False,body,50.0,49.0,-10.0
3109,201544,232.0,12,157,0.122464,1.0967,True,False,body,120.0,122.0,-10.0
3110,201560,12.0,1,16,0.12245,1.3697,True,False,wall,10.0,12.0,-10.0
3111,201755,286.0,14,195,0.122273,1.1408,True,False,body,140.0,156.0,-10.0
3112,201891,210.0,11,136,0.122151,1.1315,True,False,body,110.0,110.0,-10.0
3113,201998,133.0,7,107,0.122054,1.114,True,False,wall,70.0,73.0,-10.0
3114,202177,257.0,13,179,0.121893,1.1063,True,False,body,130.0,137.0,-10.0
3115,202280,141.0,7,103,0.121801,1.1248,True,False,body,70.0,81.0,-10.0
3116,202506,317.0,16,226,0.121598,1.0412,True,False,wall,160.0,167.0,-10.0
3117,202611,137.0,9,105,0.121504,1.1474,True,False,wall,90.0,57.0,-10.0
3118,202698,161.0,11,87,0.121427,1.1663,True,False,body,110.0,61.0,-10.0
3119,202839,207.0,11,141,0.121301,1.2214,True,False,wall,110.0,107.0,-10.0
3120,203068,323.0,17,229,0.121097,1.0869,True,False,body,170.0,163.0,-10.0
3121,203198,178.0,9,130,0.120982,1.033,True,False,body,90.0,98.0,-10.0
3122,203242,54.0,3,44,0.120943,1.0045,True,False,body,30.0,34.0,-10.0
3123,203290,72.0,5,48,0.1209,1.0258,True,False,wall,50.0,32.0,-10.0
3124,203577,435.0,23,287,0.120646,1.0669,True,False,body,230.0,215.0,-10.0
3125,203663,146.0,9,86,0.12057,0.9861,True,False,wall,90.0,66.0,-10.0
3126,203727,99.0,6,64,0.120514,1.0674,True,False,wall,60.0,49.0,-10.0
3127,203841,163.0,8,114,0.120413,0.998,True,False,body,80.0,93.0,-10.0
3128,203926,158.0,10,85,0.120339,0.9907,True,False,wall,100.0,68.0,-10.0
3129,204094,286.0,17,168,0.120191,1.0198,True,False,body,170.0,126.0,-10.0
3130,204219,174.0,8,125,0.120081,1.0173,True,False,body,80.0,104.0,-10.0
3131,204253,55.0,4,34,0.120052,1.1122,True,False,wall,40.0,25.0,-10.0
3132,204313,75.0,4,60,0.119999,1.1012,True,False,body,40.0,45.0,-10.0
3133,204489,254.0,13,176,0.119845,1.1443,True,False,body,130.0,134.0,-10.0
3134,204503,1.0,0,14,0.119833,1.0463,True,False,wall,0.0,11.0,-10.0
3135,204576,117.0,7,73,0.119769,1.146,True,False,body,70.0,57.0,-10.0
3136,204668,152.0,9,92,0.119689,1.0887,True,False,body,90.0,72.0,-10.0
3137,204703,49.0,3,35,0.119659,1.0524,True,False,wall,30.0,29.0,-10.0
3138,204757,73.0,4,54,0.119612,1.0042,True,False,body,40.0,43.0,-10.0
3139,204871,201.0,12,114,0.119513,1.0343,True,False,body,120.0,91.0,-10.0
3140,204931,108.0,7,60,0.11946,1.0321,True,False,body,70.0,48.0,-10.0
3141,205011,126.0,7,80,0.119391,1.0839,True,False,body,70.0,66.0,-10.0
3142,205102,146.0,8,91,0.119312,1.0471,True,False,body,80.0,76.0,-10.0
3143,205193,136.0,8,91,0.119233,1.0125,True,False,body,80.0,66.0,-10.0
3144,205339,198.0,11,146,0.119107,1.027,True,False,body,110.0,98.0,-10.0
3145,205352,20.0,2,13,0.119096,1.0245,True,False,wall,20.0,10.0,-10.0
3146,205401,71.0,5,49,0.119054,1.029,True,False,body,50.0,31.0,-10.0
3147,205468,97.0,5,67,0.118996,1.0838,True,False,body,50.0,57.0,-10.0
3148,205543,111.0,7,75,0.118931,1.1924,True,False,wall,70.0,51.0,-10.0
3149,205698,281.0,17,155,0.118798,1.1764,True,False,body,170.0,121.0,-10.0
3150,205962,375.0,20,264,0.118571,1.1669,True,False,body,200.0,185.0,-10.0
3151,206157,257.0,13,195,0.118404,1.099,True,False,wall,130.0,137.0,-10.0
3152,206213,66.0,3,56,0.118356,1.2417,True,False,wall,30.0,46.0,-10.0
3153,206270,87.0,5,57,0.118308,1.2868,True,False,wall,50.0,47.0,-10.0
3154,206330,86.0,5,60,0.118256,1.242,True,False,body,50.0,46.0,-10.0
3155,206516,299.0,18,186,0.118098,1.0869,True,False,body,180.0,129.0,-10.0
3156,206595,97.0,5,79,0.118031,1.0922,True,False,body,50.0,57.0,-10.0
3157,206781,297.0,16,186,0.117873,1.0461,True,False,body,160.0,147.0,-10.0
3158,206819,55.0,4,38,0.11784,1.0997,True,False,body,40.0,25.0,-10.0
3159,206960,226.0,12,141,0.117721,1.0084,True,False,body,120.0,116.0,-10.0
3160,207035,114.0,6,75,0.117657,1.0496,True,False,body,60.0,64.0,-10.0
3161,207188,221.0,11,153,0.117528,1.0592,True,False,body,110.0,121.0,-10.0
3162,207274,128.0,7,86,0.117456,1.1963,True,False,wall,70.0,68.0,-10.0
3163,207329,78.0,4,55,0.117409,1.7459,True,False,wall,40.0,48.0,-10.0
3164,207525,285.0,16,196,0.117244,1.2458,True,False,wall,160.0,135.0,-10.0
3165,207599,112.0,7,74,0.117182,1.1483,True,False,body,70.0,52.0,-10.0
3166,207641,52.0,3,42,0.117147,1.1585,True,False,wall,30.0,32.0,-10.0
3167,207677,68.0,5,36,0.117117,1.1096,True,False,body,50.0,28.0,-10.0
3168,207923,374.0,21,246,0.116911,1.0288,True,False,body,210.0,174.0,-10.0
3169,208122,324.0,18,199,0.116744,1.0528,True,False,body,180.0,154.0,-10.0
3170,208286,240.0,13,164,0.116608,1.0588,True,False,body,130.0,120.0,-10.0
3171,208418,195.0,10,132,0.116498,1.077,True,False,body,100.0,105.0,-10.0
3172,208621,301.0,15,203,0.116329,1.0239,True,False,wall,150.0,161.0,-10.0
3173,208685,88.0,5,64,0.116276,1.0013,True,False,wall,50.0,48.0,-10.0
3174,208745,119.0,8,60,0.116227,1.2614,True,False,wall,80.0,49.0,-10.0
3175,208800,81.0,5,55,0.116181,1.1963,True,False,body,50.0,41.0,-10.0
3176,208929,171.0,9,129,0.116074,1.0909,True,False,body,90.0,91.0,-10.0
3177,209054,201.0,11,125,0.115971,1.0833,True,False,body,110.0,101.0,-10.0
3178,209344,400.0,21,290,0.115733,1.0533,True,False,body,210.0,200.0,-10.0
3179,209494,219.0,12,150,0.115609,1.0483,True,False,body,120.0,109.0,-10.0
3180,209576,128.0,7,82,0.115542,1.1549,True,False,wall,70.0,68.0,-10.0
3181,209719,236.0,14,143,0.115425,1.0839,True,False,wall,140.0,106.0,-10.0
3182,209814,128.0,8,95,0.115348,1.0165,True,False,wall,80.0,58.0,-10.0
3183,209836,27.0,2,22,0.11533,0.9984,True,False,wall,20.0,17.0,-10.0
3184,209926,122.0,7,90,0.115256,1.0028,True,False,wall,70.0,62.0,-10.0
3185,209985,83.0,5,59,0.115208,1.0561,True,False,body,50.0,43.0,-10.0
3186,210045,86.0,5,60,0.115159,1.0521,True,False,body,50.0,46.0,-10.0
3187,210151,159.0,8,106,0.115073,1.0382,True,False,wall,80.0,89.0,-10.0
3188,210212,98.0,6,61,0.115023,1.1983,True,False,body,60.0,48.0,-10.0
3189,210347,186.0,10,135,0.114914,1.0997,True,False,body,100.0,96.0,-10.0
3190,210447,166.0,9,100,0.114833,1.0488,True,False,wall,90.0,86.0,-10.0
3191,210537,182.0,13,90,0.11476,1.0125,True,False,body,130.0,62.0,-10.0
3192,210615,153.0,10,78,0.114697,1.0002,True,False,wall,100.0,63.0,-10.0
3193,210670,76.0,4,55,0.114652,1.0804,True,False,wall,40.0,46.0,-10.0
3194,210734,106.0,7,64,0.1146,1.0978,True,False,body,70.0,46.0,-10.0
3195,210827,150.0,8,93,0.114525,1.0504,True,False,body,80.0,80.0,-10.0
3196,211046,327.0,19,219,0.114349,1.2441,True,False,body,190.0,147.0,-10.0
3197,211379,460.0,22,333,0.114082,1.1905,True,False,body,220.0,250.0,-10.0
3198,211692,425.0,21,313,0.113831,1.2561,True,False,wall,210.0,225.0,-10.0
3199,211782,122.0,7,90,0.11376,1.0886,True,False,wall,70.0,62.0,-10.0
3200,211938,229.0,12,156,0.113635,1.0604,True,False,wall,120.0,119.0,-10.0
3201,212058,198.0,11,120,0.11354,1.0709,True,False,body,110.0,98.0,-10.0
3202,212083,39.0,3,25,0.11352,1.1331,True,False,wall,30.0,19.0,-10.0
3203,212163,88.0,5,80,0.113457,1.1628,True,False,wall,50.0,48.0,-10.0
3204,212267,172.0,11,104,0.113374,1.1243,True,False,body,110.0,72.0,-10.0
3205,212385,179.0,10,118,0.113281,1.0958,True,False,wall,100.0,89.0,-10.0
3206,212594,281.0,13,209,0.113116,1.0744,True,False,body,130.0,161.0,-10.0
3207,212726,228.0,15,132,0.113012,1.0242,True,False,wall,150.0,88.0,-10.0
3208,212827,150.0,8,101,0.112932,1.0846,True,False,wall,80.0,80.0,-10.0
3209,212886,72.0,4,59,0.112886,1.0122,True,False,body,40.0,42.0,-10.0
3210,213038,223.0,14,152,0.112766,1.0405,True,False,body,140.0,93.0,-10.0
3211,213065,32.0,2,27,0.112745,0.9787,True,False,wall,20.0,22.0,-10.0
3212,213094,52.0,4,29,0.112722,1.2944,True,False,wall,40.0,22.0,-10.0
3213,213105,-2.0,0,11,0.112714,1.6655,True,False,wall,0.0,8.0,-10.0
3214,213137,57.0,4,32,0.112689,1.0383,True,False,wall,40.0,27.0,-10.0
3215,213202,91.0,5,65,0.112638,1.0615,True,False,wall,50.0,51.0,-10.0
3216,213481,421.0,19,279,0.11242,1.1219,True,False,wall,190.0,241.0,-10.0
3217,213628,233.0,13,147,0.112305,1.0202,True,False,body,130.0,113.0,-10.0
3218,213680,67.0,4,52,0.112265,1.0156,True,False,wall,40.0,37.0,-10.0
3219,213839,248.0,14,159,0.112141,1.0943,True,False,wall,140.0,118.0,-10.0
3220,213927,162.0,11,88,0.112073,1.065,True,False,body,110.0,62.0,-10.0
3221,213970,55.0,3,43,0.112039,0.987,True,False,wall,30.0,35.0,-10.0
3222,214004,64.0,5,34,0.112013,0.9831,True,False,body,50.0,24.0,-10.0
3223,214242,364.0,19,238,0.111829,1.116,True,False,wall,190.0,184.0,-10.0
3224,214261,24.0,2,19,0.111814,1.0455,True,False,wall,20.0,14.0,-10.0
3225,214461,273.0,16,200,0.11166,1.0651,True,False,body,160.0,123.0,-10.0
3226,214611,196.0,11,150,0.111544,1.129,True,False,body,110.0,96.0,-10.0
3227,214810,308.0,16,199,0.111391,1.0785,True,False,wall,160.0,158.0,-10.0
3228,214854,60.0,3,44,0.111358,1.1092,True,False,wall,30.0,40.0,-10.0
3229,215032,226.0,11,178,0.111221,1.0845,True,False,wall,110.0,126.0,-10.0
3230,215098,92.0,5,66,0.111171,1.0578,True,False,wall,50.0,52.0,-10.0
3231,215332,322.0,17,234,0.110992,1.0519,True,False,body,170.0,162.0,-10.0
3232,215445,163.0,9,113,0.110906,1.1548,True,False,body,90.0,83.0,-10.0
3233,215552,192.0,12,107,0.110825,1.1779,True,False,wall,120.0,82.0,-10.0
3234,215769,292.0,16,217,0.11066,1.1071,True,False,body,160.0,142.0,-10.0
3235,215805,64.0,5,36,0.110633,1.0294,True,False,wall,50.0,24.0,-10.0
3236,215877,96.0,5,72,0.110578,1.0909,True,False,body,50.0,56.0,-10.0
3237,215919,57.0,4,42,0.110546,0.9931,True,False,body,40.0,27.0,-10.0
3238,215964,73.0,5,45,0.110512,1.0851,True,False,wall,50.0,33.0,-10.0
3239,216182,275.0,14,218,0.110348,1.1313,True,False,body,140.0,145.0,-10.0
3240,216318,212.0,11,136,0.110245,1.1675,True,False,body,110.0,112.0,-10.0
3241,216470,249.0,14,152,0.110131,1.0743,True,False,wall,140.0,119.0,-10.0
3242,216548,111.0,6,78,0.110072,1.1164,True,False,body,60.0,61.0,-10.0
3243,216654,175.0,10,106,0.109993,1.0624,True,False,body,100.0,85.0,-10.0
3244,216929,442.0,24,275,0.109787,1.0784,True,False,body,240.0,212.0,-10.0
3245,217010,136.0,8,81,0.109726,1.0974,True,False,body,80.0,66.0,-10.0
3246,217349,540.0,28,339,0.109474,1.1606,True,False,body,280.0,270.0,-10.0
3247,217401,87.0,6,52,0.109435,1.1569,True,False,body,60.0,37.0,-10.0
3248,217477,107.0,6,76,0.109379,1.0888,True,False,wall,60.0,57.0,-10.0
3249,217586,160.0,8,109,0.109298,1.1753,True,False,body,80.0,90.0,-10.0
3250,217696,178.0,11,110,0.109216,1.1195,True,False,body,110.0,78.0,-10.0
3251,217737,60.0,4,41,0.109186,1.1152,True,False,wall,40.0,30.0,-10.0
3252,217962,381.0,21,225,0.10902,1.1706,True,False,wall,210.0,181.0,-10.0
3253,217971,-2.0,0,9,0.109013,1.1767,True,False,wall,0.0,8.0,-10.0
3254,218124,195.0,9,153,0.1089,1.1554,True,False,body,90.0,115.0,-10.0
3255,218240,204.0,13,116,0.108815,1.0386,True,False,body,130.0,84.0,-10.0
3256,218424,283.0,16,184,0.10868,1.1216,True,False,body,160.0,133.0,-10.0
3257,218493,113.0,7,69,0.108629,0.9975,True,False,body,70.0,53.0,-10.0
3258,218743,372.0,19,250,0.108446,1.0949,True,False,body,190.0,192.0,-10.0
3259,218839,158.0,9,96,0.108376,1.1003,True,False,body,90.0,78.0,-10.0
3260,218923,119.0,8,84,0.108315,1.1894,True,False,wall,80.0,49.0,-10.0
3261,219033,177.0,10,110,0.108235,1.1062,True,False,body,100.0,87.0,-10.0
3262,219140,164.0,10,107,0.108157,1.0799,True,False,body,100.0,74.0,-10.0
3263,219267,198.0,10,127,0.108065,1.0856,True,False,body,100.0,108.0,-10.0
3264,219422,219.0,11,155,0.107952,1.0381,True,False,body,110.0,119.0,-10.0
3265,219486,103.0,6,64,0.107906,1.0872,True,False,body,60.0,53.0,-10.0
3266,219536,78.0,5,50,0.10787,1.0018,True,False,body,50.0,38.0,-10.0
3267,219682,203.0,10,146,0.107764,1.2377,True,False,body,100.0,113.0,-10.0
3268,219875,260.0,14,193,0.107625,1.0988,True,False,body,140.0,130.0,-10.0
3269,220015,194.0,11,140,0.107524,1.1349,True,False,body,110.0,94.0,-10.0
3270,220120,156.0,8,105,0.107449,1.1757,True,False,body,80.0,86.0,-10.0
3271,220137,33.0,3,17,0.107437,1.2297,True,False,body,30.0,13.0,-10.0
3272,220253,184.0,11,116,0.107353,1.101,True,False,body,110.0,84.0,-10.0
3273,220349,118.0,5,96,0.107285,1.1792,True,False,body,50.0,78.0,-10.0
3274,220396,68.0,4,47,0.107251,1.014,True,False,wall,40.0,38.0,-10.0
3275,220547,228.0,12,151,0.107143,1.1958,True,False,wall,120.0,118.0,-10.0
3276,220661,170.0,9,114,0.107062,1.1766,True,False,wall,90.0,90.0,-10.0
3277,220707,58.0,3,46,0.107029,1.1104,True,False,body,30.0,38.0,-10.0
3278,220764,89.0,5,57,0.106988,1.0946,True,False,wall,50.0,49.0,-10.0
3279,220877,180.0,10,113,0.106908,1.2585,True,False,body,100.0,90.0,-10.0
3280,220950,128.0,8,73,0.106856,1.1974,True,False,wall,80.0,58.0,-10.0
3281,221012,88.0,5,62,0.106812,1.0799,True,False,wall,50.0,48.0,-10.0
3282,221120,182.0,11,108,0.106735,1.113,True,False,wall,110.0,82.0,-10.0
3283,221161,71.0,5,41,0.106706,1.2483,True,False,wall,50.0,31.0,-10.0
3284,221376,335.0,17,215,0.106554,1.099,True,False,body,170.0,175.0,-10.0
3285,221430,73.0,4,54,0.106516,1.0915,True,False,wall,40.0,43.0,-10.0
3286,221530,149.0,8,100,0.106445,1.0615,True,False,wall,80.0,79.0,-10.0
3287,221686,260.0,15,156,0.106335,0.9972,True,False,body,150.0,120.0,-10.0
3288,221726,52.0,3,40,0.106307,1.1366,True,False,wall,30.0,32.0,-10.0
3289,221791,89.0,5,65,0.106261,1.2575,True,False,wall,50.0,49.0,-10.0
3290,221852,100.0,6,61,0.106218,1.1206,True,False,body,60.0,50.0,-10.0
3291,221864,10.0,1,12,0.10621,1.1956,True,False,wall,10.0,10.0,-10.0
3292,222117,393.0,23,253,0.106033,1.141,True,False,wall,230.0,173.0,-10.0
3293,222165,58.0,3,48,0.105999,1.0881,True,False,body,30.0,38.0,-10.0
3294,222326,236.0,14,161,0.105886,1.0566,True,False,body,140.0,106.0,-10.0
3295,222350,27.0,2,24,0.10587,0.9927,True,False,wall,20.0,17.0,-10.0
3296,222609,406.0,20,259,0.105689,1.0748,True,False,wall,200.0,216.0,-10.0
3297,222815,325.0,18,206,0.105546,1.0767,True,False,wall,180.0,155.0,-10.0
3298,222877,82.0,5,62,0.105503,1.1331,True,False,body,50.0,42.0,-10.0
3299,223008,197.0,11,131,0.105412,1.0444,True,False,body,110.0,97.0,-10.0
3300,223102,143.0,8,94,0.105347,1.137,True,False,wall,80.0,73.0,-10.0
3301,223222,196.0,11,120,0.105264,1.1067,True,False,wall,110.0,96.0,-10.0
3302,223251,43.0,3,29,0.105244,1.1237,True,False,body,30.0,23.0,-10.0
3303,223384,197.0,11,133,0.105152,1.0845,True,False,body,110.0,97.0,-10.0
3304,223541,223.0,11,157,0.105044,1.0984,True,False,body,110.0,123.0,-10.0
3305,223680,205.0,11,139,0.104948,1.0731,True,False,body,110.0,105.0,-10.0
3306,223908,370.0,21,228,0.104792,1.1186,True,False,body,210.0,170.0,-10.0
3307,224058,265.0,16,150,0.104689,1.0895,True,False,body,160.0,115.0,-10.0
3308,224240,239.0,12,182,0.104565,1.1733,True,False,body,120.0,129.0,-10.0
3309,224296,93.0,6,56,0.104527,1.0694,True,False,wall,60.0,43.0,-10.0
3310,224325,45.0,3,29,0.104507,1.0848,True,False,wall,30.0,25.0,-10.0
3311,224385,99.0,6,60,0.104466,1.1303,True,False,body,60.0,49.0,-10.0
3312,224514,205.0,11,129,0.104379,1.1005,True,False,wall,110.0,105.0,-10.0
3313,224554,72.0,5,40,0.104351,1.1171,True,False,body,50.0,32.0,-10.0
3314,224756,313.0,16,202,0.104214,1.1381,True,False,body,160.0,163.0,-10.0
3315,224884,199.0,10,128,0.104128,1.1009,True,False,body,100.0,109.0,-10.0
3316,225229,540.0,28,345,0.103895,1.1257,True,False,wall,280.0,270.0,-10.0
3317,225453,349.0,18,224,0.103744,1.157,True,False,body,180.0,179.0,-10.0
3318,225616,298.0,18,163,0.103635,1.223,True,False,body,180.0,128.0,-10.0
3319,225697,134.0,8,81,0.10358,1.2591,True,False,body,80.0,64.0,-10.0
3320,225796,167.0,11,99,0.103514,1.2979,True,False,body,110.0,67.0,-10.0
3321,225967,261.0,13,171,0.1034,1.1035,True,False,body,130.0,141.0,-10.0
3322,226024,83.0,5,57,0.103362,1.202,True,False,body,50.0,43.0,-10.0
3323,226049,37.0,3,25,0.103345,1.122,True,False,body,30.0,17.0,-10.0
3324,226171,182.0,9,122,0.103264,1.1263,True,False,body,90.0,102.0,-10.0
3325,226306,249.0,15,135,0.103174,1.142,True,False,body,150.0,109.0,-10.0
3326,226393,157.0,9,87,0.103116,1.142,True,False,wall,90.0,77.0,-10.0
3327,226506,179.0,11,113,0.103041,1.0484,True,False,wall,110.0,79.0,-10.0
3328,226524,10.0,1,18,0.103029,1.0041,True,False,wall,10.0,10.0,-10.0
3329,226732,301.0,16,208,0.102892,1.1098,True,False,body,160.0,151.0,-10.0
3330,226774,65.0,4,42,0.102864,1.1075,True,False,wall,40.0,35.0,-10.0
3331,226951,327.0,19,177,0.102747,1.0643,True,False,body,190.0,147.0,-10.0
3332,226993,54.0,3,42,0.102719,1.0606,True,False,wall,30.0,34.0,-10.0
3333,227194,333.0,19,201,0.102587,1.1267,True,False,body,190.0,153.0,-10.0
3334,227555,522.0,28,361,0.10235,1.087,True,False,body,280.0,252.0,-10.0
3335,227683,207.0,12,128,0.102267,1.1744,True,False,wall,120.0,97.0,-10.0
3336,227730,63.0,3,47,0.102236,1.072,True,False,body,30.0,43.0,-10.0
3337,227791,105.0,7,61,0.102196,1.0686,True,False,body,70.0,45.0,-10.0
3338,227890,143.0,7,99,0.102132,1.0768,True,False,wall,70.0,83.0,-10.0
3339,228153,398.0,20,263,0.10196,1.0445,True,False,body,200.0,208.0,-10.0
3340,228233,118.0,7,80,0.101908,1.0725,True,False,wall,70.0,58.0,-10.0
3341,228259,40.0,3,26,0.101892,0.998,True,False,body,30.0,20.0,-10.0
3342,228362,188.0,12,103,0.101825,1.0585,True,False,body,120.0,78.0,-10.0
3343,228502,234.0,13,140,0.101734,1.1183,True,False,body,130.0,114.0,-10.0
3344,228569,126.0,8,67,0.101691,0.993,True,False,body,80.0,56.0,-10.0
3345,228748,267.0,13,179,0.101575,1.0808,True,False,body,130.0,147.0,-10.0
3346,228873,207.0,13,125,0.101495,1.1227,True,False,body,130.0,87.0,-10.0
3347,229237,495.0,24,364,0.101261,1.044,True,False,body,240.0,265.0,-10.0
3348,229353,192.0,11,116,0.101187,1.0318,True,False,body,110.0,92.0,-10.0
3349,229436,122.0,6,83,0.101134,1.038,True,False,wall,60.0,72.0,-10.0
3350,229491,89.0,5,55,0.101099,1.0834,True,False,wall,50.0,49.0,-10.0
3351,229699,330.0,19,208,0.100966,1.1251,True,False,wall,190.0,150.0,-10.0
3352,229800,146.0,8,101,0.100902,1.1417,True,False,wall,80.0,76.0,-10.0
3353,229887,198.0,14,87,0.100846,1.0973,True,False,wall,140.0,68.0,-10.0
3354,230131,381.0,20,244,0.100691,1.1283,True,False,body,200.0,191.0,-10.0
3355,230371,396.0,21,240,0.10054,1.0788,True,False,body,210.0,196.0,-10.0
3356,230443,105.0,6,72,0.100494,1.0929,True,False,wall,60.0,55.0,-10.0
3357,230563,177.0,10,120,0.100418,1.1126,True,False,body,100.0,87.0,-10.0
3358,230667,181.0,10,104,0.100353,1.0959,True,False,wall,100.0,91.0,-10.0
3359,230866,306.0,16,199,0.100228,1.146,True,False,wall,160.0,156.0,-10.0
3360,230945,130.0,8,79,0.100178,1.0952,True,False,wall,80.0,60.0,-10.0
3361,231076,195.0,11,131,0.100096,1.1275,True,False,body,110.0,95.0,-10.0
3362,231195,204.0,12,119,0.100022,1.1832,True,False,body,120.0,94.0,-10.0
3363,231260,97.0,5,65,0.099981,1.1377,True,False,body,50.0,57.0,-10.0
3364,231539,414.0,22,279,0.099807,1.1371,True,False,wall,220.0,204.0,-10.0
3365,231614,124.0,8,75,0.09976,1.0619,True,False,body,80.0,54.0,-10.0
3366,231835,322.0,16,221,0.099623,1.0944,True,False,body,160.0,172.0,-10.0
3367,231986,195.0,11,151,0.09953,1.0874,True,False,body,110.0,95.0,-10.0
3368,232131,219.0,11,145,0.09944,1.1558,True,False,wall,110.0,119.0,-10.0
3369,232192,76.0,4,61,0.099402,1.1108,True,False,wall,40.0,46.0,-10.0
3370,232272,106.0,5,80,0.099353,1.2874,True,False,wall,50.0,66.0,-10.0
3371,232415,198.0,10,143,0.099265,1.0658,True,False,body,100.0,108.0,-10.0
3372,232521,158.0,9,106,0.099199,1.1173,True,False,body,90.0,78.0,-10.0
3373,232647,197.0,12,126,0.099122,1.168,True,False,body,120.0,87.0,-10.0
3374,232761,159.0,8,114,0.099052,1.1034,True,False,body,80.0,89.0,-10.0
3375,232775,12.0,1,14,0.099043,1.1785,True,False,wall,10.0,12.0,-10.0
3376,232855,132.0,7,80,0.098994,1.1919,True,False,body,70.0,72.0,-10.0
3377,233131,420.0,21,276,0.098826,1.1219,True,False,body,210.0,220.0,-10.0
3378,233171,68.0,5,40,0.098801,1.0223,True,False,body,50.0,28.0,-10.0
3379,233201,37.0,2,30,0.098783,1.0068,True,False,wall,20.0,27.0,-10.0
3380,233244,69.0,5,43,0.098757,1.0134,True,False,wall,50.0,29.0,-10.0
3381,233412,271.0,14,168,0.098655,1.0591,True,False,wall,140.0,141.0,-10.0
3382,233619,337.0,19,207,0.098529,1.0967,True,False,body,190.0,157.0,-10.0
3383,233640,26.0,2,21,0.098516,1.2182,True,False,wall,20.0,16.0,-10.0
3384,233710,97.0,6,70,0.098474,1.0673,True,False,body,60.0,47.0,-10.0
3385,233768,84.0,5,58,0.098438,1.2041,True,False,body,50.0,44.0,-10.0
3386,233821,94.0,6,53,0.098406,1.1445,True,False,body,60.0,44.0,-10.0
3387,234002,270.0,14,181,0.098297,1.1494,True,False,wall,140.0,140.0,-10.0
3388,234179,260.0,14,177,0.09819,1.1294,True,False,body,140.0,130.0,-10.0
3389,234304,197.0,11,125,0.098115,1.1609,True,False,body,110.0,97.0,-10.0
3390,234426,189.0,10,122,0.098042,1.1526,True,False,body,100.0,99.0,-10.0
3391,234510,135.0,8,84,0.097991,1.0425,True,False,body,80.0,65.0,-10.0
3392,234632,186.0,11,122,0.097918,1.0822,True,False,body,110.0,86.0,-10.0
3393,234642,8.0,1,10,0.097912,1.3172,True,False,wall,10.0,8.0,-10.0
3394,234842,297.0,16,200,0.097793,1.1279,True,False,body,160.0,147.0,-10.0
3395,234970,229.0,14,128,0.097716,1.1567,True,False,body,140.0,99.0,-10.0
3396,235201,321.0,17,231,0.097579,1.1234,True,False,body,170.0,161.0,-10.0
3397,235294,142.0,8,93,0.097523,1.1529,True,False,wall,80.0,72.0,-10.0
3398,235429,228.0,14,135,0.097443,1.1395,True,False,body,140.0,98.0,-10.0
3399,235480,77.0,5,51,0.097413,1.2724,True,False,body,50.0,37.0,-10.0
3400,235567,140.0,8,87,0.097361,1.2522,True,False,wall,80.0,70.0,-10.0
3401,235576,7.0,1,9,0.097356,1.2433,True,False,wall,10.0,7.0,-10.0
3402,235689,167.0,9,113,0.097289,1.2093,True,False,body,90.0,87.0,-10.0
3403,235884,306.0,16,195,0.097174,1.1204,True,False,body,160.0,156.0,-10.0
3404,236072,283.0,16,188,0.097063,1.0941,True,False,body,160.0,133.0,-10.0
3405,236190,187.0,10,118,0.096994,1.186,True,False,body,100.0,97.0,-10.0
3406,236228,50.0,3,38,0.096972,1.1743,True,False,wall,30.0,30.0,-10.0
3407,236406,257.0,14,178,0.096867,1.1244,True,False,body,140.0,127.0,-10.0
3408,236588,261.0,12,182,0.096761,1.1553,True,False,body,120.0,151.0,-10.0
3409,236647,85.0,5,59,0.096726,1.1499,True,False,wall,50.0,45.0,-10.0
3410,236663,14.0,1,16,0.096717,1.0075,True,False,wall,10.0,14.0,-10.0
3411,236779,199.0,12,116,0.096649,1.114,True,False,body,120.0,89.0,-10.0
3412,236998,371.0,19,219,0.096522,1.0992,True,False,wall,190.0,191.0,-10.0
3413,237101,161.0,9,103,0.096462,1.1791,True,False,body,90.0,81.0,-10.0
3414,237232,185.0,11,131,0.096386,1.1823,True,False,body,110.0,85.0,-10.0
3415,237490,451.0,26,258,0.096237,1.0955,True,False,body,260.0,201.0,-10.0
3416,237717,379.0,21,227,0.096106,1.1026,True,False,body,210.0,179.0,-10.0
3417,237845,204.0,11,128,0.096032,1.1204,True,False,wall,110.0,104.0,-10.0
3418,237965,174.0,9,120,0.095963,1.1276,True,False,body,90.0,94.0,-10.0
3419,238090,203.0,13,125,0.095891,1.0872,True,False,body,130.0,83.0,-10.0
3420,238403,453.0,25,313,0.095712,1.1858,True,False,body,250.0,213.0,-10.0
3421,238608,311.0,17,205,0.095595,1.1493,True,False,body,170.0,151.0,-10.0
3422,238754,233.0,14,146,0.095512,1.1785,True,False,body,140.0,103.0,-10.0
3423,238883,188.0,10,129,0.095438,1.1866,True,False,body,100.0,98.0,-10.0
3424,239052,255.0,13,169,0.095342,1.1846,True,False,body,130.0,135.0,-10.0
3425,239261,314.0,18,209,0.095224,1.1547,True,False,body,180.0,144.0,-10.0
3426,239592,527.0,27,331,0.095037,1.3426,True,False,body,270.0,267.0,-10.0
3427,239851,411.0,23,259,0.094892,1.2345,True,False,body,230.0,191.0,-10.0
3428,240100,393.0,21,249,0.094752,1.2053,True,False,wall,210.0,193.0,-10.0
3429,240203,139.0,7,103,0.094695,1.2436,True,False,body,70.0,79.0,-10.0
3430,240265,92.0,5,62,0.09466,1.2969,True,False,wall,50.0,52.0,-10.0
3431,240332,111.0,7,67,0.094623,1.1607,True,False,body,70.0,51.0,-10.0
3432,240355,35.0,3,23,0.09461,1.049,True,False,body,30.0,15.0,-10.0
3433,240392,51.0,3,37,0.094589,1.2242,True,False,wall,30.0,31.0,-10.0
3434,240409,24.0,2,17,0.09458,1.1575,True,False,wall,20.0,14.0,-10.0
3435,240441,46.0,3,32,0.094562,1.1349,True,False,body,30.0,26.0,-10.0
3436,240560,175.0,9,119,0.094496,1.1914,True,False,wall,90.0,95.0,-10.0
3437,240616,64.0,3,56,0.094465,1.1937,True,False,wall,30.0,44.0,-10.0
3438,240840,306.0,15,224,0.09434,1.1305,True,False,body,150.0,166.0,-10.0
3439,240853,9.0,1,13,0.094333,1.1038,True,False,wall,10.0,9.0,-10.0
3440,240867,12.0,1,14,0.094325,1.2484,True,False,wall,10.0,12.0,-10.0
3441,241081,330.0,19,214,0.094207,1.1042,True,False,body,190.0,150.0,-10.0
3442,241141,119.0,8,60,0.094174,1.0725,True,False,body,80.0,49.0,-10.0
3443,241153,8.0,1,12,0.094167,1.2175,True,False,wall,10.0,8.0,-10.0
3444,241254,146.0,8,101,0.094111,1.2219,True,False,wall,80.0,76.0,-10.0
3445,241548,465.0,24,294,0.09395,1.1112,True,False,wall,240.0,235.0,-10.0
3446,241691,211.0,11,143,0.093871,1.214,True,False,wall,110.0,111.0,-10.0
3447,241710,15.0,1,19,0.093861,1.1378,True,False,wall,10.0,15.0,-10.0
3448,241772,81.0,4,62,0.093827,1.1495,True,False,wall,40.0,51.0,-10.0
3449,241834,79.0,4,62,0.093793,1.2583,True,False,wall,40.0,49.0,-10.0
3450,241983,220.0,12,149,0.093711,1.1447,True,False,body,120.0,110.0,-10.0
3451,242023,63.0,4,40,0.093689,1.2275,True,False,body,40.0,33.0,-10.0
3452,242321,420.0,21,298,0.093527,1.1505,True,False,body,210.0,220.0,-10.0
3453,242463,222.0,13,142,0.09345,1.0274,True,False,wall,130.0,102.0,-10.0
3454,242564,147.0,9,101,0.093395,1.1721,True,False,body,90.0,67.0,-10.0
3455,242622,69.0,4,58,0.093364,1.2402,True,False,wall,40.0,39.0,-10.0
3456,242780,256.0,13,158,0.093278,1.1391,True,False,body,130.0,136.0,-10.0
3457,242864,113.0,6,84,0.093233,1.1711,True,False,body,60.0,63.0,-10.0
3458,243014,235.0,12,150,0.093152,1.3018,True,False,wall,120.0,125.0,-10.0
3459,243333,478.0,26,319,0.09298,1.1563,True,False,body,260.0,228.0,-10.0
3460,243555,328.0,17,222,0.092861,1.1443,True,False,body,170.0,168.0,-10.0
3461,243604,61.0,3,49,0.092835,1.1191,True,False,wall,30.0,41.0,-10.0
3462,243701,147.0,7,97,0.092783,1.0896,True,False,body,70.0,87.0,-10.0
3463,243808,166.0,10,107,0.092725,1.1412,True,False,body,100.0,76.0,-10.0
3464,243826,6.0,1,18,0.092716,1.098,True,False,wall,10.0,6.0,-10.0
3465,243927,158.0,8,101,0.092662,1.1199,True,False,wall,80.0,88.0,-10.0
3466,244245,496.0,27,318,0.092493,1.1388,True,False,body,270.0,236.0,-10.0
3467,244519,450.0,25,274,0.092347,1.2196,True,False,body,250.0,210.0,-10.0
3468,244616,168.0,10,97,0.092296,1.2354,True,False,body,100.0,78.0,-10.0
3469,244783,250.0,14,167,0.092208,1.3186,True,False,body,140.0,120.0,-10.0
3470,244926,218.0,12,143,0.092133,1.2487,True,False,body,120.0,108.0,-10.0
3471,245164,353.0,18,238,0.092007,1.1764,True,False,body,180.0,183.0,-10.0
3472,245301,220.0,12,137,0.091935,1.1501,True,False,body,120.0,110.0,-10.0
3473,245503,330.0,17,202,0.09183,1.1526,True,False,wall,170.0,170.0,-10.0
3474,245602,163.0,9,99,0.091778,1.1498,True,False,body,90.0,83.0,-10.0
3475,245867,411.0,23,265,0.09164,1.201,True,False,body,230.0,191.0,-10.0
3476,245954,141.0,9,87,0.091595,1.2699,True,False,wall,90.0,61.0,-10.0
3477,246067,165.0,9,113,0.091536,1.1271,True,False,body,90.0,85.0,-10.0
3478,246162,156.0,10,95,0.091487,1.1032,True,False,body,100.0,66.0,-10.0
3479,246337,278.0,14,175,0.091396,1.1638,True,False,body,140.0,148.0,-10.0
3480,246355,14.0,1,18,0.091387,1.4193,True,False,wall,10.0,14.0,-10.0
3481,246403,89.0,6,48,0.091362,1.272,True,False,body,60.0,39.0,-10.0
3482,246454,88.0,6,51,0.091335,1.3725,True,False,body,60.0,38.0,-10.0
3483,246747,456.0,24,293,0.091184,1.2115,True,False,wall,240.0,226.0,-10.0
3484,246941,294.0,15,194,0.091085,1.1724,True,False,body,150.0,154.0,-10.0
3485,247105,241.0,12,164,0.091,1.1483,True,False,body,120.0,131.0,-10.0
3486,247155,84.0,5,50,0.090975,1.2013,True,False,body,50.0,44.0,-10.0
3487,247312,255.0,15,157,0.090894,1.114,True,False,wall,150.0,115.0,-10.0
3488,247374,97.0,6,62,0.090863,1.2131,True,False,body,60.0,47.0,-10.0
3489,247555,263.0,13,181,0.09077,1.1268,True,False,body,130.0,143.0,-10.0
3490,247695,232.0,13,140,0.090699,1.1161,True,False,wall,130.0,112.0,-10.0
3491,247868,275.0,15,173,0.090611,1.1783,True,False,wall,150.0,135.0,-10.0
3492,247939,97.0,5,71,0.090575,1.1369,True,False,body,50.0,57.0,-10.0
3493,248149,263.0,10,210,0.090469,1.169,True,False,wall,100.0,173.0,-10.0
3494,248261,182.0,11,112,0.090412,1.1734,True,False,wall,110.0,82.0,-10.0
3495,248304,73.0,5,43,0.090391,1.1822,True,False,wall,50.0,33.0,-10.0
3496,248485,285.0,15,181,0.090299,1.1094,True,False,body,150.0,145.0,-10.0
3497,248616,194.0,10,131,0.090233,1.0861,True,False,wall,100.0,104.0,-10.0
3498,248725,160.0,8,109,0.090179,1.3726,True,False,body,80.0,90.0,-10.0
3499,248789,93.0,6,64,0.090146,1.2566,True,False,body,60.0,43.0,-10.0
3500,248859,110.0,7,70,0.090111,1.1954,True,False,body,70.0,50.0,-10.0
3501,249031,264.0,15,172,0.090025,1.115,True,False,body,150.0,124.0,-10.0
3502,249047,23.0,2,16,0.090017,1.1644,True,False,wall,20.0,13.0,-10.0
3503,249349,445.0,24,302,0.089866,1.1506,True,False,body,240.0,215.0,-10.0
3504,249462,167.0,9,113,0.08981,1.1704,True,False,body,90.0,87.0,-10.0
3505,249523,85.0,5,61,0.08978,1.2496,True,False,wall,50.0,45.0,-10.0
3506,249724,312.0,16,201,0.08968,1.2743,True,False,body,160.0,162.0,-10.0
3507,249837,196.0,12,113,0.089624,1.2364,True,False,body,120.0,86.0,-10.0
3508,250257,560.0,29,420,0.089416,1.2005,True,False,body,290.0,280.0,-10.0
3509,250408,236.0,12,151,0.089342,1.1396,True,False,body,120.0,126.0,-10.0
3510,250692,425.0,22,284,0.089203,1.2493,True,False,body,220.0,215.0,-10.0
3511,250729,62.0,4,37,0.089185,1.1388,True,False,wall,40.0,32.0,-10.0
3512,250791,92.0,5,62,0.089154,1.2249,True,False,wall,50.0,52.0,-10.0
3513,250845,54.0,3,54,0.089128,1.1631,True,False,body,30.0,34.0,-10.0
3514,250886,71.0,5,41,0.089108,1.1768,True,False,wall,50.0,31.0,-10.0
3515,251001,173.0,9,115,0.089052,1.2718,True,False,wall,90.0,93.0,-10.0
3516,251164,232.0,12,163,0.088972,1.1399,True,False,body,120.0,122.0,-10.0
3517,251246,144.0,9,82,0.088932,1.3104,True,False,body,90.0,64.0,-10.0
3518,251495,372.0,20,249,0.088811,1.1505,True,False,body,200.0,182.0,-10.0
3519,251570,110.0,6,75,0.088775,1.1326,True,False,body,60.0,60.0,-10.0
3520,251778,353.0,20,208,0.088674,1.1885,True,False,body,200.0,163.0,-10.0
3521,252103,451.0,25,325,0.088517,1.156,True,False,wall,250.0,211.0,-10.0
3522,252136,34.0,2,33,0.088501,1.0813,True,False,wall,20.0,24.0,-10.0
3523,252461,501.0,27,325,0.088345,1.2275,True,False,body,270.0,241.0,-10.0
3524,252576,175.0,9,115,0.08829,1.2941,True,False,wall,90.0,95.0,-10.0
3525,252794,346.0,19,218,0.088186,1.1827,True,False,body,190.0,166.0,-10.0
3526,252975,268.0,16,181,0.0881,1.132,True,False,body,160.0,118.0,-10.0
3527,253072,134.0,8,97,0.088054,1.154,True,False,body,80.0,64.0,-10.0
3528,253148,122.0,7,76,0.088017,1.2452,True,False,wall,70.0,62.0,-10.0
3529,253560,539.0,30,412,0.087822,1.2061,True,False,body,300.0,249.0,-10.0
3530,253679,182.0,10,119,0.087766,1.1859,True,False,body,100.0,92.0,-10.0
3531,253694,13.0,1,15,0.087759,1.2748,True,False,wall,10.0,13.0,-10.0
3532,253741,63.0,3,47,0.087737,1.1737,True,False,wall,30.0,43.0,-10.0
3533,253854,204.0,12,113,0.087683,1.2188,True,False,wall,120.0,94.0,-10.0
3534,253993,209.0,11,139,0.087618,1.2331,True,False,wall,110.0,109.0,-10.0
3535,254190,307.0,17,197,0.087525,1.1973,True,False,body,170.0,147.0,-10.0
3536,254291,170.0,10,101,0.087478,1.2608,True,False,body,100.0,80.0,-10.0
3537,254484,249.0,13,193,0.087388,1.2652,True,False,body,130.0,129.0,-10.0
3538,254704,345.0,18,220,0.087285,1.1899,True,False,wall,180.0,175.0,-10.0
3539,254827,181.0,9,123,0.087228,1.4812,True,False,body,90.0,101.0,-10.0
3540,254957,217.0,12,130,0.087167,1.3059,True,False,body,120.0,107.0,-10.0
3541,255267,336.0,19,310,0.087024,1.4332,True,False,body,190.0,156.0,-10.0
3542,255371,157.0,8,104,0.086976,1.3247,True,False,wall,80.0,87.0,-10.0
3543,255492,188.0,10,121,0.08692,1.4716,True,False,body,100.0,98.0,-10.0
3544,255557,93.0,5,65,0.08689,1.2944,True,False,wall,50.0,53.0,-10.0
3545,255661,171.0,10,104,0.086842,1.2321,True,False,body,100.0,81.0,-10.0
3546,255726,109.0,7,65,0.086812,1.1972,True,False,wall,70.0,49.0,-10.0
3547,255916,275.0,12,190,0.086725,1.2347,True,False,body,120.0,165.0,-10.0
3548,256254,473.0,26,338,0.08657,1.1922,True,False,body,260.0,223.0,-10.0
3549,256442,308.0,17,188,0.086484,1.2583,True,False,body,170.0,148.0,-10.0
3550,256577,209.0,11,135,0.086422,1.1861,True,False,body,110.0,109.0,-10.0
3551,256730,246.0,14,153,0.086353,1.2102,True,False,body,140.0,116.0,-10.0
3552,257099,523.0,27,369,0.086185,1.1868,True,False,wall,270.0,263.0,-10.0
3553,257478,606.0,32,379,0.086014,1.2188,True,False,body,320.0,296.0,-10.0
3554,257675,339.0,21,197,0.085926,1.2307,True,False,body,210.0,139.0,-10.0
3555,257880,334.0,18,205,0.085834,1.3178,True,False,wall,180.0,164.0,-10.0
3556,257988,150.0,7,108,0.085786,1.2865,True,False,wall,70.0,90.0,-10.0
3557,258120,207.0,10,132,0.085727,1.2386,True,False,body,100.0,117.0,-10.0
3558,258187,113.0,7,67,0.085697,1.2103,True,False,wall,70.0,53.0,-10.0
3559,258318,191.0,11,131,0.085638,1.2006,True,False,body,110.0,91.0,-10.0
3560,258490,277.0,16,172,0.085562,1.2197,True,False,body,160.0,127.0,-10.0
3561,258908,625.0,32,418,0.085376,1.1624,True,False,body,320.0,315.0,-10.0
3562,258990,127.0,8,82,0.08534,1.2192,True,False,body,80.0,57.0,-10.0
3563,259111,176.0,8,121,0.085287,1.1791,True,False,wall,80.0,106.0,-10.0
3564,259327,365.0,20,216,0.085192,1.2189,True,False,body,200.0,175.0,-10.0
3565,259444,160.0,8,117,0.08514,1.2216,True,False,wall,80.0,90.0,-10.0
3566,259717,387.0,21,273,0.08502,1.2482,True,False,body,210.0,187.0,-10.0
3567,259730,11.0,1,13,0.085015,1.242,True,False,wall,10.0,11.0,-10.0
3568,259773,53.0,3,43,0.084996,1.2342,True,False,body,30.0,33.0,-10.0
3569,259895,217.0,14,122,0.084943,1.1969,True,False,wall,140.0,87.0,-10.0
3570,260003,173.0,10,108,0.084895,1.2423,True,False,wall,100.0,83.0,-10.0
3571,260069,105.0,6,66,0.084867,1.2386,True,False,body,60.0,55.0,-10.0
3572,260110,53.0,3,41,0.084849,1.1644,True,False,body,30.0,33.0,-10.0
3573,260419,561.0,31,309,0.084714,1.1649,True,False,body,310.0,261.0,-10.0
3574,260449,51.0,4,30,0.084701,1.2104,True,False,body,40.0,21.0,-10.0
3575,260720,380.0,18,271,0.084584,1.2736,True,False,body,180.0,210.0,-10.0
3576,260827,154.0,8,107,0.084538,1.2564,True,False,body,80.0,84.0,-10.0
3577,261091,439.0,24,264,0.084424,1.3024,True,False,body,240.0,209.0,-10.0
3578,261195,160.0,9,104,0.084379,1.2505,True,False,body,90.0,80.0,-10.0
3579,261413,342.0,17,218,0.084286,1.3914,True,False,body,170.0,182.0,-10.0
3580,261444,50.0,4,31,0.084273,1.6142,True,False,body,40.0,20.0,-10.0
3581,261488,48.0,3,44,0.084254,1.8403,True,False,body,30.0,28.0,-10.0
3582,261613,214.0,12,125,0.0842,1.4156,True,False,body,120.0,104.0,-10.0
3583,261684,128.0,8,71,0.08417,1.2564,True,False,body,80.0,58.0,-10.0
3584,261850,251.0,14,166,0.084099,1.2373,True,False,body,140.0,121.0,-10.0
3585,262062,304.0,17,212,0.084009,1.2336,True,False,body,170.0,144.0,-10.0
3586,262144,107.0,6,82,0.083974,1.2086,True,False,wall,60.0,57.0,-10.0
3587,262164,43.0,4,20,0.083965,1.1028,True,False,body,40.0,13.0,-10.0
3588,262289,179.0,9,125,0.083912,1.3027,True,False,body,90.0,99.0,-10.0
3589,262386,183.0,11,97,0.083871,1.3137,True,False,body,110.0,83.0,-10.0
3590,262740,539.0,30,354,0.083722,1.2154,True,False,wall,300.0,249.0,-10.0
3591,262938,313.0,16,198,0.083638,1.295,True,False,body,160.0,163.0,-10.0
3592,263170,336.0,17,232,0.083541,1.2994,True,False,wall,170.0,176.0,-10.0
3593,263240,110.0,7,70,0.083512,1.3445,True,False,body,70.0,50.0,-10.0
3594,263536,455.0,24,296,0.083388,1.2188,True,False,body,240.0,225.0,-10.0
3595,263740,307.0,16,204,0.083303,1.2455,True,False,body,160.0,157.0,-10.0
3596,263838,133.0,6,98,0.083262,1.1731,True,False,body,60.0,83.0,-10.0
3597,263918,129.0,8,80,0.083229,1.2197,True,False,body,80.0,59.0,-10.0
3598,264174,389.0,20,256,0.083123,1.3121,True,False,body,200.0,199.0,-10.0
3599,264217,64.0,4,43,0.083105,1.28,True,False,wall,40.0,34.0,-10.0
3600,264340,209.0,13,123,0.083054,1.258,True,False,wall,130.0,89.0,-10.0
3601,264465,229.0,13,125,0.083002,1.3324,True,False,body,130.0,109.0,-10.0
3602,264633,229.0,12,168,0.082933,1.2744,True,False,wall,120.0,119.0,-10.0
3603,264796,270.0,14,163,0.082866,1.338,True,False,wall,140.0,140.0,-10.0
3604,264927,209.0,11,131,0.082812,1.3928,True,False,body,110.0,109.0,-10.0
3605,265098,263.0,13,171,0.082742,1.422,True,False,body,130.0,143.0,-10.0
3606,265332,387.0,22,234,0.082647,1.2766,True,False,wall,220.0,177.0,-10.0
3607,265707,584.0,30,375,0.082494,1.2672,True,False,body,300.0,294.0,-10.0
3608,265884,243.0,11,177,0.082422,1.4046,True,False,wall,110.0,143.0,-10.0
3609,265924,59.0,4,40,0.082406,1.2314,True,False,body,40.0,29.0,-10.0
3610,265986,124.0,9,62,0.082381,1.3933,True,False,body,90.0,44.0,-10.0
3611,266215,342.0,18,229,0.082288,1.3047,True,False,body,180.0,172.0,-10.0
3612,266658,605.0,33,443,0.08211,1.3707,True,False,wall,330.0,285.0,-10.0
3613,266742,131.0,8,84,0.082076,1.4552,True,False,body,80.0,61.0,-10.0
3614,266808,90.0,5,66,0.08205,1.5598,True,False,body,50.0,50.0,-10.0
3615,266934,229.0,14,126,0.081999,1.3006,True,False,body,140.0,99.0,-10.0
3616,266992,79.0,4,58,0.081976,1.3516,True,False,wall,40.0,49.0,-10.0
3617,267028,57.0,4,36,0.081962,1.2609,True,False,body,40.0,27.0,-10.0
3618,267064,61.0,4,36,0.081948,1.2274,True,False,body,40.0,31.0,-10.0
3619,267194,196.0,11,130,0.081896,1.3448,True,False,wall,110.0,96.0,-10.0
3620,267419,377.0,21,225,0.081806,1.2852,True,False,body,210.0,177.0,-10.0
3621,267634,304.0,16,215,0.081721,1.3397,True,False,body,160.0,154.0,-10.0
3622,267735,190.0,12,101,0.081681,1.3126,True,False,wall,120.0,80.0,-10.0
3623,267865,224.0,13,130,0.081629,1.3547,True,False,wall,130.0,104.0,-10.0
3624,267979,158.0,9,114,0.081584,1.2841,True,False,body,90.0,78.0,-10.0
3625,268097,189.0,10,118,0.081538,1.4791,True,False,body,100.0,99.0,-10.0
3626,268214,186.0,10,117,0.081492,1.2931,True,False,wall,100.0,96.0,-10.0
3627,268367,238.0,12,153,0.081431,1.4449,True,False,body,120.0,128.0,-10.0
3628,268515,251.0,14,148,0.081373,1.2969,True,False,body,140.0,121.0,-10.0
3629,268772,414.0,22,257,0.081273,1.3055,True,False,body,220.0,204.0,-10.0
3630,268846,116.0,7,74,0.081244,1.3669,True,False,body,70.0,56.0,-10.0
3631,268924,138.0,9,78,0.081213,1.4414,True,False,body,90.0,58.0,-10.0
3632,269168,347.0,18,244,0.081118,1.3796,True,False,body,180.0,177.0,-10.0
3633,269211,60.0,4,43,0.081102,1.5532,True,False,wall,40.0,30.0,-10.0
3634,269383,269.0,16,172,0.081035,1.5435,True,False,body,160.0,119.0,-10.0
3635,269561,251.0,12,178,0.080966,1.4064,True,False,body,120.0,141.0,-10.0
3636,269667,159.0,8,106,0.080925,1.3022,True,False,body,80.0,89.0,-10.0
3637,269752,151.0,9,85,0.080892,1.2539,True,False,body,90.0,71.0,-10.0
3638,269957,303.0,15,205,0.080813,1.3744,True,False,wall,150.0,163.0,-10.0
3639,270041,155.0,10,84,0.080781,1.3581,True,False,body,100.0,65.0,-10.0
3640,270213,264.0,13,172,0.080714,1.2667,True,False,body,130.0,144.0,-10.0
3641,270445,388.0,21,232,0.080625,1.311,True,False,body,210.0,188.0,-10.0
3642,270603,237.0,14,158,0.080565,1.2648,True,False,body,140.0,107.0,-10.0
3643,270615,8.0,1,12,0.08056,1.2725,True,False,wall,10.0,8.0,-10.0
3644,270654,60.0,4,39,0.080546,1.342,True,False,wall,40.0,30.0,-10.0
3645,270695,62.0,4,41,0.08053,1.3027,True,False,wall,40.0,32.0,-10.0
3646,271014,493.0,25,319,0.080408,1.2738,True,False,body,250.0,253.0,-10.0
3647,271077,100.0,6,63,0.080384,1.2185,True,False,body,60.0,50.0,-10.0
3648,271330,382.0,20,253,0.080289,1.2861,True,False,wall,200.0,192.0,-10.0
3649,271591,403.0,21,261,0.08019,1.3221,True,False,body,210.0,203.0,-10.0
3650,271698,189.0,11,107,0.08015,1.288,True,False,body,110.0,89.0,-10.0
3651,271801,189.0,11,103,0.080111,1.3361,True,False,body,110.0,89.0,-10.0
3652,271881,131.0,8,80,0.080081,1.3435,True,False,wall,80.0,61.0,-10.0
3653,272361,635.0,32,480,0.079901,1.3056,True,False,body,320.0,325.0,-10.0
3654,272508,206.0,10,147,0.079846,1.3121,True,False,body,100.0,116.0,-10.0
3655,272709,341.0,19,201,0.079771,1.3409,True,False,body,190.0,161.0,-10.0
3656,272746,51.0,3,37,0.079757,1.2576,True,False,body,30.0,31.0,-10.0
3657,272987,309.0,17,241,0.079668,1.3504,True,False,body,170.0,149.0,-10.0
3658,273165,284.0,15,178,0.079602,1.3999,True,False,body,150.0,144.0,-10.0
3659,273405,340.0,17,240,0.079513,1.3167,True,False,body,170.0,180.0,-10.0
3660,273580,264.0,14,175,0.079449,1.2852,True,False,body,140.0,134.0,-10.0
3661,273672,154.0,9,92,0.079415,1.2644,True,False,wall,90.0,74.0,-10.0
3662,273779,183.0,11,107,0.079375,1.3153,True,False,body,110.0,83.0,-10.0
3663,273819,41.0,2,40,0.079361,1.3376,True,False,wall,20.0,31.0,-10.0
3664,274035,384.0,21,216,0.079282,1.379,True,False,body,210.0,184.0,-10.0
3665,274321,486.0,27,286,0.079177,1.373,True,False,body,270.0,226.0,-10.0
3666,274442,190.0,10,121,0.079133,1.2656,True,False,wall,100.0,100.0,-10.0
3667,274679,364.0,20,237,0.079047,1.2897,True,False,body,200.0,174.0,-10.0
3668,274967,475.0,26,288,0.078942,1.3083,True,False,body,260.0,225.0,-10.0
3669,275044,129.0,7,77,0.078915,1.2545,True,False,wall,70.0,69.0,-10.0
3670,275215,233.0,11,171,0.078853,1.3287,True,False,body,110.0,133.0,-10.0
3671,275355,230.0,13,140,0.078802,1.3044,True,False,body,130.0,110.0,-10.0
3672,275511,275.0,16,156,0.078746,1.3254,True,False,body,160.0,125.0,-10.0
3673,275524,9.0,1,13,0.078742,1.296,True,False,wall,10.0,9.0,-10.0
3674,275882,569.0,28,358,0.078613,1.2973,True,False,body,280.0,299.0,-10.0
3675,276047,258.0,14,165,0.078554,1.2922,True,False,wall,140.0,128.0,-10.0
3676,276362,491.0,27,315,0.078442,1.2928,True,False,body,270.0,231.0,-10.0
3677,276386,31.0,2,24,0.078434,1.3299,True,False,wall,20.0,21.0,-10.0
3678,276657,411.0,21,271,0.078337,1.2536,True,False,body,210.0,211.0,-10.0
3679,276791,191.0,10,134,0.07829,1.2533,True,False,body,100.0,101.0,-10.0
3680,277039,357.0,18,248,0.078202,1.1996,True,False,body,180.0,187.0,-10.0
3681,277185,196.0,11,146,0.078151,1.4261,True,False,wall,110.0,96.0,-10.0
3682,277310,204.0,12,125,0.078107,1.3153,True,False,body,120.0,94.0,-10.0
3683,277389,138.0,8,79,0.078079,1.2537,True,False,wall,80.0,68.0,-10.0
3684,277730,527.0,27,341,0.07796,1.3731,True,False,body,270.0,267.0,-10.0
3685,277852,195.0,12,122,0.077917,1.3283,True,False,body,120.0,85.0,-10.0
3686,277966,160.0,7,114,0.077877,1.3319,True,False,wall,70.0,100.0,-10.0
3687,278136,302.0,17,170,0.077818,1.2949,True,False,body,170.0,142.0,-10.0
3688,278462,500.0,27,326,0.077705,1.236,True,False,body,270.0,240.0,-10.0
3689,278540,107.0,6,78,0.077678,1.225,True,False,wall,60.0,57.0,-10.0
3690,278665,194.0,10,125,0.077635,1.2286,True,False,body,100.0,104.0,-10.0
3691,278742,118.0,6,77,0.077608,1.2639,True,False,wall,60.0,68.0,-10.0
3692,278986,354.0,17,244,0.077524,1.3486,True,False,body,170.0,194.0,-10.0
3693,279027,53.0,3,41,0.07751,1.2675,True,False,wall,30.0,33.0,-10.0
3694,279403,545.0,30,376,0.077381,1.3977,True,False,body,300.0,255.0,-10.0
3695,279453,71.0,4,50,0.077364,1.4478,True,False,wall,40.0,41.0,-10.0
3696,279473,10.0,1,20,0.077357,1.285,True,False,wall,10.0,10.0,-10.0
3697,279682,295.0,17,209,0.077286,1.3113,True,False,wall,170.0,135.0,-10.0
3698,279978,438.0,23,296,0.077185,1.3585,True,False,body,230.0,218.0,-10.0
3699,280128,180.0,9,150,0.077134,1.3148,True,False,body,90.0,100.0,-10.0
3700,280174,78.0,5,46,0.077119,1.3654,True,False,body,50.0,38.0,-10.0
3701,280322,225.0,12,148,0.077068,1.3562,True,False,wall,120.0,115.0,-10.0
3702,280447,206.0,12,125,0.077026,1.2693,True,False,body,120.0,96.0,-10.0
3703,280518,103.0,5,71,0.077002,1.2861,True,False,body,50.0,63.0,-10.0
3704,280578,99.0,6,60,0.076982,1.2095,True,False,body,60.0,49.0,-10.0
3705,280758,304.0,17,180,0.076921,1.2152,True,False,body,170.0,144.0,-10.0
3706,280868,178.0,11,110,0.076884,1.1761,True,False,body,110.0,78.0,-10.0
3707,281011,241.0,13,143,0.076836,1.3481,True,False,body,130.0,121.0,-10.0
3708,281341,471.0,24,330,0.076726,1.3663,True,False,wall,240.0,241.0,-10.0
3709,281516,278.0,16,175,0.076667,1.3243,True,False,body,160.0,128.0,-10.0
3710,281767,397.0,23,251,0.076584,1.5549,True,False,wall,230.0,177.0,-10.0
3711,282061,502.0,27,294,0.076486,1.3319,True,False,body,270.0,242.0,-10.0
3712,282114,70.0,4,53,0.076469,1.2642,True,False,body,40.0,40.0,-10.0
3713,282418,462.0,25,304,0.076368,1.3405,True,False,wall,250.0,222.0,-10.0
3714,282481,85.0,5,63,0.076348,1.3655,True,False,wall,50.0,45.0,-10.0
3715,282699,326.0,17,218,0.076276,1.3061,True,False,body,170.0,166.0,-10.0
3716,282744,70.0,4,45,0.076261,1.4092,True,False,wall,40.0,40.0,-10.0
3717,282905,313.0,19,161,0.076208,1.3486,True,False,wall,190.0,133.0,-10.0
3718,282965,121.0,8,60,0.076189,1.2577,True,False,body,80.0,51.0,-10.0
3719,283342,605.0,35,377,0.076066,1.3512,True,False,body,350.0,265.0,-10.0
3720,283528,270.0,13,186,0.076005,1.3708,True,False,body,130.0,150.0,-10.0
3721,283724,308.0,17,196,0.075942,1.3067,True,False,body,170.0,148.0,-10.0
3722,283833,174.0,10,109,0.075906,1.3658,True,False,body,100.0,84.0,-10.0
3723,283923,120.0,7,90,0.075877,1.2504,True,False,body,70.0,60.0,-10.0
3724,284113,330.0,19,190,0.075816,1.3017,True,False,wall,190.0,150.0,-10.0
3725,284142,41.0,3,29,0.075806,1.3201,True,False,wall,30.0,21.0,-10.0
3726,284304,245.0,14,162,0.075754,1.2631,True,False,body,140.0,115.0,-10.0
3727,284446,202.0,9,142,0.075708,1.3124,True,False,wall,90.0,122.0,-10.0
3728,284644,310.0,15,198,0.075645,1.2986,True,False,body,150.0,170.0,-10.0
3729,284678,50.0,3,34,0.075634,1.2523,True,False,body,30.0,30.0,-10.0
3730,284919,363.0,19,241,0.075557,1.277,True,False,wall,190.0,183.0,-10.0
3731,285101,307.0,18,182,0.075499,1.3314,True,False,body,180.0,137.0,-10.0
3732,285368,420.0,22,267,0.075414,1.2322,True,False,wall,220.0,210.0,-10.0
3733,285456,157.0,10,88,0.075386,1.3299,True,False,body,100.0,67.0,-10.0
3734,285622,268.0,15,166,0.075333,1.3481,True,False,wall,150.0,128.0,-10.0
3735,285683,71.0,3,61,0.075314,1.1938,True,False,wall,30.0,51.0,-10.0
3736,285845,244.0,13,162,0.075263,1.3103,True,False,body,130.0,124.0,-10.0
3737,286077,343.0,18,232,0.07519,1.322,True,False,body,180.0,173.0,-10.0
3738,286183,164.0,9,106,0.075156,1.3142,True,False,body,90.0,84.0,-10.0
3739,286205,27.0,2,22,0.075149,1.3598,True,False,wall,20.0,17.0,-10.0
3740,286388,330.0,20,183,0.075092,1.3226,True,False,body,200.0,140.0,-10.0
3741,286451,113.0,7,63,0.075072,1.3024,True,False,body,70.0,53.0,-10.0
3742,286780,487.0,25,329,0.074969,1.3262,True,False,body,250.0,247.0,-10.0
3743,286884,177.0,10,104,0.074937,1.3915,True,False,body,100.0,87.0,-10.0
3744,286960,116.0,7,76,0.074913,1.3647,True,False,wall,70.0,56.0,-10.0
3745,287073,158.0,10,113,0.074878,1.4112,True,False,wall,100.0,68.0,-10.0
3746,287225,225.0,12,152,0.074831,1.3378,True,False,wall,120.0,115.0,-10.0
3747,287269,67.0,4,44,0.074817,1.3873,True,False,wall,40.0,37.0,-10.0
3748,287290,15.0,1,21,0.074811,1.2306,True,False,wall,10.0,15.0,-10.0
3749,287418,188.0,9,128,0.074771,1.2913,True,False,body,90.0,108.0,-10.0
3750,287827,632.0,34,409,0.074645,1.2779,True,False,body,340.0,302.0,-10.0
3751,288032,321.0,17,205,0.074582,1.1911,True,False,body,170.0,161.0,-10.0
3752,288081,81.0,5,49,0.074566,1.3037,True,False,body,50.0,41.0,-10.0
3753,288424,424.0,24,343,0.074461,1.2616,True,False,body,240.0,194.0,-10.0
3754,288525,186.0,12,101,0.07443,1.3093,True,False,wall,120.0,76.0,-10.0
3755,288808,428.0,22,283,0.074344,1.2981,True,False,body,220.0,218.0,-10.0
3756,288920,173.0,10,112,0.07431,1.3572,True,False,body,100.0,83.0,-10.0
3757,288952,55.0,4,32,0.0743,1.2404,True,False,body,40.0,25.0,-10.0
3758,289012,99.0,6,60,0.074282,1.2887,True,False,body,60.0,49.0,-10.0
3759,289286,423.0,24,274,0.074199,1.332,True,False,body,240.0,193.0,-10.0
3760,289591,459.0,23,305,0.074107,1.3161,True,False,body,230.0,239.0,-10.0
3761,289760,230.0,10,169,0.074056,1.3262,True,False,wall,100.0,140.0,-10.0
3762,289774,8.0,1,14,0.074052,1.3102,True,False,wall,10.0,8.0,-10.0
3763,289918,181.0,10,144,0.074009,1.3978,True,False,body,100.0,91.0,-10.0
3764,290191,449.0,23,273,0.073927,1.3304,True,False,wall,230.0,229.0,-10.0
3765,290347,238.0,13,156,0.07388,1.2442,True,False,wall,130.0,118.0,-10.0
3766,290576,337.0,17,229,0.073812,1.2785,True,False,body,170.0,177.0,-10.0
3767,290748,305.0,18,172,0.073761,1.2869,True,False,body,180.0,135.0,-10.0
3768,290873,225.0,13,125,0.073724,1.3097,True,False,body,130.0,105.0,-10.0
3769,290954,138.0,8,81,0.0737,1.3247,True,False,body,80.0,68.0,-10.0
3770,291180,379.0,20,226,0.073633,1.2982,True,False,body,200.0,189.0,-10.0
3771,291398,348.0,19,218,0.073569,1.2805,True,False,body,190.0,168.0,-10.0
3772,291543,255.0,15,145,0.073526,1.3035,True,False,wall,150.0,115.0,-10.0
3773,291829,376.0,17,286,0.073442,1.2977,True,False,body,170.0,216.0,-10.0
3774,291934,201.0,13,105,0.073411,1.2743,True,False,body,130.0,81.0,-10.0
3775,292140,328.0,17,206,0.073351,1.366,True,False,wall,170.0,168.0,-10.0
3776,292362,344.0,19,222,0.073286,1.2817,True,False,body,190.0,164.0,-10.0
3777,292372,6.0,1,10,0.073283,1.5431,True,False,wall,10.0,6.0,-10.0
3778,292576,343.0,20,204,0.073224,1.317,True,False,body,200.0,153.0,-10.0
3779,292710,215.0,12,134,0.073185,1.2561,True,False,wall,120.0,105.0,-10.0
3780,292981,388.0,20,271,0.073107,1.3012,True,False,body,200.0,198.0,-10.0
3781,293262,447.0,23,281,0.073026,1.2923,True,False,body,230.0,227.0,-10.0
3782,293510,401.0,22,248,0.072955,1.2835,True,False,body,220.0,191.0,-10.0
3783,293582,127.0,8,72,0.072934,1.3501,True,False,wall,80.0,57.0,-10.0
3784,293770,279.0,16,188,0.07288,1.3933,True,False,body,160.0,129.0,-10.0
3785,293833,113.0,7,63,0.072862,1.3375,True,False,wall,70.0,53.0,-10.0
3786,293886,77.0,5,53,0.072847,1.5218,True,False,body,50.0,37.0,-10.0
3787,294016,201.0,10,130,0.07281,1.4041,True,False,body,100.0,111.0,-10.0
3788,294148,237.0,14,132,0.072772,1.4425,True,False,body,140.0,107.0,-10.0
3789,294380,298.0,17,232,0.072706,1.27,True,False,body,170.0,138.0,-10.0
3790,294711,517.0,27,331,0.072613,1.3875,True,False,body,270.0,257.0,-10.0
3791,294853,234.0,13,142,0.072572,1.3328,True,False,body,130.0,114.0,-10.0
3792,294995,200.0,11,142,0.072532,1.2588,True,False,wall,110.0,100.0,-10.0
3793,295200,339.0,19,205,0.072475,1.2691,True,False,body,190.0,159.0,-10.0
3794,295465,391.0,21,265,0.0724,1.3288,True,False,body,210.0,191.0,-10.0
3795,295586,194.0,10,121,0.072367,1.4023,True,False,body,100.0,104.0,-10.0
3796,295626,61.0,4,40,0.072355,1.3325,True,False,body,40.0,31.0,-10.0
3797,295963,521.0,27,337,0.072261,1.3918,True,False,body,270.0,261.0,-10.0
3798,296034,115.0,7,71,0.072242,1.2945,True,False,body,70.0,55.0,-10.0
3799,296341,427.0,23,307,0.072157,1.4106,True,False,body,230.0,207.0,-10.0
3800,296390,84.0,6,49,0.072143,1.305,True,False,wall,60.0,34.0,-10.0
3801,296740,518.0,27,350,0.072046,1.3688,True,False,body,270.0,258.0,-10.0
3802,296837,159.0,9,97,0.07202,1.4623,True,False,wall,90.0,79.0,-10.0
3803,297223,502.0,29,386,0.071914,1.3334,True,False,body,290.0,222.0,-10.0
3804,297365,237.0,14,142,0.071875,1.3614,True,False,body,140.0,107.0,-10.0
3805,297603,389.0,20,238,0.07181,1.4125,True,False,wall,200.0,199.0,-10.0
3806,297617,12.0,1,14,0.071806,1.2249,True,False,wall,10.0,12.0,-10.0
3807,297818,325.0,17,201,0.071751,1.3345,True,False,body,170.0,165.0,-10.0
3808,297990,287.0,16,172,0.071705,1.3099,True,False,body,160.0,137.0,-10.0
3809,298097,167.0,9,107,0.071675,1.4663,True,False,body,90.0,87.0,-10.0
3810,298339,381.0,18,242,0.07161,1.3246,True,False,body,180.0,211.0,-10.0
3811,298631,427.0,22,292,0.071531,1.3452,True,False,body,220.0,217.0,-10.0
3812,299068,605.0,33,437,0.071414,1.3518,True,False,wall,330.0,285.0,-10.0
3813,299090,29.0,2,22,0.071408,1.4611,True,False,wall,20.0,19.0,-10.0
3814,299191,168.0,10,101,0.071381,1.2918,True,False,wall,100.0,78.0,-10.0
3815,299281,163.0,10,90,0.071357,1.347,True,False,body,100.0,73.0,-10.0
3816,299540,384.0,18,259,0.071288,1.4054,True,False,body,180.0,214.0,-10.0
3817,299602,77.0,4,62,0.071272,1.535,True,False,body,40.0,47.0,-10.0
3818,299708,170.0,9,106,0.071243,1.4414,True,False,body,90.0,90.0,-10.0
3819,300015,512.0,28,307,0.071162,1.4033,True,False,body,280.0,242.0,-10.0
3820,300250,316.0,14,235,0.0711,1.4252,True,False,wall,140.0,186.0,-10.0
3821,300544,471.0,24,294,0.071023,1.3463,True,False,body,240.0,241.0,-10.0
3822,300641,153.0,9,97,0.070997,1.2849,True,False,wall,90.0,73.0,-10.0
3823,300735,145.0,8,94,0.070972,1.3693,True,False,body,80.0,75.0,-10.0
3824,300889,255.0,14,154,0.070932,1.502,True,False,body,140.0,125.0,-10.0
3825,301328,675.0,35,439,0.070818,1.3649,True,False,body,350.0,335.0,-10.0
3826,301734,580.0,29,406,0.070712,1.3225,True,False,body,290.0,300.0,-10.0
3827,301856,171.0,8,122,0.070681,1.2983,True,False,body,80.0,101.0,-10.0
3828,301943,111.0,7,87,0.070658,1.2944,True,False,wall,70.0,51.0,-10.0
3829,301978,60.0,4,35,0.070649,1.2205,True,False,wall,40.0,30.0,-10.0
3830,302017,55.0,3,39,0.070639,1.4031,True,False,wall,30.0,35.0,-10.0
3831,302185,243.0,12,168,0.070596,1.4398,True,False,body,120.0,133.0,-10.0
3832,302374,299.0,15,189,0.070547,1.3514,True,False,body,150.0,159.0,-10.0
3833,302513,235.0,13,139,0.070511,1.3758,True,False,wall,130.0,115.0,-10.0
3834,302800,425.0,23,287,0.070438,1.341,True,False,body,230.0,205.0,-10.0
3835,302895,148.0,8,95,0.070414,1.2593,True,False,body,80.0,78.0,-10.0
3836,302994,150.0,8,99,0.070388,1.3455,True,False,body,80.0,80.0,-10.0
3837,303151,276.0,16,157,0.070349,1.3319,True,False,body,160.0,126.0,-10.0
3838,303387,352.0,17,236,0.070289,1.3191,True,False,wall,170.0,192.0,-10.0
3839,303445,80.0,5,58,0.070274,1.3755,True,False,body,50.0,40.0,-10.0
3840,303728,444.0,24,283,0.070202,1.2926,True,False,body,240.0,214.0,-10.0
3841,303860,209.0,12,132,0.070169,1.3942,True,False,wall,120.0,99.0,-10.0
3842,304052,299.0,16,192,0.070121,1.3505,True,False,wall,160.0,149.0,-10.0
3843,304423,580.0,30,371,0.070028,1.3387,True,False,body,300.0,290.0,-10.0
3844,304515,135.0,8,92,0.070005,1.5696,True,False,body,80.0,65.0,-10.0
3845,304890,570.0,28,375,0.069911,1.3738,True,False,body,280.0,300.0,-10.0
3846,305057,297.0,17,167,0.069869,1.3502,True,False,body,170.0,137.0,-10.0
3847,305116,101.0,7,59,0.069855,1.3185,True,False,wall,70.0,41.0,-10.0
3848,305279,263.0,15,163,0.069814,1.3278,True,False,body,150.0,123.0,-10.0
3849,305587,494.0,25,308,0.069738,1.3598,True,False,wall,250.0,254.0,-10.0
3850,305738,275.0,17,151,0.069701,1.2749,True,False,body,170.0,115.0,-10.0
3851,306060,486.0,25,322,0.069622,1.2584,True,False,body,250.0,246.0,-10.0
3852,306085,39.0,3,25,0.069616,1.3791,True,False,wall,30.0,19.0,-10.0
3853,306144,72.0,4,59,0.069601,1.2622,True,False,wall,40.0,42.0,-10.0
3854,306198,86.0,5,54,0.069588,1.3184,True,False,wall,50.0,46.0,-10.0
3855,306309,178.0,10,111,0.069561,1.3261,True,False,wall,100.0,88.0,-10.0
3856,306458,229.0,13,149,0.069524,1.3517,True,False,body,130.0,109.0,-10.0
3857,306815,510.0,24,357,0.069438,1.3238,True,False,body,240.0,280.0,-10.0
3858,307038,380.0,20,223,0.069383,1.291,True,False,wall,200.0,190.0,-10.0
3859,307578,788.0,39,540,0.069253,1.3514,True,False,body,390.0,408.0,-10.0
3860,307615,42.0,2,37,0.069244,1.5313,True,False,wall,20.0,32.0,-10.0
3861,307712,141.0,7,97,0.069221,1.4654,True,False,body,70.0,81.0,-10.0
3862,308091,594.0,30,379,0.06913,1.4017,True,False,body,300.0,304.0,-10.0
3863,308112,28.0,2,21,0.069125,1.2311,True,False,wall,20.0,18.0,-10.0
3864,308299,291.0,15,187,0.06908,1.3307,True,False,body,150.0,151.0,-10.0
3865,308414,202.0,12,115,0.069053,1.3953,True,False,body,120.0,92.0,-10.0
3866,308434,34.0,3,20,0.069048,1.3054,True,False,body,30.0,14.0,-10.0
3867,308809,582.0,30,375,0.068959,1.3427,True,False,body,300.0,292.0,-10.0
3868,308943,228.0,13,134,0.068927,1.45,True,False,wall,130.0,108.0,-10.0
3869,308988,68.0,4,45,0.068917,1.2753,True,False,wall,40.0,38.0,-10.0
3870,309241,404.0,22,253,0.068857,1.2974,True,False,body,220.0,194.0,-10.0
3871,309367,215.0,12,126,0.068827,1.343,True,False,body,120.0,105.0,-10.0
3872,309539,285.0,16,172,0.068787,1.2667,True,False,body,160.0,135.0,-10.0
3873,309635,150.0,9,96,0.068764,1.4033,True,False,body,90.0,70.0,-10.0
3874,309925,447.0,22,290,0.068696,1.3507,True,False,body,220.0,237.0,-10.0
3875,309952,43.0,3,27,0.06869,1.2014,True,False,wall,30.0,23.0,-10.0
3876,310054,136.0,7,102,0.068666,1.3378,True,False,body,70.0,76.0,-10.0
3877,310131,143.0,9,77,0.068648,1.3354,True,False,wall,90.0,63.0,-10.0
3878,310475,512.0,25,344,0.068568,1.3799,True,False,wall,250.0,272.0,-10.0
3879,310715,380.0,21,240,0.068513,1.4037,True,False,body,210.0,180.0,-10.0
3880,310818,140.0,6,103,0.068489,1.2347,True,False,body,60.0,90.0,-10.0
3881,310881,102.0,6,63,0.068474,1.505,True,False,body,60.0,52.0,-10.0
3882,311162,433.0,23,281,0.06841,1.2747,True,False,body,230.0,213.0,-10.0
3883,311276,164.0,9,114,0.068383,1.3577,True,False,body,90.0,84.0,-10.0
3884,311474,308.0,17,198,0.068338,1.4499,True,False,body,170.0,148.0,-10.0
3885,311735,399.0,19,261,0.068278,1.297,True,False,body,190.0,219.0,-10.0
3886,312004,409.0,23,269,0.068217,1.3185,True,False,body,230.0,189.0,-10.0
3887,312117,175.0,9,113,0.068191,1.3461,True,False,wall,90.0,95.0,-10.0
3888,312519,634.0,33,402,0.0681,1.4619,True,False,body,330.0,314.0,-10.0
3889,312614,139.0,7,95,0.068078,1.4243,True,False,wall,70.0,79.0,-10.0
3890,312832,335.0,20,218,0.068029,1.3513,True,False,body,200.0,145.0,-10.0
3891,313028,338.0,21,196,0.067985,1.4622,True,False,body,210.0,138.0,-10.0
3892,313140,161.0,8,112,0.06796,1.5387,True,False,wall,80.0,91.0,-10.0
3893,313174,41.0,2,34,0.067952,1.4353,True,False,wall,20.0,31.0,-10.0
3894,313600,640.0,31,426,0.067857,1.4058,True,False,body,310.0,340.0,-10.0
3895,313724,187.0,10,124,0.067829,1.5381,True,False,body,100.0,97.0,-10.0
3896,314281,751.0,39,557,0.067706,1.3922,True,False,body,390.0,371.0,-10.0
3897,314426,252.0,14,145,0.067674,1.4674,True,False,body,140.0,122.0,-10.0
3898,314800,524.0,29,374,0.067591,1.4653,True,False,body,290.0,244.0,-10.0
3899,314853,77.0,5,53,0.067579,1.4817,True,False,body,50.0,37.0,-10.0
3900,314920,82.0,4,67,0.067565,1.3213,True,False,body,40.0,52.0,-10.0
3901,315078,274.0,17,158,0.06753,1.3298,True,False,body,170.0,114.0,-10.0
3902,315205,221.0,13,127,0.067502,1.3794,True,False,wall,130.0,101.0,-10.0
3903,315301,149.0,8,96,0.067481,1.3191,True,False,wall,80.0,79.0,-10.0
3904,315469,290.0,17,168,0.067445,1.4119,True,False,body,170.0,130.0,-10.0
3905,315608,218.0,12,139,0.067414,1.3647,True,False,body,120.0,108.0,-10.0
3906,315658,84.0,5,50,0.067403,1.2986,True,False,body,50.0,44.0,-10.0
3907,315988,506.0,29,330,0.067332,1.4208,True,False,body,290.0,226.0,-10.0
3908,316186,276.0,15,198,0.067289,1.3913,True,False,body,150.0,136.0,-10.0
3909,316332,238.0,13,146,0.067257,1.3964,True,False,wall,130.0,118.0,-10.0
3910,316508,259.0,12,176,0.06722,1.4194,True,False,body,120.0,149.0,-10.0
3911,316617,156.0,8,109,0.067196,1.3754,True,False,wall,80.0,86.0,-10.0
3912,316818,353.0,21,201,0.067153,1.307,True,False,body,210.0,153.0,-10.0
3913,317053,355.0,19,235,0.067103,1.342,True,False,wall,190.0,175.0,-10.0
3914,317272,318.0,16,219,0.067056,1.3413,True,False,wall,160.0,168.0,-10.0
3915,317648,544.0,29,376,0.066976,1.4008,True,False,body,290.0,264.0,-10.0
3916,317866,304.0,19,218,0.06693,1.4135,True,False,body,190.0,124.0,-10.0
3917,318181,456.0,24,315,0.066863,1.3852,True,False,body,240.0,226.0,-10.0
3918,318217,46.0,3,36,0.066856,1.3523,True,False,body,30.0,26.0,-10.0
3919,318388,235.0,13,171,0.06682,1.4282,True,False,body,130.0,115.0,-10.0
3920,318640,390.0,21,252,0.066767,1.477,True,False,body,210.0,190.0,-10.0
3921,318930,455.0,24,290,0.066706,1.4249,True,False,wall,240.0,225.0,-10.0
3922,319055,198.0,10,125,0.06668,1.3847,True,False,wall,100.0,108.0,-10.0
3923,319083,42.0,3,28,0.066674,1.413,True,False,body,30.0,22.0,-10.0
3924,319180,168.0,10,97,0.066654,1.3786,True,False,wall,100.0,78.0,-10.0
3925,319532,517.0,26,352,0.066581,1.5269,True,False,wall,260.0,267.0,-10.0
3926,319612,123.0,6,80,0.066564,1.3888,True,False,body,60.0,73.0,-10.0
3927,319719,194.0,12,107,0.066542,1.3698,True,False,body,120.0,84.0,-10.0
3928,319817,160.0,9,98,0.066522,1.35,True,False,body,90.0,80.0,-10.0
3929,319873,75.0,4,56,0.06651,1.3627,True,False,wall,40.0,45.0,-10.0
3930,320055,288.0,15,182,0.066473,1.3102,True,False,body,150.0,148.0,-10.0
3931,320192,202.0,12,137,0.066445,1.4201,True,False,body,120.0,92.0,-10.0
3932,320532,528.0,27,340,0.066375,1.334,True,False,body,270.0,268.0,-10.0
3933,320623,138.0,8,91,0.066356,1.4784,True,False,wall,80.0,68.0,-10.0
3934,320971,542.0,27,348,0.066285,1.406,True,False,body,270.0,282.0,-10.0
3935,321269,445.0,22,298,0.066225,1.4482,True,False,body,220.0,235.0,-10.0
3936,321308,49.0,3,39,0.066217,1.6887,True,False,wall,30.0,29.0,-10.0
3937,321397,158.0,10,89,0.066199,1.426,True,False,body,100.0,68.0,-10.0
3938,321617,376.0,21,220,0.066154,1.2783,True,False,body,210.0,176.0,-10.0
3939,321871,380.0,21,254,0.066103,1.395,True,False,body,210.0,180.0,-10.0
3940,322106,381.0,19,235,0.066056,1.5011,True,False,body,190.0,201.0,-10.0
3941,322267,275.0,15,161,0.066024,1.4152,True,False,body,150.0,135.0,-10.0
3942,322366,156.0,8,99,0.066004,1.4215,True,False,wall,80.0,86.0,-10.0
3943,322483,187.0,11,117,0.06598,1.3603,True,False,body,110.0,87.0,-10.0
3944,322758,428.0,22,275,0.065925,1.3683,True,False,body,220.0,218.0,-10.0
3945,322917,233.0,13,159,0.065894,1.3425,True,False,body,130.0,113.0,-10.0
3946,323054,200.0,10,137,0.065867,1.4322,True,False,wall,100.0,110.0,-10.0
3947,323195,224.0,12,141,0.065839,1.4152,True,False,wall,120.0,114.0,-10.0
3948,323446,421.0,23,251,0.065789,1.36,True,False,body,230.0,201.0,-10.0
3949,323598,257.0,14,152,0.065759,1.2429,True,False,wall,140.0,127.0,-10.0
3950,323714,170.0,9,116,0.065736,1.3793,True,False,body,90.0,90.0,-10.0
3951,323771,96.0,6,57,0.065725,1.4599,True,False,body,60.0,46.0,-10.0
3952,323785,3.0,0,14,0.065722,1.4655,True,False,wall,0.0,13.0,-10.0
3953,323840,90.0,6,55,0.065712,1.4718,True,False,wall,60.0,40.0,-10.0
3954,324192,527.0,28,352,0.065643,1.3971,True,False,body,280.0,257.0,-10.0
3955,324310,190.0,11,118,0.065619,1.4102,True,False,body,110.0,90.0,-10.0
3956,324466,229.0,12,156,0.065589,1.4059,True,False,body,120.0,119.0,-10.0
3957,324492,40.0,3,26,0.065584,1.3125,True,False,body,30.0,20.0,-10.0
3958,324806,499.0,26,314,0.065523,1.5104,True,False,body,260.0,249.0,-10.0
3959,324867,100.0,6,61,0.065511,1.5615,True,False,body,60.0,50.0,-10.0
3960,324884,15.0,1,17,0.065508,1.5899,True,False,wall,10.0,15.0,-10.0
3961,325127,381.0,21,243,0.065461,1.5577,True,False,body,210.0,181.0,-10.0
3962,325414,440.0,22,287,0.065405,1.378,True,False,wall,220.0,230.0,-10.0
3963,325565,251.0,13,151,0.065376,1.4166,True,False,wall,130.0,131.0,-10.0
3964,325657,128.0,7,92,0.065359,1.3873,True,False,body,70.0,68.0,-10.0
3965,325718,113.0,7,61,0.065347,1.3099,True,False,wall,70.0,53.0,-10.0
3966,325824,172.0,9,106,0.065327,1.4413,True,False,body,90.0,92.0,-10.0
3967,326204,556.0,29,380,0.065254,1.3007,True,False,body,290.0,276.0,-10.0
3968,326399,289.0,15,195,0.065217,1.4983,True,False,body,150.0,149.0,-10.0
3969,326480,142.0,8,81,0.065202,1.5113,True,False,body,80.0,72.0,-10.0
3970,326542,88.0,5,62,0.06519,1.351,True,False,body,50.0,48.0,-10.0
3971,326821,436.0,24,279,0.065137,1.4164,True,False,body,240.0,206.0,-10.0
3972,327008,304.0,18,187,0.065102,1.3862,True,False,body,180.0,134.0,-10.0
3973,327130,205.0,12,122,0.065078,1.4764,True,False,body,120.0,95.0,-10.0
3974,327269,226.0,12,139,0.065052,1.3932,True,False,wall,120.0,116.0,-10.0
3975,327508,322.0,16,239,0.065007,1.385,True,False,body,160.0,172.0,-10.0
3976,327526,25.0,2,18,0.065004,1.5757,True,False,wall,20.0,15.0,-10.0
3977,327892,567.0,28,366,0.064936,1.3759,True,False,wall,280.0,297.0,-10.0
3978,327996,149.0,8,104,0.064916,1.2809,True,False,wall,80.0,79.0,-10.0
3979,328081,117.0,5,85,0.0649,1.401,True,False,wall,50.0,77.0,-10.0
3980,328157,111.0,6,76,0.064886,1.387,True,False,wall,60.0,61.0,-10.0
3981,328404,406.0,22,247,0.06484,1.2898,True,False,body,220.0,196.0,-10.0
3982,328675,455.0,25,271,0.06479,1.3091,True,False,body,250.0,215.0,-10.0
3983,328776,172.0,10,101,0.064771,1.3142,True,False,body,100.0,82.0,-10.0
3984,329098,565.0,30,322,0.064712,1.3469,True,False,body,300.0,275.0,-10.0
3985,329542,651.0,32,444,0.064631,1.4289,True,False,body,320.0,341.0,-10.0
3986,329843,456.0,24,301,0.064576,1.3946,True,False,body,240.0,226.0,-10.0
3987,329987,215.0,10,144,0.06455,1.4399,True,False,body,100.0,125.0,-10.0
3988,330140,260.0,14,153,0.064522,1.3719,True,False,wall,140.0,130.0,-10.0
3989,330485,548.0,28,345,0.064459,1.3902,True,False,wall,280.0,278.0,-10.0
3990,330788,499.0,27,303,0.064405,1.3506,True,False,body,270.0,239.0,-10.0
3991,330799,9.0,1,11,0.064403,1.2809,True,False,wall,10.0,9.0,-10.0
3992,331134,510.0,26,335,0.064342,1.3651,True,False,body,260.0,260.0,-10.0
3993,331283,260.0,14,149,0.064316,1.3788,True,False,wall,140.0,130.0,-10.0
3994,331502,383.0,21,219,0.064277,1.3984,True,False,body,210.0,183.0,-10.0
3995,331577,127.0,7,75,0.064263,1.345,True,False,wall,70.0,67.0,-10.0
3996,331671,161.0,10,94,0.064246,1.3247,True,False,body,100.0,71.0,-10.0
3997,331856,269.0,13,185,0.064214,1.3709,True,False,wall,130.0,149.0,-10.0
3998,331899,66.0,4,43,0.064206,1.7943,True,False,wall,40.0,36.0,-10.0
3999,331999,163.0,10,100,0.064188,1.5402,True,False,body,100.0,73.0,-10.0
4000,332148,196.0,8,149,0.064162,1.4788,True,False,wall,80.0,126.0,-10.0
4001,332461,465.0,23,313,0.064106,1.4874,True,False,body,230.0,245.0,-10.0
4002,332547,157.0,10,86,0.064091,1.3716,True,False,body,100.0,67.0,-10.0
4003,332622,110.0,6,75,0.064078,1.3967,True,False,wall,60.0,60.0,-10.0
4004,332644,27.0,2,22,0.064074,1.3383,True,False,wall,20.0,17.0,-10.0
4005,332817,264.0,16,173,0.064044,1.4594,True,False,body,160.0,114.0,-10.0
4006,333062,411.0,25,245,0.064001,1.4314,True,False,body,250.0,171.0,-10.0
4007,333241,295.0,15,179,0.06397,1.4354,True,False,wall,150.0,155.0,-10.0
4008,333361,166.0,9,120,0.063949,1.5316,True,False,wall,90.0,86.0,-10.0
4009,333693,493.0,26,332,0.063891,1.4842,True,False,body,260.0,243.0,-10.0
4010,334100,567.0,29,407,0.06382,1.4142,True,False,body,290.0,287.0,-10.0
4011,334183,140.0,8,83,0.063806,1.5647,True,False,body,80.0,70.0,-10.0
4012,334344,275.0,15,161,0.063778,1.4428,True,False,body,150.0,135.0,-10.0
4013,334634,376.0,19,290,0.063728,1.3884,True,False,body,190.0,196.0,-10.0
4014,334912,461.0,26,278,0.063681,1.394,True,False,body,260.0,211.0,-10.0
4015,335037,192.0,10,125,0.063659,1.3417,True,False,body,100.0,102.0,-10.0
4016,335158,173.0,9,121,0.063639,1.3346,True,False,body,90.0,93.0,-10.0
4017,335476,483.0,24,318,0.063585,1.374,True,False,body,240.0,253.0,-10.0
4018,335689,371.0,21,213,0.063549,1.4092,True,False,wall,210.0,171.0,-10.0
4019,335889,342.0,19,200,0.063515,1.3839,True,False,wall,190.0,162.0,-10.0
4020,336015,181.0,10,126,0.063493,1.4266,True,False,body,100.0,91.0,-10.0
4021,336202,289.0,17,187,0.063462,1.4326,True,False,body,170.0,129.0,-10.0
4022,336278,113.0,6,76,0.063449,1.5129,True,False,wall,60.0,63.0,-10.0
4023,336585,440.0,22,307,0.063398,1.3839,True,False,body,220.0,230.0,-10.0
4024,336647,88.0,5,62,0.063387,1.3969,True,False,body,50.0,48.0,-10.0
4025,336695,67.0,4,48,0.063379,1.3367,True,False,body,40.0,37.0,-10.0
4026,336727,46.0,3,32,0.063374,1.4682,True,False,wall,30.0,26.0,-10.0
4027,336899,297.0,16,172,0.063345,1.3475,True,False,body,160.0,147.0,-10.0
4028,337063,257.0,14,164,0.063318,1.4115,True,False,wall,140.0,127.0,-10.0
4029,337255,299.0,16,192,0.063286,1.5139,True,False,wall,160.0,149.0,-10.0
4030,337744,704.0,38,489,0.063205,1.4591,True,False,body,380.0,334.0,-10.0
4031,337941,346.0,20,197,0.063173,1.4595,True,False,body,200.0,156.0,-10.0
4032,338113,288.0,17,172,0.063144,1.3622,True,False,body,170.0,128.0,-10.0
4033,338144,47.0,3,31,0.063139,1.3541,True,False,wall,30.0,27.0,-10.0
4034,338259,164.0,8,115,0.06312,1.3724,True,False,body,80.0,94.0,-10.0
4035,338292,45.0,3,33,0.063115,1.2828,True,False,wall,30.0,25.0,-10.0
4036,338491,294.0,18,199,0.063082,1.4917,True,False,body,180.0,124.0,-10.0
4037,338644,251.0,13,153,0.063057,1.3637,True,False,body,130.0,131.0,-10.0
4038,338819,275.0,15,175,0.063029,1.4128,True,False,body,150.0,135.0,-10.0
4039,338869,78.0,5,50,0.063021,1.3433,True,False,wall,50.0,38.0,-10.0
4040,338940,113.0,7,71,0.063009,1.3435,True,False,wall,70.0,53.0,-10.0
4041,339072,190.0,9,132,0.062988,1.3972,True,False,wall,90.0,110.0,-10.0
4042,339109,62.0,4,37,0.062982,1.3712,True,False,wall,40.0,32.0,-10.0
4043,339169,88.0,5,60,0.062972,1.5116,True,False,wall,50.0,48.0,-10.0
4044,339262,146.0,8,93,0.062957,1.4062,True,False,body,80.0,76.0,-10.0
4045,339302,68.0,5,40,0.06295,1.4435,True,False,body,50.0,28.0,-10.0
4046,339336,57.0,4,34,0.062945,1.2971,True,False,wall,40.0,27.0,-10.0
4047,339536,347.0,20,200,0.062912,1.3622,True,False,body,200.0,157.0,-10.0
4048,339620,166.0,11,84,0.062899,1.2964,True,False,body,110.0,66.0,-10.0
4049,339652,30.0,1,32,0.062894,1.3095,True,False,wall,10.0,30.0,-10.0
4050,339820,268.0,15,168,0.062867,1.2796,True,False,body,150.0,128.0,-10.0
4051,340056,347.0,20,236,0.062829,1.3385,True,False,wall,200.0,157.0,-10.0
4052,340159,140.0,6,103,0.062812,1.3591,True,False,wall,60.0,90.0,-10.0
4053,340410,408.0,22,251,0.062772,1.3865,True,False,body,220.0,198.0,-10.0
4054,340533,168.0,8,123,0.062753,1.3295,True,False,body,80.0,98.0,-10.0
4055,340692,235.0,13,159,0.062727,1.39,True,False,body,130.0,115.0,-10.0
4056,340908,354.0,19,216,0.062693,1.3283,True,False,body,190.0,174.0,-10.0
4057,341233,447.0,21,325,0.062641,1.362,True,False,body,210.0,247.0,-10.0
4058,341323,134.0,7,90,0.062627,1.4436,True,False,wall,70.0,74.0,-10.0
4059,341335,10.0,1,12,0.062625,1.3114,True,False,wall,10.0,10.0,-10.0
4060,341681,516.0,27,346,0.062571,1.3987,True,False,body,270.0,256.0,-10.0
4061,341859,250.0,13,178,0.062543,1.4327,True,False,wall,130.0,130.0,-10.0
4062,341902,77.0,5,43,0.062536,1.4897,True,False,body,50.0,37.0,-10.0
4063,341953,63.0,3,51,0.062528,1.3588,True,False,wall,30.0,43.0,-10.0
4064,342177,303.0,16,224,0.062493,1.4504,True,False,body,160.0,153.0,-10.0
4065,342296,181.0,9,119,0.062475,1.3893,True,False,body,90.0,101.0,-10.0
4066,342349,85.0,5,53,0.062466,1.3777,True,False,body,50.0,45.0,-10.0
4067,342474,192.0,10,125,0.062447,1.4568,True,False,wall,100.0,102.0,-10.0
4068,342765,441.0,23,291,0.062402,1.415,True,False,body,230.0,221.0,-10.0
4069,343001,401.0,22,236,0.062365,1.4509,True,False,body,220.0,191.0,-10.0
4070,343168,252.0,12,167,0.062339,1.3914,True,False,body,120.0,142.0,-10.0
4071,343587,603.0,33,419,0.062275,1.4278,True,False,body,330.0,283.0,-10.0
4072,344054,699.0,35,467,0.062203,1.643,True,False,body,350.0,359.0,-10.0
4073,344149,155.0,9,95,0.062189,1.5095,True,False,body,90.0,75.0,-10.0
4074,344260,166.0,8,111,0.062172,1.5176,True,False,wall,80.0,96.0,-10.0
4075,344483,361.0,21,223,0.062138,1.4111,True,False,body,210.0,161.0,-10.0
4076,344631,250.0,15,148,0.062116,1.3867,True,False,body,150.0,110.0,-10.0
4077,344725,158.0,9,94,0.062102,1.3748,True,False,body,90.0,78.0,-10.0
4078,344929,346.0,19,204,0.062071,1.3118,True,False,body,190.0,166.0,-10.0
4079,345196,458.0,24,267,0.06203,1.3645,True,False,body,240.0,228.0,-10.0
4080,345343,237.0,13,147,0.062008,1.3512,True,False,body,130.0,117.0,-10.0
4081,345547,350.0,19,204,0.061978,1.3166,True,False,body,190.0,170.0,-10.0
4082,345738,302.0,18,191,0.061949,1.2765,True,False,body,180.0,132.0,-10.0
4083,345782,67.0,4,44,0.061943,1.2897,True,False,body,40.0,37.0,-10.0
4084,345834,71.0,4,52,0.061935,1.4525,True,False,wall,40.0,41.0,-10.0
4085,346068,348.0,19,234,0.0619,1.3702,True,False,body,190.0,168.0,-10.0
4086,346404,491.0,24,336,0.06185,1.351,True,False,body,240.0,261.0,-10.0
4087,346617,340.0,18,213,0.061819,1.3394,True,False,wall,180.0,170.0,-10.0
4088,346666,77.0,5,49,0.061811,1.2988,True,False,body,50.0,37.0,-10.0
4089,346849,279.0,15,183,0.061784,1.3177,True,False,wall,150.0,139.0,-10.0
4090,346960,193.0,11,111,0.061768,1.4143,True,False,body,110.0,93.0,-10.0
4091,347148,307.0,16,188,0.061741,1.4005,True,False,body,160.0,157.0,-10.0
4092,347383,349.0,17,235,0.061706,1.3913,True,False,body,170.0,189.0,-10.0
4093,347713,459.0,24,330,0.061658,1.3869,True,False,body,240.0,229.0,-10.0
4094,347768,87.0,5,55,0.06165,1.3219,True,False,wall,50.0,47.0,-10.0
4095,347948,277.0,14,180,0.061624,1.2991,True,False,wall,140.0,147.0,-10.0
4096,347959,9.0,1,11,0.061622,1.2372,True,False,wall,10.0,9.0,-10.0
4097,348098,208.0,12,139,0.061602,1.513,True,False,wall,120.0,98.0,-10.0
4098,348355,444.0,26,257,0.061565,1.4036,True,False,body,260.0,194.0,-10.0
4099,348582,342.0,18,227,0.061532,1.3349,True,False,body,180.0,172.0,-10.0
4100,348774,280.0,15,192,0.061504,1.3731,True,False,body,150.0,140.0,-10.0
4101,349039,463.0,25,265,0.061466,1.3543,True,False,body,250.0,223.0,-10.0
4102,349363,485.0,26,324,0.06142,1.4641,True,False,body,260.0,235.0,-10.0
4103,349567,325.0,18,204,0.061391,1.3796,True,False,wall,180.0,155.0,-10.0
4104,349627,94.0,5,60,0.061382,1.384,True,False,body,50.0,54.0,-10.0
4105,349750,177.0,9,123,0.061365,1.3468,True,False,body,90.0,97.0,-10.0
4106,349888,210.0,11,138,0.061345,1.2892,True,False,wall,110.0,110.0,-10.0
4107,350200,432.0,23,312,0.061301,1.3278,True,False,body,230.0,212.0,-10.0
4108,350475,363.0,21,275,0.061262,1.3284,True,False,body,210.0,163.0,-10.0
4109,350848,581.0,29,373,0.06121,1.4122,True,False,body,290.0,301.0,-10.0
4110,350885,69.0,5,37,0.061205,1.5544,True,False,body,50.0,29.0,-10.0
4111,351037,237.0,12,152,0.061183,1.3866,True,False,wall,120.0,127.0,-10.0
4112,351100,89.0,5,63,0.061175,1.3816,True,False,wall,50.0,49.0,-10.0
4113,351226,229.0,14,126,0.061157,1.3833,True,False,body,140.0,99.0,-10.0
4114,351309,140.0,8,83,0.061145,1.3977,True,False,wall,80.0,70.0,-10.0
4115,351422,189.0,11,113,0.06113,1.2796,True,False,body,110.0,89.0,-10.0
4116,351567,250.0,14,145,0.06111,1.2421,True,False,body,140.0,120.0,-10.0
4117,351754,288.0,16,187,0.061084,1.355,True,False,body,160.0,138.0,-10.0
4118,351768,12.0,1,14,0.061082,1.3336,True,False,wall,10.0,12.0,-10.0
4119,351884,176.0,9,116,0.061066,1.2854,True,False,body,90.0,96.0,-10.0
4120,351924,52.0,3,40,0.06106,1.255,True,False,wall,30.0,32.0,-10.0
4121,351998,111.0,6,74,0.06105,1.3179,True,False,wall,60.0,61.0,-10.0
4122,352159,268.0,14,161,0.061028,1.365,True,False,body,140.0,138.0,-10.0
4123,352291,207.0,12,132,0.061009,1.3338,True,False,body,120.0,97.0,-10.0
4124,352303,-3.0,0,12,0.061008,1.2874,True,False,wall,0.0,7.0,-10.0
4125,352634,482.0,24,331,0.060962,1.3555,True,False,body,240.0,252.0,-10.0
4126,352821,257.0,13,187,0.060937,1.2986,True,False,wall,130.0,137.0,-10.0
4127,352963,218.0,11,142,0.060917,1.2932,True,False,wall,110.0,118.0,-10.0
4128,352978,13.0,1,15,0.060915,1.289,True,False,wall,10.0,13.0,-10.0
4129,353188,347.0,18,210,0.060887,1.3092,True,False,body,180.0,177.0,-10.0
4130,353260,120.0,7,72,0.060877,1.264,True,False,wall,70.0,60.0,-10.0
4131,353287,46.0,4,27,0.060873,1.4366,True,False,body,40.0,16.0,-10.0
4132,353413,181.0,10,126,0.060856,1.2666,True,False,body,100.0,91.0,-10.0
4133,353789,542.0,29,376,0.060805,1.3073,True,False,body,290.0,262.0,-10.0
4134,353925,202.0,9,136,0.060787,1.3333,True,False,wall,90.0,122.0,-10.0
4135,354013,145.0,8,88,0.060775,1.3046,True,False,body,80.0,75.0,-10.0
4136,354084,137.0,9,71,0.060765,1.3398,True,False,body,90.0,57.0,-10.0
4137,354186,133.0,8,102,0.060752,1.3502,True,False,body,80.0,63.0,-10.0
4138,354682,664.0,33,496,0.060685,1.3128,True,False,body,330.0,344.0,-10.0
4139,354781,172.0,10,99,0.060672,1.3626,True,False,wall,100.0,82.0,-10.0
4140,354874,146.0,8,93,0.06066,1.3124,True,False,body,80.0,76.0,-10.0
4141,355047,268.0,14,173,0.060637,1.3126,True,False,body,140.0,138.0,-10.0
4142,355328,463.0,25,281,0.060599,1.3471,True,False,body,250.0,223.0,-10.0
4143,355432,184.0,11,104,0.060586,1.3026,True,False,body,110.0,84.0,-10.0
4144,355495,120.0,8,63,0.060577,1.3197,True,False,body,80.0,50.0,-10.0
4145,355637,241.0,14,142,0.060559,1.3108,True,False,wall,140.0,111.0,-10.0
4146,355733,136.0,7,96,0.060546,1.287,True,False,body,70.0,76.0,-10.0
4147,356055,436.0,21,322,0.060503,1.2921,True,False,wall,210.0,236.0,-10.0
4148,356069,10.0,1,14,0.060502,1.2664,True,False,wall,10.0,10.0,-10.0
4149,356245,262.0,13,176,0.060479,1.3178,True,False,body,130.0,142.0,-10.0
4150,356316,119.0,7,71,0.060469,1.3567,True,False,wall,70.0,59.0,-10.0
4151,356584,462.0,27,268,0.060434,1.3316,True,False,body,270.0,202.0,-10.0
4152,356688,162.0,9,104,0.060421,1.277,True,False,wall,90.0,82.0,-10.0
4153,356811,233.0,15,123,0.060405,1.3223,True,False,wall,150.0,93.0,-10.0
4154,356934,179.0,9,123,0.060389,1.4818,True,False,body,90.0,99.0,-10.0
4155,357242,501.0,26,308,0.060349,1.3322,True,False,wall,260.0,251.0,-10.0
4156,357315,123.0,7,73,0.060339,1.2858,True,False,body,70.0,63.0,-10.0
4157,357553,361.0,18,238,0.060309,1.3531,True,False,wall,180.0,191.0,-10.0
4158,357702,257.0,15,149,0.060289,1.3707,True,False,wall,150.0,117.0,-10.0
4159,357867,291.0,17,165,0.060268,1.3894,True,False,body,170.0,131.0,-10.0
4160,357938,97.0,5,71,0.060259,1.3404,True,False,body,50.0,57.0,-10.0
4161,358001,83.0,5,63,0.060251,1.3598,True,False,wall,50.0,43.0,-10.0
4162,358061,92.0,5,60,0.060243,1.3552,True,False,body,50.0,52.0,-10.0
4163,358182,225.0,15,121,0.060228,1.2836,True,False,wall,150.0,85.0,-10.0
4164,358370,298.0,15,188,0.060204,1.3275,True,False,body,150.0,158.0,-10.0
4165,358876,602.0,29,506,0.06014,1.4006,True,False,body,290.0,322.0,-10.0
4166,359138,399.0,22,262,0.060106,1.5266,True,False,body,220.0,189.0,-10.0
4167,359203,117.0,7,65,0.060098,1.2994,True,False,wall,70.0,57.0,-10.0
4168,359412,345.0,19,209,0.060072,1.3683,True,False,body,190.0,165.0,-10.0
4169,359466,77.0,4,54,0.060065,1.386,True,False,body,40.0,47.0,-10.0
4170,359520,91.0,6,54,0.060058,1.5766,True,False,body,60.0,41.0,-10.0
4171,359589,100.0,6,69,0.06005,1.3319,True,False,wall,60.0,50.0,-10.0
4172,359790,349.0,21,201,0.060024,1.332,True,False,wall,210.0,149.0,-10.0
4173,360195,566.0,30,405,0.059974,1.5072,True,False,body,300.0,276.0,-10.0
4174,360682,724.0,36,487,0.059913,1.4651,True,False,body,360.0,374.0,-10.0
4175,360935,362.0,16,253,0.059882,1.3208,True,False,wall,160.0,212.0,-10.0
4176,360984,97.0,7,49,0.059876,1.3312,True,False,body,70.0,37.0,-10.0
4177,361151,277.0,15,167,0.059855,1.2399,True,False,wall,150.0,137.0,-10.0
4178,361382,355.0,17,231,0.059827,1.3158,True,False,body,170.0,195.0,-10.0
4179,361439,76.0,4,57,0.05982,1.2809,True,False,wall,40.0,46.0,-10.0
4180,361615,263.0,12,176,0.059798,1.2908,True,False,body,120.0,153.0,-10.0
4181,361849,370.0,19,234,0.05977,1.3666,True,False,wall,190.0,190.0,-10.0
4182,362061,307.0,16,212,0.059744,1.383,True,False,body,160.0,157.0,-10.0
4183,362428,577.0,29,367,0.059699,1.3254,True,False,body,290.0,297.0,-10.0
4184,362756,548.0,31,328,0.05966,1.2923,True,False,wall,310.0,248.0,-10.0
4185,362877,195.0,11,121,0.059645,1.314,True,False,body,110.0,95.0,-10.0
4186,363014,218.0,12,137,0.059628,1.3167,True,False,wall,120.0,108.0,-10.0
4187,363362,557.0,28,348,0.059587,1.3207,True,False,body,280.0,287.0,-10.0
4188,363414,86.0,5,52,0.05958,1.4906,True,False,body,50.0,46.0,-10.0
4189,363526,194.0,11,112,0.059567,1.3437,True,False,body,110.0,94.0,-10.0
4190,363978,620.0,33,452,0.059513,1.4251,True,False,body,330.0,300.0,-10.0
4191,364072,153.0,8,94,0.059502,1.3859,True,False,wall,80.0,83.0,-10.0
4192,364271,322.0,18,199,0.059478,1.3249,True,False,body,180.0,152.0,-10.0
4193,364385,165.0,8,114,0.059465,1.3708,True,False,wall,80.0,95.0,-10.0
4194,364611,329.0,16,226,0.059438,1.3763,True,False,body,160.0,179.0,-10.0
4195,364651,61.0,4,40,0.059433,1.2671,True,False,body,40.0,31.0,-10.0
4196,364722,126.0,8,71,0.059425,1.4511,True,False,wall,80.0,56.0,-10.0
4197,364875,246.0,14,153,0.059407,1.3876,True,False,wall,140.0,116.0,-10.0
4198,365045,258.0,13,170,0.059387,1.3229,True,False,body,130.0,138.0,-10.0
4199,365177,228.0,13,132,0.059372,1.2991,True,False,body,130.0,108.0,-10.0
4200,365185,6.0,1,8,0.059371,1.2283,True,False,wall,10.0,6.0,-10.0
4201,365403,338.0,17,218,0.059345,1.4,True,False,wall,170.0,178.0,-10.0
4202,365841,657.0,34,438,0.059294,1.2816,True,False,body,340.0,327.0,-10.0
4203,366119,451.0,26,278,0.059262,1.3234,True,False,body,260.0,201.0,-10.0
4204,366128,7.0,1,9,0.059261,1.2256,True,False,wall,10.0,7.0,-10.0
4205,366287,240.0,12,159,0.059242,1.3299,True,False,wall,120.0,130.0,-10.0
4206,366444,268.0,16,157,0.059224,1.3335,True,False,body,160.0,118.0,-10.0
4207,366536,145.0,8,92,0.059214,1.26,True,False,body,80.0,75.0,-10.0
4208,366790,409.0,20,254,0.059185,1.3684,True,False,body,200.0,219.0,-10.0
4209,367049,444.0,24,259,0.059155,1.5605,True,False,body,240.0,214.0,-10.0
4210,367065,23.0,2,16,0.059153,1.354,True,False,wall,20.0,13.0,-10.0
4211,367095,35.0,2,30,0.05915,1.4091,True,False,wall,20.0,25.0,-10.0
4212,367235,237.0,14,140,0.059134,1.3727,True,False,wall,140.0,107.0,-10.0
4213,367368,209.0,11,133,0.059118,1.4684,True,False,wall,110.0,109.0,-10.0
4214,367454,155.0,10,86,0.059109,1.4907,True,False,wall,100.0,65.0,-10.0
4215,367561,199.0,13,107,0.059096,1.4376,True,False,body,130.0,79.0,-10.0
4216,367669,165.0,8,108,0.059084,1.3436,True,False,wall,80.0,95.0,-10.0
4217,367946,405.0,21,277,0.059053,1.3618,True,False,body,210.0,205.0,-10.0
4218,368061,206.0,12,115,0.05904,1.377,True,False,body,120.0,96.0,-10.0
4219,368245,312.0,17,184,0.059019,1.3139,True,False,body,170.0,152.0,-10.0
4220,368376,184.0,10,131,0.059004,1.5158,True,False,body,100.0,94.0,-10.0
4221,368559,329.0,19,183,0.058984,1.409,True,False,body,190.0,149.0,-10.0
4222,368800,385.0,21,241,0.058957,1.3449,True,False,body,210.0,185.0,-10.0
4223,368916,158.0,9,116,0.058944,1.3743,True,False,body,90.0,78.0,-10.0
4224,369117,295.0,17,201,0.058921,1.4365,True,False,wall,170.0,135.0,-10.0
4225,369429,540.0,29,312,0.058886,1.3172,True,False,body,290.0,260.0,-10.0
4226,369562,219.0,11,133,0.058872,1.2936,True,False,body,110.0,119.0,-10.0
4227,369659,170.0,10,97,0.058861,1.3807,True,False,wall,100.0,80.0,-10.0
4228,369898,403.0,23,239,0.058835,1.3258,True,False,body,230.0,183.0,-10.0
4229,370022,200.0,11,124,0.058821,1.4623,True,False,body,110.0,100.0,-10.0
4230,370220,261.0,14,198,0.058799,1.3785,True,False,wall,140.0,131.0,-10.0
4231,370421,326.0,18,201,0.058777,1.4758,True,False,wall,180.0,156.0,-10.0
4232,370490,85.0,5,69,0.058769,1.3752,True,False,body,50.0,45.0,-10.0
4233,370761,381.0,23,271,0.05874,1.3924,True,False,body,230.0,161.0,-10.0
4234,371017,421.0,22,256,0.058712,1.412,True,False,body,220.0,211.0,-10.0
4235,371047,26.0,1,30,0.058709,1.2442,True,False,wall,10.0,26.0,-10.0
4236,371309,379.0,20,262,0.05868,1.3262,True,False,body,200.0,189.0,-10.0
4237,371580,421.0,23,271,0.058651,1.3759,True,False,body,230.0,201.0,-10.0
4238,371681,146.0,8,101,0.05864,1.3094,True,False,body,80.0,76.0,-10.0
4239,371989,467.0,24,308,0.058607,1.3543,True,False,body,240.0,237.0,-10.0
4240,372027,59.0,4,38,0.058603,1.3441,True,False,wall,40.0,29.0,-10.0
4241,372199,265.0,14,172,0.058584,1.3302,True,False,body,140.0,135.0,-10.0
4242,372420,363.0,19,221,0.05856,1.5004,True,False,wall,190.0,183.0,-10.0
4243,372652,386.0,21,232,0.058536,1.4562,True,False,body,210.0,186.0,-10.0
4244,372801,237.0,13,149,0.05852,1.3976,True,False,body,130.0,117.0,-10.0
4245,373095,471.0,24,294,0.058488,1.3968,True,False,wall,240.0,241.0,-10.0
4246,373339,389.0,20,244,0.058463,1.3936,True,False,body,200.0,199.0,-10.0
4247,373474,227.0,13,135,0.058448,1.3657,True,False,body,130.0,107.0,-10.0
4248,373642,268.0,15,168,0.058431,1.3214,True,False,body,150.0,128.0,-10.0
4249,373753,198.0,12,111,0.058419,1.4529,True,False,body,120.0,88.0,-10.0
4250,373919,265.0,14,166,0.058401,1.418,True,False,body,140.0,135.0,-10.0
4251,373956,47.0,3,37,0.058398,1.4248,True,False,body,30.0,27.0,-10.0
4252,373978,38.0,3,22,0.058395,1.4399,True,False,body,30.0,18.0,-10.0
4253,374288,463.0,24,310,0.058363,1.386,True,False,body,240.0,233.0,-10.0
4254,374468,305.0,18,180,0.058344,1.4627,True,False,body,180.0,135.0,-10.0
4255,374680,370.0,21,212,0.058322,1.3831,True,False,body,210.0,170.0,-10.0
4256,374734,93.0,6,54,0.058316,1.3611,True,False,wall,60.0,43.0,-10.0
4257,374806,100.0,5,72,0.058309,1.3968,True,False,wall,50.0,60.0,-10.0
4258,375034,354.0,19,228,0.058285,1.3454,True,False,wall,190.0,174.0,-10.0
4259,375091,87.0,5,57,0.058279,1.3021,True,False,body,50.0,47.0,-10.0
4260,375185,152.0,9,94,0.05827,1.4438,True,False,body,90.0,72.0,-10.0
4261,375368,319.0,17,183,0.058251,1.3642,True,False,wall,170.0,159.0,-10.0
4262,375542,285.0,16,174,0.058233,1.486,True,False,body,160.0,135.0,-10.0
4263,375673,218.0,12,131,0.058219,1.3408,True,False,wall,120.0,108.0,-10.0
4264,376038,564.0,32,365,0.058182,1.3801,True,False,wall,320.0,254.0,-10.0
4265,376188,239.0,12,150,0.058167,1.595,True,False,body,120.0,129.0,-10.0
4266,376563,601.0,31,375,0.058128,1.4335,True,False,body,310.0,301.0,-10.0
4267,376765,357.0,20,202,0.058108,1.4737,True,False,body,200.0,167.0,-10.0
4268,376932,285.0,15,167,0.058091,1.3247,True,False,body,150.0,145.0,-10.0
4269,377112,294.0,17,180,0.058073,1.4021,True,False,body,170.0,134.0,-10.0
4270,377236,209.0,12,124,0.05806,1.3442,True,False,wall,120.0,99.0,-10.0
4271,377519,454.0,24,283,0.058032,1.2757,True,False,body,240.0,224.0,-10.0
4272,377642,185.0,9,123,0.058019,1.3245,True,False,wall,90.0,105.0,-10.0
4273,377878,377.0,20,236,0.057996,1.422,True,False,wall,200.0,187.0,-10.0
4274,378078,304.0,15,200,0.057976,1.3148,True,False,body,150.0,164.0,-10.0
4275,378191,158.0,8,113,0.057965,1.4222,True,False,wall,80.0,88.0,-10.0
4276,378220,45.0,3,29,0.057962,1.4094,True,False,wall,30.0,25.0,-10.0
4277,378257,44.0,2,37,0.057958,1.4566,True,False,wall,20.0,34.0,-10.0
4278,378591,529.0,26,334,0.057925,1.3435,True,False,body,260.0,279.0,-10.0
4279,378643,71.0,4,52,0.05792,1.3597,True,False,wall,40.0,41.0,-10.0
4280,379019,574.0,31,376,0.057883,1.2922,True,False,body,310.0,274.0,-10.0
4281,379104,173.0,11,85,0.057874,1.3247,True,False,body,110.0,73.0,-10.0
4282,379180,138.0,9,76,0.057867,1.3085,True,False,body,90.0,58.0,-10.0
4283,379420,424.0,23,240,0.057843,1.346,True,False,body,230.0,204.0,-10.0
4284,379618,303.0,18,198,0.057824,1.4087,True,False,body,180.0,133.0,-10.0
4285,379812,329.0,18,194,0.057805,1.6362,True,False,body,180.0,159.0,-10.0
4286,379932,196.0,11,120,0.057793,1.387,True,False,body,110.0,96.0,-10.0
4287,380168,346.0,17,236,0.05777,1.4064,True,False,wall,170.0,186.0,-10.0
4288,380384,294.0,17,216,0.057749,1.4379,True,False,body,170.0,134.0,-10.0
4289,380558,275.0,14,174,0.057732,1.316,True,False,body,140.0,145.0,-10.0
4290,380670,188.0,11,112,0.057722,1.487,True,False,wall,110.0,88.0,-10.0
4291,380973,450.0,26,303,0.057692,1.4131,True,False,wall,260.0,200.0,-10.0
4292,381005,55.0,4,32,0.057689,1.3532,True,False,body,40.0,25.0,-10.0
4293,381095,154.0,9,90,0.057681,1.5654,True,False,wall,90.0,74.0,-10.0
4294,381268,298.0,16,173,0.057664,1.4198,True,False,body,160.0,148.0,-10.0
4295,381552,470.0,25,284,0.057637,1.2989,True,False,wall,250.0,230.0,-10.0
4296,381778,333.0,18,226,0.057615,1.3398,True,False,body,180.0,163.0,-10.0
4297,381913,214.0,12,135,0.057603,1.3091,True,False,wall,120.0,104.0,-10.0
4298,381955,61.0,4,42,0.057599,1.3374,True,False,wall,40.0,31.0,-10.0
4299,382237,457.0,26,282,0.057572,1.28,True,False,body,260.0,207.0,-10.0
4300,382308,130.0,8,71,0.057565,1.4716,True,False,wall,80.0,60.0,-10.0
4301,382424,199.0,12,116,0.057554,1.4497,True,False,body,120.0,89.0,-10.0
4302,382462,52.0,3,38,0.057551,1.6672,True,False,body,30.0,32.0,-10.0
4303,382746,433.0,22,284,0.057524,1.4649,True,False,body,220.0,223.0,-10.0
4304,382874,208.0,11,128,0.057512,1.3861,True,False,wall,110.0,108.0,-10.0
4305,383105,357.0,17,231,0.05749,1.3443,True,False,body,170.0,197.0,-10.0
4306,383294,321.0,19,189,0.057472,1.3697,True,False,body,190.0,141.0,-10.0
4307,383519,405.0,25,225,0.057451,1.5858,True,False,body,250.0,165.0,-10.0
4308,383755,429.0,26,236,0.057429,1.4479,True,False,body,260.0,179.0,-10.0
4309,383905,241.0,12,150,0.057416,1.3336,True,False,wall,120.0,131.0,-10.0
4310,384112,282.0,14,207,0.057396,1.2868,True,False,body,140.0,152.0,-10.0
4311,384429,466.0,24,317,0.057367,1.3494,True,False,body,240.0,236.0,-10.0
4312,384774,537.0,31,345,0.057335,1.3288,True,False,body,310.0,237.0,-10.0
4313,385166,619.0,32,392,0.0573,1.3763,True,False,body,320.0,309.0,-10.0
4314,385388,307.0,14,222,0.057279,1.4782,True,False,body,140.0,177.0,-10.0
4315,385615,380.0,22,227,0.057259,1.3895,True,False,body,220.0,170.0,-10.0
4316,385683,103.0,6,68,0.057253,1.4452,True,False,wall,60.0,53.0,-10.0
4317,386012,517.0,27,329,0.057223,1.5152,True,False,body,270.0,257.0,-10.0
4318,386203,291.0,17,191,0.057206,1.4601,True,False,wall,170.0,131.0,-10.0
4319,386252,83.0,5,49,0.057201,1.4055,True,False,wall,50.0,43.0,-10.0
4320,386521,356.0,18,269,0.057177,1.5341,True,False,wall,180.0,186.0,-10.0
4321,386634,189.0,11,113,0.057167,1.4393,True,False,wall,110.0,89.0,-10.0
4322,386867,362.0,20,233,0.057146,1.3318,True,False,body,200.0,172.0,-10.0
4323,386974,169.0,9,107,0.057136,1.3173,True,False,body,90.0,89.0,-10.0
4324,387349,531.0,29,375,0.057103,1.3409,True,False,body,290.0,251.0,-10.0
4325,387547,312.0,19,198,0.057086,1.4203,True,False,body,190.0,132.0,-10.0
4326,387861,488.0,25,314,0.057058,1.35,True,False,wall,250.0,248.0,-10.0
4327,388139,403.0,20,278,0.057033,1.3925,True,False,body,200.0,213.0,-10.0
4328,388567,653.0,32,428,0.056996,1.4415,True,False,body,320.0,343.0,-10.0
4329,388595,20.0,1,28,0.056993,1.5065,True,False,wall,10.0,20.0,-10.0
4330,388711,196.0,11,116,0.056983,1.2799,True,False,wall,110.0,96.0,-10.0
4331,388859,251.0,14,148,0.05697,1.2968,True,False,wall,140.0,121.0,-10.0
4332,389031,342.0,21,172,0.056955,1.3123,True,False,body,210.0,142.0,-10.0
4333,389233,357.0,20,202,0.056938,1.3185,True,False,body,200.0,167.0,-10.0
4334,389463,347.0,18,230,0.056918,1.396,True,False,body,180.0,177.0,-10.0
4335,389725,417.0,22,262,0.056895,1.2716,True,False,body,220.0,207.0,-10.0
4336,389982,423.0,23,257,0.056873,1.4305,True,False,body,230.0,203.0,-10.0
4337,390063,131.0,7,81,0.056866,1.3762,True,False,wall,70.0,71.0,-10.0
4338,390246,306.0,16,183,0.05685,1.3301,True,False,wall,160.0,156.0,-10.0
4339,390506,416.0,21,260,0.056828,1.5019,True,False,body,210.0,216.0,-10.0
4340,390956,654.0,31,450,0.05679,1.4244,True,False,body,310.0,354.0,-10.0
4341,391236,402.0,21,280,0.056766,1.3593,True,False,body,210.0,202.0,-10.0
4342,391538,500.0,27,302,0.056741,1.4984,True,False,body,270.0,240.0,-10.0
4343,391672,225.0,12,134,0.056729,1.3322,True,False,body,120.0,115.0,-10.0
4344,391852,275.0,14,180,0.056714,1.2924,True,False,wall,140.0,145.0,-10.0
4345,392154,502.0,29,302,0.056689,1.3161,True,False,body,290.0,222.0,-10.0
4346,392359,382.0,22,205,0.056672,1.3433,True,False,wall,220.0,172.0,-10.0
4347,392757,557.0,30,398,0.056639,1.3582,True,False,wall,300.0,267.0,-10.0
4348,392849,138.0,7,92,0.056631,1.4335,True,False,body,70.0,78.0,-10.0
4349,393038,304.0,16,189,0.056616,1.4277,True,False,body,160.0,154.0,-10.0
4350,393249,388.0,22,211,0.056598,1.356,True,False,wall,220.0,178.0,-10.0
4351,393476,360.0,18,227,0.056579,1.3034,True,False,wall,180.0,190.0,-10.0
4352,393844,556.0,27,368,0.056549,1.335,True,False,wall,270.0,296.0,-10.0
4353,394083,374.0,20,239,0.05653,1.3796,True,False,body,200.0,184.0,-10.0
4354,394470,563.0,29,387,0.056498,1.5139,True,False,body,290.0,283.0,-10.0
4355,394546,133.0,8,76,0.056492,1.3417,True,False,body,80.0,63.0,-10.0
4356,394722,274.0,15,176,0.056478,1.3916,True,False,body,150.0,134.0,-10.0
4357,394889,298.0,18,167,0.056464,1.4997,True,False,body,180.0,128.0,-10.0
4358,395035,270.0,15,146,0.056452,1.6678,True,False,body,150.0,130.0,-10.0
4359,395263,394.0,21,228,0.056434,1.4526,True,False,body,210.0,194.0,-10.0
4360,395305,63.0,4,42,0.056431,1.2799,True,False,body,40.0,33.0,-10.0
4361,395417,163.0,8,112,0.056422,1.4463,True,False,body,80.0,93.0,-10.0
4362,395458,55.0,3,41,0.056418,1.3338,True,False,wall,30.0,35.0,-10.0
4363,395648,294.0,17,190,0.056403,1.3004,True,False,body,170.0,134.0,-10.0
4364,395664,14.0,1,16,0.056402,1.2183,True,False,wall,10.0,14.0,-10.0
4365,395846,255.0,12,182,0.056387,1.3772,True,False,body,120.0,145.0,-10.0
4366,395946,156.0,9,100,0.056379,1.331,True,False,wall,90.0,76.0,-10.0
4367,396090,249.0,14,144,0.056368,1.3413,True,False,body,140.0,119.0,-10.0
4368,396161,100.0,6,71,0.056362,1.2888,True,False,body,60.0,50.0,-10.0
4369,396266,178.0,10,105,0.056354,1.2754,True,False,body,100.0,88.0,-10.0
4370,396553,452.0,22,287,0.056331,1.2878,True,False,body,220.0,242.0,-10.0
4371,396774,387.0,21,221,0.056314,1.3321,True,False,body,210.0,187.0,-10.0
4372,397019,375.0,19,245,0.056294,1.2689,True,False,body,190.0,195.0,-10.0
4373,397280,388.0,20,261,0.056274,1.3251,True,False,body,200.0,198.0,-10.0
4374,397564,439.0,26,284,0.056252,1.3387,True,False,body,260.0,189.0,-10.0
4375,397628,94.0,5,64,0.056247,1.281,True,False,wall,50.0,54.0,-10.0
4376,397672,67.0,4,44,0.056243,1.396,True,False,wall,40.0,37.0,-10.0
4377,397973,481.0,25,301,0.05622,1.334,True,False,body,250.0,241.0,-10.0
4378,398186,316.0,16,213,0.056203,1.3987,True,False,body,160.0,166.0,-10.0
4379,398635,614.0,30,449,0.056169,1.309,True,False,body,300.0,324.0,-10.0
4380,398699,108.0,7,64,0.056164,1.3495,True,False,wall,70.0,48.0,-10.0
4381,398815,194.0,11,116,0.056155,1.4916,True,False,wall,110.0,94.0,-10.0
4382,399076,398.0,20,261,0.056135,1.4632,True,False,wall,200.0,208.0,-10.0
4383,399101,28.0,2,25,0.056133,1.318,True,False,wall,20.0,18.0,-10.0
4384,399436,463.0,25,335,0.056107,1.4209,True,False,body,250.0,223.0,-10.0
4385,399735,486.0,28,299,0.056084,1.4521,True,False,body,280.0,216.0,-10.0
4386,399796,100.0,6,61,0.05608,1.3457,True,False,wall,60.0,50.0,-10.0
4387,399973,301.0,17,177,0.056066,1.339,True,False,body,170.0,141.0,-10.0
4388,400197,383.0,22,224,0.056049,1.2818,True,False,body,220.0,173.0,-10.0
4389,400686,657.0,33,489,0.056012,1.3328,True,False,body,330.0,337.0,-10.0
4390,401006,541.0,30,320,0.055988,1.3066,True,False,body,300.0,251.0,-10.0
4391,401120,188.0,11,114,0.05598,1.3825,True,False,body,110.0,88.0,-10.0
4392,401537,603.0,33,417,0.055949,1.3625,True,False,body,330.0,283.0,-10.0
4393,401781,378.0,19,244,0.055931,1.3023,True,False,body,190.0,198.0,-10.0
4394,401902,190.0,10,121,0.055922,1.3371,True,False,wall,100.0,100.0,-10.0
4395,402099,309.0,17,197,0.055907,1.3443,True,False,body,170.0,149.0,-10.0
4396,402211,184.0,11,112,0.055899,1.3656,True,False,wall,110.0,84.0,-10.0
4397,402355,240.0,13,144,0.055888,1.364,True,False,body,130.0,120.0,-10.0
4398,402553,297.0,16,198,0.055874,1.3711,True,False,wall,160.0,147.0,-10.0
4399,402913,579.0,32,360,0.055847,1.3637,True,False,body,320.0,269.0,-10.0
4400,403154,345.0,15,241,0.05583,1.3464,True,False,wall,150.0,205.0,-10.0
4401,403198,76.0,5,44,0.055827,1.4788,True,False,body,50.0,36.0,-10.0
4402,403216,16.0,1,18,0.055825,1.4442,True,False,wall,10.0,16.0,-10.0
4403,403326,185.0,12,110,0.055817,1.3193,True,False,wall,120.0,75.0,-10.0
4404,403520,308.0,17,194,0.055803,1.2942,True,False,body,170.0,148.0,-10.0
4405,403721,358.0,20,201,0.055789,1.3749,True,False,body,200.0,168.0,-10.0
4406,403831,177.0,10,110,0.055781,1.3086,True,False,body,100.0,87.0,-10.0
4407,403868,62.0,4,37,0.055778,1.3573,True,False,wall,40.0,32.0,-10.0
4408,404258,620.0,31,390,0.05575,1.5128,True,False,body,310.0,320.0,-10.0
4409,404479,345.0,17,221,0.055734,1.4479,True,False,body,170.0,185.0,-10.0
4410,404562,109.0,5,83,0.055728,1.4642,True,False,body,50.0,69.0,-10.0
4411,404684,216.0,13,122,0.055719,1.4425,True,False,wall,130.0,96.0,-10.0
4412,405082,598.0,29,398,0.055691,1.3262,True,False,wall,290.0,318.0,-10.0
4413,405211,227.0,13,129,0.055682,1.3764,True,False,body,130.0,107.0,-10.0
4414,405348,227.0,13,137,0.055672,1.3816,True,False,body,130.0,107.0,-10.0
4415,405458,195.0,12,110,0.055664,1.4918,True,False,wall,120.0,85.0,-10.0
4416,405587,218.0,12,129,0.055655,1.3009,True,False,body,120.0,108.0,-10.0
4417,405672,105.0,5,85,0.055649,1.2684,True,False,body,50.0,65.0,-10.0
4418,405801,205.0,11,129,0.05564,1.3274,True,False,body,110.0,105.0,-10.0
4419,406222,678.0,34,421,0.05561,1.3348,True,False,body,340.0,348.0,-10.0
4420,406659,649.0,39,437,0.05558,1.4602,True,False,body,390.0,269.0,-10.0
4421,406977,548.0,29,318,0.055558,1.4219,True,False,body,290.0,268.0,-10.0
4422,407104,208.0,12,127,0.055549,1.3916,True,False,wall,120.0,98.0,-10.0
4423,407252,247.0,14,148,0.055539,1.4068,True,False,body,140.0,117.0,-10.0
4424,407319,128.0,8,67,0.055534,1.3129,True,False,body,80.0,58.0,-10.0
4425,407570,362.0,18,251,0.055517,1.3832,True,False,body,180.0,192.0,-10.0
4426,407682,174.0,9,112,0.055509,1.3756,True,False,body,90.0,94.0,-10.0
4427,407796,187.0,10,114,0.055501,1.315,True,False,body,100.0,97.0,-10.0
4428,408149,559.0,29,353,0.055477,1.3688,True,False,body,290.0,279.0,-10.0
4429,408315,239.0,12,166,0.055466,1.3813,True,False,wall,120.0,129.0,-10.0
4430,408516,303.0,15,201,0.055452,1.36,True,False,body,150.0,163.0,-10.0
4431,408618,161.0,8,102,0.055445,1.3046,True,False,body,80.0,91.0,-10.0
4432,408906,480.0,25,288,0.055425,1.3084,True,False,wall,250.0,240.0,-10.0
4433,409146,371.0,20,240,0.055409,1.3208,True,False,body,200.0,181.0,-10.0
4434,409207,100.0,6,61,0.055405,1.2892,True,False,wall,60.0,50.0,-10.0
4435,409273,105.0,6,66,0.0554,1.2671,True,False,wall,60.0,55.0,-10.0
4436,409486,313.0,17,213,0.055386,1.2922,True,False,body,170.0,153.0,-10.0
4437,409540,97.0,6,54,0.055382,1.5056,True,False,body,60.0,47.0,-10.0
4438,409669,187.0,9,129,0.055374,1.3284,True,False,body,90.0,107.0,-10.0
4439,409781,192.0,11,112,0.055366,1.3559,True,False,body,110.0,92.0,-10.0
4440,410056,443.0,23,275,0.055348,1.2986,True,False,wall,230.0,223.0,-10.0
4441,410486,662.0,35,430,0.055319,1.3469,True,False,body,350.0,322.0,-10.0
4442,410552,105.0,6,66,0.055315,1.342,True,False,body,60.0,55.0,-10.0
4443,410619,110.0,6,67,0.05531,1.4149,True,False,wall,60.0,60.0,-10.0
4444,410658,58.0,4,39,0.055308,1.3109,True,False,body,40.0,28.0,-10.0
4445,410785,207.0,11,127,0.055299,1.4283,True,False,wall,110.0,107.0,-10.0
4446,411048,384.0,24,263,0.055282,1.3872,True,False,body,240.0,154.0,-10.0
4447,411210,259.0,14,162,0.055271,1.3927,True,False,wall,140.0,129.0,-10.0
4448,411507,444.0,22,297,0.055252,1.35,True,False,body,220.0,234.0,-10.0
4449,411530,30.0,2,23,0.05525,1.4487,True,False,wall,20.0,20.0,-10.0
4450,411656,202.0,11,126,0.055242,1.3586,True,False,body,110.0,102.0,-10.0
4451,411966,511.0,28,310,0.055222,1.4219,True,False,body,280.0,241.0,-10.0
4452,412052,139.0,8,86,0.055216,1.4378,True,False,body,80.0,69.0,-10.0
4453,412155,176.0,10,103,0.055209,1.3732,True,False,body,100.0,86.0,-10.0
4454,412490,508.0,24,335,0.055188,1.3172,True,False,body,240.0,278.0,-10.0
4455,412599,165.0,9,109,0.055181,1.3075,True,False,wall,90.0,85.0,-10.0
4456,412969,557.0,28,370,0.055157,1.397,True,False,body,280.0,287.0,-10.0
4457,413188,332.0,20,219,0.055143,1.363,True,False,body,200.0,142.0,-10.0
4458,413354,247.0,12,166,0.055132,1.3829,True,False,body,120.0,137.0,-10.0
4459,413601,410.0,22,247,0.055116,1.3191,True,False,body,220.0,200.0,-10.0
4460,413801,311.0,18,200,0.055103,1.5598,True,False,body,180.0,141.0,-10.0
4461,414059,442.0,25,258,0.055087,1.421,True,False,body,250.0,202.0,-10.0
4462,414333,398.0,19,274,0.055069,1.4126,True,False,body,190.0,218.0,-10.0
4463,414672,475.0,25,339,0.055048,1.3892,True,False,body,250.0,235.0,-10.0
4464,414931,424.0,22,259,0.055032,1.4107,True,False,wall,220.0,214.0,-10.0
4465,415299,574.0,29,368,0.055009,1.3755,True,False,body,290.0,294.0,-10.0
4466,415452,247.0,13,153,0.054999,1.4208,True,False,body,130.0,127.0,-10.0
4467,415596,249.0,14,144,0.05499,1.326,True,False,body,140.0,119.0,-10.0
4468,415704,146.0,7,108,0.054983,1.3018,True,False,body,70.0,86.0,-10.0
4469,416012,516.0,29,308,0.054964,1.3203,True,False,body,290.0,236.0,-10.0
4470,416041,34.0,2,29,0.054962,1.3601,True,False,wall,20.0,24.0,-10.0
4471,416267,381.0,20,226,0.054948,1.3307,True,False,body,200.0,191.0,-10.0
4472,416497,346.0,17,230,0.054934,1.3526,True,False,body,170.0,186.0,-10.0
4473,416638,228.0,12,141,0.054925,1.4363,True,False,wall,120.0,118.0,-10.0
4474,416737,133.0,5,99,0.054919,1.3153,True,False,wall,50.0,93.0,-10.0
4475,416904,281.0,15,167,0.054909,1.2898,True,False,wall,150.0,141.0,-10.0
4476,416984,135.0,8,80,0.054904,1.4109,True,False,wall,80.0,65.0,-10.0
4477,417093,173.0,9,109,0.054898,1.317,True,False,wall,90.0,93.0,-10.0
4478,417163,98.0,5,70,0.054893,1.5309,True,False,body,50.0,58.0,-10.0
4479,417284,191.0,11,121,0.054886,1.3685,True,False,body,110.0,91.0,-10.0
4480,417494,344.0,19,210,0.054873,1.3669,True,False,body,190.0,164.0,-10.0
4481,417731,380.0,20,237,0.054859,1.2862,True,False,body,200.0,190.0,-10.0
4482,417904,280.0,14,173,0.054848,1.4629,True,False,body,140.0,150.0,-10.0
4483,418122,385.0,22,218,0.054835,1.3734,True,False,body,220.0,175.0,-10.0
4484,418322,323.0,18,200,0.054823,1.2967,True,False,body,180.0,153.0,-10.0
4485,418424,148.0,7,102,0.054817,1.4307,True,False,wall,70.0,88.0,-10.0
4486,418550,197.0,10,126,0.054809,1.4102,True,False,wall,100.0,107.0,-10.0
4487,418838,423.0,22,288,0.054792,1.559,True,False,wall,220.0,213.0,-10.0
4488,419055,359.0,19,217,0.054779,1.3546,True,False,wall,190.0,179.0,-10.0
4489,419091,43.0,2,36,0.054777,1.3706,True,False,wall,20.0,33.0,-10.0
4490,419279,290.0,17,188,0.054766,1.3694,True,False,wall,170.0,130.0,-10.0
4491,419353,109.0,6,74,0.054761,1.4751,True,False,wall,60.0,59.0,-10.0
4492,419417,97.0,6,64,0.054757,1.2629,True,False,wall,60.0,47.0,-10.0
4493,419555,230.0,13,138,0.054749,1.3585,True,False,body,130.0,110.0,-10.0
4494,419785,322.0,19,230,0.054735,1.3327,True,False,body,190.0,142.0,-10.0
4495,419875,147.0,8,90,0.05473,1.2978,True,False,wall,80.0,77.0,-10.0
4496,420075,336.0,17,200,0.054718,1.3705,True,False,wall,170.0,176.0,-10.0
4497,420436,511.0,27,361,0.054697,1.2858,True,False,body,270.0,251.0,-10.0
4498,420589,249.0,13,153,0.054688,1.4608,True,False,wall,130.0,129.0,-10.0
4499,420739,246.0,15,150,0.054679,1.3893,True,False,body,150.0,106.0,-10.0
4500,420952,353.0,19,213,0.054667,1.4328,True,False,body,190.0,173.0,-10.0
4501,421309,562.0,30,357,0.054646,1.5635,True,False,body,300.0,272.0,-10.0
4502,421487,234.0,11,178,0.054636,1.4451,True,False,body,110.0,134.0,-10.0
4503,421620,214.0,12,133,0.054628,1.3742,True,False,body,120.0,104.0,-10.0
4504,421839,319.0,19,219,0.054615,1.4772,True,False,wall,190.0,139.0,-10.0
4505,422188,538.0,28,349,0.054595,1.3974,True,False,body,280.0,268.0,-10.0
4506,422358,276.0,15,170,0.054586,1.302,True,False,wall,150.0,136.0,-10.0
4507,422540,285.0,14,182,0.054575,1.3392,True,False,body,140.0,155.0,-10.0
4508,422922,473.0,26,382,0.054553,1.3039,True,False,body,260.0,223.0,-10.0
4509,423234,450.0,23,312,0.054536,1.3195,True,False,body,230.0,230.0,-10.0
4510,423403,299.0,17,169,0.054526,1.3546,True,False,wall,170.0,139.0,-10.0
4511,423708,431.0,23,305,0.054509,1.4683,True,False,body,230.0,211.0,-10.0
4512,423936,356.0,19,228,0.054496,1.3972,True,False,body,190.0,176.0,-10.0
4513,424036,133.0,8,100,0.05449,1.4152,True,False,wall,80.0,63.0,-10.0
4514,424278,389.0,20,242,0.054477,1.3803,True,False,body,200.0,199.0,-10.0
4515,424640,606.0,33,362,0.054457,1.391,True,False,body,330.0,286.0,-10.0
4516,424684,60.0,3,44,0.054454,1.3686,True,False,body,30.0,40.0,-10.0
4517,424750,114.0,7,66,0.054451,1.2304,True,False,body,70.0,54.0,-10.0
4518,424772,36.0,3,22,0.054449,1.3218,True,False,wall,30.0,16.0,-10.0
4519,424814,65.0,4,42,0.054447,1.351,True,False,wall,40.0,35.0,-10.0
4520,424920,177.0,10,106,0.054441,1.3104,True,False,wall,100.0,87.0,-10.0
4521,424946,42.0,3,26,0.05444,1.2851,True,False,body,30.0,22.0,-10.0
4522,425174,360.0,21,228,0.054427,1.3912,True,False,wall,210.0,160.0,-10.0
4523,425289,181.0,9,115,0.054421,1.3542,True,False,wall,90.0,101.0,-10.0
4524,425612,486.0,26,323,0.054403,1.3391,True,False,body,260.0,236.0,-10.0
4525,425627,13.0,1,15,0.054402,1.3094,True,False,wall,10.0,13.0,-10.0
4526,425797,272.0,13,170,0.054393,1.4395,True,False,body,130.0,152.0,-10.0
4527,425811,10.0,1,14,0.054392,1.3206,True,False,wall,10.0,10.0,-10.0
4528,426032,380.0,20,221,0.05438,1.4542,True,False,wall,200.0,190.0,-10.0
4529,426240,345.0,18,208,0.054368,1.4271,True,False,wall,180.0,175.0,-10.0
4530,426470,335.0,18,230,0.054356,1.441,True,False,body,180.0,165.0,-10.0
4531,426542,127.0,8,72,0.054352,1.4298,True,False,body,80.0,57.0,-10.0
4532,426586,74.0,5,44,0.05435,1.4452,True,False,wall,50.0,34.0,-10.0
4533,426898,484.0,25,312,0.054333,1.3147,True,False,body,250.0,244.0,-10.0
4534,427156,416.0,21,258,0.054319,1.3251,True,False,body,210.0,216.0,-10.0
4535,427207,85.0,5,51,0.054316,1.2843,True,False,body,50.0,45.0,-10.0
4536,427237,44.0,3,30,0.054314,1.3425,True,False,wall,30.0,24.0,-10.0
4537,427560,475.0,23,323,0.054297,1.4306,True,False,body,230.0,255.0,-10.0
4538,427644,139.0,8,84,0.054292,1.4333,True,False,wall,80.0,69.0,-10.0
4539,427948,498.0,25,304,0.054276,1.3471,True,False,body,250.0,258.0,-10.0
4540,427962,12.0,1,14,0.054275,1.3919,True,False,wall,10.0,12.0,-10.0
4541,428224,430.0,23,262,0.054261,1.4025,True,False,body,230.0,210.0,-10.0
4542,428598,571.0,28,374,0.054242,1.4687,True,False,body,280.0,301.0,-10.0
4543,428698,140.0,7,100,0.054236,1.612,True,False,body,70.0,80.0,-10.0
4544,428753,89.0,5,55,0.054233,1.3768,True,False,wall,50.0,49.0,-10.0
4545,428831,107.0,6,78,0.054229,1.4005,True,False,body,60.0,57.0,-10.0
4546,428940,198.0,12,109,0.054223,1.4105,True,False,body,120.0,88.0,-10.0
4547,429341,585.0,31,401,0.054202,1.4162,True,False,body,310.0,285.0,-10.0
4548,429387,56.0,3,46,0.0542,1.3873,True,False,body,30.0,36.0,-10.0
4549,429602,345.0,19,215,0.054189,1.3977,True,False,body,190.0,165.0,-10.0
4550,430054,643.0,32,452,0.054165,1.4334,True,False,wall,320.0,333.0,-10.0
4551,430226,256.0,13,172,0.054156,1.3362,True,False,wall,130.0,136.0,-10.0
4552,430365,226.0,12,139,0.054149,1.3111,True,False,wall,120.0,116.0,-10.0
4553,430569,317.0,18,204,0.054138,1.4271,True,False,body,180.0,147.0,-10.0
4554,430770,311.0,15,201,0.054128,1.3658,True,False,body,150.0,171.0,-10.0
4555,431045,445.0,23,275,0.054114,1.3433,True,False,body,230.0,225.0,-10.0
4556,431092,79.0,5,47,0.054111,1.3797,True,False,body,50.0,39.0,-10.0
4557,431184,131.0,6,92,0.054107,1.5309,True,False,wall,60.0,81.0,-10.0
4558,431333,241.0,13,149,0.054099,1.3268,True,False,wall,130.0,121.0,-10.0
4559,431404,126.0,8,71,0.054095,1.3631,True,False,wall,80.0,56.0,-10.0
4560,431497,164.0,10,93,0.054091,1.3461,True,False,body,100.0,74.0,-10.0
4561,431598,161.0,9,101,0.054085,1.3446,True,False,body,90.0,81.0,-10.0
4562,431834,355.0,20,236,0.054073,1.3437,True,False,body,200.0,165.0,-10.0
4563,431854,23.0,2,20,0.054072,1.3459,True,False,wall,20.0,13.0,-10.0
4564,432210,578.0,31,356,0.054054,1.3264,True,False,body,310.0,278.0,-10.0
4565,432242,57.0,4,32,0.054053,1.4689,True,False,wall,40.0,27.0,-10.0
4566,432278,43.0,2,36,0.054051,1.2915,True,False,wall,20.0,33.0,-10.0
4567,432322,67.0,4,44,0.054049,1.3188,True,False,wall,40.0,37.0,-10.0
4568,432453,199.0,11,131,0.054042,1.4217,True,False,wall,110.0,99.0,-10.0
4569,432543,140.0,7,90,0.054037,1.4025,True,False,wall,70.0,80.0,-10.0
4570,432622,134.0,8,79,0.054033,1.3535,True,False,wall,80.0,64.0,-10.0
4571,432747,199.0,11,125,0.054027,1.3503,True,False,body,110.0,99.0,-10.0
4572,433023,431.0,20,276,0.054013,1.352,True,False,wall,200.0,241.0,-10.0
4573,433255,365.0,18,232,0.054002,1.2579,True,False,wall,180.0,195.0,-10.0
4574,433322,115.0,7,67,0.053998,1.2478,True,False,body,70.0,55.0,-10.0
4575,433402,111.0,6,80,0.053994,1.2585,True,False,wall,60.0,61.0,-10.0
4576,433459,105.0,7,57,0.053991,1.3345,True,False,body,70.0,45.0,-10.0
4577,433614,274.0,16,155,0.053984,1.6293,True,False,wall,160.0,124.0,-10.0
4578,433681,112.0,8,67,0.05398,1.564,True,False,body,80.0,42.0,-10.0
4579,433906,320.0,16,225,0.053969,1.4393,True,False,wall,160.0,170.0,-10.0
4580,433970,103.0,6,64,0.053966,1.3677,True,False,wall,60.0,53.0,-10.0
4581,434117,259.0,15,147,0.053959,1.2912,True,False,body,150.0,119.0,-10.0
4582,434228,180.0,10,111,0.053953,1.4522,True,False,wall,100.0,90.0,-10.0
4583,434497,424.0,22,269,0.05394,1.3791,True,False,body,220.0,214.0,-10.0
4584,434633,215.0,12,136,0.053933,1.4045,True,False,body,120.0,105.0,-10.0
4585,434987,514.0,25,354,0.053916,1.3486,True,False,wall,250.0,274.0,-10.0
4586,435095,199.0,12,108,0.053911,1.3484,True,False,body,120.0,89.0,-10.0
4587,435448,543.0,27,353,0.053893,1.3425,True,False,body,270.0,283.0,-10.0
4588,435611,257.0,13,163,0.053886,1.2936,True,False,body,130.0,137.0,-10.0
4589,435753,220.0,11,142,0.053879,1.2692,True,False,body,110.0,120.0,-10.0
4590,436121,628.0,35,368,0.053861,1.3461,True,False,body,350.0,288.0,-10.0
4591,436312,329.0,17,191,0.053852,1.282,True,False,body,170.0,169.0,-10.0
4592,436424,228.0,15,112,0.053846,1.3538,True,False,wall,150.0,88.0,-10.0
4593,436564,228.0,13,140,0.05384,1.3894,True,False,body,130.0,108.0,-10.0
4594,436772,319.0,16,208,0.05383,1.3771,True,False,body,160.0,169.0,-10.0
4595,436823,90.0,6,51,0.053827,1.3883,True,False,body,60.0,40.0,-10.0
4596,437037,352.0,19,214,0.053817,1.3223,True,False,body,190.0,172.0,-10.0
4597,437278,368.0,20,241,0.053805,1.4416,True,False,wall,200.0,178.0,-10.0
4598,437310,48.0,3,32,0.053804,1.5559,True,False,body,30.0,28.0,-10.0
4599,437371,100.0,6,61,0.053801,1.4275,True,False,wall,60.0,50.0,-10.0
4600,437480,159.0,7,109,0.053796,1.4136,True,False,body,70.0,99.0,-10.0
4601,437955,693.0,37,475,0.053773,1.4241,True,False,body,370.0,333.0,-10.0
4602,438093,204.0,11,138,0.053767,1.459,True,False,wall,110.0,104.0,-10.0
4603,438124,47.0,3,31,0.053765,1.5454,True,False,body,30.0,27.0,-10.0
4604,438377,413.0,21,253,0.053753,1.4537,True,False,wall,210.0,213.0,-10.0
4605,438537,286.0,17,160,0.053746,1.442,True,False,body,170.0,126.0,-10.0
4606,438577,50.0,3,40,0.053744,1.3985,True,False,wall,30.0,30.0,-10.0
4607,438639,99.0,6,62,0.053741,1.4486,True,False,wall,60.0,49.0,-10.0
4608,438879,372.0,19,240,0.05373,1.4424,True,False,body,190.0,192.0,-10.0
4609,439122,404.0,22,243,0.053719,1.3184,True,False,body,220.0,194.0,-10.0
4610,439571,683.0,33,449,0.053698,1.3183,True,False,body,330.0,363.0,-10.0
4611,439803,378.0,19,232,0.053687,1.4178,True,False,body,190.0,198.0,-10.0
4612,439886,114.0,6,83,0.053683,1.389,True,False,wall,60.0,64.0,-10.0
4613,440162,441.0,24,276,0.053671,1.3526,True,False,wall,240.0,211.0,-10.0
4614,440330,281.0,16,168,0.053663,1.3534,True,False,body,160.0,131.0,-10.0
4615,440372,70.0,5,42,0.053661,1.3329,True,False,body,50.0,30.0,-10.0
4616,440483,169.0,9,111,0.053656,1.4849,True,False,body,90.0,89.0,-10.0
4617,440625,229.0,12,142,0.053649,1.4839,True,False,body,120.0,119.0,-10.0
4618,440861,375.0,18,236,0.053639,1.3687,True,False,body,180.0,205.0,-10.0
4619,441078,351.0,19,217,0.053629,1.3788,True,False,body,190.0,171.0,-10.0
4620,441118,45.0,2,40,0.053627,1.5367,True,False,wall,20.0,35.0,-10.0
4621,441290,288.0,17,172,0.053619,1.3612,True,False,wall,170.0,128.0,-10.0
4622,441373,125.0,7,83,0.053616,1.3561,True,False,wall,70.0,65.0,-10.0
4623,441436,95.0,5,63,0.053613,1.4444,True,False,body,50.0,55.0,-10.0
4624,441509,122.0,8,73,0.053609,1.4225,True,False,body,80.0,52.0,-10.0
4625,441918,669.0,35,409,0.053591,1.4119,True,False,body,350.0,329.0,-10.0
4626,442083,259.0,13,165,0.053584,1.3691,True,False,wall,130.0,139.0,-10.0
4627,442271,343.0,20,188,0.053575,1.4928,True,False,body,200.0,153.0,-10.0
4628,442304,65.0,5,33,0.053574,1.5485,True,False,wall,50.0,25.0,-10.0
4629,442491,311.0,17,187,0.053565,1.3081,True,False,body,170.0,151.0,-10.0
4630,442832,530.0,28,341,0.05355,1.3217,True,False,body,280.0,260.0,-10.0
4631,442950,198.0,11,118,0.053545,1.3291,True,False,body,110.0,98.0,-10.0
4632,442987,62.0,4,37,0.053543,1.3223,True,False,body,40.0,32.0,-10.0
4633,443149,267.0,14,162,0.053536,1.3245,True,False,wall,140.0,137.0,-10.0
4634,443300,254.0,14,151,0.053529,1.3218,True,False,body,140.0,124.0,-10.0
4635,443554,431.0,22,254,0.053518,1.3641,True,False,body,220.0,221.0,-10.0
4636,443869,544.0,32,315,0.053504,1.3639,True,False,body,320.0,234.0,-10.0
4637,444144,408.0,20,275,0.053492,1.3387,True,False,body,200.0,218.0,-10.0
4638,444388,432.0,25,244,0.053482,1.3243,True,False,body,250.0,192.0,-10.0
4639,444539,242.0,12,151,0.053475,1.4422,True,False,wall,120.0,132.0,-10.0
4640,444671,212.0,11,132,0.053469,1.3355,True,False,body,110.0,112.0,-10.0
4641,444962,467.0,25,291,0.053457,1.4761,True,False,body,250.0,227.0,-10.0
4642,445223,402.0,22,261,0.053446,1.3579,True,False,body,220.0,192.0,-10.0
4643,445318,150.0,8,95,0.053442,1.29,True,False,body,80.0,80.0,-10.0
4644,445415,153.0,9,97,0.053437,1.3043,True,False,body,90.0,73.0,-10.0
4645,445440,41.0,3,25,0.053436,1.3068,True,False,wall,30.0,21.0,-10.0
4646,445786,553.0,30,346,0.053421,1.3597,True,False,body,300.0,263.0,-10.0
4647,445999,317.0,15,213,0.053412,1.357,True,False,wall,150.0,177.0,-10.0
4648,446072,137.0,9,73,0.053409,1.2863,True,False,body,90.0,57.0,-10.0
4649,446155,129.0,7,83,0.053406,1.2711,True,False,wall,70.0,69.0,-10.0
4650,446257,167.0,10,102,0.053401,1.4113,True,False,body,100.0,77.0,-10.0
4651,446525,444.0,23,268,0.05339,1.2874,True,False,wall,230.0,224.0,-10.0
4652,446636,174.0,10,111,0.053385,1.3128,True,False,body,100.0,84.0,-10.0
4653,446857,383.0,21,221,0.053376,1.4438,True,False,body,210.0,183.0,-10.0
4654,447111,408.0,21,254,0.053365,1.3302,True,False,body,210.0,208.0,-10.0
4655,447402,458.0,24,291,0.053353,1.3286,True,False,body,240.0,228.0,-10.0
4656,447721,501.0,25,319,0.05334,1.3344,True,False,body,250.0,261.0,-10.0
4657,447766,70.0,4,45,0.053338,1.2788,True,False,wall,40.0,40.0,-10.0
4658,447944,335.0,20,178,0.05333,1.3023,True,False,body,200.0,145.0,-10.0
4659,448138,313.0,18,194,0.053322,1.3666,True,False,wall,180.0,143.0,-10.0
4660,448256,182.0,9,118,0.053317,1.3008,True,False,wall,90.0,102.0,-10.0
4661,448444,307.0,16,188,0.05331,1.3284,True,False,body,160.0,157.0,-10.0
4662,448593,256.0,14,149,0.053303,1.2988,True,False,wall,140.0,126.0,-10.0
4663,448855,406.0,19,262,0.053293,1.3825,True,False,body,190.0,226.0,-10.0
4664,449169,488.0,23,314,0.05328,1.3111,True,False,body,230.0,268.0,-10.0
4665,449198,50.0,4,29,0.053279,1.3489,True,False,wall,40.0,20.0,-10.0
4666,449314,205.0,12,116,0.053274,1.3947,True,False,body,120.0,95.0,-10.0
4667,449349,74.0,6,35,0.053272,1.2816,True,False,body,60.0,24.0,-10.0
4668,449449,155.0,8,100,0.053268,1.3952,True,False,body,80.0,85.0,-10.0
4669,449744,446.0,24,295,0.053256,1.3625,True,False,body,240.0,216.0,-10.0
4670,449906,253.0,14,162,0.05325,1.3399,True,False,body,140.0,123.0,-10.0
4671,450130,353.0,20,224,0.053241,1.325,True,False,body,200.0,163.0,-10.0
4672,450181,70.0,4,51,0.053239,1.3169,True,False,wall,40.0,40.0,-10.0
4673,450537,566.0,29,356,0.053224,1.3592,True,False,wall,290.0,286.0,-10.0
4674,450621,132.0,7,84,0.053221,1.4413,True,False,wall,70.0,72.0,-10.0
4675,450943,497.0,24,322,0.053208,1.357,True,False,wall,240.0,267.0,-10.0
4676,451084,237.0,13,141,0.053202,1.3258,True,False,wall,130.0,117.0,-10.0
4677,451332,423.0,22,248,0.053192,1.3282,True,False,body,220.0,213.0,-10.0
4678,451542,325.0,18,210,0.053184,1.3411,True,False,body,180.0,155.0,-10.0
4679,451707,271.0,15,165,0.053177,1.2988,True,False,wall,150.0,131.0,-10.0
4680,451975,436.0,25,268,0.053167,1.3838,True,False,body,250.0,196.0,-10.0
4681,452037,103.0,6,62,0.053164,1.4063,True,False,body,60.0,53.0,-10.0
4682,452117,117.0,6,80,0.053161,1.4102,True,False,wall,60.0,67.0,-10.0
4683,452399,458.0,25,282,0.05315,1.5381,True,False,body,250.0,218.0,-10.0
4684,452475,140.0,9,76,0.053147,1.426,True,False,body,90.0,60.0,-10.0
4685,452751,455.0,24,276,0.053136,1.398,True,False,body,240.0,225.0,-10.0
4686,453077,518.0,27,326,0.053123,1.3921,True,False,body,270.0,258.0,-10.0
4687,453177,159.0,8,100,0.05312,1.2979,True,False,wall,80.0,89.0,-10.0
4688,453308,179.0,9,131,0.053114,1.3128,True,False,body,90.0,99.0,-10.0
4689,453470,226.0,11,162,0.053108,1.3438,True,False,body,110.0,126.0,-10.0
4690,453612,236.0,13,142,0.053103,1.3244,True,False,wall,130.0,116.0,-10.0
4691,453645,45.0,3,33,0.053101,1.1364,True,False,body,30.0,25.0,-10.0
4692,453759,162.0,9,114,0.053097,1.2518,True,False,body,90.0,82.0,-10.0
4693,453867,172.0,9,108,0.053093,1.3426,True,False,body,90.0,92.0,-10.0
4694,453971,179.0,10,104,0.053089,1.2999,True,False,body,100.0,89.0,-10.0
4695,454294,472.0,26,323,0.053076,1.2571,True,False,body,260.0,222.0,-10.0
4696,454519,362.0,20,225,0.053068,1.3337,True,False,body,200.0,172.0,-10.0
4697,454675,237.0,12,156,0.053062,1.3529,True,False,wall,120.0,127.0,-10.0
4698,454888,343.0,19,213,0.053054,1.4898,True,False,body,190.0,163.0,-10.0
4699,455070,288.0,15,182,0.053047,1.3758,True,False,wall,150.0,148.0,-10.0
4700,455241,249.0,15,171,0.05304,1.4671,True,False,body,150.0,109.0,-10.0
4701,455437,277.0,14,196,0.053033,1.3789,True,False,wall,140.0,147.0,-10.0
4702,455706,403.0,23,269,0.053022,1.3482,True,False,body,230.0,183.0,-10.0
4703,455874,290.0,17,168,0.053016,1.479,True,False,body,170.0,130.0,-10.0
4704,455900,33.0,2,26,0.053015,1.4113,True,False,wall,20.0,23.0,-10.0
4705,456211,460.0,24,311,0.053003,1.4351,True,False,body,240.0,230.0,-10.0
4706,456430,341.0,17,219,0.052995,1.3238,True,False,body,170.0,181.0,-10.0
4707,456661,364.0,20,231,0.052987,1.2929,True,False,body,200.0,174.0,-10.0
4708,456796,212.0,12,135,0.052982,1.4044,True,False,wall,120.0,102.0,-10.0
4709,456839,75.0,5,43,0.05298,1.4274,True,False,wall,50.0,35.0,-10.0
4710,456874,51.0,3,35,0.052979,1.5024,True,False,wall,30.0,31.0,-10.0
4711,456895,15.0,1,21,0.052978,1.2885,True,False,wall,10.0,15.0,-10.0
4712,457181,466.0,25,286,0.052967,1.3649,True,False,body,250.0,226.0,-10.0
4713,457302,206.0,12,121,0.052963,1.4558,True,False,body,120.0,96.0,-10.0
4714,457364,103.0,6,62,0.05296,1.3936,True,False,wall,60.0,53.0,-10.0
4715,457754,587.0,28,390,0.052946,1.4255,True,False,body,280.0,317.0,-10.0
4716,457786,42.0,3,32,0.052945,1.6612,True,False,body,30.0,22.0,-10.0
4717,458031,369.0,17,245,0.052936,1.4392,True,False,wall,170.0,209.0,-10.0
4718,458071,65.0,4,40,0.052934,1.3785,True,False,wall,40.0,35.0,-10.0
4719,458170,156.0,8,99,0.052931,1.3319,True,False,wall,80.0,86.0,-10.0
4720,458452,438.0,25,282,0.05292,1.3739,True,False,body,250.0,198.0,-10.0
4721,458702,403.0,24,250,0.052911,1.3102,True,False,body,240.0,173.0,-10.0
4722,458823,179.0,9,121,0.052907,1.3229,True,False,wall,90.0,99.0,-10.0
4723,459183,479.0,26,360,0.052894,1.3098,True,False,body,260.0,229.0,-10.0
4724,459322,264.0,16,139,0.052889,1.2771,True,False,body,160.0,114.0,-10.0
4725,459335,11.0,1,13,0.052888,1.3981,True,False,wall,10.0,11.0,-10.0
4726,459540,322.0,16,205,0.052881,1.4007,True,False,body,160.0,172.0,-10.0
4727,459659,209.0,13,119,0.052877,1.3292,True,False,body,130.0,89.0,-10.0
4728,459808,233.0,11,149,0.052871,1.2878,True,False,wall,110.0,133.0,-10.0
4729,460052,379.0,22,244,0.052863,1.4027,True,False,body,220.0,169.0,-10.0
4730,460390,552.0,31,338,0.052851,1.4022,True,False,wall,310.0,252.0,-10.0
4731,460638,409.0,22,248,0.052842,1.3521,True,False,body,220.0,199.0,-10.0
4732,460791,281.0,17,153,0.052836,1.3764,True,False,body,170.0,121.0,-10.0
4733,460938,228.0,12,147,0.052831,1.4964,True,False,wall,120.0,118.0,-10.0
4734,461017,129.0,7,79,0.052828,1.2744,True,False,wall,70.0,69.0,-10.0
4735,461062,70.0,4,45,0.052827,1.3612,True,False,body,40.0,40.0,-10.0
4736,461322,381.0,20,260,0.052818,1.3831,True,False,body,200.0,191.0,-10.0
4737,461337,13.0,1,15,0.052817,1.3512,True,False,wall,10.0,13.0,-10.0
4738,461424,142.0,8,87,0.052814,1.3597,True,False,wall,80.0,72.0,-10.0
4739,461505,125.0,7,81,0.052811,1.4423,True,False,wall,70.0,65.0,-10.0
4740,461643,223.0,12,138,0.052806,1.4977,True,False,body,120.0,113.0,-10.0
4741,461884,351.0,17,241,0.052798,1.4322,True,False,body,170.0,191.0,-10.0
4742,462176,413.0,24,292,0.052788,1.4652,True,False,body,240.0,183.0,-10.0
4743,462226,67.0,4,50,0.052786,1.3405,True,False,wall,40.0,37.0,-10.0
4744,462256,46.0,3,30,0.052785,1.4248,True,False,wall,30.0,26.0,-10.0
4745,462527,401.0,23,271,0.052775,1.448,True,False,body,230.0,181.0,-10.0
4746,462722,343.0,21,195,0.052769,1.3826,True,False,wall,210.0,143.0,-10.0
4747,462766,58.0,3,44,0.052767,1.5914,True,False,body,30.0,38.0,-10.0
4748,463046,404.0,21,280,0.052757,1.3992,True,False,body,210.0,204.0,-10.0
4749,463324,464.0,25,278,0.052748,1.3494,True,False,body,250.0,224.0,-10.0
4750,463372,80.0,5,48,0.052746,1.3636,True,False,body,50.0,40.0,-10.0
4751,463748,527.0,30,376,0.052733,1.4766,True,False,body,300.0,237.0,-10.0
4752,463797,74.0,4,49,0.052732,1.5192,True,False,wall,40.0,44.0,-10.0
4753,464156,599.0,31,359,0.052719,1.5269,True,False,body,310.0,299.0,-10.0
4754,464278,185.0,12,122,0.052715,1.4435,True,False,body,120.0,75.0,-10.0
4755,464457,287.0,15,179,0.052709,1.3886,True,False,wall,150.0,147.0,-10.0
4756,464587,212.0,11,130,0.052705,1.415,True,False,wall,110.0,112.0,-10.0
4757,464635,82.0,5,48,0.052703,1.3318,True,False,body,50.0,42.0,-10.0
4758,464902,450.0,24,267,0.052694,1.3966,True,False,body,240.0,220.0,-10.0
4759,465330,712.0,37,428,0.05268,1.3806,True,False,body,370.0,352.0,-10.0
4760,465398,96.0,5,68,0.052678,1.3805,True,False,body,50.0,56.0,-10.0
4761,465630,350.0,17,232,0.05267,1.3243,True,False,body,170.0,190.0,-10.0
4762,465821,310.0,16,191,0.052663,1.3479,True,False,body,160.0,160.0,-10.0
4763,466045,367.0,20,224,0.052656,1.2972,True,False,body,200.0,177.0,-10.0
4764,466331,448.0,23,286,0.052647,1.3748,True,False,body,230.0,228.0,-10.0
4765,466366,60.0,4,35,0.052645,1.2769,True,False,wall,40.0,30.0,-10.0
4766,466712,577.0,30,346,0.052634,1.3273,True,False,body,300.0,287.0,-10.0
4767,466731,17.0,1,19,0.052633,1.3951,True,False,wall,10.0,17.0,-10.0
4768,466818,135.0,9,87,0.05263,1.2932,True,False,wall,90.0,55.0,-10.0
4769,467021,310.0,16,203,0.052624,1.3505,True,False,body,160.0,160.0,-10.0
4770,467143,184.0,9,122,0.05262,1.2964,True,False,wall,90.0,104.0,-10.0
4771,467391,360.0,19,248,0.052612,1.3819,True,False,body,190.0,180.0,-10.0
4772,467411,16.0,1,20,0.052611,1.3925,True,False,wall,10.0,16.0,-10.0
4773,467634,343.0,17,223,0.052604,1.4054,True,False,body,170.0,183.0,-10.0
4774,467944,482.0,25,310,0.052594,1.4366,True,False,body,250.0,242.0,-10.0
4775,468207,430.0,26,263,0.052585,1.3667,True,False,body,260.0,180.0,-10.0
4776,468417,323.0,16,210,0.052578,1.2636,True,False,body,160.0,173.0,-10.0
4777,468668,345.0,17,251,0.05257,1.43,True,False,body,170.0,185.0,-10.0
4778,468917,436.0,24,249,0.052562,1.3024,True,False,wall,240.0,206.0,-10.0
4779,469380,728.0,38,463,0.052548,1.3856,True,False,body,380.0,358.0,-10.0
4780,469459,111.0,5,79,0.052545,1.4283,True,False,body,50.0,71.0,-10.0
4781,469761,447.0,20,302,0.052535,1.3822,True,False,body,200.0,257.0,-10.0
4782,469980,360.0,20,219,0.052529,1.2911,True,False,body,200.0,170.0,-10.0
4783,470223,405.0,23,243,0.052521,1.5836,True,False,body,230.0,185.0,-10.0
4784,470589,524.0,27,366,0.052509,1.3772,True,False,body,270.0,264.0,-10.0
4785,470664,115.0,7,75,0.052507,1.3932,True,False,body,70.0,55.0,-10.0
4786,471041,638.0,34,377,0.052495,1.3791,True,False,wall,340.0,308.0,-10.0
4787,471322,465.0,23,281,0.052486,1.3835,True,False,wall,230.0,245.0,-10.0
4788,471478,235.0,12,156,0.052482,1.4467,True,False,body,120.0,125.0,-10.0
4789,471643,291.0,19,165,0.052477,1.4898,True,False,body,190.0,111.0,-10.0
4790,471791,233.0,12,148,0.052472,1.4743,True,False,body,120.0,123.0,-10.0
4791,472026,309.0,17,235,0.052465,1.5424,True,False,body,170.0,149.0,-10.0
4792,472285,406.0,20,259,0.052457,1.4485,True,False,body,200.0,216.0,-10.0
4793,472518,368.0,18,233,0.05245,1.33,True,False,body,180.0,198.0,-10.0
4794,472986,641.0,36,468,0.052435,1.3555,True,False,body,360.0,291.0,-10.0
4795,473309,532.0,28,323,0.052425,1.4558,True,False,wall,280.0,262.0,-10.0
4796,473705,608.0,31,396,0.052414,1.4253,True,False,body,310.0,308.0,-10.0
4797,473865,269.0,16,160,0.052409,1.4729,True,False,body,160.0,119.0,-10.0
4798,473920,69.0,3,55,0.052407,1.4119,True,False,wall,30.0,49.0,-10.0
4799,474225,479.0,27,305,0.052398,1.3371,True,False,body,270.0,219.0,-10.0
4800,474363,207.0,10,138,0.052394,1.2987,True,False,body,100.0,117.0,-10.0
4801,474393,44.0,3,30,0.052393,1.8475,True,False,body,30.0,24.0,-10.0
4802,474552,269.0,15,159,0.052388,1.4493,True,False,wall,150.0,129.0,-10.0
4803,474787,401.0,23,235,0.052381,1.3787,True,False,body,230.0,181.0,-10.0
4804,474798,9.0,1,11,0.052381,2.155,True,False,wall,10.0,9.0,-10.0
4805,474887,126.0,6,89,0.052378,1.3974,True,False,body,60.0,76.0,-10.0
4806,475041,256.0,15,154,0.052374,1.3567,True,False,body,150.0,116.0,-10.0
4807,475391,587.0,34,350,0.052363,1.4634,True,False,body,340.0,257.0,-10.0
4808,475600,323.0,17,209,0.052357,1.4242,True,False,body,170.0,163.0,-10.0
4809,475855,438.0,24,255,0.05235,1.3503,True,False,body,240.0,208.0,-10.0
4810,476065,349.0,20,210,0.052343,1.3285,True,False,wall,200.0,159.0,-10.0
4811,476128,98.0,6,63,0.052342,1.4396,True,False,body,60.0,48.0,-10.0
4812,476233,156.0,8,105,0.052338,1.3382,True,False,body,80.0,86.0,-10.0
4813,476560,527.0,27,327,0.052329,1.4632,True,False,body,270.0,267.0,-10.0
4814,476846,460.0,25,286,0.052321,1.4468,True,False,body,250.0,220.0,-10.0
4815,477209,559.0,29,363,0.05231,1.522,True,False,body,290.0,279.0,-10.0
4816,477708,776.0,40,499,0.052296,1.3936,True,False,body,400.0,386.0,-10.0
4817,478019,459.0,23,311,0.052287,1.4161,True,False,wall,230.0,239.0,-10.0
4818,478056,58.0,4,37,0.052286,1.5787,True,False,wall,40.0,28.0,-10.0
4819,478321,456.0,26,265,0.052278,1.4208,True,False,body,260.0,206.0,-10.0
4820,478679,557.0,28,358,0.052268,1.3888,True,False,body,280.0,287.0,-10.0
4821,478705,38.0,3,26,0.052267,1.442,True,False,body,30.0,18.0,-10.0
4822,478858,287.0,17,153,0.052263,1.3909,True,False,body,170.0,127.0,-10.0
4823,478889,56.0,4,31,0.052262,1.3271,True,False,body,40.0,26.0,-10.0
4824,479032,205.0,11,143,0.052258,1.3934,True,False,wall,110.0,105.0,-10.0
4825,479124,143.0,8,92,0.052255,1.5317,True,False,wall,80.0,73.0,-10.0
4826,479292,253.0,12,168,0.052251,1.4581,True,False,body,120.0,143.0,-10.0
4827,479481,306.0,16,189,0.052245,1.4413,True,False,body,160.0,156.0,-10.0
4828,479636,264.0,14,155,0.052241,1.3681,True,False,wall,140.0,134.0,-10.0
4829,479673,47.0,3,37,0.05224,1.3286,True,False,body,30.0,27.0,-10.0
4830,479818,243.0,13,145,0.052236,1.4472,True,False,wall,130.0,123.0,-10.0
4831,479911,171.0,11,93,0.052233,1.4776,True,False,body,110.0,71.0,-10.0
4832,480065,233.0,12,154,0.052229,1.5133,True,False,body,120.0,123.0,-10.0
4833,480094,36.0,2,29,0.052228,1.2995,True,False,wall,20.0,26.0,-10.0
4834,480181,129.0,7,87,0.052226,1.414,True,False,wall,70.0,69.0,-10.0
4835,480465,442.0,23,284,0.052218,1.3594,True,False,body,230.0,222.0,-10.0
4836,480490,41.0,3,25,0.052217,1.5124,True,False,body,30.0,21.0,-10.0
4837,480658,280.0,15,168,0.052213,1.5884,True,False,wall,150.0,140.0,-10.0
4838,480768,171.0,10,110,0.05221,1.3629,True,False,wall,100.0,81.0,-10.0
4839,480843,121.0,7,75,0.052207,1.5222,True,False,body,70.0,61.0,-10.0
4840,480974,205.0,11,131,0.052204,1.3362,True,False,wall,110.0,105.0,-10.0
4841,481339,559.0,31,365,0.052194,1.3128,True,False,body,310.0,259.0,-10.0
4842,481480,240.0,14,141,0.05219,1.3826,True,False,body,140.0,110.0,-10.0
4843,481796,534.0,29,316,0.052181,1.3539,True,False,body,290.0,254.0,-10.0
4844,482247,639.0,31,451,0.052169,1.395,True,False,body,310.0,339.0,-10.0
4845,482375,199.0,10,128,0.052166,1.3725,True,False,body,100.0,109.0,-10.0
4846,482630,406.0,22,255,0.052159,1.3372,True,False,body,220.0,196.0,-10.0
4847,482974,495.0,26,344,0.052149,1.3789,True,False,wall,260.0,245.0,-10.0
4848,482988,3.0,0,14,0.052149,1.4201,True,False,wall,0.0,13.0,-10.0
4849,483277,461.0,25,289,0.052141,1.3432,True,False,body,250.0,221.0,-10.0
4850,483359,144.0,9,82,0.052139,1.322,True,False,wall,90.0,64.0,-10.0
4851,483524,255.0,13,165,0.052135,1.3033,True,False,body,130.0,135.0,-10.0
4852,483764,344.0,19,240,0.052128,1.2782,True,False,body,190.0,164.0,-10.0
4853,483821,109.0,7,57,0.052127,1.557,True,False,wall,70.0,49.0,-10.0
4854,483880,96.0,6,59,0.052125,1.4736,True,False,wall,60.0,46.0,-10.0
4855,484260,569.0,30,380,0.052115,1.3876,True,False,wall,300.0,279.0,-10.0
4856,484392,200.0,11,132,0.052112,1.4524,True,False,body,110.0,100.0,-10.0
4857,484638,382.0,19,246,0.052105,1.3775,True,False,body,190.0,202.0,-10.0
4858,484983,505.0,29,345,0.052096,1.3942,True,False,body,290.0,225.0,-10.0
4859,485093,201.0,12,110,0.052093,1.3934,True,False,body,120.0,91.0,-10.0
4860,485207,185.0,10,114,0.05209,1.4058,True,False,body,100.0,95.0,-10.0
4861,485530,487.0,23,323,0.052082,1.373,True,False,body,230.0,267.0,-10.0
4862,485700,297.0,16,170,0.052077,1.3363,True,False,wall,160.0,147.0,-10.0
4863,485883,281.0,15,183,0.052073,1.3811,True,False,wall,150.0,141.0,-10.0
4864,485929,65.0,4,46,0.052072,1.2308,True,False,wall,40.0,35.0,-10.0
4865,486092,246.0,14,163,0.052067,1.335,True,False,body,140.0,116.0,-10.0
4866,486282,317.0,16,190,0.052062,1.358,True,False,body,160.0,167.0,-10.0
4867,486449,247.0,13,167,0.052058,1.5243,True,False,body,130.0,127.0,-10.0
4868,486694,401.0,21,245,0.052052,1.4137,True,False,wall,210.0,201.0,-10.0
4869,486805,173.0,9,111,0.052049,1.3459,True,False,body,90.0,93.0,-10.0
4870,487078,448.0,24,273,0.052042,1.362,True,False,body,240.0,218.0,-10.0
4871,487106,20.0,1,28,0.052041,1.3166,True,False,wall,10.0,20.0,-10.0
4872,487167,89.0,5,61,0.05204,1.361,True,False,wall,50.0,49.0,-10.0
4873,487432,460.0,26,265,0.052033,1.3097,True,False,wall,260.0,210.0,-10.0
4874,487525,157.0,9,93,0.052031,1.3217,True,False,body,90.0,77.0,-10.0
4875,487649,176.0,9,124,0.052027,1.3154,True,False,body,90.0,96.0,-10.0
4876,487754,194.0,12,105,0.052025,1.2948,True,False,body,120.0,84.0,-10.0
4877,487770,21.0,2,16,0.052024,1.3384,True,False,wall,20.0,11.0,-10.0
4878,487859,144.0,8,89,0.052022,1.2035,True,False,body,80.0,74.0,-10.0
4879,488182,553.0,29,323,0.052014,1.2793,True,False,wall,290.0,273.0,-10.0
4880,488543,519.0,27,361,0.052005,1.3388,True,False,body,270.0,259.0,-10.0
4881,488717,267.0,14,174,0.052001,1.3881,True,False,body,140.0,137.0,-10.0
4882,489131,646.0,33,414,0.05199,1.4087,True,False,body,330.0,326.0,-10.0
4883,489395,431.0,24,264,0.051984,1.4231,True,False,body,240.0,201.0,-10.0
4884,489570,286.0,14,175,0.051979,1.4027,True,False,wall,140.0,156.0,-10.0
4885,489642,113.0,6,72,0.051978,1.2301,True,False,wall,60.0,63.0,-10.0
4886,489705,93.0,5,63,0.051976,1.1965,True,False,wall,50.0,53.0,-10.0
4887,489849,189.0,10,144,0.051972,1.3595,True,False,body,100.0,99.0,-10.0
4888,490033,264.0,13,184,0.051968,1.4201,True,False,body,130.0,144.0,-10.0
4889,490329,424.0,21,296,0.051961,1.3625,True,False,body,210.0,224.0,-10.0
4890,490650,429.0,21,321,0.051953,1.3299,True,False,body,210.0,229.0,-10.0
4891,490850,326.0,19,200,0.051948,1.3262,True,False,body,190.0,146.0,-10.0
4892,490975,195.0,11,125,0.051945,1.5951,True,False,wall,110.0,95.0,-10.0
4893,491073,117.0,6,98,0.051943,1.3858,True,False,body,60.0,67.0,-10.0
4894,491373,443.0,22,300,0.051935,1.3419,True,False,wall,220.0,233.0,-10.0
4895,491768,661.0,35,395,0.051926,1.3227,True,False,wall,350.0,321.0,-10.0
4896,492163,533.0,29,395,0.051916,1.3566,True,False,wall,290.0,253.0,-10.0
4897,492275,187.0,10,112,0.051914,1.4007,True,False,body,100.0,97.0,-10.0
4898,492332,85.0,5,57,0.051912,1.3956,True,False,wall,50.0,45.0,-10.0
4899,492441,191.0,11,109,0.05191,1.2898,True,False,wall,110.0,91.0,-10.0
4900,492627,290.0,15,186,0.051905,1.4195,True,False,body,150.0,150.0,-10.0
4901,492700,123.0,7,73,0.051903,1.3427,True,False,body,70.0,63.0,-10.0
4902,492845,249.0,13,145,0.0519,1.2324,True,False,wall,130.0,129.0,-10.0
4903,493158,507.0,27,313,0.051893,1.382,True,False,body,270.0,247.0,-10.0
4904,493550,621.0,32,392,0.051883,1.3894,True,False,body,320.0,311.0,-10.0
4905,493656,168.0,11,106,0.051881,1.3917,True,False,body,110.0,68.0,-10.0
4906,493913,403.0,21,257,0.051875,1.3886,True,False,body,210.0,203.0,-10.0
4907,494048,217.0,11,135,0.051872,1.444,True,False,body,110.0,117.0,-10.0
4908,494210,288.0,17,162,0.051868,1.3658,True,False,body,170.0,128.0,-10.0
4909,494435,388.0,22,225,0.051863,1.4076,True,False,body,220.0,178.0,-10.0
4910,494542,209.0,13,107,0.05186,1.4333,True,False,wall,130.0,89.0,-10.0
4911,494682,288.0,19,140,0.051857,1.547,True,False,body,190.0,108.0,-10.0
4912,494694,10.0,1,12,0.051857,1.3061,True,False,wall,10.0,10.0,-10.0
4913,494718,47.0,4,24,0.051856,1.3379,True,False,body,40.0,17.0,-10.0
4914,494765,77.0,5,47,0.051855,1.4089,True,False,wall,50.0,37.0,-10.0
4915,494957,341.0,20,192,0.05185,1.4913,True,False,wall,200.0,151.0,-10.0
4916,495095,234.0,13,138,0.051847,1.3318,True,False,wall,130.0,114.0,-10.0
4917,495192,174.0,10,97,0.051845,1.4729,True,False,wall,100.0,84.0,-10.0
4918,495262,116.0,7,70,0.051843,1.4701,True,False,body,70.0,56.0,-10.0
4919,495335,99.0,5,73,0.051842,1.2957,True,False,body,50.0,59.0,-10.0
4920,495555,329.0,16,220,0.051837,1.3576,True,False,wall,160.0,179.0,-10.0
4921,495866,449.0,23,311,0.05183,1.4626,True,False,body,230.0,229.0,-10.0
4922,495912,97.0,8,46,0.051828,1.4336,True,False,wall,80.0,27.0,-10.0
4923,496155,385.0,19,243,0.051823,1.354,True,False,body,190.0,205.0,-10.0
4924,496371,350.0,19,216,0.051818,1.3737,True,False,body,190.0,170.0,-10.0
4925,496444,115.0,7,73,0.051816,1.3885,True,False,wall,70.0,55.0,-10.0
4926,496718,465.0,26,274,0.05181,1.4032,True,False,wall,260.0,215.0,-10.0
4927,496825,154.0,8,107,0.051808,1.3559,True,False,wall,80.0,84.0,-10.0
4928,497165,525.0,28,340,0.0518,1.3404,True,False,body,280.0,255.0,-10.0
4929,497534,585.0,31,369,0.051792,1.4105,True,False,body,310.0,285.0,-10.0
4930,497603,108.0,6,69,0.05179,1.3793,True,False,wall,60.0,58.0,-10.0
4931,497706,169.0,9,103,0.051788,1.3406,True,False,body,90.0,89.0,-10.0
4932,498090,551.0,30,384,0.051779,1.3625,True,False,wall,300.0,261.0,-10.0
4933,498351,423.0,21,261,0.051774,1.4043,True,False,wall,210.0,223.0,-10.0
4934,498616,446.0,24,265,0.051768,1.3714,True,False,body,240.0,216.0,-10.0
4935,499006,619.0,32,390,0.051759,1.3998,True,False,wall,320.0,309.0,-10.0
4936,499172,247.0,12,166,0.051755,1.5621,True,False,body,120.0,137.0,-10.0
4937,499237,69.0,3,65,0.051754,1.5081,True,False,wall,30.0,49.0,-10.0
4938,499545,482.0,29,308,0.051747,1.4725,True,False,body,290.0,202.0,-10.0
4939,499648,147.0,9,103,0.051745,1.4401,True,False,body,90.0,67.0,-10.0
4940,499729,120.0,6,81,0.051743,1.42,True,False,wall,60.0,70.0,-10.0
4941,499902,273.0,15,173,0.05174,1.3015,True,False,body,150.0,133.0,-10.0
4942,499959,72.0,4,57,0.051738,1.3713,True,False,body,40.0,42.0,-10.0
4943,500000,75.0,4,41,0.051737,1.3955,False,False,budget_cutoff,40.0,35.0,0.0
