episode,env_steps_total,episode_reward,score,survival_steps,epsilon,loss_mean,terminated,truncated,death_reason,fruit_reward_sum,distance_shaping_reward_sum,death_penalty_sum
0,54,6.0,1,54,0.949393,0.0,True,False,wall,10.0,6.0,-10.0
1,109,-14.0,0,55,0.948775,0.0,True,False,wall,0.0,-4.0,-10.0
2,149,-17.0,0,40,0.948325,0.0,True,False,wall,0.0,-7.0,-10.0
3,174,-18.0,0,25,0.948045,0.0,True,False,wall,0.0,-8.0,-10.0
4,227,-12.0,0,53,0.94745,0.0,True,False,wall,0.0,-2.0,-10.0
5,304,-22.0,0,77,0.946586,0.0,True,False,wall,0.0,-12.0,-10.0
6,361,-5.0,1,57,0.945948,0.0,True,False,wall,10.0,-5.0,-10.0
7,393,-17.0,0,32,0.94559,0.0,True,False,wall,0.0,-7.0,-10.0
8,418,9.0,1,25,0.94531,0.0,True,False,wall,10.0,9.0,-10.0
9,431,-18.0,0,13,0.945164,0.0,True,False,wall,0.0,-8.0,-10.0
10,452,-16.0,0,21,0.944929,0.0,True,False,wall,0.0,-6.0,-10.0
11,482,-5.0,0,30,0.944594,0.0,True,False,wall,0.0,5.0,-10.0
12,521,1.0,1,39,0.944158,0.0,True,False,wall,10.0,1.0,-10.0
13,655,-19.0,0,134,0.942661,0.0,True,False,wall,0.0,-9.0,-10.0
14,730,-12.0,0,75,0.941825,0.0,True,False,wall,0.0,-2.0,-10.0
15,753,-18.0,0,23,0.941568,0.0,True,False,wall,0.0,-8.0,-10.0
16,789,-15.0,0,36,0.941167,0.0,True,False,wall,0.0,-5.0,-10.0
17,843,-11.0,0,54,0.940566,0.0,True,False,wall,0.0,-1.0,-10.0
18,895,-15.0,0,52,0.939987,0.0,True,False,wall,0.0,-5.0,-10.0
19,913,-11.0,0,18,0.939787,0.0,True,False,wall,0.0,-1.0,-10.0
20,963,0.0,1,50,0.939231,0.0,True,False,wall,10.0,0.0,-10.0
21,981,-7.0,0,18,0.939031,0.0,True,False,wall,0.0,3.0,-10.0
22,1030,-24.0,0,49,0.938487,0.0,True,False,wall,0.0,-14.0,-10.0
23,1065,-5.0,1,35,0.938098,0.0,True,False,wall,10.0,-5.0,-10.0
24,1081,-15.0,0,16,0.937921,0.0,True,False,wall,0.0,-5.0,-10.0
25,1146,-20.0,0,65,0.937199,0.0,True,False,wall,0.0,-10.0,-10.0
26,1183,3.0,1,37,0.936789,0.0,True,False,wall,10.0,3.0,-10.0
27,1222,9.0,1,39,0.936357,0.0,True,False,wall,10.0,9.0,-10.0
28,1241,-7.0,1,19,0.936146,0.0,True,False,wall,10.0,-7.0,-10.0
29,1257,-15.0,0,16,0.935969,0.0,True,False,wall,0.0,-5.0,-10.0
30,1282,-10.0,0,25,0.935692,0.0,True,False,wall,0.0,0.0,-10.0
31,1304,-17.0,0,22,0.935449,0.0,True,False,wall,0.0,-7.0,-10.0
32,1344,-19.0,0,40,0.935006,0.0,True,False,wall,0.0,-9.0,-10.0
33,1383,-16.0,0,39,0.934575,0.0,True,False,wall,0.0,-6.0,-10.0
34,1429,-10.0,1,46,0.934066,0.0,True,False,wall,10.0,-10.0,-10.0
35,1451,-21.0,0,22,0.933823,0.0,True,False,wall,0.0,-11.0,-10.0
36,1484,-20.0,0,33,0.933459,0.0,True,False,wall,0.0,-10.0,-10.0
37,1501,-14.0,0,17,0.933271,0.0,True,False,wall,0.0,-4.0,-10.0
38,1556,-20.0,0,55,0.932664,0.0,True,False,wall,0.0,-10.0,-10.0
39,1601,-12.0,0,45,0.932168,0.0,True,False,wall,0.0,-2.0,-10.0
40,1619,-3.0,0,18,0.931969,0.0,True,False,wall,0.0,7.0,-10.0
41,1643,6.0,1,24,0.931705,0.0,True,False,wall,10.0,6.0,-10.0
42,1679,-11.0,0,36,0.931308,0.0,True,False,wall,0.0,-1.0,-10.0
43,1723,-19.0,0,44,0.930823,0.0,True,False,wall,0.0,-9.0,-10.0
44,1781,-7.0,0,58,0.930185,0.0,True,False,wall,0.0,3.0,-10.0
45,1864,-22.0,0,83,0.929272,0.0,True,False,wall,0.0,-12.0,-10.0
46,1885,-8.0,0,21,0.929042,0.0,True,False,wall,0.0,2.0,-10.0
47,1975,-21.0,0,90,0.928053,0.0,True,False,wall,0.0,-11.0,-10.0
48,2026,-20.0,0,51,0.927494,0.0,True,False,wall,0.0,-10.0,-10.0
49,2062,-21.0,0,36,0.927099,0.0,True,False,wall,0.0,-11.0,-10.0
50,2163,-2.0,0,101,0.925992,0.0,True,False,wall,0.0,8.0,-10.0
51,2178,-10.0,0,15,0.925828,0.0,True,False,wall,0.0,0.0,-10.0
52,2227,-20.0,0,49,0.925292,0.0,True,False,wall,0.0,-10.0,-10.0
53,2256,-4.0,0,29,0.924975,0.0,True,False,wall,0.0,6.0,-10.0
54,2267,-6.0,0,11,0.924854,0.0,True,False,wall,0.0,4.0,-10.0
55,2337,-13.0,0,70,0.924089,0.0,True,False,wall,0.0,-3.0,-10.0
56,2355,-10.0,1,18,0.923892,0.0,True,False,wall,10.0,-10.0,-10.0
57,2368,2.0,0,13,0.92375,0.0,True,False,wall,0.0,12.0,-10.0
58,2388,-9.0,0,20,0.923532,0.0,True,False,wall,0.0,1.0,-10.0
59,2434,-7.0,0,46,0.92303,0.0,True,False,wall,0.0,3.0,-10.0
60,2478,-13.0,0,44,0.92255,0.0,True,False,wall,0.0,-3.0,-10.0
61,2556,-19.0,0,78,0.9217,0.0,True,False,wall,0.0,-9.0,-10.0
62,2643,-16.0,0,87,0.920752,0.0,True,False,wall,0.0,-6.0,-10.0
63,2661,1.0,0,18,0.920556,0.0,True,False,wall,0.0,11.0,-10.0
64,2704,-22.0,0,43,0.920088,0.0,True,False,wall,0.0,-12.0,-10.0
65,2761,-16.0,0,57,0.919469,0.0,True,False,wall,0.0,-6.0,-10.0
66,2809,6.0,1,48,0.918947,0.0,True,False,wall,10.0,6.0,-10.0
67,2865,6.0,1,56,0.918339,0.0,True,False,wall,10.0,6.0,-10.0
68,2899,-15.0,0,34,0.91797,0.0,True,False,wall,0.0,-5.0,-10.0
69,2980,11.0,1,81,0.917092,0.0,True,False,wall,10.0,11.0,-10.0
70,3031,-1.0,1,51,0.916539,0.0,True,False,wall,10.0,-1.0,-10.0
71,3041,-13.0,0,10,0.916431,0.0,True,False,wall,0.0,-3.0,-10.0
72,3076,9.0,1,35,0.916052,0.0,True,False,wall,10.0,9.0,-10.0
73,3115,-3.0,1,39,0.91563,0.0,True,False,wall,10.0,-3.0,-10.0
74,3132,-12.0,0,17,0.915446,0.0,True,False,wall,0.0,-2.0,-10.0
75,3180,-17.0,0,48,0.914927,0.0,True,False,wall,0.0,-7.0,-10.0
76,3256,-19.0,0,76,0.914105,0.0,True,False,wall,0.0,-9.0,-10.0
77,3270,-5.0,0,14,0.913954,0.0,True,False,wall,0.0,5.0,-10.0
78,3322,-11.0,0,52,0.913393,0.0,True,False,wall,0.0,-1.0,-10.0
79,3405,-16.0,0,83,0.912498,0.0,True,False,wall,0.0,-6.0,-10.0
80,3501,10.0,1,96,0.911463,0.0,True,False,wall,10.0,10.0,-10.0
81,3542,-20.0,0,41,0.911022,0.0,True,False,wall,0.0,-10.0,-10.0
82,3564,-4.0,1,22,0.910785,0.0,True,False,wall,10.0,-4.0,-10.0
83,3630,-6.0,1,66,0.910075,0.0,True,False,wall,10.0,-6.0,-10.0
84,3647,-12.0,0,17,0.909892,0.0,True,False,wall,0.0,-2.0,-10.0
85,3669,-19.0,0,22,0.909656,0.0,True,False,wall,0.0,-9.0,-10.0
86,3711,-4.0,1,42,0.909205,0.0,True,False,wall,10.0,-4.0,-10.0
87,3794,-16.0,0,83,0.908314,0.0,True,False,wall,0.0,-6.0,-10.0
88,3810,-5.0,0,16,0.908142,0.0,True,False,wall,0.0,5.0,-10.0
89,3859,-5.0,1,49,0.907617,0.0,True,False,wall,10.0,-5.0,-10.0
90,3922,-14.0,0,63,0.906942,0.0,True,False,wall,0.0,-4.0,-10.0
91,3963,-14.0,0,41,0.906503,0.0,True,False,wall,0.0,-4.0,-10.0
92,4015,-13.0,0,52,0.905946,0.0,True,False,wall,0.0,-3.0,-10.0
93,4043,4.0,1,28,0.905646,0.0,True,False,wall,10.0,4.0,-10.0
94,4060,-16.0,0,17,0.905465,0.0,True,False,wall,0.0,-6.0,-10.0
95,4130,-21.0,0,70,0.904716,0.0,True,False,wall,0.0,-11.0,-10.0
96,4164,-17.0,0,34,0.904353,0.0,True,False,wall,0.0,-7.0,-10.0
97,4223,-12.0,0,59,0.903723,0.0,True,False,wall,0.0,-2.0,-10.0
98,4269,-9.0,0,46,0.903233,0.0,True,False,wall,0.0,1.0,-10.0
99,4307,-19.0,0,38,0.902827,0.0,True,False,wall,0.0,-9.0,-10.0
100,4344,-16.0,0,37,0.902433,0.0,True,False,wall,0.0,-6.0,-10.0
101,4356,-9.0,0,12,0.902305,0.0,True,False,wall,0.0,1.0,-10.0
102,4381,-12.0,0,25,0.902039,0.0,True,False,wall,0.0,-2.0,-10.0
103,4415,-17.0,0,34,0.901677,0.0,True,False,wall,0.0,-7.0,-10.0
104,4474,-4.0,0,59,0.901049,0.0,True,False,wall,0.0,6.0,-10.0
105,4493,-18.0,0,19,0.900847,0.0,True,False,wall,0.0,-8.0,-10.0
106,4507,-13.0,0,14,0.900698,0.0,True,False,wall,0.0,-3.0,-10.0
107,4534,-4.0,0,27,0.900411,0.0,True,False,wall,0.0,6.0,-10.0
108,4553,-20.0,0,19,0.900209,0.0,True,False,wall,0.0,-10.0,-10.0
109,4572,7.0,1,19,0.900007,0.0,True,False,wall,10.0,7.0,-10.0
110,4624,-23.0,0,52,0.899455,0.0,True,False,wall,0.0,-13.0,-10.0
111,4671,-12.0,0,47,0.898956,0.0,True,False,wall,0.0,-2.0,-10.0
112,4800,-14.0,0,129,0.897588,0.0,True,False,wall,0.0,-4.0,-10.0
113,4829,-20.0,0,29,0.897281,0.0,True,False,wall,0.0,-10.0,-10.0
114,4988,-14.0,0,159,0.895599,0.0,True,False,wall,0.0,-4.0,-10.0
115,5033,-12.0,0,45,0.895123,0.0,True,False,wall,0.0,-2.0,-10.0
116,5050,-10.0,0,17,0.894944,0.0,True,False,wall,0.0,0.0,-10.0
117,5089,-22.0,0,39,0.894532,0.0,True,False,wall,0.0,-12.0,-10.0
118,5116,-4.0,0,27,0.894247,0.0,True,False,wall,0.0,6.0,-10.0
119,5167,-20.0,0,51,0.893709,0.0,True,False,wall,0.0,-10.0,-10.0
120,5192,-14.0,0,25,0.893445,0.0,True,False,wall,0.0,-4.0,-10.0
121,5216,-23.0,0,24,0.893192,0.0,True,False,wall,0.0,-13.0,-10.0
122,5258,-9.0,0,42,0.89275,0.0,True,False,wall,0.0,1.0,-10.0
123,5282,-17.0,0,24,0.892497,0.0,True,False,wall,0.0,-7.0,-10.0
124,5306,-23.0,0,24,0.892244,0.0,True,False,wall,0.0,-13.0,-10.0
125,5443,-20.0,0,137,0.890803,0.0,True,False,wall,0.0,-10.0,-10.0
126,5476,-20.0,0,33,0.890456,0.0,True,False,wall,0.0,-10.0,-10.0
127,5488,-15.0,0,12,0.89033,0.0,True,False,wall,0.0,-5.0,-10.0
128,5605,20.0,2,117,0.889102,0.0,True,False,wall,20.0,10.0,-10.0
129,5666,-15.0,1,61,0.888462,0.0,True,False,wall,10.0,-15.0,-10.0
130,5686,-13.0,0,20,0.888253,0.0,True,False,wall,0.0,-3.0,-10.0
131,5706,-19.0,0,20,0.888043,0.0,True,False,wall,0.0,-9.0,-10.0
132,5728,-19.0,0,22,0.887813,0.0,True,False,wall,0.0,-9.0,-10.0
133,5744,-13.0,0,16,0.887645,0.0,True,False,wall,0.0,-3.0,-10.0
134,5758,-15.0,0,14,0.887499,0.0,True,False,wall,0.0,-5.0,-10.0
135,5772,-19.0,0,14,0.887352,0.0,True,False,wall,0.0,-9.0,-10.0
136,5855,15.0,1,83,0.886484,0.0,True,False,wall,10.0,15.0,-10.0
137,5891,-11.0,0,36,0.886108,0.0,True,False,wall,0.0,-1.0,-10.0
138,5908,-20.0,0,17,0.88593,0.0,True,False,wall,0.0,-10.0,-10.0
139,6010,-17.0,0,102,0.884865,0.0,True,False,wall,0.0,-7.0,-10.0
140,6025,-6.0,0,15,0.884708,0.0,True,False,wall,0.0,4.0,-10.0
141,6155,-13.0,0,130,0.883353,0.0,True,False,wall,0.0,-3.0,-10.0
142,6192,9.0,1,37,0.882968,0.0,True,False,wall,10.0,9.0,-10.0
143,6244,-15.0,0,52,0.882426,0.0,True,False,wall,0.0,-5.0,-10.0
144,6332,-21.0,0,88,0.881511,0.0,True,False,wall,0.0,-11.0,-10.0
145,6476,-1.0,0,144,0.880016,0.0,True,False,wall,0.0,9.0,-10.0
146,6514,-13.0,0,38,0.879622,0.0,True,False,wall,0.0,-3.0,-10.0
147,6549,-10.0,0,35,0.879259,0.0,True,False,wall,0.0,0.0,-10.0
148,6649,-13.0,0,100,0.878223,0.0,True,False,wall,0.0,-3.0,-10.0
149,6671,-17.0,0,22,0.877995,0.0,True,False,wall,0.0,-7.0,-10.0
150,6713,-5.0,0,42,0.877561,0.0,True,False,wall,0.0,5.0,-10.0
151,6817,29.0,2,104,0.876485,0.0,True,False,wall,20.0,19.0,-10.0
152,6852,-20.0,0,35,0.876124,0.0,True,False,wall,0.0,-10.0,-10.0
153,6869,-4.0,0,17,0.875948,0.0,True,False,wall,0.0,6.0,-10.0
154,6919,-23.0,0,50,0.875432,0.0,True,False,wall,0.0,-13.0,-10.0
155,6948,-18.0,0,29,0.875133,0.0,True,False,wall,0.0,-8.0,-10.0
156,7050,-19.0,0,102,0.874082,0.0,True,False,wall,0.0,-9.0,-10.0
157,7104,-13.0,0,54,0.873526,0.0,True,False,wall,0.0,-3.0,-10.0
158,7123,-8.0,0,19,0.87333,0.0,True,False,wall,0.0,2.0,-10.0
159,7160,0.0,0,37,0.872949,0.0,True,False,wall,0.0,10.0,-10.0
160,7189,-18.0,0,29,0.872651,0.0,True,False,wall,0.0,-8.0,-10.0
161,7250,-12.0,0,61,0.872024,0.0,True,False,wall,0.0,-2.0,-10.0
162,7292,-17.0,0,42,0.871593,0.0,True,False,wall,0.0,-7.0,-10.0
163,7394,-9.0,0,102,0.870546,0.0,True,False,wall,0.0,1.0,-10.0
164,7460,-17.0,0,66,0.869869,0.0,True,False,wall,0.0,-7.0,-10.0
165,7513,-20.0,0,53,0.869326,0.0,True,False,wall,0.0,-10.0,-10.0
166,7554,5.0,1,41,0.868906,0.0,True,False,wall,10.0,5.0,-10.0
167,7575,-14.0,0,21,0.868691,0.0,True,False,wall,0.0,-4.0,-10.0
168,7662,-10.0,0,87,0.867802,0.0,True,False,wall,0.0,0.0,-10.0
169,7729,-18.0,0,67,0.867117,0.0,True,False,wall,0.0,-8.0,-10.0
170,7749,-15.0,0,20,0.866913,0.0,True,False,wall,0.0,-5.0,-10.0
171,7770,-14.0,0,21,0.866698,0.0,True,False,wall,0.0,-4.0,-10.0
172,7830,-9.0,0,60,0.866086,0.0,True,False,wall,0.0,1.0,-10.0
173,7904,-15.0,0,74,0.865331,0.0,True,False,wall,0.0,-5.0,-10.0
174,7991,-14.0,0,87,0.864445,0.0,True,False,wall,0.0,-4.0,-10.0
175,8016,-18.0,0,25,0.864191,0.0,True,False,wall,0.0,-8.0,-10.0
176,8137,-7.0,1,121,0.86296,0.0,True,False,wall,10.0,-7.0,-10.0
177,8153,-17.0,0,16,0.862798,0.0,True,False,wall,0.0,-7.0,-10.0
178,8192,-18.0,0,39,0.862402,0.0,True,False,wall,0.0,-8.0,-10.0
179,8213,-16.0,0,21,0.862188,0.0,True,False,wall,0.0,-6.0,-10.0
180,8324,-20.0,0,111,0.861062,0.0,True,False,wall,0.0,-10.0,-10.0
181,8350,-21.0,0,26,0.860799,0.0,True,False,wall,0.0,-11.0,-10.0
182,8366,-21.0,0,16,0.860637,0.0,True,False,wall,0.0,-11.0,-10.0
183,8442,-19.0,0,76,0.859867,0.0,True,False,wall,0.0,-9.0,-10.0
184,8511,-8.0,0,69,0.859169,0.0,True,False,wall,0.0,2.0,-10.0
185,8540,-18.0,0,29,0.858875,0.0,True,False,wall,0.0,-8.0,-10.0
186,8606,0.0,1,66,0.858208,0.0,True,False,wall,10.0,0.0,-10.0
187,8655,-22.0,0,49,0.857713,0.0,True,False,wall,0.0,-12.0,-10.0
188,8683,-13.0,0,28,0.857431,0.0,True,False,wall,0.0,-3.0,-10.0
189,8733,-11.0,0,50,0.856926,0.0,True,False,wall,0.0,-1.0,-10.0
190,8772,-6.0,0,39,0.856533,0.0,True,False,wall,0.0,4.0,-10.0
191,8788,-15.0,0,16,0.856372,0.0,True,False,wall,0.0,-5.0,-10.0
192,8833,-14.0,0,45,0.855918,0.0,True,False,wall,0.0,-4.0,-10.0
193,8923,2.0,1,90,0.855012,0.0,True,False,wall,10.0,2.0,-10.0
194,8960,-18.0,0,37,0.85464,0.0,True,False,wall,0.0,-8.0,-10.0
195,9064,6.0,1,104,0.853594,0.0,True,False,wall,10.0,6.0,-10.0
196,9124,-7.0,0,60,0.852992,0.0,True,False,wall,0.0,3.0,-10.0
197,9153,-16.0,0,29,0.852701,0.0,True,False,wall,0.0,-6.0,-10.0
198,9186,-12.0,0,33,0.85237,0.0,True,False,wall,0.0,-2.0,-10.0
199,9224,-19.0,0,38,0.851989,0.0,True,False,wall,0.0,-9.0,-10.0
200,9242,-3.0,0,18,0.851808,0.0,True,False,wall,0.0,7.0,-10.0
201,9323,-5.0,1,81,0.850997,0.0,True,False,wall,10.0,-5.0,-10.0
202,9371,-23.0,0,48,0.850517,0.0,True,False,wall,0.0,-13.0,-10.0
203,9388,-18.0,0,17,0.850347,0.0,True,False,wall,0.0,-8.0,-10.0
204,9414,-21.0,0,26,0.850086,0.0,True,False,wall,0.0,-11.0,-10.0
205,9439,-10.0,0,25,0.849836,0.0,True,False,wall,0.0,0.0,-10.0
206,9501,-15.0,0,62,0.849217,0.0,True,False,wall,0.0,-5.0,-10.0
207,9700,11.0,1,199,0.847231,0.0,True,False,wall,10.0,11.0,-10.0
208,9714,-11.0,0,14,0.847092,0.0,True,False,wall,0.0,-1.0,-10.0
209,9749,-14.0,0,35,0.846743,0.0,True,False,wall,0.0,-4.0,-10.0
210,9790,-20.0,0,41,0.846335,0.0,True,False,wall,0.0,-10.0,-10.0
211,9829,-14.0,0,39,0.845947,0.0,True,False,wall,0.0,-4.0,-10.0
212,9884,-18.0,0,55,0.8454,0.0,True,False,wall,0.0,-8.0,-10.0
213,9900,-17.0,0,16,0.845241,0.0,True,False,wall,0.0,-7.0,-10.0
214,9974,-17.0,0,74,0.844505,0.0,True,False,wall,0.0,-7.0,-10.0
215,10019,-16.0,0,45,0.844059,3.3911,True,False,wall,0.0,-6.0,-10.0
216,10041,-19.0,0,22,0.84384,3.2468,True,False,wall,0.0,-9.0,-10.0
217,10075,1.0,0,34,0.843503,2.8017,True,False,wall,0.0,11.0,-10.0
218,10184,-18.0,0,109,0.842423,2.2254,True,False,wall,0.0,-8.0,-10.0
219,10210,-17.0,0,26,0.842165,2.4214,True,False,wall,0.0,-7.0,-10.0
220,10252,-3.0,0,42,0.841749,5.1056,True,False,wall,0.0,7.0,-10.0
221,10269,0.0,0,17,0.841581,5.9504,True,False,wall,0.0,10.0,-10.0
222,10289,-15.0,0,20,0.841383,5.5624,True,False,wall,0.0,-5.0,-10.0
223,10362,-16.0,0,73,0.840661,5.0881,True,False,wall,0.0,-6.0,-10.0
224,10381,-20.0,0,19,0.840474,5.7567,True,False,wall,0.0,-10.0,-10.0
225,10435,-13.0,0,54,0.83994,4.5007,True,False,wall,0.0,-3.0,-10.0
226,10565,22.0,1,130,0.838658,4.1093,True,False,wall,10.0,22.0,-10.0
227,10610,-20.0,0,45,0.838214,3.6141,True,False,wall,0.0,-10.0,-10.0
228,10634,-17.0,0,24,0.837978,3.8408,True,False,wall,0.0,-7.0,-10.0
229,10661,-2.0,0,27,0.837712,3.8456,True,False,wall,0.0,8.0,-10.0
230,10691,0.0,1,30,0.837416,4.6152,True,False,wall,10.0,0.0,-10.0
231,10706,-20.0,0,15,0.837269,4.9367,True,False,wall,0.0,-10.0,-10.0
232,10736,-1.0,0,30,0.836974,3.9178,True,False,wall,0.0,9.0,-10.0
233,10752,-17.0,0,16,0.836816,3.8623,True,False,wall,0.0,-7.0,-10.0
234,10814,-17.0,0,62,0.836207,7.6982,True,False,wall,0.0,-7.0,-10.0
235,10907,13.0,1,93,0.835293,17.368,True,False,wall,10.0,13.0,-10.0
236,10938,-8.0,0,31,0.834989,32.773,True,False,wall,0.0,2.0,-10.0
237,10971,-10.0,0,33,0.834665,15.6569,True,False,wall,0.0,0.0,-10.0
238,11027,-11.0,0,56,0.834116,16.0906,True,False,wall,0.0,-1.0,-10.0
239,11114,-18.0,0,87,0.833264,14.8422,True,False,wall,0.0,-8.0,-10.0
240,11134,4.0,1,20,0.833068,15.0961,True,False,wall,10.0,4.0,-10.0
241,11163,-4.0,0,29,0.832784,16.5866,True,False,wall,0.0,6.0,-10.0
242,11214,-16.0,0,51,0.832285,19.1713,True,False,wall,0.0,-6.0,-10.0
243,11253,-20.0,0,39,0.831904,23.8437,True,False,wall,0.0,-10.0,-10.0
244,11301,-11.0,0,48,0.831435,41.5319,True,False,wall,0.0,-1.0,-10.0
245,11338,-5.0,1,37,0.831074,44.0562,True,False,wall,10.0,-5.0,-10.0
246,11386,-3.0,0,48,0.830605,32.1466,True,False,wall,0.0,7.0,-10.0
247,11421,-14.0,0,35,0.830264,20.2324,True,False,wall,0.0,-4.0,-10.0
248,11441,-7.0,0,20,0.830069,19.1833,True,False,wall,0.0,3.0,-10.0
249,11500,-18.0,0,59,0.829494,27.4381,True,False,wall,0.0,-8.0,-10.0
250,11513,-10.0,0,13,0.829367,29.9632,True,False,wall,0.0,0.0,-10.0
251,11550,-4.0,0,37,0.829007,32.4055,True,False,wall,0.0,6.0,-10.0
252,11597,-22.0,0,47,0.828549,32.3431,True,False,wall,0.0,-12.0,-10.0
253,11618,-16.0,0,21,0.828345,27.1385,True,False,wall,0.0,-6.0,-10.0
254,11642,-11.0,0,24,0.828111,27.5474,True,False,wall,0.0,-1.0,-10.0
255,11671,-14.0,0,29,0.827829,21.5238,True,False,wall,0.0,-4.0,-10.0
256,11689,-7.0,0,18,0.827654,18.7882,True,False,wall,0.0,3.0,-10.0
257,11749,-5.0,0,60,0.827071,15.2137,True,False,wall,0.0,5.0,-10.0
258,11791,-17.0,0,42,0.826664,11.963,True,False,wall,0.0,-7.0,-10.0
259,11802,7.0,1,11,0.826557,16.2978,True,False,wall,10.0,7.0,-10.0
260,11824,-17.0,0,22,0.826343,16.1188,True,False,wall,0.0,-7.0,-10.0
261,11841,-8.0,0,17,0.826178,13.3149,True,False,wall,0.0,2.0,-10.0
262,11863,4.0,1,22,0.825965,13.0622,True,False,wall,10.0,4.0,-10.0
263,11925,-19.0,0,62,0.825364,20.4412,True,False,wall,0.0,-9.0,-10.0
264,11944,9.0,1,19,0.82518,24.6762,True,False,wall,10.0,9.0,-10.0
265,12140,-5.0,0,196,0.823283,48.9666,True,False,wall,0.0,5.0,-10.0
266,12166,4.0,1,26,0.823031,29.0106,True,False,wall,10.0,4.0,-10.0
267,12209,-14.0,0,43,0.822616,31.131,True,False,wall,0.0,-4.0,-10.0
268,12226,-8.0,0,17,0.822452,33.0171,True,False,wall,0.0,2.0,-10.0
269,12248,-13.0,0,22,0.82224,25.9625,True,False,wall,0.0,-3.0,-10.0
270,12280,-3.0,0,32,0.821931,25.2252,True,False,wall,0.0,7.0,-10.0
271,12343,-8.0,0,63,0.821323,32.9891,True,False,wall,0.0,2.0,-10.0
272,12361,-21.0,0,18,0.82115,41.5274,True,False,wall,0.0,-11.0,-10.0
273,12384,0.0,0,23,0.820928,41.6896,True,False,wall,0.0,10.0,-10.0
274,12398,0.0,1,14,0.820793,51.0987,True,False,wall,10.0,0.0,-10.0
275,12444,10.0,1,46,0.82035,39.1768,True,False,wall,10.0,10.0,-10.0
276,12469,-6.0,0,25,0.820109,41.3811,True,False,wall,0.0,4.0,-10.0
277,12506,-20.0,0,37,0.819753,92.9203,True,False,wall,0.0,-10.0,-10.0
278,12551,-14.0,0,45,0.81932,80.8089,True,False,wall,0.0,-4.0,-10.0
279,12576,-18.0,0,25,0.81908,50.1092,True,False,wall,0.0,-8.0,-10.0
280,12586,-15.0,0,10,0.818984,73.7271,True,False,wall,0.0,-5.0,-10.0
281,12632,-21.0,0,46,0.818542,60.2386,True,False,wall,0.0,-11.0,-10.0
282,12666,-9.0,0,34,0.818215,68.7961,True,False,wall,0.0,1.0,-10.0
283,12765,-16.0,0,99,0.817265,46.5025,True,False,wall,0.0,-6.0,-10.0
284,12789,-9.0,0,24,0.817035,39.6373,True,False,wall,0.0,1.0,-10.0
285,12804,-8.0,0,15,0.816891,47.3008,True,False,wall,0.0,2.0,-10.0
286,12851,-16.0,0,47,0.816441,56.2034,True,False,wall,0.0,-6.0,-10.0
287,12932,-22.0,0,81,0.815665,56.0952,True,False,wall,0.0,-12.0,-10.0
288,12958,-13.0,0,26,0.815416,61.5154,True,False,wall,0.0,-3.0,-10.0
289,13005,-6.0,0,47,0.814967,117.7737,True,False,wall,0.0,4.0,-10.0
290,13071,-15.0,0,66,0.814336,50.9476,True,False,wall,0.0,-5.0,-10.0
291,13098,-16.0,0,27,0.814078,38.7565,True,False,wall,0.0,-6.0,-10.0
292,13124,-11.0,0,26,0.81383,63.8014,True,False,wall,0.0,-1.0,-10.0
293,13147,-14.0,0,23,0.81361,39.8715,True,False,wall,0.0,-4.0,-10.0
294,13210,-4.0,0,63,0.813009,40.5684,True,False,wall,0.0,6.0,-10.0
295,13246,-13.0,0,36,0.812666,29.3598,True,False,wall,0.0,-3.0,-10.0
296,13275,-16.0,0,29,0.812389,22.521,True,False,wall,0.0,-6.0,-10.0
297,13304,-18.0,0,29,0.812113,28.8329,True,False,wall,0.0,-8.0,-10.0
298,13331,-18.0,0,27,0.811856,25.1967,True,False,wall,0.0,-8.0,-10.0
299,13387,-9.0,0,56,0.811323,22.819,True,False,wall,0.0,1.0,-10.0
300,13455,6.0,1,68,0.810676,22.2957,True,False,wall,10.0,6.0,-10.0
301,13500,-8.0,0,45,0.810248,16.8579,True,False,wall,0.0,2.0,-10.0
302,13549,-11.0,1,49,0.809783,18.6278,True,False,wall,10.0,-11.0,-10.0
303,13651,-2.0,1,102,0.808814,19.2005,True,False,wall,10.0,-2.0,-10.0
304,13675,-17.0,0,24,0.808587,30.8402,True,False,wall,0.0,-7.0,-10.0
305,13749,-23.0,0,74,0.807885,39.491,True,False,wall,0.0,-13.0,-10.0
306,13824,-13.0,1,75,0.807175,84.1419,True,False,wall,10.0,-13.0,-10.0
307,13881,-14.0,0,57,0.806636,141.5663,True,False,wall,0.0,-4.0,-10.0
308,13906,-14.0,0,25,0.8064,113.0954,True,False,wall,0.0,-4.0,-10.0
309,13936,-9.0,0,30,0.806116,124.1728,True,False,wall,0.0,1.0,-10.0
310,14000,-15.0,0,64,0.805511,189.2087,True,False,wall,0.0,-5.0,-10.0
311,14033,0.0,0,33,0.8052,116.5417,True,False,wall,0.0,10.0,-10.0
312,14121,-15.0,0,88,0.804369,151.9899,True,False,wall,0.0,-5.0,-10.0
313,14158,-2.0,0,37,0.804021,160.6944,True,False,wall,0.0,8.0,-10.0
314,14201,-10.0,0,43,0.803615,142.8923,True,False,wall,0.0,0.0,-10.0
315,14231,-13.0,0,30,0.803333,253.9793,True,False,wall,0.0,-3.0,-10.0
316,14254,-14.0,0,23,0.803116,253.9147,True,False,wall,0.0,-4.0,-10.0
317,14291,-22.0,0,37,0.802768,140.3189,True,False,wall,0.0,-12.0,-10.0
318,14306,-24.0,0,15,0.802627,115.9812,True,False,wall,0.0,-14.0,-10.0
319,14318,-19.0,0,12,0.802514,112.2852,True,False,wall,0.0,-9.0,-10.0
320,14329,3.0,1,11,0.802411,173.9941,True,False,wall,10.0,3.0,-10.0
321,14351,-21.0,0,22,0.802204,129.6475,True,False,wall,0.0,-11.0,-10.0
322,14373,-17.0,0,22,0.801997,151.7926,True,False,wall,0.0,-7.0,-10.0
323,14391,-15.0,0,18,0.801828,439.6436,True,False,wall,0.0,-5.0,-10.0
324,14432,-22.0,0,41,0.801443,152.7661,True,False,wall,0.0,-12.0,-10.0
325,14458,-15.0,0,26,0.801198,113.1166,True,False,wall,0.0,-5.0,-10.0
326,14515,-18.0,0,57,0.800663,149.1387,True,False,wall,0.0,-8.0,-10.0
327,14547,-23.0,0,32,0.800363,146.7063,True,False,wall,0.0,-13.0,-10.0
328,14567,-21.0,0,20,0.800176,91.6693,True,False,wall,0.0,-11.0,-10.0
329,14586,-22.0,0,19,0.799997,91.9588,True,False,wall,0.0,-12.0,-10.0
330,14607,-16.0,0,21,0.799801,80.2032,True,False,wall,0.0,-6.0,-10.0
331,14697,-5.0,0,90,0.798958,47.9543,True,False,wall,0.0,5.0,-10.0
332,14726,-10.0,0,29,0.798686,61.5367,True,False,wall,0.0,0.0,-10.0
333,14748,-9.0,0,22,0.79848,40.2634,True,False,wall,0.0,1.0,-10.0
334,14762,-15.0,0,14,0.798349,37.2976,True,False,wall,0.0,-5.0,-10.0
335,14777,-12.0,0,15,0.798209,54.1054,True,False,wall,0.0,-2.0,-10.0
336,14821,-9.0,0,44,0.797798,53.2579,True,False,wall,0.0,1.0,-10.0
337,14877,-19.0,0,56,0.797274,41.0089,True,False,wall,0.0,-9.0,-10.0
338,14951,-11.0,0,74,0.796583,38.1642,True,False,wall,0.0,-1.0,-10.0
339,14969,-15.0,0,18,0.796415,45.0816,True,False,wall,0.0,-5.0,-10.0
340,15030,-10.0,0,61,0.795846,36.4165,True,False,wall,0.0,0.0,-10.0
341,15051,-18.0,0,21,0.795651,39.8839,True,False,wall,0.0,-8.0,-10.0
342,15061,-9.0,0,10,0.795558,38.4572,True,False,wall,0.0,1.0,-10.0
343,15111,-13.0,0,50,0.795092,39.3989,True,False,wall,0.0,-3.0,-10.0
344,15125,-5.0,0,14,0.794961,42.8786,True,False,wall,0.0,5.0,-10.0
345,15137,-17.0,0,12,0.79485,36.6278,True,False,wall,0.0,-7.0,-10.0
346,15159,-19.0,0,22,0.794645,35.3361,True,False,wall,0.0,-9.0,-10.0
347,15205,10.0,1,46,0.794217,44.6289,True,False,wall,10.0,10.0,-10.0
348,15251,17.0,2,46,0.793789,87.7619,True,False,wall,20.0,7.0,-10.0
349,15275,-13.0,0,24,0.793566,98.7506,True,False,wall,0.0,-3.0,-10.0
350,15296,-14.0,0,21,0.793371,100.2135,True,False,wall,0.0,-4.0,-10.0
351,15320,-19.0,0,24,0.793148,78.8347,True,False,wall,0.0,-9.0,-10.0
352,15343,-18.0,0,23,0.792934,99.9841,True,False,wall,0.0,-8.0,-10.0
353,15375,-23.0,0,32,0.792637,75.0013,True,False,wall,0.0,-13.0,-10.0
354,15406,-2.0,0,31,0.792349,93.4641,True,False,wall,0.0,8.0,-10.0
355,15434,-17.0,0,28,0.792089,185.4029,True,False,wall,0.0,-7.0,-10.0
356,15447,-12.0,0,13,0.791969,125.9577,True,False,wall,0.0,-2.0,-10.0
357,15559,4.0,1,112,0.790931,131.375,True,False,wall,10.0,4.0,-10.0
358,15618,-12.0,0,59,0.790385,153.303,True,False,wall,0.0,-2.0,-10.0
359,15685,-8.0,0,67,0.789765,151.6397,True,False,wall,0.0,2.0,-10.0
360,15714,-8.0,0,29,0.789497,114.3884,True,False,wall,0.0,2.0,-10.0
361,15736,-5.0,0,22,0.789293,168.2048,True,False,wall,0.0,5.0,-10.0
362,15751,-20.0,0,15,0.789155,113.1697,True,False,wall,0.0,-10.0,-10.0
363,15761,-15.0,0,10,0.789062,216.7303,True,False,wall,0.0,-5.0,-10.0
364,15809,-19.0,0,48,0.788619,169.3939,True,False,wall,0.0,-9.0,-10.0
365,15892,26.0,2,83,0.787853,95.2811,True,False,wall,20.0,16.0,-10.0
366,15910,-7.0,0,18,0.787687,92.0175,True,False,wall,0.0,3.0,-10.0
367,15929,-4.0,0,19,0.787512,110.4082,True,False,wall,0.0,6.0,-10.0
368,15987,-21.0,0,58,0.786977,111.7034,True,False,wall,0.0,-11.0,-10.0
369,16002,-10.0,0,15,0.786839,187.8309,True,False,wall,0.0,0.0,-10.0
370,16024,-19.0,0,22,0.786637,145.2412,True,False,wall,0.0,-9.0,-10.0
371,16128,-17.0,0,104,0.78568,186.9653,True,False,wall,0.0,-7.0,-10.0
372,16156,-17.0,0,28,0.785422,294.3002,True,False,wall,0.0,-7.0,-10.0
373,16169,-14.0,0,13,0.785303,289.2275,True,False,wall,0.0,-4.0,-10.0
374,16185,-13.0,0,16,0.785156,429.8221,True,False,wall,0.0,-3.0,-10.0
375,16226,-8.0,0,41,0.784779,346.1355,True,False,wall,0.0,2.0,-10.0
376,16254,-7.0,0,28,0.784522,287.1565,True,False,wall,0.0,3.0,-10.0
377,16278,6.0,1,24,0.784302,326.6736,True,False,wall,10.0,6.0,-10.0
378,16295,-4.0,0,17,0.784146,301.8781,True,False,wall,0.0,6.0,-10.0
379,16311,-15.0,0,16,0.783999,320.5062,True,False,wall,0.0,-5.0,-10.0
380,16335,-7.0,0,24,0.783779,381.2986,True,False,wall,0.0,3.0,-10.0
381,16360,-5.0,1,25,0.783549,276.1134,True,False,wall,10.0,-5.0,-10.0
382,16375,-18.0,0,15,0.783412,254.5854,True,False,wall,0.0,-8.0,-10.0
383,16473,-5.0,0,98,0.782514,222.2914,True,False,wall,0.0,5.0,-10.0
384,16588,-20.0,0,115,0.781462,262.9958,True,False,wall,0.0,-10.0,-10.0
385,16645,-20.0,0,57,0.780941,328.1429,True,False,wall,0.0,-10.0,-10.0
386,16702,-18.0,0,57,0.78042,221.923,True,False,wall,0.0,-8.0,-10.0
387,16720,-15.0,0,18,0.780256,162.0899,True,False,wall,0.0,-5.0,-10.0
388,16761,-16.0,0,41,0.779882,125.0486,True,False,wall,0.0,-6.0,-10.0
389,16802,-18.0,0,41,0.779508,171.9566,True,False,wall,0.0,-8.0,-10.0
390,16826,-15.0,0,24,0.779289,147.7566,True,False,wall,0.0,-5.0,-10.0
391,16838,-15.0,0,12,0.779179,85.6828,True,False,wall,0.0,-5.0,-10.0
392,16912,-19.0,0,74,0.778505,99.6962,True,False,wall,0.0,-9.0,-10.0
393,16942,-23.0,0,30,0.778232,68.1379,True,False,wall,0.0,-13.0,-10.0
394,17042,-6.0,1,100,0.777322,79.294,True,False,wall,10.0,-6.0,-10.0
395,17085,-22.0,0,43,0.776932,72.669,True,False,wall,0.0,-12.0,-10.0
396,17101,-17.0,0,16,0.776786,96.3921,True,False,wall,0.0,-7.0,-10.0
397,17138,-18.0,0,37,0.77645,69.1074,True,False,wall,0.0,-8.0,-10.0
398,17156,-7.0,0,18,0.776287,70.8187,True,False,wall,0.0,3.0,-10.0
399,17199,-1.0,1,43,0.775896,92.4521,True,False,wall,10.0,-1.0,-10.0
400,17224,-12.0,0,25,0.77567,65.52,True,False,wall,0.0,-2.0,-10.0
401,17238,-17.0,0,14,0.775543,49.0243,True,False,wall,0.0,-7.0,-10.0
402,17288,-21.0,0,50,0.775089,55.371,True,False,wall,0.0,-11.0,-10.0
403,17386,-15.0,0,98,0.774202,62.3573,True,False,wall,0.0,-5.0,-10.0
404,17541,-16.0,0,155,0.7728,65.0122,True,False,wall,0.0,-6.0,-10.0
405,17600,-22.0,0,59,0.772267,58.8499,True,False,wall,0.0,-12.0,-10.0
406,17639,-20.0,0,39,0.771915,59.6369,True,False,wall,0.0,-10.0,-10.0
407,17682,-18.0,0,43,0.771527,69.3342,True,False,wall,0.0,-8.0,-10.0
408,17789,-18.0,0,107,0.770563,70.0817,True,False,wall,0.0,-8.0,-10.0
409,17814,7.0,1,25,0.770337,100.6378,True,False,wall,10.0,7.0,-10.0
410,17833,-20.0,0,19,0.770166,88.8354,True,False,wall,0.0,-10.0,-10.0
411,17853,-7.0,0,20,0.769986,74.0974,True,False,wall,0.0,3.0,-10.0
412,17892,-9.0,1,39,0.769635,79.4259,True,False,wall,10.0,-9.0,-10.0
413,17939,-14.0,0,47,0.769213,71.1853,True,False,wall,0.0,-4.0,-10.0
414,17954,-18.0,0,15,0.769078,71.7897,True,False,wall,0.0,-8.0,-10.0
415,17974,-13.0,0,20,0.768898,79.2972,True,False,wall,0.0,-3.0,-10.0
416,18005,-6.0,0,31,0.76862,81.0309,True,False,wall,0.0,4.0,-10.0
417,18242,13.0,1,237,0.766494,110.5543,True,False,wall,10.0,13.0,-10.0
418,18266,-17.0,0,24,0.766279,117.8296,True,False,wall,0.0,-7.0,-10.0
419,18303,-4.0,0,37,0.765948,114.5979,True,False,wall,0.0,6.0,-10.0
420,18412,-8.0,0,109,0.764973,152.746,True,False,wall,0.0,2.0,-10.0
421,18429,-18.0,0,17,0.764821,157.0079,True,False,wall,0.0,-8.0,-10.0
422,18443,-17.0,0,14,0.764696,187.1516,True,False,wall,0.0,-7.0,-10.0
423,18466,-14.0,0,23,0.764491,160.9057,True,False,wall,0.0,-4.0,-10.0
424,18511,-1.0,1,45,0.764089,137.1653,True,False,wall,10.0,-1.0,-10.0
425,18534,-10.0,0,23,0.763883,131.2382,True,False,wall,0.0,0.0,-10.0
426,18546,-15.0,0,12,0.763776,129.4351,True,False,wall,0.0,-5.0,-10.0
427,18566,-19.0,0,20,0.763598,174.1112,True,False,wall,0.0,-9.0,-10.0
428,18603,-8.0,0,37,0.763268,160.1074,True,False,wall,0.0,2.0,-10.0
429,18618,-14.0,0,15,0.763134,181.8038,True,False,wall,0.0,-4.0,-10.0
430,18638,-9.0,0,20,0.762956,154.0526,True,False,wall,0.0,1.0,-10.0
431,18673,-16.0,0,35,0.762644,139.4995,True,False,wall,0.0,-6.0,-10.0
432,18708,-5.0,1,35,0.762332,147.6901,True,False,wall,10.0,-5.0,-10.0
433,18818,-19.0,0,110,0.761354,138.4988,True,False,wall,0.0,-9.0,-10.0
434,18946,-13.0,0,128,0.760216,100.7591,True,False,wall,0.0,-3.0,-10.0
435,18962,-17.0,0,16,0.760074,81.6572,True,False,wall,0.0,-7.0,-10.0
436,18991,-6.0,0,29,0.759817,76.6878,True,False,wall,0.0,4.0,-10.0
437,19013,-21.0,0,22,0.759622,94.931,True,False,wall,0.0,-11.0,-10.0
438,19035,-7.0,0,22,0.759427,87.3333,True,False,wall,0.0,3.0,-10.0
439,19058,-20.0,0,23,0.759223,77.8526,True,False,wall,0.0,-10.0,-10.0
440,19077,-4.0,0,19,0.759054,75.2451,True,False,wall,0.0,6.0,-10.0
441,19109,-3.0,0,32,0.758771,72.9179,True,False,wall,0.0,7.0,-10.0
442,19135,-19.0,0,26,0.758541,66.9021,True,False,wall,0.0,-9.0,-10.0
443,19189,-19.0,0,54,0.758062,61.7599,True,False,wall,0.0,-9.0,-10.0
444,19247,-17.0,0,58,0.757549,55.1522,True,False,wall,0.0,-7.0,-10.0
445,19269,-11.0,0,22,0.757355,63.1762,True,False,wall,0.0,-1.0,-10.0
446,19341,-15.0,0,72,0.756718,52.8013,True,False,wall,0.0,-5.0,-10.0
447,19400,-16.0,0,59,0.756197,45.4259,True,False,wall,0.0,-6.0,-10.0
448,19439,-14.0,0,39,0.755853,41.9534,True,False,wall,0.0,-4.0,-10.0
449,19456,-20.0,0,17,0.755703,38.499,True,False,wall,0.0,-10.0,-10.0
450,19487,-18.0,0,31,0.75543,46.3511,True,False,wall,0.0,-8.0,-10.0
451,19522,5.0,1,35,0.755121,39.3079,True,False,wall,10.0,5.0,-10.0
452,19591,-20.0,0,69,0.754513,40.3399,True,False,wall,0.0,-10.0,-10.0
453,19604,-18.0,0,13,0.754399,40.059,True,False,wall,0.0,-8.0,-10.0
454,19657,-8.0,0,53,0.753932,52.2017,True,False,wall,0.0,2.0,-10.0
455,19668,-16.0,0,11,0.753836,44.8376,True,False,wall,0.0,-6.0,-10.0
456,19740,-1.0,0,72,0.753202,44.1672,True,False,wall,0.0,9.0,-10.0
457,19758,-7.0,0,18,0.753044,46.8652,True,False,wall,0.0,3.0,-10.0
458,19770,-19.0,0,12,0.752939,41.8539,True,False,wall,0.0,-9.0,-10.0
459,19796,-17.0,0,26,0.75271,48.9889,True,False,wall,0.0,-7.0,-10.0
460,19814,-5.0,0,18,0.752552,45.7035,True,False,wall,0.0,5.0,-10.0
461,19835,-16.0,0,21,0.752368,48.3171,True,False,wall,0.0,-6.0,-10.0
462,19868,-18.0,0,33,0.752078,41.1725,True,False,wall,0.0,-8.0,-10.0
463,19903,-14.0,0,35,0.751771,46.866,True,False,wall,0.0,-4.0,-10.0
464,19927,-23.0,0,24,0.751561,45.5716,True,False,wall,0.0,-13.0,-10.0
465,19968,-8.0,0,41,0.751201,57.5119,True,False,wall,0.0,2.0,-10.0
466,20000,-17.0,0,32,0.750921,44.9251,True,False,wall,0.0,-7.0,-10.0
467,20042,-19.0,0,42,0.750553,44.2311,True,False,wall,0.0,-9.0,-10.0
468,20124,-23.0,0,82,0.749835,45.1687,True,False,wall,0.0,-13.0,-10.0
469,20152,-23.0,0,28,0.74959,50.7496,True,False,wall,0.0,-13.0,-10.0
470,20286,-21.0,0,134,0.748419,51.2954,True,False,wall,0.0,-11.0,-10.0
471,20299,-22.0,0,13,0.748306,64.4898,True,False,wall,0.0,-12.0,-10.0
472,20357,-13.0,0,58,0.7478,54.0554,True,False,wall,0.0,-3.0,-10.0
473,20385,-5.0,0,28,0.747556,58.4712,True,False,wall,0.0,5.0,-10.0
474,20421,-17.0,0,36,0.747242,73.1258,True,False,wall,0.0,-7.0,-10.0
475,20470,-18.0,0,49,0.746815,58.9791,True,False,wall,0.0,-8.0,-10.0
476,20537,-18.0,0,67,0.746232,64.2052,True,False,wall,0.0,-8.0,-10.0
477,20554,-16.0,0,17,0.746084,80.9766,True,False,wall,0.0,-6.0,-10.0
478,20567,-18.0,0,13,0.74597,81.4264,True,False,wall,0.0,-8.0,-10.0
479,20587,-11.0,0,20,0.745797,76.508,True,False,wall,0.0,-1.0,-10.0
480,20624,-14.0,0,37,0.745475,98.5208,True,False,wall,0.0,-4.0,-10.0
481,20639,-18.0,0,15,0.745344,568.4826,True,False,wall,0.0,-8.0,-10.0
482,20657,-5.0,0,18,0.745188,167.2462,True,False,wall,0.0,5.0,-10.0
483,20720,-6.0,0,63,0.744641,147.4518,True,False,wall,0.0,4.0,-10.0
484,20751,-18.0,0,31,0.744372,589.8153,True,False,wall,0.0,-8.0,-10.0
485,20778,1.0,1,27,0.744137,390.2354,True,False,wall,10.0,1.0,-10.0
486,20861,-16.0,0,83,0.743417,377.9231,True,False,wall,0.0,-6.0,-10.0
487,20884,0.0,0,23,0.743218,267.1379,True,False,wall,0.0,10.0,-10.0
488,20899,-20.0,0,15,0.743088,265.4526,True,False,wall,0.0,-10.0,-10.0
489,20926,11.0,1,27,0.742854,283.6824,True,False,wall,10.0,11.0,-10.0
490,20947,-14.0,0,21,0.742672,334.8418,True,False,wall,0.0,-4.0,-10.0
491,20985,-9.0,0,38,0.742344,188.3088,True,False,wall,0.0,1.0,-10.0
492,21009,-15.0,0,24,0.742136,253.6449,True,False,wall,0.0,-5.0,-10.0
493,21039,-9.0,0,30,0.741876,250.662,True,False,wall,0.0,1.0,-10.0
494,21178,3.0,1,139,0.740675,327.1856,True,False,wall,10.0,3.0,-10.0
495,21207,-24.0,0,29,0.740425,591.5899,True,False,wall,0.0,-14.0,-10.0
496,21223,-19.0,0,16,0.740287,511.535,True,False,wall,0.0,-9.0,-10.0
497,21250,-16.0,0,27,0.740054,658.5184,True,False,wall,0.0,-6.0,-10.0
498,21277,-22.0,0,27,0.739821,418.9985,True,False,wall,0.0,-12.0,-10.0
499,21297,-17.0,0,20,0.739649,521.1763,True,False,wall,0.0,-7.0,-10.0
500,21385,-4.0,1,88,0.73889,882.6573,True,False,wall,10.0,-4.0,-10.0
501,21405,-5.0,0,20,0.738718,894.9352,True,False,wall,0.0,5.0,-10.0
502,21440,-6.0,0,35,0.738417,1016.9261,True,False,wall,0.0,4.0,-10.0
503,21463,-18.0,0,23,0.738219,1584.8738,True,False,wall,0.0,-8.0,-10.0
504,21501,-19.0,0,38,0.737892,2110.3073,True,False,wall,0.0,-9.0,-10.0
505,21523,-15.0,0,22,0.737703,4137.0416,True,False,wall,0.0,-5.0,-10.0
506,21563,-19.0,0,40,0.737359,2089.3226,True,False,wall,0.0,-9.0,-10.0
507,21595,-21.0,0,32,0.737084,1227.9718,True,False,wall,0.0,-11.0,-10.0
508,21652,-16.0,0,57,0.736595,854.2313,True,False,wall,0.0,-6.0,-10.0
509,21675,-20.0,0,23,0.736398,1861.1553,True,False,wall,0.0,-10.0,-10.0
510,21700,-16.0,0,25,0.736183,921.4223,True,False,wall,0.0,-6.0,-10.0
511,21725,-20.0,0,25,0.735969,602.6272,True,False,wall,0.0,-10.0,-10.0
512,21743,-19.0,0,18,0.735815,568.409,True,False,wall,0.0,-9.0,-10.0
513,21774,-22.0,0,31,0.735549,394.9492,True,False,wall,0.0,-12.0,-10.0
514,21855,-16.0,0,81,0.734855,571.4379,True,False,wall,0.0,-6.0,-10.0
515,21918,-16.0,0,63,0.734316,895.1072,True,False,wall,0.0,-6.0,-10.0
516,21932,-11.0,0,14,0.734196,708.7347,True,False,wall,0.0,-1.0,-10.0
517,21949,-18.0,0,17,0.734051,806.4285,True,False,wall,0.0,-8.0,-10.0
518,21962,-18.0,0,13,0.73394,1104.4186,True,False,wall,0.0,-8.0,-10.0
519,22002,-23.0,0,40,0.733598,734.2554,True,False,wall,0.0,-13.0,-10.0
520,22033,-22.0,0,31,0.733333,832.9041,True,False,wall,0.0,-12.0,-10.0
521,22060,-6.0,0,27,0.733102,1113.766,True,False,wall,0.0,4.0,-10.0
522,22104,-11.0,0,44,0.732727,1314.9584,True,False,wall,0.0,-1.0,-10.0
523,22125,-20.0,0,21,0.732548,1615.4216,True,False,wall,0.0,-10.0,-10.0
524,22148,-2.0,0,23,0.732351,1611.4314,True,False,wall,0.0,8.0,-10.0
525,22189,1.0,1,41,0.732002,2306.3957,True,False,wall,10.0,1.0,-10.0
526,22221,0.0,1,32,0.731729,1436.2794,True,False,wall,10.0,0.0,-10.0
527,22280,-18.0,0,59,0.731226,1229.2384,True,False,wall,0.0,-8.0,-10.0
528,22301,-14.0,0,21,0.731048,1501.6516,True,False,wall,0.0,-4.0,-10.0
529,22326,-10.0,0,25,0.730835,1288.4096,True,False,wall,0.0,0.0,-10.0
530,22338,-19.0,0,12,0.730733,1387.7234,True,False,wall,0.0,-9.0,-10.0
531,22367,-18.0,0,29,0.730486,1200.0709,True,False,wall,0.0,-8.0,-10.0
532,22390,-16.0,0,23,0.73029,1375.5302,True,False,wall,0.0,-6.0,-10.0
533,22429,-12.0,0,39,0.729959,1032.8833,True,False,wall,0.0,-2.0,-10.0
534,22448,-8.0,0,19,0.729797,944.3076,True,False,wall,0.0,2.0,-10.0
535,22475,-8.0,0,27,0.729568,717.3649,True,False,wall,0.0,2.0,-10.0
536,22520,-24.0,0,45,0.729186,630.9222,True,False,wall,0.0,-14.0,-10.0
537,22544,-5.0,0,24,0.728982,592.9135,True,False,wall,0.0,5.0,-10.0
538,22563,-14.0,0,19,0.728821,744.5691,True,False,wall,0.0,-4.0,-10.0
539,22582,-14.0,0,19,0.72866,953.9942,True,False,wall,0.0,-4.0,-10.0
540,22621,-8.0,0,39,0.728329,519.1135,True,False,wall,0.0,2.0,-10.0
541,22641,-19.0,0,20,0.728159,532.2315,True,False,wall,0.0,-9.0,-10.0
542,22715,-23.0,0,74,0.727532,477.2355,True,False,wall,0.0,-13.0,-10.0
543,22769,-5.0,0,54,0.727075,470.8645,True,False,wall,0.0,5.0,-10.0
544,22845,-6.0,1,76,0.726432,497.7018,True,False,wall,10.0,-6.0,-10.0
545,22897,-4.0,1,52,0.725993,525.8389,True,False,wall,10.0,-4.0,-10.0
546,22922,-16.0,0,25,0.725781,522.2581,True,False,wall,0.0,-6.0,-10.0
547,22939,-10.0,0,17,0.725638,720.4441,True,False,wall,0.0,0.0,-10.0
548,22956,-16.0,0,17,0.725494,516.4619,True,False,wall,0.0,-6.0,-10.0
549,22969,-8.0,0,13,0.725385,560.1136,True,False,wall,0.0,2.0,-10.0
550,22982,-16.0,0,13,0.725275,591.9324,True,False,wall,0.0,-6.0,-10.0
551,23052,-17.0,0,70,0.724684,573.2302,True,False,wall,0.0,-7.0,-10.0
552,23157,3.0,1,105,0.723799,1415.6679,True,False,wall,10.0,3.0,-10.0
553,23213,4.0,1,56,0.723328,1048.6581,True,False,wall,10.0,4.0,-10.0
554,23282,-22.0,0,69,0.722747,1602.1719,True,False,wall,0.0,-12.0,-10.0
555,23297,-16.0,0,15,0.722621,1244.5345,True,False,wall,0.0,-6.0,-10.0
556,23340,-20.0,0,43,0.72226,1969.9136,True,False,wall,0.0,-10.0,-10.0
557,23357,-18.0,0,17,0.722117,1526.1935,True,False,wall,0.0,-8.0,-10.0
558,23391,-23.0,0,34,0.721831,2216.3052,True,False,wall,0.0,-13.0,-10.0
559,23455,-19.0,0,64,0.721294,3133.9806,True,False,wall,0.0,-9.0,-10.0
560,23481,-23.0,0,26,0.721076,2641.1187,True,False,wall,0.0,-13.0,-10.0
561,23500,-6.0,0,19,0.720917,3850.4029,True,False,wall,0.0,4.0,-10.0
562,23513,-2.0,0,13,0.720808,5033.0925,True,False,wall,0.0,8.0,-10.0
563,23542,-10.0,0,29,0.720564,4499.3884,True,False,wall,0.0,0.0,-10.0
564,23583,-24.0,0,41,0.720221,5939.8453,True,False,wall,0.0,-14.0,-10.0
565,23594,-2.0,0,11,0.720129,5586.3583,True,False,wall,0.0,8.0,-10.0
566,23616,-5.0,0,22,0.719944,4768.9812,True,False,wall,0.0,5.0,-10.0
567,23733,16.0,2,117,0.718965,4673.6455,True,False,wall,20.0,6.0,-10.0
568,23748,-12.0,0,15,0.71884,5100.4367,True,False,wall,0.0,-2.0,-10.0
569,23773,-14.0,0,25,0.718631,4279.9101,True,False,wall,0.0,-4.0,-10.0
570,23793,-19.0,0,20,0.718464,4706.1587,True,False,wall,0.0,-9.0,-10.0
571,23827,-17.0,0,34,0.71818,5932.3983,True,False,wall,0.0,-7.0,-10.0
572,23885,8.0,1,58,0.717696,4920.7733,True,False,wall,10.0,8.0,-10.0
573,23911,-17.0,0,26,0.717479,4222.6315,True,False,wall,0.0,-7.0,-10.0
574,23942,-18.0,0,31,0.71722,3525.2867,True,False,wall,0.0,-8.0,-10.0
575,23954,-17.0,0,12,0.71712,3816.5267,True,False,wall,0.0,-7.0,-10.0
576,23997,-8.0,0,43,0.716761,4966.4706,True,False,wall,0.0,2.0,-10.0
577,24021,-17.0,0,24,0.716561,7103.4472,True,False,wall,0.0,-7.0,-10.0
578,24058,-20.0,0,37,0.716253,7008.0088,True,False,wall,0.0,-10.0,-10.0
579,24097,-10.0,0,39,0.715928,8507.7463,True,False,wall,0.0,0.0,-10.0
580,24185,-5.0,0,88,0.715196,9520.8213,True,False,wall,0.0,5.0,-10.0
581,24207,-9.0,0,22,0.715013,17230.578,True,False,wall,0.0,1.0,-10.0
582,24240,-6.0,0,33,0.714739,9355.0864,True,False,wall,0.0,4.0,-10.0
583,24286,-17.0,0,46,0.714357,8681.4438,True,False,wall,0.0,-7.0,-10.0
584,24302,-21.0,0,16,0.714224,8798.364,True,False,wall,0.0,-11.0,-10.0
585,24358,-13.0,0,56,0.713759,9640.2516,True,False,wall,0.0,-3.0,-10.0
586,24406,-23.0,0,48,0.713361,10963.8122,True,False,wall,0.0,-13.0,-10.0
587,24431,-14.0,0,25,0.713154,10769.3519,True,False,wall,0.0,-4.0,-10.0
588,24465,-17.0,0,34,0.712872,10810.2593,True,False,wall,0.0,-7.0,-10.0
589,24491,-19.0,0,26,0.712657,10895.0246,True,False,wall,0.0,-9.0,-10.0
590,24553,-17.0,0,62,0.712143,21044.5437,True,False,wall,0.0,-7.0,-10.0
591,24599,-15.0,0,46,0.711763,20590.1482,True,False,wall,0.0,-5.0,-10.0
592,24617,-21.0,0,18,0.711614,18016.667,True,False,wall,0.0,-11.0,-10.0
593,24641,-13.0,0,24,0.711416,14982.0097,True,False,wall,0.0,-3.0,-10.0
594,24684,-5.0,1,43,0.71106,20721.8071,True,False,wall,10.0,-5.0,-10.0
595,24759,-8.0,0,75,0.710441,25858.7142,True,False,wall,0.0,2.0,-10.0
596,24786,-1.0,1,27,0.710218,19835.2977,True,False,wall,10.0,-1.0,-10.0
597,24807,-10.0,0,21,0.710045,33535.9497,True,False,wall,0.0,0.0,-10.0
598,24838,-22.0,0,31,0.709789,50723.9711,True,False,wall,0.0,-12.0,-10.0
599,24878,-17.0,0,40,0.709459,48331.5749,True,False,wall,0.0,-7.0,-10.0
600,24923,-12.0,0,45,0.709088,44959.905,True,False,wall,0.0,-2.0,-10.0
601,24956,-4.0,0,33,0.708816,43767.673,True,False,wall,0.0,6.0,-10.0
602,25031,-20.0,0,75,0.708199,70760.8952,True,False,wall,0.0,-10.0,-10.0
603,25054,-8.0,0,23,0.70801,45566.7959,True,False,wall,0.0,2.0,-10.0
604,25113,-16.0,0,59,0.707525,77659.4142,True,False,wall,0.0,-6.0,-10.0
605,25138,-10.0,0,25,0.707319,81499.7691,True,False,wall,0.0,0.0,-10.0
606,25231,3.0,1,93,0.706556,108169.3968,True,False,wall,10.0,3.0,-10.0
607,25255,-5.0,0,24,0.706359,90554.306,True,False,wall,0.0,5.0,-10.0
608,25299,-9.0,0,44,0.705998,94964.3854,True,False,wall,0.0,1.0,-10.0
609,25311,-17.0,0,12,0.705899,71683.9157,True,False,wall,0.0,-7.0,-10.0
610,25339,-13.0,0,28,0.70567,82166.1177,True,False,wall,0.0,-3.0,-10.0
611,25363,-9.0,0,24,0.705473,92313.2817,True,False,wall,0.0,1.0,-10.0
612,25436,-16.0,0,73,0.704875,138163.3389,True,False,wall,0.0,-6.0,-10.0
613,25462,-15.0,0,26,0.704662,99077.3543,True,False,wall,0.0,-5.0,-10.0
614,25484,-15.0,0,22,0.704482,82437.6259,True,False,wall,0.0,-5.0,-10.0
615,25519,7.0,1,35,0.704196,109410.6452,True,False,wall,10.0,7.0,-10.0
616,25536,-12.0,0,17,0.704057,134436.9766,True,False,wall,0.0,-2.0,-10.0
617,25549,-10.0,0,13,0.703951,147687.0968,True,False,wall,0.0,0.0,-10.0
618,25569,-5.0,0,20,0.703787,129088.5395,True,False,wall,0.0,5.0,-10.0
619,25591,-5.0,0,22,0.703608,284601.4075,True,False,wall,0.0,5.0,-10.0
620,25617,-15.0,0,26,0.703395,155026.8453,True,False,wall,0.0,-5.0,-10.0
621,25673,10.0,1,56,0.702938,134001.1839,True,False,wall,10.0,10.0,-10.0
622,25747,-17.0,0,74,0.702334,124383.3896,True,False,wall,0.0,-7.0,-10.0
623,25818,-10.0,0,71,0.701756,89398.8038,True,False,wall,0.0,0.0,-10.0
624,25841,-8.0,0,23,0.701568,97461.4878,True,False,wall,0.0,2.0,-10.0
625,25870,-6.0,0,29,0.701332,113969.8336,True,False,wall,0.0,4.0,-10.0
626,25917,-6.0,0,47,0.70095,139752.5917,True,False,wall,0.0,4.0,-10.0
627,25944,-4.0,0,27,0.70073,119078.8843,True,False,wall,0.0,6.0,-10.0
628,25965,-8.0,0,21,0.700559,117975.3099,True,False,wall,0.0,2.0,-10.0
629,26025,-15.0,0,60,0.700071,116004.2573,True,False,wall,0.0,-5.0,-10.0
630,26077,-11.0,0,52,0.699649,133646.1083,True,False,wall,0.0,-1.0,-10.0
631,26099,-17.0,0,22,0.69947,124060.5295,True,False,wall,0.0,-7.0,-10.0
632,26115,-5.0,0,16,0.699341,155229.9814,True,False,wall,0.0,5.0,-10.0
633,26140,-2.0,0,25,0.699138,115663.2375,True,False,wall,0.0,8.0,-10.0
634,26202,-15.0,0,62,0.698635,188350.0489,True,False,wall,0.0,-5.0,-10.0
635,26274,-17.0,0,72,0.698051,193222.5789,True,False,wall,0.0,-7.0,-10.0
636,26295,-8.0,0,21,0.697881,187714.5502,True,False,wall,0.0,2.0,-10.0
637,26331,-17.0,0,36,0.69759,433234.5838,True,False,wall,0.0,-7.0,-10.0
638,26372,-6.0,0,41,0.697258,299992.8792,True,False,wall,0.0,4.0,-10.0
639,26420,-13.0,0,48,0.69687,235263.4561,True,False,wall,0.0,-3.0,-10.0
640,26431,-18.0,0,11,0.696781,254243.9915,True,False,wall,0.0,-8.0,-10.0
641,26492,5.0,1,61,0.696288,315911.1738,True,False,wall,10.0,5.0,-10.0
642,26532,-3.0,0,40,0.695965,288976.3359,True,False,wall,0.0,7.0,-10.0
643,26588,-19.0,0,56,0.695513,347112.4999,True,False,wall,0.0,-9.0,-10.0
644,26600,-17.0,0,12,0.695416,340833.9661,True,False,wall,0.0,-7.0,-10.0
645,26618,-13.0,0,18,0.695271,419973.8628,True,False,wall,0.0,-3.0,-10.0
646,26636,-19.0,0,18,0.695125,457405.4523,True,False,wall,0.0,-9.0,-10.0
647,26664,-15.0,0,28,0.6949,375422.5776,True,False,wall,0.0,-5.0,-10.0
648,26713,-3.0,1,49,0.694505,397850.8112,True,False,wall,10.0,-3.0,-10.0
649,26777,-2.0,1,64,0.693989,370963.021,True,False,wall,10.0,-2.0,-10.0
650,26814,-10.0,0,37,0.693692,505546.7593,True,False,wall,0.0,0.0,-10.0
651,26861,-6.0,0,47,0.693314,560980.6297,True,False,wall,0.0,4.0,-10.0
652,26880,-10.0,0,19,0.693161,525742.6497,True,False,wall,0.0,0.0,-10.0
653,26909,-22.0,0,29,0.692928,540441.0765,True,False,wall,0.0,-12.0,-10.0
654,26961,-23.0,0,52,0.69251,585403.1094,True,False,wall,0.0,-13.0,-10.0
655,27005,-21.0,0,44,0.692157,605240.4219,True,False,wall,0.0,-11.0,-10.0
656,27025,-21.0,0,20,0.691996,711764.7781,True,False,wall,0.0,-11.0,-10.0
657,27064,-1.0,1,39,0.691683,676660.4696,True,False,wall,10.0,-1.0,-10.0
658,27106,-13.0,0,42,0.691346,666367.1756,True,False,wall,0.0,-3.0,-10.0
659,27136,-21.0,0,30,0.691106,671296.3833,True,False,wall,0.0,-11.0,-10.0
660,27177,-7.0,1,41,0.690777,961019.3133,True,False,wall,10.0,-7.0,-10.0
661,27207,-21.0,0,30,0.690537,998199.3646,True,False,wall,0.0,-11.0,-10.0
662,27237,-17.0,0,30,0.690297,952786.9417,True,False,wall,0.0,-7.0,-10.0
663,27249,-7.0,0,12,0.690201,887660.0469,True,False,wall,0.0,3.0,-10.0
664,27263,-7.0,0,14,0.690089,1361002.1652,True,False,wall,0.0,3.0,-10.0
665,27403,-17.0,0,140,0.68897,1005363.598,True,False,wall,0.0,-7.0,-10.0
666,27469,-15.0,0,66,0.688443,953314.1757,True,False,wall,0.0,-5.0,-10.0
667,27496,-14.0,0,27,0.688227,1174373.0903,True,False,wall,0.0,-4.0,-10.0
668,27541,-14.0,0,45,0.687869,1478739.7181,True,False,wall,0.0,-4.0,-10.0
669,27557,-21.0,0,16,0.687741,1110592.5273,True,False,wall,0.0,-11.0,-10.0
670,27662,-5.0,1,105,0.686905,1334821.6119,True,False,wall,10.0,-5.0,-10.0
671,27705,-12.0,0,43,0.686562,1734511.734,True,False,wall,0.0,-2.0,-10.0
672,27736,-3.0,1,31,0.686316,1730911.9395,True,False,wall,10.0,-3.0,-10.0
673,27785,-22.0,0,49,0.685926,2044162.9477,True,False,wall,0.0,-12.0,-10.0
674,27827,-17.0,0,42,0.685592,2087229.3571,True,False,wall,0.0,-7.0,-10.0
675,27860,-12.0,0,33,0.68533,2279107.1705,True,False,wall,0.0,-2.0,-10.0
676,27881,-24.0,0,21,0.685163,2340653.125,True,False,wall,0.0,-14.0,-10.0
677,27895,-17.0,0,14,0.685052,2246359.8036,True,False,wall,0.0,-7.0,-10.0
678,27928,9.0,1,33,0.68479,2038653.447,True,False,wall,10.0,9.0,-10.0
679,27983,5.0,1,55,0.684354,2276747.1409,True,False,wall,10.0,5.0,-10.0
680,28026,-10.0,0,43,0.684013,2783799.7762,True,False,wall,0.0,0.0,-10.0
681,28042,8.0,1,16,0.683886,2815974.0312,True,False,wall,10.0,8.0,-10.0
682,28057,-12.0,0,15,0.683768,3371775.7833,True,False,wall,0.0,-2.0,-10.0
683,28071,-21.0,0,14,0.683657,5276695.5625,True,False,wall,0.0,-11.0,-10.0
684,28105,-13.0,0,34,0.683387,2690241.5662,True,False,wall,0.0,-3.0,-10.0
685,28114,-4.0,0,9,0.683316,4580352.1944,True,False,wall,0.0,6.0,-10.0
686,28131,-10.0,0,17,0.683182,2690974.0147,True,False,wall,0.0,0.0,-10.0
687,28191,-19.0,0,60,0.682707,3012044.9562,True,False,wall,0.0,-9.0,-10.0
688,28201,-5.0,0,10,0.682628,2675434.15,True,False,wall,0.0,5.0,-10.0
689,28213,-5.0,0,12,0.682533,3625557.6354,True,False,wall,0.0,5.0,-10.0
690,28239,-21.0,0,26,0.682327,3406538.2115,True,False,wall,0.0,-11.0,-10.0
691,28289,-13.0,0,50,0.681932,3343896.6925,True,False,wall,0.0,-3.0,-10.0
692,28329,6.0,1,40,0.681616,3430969.575,True,False,wall,10.0,6.0,-10.0
693,28363,-15.0,0,34,0.681348,3747163.6471,True,False,wall,0.0,-5.0,-10.0
694,28395,-15.0,0,32,0.681096,4138479.8828,True,False,wall,0.0,-5.0,-10.0
695,28490,-20.0,0,95,0.680347,3482251.3526,True,False,wall,0.0,-10.0,-10.0
696,28610,-17.0,0,120,0.679402,3628085.8979,True,False,wall,0.0,-7.0,-10.0
697,28624,8.0,1,14,0.679292,2788386.3661,True,False,wall,10.0,8.0,-10.0
698,28641,-6.0,0,17,0.679158,3812815.3824,True,False,wall,0.0,4.0,-10.0
699,28668,-12.0,0,27,0.678946,4603960.3889,True,False,wall,0.0,-2.0,-10.0
700,28689,-6.0,0,21,0.678781,3840004.7738,True,False,wall,0.0,4.0,-10.0
701,28719,-11.0,0,30,0.678545,3049273.2417,True,False,wall,0.0,-1.0,-10.0
702,28794,-20.0,0,75,0.677956,4442565.5,True,False,wall,0.0,-10.0,-10.0
703,28844,-19.0,0,50,0.677563,4074891.835,True,False,wall,0.0,-9.0,-10.0
704,28881,-22.0,0,37,0.677273,6374606.1014,True,False,wall,0.0,-12.0,-10.0
705,28910,-8.0,0,29,0.677046,5757059.4828,True,False,wall,0.0,2.0,-10.0
706,28994,28.0,3,84,0.676388,6055664.5119,True,False,body,30.0,8.0,-10.0
707,29057,-5.0,1,63,0.675895,5779295.9921,True,False,wall,10.0,-5.0,-10.0
708,29084,-18.0,0,27,0.675684,4231124.6019,True,False,wall,0.0,-8.0,-10.0
709,29123,-18.0,0,39,0.675379,3980747.6795,True,False,wall,0.0,-8.0,-10.0
710,29145,-7.0,0,22,0.675207,4094357.0852,True,False,wall,0.0,3.0,-10.0
711,29168,-16.0,0,23,0.675027,5731193.3696,True,False,wall,0.0,-6.0,-10.0
712,29202,-15.0,0,34,0.674761,5912588.2426,True,False,wall,0.0,-5.0,-10.0
713,29215,-2.0,0,13,0.67466,4951255.7115,True,False,wall,0.0,8.0,-10.0
714,29247,-17.0,0,32,0.67441,4854243.5,True,False,wall,0.0,-7.0,-10.0
715,29287,-19.0,0,40,0.674098,5466257.0938,True,False,wall,0.0,-9.0,-10.0
716,29342,3.0,1,55,0.673669,4726420.0545,True,False,wall,10.0,3.0,-10.0
717,29383,-8.0,0,41,0.673349,4818575.6098,True,False,wall,0.0,2.0,-10.0
718,29416,-22.0,0,33,0.673092,4904528.5985,True,False,wall,0.0,-12.0,-10.0
719,29447,-16.0,0,31,0.672851,7814391.7984,True,False,wall,0.0,-6.0,-10.0
720,29465,-15.0,0,18,0.672711,5384506.6667,True,False,wall,0.0,-5.0,-10.0
721,29485,-23.0,0,20,0.672555,6632210.2,True,False,wall,0.0,-13.0,-10.0
722,29501,-13.0,0,16,0.672431,4958263.5938,True,False,wall,0.0,-3.0,-10.0
723,29524,-18.0,0,23,0.672252,6644284.8696,True,False,wall,0.0,-8.0,-10.0
724,29574,0.0,1,50,0.671863,7665707.83,True,False,wall,10.0,0.0,-10.0
725,29627,-18.0,0,53,0.671451,5803468.7123,True,False,wall,0.0,-8.0,-10.0
726,29721,-23.0,0,94,0.670721,5846663.2128,True,False,wall,0.0,-13.0,-10.0
727,29744,-16.0,0,23,0.670543,6974632.2283,True,False,wall,0.0,-6.0,-10.0
728,29803,-20.0,0,59,0.670085,7473678.5424,True,False,wall,0.0,-10.0,-10.0
729,29890,5.0,1,87,0.669411,7228770.6351,True,False,wall,10.0,5.0,-10.0
730,30003,-10.0,0,113,0.668537,7695801.3872,True,False,wall,0.0,0.0,-10.0
731,30023,-19.0,0,20,0.668383,9088786.9625,True,False,wall,0.0,-9.0,-10.0
732,30037,-17.0,0,14,0.668274,8788713.1429,True,False,wall,0.0,-7.0,-10.0
733,30073,-17.0,0,36,0.667996,8042167.1944,True,False,wall,0.0,-7.0,-10.0
734,30095,-15.0,0,22,0.667826,7782246.6364,True,False,wall,0.0,-5.0,-10.0
735,30130,-22.0,0,35,0.667556,8061768.0429,True,False,wall,0.0,-12.0,-10.0
736,30154,-21.0,0,24,0.667371,8841168.7708,True,False,wall,0.0,-11.0,-10.0
737,30171,-8.0,0,17,0.66724,8793782.4706,True,False,wall,0.0,2.0,-10.0
738,30237,2.0,1,66,0.666731,7574841.5379,True,False,wall,10.0,2.0,-10.0
739,30260,-18.0,0,23,0.666553,8101424.5217,True,False,wall,0.0,-8.0,-10.0
740,30393,0.0,0,133,0.665529,8238657.5602,True,False,wall,0.0,10.0,-10.0
741,30475,-19.0,0,82,0.664899,9415003.0244,True,False,wall,0.0,-9.0,-10.0
742,30517,-15.0,0,42,0.664576,8294316.8929,True,False,wall,0.0,-5.0,-10.0
743,30557,-19.0,0,40,0.664269,11026304.0625,True,False,wall,0.0,-9.0,-10.0
744,30581,-13.0,0,24,0.664084,12699570.1042,True,False,wall,0.0,-3.0,-10.0
745,30610,-18.0,0,29,0.663862,10368660.4655,True,False,wall,0.0,-8.0,-10.0
746,30644,-15.0,0,34,0.663601,12070000.3088,True,False,wall,0.0,-5.0,-10.0
747,30666,-5.0,0,22,0.663432,10801901.8864,True,False,wall,0.0,5.0,-10.0
748,30711,-22.0,0,45,0.663087,12360255.2444,True,False,wall,0.0,-12.0,-10.0
749,30809,-7.0,0,98,0.662337,13529300.8061,True,False,wall,0.0,3.0,-10.0
750,30833,-17.0,0,24,0.662153,15099879.8542,True,False,wall,0.0,-7.0,-10.0
751,30862,-24.0,0,29,0.661931,12571366.6552,True,False,wall,0.0,-14.0,-10.0
752,30933,-20.0,0,71,0.661388,13715293.1197,True,False,wall,0.0,-10.0,-10.0
753,30946,-4.0,0,13,0.661289,11347746.5385,True,False,wall,0.0,6.0,-10.0
754,30970,-21.0,0,24,0.661106,20582796.3958,True,False,wall,0.0,-11.0,-10.0
755,30983,-8.0,0,13,0.661006,17255279.7692,True,False,wall,0.0,2.0,-10.0
756,31083,-15.0,0,100,0.660243,18132814.025,True,False,wall,0.0,-5.0,-10.0
757,31120,-16.0,0,37,0.659961,17201652.027,True,False,wall,0.0,-6.0,-10.0
758,31136,-19.0,0,16,0.659839,15119230.625,True,False,wall,0.0,-9.0,-10.0
759,31158,-13.0,0,22,0.659671,16731410.9091,True,False,wall,0.0,-3.0,-10.0
760,31176,-19.0,0,18,0.659534,23220958.4444,True,False,wall,0.0,-9.0,-10.0
761,31194,-11.0,0,18,0.659397,17032918.0556,True,False,wall,0.0,-1.0,-10.0
762,31226,-13.0,0,32,0.659153,24523128.1875,True,False,wall,0.0,-3.0,-10.0
763,31260,-13.0,0,34,0.658894,21403313.4706,True,False,wall,0.0,-3.0,-10.0
764,31287,-20.0,0,27,0.658689,23411713.0741,True,False,wall,0.0,-10.0,-10.0
765,31318,-20.0,0,31,0.658453,28248596.5161,True,False,wall,0.0,-10.0,-10.0
766,31350,-9.0,0,32,0.65821,27077852.6875,True,False,wall,0.0,1.0,-10.0
767,31369,-10.0,0,19,0.658065,26182669.9474,True,False,wall,0.0,0.0,-10.0
768,31383,-3.0,0,14,0.657959,15586522.3571,True,False,wall,0.0,7.0,-10.0
769,31435,-21.0,0,52,0.657564,18524613.0673,True,False,wall,0.0,-11.0,-10.0
770,31484,-2.0,0,49,0.657192,19190463.0612,True,False,wall,0.0,8.0,-10.0
771,31510,8.0,1,26,0.656995,24662090.0769,True,False,wall,10.0,8.0,-10.0
772,31556,-9.0,0,46,0.656646,25806841.2609,True,False,wall,0.0,1.0,-10.0
773,31613,-14.0,0,57,0.656214,31772988.614,True,False,wall,0.0,-4.0,-10.0
774,31650,-12.0,0,37,0.655933,41402614.7568,True,False,wall,0.0,-2.0,-10.0
775,31695,-4.0,0,45,0.655592,23084344.7333,True,False,wall,0.0,6.0,-10.0
776,31714,-6.0,0,19,0.655449,26473922.1579,True,False,wall,0.0,4.0,-10.0
777,31743,-24.0,0,29,0.655229,36017000.5862,True,False,wall,0.0,-14.0,-10.0
778,31794,-16.0,0,51,0.654844,62305121.9216,True,False,wall,0.0,-6.0,-10.0
779,31845,5.0,1,51,0.654458,24156160.8529,True,False,wall,10.0,5.0,-10.0
780,31880,-24.0,0,35,0.654194,21549557.1143,True,False,wall,0.0,-14.0,-10.0
781,31898,-21.0,0,18,0.654058,39978873.0556,True,False,wall,0.0,-11.0,-10.0
782,31918,-19.0,0,20,0.653907,32577677.75,True,False,wall,0.0,-9.0,-10.0
783,31931,-18.0,0,13,0.653809,47466223.6154,True,False,wall,0.0,-8.0,-10.0
784,31949,-21.0,0,18,0.653673,35647252.3889,True,False,wall,0.0,-11.0,-10.0
785,32010,-18.0,0,61,0.653213,33107544.4426,True,False,wall,0.0,-8.0,-10.0
786,32023,-18.0,0,13,0.653115,18927124.9231,True,False,wall,0.0,-8.0,-10.0
787,32057,-15.0,0,34,0.652858,18944056.3382,True,False,wall,0.0,-5.0,-10.0
788,32090,-18.0,0,33,0.65261,33121120.1818,True,False,wall,0.0,-8.0,-10.0
789,32104,-17.0,0,14,0.652504,32175353.1429,True,False,wall,0.0,-7.0,-10.0
790,32116,-15.0,0,12,0.652414,23294314.8333,True,False,wall,0.0,-5.0,-10.0
791,32164,-11.0,0,48,0.652053,23722722.2292,True,False,wall,0.0,-1.0,-10.0
792,32266,-2.0,1,102,0.651285,28826269.5882,True,False,wall,10.0,-2.0,-10.0
793,32294,-19.0,0,28,0.651075,29772350.75,True,False,wall,0.0,-9.0,-10.0
794,32365,-8.0,0,71,0.650542,21289196.6056,True,False,wall,0.0,2.0,-10.0
795,32380,-6.0,0,15,0.650429,22600391.5333,True,False,wall,0.0,4.0,-10.0
796,32392,-21.0,0,12,0.650339,33801428.4167,True,False,wall,0.0,-11.0,-10.0
797,32448,-15.0,0,56,0.649919,23068855.5536,True,False,wall,0.0,-5.0,-10.0
798,32471,-16.0,0,23,0.649747,17424445.8696,True,False,wall,0.0,-6.0,-10.0
799,32491,-15.0,0,20,0.649597,17069173.6,True,False,wall,0.0,-5.0,-10.0
800,32574,-12.0,0,83,0.648975,23491540.3012,True,False,wall,0.0,-2.0,-10.0
801,32651,-20.0,0,77,0.648399,28733244.4545,True,False,wall,0.0,-10.0,-10.0
802,32664,12.0,2,13,0.648301,40496409.9231,True,False,wall,20.0,2.0,-10.0
803,32697,-10.0,0,33,0.648055,25739659.1818,True,False,wall,0.0,0.0,-10.0
804,32746,-8.0,0,49,0.647689,19960313.4286,True,False,wall,0.0,2.0,-10.0
805,32773,-14.0,0,27,0.647487,21156690.4074,True,False,wall,0.0,-4.0,-10.0
806,32816,-1.0,1,43,0.647166,26492029.9535,True,False,wall,10.0,-1.0,-10.0
807,32838,-1.0,0,22,0.647002,23556234.7273,True,False,wall,0.0,9.0,-10.0
808,32874,-5.0,0,36,0.646733,26035905.8611,True,False,wall,0.0,5.0,-10.0
809,32894,-19.0,0,20,0.646584,21396792.1,True,False,wall,0.0,-9.0,-10.0
810,32920,-5.0,0,26,0.64639,31331818.0769,True,False,wall,0.0,5.0,-10.0
811,33053,-20.0,0,133,0.645399,23249647.1165,True,False,wall,0.0,-10.0,-10.0
812,33100,3.0,1,47,0.64505,18773505.4681,True,False,wall,10.0,3.0,-10.0
813,33121,-20.0,0,21,0.644893,20580035.2857,True,False,wall,0.0,-10.0,-10.0
814,33159,-3.0,0,38,0.644611,19253863.6316,True,False,wall,0.0,7.0,-10.0
815,33196,-24.0,0,37,0.644336,23211847.7297,True,False,wall,0.0,-14.0,-10.0
816,33217,-18.0,0,21,0.64418,26753650.0476,True,False,wall,0.0,-8.0,-10.0
817,33248,-20.0,0,31,0.64395,20208040.871,True,False,wall,0.0,-10.0,-10.0
818,33279,-24.0,0,31,0.64372,27048248.3226,True,False,wall,0.0,-14.0,-10.0
819,33306,-12.0,0,27,0.643519,22641463.1111,True,False,wall,0.0,-2.0,-10.0
820,33331,9.0,1,25,0.643334,23121431.72,True,False,wall,10.0,9.0,-10.0
821,33348,-24.0,0,17,0.643208,30822962.8235,True,False,wall,0.0,-14.0,-10.0
822,33466,11.0,2,118,0.642333,24378083.9746,True,False,wall,20.0,1.0,-10.0
823,33511,-18.0,0,45,0.642,22739774.0222,True,False,wall,0.0,-8.0,-10.0
824,33540,-20.0,0,29,0.641786,21126025.3103,True,False,wall,0.0,-10.0,-10.0
825,33605,-22.0,0,65,0.641305,21355316.7077,True,False,wall,0.0,-12.0,-10.0
826,33625,-11.0,0,20,0.641157,61321450.7,True,False,wall,0.0,-1.0,-10.0
827,33649,-13.0,0,24,0.64098,29230397.25,True,False,wall,0.0,-3.0,-10.0
828,33671,-11.0,0,22,0.640818,43108832.9545,True,False,wall,0.0,-1.0,-10.0
829,33727,-13.0,0,56,0.640404,36546407.9464,True,False,wall,0.0,-3.0,-10.0
830,33743,-17.0,0,16,0.640286,26684812.5625,True,False,wall,0.0,-7.0,-10.0
831,33855,23.0,2,112,0.63946,23690353.1696,True,False,wall,20.0,13.0,-10.0
832,33866,-2.0,0,11,0.639379,35491377.5455,True,False,wall,0.0,8.0,-10.0
833,33881,-1.0,1,15,0.639269,21101763.8,True,False,wall,10.0,-1.0,-10.0
834,33915,-13.0,0,34,0.639018,24795094.3529,True,False,wall,0.0,-3.0,-10.0
835,33956,-22.0,0,41,0.638717,23519980.2439,True,False,wall,0.0,-12.0,-10.0
836,33996,-21.0,0,40,0.638422,21742774.725,True,False,wall,0.0,-11.0,-10.0
837,34011,-12.0,0,15,0.638312,22856333.2667,True,False,wall,0.0,-2.0,-10.0
838,34032,-20.0,0,21,0.638157,28083742.2857,True,False,wall,0.0,-10.0,-10.0
839,34044,-19.0,0,12,0.638069,25773607.75,True,False,wall,0.0,-9.0,-10.0
840,34155,-20.0,0,111,0.637254,39174973.0,True,False,wall,0.0,-10.0,-10.0
841,34167,-17.0,0,12,0.637166,32888066.3333,True,False,wall,0.0,-7.0,-10.0
842,34219,30.0,3,52,0.636784,38401711.2115,True,False,body,30.0,10.0,-10.0
843,34266,-3.0,1,47,0.63644,31127687.383,True,False,wall,10.0,-3.0,-10.0
844,34280,6.0,1,14,0.636337,44277327.7143,True,False,wall,10.0,6.0,-10.0
845,34295,-4.0,0,15,0.636227,25938634.8,True,False,wall,0.0,6.0,-10.0
846,34309,-13.0,0,14,0.636125,30256677.4286,True,False,wall,0.0,-3.0,-10.0
847,34326,-18.0,0,17,0.636,26277612.8235,True,False,wall,0.0,-8.0,-10.0
848,34351,-18.0,0,25,0.635817,45264824.24,True,False,wall,0.0,-8.0,-10.0
849,34367,-21.0,0,16,0.6357,66817975.8125,True,False,wall,0.0,-11.0,-10.0
850,34382,-2.0,0,15,0.63559,21805752.8,True,False,wall,0.0,8.0,-10.0
851,34400,-19.0,0,18,0.635458,27340103.6111,True,False,wall,0.0,-9.0,-10.0
852,34469,-6.0,0,69,0.634953,36011400.971,True,False,wall,0.0,4.0,-10.0
853,34495,-17.0,0,26,0.634763,32665670.1923,True,False,wall,0.0,-7.0,-10.0
854,34533,-17.0,0,38,0.634486,37559440.1316,True,False,wall,0.0,-7.0,-10.0
855,34572,-18.0,0,39,0.634201,30339376.0513,True,False,wall,0.0,-8.0,-10.0
856,34585,-20.0,0,13,0.634106,20493699.7692,True,False,wall,0.0,-10.0,-10.0
857,34612,7.0,1,27,0.633909,60506640.9259,True,False,wall,10.0,7.0,-10.0
858,34656,-17.0,0,44,0.633588,32520507.3182,True,False,wall,0.0,-7.0,-10.0
859,34695,-8.0,0,39,0.633303,41360935.7179,True,False,wall,0.0,2.0,-10.0
860,34707,-17.0,0,12,0.633216,29456478.3333,True,False,wall,0.0,-7.0,-10.0
861,34751,-23.0,0,44,0.632895,31310057.6591,True,False,wall,0.0,-13.0,-10.0
862,34768,-12.0,0,17,0.632771,34017916.8235,True,False,wall,0.0,-2.0,-10.0
863,34818,-17.0,0,50,0.632407,31286769.38,True,False,wall,0.0,-7.0,-10.0
864,34840,-19.0,0,22,0.632247,51910861.5909,True,False,wall,0.0,-9.0,-10.0
865,34900,-23.0,0,60,0.63181,53108151.5167,True,False,wall,0.0,-13.0,-10.0
866,34954,-23.0,0,54,0.631418,33543911.4444,True,False,wall,0.0,-13.0,-10.0
867,34981,-4.0,0,27,0.631222,33309168.2593,True,False,wall,0.0,6.0,-10.0
868,35033,-13.0,0,52,0.630844,29737147.6346,True,False,wall,0.0,-3.0,-10.0
869,35061,4.0,1,28,0.630641,52957107.2143,True,False,wall,10.0,4.0,-10.0
870,35158,-8.0,0,97,0.629937,45118538.6598,True,False,wall,0.0,2.0,-10.0
871,35179,-20.0,0,21,0.629785,32383956.5238,True,False,wall,0.0,-10.0,-10.0
872,35225,-19.0,0,46,0.629452,32413345.5,True,False,wall,0.0,-9.0,-10.0
873,35244,-2.0,0,19,0.629314,32242113.0,True,False,wall,0.0,8.0,-10.0
874,35274,-19.0,0,30,0.629097,24656794.6333,True,False,wall,0.0,-9.0,-10.0
875,35284,-5.0,0,10,0.629024,15775447.8,True,False,wall,0.0,5.0,-10.0
876,35294,-19.0,0,10,0.628952,22155979.2,True,False,wall,0.0,-9.0,-10.0
877,35370,-11.0,0,76,0.628402,28444826.5,True,False,wall,0.0,-1.0,-10.0
878,35421,11.0,1,51,0.628034,37548210.3333,True,False,wall,10.0,11.0,-10.0
879,35441,-13.0,0,20,0.627889,21264674.95,True,False,wall,0.0,-3.0,-10.0
880,35457,-17.0,0,16,0.627774,26357375.0,True,False,wall,0.0,-7.0,-10.0
881,35476,-12.0,0,19,0.627636,23563377.3158,True,False,wall,0.0,-2.0,-10.0
882,35580,-13.0,0,104,0.626886,33425111.8654,True,False,wall,0.0,-3.0,-10.0
883,35604,-13.0,0,24,0.626713,26057348.3333,True,False,wall,0.0,-3.0,-10.0
884,35639,-18.0,0,35,0.626461,25042405.6286,True,False,wall,0.0,-8.0,-10.0
885,35706,-16.0,0,67,0.625978,22026609.0597,True,False,wall,0.0,-6.0,-10.0
886,35720,-17.0,0,14,0.625877,19156036.2143,True,False,wall,0.0,-7.0,-10.0
887,35743,-18.0,0,23,0.625712,23598355.6087,True,False,wall,0.0,-8.0,-10.0
888,35775,-23.0,0,32,0.625482,28157463.8125,True,False,wall,0.0,-13.0,-10.0
889,35808,-20.0,0,33,0.625244,20509237.0606,True,False,wall,0.0,-10.0,-10.0
890,35879,-6.0,0,71,0.624734,33700268.0845,True,False,wall,0.0,4.0,-10.0
891,35894,-18.0,0,15,0.624626,24529012.9333,True,False,wall,0.0,-8.0,-10.0
892,35946,-19.0,0,52,0.624253,26869822.1346,True,False,wall,0.0,-9.0,-10.0
893,35971,-14.0,0,25,0.624073,21631352.24,True,False,wall,0.0,-4.0,-10.0
894,35983,-17.0,0,12,0.623987,15324810.25,True,False,wall,0.0,-7.0,-10.0
895,36034,-12.0,0,51,0.623621,21257246.0,True,False,wall,0.0,-2.0,-10.0
896,36059,-20.0,0,25,0.623442,16737820.2,True,False,wall,0.0,-10.0,-10.0
897,36096,-14.0,0,37,0.623177,17651299.0541,True,False,wall,0.0,-4.0,-10.0
898,36126,-3.0,0,30,0.622962,20743682.5667,True,False,wall,0.0,7.0,-10.0
899,36145,-16.0,0,19,0.622826,23368775.7368,True,False,wall,0.0,-6.0,-10.0
900,36163,-7.0,0,18,0.622697,15651485.8889,True,False,wall,0.0,3.0,-10.0
901,36206,-6.0,0,43,0.62239,23486392.5349,True,False,wall,0.0,4.0,-10.0
902,36220,-15.0,0,14,0.622289,16819408.4286,True,False,wall,0.0,-5.0,-10.0
903,36266,-21.0,0,46,0.62196,21563434.8478,True,False,wall,0.0,-11.0,-10.0
904,36279,-16.0,0,13,0.621867,18903493.6923,True,False,wall,0.0,-6.0,-10.0
905,36387,-19.0,0,108,0.621096,23330278.0833,True,False,wall,0.0,-9.0,-10.0
906,36433,8.0,1,46,0.620768,19153470.3478,True,False,wall,10.0,8.0,-10.0
907,36489,-4.0,1,56,0.620368,17330991.1964,True,False,wall,10.0,-4.0,-10.0
908,36528,-16.0,0,39,0.62009,19097046.8333,True,False,wall,0.0,-6.0,-10.0
909,36544,-19.0,0,16,0.619976,21437699.3125,True,False,wall,0.0,-9.0,-10.0
910,36557,-14.0,0,13,0.619884,14901159.0769,True,False,wall,0.0,-4.0,-10.0
911,36570,-12.0,0,13,0.619791,19648650.4615,True,False,wall,0.0,-2.0,-10.0
912,36587,-20.0,0,17,0.61967,22699235.3529,True,False,wall,0.0,-10.0,-10.0
913,36601,-11.0,0,14,0.61957,15485402.3214,True,False,wall,0.0,-1.0,-10.0
914,36681,-13.0,0,80,0.619001,33711397.75,True,False,wall,0.0,-3.0,-10.0
915,36742,-18.0,0,61,0.618567,18476989.5738,True,False,wall,0.0,-8.0,-10.0
916,36760,-21.0,0,18,0.618439,21778931.5,True,False,wall,0.0,-11.0,-10.0
917,36807,-10.0,0,47,0.618106,14083998.617,True,False,wall,0.0,0.0,-10.0
918,36832,-16.0,0,25,0.617928,16309988.78,True,False,wall,0.0,-6.0,-10.0
919,36845,-14.0,0,13,0.617836,13716405.8846,True,False,wall,0.0,-4.0,-10.0
920,36859,-21.0,0,14,0.617736,45081368.6786,True,False,wall,0.0,-11.0,-10.0
921,36874,-18.0,0,15,0.61763,14767128.3333,True,False,wall,0.0,-8.0,-10.0
922,36918,-21.0,0,44,0.617318,21547454.875,True,False,wall,0.0,-11.0,-10.0
923,36950,-17.0,0,32,0.617091,15582766.1562,True,False,wall,0.0,-7.0,-10.0
924,36976,-1.0,0,26,0.616907,16360736.3846,True,False,wall,0.0,9.0,-10.0
925,37026,8.0,1,50,0.616553,25179351.89,True,False,wall,10.0,8.0,-10.0
926,37056,-19.0,0,30,0.61634,23267436.9667,True,False,wall,0.0,-9.0,-10.0
927,37107,-10.0,0,51,0.615979,16196724.3137,True,False,wall,0.0,0.0,-10.0
928,37145,-13.0,0,38,0.61571,20346769.3158,True,False,wall,0.0,-3.0,-10.0
929,37167,-19.0,0,22,0.615555,20034107.2273,True,False,wall,0.0,-9.0,-10.0
930,37178,-16.0,0,11,0.615477,15865015.0909,True,False,wall,0.0,-6.0,-10.0
931,37210,12.0,1,32,0.615251,22640672.4844,True,False,wall,10.0,12.0,-10.0
932,37291,13.0,1,81,0.614679,17717927.537,True,False,wall,10.0,13.0,-10.0
933,37305,-7.0,0,14,0.61458,15980209.7143,True,False,wall,0.0,3.0,-10.0
934,37335,-19.0,0,30,0.614368,18857934.2,True,False,wall,0.0,-9.0,-10.0
935,37388,-4.0,0,53,0.613995,23360273.4717,True,False,wall,0.0,6.0,-10.0
936,37423,-8.0,0,35,0.613748,18043931.8857,True,False,wall,0.0,2.0,-10.0
937,37456,-16.0,0,33,0.613515,17459407.2424,True,False,wall,0.0,-6.0,-10.0
938,37475,-16.0,0,19,0.613382,20867059.0526,True,False,wall,0.0,-6.0,-10.0
939,37508,-8.0,0,33,0.613149,29584086.0606,True,False,wall,0.0,2.0,-10.0
940,37544,-7.0,0,36,0.612896,19236571.2222,True,False,wall,0.0,3.0,-10.0
941,37582,-13.0,0,38,0.612629,19934748.9737,True,False,wall,0.0,-3.0,-10.0
942,37625,-4.0,0,43,0.612326,21986436.686,True,False,wall,0.0,6.0,-10.0
943,37640,-18.0,0,15,0.612221,22112496.5333,True,False,wall,0.0,-8.0,-10.0
944,37663,-16.0,0,23,0.612059,17329560.9565,True,False,wall,0.0,-6.0,-10.0
945,37674,-10.0,0,11,0.611982,16760100.5909,True,False,wall,0.0,0.0,-10.0
946,37693,-22.0,0,19,0.611849,19887334.5789,True,False,wall,0.0,-12.0,-10.0
947,37741,-19.0,0,48,0.611512,24241091.2604,True,False,wall,0.0,-9.0,-10.0
948,37759,-23.0,0,18,0.611385,17521668.4444,True,False,wall,0.0,-13.0,-10.0
949,37773,-17.0,0,14,0.611287,16090975.5,True,False,wall,0.0,-7.0,-10.0
950,37800,-6.0,0,27,0.611098,24738454.1852,True,False,wall,0.0,4.0,-10.0
951,37855,-16.0,0,55,0.610712,16529976.6091,True,False,wall,0.0,-6.0,-10.0
952,37879,-19.0,0,24,0.610544,25681408.75,True,False,wall,0.0,-9.0,-10.0
953,37943,-15.0,0,64,0.610095,19732943.3906,True,False,wall,0.0,-5.0,-10.0
954,37969,-17.0,0,26,0.609913,22896435.1538,True,False,wall,0.0,-7.0,-10.0
955,38019,-21.0,0,50,0.609564,16712448.55,True,False,wall,0.0,-11.0,-10.0
956,38037,-19.0,0,18,0.609438,19391515.6111,True,False,wall,0.0,-9.0,-10.0
957,38061,6.0,1,24,0.60927,27109450.7083,True,False,wall,10.0,6.0,-10.0
958,38093,-21.0,0,32,0.609046,20697103.375,True,False,wall,0.0,-11.0,-10.0
959,38121,-17.0,0,28,0.608851,16547358.2143,True,False,wall,0.0,-7.0,-10.0
960,38145,-13.0,0,24,0.608683,18506924.8333,True,False,wall,0.0,-3.0,-10.0
961,38176,-12.0,0,31,0.608467,17323194.7742,True,False,wall,0.0,-2.0,-10.0
962,38186,-3.0,0,10,0.608397,19189810.8,True,False,wall,0.0,7.0,-10.0
963,38218,-8.0,1,32,0.608173,20748879.375,True,False,wall,10.0,-8.0,-10.0
964,38314,-15.0,0,96,0.607504,20693924.6771,True,False,wall,0.0,-5.0,-10.0
965,38337,-1.0,1,23,0.607344,18730674.1304,True,False,wall,10.0,-1.0,-10.0
966,38366,-20.0,0,29,0.607142,20348631.0345,True,False,wall,0.0,-10.0,-10.0
967,38424,-19.0,0,58,0.606738,18000276.6638,True,False,wall,0.0,-9.0,-10.0
968,38447,-20.0,0,23,0.606578,19946233.5217,True,False,wall,0.0,-10.0,-10.0
969,38483,-19.0,0,36,0.606328,23376849.3611,True,False,wall,0.0,-9.0,-10.0
970,38517,-7.0,0,34,0.606091,20899333.7059,True,False,wall,0.0,3.0,-10.0
971,38540,-16.0,0,23,0.605931,19505357.9565,True,False,wall,0.0,-6.0,-10.0
972,38559,-4.0,0,19,0.605799,21777075.2632,True,False,wall,0.0,6.0,-10.0
973,38580,-18.0,0,21,0.605653,24521597.5238,True,False,wall,0.0,-8.0,-10.0
974,38631,7.0,1,51,0.605299,20784335.1176,True,False,wall,10.0,7.0,-10.0
975,38649,-19.0,0,18,0.605174,20353533.1111,True,False,wall,0.0,-9.0,-10.0
976,38678,0.0,0,29,0.604973,21566334.1724,True,False,wall,0.0,10.0,-10.0
977,38717,-3.0,1,39,0.604703,16538475.9744,True,False,wall,10.0,-3.0,-10.0
978,38847,21.0,2,130,0.603802,22079307.8615,True,False,wall,20.0,11.0,-10.0
979,38859,-19.0,0,12,0.603719,18029312.5,True,False,wall,0.0,-9.0,-10.0
980,38908,-18.0,0,49,0.60338,23041805.898,True,False,wall,0.0,-8.0,-10.0
981,38937,-6.0,0,29,0.603179,17400458.931,True,False,wall,0.0,4.0,-10.0
982,38970,-4.0,0,33,0.602951,23838171.4848,True,False,wall,0.0,6.0,-10.0
983,39006,-17.0,0,36,0.602702,23376344.9167,True,False,wall,0.0,-7.0,-10.0
984,39084,-7.0,0,78,0.602164,28617065.2051,True,False,wall,0.0,3.0,-10.0
985,39096,-7.0,0,12,0.602081,26282712.5,True,False,wall,0.0,3.0,-10.0
986,39180,21.0,2,84,0.601502,21976219.4167,True,False,wall,20.0,11.0,-10.0
987,39299,-16.0,0,119,0.600682,23688132.6471,True,False,wall,0.0,-6.0,-10.0
988,39319,-15.0,0,20,0.600544,32950879.05,True,False,wall,0.0,-5.0,-10.0
989,39422,-12.0,0,103,0.599836,29591951.3786,True,False,wall,0.0,-2.0,-10.0
990,39444,-11.0,0,22,0.599685,23393473.4545,True,False,wall,0.0,-1.0,-10.0
991,39504,-17.0,0,60,0.599273,24907248.25,True,False,wall,0.0,-7.0,-10.0
992,39532,-7.0,0,28,0.59908,31527626.5357,True,False,wall,0.0,3.0,-10.0
993,39555,-6.0,0,23,0.598922,28556418.9565,True,False,wall,0.0,4.0,-10.0
994,39582,-12.0,0,27,0.598737,30714809.1111,True,False,wall,0.0,-2.0,-10.0
995,39597,-10.0,0,15,0.598634,21882392.2667,True,False,wall,0.0,0.0,-10.0
996,39613,-5.0,0,16,0.598525,23846275.1875,True,False,wall,0.0,5.0,-10.0
997,39645,-11.0,0,32,0.598305,27301270.9375,True,False,wall,0.0,-1.0,-10.0
998,39665,-17.0,0,20,0.598168,23312258.8,True,False,wall,0.0,-7.0,-10.0
999,39695,-9.0,0,30,0.597963,24507618.3,True,False,wall,0.0,1.0,-10.0
1000,39732,-2.0,0,37,0.597709,21981191.5676,True,False,wall,0.0,8.0,-10.0
1001,39770,-17.0,0,38,0.597449,27049524.9737,True,False,wall,0.0,-7.0,-10.0
1002,39817,-18.0,0,47,0.597128,26256281.2128,True,False,wall,0.0,-8.0,-10.0
1003,39836,-4.0,0,19,0.596998,21748201.5789,True,False,wall,0.0,6.0,-10.0
1004,39861,-10.0,0,25,0.596827,24811983.16,True,False,wall,0.0,0.0,-10.0
1005,39881,-19.0,0,20,0.59669,24318820.3,True,False,wall,0.0,-9.0,-10.0
1006,39953,-19.0,0,72,0.596198,26138848.2917,True,False,wall,0.0,-9.0,-10.0
1007,39977,-19.0,0,24,0.596035,28836117.4583,True,False,wall,0.0,-9.0,-10.0
1008,39999,-19.0,0,22,0.595884,25555404.0,True,False,wall,0.0,-9.0,-10.0
1009,40034,-10.0,0,35,0.595646,28448255.4571,True,False,wall,0.0,0.0,-10.0
1010,40124,-21.0,0,90,0.595032,25922763.4889,True,False,wall,0.0,-11.0,-10.0
1011,40152,-11.0,0,28,0.594841,23517744.25,True,False,wall,0.0,-1.0,-10.0
1012,40187,-8.0,0,35,0.594603,42880723.7714,True,False,wall,0.0,2.0,-10.0
1013,40203,-15.0,0,16,0.594494,23844139.625,True,False,wall,0.0,-5.0,-10.0
1014,40243,-17.0,0,40,0.594222,38390954.675,True,False,wall,0.0,-7.0,-10.0
1015,40258,-10.0,0,15,0.59412,23238990.2667,True,False,wall,0.0,0.0,-10.0
1016,40313,11.0,1,55,0.593746,22657519.7455,True,False,wall,10.0,11.0,-10.0
1017,40336,-24.0,0,23,0.59359,21689903.087,True,False,wall,0.0,-14.0,-10.0
1018,40359,-6.0,0,23,0.593433,33863173.2174,True,False,wall,0.0,4.0,-10.0
1019,40388,-18.0,0,29,0.593236,22907529.931,True,False,wall,0.0,-8.0,-10.0
1020,40410,-17.0,0,22,0.593087,26575678.7273,True,False,wall,0.0,-7.0,-10.0
1021,40431,-14.0,0,21,0.592945,22184839.1429,True,False,wall,0.0,-4.0,-10.0
1022,40450,-2.0,0,19,0.592816,20457761.2632,True,False,wall,0.0,8.0,-10.0
1023,40480,-13.0,0,30,0.592612,22686270.5667,True,False,wall,0.0,-3.0,-10.0
1024,40494,-19.0,0,14,0.592517,18847208.3571,True,False,wall,0.0,-9.0,-10.0
1025,40516,-15.0,0,22,0.592368,19388009.2273,True,False,wall,0.0,-5.0,-10.0
1026,40555,-6.0,0,39,0.592104,54184818.5641,True,False,wall,0.0,4.0,-10.0
1027,40573,-17.0,0,18,0.591982,46721558.2222,True,False,wall,0.0,-7.0,-10.0
1028,40597,-15.0,0,24,0.591819,24275861.7917,True,False,wall,0.0,-5.0,-10.0
1029,40611,-13.0,0,14,0.591724,25064988.7143,True,False,wall,0.0,-3.0,-10.0
1030,40674,-16.0,0,63,0.591298,21616043.7778,True,False,wall,0.0,-6.0,-10.0
1031,40703,-22.0,0,29,0.591102,20707962.7586,True,False,wall,0.0,-12.0,-10.0
1032,40735,-21.0,0,32,0.590885,23968384.4531,True,False,wall,0.0,-11.0,-10.0
1033,40757,-8.0,1,22,0.590737,19312414.5455,True,False,wall,10.0,-8.0,-10.0
1034,40796,3.0,1,39,0.590473,18577381.8718,True,False,wall,10.0,3.0,-10.0
1035,40814,-23.0,0,18,0.590351,22092935.2778,True,False,wall,0.0,-13.0,-10.0
1036,40834,-7.0,0,20,0.590216,18053137.4,True,False,wall,0.0,3.0,-10.0
1037,40857,-8.0,0,23,0.590061,18782934.8261,True,False,wall,0.0,2.0,-10.0
1038,40875,-13.0,0,18,0.58994,37433505.6111,True,False,wall,0.0,-3.0,-10.0
1039,40885,-4.0,1,10,0.589872,17044994.7,True,False,wall,10.0,-4.0,-10.0
1040,40909,-17.0,0,24,0.58971,31870850.25,True,False,wall,0.0,-7.0,-10.0
1041,40944,-14.0,0,35,0.589474,20867581.4,True,False,wall,0.0,-4.0,-10.0
1042,40958,-19.0,0,14,0.58938,20744514.6429,True,False,wall,0.0,-9.0,-10.0
1043,41003,-10.0,0,45,0.589076,21419482.6444,True,False,wall,0.0,0.0,-10.0
1044,41029,-7.0,0,26,0.588901,30777467.4615,True,False,wall,0.0,3.0,-10.0
1045,41050,-1.0,1,21,0.58876,18584011.7143,True,False,wall,10.0,-1.0,-10.0
1046,41200,2.0,1,150,0.587751,35912895.9667,True,False,wall,10.0,2.0,-10.0
1047,41220,-21.0,0,20,0.587616,17278955.8,True,False,wall,0.0,-11.0,-10.0
1048,41237,-6.0,0,17,0.587502,17148632.5294,True,False,wall,0.0,4.0,-10.0
1049,41246,-12.0,0,9,0.587441,16824184.5556,True,False,wall,0.0,-2.0,-10.0
1050,41276,-15.0,0,30,0.58724,19720970.2,True,False,wall,0.0,-5.0,-10.0
1051,41299,-14.0,0,23,0.587085,20096643.2609,True,False,wall,0.0,-4.0,-10.0
1052,41363,-13.0,0,64,0.586656,22933393.4219,True,False,wall,0.0,-3.0,-10.0
1053,41379,-21.0,0,16,0.586549,20796993.0625,True,False,wall,0.0,-11.0,-10.0
1054,41409,1.0,0,30,0.586347,25154592.6667,True,False,wall,0.0,11.0,-10.0
1055,41440,-12.0,0,31,0.58614,19727272.7419,True,False,wall,0.0,-2.0,-10.0
1056,41469,-18.0,0,29,0.585945,26497739.6552,True,False,wall,0.0,-8.0,-10.0
1057,41484,-6.0,0,15,0.585845,20704597.6,True,False,wall,0.0,4.0,-10.0
1058,41512,-5.0,0,28,0.585657,17942025.0357,True,False,wall,0.0,5.0,-10.0
1059,41552,-21.0,0,40,0.58539,19169643.9,True,False,wall,0.0,-11.0,-10.0
1060,41568,-9.0,0,16,0.585283,23947748.9375,True,False,wall,0.0,1.0,-10.0
1061,41586,-3.0,0,18,0.585162,17285681.0,True,False,wall,0.0,7.0,-10.0
1062,41649,-8.0,0,63,0.584741,35440145.254,True,False,wall,0.0,2.0,-10.0
1063,41674,-18.0,0,25,0.584574,17302568.2,True,False,wall,0.0,-8.0,-10.0
1064,41704,-23.0,0,30,0.584373,40549087.3333,True,False,wall,0.0,-13.0,-10.0
1065,41722,-17.0,0,18,0.584253,21363447.9444,True,False,wall,0.0,-7.0,-10.0
1066,41845,3.0,1,123,0.583432,19289209.1098,True,False,wall,10.0,3.0,-10.0
1067,41861,-17.0,0,16,0.583326,25328245.6875,True,False,wall,0.0,-7.0,-10.0
1068,41911,-7.0,0,50,0.582992,20189062.5,True,False,wall,0.0,3.0,-10.0
1069,41938,-4.0,0,27,0.582813,39813412.8519,True,False,wall,0.0,6.0,-10.0
1070,41971,-10.0,0,33,0.582593,18939900.6364,True,False,wall,0.0,0.0,-10.0
1071,42033,-19.0,0,62,0.58218,20545729.6452,True,False,wall,0.0,-9.0,-10.0
1072,42047,-19.0,0,14,0.582087,24657839.5,True,False,wall,0.0,-9.0,-10.0
1073,42105,-19.0,0,58,0.581702,27347997.1379,True,False,wall,0.0,-9.0,-10.0
1074,42266,22.0,2,161,0.580633,23584888.9068,True,False,wall,20.0,12.0,-10.0
1075,42286,-17.0,0,20,0.5805,16899585.0,True,False,wall,0.0,-7.0,-10.0
1076,42305,7.0,1,19,0.580374,17621233.0526,True,False,wall,10.0,7.0,-10.0
1077,42348,5.0,1,43,0.580089,24830046.0116,True,False,wall,10.0,5.0,-10.0
1078,42408,-17.0,0,60,0.579692,18449384.7417,True,False,wall,0.0,-7.0,-10.0
1079,42494,-17.0,0,86,0.579122,17857732.0058,True,False,wall,0.0,-7.0,-10.0
1080,42592,10.0,1,98,0.578475,19057522.1378,True,False,wall,10.0,10.0,-10.0
1081,42643,-20.0,0,51,0.578138,37450786.6863,True,False,wall,0.0,-10.0,-10.0
1082,42677,-8.0,1,34,0.577913,15655542.5,True,False,wall,10.0,-8.0,-10.0
1083,42689,-19.0,0,12,0.577834,24008654.5833,True,False,wall,0.0,-9.0,-10.0
1084,42739,8.0,1,50,0.577504,26077068.05,True,False,wall,10.0,8.0,-10.0
1085,42766,-16.0,0,27,0.577326,25254399.6296,True,False,wall,0.0,-6.0,-10.0
1086,42805,-4.0,0,39,0.577069,31128201.5897,True,False,wall,0.0,6.0,-10.0
1087,42836,0.0,0,31,0.576865,24108281.8065,True,False,wall,0.0,10.0,-10.0
1088,42869,0.0,0,33,0.576648,22804357.1212,True,False,wall,0.0,10.0,-10.0
1089,42889,-7.0,0,20,0.576516,28472230.95,True,False,wall,0.0,3.0,-10.0
1090,42948,-4.0,0,59,0.576128,26916489.4407,True,False,wall,0.0,6.0,-10.0
1091,42986,-7.0,0,38,0.575878,25775583.4211,True,False,wall,0.0,3.0,-10.0
1092,43057,-10.0,0,71,0.575412,19628035.9507,True,False,wall,0.0,0.0,-10.0
1093,43095,-19.0,0,38,0.575162,33112836.1053,True,False,wall,0.0,-9.0,-10.0
1094,43112,-4.0,0,17,0.575051,25248556.5882,True,False,wall,0.0,6.0,-10.0
1095,43211,1.0,1,99,0.574401,29522335.7677,True,False,wall,10.0,1.0,-10.0
1096,43258,-12.0,0,47,0.574093,18133663.2766,True,False,wall,0.0,-2.0,-10.0
1097,43267,-18.0,0,9,0.574034,16096849.2222,True,False,wall,0.0,-8.0,-10.0
1098,43280,-8.0,0,13,0.573949,20054571.9231,True,False,wall,0.0,2.0,-10.0
1099,43337,-12.0,0,57,0.573576,21387703.6228,True,False,wall,0.0,-2.0,-10.0
1100,43365,-17.0,0,28,0.573393,16663030.0714,True,False,wall,0.0,-7.0,-10.0
1101,43392,-14.0,0,27,0.573216,18348021.0741,True,False,wall,0.0,-4.0,-10.0
1102,43404,-15.0,0,12,0.573138,22230841.375,True,False,wall,0.0,-5.0,-10.0
1103,43433,-10.0,0,29,0.572948,14528166.7931,True,False,wall,0.0,0.0,-10.0
1104,43485,-17.0,0,52,0.572608,14553591.4231,True,False,wall,0.0,-7.0,-10.0
1105,43503,-7.0,0,18,0.572491,18487403.8333,True,False,wall,0.0,3.0,-10.0
1106,43532,-12.0,0,29,0.572301,28868004.3966,True,False,wall,0.0,-2.0,-10.0
1107,43571,-20.0,0,39,0.572047,25623185.6154,True,False,wall,0.0,-10.0,-10.0
1108,43594,-10.0,0,23,0.571897,12574120.087,True,False,wall,0.0,0.0,-10.0
1109,43614,-15.0,0,20,0.571766,13577073.05,True,False,wall,0.0,-5.0,-10.0
1110,43626,-15.0,0,12,0.571688,18487891.5833,True,False,wall,0.0,-5.0,-10.0
1111,43643,-12.0,0,17,0.571577,14591628.6176,True,False,wall,0.0,-2.0,-10.0
1112,43669,-17.0,0,26,0.571408,16351163.6538,True,False,wall,0.0,-7.0,-10.0
1113,43697,-19.0,0,28,0.571225,31003991.4107,True,False,wall,0.0,-9.0,-10.0
1114,43723,-15.0,0,26,0.571056,16854188.6346,True,False,wall,0.0,-5.0,-10.0
1115,43760,-20.0,0,37,0.570815,15434133.2973,True,False,wall,0.0,-10.0,-10.0
1116,43768,-15.0,0,8,0.570763,22901185.625,True,False,wall,0.0,-5.0,-10.0
1117,43786,6.0,1,18,0.570646,12955722.5,True,False,wall,10.0,6.0,-10.0
1118,43809,-18.0,0,23,0.570496,13681244.6087,True,False,wall,0.0,-8.0,-10.0
1119,43834,-22.0,0,25,0.570333,21245005.26,True,False,wall,0.0,-12.0,-10.0
1120,43867,-14.0,0,33,0.570119,19328187.803,True,False,wall,0.0,-4.0,-10.0
1121,43881,-19.0,0,14,0.570028,17586372.2143,True,False,wall,0.0,-9.0,-10.0
1122,43891,-5.0,0,10,0.569963,14839501.3,True,False,wall,0.0,5.0,-10.0
1123,43916,-22.0,0,25,0.5698,13526610.5,True,False,wall,0.0,-12.0,-10.0
1124,43988,-5.0,0,72,0.569333,19891015.5764,True,False,wall,0.0,5.0,-10.0
1125,44080,-7.0,0,92,0.568736,16330208.0054,True,False,wall,0.0,3.0,-10.0
1126,44116,-11.0,0,36,0.568502,13847134.125,True,False,wall,0.0,-1.0,-10.0
1127,44164,-11.0,0,48,0.568191,22162625.9896,True,False,wall,0.0,-1.0,-10.0
1128,44186,-17.0,0,22,0.568049,27096943.9091,True,False,wall,0.0,-7.0,-10.0
1129,44255,20.0,2,69,0.567602,16888741.6884,True,False,wall,20.0,10.0,-10.0
1130,44277,-15.0,0,22,0.56746,13780007.5455,True,False,wall,0.0,-5.0,-10.0
1131,44299,-15.0,0,22,0.567318,13626452.5227,True,False,wall,0.0,-5.0,-10.0
1132,44309,-19.0,0,10,0.567253,11881097.5,True,False,wall,0.0,-9.0,-10.0
1133,44415,8.0,1,106,0.566568,17424526.3113,True,False,wall,10.0,8.0,-10.0
1134,44470,-14.0,0,55,0.566213,20989387.8727,True,False,wall,0.0,-4.0,-10.0
1135,44509,-7.0,1,39,0.565962,13187701.0,True,False,wall,10.0,-7.0,-10.0
1136,44527,-15.0,0,18,0.565845,18391746.75,True,False,wall,0.0,-5.0,-10.0
1137,44577,-19.0,0,50,0.565523,16410582.25,True,False,wall,0.0,-9.0,-10.0
1138,44624,-18.0,0,47,0.56522,25206987.6383,True,False,wall,0.0,-8.0,-10.0
1139,44644,-9.0,0,20,0.565092,16435046.8,True,False,wall,0.0,1.0,-10.0
1140,44700,-19.0,0,56,0.564731,20922302.8304,True,False,wall,0.0,-9.0,-10.0
1141,44777,-8.0,0,77,0.564236,16973992.513,True,False,wall,0.0,2.0,-10.0
1142,44791,-19.0,0,14,0.564146,16708743.1429,True,False,wall,0.0,-9.0,-10.0
1143,44813,-15.0,0,22,0.564005,11835910.5682,True,False,wall,0.0,-5.0,-10.0
1144,44909,-23.0,0,96,0.563388,15370570.4688,True,False,wall,0.0,-13.0,-10.0
1145,44926,5.0,1,17,0.563279,14769203.2647,True,False,wall,10.0,5.0,-10.0
1146,44981,-3.0,1,55,0.562926,17425093.0364,True,False,wall,10.0,-3.0,-10.0
1147,45025,-21.0,0,44,0.562644,24305279.125,True,False,wall,0.0,-11.0,-10.0
1148,45047,-13.0,0,22,0.562503,21864257.1364,True,False,wall,0.0,-3.0,-10.0
1149,45074,-8.0,0,27,0.56233,17473159.2963,True,False,wall,0.0,2.0,-10.0
1150,45089,-18.0,0,15,0.562234,14089671.3333,True,False,wall,0.0,-8.0,-10.0
1151,45112,-10.0,0,23,0.562087,25480630.3043,True,False,wall,0.0,0.0,-10.0
1152,45147,-18.0,0,35,0.561863,14485597.6714,True,False,wall,0.0,-8.0,-10.0
1153,45197,-3.0,0,50,0.561543,17391579.38,True,False,wall,0.0,7.0,-10.0
1154,45217,-19.0,0,20,0.561415,18754601.7,True,False,wall,0.0,-9.0,-10.0
1155,45416,5.0,1,199,0.560145,15463458.0,True,False,wall,10.0,5.0,-10.0
1156,45435,-4.0,0,19,0.560024,13049085.8947,True,False,wall,0.0,6.0,-10.0
1157,45455,-15.0,0,20,0.559896,15249128.35,True,False,wall,0.0,-5.0,-10.0
1158,45570,-18.0,0,115,0.559164,16099314.9391,True,False,wall,0.0,-8.0,-10.0
1159,45590,-7.0,0,20,0.559037,12789874.2,True,False,wall,0.0,3.0,-10.0
1160,45603,-18.0,0,13,0.558954,15638605.1154,True,False,wall,0.0,-8.0,-10.0
1161,45673,-9.0,0,70,0.558509,12797626.9643,True,False,wall,0.0,1.0,-10.0
1162,45801,-19.0,0,128,0.557696,15284598.8047,True,False,wall,0.0,-9.0,-10.0
1163,45858,-14.0,0,57,0.557334,14449703.5,True,False,wall,0.0,-4.0,-10.0
1164,45914,-19.0,0,56,0.556979,15240317.9107,True,False,wall,0.0,-9.0,-10.0
1165,45927,-16.0,0,13,0.556897,13045709.7308,True,False,wall,0.0,-6.0,-10.0
1166,45940,-16.0,0,13,0.556814,8722402.5,True,False,wall,0.0,-6.0,-10.0
1167,45968,-17.0,0,28,0.556637,12550851.4107,True,False,wall,0.0,-7.0,-10.0
1168,46013,-14.0,0,45,0.556352,16060104.8556,True,False,wall,0.0,-4.0,-10.0
1169,46185,-7.0,0,172,0.555265,15703507.3052,True,False,wall,0.0,3.0,-10.0
1170,46231,-9.0,0,46,0.554974,16500317.9783,True,False,wall,0.0,1.0,-10.0
1171,46256,-12.0,0,25,0.554816,16908557.9,True,False,wall,0.0,-2.0,-10.0
1172,46279,-18.0,0,23,0.554671,13769891.2826,True,False,wall,0.0,-8.0,-10.0
1173,46319,-13.0,0,40,0.554419,19648993.475,True,False,wall,0.0,-3.0,-10.0
1174,46332,-18.0,0,13,0.554337,13404307.3846,True,False,wall,0.0,-8.0,-10.0
1175,46383,-8.0,0,51,0.554016,15693092.1961,True,False,wall,0.0,2.0,-10.0
1176,46448,11.0,1,65,0.553606,17720586.8154,True,False,wall,10.0,11.0,-10.0
1177,46473,0.0,0,25,0.553449,14396563.76,True,False,wall,0.0,10.0,-10.0
1178,46547,4.0,1,74,0.552983,18300242.1216,True,False,wall,10.0,4.0,-10.0
1179,46601,-2.0,1,54,0.552644,18802945.8519,True,False,wall,10.0,-2.0,-10.0
1180,46707,-19.0,0,106,0.551978,19498085.2925,True,False,wall,0.0,-9.0,-10.0
1181,46775,-19.0,0,68,0.551552,16915671.0221,True,False,wall,0.0,-9.0,-10.0
1182,46806,3.0,1,31,0.551358,16139685.0645,True,False,wall,10.0,3.0,-10.0
1183,46828,-15.0,0,22,0.55122,14092919.2273,True,False,wall,0.0,-5.0,-10.0
1184,46846,-17.0,0,18,0.551107,13240864.4722,True,False,wall,0.0,-7.0,-10.0
1185,46885,-18.0,0,39,0.550863,14375023.2564,True,False,wall,0.0,-8.0,-10.0
1186,46917,-17.0,0,32,0.550663,14528558.2344,True,False,wall,0.0,-7.0,-10.0
1187,46934,-16.0,0,17,0.550556,15389116.7059,True,False,wall,0.0,-6.0,-10.0
1188,46966,-13.0,0,32,0.550356,15219619.6562,True,False,wall,0.0,-3.0,-10.0
1189,47023,-14.0,0,57,0.55,17429342.2018,True,False,wall,0.0,-4.0,-10.0
1190,47047,-7.0,0,24,0.54985,16776493.7917,True,False,wall,0.0,3.0,-10.0
1191,47117,-15.0,0,70,0.549412,20037144.75,True,False,wall,0.0,-5.0,-10.0
1192,47160,-14.0,0,43,0.549144,17708794.3488,True,False,wall,0.0,-4.0,-10.0
1193,47178,-17.0,0,18,0.549032,19776984.2778,True,False,wall,0.0,-7.0,-10.0
1194,47193,-18.0,0,15,0.548938,20083394.2667,True,False,wall,0.0,-8.0,-10.0
1195,47217,-21.0,0,24,0.548789,25890466.625,True,False,wall,0.0,-11.0,-10.0
1196,47247,-19.0,0,30,0.548602,25100775.55,True,False,wall,0.0,-9.0,-10.0
1197,47315,-1.0,0,68,0.548178,20163167.375,True,False,wall,0.0,9.0,-10.0
1198,47362,-24.0,0,47,0.547885,22113882.2553,True,False,wall,0.0,-14.0,-10.0
1199,47435,-18.0,0,73,0.547431,18395643.774,True,False,wall,0.0,-8.0,-10.0
1200,47519,50.0,3,84,0.546909,17506597.125,True,False,body,30.0,30.0,-10.0
1201,47544,-12.0,0,25,0.546754,22902198.08,True,False,wall,0.0,-2.0,-10.0
1202,47632,-17.0,0,88,0.546208,16799712.7727,True,False,wall,0.0,-7.0,-10.0
1203,47643,-14.0,0,11,0.54614,28688766.8182,True,False,wall,0.0,-4.0,-10.0
1204,47666,-22.0,0,23,0.545997,18234760.2174,True,False,wall,0.0,-12.0,-10.0
1205,47748,-2.0,1,82,0.545489,17424820.5976,True,False,wall,10.0,-2.0,-10.0
1206,47786,-21.0,0,38,0.545254,16074805.1053,True,False,wall,0.0,-11.0,-10.0
1207,47825,-14.0,0,39,0.545012,19428990.3333,True,False,wall,0.0,-4.0,-10.0
1208,47848,-2.0,0,23,0.54487,18706962.3478,True,False,wall,0.0,8.0,-10.0
1209,47868,-11.0,0,20,0.544746,19629125.35,True,False,wall,0.0,-1.0,-10.0
1210,47910,-17.0,0,42,0.544486,17380280.7381,True,False,wall,0.0,-7.0,-10.0
1211,47938,-17.0,0,28,0.544313,14141450.9107,True,False,wall,0.0,-7.0,-10.0
1212,47958,-21.0,0,20,0.54419,21886100.3,True,False,wall,0.0,-11.0,-10.0
1213,48065,-6.0,0,107,0.543529,17244416.4299,True,False,wall,0.0,4.0,-10.0
1214,48089,-13.0,0,24,0.543381,15033774.7083,True,False,wall,0.0,-3.0,-10.0
1215,48130,-8.0,0,41,0.543128,19563925.3659,True,False,wall,0.0,2.0,-10.0
1216,48156,-15.0,0,26,0.542968,21365347.9038,True,False,wall,0.0,-5.0,-10.0
1217,48192,-7.0,0,36,0.542746,14614567.9444,True,False,wall,0.0,3.0,-10.0
1218,48218,-13.0,0,26,0.542586,15872945.4808,True,False,wall,0.0,-3.0,-10.0
1219,48273,-20.0,0,55,0.542248,17809236.7273,True,False,wall,0.0,-10.0,-10.0
1220,48305,-9.0,0,32,0.542051,16438045.6562,True,False,wall,0.0,1.0,-10.0
1221,48381,-9.0,0,76,0.541584,17370299.4211,True,False,wall,0.0,1.0,-10.0
1222,48445,-23.0,0,64,0.541191,26215867.625,True,False,wall,0.0,-13.0,-10.0
1223,48480,-20.0,0,35,0.540976,19461975.4,True,False,wall,0.0,-10.0,-10.0
1224,48504,-11.0,0,24,0.540828,18072249.6667,True,False,wall,0.0,-1.0,-10.0
1225,48520,-17.0,0,16,0.54073,26627891.5625,True,False,wall,0.0,-7.0,-10.0
1226,48534,-17.0,0,14,0.540644,38200426.4286,True,False,wall,0.0,-7.0,-10.0
1227,48554,-19.0,0,20,0.540522,28868027.4,True,False,wall,0.0,-9.0,-10.0
1228,48572,-17.0,0,18,0.540411,31734466.8889,True,False,wall,0.0,-7.0,-10.0
1229,48628,-5.0,0,56,0.540068,22091078.9821,True,False,wall,0.0,5.0,-10.0
1230,48705,-16.0,0,77,0.539597,24286342.8831,True,False,wall,0.0,-6.0,-10.0
1231,48802,-14.0,0,97,0.539004,25738787.6598,True,False,wall,0.0,-4.0,-10.0
1232,48819,-14.0,0,17,0.5389,16617924.0588,True,False,wall,0.0,-4.0,-10.0
1233,48848,7.0,1,29,0.538722,84269650.2069,True,False,wall,10.0,7.0,-10.0
1234,48867,-6.0,0,19,0.538606,26631018.7895,True,False,wall,0.0,4.0,-10.0
1235,48958,-20.0,0,91,0.538051,25692986.8077,True,False,wall,0.0,-10.0,-10.0
1236,49008,-9.0,0,50,0.537746,22596319.5,True,False,wall,0.0,1.0,-10.0
1237,49033,-14.0,0,25,0.537594,68591383.44,True,False,wall,0.0,-4.0,-10.0
1238,49104,-4.0,0,71,0.537161,48299884.6479,True,False,wall,0.0,6.0,-10.0
1239,49116,-17.0,0,12,0.537088,20385836.4167,True,False,wall,0.0,-7.0,-10.0
1240,49129,-8.0,0,13,0.537009,44409569.6923,True,False,wall,0.0,2.0,-10.0
1241,49143,-21.0,0,14,0.536924,20573520.9286,True,False,wall,0.0,-11.0,-10.0
1242,49189,-7.0,0,46,0.536644,30446331.1957,True,False,wall,0.0,3.0,-10.0
1243,49235,-15.0,0,46,0.536364,31673274.2174,True,False,wall,0.0,-5.0,-10.0
1244,49257,-9.0,0,22,0.53623,40873984.9091,True,False,wall,0.0,1.0,-10.0
1245,49295,-23.0,0,38,0.535999,31265054.6053,True,False,wall,0.0,-13.0,-10.0
1246,49349,-9.0,0,54,0.535671,26020892.0926,True,False,wall,0.0,1.0,-10.0
1247,49383,-17.0,0,34,0.535465,25917411.3529,True,False,wall,0.0,-7.0,-10.0
1248,49440,-16.0,0,57,0.535119,28885662.386,True,False,wall,0.0,-6.0,-10.0
1249,49464,-11.0,0,24,0.534974,19736661.5833,True,False,wall,0.0,-1.0,-10.0
1250,49475,-18.0,0,11,0.534907,31023935.0,True,False,wall,0.0,-8.0,-10.0
1251,49485,-17.0,0,10,0.534846,21466313.8,True,False,wall,0.0,-7.0,-10.0
1252,49568,22.0,2,83,0.534344,27510994.988,True,False,wall,20.0,12.0,-10.0
1253,49598,-3.0,0,30,0.534162,21004468.8,True,False,wall,0.0,7.0,-10.0
1254,49640,-15.0,0,42,0.533908,30392003.4762,True,False,wall,0.0,-5.0,-10.0
1255,49666,-11.0,0,26,0.533751,31249550.3462,True,False,wall,0.0,-1.0,-10.0
1256,49693,-20.0,0,27,0.533587,22446535.5556,True,False,wall,0.0,-10.0,-10.0
1257,49771,-1.0,0,78,0.533116,23423111.7564,True,False,wall,0.0,9.0,-10.0
1258,49820,-16.0,0,49,0.53282,19862918.7551,True,False,wall,0.0,-6.0,-10.0
1259,49845,-16.0,0,25,0.53267,23611172.04,True,False,wall,0.0,-6.0,-10.0
1260,49867,-5.0,0,22,0.532537,39135928.4545,True,False,wall,0.0,5.0,-10.0
1261,49900,-12.0,0,33,0.532338,30955985.0606,True,False,wall,0.0,-2.0,-10.0
1262,49922,-15.0,0,22,0.532205,30704979.5455,True,False,wall,0.0,-5.0,-10.0
1263,50069,-12.0,0,147,0.53132,26217310.415,True,False,wall,0.0,-2.0,-10.0
1264,50107,-23.0,0,38,0.531091,26173544.9474,True,False,wall,0.0,-13.0,-10.0
1265,50149,-17.0,0,42,0.530839,25905285.7857,True,False,wall,0.0,-7.0,-10.0
1266,50159,-7.0,0,10,0.530779,37757407.2,True,False,wall,0.0,3.0,-10.0
1267,50201,-11.0,0,42,0.530526,38709584.5952,True,False,wall,0.0,-1.0,-10.0
1268,50245,-13.0,0,44,0.530262,24353229.8864,True,False,wall,0.0,-3.0,-10.0
1269,50263,-17.0,0,18,0.530154,21430611.3333,True,False,wall,0.0,-7.0,-10.0
1270,50316,-22.0,0,53,0.529836,31872459.1321,True,False,wall,0.0,-12.0,-10.0
1271,50381,-18.0,0,65,0.529446,30736584.9538,True,False,wall,0.0,-8.0,-10.0
1272,50438,-12.0,0,57,0.529105,49656884.7368,True,False,wall,0.0,-2.0,-10.0
1273,50461,-6.0,0,23,0.528967,35312689.3913,True,False,wall,0.0,4.0,-10.0
1274,50497,-3.0,0,36,0.528752,35152500.2778,True,False,wall,0.0,7.0,-10.0
1275,50519,10.0,1,22,0.52862,24388216.8636,True,False,wall,10.0,10.0,-10.0
1276,50605,-15.0,0,86,0.528106,27494314.814,True,False,wall,0.0,-5.0,-10.0
1277,50624,-16.0,0,19,0.527992,28804805.3684,True,False,wall,0.0,-6.0,-10.0
1278,50659,-20.0,0,35,0.527783,33690041.4286,True,False,wall,0.0,-10.0,-10.0
1279,50706,-22.0,0,47,0.527503,29160759.8085,True,False,wall,0.0,-12.0,-10.0
1280,50754,6.0,1,48,0.527216,34445385.7708,True,False,wall,10.0,6.0,-10.0
1281,50850,-15.0,0,96,0.526644,35690214.8542,True,False,wall,0.0,-5.0,-10.0
1282,50882,-11.0,0,32,0.526453,29960702.8125,True,False,wall,0.0,-1.0,-10.0
1283,50902,-7.0,0,20,0.526334,23518274.9,True,False,wall,0.0,3.0,-10.0
1284,50930,-23.0,0,28,0.526168,36286756.9286,True,False,wall,0.0,-13.0,-10.0
1285,50955,-6.0,0,25,0.526019,29805427.6,True,False,wall,0.0,4.0,-10.0
1286,51004,-12.0,0,49,0.525727,34451101.898,True,False,wall,0.0,-2.0,-10.0
1287,51048,-19.0,0,44,0.525466,55072514.8636,True,False,wall,0.0,-9.0,-10.0
1288,51074,-23.0,0,26,0.525311,45715720.8462,True,False,wall,0.0,-13.0,-10.0
1289,51095,-6.0,0,21,0.525186,22785534.8571,True,False,wall,0.0,4.0,-10.0
1290,51128,-18.0,0,33,0.52499,30259327.2424,True,False,wall,0.0,-8.0,-10.0
1291,51175,-8.0,0,47,0.524712,32744453.0213,True,False,wall,0.0,2.0,-10.0
1292,51209,-9.0,0,34,0.52451,28262173.5588,True,False,wall,0.0,1.0,-10.0
1293,51250,-18.0,0,41,0.524267,41900561.5122,True,False,wall,0.0,-8.0,-10.0
1294,51284,-19.0,0,34,0.524065,46893898.5588,True,False,wall,0.0,-9.0,-10.0
1295,51329,-6.0,0,45,0.523799,28924719.3333,True,False,wall,0.0,4.0,-10.0
1296,51387,-17.0,0,58,0.523455,44472560.8103,True,False,wall,0.0,-7.0,-10.0
1297,51421,2.0,1,34,0.523254,49421106.6176,True,False,wall,10.0,2.0,-10.0
1298,51447,-17.0,0,26,0.5231,31880662.0,True,False,wall,0.0,-7.0,-10.0
1299,51517,-17.0,0,70,0.522686,37580129.7714,True,False,wall,0.0,-7.0,-10.0
1300,51606,-5.0,1,89,0.522161,35239164.5393,True,False,wall,10.0,-5.0,-10.0
1301,51636,-15.0,0,30,0.521984,36051631.1333,True,False,wall,0.0,-5.0,-10.0
1302,51695,-16.0,0,59,0.521636,34620632.3898,True,False,wall,0.0,-6.0,-10.0
1303,51752,9.0,1,57,0.5213,37161083.5439,True,False,wall,10.0,9.0,-10.0
1304,51785,-20.0,0,33,0.521106,39103501.2727,True,False,wall,0.0,-10.0,-10.0
1305,51943,-17.0,0,158,0.520176,36833540.5506,True,False,wall,0.0,-7.0,-10.0
1306,51988,-22.0,0,45,0.519912,37692884.0889,True,False,wall,0.0,-12.0,-10.0
1307,52021,-20.0,0,33,0.519718,44266690.6667,True,False,wall,0.0,-10.0,-10.0
1308,52037,-9.0,0,16,0.519624,45344614.75,True,False,wall,0.0,1.0,-10.0
1309,52063,-23.0,0,26,0.519471,34601276.1538,True,False,wall,0.0,-13.0,-10.0
1310,52089,-13.0,0,26,0.519319,32667765.3846,True,False,wall,0.0,-3.0,-10.0
1311,52101,-17.0,0,12,0.519248,33044789.0,True,False,wall,0.0,-7.0,-10.0
1312,52142,-10.0,0,41,0.519008,36109930.9024,True,False,wall,0.0,0.0,-10.0
1313,52159,-7.0,1,17,0.518908,42828921.7647,True,False,wall,10.0,-7.0,-10.0
1314,52234,-12.0,0,75,0.518469,36043662.4,True,False,wall,0.0,-2.0,-10.0
1315,52300,8.0,1,66,0.518083,47268750.2576,True,False,wall,10.0,8.0,-10.0
1316,52351,-22.0,0,51,0.517784,39094922.9412,True,False,wall,0.0,-12.0,-10.0
1317,52368,-10.0,0,17,0.517685,36318891.1765,True,False,wall,0.0,0.0,-10.0
1318,52392,-17.0,0,24,0.517545,31311264.5833,True,False,wall,0.0,-7.0,-10.0
1319,52439,-12.0,0,47,0.51727,42805473.2766,True,False,wall,0.0,-2.0,-10.0
1320,52487,-15.0,0,48,0.51699,40072218.0833,True,False,wall,0.0,-5.0,-10.0
1321,52580,-1.0,1,93,0.516447,46623781.6989,True,False,wall,10.0,-1.0,-10.0
1322,52632,-21.0,0,52,0.516144,41798939.3462,True,False,wall,0.0,-11.0,-10.0
1323,52662,-21.0,0,30,0.515969,39207932.1333,True,False,wall,0.0,-11.0,-10.0
1324,52714,-17.0,0,52,0.515667,42844690.6538,True,False,wall,0.0,-7.0,-10.0
1325,52728,-7.0,0,14,0.515585,39768284.0,True,False,wall,0.0,3.0,-10.0
1326,52761,-12.0,0,33,0.515393,44550557.9394,True,False,wall,0.0,-2.0,-10.0
1327,52842,-6.0,0,81,0.514922,42641964.0988,True,False,wall,0.0,4.0,-10.0
1328,52883,-22.0,0,41,0.514684,53182003.0732,True,False,wall,0.0,-12.0,-10.0
1329,52961,-17.0,0,78,0.514231,46720788.4615,True,False,wall,0.0,-7.0,-10.0
1330,52998,-12.0,0,37,0.514016,44759876.4324,True,False,wall,0.0,-2.0,-10.0
1331,53027,9.0,1,29,0.513848,36447136.8276,True,False,wall,10.0,9.0,-10.0
1332,53046,-8.0,0,19,0.513738,45110699.2632,True,False,wall,0.0,2.0,-10.0
1333,53082,-19.0,0,36,0.513529,40041083.9722,True,False,wall,0.0,-9.0,-10.0
1334,53094,1.0,0,12,0.51346,42081656.6667,True,False,wall,0.0,11.0,-10.0
1335,53131,-10.0,0,37,0.513246,46166120.3243,True,False,wall,0.0,0.0,-10.0
1336,53153,-9.0,0,22,0.513118,33583668.0909,True,False,wall,0.0,1.0,-10.0
1337,53174,-22.0,0,21,0.512997,47467088.0952,True,False,wall,0.0,-12.0,-10.0
1338,53247,-18.0,0,73,0.512574,41956411.6575,True,False,wall,0.0,-8.0,-10.0
1339,53274,-16.0,0,27,0.512418,46182530.0,True,False,wall,0.0,-6.0,-10.0
1340,53322,17.0,2,48,0.512141,51607370.4167,True,False,wall,20.0,7.0,-10.0
1341,53354,8.0,1,32,0.511956,52039538.875,True,False,wall,10.0,8.0,-10.0
1342,53412,-7.0,0,58,0.511621,50617609.2759,True,False,wall,0.0,3.0,-10.0
1343,53447,-4.0,0,35,0.511419,52000089.7143,True,False,wall,0.0,6.0,-10.0
1344,53469,-11.0,0,22,0.511292,36110456.2727,True,False,wall,0.0,-1.0,-10.0
1345,53489,-17.0,0,20,0.511177,55322255.7,True,False,wall,0.0,-7.0,-10.0
1346,53532,-20.0,0,43,0.510929,48229365.3488,True,False,wall,0.0,-10.0,-10.0
1347,53591,5.0,1,59,0.51059,38471680.5085,True,False,wall,10.0,5.0,-10.0
1348,53687,-11.0,0,96,0.510037,42120486.1875,True,False,wall,0.0,-1.0,-10.0
1349,53725,12.0,1,38,0.509819,41415719.0,True,False,wall,10.0,12.0,-10.0
1350,53776,-22.0,0,51,0.509526,37225221.0588,True,False,wall,0.0,-12.0,-10.0
1351,53806,-7.0,0,30,0.509353,59787985.0667,True,False,wall,0.0,3.0,-10.0
1352,53872,-4.0,1,66,0.508975,37863315.2121,True,False,wall,10.0,-4.0,-10.0
1353,53890,2.0,1,18,0.508871,35664237.1111,True,False,wall,10.0,2.0,-10.0
1354,53923,-14.0,0,33,0.508682,34035397.697,True,False,wall,0.0,-4.0,-10.0
1355,53935,-19.0,0,12,0.508613,33443015.75,True,False,wall,0.0,-9.0,-10.0
1356,53979,10.0,1,44,0.508361,35922323.8636,True,False,wall,10.0,10.0,-10.0
1357,53991,-13.0,0,12,0.508292,46560903.0,True,False,wall,0.0,-3.0,-10.0
1358,54001,-17.0,0,10,0.508235,34283486.8,True,False,wall,0.0,-7.0,-10.0
1359,54016,-16.0,0,15,0.508149,31648989.8,True,False,wall,0.0,-6.0,-10.0
1360,54031,-6.0,0,15,0.508063,45953730.6667,True,False,wall,0.0,4.0,-10.0
1361,54155,-21.0,0,124,0.507354,44770210.629,True,False,wall,0.0,-11.0,-10.0
1362,54211,8.0,1,56,0.507034,63417333.7143,True,False,wall,10.0,8.0,-10.0
1363,54224,-20.0,0,13,0.506959,39046862.4615,True,False,wall,0.0,-10.0,-10.0
1364,54249,-14.0,0,25,0.506817,38791156.8,True,False,wall,0.0,-4.0,-10.0
1365,54275,-19.0,0,26,0.506668,43321533.8462,True,False,wall,0.0,-9.0,-10.0
1366,54318,-18.0,0,43,0.506423,41490691.7209,True,False,wall,0.0,-8.0,-10.0
1367,54341,-8.0,0,23,0.506292,43281115.3043,True,False,wall,0.0,2.0,-10.0
1368,54382,-22.0,0,41,0.506058,57458125.0732,True,False,wall,0.0,-12.0,-10.0
1369,54402,-7.0,0,20,0.505944,37531405.2,True,False,wall,0.0,3.0,-10.0
1370,54412,-19.0,0,10,0.505887,36739863.8,True,False,wall,0.0,-9.0,-10.0
1371,54490,-23.0,0,78,0.505443,45148244.8974,True,False,wall,0.0,-13.0,-10.0
1372,54570,-7.0,0,80,0.504987,49399595.0,True,False,wall,0.0,3.0,-10.0
1373,54645,-16.0,0,75,0.504561,52311302.6667,True,False,wall,0.0,-6.0,-10.0
1374,54657,-9.0,0,12,0.504493,52520892.5,True,False,wall,0.0,1.0,-10.0
1375,54767,8.0,1,110,0.503868,62097693.2364,True,False,wall,10.0,8.0,-10.0
1376,54777,-11.0,0,10,0.503812,37144595.4,True,False,wall,0.0,-1.0,-10.0
1377,54798,-4.0,0,21,0.503693,57329284.0952,True,False,wall,0.0,6.0,-10.0
1378,54811,-16.0,0,13,0.503619,39715494.6154,True,False,wall,0.0,-6.0,-10.0
1379,54889,-11.0,0,78,0.503177,44411529.4103,True,False,wall,0.0,-1.0,-10.0
1380,54944,-16.0,0,55,0.502865,49679240.4364,True,False,wall,0.0,-6.0,-10.0
1381,55009,-16.0,0,65,0.502498,62834250.4923,True,False,wall,0.0,-6.0,-10.0
1382,55026,-2.0,0,17,0.502401,59955068.8235,True,False,wall,0.0,8.0,-10.0
1383,55064,-17.0,0,38,0.502187,53306601.7895,True,False,wall,0.0,-7.0,-10.0
1384,55075,-8.0,0,11,0.502124,56960714.0,True,False,wall,0.0,2.0,-10.0
1385,55132,-16.0,0,57,0.501802,54003839.6842,True,False,wall,0.0,-6.0,-10.0
1386,55205,-16.0,0,73,0.50139,45219892.9863,True,False,wall,0.0,-6.0,-10.0
1387,55235,-23.0,0,30,0.501221,52247287.1333,True,False,wall,0.0,-13.0,-10.0
1388,55273,-19.0,0,38,0.501007,45603165.8421,True,False,wall,0.0,-9.0,-10.0
1389,55286,-4.0,0,13,0.500933,65286919.0769,True,False,wall,0.0,6.0,-10.0
1390,55297,-12.0,0,11,0.500871,41258946.7273,True,False,wall,0.0,-2.0,-10.0
1391,55309,-17.0,0,12,0.500804,36961865.6667,True,False,wall,0.0,-7.0,-10.0
1392,55365,-17.0,0,56,0.500488,65548273.6071,True,False,wall,0.0,-7.0,-10.0
1393,55386,-16.0,0,21,0.50037,38145277.7143,True,False,wall,0.0,-6.0,-10.0
1394,55418,-23.0,0,32,0.50019,42750980.0,True,False,wall,0.0,-13.0,-10.0
1395,55486,10.0,1,68,0.499808,46886616.1765,True,False,wall,10.0,10.0,-10.0
1396,55616,-19.0,0,130,0.499077,51042155.7538,True,False,wall,0.0,-9.0,-10.0
1397,55659,-12.0,0,43,0.498836,53038454.3721,True,False,wall,0.0,-2.0,-10.0
1398,55671,-5.0,0,12,0.498769,41167141.6667,True,False,wall,0.0,5.0,-10.0
1399,55690,-6.0,0,19,0.498662,51654116.2105,True,False,wall,0.0,4.0,-10.0
1400,55725,-16.0,0,35,0.498466,45796639.6,True,False,wall,0.0,-6.0,-10.0
1401,55735,-19.0,0,10,0.49841,39965935.2,True,False,wall,0.0,-9.0,-10.0
1402,55746,-10.0,0,11,0.498348,35980636.1818,True,False,wall,0.0,0.0,-10.0
1403,55877,-18.0,0,131,0.497614,40873419.8626,True,False,wall,0.0,-8.0,-10.0
1404,55891,-3.0,0,14,0.497536,36562265.1429,True,False,wall,0.0,7.0,-10.0
1405,55918,-16.0,0,27,0.497385,52504110.4444,True,False,wall,0.0,-6.0,-10.0
1406,55934,-13.0,0,16,0.497296,102074030.625,True,False,wall,0.0,-3.0,-10.0
1407,55952,-19.0,0,18,0.497195,49025554.8889,True,False,wall,0.0,-9.0,-10.0
1408,55974,-5.0,0,22,0.497072,45917631.0909,True,False,wall,0.0,5.0,-10.0
1409,56051,-20.0,0,77,0.496642,63146635.0649,True,False,wall,0.0,-10.0,-10.0
1410,56263,6.0,1,212,0.49546,66360057.3962,True,False,wall,10.0,6.0,-10.0
1411,56322,18.0,2,59,0.495132,71957269.7288,True,False,wall,20.0,8.0,-10.0
1412,56377,-14.0,0,55,0.494826,74273929.7091,True,False,wall,0.0,-4.0,-10.0
1413,56391,-13.0,0,14,0.494748,43410778.0,True,False,wall,0.0,-3.0,-10.0
1414,56431,-13.0,0,40,0.494525,65248714.35,True,False,wall,0.0,-3.0,-10.0
1415,56453,-9.0,0,22,0.494403,43579493.2727,True,False,wall,0.0,1.0,-10.0
1416,56503,-13.0,0,50,0.494126,41224596.72,True,False,wall,0.0,-3.0,-10.0
1417,56565,-11.0,0,62,0.493781,61493684.0968,True,False,wall,0.0,-1.0,-10.0
1418,56600,-16.0,0,35,0.493587,44001608.8571,True,False,wall,0.0,-6.0,-10.0
1419,56615,-14.0,0,15,0.493504,48452796.5333,True,False,wall,0.0,-4.0,-10.0
1420,56676,7.0,1,61,0.493166,46444349.8689,True,False,wall,10.0,7.0,-10.0
1421,56700,-5.0,0,24,0.493033,52530283.9167,True,False,wall,0.0,5.0,-10.0
1422,56716,6.0,1,16,0.492945,50577563.875,True,False,wall,10.0,6.0,-10.0
1423,56758,-19.0,0,42,0.492712,115877467.881,True,False,wall,0.0,-9.0,-10.0
1424,56780,-7.0,0,22,0.49259,45069514.9091,True,False,wall,0.0,3.0,-10.0
1425,56820,-17.0,0,40,0.492369,50718706.4,True,False,wall,0.0,-7.0,-10.0
1426,56868,-17.0,0,48,0.492104,71758302.375,True,False,wall,0.0,-7.0,-10.0
1427,56921,-18.0,0,53,0.491811,49458509.8679,True,False,wall,0.0,-8.0,-10.0
1428,56943,4.0,1,22,0.49169,39365257.3636,True,False,wall,10.0,4.0,-10.0
1429,56969,-23.0,0,26,0.491546,89190569.3077,True,False,wall,0.0,-13.0,-10.0
1430,57010,-10.0,0,41,0.49132,43203392.9268,True,False,wall,0.0,0.0,-10.0
1431,57074,-19.0,0,64,0.490967,37224096.5312,True,False,wall,0.0,-9.0,-10.0
1432,57102,-5.0,0,28,0.490813,43996445.2143,True,False,wall,0.0,5.0,-10.0
1433,57111,-16.0,0,9,0.490763,30307581.7778,True,False,wall,0.0,-6.0,-10.0
1434,57173,-3.0,0,62,0.490422,39683236.2581,True,False,wall,0.0,7.0,-10.0
1435,57241,-21.0,0,68,0.490047,41552571.0294,True,False,wall,0.0,-11.0,-10.0
1436,57264,-12.0,0,23,0.489921,33443176.6957,True,False,wall,0.0,-2.0,-10.0
1437,57285,-14.0,0,21,0.489805,50680187.619,True,False,wall,0.0,-4.0,-10.0
1438,57327,12.0,1,42,0.489575,48854084.4762,True,False,wall,10.0,12.0,-10.0
1439,57378,-14.0,0,51,0.489294,49913382.3529,True,False,wall,0.0,-4.0,-10.0
1440,57413,-18.0,0,35,0.489102,38843438.8,True,False,wall,0.0,-8.0,-10.0
1441,57443,-19.0,0,30,0.488938,46339625.2667,True,False,wall,0.0,-9.0,-10.0
1442,57455,-17.0,0,12,0.488872,35264302.9167,True,False,wall,0.0,-7.0,-10.0
1443,57528,-4.0,0,73,0.488471,59238218.3288,True,False,wall,0.0,6.0,-10.0
1444,57539,-7.0,1,11,0.488411,69677737.4545,True,False,wall,10.0,-7.0,-10.0
1445,57576,-20.0,0,37,0.488208,74230274.1622,True,False,wall,0.0,-10.0,-10.0
1446,57622,-3.0,0,46,0.487957,44160713.4348,True,False,wall,0.0,7.0,-10.0
1447,57659,-18.0,0,37,0.487754,42448744.2162,True,False,wall,0.0,-8.0,-10.0
1448,57711,6.0,1,52,0.48747,58616468.1538,True,False,wall,10.0,6.0,-10.0
1449,57754,-14.0,0,43,0.487235,44833614.9302,True,False,wall,0.0,-4.0,-10.0
1450,57766,-5.0,0,12,0.487169,41311160.5,True,False,wall,0.0,5.0,-10.0
1451,57777,-12.0,0,11,0.487109,41009513.0909,True,False,wall,0.0,-2.0,-10.0
1452,57789,-7.0,0,12,0.487043,45328965.1667,True,False,wall,0.0,3.0,-10.0
1453,57827,4.0,1,38,0.486836,41342067.2105,True,False,wall,10.0,4.0,-10.0
1454,57871,-9.0,0,44,0.486596,50971648.5455,True,False,wall,0.0,1.0,-10.0
1455,57932,3.0,1,61,0.486263,73321773.377,True,False,wall,10.0,3.0,-10.0
1456,58007,5.0,1,75,0.485854,61705510.8,True,False,wall,10.0,5.0,-10.0
1457,58036,-20.0,0,29,0.485696,68088694.3448,True,False,wall,0.0,-10.0,-10.0
1458,58097,-12.0,0,61,0.485364,83697802.0656,True,False,wall,0.0,-2.0,-10.0
1459,58151,4.0,1,54,0.48507,118082334.5926,True,False,wall,10.0,4.0,-10.0
1460,58235,-13.0,0,84,0.484614,79727053.8095,True,False,wall,0.0,-3.0,-10.0
1461,58250,-18.0,0,15,0.484532,70488426.4,True,False,wall,0.0,-8.0,-10.0
1462,58264,-13.0,0,14,0.484456,43853368.5714,True,False,wall,0.0,-3.0,-10.0
1463,58350,-17.0,0,86,0.483989,55188552.093,True,False,wall,0.0,-7.0,-10.0
1464,58373,-22.0,0,23,0.483864,57125608.1739,True,False,wall,0.0,-12.0,-10.0
1465,58393,-15.0,0,20,0.483756,48004763.7,True,False,wall,0.0,-5.0,-10.0
1466,58413,-7.0,0,20,0.483648,53518096.2,True,False,wall,0.0,3.0,-10.0
1467,58474,-14.0,0,61,0.483317,65523032.6557,True,False,wall,0.0,-4.0,-10.0
1468,58495,-12.0,0,21,0.483203,53631005.1429,True,False,wall,0.0,-2.0,-10.0
1469,58525,-2.0,1,30,0.483041,95601095.1333,True,False,wall,10.0,-2.0,-10.0
1470,58550,-18.0,0,25,0.482906,53480403.68,True,False,wall,0.0,-8.0,-10.0
1471,58595,3.0,1,45,0.482662,49473559.3333,True,False,wall,10.0,3.0,-10.0
1472,58671,-2.0,1,76,0.482251,64435371.3684,True,False,wall,10.0,-2.0,-10.0
1473,58683,-15.0,0,12,0.482187,50870123.3333,True,False,wall,0.0,-5.0,-10.0
1474,58707,-11.0,0,24,0.482057,74588204.0833,True,False,wall,0.0,-1.0,-10.0
1475,58750,-2.0,0,43,0.481825,77879717.1163,True,False,wall,0.0,8.0,-10.0
1476,58778,-9.0,0,28,0.481674,59816546.3571,True,False,wall,0.0,1.0,-10.0
1477,58800,-13.0,0,22,0.481555,55352602.7273,True,False,wall,0.0,-3.0,-10.0
1478,58936,-17.0,0,136,0.480822,55510843.3676,True,False,wall,0.0,-7.0,-10.0
1479,58956,-7.0,0,20,0.480714,51468211.8,True,False,wall,0.0,3.0,-10.0
1480,59067,-14.0,0,111,0.480117,83429624.955,True,False,wall,0.0,-4.0,-10.0
1481,59167,-4.0,1,100,0.47958,50766734.1,True,False,wall,10.0,-4.0,-10.0
1482,59191,-15.0,0,24,0.479451,101003615.4167,True,False,wall,0.0,-5.0,-10.0
1483,59213,-21.0,0,22,0.479333,65993185.0,True,False,wall,0.0,-11.0,-10.0
1484,59260,-18.0,0,47,0.479081,57853730.5532,True,False,wall,0.0,-8.0,-10.0
1485,59288,6.0,1,28,0.47893,85671556.8571,True,False,wall,10.0,6.0,-10.0
1486,59303,-16.0,0,15,0.47885,120337520.2667,True,False,wall,0.0,-6.0,-10.0
1487,59390,-12.0,0,87,0.478384,73488799.7471,True,False,wall,0.0,-2.0,-10.0
1488,59453,-8.0,0,63,0.478047,94103474.8571,True,False,wall,0.0,2.0,-10.0
1489,59605,-17.0,0,152,0.477234,78171840.6579,True,False,wall,0.0,-7.0,-10.0
1490,59630,-24.0,0,25,0.477101,65321499.28,True,False,wall,0.0,-14.0,-10.0
1491,59682,-5.0,0,52,0.476823,87207939.3077,True,False,wall,0.0,5.0,-10.0
1492,59710,-15.0,0,28,0.476674,87904002.5,True,False,wall,0.0,-5.0,-10.0
1493,59732,-7.0,0,22,0.476556,93119794.9091,True,False,wall,0.0,3.0,-10.0
1494,59771,7.0,1,39,0.476349,74539875.7949,True,False,wall,10.0,7.0,-10.0
1495,59793,-9.0,0,22,0.476231,86534959.4545,True,False,wall,0.0,1.0,-10.0
1496,59810,-20.0,0,17,0.476141,91586294.1176,True,False,wall,0.0,-10.0,-10.0
1497,59823,-10.0,0,13,0.476072,81519029.2308,True,False,wall,0.0,0.0,-10.0
1498,59836,-6.0,0,13,0.476002,71208277.5385,True,False,wall,0.0,4.0,-10.0
1499,59853,-14.0,0,17,0.475912,62183545.2941,True,False,wall,0.0,-4.0,-10.0
1500,59908,-5.0,1,55,0.475619,64089458.5091,True,False,wall,10.0,-5.0,-10.0
1501,59998,-21.0,0,90,0.475141,73287388.6667,True,False,wall,0.0,-11.0,-10.0
1502,60065,-14.0,0,67,0.474785,57633208.4478,True,False,wall,0.0,-4.0,-10.0
1503,60102,-18.0,0,37,0.474588,82089987.027,True,False,wall,0.0,-8.0,-10.0
1504,60166,-19.0,0,64,0.474249,73971948.0938,True,False,wall,0.0,-9.0,-10.0
1505,60189,-10.0,0,23,0.474127,50475243.2174,True,False,wall,0.0,0.0,-10.0
1506,60214,-16.0,0,25,0.473994,53315990.64,True,False,wall,0.0,-6.0,-10.0
1507,60357,-4.0,0,143,0.473237,83437432.7133,True,False,wall,0.0,6.0,-10.0
1508,60395,-15.0,0,38,0.473036,71903650.9474,True,False,wall,0.0,-5.0,-10.0
1509,60459,8.0,1,64,0.472698,71742400.4375,True,False,wall,10.0,8.0,-10.0
1510,60585,-15.0,0,126,0.472032,69610678.6508,True,False,wall,0.0,-5.0,-10.0
1511,60607,-21.0,0,22,0.471916,69411666.3636,True,False,wall,0.0,-11.0,-10.0
1512,60629,-13.0,0,22,0.4718,61226300.7273,True,False,wall,0.0,-3.0,-10.0
1513,60650,-10.0,0,21,0.47169,70221338.1905,True,False,wall,0.0,0.0,-10.0
1514,60662,-19.0,0,12,0.471626,94532116.6667,True,False,wall,0.0,-9.0,-10.0
1515,60697,-18.0,0,35,0.471442,66661117.7714,True,False,wall,0.0,-8.0,-10.0
1516,60852,-16.0,0,155,0.470626,75986725.5742,True,False,wall,0.0,-6.0,-10.0
1517,60864,-17.0,0,12,0.470563,78183352.3333,True,False,wall,0.0,-7.0,-10.0
1518,60960,-19.0,0,96,0.470059,100124544.7917,True,False,wall,0.0,-9.0,-10.0
1519,61010,-17.0,0,50,0.469796,71031037.2,True,False,wall,0.0,-7.0,-10.0
1520,61039,-16.0,0,29,0.469644,78199681.7931,True,False,wall,0.0,-6.0,-10.0
1521,61095,-13.0,0,56,0.469351,104319297.3214,True,False,wall,0.0,-3.0,-10.0
1522,61122,-1.0,1,27,0.469209,140459388.963,True,False,wall,10.0,-1.0,-10.0
1523,61181,-22.0,0,59,0.4689,70493482.9492,True,False,wall,0.0,-12.0,-10.0
1524,61223,-21.0,0,42,0.46868,74588999.8571,True,False,wall,0.0,-11.0,-10.0
1525,61240,-18.0,0,17,0.468591,50545948.7059,True,False,wall,0.0,-8.0,-10.0
1526,61267,-8.0,0,27,0.46845,82537934.8148,True,False,wall,0.0,2.0,-10.0
1527,61290,-18.0,0,23,0.46833,94781549.5652,True,False,wall,0.0,-8.0,-10.0
1528,61325,-2.0,0,35,0.468147,77144346.0571,True,False,wall,0.0,8.0,-10.0
1529,61344,-18.0,0,19,0.468047,84033317.6842,True,False,wall,0.0,-8.0,-10.0
1530,61359,-6.0,0,15,0.467969,111534176.8,True,False,wall,0.0,4.0,-10.0
1531,61416,-22.0,0,57,0.467671,94193832.2456,True,False,wall,0.0,-12.0,-10.0
1532,61453,-16.0,0,37,0.467478,97492352.973,True,False,wall,0.0,-6.0,-10.0
1533,61471,-9.0,0,18,0.467384,103290498.6667,True,False,wall,0.0,1.0,-10.0
1534,61494,-4.0,0,23,0.467264,76332850.6087,True,False,wall,0.0,6.0,-10.0
1535,61613,-20.0,0,119,0.466644,84566870.437,True,False,wall,0.0,-10.0,-10.0
1536,61699,4.0,1,86,0.466196,90981653.3023,True,False,wall,10.0,4.0,-10.0
1537,61769,2.0,1,70,0.465832,89480873.8286,True,False,wall,10.0,2.0,-10.0
1538,61809,-23.0,0,40,0.465625,88658567.7,True,False,wall,0.0,-13.0,-10.0
1539,61824,-16.0,0,15,0.465547,64425888.5333,True,False,wall,0.0,-6.0,-10.0
1540,61855,-12.0,0,31,0.465386,71906445.5484,True,False,wall,0.0,-2.0,-10.0
1541,61868,-20.0,0,13,0.465318,60336537.2308,True,False,wall,0.0,-10.0,-10.0
1542,61920,26.0,3,52,0.465048,113767324.3077,True,False,body,30.0,6.0,-10.0
1543,61966,-17.0,0,46,0.46481,89982251.6957,True,False,wall,0.0,-7.0,-10.0
1544,61988,-19.0,0,22,0.464696,89298761.6364,True,False,wall,0.0,-9.0,-10.0
1545,62031,-20.0,0,43,0.464473,84139628.3256,True,False,wall,0.0,-10.0,-10.0
1546,62043,-9.0,0,12,0.464411,76190516.3333,True,False,wall,0.0,1.0,-10.0
1547,62190,-16.0,0,147,0.46365,114620980.8707,True,False,wall,0.0,-6.0,-10.0
1548,62221,-6.0,0,31,0.46349,126645063.7419,True,False,wall,0.0,4.0,-10.0
1549,62235,-13.0,0,14,0.463417,111526456.5714,True,False,wall,0.0,-3.0,-10.0
1550,62294,-20.0,0,59,0.463112,136876479.1864,True,False,wall,0.0,-10.0,-10.0
1551,62336,-7.0,0,42,0.462896,135340039.3333,True,False,wall,0.0,3.0,-10.0
1552,62348,-17.0,0,12,0.462834,119083489.6667,True,False,wall,0.0,-7.0,-10.0
1553,62385,7.0,1,37,0.462643,93799479.8919,True,False,wall,10.0,7.0,-10.0
1554,62397,-9.0,0,12,0.462581,95832614.0,True,False,wall,0.0,1.0,-10.0
1555,62416,-20.0,0,19,0.462483,90796681.0526,True,False,wall,0.0,-10.0,-10.0
1556,62436,-19.0,0,20,0.46238,103899920.2,True,False,wall,0.0,-9.0,-10.0
1557,62467,-18.0,0,31,0.46222,102738935.6129,True,False,wall,0.0,-8.0,-10.0
1558,62529,8.0,1,62,0.461901,132282980.0,True,False,wall,10.0,8.0,-10.0
1559,62543,-17.0,0,14,0.461829,106056628.8571,True,False,wall,0.0,-7.0,-10.0
1560,62587,-3.0,0,44,0.461602,109399969.2727,True,False,wall,0.0,7.0,-10.0
1561,62624,-8.0,0,37,0.461412,108199636.7568,True,False,wall,0.0,2.0,-10.0
1562,62650,2.0,1,26,0.461278,92816827.5385,True,False,wall,10.0,2.0,-10.0
1563,62721,-14.0,0,71,0.460913,114656887.0986,True,False,wall,0.0,-4.0,-10.0
1564,62754,-22.0,0,33,0.460744,92219978.9091,True,False,wall,0.0,-12.0,-10.0
1565,62872,-19.0,0,118,0.460138,126947048.3729,True,False,wall,0.0,-9.0,-10.0
1566,63012,0.0,1,140,0.459421,122839241.2,True,False,wall,10.0,0.0,-10.0
1567,63066,-10.0,1,54,0.459145,96204381.037,True,False,wall,10.0,-10.0,-10.0
1568,63159,-18.0,0,93,0.45867,99911800.9032,True,False,wall,0.0,-8.0,-10.0
1569,63197,-15.0,0,38,0.458476,108024677.2632,True,False,wall,0.0,-5.0,-10.0
1570,63299,0.0,1,102,0.457955,113392416.4314,True,False,wall,10.0,0.0,-10.0
1571,63332,9.0,1,33,0.457787,87835511.2727,True,False,wall,10.0,9.0,-10.0
1572,63357,-2.0,0,25,0.457659,81670858.08,True,False,wall,0.0,8.0,-10.0
1573,63386,-8.0,0,29,0.457512,89621121.931,True,False,wall,0.0,2.0,-10.0
1574,63454,-9.0,0,68,0.457166,99375072.3529,True,False,wall,0.0,1.0,-10.0
1575,63509,-16.0,0,55,0.456886,88608757.3091,True,False,wall,0.0,-6.0,-10.0
1576,63545,-5.0,0,36,0.456703,103733376.5556,True,False,wall,0.0,5.0,-10.0
1577,63576,-18.0,0,31,0.456545,123432192.8387,True,False,wall,0.0,-8.0,-10.0
1578,63632,-15.0,0,56,0.456261,91322410.75,True,False,wall,0.0,-5.0,-10.0
1579,63664,-13.0,0,32,0.456098,105858069.75,True,False,wall,0.0,-3.0,-10.0
1580,63867,11.0,1,203,0.455069,100624361.2414,True,False,wall,10.0,11.0,-10.0
1581,63935,8.0,1,68,0.454725,88299503.0588,True,False,wall,10.0,8.0,-10.0
1582,63957,-7.0,0,22,0.454613,129314997.2727,True,False,wall,0.0,3.0,-10.0
1583,63971,-21.0,0,14,0.454543,89142762.5714,True,False,wall,0.0,-11.0,-10.0
1584,64045,14.0,1,74,0.454169,110936321.4595,True,False,wall,10.0,14.0,-10.0
1585,64146,-10.0,0,101,0.453659,115269596.2376,True,False,wall,0.0,0.0,-10.0
1586,64159,-6.0,0,13,0.453593,94170122.1538,True,False,wall,0.0,4.0,-10.0
1587,64209,-17.0,0,50,0.453341,142146947.84,True,False,wall,0.0,-7.0,-10.0
1588,64223,-9.0,0,14,0.45327,95421702.2857,True,False,wall,0.0,1.0,-10.0
1589,64246,-10.0,0,23,0.453154,136273474.9565,True,False,wall,0.0,0.0,-10.0
1590,64280,-17.0,0,34,0.452983,117431203.7647,True,False,wall,0.0,-7.0,-10.0
1591,64449,-3.0,1,169,0.452133,136094276.6391,True,False,wall,10.0,-3.0,-10.0
1592,64466,-24.0,0,17,0.452047,104361745.4118,True,False,wall,0.0,-14.0,-10.0
1593,64494,-11.0,0,28,0.451907,86984459.5714,True,False,wall,0.0,-1.0,-10.0
1594,64512,-7.0,0,18,0.451816,93248408.4444,True,False,wall,0.0,3.0,-10.0
1595,64558,0.0,1,46,0.451585,152206109.3043,True,False,wall,10.0,0.0,-10.0
1596,64585,-14.0,0,27,0.45145,159220961.037,True,False,wall,0.0,-4.0,-10.0
1597,64603,-11.0,0,18,0.451359,126810306.4444,True,False,wall,0.0,-1.0,-10.0
1598,64623,-19.0,0,20,0.451259,105501804.6,True,False,wall,0.0,-9.0,-10.0
1599,64659,-15.0,0,36,0.451079,92269115.0,True,False,wall,0.0,-5.0,-10.0
1600,64691,-15.0,0,32,0.450918,104554775.0,True,False,wall,0.0,-5.0,-10.0
1601,64747,-11.0,0,56,0.450638,140945385.8571,True,False,wall,0.0,-1.0,-10.0
1602,64765,-1.0,0,18,0.450547,110877836.0,True,False,wall,0.0,9.0,-10.0
1603,64820,-16.0,0,55,0.450272,163127494.2545,True,False,wall,0.0,-6.0,-10.0
1604,64859,-10.0,0,39,0.450077,176356342.5641,True,False,wall,0.0,0.0,-10.0
1605,64902,-10.0,0,43,0.449862,115768224.7442,True,False,wall,0.0,0.0,-10.0
1606,64939,-4.0,0,37,0.449677,127266031.3514,True,False,wall,0.0,6.0,-10.0
1607,64986,-20.0,0,47,0.449442,140345797.1915,True,False,wall,0.0,-10.0,-10.0
1608,65129,-12.0,0,143,0.448729,113561418.5455,True,False,wall,0.0,-2.0,-10.0
1609,65154,-24.0,0,25,0.448605,109264177.76,True,False,wall,0.0,-14.0,-10.0
1610,65179,-6.0,0,25,0.44848,98205017.6,True,False,wall,0.0,4.0,-10.0
1611,65197,-17.0,0,18,0.44839,131606813.5556,True,False,wall,0.0,-7.0,-10.0
1612,65253,-13.0,0,56,0.448112,102417573.3571,True,False,wall,0.0,-3.0,-10.0
1613,65273,-13.0,0,20,0.448012,172139964.6,True,False,wall,0.0,-3.0,-10.0
1614,65346,-3.0,1,73,0.447649,113422062.9589,True,False,wall,10.0,-3.0,-10.0
1615,65422,-19.0,0,76,0.447271,107642274.9474,True,False,wall,0.0,-9.0,-10.0
1616,65467,-22.0,0,45,0.447048,115275666.8444,True,False,wall,0.0,-12.0,-10.0
1617,65507,-2.0,1,40,0.44685,110428216.4,True,False,wall,10.0,-2.0,-10.0
1618,65525,-15.0,0,18,0.44676,77483959.3333,True,False,wall,0.0,-5.0,-10.0
1619,65562,-18.0,0,37,0.446577,133167586.9189,True,False,wall,0.0,-8.0,-10.0
1620,65598,-15.0,0,36,0.446398,154948491.7778,True,False,wall,0.0,-5.0,-10.0
1621,65629,-16.0,0,31,0.446245,91911042.0645,True,False,wall,0.0,-6.0,-10.0
1622,65702,-20.0,0,73,0.445883,119045283.1233,True,False,wall,0.0,-10.0,-10.0
1623,65758,-21.0,0,56,0.445606,93634795.5714,True,False,wall,0.0,-11.0,-10.0
1624,65766,-17.0,0,8,0.445567,89209376.5,True,False,wall,0.0,-7.0,-10.0
1625,65858,-4.0,1,92,0.445112,117537808.2174,True,False,wall,10.0,-4.0,-10.0
1626,65910,-13.0,0,52,0.444855,120171556.6923,True,False,wall,0.0,-3.0,-10.0
1627,65961,-14.0,0,51,0.444604,129926717.8824,True,False,wall,0.0,-4.0,-10.0
1628,65986,-20.0,0,25,0.444481,98114661.12,True,False,wall,0.0,-10.0,-10.0
1629,66003,-14.0,0,17,0.444397,137394371.2941,True,False,wall,0.0,-4.0,-10.0
1630,66022,-16.0,0,19,0.444303,87256568.8421,True,False,wall,0.0,-6.0,-10.0
1631,66053,-16.0,0,31,0.44415,146724308.5161,True,False,wall,0.0,-6.0,-10.0
1632,66223,-2.0,1,170,0.443314,137036635.3412,True,False,wall,10.0,-2.0,-10.0
1633,66241,-7.0,0,18,0.443225,123515248.2222,True,False,wall,0.0,3.0,-10.0
1634,66285,-19.0,0,44,0.443009,116952778.2727,True,False,wall,0.0,-9.0,-10.0
1635,66342,-6.0,0,57,0.442729,163031318.8772,True,False,wall,0.0,4.0,-10.0
1636,66377,-14.0,0,35,0.442557,133408946.7429,True,False,wall,0.0,-4.0,-10.0
1637,66389,-17.0,0,12,0.442498,116977291.3333,True,False,wall,0.0,-7.0,-10.0
1638,66432,-6.0,0,43,0.442287,154697038.6047,True,False,wall,0.0,4.0,-10.0
1639,66544,-19.0,0,112,0.441739,149770233.4286,True,False,wall,0.0,-9.0,-10.0
1640,66558,6.0,1,14,0.44167,176087253.7143,True,False,wall,10.0,6.0,-10.0
1641,66588,-7.0,0,30,0.441523,180673007.7333,True,False,wall,0.0,3.0,-10.0
1642,66615,-12.0,0,27,0.441391,143148256.2963,True,False,wall,0.0,-2.0,-10.0
1643,66670,-8.0,0,55,0.441122,133148500.8,True,False,wall,0.0,2.0,-10.0
1644,66702,2.0,1,32,0.440966,114257594.75,True,False,wall,10.0,2.0,-10.0
1645,66716,-3.0,0,14,0.440897,98146871.4286,True,False,wall,0.0,7.0,-10.0
1646,66731,-12.0,0,15,0.440824,99770528.5333,True,False,wall,0.0,-2.0,-10.0
1647,66822,1.0,1,91,0.44038,153617400.4835,True,False,wall,10.0,1.0,-10.0
1648,66905,13.0,1,83,0.439975,125852242.6506,True,False,wall,10.0,13.0,-10.0
1649,66926,5.0,1,21,0.439873,188364058.6667,True,False,wall,10.0,5.0,-10.0
1650,66945,-4.0,0,19,0.43978,265378783.5789,True,False,wall,0.0,6.0,-10.0
1651,66964,-8.0,0,19,0.439687,108006014.7368,True,False,wall,0.0,2.0,-10.0
1652,66981,-22.0,0,17,0.439605,182290242.8235,True,False,wall,0.0,-12.0,-10.0
1653,67023,-15.0,0,42,0.4394,176091873.0476,True,False,wall,0.0,-5.0,-10.0
1654,67052,-4.0,0,29,0.439259,144362405.7931,True,False,wall,0.0,6.0,-10.0
1655,67161,-22.0,0,109,0.438729,204041910.0917,True,False,wall,0.0,-12.0,-10.0
1656,67180,-18.0,0,19,0.438637,170281229.0526,True,False,wall,0.0,-8.0,-10.0
1657,67242,-11.0,0,62,0.438336,253537720.0,True,False,wall,0.0,-1.0,-10.0
1658,67313,-18.0,0,71,0.437991,197534018.5915,True,False,wall,0.0,-8.0,-10.0
1659,67367,-19.0,0,54,0.437729,177833584.0,True,False,wall,0.0,-9.0,-10.0
1660,67386,-18.0,0,19,0.437637,128442145.6842,True,False,wall,0.0,-8.0,-10.0
1661,67418,-7.0,0,32,0.437482,157807358.5,True,False,wall,0.0,3.0,-10.0
1662,67448,-19.0,0,30,0.437337,118704757.8667,True,False,wall,0.0,-9.0,-10.0
1663,67560,-15.0,0,112,0.436795,135656602.1786,True,False,wall,0.0,-5.0,-10.0
1664,67576,-15.0,0,16,0.436718,141279652.0,True,False,wall,0.0,-5.0,-10.0
1665,67617,3.0,1,41,0.436519,118974821.0732,True,False,wall,10.0,3.0,-10.0
1666,67851,-9.0,0,234,0.435391,196162312.7179,True,False,wall,0.0,1.0,-10.0
1667,67883,2.0,1,32,0.435236,147221324.375,True,False,wall,10.0,2.0,-10.0
1668,67905,10.0,1,22,0.435131,119032981.4545,True,False,wall,10.0,10.0,-10.0
1669,67973,-17.0,0,68,0.434803,128880527.7059,True,False,wall,0.0,-7.0,-10.0
1670,67985,-21.0,0,12,0.434746,104865557.6667,True,False,wall,0.0,-11.0,-10.0
1671,68000,-20.0,0,15,0.434673,127940422.1333,True,False,wall,0.0,-10.0,-10.0
1672,68022,-15.0,0,22,0.434568,180740208.7273,True,False,wall,0.0,-5.0,-10.0
1673,68030,-17.0,0,8,0.434529,135279436.5,True,False,wall,0.0,-7.0,-10.0
1674,68081,-4.0,0,51,0.434284,134065014.4314,True,False,wall,0.0,6.0,-10.0
1675,68098,-6.0,0,17,0.434203,244070211.7647,True,False,wall,0.0,4.0,-10.0
1676,68150,-13.0,0,52,0.433953,128785063.1538,True,False,wall,0.0,-3.0,-10.0
1677,68179,-14.0,0,29,0.433814,238042223.8621,True,False,wall,0.0,-4.0,-10.0
1678,68190,-18.0,0,11,0.433761,104776240.3636,True,False,wall,0.0,-8.0,-10.0
1679,68218,-17.0,0,28,0.433627,116115060.0,True,False,wall,0.0,-7.0,-10.0
1680,68234,-5.0,0,16,0.43355,170736311.0,True,False,wall,0.0,5.0,-10.0
1681,68261,-4.0,0,27,0.43342,134359934.2222,True,False,wall,0.0,6.0,-10.0
1682,68380,-14.0,0,119,0.432851,163054848.3025,True,False,wall,0.0,-4.0,-10.0
1683,68405,-12.0,0,25,0.432731,198070097.6,True,False,wall,0.0,-2.0,-10.0
1684,68653,13.0,2,248,0.431546,209134711.2419,True,False,wall,20.0,3.0,-10.0
1685,68673,-19.0,0,20,0.431451,160147572.0,True,False,wall,0.0,-9.0,-10.0
1686,68988,-20.0,0,315,0.429952,143503595.4159,True,False,wall,0.0,-10.0,-10.0
1687,69038,-11.0,0,50,0.429715,139260858.08,True,False,wall,0.0,-1.0,-10.0
1688,69090,-9.0,0,52,0.429468,242469575.6923,True,False,wall,0.0,1.0,-10.0
1689,69108,-5.0,0,18,0.429382,171156453.3333,True,False,wall,0.0,5.0,-10.0
1690,69175,-10.0,0,67,0.429065,162208387.5224,True,False,wall,0.0,0.0,-10.0
1691,69203,-7.0,0,28,0.428932,146690302.7143,True,False,wall,0.0,3.0,-10.0
1692,69315,-19.0,0,112,0.428402,149669822.1071,True,False,wall,0.0,-9.0,-10.0
1693,69351,-7.0,0,36,0.428232,162625040.2222,True,False,wall,0.0,3.0,-10.0
1694,69391,-3.0,0,40,0.428043,125504766.6,True,False,wall,0.0,7.0,-10.0
1695,69408,-4.0,0,17,0.427962,140217755.2941,True,False,wall,0.0,6.0,-10.0
1696,69428,-9.0,0,20,0.427868,150594012.8,True,False,wall,0.0,1.0,-10.0
1697,69449,-16.0,0,21,0.427769,102530167.4286,True,False,wall,0.0,-6.0,-10.0
1698,69524,-14.0,0,75,0.427415,161230557.76,True,False,wall,0.0,-4.0,-10.0
1699,69570,-15.0,0,46,0.427198,126764244.8696,True,False,wall,0.0,-5.0,-10.0
1700,69594,-11.0,0,24,0.427085,86980932.6667,True,False,wall,0.0,-1.0,-10.0
1701,69681,-24.0,0,87,0.426675,124708329.4253,True,False,wall,0.0,-14.0,-10.0
1702,69738,-4.0,0,57,0.426407,104659387.0877,True,False,wall,0.0,6.0,-10.0
1703,69804,-10.0,1,66,0.426096,120676162.7273,True,False,wall,10.0,-10.0,-10.0
1704,69887,1.0,1,83,0.425706,111510403.2289,True,False,wall,10.0,1.0,-10.0
1705,69913,-9.0,0,26,0.425584,113173705.0769,True,False,wall,0.0,1.0,-10.0
1706,69953,-11.0,0,40,0.425396,110995613.3,True,False,wall,0.0,-1.0,-10.0
1707,69979,-9.0,0,26,0.425274,91201377.2308,True,False,wall,0.0,1.0,-10.0
1708,70001,-9.0,0,22,0.425171,95467606.3636,True,False,wall,0.0,1.0,-10.0
1709,70036,16.0,2,35,0.425007,100646770.2857,True,False,wall,20.0,6.0,-10.0
1710,70058,-17.0,0,22,0.424904,112492230.9091,True,False,wall,0.0,-7.0,-10.0
1711,70082,-15.0,0,24,0.424791,220745770.1667,True,False,wall,0.0,-5.0,-10.0
1712,70160,6.0,1,78,0.424426,141175976.6667,True,False,wall,10.0,6.0,-10.0
1713,70208,-17.0,0,48,0.424202,122970239.25,True,False,wall,0.0,-7.0,-10.0
1714,70229,-18.0,0,21,0.424103,97851570.4762,True,False,wall,0.0,-8.0,-10.0
1715,70369,14.0,1,140,0.423449,106181208.8,True,False,wall,10.0,14.0,-10.0
1716,70524,-14.0,0,155,0.422726,125115022.9419,True,False,wall,0.0,-4.0,-10.0
1717,70543,-18.0,0,19,0.422638,144494189.2632,True,False,wall,0.0,-8.0,-10.0
1718,70638,-22.0,0,95,0.422196,111576523.0737,True,False,wall,0.0,-12.0,-10.0
1719,70753,-18.0,0,115,0.421661,113607718.1913,True,False,wall,0.0,-8.0,-10.0
1720,70835,-5.0,0,82,0.42128,107257290.2439,True,False,wall,0.0,5.0,-10.0
1721,70868,-18.0,0,33,0.421127,89102485.5758,True,False,wall,0.0,-8.0,-10.0
1722,70899,9.0,1,31,0.420983,150990292.6452,True,False,wall,10.0,9.0,-10.0
1723,70913,-7.0,0,14,0.420918,96063479.4286,True,False,wall,0.0,3.0,-10.0
1724,70949,-23.0,0,36,0.420752,87390522.1111,True,False,wall,0.0,-13.0,-10.0
1725,71097,-19.0,0,148,0.420066,100933414.7297,True,False,wall,0.0,-9.0,-10.0
1726,71155,-23.0,0,58,0.419798,103851020.4138,True,False,wall,0.0,-13.0,-10.0
1727,71216,-14.0,0,61,0.419516,123070898.4918,True,False,wall,0.0,-4.0,-10.0
1728,71236,-23.0,0,20,0.419424,105599755.4,True,False,wall,0.0,-13.0,-10.0
1729,71297,-22.0,0,61,0.419142,106488209.8361,True,False,wall,0.0,-12.0,-10.0
1730,71351,-13.0,0,54,0.418893,105410372.0741,True,False,wall,0.0,-3.0,-10.0
1731,71414,-6.0,0,63,0.418603,94857891.1111,True,False,wall,0.0,4.0,-10.0
1732,71451,-12.0,0,37,0.418432,124964171.3514,True,False,wall,0.0,-2.0,-10.0
1733,71478,-18.0,0,27,0.418308,114228577.3333,True,False,wall,0.0,-8.0,-10.0
1734,71506,-3.0,0,28,0.418179,103158442.8571,True,False,wall,0.0,7.0,-10.0
1735,71528,-5.0,0,22,0.418078,95700604.0,True,False,wall,0.0,5.0,-10.0
1736,71610,-21.0,0,82,0.417701,109999471.4146,True,False,wall,0.0,-11.0,-10.0
1737,71621,-18.0,0,11,0.41765,93952998.9091,True,False,wall,0.0,-8.0,-10.0
1738,71693,-13.0,0,72,0.41732,99707569.5,True,False,wall,0.0,-3.0,-10.0
1739,71739,-23.0,0,46,0.417108,92153891.8261,True,False,wall,0.0,-13.0,-10.0
1740,71749,-13.0,0,10,0.417063,156493394.0,True,False,wall,0.0,-3.0,-10.0
1741,71806,-16.0,0,57,0.416801,111917948.3509,True,False,wall,0.0,-6.0,-10.0
1742,71822,-5.0,0,16,0.416728,119862705.25,True,False,wall,0.0,5.0,-10.0
1743,71882,-13.0,0,60,0.416453,136364147.6,True,False,wall,0.0,-3.0,-10.0
1744,71894,-15.0,0,12,0.416398,150496389.3333,True,False,wall,0.0,-5.0,-10.0
1745,72102,14.0,1,208,0.415446,161673428.1154,True,False,wall,10.0,14.0,-10.0
1746,72154,-19.0,0,52,0.415209,93078170.2308,True,False,wall,0.0,-9.0,-10.0
1747,72188,-5.0,0,34,0.415054,98685603.5294,True,False,wall,0.0,5.0,-10.0
1748,72201,-20.0,0,13,0.414994,122897428.9231,True,False,wall,0.0,-10.0,-10.0
1749,72211,-13.0,0,10,0.414949,76817798.0,True,False,wall,0.0,-3.0,-10.0
1750,72272,13.0,1,61,0.414671,166193502.6885,True,False,wall,10.0,13.0,-10.0
1751,72302,-17.0,0,30,0.414534,105819091.0667,True,False,wall,0.0,-7.0,-10.0
1752,72319,-14.0,0,17,0.414457,78012327.1765,True,False,wall,0.0,-4.0,-10.0
1753,72373,-11.0,0,54,0.414211,114738051.8148,True,False,wall,0.0,-1.0,-10.0
1754,72393,-15.0,0,20,0.41412,97622168.8,True,False,wall,0.0,-5.0,-10.0
1755,72428,-16.0,0,35,0.41396,96345930.7429,True,False,wall,0.0,-6.0,-10.0
1756,72486,-15.0,0,58,0.413697,88863673.8621,True,False,wall,0.0,-5.0,-10.0
1757,72566,-5.0,0,80,0.413333,95925380.4,True,False,wall,0.0,5.0,-10.0
1758,72629,3.0,1,63,0.413047,94886469.9048,True,False,wall,10.0,3.0,-10.0
1759,72713,-15.0,0,84,0.412666,106196092.4762,True,False,wall,0.0,-5.0,-10.0
1760,72785,-5.0,0,72,0.41234,132894062.5,True,False,wall,0.0,5.0,-10.0
1761,72824,-20.0,0,39,0.412163,95631873.1282,True,False,wall,0.0,-10.0,-10.0
1762,72849,5.0,1,25,0.41205,120927310.08,True,False,wall,10.0,5.0,-10.0
1763,72887,-7.0,0,38,0.411878,91853438.1053,True,False,wall,0.0,3.0,-10.0
1764,72968,-8.0,0,81,0.411512,106410313.6296,True,False,wall,0.0,2.0,-10.0
1765,72978,-1.0,0,10,0.411467,82389981.2,True,False,wall,0.0,9.0,-10.0
1766,73023,-6.0,0,45,0.411263,116459971.8222,True,False,wall,0.0,4.0,-10.0
1767,73065,-7.0,0,42,0.411074,143667266.7619,True,False,wall,0.0,3.0,-10.0
1768,73096,-12.0,0,31,0.410934,125231936.7742,True,False,wall,0.0,-2.0,-10.0
1769,73122,-17.0,0,26,0.410817,100009473.6923,True,False,wall,0.0,-7.0,-10.0
1770,73131,-8.0,0,9,0.410776,99880356.4444,True,False,wall,0.0,2.0,-10.0
1771,73147,-13.0,0,16,0.410704,101339960.5,True,False,wall,0.0,-3.0,-10.0
1772,73255,-13.0,0,108,0.410217,96845037.6481,True,False,wall,0.0,-3.0,-10.0
1773,73274,-16.0,0,19,0.410132,100044484.0,True,False,wall,0.0,-6.0,-10.0
1774,73307,-14.0,0,33,0.409983,158713608.3636,True,False,wall,0.0,-4.0,-10.0
1775,73400,-18.0,0,93,0.409565,97692038.6667,True,False,wall,0.0,-8.0,-10.0
1776,73577,-12.0,0,177,0.40877,81002050.2825,True,False,wall,0.0,-2.0,-10.0
1777,73720,-16.0,0,143,0.40813,88901902.2797,True,False,wall,0.0,-6.0,-10.0
1778,73752,-15.0,0,32,0.407986,82362648.75,True,False,wall,0.0,-5.0,-10.0
1779,73785,-10.0,0,33,0.407839,92957248.6061,True,False,wall,0.0,0.0,-10.0
1780,73810,-10.0,0,25,0.407727,109577587.84,True,False,wall,0.0,0.0,-10.0
1781,73835,-8.0,0,25,0.407615,155403764.96,True,False,wall,0.0,2.0,-10.0
1782,73921,-11.0,0,86,0.407231,105175767.0233,True,False,wall,0.0,-1.0,-10.0
1783,74060,5.0,1,139,0.406611,102548447.8849,True,False,wall,10.0,5.0,-10.0
1784,74106,18.0,1,46,0.406406,122310577.7391,True,False,wall,10.0,18.0,-10.0
1785,74154,-3.0,0,48,0.406192,113530576.9167,True,False,wall,0.0,7.0,-10.0
1786,74175,-4.0,0,21,0.406098,72503859.4286,True,False,wall,0.0,6.0,-10.0
1787,74185,-7.0,0,10,0.406054,71395058.4,True,False,wall,0.0,3.0,-10.0
1788,74197,-5.0,0,12,0.406001,86773620.0,True,False,wall,0.0,5.0,-10.0
1789,74283,16.0,1,86,0.405618,92511782.8372,True,False,wall,10.0,16.0,-10.0
1790,74323,-21.0,0,40,0.40544,85775702.1,True,False,wall,0.0,-11.0,-10.0
1791,74382,-6.0,0,59,0.405178,103354918.3729,True,False,wall,0.0,4.0,-10.0
1792,74449,11.0,1,67,0.404881,94849309.791,True,False,wall,10.0,11.0,-10.0
1793,74460,-20.0,0,11,0.404832,104890743.2727,True,False,wall,0.0,-10.0,-10.0
1794,74521,-5.0,1,61,0.404562,109639317.8689,True,False,wall,10.0,-5.0,-10.0
1795,74672,-22.0,0,151,0.403893,100430375.4437,True,False,wall,0.0,-12.0,-10.0
1796,74692,-11.0,0,20,0.403805,74027465.2,True,False,wall,0.0,-1.0,-10.0
1797,74880,-17.0,0,188,0.402974,97249138.8511,True,False,wall,0.0,-7.0,-10.0
1798,74909,-14.0,0,29,0.402846,91729523.1724,True,False,wall,0.0,-4.0,-10.0
1799,74967,-12.0,1,58,0.40259,84747044.2069,True,False,wall,10.0,-12.0,-10.0
1800,75004,-2.0,0,37,0.402427,94577629.1351,True,False,wall,0.0,8.0,-10.0
1801,75020,-19.0,0,16,0.402357,176517364.125,True,False,wall,0.0,-9.0,-10.0
1802,75068,-17.0,0,48,0.402146,82610764.4167,True,False,wall,0.0,-7.0,-10.0
1803,75080,-15.0,0,12,0.402093,65431174.0,True,False,wall,0.0,-5.0,-10.0
1804,75123,-20.0,0,43,0.401904,118897714.8837,True,False,wall,0.0,-10.0,-10.0
1805,75172,-6.0,0,49,0.401688,112520614.2857,True,False,wall,0.0,4.0,-10.0
1806,75203,11.0,1,31,0.401552,120580429.2903,True,False,wall,10.0,11.0,-10.0
1807,75242,-14.0,0,39,0.401381,83152469.9487,True,False,wall,0.0,-4.0,-10.0
1808,75417,-7.0,1,175,0.400613,106388870.1714,True,False,wall,10.0,-7.0,-10.0
1809,75478,-8.0,0,61,0.400345,83197103.8689,True,False,wall,0.0,2.0,-10.0
1810,75498,-19.0,0,20,0.400258,95459401.0,True,False,wall,0.0,-9.0,-10.0
1811,75525,-18.0,0,27,0.40014,84623618.3704,True,False,wall,0.0,-8.0,-10.0
1812,75583,-13.0,0,58,0.399886,95656011.0345,True,False,wall,0.0,-3.0,-10.0
1813,75636,-14.0,0,53,0.399654,86642741.0189,True,False,wall,0.0,-4.0,-10.0
1814,75691,-8.0,0,55,0.399414,95595571.6364,True,False,wall,0.0,2.0,-10.0
1815,75722,-6.0,0,31,0.399279,155047317.1613,True,False,wall,0.0,4.0,-10.0
1816,75745,-10.0,0,23,0.399178,88775010.2609,True,False,wall,0.0,0.0,-10.0
1817,75928,7.0,1,183,0.39838,90358672.1967,True,False,wall,10.0,7.0,-10.0
1818,76003,-14.0,0,75,0.398054,122800491.52,True,False,wall,0.0,-4.0,-10.0
1819,76050,-14.0,0,47,0.397849,81277101.0213,True,False,wall,0.0,-4.0,-10.0
1820,76082,-17.0,0,32,0.39771,93041255.25,True,False,wall,0.0,-7.0,-10.0
1821,76127,3.0,1,45,0.397515,88750844.2222,True,False,wall,10.0,3.0,-10.0
1822,76246,-20.0,0,119,0.396998,110142300.2185,True,False,wall,0.0,-10.0,-10.0
1823,76330,10.0,1,84,0.396634,89197685.5,True,False,wall,10.0,10.0,-10.0
1824,76470,-6.0,1,140,0.396028,106289871.6143,True,False,wall,10.0,-6.0,-10.0
1825,76510,-5.0,0,40,0.395855,88785561.65,True,False,wall,0.0,5.0,-10.0
1826,76551,-2.0,0,41,0.395678,94419655.122,True,False,wall,0.0,8.0,-10.0
1827,76584,-12.0,0,33,0.395535,77139487.5152,True,False,wall,0.0,-2.0,-10.0
1828,76675,15.0,1,91,0.395142,85457499.5385,True,False,wall,10.0,15.0,-10.0
1829,76689,-19.0,0,14,0.395082,50386943.2857,True,False,wall,0.0,-9.0,-10.0
1830,76706,-8.0,0,17,0.395009,89455395.7647,True,False,wall,0.0,2.0,-10.0
1831,76722,-11.0,0,16,0.39494,65617056.5,True,False,wall,0.0,-1.0,-10.0
1832,76782,-3.0,0,60,0.394681,132741854.4333,True,False,wall,0.0,7.0,-10.0
1833,76797,-14.0,0,15,0.394617,184425141.8667,True,False,wall,0.0,-4.0,-10.0
1834,76887,-23.0,0,90,0.394229,91855200.4,True,False,wall,0.0,-13.0,-10.0
1835,76896,-8.0,0,9,0.39419,66689074.2222,True,False,wall,0.0,2.0,-10.0
1836,76915,-18.0,0,19,0.394109,91403376.2105,True,False,wall,0.0,-8.0,-10.0
1837,76933,-23.0,0,18,0.394031,103192073.2222,True,False,wall,0.0,-13.0,-10.0
1838,76986,-20.0,0,53,0.393803,59858340.8302,True,False,wall,0.0,-10.0,-10.0
1839,77110,35.0,2,124,0.393271,74255888.4839,True,False,wall,20.0,25.0,-10.0
1840,77217,-16.0,0,107,0.392812,69229167.9813,True,False,wall,0.0,-6.0,-10.0
1841,77253,-13.0,0,36,0.392658,60572294.7778,True,False,wall,0.0,-3.0,-10.0
1842,77297,-19.0,0,44,0.392469,80284379.9545,True,False,wall,0.0,-9.0,-10.0
1843,77307,-17.0,0,10,0.392427,52834494.0,True,False,wall,0.0,-7.0,-10.0
1844,77425,-23.0,0,118,0.391922,69005555.5763,True,False,wall,0.0,-13.0,-10.0
1845,77448,-6.0,0,23,0.391824,104418120.3478,True,False,wall,0.0,4.0,-10.0
1846,77477,-12.0,0,29,0.3917,96774656.2759,True,False,wall,0.0,-2.0,-10.0
1847,77540,0.0,0,63,0.391431,68828874.4127,True,False,wall,0.0,10.0,-10.0
1848,77558,-23.0,0,18,0.391354,128016368.6667,True,False,wall,0.0,-13.0,-10.0
1849,77568,-5.0,0,10,0.391311,81059040.0,True,False,wall,0.0,5.0,-10.0
1850,77634,-13.0,0,66,0.39103,71536878.303,True,False,wall,0.0,-3.0,-10.0
1851,77658,-17.0,0,24,0.390927,93194749.8333,True,False,wall,0.0,-7.0,-10.0
1852,77726,-9.0,0,68,0.390638,92596702.7941,True,False,wall,0.0,1.0,-10.0
1853,77795,-22.0,0,69,0.390344,104408796.3188,True,False,wall,0.0,-12.0,-10.0
1854,77859,-8.0,1,64,0.390072,87701689.6562,True,False,wall,10.0,-8.0,-10.0
1855,77908,-22.0,0,49,0.389864,69007023.0204,True,False,wall,0.0,-12.0,-10.0
1856,77968,-17.0,0,60,0.389609,74130393.5,True,False,wall,0.0,-7.0,-10.0
1857,78127,-2.0,0,159,0.388935,93669764.805,True,False,wall,0.0,8.0,-10.0
1858,78203,-13.0,0,76,0.388613,77855977.0526,True,False,wall,0.0,-3.0,-10.0
1859,78256,-12.0,0,53,0.388389,112141363.0189,True,False,wall,0.0,-2.0,-10.0
1860,78278,-7.0,0,22,0.388295,46732948.3636,True,False,wall,0.0,3.0,-10.0
1861,78291,-14.0,0,13,0.388241,54734614.4615,True,False,wall,0.0,-4.0,-10.0
1862,78357,-13.0,0,66,0.387962,84577187.8788,True,False,wall,0.0,-3.0,-10.0
1863,78458,3.0,1,101,0.387535,65250129.1089,True,False,wall,10.0,3.0,-10.0
1864,78547,5.0,1,89,0.38716,105800421.8652,True,False,wall,10.0,5.0,-10.0
1865,78579,-15.0,0,32,0.387025,62134260.375,True,False,wall,0.0,-5.0,-10.0
1866,78618,-8.0,0,39,0.386861,88986096.9231,True,False,wall,0.0,2.0,-10.0
1867,78760,0.0,1,142,0.386263,106576485.1268,True,False,wall,10.0,0.0,-10.0
1868,78812,-15.0,0,52,0.386045,67505013.8077,True,False,wall,0.0,-5.0,-10.0
1869,78858,-11.0,0,46,0.385852,73178248.087,True,False,wall,0.0,-1.0,-10.0
1870,78873,-10.0,0,15,0.385789,68524792.5333,True,False,wall,0.0,0.0,-10.0
1871,78926,35.0,3,53,0.385566,81552243.9245,True,False,body,30.0,15.0,-10.0
1872,78961,7.0,1,35,0.38542,147243285.4857,True,False,wall,10.0,7.0,-10.0
1873,79055,-23.0,0,94,0.385026,99009446.3617,True,False,wall,0.0,-13.0,-10.0
1874,79067,-19.0,0,12,0.384975,113062330.0,True,False,wall,0.0,-9.0,-10.0
1875,79156,-18.0,0,89,0.384603,93767366.9663,True,False,wall,0.0,-8.0,-10.0
1876,79176,-15.0,0,20,0.384519,78931705.0,True,False,wall,0.0,-5.0,-10.0
1877,79230,-15.0,0,54,0.384294,88573575.7037,True,False,wall,0.0,-5.0,-10.0
1878,79254,-13.0,0,24,0.384193,107733833.5,True,False,wall,0.0,-3.0,-10.0
1879,79296,15.0,2,42,0.384018,111115498.5714,True,False,wall,20.0,5.0,-10.0
1880,79314,-19.0,0,18,0.383943,64377768.6667,True,False,wall,0.0,-9.0,-10.0
1881,79396,-3.0,0,82,0.383601,78576099.6341,True,False,wall,0.0,7.0,-10.0
1882,79451,-14.0,0,55,0.383371,117596999.6,True,False,wall,0.0,-4.0,-10.0
1883,79571,-17.0,0,120,0.382872,64888364.5,True,False,wall,0.0,-7.0,-10.0
1884,79626,-4.0,0,55,0.382643,82543233.8545,True,False,wall,0.0,6.0,-10.0
1885,79653,-18.0,0,27,0.382531,55578362.6667,True,False,wall,0.0,-8.0,-10.0
1886,79685,-17.0,0,32,0.382398,60465364.6875,True,False,wall,0.0,-7.0,-10.0
1887,79714,11.0,1,29,0.382277,73865149.6552,True,False,wall,10.0,11.0,-10.0
1888,79761,-16.0,0,47,0.382082,86102434.3404,True,False,wall,0.0,-6.0,-10.0
1889,79850,-1.0,1,89,0.381713,78238842.9663,True,False,wall,10.0,-1.0,-10.0
1890,79872,-19.0,0,22,0.381622,152153959.0909,True,False,wall,0.0,-9.0,-10.0
1891,79910,-21.0,0,38,0.381464,119929093.6316,True,False,wall,0.0,-11.0,-10.0
1892,79981,-16.0,0,71,0.38117,165513578.1972,True,False,wall,0.0,-6.0,-10.0
1893,79996,-4.0,0,15,0.381108,122509294.1333,True,False,wall,0.0,6.0,-10.0
1894,80014,-23.0,0,18,0.381034,105969067.5556,True,False,wall,0.0,-13.0,-10.0
1895,80082,10.0,1,68,0.380752,110825063.7059,True,False,wall,10.0,10.0,-10.0
1896,80123,-16.0,0,41,0.380583,93684297.8537,True,False,wall,0.0,-6.0,-10.0
1897,80199,-11.0,0,76,0.380269,76324853.6316,True,False,wall,0.0,-1.0,-10.0
1898,80261,-17.0,0,62,0.380013,79420337.4194,True,False,wall,0.0,-7.0,-10.0
1899,80291,-23.0,0,30,0.379889,69016544.9333,True,False,wall,0.0,-13.0,-10.0
1900,80319,6.0,1,28,0.379774,81886796.2143,True,False,wall,10.0,6.0,-10.0
1901,80355,-15.0,0,36,0.379626,71619444.0556,True,False,wall,0.0,-5.0,-10.0
1902,80375,-21.0,0,20,0.379543,165589302.1,True,False,wall,0.0,-11.0,-10.0
1903,80483,17.0,2,108,0.379099,92688185.7222,True,False,wall,20.0,7.0,-10.0
1904,80510,-20.0,0,27,0.378988,79289801.3333,True,False,wall,0.0,-10.0,-10.0
1905,80625,-20.0,0,115,0.378515,103542339.2174,True,False,wall,0.0,-10.0,-10.0
1906,80703,-8.0,1,78,0.378195,91596152.8205,True,False,wall,10.0,-8.0,-10.0
1907,80743,-17.0,0,40,0.378031,93921438.9,True,False,wall,0.0,-7.0,-10.0
1908,80771,2.0,1,28,0.377916,103881071.2857,True,False,wall,10.0,2.0,-10.0
1909,80842,1.0,1,71,0.377625,114721402.3099,True,False,wall,10.0,1.0,-10.0
1910,80916,-21.0,0,74,0.377322,76738022.2432,True,False,wall,0.0,-11.0,-10.0
1911,81046,8.0,1,130,0.376791,126197179.3385,True,False,wall,10.0,8.0,-10.0
1912,81076,-19.0,0,30,0.376668,99965476.8,True,False,wall,0.0,-9.0,-10.0
1913,81137,20.0,2,61,0.376419,114929450.2951,True,False,wall,20.0,10.0,-10.0
1914,81173,-13.0,0,36,0.376272,81698071.2222,True,False,wall,0.0,-3.0,-10.0
1915,81198,-16.0,0,25,0.37617,104748646.24,True,False,wall,0.0,-6.0,-10.0
1916,81224,-21.0,0,26,0.376064,91141847.8462,True,False,wall,0.0,-11.0,-10.0
1917,81252,-15.0,0,28,0.37595,231899066.0,True,False,wall,0.0,-5.0,-10.0
1918,81272,-23.0,0,20,0.375869,108940499.6,True,False,wall,0.0,-13.0,-10.0
1919,81308,-6.0,1,36,0.375722,104772799.4444,True,False,wall,10.0,-6.0,-10.0
1920,81339,-20.0,0,31,0.375596,94779177.4194,True,False,wall,0.0,-10.0,-10.0
1921,81464,-14.0,0,125,0.375088,128488780.768,True,False,wall,0.0,-4.0,-10.0
1922,81539,-22.0,0,75,0.374783,111317865.4933,True,False,wall,0.0,-12.0,-10.0
1923,81614,-3.0,1,75,0.374479,106740049.5467,True,False,wall,10.0,-3.0,-10.0
1924,81710,-11.0,0,96,0.37409,91826919.4583,True,False,wall,0.0,-1.0,-10.0
1925,81796,2.0,1,86,0.373741,109013272.7907,True,False,wall,10.0,2.0,-10.0
1926,81830,-3.0,0,34,0.373604,101784813.6471,True,False,wall,0.0,7.0,-10.0
1927,82083,9.0,1,253,0.372582,103036947.5257,True,False,wall,10.0,9.0,-10.0
1928,82262,-14.0,0,179,0.371861,103995045.5642,True,False,wall,0.0,-4.0,-10.0
1929,82286,-23.0,0,24,0.371764,159378573.3333,True,False,wall,0.0,-13.0,-10.0
1930,82337,-12.0,0,51,0.371559,82771479.9216,True,False,wall,0.0,-2.0,-10.0
1931,82393,13.0,2,56,0.371334,107335482.4286,True,False,wall,20.0,3.0,-10.0
1932,82443,-13.0,0,50,0.371134,92115662.16,True,False,wall,0.0,-3.0,-10.0
1933,82468,-14.0,0,25,0.371033,90575243.76,True,False,wall,0.0,-4.0,-10.0
1934,82590,-17.0,0,122,0.370544,107417466.623,True,False,wall,0.0,-7.0,-10.0
1935,82664,-17.0,0,74,0.370248,103004601.027,True,False,wall,0.0,-7.0,-10.0
1936,82695,-14.0,0,31,0.370124,81819192.7742,True,False,wall,0.0,-4.0,-10.0
1937,82718,-22.0,0,23,0.370032,86867779.6522,True,False,wall,0.0,-12.0,-10.0
1938,82813,-4.0,0,95,0.369652,90667719.7053,True,False,wall,0.0,6.0,-10.0
1939,82851,-2.0,1,38,0.3695,82646057.6842,True,False,wall,10.0,-2.0,-10.0
1940,82924,-6.0,0,73,0.369209,102815143.0685,True,False,wall,0.0,4.0,-10.0
1941,82995,-4.0,0,71,0.368925,92481362.8169,True,False,wall,0.0,6.0,-10.0
1942,83076,-22.0,0,81,0.368603,88225572.0,True,False,wall,0.0,-12.0,-10.0
1943,83106,-9.0,0,30,0.368483,86496663.8667,True,False,wall,0.0,1.0,-10.0
1944,83186,-13.0,0,80,0.368165,96673271.2,True,False,wall,0.0,-3.0,-10.0
1945,83221,-20.0,0,35,0.368026,161243366.6286,True,False,wall,0.0,-10.0,-10.0
1946,83247,-9.0,0,26,0.367922,106488329.3846,True,False,wall,0.0,1.0,-10.0
1947,83284,-12.0,0,37,0.367775,99436959.7838,True,False,wall,0.0,-2.0,-10.0
1948,83390,-19.0,0,106,0.367355,111324132.1887,True,False,wall,0.0,-9.0,-10.0
1949,83412,4.0,1,22,0.367267,71325961.6364,True,False,wall,10.0,4.0,-10.0
1950,83459,-18.0,0,47,0.367081,83505840.1702,True,False,wall,0.0,-8.0,-10.0
1951,83491,6.0,1,32,0.366954,102251190.625,True,False,wall,10.0,6.0,-10.0
1952,83522,3.0,1,31,0.366831,118715317.5484,True,False,wall,10.0,3.0,-10.0
1953,83534,-21.0,0,12,0.366784,78314421.0,True,False,wall,0.0,-11.0,-10.0
1954,83586,-9.0,0,52,0.366578,134580729.0769,True,False,wall,0.0,1.0,-10.0
1955,83616,-7.0,0,30,0.366459,90899759.0667,True,False,wall,0.0,3.0,-10.0
1956,83635,-14.0,0,19,0.366384,134358163.1579,True,False,wall,0.0,-4.0,-10.0
1957,83655,-17.0,0,20,0.366305,113494963.0,True,False,wall,0.0,-7.0,-10.0
1958,83788,-14.0,0,133,0.36578,93805678.0,True,False,wall,0.0,-4.0,-10.0
1959,83889,22.0,2,101,0.365381,74742443.4851,True,False,wall,20.0,12.0,-10.0
1960,83943,-13.0,0,54,0.365168,82950300.4444,True,False,wall,0.0,-3.0,-10.0
1961,84011,-7.0,0,68,0.364901,103932439.7647,True,False,wall,0.0,3.0,-10.0
1962,84096,-24.0,0,85,0.364566,79210360.4,True,False,wall,0.0,-14.0,-10.0
1963,84126,6.0,1,30,0.364448,123394779.8667,True,False,wall,10.0,6.0,-10.0
1964,84217,13.0,1,91,0.364091,84481273.5165,True,False,wall,10.0,13.0,-10.0
1965,84239,-11.0,0,22,0.364004,79511977.2727,True,False,wall,0.0,-1.0,-10.0
1966,84281,-15.0,0,42,0.36384,121448257.5714,True,False,wall,0.0,-5.0,-10.0
1967,84348,-16.0,0,67,0.363577,82628516.4776,True,False,wall,0.0,-6.0,-10.0
1968,84497,-22.0,0,149,0.362993,70530297.0872,True,False,wall,0.0,-12.0,-10.0
1969,84551,-23.0,0,54,0.362782,78267252.9259,True,False,wall,0.0,-13.0,-10.0
1970,84563,-9.0,0,12,0.362735,92502116.5,True,False,wall,0.0,1.0,-10.0
1971,84589,-15.0,0,26,0.362634,76628718.4615,True,False,wall,0.0,-5.0,-10.0
1972,84611,-1.0,0,22,0.362548,65066659.0,True,False,wall,0.0,9.0,-10.0
1973,84644,-12.0,0,33,0.362419,84779035.2727,True,False,wall,0.0,-2.0,-10.0
1974,84725,-8.0,0,81,0.362103,76540790.4198,True,False,wall,0.0,2.0,-10.0
1975,84750,-8.0,0,25,0.362005,64345140.24,True,False,wall,0.0,2.0,-10.0
1976,84773,-4.0,0,23,0.361915,135674735.3043,True,False,wall,0.0,6.0,-10.0
1977,84838,0.0,0,65,0.361662,111095303.1077,True,False,wall,0.0,10.0,-10.0
1978,84870,-19.0,0,32,0.361538,71647042.375,True,False,wall,0.0,-9.0,-10.0
1979,84897,-10.0,0,27,0.361432,98725282.5185,True,False,wall,0.0,0.0,-10.0
1980,84919,-9.0,0,22,0.361347,109071274.0909,True,False,wall,0.0,1.0,-10.0
1981,84947,-13.0,0,28,0.361238,95690457.4286,True,False,wall,0.0,-3.0,-10.0
1982,84978,-12.0,0,31,0.361117,71408483.871,True,False,wall,0.0,-2.0,-10.0
1983,85088,-21.0,0,110,0.36069,103757786.8364,True,False,wall,0.0,-11.0,-10.0
1984,85103,-18.0,0,15,0.360631,71418119.7333,True,False,wall,0.0,-8.0,-10.0
1985,85130,-20.0,0,27,0.360527,96915506.6667,True,False,wall,0.0,-10.0,-10.0
1986,85157,-10.0,0,27,0.360422,77109054.0741,True,False,wall,0.0,0.0,-10.0
1987,85238,-2.0,0,81,0.360108,75233447.0864,True,False,wall,0.0,8.0,-10.0
1988,85270,-13.0,0,32,0.359984,105587763.1875,True,False,wall,0.0,-3.0,-10.0
1989,85280,-13.0,0,10,0.359945,57536323.6,True,False,wall,0.0,-3.0,-10.0
1990,85308,-17.0,0,28,0.359837,84759082.0714,True,False,wall,0.0,-7.0,-10.0
1991,85378,-21.0,0,70,0.359566,79705840.4857,True,False,wall,0.0,-11.0,-10.0
1992,85454,-5.0,0,76,0.359272,69536031.1579,True,False,wall,0.0,5.0,-10.0
1993,85504,6.0,1,50,0.359078,92833968.72,True,False,wall,10.0,6.0,-10.0
1994,85572,-23.0,0,68,0.358816,90820768.7941,True,False,wall,0.0,-13.0,-10.0
1995,85645,-14.0,0,73,0.358534,94156981.6438,True,False,wall,0.0,-4.0,-10.0
1996,85696,-14.0,0,51,0.358337,135054878.1176,True,False,wall,0.0,-4.0,-10.0
1997,85744,-5.0,0,48,0.358152,79056647.375,True,False,wall,0.0,5.0,-10.0
1998,85760,-7.0,0,16,0.358091,75861865.75,True,False,wall,0.0,3.0,-10.0
1999,85813,-24.0,0,53,0.357887,82238474.3396,True,False,wall,0.0,-14.0,-10.0
2000,85828,-12.0,0,15,0.357829,90675742.6667,True,False,wall,0.0,-2.0,-10.0
2001,85953,-5.0,1,125,0.357348,84368728.096,True,False,wall,10.0,-5.0,-10.0
2002,86008,-18.0,0,55,0.357137,94556953.8545,True,False,wall,0.0,-8.0,-10.0
2003,86114,-21.0,0,106,0.356731,70756150.5094,True,False,wall,0.0,-11.0,-10.0
2004,86144,-19.0,0,30,0.356616,73492582.6,True,False,wall,0.0,-9.0,-10.0
2005,86222,-23.0,0,78,0.356317,75162136.0513,True,False,wall,0.0,-13.0,-10.0
2006,86270,-13.0,0,48,0.356133,80745271.8333,True,False,wall,0.0,-3.0,-10.0
2007,86288,-19.0,0,18,0.356064,80109230.2222,True,False,wall,0.0,-9.0,-10.0
2008,86301,-22.0,0,13,0.356014,85475014.1538,True,False,wall,0.0,-12.0,-10.0
2009,86367,-19.0,0,66,0.355762,81533199.7273,True,False,wall,0.0,-9.0,-10.0
2010,86430,-16.0,0,63,0.355521,89986610.1905,True,False,wall,0.0,-6.0,-10.0
2011,86455,-10.0,0,25,0.355426,58410418.08,True,False,wall,0.0,0.0,-10.0
2012,86503,-11.0,0,48,0.355243,72213794.375,True,False,wall,0.0,-1.0,-10.0
2013,86541,-21.0,0,38,0.355098,60907091.4211,True,False,wall,0.0,-11.0,-10.0
2014,86564,1.0,1,23,0.35501,51155246.6087,True,False,wall,10.0,1.0,-10.0
2015,86590,-15.0,0,26,0.354911,71632910.1538,True,False,wall,0.0,-5.0,-10.0
2016,86602,-19.0,0,12,0.354865,58301398.0,True,False,wall,0.0,-9.0,-10.0
2017,86695,-1.0,1,93,0.354511,85673411.1398,True,False,wall,10.0,-1.0,-10.0
2018,86720,-16.0,0,25,0.354416,80813020.48,True,False,wall,0.0,-6.0,-10.0
2019,86737,-16.0,0,17,0.354351,54547834.5882,True,False,wall,0.0,-6.0,-10.0
2020,86778,-10.0,0,41,0.354195,66356294.5854,True,False,wall,0.0,0.0,-10.0
2021,86914,-17.0,0,136,0.353679,75068040.7647,True,False,wall,0.0,-7.0,-10.0
2022,86966,-11.0,0,52,0.353481,105933326.3846,True,False,wall,0.0,-1.0,-10.0
2023,87004,-21.0,0,38,0.353337,91161197.6842,True,False,wall,0.0,-11.0,-10.0
2024,87191,-22.0,0,187,0.352629,84172829.9144,True,False,wall,0.0,-12.0,-10.0
2025,87286,3.0,1,95,0.35227,104649902.3579,True,False,wall,10.0,3.0,-10.0
2026,87302,-19.0,0,16,0.352209,162542475.625,True,False,wall,0.0,-9.0,-10.0
2027,87420,-11.0,0,118,0.351764,84620455.7627,True,False,wall,0.0,-1.0,-10.0
2028,87471,-12.0,0,51,0.351572,73171985.7647,True,False,wall,0.0,-2.0,-10.0
2029,87547,-11.0,0,76,0.351285,97734709.1579,True,False,wall,0.0,-1.0,-10.0
2030,87621,-13.0,0,74,0.351007,131110160.0541,True,False,wall,0.0,-3.0,-10.0
2031,87658,-14.0,0,37,0.350867,80663029.4054,True,False,wall,0.0,-4.0,-10.0
2032,87711,-4.0,0,53,0.350668,93983373.9245,True,False,wall,0.0,6.0,-10.0
2033,87780,9.0,1,69,0.350409,54667720.6667,True,False,wall,10.0,9.0,-10.0
2034,87813,-14.0,0,33,0.350285,105202536.6061,True,False,wall,0.0,-4.0,-10.0
2035,87857,21.0,2,44,0.35012,74155401.0909,True,False,wall,20.0,11.0,-10.0
2036,88050,-14.0,0,193,0.349397,95455558.3731,True,False,wall,0.0,-4.0,-10.0
2037,88070,-11.0,0,20,0.349322,214047976.4,True,False,wall,0.0,-1.0,-10.0
2038,88138,-11.0,0,68,0.349068,74052631.2059,True,False,wall,0.0,-1.0,-10.0
2039,88186,-17.0,0,48,0.348888,82655389.0833,True,False,wall,0.0,-7.0,-10.0
2040,88209,-6.0,0,23,0.348802,50564354.087,True,False,wall,0.0,4.0,-10.0
2041,88237,21.0,2,28,0.348698,70348933.9286,True,False,wall,20.0,11.0,-10.0
2042,88290,-12.0,0,53,0.3485,59533477.9245,True,False,wall,0.0,-2.0,-10.0
2043,88344,2.0,1,54,0.348299,113393166.6296,True,False,wall,10.0,2.0,-10.0
2044,88383,-8.0,0,39,0.348153,61764043.2308,True,False,wall,0.0,2.0,-10.0
2045,88409,-19.0,0,26,0.348056,57671712.6154,True,False,wall,0.0,-9.0,-10.0
2046,88428,-6.0,0,19,0.347985,49084701.5789,True,False,wall,0.0,4.0,-10.0
2047,88450,-9.0,0,22,0.347904,57256855.8182,True,False,wall,0.0,1.0,-10.0
2048,88490,-6.0,1,40,0.347755,47746225.95,True,False,wall,10.0,-6.0,-10.0
2049,88580,-19.0,0,90,0.34742,84887316.8667,True,False,wall,0.0,-9.0,-10.0
2050,88622,-17.0,0,42,0.347264,53244478.4286,True,False,wall,0.0,-7.0,-10.0
2051,88671,-4.0,0,49,0.347082,88169010.1633,True,False,wall,0.0,6.0,-10.0
2052,88685,-15.0,0,14,0.34703,64405946.5714,True,False,wall,0.0,-5.0,-10.0
2053,88739,-17.0,0,54,0.346829,49347255.2222,True,False,wall,0.0,-7.0,-10.0
2054,88792,1.0,1,53,0.346633,74730142.9434,True,False,wall,10.0,1.0,-10.0
2055,88845,-22.0,0,53,0.346436,67770494.2264,True,False,wall,0.0,-12.0,-10.0
2056,88926,-8.0,0,81,0.346136,72033971.4074,True,False,wall,0.0,2.0,-10.0
2057,88951,-24.0,0,25,0.346044,51540993.44,True,False,wall,0.0,-14.0,-10.0
2058,88983,-11.0,0,32,0.345925,57549415.0,True,False,wall,0.0,-1.0,-10.0
2059,89064,-6.0,0,81,0.345626,85166388.0988,True,False,wall,0.0,4.0,-10.0
2060,89106,-21.0,0,42,0.345471,83536382.9048,True,False,wall,0.0,-11.0,-10.0
2061,89133,-14.0,0,27,0.345371,71137890.0,True,False,wall,0.0,-4.0,-10.0
2062,89200,-12.0,0,67,0.345124,81045748.4179,True,False,wall,0.0,-2.0,-10.0
2063,89245,-6.0,0,45,0.344958,59529278.8667,True,False,wall,0.0,4.0,-10.0
2064,89290,-18.0,0,45,0.344792,60409679.2,True,False,wall,0.0,-8.0,-10.0
2065,89304,8.0,1,14,0.34474,93407218.4286,True,False,wall,10.0,8.0,-10.0
2066,89320,-7.0,0,16,0.344681,54317241.625,True,False,wall,0.0,3.0,-10.0
2067,89421,-6.0,0,101,0.34431,67958267.0891,True,False,wall,0.0,4.0,-10.0
2068,89531,-21.0,0,110,0.343905,126582456.0,True,False,wall,0.0,-11.0,-10.0
2069,89556,-12.0,0,25,0.343813,185505548.0,True,False,wall,0.0,-2.0,-10.0
2070,89611,-16.0,0,55,0.343611,77296874.4,True,False,wall,0.0,-6.0,-10.0
2071,89681,-15.0,0,70,0.343355,73765020.3429,True,False,wall,0.0,-5.0,-10.0
2072,89874,1.0,1,193,0.342648,72795718.114,True,False,wall,10.0,1.0,-10.0
2073,89928,-19.0,0,54,0.34245,66417718.9259,True,False,wall,0.0,-9.0,-10.0
2074,90007,-14.0,0,79,0.342162,85277735.3165,True,False,wall,0.0,-4.0,-10.0
2075,90053,-13.0,0,46,0.341994,95420716.2609,True,False,wall,0.0,-3.0,-10.0
2076,90083,-3.0,0,30,0.341884,155803386.2,True,False,wall,0.0,7.0,-10.0
2077,90149,-17.0,0,66,0.341644,71721018.8485,True,False,wall,0.0,-7.0,-10.0
2078,90242,-8.0,0,93,0.341305,112563379.4194,True,False,wall,0.0,2.0,-10.0
2079,90255,-14.0,0,13,0.341257,59618924.4615,True,False,wall,0.0,-4.0,-10.0
2080,90300,9.0,1,45,0.341094,115629396.4444,True,False,wall,10.0,9.0,-10.0
2081,90347,-16.0,0,47,0.340923,83030983.7872,True,False,wall,0.0,-6.0,-10.0
2082,90436,9.0,1,89,0.340599,89552447.6854,True,False,wall,10.0,9.0,-10.0
2083,90465,-14.0,0,29,0.340494,77497714.6207,True,False,wall,0.0,-4.0,-10.0
2084,90484,-20.0,0,19,0.340425,55119109.0526,True,False,wall,0.0,-10.0,-10.0
2085,90539,-4.0,0,55,0.340225,56895971.4182,True,False,wall,0.0,6.0,-10.0
2086,90567,-21.0,0,28,0.340124,47832808.7857,True,False,wall,0.0,-11.0,-10.0
2087,90600,-4.0,0,33,0.340004,60471390.4242,True,False,wall,0.0,6.0,-10.0
2088,90616,-21.0,0,16,0.339946,63442603.125,True,False,wall,0.0,-11.0,-10.0
2089,90642,-15.0,0,26,0.339852,68420313.0,True,False,wall,0.0,-5.0,-10.0
2090,90705,-9.0,1,63,0.339624,66821570.4127,True,False,wall,10.0,-9.0,-10.0
2091,90881,-17.0,0,176,0.338987,76142888.375,True,False,wall,0.0,-7.0,-10.0
2092,90930,-18.0,0,49,0.33881,61003219.7143,True,False,wall,0.0,-8.0,-10.0
2093,90943,-14.0,0,13,0.338763,62802588.7692,True,False,wall,0.0,-4.0,-10.0
2094,90979,-19.0,0,36,0.338633,62383204.8333,True,False,wall,0.0,-9.0,-10.0
2095,91105,-5.0,0,126,0.338179,63477256.3492,True,False,wall,0.0,5.0,-10.0
2096,91124,-14.0,0,19,0.338111,83135979.5789,True,False,wall,0.0,-4.0,-10.0
2097,91208,0.0,1,84,0.337808,63730183.119,True,False,wall,10.0,0.0,-10.0
2098,91238,-5.0,0,30,0.3377,124652977.6,True,False,wall,0.0,5.0,-10.0
2099,91272,-13.0,0,34,0.337578,69782338.8824,True,False,wall,0.0,-3.0,-10.0
2100,91374,-5.0,0,102,0.337212,64842527.6078,True,False,wall,0.0,5.0,-10.0
2101,91474,19.0,2,100,0.336853,67053994.56,True,False,wall,20.0,9.0,-10.0
2102,91500,-17.0,0,26,0.33676,137225895.1538,True,False,wall,0.0,-7.0,-10.0
2103,91517,-16.0,0,17,0.336699,56800318.9412,True,False,wall,0.0,-6.0,-10.0
2104,91530,-6.0,0,13,0.336652,76640330.4615,True,False,wall,0.0,4.0,-10.0
2105,91556,-11.0,0,26,0.336559,89847727.3846,True,False,wall,0.0,-1.0,-10.0
2106,91633,-18.0,0,77,0.336283,84158212.4675,True,False,wall,0.0,-8.0,-10.0
2107,91655,-11.0,0,22,0.336205,138510100.7273,True,False,wall,0.0,-1.0,-10.0
2108,91751,31.0,2,96,0.335861,102983528.4375,True,False,wall,20.0,21.0,-10.0
2109,91786,-22.0,0,35,0.335736,60637455.7143,True,False,wall,0.0,-12.0,-10.0
2110,91841,-18.0,0,55,0.33554,87452483.2727,True,False,wall,0.0,-8.0,-10.0
2111,91911,-5.0,0,70,0.33529,92160718.6571,True,False,wall,0.0,5.0,-10.0
2112,92170,-20.0,0,259,0.334368,71809715.1274,True,False,wall,0.0,-10.0,-10.0
2113,92294,-17.0,0,124,0.333928,74909307.6129,True,False,wall,0.0,-7.0,-10.0
2114,92380,-17.0,0,86,0.333623,55044014.3488,True,False,wall,0.0,-7.0,-10.0
2115,92476,15.0,2,96,0.333283,61560654.4167,True,False,wall,20.0,5.0,-10.0
2116,92498,-19.0,0,22,0.333205,52089032.0909,True,False,wall,0.0,-9.0,-10.0
2117,92574,8.0,1,76,0.332936,93755070.4211,True,False,wall,10.0,8.0,-10.0
2118,92639,-12.0,0,65,0.332706,89396841.4154,True,False,wall,0.0,-2.0,-10.0
2119,92669,-7.0,0,30,0.3326,62247298.7333,True,False,wall,0.0,3.0,-10.0
2120,92741,27.0,2,72,0.332346,68282342.1667,True,False,wall,20.0,17.0,-10.0
2121,92788,3.0,1,47,0.33218,66800674.9362,True,False,wall,10.0,3.0,-10.0
2122,92817,-12.0,0,29,0.332078,46232966.4138,True,False,wall,0.0,-2.0,-10.0
2123,92839,-17.0,0,22,0.332,45697253.6364,True,False,wall,0.0,-7.0,-10.0
2124,92858,-12.0,0,19,0.331933,47705521.5789,True,False,wall,0.0,-2.0,-10.0
2125,92931,5.0,1,73,0.331676,73217434.6301,True,False,wall,10.0,5.0,-10.0
2126,92952,5.0,1,21,0.331602,79549833.619,True,False,wall,10.0,5.0,-10.0
2127,92970,-9.0,0,18,0.331539,96573991.4444,True,False,wall,0.0,1.0,-10.0
2128,93042,-21.0,0,72,0.331285,69826965.4722,True,False,wall,0.0,-11.0,-10.0
2129,93117,-18.0,0,75,0.331022,117130776.5067,True,False,wall,0.0,-8.0,-10.0
2130,93179,-23.0,0,62,0.330804,83897446.3871,True,False,wall,0.0,-13.0,-10.0
2131,93258,-4.0,0,79,0.330527,110162707.4684,True,False,wall,0.0,6.0,-10.0
2132,93280,-19.0,0,22,0.33045,67969773.4545,True,False,wall,0.0,-9.0,-10.0
2133,93303,-18.0,0,23,0.330369,56155784.6957,True,False,wall,0.0,-8.0,-10.0
2134,93360,-6.0,0,57,0.330169,63955210.4561,True,False,wall,0.0,4.0,-10.0
2135,93408,-13.0,0,48,0.330001,71455549.625,True,False,wall,0.0,-3.0,-10.0
2136,93511,11.0,1,103,0.329641,68928182.9126,True,False,wall,10.0,11.0,-10.0
2137,93543,-19.0,0,32,0.329529,149570679.5625,True,False,wall,0.0,-9.0,-10.0
2138,93634,-18.0,0,91,0.329212,62778734.989,True,False,wall,0.0,-8.0,-10.0
2139,93654,-11.0,0,20,0.329142,61071275.4,True,False,wall,0.0,-1.0,-10.0
2140,93671,-20.0,0,17,0.329082,91586167.0588,True,False,wall,0.0,-10.0,-10.0
2141,93698,18.0,2,27,0.328988,46019238.5926,True,False,wall,20.0,8.0,-10.0
2142,93850,12.0,1,152,0.328459,66453331.2632,True,False,wall,10.0,12.0,-10.0
2143,93887,-16.0,0,37,0.32833,68318344.9189,True,False,wall,0.0,-6.0,-10.0
2144,93929,-5.0,0,42,0.328184,99364999.4762,True,False,wall,0.0,5.0,-10.0
2145,94039,-13.0,0,110,0.327802,70569007.7818,True,False,wall,0.0,-3.0,-10.0
2146,94096,-16.0,0,57,0.327604,83584797.614,True,False,wall,0.0,-6.0,-10.0
2147,94172,-19.0,0,76,0.32734,76330006.1316,True,False,wall,0.0,-9.0,-10.0
2148,94233,-18.0,0,61,0.327129,83436839.9344,True,False,wall,0.0,-8.0,-10.0
2149,94328,-16.0,0,95,0.3268,60412905.6842,True,False,wall,0.0,-6.0,-10.0
2150,94460,12.0,1,132,0.326344,59312060.4697,True,False,wall,10.0,12.0,-10.0
2151,94521,-4.0,0,61,0.326133,70982111.6393,True,False,wall,0.0,6.0,-10.0
2152,94546,-3.0,1,25,0.326047,74489204.64,True,False,wall,10.0,-3.0,-10.0
2153,94685,6.0,2,139,0.325567,57879309.5827,True,False,wall,20.0,-4.0,-10.0
2154,94726,-16.0,0,41,0.325426,46622064.6829,True,False,wall,0.0,-6.0,-10.0
2155,94777,-5.0,1,51,0.325251,99096663.7255,True,False,wall,10.0,-5.0,-10.0
2156,94888,11.0,1,111,0.324869,63204076.7568,True,False,wall,10.0,11.0,-10.0
2157,95006,-9.0,0,118,0.324464,59197608.6441,True,False,wall,0.0,1.0,-10.0
2158,95022,8.0,1,16,0.324409,35397229.5,True,False,wall,10.0,8.0,-10.0
2159,95041,-20.0,0,19,0.324344,44909097.2632,True,False,wall,0.0,-10.0,-10.0
2160,95101,-5.0,0,60,0.324138,70995579.5,True,False,wall,0.0,5.0,-10.0
2161,95182,-24.0,0,81,0.323861,68488490.4815,True,False,wall,0.0,-14.0,-10.0
2162,95216,-7.0,0,34,0.323744,82440191.4118,True,False,wall,0.0,3.0,-10.0
2163,95272,-11.0,0,56,0.323553,50932651.2143,True,False,wall,0.0,-1.0,-10.0
2164,95303,-6.0,0,31,0.323447,102761433.1613,True,False,wall,0.0,4.0,-10.0
2165,95402,2.0,0,99,0.323109,64685879.3333,True,False,wall,0.0,12.0,-10.0
2166,95456,-13.0,0,54,0.322924,64192822.1111,True,False,wall,0.0,-3.0,-10.0
2167,95474,-15.0,0,18,0.322863,57531548.1111,True,False,wall,0.0,-5.0,-10.0
2168,95492,-7.0,0,18,0.322802,57860961.6667,True,False,wall,0.0,3.0,-10.0
2169,95577,3.0,1,85,0.322512,57385687.5765,True,False,wall,10.0,3.0,-10.0
2170,95621,8.0,1,44,0.322362,44861049.4545,True,False,wall,10.0,8.0,-10.0
2171,95642,-20.0,0,21,0.322291,55719783.8095,True,False,wall,0.0,-10.0,-10.0
2172,95689,9.0,1,47,0.322131,53491962.7872,True,False,wall,10.0,9.0,-10.0
2173,95737,-17.0,0,48,0.321967,77523150.7083,True,False,wall,0.0,-7.0,-10.0
2174,95759,-3.0,0,22,0.321893,69137316.4545,True,False,wall,0.0,7.0,-10.0
2175,95813,-19.0,0,54,0.321709,49238296.4815,True,False,wall,0.0,-9.0,-10.0
2176,95835,-4.0,1,22,0.321634,40102207.9545,True,False,wall,10.0,-4.0,-10.0
2177,95872,-20.0,0,37,0.321509,87402094.973,True,False,wall,0.0,-10.0,-10.0
2178,96005,7.0,1,133,0.321058,56886868.2406,True,False,wall,10.0,7.0,-10.0
2179,96050,-1.0,1,45,0.320905,46114783.1111,True,False,wall,10.0,-1.0,-10.0
2180,96114,-19.0,0,64,0.320689,43064998.7969,True,False,wall,0.0,-9.0,-10.0
2181,96141,-18.0,0,27,0.320597,71120095.9259,True,False,wall,0.0,-8.0,-10.0
2182,96197,-9.0,0,56,0.320408,47025844.3214,True,False,wall,0.0,1.0,-10.0
2183,96236,-12.0,0,39,0.320276,39365948.0,True,False,wall,0.0,-2.0,-10.0
2184,96295,7.0,1,59,0.320077,51027343.678,True,False,wall,10.0,7.0,-10.0
2185,96463,-13.0,0,168,0.31951,39755804.5238,True,False,wall,0.0,-3.0,-10.0
2186,96526,-4.0,0,63,0.319298,41283132.0159,True,False,wall,0.0,6.0,-10.0
2187,96559,-14.0,0,33,0.319187,37554430.4242,True,False,wall,0.0,-4.0,-10.0
2188,96672,7.0,1,113,0.318807,46695192.1062,True,False,wall,10.0,7.0,-10.0
2189,96751,-5.0,1,79,0.318542,43273246.4051,True,False,wall,10.0,-5.0,-10.0
2190,96771,-23.0,0,20,0.318475,39836655.6,True,False,wall,0.0,-13.0,-10.0
2191,96809,-8.0,1,38,0.318347,38832328.4737,True,False,wall,10.0,-8.0,-10.0
2192,96870,8.0,2,61,0.318143,44177731.1148,True,False,wall,20.0,-2.0,-10.0
2193,96920,-5.0,0,50,0.317975,48624642.08,True,False,wall,0.0,5.0,-10.0
2194,97005,-18.0,0,85,0.317691,35331678.9294,True,False,wall,0.0,-8.0,-10.0
2195,97078,3.0,1,73,0.317447,51343071.7808,True,False,wall,10.0,3.0,-10.0
2196,97119,-22.0,0,41,0.31731,69978386.7317,True,False,wall,0.0,-12.0,-10.0
2197,97145,-7.0,0,26,0.317223,30263417.1923,True,False,wall,0.0,3.0,-10.0
2198,97239,-19.0,0,94,0.316909,69383049.7872,True,False,wall,0.0,-9.0,-10.0
2199,97271,10.0,1,32,0.316802,39357613.4688,True,False,wall,10.0,10.0,-10.0
2200,97418,32.0,2,147,0.316312,40100258.2177,True,False,wall,20.0,22.0,-10.0
2201,97458,-19.0,0,40,0.316179,39457225.6,True,False,wall,0.0,-9.0,-10.0
2202,97592,-9.0,0,134,0.315734,48841173.8806,True,False,wall,0.0,1.0,-10.0
2203,97624,-21.0,0,32,0.315627,48757123.8125,True,False,wall,0.0,-11.0,-10.0
2204,97640,-11.0,0,16,0.315574,43083177.5,True,False,wall,0.0,-1.0,-10.0
2205,97660,-21.0,0,20,0.315508,45880448.5,True,False,wall,0.0,-11.0,-10.0
2206,97759,3.0,1,99,0.31518,43322491.4747,True,False,wall,10.0,3.0,-10.0
2207,97806,-10.0,0,47,0.315024,45972940.8085,True,False,wall,0.0,0.0,-10.0
2208,97828,-11.0,0,22,0.314951,43841397.4545,True,False,wall,0.0,-1.0,-10.0
2209,97852,0.0,1,24,0.314871,37898679.9167,True,False,wall,10.0,0.0,-10.0
2210,97874,-15.0,0,22,0.314799,30790386.2727,True,False,wall,0.0,-5.0,-10.0
2211,97902,-3.0,0,28,0.314706,41688577.0,True,False,wall,0.0,7.0,-10.0
2212,97911,-16.0,0,9,0.314676,69908653.8889,True,False,wall,0.0,-6.0,-10.0
2213,97935,-9.0,0,24,0.314597,44673966.5,True,False,wall,0.0,1.0,-10.0
2214,97983,-23.0,0,48,0.314438,41334210.1875,True,False,wall,0.0,-13.0,-10.0
2215,98113,-13.0,0,130,0.314009,42209942.4385,True,False,wall,0.0,-3.0,-10.0
2216,98178,-22.0,0,65,0.313794,39551304.6154,True,False,wall,0.0,-12.0,-10.0
2217,98198,-13.0,0,20,0.313728,44159714.95,True,False,wall,0.0,-3.0,-10.0
2218,98469,-18.0,0,271,0.312837,31405406.5627,True,False,wall,0.0,-8.0,-10.0
2219,98493,-7.0,0,24,0.312758,43084788.0417,True,False,wall,0.0,3.0,-10.0
2220,98627,11.0,2,134,0.312318,42943052.694,True,False,wall,20.0,1.0,-10.0
2221,98685,-17.0,0,58,0.312128,45125113.7759,True,False,wall,0.0,-7.0,-10.0
2222,98775,-9.0,0,90,0.311833,37253752.8,True,False,wall,0.0,1.0,-10.0
2223,98823,-17.0,0,48,0.311676,36561642.6667,True,False,wall,0.0,-7.0,-10.0
2224,98842,-8.0,0,19,0.311614,30215277.0,True,False,wall,0.0,2.0,-10.0
2225,98881,-14.0,0,39,0.311486,33508989.8205,True,False,wall,0.0,-4.0,-10.0
2226,98926,-16.0,0,45,0.311339,49035263.2889,True,False,wall,0.0,-6.0,-10.0
2227,98983,-2.0,0,57,0.311153,46779910.3509,True,False,wall,0.0,8.0,-10.0
2228,99003,-11.0,0,20,0.311088,34178909.9,True,False,wall,0.0,-1.0,-10.0
2229,99074,-12.0,0,71,0.310856,46643338.5915,True,False,wall,0.0,-2.0,-10.0
2230,99155,11.0,1,81,0.310592,47477565.9383,True,False,wall,10.0,11.0,-10.0
2231,99214,-16.0,0,59,0.3104,32682524.7458,True,False,wall,0.0,-6.0,-10.0
2232,99276,-19.0,0,62,0.310198,39932795.0,True,False,wall,0.0,-9.0,-10.0
2233,99321,-16.0,0,45,0.310052,46358727.2,True,False,wall,0.0,-6.0,-10.0
2234,99383,-15.0,0,62,0.309851,37754862.7419,True,False,wall,0.0,-5.0,-10.0
2235,99462,-10.0,0,79,0.309594,30583782.2658,True,False,wall,0.0,0.0,-10.0
2236,99515,-16.0,0,53,0.309422,55470199.9245,True,False,wall,0.0,-6.0,-10.0
2237,100078,-18.0,0,563,0.307603,31840817.857,True,False,wall,0.0,-8.0,-10.0
2238,100103,-10.0,0,25,0.307523,27682565.32,True,False,wall,0.0,0.0,-10.0
2239,100153,-21.0,0,50,0.307362,23937025.78,True,False,wall,0.0,-11.0,-10.0
2240,100178,-4.0,0,25,0.307281,39027129.8,True,False,wall,0.0,6.0,-10.0
2241,100268,-4.0,1,90,0.306992,36162902.1333,True,False,wall,10.0,-4.0,-10.0
2242,100300,-11.0,0,32,0.306889,36409356.4062,True,False,wall,0.0,-1.0,-10.0
2243,100407,3.0,1,107,0.306546,29505323.6168,True,False,wall,10.0,3.0,-10.0
2244,100441,-4.0,1,34,0.306437,28736449.5294,True,False,wall,10.0,-4.0,-10.0
2245,100529,-11.0,0,88,0.306155,29896624.9432,True,False,wall,0.0,-1.0,-10.0
2246,100642,5.0,1,113,0.305793,34395046.885,True,False,wall,10.0,5.0,-10.0
2247,100663,-16.0,0,21,0.305726,32663594.5714,True,False,wall,0.0,-6.0,-10.0
2248,100762,11.0,1,99,0.30541,35396907.0202,True,False,wall,10.0,11.0,-10.0
2249,100918,4.0,1,156,0.304912,39515413.1474,True,False,wall,10.0,4.0,-10.0
2250,100994,-19.0,0,76,0.30467,30313910.0526,True,False,wall,0.0,-9.0,-10.0
2251,101094,4.0,1,100,0.304352,34073111.12,True,False,wall,10.0,4.0,-10.0
2252,101211,-22.0,0,117,0.30398,37875367.6923,True,False,wall,0.0,-12.0,-10.0
2253,101259,-21.0,0,48,0.303828,42896037.1458,True,False,wall,0.0,-11.0,-10.0
2254,101350,-14.0,0,91,0.30354,30951344.956,True,False,wall,0.0,-4.0,-10.0
2255,101367,7.0,1,17,0.303486,47010056.9412,True,False,wall,10.0,7.0,-10.0
2256,101389,-13.0,0,22,0.303416,46156426.9545,True,False,wall,0.0,-3.0,-10.0
2257,101430,-18.0,0,41,0.303286,49641843.439,True,False,wall,0.0,-8.0,-10.0
2258,101481,-12.0,0,51,0.303125,28730943.9216,True,False,wall,0.0,-2.0,-10.0
2259,101550,8.0,2,69,0.302906,28695001.5652,True,False,wall,20.0,-2.0,-10.0
2260,101664,-5.0,0,114,0.302546,31948158.307,True,False,wall,0.0,5.0,-10.0
2261,101699,-24.0,0,35,0.302436,28649372.7714,True,False,wall,0.0,-14.0,-10.0
2262,101875,-13.0,0,176,0.301881,28592037.3864,True,False,wall,0.0,-3.0,-10.0
2263,101897,-19.0,0,22,0.301812,29554804.0909,True,False,wall,0.0,-9.0,-10.0
2264,101913,-15.0,0,16,0.301762,23107732.4375,True,False,wall,0.0,-5.0,-10.0
2265,102067,-5.0,0,154,0.301277,22828175.2273,True,False,wall,0.0,5.0,-10.0
2266,102164,-18.0,0,97,0.300973,21204365.3866,True,False,wall,0.0,-8.0,-10.0
2267,102207,-22.0,0,43,0.300838,28463109.3721,True,False,wall,0.0,-12.0,-10.0
2268,102341,32.0,3,134,0.300418,22540033.7388,True,False,body,30.0,12.0,-10.0
2269,102420,3.0,1,79,0.300171,26874944.8354,True,False,wall,10.0,3.0,-10.0
2270,102515,-18.0,0,95,0.299874,24090972.6842,True,False,wall,0.0,-8.0,-10.0
2271,102555,-5.0,0,40,0.299749,22063269.5375,True,False,wall,0.0,5.0,-10.0
2272,102577,-13.0,0,22,0.299681,23992785.5909,True,False,wall,0.0,-3.0,-10.0
2273,102607,-15.0,0,30,0.299587,24414745.0333,True,False,wall,0.0,-5.0,-10.0
2274,102710,-16.0,0,103,0.299266,21025151.4078,True,False,wall,0.0,-6.0,-10.0
2275,102731,-16.0,0,21,0.2992,33182512.0,True,False,wall,0.0,-6.0,-10.0
2276,102862,-20.0,0,131,0.298793,20316487.8053,True,False,wall,0.0,-10.0,-10.0
2277,102919,-24.0,0,57,0.298615,23886512.7544,True,False,wall,0.0,-14.0,-10.0
2278,102945,-4.0,1,26,0.298535,20230797.5769,True,False,wall,10.0,-4.0,-10.0
2279,103056,-16.0,0,111,0.29819,18277521.2477,True,False,wall,0.0,-6.0,-10.0
2280,103096,-11.0,0,40,0.298066,17522826.2125,True,False,wall,0.0,-1.0,-10.0
2281,103165,44.0,2,69,0.297852,19923096.3261,True,False,wall,20.0,34.0,-10.0
2282,103186,-16.0,0,21,0.297787,18279363.7143,True,False,wall,0.0,-6.0,-10.0
2283,103232,-11.0,0,46,0.297645,15303081.2609,True,False,wall,0.0,-1.0,-10.0
2284,103298,20.0,1,66,0.29744,25652972.7273,True,False,wall,10.0,20.0,-10.0
2285,103476,-15.0,0,178,0.29689,18792373.118,True,False,wall,0.0,-5.0,-10.0
2286,103602,0.0,1,126,0.296502,17316792.7063,True,False,wall,10.0,0.0,-10.0
2287,103665,-20.0,0,63,0.296308,18532760.9841,True,False,wall,0.0,-10.0,-10.0
2288,103702,7.0,1,37,0.296194,21104862.5946,True,False,wall,10.0,7.0,-10.0
2289,103714,-3.0,0,12,0.296157,20981654.7083,True,False,wall,0.0,7.0,-10.0
2290,103756,-11.0,0,42,0.296028,33699062.7262,True,False,wall,0.0,-1.0,-10.0
2291,103875,0.0,0,119,0.295662,26058045.2773,True,False,wall,0.0,10.0,-10.0
2292,103884,-18.0,0,9,0.295635,42212499.1111,True,False,wall,0.0,-8.0,-10.0
2293,103940,-7.0,0,56,0.295463,23374572.3214,True,False,wall,0.0,3.0,-10.0
2294,103959,-16.0,0,19,0.295404,33993983.5263,True,False,wall,0.0,-6.0,-10.0
2295,103988,11.0,1,29,0.295315,20992426.5172,True,False,wall,10.0,11.0,-10.0
2296,104029,-3.0,1,41,0.29519,20115119.7683,True,False,wall,10.0,-3.0,-10.0
2297,104052,-14.0,0,23,0.295119,15539167.3913,True,False,wall,0.0,-4.0,-10.0
2298,104191,-22.0,0,139,0.294694,17536346.4568,True,False,wall,0.0,-12.0,-10.0
2299,104214,-24.0,0,23,0.294623,20976311.1087,True,False,wall,0.0,-14.0,-10.0
2300,104263,-12.0,0,49,0.294474,19882496.5408,True,False,wall,0.0,-2.0,-10.0
2301,104443,-17.0,0,180,0.293924,20507580.7833,True,False,wall,0.0,-7.0,-10.0
2302,104521,10.0,1,78,0.293686,24018248.4231,True,False,wall,10.0,10.0,-10.0
2303,104818,6.0,2,297,0.292783,20812489.4798,True,False,wall,20.0,-4.0,-10.0
2304,104870,-5.0,0,52,0.292626,19533028.3269,True,False,wall,0.0,5.0,-10.0
2305,105041,-12.0,0,171,0.292108,16763594.1813,True,False,wall,0.0,-2.0,-10.0
2306,105230,-14.0,0,189,0.291536,18734245.8492,True,False,wall,0.0,-4.0,-10.0
2307,105277,-22.0,0,47,0.291394,22363455.0638,True,False,wall,0.0,-12.0,-10.0
2308,105376,-10.0,0,99,0.291096,17616207.2172,True,False,wall,0.0,0.0,-10.0
2309,105413,-14.0,0,37,0.290984,14692884.7162,True,False,wall,0.0,-4.0,-10.0
2310,105443,-19.0,0,30,0.290894,17252287.8,True,False,wall,0.0,-9.0,-10.0
2311,105457,-21.0,0,14,0.290852,18156364.5714,True,False,wall,0.0,-11.0,-10.0
2312,105516,-6.0,0,59,0.290674,21542094.1186,True,False,wall,0.0,4.0,-10.0
2313,105583,-8.0,0,67,0.290473,18559159.194,True,False,wall,0.0,2.0,-10.0
2314,105678,-16.0,0,95,0.290187,20000758.6211,True,False,wall,0.0,-6.0,-10.0
2315,105748,-5.0,0,70,0.289977,18054994.5,True,False,wall,0.0,5.0,-10.0
2316,105823,-20.0,0,75,0.289753,21530469.6133,True,False,wall,0.0,-10.0,-10.0
2317,105852,-14.0,0,29,0.289666,17294646.0345,True,False,wall,0.0,-4.0,-10.0
2318,105877,-16.0,0,25,0.289591,18340278.06,True,False,wall,0.0,-6.0,-10.0
2319,105997,-17.0,0,120,0.289232,16266637.7,True,False,wall,0.0,-7.0,-10.0
2320,106024,-12.0,0,27,0.289151,15208503.1111,True,False,wall,0.0,-2.0,-10.0
2321,106048,-15.0,0,24,0.289079,17766613.2917,True,False,wall,0.0,-5.0,-10.0
2322,106088,-3.0,0,40,0.28896,14986718.15,True,False,wall,0.0,7.0,-10.0
2323,106165,15.0,1,77,0.28873,17118539.3571,True,False,wall,10.0,15.0,-10.0
2324,106364,3.0,1,199,0.288137,18502259.2613,True,False,wall,10.0,3.0,-10.0
2325,106406,-9.0,0,42,0.288012,17729929.2619,True,False,wall,0.0,1.0,-10.0
2326,106440,8.0,1,34,0.287911,22370523.3088,True,False,wall,10.0,8.0,-10.0
2327,106536,-11.0,0,96,0.287625,16819957.3021,True,False,wall,0.0,-1.0,-10.0
2328,106659,22.0,2,123,0.28726,21575594.1829,True,False,wall,20.0,12.0,-10.0
2329,106734,-10.0,0,75,0.287038,17745904.2867,True,False,wall,0.0,0.0,-10.0
2330,106895,-22.0,0,161,0.286561,16659352.4255,True,False,wall,0.0,-12.0,-10.0
2331,106916,-14.0,0,21,0.286499,20011896.5952,True,False,wall,0.0,-4.0,-10.0
2332,106927,-12.0,0,11,0.286467,30389548.9091,True,False,wall,0.0,-2.0,-10.0
2333,107082,-4.0,0,155,0.286009,16844196.5484,True,False,wall,0.0,6.0,-10.0
2334,107102,0.0,1,20,0.28595,15386879.7,True,False,wall,10.0,0.0,-10.0
2335,107142,-7.0,0,40,0.285832,15361321.175,True,False,wall,0.0,3.0,-10.0
2336,107221,-12.0,0,79,0.285599,14983239.2215,True,False,wall,0.0,-2.0,-10.0
2337,107245,-11.0,0,24,0.285529,11979574.5,True,False,wall,0.0,-1.0,-10.0
2338,107322,-10.0,0,77,0.285302,15121141.7208,True,False,wall,0.0,0.0,-10.0
2339,107348,-21.0,0,26,0.285226,17538164.4038,True,False,wall,0.0,-11.0,-10.0
2340,107420,-15.0,0,72,0.285014,16195340.1319,True,False,wall,0.0,-5.0,-10.0
2341,107448,-3.0,0,28,0.284932,13158401.1429,True,False,wall,0.0,7.0,-10.0
2342,107472,-21.0,0,24,0.284861,13104934.7917,True,False,wall,0.0,-11.0,-10.0
2343,107489,-18.0,0,17,0.284811,12721143.0,True,False,wall,0.0,-8.0,-10.0
2344,107509,-11.0,0,20,0.284753,12379275.575,True,False,wall,0.0,-1.0,-10.0
2345,107573,-9.0,0,64,0.284565,17081172.2344,True,False,wall,0.0,1.0,-10.0
2346,107678,-12.0,0,105,0.284257,15576250.781,True,False,wall,0.0,-2.0,-10.0
2347,107897,1.0,1,219,0.283617,15720624.6279,True,False,wall,10.0,1.0,-10.0
2348,107941,4.0,1,44,0.283488,12190407.9034,True,False,wall,10.0,4.0,-10.0
2349,108020,1.0,1,79,0.283258,14355446.8228,True,False,wall,10.0,1.0,-10.0
2350,108115,-14.0,0,95,0.282981,17867166.1158,True,False,wall,0.0,-4.0,-10.0
2351,108166,-14.0,0,51,0.282833,13148110.3725,True,False,wall,0.0,-4.0,-10.0
2352,108204,-13.0,0,38,0.282722,11877609.0789,True,False,wall,0.0,-3.0,-10.0
2353,108236,-21.0,0,32,0.282629,14693078.5938,True,False,wall,0.0,-11.0,-10.0
2354,108284,-21.0,0,48,0.282489,14998636.7708,True,False,wall,0.0,-11.0,-10.0
2355,108306,-17.0,0,22,0.282426,15140290.1136,True,False,wall,0.0,-7.0,-10.0
2356,108346,6.0,1,40,0.282309,16344650.9125,True,False,wall,10.0,6.0,-10.0
2357,108401,-4.0,0,55,0.28215,16482281.2182,True,False,wall,0.0,6.0,-10.0
2358,108538,5.0,1,137,0.281752,14551815.4599,True,False,wall,10.0,5.0,-10.0
2359,108636,-21.0,0,98,0.281469,14195084.4031,True,False,wall,0.0,-11.0,-10.0
2360,108917,-16.0,0,281,0.280657,14989943.8559,True,False,wall,0.0,-6.0,-10.0
2361,108956,11.0,1,39,0.280545,14195579.0897,True,False,wall,10.0,11.0,-10.0
2362,109247,17.0,1,291,0.279708,15807134.3144,True,False,wall,10.0,17.0,-10.0
2363,109294,-12.0,0,47,0.279573,18492940.5745,True,False,wall,0.0,-2.0,-10.0
2364,109406,15.0,2,112,0.279252,11747189.933,True,False,wall,20.0,5.0,-10.0
2365,109451,-12.0,0,45,0.279123,11778416.6889,True,False,wall,0.0,-2.0,-10.0
2366,109541,-2.0,1,90,0.278865,14685235.1056,True,False,wall,10.0,-2.0,-10.0
2367,109582,-12.0,0,41,0.278748,13148552.622,True,False,wall,0.0,-2.0,-10.0
2368,109633,-8.0,0,51,0.278602,15744580.8824,True,False,wall,0.0,2.0,-10.0
2369,109729,-3.0,0,96,0.278328,16579377.6042,True,False,wall,0.0,7.0,-10.0
2370,109757,-19.0,0,28,0.278248,15298155.5714,True,False,wall,0.0,-9.0,-10.0
2371,109787,-15.0,0,30,0.278162,13005870.2333,True,False,wall,0.0,-5.0,-10.0
2372,109872,-16.0,0,85,0.27792,11476999.1676,True,False,wall,0.0,-6.0,-10.0
2373,109990,15.0,2,118,0.277584,12297455.6822,True,False,wall,20.0,5.0,-10.0
2374,110013,-10.0,0,23,0.277519,10531995.2609,True,False,wall,0.0,0.0,-10.0
2375,110261,-19.0,0,248,0.276814,13998575.9355,True,False,wall,0.0,-9.0,-10.0
2376,110313,-5.0,0,52,0.276667,17121997.8846,True,False,wall,0.0,5.0,-10.0
2377,110338,-18.0,0,25,0.276596,15509831.96,True,False,wall,0.0,-8.0,-10.0
2378,110498,0.0,1,160,0.276144,17244291.1,True,False,wall,10.0,0.0,-10.0
2379,110542,-23.0,0,44,0.276019,16865605.8977,True,False,wall,0.0,-13.0,-10.0
2380,110608,8.0,1,66,0.275833,13127866.1212,True,False,wall,10.0,8.0,-10.0
2381,110690,-19.0,0,82,0.275601,13842664.9756,True,False,wall,0.0,-9.0,-10.0
2382,110744,-5.0,0,54,0.275449,13935187.2037,True,False,wall,0.0,5.0,-10.0
2383,110799,-20.0,0,55,0.275294,13823713.9727,True,False,wall,0.0,-10.0,-10.0
2384,110855,-19.0,0,56,0.275137,16566678.9196,True,False,wall,0.0,-9.0,-10.0
2385,110902,11.0,1,47,0.275004,16114523.5851,True,False,wall,10.0,11.0,-10.0
2386,110927,-18.0,0,25,0.274934,15466732.54,True,False,wall,0.0,-8.0,-10.0
2387,110969,-15.0,0,42,0.274816,12989620.0476,True,False,wall,0.0,-5.0,-10.0
2388,111267,-2.0,1,298,0.27398,14123327.6124,True,False,wall,10.0,-2.0,-10.0
2389,111392,-22.0,0,125,0.27363,12248340.962,True,False,wall,0.0,-12.0,-10.0
2390,111500,-13.0,0,108,0.273329,12564050.8773,True,False,wall,0.0,-3.0,-10.0
2391,111622,-7.0,0,122,0.272988,11309332.6496,True,False,wall,0.0,3.0,-10.0
2392,111736,-19.0,0,114,0.272671,14100010.9211,True,False,wall,0.0,-9.0,-10.0
2393,111788,-9.0,0,52,0.272526,14699882.125,True,False,wall,0.0,1.0,-10.0
2394,111818,-9.0,0,30,0.272443,11511291.9333,True,False,wall,0.0,1.0,-10.0
2395,111920,8.0,1,102,0.272159,13688983.4951,True,False,wall,10.0,8.0,-10.0
2396,111962,-15.0,0,42,0.272043,12519921.2143,True,False,wall,0.0,-5.0,-10.0
2397,111993,-4.0,0,31,0.271957,14139908.0968,True,False,wall,0.0,6.0,-10.0
2398,112108,-16.0,0,115,0.271638,11273029.2761,True,False,wall,0.0,-6.0,-10.0
2399,112133,-6.0,0,25,0.271569,9767908.22,True,False,wall,0.0,4.0,-10.0
2400,112192,-12.0,0,59,0.271405,12326255.0254,True,False,wall,0.0,-2.0,-10.0
2401,112218,-3.0,0,26,0.271333,13087217.8846,True,False,wall,0.0,7.0,-10.0
2402,112245,-16.0,0,27,0.271259,11857482.8704,True,False,wall,0.0,-6.0,-10.0
2403,112290,5.0,1,45,0.271134,11742892.5222,True,False,wall,10.0,5.0,-10.0
2404,112314,-15.0,0,24,0.271068,13626646.9167,True,False,wall,0.0,-5.0,-10.0
2405,112379,-6.0,0,65,0.270888,14743525.6385,True,False,wall,0.0,4.0,-10.0
2406,112499,-19.0,0,120,0.270557,15503247.175,True,False,wall,0.0,-9.0,-10.0
2407,112645,48.0,3,146,0.270155,16083497.2329,True,False,body,30.0,28.0,-10.0
2408,112753,21.0,2,108,0.269858,13582361.5116,True,False,wall,20.0,11.0,-10.0
2409,112804,-8.0,0,51,0.269718,12480343.0441,True,False,wall,0.0,2.0,-10.0
2410,112837,-22.0,0,33,0.269627,13018810.303,True,False,wall,0.0,-12.0,-10.0
2411,112846,-4.0,0,9,0.269603,11019760.2778,True,False,wall,0.0,6.0,-10.0
2412,113077,-24.0,0,231,0.268969,12737893.1905,True,False,wall,0.0,-14.0,-10.0
2413,113119,2.0,1,42,0.268855,10439360.5,True,False,wall,10.0,2.0,-10.0
2414,113169,-15.0,0,50,0.268718,11907564.8,True,False,wall,0.0,-5.0,-10.0
2415,113301,0.0,1,132,0.268357,14112155.7121,True,False,wall,10.0,0.0,-10.0
2416,113348,-18.0,0,47,0.268229,13996359.0426,True,False,wall,0.0,-8.0,-10.0
2417,113678,-2.0,1,330,0.267331,14191915.4508,True,False,wall,10.0,-2.0,-10.0
2418,113726,-17.0,0,48,0.2672,14465340.1354,True,False,wall,0.0,-7.0,-10.0
2419,113781,-18.0,0,55,0.267051,13413108.8636,True,False,wall,0.0,-8.0,-10.0
2420,113807,-17.0,0,26,0.26698,13881374.5192,True,False,wall,0.0,-7.0,-10.0
2421,113854,-10.0,0,47,0.266853,11727902.3617,True,False,wall,0.0,0.0,-10.0
2422,114024,-17.0,0,170,0.266393,12024564.425,True,False,wall,0.0,-7.0,-10.0
2423,114091,3.0,1,67,0.266212,12139687.9179,True,False,wall,10.0,3.0,-10.0
2424,114122,-18.0,0,31,0.266128,11569508.2742,True,False,wall,0.0,-8.0,-10.0
2425,114130,-13.0,0,8,0.266106,14317868.4375,True,False,wall,0.0,-3.0,-10.0
2426,114189,-18.0,0,59,0.265947,14924111.0508,True,False,wall,0.0,-8.0,-10.0
2427,114262,-18.0,0,73,0.26575,12609678.8151,True,False,wall,0.0,-8.0,-10.0
2428,114289,-6.0,0,27,0.265677,16320790.1667,True,False,wall,0.0,4.0,-10.0
2429,114451,-5.0,0,162,0.265241,12270215.3735,True,False,wall,0.0,5.0,-10.0
2430,114479,-15.0,0,28,0.265165,12497565.1964,True,False,wall,0.0,-5.0,-10.0
2431,114567,-11.0,0,88,0.264929,11664840.4602,True,False,wall,0.0,-1.0,-10.0
2432,114769,-7.0,0,202,0.264387,12540046.3874,True,False,wall,0.0,3.0,-10.0
2433,114793,-13.0,0,24,0.264323,9119052.1042,True,False,wall,0.0,-3.0,-10.0
2434,114807,-21.0,0,14,0.264285,13056260.8929,True,False,wall,0.0,-11.0,-10.0
2435,114835,2.0,1,28,0.26421,8451378.6518,True,False,wall,10.0,2.0,-10.0
2436,114863,-17.0,0,28,0.264135,10485113.1429,True,False,wall,0.0,-7.0,-10.0
2437,114972,-8.0,0,109,0.263844,11257896.1307,True,False,wall,0.0,2.0,-10.0
2438,115198,-5.0,0,226,0.26324,12603083.2124,True,False,wall,0.0,5.0,-10.0
2439,115319,-12.0,0,121,0.262918,13284609.9587,True,False,wall,0.0,-2.0,-10.0
2440,115502,-12.0,0,183,0.262432,12986062.3593,True,False,wall,0.0,-2.0,-10.0
2441,115587,5.0,1,85,0.262206,14033674.6706,True,False,wall,10.0,5.0,-10.0
2442,115641,-15.0,0,54,0.262063,10001685.8148,True,False,wall,0.0,-5.0,-10.0
2443,115672,5.0,1,31,0.261981,11304974.0161,True,False,wall,10.0,5.0,-10.0
2444,115725,-10.0,0,53,0.26184,13653557.6981,True,False,wall,0.0,0.0,-10.0
2445,115775,-11.0,0,50,0.261708,11941538.76,True,False,wall,0.0,-1.0,-10.0
2446,115843,-4.0,1,68,0.261528,11133198.5,True,False,wall,10.0,-4.0,-10.0
2447,115872,-16.0,0,29,0.261451,14143295.4138,True,False,wall,0.0,-6.0,-10.0
2448,115894,-5.0,0,22,0.261393,9107550.5909,True,False,wall,0.0,5.0,-10.0
2449,115963,-5.0,1,69,0.261211,16781782.5797,True,False,wall,10.0,-5.0,-10.0
2450,116132,-24.0,0,169,0.260765,11949323.5769,True,False,wall,0.0,-14.0,-10.0
2451,116156,-17.0,0,24,0.260702,17706051.7708,True,False,wall,0.0,-7.0,-10.0
2452,116304,-9.0,0,148,0.260313,14158265.201,True,False,wall,0.0,1.0,-10.0
2453,116473,-16.0,0,169,0.259869,12181194.537,True,False,wall,0.0,-6.0,-10.0
2454,116494,-20.0,0,21,0.259814,16472216.6429,True,False,wall,0.0,-10.0,-10.0
2455,116516,-4.0,1,22,0.259756,10344218.8636,True,False,wall,10.0,-4.0,-10.0
2456,116554,-21.0,0,38,0.259656,10856148.6053,True,False,wall,0.0,-11.0,-10.0
2457,116606,6.0,1,52,0.25952,10631579.2644,True,False,wall,10.0,6.0,-10.0
2458,116746,12.0,1,140,0.259154,13637515.9482,True,False,wall,10.0,12.0,-10.0
2459,116792,22.0,1,46,0.259034,12888343.8152,True,False,wall,10.0,22.0,-10.0
2460,117218,12.0,1,426,0.257923,12547136.2083,True,False,wall,10.0,12.0,-10.0
2461,117448,-17.0,0,230,0.257326,12575775.2141,True,False,wall,0.0,-7.0,-10.0
2462,117584,-19.0,0,136,0.256974,12350138.9706,True,False,wall,0.0,-9.0,-10.0
2463,117677,-10.0,0,93,0.256734,13078307.5699,True,False,wall,0.0,0.0,-10.0
2464,117688,-4.0,0,11,0.256705,8472469.7955,True,False,wall,0.0,6.0,-10.0
2465,117901,-18.0,0,213,0.256156,12700907.4495,True,False,wall,0.0,-8.0,-10.0
2466,118097,-13.0,0,196,0.255651,10210664.1556,True,False,wall,0.0,-3.0,-10.0
2467,118229,-19.0,0,132,0.255312,13618037.3447,True,False,wall,0.0,-9.0,-10.0
2468,118252,-18.0,0,23,0.255253,7958343.1739,True,False,wall,0.0,-8.0,-10.0
2469,118292,-23.0,0,40,0.255151,24000975.0688,True,False,wall,0.0,-13.0,-10.0
2470,118312,-17.0,0,20,0.255099,9869732.525,True,False,wall,0.0,-7.0,-10.0
2471,118490,10.0,1,178,0.254644,12371257.361,True,False,wall,10.0,10.0,-10.0
2472,118535,11.0,1,45,0.254528,11542724.0,True,False,wall,10.0,11.0,-10.0
2473,118636,3.0,1,101,0.25427,10667765.6114,True,False,wall,10.0,3.0,-10.0
2474,118672,-9.0,0,36,0.254179,11456659.1458,True,False,wall,0.0,1.0,-10.0
2475,118701,-6.0,0,29,0.254105,9969404.6034,True,False,wall,0.0,4.0,-10.0
2476,118717,-11.0,0,16,0.254064,23382878.4375,True,False,wall,0.0,-1.0,-10.0
2477,118904,-3.0,1,187,0.253587,12250285.9773,True,False,wall,10.0,-3.0,-10.0
2478,118921,-2.0,0,17,0.253544,10058128.5441,True,False,wall,0.0,8.0,-10.0
2479,118969,-11.0,0,48,0.253422,11528006.3333,True,False,wall,0.0,-1.0,-10.0
2480,119053,-15.0,0,84,0.253208,9286853.1875,True,False,wall,0.0,-5.0,-10.0
2481,119192,9.0,1,139,0.252856,12214155.4604,True,False,wall,10.0,9.0,-10.0
2482,119201,-18.0,0,9,0.252833,11173802.0,True,False,wall,0.0,-8.0,-10.0
2483,119260,-16.0,0,59,0.252683,14544594.6525,True,False,wall,0.0,-6.0,-10.0
2484,119315,-7.0,1,55,0.252544,14525124.9727,True,False,wall,10.0,-7.0,-10.0
2485,119340,-20.0,0,25,0.252481,11683559.72,True,False,wall,0.0,-10.0,-10.0
2486,119357,-20.0,0,17,0.252438,11186950.3824,True,False,wall,0.0,-10.0,-10.0
2487,119451,1.0,0,94,0.2522,9835298.4282,True,False,wall,0.0,11.0,-10.0
2488,119466,-8.0,0,15,0.252162,11577097.4,True,False,wall,0.0,2.0,-10.0
2489,119484,-15.0,0,18,0.252117,14385051.2778,True,False,wall,0.0,-5.0,-10.0
2490,119536,-17.0,0,52,0.251985,9661006.1635,True,False,wall,0.0,-7.0,-10.0
2491,119685,-20.0,0,149,0.251609,13188619.0336,True,False,wall,0.0,-10.0,-10.0
2492,119889,-19.0,0,204,0.251096,13654232.2708,True,False,wall,0.0,-9.0,-10.0
2493,120012,-8.0,0,123,0.250787,12745731.5203,True,False,wall,0.0,2.0,-10.0
2494,120084,-23.0,0,72,0.250606,12062661.309,True,False,wall,0.0,-13.0,-10.0
2495,120095,1.0,1,11,0.250579,12062919.5455,True,False,wall,10.0,1.0,-10.0
2496,120136,-14.0,0,41,0.250476,13784279.8171,True,False,wall,0.0,-4.0,-10.0
2497,120150,-15.0,0,14,0.250441,17330215.8929,True,False,wall,0.0,-5.0,-10.0
2498,120168,-9.0,0,18,0.250396,15317858.1944,True,False,wall,0.0,1.0,-10.0
2499,120206,-11.0,0,38,0.250301,19524928.9737,True,False,wall,0.0,-1.0,-10.0
2500,120281,-4.0,0,75,0.250113,10877783.28,True,False,wall,0.0,6.0,-10.0
2501,120309,-3.0,0,28,0.250043,14473819.1429,True,False,wall,0.0,7.0,-10.0
2502,120350,-22.0,0,41,0.24994,12994427.9878,True,False,wall,0.0,-12.0,-10.0
2503,120440,-23.0,0,90,0.249716,12598185.9306,True,False,wall,0.0,-13.0,-10.0
2504,120473,-6.0,0,33,0.249633,11992538.197,True,False,wall,0.0,4.0,-10.0
2505,120508,-14.0,0,35,0.249546,16307954.0714,True,False,wall,0.0,-4.0,-10.0
2506,120582,-7.0,0,74,0.249362,10546114.5,True,False,wall,0.0,3.0,-10.0
2507,120641,-12.0,0,59,0.249215,8482141.5,True,False,wall,0.0,-2.0,-10.0
2508,120650,-6.0,0,9,0.249192,8090005.3889,True,False,wall,0.0,4.0,-10.0
2509,120747,-16.0,0,97,0.248951,14919700.7268,True,False,wall,0.0,-6.0,-10.0
2510,120802,5.0,1,55,0.248814,15546790.3273,True,False,wall,10.0,5.0,-10.0
2511,120839,-24.0,0,37,0.248722,10776425.8919,True,False,wall,0.0,-14.0,-10.0
2512,121020,-1.0,1,181,0.248273,12604789.1492,True,False,wall,10.0,-1.0,-10.0
2513,121032,-21.0,0,12,0.248243,12544783.75,True,False,wall,0.0,-11.0,-10.0
2514,121137,-18.0,0,105,0.247983,13921113.8333,True,False,wall,0.0,-8.0,-10.0
2515,121176,-22.0,0,39,0.247887,13038633.0897,True,False,wall,0.0,-12.0,-10.0
2516,121219,-16.0,0,43,0.24778,15042264.1163,True,False,wall,0.0,-6.0,-10.0
2517,121298,-18.0,0,79,0.247585,12240401.4937,True,False,wall,0.0,-8.0,-10.0
2518,121341,-10.0,0,43,0.247479,13071443.4419,True,False,wall,0.0,0.0,-10.0
2519,121415,7.0,2,74,0.247296,11043409.9291,True,False,wall,20.0,-3.0,-10.0
2520,121430,-16.0,0,15,0.247259,9515713.2333,True,False,wall,0.0,-6.0,-10.0
2521,121459,-8.0,0,29,0.247188,9444985.3276,True,False,wall,0.0,2.0,-10.0
2522,121516,-4.0,0,57,0.247047,9490464.3509,True,False,wall,0.0,6.0,-10.0
2523,121649,-20.0,0,133,0.24672,10446054.6823,True,False,wall,0.0,-10.0,-10.0
2524,121675,-9.0,0,26,0.246656,14283350.4231,True,False,wall,0.0,1.0,-10.0
2525,121693,-13.0,0,18,0.246612,8538571.1944,True,False,wall,0.0,-3.0,-10.0
2526,121728,-8.0,0,35,0.246526,10525907.3714,True,False,wall,0.0,2.0,-10.0
2527,121785,-20.0,0,57,0.246386,10730696.8684,True,False,wall,0.0,-10.0,-10.0
2528,121816,-18.0,0,31,0.24631,9131872.0242,True,False,wall,0.0,-8.0,-10.0
2529,121845,-1.0,1,29,0.246239,7588876.431,True,False,wall,10.0,-1.0,-10.0
2530,121897,-3.0,0,52,0.246111,13741379.4183,True,False,wall,0.0,7.0,-10.0
2531,121947,2.0,1,50,0.245989,11371243.685,True,False,wall,10.0,2.0,-10.0
2532,121962,-20.0,0,15,0.245952,9102840.2333,True,False,wall,0.0,-10.0,-10.0
2533,122026,-19.0,0,64,0.245795,10970965.4922,True,False,wall,0.0,-9.0,-10.0
2534,122130,3.0,2,104,0.245541,10720964.6394,True,False,wall,20.0,-7.0,-10.0
2535,122189,-20.0,0,59,0.245397,13244874.9746,True,False,wall,0.0,-10.0,-10.0
2536,122209,-13.0,0,20,0.245348,21916117.775,True,False,wall,0.0,-3.0,-10.0
2537,122240,-18.0,0,31,0.245272,10520723.5968,True,False,wall,0.0,-8.0,-10.0
2538,122381,-2.0,0,141,0.244928,11567790.7358,True,False,wall,0.0,8.0,-10.0
2539,122404,-11.0,1,23,0.244872,13052941.1304,True,False,wall,10.0,-11.0,-10.0
2540,122455,-14.0,0,51,0.244748,15314922.5833,True,False,wall,0.0,-4.0,-10.0
2541,122526,-8.0,0,71,0.244575,11687658.9718,True,False,wall,0.0,2.0,-10.0
2542,122607,-18.0,0,81,0.244378,13175951.1481,True,False,wall,0.0,-8.0,-10.0
2543,122648,-12.0,0,41,0.244279,9865187.5488,True,False,wall,0.0,-2.0,-10.0
2544,122707,-22.0,0,59,0.244136,8160228.928,True,False,wall,0.0,-12.0,-10.0
2545,122859,8.0,1,152,0.243767,11294616.5378,True,False,wall,10.0,8.0,-10.0
2546,122969,-19.0,0,110,0.243501,10933876.5364,True,False,wall,0.0,-9.0,-10.0
2547,123012,-22.0,0,43,0.243397,8706273.343,True,False,wall,0.0,-12.0,-10.0
2548,123095,11.0,1,83,0.243196,11772836.4337,True,False,wall,10.0,11.0,-10.0
2549,123137,-15.0,0,42,0.243095,8203540.875,True,False,wall,0.0,-5.0,-10.0
2550,123214,41.0,3,77,0.242909,13594428.6948,True,False,body,30.0,21.0,-10.0
2551,123327,-12.0,0,113,0.242637,10453755.8805,True,False,wall,0.0,-2.0,-10.0
2552,123374,-22.0,0,47,0.242524,10738014.6649,True,False,wall,0.0,-12.0,-10.0
2553,123448,-11.0,0,74,0.242346,13078035.25,True,False,wall,0.0,-1.0,-10.0
2554,123500,-19.0,0,52,0.242221,9625362.625,True,False,wall,0.0,-9.0,-10.0
2555,123528,-5.0,0,28,0.242154,8792752.8393,True,False,wall,0.0,5.0,-10.0
2556,123578,14.0,1,50,0.242033,12180644.77,True,False,wall,10.0,14.0,-10.0
2557,123594,-23.0,0,16,0.241995,9170393.4375,True,False,wall,0.0,-13.0,-10.0
2558,123615,-20.0,0,21,0.241945,10698498.7857,True,False,wall,0.0,-10.0,-10.0
2559,123630,-20.0,0,15,0.241909,11289830.7,True,False,wall,0.0,-10.0,-10.0
2560,123734,-11.0,0,104,0.241659,10761448.2091,True,False,wall,0.0,-1.0,-10.0
2561,123784,-7.0,0,50,0.24154,15770444.805,True,False,wall,0.0,3.0,-10.0
2562,123814,-9.0,0,30,0.241468,15117968.1667,True,False,wall,0.0,1.0,-10.0
2563,123881,-1.0,1,67,0.241308,12316623.8097,True,False,wall,10.0,-1.0,-10.0
2564,123915,-5.0,0,34,0.241226,12420996.5735,True,False,wall,0.0,5.0,-10.0
2565,123980,24.0,2,65,0.241071,12019293.4385,True,False,wall,20.0,14.0,-10.0
2566,123988,-3.0,0,8,0.241052,12931757.375,True,False,wall,0.0,7.0,-10.0
2567,124098,-13.0,0,110,0.240789,16167162.35,True,False,wall,0.0,-3.0,-10.0
2568,124246,-6.0,1,148,0.240437,12979269.8176,True,False,wall,10.0,-6.0,-10.0
2569,124425,-3.0,1,179,0.240011,11486583.2947,True,False,wall,10.0,-3.0,-10.0
2570,124463,-5.0,0,38,0.239921,9011825.9474,True,False,wall,0.0,5.0,-10.0
2571,124503,-11.0,0,40,0.239826,8927315.8063,True,False,wall,0.0,-1.0,-10.0
2572,124592,-20.0,0,89,0.239615,11078674.0646,True,False,wall,0.0,-10.0,-10.0
2573,124721,5.0,1,129,0.239309,10640360.0465,True,False,wall,10.0,5.0,-10.0
2574,124783,-3.0,0,62,0.239163,10370298.9113,True,False,wall,0.0,7.0,-10.0
2575,124834,-12.0,0,51,0.239042,11723467.6912,True,False,wall,0.0,-2.0,-10.0
2576,124990,-15.0,0,156,0.238674,12947808.4071,True,False,wall,0.0,-5.0,-10.0
2577,125069,-12.0,0,79,0.238488,12184872.2816,True,False,wall,0.0,-2.0,-10.0
2578,125118,-10.0,0,49,0.238372,10945063.5918,True,False,wall,0.0,0.0,-10.0
2579,125256,-2.0,1,138,0.238048,14213516.6504,True,False,wall,10.0,-2.0,-10.0
2580,125321,-18.0,0,65,0.237895,10918855.4769,True,False,wall,0.0,-8.0,-10.0
2581,125342,-6.0,0,21,0.237845,11084129.6667,True,False,wall,0.0,4.0,-10.0
2582,125368,-5.0,0,26,0.237784,9571970.7308,True,False,wall,0.0,5.0,-10.0
2583,125422,-6.0,1,54,0.237658,17107254.8241,True,False,wall,10.0,-6.0,-10.0
2584,125634,-17.0,0,212,0.237161,14452760.0259,True,False,wall,0.0,-7.0,-10.0
2585,125805,20.0,2,171,0.236761,20336349.4035,True,False,wall,20.0,10.0,-10.0
2586,125966,-20.0,0,161,0.236386,14525730.0171,True,False,wall,0.0,-10.0,-10.0
2587,126034,4.0,1,68,0.236228,12807744.489,True,False,wall,10.0,4.0,-10.0
2588,126043,7.0,1,9,0.236207,7963286.5556,True,False,wall,10.0,7.0,-10.0
2589,126085,-11.0,0,42,0.236109,14626971.0238,True,False,wall,0.0,-1.0,-10.0
2590,126163,0.0,1,78,0.235928,11811046.7115,True,False,wall,10.0,0.0,-10.0
2591,126234,-20.0,0,71,0.235763,17365078.1268,True,False,wall,0.0,-10.0,-10.0
2592,126248,-3.0,0,14,0.23573,9133382.25,True,False,wall,0.0,7.0,-10.0
2593,126321,-18.0,0,73,0.235561,15069725.0274,True,False,wall,0.0,-8.0,-10.0
2594,126353,-2.0,1,32,0.235487,11948907.2969,True,False,wall,10.0,-2.0,-10.0
2595,126405,-23.0,0,52,0.235366,18517157.2548,True,False,wall,0.0,-13.0,-10.0
2596,126441,-9.0,0,36,0.235283,11193883.0,True,False,wall,0.0,1.0,-10.0
2597,126507,21.0,2,66,0.23513,16281745.1288,True,False,wall,20.0,11.0,-10.0
2598,126523,-15.0,0,16,0.235093,16763258.5938,True,False,wall,0.0,-5.0,-10.0
2599,126579,-19.0,0,56,0.234963,20112034.9911,True,False,wall,0.0,-9.0,-10.0
2600,126636,-14.0,0,57,0.234832,12233144.2149,True,False,wall,0.0,-4.0,-10.0
2601,126852,8.0,1,216,0.234333,12633545.7269,True,False,wall,10.0,8.0,-10.0
2602,126866,-15.0,0,14,0.234301,14857575.7143,True,False,wall,0.0,-5.0,-10.0
2603,127010,2.0,1,144,0.233969,13415542.3385,True,False,wall,10.0,2.0,-10.0
2604,127045,-18.0,0,35,0.233889,13622284.1571,True,False,wall,0.0,-8.0,-10.0
2605,127081,-13.0,0,36,0.233806,14774565.4167,True,False,wall,0.0,-3.0,-10.0
2606,127424,1.0,1,343,0.23302,14386282.9789,True,False,wall,10.0,1.0,-10.0
2607,127469,-18.0,0,45,0.232917,15632804.0722,True,False,wall,0.0,-8.0,-10.0
2608,127546,-14.0,0,77,0.232741,14911181.3506,True,False,wall,0.0,-4.0,-10.0
2609,127945,-16.0,0,399,0.231832,13547231.7813,True,False,wall,0.0,-6.0,-10.0
2610,128049,-23.0,0,104,0.231596,12008926.4111,True,False,wall,0.0,-13.0,-10.0
2611,128097,-21.0,0,48,0.231487,14971889.6458,True,False,wall,0.0,-11.0,-10.0
2612,128132,5.0,1,35,0.231407,10038425.8357,True,False,wall,10.0,5.0,-10.0
2613,128316,-13.0,0,184,0.230991,14674378.0856,True,False,wall,0.0,-3.0,-10.0
2614,128325,-18.0,0,9,0.23097,40043181.3333,True,False,wall,0.0,-8.0,-10.0
2615,128340,-16.0,0,15,0.230936,11984899.3667,True,False,wall,0.0,-6.0,-10.0
2616,128468,-15.0,0,128,0.230647,10736258.666,True,False,wall,0.0,-5.0,-10.0
2617,128567,-10.0,0,99,0.230424,13819957.6894,True,False,wall,0.0,0.0,-10.0
2618,128718,-5.0,1,151,0.230083,13683174.745,True,False,wall,10.0,-5.0,-10.0
2619,128798,10.0,1,80,0.229903,17985504.025,True,False,wall,10.0,10.0,-10.0
2620,128807,-16.0,0,9,0.229883,8752749.5278,True,False,wall,0.0,-6.0,-10.0
2621,128836,-22.0,0,29,0.229818,20099734.3966,True,False,wall,0.0,-12.0,-10.0
2622,128860,-19.0,0,24,0.229764,23870329.3125,True,False,wall,0.0,-9.0,-10.0
2623,128887,11.0,1,27,0.229703,15608443.7222,True,False,wall,10.0,11.0,-10.0
2624,128951,-23.0,0,64,0.22956,16982501.3594,True,False,wall,0.0,-13.0,-10.0
2625,129080,-8.0,0,129,0.22927,16103776.2674,True,False,wall,0.0,2.0,-10.0
2626,129161,-16.0,0,81,0.229089,19244518.5586,True,False,wall,0.0,-6.0,-10.0
2627,129221,-11.0,0,60,0.228955,12054582.5208,True,False,wall,0.0,-1.0,-10.0
2628,129280,-16.0,0,59,0.228823,12329761.2585,True,False,wall,0.0,-6.0,-10.0
2629,129452,0.0,1,172,0.228439,13062661.1294,True,False,wall,10.0,0.0,-10.0
2630,129555,-14.0,0,103,0.228209,17034255.4515,True,False,wall,0.0,-4.0,-10.0
2631,129851,-17.0,0,296,0.227551,14685532.3961,True,False,wall,0.0,-7.0,-10.0
2632,129877,-13.0,0,26,0.227493,12362085.5385,True,False,wall,0.0,-3.0,-10.0
2633,129950,-5.0,1,73,0.227331,13326266.1164,True,False,wall,10.0,-5.0,-10.0
2634,130019,-22.0,0,69,0.227178,19960476.6884,True,False,wall,0.0,-12.0,-10.0
2635,130040,-24.0,0,21,0.227132,10159173.2857,True,False,wall,0.0,-14.0,-10.0
2636,130069,-4.0,0,29,0.227068,16815546.319,True,False,wall,0.0,6.0,-10.0
2637,130081,-3.0,0,12,0.227041,10166235.5833,True,False,wall,0.0,7.0,-10.0
2638,130111,-23.0,0,30,0.226975,14773799.0667,True,False,wall,0.0,-13.0,-10.0
2639,130161,-21.0,0,50,0.226864,9534240.165,True,False,wall,0.0,-11.0,-10.0
2640,130233,0.0,1,72,0.226705,15667112.1354,True,False,wall,10.0,0.0,-10.0
2641,130287,17.0,2,54,0.226586,13075920.1019,True,False,wall,20.0,7.0,-10.0
2642,130346,-9.0,1,59,0.226456,12416394.7415,True,False,wall,10.0,-9.0,-10.0
2643,130413,-20.0,0,67,0.226308,12393793.8433,True,False,wall,0.0,-10.0,-10.0
2644,130589,-13.0,0,176,0.225921,13649038.3409,True,False,wall,0.0,-3.0,-10.0
2645,130669,-19.0,0,80,0.225745,12202310.9281,True,False,wall,0.0,-9.0,-10.0
2646,130678,-18.0,0,9,0.225725,31039322.5556,True,False,wall,0.0,-8.0,-10.0
2647,130755,-18.0,0,77,0.225556,17818360.961,True,False,wall,0.0,-8.0,-10.0
2648,130785,-17.0,0,30,0.22549,19485337.3833,True,False,wall,0.0,-7.0,-10.0
2649,130805,-11.0,0,20,0.225446,14248184.45,True,False,wall,0.0,-1.0,-10.0
2650,130859,-19.0,0,54,0.225328,18044383.5833,True,False,wall,0.0,-9.0,-10.0
2651,130930,-5.0,1,71,0.225172,15881984.7113,True,False,wall,10.0,-5.0,-10.0
2652,131029,-10.0,0,99,0.224956,21520386.8333,True,False,wall,0.0,0.0,-10.0
2653,131071,-17.0,0,42,0.224864,15209417.8929,True,False,wall,0.0,-7.0,-10.0
2654,131141,-11.0,0,70,0.224711,14843422.9071,True,False,wall,0.0,-1.0,-10.0
2655,131187,-17.0,0,46,0.22461,13353481.2717,True,False,wall,0.0,-7.0,-10.0
2656,131230,-16.0,0,43,0.224517,31231695.4302,True,False,wall,0.0,-6.0,-10.0
2657,131246,-7.0,0,16,0.224482,31526813.0312,True,False,wall,0.0,3.0,-10.0
2658,131314,12.0,1,68,0.224333,16983974.4632,True,False,wall,10.0,12.0,-10.0
2659,131356,-15.0,0,42,0.224242,12287486.506,True,False,wall,0.0,-5.0,-10.0
2660,131385,-22.0,0,29,0.224179,9814045.1293,True,False,wall,0.0,-12.0,-10.0
2661,131426,-16.0,0,41,0.22409,15297883.9024,True,False,wall,0.0,-6.0,-10.0
2662,131443,-16.0,0,17,0.224053,9361241.0588,True,False,wall,0.0,-6.0,-10.0
2663,131463,-5.0,0,20,0.224009,14414902.775,True,False,wall,0.0,5.0,-10.0
2664,131494,-10.0,0,31,0.223942,20195791.371,True,False,wall,0.0,0.0,-10.0
2665,131585,20.0,2,91,0.223744,10844923.1154,True,False,wall,20.0,10.0,-10.0
2666,131610,2.0,0,25,0.22369,14790225.48,True,False,wall,0.0,12.0,-10.0
2667,131637,-8.0,0,27,0.223631,9328341.9074,True,False,wall,0.0,2.0,-10.0
2668,131661,-13.0,0,24,0.223579,26490379.1667,True,False,wall,0.0,-3.0,-10.0
2669,131747,-2.0,1,86,0.223392,14494231.2267,True,False,wall,10.0,-2.0,-10.0
2670,131826,-4.0,0,79,0.223221,20102972.3797,True,False,wall,0.0,6.0,-10.0
2671,131892,-5.0,0,66,0.223078,19872388.1515,True,False,wall,0.0,5.0,-10.0
2672,131909,-20.0,0,17,0.223042,29998382.8824,True,False,wall,0.0,-10.0,-10.0
2673,131953,18.0,1,44,0.222946,16811079.5455,True,False,wall,10.0,18.0,-10.0
2674,132018,-20.0,0,65,0.222806,12882702.1846,True,False,wall,0.0,-10.0,-10.0
2675,132105,-18.0,0,87,0.222618,13010014.4856,True,False,wall,0.0,-8.0,-10.0
2676,132119,-23.0,0,14,0.222588,16242440.75,True,False,wall,0.0,-13.0,-10.0
2677,132172,-16.0,0,53,0.222474,15051248.6745,True,False,wall,0.0,-6.0,-10.0
2678,132334,-3.0,0,162,0.222125,11285159.9182,True,False,wall,0.0,7.0,-10.0
2679,132458,-21.0,0,124,0.221858,12211341.8609,True,False,wall,0.0,-11.0,-10.0
2680,132638,-10.0,1,180,0.221472,11443710.5389,True,False,wall,10.0,-10.0,-10.0
2681,132765,-20.0,0,127,0.2212,13877472.5098,True,False,wall,0.0,-10.0,-10.0
2682,132862,11.0,1,97,0.220993,15674231.2964,True,False,wall,10.0,11.0,-10.0
2683,133000,-21.0,0,138,0.220698,14165798.6069,True,False,wall,0.0,-11.0,-10.0
2684,133027,-12.0,0,27,0.22064,16084842.2407,True,False,wall,0.0,-2.0,-10.0
2685,133037,-19.0,0,10,0.220619,13046493.55,True,False,wall,0.0,-9.0,-10.0
2686,133085,2.0,1,48,0.220517,13705653.4479,True,False,wall,10.0,2.0,-10.0
2687,133105,-15.0,0,20,0.220474,14628307.425,True,False,wall,0.0,-5.0,-10.0
2688,133397,17.0,2,292,0.219853,14044972.405,True,False,wall,20.0,7.0,-10.0
2689,133419,-23.0,0,22,0.219806,17538208.9432,True,False,wall,0.0,-13.0,-10.0
2690,133510,-10.0,0,91,0.219613,14839713.2473,True,False,wall,0.0,0.0,-10.0
2691,133611,-12.0,0,101,0.219399,12770573.5965,True,False,wall,0.0,-2.0,-10.0
2692,133697,15.0,2,86,0.219217,14591383.7616,True,False,wall,20.0,5.0,-10.0
2693,133719,-13.0,0,22,0.219171,7479420.6477,True,False,wall,0.0,-3.0,-10.0
2694,133776,-22.0,0,57,0.21905,12234251.6754,True,False,wall,0.0,-12.0,-10.0
2695,133873,18.0,2,97,0.218845,10393729.0722,True,False,wall,20.0,8.0,-10.0
2696,133934,-18.0,0,61,0.218716,10826324.4631,True,False,wall,0.0,-8.0,-10.0
2697,134046,-13.0,0,112,0.21848,14603511.3705,True,False,wall,0.0,-3.0,-10.0
2698,134081,3.0,1,35,0.218407,10526224.2286,True,False,wall,10.0,3.0,-10.0
2699,134153,-9.0,0,72,0.218255,18336242.8889,True,False,wall,0.0,1.0,-10.0
2700,134186,-18.0,0,33,0.218186,9339026.4773,True,False,wall,0.0,-8.0,-10.0
2701,134253,-18.0,0,67,0.218045,10385111.153,True,False,wall,0.0,-8.0,-10.0
2702,134295,-21.0,0,42,0.217957,10964007.1488,True,False,wall,0.0,-11.0,-10.0
2703,134406,25.0,1,111,0.217724,10133477.3829,True,False,wall,10.0,25.0,-10.0
2704,134439,-22.0,0,33,0.217655,25849191.8333,True,False,wall,0.0,-12.0,-10.0
2705,134482,-18.0,0,43,0.217565,20963817.3198,True,False,wall,0.0,-8.0,-10.0
2706,134520,-15.0,0,38,0.217485,11490350.5132,True,False,wall,0.0,-5.0,-10.0
2707,134561,-18.0,0,41,0.217399,9282685.1037,True,False,wall,0.0,-8.0,-10.0
2708,134629,-15.0,0,68,0.217257,9011795.4816,True,False,wall,0.0,-5.0,-10.0
2709,134671,-21.0,0,42,0.217169,11336739.1071,True,False,wall,0.0,-11.0,-10.0
2710,134735,-11.0,0,64,0.217036,13028047.0664,True,False,wall,0.0,-1.0,-10.0
2711,134824,-6.0,0,89,0.21685,10228945.1208,True,False,wall,0.0,4.0,-10.0
2712,135045,-12.0,0,221,0.21639,13169055.8213,True,False,wall,0.0,-2.0,-10.0
2713,135056,-12.0,0,11,0.216367,18370451.7273,True,False,wall,0.0,-2.0,-10.0
2714,135125,-16.0,0,69,0.216223,12176073.1123,True,False,wall,0.0,-6.0,-10.0
2715,135160,-18.0,0,35,0.216151,15878674.6857,True,False,wall,0.0,-8.0,-10.0
2716,135337,-16.0,0,177,0.215783,15191978.4647,True,False,wall,0.0,-6.0,-10.0
2717,135366,-5.0,1,29,0.215723,13833592.8707,True,False,wall,10.0,-5.0,-10.0
2718,135684,-2.0,1,318,0.215066,13632613.4654,True,False,wall,10.0,-2.0,-10.0
2719,135703,-8.0,0,19,0.215027,11702920.1579,True,False,wall,0.0,2.0,-10.0
2720,135724,15.0,1,21,0.214983,8361633.2262,True,False,wall,10.0,15.0,-10.0
2721,135740,-11.0,0,16,0.21495,33964019.25,True,False,wall,0.0,-1.0,-10.0
2722,135818,6.0,1,78,0.21479,16342728.2147,True,False,wall,10.0,6.0,-10.0
2723,135881,-20.0,0,63,0.21466,11592450.8849,True,False,wall,0.0,-10.0,-10.0
2724,135950,-22.0,0,69,0.214518,22881676.9783,True,False,wall,0.0,-12.0,-10.0
2725,136049,-18.0,0,99,0.214314,10865543.096,True,False,wall,0.0,-8.0,-10.0
2726,136062,-20.0,0,13,0.214288,17209335.8269,True,False,wall,0.0,-10.0,-10.0
2727,136076,-13.0,0,14,0.214259,10848354.4821,True,False,wall,0.0,-3.0,-10.0
2728,136179,-8.0,0,103,0.214048,13128959.3738,True,False,wall,0.0,2.0,-10.0
2729,136344,-14.0,0,165,0.21371,10944066.6136,True,False,wall,0.0,-4.0,-10.0
2730,136372,-17.0,0,28,0.213652,15969769.1071,True,False,wall,0.0,-7.0,-10.0
2731,136398,-15.0,0,26,0.213599,13728822.6442,True,False,wall,0.0,-5.0,-10.0
2732,136531,-6.0,0,133,0.213327,9528958.6504,True,False,wall,0.0,4.0,-10.0
2733,136546,-14.0,0,15,0.213297,9320350.6667,True,False,wall,0.0,-4.0,-10.0
2734,136557,-20.0,0,11,0.213274,5670364.2955,True,False,wall,0.0,-10.0,-10.0
2735,136645,-23.0,0,88,0.213095,8985077.5,True,False,wall,0.0,-13.0,-10.0
2736,136667,-11.0,0,22,0.21305,9447821.2386,True,False,wall,0.0,-1.0,-10.0
2737,136718,9.0,1,51,0.212946,8888927.0098,True,False,wall,10.0,9.0,-10.0
2738,136735,-8.0,0,17,0.212912,11424808.4706,True,False,wall,0.0,2.0,-10.0
2739,136753,-11.0,0,18,0.212875,7690118.5694,True,False,wall,0.0,-1.0,-10.0
2740,136777,-15.0,0,24,0.212826,9394020.4688,True,False,wall,0.0,-5.0,-10.0
2741,136854,-22.0,0,77,0.212669,8061979.0682,True,False,wall,0.0,-12.0,-10.0
2742,136943,-4.0,0,89,0.212489,9207766.118,True,False,wall,0.0,6.0,-10.0
2743,137010,-10.0,0,67,0.212352,7985638.2164,True,False,wall,0.0,0.0,-10.0
2744,137104,-19.0,0,94,0.212162,11432809.3085,True,False,wall,0.0,-9.0,-10.0
2745,137143,-4.0,0,39,0.212083,9126381.7308,True,False,wall,0.0,6.0,-10.0
2746,137170,-8.0,0,27,0.212028,8003732.2778,True,False,wall,0.0,2.0,-10.0
2747,137225,-20.0,0,55,0.211917,11051952.3591,True,False,wall,0.0,-10.0,-10.0
2748,137246,-18.0,0,21,0.211874,30041153.4286,True,False,wall,0.0,-8.0,-10.0
2749,137273,-16.0,0,27,0.21182,7765070.4259,True,False,wall,0.0,-6.0,-10.0
2750,137420,-12.0,0,147,0.211523,10957079.7143,True,False,wall,0.0,-2.0,-10.0
2751,137451,-4.0,0,31,0.21146,7243866.2661,True,False,wall,0.0,6.0,-10.0
2752,137490,-1.0,1,39,0.211381,11046747.9423,True,False,wall,10.0,-1.0,-10.0
2753,137622,-23.0,0,132,0.211115,11405247.4205,True,False,wall,0.0,-13.0,-10.0
2754,137710,4.0,1,88,0.210938,8249646.233,True,False,wall,10.0,4.0,-10.0
2755,137735,-24.0,0,25,0.210888,6187620.24,True,False,wall,0.0,-14.0,-10.0
2756,137748,-22.0,0,13,0.210862,6096581.1154,True,False,wall,0.0,-12.0,-10.0
2757,137834,-15.0,0,86,0.210689,8419024.5145,True,False,wall,0.0,-5.0,-10.0
2758,137895,-4.0,0,61,0.210566,6225970.5492,True,False,wall,0.0,6.0,-10.0
2759,137997,-9.0,0,102,0.210362,14237316.4951,True,False,wall,0.0,1.0,-10.0
2760,138016,-14.0,0,19,0.210324,12451876.3553,True,False,wall,0.0,-4.0,-10.0
2761,138078,0.0,1,62,0.210199,14628432.5484,True,False,wall,10.0,0.0,-10.0
2762,138138,-19.0,0,60,0.210079,10416783.2708,True,False,wall,0.0,-9.0,-10.0
2763,138173,-24.0,0,35,0.210009,8475320.1929,True,False,wall,0.0,-14.0,-10.0
2764,138192,1.0,1,19,0.209971,8190206.0658,True,False,wall,10.0,1.0,-10.0
2765,138211,-10.0,0,19,0.209933,4749754.4737,True,False,wall,0.0,0.0,-10.0
2766,138242,-20.0,0,31,0.209871,10988741.8226,True,False,wall,0.0,-10.0,-10.0
2767,138268,-9.0,0,26,0.209819,17094993.1923,True,False,wall,0.0,1.0,-10.0
2768,138309,-1.0,1,41,0.209738,6670450.7622,True,False,wall,10.0,-1.0,-10.0
2769,138396,-14.0,0,87,0.209564,10032920.0101,True,False,wall,0.0,-4.0,-10.0
2770,138477,-16.0,0,81,0.209402,11441339.5216,True,False,wall,0.0,-6.0,-10.0
2771,138533,14.0,1,56,0.209291,14350570.6473,True,False,wall,10.0,14.0,-10.0
2772,138548,-18.0,0,15,0.209261,20812462.8667,True,False,wall,0.0,-8.0,-10.0
2773,138575,5.0,1,27,0.209207,14506229.3981,True,False,wall,10.0,5.0,-10.0
2774,138648,1.0,1,73,0.209062,9876045.9589,True,False,wall,10.0,1.0,-10.0
2775,138807,23.0,1,159,0.208746,9781571.6918,True,False,wall,10.0,23.0,-10.0
2776,138848,-6.0,0,41,0.208665,9371697.311,True,False,wall,0.0,4.0,-10.0
2777,138883,-18.0,0,35,0.208596,8109679.8357,True,False,wall,0.0,-8.0,-10.0
2778,138919,-15.0,0,36,0.208524,21232681.5764,True,False,wall,0.0,-5.0,-10.0
2779,138959,-11.0,0,40,0.208445,11942869.7,True,False,wall,0.0,-1.0,-10.0
2780,139057,-13.0,0,98,0.208251,10568759.5102,True,False,wall,0.0,-3.0,-10.0
2781,139098,-24.0,0,41,0.20817,7563383.1829,True,False,wall,0.0,-14.0,-10.0
2782,139174,-11.0,0,76,0.20802,12238226.0921,True,False,wall,0.0,-1.0,-10.0
2783,139262,-9.0,0,88,0.207846,8789925.0256,True,False,wall,0.0,1.0,-10.0
2784,139364,4.0,1,102,0.207645,9564647.0637,True,False,wall,10.0,4.0,-10.0
2785,139385,-10.0,0,21,0.207603,4770020.9405,True,False,wall,0.0,0.0,-10.0
2786,139406,-12.0,0,21,0.207562,6234573.4524,True,False,wall,0.0,-2.0,-10.0
2787,139465,7.0,1,59,0.207446,9657266.0254,True,False,wall,10.0,7.0,-10.0
2788,139507,-15.0,0,42,0.207363,9271729.0714,True,False,wall,0.0,-5.0,-10.0
2789,139564,7.0,1,57,0.207251,10756509.8333,True,False,wall,10.0,7.0,-10.0
2790,139785,-16.0,0,221,0.206817,9729019.9859,True,False,wall,0.0,-6.0,-10.0
2791,139796,-4.0,0,11,0.206796,5916204.1818,True,False,wall,0.0,6.0,-10.0
2792,139835,-10.0,0,39,0.206719,6133509.2756,True,False,wall,0.0,0.0,-10.0
2793,140017,-17.0,0,182,0.206363,9204550.612,True,False,wall,0.0,-7.0,-10.0
2794,140099,-9.0,0,82,0.206203,5215681.2256,True,False,wall,0.0,1.0,-10.0
2795,140330,-18.0,0,231,0.205753,7213024.6807,True,False,wall,0.0,-8.0,-10.0
2796,140366,2.0,1,36,0.205683,11056329.8264,True,False,wall,10.0,2.0,-10.0
2797,140399,-14.0,0,33,0.205618,7732588.5227,True,False,wall,0.0,-4.0,-10.0
2798,140428,-12.0,0,29,0.205562,9987334.1897,True,False,wall,0.0,-2.0,-10.0
2799,140668,-15.0,0,240,0.205096,7346789.0026,True,False,wall,0.0,-5.0,-10.0
2800,140692,-5.0,0,24,0.20505,14726427.7188,True,False,wall,0.0,5.0,-10.0
2801,140703,-18.0,0,11,0.205028,9112636.8182,True,False,wall,0.0,-8.0,-10.0
2802,140778,-20.0,0,75,0.204883,11265092.8067,True,False,wall,0.0,-10.0,-10.0
2803,140927,-16.0,0,149,0.204595,7050297.0285,True,False,wall,0.0,-6.0,-10.0
2804,140945,-21.0,0,18,0.20456,6926742.2222,True,False,wall,0.0,-11.0,-10.0
2805,141172,-20.0,0,227,0.204122,7527406.6944,True,False,wall,0.0,-10.0,-10.0
2806,141182,-13.0,0,10,0.204103,11413675.35,True,False,wall,0.0,-3.0,-10.0
2807,141244,-13.0,0,62,0.203983,6681379.0827,True,False,wall,0.0,-3.0,-10.0
2808,141271,-4.0,0,27,0.203931,6566837.4491,True,False,wall,0.0,6.0,-10.0
2809,141284,-16.0,0,13,0.203906,4673861.875,True,False,wall,0.0,-6.0,-10.0
2810,141307,-18.0,0,23,0.203862,4722803.538,True,False,wall,0.0,-8.0,-10.0
2811,141324,-22.0,0,17,0.203829,7322413.3971,True,False,wall,0.0,-12.0,-10.0
2812,141341,-20.0,0,17,0.203797,4296366.3382,True,False,wall,0.0,-10.0,-10.0
2813,141369,-17.0,0,28,0.203743,9128254.2589,True,False,wall,0.0,-7.0,-10.0
2814,141536,-18.0,0,167,0.203422,7886449.9491,True,False,wall,0.0,-8.0,-10.0
2815,141560,-13.0,0,24,0.203376,20140952.9792,True,False,wall,0.0,-3.0,-10.0
2816,141595,9.0,1,35,0.203309,9190456.1714,True,False,wall,10.0,9.0,-10.0
2817,141755,-15.0,0,160,0.203003,8355968.9836,True,False,wall,0.0,-5.0,-10.0
2818,141793,4.0,1,38,0.20293,10387392.2632,True,False,wall,10.0,4.0,-10.0
2819,141899,-19.0,0,106,0.202728,5618400.3149,True,False,wall,0.0,-9.0,-10.0
2820,141919,-15.0,0,20,0.20269,4870079.9938,True,False,wall,0.0,-5.0,-10.0
2821,141974,-3.0,1,55,0.202585,6042601.7909,True,False,wall,10.0,-3.0,-10.0
2822,142115,-18.0,0,141,0.202316,6246136.2863,True,False,wall,0.0,-8.0,-10.0
2823,142199,-13.0,0,84,0.202156,5591658.7917,True,False,wall,0.0,-3.0,-10.0
2824,142249,8.0,1,50,0.202061,7582267.775,True,False,wall,10.0,8.0,-10.0
2825,142267,-1.0,0,18,0.202027,10633539.625,True,False,wall,0.0,9.0,-10.0
2826,142411,-19.0,0,144,0.201753,6821551.9392,True,False,wall,0.0,-9.0,-10.0
2827,142474,-8.0,0,63,0.201634,5943089.4067,True,False,wall,0.0,2.0,-10.0
2828,142686,-2.0,1,212,0.201233,6959265.5708,True,False,wall,10.0,-2.0,-10.0
2829,142708,-13.0,0,22,0.201191,7377672.3636,True,False,wall,0.0,-3.0,-10.0
2830,142787,39.0,3,79,0.201042,5351934.4557,True,False,body,30.0,19.0,-10.0
2831,142842,-18.0,0,55,0.200938,4404394.6205,True,False,wall,0.0,-8.0,-10.0
2832,142900,-11.0,0,58,0.200829,5307272.6358,True,False,wall,0.0,-1.0,-10.0
2833,142919,-16.0,0,19,0.200793,5505142.5658,True,False,wall,0.0,-6.0,-10.0
2834,142943,-13.0,0,24,0.200748,5379798.9219,True,False,wall,0.0,-3.0,-10.0
2835,143193,-15.0,0,250,0.200277,5419928.0935,True,False,wall,0.0,-5.0,-10.0
2836,143240,-10.0,0,47,0.200189,7966335.2819,True,False,wall,0.0,0.0,-10.0
2837,143318,-13.0,0,78,0.200043,7000095.1587,True,False,wall,0.0,-3.0,-10.0
2838,143337,-22.0,0,19,0.200007,4971819.4671,True,False,wall,0.0,-12.0,-10.0
2839,143404,-18.0,0,67,0.199881,4893447.1213,True,False,wall,0.0,-8.0,-10.0
2840,143465,-20.0,0,61,0.199767,6138750.2029,True,False,wall,0.0,-10.0,-10.0
2841,143484,-24.0,0,19,0.199732,9865944.0724,True,False,wall,0.0,-14.0,-10.0
2842,143521,-1.0,1,37,0.199662,5933093.6453,True,False,wall,10.0,-1.0,-10.0
2843,143572,3.0,1,51,0.199567,6782599.549,True,False,wall,10.0,3.0,-10.0
2844,143731,-12.0,0,159,0.19927,4986592.772,True,False,wall,0.0,-2.0,-10.0
2845,143782,17.0,1,51,0.199175,5765534.3015,True,False,wall,10.0,17.0,-10.0
2846,143852,-19.0,0,70,0.199044,4080180.8179,True,False,wall,0.0,-9.0,-10.0
2847,143951,-14.0,0,99,0.19886,3965030.1856,True,False,wall,0.0,-4.0,-10.0
2848,144155,-23.0,0,204,0.198481,6341154.6863,True,False,wall,0.0,-13.0,-10.0
2849,144172,-10.0,0,17,0.198449,3445689.2794,True,False,wall,0.0,0.0,-10.0
2850,144455,-8.0,0,283,0.197925,5069355.1727,True,False,wall,0.0,2.0,-10.0
2851,144517,-13.0,0,62,0.197811,4271136.3982,True,False,wall,0.0,-3.0,-10.0
2852,144554,-12.0,0,37,0.197742,5068139.3885,True,False,wall,0.0,-2.0,-10.0
2853,144614,-23.0,0,60,0.197632,5510705.6271,True,False,wall,0.0,-13.0,-10.0
2854,144843,16.0,2,229,0.19721,5216652.0879,True,False,wall,20.0,6.0,-10.0
2855,145154,-7.0,1,311,0.196638,5137921.5687,True,False,wall,10.0,-7.0,-10.0
2856,145178,-13.0,0,24,0.196594,5544067.5417,True,False,wall,0.0,-3.0,-10.0
2857,145200,-9.0,0,22,0.196554,4920646.2102,True,False,wall,0.0,1.0,-10.0
2858,145256,-7.0,0,56,0.196452,6662325.7455,True,False,wall,0.0,3.0,-10.0
2859,145279,-18.0,0,23,0.196409,6810126.038,True,False,wall,0.0,-8.0,-10.0
2860,145312,-6.0,0,33,0.196349,7718229.9223,True,False,wall,0.0,4.0,-10.0
2861,145360,-11.0,0,48,0.196261,4555067.151,True,False,wall,0.0,-1.0,-10.0
2862,145869,-16.0,0,509,0.195334,3881480.5963,True,False,wall,0.0,-6.0,-10.0
2863,145898,-16.0,0,29,0.195281,4741060.4569,True,False,wall,0.0,-6.0,-10.0
2864,146045,-10.0,0,147,0.195014,4340022.4167,True,False,wall,0.0,0.0,-10.0
2865,146192,20.0,2,147,0.194748,3593439.352,True,False,wall,20.0,10.0,-10.0
2866,146263,-18.0,0,71,0.19462,4154128.7324,True,False,wall,0.0,-8.0,-10.0
2867,146322,-22.0,0,59,0.194513,3727089.9174,True,False,wall,0.0,-12.0,-10.0
2868,146345,-16.0,0,23,0.194472,5938992.4293,True,False,wall,0.0,-6.0,-10.0
2869,146367,-13.0,0,22,0.194432,5504149.5795,True,False,wall,0.0,-3.0,-10.0
2870,146389,-11.0,0,22,0.194392,4229525.6193,True,False,wall,0.0,-1.0,-10.0
2871,146473,8.0,1,84,0.194241,3969723.8601,True,False,wall,10.0,8.0,-10.0
2872,146522,-18.0,0,49,0.194152,3909355.7551,True,False,wall,0.0,-8.0,-10.0
2873,146573,-16.0,0,51,0.19406,6428456.9081,True,False,wall,0.0,-6.0,-10.0
2874,146944,24.0,2,371,0.193394,5361544.1198,True,False,wall,20.0,14.0,-10.0
2875,146980,-5.0,0,36,0.193329,5834201.1736,True,False,wall,0.0,5.0,-10.0
2876,146996,-21.0,0,16,0.193301,3294582.1406,True,False,wall,0.0,-11.0,-10.0
2877,147123,-22.0,0,127,0.193073,4884234.3907,True,False,wall,0.0,-12.0,-10.0
2878,147153,-21.0,0,30,0.19302,4075402.8625,True,False,wall,0.0,-11.0,-10.0
2879,147214,19.0,1,61,0.192911,2645571.3227,True,False,wall,10.0,19.0,-10.0
2880,147243,-18.0,0,29,0.192859,4985443.0776,True,False,wall,0.0,-8.0,-10.0
2881,147280,-18.0,0,37,0.192793,4952752.9696,True,False,wall,0.0,-8.0,-10.0
2882,147315,1.0,1,35,0.19273,4991264.1679,True,False,wall,10.0,1.0,-10.0
2883,147340,-24.0,0,25,0.192686,4667855.615,True,False,wall,0.0,-14.0,-10.0
2884,147411,-18.0,0,71,0.192559,3815639.2905,True,False,wall,0.0,-8.0,-10.0
2885,147442,-4.0,0,31,0.192504,3237471.3367,True,False,wall,0.0,6.0,-10.0
2886,147501,-16.0,0,59,0.192399,3020006.4894,True,False,wall,0.0,-6.0,-10.0
2887,147536,-6.0,0,35,0.192337,4566032.6571,True,False,wall,0.0,4.0,-10.0
2888,147591,-10.0,0,55,0.192239,3644722.8375,True,False,wall,0.0,0.0,-10.0
2889,147607,-7.0,0,16,0.19221,2967293.8828,True,False,wall,0.0,3.0,-10.0
2890,147665,-15.0,0,58,0.192107,2881580.3297,True,False,wall,0.0,-5.0,-10.0
2891,147697,-21.0,0,32,0.19205,4194099.9219,True,False,wall,0.0,-11.0,-10.0
2892,147711,-19.0,0,14,0.192026,5618702.8571,True,False,wall,0.0,-9.0,-10.0
2893,147824,-5.0,1,113,0.191825,4346568.2168,True,False,wall,10.0,-5.0,-10.0
2894,147856,-21.0,0,32,0.191768,3145432.9023,True,False,wall,0.0,-11.0,-10.0
2895,147874,-15.0,0,18,0.191737,2111927.8681,True,False,wall,0.0,-5.0,-10.0
2896,147883,-18.0,0,9,0.191721,2779473.4028,True,False,wall,0.0,-8.0,-10.0
2897,148572,-12.0,0,689,0.190505,3925633.5669,True,False,wall,0.0,-2.0,-10.0
2898,148585,-4.0,0,13,0.190482,4368934.1154,True,False,wall,0.0,6.0,-10.0
2899,148624,-18.0,0,39,0.190414,3629237.1506,True,False,wall,0.0,-8.0,-10.0
2900,148656,-15.0,0,32,0.190358,3850542.7227,True,False,wall,0.0,-5.0,-10.0
2901,148672,1.0,0,16,0.19033,2399708.043,True,False,wall,0.0,11.0,-10.0
2902,148900,-19.0,0,228,0.18993,3653384.8978,True,False,wall,0.0,-9.0,-10.0
2903,149101,1.0,1,201,0.189579,4498972.9745,True,False,wall,10.0,1.0,-10.0
2904,149127,-3.0,0,26,0.189534,3672758.3317,True,False,wall,0.0,7.0,-10.0
2905,149171,-15.0,0,44,0.189457,6810949.2074,True,False,wall,0.0,-5.0,-10.0
2906,149185,-17.0,0,14,0.189433,2081535.8929,True,False,wall,0.0,-7.0,-10.0
2907,149272,-14.0,0,87,0.189281,3562597.9382,True,False,wall,0.0,-4.0,-10.0
2908,149355,-12.0,0,83,0.189137,4622980.3027,True,False,wall,0.0,-2.0,-10.0
2909,149497,-17.0,0,142,0.18889,3855471.9886,True,False,wall,0.0,-7.0,-10.0
2910,149519,-9.0,0,22,0.188852,3150995.517,True,False,wall,0.0,1.0,-10.0
2911,149576,-10.0,0,57,0.188753,3713425.2719,True,False,wall,0.0,0.0,-10.0
2912,149606,-3.0,0,30,0.188701,4614237.675,True,False,wall,0.0,7.0,-10.0
2913,149666,-21.0,0,60,0.188597,4041071.276,True,False,wall,0.0,-11.0,-10.0
2914,149684,-19.0,0,18,0.188566,3521608.0069,True,False,wall,0.0,-9.0,-10.0
2915,149833,32.0,2,149,0.188308,2779742.4631,True,False,wall,20.0,22.0,-10.0
2916,149945,-3.0,0,112,0.188114,2548886.5502,True,False,wall,0.0,7.0,-10.0
2917,150071,0.0,1,126,0.187897,6403127.1533,True,False,wall,10.0,0.0,-10.0
2918,150129,25.0,2,58,0.187797,3827488.9095,True,False,wall,20.0,15.0,-10.0
2919,150157,-9.0,0,28,0.187749,5667775.9821,True,False,wall,0.0,1.0,-10.0
2920,150194,-20.0,0,37,0.187685,3546321.0777,True,False,wall,0.0,-10.0,-10.0
2921,150283,5.0,1,89,0.187532,4533984.6735,True,False,wall,10.0,5.0,-10.0
2922,150335,-5.0,0,52,0.187443,3698695.7764,True,False,wall,0.0,5.0,-10.0
2923,150480,21.0,1,145,0.187194,4207011.0086,True,False,wall,10.0,21.0,-10.0
2924,150653,-10.0,0,173,0.186897,3174753.6792,True,False,wall,0.0,0.0,-10.0
2925,150697,-6.0,1,44,0.186822,3209537.9403,True,False,wall,10.0,-6.0,-10.0
2926,150715,-19.0,0,18,0.186791,2093252.5903,True,False,wall,0.0,-9.0,-10.0
2927,150752,-6.0,0,37,0.186728,3192568.4054,True,False,wall,0.0,4.0,-10.0
2928,150773,-6.0,0,21,0.186692,4315251.6131,True,False,wall,0.0,4.0,-10.0
2929,150820,-16.0,0,47,0.186612,4173939.2407,True,False,wall,0.0,-6.0,-10.0
2930,150830,-15.0,0,10,0.186595,2046643.7125,True,False,wall,0.0,-5.0,-10.0
2931,150943,-16.0,0,113,0.186402,4220277.901,True,False,wall,0.0,-6.0,-10.0
2932,150998,-12.0,0,55,0.186308,4255983.7932,True,False,wall,0.0,-2.0,-10.0
2933,151117,-18.0,0,119,0.186106,3960418.8477,True,False,wall,0.0,-8.0,-10.0
2934,151316,-10.0,0,199,0.185768,3379910.9139,True,False,wall,0.0,0.0,-10.0
2935,151475,-16.0,0,159,0.185498,3230931.9143,True,False,wall,0.0,-6.0,-10.0
2936,151684,12.0,2,209,0.185145,3363711.2192,True,False,wall,20.0,2.0,-10.0
2937,151737,-18.0,0,53,0.185055,3063834.4186,True,False,wall,0.0,-8.0,-10.0
2938,151749,-19.0,0,12,0.185035,2423626.3125,True,False,wall,0.0,-9.0,-10.0
2939,151773,-13.0,0,24,0.184994,5054030.3646,True,False,wall,0.0,-3.0,-10.0
2940,151809,-21.0,0,36,0.184934,3695701.6042,True,False,wall,0.0,-11.0,-10.0
2941,151879,-9.0,0,70,0.184816,3328479.9125,True,False,wall,0.0,1.0,-10.0
2942,151915,0.0,1,36,0.184755,2601178.2951,True,False,wall,10.0,0.0,-10.0
2943,152026,3.0,1,111,0.184568,3969300.9904,True,False,wall,10.0,3.0,-10.0
2944,152048,-15.0,0,22,0.184531,2922903.5426,True,False,wall,0.0,-5.0,-10.0
2945,152258,-10.0,1,210,0.184178,3024671.2616,True,False,wall,10.0,-10.0,-10.0
2946,152353,-14.0,0,95,0.184019,4444120.2862,True,False,wall,0.0,-4.0,-10.0
2947,152410,-18.0,0,57,0.183924,2873594.4671,True,False,wall,0.0,-8.0,-10.0
2948,152491,5.0,1,81,0.183788,4123816.4877,True,False,wall,10.0,5.0,-10.0
2949,152533,-17.0,0,42,0.183718,2855532.8988,True,False,wall,0.0,-7.0,-10.0
2950,152642,-6.0,0,109,0.183536,2937363.2414,True,False,wall,0.0,4.0,-10.0
2951,152744,16.0,1,102,0.183366,2765752.848,True,False,wall,10.0,16.0,-10.0
2952,152995,-10.0,0,251,0.182948,3000519.8322,True,False,wall,0.0,0.0,-10.0
2953,153037,-11.0,0,42,0.182878,2773085.0714,True,False,wall,0.0,-1.0,-10.0
2954,153071,-9.0,0,34,0.182822,2301411.8971,True,False,wall,0.0,1.0,-10.0
2955,153288,20.0,2,217,0.182462,2914789.2808,True,False,wall,20.0,10.0,-10.0
2956,153339,-12.0,0,51,0.182377,1849346.2402,True,False,wall,0.0,-2.0,-10.0
2957,153377,-17.0,0,38,0.182315,2073123.1595,True,False,wall,0.0,-7.0,-10.0
2958,153397,-15.0,0,20,0.182282,2134339.4391,True,False,wall,0.0,-5.0,-10.0
2959,153568,-18.0,0,171,0.181999,2660734.6944,True,False,wall,0.0,-8.0,-10.0
2960,153589,-12.0,0,21,0.181964,2392690.9821,True,False,wall,0.0,-2.0,-10.0
2961,153647,-7.0,0,58,0.181869,2072500.8475,True,False,wall,0.0,3.0,-10.0
2962,153676,-14.0,0,29,0.181821,2816402.1595,True,False,wall,0.0,-4.0,-10.0
2963,153720,0.0,1,44,0.181748,2193147.7273,True,False,wall,10.0,0.0,-10.0
2964,153745,-14.0,0,25,0.181707,2856307.7825,True,False,wall,0.0,-4.0,-10.0
2965,153768,-4.0,0,23,0.181669,2820330.6576,True,False,wall,0.0,6.0,-10.0
2966,153803,-14.0,0,35,0.181612,2498028.2107,True,False,wall,0.0,-4.0,-10.0
2967,153847,-11.0,0,44,0.18154,2449903.2472,True,False,wall,0.0,-1.0,-10.0
2968,153906,-14.0,0,59,0.181443,2062456.0572,True,False,wall,0.0,-4.0,-10.0
2969,153932,-9.0,0,26,0.1814,1796175.0817,True,False,wall,0.0,1.0,-10.0
2970,153962,-9.0,0,30,0.181351,1964609.4333,True,False,wall,0.0,1.0,-10.0
2971,153973,-2.0,0,11,0.181332,1583223.5909,True,False,wall,0.0,8.0,-10.0
2972,154005,-9.0,0,32,0.18128,1806226.9473,True,False,wall,0.0,1.0,-10.0
2973,154103,-11.0,0,98,0.181119,2575946.0835,True,False,wall,0.0,-1.0,-10.0
2974,154128,-10.0,0,25,0.181078,1516784.23,True,False,wall,0.0,0.0,-10.0
2975,154159,3.0,1,31,0.181028,2035615.7883,True,False,wall,10.0,3.0,-10.0
2976,154234,-16.0,0,75,0.180905,1920895.5467,True,False,wall,0.0,-6.0,-10.0
2977,154320,4.0,1,86,0.180764,1937305.4509,True,False,wall,10.0,4.0,-10.0
2978,154331,-14.0,0,11,0.180746,1299565.5398,True,False,wall,0.0,-4.0,-10.0
2979,154381,10.0,1,50,0.180664,2127022.0337,True,False,wall,10.0,10.0,-10.0
2980,154605,8.0,1,224,0.180299,1841274.2729,True,False,wall,10.0,8.0,-10.0
2981,154677,-15.0,0,72,0.180182,1856927.7257,True,False,wall,0.0,-5.0,-10.0
2982,154708,-24.0,0,31,0.180131,2191480.4173,True,False,wall,0.0,-14.0,-10.0
2983,154786,-11.0,0,78,0.180005,1889976.9447,True,False,wall,0.0,-1.0,-10.0
2984,154867,-6.0,0,81,0.179873,1594358.6196,True,False,wall,0.0,4.0,-10.0
2985,154926,-16.0,0,59,0.179777,2037176.0689,True,False,wall,0.0,-6.0,-10.0
2986,154989,-18.0,0,63,0.179675,2049764.9901,True,False,wall,0.0,-8.0,-10.0
2987,155011,-7.0,0,22,0.179639,2456169.5398,True,False,wall,0.0,3.0,-10.0
2988,155023,-21.0,0,12,0.17962,2679770.0312,True,False,wall,0.0,-11.0,-10.0
2989,155120,-20.0,0,97,0.179463,2036865.4771,True,False,wall,0.0,-10.0,-10.0
2990,155153,7.0,1,33,0.17941,1914070.1534,True,False,wall,10.0,7.0,-10.0
2991,155176,-16.0,0,23,0.179372,2654292.3587,True,False,wall,0.0,-6.0,-10.0
2992,155220,-15.0,0,44,0.179301,2349883.9872,True,False,wall,0.0,-5.0,-10.0
2993,155254,-13.0,0,34,0.179246,2162233.4614,True,False,wall,0.0,-3.0,-10.0
2994,155317,-18.0,0,63,0.179145,1631660.4395,True,False,wall,0.0,-8.0,-10.0
2995,155361,-17.0,0,44,0.179074,1482225.8274,True,False,wall,0.0,-7.0,-10.0
2996,155620,33.0,3,259,0.178656,1961411.8758,True,False,body,30.0,13.0,-10.0
2997,155657,-14.0,0,37,0.178597,2109210.7753,True,False,wall,0.0,-4.0,-10.0
2998,155688,-22.0,0,31,0.178547,1945427.9879,True,False,wall,0.0,-12.0,-10.0
2999,155761,1.0,1,73,0.17843,1821216.2299,True,False,wall,10.0,1.0,-10.0
3000,156234,-18.0,0,473,0.177673,1796763.4306,True,False,wall,0.0,-8.0,-10.0
3001,156393,26.0,2,159,0.177419,1500003.4849,True,False,wall,20.0,16.0,-10.0
3002,156537,-15.0,0,144,0.17719,1595332.5586,True,False,wall,0.0,-5.0,-10.0
3003,156608,-22.0,0,71,0.177077,2504609.4974,True,False,wall,0.0,-12.0,-10.0
3004,156704,-15.0,0,96,0.176925,1798079.4876,True,False,wall,0.0,-5.0,-10.0
3005,156733,-18.0,0,29,0.176879,1937056.4612,True,False,wall,0.0,-8.0,-10.0
3006,156789,-3.0,0,56,0.17679,1622418.0006,True,False,wall,0.0,7.0,-10.0
3007,156952,-13.0,1,163,0.176532,2049764.6196,True,False,wall,10.0,-13.0,-10.0
3008,157074,-2.0,1,122,0.176339,1517488.9249,True,False,wall,10.0,-2.0,-10.0
3009,157093,-22.0,0,19,0.176309,1414609.9967,True,False,wall,0.0,-12.0,-10.0
3010,157166,-12.0,0,73,0.176194,1856675.2765,True,False,wall,0.0,-2.0,-10.0
3011,157215,-16.0,0,49,0.176117,2241053.3622,True,False,wall,0.0,-6.0,-10.0
3012,157236,-12.0,0,21,0.176084,1616682.2842,True,False,wall,0.0,-2.0,-10.0
3013,157506,39.0,2,270,0.175659,1767011.3087,True,False,wall,20.0,29.0,-10.0
3014,157846,-9.0,0,340,0.175126,2430540.1868,True,False,wall,0.0,1.0,-10.0
3015,157855,-8.0,0,9,0.175112,1298854.4792,True,False,wall,0.0,2.0,-10.0
3016,157886,-8.0,0,31,0.175063,1232667.0786,True,False,wall,0.0,2.0,-10.0
3017,157906,-17.0,0,20,0.175032,1269317.2297,True,False,wall,0.0,-7.0,-10.0
3018,157976,-5.0,0,70,0.174923,1784768.9187,True,False,wall,0.0,5.0,-10.0
3019,158171,-12.0,0,195,0.174619,1770625.1718,True,False,wall,0.0,-2.0,-10.0
3020,158195,8.0,1,24,0.174581,1276021.0423,True,False,wall,10.0,8.0,-10.0
3021,158217,25.0,2,22,0.174547,1170297.4375,True,False,wall,20.0,15.0,-10.0
3022,158231,-15.0,0,14,0.174525,2761935.471,True,False,wall,0.0,-5.0,-10.0
3023,158275,2.0,1,44,0.174457,1240195.5845,True,False,wall,10.0,2.0,-10.0
3024,158295,-13.0,0,20,0.174426,808274.9187,True,False,wall,0.0,-3.0,-10.0
3025,158304,-10.0,0,9,0.174412,935328.2917,True,False,wall,0.0,0.0,-10.0
3026,158330,-13.0,0,26,0.174371,1570658.0986,True,False,wall,0.0,-3.0,-10.0
3027,158381,-8.0,0,51,0.174292,1199473.7316,True,False,wall,0.0,2.0,-10.0
3028,158446,-22.0,0,65,0.174191,2124126.1125,True,False,wall,0.0,-12.0,-10.0
3029,158464,-5.0,0,18,0.174163,1313446.6389,True,False,wall,0.0,5.0,-10.0
3030,158547,-22.0,0,83,0.174034,1265243.1773,True,False,wall,0.0,-12.0,-10.0
3031,158648,-20.0,0,101,0.173878,1469813.3043,True,False,wall,0.0,-10.0,-10.0
3032,158773,-22.0,0,125,0.173684,1176668.1323,True,False,wall,0.0,-12.0,-10.0
3033,158862,-8.0,0,89,0.173547,1496922.2226,True,False,wall,0.0,2.0,-10.0
3034,159113,-20.0,0,251,0.17316,1891521.5382,True,False,wall,0.0,-10.0,-10.0
3035,159201,15.0,2,88,0.173024,1761295.4235,True,False,wall,20.0,5.0,-10.0
3036,159219,-11.0,0,18,0.172997,1062569.6146,True,False,wall,0.0,-1.0,-10.0
3037,159269,-13.0,0,50,0.17292,1364488.0825,True,False,wall,0.0,-3.0,-10.0
3038,159310,43.0,3,41,0.172857,980725.654,True,False,body,30.0,23.0,-10.0
3039,159384,8.0,1,74,0.172743,1882973.6989,True,False,wall,10.0,8.0,-10.0
3040,159450,-11.0,0,66,0.172642,1724012.7434,True,False,wall,0.0,-1.0,-10.0
3041,159515,-16.0,0,65,0.172542,2180882.8212,True,False,wall,0.0,-6.0,-10.0
3042,159525,-19.0,0,10,0.172527,1827826.8,True,False,wall,0.0,-9.0,-10.0
3043,159547,-1.0,0,22,0.172493,1931520.2585,True,False,wall,0.0,9.0,-10.0
3044,159556,-6.0,0,9,0.17248,766401.1354,True,False,wall,0.0,4.0,-10.0
3045,159687,9.0,1,131,0.172279,1321042.8156,True,False,wall,10.0,9.0,-10.0
3046,159708,-20.0,0,21,0.172247,1033942.4271,True,False,wall,0.0,-10.0,-10.0
3047,159873,-4.0,0,165,0.171995,1769860.0244,True,False,wall,0.0,6.0,-10.0
3048,159911,-17.0,0,38,0.171937,1394740.9951,True,False,wall,0.0,-7.0,-10.0
3049,159983,-9.0,0,72,0.171828,1180209.7782,True,False,wall,0.0,1.0,-10.0
3050,160029,-23.0,0,46,0.171758,910950.3125,True,False,wall,0.0,-13.0,-10.0
3051,160057,-1.0,0,28,0.171715,1151885.923,True,False,wall,0.0,9.0,-10.0
3052,160124,-10.0,0,67,0.171613,1240169.1642,True,False,wall,0.0,0.0,-10.0
3053,160170,-7.0,0,46,0.171543,2791035.9684,True,False,wall,0.0,3.0,-10.0
3054,160302,-9.0,0,132,0.171343,3411892.63,True,False,wall,0.0,1.0,-10.0
3055,160329,-4.0,0,27,0.171302,1589900.6204,True,False,wall,0.0,6.0,-10.0
3056,160345,-23.0,0,16,0.171278,1158066.1328,True,False,wall,0.0,-13.0,-10.0
3057,160387,-3.0,0,42,0.171214,1006645.8914,True,False,wall,0.0,7.0,-10.0
3058,160416,-24.0,0,29,0.17117,1084254.8912,True,False,wall,0.0,-14.0,-10.0
3059,160426,-19.0,0,10,0.171155,7685588.7406,True,False,wall,0.0,-9.0,-10.0
3060,160453,-14.0,0,27,0.171114,1723678.956,True,False,wall,0.0,-4.0,-10.0
3061,160550,-8.0,0,97,0.170967,1982251.4385,True,False,wall,0.0,2.0,-10.0
3062,160573,-24.0,0,23,0.170932,2141466.4837,True,False,wall,0.0,-14.0,-10.0
3063,160663,-17.0,0,90,0.170796,2245981.6448,True,False,wall,0.0,-7.0,-10.0
3064,160678,-24.0,0,15,0.170774,1101300.0458,True,False,wall,0.0,-14.0,-10.0
3065,160725,20.0,2,47,0.170703,1526358.617,True,False,wall,20.0,10.0,-10.0
3066,160735,-17.0,0,10,0.170688,1693205.8062,True,False,wall,0.0,-7.0,-10.0
3067,160759,2.0,1,24,0.170652,2829997.2135,True,False,wall,10.0,2.0,-10.0
3068,160788,-16.0,0,29,0.170608,1319659.5528,True,False,wall,0.0,-6.0,-10.0
3069,160839,-18.0,0,51,0.170531,1341108.3824,True,False,wall,0.0,-8.0,-10.0
3070,160859,-15.0,0,20,0.170501,1949867.5828,True,False,wall,0.0,-5.0,-10.0
3071,160901,-5.0,0,42,0.170438,1420325.7284,True,False,wall,0.0,5.0,-10.0
3072,160950,1.0,1,49,0.170364,1468248.8546,True,False,wall,10.0,1.0,-10.0
3073,161010,-13.0,0,60,0.170274,984012.8026,True,False,wall,0.0,-3.0,-10.0
3074,161023,-20.0,0,13,0.170254,1161067.0072,True,False,wall,0.0,-10.0,-10.0
3075,161103,-23.0,0,80,0.170134,1350322.6496,True,False,wall,0.0,-13.0,-10.0
3076,161196,-8.0,0,93,0.169994,895130.4718,True,False,wall,0.0,2.0,-10.0
3077,161312,-17.0,0,116,0.16982,1556154.9027,True,False,wall,0.0,-7.0,-10.0
3078,161337,-22.0,0,25,0.169783,1682209.2737,True,False,wall,0.0,-12.0,-10.0
3079,161422,-16.0,0,85,0.169656,1616390.6831,True,False,wall,0.0,-6.0,-10.0
3080,161575,-9.0,1,153,0.169427,1237186.659,True,False,wall,10.0,-9.0,-10.0
3081,161667,-9.0,0,92,0.16929,1413905.2418,True,False,wall,0.0,1.0,-10.0
3082,161702,-16.0,0,35,0.169238,1514466.3902,True,False,wall,0.0,-6.0,-10.0
3083,161725,-22.0,0,23,0.169204,1338765.2853,True,False,wall,0.0,-12.0,-10.0
3084,161857,-21.0,0,132,0.169007,1122229.3117,True,False,wall,0.0,-11.0,-10.0
3085,161901,-7.0,0,44,0.168942,1561617.2635,True,False,wall,0.0,3.0,-10.0
3086,161919,-11.0,0,18,0.168915,1244523.3021,True,False,wall,0.0,-1.0,-10.0
3087,161986,-12.0,0,67,0.168815,1408670.6465,True,False,wall,0.0,-2.0,-10.0
3088,162069,-18.0,0,83,0.168692,1094010.6704,True,False,wall,0.0,-8.0,-10.0
3089,162084,-24.0,0,15,0.16867,993177.4812,True,False,wall,0.0,-14.0,-10.0
3090,162144,-3.0,0,60,0.168581,1037710.782,True,False,wall,0.0,7.0,-10.0
3091,162208,-17.0,0,64,0.168486,1037626.4331,True,False,wall,0.0,-7.0,-10.0
3092,162293,-20.0,0,85,0.16836,1143820.18,True,False,wall,0.0,-10.0,-10.0
3093,162312,-18.0,0,19,0.168332,921321.1859,True,False,wall,0.0,-8.0,-10.0
3094,162327,-24.0,0,15,0.16831,622875.5375,True,False,wall,0.0,-14.0,-10.0
3095,162385,-13.0,0,58,0.168224,939630.8893,True,False,wall,0.0,-3.0,-10.0
3096,162408,-18.0,0,23,0.16819,728296.4056,True,False,wall,0.0,-8.0,-10.0
3097,162437,21.0,1,29,0.168147,874141.5884,True,False,wall,10.0,21.0,-10.0
3098,162471,-9.0,0,34,0.168097,1294061.7077,True,False,wall,0.0,1.0,-10.0
3099,162502,-20.0,0,31,0.168051,1574307.0328,True,False,wall,0.0,-10.0,-10.0
3100,162588,-13.0,0,86,0.167925,723962.6989,True,False,wall,0.0,-3.0,-10.0
3101,162666,0.0,1,78,0.16781,789833.0638,True,False,wall,10.0,0.0,-10.0
3102,162711,-10.0,0,45,0.167743,782569.7969,True,False,wall,0.0,0.0,-10.0
3103,162728,-14.0,0,17,0.167718,422160.0193,True,False,wall,0.0,-4.0,-10.0
3104,162745,13.0,1,17,0.167693,743251.6636,True,False,wall,10.0,13.0,-10.0
3105,162768,-22.0,0,23,0.167659,1477626.3546,True,False,wall,0.0,-12.0,-10.0
3106,162934,0.0,1,166,0.167416,859173.1011,True,False,wall,10.0,0.0,-10.0
3107,162992,-21.0,0,58,0.167331,839930.7037,True,False,wall,0.0,-11.0,-10.0
3108,163081,-1.0,1,89,0.1672,821812.8392,True,False,wall,10.0,-1.0,-10.0
3109,163114,-12.0,0,33,0.167152,1115676.4825,True,False,wall,0.0,-2.0,-10.0
3110,163159,5.0,1,45,0.167086,569073.6632,True,False,wall,10.0,5.0,-10.0
3111,163169,-13.0,0,10,0.167071,542393.8531,True,False,wall,0.0,-3.0,-10.0
3112,163203,-7.0,0,34,0.167021,667902.9398,True,False,wall,0.0,3.0,-10.0
3113,163220,-10.0,0,17,0.166997,885822.3778,True,False,wall,0.0,0.0,-10.0
3114,163281,-12.0,0,61,0.166907,778494.1865,True,False,wall,0.0,-2.0,-10.0
3115,163316,-20.0,0,35,0.166856,811664.9187,True,False,wall,0.0,-10.0,-10.0
3116,163429,-16.0,0,113,0.166691,713329.0928,True,False,wall,0.0,-6.0,-10.0
3117,163549,-19.0,0,120,0.166516,849130.197,True,False,wall,0.0,-9.0,-10.0
3118,163573,0.0,1,24,0.166481,626650.2943,True,False,wall,10.0,0.0,-10.0
3119,163589,-17.0,0,16,0.166458,579179.8408,True,False,wall,0.0,-7.0,-10.0
3120,163668,11.0,1,79,0.166343,1204003.8697,True,False,wall,10.0,11.0,-10.0
3121,163691,-22.0,0,23,0.16631,626433.1372,True,False,wall,0.0,-12.0,-10.0
3122,163709,-21.0,0,18,0.166284,607774.8194,True,False,wall,0.0,-11.0,-10.0
3123,163742,-22.0,0,33,0.166236,736978.7003,True,False,wall,0.0,-12.0,-10.0
3124,163977,15.0,1,235,0.165895,922609.5557,True,False,wall,10.0,15.0,-10.0
3125,164013,-15.0,0,36,0.165843,823759.543,True,False,wall,0.0,-5.0,-10.0
3126,164063,-5.0,0,50,0.16577,863297.1309,True,False,wall,0.0,5.0,-10.0
3127,164089,-17.0,0,26,0.165733,1399726.0962,True,False,wall,0.0,-7.0,-10.0
3128,164151,0.0,1,62,0.165643,967049.7931,True,False,wall,10.0,0.0,-10.0
3129,164336,5.0,1,185,0.165376,924289.8628,True,False,wall,10.0,5.0,-10.0
3130,164350,-19.0,0,14,0.165356,1455871.0781,True,False,wall,0.0,-9.0,-10.0
3131,165021,-4.0,0,671,0.164392,949569.7467,True,False,wall,0.0,6.0,-10.0
3132,165139,4.0,1,118,0.164224,651212.6331,True,False,wall,10.0,4.0,-10.0
3133,165189,-15.0,0,50,0.164152,974495.7441,True,False,wall,0.0,-5.0,-10.0
3134,165213,-17.0,0,24,0.164118,1385231.7363,True,False,wall,0.0,-7.0,-10.0
3135,165266,-10.0,0,53,0.164042,998629.7155,True,False,wall,0.0,0.0,-10.0
3136,165287,-20.0,0,21,0.164012,372319.9263,True,False,wall,0.0,-10.0,-10.0
3137,165298,-10.0,0,11,0.163997,444048.7756,True,False,wall,0.0,0.0,-10.0
3138,165373,-20.0,0,75,0.16389,941817.8054,True,False,wall,0.0,-10.0,-10.0
3139,165605,-13.0,0,232,0.16356,1178120.0657,True,False,wall,0.0,-3.0,-10.0
3140,165872,-10.0,0,267,0.163182,943748.4982,True,False,wall,0.0,0.0,-10.0
3141,165892,-15.0,0,20,0.163153,713491.443,True,False,wall,0.0,-5.0,-10.0
3142,166038,-17.0,0,146,0.162947,962002.2706,True,False,wall,0.0,-7.0,-10.0
3143,166346,-19.0,0,308,0.162513,1007524.2679,True,False,wall,0.0,-9.0,-10.0
3144,166365,-10.0,0,19,0.162486,2531155.3651,True,False,wall,0.0,0.0,-10.0
3145,166405,10.0,1,40,0.16243,1227815.2043,True,False,wall,10.0,10.0,-10.0
3146,166492,13.0,1,87,0.162308,1412268.34,True,False,wall,10.0,13.0,-10.0
3147,166515,-6.0,0,23,0.162276,1028789.1889,True,False,wall,0.0,4.0,-10.0
3148,166564,-16.0,0,49,0.162207,1122703.2959,True,False,wall,0.0,-6.0,-10.0
3149,166572,-9.0,0,8,0.162196,631095.7578,True,False,wall,0.0,1.0,-10.0
3150,166589,-14.0,0,17,0.162172,779503.7261,True,False,wall,0.0,-4.0,-10.0
3151,166671,-21.0,0,82,0.162057,828182.3194,True,False,wall,0.0,-11.0,-10.0
3152,166693,-11.0,0,22,0.162026,843809.6442,True,False,wall,0.0,-1.0,-10.0
3153,166769,-19.0,0,76,0.16192,735637.3901,True,False,wall,0.0,-9.0,-10.0
3154,166801,-5.0,0,32,0.161875,858753.4819,True,False,wall,0.0,5.0,-10.0
3155,166823,-13.0,0,22,0.161844,789743.2947,True,False,wall,0.0,-3.0,-10.0
3156,166840,-4.0,0,17,0.16182,952319.6085,True,False,wall,0.0,6.0,-10.0
3157,167779,5.0,1,939,0.160516,727917.6533,True,False,wall,10.0,5.0,-10.0
3158,167802,1.0,1,23,0.160484,537934.1529,True,False,wall,10.0,1.0,-10.0
3159,167833,-1.0,1,31,0.160441,391399.4693,True,False,wall,10.0,-1.0,-10.0
3160,167844,-2.0,0,11,0.160426,307296.3331,True,False,wall,0.0,8.0,-10.0
3161,167857,-6.0,0,13,0.160408,562578.8425,True,False,wall,0.0,4.0,-10.0
3162,167935,-17.0,0,78,0.1603,683472.6942,True,False,wall,0.0,-7.0,-10.0
3163,167948,-8.0,0,13,0.160282,426201.3305,True,False,wall,0.0,2.0,-10.0
3164,167993,-8.0,0,45,0.16022,484481.1632,True,False,wall,0.0,2.0,-10.0
3165,168121,-13.0,0,128,0.160044,710255.0981,True,False,wall,0.0,-3.0,-10.0
3166,168238,7.0,1,117,0.159883,862118.2684,True,False,wall,10.0,7.0,-10.0
3167,168276,-17.0,0,38,0.159831,515668.3816,True,False,wall,0.0,-7.0,-10.0
3168,168334,-11.0,0,58,0.159752,745517.378,True,False,wall,0.0,-1.0,-10.0
3169,168361,-4.0,0,27,0.159715,1427106.8495,True,False,wall,0.0,6.0,-10.0
3170,168404,-16.0,0,43,0.159656,834800.9833,True,False,wall,0.0,-6.0,-10.0
3171,168563,-22.0,0,159,0.159438,906059.7685,True,False,wall,0.0,-12.0,-10.0
3172,168620,1.0,1,57,0.15936,727256.1486,True,False,wall,10.0,1.0,-10.0
3173,168678,-17.0,0,58,0.159281,1157630.674,True,False,wall,0.0,-7.0,-10.0
3174,168689,-8.0,0,11,0.159266,1328064.4361,True,False,wall,0.0,2.0,-10.0
3175,168835,0.0,1,146,0.159066,729176.5847,True,False,wall,10.0,0.0,-10.0
3176,168872,-24.0,0,37,0.159016,658497.4966,True,False,wall,0.0,-14.0,-10.0
3177,168973,-8.0,0,101,0.158878,879913.5729,True,False,wall,0.0,2.0,-10.0
3178,169009,-21.0,0,36,0.158829,724924.526,True,False,wall,0.0,-11.0,-10.0
3179,169086,-7.0,1,77,0.158725,507384.3181,True,False,wall,10.0,-7.0,-10.0
3180,169114,-21.0,0,28,0.158687,504718.3956,True,False,wall,0.0,-11.0,-10.0
3181,169126,-11.0,0,12,0.15867,791621.8659,True,False,wall,0.0,-1.0,-10.0
3182,169223,-18.0,0,97,0.158539,961630.4393,True,False,wall,0.0,-8.0,-10.0
3183,169307,-17.0,0,84,0.158425,805826.0294,True,False,wall,0.0,-7.0,-10.0
3184,169379,-5.0,0,72,0.158327,600085.3435,True,False,wall,0.0,5.0,-10.0
3185,169418,-12.0,0,39,0.158275,705123.017,True,False,wall,0.0,-2.0,-10.0
3186,169465,-12.0,0,47,0.158211,756226.1257,True,False,wall,0.0,-2.0,-10.0
3187,169661,23.0,2,196,0.157946,649959.5491,True,False,wall,20.0,13.0,-10.0
3188,169741,-21.0,0,80,0.157838,693376.0832,True,False,wall,0.0,-11.0,-10.0
3189,169786,-7.0,1,45,0.157778,1102349.3951,True,False,wall,10.0,-7.0,-10.0
3190,169807,-6.0,0,21,0.157749,578033.8341,True,False,wall,0.0,4.0,-10.0
3191,169926,-3.0,1,119,0.157589,708856.3925,True,False,wall,10.0,-3.0,-10.0
3192,169951,-8.0,0,25,0.157556,1021584.0212,True,False,wall,0.0,2.0,-10.0
3193,169974,-4.0,0,23,0.157525,906049.2996,True,False,wall,0.0,6.0,-10.0
3194,170193,6.0,2,219,0.157231,846841.7829,True,False,wall,20.0,-4.0,-10.0
3195,170203,-17.0,0,10,0.157217,776237.3297,True,False,wall,0.0,-7.0,-10.0
3196,170367,4.0,1,164,0.156998,872810.6997,True,False,wall,10.0,4.0,-10.0
3197,170454,18.0,2,87,0.156881,609229.9781,True,False,wall,20.0,8.0,-10.0
3198,170471,-16.0,0,17,0.156859,630614.6434,True,False,wall,0.0,-6.0,-10.0
3199,170505,-9.0,0,34,0.156813,546323.1209,True,False,wall,0.0,1.0,-10.0
3200,170585,-4.0,1,80,0.156707,573337.7955,True,False,wall,10.0,-4.0,-10.0
3201,170610,-18.0,0,25,0.156673,458231.9241,True,False,wall,0.0,-8.0,-10.0
3202,170793,-22.0,0,183,0.156429,753200.5506,True,False,wall,0.0,-12.0,-10.0
3203,170866,-16.0,0,73,0.156332,553076.0589,True,False,wall,0.0,-6.0,-10.0
3204,170875,-18.0,0,9,0.15632,711081.3611,True,False,wall,0.0,-8.0,-10.0
3205,170950,3.0,1,75,0.156221,578136.4575,True,False,wall,10.0,3.0,-10.0
3206,171164,-15.0,0,214,0.155937,603808.5744,True,False,wall,0.0,-5.0,-10.0
3207,171188,4.0,1,24,0.155905,1213775.9814,True,False,wall,10.0,4.0,-10.0
3208,171247,-18.0,0,59,0.155827,430782.5167,True,False,wall,0.0,-8.0,-10.0
3209,171303,-9.0,0,56,0.155753,719746.445,True,False,wall,0.0,1.0,-10.0
3210,171438,40.0,2,135,0.155575,762987.875,True,False,wall,20.0,30.0,-10.0
3211,171472,-15.0,0,34,0.15553,906474.3745,True,False,wall,0.0,-5.0,-10.0
3212,171534,-13.0,0,62,0.155448,604888.639,True,False,wall,0.0,-3.0,-10.0
3213,171623,-20.0,0,89,0.155331,1095924.0571,True,False,wall,0.0,-10.0,-10.0
3214,171670,-16.0,0,47,0.155269,1031661.3404,True,False,wall,0.0,-6.0,-10.0
3215,171709,-18.0,0,39,0.155218,672199.3177,True,False,wall,0.0,-8.0,-10.0
3216,171747,-13.0,0,38,0.155168,928055.523,True,False,wall,0.0,-3.0,-10.0
3217,171810,-14.0,0,63,0.155085,687245.4611,True,False,wall,0.0,-4.0,-10.0
3218,171966,17.0,2,156,0.15488,712077.9863,True,False,wall,20.0,7.0,-10.0
3219,172192,46.0,3,226,0.154584,968046.3368,True,False,body,30.0,26.0,-10.0
3220,172249,5.0,1,57,0.15451,934968.0929,True,False,wall,10.0,5.0,-10.0
3221,172275,-17.0,0,26,0.154476,811583.3029,True,False,wall,0.0,-7.0,-10.0
3222,172285,-15.0,0,10,0.154463,592538.7719,True,False,wall,0.0,-5.0,-10.0
3223,172297,-13.0,0,12,0.154447,651378.2734,True,False,wall,0.0,-3.0,-10.0
3224,172400,-20.0,0,103,0.154313,801947.9398,True,False,wall,0.0,-10.0,-10.0
3225,172429,-18.0,0,29,0.154275,447589.354,True,False,wall,0.0,-8.0,-10.0
3226,172462,7.0,1,33,0.154232,606095.3764,True,False,wall,10.0,7.0,-10.0
3227,172508,-13.0,0,46,0.154172,738812.1573,True,False,wall,0.0,-3.0,-10.0
3228,172596,-23.0,0,88,0.154058,691494.1713,True,False,wall,0.0,-13.0,-10.0
3229,172645,-10.0,0,49,0.153994,629777.317,True,False,wall,0.0,0.0,-10.0
3230,172809,-11.0,0,164,0.153781,654271.326,True,False,wall,0.0,-1.0,-10.0
3231,172892,-20.0,0,83,0.153673,1226095.4171,True,False,wall,0.0,-10.0,-10.0
3232,172993,-16.0,0,101,0.153543,935828.9788,True,False,wall,0.0,-6.0,-10.0
3233,173028,-16.0,0,35,0.153497,1354304.025,True,False,wall,0.0,-6.0,-10.0
3234,173111,-20.0,0,83,0.15339,946904.0591,True,False,wall,0.0,-10.0,-10.0
3235,173210,-16.0,0,99,0.153262,1280134.3954,True,False,wall,0.0,-6.0,-10.0
3236,173396,4.0,1,186,0.153022,1125442.7913,True,False,wall,10.0,4.0,-10.0
3237,173418,-7.0,0,22,0.152994,806247.7699,True,False,wall,0.0,3.0,-10.0
3238,173452,-9.0,0,34,0.15295,972008.1999,True,False,wall,0.0,1.0,-10.0
3239,173542,-9.0,0,90,0.152834,867095.2483,True,False,wall,0.0,1.0,-10.0
3240,173579,-14.0,0,37,0.152787,764865.9502,True,False,wall,0.0,-4.0,-10.0
3241,173607,-5.0,0,28,0.152751,835629.9754,True,False,wall,0.0,5.0,-10.0
3242,173778,-10.0,0,171,0.152531,944701.8261,True,False,wall,0.0,0.0,-10.0
3243,173804,-19.0,0,26,0.152498,1016766.3293,True,False,wall,0.0,-9.0,-10.0
3244,173854,-13.0,0,50,0.152434,1148779.15,True,False,wall,0.0,-3.0,-10.0
3245,173986,-17.0,0,132,0.152265,705868.4847,True,False,wall,0.0,-7.0,-10.0
3246,174053,-22.0,0,67,0.15218,552962.9677,True,False,wall,0.0,-12.0,-10.0
3247,174203,-17.0,0,150,0.151988,1020081.4404,True,False,wall,0.0,-7.0,-10.0
3248,174219,4.0,1,16,0.151968,657875.2666,True,False,wall,10.0,4.0,-10.0
3249,174460,-20.0,0,241,0.151661,567727.675,True,False,wall,0.0,-10.0,-10.0
3250,174512,-5.0,0,52,0.151595,534974.4718,True,False,wall,0.0,5.0,-10.0
3251,174561,-20.0,0,49,0.151533,847866.7117,True,False,wall,0.0,-10.0,-10.0
3252,174602,-6.0,0,41,0.151481,598706.2287,True,False,wall,0.0,4.0,-10.0
3253,174629,-6.0,0,27,0.151447,587326.0394,True,False,wall,0.0,4.0,-10.0
3254,174648,2.0,0,19,0.151422,495038.0387,True,False,wall,0.0,12.0,-10.0
3255,174709,-10.0,0,61,0.151345,675211.3371,True,False,wall,0.0,0.0,-10.0
3256,174783,-10.0,1,74,0.151251,953811.609,True,False,wall,10.0,-10.0,-10.0
3257,174836,-6.0,0,53,0.151184,753965.3532,True,False,wall,0.0,4.0,-10.0
3258,174854,-17.0,0,18,0.151162,989012.9635,True,False,wall,0.0,-7.0,-10.0
3259,174873,-12.0,0,19,0.151138,997223.9655,True,False,wall,0.0,-2.0,-10.0
3260,174894,-12.0,0,21,0.151111,1263160.308,True,False,wall,0.0,-2.0,-10.0
3261,174913,-10.0,0,19,0.151087,475202.6521,True,False,wall,0.0,0.0,-10.0
3262,175058,18.0,2,145,0.150904,1195266.9387,True,False,wall,20.0,8.0,-10.0
3263,175112,-19.0,0,54,0.150836,869307.8504,True,False,wall,0.0,-9.0,-10.0
3264,175194,27.0,2,82,0.150733,731565.9606,True,False,wall,20.0,17.0,-10.0
3265,175262,-23.0,0,68,0.150647,668310.5131,True,False,wall,0.0,-13.0,-10.0
3266,175287,-18.0,0,25,0.150616,568873.87,True,False,wall,0.0,-8.0,-10.0
3267,175301,-21.0,0,14,0.150598,748453.8638,True,False,wall,0.0,-11.0,-10.0
3268,175424,-18.0,0,123,0.150443,859683.2992,True,False,wall,0.0,-8.0,-10.0
3269,175549,-8.0,0,125,0.150287,824673.6779,True,False,wall,0.0,2.0,-10.0
3270,175890,-18.0,0,341,0.14986,692330.8672,True,False,wall,0.0,-8.0,-10.0
3271,175985,30.0,2,95,0.149742,679273.9903,True,False,wall,20.0,20.0,-10.0
3272,176091,-13.0,0,106,0.149609,635592.0411,True,False,wall,0.0,-3.0,-10.0
3273,176114,9.0,1,23,0.149581,307117.8186,True,False,wall,10.0,9.0,-10.0
3274,176255,-10.0,0,141,0.149405,702584.2986,True,False,wall,0.0,0.0,-10.0
3275,176272,-20.0,0,17,0.149384,609863.4881,True,False,wall,0.0,-10.0,-10.0
3276,176378,25.0,2,106,0.149253,644371.8125,True,False,wall,20.0,15.0,-10.0
3277,176505,-18.0,0,127,0.149095,509289.1918,True,False,wall,0.0,-8.0,-10.0
3278,176522,-22.0,0,17,0.149074,437271.0726,True,False,wall,0.0,-12.0,-10.0
3279,176530,-13.0,0,8,0.149064,392633.9062,True,False,wall,0.0,-3.0,-10.0
3280,176627,-14.0,0,97,0.148944,657122.6591,True,False,wall,0.0,-4.0,-10.0
3281,176670,-12.0,0,43,0.148891,491345.726,True,False,wall,0.0,-2.0,-10.0
3282,176697,-4.0,0,27,0.148858,1109831.3478,True,False,wall,0.0,6.0,-10.0
3283,176857,-17.0,0,160,0.14866,615034.9699,True,False,wall,0.0,-7.0,-10.0
3284,176906,-16.0,0,49,0.1486,418238.8289,True,False,wall,0.0,-6.0,-10.0
3285,177071,-18.0,0,165,0.148397,619373.6465,True,False,wall,0.0,-8.0,-10.0
3286,177118,-14.0,0,47,0.148339,1309074.1243,True,False,wall,0.0,-4.0,-10.0
3287,177192,2.0,1,74,0.148248,769320.6649,True,False,wall,10.0,2.0,-10.0
3288,177224,-11.0,0,32,0.148209,608648.5952,True,False,wall,0.0,-1.0,-10.0
3289,177335,9.0,1,111,0.148073,588367.5475,True,False,wall,10.0,9.0,-10.0
3290,177377,-9.0,0,42,0.148021,493814.3823,True,False,wall,0.0,1.0,-10.0
3291,177504,-18.0,0,127,0.147866,495025.0377,True,False,wall,0.0,-8.0,-10.0
3292,177564,-11.0,0,60,0.147792,456332.9432,True,False,wall,0.0,-1.0,-10.0
3293,177671,-8.0,0,107,0.147661,460295.7545,True,False,wall,0.0,2.0,-10.0
3294,178024,-5.0,1,353,0.147232,414897.4948,True,False,wall,10.0,-5.0,-10.0
3295,178042,-3.0,0,18,0.14721,553695.2465,True,False,wall,0.0,7.0,-10.0
3296,178163,-16.0,0,121,0.147063,422198.7392,True,False,wall,0.0,-6.0,-10.0
3297,178240,-5.0,1,77,0.146969,492387.6465,True,False,wall,10.0,-5.0,-10.0
3298,178264,-15.0,0,24,0.14694,659354.2578,True,False,wall,0.0,-5.0,-10.0
3299,178516,-21.0,0,252,0.146635,702456.71,True,False,wall,0.0,-11.0,-10.0
3300,178551,-18.0,0,35,0.146593,594233.99,True,False,wall,0.0,-8.0,-10.0
3301,178693,-7.0,0,142,0.146422,600711.0091,True,False,wall,0.0,3.0,-10.0
3302,178749,-13.0,0,56,0.146354,583583.9975,True,False,wall,0.0,-3.0,-10.0
3303,179142,-12.0,0,393,0.145882,817103.0946,True,False,wall,0.0,-2.0,-10.0
3304,179340,21.0,2,198,0.145645,585648.7942,True,False,wall,20.0,11.0,-10.0
3305,179375,-12.0,0,35,0.145603,621921.0437,True,False,wall,0.0,-2.0,-10.0
3306,179456,-14.0,0,81,0.145507,591516.1538,True,False,wall,0.0,-4.0,-10.0
3307,179534,-13.0,0,78,0.145413,549499.1129,True,False,wall,0.0,-3.0,-10.0
3308,179583,-18.0,0,49,0.145355,993339.2433,True,False,wall,0.0,-8.0,-10.0
3309,179733,4.0,1,150,0.145176,754439.6164,True,False,wall,10.0,4.0,-10.0
3310,180082,-10.0,0,349,0.144762,604758.2318,True,False,wall,0.0,0.0,-10.0
3311,180140,-7.0,0,58,0.144693,608570.4569,True,False,wall,0.0,3.0,-10.0
3312,180153,-12.0,0,13,0.144678,644333.2272,True,False,wall,0.0,-2.0,-10.0
3313,180200,5.0,1,47,0.144622,1050569.061,True,False,wall,10.0,5.0,-10.0
3314,180256,-21.0,0,56,0.144556,476730.9367,True,False,wall,0.0,-11.0,-10.0
3315,180296,-23.0,0,40,0.144509,517121.0156,True,False,wall,0.0,-13.0,-10.0
3316,180463,-12.0,0,167,0.144312,761581.8338,True,False,wall,0.0,-2.0,-10.0
3317,180508,-2.0,0,45,0.144259,415778.0554,True,False,wall,0.0,8.0,-10.0
3318,181091,-12.0,0,583,0.143574,599787.5836,True,False,wall,0.0,-2.0,-10.0
3319,181123,-23.0,0,32,0.143537,357654.3909,True,False,wall,0.0,-13.0,-10.0
3320,181173,-19.0,0,50,0.143479,482221.4889,True,False,wall,0.0,-9.0,-10.0
3321,181243,-21.0,0,70,0.143397,332623.7988,True,False,wall,0.0,-11.0,-10.0
3322,181642,5.0,1,399,0.142932,480956.3821,True,False,wall,10.0,5.0,-10.0
3323,181697,-6.0,0,55,0.142868,421080.1932,True,False,wall,0.0,4.0,-10.0
3324,181736,-10.0,0,39,0.142823,838934.0639,True,False,wall,0.0,0.0,-10.0
3325,181781,-16.0,0,45,0.142771,433714.2681,True,False,wall,0.0,-6.0,-10.0
3326,181886,13.0,1,105,0.142649,370226.5573,True,False,wall,10.0,13.0,-10.0
3327,181950,-13.0,0,64,0.142575,351620.7872,True,False,wall,0.0,-3.0,-10.0
3328,181981,-8.0,0,31,0.142539,324590.1593,True,False,wall,0.0,2.0,-10.0
3329,182063,-11.0,0,82,0.142444,470935.2583,True,False,wall,0.0,-1.0,-10.0
3330,182191,-11.0,0,128,0.142297,550345.792,True,False,wall,0.0,-1.0,-10.0
3331,182219,-17.0,0,28,0.142264,458740.4919,True,False,wall,0.0,-7.0,-10.0
3332,182251,-5.0,0,32,0.142227,423313.7888,True,False,wall,0.0,5.0,-10.0
3333,182281,0.0,1,30,0.142193,759353.2016,True,False,wall,10.0,0.0,-10.0
3334,182309,2.0,1,28,0.142161,315718.3835,True,False,wall,10.0,2.0,-10.0
3335,182413,-23.0,0,104,0.142041,636118.9831,True,False,wall,0.0,-13.0,-10.0
3336,182466,-14.0,0,53,0.14198,467953.6851,True,False,wall,0.0,-4.0,-10.0
3337,182479,-20.0,0,13,0.141965,299766.1593,True,False,wall,0.0,-10.0,-10.0
3338,182662,5.0,1,183,0.141755,490504.3298,True,False,wall,10.0,5.0,-10.0
3339,182731,-20.0,0,69,0.141676,376684.357,True,False,wall,0.0,-10.0,-10.0
3340,182930,-7.0,1,199,0.141448,1063638.1216,True,False,wall,10.0,-7.0,-10.0
3341,182974,-15.0,0,44,0.141398,667383.7638,True,False,wall,0.0,-5.0,-10.0
3342,183105,1.0,1,131,0.141248,861997.3553,True,False,wall,10.0,1.0,-10.0
3343,183133,-17.0,0,28,0.141216,441145.9263,True,False,wall,0.0,-7.0,-10.0
3344,183290,7.0,1,157,0.141037,583178.9479,True,False,wall,10.0,7.0,-10.0
3345,183324,-19.0,0,34,0.140999,1610277.2385,True,False,wall,0.0,-9.0,-10.0
3346,183358,-17.0,0,34,0.14096,395094.5273,True,False,wall,0.0,-7.0,-10.0
3347,183371,-14.0,0,13,0.140945,647783.3798,True,False,wall,0.0,-4.0,-10.0
3348,183424,-20.0,0,53,0.140885,443387.9517,True,False,wall,0.0,-10.0,-10.0
3349,183433,-16.0,0,9,0.140875,565581.6571,True,False,wall,0.0,-6.0,-10.0
3350,183525,-11.0,0,92,0.14077,427467.5398,True,False,wall,0.0,-1.0,-10.0
3351,183546,-16.0,0,21,0.140746,272679.266,True,False,wall,0.0,-6.0,-10.0
3352,183563,-10.0,0,17,0.140727,1784897.5193,True,False,wall,0.0,0.0,-10.0
3353,183625,-11.0,0,62,0.140657,504605.2643,True,False,wall,0.0,-1.0,-10.0
3354,183650,-20.0,0,25,0.140629,724569.23,True,False,wall,0.0,-10.0,-10.0
3355,183712,-19.0,0,62,0.140558,324399.5529,True,False,wall,0.0,-9.0,-10.0
3356,183762,-6.0,1,50,0.140502,769497.1713,True,False,wall,10.0,-6.0,-10.0
3357,183788,-7.0,0,26,0.140472,1129917.3032,True,False,wall,0.0,3.0,-10.0
3358,184046,27.0,2,258,0.140181,539895.4687,True,False,wall,20.0,17.0,-10.0
3359,184081,-14.0,0,35,0.140142,448950.3114,True,False,wall,0.0,-4.0,-10.0
3360,184198,11.0,1,117,0.14001,694937.3261,True,False,wall,10.0,11.0,-10.0
3361,184303,-16.0,0,105,0.139892,420628.5102,True,False,wall,0.0,-6.0,-10.0
3362,184330,9.0,1,27,0.139862,752990.2263,True,False,wall,10.0,9.0,-10.0
3363,184712,19.0,2,382,0.139433,453919.1281,True,False,wall,20.0,9.0,-10.0
3364,184786,-9.0,0,74,0.139351,437237.7299,True,False,wall,0.0,1.0,-10.0
3365,184877,3.0,1,91,0.139249,513698.1994,True,False,wall,10.0,3.0,-10.0
3366,184897,-9.0,0,20,0.139227,1058144.5445,True,False,wall,0.0,1.0,-10.0
3367,184938,-16.0,0,41,0.139181,449745.1829,True,False,wall,0.0,-6.0,-10.0
3368,184986,-23.0,0,48,0.139128,1513615.412,True,False,wall,0.0,-13.0,-10.0
3369,185045,-20.0,0,59,0.139062,566059.8166,True,False,wall,0.0,-10.0,-10.0
3370,185065,10.0,1,20,0.13904,692549.8939,True,False,wall,10.0,10.0,-10.0
3371,185084,15.0,1,19,0.139019,618095.09,True,False,wall,10.0,15.0,-10.0
3372,185101,-12.0,0,17,0.139,280789.5615,True,False,wall,0.0,-2.0,-10.0
3373,185145,4.0,1,44,0.138951,626314.8086,True,False,wall,10.0,4.0,-10.0
3374,185161,-7.0,0,16,0.138933,397686.7905,True,False,wall,0.0,3.0,-10.0
3375,185298,5.0,1,137,0.138781,547841.3604,True,False,wall,10.0,5.0,-10.0
3376,185405,5.0,1,107,0.138662,618665.4834,True,False,wall,10.0,5.0,-10.0
3377,185515,-4.0,1,110,0.13854,300393.1196,True,False,wall,10.0,-4.0,-10.0
3378,185708,-18.0,0,193,0.138327,328630.2175,True,False,wall,0.0,-8.0,-10.0
3379,185783,-22.0,0,75,0.138244,530668.2583,True,False,wall,0.0,-12.0,-10.0
3380,185812,-24.0,0,29,0.138212,385522.5612,True,False,wall,0.0,-14.0,-10.0
3381,185890,-19.0,0,78,0.138126,355420.9405,True,False,wall,0.0,-9.0,-10.0
3382,185907,-6.0,0,17,0.138107,324649.3254,True,False,wall,0.0,4.0,-10.0
3383,185931,-7.0,0,24,0.138081,349962.2122,True,False,wall,0.0,3.0,-10.0
3384,185959,-15.0,0,28,0.13805,312209.3809,True,False,wall,0.0,-5.0,-10.0
3385,185988,-6.0,0,29,0.138018,253237.9029,True,False,wall,0.0,4.0,-10.0
3386,186001,-6.0,0,13,0.138004,350667.564,True,False,wall,0.0,4.0,-10.0
3387,186689,-21.0,0,688,0.13725,422940.5235,True,False,wall,0.0,-11.0,-10.0
3388,186767,-6.0,1,78,0.137165,343691.6891,True,False,wall,10.0,-6.0,-10.0
3389,186878,-16.0,0,111,0.137045,417246.0339,True,False,wall,0.0,-6.0,-10.0
3390,186954,-21.0,0,76,0.136962,245149.7207,True,False,wall,0.0,-11.0,-10.0
3391,187029,-20.0,0,75,0.13688,263358.8226,True,False,wall,0.0,-10.0,-10.0
3392,187063,-7.0,0,34,0.136843,266986.4208,True,False,wall,0.0,3.0,-10.0
3393,187081,-7.0,0,18,0.136824,215606.6354,True,False,wall,0.0,3.0,-10.0
3394,187102,0.0,0,21,0.136801,241492.6663,True,False,wall,0.0,10.0,-10.0
3395,187133,-20.0,0,31,0.136768,459399.8744,True,False,wall,0.0,-10.0,-10.0
3396,187302,-22.0,0,169,0.136584,466114.9258,True,False,wall,0.0,-12.0,-10.0
3397,187366,-13.0,0,64,0.136515,261773.9683,True,False,wall,0.0,-3.0,-10.0
3398,187395,-18.0,0,29,0.136484,499065.6308,True,False,wall,0.0,-8.0,-10.0
3399,187553,-21.0,0,158,0.136313,360340.3547,True,False,wall,0.0,-11.0,-10.0
3400,187693,-9.0,0,140,0.136162,532732.2316,True,False,wall,0.0,1.0,-10.0
3401,187726,-16.0,0,33,0.136127,314427.5812,True,False,wall,0.0,-6.0,-10.0
3402,187883,-12.0,0,157,0.135958,223271.2969,True,False,wall,0.0,-2.0,-10.0
3403,188103,-5.0,0,220,0.135722,342651.7072,True,False,wall,0.0,5.0,-10.0
3404,188172,-16.0,0,69,0.135648,239962.1689,True,False,wall,0.0,-6.0,-10.0
3405,188388,-21.0,0,216,0.135417,493531.5666,True,False,wall,0.0,-11.0,-10.0
3406,188425,-12.0,0,37,0.135377,371977.7479,True,False,wall,0.0,-2.0,-10.0
3407,188450,-12.0,0,25,0.135351,293126.2639,True,False,wall,0.0,-2.0,-10.0
3408,188581,-16.0,0,131,0.135211,290848.2048,True,False,wall,0.0,-6.0,-10.0
3409,188624,-20.0,0,43,0.135165,288930.8956,True,False,wall,0.0,-10.0,-10.0
3410,188660,-23.0,0,36,0.135127,442388.1163,True,False,wall,0.0,-13.0,-10.0
3411,188751,-14.0,0,91,0.13503,393908.8231,True,False,wall,0.0,-4.0,-10.0
3412,188859,14.0,1,108,0.134916,164270.5735,True,False,wall,10.0,14.0,-10.0
3413,188921,-21.0,0,62,0.13485,248745.0866,True,False,wall,0.0,-11.0,-10.0
3414,188959,-23.0,0,38,0.134809,330600.0975,True,False,wall,0.0,-13.0,-10.0
3415,188984,-1.0,1,25,0.134783,265387.037,True,False,wall,10.0,-1.0,-10.0
3416,188993,-16.0,0,9,0.134773,337798.8767,True,False,wall,0.0,-6.0,-10.0
3417,189017,-17.0,0,24,0.134748,585015.8441,True,False,wall,0.0,-7.0,-10.0
3418,189030,-18.0,0,13,0.134734,175689.457,True,False,wall,0.0,-8.0,-10.0
3419,189086,2.0,1,56,0.134675,266773.4432,True,False,wall,10.0,2.0,-10.0
3420,189131,-10.0,0,45,0.134627,266668.3498,True,False,wall,0.0,0.0,-10.0
3421,189225,14.0,1,94,0.134528,275760.2454,True,False,wall,10.0,14.0,-10.0
3422,189258,-10.0,0,33,0.134493,430036.4444,True,False,wall,0.0,0.0,-10.0
3423,189382,-17.0,0,124,0.134362,387318.4081,True,False,wall,0.0,-7.0,-10.0
3424,189445,7.0,1,63,0.134296,295968.9328,True,False,wall,10.0,7.0,-10.0
3425,189518,9.0,1,73,0.134219,553909.5183,True,False,wall,10.0,9.0,-10.0
3426,189587,-20.0,0,69,0.134146,314931.4541,True,False,wall,0.0,-10.0,-10.0
3427,189624,-10.0,0,37,0.134107,399960.2798,True,False,wall,0.0,0.0,-10.0
3428,189647,-6.0,0,23,0.134083,316164.1977,True,False,wall,0.0,4.0,-10.0
3429,189664,-20.0,0,17,0.134065,595464.7863,True,False,wall,0.0,-10.0,-10.0
3430,189759,-16.0,0,95,0.133966,250892.0988,True,False,wall,0.0,-6.0,-10.0
3431,189833,-19.0,0,74,0.133888,242396.0078,True,False,wall,0.0,-9.0,-10.0
3432,189894,-24.0,0,61,0.133824,247739.5786,True,False,wall,0.0,-14.0,-10.0
3433,189927,-14.0,0,33,0.133789,235596.6267,True,False,wall,0.0,-4.0,-10.0
3434,189985,-3.0,0,58,0.133729,198933.1259,True,False,wall,0.0,7.0,-10.0
3435,190054,-1.0,1,69,0.133657,175142.1972,True,False,wall,10.0,-1.0,-10.0
3436,190097,-6.0,0,43,0.133612,282510.3759,True,False,wall,0.0,4.0,-10.0
3437,190127,-7.0,0,30,0.13358,303864.4053,True,False,wall,0.0,3.0,-10.0
3438,190160,-10.0,0,33,0.133546,595852.7454,True,False,wall,0.0,0.0,-10.0
3439,190233,-20.0,0,73,0.13347,269742.2231,True,False,wall,0.0,-10.0,-10.0
3440,190323,0.0,1,90,0.133376,421206.4638,True,False,wall,10.0,0.0,-10.0
3441,190359,-5.0,0,36,0.133338,470605.4368,True,False,wall,0.0,5.0,-10.0
3442,190371,-15.0,0,12,0.133326,344608.9928,True,False,wall,0.0,-5.0,-10.0
3443,190411,-17.0,0,40,0.133284,425699.2376,True,False,wall,0.0,-7.0,-10.0
3444,190444,-20.0,0,33,0.13325,521336.4403,True,False,wall,0.0,-10.0,-10.0
3445,190497,-14.0,0,53,0.133195,575656.4037,True,False,wall,0.0,-4.0,-10.0
3446,190558,-12.0,0,61,0.133131,478861.5209,True,False,wall,0.0,-2.0,-10.0
3447,190593,-7.0,1,35,0.133095,293466.3177,True,False,wall,10.0,-7.0,-10.0
3448,190667,-23.0,0,74,0.133018,280481.5672,True,False,wall,0.0,-13.0,-10.0
3449,190723,14.0,1,56,0.13296,251009.9485,True,False,wall,10.0,14.0,-10.0
3450,190758,-7.0,1,35,0.132924,262236.6251,True,False,wall,10.0,-7.0,-10.0
3451,190852,-19.0,0,94,0.132826,287042.0607,True,False,wall,0.0,-9.0,-10.0
3452,190885,-2.0,0,33,0.132792,153314.2409,True,False,wall,0.0,8.0,-10.0
3453,191096,-10.0,0,211,0.132574,231275.8732,True,False,wall,0.0,0.0,-10.0
3454,191123,-20.0,0,27,0.132546,114288.6247,True,False,wall,0.0,-10.0,-10.0
3455,191310,30.0,2,187,0.132353,288741.1925,True,False,wall,20.0,20.0,-10.0
3456,191392,6.0,1,82,0.132269,206479.3948,True,False,wall,10.0,6.0,-10.0
3457,191412,-17.0,0,20,0.132248,210682.2045,True,False,wall,0.0,-7.0,-10.0
3458,191427,-12.0,0,15,0.132233,129948.7854,True,False,wall,0.0,-2.0,-10.0
3459,191443,-7.0,0,16,0.132217,314832.2207,True,False,wall,0.0,3.0,-10.0
3460,191550,3.0,1,107,0.132107,150816.3242,True,False,wall,10.0,3.0,-10.0
3461,191579,-6.0,0,29,0.132077,152577.0012,True,False,wall,0.0,4.0,-10.0
3462,191607,-11.0,0,28,0.132048,139223.8741,True,False,wall,0.0,-1.0,-10.0
3463,191778,-18.0,0,171,0.131873,195337.5166,True,False,wall,0.0,-8.0,-10.0
3464,191823,-18.0,0,45,0.131827,139556.49,True,False,wall,0.0,-8.0,-10.0
3465,191861,-15.0,0,38,0.131788,112370.0196,True,False,wall,0.0,-5.0,-10.0
3466,191888,-14.0,0,27,0.131761,95823.0501,True,False,wall,0.0,-4.0,-10.0
3467,191989,-16.0,0,101,0.131657,138253.1499,True,False,wall,0.0,-6.0,-10.0
3468,192004,-16.0,0,15,0.131642,147785.0773,True,False,wall,0.0,-6.0,-10.0
3469,192030,0.0,1,26,0.131616,88871.6446,True,False,wall,10.0,0.0,-10.0
3470,192170,-13.0,0,140,0.131473,166288.7249,True,False,wall,0.0,-3.0,-10.0
3471,192203,-16.0,0,33,0.131439,358965.4318,True,False,wall,0.0,-6.0,-10.0
3472,192240,5.0,1,37,0.131402,95088.5844,True,False,wall,10.0,5.0,-10.0
3473,192248,-17.0,0,8,0.131393,127624.6685,True,False,wall,0.0,-7.0,-10.0
3474,192312,-19.0,0,64,0.131328,94864.6803,True,False,wall,0.0,-9.0,-10.0
3475,192543,-1.0,1,231,0.131094,108510.9328,True,False,wall,10.0,-1.0,-10.0
3476,192685,-19.0,0,142,0.13095,85416.7663,True,False,wall,0.0,-9.0,-10.0
3477,192703,-15.0,0,18,0.130932,321778.7322,True,False,wall,0.0,-5.0,-10.0
3478,192788,-12.0,0,85,0.130846,106104.8577,True,False,wall,0.0,-2.0,-10.0
3479,192810,-15.0,0,22,0.130824,114746.1643,True,False,wall,0.0,-5.0,-10.0
3480,192877,-14.0,0,67,0.130756,94526.2527,True,False,wall,0.0,-4.0,-10.0
3481,192888,-10.0,0,11,0.130745,65532.1962,True,False,wall,0.0,0.0,-10.0
3482,192922,-19.0,0,34,0.130711,73084.6195,True,False,wall,0.0,-9.0,-10.0
3483,192964,-2.0,1,42,0.130668,94150.1839,True,False,wall,10.0,-2.0,-10.0
3484,193059,-16.0,0,95,0.130572,73536.6179,True,False,wall,0.0,-6.0,-10.0
3485,193095,-17.0,0,36,0.130536,65508.2076,True,False,wall,0.0,-7.0,-10.0
3486,193223,8.0,1,128,0.130407,61344.3679,True,False,wall,10.0,8.0,-10.0
3487,193250,-22.0,0,27,0.13038,48946.0598,True,False,wall,0.0,-12.0,-10.0
3488,193294,-15.0,0,44,0.130336,59925.3444,True,False,wall,0.0,-5.0,-10.0
3489,193335,-18.0,0,41,0.130295,63433.8396,True,False,wall,0.0,-8.0,-10.0
3490,193359,-7.0,0,24,0.130271,67421.899,True,False,wall,0.0,3.0,-10.0
3491,193384,-14.0,0,25,0.130246,59947.6584,True,False,wall,0.0,-4.0,-10.0
3492,193401,-18.0,0,17,0.130229,72287.2629,True,False,wall,0.0,-8.0,-10.0
3493,193463,2.0,1,62,0.130167,64587.6316,True,False,wall,10.0,2.0,-10.0
3494,193475,-11.0,0,12,0.130155,39366.5969,True,False,wall,0.0,-1.0,-10.0
3495,193613,-15.0,0,138,0.130016,64592.7956,True,False,wall,0.0,-5.0,-10.0
3496,193643,-11.0,0,30,0.129986,57229.4333,True,False,wall,0.0,-1.0,-10.0
3497,193662,-18.0,0,19,0.129967,79683.7961,True,False,wall,0.0,-8.0,-10.0
3498,193712,12.0,1,50,0.129917,42877.2868,True,False,wall,10.0,12.0,-10.0
3499,193774,-23.0,0,62,0.129856,97037.9492,True,False,wall,0.0,-13.0,-10.0
3500,193851,-18.0,0,77,0.129779,73248.9427,True,False,wall,0.0,-8.0,-10.0
3501,193868,-12.0,0,17,0.129762,75635.6103,True,False,wall,0.0,-2.0,-10.0
3502,193943,-6.0,0,75,0.129687,97251.5406,True,False,wall,0.0,4.0,-10.0
3503,193960,-18.0,0,17,0.12967,45193.4571,True,False,wall,0.0,-8.0,-10.0
3504,194068,6.0,1,108,0.129563,104988.4023,True,False,wall,10.0,6.0,-10.0
3505,194141,1.0,1,73,0.12949,60055.0502,True,False,wall,10.0,1.0,-10.0
3506,194163,-7.0,0,22,0.129468,109292.9642,True,False,wall,0.0,3.0,-10.0
3507,194267,4.0,1,104,0.129365,71108.9039,True,False,wall,10.0,4.0,-10.0
3508,194428,7.0,1,161,0.129205,76295.81,True,False,wall,10.0,7.0,-10.0
3509,194491,11.0,1,63,0.129143,64160.3593,True,False,wall,10.0,11.0,-10.0
3510,194612,-11.0,1,121,0.129023,56680.5249,True,False,wall,10.0,-11.0,-10.0
3511,194695,-8.0,0,83,0.128942,64717.7276,True,False,wall,0.0,2.0,-10.0
3512,194735,-19.0,0,40,0.128902,72433.6294,True,False,wall,0.0,-9.0,-10.0
3513,194802,1.0,1,67,0.128836,60109.83,True,False,wall,10.0,1.0,-10.0
3514,194865,-6.0,0,63,0.128774,55332.4063,True,False,wall,0.0,4.0,-10.0
3515,194889,6.0,1,24,0.12875,55047.3153,True,False,wall,10.0,6.0,-10.0
3516,194950,-14.0,0,61,0.12869,70853.9475,True,False,wall,0.0,-4.0,-10.0
3517,194972,-13.0,0,22,0.128669,39460.5489,True,False,wall,0.0,-3.0,-10.0
3518,195015,-20.0,0,43,0.128626,71595.7969,True,False,wall,0.0,-10.0,-10.0
3519,195086,-10.0,0,71,0.128557,57709.5774,True,False,wall,0.0,0.0,-10.0
3520,195127,-18.0,0,41,0.128516,51608.3841,True,False,wall,0.0,-8.0,-10.0
3521,195149,-9.0,0,22,0.128495,72940.2812,True,False,wall,0.0,1.0,-10.0
3522,195173,-13.0,0,24,0.128471,78416.0704,True,False,wall,0.0,-3.0,-10.0
3523,195270,9.0,1,97,0.128376,51054.6637,True,False,wall,10.0,9.0,-10.0
3524,195374,8.0,1,104,0.128274,57829.7511,True,False,wall,10.0,8.0,-10.0
3525,195403,-14.0,0,29,0.128246,63982.0223,True,False,wall,0.0,-4.0,-10.0
3526,195465,0.0,1,62,0.128185,94985.5152,True,False,wall,10.0,0.0,-10.0
3527,195483,-15.0,0,18,0.128168,111751.1827,True,False,wall,0.0,-5.0,-10.0
3528,195508,-16.0,0,25,0.128143,62606.2814,True,False,wall,0.0,-6.0,-10.0
3529,195600,-13.0,0,92,0.128054,59640.066,True,False,wall,0.0,-3.0,-10.0
3530,195627,11.0,1,27,0.128027,28578.8844,True,False,wall,10.0,11.0,-10.0
3531,195690,-22.0,0,63,0.127966,45964.6917,True,False,wall,0.0,-12.0,-10.0
3532,195767,7.0,1,77,0.127891,64264.3013,True,False,wall,10.0,7.0,-10.0
3533,195791,-21.0,0,24,0.127867,66422.9449,True,False,wall,0.0,-11.0,-10.0
3534,195904,-22.0,0,113,0.127757,63160.2308,True,False,wall,0.0,-12.0,-10.0
3535,196257,-24.0,0,353,0.127415,73716.444,True,False,wall,0.0,-14.0,-10.0
3536,196376,5.0,1,119,0.1273,76263.9419,True,False,wall,10.0,5.0,-10.0
3537,196386,-11.0,0,10,0.12729,59680.8145,True,False,wall,0.0,-1.0,-10.0
3538,196425,-16.0,0,39,0.127253,67598.7935,True,False,wall,0.0,-6.0,-10.0
3539,196452,-22.0,0,27,0.127227,56847.0498,True,False,wall,0.0,-12.0,-10.0
3540,196490,-5.0,0,38,0.12719,54202.3231,True,False,wall,0.0,5.0,-10.0
3541,196555,-16.0,0,65,0.127127,49795.1471,True,False,wall,0.0,-6.0,-10.0
3542,196599,12.0,1,44,0.127085,43010.818,True,False,wall,10.0,12.0,-10.0
3543,196696,-16.0,0,97,0.126991,57401.2593,True,False,wall,0.0,-6.0,-10.0
3544,196998,-17.0,0,302,0.126701,38408.4767,True,False,wall,0.0,-7.0,-10.0
3545,197068,-19.0,0,70,0.126634,36559.3403,True,False,wall,0.0,-9.0,-10.0
3546,197106,-10.0,1,38,0.126598,45433.7994,True,False,wall,10.0,-10.0,-10.0
3547,197212,-15.0,0,106,0.126496,51989.8412,True,False,wall,0.0,-5.0,-10.0
3548,197244,8.0,1,32,0.126466,48300.1472,True,False,wall,10.0,8.0,-10.0
3549,197273,-20.0,0,29,0.126438,58456.0455,True,False,wall,0.0,-10.0,-10.0
3550,197318,9.0,1,45,0.126395,44765.4554,True,False,wall,10.0,9.0,-10.0
3551,197368,8.0,1,50,0.126347,61565.566,True,False,wall,10.0,8.0,-10.0
3552,197452,-9.0,0,84,0.126267,67118.443,True,False,wall,0.0,1.0,-10.0
3553,197514,-15.0,0,62,0.126208,44283.0038,True,False,wall,0.0,-5.0,-10.0
3554,197531,-16.0,0,17,0.126192,79837.4542,True,False,wall,0.0,-6.0,-10.0
3555,197568,-6.0,0,37,0.126157,44443.6753,True,False,wall,0.0,4.0,-10.0
3556,197614,-15.0,0,46,0.126113,50061.882,True,False,wall,0.0,-5.0,-10.0
3557,197624,-6.0,1,10,0.126104,42455.2936,True,False,wall,10.0,-6.0,-10.0
3558,197658,-19.0,0,34,0.126071,46274.465,True,False,wall,0.0,-9.0,-10.0
3559,197703,-2.0,0,45,0.126028,52885.1749,True,False,wall,0.0,8.0,-10.0
3560,197746,-20.0,0,43,0.125988,45495.5435,True,False,wall,0.0,-10.0,-10.0
3561,197829,-1.0,1,83,0.125909,37230.2427,True,False,wall,10.0,-1.0,-10.0
3562,197915,19.0,2,86,0.125827,24937.3906,True,False,wall,20.0,9.0,-10.0
3563,197939,-21.0,0,24,0.125804,134517.7236,True,False,wall,0.0,-11.0,-10.0
3564,198216,-10.0,0,277,0.125542,44968.1623,True,False,wall,0.0,0.0,-10.0
3565,198239,-2.0,0,23,0.125521,56161.4933,True,False,wall,0.0,8.0,-10.0
3566,198263,-15.0,0,24,0.125498,58196.1625,True,False,wall,0.0,-5.0,-10.0
3567,198291,4.0,1,28,0.125472,51281.8628,True,False,wall,10.0,4.0,-10.0
3568,198350,-14.0,0,59,0.125416,85642.0817,True,False,wall,0.0,-4.0,-10.0
3569,198492,-23.0,0,142,0.125282,42335.1315,True,False,wall,0.0,-13.0,-10.0
3570,198558,-17.0,0,66,0.12522,63411.1182,True,False,wall,0.0,-7.0,-10.0
3571,198589,-6.0,0,31,0.125191,56413.4901,True,False,wall,0.0,4.0,-10.0
3572,198641,4.0,1,52,0.125142,62129.8571,True,False,wall,10.0,4.0,-10.0
3573,198689,-9.0,0,48,0.125097,54767.5598,True,False,wall,0.0,1.0,-10.0
3574,198884,-12.0,0,195,0.124914,47105.2457,True,False,wall,0.0,-2.0,-10.0
3575,198915,-18.0,0,31,0.124885,40081.6769,True,False,wall,0.0,-8.0,-10.0
3576,199020,-10.0,0,105,0.124787,56342.7083,True,False,wall,0.0,0.0,-10.0
3577,199034,-3.0,0,14,0.124774,71742.0518,True,False,wall,0.0,7.0,-10.0
3578,199101,3.0,1,67,0.124711,95095.1388,True,False,wall,10.0,3.0,-10.0
3579,199112,-14.0,0,11,0.124701,76716.1424,True,False,wall,0.0,-4.0,-10.0
3580,199221,3.0,1,109,0.124599,59171.8965,True,False,wall,10.0,3.0,-10.0
3581,199324,-5.0,1,103,0.124503,59276.1663,True,False,wall,10.0,-5.0,-10.0
3582,199394,10.0,1,70,0.124438,42585.4641,True,False,wall,10.0,10.0,-10.0
3583,199587,-8.0,0,193,0.124259,47703.9128,True,False,wall,0.0,2.0,-10.0
3584,199850,-6.0,0,263,0.124015,33678.3557,True,False,wall,0.0,4.0,-10.0
3585,200041,1.0,1,191,0.123839,45861.5579,True,False,wall,10.0,1.0,-10.0
3586,200071,-17.0,0,30,0.123811,55459.6185,True,False,wall,0.0,-7.0,-10.0
3587,200213,-2.0,1,142,0.12368,56506.2537,True,False,wall,10.0,-2.0,-10.0
3588,200269,-17.0,0,56,0.123629,60385.5022,True,False,wall,0.0,-7.0,-10.0
3589,200316,-10.0,0,47,0.123585,55731.8799,True,False,wall,0.0,0.0,-10.0
3590,200337,-16.0,0,21,0.123566,69754.7291,True,False,wall,0.0,-6.0,-10.0
3591,200426,24.0,2,89,0.123484,60438.5995,True,False,wall,20.0,14.0,-10.0
3592,200505,11.0,1,79,0.123412,73937.3039,True,False,wall,10.0,11.0,-10.0
3593,200546,-16.0,0,41,0.123374,129482.7392,True,False,wall,0.0,-6.0,-10.0
3594,201095,1.0,1,549,0.122872,41851.938,True,False,wall,10.0,1.0,-10.0
3595,201123,10.0,1,28,0.122847,19164.2012,True,False,wall,10.0,10.0,-10.0
3596,201138,-14.0,0,15,0.122833,19518.9861,True,False,wall,0.0,-4.0,-10.0
3597,201279,-4.0,0,141,0.122705,26502.7372,True,False,wall,0.0,6.0,-10.0
3598,201334,-14.0,0,55,0.122655,28469.293,True,False,wall,0.0,-4.0,-10.0
3599,201343,-16.0,0,9,0.122647,21428.0278,True,False,wall,0.0,-6.0,-10.0
3600,201363,17.0,2,20,0.122628,28506.6228,True,False,wall,20.0,7.0,-10.0
3601,201528,10.0,2,165,0.122479,32722.0019,True,False,wall,20.0,0.0,-10.0
3602,201603,15.0,1,75,0.122411,34995.0105,True,False,wall,10.0,15.0,-10.0
3603,201616,-22.0,0,13,0.122399,22409.143,True,False,wall,0.0,-12.0,-10.0
3604,201908,-2.0,1,292,0.122135,40216.1398,True,False,wall,10.0,-2.0,-10.0
3605,201922,-23.0,0,14,0.122123,71983.112,True,False,wall,0.0,-13.0,-10.0
3606,201946,-9.0,0,24,0.122101,47970.6683,True,False,wall,0.0,1.0,-10.0
3607,202013,-18.0,0,67,0.122041,39103.9173,True,False,wall,0.0,-8.0,-10.0
3608,202342,1.0,1,329,0.121745,153586.9024,True,False,wall,10.0,1.0,-10.0
3609,202414,22.0,1,72,0.121681,114565.2799,True,False,wall,10.0,22.0,-10.0
3610,202424,-13.0,0,10,0.121672,93675.6771,True,False,wall,0.0,-3.0,-10.0
3611,202504,-9.0,0,80,0.1216,70056.4999,True,False,wall,0.0,1.0,-10.0
3612,202574,-3.0,0,70,0.121537,70822.2228,True,False,wall,0.0,7.0,-10.0
3613,202686,-23.0,0,112,0.121437,38067.3472,True,False,wall,0.0,-13.0,-10.0
3614,202830,-11.0,0,144,0.121309,48611.6101,True,False,wall,0.0,-1.0,-10.0
3615,202886,-21.0,0,56,0.121259,31520.3809,True,False,wall,0.0,-11.0,-10.0
3616,202934,-17.0,0,48,0.121216,22396.7614,True,False,wall,0.0,-7.0,-10.0
3617,202989,-14.0,0,55,0.121167,21164.6428,True,False,wall,0.0,-4.0,-10.0
3618,203029,-15.0,0,40,0.121132,28862.3293,True,False,wall,0.0,-5.0,-10.0
3619,203063,-21.0,0,34,0.121101,22971.085,True,False,wall,0.0,-11.0,-10.0
3620,203143,-13.0,0,80,0.12103,17583.2423,True,False,wall,0.0,-3.0,-10.0
3621,203161,-15.0,0,18,0.121014,14955.7192,True,False,wall,0.0,-5.0,-10.0
3622,203214,-4.0,0,53,0.120967,20567.0446,True,False,wall,0.0,6.0,-10.0
3623,203311,-12.0,0,97,0.120881,19021.8143,True,False,wall,0.0,-2.0,-10.0
3624,203463,-19.0,0,152,0.120747,14309.047,True,False,wall,0.0,-9.0,-10.0
3625,203478,-18.0,0,15,0.120734,9374.8917,True,False,wall,0.0,-8.0,-10.0
3626,203601,-18.0,0,123,0.120625,16782.3049,True,False,wall,0.0,-8.0,-10.0
3627,203790,15.0,1,189,0.120458,15383.0199,True,False,wall,10.0,15.0,-10.0
3628,203881,-16.0,0,91,0.120378,12577.3659,True,False,wall,0.0,-6.0,-10.0
3629,203897,-7.0,0,16,0.120364,8695.7296,True,False,wall,0.0,3.0,-10.0
3630,203938,3.0,1,41,0.120328,32857.5491,True,False,wall,10.0,3.0,-10.0
3631,203988,12.0,1,50,0.120284,11195.4588,True,False,wall,10.0,12.0,-10.0
3632,204103,-14.0,0,115,0.120183,11596.3717,True,False,wall,0.0,-4.0,-10.0
3633,204435,-13.0,0,332,0.119892,20645.8345,True,False,wall,0.0,-3.0,-10.0
3634,204495,6.0,1,60,0.11984,14493.6367,True,False,wall,10.0,6.0,-10.0
3635,204544,-18.0,0,49,0.119797,11836.69,True,False,wall,0.0,-8.0,-10.0
3636,204577,-7.0,1,33,0.119768,10724.4547,True,False,wall,10.0,-7.0,-10.0
3637,204587,-15.0,0,10,0.11976,16198.9095,True,False,wall,0.0,-5.0,-10.0
3638,204629,-23.0,0,42,0.119723,11331.3917,True,False,wall,0.0,-13.0,-10.0
3639,204653,-19.0,0,24,0.119702,12403.9681,True,False,wall,0.0,-9.0,-10.0
3640,204719,6.0,1,66,0.119645,11459.5182,True,False,wall,10.0,6.0,-10.0
3641,204728,-18.0,0,9,0.119637,14291.3629,True,False,wall,0.0,-8.0,-10.0
3642,204747,-14.0,0,19,0.11962,9270.0217,True,False,wall,0.0,-4.0,-10.0
3643,204762,-6.0,0,15,0.119607,6618.0093,True,False,wall,0.0,4.0,-10.0
3644,204807,-14.0,0,45,0.119568,12261.2778,True,False,wall,0.0,-4.0,-10.0
3645,204858,-24.0,0,51,0.119524,11626.2529,True,False,wall,0.0,-14.0,-10.0
3646,204959,-16.0,0,101,0.119436,18887.7304,True,False,wall,0.0,-6.0,-10.0
3647,205000,-14.0,0,41,0.119401,11829.0574,True,False,wall,0.0,-4.0,-10.0
3648,205025,-24.0,0,25,0.119379,9246.0946,True,False,wall,0.0,-14.0,-10.0
3649,205102,-22.0,0,77,0.119312,13148.8617,True,False,wall,0.0,-12.0,-10.0
3650,205153,-22.0,0,51,0.119268,13890.3303,True,False,wall,0.0,-12.0,-10.0
3651,205194,-10.0,0,41,0.119232,11615.5357,True,False,wall,0.0,0.0,-10.0
3652,205281,-8.0,0,87,0.119157,13454.1676,True,False,wall,0.0,2.0,-10.0
3653,205365,-8.0,1,84,0.119085,11531.5187,True,False,wall,10.0,-8.0,-10.0
3654,205570,-14.0,0,205,0.118908,19824.3938,True,False,wall,0.0,-4.0,-10.0
3655,205608,-5.0,0,38,0.118875,20125.8633,True,False,wall,0.0,5.0,-10.0
3656,205732,-17.0,0,124,0.118768,19653.5823,True,False,wall,0.0,-7.0,-10.0
3657,205790,-11.0,0,58,0.118719,15023.8453,True,False,wall,0.0,-1.0,-10.0
3658,205959,-24.0,0,169,0.118574,9288.5877,True,False,wall,0.0,-14.0,-10.0
3659,206032,-6.0,0,73,0.118511,9835.5142,True,False,wall,0.0,4.0,-10.0
3660,206099,-3.0,1,67,0.118454,6266.8027,True,False,wall,10.0,-3.0,-10.0
3661,206110,-18.0,0,11,0.118444,6286.5282,True,False,wall,0.0,-8.0,-10.0
3662,206266,-19.0,0,156,0.118311,16609.0742,True,False,wall,0.0,-9.0,-10.0
3663,206277,5.0,1,11,0.118302,11749.7939,True,False,wall,10.0,5.0,-10.0
3664,206316,-8.0,0,39,0.118268,13694.6569,True,False,wall,0.0,2.0,-10.0
3665,206335,-8.0,0,19,0.118252,49014.3914,True,False,wall,0.0,2.0,-10.0
3666,206536,9.0,1,201,0.118081,40098.1328,True,False,wall,10.0,9.0,-10.0
3667,206586,8.0,1,50,0.118038,81065.0177,True,False,wall,10.0,8.0,-10.0
3668,206599,-18.0,0,13,0.118027,19706.1261,True,False,wall,0.0,-8.0,-10.0
3669,206709,14.0,1,110,0.117934,36433.9917,True,False,wall,10.0,14.0,-10.0
3670,206744,-4.0,0,35,0.117904,39566.7331,True,False,wall,0.0,6.0,-10.0
3671,206756,-11.0,0,12,0.117894,31721.627,True,False,wall,0.0,-1.0,-10.0
3672,206831,-20.0,0,75,0.11783,34624.8751,True,False,wall,0.0,-10.0,-10.0
3673,206862,-16.0,0,31,0.117804,24033.7258,True,False,wall,0.0,-6.0,-10.0
3674,206932,-13.0,0,70,0.117745,20280.0452,True,False,wall,0.0,-3.0,-10.0
3675,206960,-17.0,0,28,0.117721,18583.0259,True,False,wall,0.0,-7.0,-10.0
3676,207008,-21.0,0,48,0.11768,16791.5842,True,False,wall,0.0,-11.0,-10.0
3677,207043,-24.0,0,35,0.117651,22973.7869,True,False,wall,0.0,-14.0,-10.0
3678,207108,-18.0,0,65,0.117596,25355.5517,True,False,wall,0.0,-8.0,-10.0
3679,207124,-9.0,0,16,0.117582,20815.8897,True,False,wall,0.0,1.0,-10.0
3680,207132,-17.0,0,8,0.117575,10018.2433,True,False,wall,0.0,-7.0,-10.0
3681,207199,-22.0,0,67,0.117519,15624.1994,True,False,wall,0.0,-12.0,-10.0
3682,207238,-24.0,0,39,0.117486,10561.1126,True,False,wall,0.0,-14.0,-10.0
3683,207358,-19.0,0,120,0.117385,16145.2357,True,False,wall,0.0,-9.0,-10.0
3684,207392,-13.0,0,34,0.117356,21160.5205,True,False,wall,0.0,-3.0,-10.0
3685,207519,0.0,0,127,0.117249,11104.5826,True,False,wall,0.0,10.0,-10.0
3686,207625,14.0,1,106,0.11716,12251.4328,True,False,wall,10.0,14.0,-10.0
3687,207681,-11.0,0,56,0.117113,9654.3297,True,False,wall,0.0,-1.0,-10.0
3688,207714,-8.0,0,33,0.117086,29483.4719,True,False,wall,0.0,2.0,-10.0
3689,207799,-16.0,0,85,0.117014,12700.7445,True,False,wall,0.0,-6.0,-10.0
3690,207835,-19.0,0,36,0.116984,9593.7889,True,False,wall,0.0,-9.0,-10.0
3691,207874,-22.0,0,39,0.116952,16012.5288,True,False,wall,0.0,-12.0,-10.0
3692,207891,-4.0,0,17,0.116937,14341.2994,True,False,wall,0.0,6.0,-10.0
3693,207938,-14.0,0,47,0.116898,10029.3356,True,False,wall,0.0,-4.0,-10.0
3694,207966,10.0,1,28,0.116875,8476.9548,True,False,wall,10.0,10.0,-10.0
3695,208055,3.0,1,89,0.1168,10764.5174,True,False,wall,10.0,3.0,-10.0
3696,208129,-15.0,0,74,0.116739,12438.4883,True,False,wall,0.0,-5.0,-10.0
3697,208321,0.0,1,192,0.116579,9094.6421,True,False,wall,10.0,0.0,-10.0
3698,208336,-24.0,0,15,0.116566,30755.402,True,False,wall,0.0,-14.0,-10.0
3699,208450,-13.0,0,114,0.116471,7763.3719,True,False,wall,0.0,-3.0,-10.0
3700,208522,-6.0,1,72,0.116411,6678.0682,True,False,wall,10.0,-6.0,-10.0
3701,208621,-20.0,0,99,0.116329,10845.2568,True,False,wall,0.0,-10.0,-10.0
3702,208775,-13.0,0,154,0.116202,11862.0793,True,False,wall,0.0,-3.0,-10.0
3703,208814,-16.0,0,39,0.11617,17495.1905,True,False,wall,0.0,-6.0,-10.0
3704,208902,-5.0,0,88,0.116097,10572.1542,True,False,wall,0.0,5.0,-10.0
3705,209014,-7.0,0,112,0.116004,12793.1544,True,False,wall,0.0,3.0,-10.0
3706,209129,-10.0,0,115,0.115909,12129.2444,True,False,wall,0.0,0.0,-10.0
3707,209240,-22.0,0,111,0.115818,13715.4562,True,False,wall,0.0,-12.0,-10.0
3708,209365,-20.0,0,125,0.115715,23374.7321,True,False,wall,0.0,-10.0,-10.0
3709,209375,-17.0,0,10,0.115707,32407.5261,True,False,wall,0.0,-7.0,-10.0
3710,209475,8.0,1,100,0.115625,6856.1271,True,False,wall,10.0,8.0,-10.0
3711,209553,-23.0,0,78,0.115561,9690.9507,True,False,wall,0.0,-13.0,-10.0
3712,209566,5.0,1,13,0.11555,12626.999,True,False,wall,10.0,5.0,-10.0
3713,209647,7.0,1,81,0.115484,8227.4543,True,False,wall,10.0,7.0,-10.0
3714,209842,-3.0,1,195,0.115325,23457.1204,True,False,wall,10.0,-3.0,-10.0
3715,209902,-13.0,0,60,0.115276,11595.8712,True,False,wall,0.0,-3.0,-10.0
3716,209978,-9.0,0,76,0.115214,9163.0949,True,False,wall,0.0,1.0,-10.0
3717,210022,2.0,1,44,0.115178,10551.1605,True,False,wall,10.0,2.0,-10.0
3718,210096,-17.0,0,74,0.115118,8729.5106,True,False,wall,0.0,-7.0,-10.0
3719,210115,-6.0,0,19,0.115102,15228.3553,True,False,wall,0.0,4.0,-10.0
3720,210156,-22.0,0,41,0.115069,10742.4157,True,False,wall,0.0,-12.0,-10.0
3721,210167,-14.0,0,11,0.11506,7933.0041,True,False,wall,0.0,-4.0,-10.0
3722,210184,-18.0,0,17,0.115046,8661.7289,True,False,wall,0.0,-8.0,-10.0
3723,210285,-4.0,0,101,0.114964,6404.2427,True,False,wall,0.0,6.0,-10.0
3724,210303,-13.0,0,18,0.114949,14526.2802,True,False,wall,0.0,-3.0,-10.0
3725,210334,-8.0,0,31,0.114924,29147.534,True,False,wall,0.0,2.0,-10.0
3726,210349,-12.0,0,15,0.114912,4442.3114,True,False,wall,0.0,-2.0,-10.0
3727,210384,-22.0,0,35,0.114884,8331.0355,True,False,wall,0.0,-12.0,-10.0
3728,210477,-3.0,1,93,0.114808,12089.8741,True,False,wall,10.0,-3.0,-10.0
3729,210503,-21.0,0,26,0.114787,5580.8148,True,False,wall,0.0,-11.0,-10.0
3730,210580,-18.0,0,77,0.114725,5781.9702,True,False,wall,0.0,-8.0,-10.0
3731,210663,-12.0,0,83,0.114658,8377.9537,True,False,wall,0.0,-2.0,-10.0
3732,210720,-20.0,0,57,0.114612,7258.9108,True,False,wall,0.0,-10.0,-10.0
3733,210734,-9.0,0,14,0.1146,28110.3806,True,False,wall,0.0,1.0,-10.0
3734,210943,36.0,2,209,0.114432,9875.7935,True,False,wall,20.0,26.0,-10.0
3735,210982,-10.0,0,39,0.1144,9578.8237,True,False,wall,0.0,0.0,-10.0
3736,211015,-18.0,0,33,0.114374,13077.7522,True,False,wall,0.0,-8.0,-10.0
3737,211042,-6.0,0,27,0.114352,8339.8861,True,False,wall,0.0,4.0,-10.0
3738,211066,-19.0,0,24,0.114333,11626.8779,True,False,wall,0.0,-9.0,-10.0
3739,211300,10.0,1,234,0.114145,6855.3069,True,False,wall,10.0,10.0,-10.0
3740,211333,-8.0,0,33,0.114118,6974.1092,True,False,wall,0.0,2.0,-10.0
3741,211459,-19.0,0,126,0.114018,8000.0152,True,False,wall,0.0,-9.0,-10.0
3742,211626,-2.0,0,167,0.113884,6575.609,True,False,wall,0.0,8.0,-10.0
3743,211729,-3.0,1,103,0.113802,5933.3447,True,False,wall,10.0,-3.0,-10.0
3744,211817,6.0,1,88,0.113732,5433.6909,True,False,wall,10.0,6.0,-10.0
3745,211922,13.0,1,105,0.113648,4318.1281,True,False,wall,10.0,13.0,-10.0
3746,212096,-5.0,0,174,0.11351,7141.2805,True,False,wall,0.0,5.0,-10.0
3747,212112,-7.0,0,16,0.113497,5757.3265,True,False,wall,0.0,3.0,-10.0
3748,212148,-11.0,0,36,0.113469,5227.4261,True,False,wall,0.0,-1.0,-10.0
3749,212201,-2.0,0,53,0.113427,23406.9289,True,False,wall,0.0,8.0,-10.0
3750,212261,-9.0,0,60,0.113379,21294.9999,True,False,wall,0.0,1.0,-10.0
3751,212310,-20.0,0,49,0.11334,12447.0821,True,False,wall,0.0,-10.0,-10.0
3752,212336,-21.0,0,26,0.11332,7128.3698,True,False,wall,0.0,-11.0,-10.0
3753,212373,-12.0,0,37,0.11329,10465.1593,True,False,wall,0.0,-2.0,-10.0
3754,212522,-24.0,0,149,0.113173,7179.3382,True,False,wall,0.0,-14.0,-10.0
3755,212612,2.0,1,90,0.113102,6717.0206,True,False,wall,10.0,2.0,-10.0
3756,212746,-11.0,0,134,0.112996,6145.3722,True,False,wall,0.0,-1.0,-10.0
3757,212798,-21.0,0,52,0.112955,5259.3367,True,False,wall,0.0,-11.0,-10.0
3758,212963,3.0,1,165,0.112825,4193.954,True,False,wall,10.0,3.0,-10.0
3759,212988,-6.0,0,25,0.112806,9387.7484,True,False,wall,0.0,4.0,-10.0
3760,213019,-22.0,0,31,0.112781,3279.3804,True,False,wall,0.0,-12.0,-10.0
3761,213037,-11.0,0,18,0.112767,4893.4483,True,False,wall,0.0,-1.0,-10.0
3762,213111,-1.0,0,74,0.112709,4533.7309,True,False,wall,0.0,9.0,-10.0
3763,213190,-6.0,0,79,0.112647,3444.9887,True,False,wall,0.0,4.0,-10.0
3764,213266,-3.0,0,76,0.112588,3956.2134,True,False,wall,0.0,7.0,-10.0
3765,213340,-3.0,0,74,0.11253,3281.1669,True,False,wall,0.0,7.0,-10.0
3766,213420,-17.0,0,80,0.112467,3422.5258,True,False,wall,0.0,-7.0,-10.0
3767,213462,6.0,1,42,0.112435,4209.8726,True,False,wall,10.0,6.0,-10.0
3768,213639,-5.0,1,177,0.112297,4611.7219,True,False,wall,10.0,-5.0,-10.0
3769,214092,49.0,3,453,0.111945,10381.8287,True,False,body,30.0,29.0,-10.0
3770,214111,-22.0,0,19,0.11193,22362.9208,True,False,wall,0.0,-12.0,-10.0
3771,214153,-13.0,0,42,0.111898,24567.4107,True,False,wall,0.0,-3.0,-10.0
3772,214194,-24.0,0,41,0.111866,20314.7772,True,False,wall,0.0,-14.0,-10.0
3773,214208,-17.0,0,14,0.111855,19372.9579,True,False,wall,0.0,-7.0,-10.0
3774,214298,-17.0,0,90,0.111786,8351.6633,True,False,wall,0.0,-7.0,-10.0
3775,214361,-10.0,0,63,0.111737,8864.5046,True,False,wall,0.0,0.0,-10.0
3776,214372,-6.0,0,11,0.111728,7126.412,True,False,wall,0.0,4.0,-10.0
3777,214391,-18.0,0,19,0.111714,6105.9215,True,False,wall,0.0,-8.0,-10.0
3778,214430,-24.0,0,39,0.111684,5721.6641,True,False,wall,0.0,-14.0,-10.0
3779,214509,-2.0,0,79,0.111623,5116.771,True,False,wall,0.0,8.0,-10.0
3780,214578,13.0,1,69,0.11157,11428.6055,True,False,wall,10.0,13.0,-10.0
3781,214696,-21.0,0,118,0.111479,5529.1719,True,False,wall,0.0,-11.0,-10.0
3782,214791,7.0,1,95,0.111406,5192.0618,True,False,wall,10.0,7.0,-10.0
3783,214826,-18.0,0,35,0.111379,14662.871,True,False,wall,0.0,-8.0,-10.0
3784,214886,-11.0,0,60,0.111333,4314.3624,True,False,wall,0.0,-1.0,-10.0
3785,214897,-20.0,0,11,0.111325,2355.2214,True,False,wall,0.0,-10.0,-10.0
3786,215124,-20.0,0,227,0.111151,8244.5965,True,False,wall,0.0,-10.0,-10.0
3787,215402,0.0,1,278,0.110939,4236.0893,True,False,wall,10.0,0.0,-10.0
3788,215414,-21.0,0,12,0.11093,8522.7355,True,False,wall,0.0,-11.0,-10.0
3789,215441,-14.0,0,27,0.110909,2768.045,True,False,wall,0.0,-4.0,-10.0
3790,215480,-16.0,0,39,0.110879,2857.9584,True,False,wall,0.0,-6.0,-10.0
3791,215495,-8.0,0,15,0.110868,2419.4813,True,False,wall,0.0,2.0,-10.0
3792,215508,-12.0,0,13,0.110858,3501.7662,True,False,wall,0.0,-2.0,-10.0
3793,215589,5.0,1,81,0.110797,3271.0497,True,False,wall,10.0,5.0,-10.0
3794,215605,-23.0,0,16,0.110784,2315.005,True,False,wall,0.0,-13.0,-10.0
3795,215646,9.0,1,41,0.110753,2365.2797,True,False,wall,10.0,9.0,-10.0
3796,215747,21.0,1,101,0.110677,4374.9986,True,False,wall,10.0,21.0,-10.0
3797,215820,-14.0,0,73,0.110621,3543.0565,True,False,wall,0.0,-4.0,-10.0
3798,215882,-2.0,1,62,0.110574,4373.3302,True,False,wall,10.0,-2.0,-10.0
3799,215928,-15.0,0,46,0.110539,3664.9316,True,False,wall,0.0,-5.0,-10.0
3800,215945,-22.0,0,17,0.110527,4205.8251,True,False,wall,0.0,-12.0,-10.0
3801,215980,16.0,2,35,0.1105,3206.3082,True,False,wall,20.0,6.0,-10.0
3802,215995,-20.0,0,15,0.110489,3039.6494,True,False,wall,0.0,-10.0,-10.0
3803,216075,-15.0,0,80,0.110428,6101.1679,True,False,wall,0.0,-5.0,-10.0
3804,216088,-18.0,0,13,0.110418,4048.7524,True,False,wall,0.0,-8.0,-10.0
3805,216096,-11.0,0,8,0.110412,3028.4447,True,False,wall,0.0,-1.0,-10.0
3806,216145,-24.0,0,49,0.110375,6910.9689,True,False,wall,0.0,-14.0,-10.0
3807,216177,-19.0,0,32,0.110351,6068.9393,True,False,wall,0.0,-9.0,-10.0
3808,216193,-17.0,0,16,0.110339,6250.1333,True,False,wall,0.0,-7.0,-10.0
3809,216288,-16.0,0,95,0.110268,6096.2072,True,False,wall,0.0,-6.0,-10.0
3810,216321,-8.0,0,33,0.110243,5933.0078,True,False,wall,0.0,2.0,-10.0
3811,216356,-12.0,0,35,0.110216,4376.0954,True,False,wall,0.0,-2.0,-10.0
3812,216414,12.0,1,58,0.110173,4925.9158,True,False,wall,10.0,12.0,-10.0
3813,216431,-24.0,0,17,0.11016,7025.018,True,False,wall,0.0,-14.0,-10.0
3814,216600,-22.0,0,169,0.110033,4707.6222,True,False,wall,0.0,-12.0,-10.0
3815,216639,0.0,0,39,0.110004,22625.7527,True,False,wall,0.0,10.0,-10.0
3816,216690,-14.0,0,51,0.109966,4211.2035,True,False,wall,0.0,-4.0,-10.0
3817,216732,-19.0,0,42,0.109934,2875.7899,True,False,wall,0.0,-9.0,-10.0
3818,216753,-10.0,0,21,0.109918,3270.3179,True,False,wall,0.0,0.0,-10.0
3819,217004,-12.0,0,251,0.109731,3335.5757,True,False,wall,0.0,-2.0,-10.0
3820,217118,-19.0,0,114,0.109646,3574.8126,True,False,wall,0.0,-9.0,-10.0
3821,217216,-17.0,0,98,0.109573,4360.6277,True,False,wall,0.0,-7.0,-10.0
3822,217230,-15.0,0,14,0.109562,3633.324,True,False,wall,0.0,-5.0,-10.0
3823,217248,-19.0,0,18,0.109549,2987.525,True,False,wall,0.0,-9.0,-10.0
3824,217302,-17.0,0,54,0.109509,2493.1964,True,False,wall,0.0,-7.0,-10.0
3825,217422,-21.0,0,120,0.109419,2787.369,True,False,wall,0.0,-11.0,-10.0
3826,217472,-7.0,0,50,0.109382,3133.4987,True,False,wall,0.0,3.0,-10.0
3827,217578,-21.0,0,106,0.109304,2922.7744,True,False,wall,0.0,-11.0,-10.0
3828,217626,-15.0,0,48,0.109268,2518.2865,True,False,wall,0.0,-5.0,-10.0
3829,217643,-8.0,0,17,0.109255,3281.7151,True,False,wall,0.0,2.0,-10.0
3830,217679,-11.0,0,36,0.109229,15514.5349,True,False,wall,0.0,-1.0,-10.0
3831,217707,-21.0,0,28,0.109208,2457.8981,True,False,wall,0.0,-11.0,-10.0
3832,217719,-13.0,0,12,0.109199,2682.7399,True,False,wall,0.0,-3.0,-10.0
3833,217756,-6.0,0,37,0.109172,2112.4055,True,False,wall,0.0,4.0,-10.0
3834,217804,-13.0,0,48,0.109136,4022.2467,True,False,wall,0.0,-3.0,-10.0
3835,217888,-13.0,0,84,0.109074,8718.5254,True,False,wall,0.0,-3.0,-10.0
3836,217906,-17.0,0,18,0.109061,2046.3109,True,False,wall,0.0,-7.0,-10.0
3837,217939,-12.0,0,33,0.109037,2739.0409,True,False,wall,0.0,-2.0,-10.0
3838,217961,-5.0,0,22,0.10902,3114.8312,True,False,wall,0.0,5.0,-10.0
3839,217971,-17.0,0,10,0.109013,2640.6529,True,False,wall,0.0,-7.0,-10.0
3840,218049,-19.0,0,78,0.108955,7483.7301,True,False,wall,0.0,-9.0,-10.0
3841,218074,-22.0,0,25,0.108937,2007.4051,True,False,wall,0.0,-12.0,-10.0
3842,218112,-21.0,0,38,0.108909,2123.1684,True,False,wall,0.0,-11.0,-10.0
3843,218158,-23.0,0,46,0.108875,2053.4794,True,False,wall,0.0,-13.0,-10.0
3844,218181,-6.0,0,23,0.108858,1579.4387,True,False,wall,0.0,4.0,-10.0
3845,218238,7.0,1,57,0.108816,3482.8064,True,False,wall,10.0,7.0,-10.0
3846,218260,-5.0,0,22,0.1088,3917.845,True,False,wall,0.0,5.0,-10.0
3847,218286,-11.0,0,26,0.108781,18075.3037,True,False,wall,0.0,-1.0,-10.0
3848,218413,9.0,1,127,0.108688,3614.5478,True,False,wall,10.0,9.0,-10.0
3849,218436,-8.0,0,23,0.108671,1783.7432,True,False,wall,0.0,2.0,-10.0
3850,218468,-21.0,0,32,0.108647,2665.9443,True,False,wall,0.0,-11.0,-10.0
3851,218547,-14.0,0,79,0.10859,4487.498,True,False,wall,0.0,-4.0,-10.0
3852,218568,-10.0,0,21,0.108574,6599.3216,True,False,wall,0.0,0.0,-10.0
3853,218605,-24.0,0,37,0.108547,3800.9116,True,False,wall,0.0,-14.0,-10.0
3854,218630,5.0,1,25,0.108529,4091.1615,True,False,wall,10.0,5.0,-10.0
3855,218674,-15.0,0,44,0.108497,1966.4721,True,False,wall,0.0,-5.0,-10.0
3856,218695,-16.0,0,21,0.108481,1464.1593,True,False,wall,0.0,-6.0,-10.0
3857,218710,-24.0,0,15,0.10847,2508.6703,True,False,wall,0.0,-14.0,-10.0
3858,218862,-13.0,0,152,0.108359,3099.9234,True,False,wall,0.0,-3.0,-10.0
3859,218873,-12.0,0,11,0.108351,2276.4113,True,False,wall,0.0,-2.0,-10.0
3860,218969,6.0,1,96,0.108281,2527.4915,True,False,wall,10.0,6.0,-10.0
3861,218993,-19.0,0,24,0.108264,4420.2089,True,False,wall,0.0,-9.0,-10.0
3862,219093,-9.0,0,100,0.108191,2516.534,True,False,wall,0.0,1.0,-10.0
3863,219110,-7.0,1,17,0.108179,5031.7007,True,False,wall,10.0,-7.0,-10.0
3864,219183,9.0,1,73,0.108126,6356.5464,True,False,wall,10.0,9.0,-10.0
3865,219207,-9.0,0,24,0.108108,1982.2408,True,False,wall,0.0,1.0,-10.0
3866,219237,-15.0,0,30,0.108086,1917.3256,True,False,wall,0.0,-5.0,-10.0
3867,219362,9.0,1,125,0.107996,2744.9943,True,False,wall,10.0,9.0,-10.0
3868,219388,-13.0,0,26,0.107977,1206.5681,True,False,wall,0.0,-3.0,-10.0
3869,219414,-13.0,0,26,0.107958,3403.645,True,False,wall,0.0,-3.0,-10.0
3870,219466,-21.0,0,52,0.10792,2138.6518,True,False,wall,0.0,-11.0,-10.0
3871,219680,-21.0,0,214,0.107766,4312.3803,True,False,wall,0.0,-11.0,-10.0
3872,219690,-19.0,0,10,0.107758,1657.5324,True,False,wall,0.0,-9.0,-10.0
3873,219766,-11.0,0,76,0.107704,2482.1127,True,False,wall,0.0,-1.0,-10.0
3874,219786,-17.0,0,20,0.107689,1337.7286,True,False,wall,0.0,-7.0,-10.0
3875,219847,-16.0,0,61,0.107645,1519.9039,True,False,wall,0.0,-6.0,-10.0
3876,219868,3.0,1,21,0.10763,1367.6222,True,False,wall,10.0,3.0,-10.0
3877,219923,-12.0,0,55,0.10759,2141.0928,True,False,wall,0.0,-2.0,-10.0
3878,219951,-13.0,0,28,0.10757,3028.6232,True,False,wall,0.0,-3.0,-10.0
3879,219992,-4.0,0,41,0.107541,2994.9747,True,False,wall,0.0,6.0,-10.0
3880,220035,7.0,1,43,0.10751,7442.998,True,False,wall,10.0,7.0,-10.0
3881,220088,-24.0,0,53,0.107472,3142.1276,True,False,wall,0.0,-14.0,-10.0
3882,220149,-18.0,0,61,0.107428,2102.7999,True,False,wall,0.0,-8.0,-10.0
3883,220288,-24.0,0,139,0.107328,1785.385,True,False,wall,0.0,-14.0,-10.0
3884,220313,-14.0,0,25,0.10731,2388.165,True,False,wall,0.0,-4.0,-10.0
3885,220389,0.0,1,76,0.107256,2028.8336,True,False,wall,10.0,0.0,-10.0
3886,220403,-1.0,0,14,0.107246,13490.839,True,False,wall,0.0,9.0,-10.0
3887,220437,-23.0,0,34,0.107222,3831.5816,True,False,wall,0.0,-13.0,-10.0
3888,220466,-16.0,0,29,0.107201,9601.723,True,False,wall,0.0,-6.0,-10.0
3889,220512,-5.0,0,46,0.107168,1886.3048,True,False,wall,0.0,5.0,-10.0
3890,220537,-16.0,0,25,0.10715,1870.3553,True,False,wall,0.0,-6.0,-10.0
3891,220594,-16.0,0,57,0.107109,1656.3417,True,False,wall,0.0,-6.0,-10.0
3892,220644,-23.0,0,50,0.107074,2789.0799,True,False,wall,0.0,-13.0,-10.0
3893,220717,-24.0,0,73,0.107022,2546.3251,True,False,wall,0.0,-14.0,-10.0
3894,220824,-12.0,0,107,0.106946,2598.5669,True,False,wall,0.0,-2.0,-10.0
3895,220856,-23.0,0,32,0.106923,9155.6607,True,False,wall,0.0,-13.0,-10.0
3896,220917,-1.0,1,61,0.106879,2351.9868,True,False,wall,10.0,-1.0,-10.0
3897,220949,-9.0,0,32,0.106857,1449.7355,True,False,wall,0.0,1.0,-10.0
3898,220988,-20.0,0,39,0.106829,1851.5694,True,False,wall,0.0,-10.0,-10.0
3899,221029,-18.0,0,41,0.1068,1832.273,True,False,wall,0.0,-8.0,-10.0
3900,221182,-14.0,0,153,0.106691,3135.5717,True,False,wall,0.0,-4.0,-10.0
3901,221353,-16.0,0,171,0.10657,2113.1354,True,False,wall,0.0,-6.0,-10.0
3902,221396,9.0,1,43,0.10654,2395.8707,True,False,wall,10.0,9.0,-10.0
3903,221406,-6.0,1,10,0.106533,1405.2023,True,False,wall,10.0,-6.0,-10.0
3904,221430,-11.0,0,24,0.106516,1336.0751,True,False,wall,0.0,-1.0,-10.0
3905,221538,4.0,1,108,0.10644,6256.2871,True,False,wall,10.0,4.0,-10.0
3906,221556,-13.0,0,18,0.106427,1574.7013,True,False,wall,0.0,-3.0,-10.0
3907,221606,-3.0,0,50,0.106392,5138.5316,True,False,wall,0.0,7.0,-10.0
3908,221657,-12.0,0,51,0.106356,11429.4252,True,False,wall,0.0,-2.0,-10.0
3909,221691,-15.0,0,34,0.106332,3733.526,True,False,wall,0.0,-5.0,-10.0
3910,221704,-22.0,0,13,0.106323,3010.344,True,False,wall,0.0,-12.0,-10.0
3911,221735,7.0,1,31,0.106301,3017.6321,True,False,wall,10.0,7.0,-10.0
3912,221758,-20.0,0,23,0.106285,3529.6573,True,False,wall,0.0,-10.0,-10.0
3913,221797,-20.0,0,39,0.106257,2976.5768,True,False,wall,0.0,-10.0,-10.0
3914,221869,-13.0,0,72,0.106206,3481.3819,True,False,wall,0.0,-3.0,-10.0
3915,221894,-10.0,0,25,0.106189,1393.7478,True,False,wall,0.0,0.0,-10.0
3916,221908,-19.0,0,14,0.106179,1737.2172,True,False,wall,0.0,-9.0,-10.0
3917,222106,-8.0,1,198,0.10604,4071.0058,True,False,wall,10.0,-8.0,-10.0
3918,222215,-14.0,0,109,0.105964,2315.3638,True,False,wall,0.0,-4.0,-10.0
3919,222242,-14.0,0,27,0.105945,1282.8054,True,False,wall,0.0,-4.0,-10.0
3920,222280,-17.0,0,38,0.105918,3420.2004,True,False,wall,0.0,-7.0,-10.0
3921,222359,-10.0,0,79,0.105863,2570.1427,True,False,wall,0.0,0.0,-10.0
3922,222446,3.0,1,87,0.105803,3490.1243,True,False,wall,10.0,3.0,-10.0
3923,222501,-14.0,0,55,0.105764,11484.9619,True,False,wall,0.0,-4.0,-10.0
3924,222537,-21.0,0,36,0.105739,3482.4053,True,False,wall,0.0,-11.0,-10.0
3925,222570,-8.0,0,33,0.105716,2835.1588,True,False,wall,0.0,2.0,-10.0
3926,222587,-18.0,0,17,0.105704,1564.0526,True,False,wall,0.0,-8.0,-10.0
3927,222638,-20.0,0,51,0.105669,2134.3061,True,False,wall,0.0,-10.0,-10.0
3928,222719,-24.0,0,81,0.105612,5069.9405,True,False,wall,0.0,-14.0,-10.0
3929,222774,-20.0,0,55,0.105574,1533.8934,True,False,wall,0.0,-10.0,-10.0
3930,222823,-22.0,0,49,0.10554,1659.2894,True,False,wall,0.0,-12.0,-10.0
3931,222859,17.0,2,36,0.105515,2503.526,True,False,wall,20.0,7.0,-10.0
3932,222877,-19.0,0,18,0.105503,2283.9135,True,False,wall,0.0,-9.0,-10.0
3933,222892,-24.0,0,15,0.105492,2725.6071,True,False,wall,0.0,-14.0,-10.0
3934,222934,-17.0,0,42,0.105463,2184.8559,True,False,wall,0.0,-7.0,-10.0
3935,222959,-10.0,0,25,0.105446,1530.8804,True,False,wall,0.0,0.0,-10.0
3936,223002,-24.0,0,43,0.105416,1698.3953,True,False,wall,0.0,-14.0,-10.0
3937,223088,-15.0,0,86,0.105357,1361.5441,True,False,wall,0.0,-5.0,-10.0
3938,223107,-16.0,0,19,0.105343,6826.7494,True,False,wall,0.0,-6.0,-10.0
3939,223143,-17.0,0,36,0.105318,1320.2766,True,False,wall,0.0,-7.0,-10.0
3940,223190,-2.0,0,47,0.105286,1564.6804,True,False,wall,0.0,8.0,-10.0
3941,223207,-8.0,0,17,0.105274,2053.1822,True,False,wall,0.0,2.0,-10.0
3942,223328,-16.0,0,121,0.105191,1620.1487,True,False,wall,0.0,-6.0,-10.0
3943,223352,-17.0,0,24,0.105174,2257.6174,True,False,wall,0.0,-7.0,-10.0
3944,223438,-8.0,1,86,0.105115,1606.2025,True,False,wall,10.0,-8.0,-10.0
3945,223579,-11.0,1,141,0.105018,1972.9938,True,False,wall,10.0,-11.0,-10.0
3946,223704,-6.0,0,125,0.104932,1176.2591,True,False,wall,0.0,4.0,-10.0
3947,223771,-4.0,0,67,0.104886,1398.2355,True,False,wall,0.0,6.0,-10.0
3948,223789,-15.0,0,18,0.104874,1004.9688,True,False,wall,0.0,-5.0,-10.0
3949,223803,10.0,1,14,0.104864,1337.2033,True,False,wall,10.0,10.0,-10.0
3950,223831,-11.0,0,28,0.104845,16609.8254,True,False,wall,0.0,-1.0,-10.0
3951,223858,-14.0,0,27,0.104826,3445.111,True,False,wall,0.0,-4.0,-10.0
3952,223967,-12.0,0,109,0.104752,4841.2222,True,False,wall,0.0,-2.0,-10.0
3953,223983,-9.0,0,16,0.104741,914.8166,True,False,wall,0.0,1.0,-10.0
3954,224121,-13.0,0,138,0.104646,5379.0117,True,False,wall,0.0,-3.0,-10.0
3955,224294,11.0,1,173,0.104528,2758.1882,True,False,wall,10.0,11.0,-10.0
3956,224385,-22.0,0,91,0.104466,5390.6091,True,False,wall,0.0,-12.0,-10.0
3957,224431,-17.0,0,46,0.104435,2146.253,True,False,wall,0.0,-7.0,-10.0
3958,224452,-14.0,0,21,0.104421,5070.6609,True,False,wall,0.0,-4.0,-10.0
3959,224489,-16.0,0,37,0.104396,2992.0103,True,False,wall,0.0,-6.0,-10.0
3960,224511,-17.0,0,22,0.104381,2115.6905,True,False,wall,0.0,-7.0,-10.0
3961,224569,2.0,1,58,0.104341,2386.3863,True,False,wall,10.0,2.0,-10.0
3962,224642,-8.0,0,73,0.104292,2139.5909,True,False,wall,0.0,2.0,-10.0
3963,224749,-16.0,0,107,0.104219,3254.0351,True,False,wall,0.0,-6.0,-10.0
3964,224803,-21.0,0,54,0.104182,10385.7961,True,False,wall,0.0,-11.0,-10.0
3965,224836,-18.0,0,33,0.10416,7923.8756,True,False,wall,0.0,-8.0,-10.0
3966,224858,-11.0,0,22,0.104145,10141.816,True,False,wall,0.0,-1.0,-10.0
3967,224902,-15.0,0,44,0.104115,3734.9283,True,False,wall,0.0,-5.0,-10.0
3968,225027,12.0,2,125,0.104031,4861.8821,True,False,wall,20.0,2.0,-10.0
3969,225103,-15.0,0,76,0.10398,5270.5752,True,False,wall,0.0,-5.0,-10.0
3970,225217,-23.0,0,114,0.103903,9928.1285,True,False,wall,0.0,-13.0,-10.0
3971,225258,-5.0,1,41,0.103875,2067.9763,True,False,wall,10.0,-5.0,-10.0
3972,225328,-17.0,0,70,0.103828,5827.7623,True,False,wall,0.0,-7.0,-10.0
3973,225372,-13.0,0,44,0.103798,1263.0488,True,False,wall,0.0,-3.0,-10.0
3974,225429,-20.0,0,57,0.10376,1102.2251,True,False,wall,0.0,-10.0,-10.0
3975,225616,-8.0,0,187,0.103635,1629.1171,True,False,wall,0.0,2.0,-10.0
3976,225641,-18.0,0,25,0.103618,632.1471,True,False,wall,0.0,-8.0,-10.0
3977,225684,-14.0,0,43,0.103589,955.4894,True,False,wall,0.0,-4.0,-10.0
3978,225698,-11.0,0,14,0.10358,1257.0603,True,False,wall,0.0,-1.0,-10.0
3979,225789,-12.0,0,91,0.103519,2221.912,True,False,wall,0.0,-2.0,-10.0
3980,225837,1.0,0,48,0.103487,1827.764,True,False,wall,0.0,11.0,-10.0
3981,225857,-19.0,0,20,0.103473,2245.2473,True,False,wall,0.0,-9.0,-10.0
3982,225888,-24.0,0,31,0.103453,1204.2099,True,False,wall,0.0,-14.0,-10.0
3983,225925,-20.0,0,37,0.103428,1844.4844,True,False,wall,0.0,-10.0,-10.0
3984,225974,-12.0,0,49,0.103395,1716.1734,True,False,wall,0.0,-2.0,-10.0
3985,226072,-17.0,0,98,0.10333,1133.8638,True,False,wall,0.0,-7.0,-10.0
3986,226142,-3.0,0,70,0.103283,1377.2368,True,False,wall,0.0,7.0,-10.0
3987,226253,1.0,1,111,0.103209,1023.1125,True,False,wall,10.0,1.0,-10.0
3988,226279,-17.0,0,26,0.103192,1210.9177,True,False,wall,0.0,-7.0,-10.0
3989,226450,-10.0,0,171,0.103078,863.2069,True,False,wall,0.0,0.0,-10.0
3990,226492,-23.0,0,42,0.103051,1083.702,True,False,wall,0.0,-13.0,-10.0
3991,226568,-13.0,0,76,0.103,977.9844,True,False,wall,0.0,-3.0,-10.0
3992,226686,-21.0,0,118,0.102922,1340.7357,True,False,wall,0.0,-11.0,-10.0
3993,226706,-11.0,0,20,0.102909,3315.4893,True,False,wall,0.0,-1.0,-10.0
3994,226730,-17.0,0,24,0.102893,1691.9601,True,False,wall,0.0,-7.0,-10.0
3995,226761,-22.0,0,31,0.102872,9329.6345,True,False,wall,0.0,-12.0,-10.0
3996,226771,-5.0,0,10,0.102866,1354.5977,True,False,wall,0.0,5.0,-10.0
3997,226796,17.0,1,25,0.102849,1418.3841,True,False,wall,10.0,17.0,-10.0
3998,226895,-14.0,0,99,0.102784,1355.5525,True,False,wall,0.0,-4.0,-10.0
3999,226915,-13.0,0,20,0.102771,816.3732,True,False,wall,0.0,-3.0,-10.0
4000,226934,-20.0,0,19,0.102758,535.3767,True,False,wall,0.0,-10.0,-10.0
4001,226960,-3.0,0,26,0.102741,643.5222,True,False,wall,0.0,7.0,-10.0
4002,227003,-8.0,0,43,0.102713,1097.449,True,False,wall,0.0,2.0,-10.0
4003,227031,-23.0,0,28,0.102694,657.0759,True,False,wall,0.0,-13.0,-10.0
4004,227097,-7.0,0,66,0.102651,888.841,True,False,wall,0.0,3.0,-10.0
4005,227106,-18.0,0,9,0.102645,561.6941,True,False,wall,0.0,-8.0,-10.0
4006,227120,-15.0,0,14,0.102636,604.7162,True,False,wall,0.0,-5.0,-10.0
4007,227134,-13.0,0,14,0.102626,724.9794,True,False,wall,0.0,-3.0,-10.0
4008,227161,-18.0,0,27,0.102609,902.2634,True,False,wall,0.0,-8.0,-10.0
4009,227184,-12.0,0,23,0.102594,488.5125,True,False,wall,0.0,-2.0,-10.0
4010,227243,-20.0,0,59,0.102555,559.5813,True,False,wall,0.0,-10.0,-10.0
4011,227375,17.0,2,132,0.102468,1591.1209,True,False,wall,20.0,7.0,-10.0
4012,227420,-18.0,0,45,0.102439,616.531,True,False,wall,0.0,-8.0,-10.0
4013,227514,-13.0,0,94,0.102377,940.1552,True,False,wall,0.0,-3.0,-10.0
4014,227570,-17.0,0,56,0.10234,822.9403,True,False,wall,0.0,-7.0,-10.0
4015,227673,-14.0,0,103,0.102273,654.3702,True,False,wall,0.0,-4.0,-10.0
4016,227716,-14.0,0,43,0.102245,3653.8945,True,False,wall,0.0,-4.0,-10.0
4017,227736,-3.0,0,20,0.102232,796.8703,True,False,wall,0.0,7.0,-10.0
4018,227751,-18.0,0,15,0.102222,8433.0213,True,False,wall,0.0,-8.0,-10.0
4019,227791,-15.0,0,40,0.102196,652.8008,True,False,wall,0.0,-5.0,-10.0
4020,227799,-11.0,0,8,0.102191,331.3974,True,False,wall,0.0,-1.0,-10.0
4021,227959,-19.0,0,160,0.102087,599.0714,True,False,wall,0.0,-9.0,-10.0
4022,228044,5.0,1,85,0.102031,497.0581,True,False,wall,10.0,5.0,-10.0
4023,228073,-4.0,0,29,0.102012,393.1459,True,False,wall,0.0,6.0,-10.0
4024,228105,-5.0,0,32,0.101992,365.943,True,False,wall,0.0,5.0,-10.0
4025,228285,-21.0,0,180,0.101875,524.5675,True,False,wall,0.0,-11.0,-10.0
4026,228337,18.0,1,52,0.101841,762.7036,True,False,wall,10.0,18.0,-10.0
4027,228375,-19.0,0,38,0.101816,817.7232,True,False,wall,0.0,-9.0,-10.0
4028,228456,49.0,3,81,0.101764,717.3318,True,False,body,30.0,29.0,-10.0
4029,228687,-8.0,0,231,0.101615,451.4648,True,False,wall,0.0,2.0,-10.0
4030,228769,-21.0,0,82,0.101562,400.0586,True,False,wall,0.0,-11.0,-10.0
4031,228811,-15.0,0,42,0.101535,469.6975,True,False,wall,0.0,-5.0,-10.0
4032,228849,-15.0,0,38,0.10151,1470.4742,True,False,wall,0.0,-5.0,-10.0
4033,228920,-24.0,0,71,0.101465,592.176,True,False,wall,0.0,-14.0,-10.0
4034,228984,-19.0,0,64,0.101423,987.7115,True,False,wall,0.0,-9.0,-10.0
4035,229009,8.0,2,25,0.101407,1730.107,True,False,wall,20.0,-2.0,-10.0
4036,229029,1.0,0,20,0.101395,1068.2223,True,False,wall,0.0,11.0,-10.0
4037,229056,-22.0,0,27,0.101377,373.7122,True,False,wall,0.0,-12.0,-10.0
4038,229108,-3.0,0,52,0.101344,665.0125,True,False,wall,0.0,7.0,-10.0
4039,229198,-5.0,0,90,0.101286,550.9516,True,False,wall,0.0,5.0,-10.0
4040,229240,-23.0,0,42,0.101259,464.3393,True,False,wall,0.0,-13.0,-10.0
4041,229249,5.0,1,9,0.101253,843.9593,True,False,wall,10.0,5.0,-10.0
4042,229275,1.0,0,26,0.101237,569.4447,True,False,wall,0.0,11.0,-10.0
4043,229296,-18.0,0,21,0.101223,347.9258,True,False,wall,0.0,-8.0,-10.0
4044,229315,-14.0,0,19,0.101211,569.7851,True,False,wall,0.0,-4.0,-10.0
4045,229329,-7.0,0,14,0.101202,743.0722,True,False,wall,0.0,3.0,-10.0
4046,229367,-23.0,0,38,0.101178,4679.1182,True,False,wall,0.0,-13.0,-10.0
4047,229404,-16.0,0,37,0.101154,537.8463,True,False,wall,0.0,-6.0,-10.0
4048,229456,-11.0,0,52,0.101121,1017.354,True,False,wall,0.0,-1.0,-10.0
4049,229514,8.0,1,58,0.101084,1310.4463,True,False,wall,10.0,8.0,-10.0
4050,229580,-15.0,0,66,0.101042,1014.9295,True,False,wall,0.0,-5.0,-10.0
4051,229646,-13.0,0,66,0.101,1446.5608,True,False,wall,0.0,-3.0,-10.0
4052,229686,-19.0,0,40,0.100974,1594.6041,True,False,wall,0.0,-9.0,-10.0
4053,229707,-7.0,1,21,0.100961,1127.9322,True,False,wall,10.0,-7.0,-10.0
4054,229798,-22.0,0,91,0.100903,1263.5849,True,False,wall,0.0,-12.0,-10.0
4055,229844,6.0,1,46,0.100874,1568.7541,True,False,wall,10.0,6.0,-10.0
4056,229895,-16.0,0,51,0.100841,736.9182,True,False,wall,0.0,-6.0,-10.0
4057,229953,-15.0,0,58,0.100804,2012.9927,True,False,wall,0.0,-5.0,-10.0
4058,229973,-21.0,0,20,0.100792,1402.7197,True,False,wall,0.0,-11.0,-10.0
4059,230024,-16.0,0,51,0.100759,2090.7482,True,False,wall,0.0,-6.0,-10.0
4060,230043,-20.0,0,19,0.100747,3286.0623,True,False,wall,0.0,-10.0,-10.0
4061,230086,-12.0,0,43,0.10072,2356.6668,True,False,wall,0.0,-2.0,-10.0
4062,230112,-19.0,0,26,0.100703,2185.4894,True,False,wall,0.0,-9.0,-10.0
4063,230228,-15.0,0,116,0.10063,1805.5171,True,False,wall,0.0,-5.0,-10.0
4064,230238,-15.0,0,10,0.100624,390.8528,True,False,wall,0.0,-5.0,-10.0
4065,230289,3.0,1,51,0.100591,4387.7882,True,False,wall,10.0,3.0,-10.0
4066,230333,-8.0,1,44,0.100564,1017.2519,True,False,wall,10.0,-8.0,-10.0
4067,230365,-17.0,0,32,0.100543,395.1266,True,False,wall,0.0,-7.0,-10.0
4068,230387,-23.0,0,22,0.100529,20322.308,True,False,wall,0.0,-13.0,-10.0
4069,230420,-18.0,0,33,0.100509,1253.9392,True,False,wall,0.0,-8.0,-10.0
4070,230487,-4.0,0,67,0.100466,4408.3305,True,False,wall,0.0,6.0,-10.0
4071,230573,2.0,1,86,0.100412,4300.4845,True,False,wall,10.0,2.0,-10.0
4072,230618,-20.0,0,45,0.100384,1277.5091,True,False,wall,0.0,-10.0,-10.0
4073,230635,-22.0,0,17,0.100373,1361.8167,True,False,wall,0.0,-12.0,-10.0
4074,230721,-21.0,0,86,0.100319,2431.9128,True,False,wall,0.0,-11.0,-10.0
4075,230753,-15.0,0,32,0.100299,812.3493,True,False,wall,0.0,-5.0,-10.0
4076,230762,-4.0,0,9,0.100293,1131.9811,True,False,wall,0.0,6.0,-10.0
4077,230774,-19.0,0,12,0.100286,3871.3702,True,False,wall,0.0,-9.0,-10.0
4078,230845,-1.0,1,71,0.100241,1540.0549,True,False,wall,10.0,-1.0,-10.0
4079,230917,2.0,1,72,0.100196,737.1275,True,False,wall,10.0,2.0,-10.0
4080,230961,-13.0,0,44,0.100168,1396.3552,True,False,wall,0.0,-3.0,-10.0
4081,231013,-19.0,0,52,0.100136,866.4946,True,False,wall,0.0,-9.0,-10.0
4082,231173,-13.0,0,160,0.100035,1599.9543,True,False,wall,0.0,-3.0,-10.0
4083,231251,0.0,1,78,0.099987,2360.4646,True,False,wall,10.0,0.0,-10.0
4084,231486,-20.0,0,235,0.09984,4038.9709,True,False,wall,0.0,-10.0,-10.0
4085,231619,-14.0,0,133,0.099757,1423.0384,True,False,wall,0.0,-4.0,-10.0
4086,231692,31.0,3,73,0.099712,1068.7782,True,False,wall,30.0,11.0,-10.0
4087,231828,4.0,1,136,0.099627,1952.5123,True,False,wall,10.0,4.0,-10.0
4088,231941,-6.0,0,113,0.099557,456.5057,True,False,wall,0.0,4.0,-10.0
4089,231966,-2.0,0,25,0.099542,320.998,True,False,wall,0.0,8.0,-10.0
4090,232054,8.0,1,88,0.099487,493.0828,True,False,wall,10.0,8.0,-10.0
4091,232142,-23.0,0,88,0.099433,357.8892,True,False,wall,0.0,-13.0,-10.0
4092,232185,-6.0,0,43,0.099407,334.9345,True,False,wall,0.0,4.0,-10.0
4093,232198,-4.0,0,13,0.099398,265.8957,True,False,wall,0.0,6.0,-10.0
4094,232249,1.0,1,51,0.099367,430.9481,True,False,wall,10.0,1.0,-10.0
4095,232264,5.0,1,15,0.099358,261.1169,True,False,wall,10.0,5.0,-10.0
4096,232289,-16.0,0,25,0.099342,674.4626,True,False,wall,0.0,-6.0,-10.0
4097,232307,-19.0,0,18,0.099331,288.7276,True,False,wall,0.0,-9.0,-10.0
4098,232479,-8.0,1,172,0.099225,437.9647,True,False,wall,10.0,-8.0,-10.0
4099,232536,0.0,0,57,0.09919,417.0321,True,False,wall,0.0,10.0,-10.0
4100,232634,-9.0,0,98,0.09913,345.3962,True,False,wall,0.0,1.0,-10.0
4101,232671,-10.0,0,37,0.099107,2945.7697,True,False,wall,0.0,0.0,-10.0
4102,232703,-3.0,0,32,0.099088,419.3942,True,False,wall,0.0,7.0,-10.0
4103,232725,-13.0,0,22,0.099074,199.1969,True,False,wall,0.0,-3.0,-10.0
4104,232774,-16.0,0,49,0.099044,280.4961,True,False,wall,0.0,-6.0,-10.0
4105,232808,-23.0,0,34,0.099023,283.7807,True,False,wall,0.0,-13.0,-10.0
4106,232901,-18.0,0,93,0.098966,1524.7469,True,False,wall,0.0,-8.0,-10.0
4107,232924,-14.0,0,23,0.098952,335.6975,True,False,wall,0.0,-4.0,-10.0
4108,233003,-14.0,0,79,0.098904,354.0576,True,False,wall,0.0,-4.0,-10.0
4109,233039,-11.0,0,36,0.098882,260.4439,True,False,wall,0.0,-1.0,-10.0
4110,233124,-16.0,0,85,0.09883,255.011,True,False,wall,0.0,-6.0,-10.0
4111,233149,-12.0,0,25,0.098815,307.0561,True,False,wall,0.0,-2.0,-10.0
4112,233461,-21.0,0,312,0.098625,351.3854,True,False,wall,0.0,-11.0,-10.0
4113,233514,-7.0,1,53,0.098593,278.0653,True,False,wall,10.0,-7.0,-10.0
4114,233571,-2.0,0,57,0.098558,198.9198,True,False,wall,0.0,8.0,-10.0
4115,233625,-17.0,0,54,0.098525,184.5425,True,False,wall,0.0,-7.0,-10.0
4116,233667,-17.0,0,42,0.0985,224.2466,True,False,wall,0.0,-7.0,-10.0
4117,233777,-23.0,0,110,0.098433,214.93,True,False,wall,0.0,-13.0,-10.0
4118,233819,16.0,1,42,0.098408,191.5644,True,False,wall,10.0,16.0,-10.0
4119,233871,-11.0,0,52,0.098376,322.2385,True,False,wall,0.0,-1.0,-10.0
4120,233900,-20.0,0,29,0.098359,251.2036,True,False,wall,0.0,-10.0,-10.0
4121,233931,-4.0,0,31,0.09834,182.8293,True,False,wall,0.0,6.0,-10.0
4122,234027,-13.0,0,96,0.098282,266.7828,True,False,wall,0.0,-3.0,-10.0
4123,234052,3.0,1,25,0.098267,209.1757,True,False,wall,10.0,3.0,-10.0
4124,234064,-17.0,0,12,0.09826,218.747,True,False,wall,0.0,-7.0,-10.0
4125,234151,-10.0,0,87,0.098207,241.091,True,False,wall,0.0,0.0,-10.0
4126,234160,-10.0,0,9,0.098202,221.8427,True,False,wall,0.0,0.0,-10.0
4127,234238,-17.0,0,78,0.098155,199.8484,True,False,wall,0.0,-7.0,-10.0
4128,234257,-10.0,0,19,0.098143,159.341,True,False,wall,0.0,0.0,-10.0
4129,234316,-12.0,0,59,0.098108,894.3619,True,False,wall,0.0,-2.0,-10.0
4130,234366,-17.0,0,50,0.098078,213.9868,True,False,wall,0.0,-7.0,-10.0
4131,234419,15.0,1,53,0.098046,334.5716,True,False,wall,10.0,15.0,-10.0
4132,234455,-9.0,0,36,0.098024,272.5548,True,False,wall,0.0,1.0,-10.0
4133,234535,-15.0,0,80,0.097976,244.7486,True,False,wall,0.0,-5.0,-10.0
4134,234545,-5.0,0,10,0.09797,260.3828,True,False,wall,0.0,5.0,-10.0
4135,234622,7.0,1,77,0.097924,263.1867,True,False,wall,10.0,7.0,-10.0
4136,234764,-7.0,0,142,0.097839,611.6189,True,False,wall,0.0,3.0,-10.0
4137,234785,-20.0,0,21,0.097827,189.8333,True,False,wall,0.0,-10.0,-10.0
4138,234908,3.0,1,123,0.097753,244.4763,True,False,wall,10.0,3.0,-10.0
4139,234931,-14.0,0,23,0.097739,447.2848,True,False,wall,0.0,-4.0,-10.0
4140,234973,8.0,1,42,0.097714,225.2372,True,False,wall,10.0,8.0,-10.0
4141,235014,-20.0,0,41,0.09769,801.4132,True,False,wall,0.0,-10.0,-10.0
4142,235037,-22.0,0,23,0.097676,398.2224,True,False,wall,0.0,-12.0,-10.0
4143,235072,-14.0,0,35,0.097655,438.1778,True,False,wall,0.0,-4.0,-10.0
4144,235123,-12.0,0,51,0.097625,222.3666,True,False,wall,0.0,-2.0,-10.0
4145,235172,28.0,2,49,0.097596,1248.7026,True,False,wall,20.0,18.0,-10.0
4146,235265,3.0,1,93,0.097541,307.9925,True,False,wall,10.0,3.0,-10.0
4147,235383,-21.0,0,118,0.09747,296.1121,True,False,wall,0.0,-11.0,-10.0
4148,235407,-13.0,0,24,0.097456,235.5287,True,False,wall,0.0,-3.0,-10.0
4149,235423,-11.0,0,16,0.097447,250.5033,True,False,wall,0.0,-1.0,-10.0
4150,235480,-18.0,0,57,0.097413,240.0725,True,False,wall,0.0,-8.0,-10.0
4151,235489,-4.0,0,9,0.097408,272.6911,True,False,wall,0.0,6.0,-10.0
4152,235628,5.0,1,139,0.097325,356.8275,True,False,wall,10.0,5.0,-10.0
4153,235644,-7.0,0,16,0.097316,314.281,True,False,wall,0.0,3.0,-10.0
4154,235774,-2.0,1,130,0.097239,968.9227,True,False,wall,10.0,-2.0,-10.0
4155,235839,-8.0,0,65,0.097201,690.3215,True,False,wall,0.0,2.0,-10.0
4156,235884,-12.0,0,45,0.097174,4486.4973,True,False,wall,0.0,-2.0,-10.0
4157,235899,-22.0,0,15,0.097165,1480.7583,True,False,wall,0.0,-12.0,-10.0
4158,235920,-18.0,0,21,0.097153,972.3151,True,False,wall,0.0,-8.0,-10.0
4159,236053,-10.0,0,133,0.097075,1567.4108,True,False,wall,0.0,0.0,-10.0
4160,236102,-16.0,0,49,0.097046,783.5358,True,False,wall,0.0,-6.0,-10.0
4161,236153,-2.0,0,51,0.097016,1014.9311,True,False,wall,0.0,8.0,-10.0
4162,236199,-1.0,0,46,0.096989,550.4074,True,False,wall,0.0,9.0,-10.0
4163,236240,-5.0,1,41,0.096965,750.7487,True,False,wall,10.0,-5.0,-10.0
4164,236365,-12.0,0,125,0.096891,1820.1369,True,False,wall,0.0,-2.0,-10.0
4165,236385,-17.0,0,20,0.09688,829.6569,True,False,wall,0.0,-7.0,-10.0
4166,236455,15.0,2,70,0.096839,896.6109,True,False,wall,20.0,5.0,-10.0
4167,236510,-16.0,0,55,0.096806,1819.7657,True,False,wall,0.0,-6.0,-10.0
4168,236883,13.0,1,373,0.096589,1728.0179,True,False,wall,10.0,13.0,-10.0
4169,236912,-16.0,0,29,0.096572,1563.9629,True,False,wall,0.0,-6.0,-10.0
4170,236984,-9.0,0,72,0.09653,2625.2318,True,False,wall,0.0,1.0,-10.0
4171,237016,-17.0,0,32,0.096511,829.7826,True,False,wall,0.0,-7.0,-10.0
4172,237068,-21.0,0,52,0.096481,1469.7108,True,False,wall,0.0,-11.0,-10.0
4173,237208,-15.0,0,140,0.0964,1227.1275,True,False,wall,0.0,-5.0,-10.0
4174,237241,-16.0,0,33,0.096381,588.5577,True,False,wall,0.0,-6.0,-10.0
4175,237315,6.0,1,74,0.096338,712.4637,True,False,wall,10.0,6.0,-10.0
4176,237329,-13.0,0,14,0.09633,512.5398,True,False,wall,0.0,-3.0,-10.0
4177,237350,-2.0,0,21,0.096317,3888.3155,True,False,wall,0.0,8.0,-10.0
4178,237426,-7.0,0,76,0.096274,488.4306,True,False,wall,0.0,3.0,-10.0
4179,237438,10.0,1,12,0.096267,5565.5157,True,False,wall,10.0,10.0,-10.0
4180,237499,-1.0,1,61,0.096231,1515.8308,True,False,wall,10.0,-1.0,-10.0
4181,237511,-13.0,0,12,0.096224,558.9181,True,False,wall,0.0,-3.0,-10.0
4182,237526,-8.0,0,15,0.096216,507.5256,True,False,wall,0.0,2.0,-10.0
4183,237683,-14.0,0,157,0.096125,1173.8496,True,False,wall,0.0,-4.0,-10.0
4184,237874,-16.0,0,191,0.096015,832.2063,True,False,wall,0.0,-6.0,-10.0
4185,237935,11.0,1,61,0.09598,726.3066,True,False,wall,10.0,11.0,-10.0
4186,237960,-18.0,0,25,0.095966,2017.104,True,False,wall,0.0,-8.0,-10.0
4187,237987,-12.0,0,27,0.09595,755.5057,True,False,wall,0.0,-2.0,-10.0
4188,238014,-20.0,0,27,0.095935,279.6393,True,False,wall,0.0,-10.0,-10.0
4189,238030,-13.0,0,16,0.095925,1070.9829,True,False,wall,0.0,-3.0,-10.0
4190,238195,-22.0,0,165,0.095831,505.2434,True,False,wall,0.0,-12.0,-10.0
4191,238236,-10.0,0,41,0.095807,393.7129,True,False,wall,0.0,0.0,-10.0
4192,238389,1.0,1,153,0.09572,568.8471,True,False,wall,10.0,1.0,-10.0
4193,238404,-10.0,0,15,0.095711,591.3827,True,False,wall,0.0,0.0,-10.0
4194,238443,-12.0,0,39,0.095689,407.6448,True,False,wall,0.0,-2.0,-10.0
4195,238531,-19.0,0,88,0.095639,591.2515,True,False,wall,0.0,-9.0,-10.0
4196,238553,-5.0,0,22,0.095626,353.1614,True,False,wall,0.0,5.0,-10.0
4197,238575,-15.0,0,22,0.095614,628.7692,True,False,wall,0.0,-5.0,-10.0
4198,238600,-20.0,0,25,0.095599,1283.3858,True,False,wall,0.0,-10.0,-10.0
4199,238640,-17.0,0,40,0.095577,466.4702,True,False,wall,0.0,-7.0,-10.0
4200,238667,-16.0,0,27,0.095561,373.5419,True,False,wall,0.0,-6.0,-10.0
4201,238693,-23.0,0,26,0.095546,307.5634,True,False,wall,0.0,-13.0,-10.0
4202,238727,-23.0,0,34,0.095527,292.3522,True,False,wall,0.0,-13.0,-10.0
4203,238744,-16.0,0,17,0.095517,340.4316,True,False,wall,0.0,-6.0,-10.0
4204,238787,-10.0,0,43,0.095493,427.6738,True,False,wall,0.0,0.0,-10.0
4205,238802,-8.0,0,15,0.095484,175.9728,True,False,wall,0.0,2.0,-10.0
4206,238827,-14.0,0,25,0.09547,429.395,True,False,wall,0.0,-4.0,-10.0
4207,238871,38.0,3,44,0.095445,1169.4306,True,False,wall,30.0,18.0,-10.0
4208,238914,-6.0,0,43,0.095421,1403.4709,True,False,wall,0.0,4.0,-10.0
4209,238971,-24.0,0,57,0.095388,701.4655,True,False,wall,0.0,-14.0,-10.0
4210,239008,-14.0,0,37,0.095367,1542.8824,True,False,wall,0.0,-4.0,-10.0
4211,239074,-5.0,0,66,0.09533,265.5524,True,False,wall,0.0,5.0,-10.0
4212,239132,10.0,1,58,0.095297,849.3341,True,False,wall,10.0,10.0,-10.0
4213,239162,-17.0,0,30,0.09528,795.2093,True,False,wall,0.0,-7.0,-10.0
4214,239222,-15.0,0,60,0.095246,260.0983,True,False,wall,0.0,-5.0,-10.0
4215,239241,-16.0,0,19,0.095236,308.6393,True,False,wall,0.0,-6.0,-10.0
4216,239261,14.0,1,20,0.095224,548.0216,True,False,wall,10.0,14.0,-10.0
4217,239408,22.0,2,147,0.095141,443.9948,True,False,wall,20.0,12.0,-10.0
4218,239432,-15.0,0,24,0.095128,252.1827,True,False,wall,0.0,-5.0,-10.0
4219,239448,-3.0,0,16,0.095119,241.0035,True,False,wall,0.0,7.0,-10.0
4220,239485,5.0,1,37,0.095098,361.3725,True,False,wall,10.0,5.0,-10.0
4221,239517,-21.0,0,32,0.09508,261.2943,True,False,wall,0.0,-11.0,-10.0
4222,239599,-9.0,0,82,0.095034,442.9952,True,False,wall,0.0,1.0,-10.0
4223,239611,-17.0,0,12,0.095027,760.5405,True,False,wall,0.0,-7.0,-10.0
4224,239671,-12.0,1,60,0.094993,479.045,True,False,wall,10.0,-12.0,-10.0
4225,239742,-6.0,0,71,0.094953,303.9403,True,False,wall,0.0,4.0,-10.0
4226,239751,-8.0,0,9,0.094948,238.5462,True,False,wall,0.0,2.0,-10.0
4227,239804,-10.0,0,53,0.094918,996.1726,True,False,wall,0.0,0.0,-10.0
4228,239827,-6.0,0,23,0.094905,314.9297,True,False,wall,0.0,4.0,-10.0
4229,239840,-2.0,0,13,0.094898,279.5793,True,False,wall,0.0,8.0,-10.0
4230,239852,-17.0,0,12,0.094891,188.2077,True,False,wall,0.0,-7.0,-10.0
4231,239907,-18.0,0,55,0.09486,675.4134,True,False,wall,0.0,-8.0,-10.0
4232,239921,-21.0,0,14,0.094853,440.3564,True,False,wall,0.0,-11.0,-10.0
4233,239997,-7.0,0,76,0.09481,604.182,True,False,wall,0.0,3.0,-10.0
4234,240006,-18.0,0,9,0.094805,348.2454,True,False,wall,0.0,-8.0,-10.0
4235,240038,-7.0,0,32,0.094787,290.7457,True,False,wall,0.0,3.0,-10.0
4236,240123,-22.0,0,85,0.09474,324.0241,True,False,wall,0.0,-12.0,-10.0
4237,240160,-24.0,0,37,0.094719,351.1194,True,False,wall,0.0,-14.0,-10.0
4238,240174,-5.0,0,14,0.094711,389.2107,True,False,wall,0.0,5.0,-10.0
4239,240239,-4.0,0,65,0.094675,562.0891,True,False,wall,0.0,6.0,-10.0
4240,240281,-15.0,0,42,0.094651,371.9191,True,False,wall,0.0,-5.0,-10.0
4241,240349,-9.0,0,68,0.094613,1006.427,True,False,wall,0.0,1.0,-10.0
4242,240364,-10.0,0,15,0.094605,498.7967,True,False,wall,0.0,0.0,-10.0
4243,240464,-7.0,0,100,0.094549,617.7026,True,False,wall,0.0,3.0,-10.0
4244,240485,-14.0,0,21,0.094538,327.2274,True,False,wall,0.0,-4.0,-10.0
4245,240543,-19.0,0,58,0.094505,388.9345,True,False,wall,0.0,-9.0,-10.0
4246,240646,-20.0,0,103,0.094448,445.6223,True,False,wall,0.0,-10.0,-10.0
4247,240668,-5.0,0,22,0.094436,173.8535,True,False,wall,0.0,5.0,-10.0
4248,240824,-13.0,0,156,0.094349,472.5691,True,False,wall,0.0,-3.0,-10.0
4249,240888,-19.0,0,64,0.094314,363.5413,True,False,wall,0.0,-9.0,-10.0
4250,240914,-15.0,0,26,0.094299,292.3664,True,False,wall,0.0,-5.0,-10.0
4251,240923,-8.0,0,9,0.094294,287.3315,True,False,wall,0.0,2.0,-10.0
4252,240944,-20.0,0,21,0.094283,442.3164,True,False,wall,0.0,-10.0,-10.0
4253,240983,-7.0,1,39,0.094261,315.9755,True,False,wall,10.0,-7.0,-10.0
4254,241176,11.0,1,193,0.094154,991.0798,True,False,wall,10.0,11.0,-10.0
4255,241251,-3.0,1,75,0.094113,221.9071,True,False,wall,10.0,-3.0,-10.0
4256,241279,-17.0,0,28,0.094098,236.0743,True,False,wall,0.0,-7.0,-10.0
4257,241322,-1.0,1,43,0.094074,400.8859,True,False,wall,10.0,-1.0,-10.0
4258,241433,-22.0,0,111,0.094013,285.7665,True,False,wall,0.0,-12.0,-10.0
4259,241676,-18.0,0,243,0.093879,498.2381,True,False,wall,0.0,-8.0,-10.0
4260,241713,-12.0,0,37,0.093859,2487.7101,True,False,wall,0.0,-2.0,-10.0
4261,241868,-12.0,0,155,0.093774,453.096,True,False,wall,0.0,-2.0,-10.0
4262,241931,11.0,1,63,0.09374,655.4879,True,False,wall,10.0,11.0,-10.0
4263,241944,-6.0,0,13,0.093733,1524.5167,True,False,wall,0.0,4.0,-10.0
4264,242003,-6.0,0,59,0.0937,803.4375,True,False,wall,0.0,4.0,-10.0
4265,242020,-20.0,0,17,0.093691,492.5391,True,False,wall,0.0,-10.0,-10.0
4266,242073,-18.0,0,53,0.093662,1567.5609,True,False,wall,0.0,-8.0,-10.0
4267,242200,-20.0,0,127,0.093593,1867.1382,True,False,wall,0.0,-10.0,-10.0
4268,242312,-2.0,1,112,0.093532,1966.1607,True,False,wall,10.0,-2.0,-10.0
4269,242332,-9.0,0,20,0.093521,4174.7733,True,False,wall,0.0,1.0,-10.0
4270,242365,-12.0,0,33,0.093503,2143.6958,True,False,wall,0.0,-2.0,-10.0
4271,242466,-6.0,0,101,0.093448,1218.7588,True,False,wall,0.0,4.0,-10.0
4272,242538,25.0,2,72,0.093409,2860.5317,True,False,wall,20.0,15.0,-10.0
4273,242569,-12.0,0,31,0.093392,4233.129,True,False,wall,0.0,-2.0,-10.0
4274,242623,-6.0,1,54,0.093363,2702.4795,True,False,wall,10.0,-6.0,-10.0
4275,242647,-7.0,0,24,0.09335,3811.19,True,False,wall,0.0,3.0,-10.0
4276,242668,-16.0,0,21,0.093339,360.8968,True,False,wall,0.0,-6.0,-10.0
4277,242777,5.0,1,109,0.09328,790.9566,True,False,wall,10.0,5.0,-10.0
4278,242843,-21.0,0,66,0.093244,611.8208,True,False,wall,0.0,-11.0,-10.0
4279,242890,-20.0,0,47,0.093219,384.2323,True,False,wall,0.0,-10.0,-10.0
4280,242937,-20.0,0,47,0.093193,314.5982,True,False,wall,0.0,-10.0,-10.0
4281,242956,-16.0,0,19,0.093183,312.1317,True,False,wall,0.0,-6.0,-10.0
4282,242978,1.0,0,22,0.093171,258.8202,True,False,wall,0.0,11.0,-10.0
4283,243031,-3.0,1,53,0.093142,178.7881,True,False,wall,10.0,-3.0,-10.0
4284,243045,-3.0,0,14,0.093135,132.0776,True,False,wall,0.0,7.0,-10.0
4285,243088,-1.0,1,43,0.093112,685.5294,True,False,wall,10.0,-1.0,-10.0
4286,243151,-10.0,0,63,0.093078,183.5829,True,False,wall,0.0,0.0,-10.0
4287,243173,-13.0,0,22,0.093066,143.1305,True,False,wall,0.0,-3.0,-10.0
4288,243211,-11.0,0,38,0.093045,137.5161,True,False,wall,0.0,-1.0,-10.0
4289,243239,10.0,1,28,0.09303,103.0779,True,False,wall,10.0,10.0,-10.0
4290,243470,20.0,2,231,0.092906,221.1171,True,False,wall,20.0,10.0,-10.0
4291,243696,-9.0,0,226,0.092785,333.9856,True,False,wall,0.0,1.0,-10.0
4292,243739,-12.0,0,43,0.092762,153.5828,True,False,wall,0.0,-2.0,-10.0
4293,243758,-16.0,0,19,0.092752,112.2684,True,False,wall,0.0,-6.0,-10.0
4294,243825,-12.0,0,67,0.092716,127.6715,True,False,wall,0.0,-2.0,-10.0
4295,243840,-24.0,0,15,0.092708,448.1073,True,False,wall,0.0,-14.0,-10.0
4296,243903,-3.0,1,63,0.092675,121.9888,True,False,wall,10.0,-3.0,-10.0
4297,243979,-9.0,0,76,0.092634,210.598,True,False,wall,0.0,1.0,-10.0
4298,244023,-7.0,0,44,0.092611,154.0934,True,False,wall,0.0,3.0,-10.0
4299,244094,-22.0,0,71,0.092573,137.148,True,False,wall,0.0,-12.0,-10.0
4300,244140,-17.0,0,46,0.092549,148.3508,True,False,wall,0.0,-7.0,-10.0
4301,244274,-15.0,0,134,0.092477,114.0311,True,False,wall,0.0,-5.0,-10.0
4302,244370,-15.0,0,96,0.092426,98.8111,True,False,wall,0.0,-5.0,-10.0
4303,244398,-13.0,0,28,0.092412,71.0059,True,False,wall,0.0,-3.0,-10.0
4304,244424,-13.0,0,26,0.092398,70.9057,True,False,wall,0.0,-3.0,-10.0
4305,244457,-5.0,1,33,0.09238,76.5868,True,False,wall,10.0,-5.0,-10.0
4306,244477,-13.0,0,20,0.09237,188.7093,True,False,wall,0.0,-3.0,-10.0
4307,244640,13.0,1,163,0.092283,73.2631,True,False,wall,10.0,13.0,-10.0
4308,244669,-20.0,0,29,0.092268,61.5865,True,False,wall,0.0,-10.0,-10.0
4309,244724,-4.0,0,55,0.092239,64.215,True,False,wall,0.0,6.0,-10.0
4310,244749,-3.0,1,25,0.092226,126.3278,True,False,wall,10.0,-3.0,-10.0
4311,244826,-22.0,0,77,0.092185,66.7767,True,False,wall,0.0,-12.0,-10.0
4312,244879,-14.0,0,53,0.092157,100.0479,True,False,wall,0.0,-4.0,-10.0
4313,244922,-22.0,0,43,0.092135,293.8462,True,False,wall,0.0,-12.0,-10.0
4314,244985,-12.0,0,63,0.092101,134.6589,True,False,wall,0.0,-2.0,-10.0
4315,245045,-13.0,0,60,0.09207,96.1414,True,False,wall,0.0,-3.0,-10.0
4316,245063,-15.0,0,18,0.09206,87.9806,True,False,wall,0.0,-5.0,-10.0
4317,245086,-13.0,1,23,0.092048,229.531,True,False,wall,10.0,-13.0,-10.0
4318,245138,-13.0,0,52,0.092021,80.7271,True,False,wall,0.0,-3.0,-10.0
4319,245146,-13.0,0,8,0.092017,58.3771,True,False,wall,0.0,-3.0,-10.0
4320,245177,-12.0,0,31,0.092001,190.2222,True,False,wall,0.0,-2.0,-10.0
4321,245231,-3.0,0,54,0.091972,78.3526,True,False,wall,0.0,7.0,-10.0
4322,245290,-18.0,0,59,0.091941,125.5811,True,False,wall,0.0,-8.0,-10.0
4323,245317,-6.0,0,27,0.091927,68.4495,True,False,wall,0.0,4.0,-10.0
4324,245368,9.0,1,51,0.0919,83.0878,True,False,wall,10.0,9.0,-10.0
4325,245435,-18.0,0,67,0.091865,80.2735,True,False,wall,0.0,-8.0,-10.0
4326,245550,-22.0,0,115,0.091805,93.1737,True,False,wall,0.0,-12.0,-10.0
4327,245593,-14.0,0,43,0.091783,98.2287,True,False,wall,0.0,-4.0,-10.0
4328,245773,-11.0,0,180,0.091689,67.7985,True,False,wall,0.0,-1.0,-10.0
4329,245788,-20.0,0,15,0.091681,66.5421,True,False,wall,0.0,-10.0,-10.0
4330,245863,24.0,2,75,0.091642,56.199,True,False,wall,20.0,14.0,-10.0
4331,245912,-12.0,0,49,0.091616,60.9708,True,False,wall,0.0,-2.0,-10.0
4332,245998,10.0,1,86,0.091572,65.6392,True,False,wall,10.0,10.0,-10.0
4333,246094,-21.0,0,96,0.091522,104.0882,True,False,wall,0.0,-11.0,-10.0
4334,246133,-20.0,0,39,0.091502,65.0472,True,False,wall,0.0,-10.0,-10.0
4335,246172,-20.0,0,39,0.091481,98.4151,True,False,wall,0.0,-10.0,-10.0
4336,246277,-18.0,0,105,0.091427,80.2737,True,False,wall,0.0,-8.0,-10.0
4337,246286,-18.0,0,9,0.091422,56.1479,True,False,wall,0.0,-8.0,-10.0
4338,246318,-9.0,0,32,0.091406,114.7223,True,False,wall,0.0,1.0,-10.0
4339,246379,5.0,1,61,0.091374,89.8511,True,False,wall,10.0,5.0,-10.0
4340,246397,-13.0,0,18,0.091365,93.0624,True,False,wall,0.0,-3.0,-10.0
4341,246488,-6.0,0,91,0.091318,71.2592,True,False,wall,0.0,4.0,-10.0
4342,246515,1.0,1,27,0.091304,101.1074,True,False,wall,10.0,1.0,-10.0
4343,246558,-24.0,0,43,0.091282,69.3096,True,False,wall,0.0,-14.0,-10.0
4344,246663,-6.0,0,105,0.091228,82.8971,True,False,wall,0.0,4.0,-10.0
4345,246764,5.0,1,101,0.091176,59.6667,True,False,wall,10.0,5.0,-10.0
4346,246793,-24.0,0,29,0.091161,48.0834,True,False,wall,0.0,-14.0,-10.0
4347,246892,-6.0,0,99,0.09111,56.6821,True,False,wall,0.0,4.0,-10.0
4348,246900,-17.0,0,8,0.091106,52.3538,True,False,wall,0.0,-7.0,-10.0
4349,246935,-18.0,0,35,0.091088,77.3102,True,False,wall,0.0,-8.0,-10.0
4350,246963,-13.0,0,28,0.091073,55.8387,True,False,wall,0.0,-3.0,-10.0
4351,247006,-12.0,0,43,0.091051,64.8641,True,False,wall,0.0,-2.0,-10.0
4352,247095,18.0,2,89,0.091006,50.1927,True,False,wall,20.0,8.0,-10.0
4353,247114,-24.0,0,19,0.090996,102.3377,True,False,wall,0.0,-14.0,-10.0
4354,247174,-13.0,0,60,0.090965,51.4944,True,False,wall,0.0,-3.0,-10.0
4355,247190,4.0,1,16,0.090957,62.9654,True,False,wall,10.0,4.0,-10.0
4356,247206,-5.0,0,16,0.090949,45.2247,True,False,wall,0.0,5.0,-10.0
4357,247229,-10.0,0,23,0.090937,42.4722,True,False,wall,0.0,0.0,-10.0
4358,247292,-18.0,0,63,0.090905,47.1392,True,False,wall,0.0,-8.0,-10.0
4359,247339,0.0,0,47,0.090881,65.3536,True,False,wall,0.0,10.0,-10.0
4360,247373,-13.0,0,34,0.090863,51.6275,True,False,wall,0.0,-3.0,-10.0
4361,247410,-14.0,0,37,0.090844,46.6739,True,False,wall,0.0,-4.0,-10.0
4362,247448,-23.0,0,38,0.090825,95.43,True,False,wall,0.0,-13.0,-10.0
4363,247471,-24.0,0,23,0.090813,50.5268,True,False,wall,0.0,-14.0,-10.0
4364,247557,-11.0,0,86,0.090769,70.6493,True,False,wall,0.0,-1.0,-10.0
4365,247576,-16.0,0,19,0.09076,48.7064,True,False,wall,0.0,-6.0,-10.0
4366,247609,17.0,1,33,0.090743,82.2333,True,False,wall,10.0,17.0,-10.0
4367,247630,-16.0,0,21,0.090732,43.1122,True,False,wall,0.0,-6.0,-10.0
4368,247684,-9.0,0,54,0.090705,49.1731,True,False,wall,0.0,1.0,-10.0
4369,247795,34.0,2,111,0.090648,69.0899,True,False,wall,20.0,24.0,-10.0
4370,247832,-12.0,0,37,0.09063,89.8375,True,False,wall,0.0,-2.0,-10.0
4371,247890,19.0,2,58,0.0906,96.4841,True,False,wall,20.0,9.0,-10.0
4372,247910,-1.0,0,20,0.09059,59.1239,True,False,wall,0.0,9.0,-10.0
4373,247931,-14.0,0,21,0.090579,54.5472,True,False,wall,0.0,-4.0,-10.0
4374,248033,-15.0,0,102,0.090528,48.5272,True,False,wall,0.0,-5.0,-10.0
4375,248060,-20.0,0,27,0.090514,60.3524,True,False,wall,0.0,-10.0,-10.0
4376,248111,-14.0,0,51,0.090488,60.8889,True,False,wall,0.0,-4.0,-10.0
4377,248120,-16.0,0,9,0.090484,60.9464,True,False,wall,0.0,-6.0,-10.0
4378,248142,-19.0,0,22,0.090472,63.7468,True,False,wall,0.0,-9.0,-10.0
4379,248388,-23.0,0,246,0.090348,69.2876,True,False,wall,0.0,-13.0,-10.0
4380,248399,-16.0,0,11,0.090343,47.056,True,False,wall,0.0,-6.0,-10.0
4381,248411,-3.0,0,12,0.090337,45.0491,True,False,wall,0.0,7.0,-10.0
4382,248437,-17.0,0,26,0.090323,68.9137,True,False,wall,0.0,-7.0,-10.0
4383,248462,9.0,1,25,0.090311,56.1684,True,False,wall,10.0,9.0,-10.0
4384,248589,1.0,1,127,0.090247,57.7173,True,False,wall,10.0,1.0,-10.0
4385,248616,-14.0,0,27,0.090233,62.1528,True,False,wall,0.0,-4.0,-10.0
4386,248659,-22.0,0,43,0.090212,67.5313,True,False,wall,0.0,-12.0,-10.0
4387,248682,-14.0,0,23,0.0902,65.336,True,False,wall,0.0,-4.0,-10.0
4388,248701,13.0,1,19,0.090191,58.8814,True,False,wall,10.0,13.0,-10.0
4389,248809,-15.0,0,108,0.090136,69.0885,True,False,wall,0.0,-5.0,-10.0
4390,248850,-24.0,0,41,0.090116,88.0295,True,False,wall,0.0,-14.0,-10.0
4391,248911,-14.0,0,61,0.090085,83.1865,True,False,wall,0.0,-4.0,-10.0
4392,248989,-11.0,0,78,0.090046,87.2952,True,False,wall,0.0,-1.0,-10.0
4393,249047,16.0,1,58,0.090017,112.3728,True,False,wall,10.0,16.0,-10.0
4394,249071,-11.0,0,24,0.090005,207.2895,True,False,wall,0.0,-1.0,-10.0
4395,249143,-17.0,0,72,0.089969,165.0734,True,False,wall,0.0,-7.0,-10.0
4396,249275,-13.0,0,132,0.089903,97.5224,True,False,wall,0.0,-3.0,-10.0
4397,249400,3.0,1,125,0.089841,95.9515,True,False,wall,10.0,3.0,-10.0
4398,249432,-5.0,0,32,0.089825,63.2898,True,False,wall,0.0,5.0,-10.0
4399,249514,-7.0,0,82,0.089784,60.6659,True,False,wall,0.0,3.0,-10.0
4400,249537,-18.0,0,23,0.089773,61.3182,True,False,wall,0.0,-8.0,-10.0
4401,249610,-12.0,0,73,0.089736,77.5372,True,False,wall,0.0,-2.0,-10.0
4402,249629,-8.0,0,19,0.089727,48.3609,True,False,wall,0.0,2.0,-10.0
4403,249649,-13.0,0,20,0.089717,39.0848,True,False,wall,0.0,-3.0,-10.0
4404,249725,-2.0,1,76,0.089679,53.8436,True,False,wall,10.0,-2.0,-10.0
4405,249834,-14.0,0,109,0.089625,47.2854,True,False,wall,0.0,-4.0,-10.0
4406,249851,-16.0,0,17,0.089617,51.5262,True,False,wall,0.0,-6.0,-10.0
4407,249860,-10.0,0,9,0.089613,50.5923,True,False,wall,0.0,0.0,-10.0
4408,250006,-6.0,1,146,0.08954,54.3118,True,False,wall,10.0,-6.0,-10.0
4409,250019,-22.0,0,13,0.089534,47.45,True,False,wall,0.0,-12.0,-10.0
4410,250056,-12.0,0,37,0.089516,47.5583,True,False,wall,0.0,-2.0,-10.0
4411,250157,1.0,1,101,0.089466,58.6479,True,False,wall,10.0,1.0,-10.0
4412,250167,-19.0,0,10,0.089461,77.4397,True,False,wall,0.0,-9.0,-10.0
4413,250233,17.0,2,66,0.089428,52.5447,True,False,wall,20.0,7.0,-10.0
4414,250373,-13.0,0,140,0.089359,50.1035,True,False,wall,0.0,-3.0,-10.0
4415,250400,-14.0,0,27,0.089346,105.9238,True,False,wall,0.0,-4.0,-10.0
4416,250445,-4.0,0,45,0.089324,52.5154,True,False,wall,0.0,6.0,-10.0
4417,250475,-5.0,0,30,0.089309,75.6111,True,False,wall,0.0,5.0,-10.0
4418,250558,-18.0,0,83,0.089268,54.1882,True,False,wall,0.0,-8.0,-10.0
4419,250576,-23.0,0,18,0.08926,48.3636,True,False,wall,0.0,-13.0,-10.0
4420,250593,9.0,1,17,0.089251,37.6855,True,False,wall,10.0,9.0,-10.0
4421,250608,-18.0,0,15,0.089244,35.5048,True,False,wall,0.0,-8.0,-10.0
4422,250720,4.0,1,112,0.089189,56.8536,True,False,wall,10.0,4.0,-10.0
4423,250820,-7.0,0,100,0.08914,49.284,True,False,wall,0.0,3.0,-10.0
4424,250863,-24.0,0,43,0.089119,42.8416,True,False,wall,0.0,-14.0,-10.0
4425,250928,-8.0,0,65,0.089087,53.2317,True,False,wall,0.0,2.0,-10.0
4426,250958,-13.0,0,30,0.089073,41.6724,True,False,wall,0.0,-3.0,-10.0
4427,250996,0.0,1,38,0.089054,70.0521,True,False,wall,10.0,0.0,-10.0
4428,251115,-18.0,0,119,0.088996,51.818,True,False,wall,0.0,-8.0,-10.0
4429,251164,-16.0,0,49,0.088972,45.7632,True,False,wall,0.0,-6.0,-10.0
4430,251181,-12.0,0,17,0.088964,37.4366,True,False,wall,0.0,-2.0,-10.0
4431,251284,-8.0,0,103,0.088914,58.6604,True,False,wall,0.0,2.0,-10.0
4432,251324,-13.0,0,40,0.088894,46.213,True,False,wall,0.0,-3.0,-10.0
4433,251462,-2.0,1,138,0.088827,55.5861,True,False,wall,10.0,-2.0,-10.0
4434,251475,-20.0,0,13,0.088821,44.829,True,False,wall,0.0,-10.0,-10.0
4435,251516,-10.0,0,41,0.088801,71.0402,True,False,wall,0.0,0.0,-10.0
4436,251549,-3.0,1,33,0.088785,60.8491,True,False,wall,10.0,-3.0,-10.0
4437,251599,-9.0,0,50,0.088761,44.1622,True,False,wall,0.0,1.0,-10.0
4438,251621,-17.0,0,22,0.08875,46.118,True,False,wall,0.0,-7.0,-10.0
4439,251669,-11.0,0,48,0.088727,51.5202,True,False,wall,0.0,-1.0,-10.0
4440,251726,18.0,2,57,0.088699,62.594,True,False,wall,20.0,8.0,-10.0
4441,251758,6.0,1,32,0.088684,53.3547,True,False,wall,10.0,6.0,-10.0
4442,251838,-4.0,1,80,0.088645,83.9774,True,False,wall,10.0,-4.0,-10.0
4443,251895,-16.0,0,57,0.088618,49.2387,True,False,wall,0.0,-6.0,-10.0
4444,251970,-14.0,0,75,0.088581,46.8409,True,False,wall,0.0,-4.0,-10.0
4445,251991,-18.0,0,21,0.088571,53.2671,True,False,wall,0.0,-8.0,-10.0
4446,252047,-9.0,0,56,0.088544,47.1974,True,False,wall,0.0,1.0,-10.0
4447,252126,-16.0,0,79,0.088506,48.2241,True,False,wall,0.0,-6.0,-10.0
4448,252158,-15.0,0,32,0.088491,58.3516,True,False,wall,0.0,-5.0,-10.0
4449,252174,-13.0,0,16,0.088483,38.1129,True,False,wall,0.0,-3.0,-10.0
4450,252279,-16.0,0,105,0.088433,45.3585,True,False,wall,0.0,-6.0,-10.0
4451,252306,7.0,1,27,0.08842,57.7619,True,False,wall,10.0,7.0,-10.0
4452,252341,-6.0,0,35,0.088403,40.5069,True,False,wall,0.0,4.0,-10.0
4453,252371,4.0,1,30,0.088388,39.1971,True,False,wall,10.0,4.0,-10.0
4454,252580,-6.0,0,209,0.088288,46.2944,True,False,wall,0.0,4.0,-10.0
4455,252603,-8.0,0,23,0.088277,51.3036,True,False,wall,0.0,2.0,-10.0
4456,252747,-17.0,0,144,0.088208,57.4908,True,False,wall,0.0,-7.0,-10.0
4457,252780,-24.0,0,33,0.088193,40.3855,True,False,wall,0.0,-14.0,-10.0
4458,252793,-6.0,0,13,0.088187,44.1716,True,False,wall,0.0,4.0,-10.0
4459,252970,5.0,1,177,0.088102,41.83,True,False,wall,10.0,5.0,-10.0
4460,252983,-22.0,0,13,0.088096,34.9449,True,False,wall,0.0,-12.0,-10.0
4461,253041,-11.0,0,58,0.088068,43.541,True,False,wall,0.0,-1.0,-10.0
4462,253070,-12.0,0,29,0.088055,51.7276,True,False,wall,0.0,-2.0,-10.0
4463,253103,-8.0,0,33,0.088039,44.0441,True,False,wall,0.0,2.0,-10.0
4464,253132,11.0,1,29,0.088025,60.5993,True,False,wall,10.0,11.0,-10.0
4465,253183,-14.0,0,51,0.088001,36.749,True,False,wall,0.0,-4.0,-10.0
4466,253285,-19.0,0,102,0.087952,49.7959,True,False,wall,0.0,-9.0,-10.0
4467,253297,-13.0,0,12,0.087947,38.8415,True,False,wall,0.0,-3.0,-10.0
4468,253371,-13.0,0,74,0.087912,65.9228,True,False,wall,0.0,-3.0,-10.0
4469,253421,-15.0,0,50,0.087888,58.3646,True,False,wall,0.0,-5.0,-10.0
4470,253453,-11.0,0,32,0.087873,47.8683,True,False,wall,0.0,-1.0,-10.0
4471,253576,-16.0,0,123,0.087815,50.8275,True,False,wall,0.0,-6.0,-10.0
4472,253615,-14.0,0,39,0.087796,56.3757,True,False,wall,0.0,-4.0,-10.0
4473,253671,-3.0,0,56,0.08777,57.625,True,False,wall,0.0,7.0,-10.0
4474,253725,-5.0,0,54,0.087744,64.014,True,False,wall,0.0,5.0,-10.0
4475,253749,-3.0,0,24,0.087733,47.437,True,False,wall,0.0,7.0,-10.0
4476,253810,-1.0,1,61,0.087704,47.9729,True,False,wall,10.0,-1.0,-10.0
4477,253871,-4.0,0,61,0.087675,57.9282,True,False,wall,0.0,6.0,-10.0
4478,253993,-23.0,0,122,0.087618,57.073,True,False,wall,0.0,-13.0,-10.0
4479,254030,11.0,1,37,0.087601,58.4058,True,False,wall,10.0,11.0,-10.0
4480,254135,30.0,2,105,0.087551,50.3456,True,False,wall,20.0,20.0,-10.0
4481,254189,-9.0,0,54,0.087526,46.6531,True,False,wall,0.0,1.0,-10.0
4482,254226,-12.0,0,37,0.087509,40.6478,True,False,wall,0.0,-2.0,-10.0
4483,254252,10.0,1,26,0.087496,40.4176,True,False,wall,10.0,10.0,-10.0
4484,254275,-16.0,0,23,0.087486,52.0082,True,False,wall,0.0,-6.0,-10.0
4485,254432,7.0,1,157,0.087412,53.9861,True,False,wall,10.0,7.0,-10.0
4486,254476,-7.0,0,44,0.087392,46.0573,True,False,wall,0.0,3.0,-10.0
4487,254605,-16.0,0,129,0.087331,50.8592,True,False,wall,0.0,-6.0,-10.0
4488,254682,19.0,1,77,0.087295,50.837,True,False,wall,10.0,19.0,-10.0
4489,254697,-12.0,0,15,0.087288,78.8771,True,False,wall,0.0,-2.0,-10.0
4490,254712,-10.0,0,15,0.087281,61.1867,True,False,wall,0.0,0.0,-10.0
4491,254754,-23.0,0,42,0.087262,36.3499,True,False,wall,0.0,-13.0,-10.0
4492,254779,-12.0,0,25,0.08725,41.6816,True,False,wall,0.0,-2.0,-10.0
4493,254802,-22.0,0,23,0.087239,55.0177,True,False,wall,0.0,-12.0,-10.0
4494,254861,14.0,2,59,0.087212,41.6071,True,False,wall,20.0,4.0,-10.0
4495,254923,-15.0,0,62,0.087183,97.5188,True,False,wall,0.0,-5.0,-10.0
4496,254992,-18.0,0,69,0.087151,53.0965,True,False,wall,0.0,-8.0,-10.0
4497,255051,7.0,1,59,0.087124,53.4264,True,False,wall,10.0,7.0,-10.0
4498,255204,-22.0,0,153,0.087053,50.309,True,False,wall,0.0,-12.0,-10.0
4499,255271,-4.0,0,67,0.087022,62.3081,True,False,wall,0.0,6.0,-10.0
4500,255339,0.0,1,68,0.08699,58.8659,True,False,wall,10.0,0.0,-10.0
4501,255361,-3.0,0,22,0.08698,42.1964,True,False,wall,0.0,7.0,-10.0
4502,255374,-22.0,0,13,0.086974,103.055,True,False,wall,0.0,-12.0,-10.0
4503,255440,-6.0,1,66,0.086944,41.946,True,False,wall,10.0,-6.0,-10.0
4504,255478,8.0,1,38,0.086926,40.8413,True,False,wall,10.0,8.0,-10.0
4505,255498,1.0,0,20,0.086917,44.8078,True,False,wall,0.0,11.0,-10.0
4506,255580,-7.0,0,82,0.086879,44.8076,True,False,wall,0.0,3.0,-10.0
4507,255615,-8.0,0,35,0.086863,48.988,True,False,wall,0.0,2.0,-10.0
4508,255660,-1.0,1,45,0.086842,42.3649,True,False,wall,10.0,-1.0,-10.0
4509,255709,-8.0,0,49,0.08682,51.4954,True,False,wall,0.0,2.0,-10.0
4510,255861,16.0,1,152,0.08675,61.2788,True,False,wall,10.0,16.0,-10.0
4511,255910,-11.0,1,49,0.086727,63.6089,True,False,wall,10.0,-11.0,-10.0
4512,256022,-13.0,0,112,0.086676,55.008,True,False,wall,0.0,-3.0,-10.0
4513,256102,-19.0,0,80,0.086639,44.5431,True,False,wall,0.0,-9.0,-10.0
4514,256190,-9.0,0,88,0.086599,61.4445,True,False,wall,0.0,1.0,-10.0
4515,256229,3.0,1,39,0.086581,76.3491,True,False,wall,10.0,3.0,-10.0
4516,256271,-19.0,0,42,0.086562,56.8598,True,False,wall,0.0,-9.0,-10.0
4517,256299,10.0,1,28,0.086549,42.7118,True,False,wall,10.0,10.0,-10.0
4518,256348,-8.0,0,49,0.086527,67.2803,True,False,wall,0.0,2.0,-10.0
4519,256369,-16.0,0,21,0.086517,47.4711,True,False,wall,0.0,-6.0,-10.0
4520,256407,-15.0,0,38,0.0865,85.1642,True,False,wall,0.0,-5.0,-10.0
4521,256456,-4.0,0,49,0.086477,55.2375,True,False,wall,0.0,6.0,-10.0
4522,256476,8.0,1,20,0.086468,73.4301,True,False,wall,10.0,8.0,-10.0
4523,256616,15.0,2,140,0.086405,89.3336,True,False,wall,20.0,5.0,-10.0
4524,256655,-20.0,0,39,0.086387,47.7712,True,False,wall,0.0,-10.0,-10.0
4525,256682,-16.0,0,27,0.086375,43.3855,True,False,wall,0.0,-6.0,-10.0
4526,257300,-15.0,0,618,0.086095,53.7311,True,False,wall,0.0,-5.0,-10.0
4527,257371,-14.0,0,71,0.086063,43.2448,True,False,wall,0.0,-4.0,-10.0
4528,257400,-18.0,0,29,0.08605,43.4028,True,False,wall,0.0,-8.0,-10.0
4529,257467,-10.0,0,67,0.086019,35.9847,True,False,wall,0.0,0.0,-10.0
4530,257521,26.0,1,54,0.085995,51.0971,True,False,wall,10.0,26.0,-10.0
4531,257575,4.0,1,54,0.085971,53.9678,True,False,wall,10.0,4.0,-10.0
4532,257591,1.0,0,16,0.085964,59.7628,True,False,wall,0.0,11.0,-10.0
4533,257619,-7.0,0,28,0.085951,39.5389,True,False,wall,0.0,3.0,-10.0
4534,257666,-10.0,0,47,0.08593,65.0495,True,False,wall,0.0,0.0,-10.0
4535,257680,-11.0,0,14,0.085924,46.7956,True,False,wall,0.0,-1.0,-10.0
4536,257737,16.0,2,57,0.085898,62.3371,True,False,wall,20.0,6.0,-10.0
4537,257801,2.0,1,64,0.085869,54.8658,True,False,wall,10.0,2.0,-10.0
4538,257872,-20.0,0,71,0.085837,41.4834,True,False,wall,0.0,-10.0,-10.0
4539,257914,-7.0,0,42,0.085819,41.884,True,False,wall,0.0,3.0,-10.0
4540,258035,-1.0,1,121,0.085765,41.9004,True,False,wall,10.0,-1.0,-10.0
4541,258045,-1.0,0,10,0.08576,55.0318,True,False,wall,0.0,9.0,-10.0
4542,258236,-5.0,1,191,0.085675,45.2744,True,False,wall,10.0,-5.0,-10.0
4543,258248,8.0,1,12,0.085669,36.5349,True,False,wall,10.0,8.0,-10.0
4544,258270,-17.0,0,22,0.08566,44.5666,True,False,wall,0.0,-7.0,-10.0
4545,258324,-15.0,0,54,0.085636,50.7734,True,False,wall,0.0,-5.0,-10.0
4546,258362,-2.0,1,38,0.085619,51.5033,True,False,wall,10.0,-2.0,-10.0
4547,258511,13.0,1,149,0.085552,57.1679,True,False,wall,10.0,13.0,-10.0
4548,258523,-17.0,0,12,0.085547,97.5418,True,False,wall,0.0,-7.0,-10.0
4549,258553,-21.0,0,30,0.085534,41.4151,True,False,wall,0.0,-11.0,-10.0
4550,258582,-22.0,0,29,0.085521,50.503,True,False,wall,0.0,-12.0,-10.0
4551,258627,-18.0,0,45,0.085501,50.9364,True,False,wall,0.0,-8.0,-10.0
4552,258811,6.0,1,184,0.085419,40.9191,True,False,wall,10.0,6.0,-10.0
4553,258831,-1.0,0,20,0.08541,45.9992,True,False,wall,0.0,9.0,-10.0
4554,258900,-12.0,0,69,0.08538,67.6617,True,False,wall,0.0,-2.0,-10.0
4555,258934,-1.0,0,34,0.085365,215.6503,True,False,wall,0.0,9.0,-10.0
4556,258956,-5.0,0,22,0.085355,150.3605,True,False,wall,0.0,5.0,-10.0
4557,259047,-12.0,0,91,0.085315,79.4696,True,False,wall,0.0,-2.0,-10.0
4558,259063,-15.0,0,16,0.085308,89.0633,True,False,wall,0.0,-5.0,-10.0
4559,259120,-16.0,0,57,0.085283,75.7877,True,False,wall,0.0,-6.0,-10.0
4560,259137,-4.0,0,17,0.085275,99.5516,True,False,wall,0.0,6.0,-10.0
4561,259181,-17.0,0,44,0.085256,106.4595,True,False,wall,0.0,-7.0,-10.0
4562,259254,38.0,2,73,0.085224,106.3401,True,False,wall,20.0,28.0,-10.0
4563,259341,-7.0,1,87,0.085185,77.7811,True,False,wall,10.0,-7.0,-10.0
4564,259478,-22.0,0,137,0.085125,69.5408,True,False,wall,0.0,-12.0,-10.0
4565,259505,-22.0,0,27,0.085113,53.8898,True,False,wall,0.0,-12.0,-10.0
4566,259567,-11.0,0,62,0.085086,66.1857,True,False,wall,0.0,-1.0,-10.0
4567,259613,-17.0,0,46,0.085066,65.7692,True,False,wall,0.0,-7.0,-10.0
4568,259626,-10.0,0,13,0.08506,106.6848,True,False,wall,0.0,0.0,-10.0
4569,259723,-14.0,0,97,0.085018,60.7629,True,False,wall,0.0,-4.0,-10.0
4570,259744,-14.0,0,21,0.085009,44.3228,True,False,wall,0.0,-4.0,-10.0
4571,259769,-6.0,0,25,0.084998,35.7307,True,False,wall,0.0,4.0,-10.0
4572,259823,-9.0,0,54,0.084974,51.9573,True,False,wall,0.0,1.0,-10.0
4573,260026,-2.0,0,203,0.084885,61.2404,True,False,wall,0.0,8.0,-10.0
4574,260046,-19.0,0,20,0.084877,38.3924,True,False,wall,0.0,-9.0,-10.0
4575,260063,-10.0,0,17,0.084869,99.7122,True,False,wall,0.0,0.0,-10.0
4576,260162,-18.0,0,99,0.084826,53.1414,True,False,wall,0.0,-8.0,-10.0
4577,260204,-9.0,0,42,0.084808,50.1133,True,False,wall,0.0,1.0,-10.0
4578,260278,2.0,1,74,0.084776,48.0383,True,False,wall,10.0,2.0,-10.0
4579,260337,-24.0,0,59,0.08475,66.527,True,False,wall,0.0,-14.0,-10.0
4580,260358,-20.0,0,21,0.084741,40.6103,True,False,wall,0.0,-10.0,-10.0
4581,260530,-6.0,1,172,0.084666,60.6684,True,False,wall,10.0,-6.0,-10.0
4582,260556,-13.0,0,26,0.084655,61.3715,True,False,wall,0.0,-3.0,-10.0
4583,260642,-17.0,0,86,0.084618,46.8575,True,False,wall,0.0,-7.0,-10.0
4584,260667,13.0,1,25,0.084607,51.0724,True,False,wall,10.0,13.0,-10.0
4585,260762,5.0,1,95,0.084566,49.083,True,False,wall,10.0,5.0,-10.0
4586,260953,-18.0,0,191,0.084484,51.0015,True,False,wall,0.0,-8.0,-10.0
4587,260987,-1.0,0,34,0.084469,67.5978,True,False,wall,0.0,9.0,-10.0
4588,261009,-17.0,0,22,0.084459,39.8761,True,False,wall,0.0,-7.0,-10.0
4589,261059,14.0,1,50,0.084438,51.2098,True,False,wall,10.0,14.0,-10.0
4590,261114,-8.0,0,55,0.084414,52.8224,True,False,wall,0.0,2.0,-10.0
4591,261150,-7.0,0,36,0.084399,66.9654,True,False,wall,0.0,3.0,-10.0
4592,261315,-16.0,0,165,0.084328,59.3331,True,False,wall,0.0,-6.0,-10.0
4593,261533,-2.0,1,218,0.084234,44.71,True,False,wall,10.0,-2.0,-10.0
4594,261636,-8.0,0,103,0.08419,59.3979,True,False,wall,0.0,2.0,-10.0
4595,261829,-2.0,0,193,0.084108,48.2504,True,False,wall,0.0,8.0,-10.0
4596,261846,-12.0,0,17,0.084101,41.7327,True,False,wall,0.0,-2.0,-10.0
4597,262033,-22.0,0,187,0.084021,42.632,True,False,wall,0.0,-12.0,-10.0
4598,262094,-18.0,0,61,0.083995,53.2812,True,False,wall,0.0,-8.0,-10.0
4599,262167,17.0,1,73,0.083964,46.8232,True,False,wall,10.0,17.0,-10.0
4600,262205,8.0,1,38,0.083948,54.3141,True,False,wall,10.0,8.0,-10.0
4601,262234,14.0,2,29,0.083936,49.1573,True,False,wall,20.0,4.0,-10.0
4602,262273,-12.0,0,39,0.083919,47.1462,True,False,wall,0.0,-2.0,-10.0
4603,262299,-4.0,1,26,0.083908,36.1681,True,False,wall,10.0,-4.0,-10.0
4604,262411,-17.0,0,112,0.083861,41.8096,True,False,wall,0.0,-7.0,-10.0
4605,262502,7.0,1,91,0.083822,43.2672,True,False,wall,10.0,7.0,-10.0
4606,262545,-24.0,0,43,0.083804,39.5883,True,False,wall,0.0,-14.0,-10.0
4607,262591,-9.0,0,46,0.083785,39.1119,True,False,wall,0.0,1.0,-10.0
4608,262665,-11.0,0,74,0.083753,48.7507,True,False,wall,0.0,-1.0,-10.0
4609,262980,28.0,2,315,0.083621,39.3201,True,False,wall,20.0,18.0,-10.0
4610,263046,21.0,2,66,0.083593,51.6444,True,False,wall,20.0,11.0,-10.0
4611,263106,8.0,1,60,0.083568,39.6564,True,False,wall,10.0,8.0,-10.0
4612,263134,-23.0,0,28,0.083556,39.4322,True,False,wall,0.0,-13.0,-10.0
4613,263275,-10.0,0,141,0.083497,44.7669,True,False,wall,0.0,0.0,-10.0
4614,263338,9.0,1,63,0.083471,35.305,True,False,wall,10.0,9.0,-10.0
4615,263411,11.0,1,73,0.08344,51.0469,True,False,wall,10.0,11.0,-10.0
4616,263511,-7.0,0,100,0.083398,38.3153,True,False,wall,0.0,3.0,-10.0
4617,263535,-1.0,0,24,0.083388,30.9199,True,False,wall,0.0,9.0,-10.0
4618,263548,-14.0,0,13,0.083383,27.6564,True,False,wall,0.0,-4.0,-10.0
4619,263642,6.0,1,94,0.083344,39.7314,True,False,wall,10.0,6.0,-10.0
4620,263681,-16.0,0,39,0.083327,32.6462,True,False,wall,0.0,-6.0,-10.0
4621,263748,7.0,1,67,0.0833,32.3443,True,False,wall,10.0,7.0,-10.0
4622,263782,23.0,2,34,0.083285,29.5527,True,False,wall,20.0,13.0,-10.0
4623,263873,-6.0,0,91,0.083248,39.9917,True,False,wall,0.0,4.0,-10.0
4624,263890,-18.0,0,17,0.083241,43.348,True,False,wall,0.0,-8.0,-10.0
4625,263911,-12.0,0,21,0.083232,56.4099,True,False,wall,0.0,-2.0,-10.0
4626,264007,-21.0,0,96,0.083192,41.5676,True,False,wall,0.0,-11.0,-10.0
4627,264039,-7.0,0,32,0.083179,70.0901,True,False,wall,0.0,3.0,-10.0
4628,264106,-16.0,0,67,0.083151,45.9393,True,False,wall,0.0,-6.0,-10.0
4629,264131,-14.0,0,25,0.083141,31.6528,True,False,wall,0.0,-4.0,-10.0
4630,264182,5.0,1,51,0.083119,34.6859,True,False,wall,10.0,5.0,-10.0
4631,264204,19.0,2,22,0.08311,36.8659,True,False,wall,20.0,9.0,-10.0
4632,264392,-9.0,0,188,0.083033,33.0543,True,False,wall,0.0,1.0,-10.0
4633,264478,-17.0,0,86,0.082997,27.6147,True,False,wall,0.0,-7.0,-10.0
4634,264487,-2.0,0,9,0.082993,39.0102,True,False,wall,0.0,8.0,-10.0
4635,264561,14.0,1,74,0.082963,45.2359,True,False,wall,10.0,14.0,-10.0
4636,264653,-15.0,0,92,0.082925,47.3654,True,False,wall,0.0,-5.0,-10.0
4637,264716,-6.0,0,63,0.082899,31.3019,True,False,wall,0.0,4.0,-10.0
4638,264790,-19.0,0,74,0.082869,42.2553,True,False,wall,0.0,-9.0,-10.0
4639,264852,-23.0,0,62,0.082843,37.4769,True,False,wall,0.0,-13.0,-10.0
4640,264870,6.0,1,18,0.082836,33.8304,True,False,wall,10.0,6.0,-10.0
4641,264956,-1.0,0,86,0.082801,44.1047,True,False,wall,0.0,9.0,-10.0
4642,264971,-10.0,0,15,0.082794,22.9802,True,False,wall,0.0,0.0,-10.0
4643,265017,-5.0,0,46,0.082776,25.7801,True,False,wall,0.0,5.0,-10.0
4644,265093,2.0,1,76,0.082744,32.7294,True,False,wall,10.0,2.0,-10.0
4645,265122,-2.0,0,29,0.082733,42.2368,True,False,wall,0.0,8.0,-10.0
4646,265211,-18.0,0,89,0.082696,43.3915,True,False,wall,0.0,-8.0,-10.0
4647,265327,-11.0,0,116,0.082649,31.615,True,False,wall,0.0,-1.0,-10.0
4648,265372,-12.0,0,45,0.08263,29.1382,True,False,wall,0.0,-2.0,-10.0
4649,265479,-18.0,0,107,0.082587,34.5484,True,False,wall,0.0,-8.0,-10.0
4650,265496,1.0,1,17,0.08258,45.3341,True,False,wall,10.0,1.0,-10.0
4651,265717,-10.0,0,221,0.08249,39.3117,True,False,wall,0.0,0.0,-10.0
4652,265736,-8.0,0,19,0.082482,69.5138,True,False,wall,0.0,2.0,-10.0
4653,265765,5.0,1,29,0.082471,36.801,True,False,wall,10.0,5.0,-10.0
4654,265849,-15.0,0,84,0.082436,39.3689,True,False,wall,0.0,-5.0,-10.0
4655,265875,-5.0,0,26,0.082426,41.3328,True,False,wall,0.0,5.0,-10.0
4656,265890,-12.0,0,15,0.08242,37.0988,True,False,wall,0.0,-2.0,-10.0
4657,266087,9.0,1,197,0.08234,33.7302,True,False,wall,10.0,9.0,-10.0
4658,266241,-2.0,1,154,0.082278,29.9398,True,False,wall,10.0,-2.0,-10.0
4659,266371,-17.0,0,130,0.082225,31.2076,True,False,wall,0.0,-7.0,-10.0
4660,266560,15.0,1,189,0.082149,44.2797,True,False,wall,10.0,15.0,-10.0
4661,266655,15.0,1,95,0.082111,75.9898,True,False,wall,10.0,15.0,-10.0
4662,266730,-5.0,1,75,0.082081,50.3315,True,False,wall,10.0,-5.0,-10.0
4663,266767,-10.0,0,37,0.082066,30.9489,True,False,wall,0.0,0.0,-10.0
4664,266864,-18.0,0,97,0.082027,33.7769,True,False,wall,0.0,-8.0,-10.0
4665,266896,-17.0,0,32,0.082015,73.3388,True,False,wall,0.0,-7.0,-10.0
4666,266983,-8.0,0,87,0.08198,55.1096,True,False,wall,0.0,2.0,-10.0
4667,267346,-16.0,0,363,0.081835,43.1645,True,False,wall,0.0,-6.0,-10.0
4668,267376,-4.0,1,30,0.081823,42.428,True,False,wall,10.0,-4.0,-10.0
4669,267484,-4.0,1,108,0.08178,30.9845,True,False,wall,10.0,-4.0,-10.0
4670,267528,10.0,1,44,0.081763,28.7044,True,False,wall,10.0,10.0,-10.0
4671,267598,-19.0,0,70,0.081735,40.0589,True,False,wall,0.0,-9.0,-10.0
4672,267608,-3.0,0,10,0.081731,29.0669,True,False,wall,0.0,7.0,-10.0
4673,267716,-15.0,0,108,0.081688,41.5152,True,False,wall,0.0,-5.0,-10.0
4674,267727,-16.0,0,11,0.081684,33.4494,True,False,wall,0.0,-6.0,-10.0
4675,267875,-5.0,0,148,0.081625,25.5796,True,False,wall,0.0,5.0,-10.0
4676,267926,-12.0,0,51,0.081605,23.6039,True,False,wall,0.0,-2.0,-10.0
4677,268012,-11.0,0,86,0.081571,30.552,True,False,wall,0.0,-1.0,-10.0
4678,268041,-18.0,0,29,0.08156,24.1953,True,False,wall,0.0,-8.0,-10.0
4679,268059,-19.0,0,18,0.081553,20.3399,True,False,wall,0.0,-9.0,-10.0
4680,268104,5.0,1,45,0.081535,21.9343,True,False,wall,10.0,5.0,-10.0
4681,268206,-17.0,0,102,0.081495,37.6596,True,False,wall,0.0,-7.0,-10.0
4682,268336,25.0,2,130,0.081444,23.2727,True,False,wall,20.0,15.0,-10.0
4683,268430,-21.0,0,94,0.081407,25.7986,True,False,wall,0.0,-11.0,-10.0
4684,268519,-18.0,0,89,0.081372,49.3773,True,False,wall,0.0,-8.0,-10.0
4685,268540,-6.0,0,21,0.081363,41.8579,True,False,wall,0.0,4.0,-10.0
4686,268567,13.0,1,27,0.081353,27.9273,True,False,wall,10.0,13.0,-10.0
4687,268618,1.0,1,51,0.081333,33.746,True,False,wall,10.0,1.0,-10.0
4688,268698,-3.0,0,80,0.081302,31.3855,True,False,wall,0.0,7.0,-10.0
4689,268846,-21.0,0,148,0.081244,31.4527,True,False,wall,0.0,-11.0,-10.0
4690,269056,0.0,1,210,0.081162,31.1998,True,False,wall,10.0,0.0,-10.0
4691,269115,-14.0,0,59,0.081139,24.4216,True,False,wall,0.0,-4.0,-10.0
4692,269181,-15.0,0,66,0.081113,25.8832,True,False,wall,0.0,-5.0,-10.0
4693,269208,-7.0,1,27,0.081103,21.9655,True,False,wall,10.0,-7.0,-10.0
4694,269227,5.0,1,19,0.081095,33.6023,True,False,wall,10.0,5.0,-10.0
4695,269386,-14.0,0,159,0.081034,28.3564,True,False,wall,0.0,-4.0,-10.0
4696,269672,-9.0,0,286,0.080923,32.1242,True,False,wall,0.0,1.0,-10.0
4697,269691,-20.0,0,19,0.080915,44.0749,True,False,wall,0.0,-10.0,-10.0
4698,269708,-18.0,0,17,0.080909,32.6327,True,False,wall,0.0,-8.0,-10.0
4699,269743,-16.0,0,35,0.080895,29.7225,True,False,wall,0.0,-6.0,-10.0
4700,269775,-7.0,0,32,0.080883,29.362,True,False,wall,0.0,3.0,-10.0
4701,269957,12.0,1,182,0.080813,31.6074,True,False,wall,10.0,12.0,-10.0
4702,270024,-4.0,0,67,0.080787,32.0292,True,False,wall,0.0,6.0,-10.0
4703,270051,-14.0,0,27,0.080777,23.7443,True,False,wall,0.0,-4.0,-10.0
4704,270081,-7.0,0,30,0.080765,25.9984,True,False,wall,0.0,3.0,-10.0
4705,270113,-11.0,0,32,0.080753,22.9149,True,False,wall,0.0,-1.0,-10.0
4706,270208,-8.0,0,95,0.080716,39.4981,True,False,wall,0.0,2.0,-10.0
4707,270244,-11.0,0,36,0.080703,29.8265,True,False,wall,0.0,-1.0,-10.0
4708,270299,-18.0,0,55,0.080681,29.6751,True,False,wall,0.0,-8.0,-10.0
4709,270558,61.0,3,259,0.080582,31.282,True,False,body,30.0,41.0,-10.0
4710,270655,15.0,1,97,0.080545,24.0537,True,False,wall,10.0,15.0,-10.0
4711,270770,28.0,2,115,0.080501,31.6239,True,False,wall,20.0,18.0,-10.0
4712,270807,-12.0,0,37,0.080487,23.6603,True,False,wall,0.0,-2.0,-10.0
4713,270973,4.0,1,166,0.080424,40.8,True,False,wall,10.0,4.0,-10.0
4714,271028,-6.0,0,55,0.080403,32.6899,True,False,wall,0.0,4.0,-10.0
4715,271055,-20.0,0,27,0.080393,22.6377,True,False,wall,0.0,-10.0,-10.0
4716,271154,8.0,2,99,0.080355,35.2573,True,False,wall,20.0,-2.0,-10.0
4717,271288,-2.0,1,134,0.080304,37.6091,True,False,wall,10.0,-2.0,-10.0
4718,271383,13.0,1,95,0.080268,33.5609,True,False,wall,10.0,13.0,-10.0
4719,271524,30.0,2,141,0.080215,27.1617,True,False,wall,20.0,20.0,-10.0
4720,271602,8.0,1,78,0.080186,39.8554,True,False,wall,10.0,8.0,-10.0
4721,271683,13.0,1,81,0.080155,28.0483,True,False,wall,10.0,13.0,-10.0
4722,271736,-10.0,0,53,0.080135,33.6139,True,False,wall,0.0,0.0,-10.0
4723,271824,-11.0,0,88,0.080102,24.3549,True,False,wall,0.0,-1.0,-10.0
4724,271902,-13.0,0,78,0.080073,28.006,True,False,wall,0.0,-3.0,-10.0
4725,272005,13.0,1,103,0.080034,42.0063,True,False,wall,10.0,13.0,-10.0
4726,272022,-8.0,0,17,0.080028,24.8197,True,False,wall,0.0,2.0,-10.0
4727,272043,-6.0,0,21,0.08002,24.6218,True,False,wall,0.0,4.0,-10.0
4728,272087,-1.0,0,44,0.080003,40.4552,True,False,wall,0.0,9.0,-10.0
4729,272127,-5.0,0,40,0.079988,33.7465,True,False,wall,0.0,5.0,-10.0
4730,272135,-5.0,0,8,0.079985,36.0726,True,False,wall,0.0,5.0,-10.0
4731,272155,-11.0,0,20,0.079978,28.7833,True,False,wall,0.0,-1.0,-10.0
4732,272167,-5.0,0,12,0.079973,25.1394,True,False,wall,0.0,5.0,-10.0
4733,272206,5.0,1,39,0.079959,27.7547,True,False,wall,10.0,5.0,-10.0
4734,272243,-20.0,0,37,0.079945,20.7245,True,False,wall,0.0,-10.0,-10.0
4735,272284,-6.0,0,41,0.07993,37.3672,True,False,wall,0.0,4.0,-10.0
4736,272377,-16.0,0,93,0.079895,29.327,True,False,wall,0.0,-6.0,-10.0
4737,272420,-14.0,0,43,0.079879,36.4924,True,False,wall,0.0,-4.0,-10.0
4738,272479,-7.0,1,59,0.079857,38.5428,True,False,wall,10.0,-7.0,-10.0
4739,272526,-10.0,0,47,0.079839,26.2375,True,False,wall,0.0,0.0,-10.0
4740,272648,-19.0,0,122,0.079794,21.7147,True,False,wall,0.0,-9.0,-10.0
4741,272682,1.0,0,34,0.079781,31.1175,True,False,wall,0.0,11.0,-10.0
4742,272735,-8.0,0,53,0.079761,26.8181,True,False,wall,0.0,2.0,-10.0
4743,272772,-8.0,0,37,0.079747,42.4814,True,False,wall,0.0,2.0,-10.0
4744,272813,-10.0,0,41,0.079732,29.7284,True,False,wall,0.0,0.0,-10.0
4745,272936,-14.0,0,123,0.079687,27.3844,True,False,wall,0.0,-4.0,-10.0
4746,272969,26.0,2,33,0.079674,26.8381,True,False,wall,20.0,16.0,-10.0
4747,272998,-14.0,0,29,0.079664,26.4394,True,False,wall,0.0,-4.0,-10.0
4748,273358,8.0,1,360,0.07953,31.4165,True,False,wall,10.0,8.0,-10.0
4749,273381,-12.0,0,23,0.079522,35.7395,True,False,wall,0.0,-2.0,-10.0
4750,273443,12.0,1,62,0.079499,21.66,True,False,wall,10.0,12.0,-10.0
4751,273611,10.0,1,168,0.079437,40.771,True,False,wall,10.0,10.0,-10.0
4752,273642,0.0,0,31,0.079426,30.4543,True,False,wall,0.0,10.0,-10.0
4753,273656,3.0,0,14,0.079421,45.8367,True,False,wall,0.0,13.0,-10.0
4754,273779,22.0,2,123,0.079375,23.865,True,False,wall,20.0,12.0,-10.0
4755,273799,-11.0,0,20,0.079368,20.6088,True,False,wall,0.0,-1.0,-10.0
4756,273902,-12.0,0,103,0.07933,29.0108,True,False,wall,0.0,-2.0,-10.0
4757,273971,17.0,1,69,0.079305,37.9099,True,False,wall,10.0,17.0,-10.0
4758,274005,14.0,1,34,0.079293,46.0991,True,False,wall,10.0,14.0,-10.0
4759,274039,-15.0,0,34,0.07928,24.8726,True,False,wall,0.0,-5.0,-10.0
4760,274118,-24.0,0,79,0.079251,22.0575,True,False,wall,0.0,-14.0,-10.0
4761,274167,-14.0,0,49,0.079233,24.0153,True,False,wall,0.0,-4.0,-10.0
4762,274304,17.0,1,137,0.079183,19.7628,True,False,wall,10.0,17.0,-10.0
4763,274370,-21.0,0,66,0.079159,29.7102,True,False,wall,0.0,-11.0,-10.0
4764,274469,-6.0,0,99,0.079123,24.8809,True,False,wall,0.0,4.0,-10.0
4765,274510,-22.0,0,41,0.079108,18.6969,True,False,wall,0.0,-12.0,-10.0
4766,274569,-12.0,0,59,0.079087,20.5071,True,False,wall,0.0,-2.0,-10.0
4767,274735,-15.0,0,166,0.079026,27.0174,True,False,wall,0.0,-5.0,-10.0
4768,274779,-17.0,0,44,0.07901,32.2284,True,False,wall,0.0,-7.0,-10.0
4769,274945,-4.0,1,166,0.07895,34.8067,True,False,wall,10.0,-4.0,-10.0
4770,274961,-7.0,0,16,0.078945,57.4247,True,False,wall,0.0,3.0,-10.0
4771,275045,-11.0,0,84,0.078914,25.4167,True,False,wall,0.0,-1.0,-10.0
4772,275064,-10.0,0,19,0.078907,22.7363,True,False,wall,0.0,0.0,-10.0
4773,275151,-14.0,0,87,0.078876,36.7536,True,False,wall,0.0,-4.0,-10.0
4774,275410,18.0,2,259,0.078783,25.8527,True,False,wall,20.0,8.0,-10.0
4775,275601,-3.0,1,191,0.078714,28.2911,True,False,wall,10.0,-3.0,-10.0
4776,275709,4.0,1,108,0.078675,36.7021,True,False,wall,10.0,4.0,-10.0
4777,275744,-3.0,1,35,0.078663,28.8826,True,False,wall,10.0,-3.0,-10.0
4778,275796,-11.0,0,52,0.078644,56.2508,True,False,wall,0.0,-1.0,-10.0
4779,275968,-9.0,0,172,0.078583,31.1921,True,False,wall,0.0,1.0,-10.0
4780,276236,-11.0,0,268,0.078487,39.1878,True,False,wall,0.0,-1.0,-10.0
4781,276411,-20.0,0,175,0.078425,37.4343,True,False,wall,0.0,-10.0,-10.0
4782,276427,-19.0,0,16,0.078419,33.5935,True,False,wall,0.0,-9.0,-10.0
4783,276464,5.0,1,37,0.078406,29.2304,True,False,wall,10.0,5.0,-10.0
4784,276493,11.0,1,29,0.078396,19.5797,True,False,wall,10.0,11.0,-10.0
4785,276507,-21.0,0,14,0.078391,28.6134,True,False,wall,0.0,-11.0,-10.0
4786,276562,-12.0,0,55,0.078371,30.6899,True,False,wall,0.0,-2.0,-10.0
4787,276595,-16.0,0,33,0.078359,35.4831,True,False,wall,0.0,-6.0,-10.0
4788,276641,-13.0,0,46,0.078343,32.9726,True,False,wall,0.0,-3.0,-10.0
4789,276685,-5.0,0,44,0.078327,29.9755,True,False,wall,0.0,5.0,-10.0
4790,276846,-20.0,0,161,0.078271,26.715,True,False,wall,0.0,-10.0,-10.0
4791,277008,-13.0,0,162,0.078213,26.85,True,False,wall,0.0,-3.0,-10.0
4792,277113,-3.0,1,105,0.078176,19.0069,True,False,wall,10.0,-3.0,-10.0
4793,277177,-7.0,0,64,0.078154,19.1929,True,False,wall,0.0,3.0,-10.0
4794,277217,-2.0,1,40,0.07814,15.0522,True,False,wall,10.0,-2.0,-10.0
4795,277278,16.0,2,61,0.078118,24.254,True,False,wall,20.0,6.0,-10.0
4796,277332,8.0,1,54,0.078099,23.8245,True,False,wall,10.0,8.0,-10.0
4797,277378,-13.0,0,46,0.078083,29.6846,True,False,wall,0.0,-3.0,-10.0
4798,277397,-6.0,0,19,0.078076,21.0848,True,False,wall,0.0,4.0,-10.0
4799,277419,-5.0,0,22,0.078069,20.585,True,False,wall,0.0,5.0,-10.0
4800,277467,19.0,2,48,0.078052,22.436,True,False,wall,20.0,9.0,-10.0
4801,277701,-2.0,1,234,0.07797,20.0306,True,False,wall,10.0,-2.0,-10.0
4802,277735,-3.0,0,34,0.077958,23.1829,True,False,wall,0.0,7.0,-10.0
4803,277774,-24.0,0,39,0.077944,32.6929,True,False,wall,0.0,-14.0,-10.0
4804,277795,-8.0,0,21,0.077937,43.3528,True,False,wall,0.0,2.0,-10.0
4805,277863,-19.0,0,68,0.077913,38.7652,True,False,wall,0.0,-9.0,-10.0
4806,277916,5.0,1,53,0.077895,31.8507,True,False,wall,10.0,5.0,-10.0
4807,277941,-20.0,0,25,0.077886,26.4717,True,False,wall,0.0,-10.0,-10.0
4808,277966,-10.0,0,25,0.077877,19.6087,True,False,wall,0.0,0.0,-10.0
4809,277979,-14.0,0,13,0.077873,17.5486,True,False,wall,0.0,-4.0,-10.0
4810,278012,-10.0,0,33,0.077861,23.2232,True,False,wall,0.0,0.0,-10.0
4811,278041,11.0,1,29,0.077851,23.0502,True,False,wall,10.0,11.0,-10.0
4812,278166,11.0,1,125,0.077808,23.6123,True,False,wall,10.0,11.0,-10.0
4813,278205,-6.0,0,39,0.077794,18.0556,True,False,wall,0.0,4.0,-10.0
4814,278224,7.0,1,19,0.077788,24.082,True,False,wall,10.0,7.0,-10.0
4815,278484,-11.0,0,260,0.077698,27.344,True,False,wall,0.0,-1.0,-10.0
4816,278519,-2.0,0,35,0.077685,19.2264,True,False,wall,0.0,8.0,-10.0
4817,278665,-5.0,0,146,0.077635,28.2988,True,False,wall,0.0,5.0,-10.0
4818,278717,-13.0,0,52,0.077617,33.757,True,False,wall,0.0,-3.0,-10.0
4819,278725,-17.0,0,8,0.077614,48.1514,True,False,wall,0.0,-7.0,-10.0
4820,278753,-15.0,0,28,0.077605,35.4674,True,False,wall,0.0,-5.0,-10.0
4821,278893,-11.0,0,140,0.077556,33.9357,True,False,wall,0.0,-1.0,-10.0
4822,278923,-15.0,0,30,0.077546,25.8834,True,False,wall,0.0,-5.0,-10.0
4823,278936,1.0,1,13,0.077542,29.4502,True,False,wall,10.0,1.0,-10.0
4824,278950,-11.0,0,14,0.077537,25.0854,True,False,wall,0.0,-1.0,-10.0
4825,279008,-1.0,0,58,0.077517,22.1948,True,False,wall,0.0,9.0,-10.0
4826,279219,-8.0,0,211,0.077444,46.4604,True,False,wall,0.0,2.0,-10.0
4827,279284,3.0,1,65,0.077422,51.6609,True,False,wall,10.0,3.0,-10.0
4828,279345,-10.0,0,61,0.077401,46.7884,True,False,wall,0.0,0.0,-10.0
4829,279410,-16.0,0,65,0.077379,56.7298,True,False,wall,0.0,-6.0,-10.0
4830,279489,37.0,3,79,0.077352,31.3537,True,False,body,30.0,17.0,-10.0
4831,279528,-6.0,0,39,0.077338,26.9177,True,False,wall,0.0,4.0,-10.0
4832,279645,23.0,1,117,0.077299,33.0541,True,False,wall,10.0,23.0,-10.0
4833,279865,-7.0,0,220,0.077224,23.9733,True,False,wall,0.0,3.0,-10.0
4834,279892,-4.0,0,27,0.077214,23.8166,True,False,wall,0.0,6.0,-10.0
4835,279977,-16.0,0,85,0.077185,21.8851,True,False,wall,0.0,-6.0,-10.0
4836,280010,-8.0,0,33,0.077174,26.9618,True,False,wall,0.0,2.0,-10.0
4837,280049,11.0,1,39,0.077161,25.7815,True,False,wall,10.0,11.0,-10.0
4838,280211,-10.0,1,162,0.077106,28.5086,True,False,wall,10.0,-10.0,-10.0
4839,280261,-15.0,0,50,0.077089,21.4489,True,False,wall,0.0,-5.0,-10.0
4840,280294,-12.0,0,33,0.077078,21.4562,True,False,wall,0.0,-2.0,-10.0
4841,280362,6.0,1,68,0.077055,20.9852,True,False,wall,10.0,6.0,-10.0
4842,280392,-19.0,0,30,0.077045,22.328,True,False,wall,0.0,-9.0,-10.0
4843,280424,-11.0,0,32,0.077034,19.7788,True,False,wall,0.0,-1.0,-10.0
4844,280557,9.0,1,133,0.076989,22.9849,True,False,wall,10.0,9.0,-10.0
4845,280572,11.0,1,15,0.076984,20.4491,True,False,wall,10.0,11.0,-10.0
4846,280657,-16.0,0,85,0.076955,22.2685,True,False,wall,0.0,-6.0,-10.0
4847,280790,-2.0,0,133,0.076911,23.0751,True,False,wall,0.0,8.0,-10.0
4848,280868,-15.0,0,78,0.076884,19.1107,True,False,wall,0.0,-5.0,-10.0
4849,280985,2.0,0,117,0.076845,28.2066,True,False,wall,0.0,12.0,-10.0
4850,281220,5.0,1,235,0.076766,22.4165,True,False,wall,10.0,5.0,-10.0
4851,281249,-14.0,0,29,0.076757,22.423,True,False,wall,0.0,-4.0,-10.0
4852,281278,-10.0,0,29,0.076747,19.46,True,False,wall,0.0,0.0,-10.0
4853,281558,-6.0,1,280,0.076653,19.6864,True,False,wall,10.0,-6.0,-10.0
4854,281655,9.0,1,97,0.076621,18.9663,True,False,wall,10.0,9.0,-10.0
4855,281702,-16.0,0,47,0.076606,19.4071,True,False,wall,0.0,-6.0,-10.0
4856,281941,-20.0,0,239,0.076526,17.0924,True,False,wall,0.0,-10.0,-10.0
4857,282009,-11.0,0,68,0.076504,16.5039,True,False,wall,0.0,-1.0,-10.0
4858,282089,12.0,1,80,0.076477,16.3429,True,False,wall,10.0,12.0,-10.0
4859,282431,18.0,1,342,0.076364,18.9631,True,False,wall,10.0,18.0,-10.0
4860,282619,-15.0,0,188,0.076302,21.4237,True,False,wall,0.0,-5.0,-10.0
4861,282722,-5.0,1,103,0.076268,25.1274,True,False,wall,10.0,-5.0,-10.0
4862,282861,-24.0,0,139,0.076223,16.7909,True,False,wall,0.0,-14.0,-10.0
4863,282949,-4.0,1,88,0.076194,20.838,True,False,wall,10.0,-4.0,-10.0
4864,283154,30.0,2,205,0.076127,23.8233,True,False,wall,20.0,20.0,-10.0
4865,283176,10.0,1,22,0.07612,22.6003,True,False,wall,10.0,10.0,-10.0
4866,283268,19.0,2,92,0.07609,26.3725,True,False,wall,20.0,9.0,-10.0
4867,283336,-13.0,0,68,0.076068,25.3966,True,False,wall,0.0,-3.0,-10.0
4868,283439,-12.0,0,103,0.076034,24.4782,True,False,wall,0.0,-2.0,-10.0
4869,283522,34.0,2,83,0.076007,21.9534,True,False,wall,20.0,24.0,-10.0
4870,283568,-7.0,0,46,0.075992,28.0745,True,False,wall,0.0,3.0,-10.0
4871,283607,9.0,1,39,0.075979,21.0423,True,False,wall,10.0,9.0,-10.0
4872,283666,-1.0,1,59,0.07596,26.5955,True,False,wall,10.0,-1.0,-10.0
4873,283718,-23.0,0,52,0.075943,20.0497,True,False,wall,0.0,-13.0,-10.0
4874,283754,-7.0,0,36,0.075932,16.945,True,False,wall,0.0,3.0,-10.0
4875,283788,14.0,1,34,0.075921,19.2095,True,False,wall,10.0,14.0,-10.0
4876,283989,-8.0,0,201,0.075856,27.7927,True,False,wall,0.0,2.0,-10.0
4877,284036,-1.0,1,47,0.075841,24.4423,True,False,wall,10.0,-1.0,-10.0
4878,284078,-9.0,0,42,0.075827,22.9007,True,False,wall,0.0,1.0,-10.0
4879,284095,5.0,1,17,0.075821,22.4807,True,False,wall,10.0,5.0,-10.0
4880,284109,-21.0,0,14,0.075817,13.3853,True,False,wall,0.0,-11.0,-10.0
4881,284131,-3.0,0,22,0.07581,43.215,True,False,wall,0.0,7.0,-10.0
4882,284159,10.0,1,28,0.075801,19.5414,True,False,wall,10.0,10.0,-10.0
4883,284242,1.0,1,83,0.075774,20.8352,True,False,wall,10.0,1.0,-10.0
4884,284280,8.0,1,38,0.075762,19.065,True,False,wall,10.0,8.0,-10.0
4885,284376,12.0,1,96,0.075731,25.072,True,False,wall,10.0,12.0,-10.0
4886,284413,5.0,1,37,0.075719,26.8567,True,False,wall,10.0,5.0,-10.0
4887,284430,-24.0,0,17,0.075714,17.1409,True,False,wall,0.0,-14.0,-10.0
4888,284543,11.0,1,113,0.075677,16.2814,True,False,wall,10.0,11.0,-10.0
4889,284618,1.0,1,75,0.075653,21.854,True,False,wall,10.0,1.0,-10.0
4890,284823,21.0,1,205,0.075588,25.2358,True,False,wall,10.0,21.0,-10.0
4891,284962,-6.0,0,139,0.075543,19.0948,True,False,wall,0.0,4.0,-10.0
4892,285070,-11.0,0,108,0.075509,33.8433,True,False,wall,0.0,-1.0,-10.0
4893,285220,38.0,3,150,0.075461,22.954,True,False,wall,30.0,18.0,-10.0
4894,285325,-16.0,0,105,0.075428,18.1514,True,False,wall,0.0,-6.0,-10.0
4895,285447,1.0,0,122,0.075389,16.0155,True,False,wall,0.0,11.0,-10.0
4896,285912,7.0,1,465,0.075242,16.5944,True,False,wall,10.0,7.0,-10.0
4897,285949,7.0,1,37,0.07523,38.8883,True,False,wall,10.0,7.0,-10.0
4898,286150,-6.0,0,201,0.075167,23.9274,True,False,wall,0.0,4.0,-10.0
4899,286243,17.0,1,93,0.075137,21.2135,True,False,wall,10.0,17.0,-10.0
4900,286319,-17.0,0,76,0.075114,21.5507,True,False,wall,0.0,-7.0,-10.0
4901,286428,-5.0,1,109,0.075079,14.0323,True,False,wall,10.0,-5.0,-10.0
4902,286491,0.0,0,63,0.07506,17.0205,True,False,wall,0.0,10.0,-10.0
4903,286502,-12.0,0,11,0.075056,28.4705,True,False,wall,0.0,-2.0,-10.0
4904,286623,-12.0,0,121,0.075018,19.5531,True,False,wall,0.0,-2.0,-10.0
4905,286670,-6.0,0,47,0.075004,19.5163,True,False,wall,0.0,4.0,-10.0
4906,286742,6.0,1,72,0.074981,12.9737,True,False,wall,10.0,6.0,-10.0
4907,287039,-14.0,0,297,0.074889,23.0276,True,False,wall,0.0,-4.0,-10.0
4908,287139,10.0,1,100,0.074857,21.1135,True,False,wall,10.0,10.0,-10.0
4909,287267,17.0,2,128,0.074818,17.453,True,False,wall,20.0,7.0,-10.0
4910,287369,20.0,1,102,0.074786,16.1384,True,False,wall,10.0,20.0,-10.0
4911,287481,4.0,1,112,0.074751,19.0632,True,False,wall,10.0,4.0,-10.0
4912,287582,9.0,1,101,0.07472,15.604,True,False,wall,10.0,9.0,-10.0
4913,287811,28.0,2,229,0.07465,17.515,True,False,wall,20.0,18.0,-10.0
4914,287856,7.0,1,45,0.074636,13.1014,True,False,wall,10.0,7.0,-10.0
4915,288032,33.0,2,176,0.074582,19.2748,True,False,wall,20.0,23.0,-10.0
4916,288043,-12.0,0,11,0.074578,21.6398,True,False,wall,0.0,-2.0,-10.0
4917,288081,-11.0,0,38,0.074566,20.572,True,False,wall,0.0,-1.0,-10.0
4918,288126,-6.0,0,45,0.074553,16.286,True,False,wall,0.0,4.0,-10.0
4919,288141,-14.0,0,15,0.074548,21.7093,True,False,wall,0.0,-4.0,-10.0
4920,288161,-7.0,0,20,0.074542,17.3006,True,False,wall,0.0,3.0,-10.0
4921,288564,12.0,2,403,0.074419,24.0992,True,False,wall,20.0,2.0,-10.0
4922,288788,17.0,2,224,0.07435,23.7192,True,False,wall,20.0,7.0,-10.0
4923,288990,4.0,1,202,0.074289,18.1409,True,False,wall,10.0,4.0,-10.0
4924,289247,-16.0,0,257,0.074211,16.5924,True,False,wall,0.0,-6.0,-10.0
4925,289595,19.0,2,348,0.074106,22.6801,True,False,wall,20.0,9.0,-10.0
4926,289655,-15.0,0,60,0.074088,24.5417,True,False,wall,0.0,-5.0,-10.0
4927,289755,13.0,2,100,0.074058,16.3819,True,False,wall,20.0,3.0,-10.0
4928,290106,-12.0,0,351,0.073952,20.9477,True,False,wall,0.0,-2.0,-10.0
4929,290397,3.0,1,291,0.073865,17.2791,True,False,wall,10.0,3.0,-10.0
4930,290470,-2.0,0,73,0.073844,15.3125,True,False,wall,0.0,8.0,-10.0
4931,290545,9.0,1,75,0.073821,16.2645,True,False,wall,10.0,9.0,-10.0
4932,290563,1.0,0,18,0.073816,54.4078,True,False,wall,0.0,11.0,-10.0
4933,290642,-24.0,0,79,0.073792,24.1223,True,False,wall,0.0,-14.0,-10.0
4934,290825,11.0,1,183,0.073738,15.3368,True,False,wall,10.0,11.0,-10.0
4935,290951,21.0,2,126,0.073701,17.4878,True,False,wall,20.0,11.0,-10.0
4936,291216,5.0,1,265,0.073622,17.2738,True,False,wall,10.0,5.0,-10.0
4937,291583,16.0,2,367,0.073514,21.5533,True,False,wall,20.0,6.0,-10.0
4938,291707,6.0,1,124,0.073478,19.2825,True,False,wall,10.0,6.0,-10.0
4939,291834,-14.0,0,127,0.073441,15.4939,True,False,wall,0.0,-4.0,-10.0
4940,291852,-7.0,0,18,0.073435,14.2898,True,False,wall,0.0,3.0,-10.0
4941,292060,-13.0,0,208,0.073374,19.2363,True,False,wall,0.0,-3.0,-10.0
4942,292320,4.0,1,260,0.073299,14.2337,True,False,wall,10.0,4.0,-10.0
4943,292346,-13.0,0,26,0.073291,15.8642,True,False,wall,0.0,-3.0,-10.0
4944,292441,5.0,1,95,0.073263,15.5122,True,False,wall,10.0,5.0,-10.0
4945,292626,26.0,2,185,0.07321,14.0252,True,False,wall,20.0,16.0,-10.0
4946,292649,-18.0,0,23,0.073203,27.1272,True,False,wall,0.0,-8.0,-10.0
4947,292710,-6.0,0,61,0.073185,11.8476,True,False,wall,0.0,4.0,-10.0
4948,292839,-20.0,0,129,0.073148,13.7928,True,False,wall,0.0,-10.0,-10.0
4949,292852,-12.0,0,13,0.073144,14.6195,True,False,wall,0.0,-2.0,-10.0
4950,292883,-10.0,0,31,0.073135,14.2864,True,False,wall,0.0,0.0,-10.0
4951,292910,-12.0,0,27,0.073127,12.8616,True,False,wall,0.0,-2.0,-10.0
4952,292936,-17.0,0,26,0.07312,9.9992,True,False,wall,0.0,-7.0,-10.0
4953,293474,8.0,1,538,0.072965,13.5736,True,False,wall,10.0,8.0,-10.0
4954,293697,7.0,1,223,0.072901,12.0105,True,False,wall,10.0,7.0,-10.0
4955,293705,-13.0,0,8,0.072899,23.5446,True,False,wall,0.0,-3.0,-10.0
4956,293757,-9.0,0,52,0.072884,10.126,True,False,wall,0.0,1.0,-10.0
4957,293944,3.0,1,187,0.07283,23.828,True,False,wall,10.0,3.0,-10.0
4958,294076,12.0,1,132,0.072793,17.6364,True,False,wall,10.0,12.0,-10.0
4959,294192,-17.0,0,116,0.07276,18.3996,True,False,wall,0.0,-7.0,-10.0
4960,294223,0.0,0,31,0.072751,12.431,True,False,wall,0.0,10.0,-10.0
4961,294304,-6.0,0,81,0.072728,16.2114,True,False,wall,0.0,4.0,-10.0
4962,294331,-14.0,0,27,0.07272,10.9118,True,False,wall,0.0,-4.0,-10.0
4963,294340,-10.0,0,9,0.072718,12.2087,True,False,wall,0.0,0.0,-10.0
4964,294424,-9.0,0,84,0.072694,17.4689,True,False,wall,0.0,1.0,-10.0
4965,294473,-14.0,0,49,0.07268,10.2571,True,False,wall,0.0,-4.0,-10.0
4966,294577,-7.0,0,104,0.072651,20.8395,True,False,wall,0.0,3.0,-10.0
4967,295023,23.0,2,446,0.072525,12.2777,True,False,wall,20.0,13.0,-10.0
4968,295273,4.0,1,250,0.072454,14.0352,True,False,wall,10.0,4.0,-10.0
4969,295374,7.0,1,101,0.072426,18.6052,True,False,wall,10.0,7.0,-10.0
4970,295473,26.0,2,99,0.072398,16.8468,True,False,wall,20.0,16.0,-10.0
4971,295518,-10.0,0,45,0.072386,12.9823,True,False,wall,0.0,0.0,-10.0
4972,295635,-16.0,0,117,0.072353,17.2404,True,False,wall,0.0,-6.0,-10.0
4973,295754,5.0,1,119,0.07232,10.4795,True,False,wall,10.0,5.0,-10.0
4974,295804,13.0,2,50,0.072306,11.4021,True,False,wall,20.0,3.0,-10.0
4975,295842,-19.0,0,38,0.072295,11.4115,True,False,wall,0.0,-9.0,-10.0
4976,295916,-23.0,0,74,0.072275,10.6154,True,False,wall,0.0,-13.0,-10.0
4977,295958,-1.0,0,42,0.072263,9.2934,True,False,wall,0.0,9.0,-10.0
4978,296004,-7.0,0,46,0.07225,9.4549,True,False,wall,0.0,3.0,-10.0
4979,296103,-2.0,0,99,0.072223,14.772,True,False,wall,0.0,8.0,-10.0
4980,296170,40.0,2,67,0.072204,13.2984,True,False,wall,20.0,30.0,-10.0
4981,296276,-17.0,0,106,0.072175,10.1732,True,False,wall,0.0,-7.0,-10.0
4982,296611,5.0,1,335,0.072082,12.2416,True,False,wall,10.0,5.0,-10.0
4983,296788,11.0,1,177,0.072033,12.4745,True,False,wall,10.0,11.0,-10.0
4984,296829,-2.0,0,41,0.072022,19.7283,True,False,wall,0.0,8.0,-10.0
4985,297029,2.0,1,200,0.071967,15.0138,True,False,wall,10.0,2.0,-10.0
4986,297198,0.0,2,169,0.07192,11.5089,True,False,wall,20.0,-10.0,-10.0
4987,297244,-9.0,0,46,0.071908,10.0029,True,False,wall,0.0,1.0,-10.0
4988,297330,2.0,1,86,0.071884,14.8831,True,False,wall,10.0,2.0,-10.0
4989,297451,0.0,0,121,0.071851,15.2034,True,False,wall,0.0,10.0,-10.0
4990,297533,-11.0,0,82,0.071829,18.6263,True,False,wall,0.0,-1.0,-10.0
4991,297584,7.0,1,51,0.071815,12.2722,True,False,wall,10.0,7.0,-10.0
4992,297721,5.0,1,137,0.071778,13.7887,True,False,wall,10.0,5.0,-10.0
4993,297777,-5.0,0,56,0.071762,17.2056,True,False,wall,0.0,5.0,-10.0
4994,297839,6.0,1,62,0.071746,14.4282,True,False,wall,10.0,6.0,-10.0
4995,297898,26.0,2,59,0.071729,20.3542,True,False,wall,20.0,16.0,-10.0
4996,297990,-19.0,0,92,0.071705,13.6234,True,False,wall,0.0,-9.0,-10.0
4997,298002,-11.0,0,12,0.071701,14.0809,True,False,wall,0.0,-1.0,-10.0
4998,298032,-15.0,0,30,0.071693,10.6999,True,False,wall,0.0,-5.0,-10.0
4999,298194,-11.0,0,162,0.071649,13.9658,True,False,wall,0.0,-1.0,-10.0
5000,298269,-16.0,0,75,0.071629,12.9229,True,False,wall,0.0,-6.0,-10.0
5001,298297,8.0,1,28,0.071621,10.0829,True,False,wall,10.0,8.0,-10.0
5002,298395,23.0,2,98,0.071595,10.6581,True,False,wall,20.0,13.0,-10.0
5003,298444,-3.0,1,49,0.071582,12.0062,True,False,wall,10.0,-3.0,-10.0
5004,298581,-12.0,0,137,0.071545,10.0756,True,False,wall,0.0,-2.0,-10.0
5005,298675,-4.0,1,94,0.071519,12.3494,True,False,wall,10.0,-4.0,-10.0
5006,298715,10.0,1,40,0.071509,15.3917,True,False,wall,10.0,10.0,-10.0
5007,298766,-10.0,0,51,0.071495,9.6761,True,False,wall,0.0,0.0,-10.0
5008,298780,-5.0,0,14,0.071491,7.4918,True,False,wall,0.0,5.0,-10.0
5009,299441,34.0,2,661,0.071314,13.8984,True,False,wall,20.0,24.0,-10.0
5010,299534,-8.0,0,93,0.07129,11.7004,True,False,wall,0.0,2.0,-10.0
5011,299649,-5.0,1,115,0.071259,10.7995,True,False,wall,10.0,-5.0,-10.0
5012,299725,19.0,2,76,0.071239,9.3371,True,False,wall,20.0,9.0,-10.0
5013,299755,23.0,2,30,0.071231,8.4168,True,False,wall,20.0,13.0,-10.0
5014,299789,-13.0,0,34,0.071222,13.434,True,False,wall,0.0,-3.0,-10.0
5015,299925,28.0,1,136,0.071186,11.6738,True,False,wall,10.0,28.0,-10.0
5016,300009,-11.0,0,84,0.071164,10.8446,True,False,wall,0.0,-1.0,-10.0
5017,300197,-4.0,1,188,0.071114,14.2065,True,False,wall,10.0,-4.0,-10.0
5018,300222,9.0,1,25,0.071107,19.1379,True,False,wall,10.0,9.0,-10.0
5019,300297,0.0,0,75,0.071088,17.3265,True,False,wall,0.0,10.0,-10.0
5020,300383,-13.0,0,86,0.071065,11.8379,True,False,wall,0.0,-3.0,-10.0
5021,300481,14.0,1,98,0.071039,18.7211,True,False,wall,10.0,14.0,-10.0
5022,300554,5.0,1,73,0.07102,18.454,True,False,wall,10.0,5.0,-10.0
5023,300607,-14.0,0,53,0.071006,14.5308,True,False,wall,0.0,-4.0,-10.0
5024,300846,18.0,2,239,0.070943,12.8324,True,False,wall,20.0,8.0,-10.0
5025,300989,22.0,2,143,0.070906,11.3872,True,False,wall,20.0,12.0,-10.0
5026,301030,-2.0,0,41,0.070895,9.4458,True,False,wall,0.0,8.0,-10.0
5027,301177,-8.0,0,147,0.070857,13.9307,True,False,wall,0.0,2.0,-10.0
5028,301247,-15.0,0,70,0.070839,13.1205,True,False,wall,0.0,-5.0,-10.0
5029,301326,-18.0,0,79,0.070818,10.2716,True,False,wall,0.0,-8.0,-10.0
5030,301368,30.0,3,42,0.070807,10.5658,True,False,wall,30.0,10.0,-10.0
5031,301482,50.0,3,114,0.070777,10.9368,True,False,body,30.0,30.0,-10.0
5032,301515,-8.0,0,33,0.070769,9.9608,True,False,wall,0.0,2.0,-10.0
5033,301765,38.0,3,250,0.070704,32.2038,True,False,wall,30.0,18.0,-10.0
5034,301779,-15.0,0,14,0.0707,13.7134,True,False,wall,0.0,-5.0,-10.0
5035,301844,-12.0,0,65,0.070684,17.6027,True,False,wall,0.0,-2.0,-10.0
5036,301971,-4.0,0,127,0.070651,12.5999,True,False,wall,0.0,6.0,-10.0
5037,302127,-17.0,0,156,0.070611,11.4497,True,False,wall,0.0,-7.0,-10.0
5038,302290,-16.0,0,163,0.070569,12.2017,True,False,wall,0.0,-6.0,-10.0
5039,302506,21.0,2,216,0.070513,11.3054,True,False,wall,20.0,11.0,-10.0
5040,302573,-18.0,0,67,0.070496,16.0066,True,False,wall,0.0,-8.0,-10.0
5041,302590,-10.0,0,17,0.070492,7.9792,True,False,wall,0.0,0.0,-10.0
5042,302647,-16.0,0,57,0.070477,9.9847,True,False,wall,0.0,-6.0,-10.0
5043,302700,-2.0,0,53,0.070464,17.9403,True,False,wall,0.0,8.0,-10.0
5044,302816,12.0,1,116,0.070434,12.919,True,False,wall,10.0,12.0,-10.0
5045,302876,-13.0,0,60,0.070419,11.1378,True,False,wall,0.0,-3.0,-10.0
5046,302904,-11.0,0,28,0.070411,29.1956,True,False,wall,0.0,-1.0,-10.0
5047,302968,0.0,1,64,0.070395,18.0227,True,False,wall,10.0,0.0,-10.0
5048,303019,9.0,1,51,0.070382,12.1001,True,False,wall,10.0,9.0,-10.0
5049,303052,23.0,1,33,0.070374,13.6736,True,False,wall,10.0,23.0,-10.0
5050,303076,-7.0,0,24,0.070368,11.4154,True,False,wall,0.0,3.0,-10.0
5051,303131,-14.0,0,55,0.070354,14.0242,True,False,wall,0.0,-4.0,-10.0
5052,303295,60.0,3,164,0.070312,16.1375,True,False,body,30.0,40.0,-10.0
5053,303831,25.0,2,536,0.070176,13.9947,True,False,wall,20.0,15.0,-10.0
5054,304018,9.0,1,187,0.070129,13.2404,True,False,wall,10.0,9.0,-10.0
5055,304053,-8.0,0,35,0.07012,18.0919,True,False,wall,0.0,2.0,-10.0
5056,304066,-16.0,0,13,0.070117,11.0634,True,False,wall,0.0,-6.0,-10.0
5057,304141,27.0,1,75,0.070098,13.3464,True,False,wall,10.0,27.0,-10.0
5058,304170,9.0,1,29,0.070091,11.0041,True,False,wall,10.0,9.0,-10.0
5059,304213,-6.0,0,43,0.07008,9.4705,True,False,wall,0.0,4.0,-10.0
5060,304474,34.0,2,261,0.070015,14.4856,True,False,wall,20.0,24.0,-10.0
5061,304523,-6.0,0,49,0.070002,13.7314,True,False,wall,0.0,4.0,-10.0
5062,304695,29.0,2,172,0.06996,10.8939,True,False,wall,20.0,19.0,-10.0
5063,304882,-2.0,0,187,0.069913,10.5056,True,False,wall,0.0,8.0,-10.0
5064,304964,14.0,1,82,0.069893,13.6428,True,False,wall,10.0,14.0,-10.0
5065,305663,5.0,1,699,0.069719,9.5709,True,False,wall,10.0,5.0,-10.0
5066,305692,5.0,1,29,0.069712,11.6667,True,False,wall,10.0,5.0,-10.0
5067,305832,40.0,3,140,0.069678,10.503,True,False,body,30.0,20.0,-10.0
5068,305840,-5.0,0,8,0.069676,7.5409,True,False,wall,0.0,5.0,-10.0
5069,305864,-7.0,0,24,0.06967,7.5737,True,False,wall,0.0,3.0,-10.0
5070,305978,-9.0,0,114,0.069642,10.4678,True,False,wall,0.0,1.0,-10.0
5071,306090,8.0,1,112,0.069615,10.908,True,False,wall,10.0,8.0,-10.0
5072,306223,-8.0,0,133,0.069582,11.4489,True,False,wall,0.0,2.0,-10.0
5073,306282,-10.0,0,59,0.069567,14.4719,True,False,wall,0.0,0.0,-10.0
5074,306309,-2.0,0,27,0.069561,8.3102,True,False,wall,0.0,8.0,-10.0
5075,306387,8.0,1,78,0.069542,9.3192,True,False,wall,10.0,8.0,-10.0
5076,306560,2.0,2,173,0.0695,9.1663,True,False,wall,20.0,-8.0,-10.0
5077,306685,45.0,3,125,0.069469,7.31,True,False,wall,30.0,25.0,-10.0
5078,306750,-8.0,0,65,0.069453,6.2656,True,False,wall,0.0,2.0,-10.0
5079,306847,-6.0,0,97,0.06943,9.2906,True,False,wall,0.0,4.0,-10.0
5080,306898,-2.0,0,51,0.069417,10.3664,True,False,wall,0.0,8.0,-10.0
5081,306964,15.0,2,66,0.069401,8.9361,True,False,wall,20.0,5.0,-10.0
5082,307002,-7.0,0,38,0.069392,9.2925,True,False,wall,0.0,3.0,-10.0
5083,307068,17.0,2,66,0.069376,8.5184,True,False,wall,20.0,7.0,-10.0
5084,307271,-2.0,0,203,0.069327,8.4449,True,False,wall,0.0,8.0,-10.0
5085,307284,-14.0,0,13,0.069324,10.5594,True,False,wall,0.0,-4.0,-10.0
5086,307294,-11.0,0,10,0.069322,7.2371,True,False,wall,0.0,-1.0,-10.0
5087,307390,-11.0,0,96,0.069298,16.9624,True,False,wall,0.0,-1.0,-10.0
5088,307483,3.0,1,93,0.069276,15.0988,True,False,wall,10.0,3.0,-10.0
5089,307512,5.0,1,29,0.069269,14.0825,True,False,wall,10.0,5.0,-10.0
5090,307615,24.0,2,103,0.069244,13.598,True,False,wall,20.0,14.0,-10.0
5091,307780,-6.0,0,165,0.069205,12.3609,True,False,wall,0.0,4.0,-10.0
5092,307870,33.0,2,90,0.069183,10.791,True,False,wall,20.0,23.0,-10.0
5093,308116,12.0,1,246,0.069124,9.6007,True,False,wall,10.0,12.0,-10.0
5094,308432,4.0,1,316,0.069049,9.857,True,False,wall,10.0,4.0,-10.0
5095,308465,-18.0,0,33,0.069041,6.6016,True,False,wall,0.0,-8.0,-10.0
5096,308567,14.0,1,102,0.069017,8.4028,True,False,wall,10.0,14.0,-10.0
5097,308786,-8.0,0,219,0.068965,8.6114,True,False,wall,0.0,2.0,-10.0
5098,308873,11.0,1,87,0.068944,6.8215,True,False,wall,10.0,11.0,-10.0
5099,308943,0.0,1,70,0.068927,7.9111,True,False,wall,10.0,0.0,-10.0
5100,309006,-4.0,0,63,0.068912,7.4902,True,False,wall,0.0,6.0,-10.0
5101,309063,-12.0,0,57,0.068899,7.794,True,False,wall,0.0,-2.0,-10.0
5102,309241,-11.0,0,178,0.068857,7.9691,True,False,wall,0.0,-1.0,-10.0
5103,309387,-5.0,0,146,0.068823,7.3244,True,False,wall,0.0,5.0,-10.0
5104,309429,4.0,1,42,0.068813,7.8286,True,False,wall,10.0,4.0,-10.0
5105,309636,28.0,2,207,0.068764,7.5235,True,False,wall,20.0,18.0,-10.0
5106,309828,23.0,2,192,0.068719,6.7871,True,False,wall,20.0,13.0,-10.0
5107,309991,9.0,1,163,0.068681,7.7258,True,False,wall,10.0,9.0,-10.0
5108,310050,7.0,1,59,0.068667,6.3429,True,False,wall,10.0,7.0,-10.0
5109,310131,13.0,1,81,0.068648,5.6056,True,False,wall,10.0,13.0,-10.0
5110,310155,-9.0,0,24,0.068643,7.0174,True,False,wall,0.0,1.0,-10.0
5111,310189,-13.0,0,34,0.068635,7.5819,True,False,wall,0.0,-3.0,-10.0
5112,310324,31.0,3,135,0.068603,7.3614,True,False,body,30.0,11.0,-10.0
5113,310391,-14.0,0,67,0.068588,5.462,True,False,wall,0.0,-4.0,-10.0
5114,310470,21.0,1,79,0.068569,5.6613,True,False,wall,10.0,21.0,-10.0
5115,310508,0.0,1,38,0.068561,5.1131,True,False,wall,10.0,0.0,-10.0
5116,310574,36.0,3,66,0.068545,7.643,True,False,body,30.0,16.0,-10.0
5117,310766,23.0,2,192,0.068501,6.0513,True,False,wall,20.0,13.0,-10.0
5118,310894,26.0,1,128,0.068471,7.3725,True,False,wall,10.0,26.0,-10.0
5119,310993,24.0,2,99,0.068448,6.2301,True,False,wall,20.0,14.0,-10.0
5120,311124,43.0,3,131,0.068418,6.4489,True,False,body,30.0,23.0,-10.0
5121,311271,21.0,1,147,0.068384,9.4754,True,False,wall,10.0,21.0,-10.0
5122,311329,-13.0,0,58,0.068371,11.2612,True,False,wall,0.0,-3.0,-10.0
5123,311384,-6.0,0,55,0.068359,7.4552,True,False,wall,0.0,4.0,-10.0
5124,312220,2.0,1,836,0.068168,8.3047,True,False,wall,10.0,2.0,-10.0
5125,312371,6.0,2,151,0.068133,6.8073,True,False,wall,20.0,-4.0,-10.0
5126,312635,8.0,1,264,0.068074,6.5442,True,False,wall,10.0,8.0,-10.0
5127,312991,43.0,2,356,0.067993,5.5643,True,False,wall,20.0,33.0,-10.0
5128,313063,5.0,2,72,0.067977,10.3667,True,False,wall,20.0,-5.0,-10.0
5129,313134,21.0,1,71,0.067961,11.6541,True,False,wall,10.0,21.0,-10.0
5130,313174,-7.0,0,40,0.067952,9.5482,True,False,wall,0.0,3.0,-10.0
5131,313195,-6.0,0,21,0.067948,8.7238,True,False,wall,0.0,4.0,-10.0
5132,313212,-12.0,0,17,0.067944,9.6297,True,False,wall,0.0,-2.0,-10.0
5133,313272,-5.0,0,60,0.06793,10.1707,True,False,wall,0.0,5.0,-10.0
5134,313301,18.0,2,29,0.067924,9.9283,True,False,wall,20.0,8.0,-10.0
5135,313421,11.0,2,120,0.067897,7.7874,True,False,wall,20.0,1.0,-10.0
5136,313529,-11.0,0,108,0.067873,7.2674,True,False,wall,0.0,-1.0,-10.0
5137,313560,-14.0,0,31,0.067866,9.3651,True,False,wall,0.0,-4.0,-10.0
5138,313625,9.0,1,65,0.067851,8.1376,True,False,wall,10.0,9.0,-10.0
5139,313782,37.0,1,157,0.067816,12.0696,True,False,wall,10.0,37.0,-10.0
5140,313843,13.0,1,61,0.067803,13.1989,True,False,wall,10.0,13.0,-10.0
5141,313973,4.0,1,130,0.067774,8.1939,True,False,wall,10.0,4.0,-10.0
5142,314237,4.0,1,264,0.067715,8.0006,True,False,wall,10.0,4.0,-10.0
5143,314294,25.0,1,57,0.067703,6.4398,True,False,wall,10.0,25.0,-10.0
5144,314405,-14.0,0,111,0.067678,6.6951,True,False,wall,0.0,-4.0,-10.0
5145,314533,31.0,2,128,0.06765,6.4406,True,False,wall,20.0,21.0,-10.0
5146,315006,14.0,2,473,0.067546,9.0094,True,False,wall,20.0,4.0,-10.0
5147,315085,7.0,1,79,0.067529,11.7082,True,False,wall,10.0,7.0,-10.0
5148,315212,-16.0,0,127,0.067501,7.746,True,False,wall,0.0,-6.0,-10.0
5149,315230,-5.0,0,18,0.067497,5.8651,True,False,wall,0.0,5.0,-10.0
5150,315306,17.0,2,76,0.06748,11.5201,True,False,wall,20.0,7.0,-10.0
5151,315361,3.0,1,55,0.067468,10.3468,True,False,wall,10.0,3.0,-10.0
5152,315413,-1.0,0,52,0.067457,15.6389,True,False,wall,0.0,9.0,-10.0
5153,315426,-3.0,1,13,0.067454,6.9662,True,False,wall,10.0,-3.0,-10.0
5154,315461,-24.0,0,35,0.067446,7.031,True,False,wall,0.0,-14.0,-10.0
5155,315550,-3.0,1,89,0.067427,20.7329,True,False,wall,10.0,-3.0,-10.0
5156,315654,26.0,1,104,0.067404,13.7178,True,False,wall,10.0,26.0,-10.0
5157,315743,-8.0,0,89,0.067385,10.1496,True,False,wall,0.0,2.0,-10.0
5158,315835,20.0,1,92,0.067365,14.6086,True,False,wall,10.0,20.0,-10.0
5159,316397,15.0,2,562,0.067243,14.1479,True,False,wall,20.0,5.0,-10.0
5160,316440,7.0,1,43,0.067234,10.2071,True,False,wall,10.0,7.0,-10.0
5161,317130,31.0,2,690,0.067086,10.5607,True,False,wall,20.0,21.0,-10.0
5162,317200,-9.0,0,70,0.067071,11.0205,True,False,wall,0.0,1.0,-10.0
5163,317334,23.0,2,134,0.067043,8.4031,True,False,wall,20.0,13.0,-10.0
5164,317440,12.0,1,106,0.06702,5.8972,True,False,wall,10.0,12.0,-10.0
5165,317494,19.0,2,54,0.067009,9.1372,True,False,wall,20.0,9.0,-10.0
5166,317765,26.0,2,271,0.066951,6.3354,True,False,wall,20.0,16.0,-10.0
5167,317912,7.0,1,147,0.06692,8.5997,True,False,wall,10.0,7.0,-10.0
5168,317933,-2.0,0,21,0.066916,7.941,True,False,wall,0.0,8.0,-10.0
5169,317941,-3.0,0,8,0.066914,10.3906,True,False,wall,0.0,7.0,-10.0
5170,318050,3.0,1,109,0.066891,5.931,True,False,wall,10.0,3.0,-10.0
5171,318422,29.0,2,372,0.066812,9.4262,True,False,wall,20.0,19.0,-10.0
5172,318444,-9.0,0,22,0.066808,7.867,True,False,wall,0.0,1.0,-10.0
5173,318619,13.0,1,175,0.066771,8.9964,True,False,wall,10.0,13.0,-10.0
5174,318913,8.0,1,294,0.06671,8.9112,True,False,wall,10.0,8.0,-10.0
5175,319022,5.0,1,109,0.066687,6.0591,True,False,wall,10.0,5.0,-10.0
5176,319048,-7.0,0,26,0.066681,5.6957,True,False,wall,0.0,3.0,-10.0
5177,319106,-9.0,0,58,0.066669,10.1296,True,False,wall,0.0,1.0,-10.0
5178,319135,-2.0,0,29,0.066663,13.34,True,False,wall,0.0,8.0,-10.0
5179,319256,31.0,1,121,0.066638,10.9611,True,False,wall,10.0,31.0,-10.0
5180,319420,13.0,2,164,0.066604,11.2152,True,False,wall,20.0,3.0,-10.0
5181,319462,-15.0,0,42,0.066595,12.5274,True,False,wall,0.0,-5.0,-10.0
5182,319529,-5.0,1,67,0.066581,6.757,True,False,wall,10.0,-5.0,-10.0
5183,319612,-14.0,0,83,0.066564,9.8158,True,False,wall,0.0,-4.0,-10.0
5184,319714,-15.0,0,102,0.066543,8.9602,True,False,wall,0.0,-5.0,-10.0
5185,319782,-9.0,0,68,0.066529,10.4814,True,False,wall,0.0,1.0,-10.0
5186,320121,40.0,2,339,0.066459,8.9083,True,False,wall,20.0,30.0,-10.0
5187,320175,-17.0,0,54,0.066448,6.902,True,False,wall,0.0,-7.0,-10.0
5188,320247,-7.0,0,72,0.066433,10.8232,True,False,wall,0.0,3.0,-10.0
5189,320316,-8.0,0,69,0.066419,18.2112,True,False,wall,0.0,2.0,-10.0
5190,320611,24.0,2,295,0.066359,29.16,True,False,wall,20.0,14.0,-10.0
5191,320627,-11.0,0,16,0.066355,18.7424,True,False,wall,0.0,-1.0,-10.0
5192,320743,-8.0,1,116,0.066332,9.5802,True,False,wall,10.0,-8.0,-10.0
5193,320767,-9.0,0,24,0.066327,8.278,True,False,wall,0.0,1.0,-10.0
5194,320862,11.0,1,95,0.066307,9.9769,True,False,wall,10.0,11.0,-10.0
5195,321126,27.0,2,264,0.066254,11.5665,True,False,wall,20.0,17.0,-10.0
5196,321138,-3.0,0,12,0.066251,6.1705,True,False,wall,0.0,7.0,-10.0
5197,321914,13.0,2,776,0.066094,10.3355,True,False,wall,20.0,3.0,-10.0
5198,322143,15.0,1,229,0.066048,16.5027,True,False,wall,10.0,15.0,-10.0
5199,322176,0.0,0,33,0.066042,9.9192,True,False,wall,0.0,10.0,-10.0
5200,322381,9.0,1,205,0.066001,13.5094,True,False,wall,10.0,9.0,-10.0
5201,322394,-16.0,0,13,0.065998,14.071,True,False,wall,0.0,-6.0,-10.0
5202,322621,-1.0,1,227,0.065953,16.496,True,False,wall,10.0,-1.0,-10.0
5203,322877,35.0,2,256,0.065902,14.1829,True,False,wall,20.0,25.0,-10.0
5204,323054,30.0,2,177,0.065867,12.0821,True,False,wall,20.0,20.0,-10.0
5205,323194,16.0,1,140,0.065839,12.1364,True,False,wall,10.0,16.0,-10.0
5206,323239,20.0,2,45,0.06583,8.9959,True,False,wall,20.0,10.0,-10.0
5207,323345,6.0,1,106,0.065809,18.972,True,False,wall,10.0,6.0,-10.0
5208,323429,43.0,2,84,0.065792,12.5224,True,False,wall,20.0,33.0,-10.0
5209,323469,-5.0,0,40,0.065785,10.3852,True,False,wall,0.0,5.0,-10.0
5210,323531,19.0,2,62,0.065772,9.9465,True,False,wall,20.0,9.0,-10.0
5211,323683,10.0,1,152,0.065742,8.8964,True,False,wall,10.0,10.0,-10.0
5212,323699,6.0,1,16,0.065739,9.6528,True,False,wall,10.0,6.0,-10.0
5213,323810,-20.0,0,111,0.065717,12.8004,True,False,wall,0.0,-10.0,-10.0
5214,323922,27.0,2,112,0.065695,14.1992,True,False,wall,20.0,17.0,-10.0
5215,323942,-9.0,0,20,0.065692,7.7645,True,False,wall,0.0,1.0,-10.0
5216,324026,34.0,3,84,0.065675,8.1311,True,False,body,30.0,14.0,-10.0
5217,324055,11.0,1,29,0.065669,8.0612,True,False,wall,10.0,11.0,-10.0
5218,324073,-9.0,0,18,0.065666,7.7077,True,False,wall,0.0,1.0,-10.0
5219,324093,-7.0,0,20,0.065662,15.327,True,False,wall,0.0,3.0,-10.0
5220,324143,16.0,1,50,0.065652,11.7246,True,False,wall,10.0,16.0,-10.0
5221,324281,-15.0,0,138,0.065625,10.9255,True,False,wall,0.0,-5.0,-10.0
5222,324343,27.0,2,62,0.065613,8.0796,True,False,wall,20.0,17.0,-10.0
5223,324396,15.0,1,53,0.065603,12.1763,True,False,wall,10.0,15.0,-10.0
5224,324425,-2.0,0,29,0.065597,10.2265,True,False,wall,0.0,8.0,-10.0
5225,324594,33.0,3,169,0.065564,17.0904,True,False,body,30.0,13.0,-10.0
5226,324662,41.0,2,68,0.065551,15.9068,True,False,wall,20.0,31.0,-10.0
5227,324696,-13.0,0,34,0.065544,28.3816,True,False,wall,0.0,-3.0,-10.0
5228,324807,26.0,2,111,0.065523,16.678,True,False,wall,20.0,16.0,-10.0
5229,324989,22.0,1,182,0.065487,37.6466,True,False,wall,10.0,22.0,-10.0
5230,325093,27.0,2,104,0.065467,29.2514,True,False,wall,20.0,17.0,-10.0
5231,325113,-11.0,0,20,0.065463,33.1447,True,False,wall,0.0,-1.0,-10.0
5232,325149,-15.0,0,36,0.065457,19.1569,True,False,wall,0.0,-5.0,-10.0
5233,325219,-13.0,0,70,0.065443,20.63,True,False,wall,0.0,-3.0,-10.0
5234,325239,-9.0,0,20,0.065439,13.9584,True,False,wall,0.0,1.0,-10.0
5235,325261,-9.0,0,22,0.065435,27.1119,True,False,wall,0.0,1.0,-10.0
5236,325328,-10.0,0,67,0.065422,20.9499,True,False,wall,0.0,0.0,-10.0
5237,325580,31.0,2,252,0.065373,20.5693,True,False,wall,20.0,21.0,-10.0
5238,325829,40.0,2,249,0.065326,22.6993,True,False,wall,20.0,30.0,-10.0
5239,325882,32.0,2,53,0.065316,15.1029,True,False,wall,20.0,22.0,-10.0
5240,325956,33.0,2,74,0.065301,19.3103,True,False,wall,20.0,23.0,-10.0
5241,326046,8.0,1,90,0.065284,21.4026,True,False,wall,10.0,8.0,-10.0
5242,326063,-2.0,0,17,0.065281,20.4123,True,False,wall,0.0,8.0,-10.0
5243,326369,29.0,2,306,0.065223,18.0893,True,False,wall,20.0,19.0,-10.0
5244,326487,0.0,1,118,0.0652,24.4267,True,False,wall,10.0,0.0,-10.0
5245,326553,-7.0,0,66,0.065188,19.6016,True,False,wall,0.0,3.0,-10.0
5246,326655,-13.0,0,102,0.065168,23.7741,True,False,wall,0.0,-3.0,-10.0
5247,326782,-18.0,0,127,0.065144,23.8429,True,False,wall,0.0,-8.0,-10.0
5248,326846,10.0,1,64,0.065132,25.1052,True,False,wall,10.0,10.0,-10.0
5249,326998,4.0,1,152,0.065103,23.4321,True,False,wall,10.0,4.0,-10.0
5250,327206,39.0,2,208,0.065064,20.5448,True,False,wall,20.0,29.0,-10.0
5251,327411,-2.0,0,205,0.065026,18.1296,True,False,wall,0.0,8.0,-10.0
5252,327571,60.0,3,160,0.064996,21.9018,True,False,body,30.0,40.0,-10.0
5253,327723,48.0,3,152,0.064967,20.1836,True,False,body,30.0,28.0,-10.0
5254,327766,9.0,1,43,0.064959,21.9378,True,False,wall,10.0,9.0,-10.0
5255,327892,25.0,2,126,0.064936,28.303,True,False,wall,20.0,15.0,-10.0
5256,327915,-7.0,1,23,0.064931,19.4868,True,False,wall,10.0,-7.0,-10.0
5257,327935,-7.0,0,20,0.064928,29.2036,True,False,wall,0.0,3.0,-10.0
5258,328093,0.0,1,158,0.064898,23.6751,True,False,wall,10.0,0.0,-10.0
5259,328271,72.0,3,178,0.064865,33.0696,True,False,body,30.0,52.0,-10.0
5260,328688,16.0,2,417,0.064788,22.3991,True,False,wall,20.0,6.0,-10.0
5261,328887,11.0,1,199,0.064751,20.9184,True,False,wall,10.0,11.0,-10.0
5262,328951,-11.0,0,64,0.064739,31.5529,True,False,wall,0.0,-1.0,-10.0
5263,328974,9.0,1,23,0.064735,11.4792,True,False,wall,10.0,9.0,-10.0
5264,329118,19.0,2,144,0.064708,21.5457,True,False,wall,20.0,9.0,-10.0
5265,329206,-1.0,0,88,0.064692,28.5287,True,False,wall,0.0,9.0,-10.0
5266,329247,-4.0,0,41,0.064685,25.2524,True,False,wall,0.0,6.0,-10.0
5267,329350,-14.0,0,103,0.064666,23.8351,True,False,wall,0.0,-4.0,-10.0
5268,329395,-8.0,0,45,0.064658,22.8712,True,False,wall,0.0,2.0,-10.0
5269,329414,-2.0,0,19,0.064654,13.4658,True,False,wall,0.0,8.0,-10.0
5270,329631,34.0,2,217,0.064614,19.7117,True,False,wall,20.0,24.0,-10.0
5271,329779,-1.0,0,148,0.064587,21.6026,True,False,wall,0.0,9.0,-10.0
5272,329863,25.0,2,84,0.064572,19.4287,True,False,wall,20.0,15.0,-10.0
5273,330121,15.0,2,258,0.064525,28.0355,True,False,wall,20.0,5.0,-10.0
5274,330134,-4.0,0,13,0.064523,16.1448,True,False,wall,0.0,6.0,-10.0
5275,330277,7.0,1,143,0.064497,28.4358,True,False,wall,10.0,7.0,-10.0
5276,330294,-4.0,0,17,0.064494,20.4282,True,False,wall,0.0,6.0,-10.0
5277,330337,-14.0,0,43,0.064486,36.5386,True,False,wall,0.0,-4.0,-10.0
5278,330603,28.0,3,266,0.064438,21.7407,True,False,body,30.0,8.0,-10.0
5279,330718,19.0,1,115,0.064417,27.6755,True,False,wall,10.0,19.0,-10.0
5280,330895,-12.0,0,177,0.064385,31.8282,True,False,wall,0.0,-2.0,-10.0
5281,330917,-5.0,0,22,0.064381,15.1176,True,False,wall,0.0,5.0,-10.0
5282,331025,33.0,2,108,0.064362,22.1633,True,False,wall,20.0,23.0,-10.0
5283,331083,-5.0,0,58,0.064352,33.8399,True,False,wall,0.0,5.0,-10.0
5284,331493,19.0,2,410,0.064278,22.2174,True,False,wall,20.0,9.0,-10.0
5285,331531,-1.0,0,38,0.064271,11.5603,True,False,wall,0.0,9.0,-10.0
5286,331584,21.0,1,53,0.064262,28.3193,True,False,wall,10.0,21.0,-10.0
5287,331768,-3.0,0,184,0.064229,17.9127,True,False,wall,0.0,7.0,-10.0
5288,331785,-18.0,0,17,0.064226,19.1052,True,False,wall,0.0,-8.0,-10.0
5289,331947,42.0,3,162,0.064197,9.6657,True,False,body,30.0,22.0,-10.0
5290,332233,-15.0,0,286,0.064147,17.0118,True,False,wall,0.0,-5.0,-10.0
5291,332247,1.0,0,14,0.064144,7.8462,True,False,wall,0.0,11.0,-10.0
5292,332275,-15.0,0,28,0.064139,11.0786,True,False,wall,0.0,-5.0,-10.0
5293,332393,-17.0,0,118,0.064118,10.9806,True,False,wall,0.0,-7.0,-10.0
5294,332547,22.0,1,154,0.064091,13.7916,True,False,wall,10.0,22.0,-10.0
5295,332622,-12.0,0,75,0.064078,25.7361,True,False,wall,0.0,-2.0,-10.0
5296,332662,-11.0,0,40,0.064071,8.8421,True,False,wall,0.0,-1.0,-10.0
5297,332846,-5.0,0,184,0.064039,12.2608,True,False,wall,0.0,5.0,-10.0
5298,332948,-1.0,0,102,0.064021,17.3944,True,False,wall,0.0,9.0,-10.0
5299,333021,-20.0,0,73,0.064008,18.2577,True,False,wall,0.0,-10.0,-10.0
5300,333064,-10.0,0,43,0.064001,10.9708,True,False,wall,0.0,0.0,-10.0
5301,333235,-12.0,0,171,0.063971,15.0921,True,False,wall,0.0,-2.0,-10.0
5302,333333,-5.0,0,98,0.063954,12.0768,True,False,wall,0.0,5.0,-10.0
5303,333362,-8.0,0,29,0.063948,6.9635,True,False,wall,0.0,2.0,-10.0
5304,333603,8.0,2,241,0.063907,12.1168,True,False,wall,20.0,-2.0,-10.0
5305,333747,44.0,3,144,0.063882,14.1211,True,False,body,30.0,24.0,-10.0
5306,333770,23.0,3,23,0.063878,13.6133,True,False,body,30.0,3.0,-10.0
5307,333839,-14.0,0,69,0.063866,16.5835,True,False,wall,0.0,-4.0,-10.0
5308,334060,-20.0,0,221,0.063827,17.0419,True,False,wall,0.0,-10.0,-10.0
5309,334205,7.0,1,145,0.063802,20.7723,True,False,wall,10.0,7.0,-10.0
5310,334227,10.0,1,22,0.063798,13.9199,True,False,wall,10.0,10.0,-10.0
5311,334278,-16.0,0,51,0.06379,10.9042,True,False,wall,0.0,-6.0,-10.0
5312,334306,-5.0,0,28,0.063785,45.097,True,False,wall,0.0,5.0,-10.0
5313,334451,-4.0,0,145,0.06376,11.7831,True,False,wall,0.0,6.0,-10.0
5314,334595,-15.0,0,144,0.063735,10.9273,True,False,wall,0.0,-5.0,-10.0
5315,334767,21.0,2,172,0.063706,13.2683,True,False,wall,20.0,11.0,-10.0
5316,334785,-13.0,0,18,0.063703,10.8796,True,False,wall,0.0,-3.0,-10.0
5317,334923,35.0,2,138,0.063679,10.648,True,False,wall,20.0,25.0,-10.0
5318,335063,-7.0,0,140,0.063655,13.668,True,False,wall,0.0,3.0,-10.0
5319,335151,-2.0,1,88,0.06364,10.3468,True,False,wall,10.0,-2.0,-10.0
5320,335237,2.0,1,86,0.063625,10.6558,True,False,wall,10.0,2.0,-10.0
5321,335252,-10.0,0,15,0.063623,8.4263,True,False,wall,0.0,0.0,-10.0
5322,335406,-13.0,0,154,0.063597,11.6603,True,False,wall,0.0,-3.0,-10.0
5323,335537,3.0,1,131,0.063574,13.1253,True,False,wall,10.0,3.0,-10.0
5324,335555,10.0,1,18,0.063571,8.7168,True,False,wall,10.0,10.0,-10.0
5325,335665,16.0,1,110,0.063553,13.4154,True,False,wall,10.0,16.0,-10.0
5326,335761,-9.0,0,96,0.063536,11.9617,True,False,wall,0.0,1.0,-10.0
5327,335813,-7.0,0,52,0.063528,9.1275,True,False,wall,0.0,3.0,-10.0
5328,335864,-4.0,0,51,0.063519,12.1347,True,False,wall,0.0,6.0,-10.0
5329,335950,11.0,2,86,0.063504,9.4089,True,False,wall,20.0,1.0,-10.0
5330,336015,5.0,1,65,0.063493,12.7143,True,False,wall,10.0,5.0,-10.0
5331,336046,-6.0,0,31,0.063488,15.1198,True,False,wall,0.0,4.0,-10.0
5332,336472,35.0,2,426,0.063417,13.4904,True,False,wall,20.0,25.0,-10.0
5333,336631,11.0,1,159,0.06339,12.6764,True,False,wall,10.0,11.0,-10.0
5334,336792,45.0,3,161,0.063363,9.3937,True,False,body,30.0,25.0,-10.0
5335,336947,43.0,3,155,0.063337,16.5246,True,False,body,30.0,23.0,-10.0
5336,336978,-16.0,0,31,0.063332,13.1297,True,False,wall,0.0,-6.0,-10.0
5337,337027,-10.0,0,49,0.063324,12.4337,True,False,wall,0.0,0.0,-10.0
5338,337048,-4.0,0,21,0.06332,16.4861,True,False,wall,0.0,6.0,-10.0
5339,337308,27.0,2,260,0.063277,14.3916,True,False,wall,20.0,17.0,-10.0
5340,337399,16.0,2,91,0.063262,15.2586,True,False,wall,20.0,6.0,-10.0
5341,337496,2.0,2,97,0.063246,11.6682,True,False,wall,20.0,-8.0,-10.0
5342,337610,2.0,1,114,0.063227,11.429,True,False,wall,10.0,2.0,-10.0
5343,337784,10.0,1,174,0.063198,13.9092,True,False,wall,10.0,10.0,-10.0
5344,338037,30.0,2,253,0.063157,23.4981,True,False,wall,20.0,20.0,-10.0
5345,338163,8.0,1,126,0.063136,24.2165,True,False,wall,10.0,8.0,-10.0
5346,338191,-7.0,0,28,0.063131,44.6513,True,False,wall,0.0,3.0,-10.0
5347,338234,-12.0,0,43,0.063124,30.6609,True,False,wall,0.0,-2.0,-10.0
5348,338350,0.0,1,116,0.063105,12.6526,True,False,wall,10.0,0.0,-10.0
5349,338503,15.0,1,153,0.06308,20.3194,True,False,wall,10.0,15.0,-10.0
5350,338747,6.0,1,244,0.06304,15.4344,True,False,wall,10.0,6.0,-10.0
5351,338806,43.0,3,59,0.063031,14.156,True,False,body,30.0,23.0,-10.0
5352,338847,-6.0,0,41,0.063024,14.1638,True,False,wall,0.0,4.0,-10.0
5353,338948,-18.0,0,101,0.063008,12.193,True,False,wall,0.0,-8.0,-10.0
5354,339124,-13.0,0,176,0.062979,14.2816,True,False,wall,0.0,-3.0,-10.0
5355,339197,-20.0,0,73,0.062967,12.185,True,False,wall,0.0,-10.0,-10.0
5356,339421,6.0,1,224,0.062931,10.4333,True,False,wall,10.0,6.0,-10.0
5357,339475,0.0,1,54,0.062922,9.3935,True,False,wall,10.0,0.0,-10.0
5358,339506,7.0,1,31,0.062917,10.6752,True,False,wall,10.0,7.0,-10.0
5359,339585,21.0,1,79,0.062905,13.3166,True,False,wall,10.0,21.0,-10.0
5360,339606,-20.0,0,21,0.062901,16.4961,True,False,wall,0.0,-10.0,-10.0
5361,339708,4.0,1,102,0.062885,23.3578,True,False,wall,10.0,4.0,-10.0
5362,339750,-8.0,1,42,0.062878,28.0741,True,False,wall,10.0,-8.0,-10.0
5363,339760,-19.0,0,10,0.062876,12.1742,True,False,wall,0.0,-9.0,-10.0
5364,339779,0.0,0,19,0.062873,14.9878,True,False,wall,0.0,10.0,-10.0
5365,339894,17.0,1,115,0.062855,12.9037,True,False,wall,10.0,17.0,-10.0
5366,339923,-12.0,0,29,0.06285,6.9432,True,False,wall,0.0,-2.0,-10.0
5367,340031,10.0,1,108,0.062833,13.6722,True,False,wall,10.0,10.0,-10.0
5368,340058,-10.0,0,27,0.062829,34.9836,True,False,wall,0.0,0.0,-10.0
5369,340163,-18.0,0,105,0.062812,18.5323,True,False,wall,0.0,-8.0,-10.0
5370,340288,7.0,1,125,0.062792,12.7449,True,False,wall,10.0,7.0,-10.0
5371,340524,4.0,1,236,0.062754,13.3564,True,False,wall,10.0,4.0,-10.0
5372,340720,-11.0,0,196,0.062723,18.2208,True,False,wall,0.0,-1.0,-10.0
5373,340791,17.0,1,71,0.062712,12.3917,True,False,wall,10.0,17.0,-10.0
5374,341001,2.0,1,210,0.062678,15.0483,True,False,wall,10.0,2.0,-10.0
5375,341131,23.0,2,130,0.062658,16.8515,True,False,wall,20.0,13.0,-10.0
5376,341264,7.0,1,133,0.062637,18.2792,True,False,wall,10.0,7.0,-10.0
5377,341410,-15.0,0,146,0.062614,20.8901,True,False,wall,0.0,-5.0,-10.0
5378,341681,26.0,2,271,0.062571,27.8629,True,False,wall,20.0,16.0,-10.0
5379,341736,-4.0,0,55,0.062562,26.5803,True,False,wall,0.0,6.0,-10.0
5380,341845,26.0,2,109,0.062545,14.7908,True,False,wall,20.0,16.0,-10.0
5381,341880,-3.0,1,35,0.06254,12.9973,True,False,wall,10.0,-3.0,-10.0
5382,341989,-16.0,0,109,0.062523,17.5801,True,False,wall,0.0,-6.0,-10.0
5383,342083,-19.0,0,94,0.062508,16.2635,True,False,wall,0.0,-9.0,-10.0
5384,342112,-8.0,0,29,0.062503,13.3647,True,False,wall,0.0,2.0,-10.0
5385,343122,14.0,1,1010,0.062346,17.6672,True,False,wall,10.0,14.0,-10.0
5386,343471,-10.0,0,349,0.062293,13.1886,True,False,wall,0.0,0.0,-10.0
5387,343592,-8.0,0,121,0.062274,9.2363,True,False,wall,0.0,2.0,-10.0
5388,343888,50.0,3,296,0.062229,11.5201,True,False,body,30.0,30.0,-10.0
5389,343910,8.0,1,22,0.062225,34.1495,True,False,wall,10.0,8.0,-10.0
5390,344129,11.0,1,219,0.062192,16.8167,True,False,wall,10.0,11.0,-10.0
5391,344144,-2.0,0,15,0.06219,36.6384,True,False,wall,0.0,8.0,-10.0
5392,344191,-6.0,0,47,0.062183,20.0874,True,False,wall,0.0,4.0,-10.0
5393,344459,25.0,2,268,0.062142,14.7292,True,False,wall,20.0,15.0,-10.0
5394,344742,-20.0,0,283,0.062099,24.3511,True,False,wall,0.0,-10.0,-10.0
5395,344793,-13.0,1,51,0.062091,21.1399,True,False,wall,10.0,-13.0,-10.0
5396,344949,-4.0,1,156,0.062068,16.463,True,False,wall,10.0,-4.0,-10.0
5397,344992,-16.0,0,43,0.062061,17.8944,True,False,wall,0.0,-6.0,-10.0
5398,346202,46.0,3,1210,0.06188,18.5064,True,False,wall,30.0,26.0,-10.0
5399,346240,-1.0,0,38,0.061875,10.631,True,False,wall,0.0,9.0,-10.0
5400,346269,-8.0,0,29,0.06187,11.6313,True,False,wall,0.0,2.0,-10.0
5401,346310,-14.0,0,41,0.061864,29.9347,True,False,wall,0.0,-4.0,-10.0
5402,346582,29.0,2,272,0.061824,28.6327,True,False,wall,20.0,19.0,-10.0
5403,346611,-20.0,0,29,0.06182,22.1648,True,False,wall,0.0,-10.0,-10.0
5404,346629,-7.0,0,18,0.061817,42.1638,True,False,wall,0.0,3.0,-10.0
5405,346755,50.0,3,126,0.061798,87.8973,True,False,body,30.0,30.0,-10.0
5406,346864,57.0,3,109,0.061782,52.0834,True,False,body,30.0,37.0,-10.0
5407,346952,16.0,1,88,0.061769,32.4963,True,False,wall,10.0,16.0,-10.0
5408,348385,41.0,3,1433,0.06156,23.8514,True,False,body,30.0,21.0,-10.0
5409,348417,1.0,0,32,0.061556,21.0567,True,False,wall,0.0,11.0,-10.0
5410,348528,-12.0,0,111,0.06154,22.4468,True,False,wall,0.0,-2.0,-10.0
5411,348783,-18.0,0,255,0.061503,22.3844,True,False,wall,0.0,-8.0,-10.0
5412,348829,-3.0,0,46,0.061496,31.4799,True,False,wall,0.0,7.0,-10.0
5413,349002,41.0,3,173,0.061472,20.6275,True,False,body,30.0,21.0,-10.0
5414,349038,-5.0,0,36,0.061466,21.1882,True,False,wall,0.0,5.0,-10.0
5415,349103,18.0,2,65,0.061457,20.6891,True,False,wall,20.0,8.0,-10.0
5416,349259,-11.0,0,156,0.061435,18.9694,True,False,wall,0.0,-1.0,-10.0
5417,349729,-2.0,1,470,0.061368,20.9974,True,False,wall,10.0,-2.0,-10.0
5418,350209,39.0,2,480,0.0613,19.5376,True,False,wall,20.0,29.0,-10.0
5419,350323,48.0,3,114,0.061284,16.9918,True,False,body,30.0,28.0,-10.0
5420,350374,-2.0,0,51,0.061276,19.9615,True,False,wall,0.0,8.0,-10.0
5421,350436,-9.0,0,62,0.061268,20.4725,True,False,wall,0.0,1.0,-10.0
5422,350682,-15.0,0,246,0.061233,23.6837,True,False,wall,0.0,-5.0,-10.0
5423,350870,0.0,1,188,0.061207,37.9523,True,False,wall,10.0,0.0,-10.0
5424,351089,-14.0,0,219,0.061176,64.6552,True,False,wall,0.0,-4.0,-10.0
5425,351399,49.0,2,310,0.061133,136.619,True,False,wall,20.0,39.0,-10.0
5426,351554,-8.0,0,155,0.061111,79.2744,True,False,wall,0.0,2.0,-10.0
5427,351596,-5.0,0,42,0.061106,22.3002,True,False,wall,0.0,5.0,-10.0
5428,351791,24.0,2,195,0.061079,83.1081,True,False,wall,20.0,14.0,-10.0
5429,352019,6.0,1,228,0.061047,62.7676,True,False,wall,10.0,6.0,-10.0
5430,352239,14.0,1,220,0.061017,79.8238,True,False,wall,10.0,14.0,-10.0
5431,352325,12.0,1,86,0.061005,87.1397,True,False,wall,10.0,12.0,-10.0
5432,352549,28.0,3,224,0.060974,186.413,True,False,wall,30.0,8.0,-10.0
5433,352580,-6.0,0,31,0.06097,163.5935,True,False,wall,0.0,4.0,-10.0
5434,352960,-17.0,0,380,0.060918,312.5036,True,False,wall,0.0,-7.0,-10.0
5435,352993,-16.0,0,33,0.060913,728.7058,True,False,wall,0.0,-6.0,-10.0
5436,353022,-18.0,0,29,0.060909,479.7715,True,False,wall,0.0,-8.0,-10.0
5437,353187,28.0,2,165,0.060887,1016.2558,True,False,wall,20.0,18.0,-10.0
5438,353604,11.0,1,417,0.06083,4030.537,True,False,wall,10.0,11.0,-10.0
5439,353781,5.0,1,177,0.060806,9567.338,True,False,wall,10.0,5.0,-10.0
5440,354225,2.0,1,444,0.060747,3916.8995,True,False,wall,10.0,2.0,-10.0
5441,354282,-18.0,0,57,0.060739,26263.0696,True,False,wall,0.0,-8.0,-10.0
5442,354828,10.0,1,546,0.060666,32483.0658,True,False,wall,10.0,10.0,-10.0
5443,355249,-12.0,0,421,0.06061,67913.4905,True,False,wall,0.0,-2.0,-10.0
5444,355588,-1.0,1,339,0.060565,207857.9679,True,False,wall,10.0,-1.0,-10.0
5445,355657,-16.0,0,69,0.060556,53509.8053,True,False,wall,0.0,-6.0,-10.0
5446,355689,-19.0,0,32,0.060552,110263.2317,True,False,wall,0.0,-9.0,-10.0
5447,355730,-16.0,0,41,0.060546,66018.2239,True,False,wall,0.0,-6.0,-10.0
5448,355990,9.0,2,260,0.060512,169682.6456,True,False,wall,20.0,-1.0,-10.0
5449,356090,-6.0,1,100,0.060499,880799.6124,True,False,wall,10.0,-6.0,-10.0
5450,356372,-21.0,0,282,0.060462,302457.5161,True,False,wall,0.0,-11.0,-10.0
5451,356695,-12.0,0,323,0.06042,336346.7114,True,False,wall,0.0,-2.0,-10.0
5452,356948,13.0,1,253,0.060387,235142.2153,True,False,wall,10.0,13.0,-10.0
5453,357011,-10.0,0,63,0.060379,101159.6941,True,False,wall,0.0,0.0,-10.0
5454,357167,-19.0,0,156,0.060358,205895.7575,True,False,wall,0.0,-9.0,-10.0
5455,357373,-5.0,0,206,0.060332,331865.9129,True,False,wall,0.0,5.0,-10.0
5456,357418,-12.0,0,45,0.060326,1396832.6428,True,False,wall,0.0,-2.0,-10.0
5457,357507,11.0,1,89,0.060315,212656.3851,True,False,wall,10.0,11.0,-10.0
5458,357558,7.0,1,51,0.060308,127415.1621,True,False,wall,10.0,7.0,-10.0
5459,357756,-23.0,0,198,0.060283,1047151.5189,True,False,wall,0.0,-13.0,-10.0
5460,357790,-11.0,0,34,0.060278,456006.6716,True,False,wall,0.0,-1.0,-10.0
5461,357947,-22.0,0,157,0.060258,1107195.5076,True,False,wall,0.0,-12.0,-10.0
5462,358022,5.0,1,75,0.060248,896137.7588,True,False,wall,10.0,5.0,-10.0
5463,358156,18.0,1,134,0.060231,1861781.3475,True,False,wall,10.0,18.0,-10.0
5464,358201,7.0,1,45,0.060225,1658259.6446,True,False,wall,10.0,7.0,-10.0
5465,358370,-18.0,0,169,0.060204,1596408.3913,True,False,wall,0.0,-8.0,-10.0
5466,358563,-14.0,0,193,0.060179,941625.7306,True,False,wall,0.0,-4.0,-10.0
5467,358648,1.0,1,85,0.060169,1549802.8427,True,False,wall,10.0,1.0,-10.0
5468,358963,-3.0,1,315,0.060129,376776.8949,True,False,wall,10.0,-3.0,-10.0
5469,359111,10.0,1,148,0.06011,367412.3413,True,False,wall,10.0,10.0,-10.0
5470,359409,-7.0,0,298,0.060072,1006263.2023,True,False,wall,0.0,3.0,-10.0
5471,359590,11.0,1,181,0.060049,421951.1653,True,False,wall,10.0,11.0,-10.0
5472,359783,-3.0,1,193,0.060025,97598.2371,True,False,wall,10.0,-3.0,-10.0
5473,359833,-17.0,0,50,0.060019,274117.3205,True,False,wall,0.0,-7.0,-10.0
5474,360153,-7.0,0,320,0.059979,708155.7815,True,False,wall,0.0,3.0,-10.0
5475,360935,-13.0,0,782,0.059882,539731.337,True,False,wall,0.0,-3.0,-10.0
5476,361176,-4.0,0,241,0.059852,348638.1829,True,False,wall,0.0,6.0,-10.0
5477,361313,-12.0,0,137,0.059835,136870.7162,True,False,wall,0.0,-2.0,-10.0
5478,361439,6.0,1,126,0.05982,338474.6694,True,False,wall,10.0,6.0,-10.0
5479,361760,-18.0,0,321,0.059781,195978.2276,True,False,wall,0.0,-8.0,-10.0
5480,361779,-14.0,0,19,0.059778,43909.7361,True,False,wall,0.0,-4.0,-10.0
5481,361935,-17.0,0,156,0.059759,263947.4167,True,False,wall,0.0,-7.0,-10.0
5482,362008,-12.0,0,73,0.05975,336364.9699,True,False,wall,0.0,-2.0,-10.0
5483,362163,11.0,1,155,0.059731,368460.6605,True,False,wall,10.0,11.0,-10.0
5484,362299,2.0,1,136,0.059715,278043.2995,True,False,wall,10.0,2.0,-10.0
5485,362309,-15.0,0,10,0.059714,252524.4813,True,False,wall,0.0,-5.0,-10.0
5486,362448,-16.0,0,139,0.059697,481630.3259,True,False,wall,0.0,-6.0,-10.0
5487,362672,-17.0,0,224,0.05967,495879.7319,True,False,wall,0.0,-7.0,-10.0
5488,362689,-16.0,0,17,0.059668,376458.3219,True,False,wall,0.0,-6.0,-10.0
5489,362771,-15.0,0,82,0.059658,258455.0017,True,False,wall,0.0,-5.0,-10.0
5490,362946,-14.0,0,175,0.059637,463048.3618,True,False,wall,0.0,-4.0,-10.0
5491,363033,5.0,1,87,0.059626,272330.8012,True,False,wall,10.0,5.0,-10.0
5492,363434,-18.0,0,401,0.059578,305154.0248,True,False,wall,0.0,-8.0,-10.0
5493,363737,7.0,1,303,0.059542,292028.3034,True,False,wall,10.0,7.0,-10.0
5494,363788,-16.0,0,51,0.059536,101836.9755,True,False,wall,0.0,-6.0,-10.0
5495,363899,-20.0,0,111,0.059522,94565.245,True,False,wall,0.0,-10.0,-10.0
5496,364131,22.0,1,232,0.059495,218449.6295,True,False,wall,10.0,22.0,-10.0
5497,364271,-21.0,0,140,0.059478,132897.1054,True,False,wall,0.0,-11.0,-10.0
5498,364568,-16.0,0,297,0.059443,147842.0454,True,False,wall,0.0,-6.0,-10.0
5499,364585,-10.0,0,17,0.059441,81158.1577,True,False,wall,0.0,0.0,-10.0
5500,364761,-15.0,0,176,0.05942,210584.4901,True,False,wall,0.0,-5.0,-10.0
5501,364813,-13.0,0,52,0.059414,304063.9877,True,False,wall,0.0,-3.0,-10.0
5502,364832,-20.0,0,19,0.059412,233288.1483,True,False,wall,0.0,-10.0,-10.0
5503,364951,-12.0,0,119,0.059398,264396.172,True,False,wall,0.0,-2.0,-10.0
5504,364965,-17.0,0,14,0.059396,40100.8329,True,False,wall,0.0,-7.0,-10.0
5505,365098,1.0,1,133,0.059381,363676.176,True,False,wall,10.0,1.0,-10.0
5506,365127,5.0,1,29,0.059377,116589.0432,True,False,wall,10.0,5.0,-10.0
5507,365317,-17.0,0,190,0.059355,186678.6056,True,False,wall,0.0,-7.0,-10.0
5508,365453,-10.0,1,136,0.059339,183878.2916,True,False,wall,10.0,-10.0,-10.0
5509,365579,-13.0,0,126,0.059325,117066.8604,True,False,wall,0.0,-3.0,-10.0
5510,365651,8.0,1,72,0.059316,182931.4355,True,False,wall,10.0,8.0,-10.0
5511,366043,2.0,1,392,0.059271,194971.7725,True,False,wall,10.0,2.0,-10.0
5512,366105,-19.0,0,62,0.059264,157959.412,True,False,wall,0.0,-9.0,-10.0
5513,366790,-24.0,0,685,0.059185,212157.0381,True,False,wall,0.0,-14.0,-10.0
5514,366808,-7.0,0,18,0.059182,196235.0089,True,False,wall,0.0,3.0,-10.0
5515,367012,-3.0,0,204,0.059159,170041.9085,True,False,wall,0.0,7.0,-10.0
5516,367065,5.0,1,53,0.059153,250086.9004,True,False,wall,10.0,5.0,-10.0
5517,367095,-7.0,0,30,0.05915,156885.0465,True,False,wall,0.0,3.0,-10.0
5518,367454,-10.0,0,359,0.059109,151390.1204,True,False,wall,0.0,0.0,-10.0
5519,368040,0.0,1,586,0.059042,181123.6606,True,False,wall,10.0,0.0,-10.0
5520,368253,5.0,1,213,0.059018,140719.4534,True,False,wall,10.0,5.0,-10.0
5521,368779,-19.0,0,526,0.058959,128149.7788,True,False,wall,0.0,-9.0,-10.0
5522,369112,5.0,1,333,0.058922,87879.7655,True,False,wall,10.0,5.0,-10.0
5523,369146,-17.0,0,34,0.058918,84677.5176,True,False,wall,0.0,-7.0,-10.0
5524,369456,6.0,1,310,0.058883,82170.3746,True,False,wall,10.0,6.0,-10.0
5525,369895,-16.0,0,439,0.058835,90001.7532,True,False,wall,0.0,-6.0,-10.0
5526,369950,3.0,1,55,0.058829,71886.7439,True,False,wall,10.0,3.0,-10.0
5527,370107,1.0,1,157,0.058811,60237.5721,True,False,wall,10.0,1.0,-10.0
5528,370216,-20.0,0,109,0.058799,632169.762,True,False,wall,0.0,-10.0,-10.0
5529,370280,-11.0,0,64,0.058792,997480.8016,True,False,wall,0.0,-1.0,-10.0
5530,370318,-15.0,0,38,0.058788,380150.8615,True,False,wall,0.0,-5.0,-10.0
5531,370515,-24.0,0,197,0.058767,237201.3872,True,False,wall,0.0,-14.0,-10.0
5532,370784,-16.0,0,269,0.058737,116008.7635,True,False,wall,0.0,-6.0,-10.0
5533,370793,-3.0,1,9,0.058736,71241.3701,True,False,wall,10.0,-3.0,-10.0
5534,370802,-18.0,0,9,0.058735,56194.0751,True,False,wall,0.0,-8.0,-10.0
5535,370888,-21.0,0,86,0.058726,103015.0467,True,False,wall,0.0,-11.0,-10.0
5536,370911,-4.0,0,23,0.058723,62909.0435,True,False,wall,0.0,6.0,-10.0
5537,371026,-18.0,0,115,0.058711,167261.8479,True,False,wall,0.0,-8.0,-10.0
5538,371049,-22.0,0,23,0.058708,152500.3369,True,False,wall,0.0,-12.0,-10.0
5539,371132,-18.0,0,83,0.058699,50149.286,True,False,wall,0.0,-8.0,-10.0
5540,371227,-12.0,0,95,0.058689,57776.1914,True,False,wall,0.0,-2.0,-10.0
5541,371246,-20.0,0,19,0.058687,65402.5376,True,False,wall,0.0,-10.0,-10.0
5542,371261,-24.0,0,15,0.058685,45456.039,True,False,wall,0.0,-14.0,-10.0
5543,371353,-7.0,0,92,0.058675,127628.9513,True,False,wall,0.0,3.0,-10.0
5544,371880,-18.0,0,527,0.058618,58651.7788,True,False,wall,0.0,-8.0,-10.0
5545,372048,-23.0,0,168,0.0586,54959.397,True,False,wall,0.0,-13.0,-10.0
5546,372104,-15.0,0,56,0.058594,30263.3175,True,False,wall,0.0,-5.0,-10.0
5547,372269,1.0,1,165,0.058577,42851.4998,True,False,wall,10.0,1.0,-10.0
5548,372667,-5.0,0,398,0.058534,50384.5142,True,False,wall,0.0,5.0,-10.0
5549,372697,-11.0,0,30,0.058531,55490.4501,True,False,wall,0.0,-1.0,-10.0
5550,372768,-20.0,0,71,0.058523,38851.6532,True,False,wall,0.0,-10.0,-10.0
5551,372912,-21.0,0,144,0.058508,36130.1049,True,False,wall,0.0,-11.0,-10.0
5552,372929,-24.0,0,17,0.058506,39402.163,True,False,wall,0.0,-14.0,-10.0
5553,373101,-21.0,0,172,0.058488,57901.4064,True,False,wall,0.0,-11.0,-10.0
5554,373222,-22.0,0,121,0.058475,42366.0589,True,False,wall,0.0,-12.0,-10.0
5555,373578,-2.0,1,356,0.058437,32169.7505,True,False,wall,10.0,-2.0,-10.0
5556,373638,-7.0,0,60,0.058431,14648.1696,True,False,wall,0.0,3.0,-10.0
5557,373646,-13.0,0,8,0.05843,25317.9775,True,False,wall,0.0,-3.0,-10.0
5558,373895,7.0,1,249,0.058404,38585.092,True,False,wall,10.0,7.0,-10.0
5559,374079,-11.0,0,184,0.058385,33383.2275,True,False,wall,0.0,-1.0,-10.0
5560,374117,-13.0,0,38,0.058381,21039.9262,True,False,wall,0.0,-3.0,-10.0
5561,374154,-14.0,0,37,0.058377,20670.4794,True,False,wall,0.0,-4.0,-10.0
5562,374467,1.0,1,313,0.058344,39957.9133,True,False,wall,10.0,1.0,-10.0
5563,374576,-16.0,0,109,0.058333,27691.8616,True,False,wall,0.0,-6.0,-10.0
5564,374659,-18.0,0,83,0.058324,22982.3514,True,False,wall,0.0,-8.0,-10.0
5565,374700,-20.0,0,41,0.05832,114139.7428,True,False,wall,0.0,-10.0,-10.0
5566,374769,-2.0,0,69,0.058313,34869.8836,True,False,wall,0.0,8.0,-10.0
5567,374792,-24.0,0,23,0.05831,198564.0907,True,False,wall,0.0,-14.0,-10.0
5568,374818,-11.0,0,26,0.058308,68043.2778,True,False,wall,0.0,-1.0,-10.0
5569,374902,-15.0,0,84,0.058299,55381.5564,True,False,wall,0.0,-5.0,-10.0
5570,374922,-19.0,0,20,0.058297,33837.1392,True,False,wall,0.0,-9.0,-10.0
5571,375024,-19.0,0,102,0.058286,142542.3231,True,False,wall,0.0,-9.0,-10.0
5572,375106,-15.0,0,82,0.058278,192079.5823,True,False,wall,0.0,-5.0,-10.0
5573,375256,-17.0,0,150,0.058262,185130.9103,True,False,wall,0.0,-7.0,-10.0
5574,375368,8.0,1,112,0.058251,67801.2487,True,False,wall,10.0,8.0,-10.0
5575,375430,-23.0,0,62,0.058244,171046.7995,True,False,wall,0.0,-13.0,-10.0
5576,375531,39.0,3,101,0.058234,148539.027,True,False,wall,30.0,19.0,-10.0
5577,375834,20.0,2,303,0.058203,257303.256,True,False,wall,20.0,10.0,-10.0
5578,376038,10.0,1,204,0.058182,774813.429,True,False,wall,10.0,10.0,-10.0
5579,376080,-7.0,0,42,0.058178,192871.3496,True,False,wall,0.0,3.0,-10.0
5580,376163,9.0,1,83,0.058169,197705.2112,True,False,wall,10.0,9.0,-10.0
5581,376196,-20.0,0,33,0.058166,151145.9298,True,False,wall,0.0,-10.0,-10.0
5582,376320,-13.0,0,124,0.058153,351190.015,True,False,wall,0.0,-3.0,-10.0
5583,376333,-12.0,0,13,0.058152,287659.9729,True,False,wall,0.0,-2.0,-10.0
5584,376396,-24.0,0,63,0.058145,144912.3359,True,False,wall,0.0,-14.0,-10.0
5585,376426,-13.0,0,30,0.058142,109906.6172,True,False,wall,0.0,-3.0,-10.0
5586,376602,-17.0,0,176,0.058124,305931.5997,True,False,wall,0.0,-7.0,-10.0
5587,376765,-14.0,0,163,0.058108,171516.286,True,False,wall,0.0,-4.0,-10.0
5588,376840,3.0,1,75,0.0581,230535.3594,True,False,wall,10.0,3.0,-10.0
5589,376859,-18.0,0,19,0.058098,368485.944,True,False,wall,0.0,-8.0,-10.0
5590,376938,-12.0,0,79,0.05809,518446.2418,True,False,wall,0.0,-2.0,-10.0
5591,377012,4.0,1,74,0.058083,605299.5943,True,False,wall,10.0,4.0,-10.0
5592,377042,-2.0,1,30,0.05808,174759.4193,True,False,wall,10.0,-2.0,-10.0
5593,377221,-2.0,0,179,0.058062,309829.282,True,False,wall,0.0,8.0,-10.0
5594,377296,-8.0,0,75,0.058054,406037.2249,True,False,wall,0.0,2.0,-10.0
5595,377484,-4.0,1,188,0.058035,205405.6659,True,False,wall,10.0,-4.0,-10.0
5596,377592,-19.0,0,108,0.058024,213359.2733,True,False,wall,0.0,-9.0,-10.0
5597,377779,5.0,1,187,0.058006,250325.0371,True,False,wall,10.0,5.0,-10.0
5598,378122,-22.0,0,343,0.057971,170475.665,True,False,wall,0.0,-12.0,-10.0
5599,378182,-13.0,0,60,0.057966,580142.0205,True,False,wall,0.0,-3.0,-10.0
5600,378508,-15.0,0,326,0.057933,200453.2491,True,False,wall,0.0,-5.0,-10.0
5601,378597,-3.0,1,89,0.057924,82434.6094,True,False,wall,10.0,-3.0,-10.0
5602,378749,-21.0,0,152,0.057909,148815.416,True,False,wall,0.0,-11.0,-10.0
5603,379098,12.0,2,349,0.057875,125380.4967,True,False,wall,20.0,2.0,-10.0
5604,379288,-13.0,0,190,0.057856,91815.6721,True,False,wall,0.0,-3.0,-10.0
5605,379357,-2.0,0,69,0.057849,79470.0452,True,False,wall,0.0,8.0,-10.0
5606,379475,-13.0,0,118,0.057838,80509.089,True,False,wall,0.0,-3.0,-10.0
5607,379645,8.0,1,170,0.057821,68212.0902,True,False,wall,10.0,8.0,-10.0
5608,379757,-9.0,0,112,0.05781,84963.2276,True,False,wall,0.0,1.0,-10.0
5609,379812,-4.0,0,55,0.057805,94321.5094,True,False,wall,0.0,6.0,-10.0
5610,380002,-17.0,0,190,0.057786,51589.3782,True,False,wall,0.0,-7.0,-10.0
5611,380246,-17.0,0,244,0.057763,42069.72,True,False,wall,0.0,-7.0,-10.0
5612,380317,-16.0,0,71,0.057756,36835.1462,True,False,wall,0.0,-6.0,-10.0
5613,380344,-18.0,0,27,0.057753,46217.1886,True,False,wall,0.0,-8.0,-10.0
5614,380357,-2.0,0,13,0.057752,66378.9867,True,False,wall,0.0,8.0,-10.0
5615,381524,14.0,2,1167,0.05764,62500.183,True,False,wall,20.0,4.0,-10.0
5616,381623,-18.0,0,99,0.05763,53279.1467,True,False,wall,0.0,-8.0,-10.0
5617,381710,0.0,0,87,0.057622,47392.0492,True,False,wall,0.0,10.0,-10.0
5618,381781,5.0,1,71,0.057615,41142.3374,True,False,wall,10.0,5.0,-10.0
5619,381909,-7.0,0,128,0.057603,36296.7093,True,False,wall,0.0,3.0,-10.0
5620,381974,-24.0,0,65,0.057597,51088.0457,True,False,wall,0.0,-14.0,-10.0
5621,382221,-14.0,0,247,0.057573,28413.1971,True,False,wall,0.0,-4.0,-10.0
5622,382387,-7.0,0,166,0.057558,32642.7349,True,False,wall,0.0,3.0,-10.0
5623,382695,-2.0,1,308,0.057529,24850.5111,True,False,wall,10.0,-2.0,-10.0
5624,382804,-5.0,1,109,0.057518,27835.1017,True,False,wall,10.0,-5.0,-10.0
5625,383075,-16.0,0,271,0.057493,30604.1829,True,False,wall,0.0,-6.0,-10.0
5626,383170,-16.0,0,95,0.057484,21599.7773,True,False,wall,0.0,-6.0,-10.0
5627,383590,-17.0,0,420,0.057445,35909.7083,True,False,wall,0.0,-7.0,-10.0
5628,383829,-1.0,1,239,0.057423,79047.3076,True,False,wall,10.0,-1.0,-10.0
5629,383946,-12.0,0,117,0.057412,31574.1948,True,False,wall,0.0,-2.0,-10.0
5630,384033,-14.0,0,87,0.057404,33705.2332,True,False,wall,0.0,-4.0,-10.0
5631,384090,-16.0,0,57,0.057398,25758.0551,True,False,wall,0.0,-6.0,-10.0
5632,384214,4.0,1,124,0.057387,40915.6147,True,False,wall,10.0,4.0,-10.0
5633,384271,-16.0,0,57,0.057382,17974.4633,True,False,wall,0.0,-6.0,-10.0
5634,384334,-16.0,0,63,0.057376,26493.8336,True,False,wall,0.0,-6.0,-10.0
5635,384903,-20.0,0,569,0.057324,34782.7004,True,False,wall,0.0,-10.0,-10.0
5636,384923,-5.0,0,20,0.057322,12465.2964,True,False,wall,0.0,5.0,-10.0
5637,384977,-11.0,0,54,0.057317,22935.0399,True,False,wall,0.0,-1.0,-10.0
5638,385112,-5.0,1,135,0.057305,28077.5809,True,False,wall,10.0,-5.0,-10.0
5639,385183,-14.0,0,71,0.057298,22039.1841,True,False,wall,0.0,-4.0,-10.0
5640,385297,-17.0,0,114,0.057288,22113.8056,True,False,wall,0.0,-7.0,-10.0
5641,385309,-17.0,0,12,0.057287,17734.252,True,False,wall,0.0,-7.0,-10.0
5642,385631,-13.0,0,322,0.057257,20069.881,True,False,wall,0.0,-3.0,-10.0
5643,385710,-18.0,0,79,0.05725,31292.0106,True,False,wall,0.0,-8.0,-10.0
5644,385797,-22.0,0,87,0.057242,38355.4843,True,False,wall,0.0,-12.0,-10.0
5645,385822,-22.0,0,25,0.05724,52103.772,True,False,wall,0.0,-12.0,-10.0
5646,385871,-6.0,0,49,0.057236,40784.504,True,False,wall,0.0,4.0,-10.0
5647,385975,-7.0,0,104,0.057226,34305.5984,True,False,wall,0.0,3.0,-10.0
5648,385995,-11.0,0,20,0.057224,23048.6642,True,False,wall,0.0,-1.0,-10.0
5649,386275,-15.0,0,280,0.057199,43090.9321,True,False,wall,0.0,-5.0,-10.0
5650,386307,-9.0,0,32,0.057196,21031.9427,True,False,wall,0.0,1.0,-10.0
5651,386571,19.0,2,264,0.057173,35457.5462,True,False,wall,20.0,9.0,-10.0
5652,386624,-18.0,0,53,0.057168,42620.3621,True,False,wall,0.0,-8.0,-10.0
5653,386673,15.0,1,49,0.057163,48177.3993,True,False,wall,10.0,15.0,-10.0
5654,386791,-13.0,0,118,0.057153,25174.6184,True,False,wall,0.0,-3.0,-10.0
5655,386810,-16.0,0,19,0.057151,50563.0868,True,False,wall,0.0,-6.0,-10.0
5656,386919,5.0,1,109,0.057141,30601.2656,True,False,wall,10.0,5.0,-10.0
5657,387022,-12.0,0,103,0.057132,39402.5567,True,False,wall,0.0,-2.0,-10.0
5658,387129,-10.0,0,107,0.057123,48890.6421,True,False,wall,0.0,0.0,-10.0
5659,387276,-8.0,0,147,0.05711,40684.1083,True,False,wall,0.0,2.0,-10.0
5660,388148,-2.0,1,872,0.057033,26690.1396,True,False,wall,10.0,-2.0,-10.0
5661,388389,-22.0,0,241,0.057011,16909.5721,True,False,wall,0.0,-12.0,-10.0
5662,388520,0.0,0,131,0.057,15394.9918,True,False,wall,0.0,10.0,-10.0
5663,388576,6.0,1,56,0.056995,26051.495,True,False,wall,10.0,6.0,-10.0
5664,388725,-5.0,1,149,0.056982,16014.6057,True,False,wall,10.0,-5.0,-10.0
5665,388800,-22.0,0,75,0.056975,23248.4955,True,False,wall,0.0,-12.0,-10.0
5666,389011,-16.0,0,211,0.056957,19713.7873,True,False,wall,0.0,-6.0,-10.0
5667,389093,-17.0,0,82,0.05695,16835.579,True,False,wall,0.0,-7.0,-10.0
5668,389151,-17.0,0,58,0.056945,13098.5653,True,False,wall,0.0,-7.0,-10.0
5669,389226,-22.0,0,75,0.056938,13363.4649,True,False,wall,0.0,-12.0,-10.0
5670,389502,-15.0,0,276,0.056914,12975.7129,True,False,wall,0.0,-5.0,-10.0
5671,389565,11.0,1,63,0.056909,18055.1961,True,False,wall,10.0,11.0,-10.0
5672,389850,32.0,2,285,0.056884,22158.7738,True,False,wall,20.0,22.0,-10.0
5673,389973,-18.0,0,123,0.056874,23496.0533,True,False,wall,0.0,-8.0,-10.0
5674,390098,-16.0,0,125,0.056863,20317.1761,True,False,wall,0.0,-6.0,-10.0
5675,390669,-14.0,0,571,0.056814,38646.1134,True,False,wall,0.0,-4.0,-10.0
5676,390809,-17.0,0,140,0.056802,18931.4338,True,False,wall,0.0,-7.0,-10.0
5677,391112,5.0,1,303,0.056777,21869.2896,True,False,wall,10.0,5.0,-10.0
5678,391300,-15.0,0,188,0.056761,18696.2372,True,False,wall,0.0,-5.0,-10.0
5679,391383,18.0,2,83,0.056754,18625.0236,True,False,wall,20.0,8.0,-10.0
5680,391503,-15.0,0,120,0.056744,19553.3185,True,False,wall,0.0,-5.0,-10.0
5681,391538,-14.0,0,35,0.056741,15222.1734,True,False,wall,0.0,-4.0,-10.0
5682,391580,-15.0,0,42,0.056737,30169.6372,True,False,wall,0.0,-5.0,-10.0
5683,391939,-12.0,0,359,0.056707,22382.6978,True,False,wall,0.0,-2.0,-10.0
5684,392015,-3.0,0,76,0.056701,25229.1329,True,False,wall,0.0,7.0,-10.0
5685,392053,-17.0,0,38,0.056697,18883.0583,True,False,wall,0.0,-7.0,-10.0
5686,392159,-5.0,0,106,0.056689,22968.5147,True,False,wall,0.0,5.0,-10.0
5687,392205,-7.0,0,46,0.056685,25155.0633,True,False,wall,0.0,3.0,-10.0
5688,392627,4.0,1,422,0.05665,19225.8556,True,False,wall,10.0,4.0,-10.0
5689,392740,-8.0,0,113,0.05664,16425.9847,True,False,wall,0.0,2.0,-10.0
5690,392862,-15.0,0,122,0.05663,20962.6554,True,False,wall,0.0,-5.0,-10.0
5691,392897,-18.0,0,35,0.056627,20101.1277,True,False,wall,0.0,-8.0,-10.0
5692,392944,-18.0,0,47,0.056623,23400.3293,True,False,wall,0.0,-8.0,-10.0
5693,392986,-9.0,0,42,0.05662,13526.9406,True,False,wall,0.0,1.0,-10.0
5694,393079,-20.0,0,93,0.056612,23614.8526,True,False,wall,0.0,-10.0,-10.0
5695,393142,-4.0,0,63,0.056607,16175.5816,True,False,wall,0.0,6.0,-10.0
5696,393178,-15.0,0,36,0.056604,19206.8683,True,False,wall,0.0,-5.0,-10.0
5697,393308,-11.0,0,130,0.056593,38553.6246,True,False,wall,0.0,-1.0,-10.0
5698,393519,-10.0,0,211,0.056576,25065.152,True,False,wall,0.0,0.0,-10.0
5699,393590,3.0,1,71,0.05657,45985.3559,True,False,wall,10.0,3.0,-10.0
5700,393670,-3.0,0,80,0.056563,20356.0411,True,False,wall,0.0,7.0,-10.0
5701,393753,-14.0,0,83,0.056557,19221.7733,True,False,wall,0.0,-4.0,-10.0
5702,394039,-17.0,0,286,0.056533,17984.3509,True,False,wall,0.0,-7.0,-10.0
5703,394162,-18.0,0,123,0.056523,17391.2255,True,False,wall,0.0,-8.0,-10.0
5704,394680,-17.0,0,518,0.056481,23896.7314,True,False,wall,0.0,-7.0,-10.0
5705,394809,-14.0,0,129,0.056471,13330.2474,True,False,wall,0.0,-4.0,-10.0
5706,394922,-8.0,0,113,0.056462,19447.4325,True,False,wall,0.0,2.0,-10.0
5707,395000,-15.0,0,78,0.056455,15144.7,True,False,wall,0.0,-5.0,-10.0
5708,395076,-9.0,0,76,0.056449,24161.714,True,False,wall,0.0,1.0,-10.0
5709,395355,-24.0,0,279,0.056427,18796.7868,True,False,wall,0.0,-14.0,-10.0
5710,395399,-23.0,0,44,0.056423,18663.6787,True,False,wall,0.0,-13.0,-10.0
5711,395477,30.0,3,78,0.056417,13524.3457,True,False,wall,30.0,10.0,-10.0
5712,395674,15.0,1,197,0.056401,11475.8723,True,False,wall,10.0,15.0,-10.0
5713,395752,-23.0,0,78,0.056395,13324.6185,True,False,wall,0.0,-13.0,-10.0
5714,395766,-19.0,0,14,0.056394,9138.0278,True,False,wall,0.0,-9.0,-10.0
5715,396008,-15.0,0,242,0.056374,18871.8053,True,False,wall,0.0,-5.0,-10.0
5716,396032,10.0,1,24,0.056373,13579.7178,True,False,wall,10.0,10.0,-10.0
5717,396147,-16.0,0,115,0.056363,21200.5427,True,False,wall,0.0,-6.0,-10.0
5718,396239,-17.0,0,92,0.056356,20845.3256,True,False,wall,0.0,-7.0,-10.0
5719,396266,-4.0,0,27,0.056354,22337.3974,True,False,wall,0.0,6.0,-10.0
5720,396318,-15.0,0,52,0.05635,26272.9606,True,False,wall,0.0,-5.0,-10.0
5721,396450,12.0,1,132,0.056339,15483.215,True,False,wall,10.0,12.0,-10.0
5722,396534,-4.0,1,84,0.056333,13049.6305,True,False,wall,10.0,-4.0,-10.0
5723,396681,-22.0,0,147,0.056321,21944.8657,True,False,wall,0.0,-12.0,-10.0
5724,396721,-11.0,0,40,0.056318,35858.7632,True,False,wall,0.0,-1.0,-10.0
5725,396746,-4.0,0,25,0.056316,39681.1572,True,False,wall,0.0,6.0,-10.0
5726,396841,-18.0,0,95,0.056308,42019.3355,True,False,wall,0.0,-8.0,-10.0
5727,396871,-15.0,0,30,0.056306,27569.4332,True,False,wall,0.0,-5.0,-10.0
5728,397023,-3.0,0,152,0.056294,22376.1982,True,False,wall,0.0,7.0,-10.0
5729,397357,-11.0,0,334,0.056268,22154.6514,True,False,wall,0.0,-1.0,-10.0
5730,397392,1.0,1,35,0.056265,30946.6737,True,False,wall,10.0,1.0,-10.0
5731,397446,-9.0,0,54,0.056261,25029.4277,True,False,wall,0.0,1.0,-10.0
5732,397566,-21.0,0,120,0.056251,24964.8243,True,False,wall,0.0,-11.0,-10.0
5733,397584,-15.0,0,18,0.05625,27889.726,True,False,wall,0.0,-5.0,-10.0
5734,397770,-7.0,0,186,0.056236,20637.0234,True,False,wall,0.0,3.0,-10.0
5735,398387,-16.0,0,617,0.056188,13904.3574,True,False,wall,0.0,-6.0,-10.0
5736,398525,-10.0,1,138,0.056177,8156.6404,True,False,wall,10.0,-10.0,-10.0
5737,398545,-19.0,0,20,0.056175,11604.174,True,False,wall,0.0,-9.0,-10.0
5738,398670,-16.0,0,125,0.056166,10349.7193,True,False,wall,0.0,-6.0,-10.0
5739,398817,-12.0,0,147,0.056154,13959.7291,True,False,wall,0.0,-2.0,-10.0
5740,399369,-15.0,0,552,0.056112,8465.4633,True,False,wall,0.0,-5.0,-10.0
5741,399429,-1.0,0,60,0.056108,5832.4627,True,False,wall,0.0,9.0,-10.0
5742,399562,-18.0,0,133,0.056097,6588.5102,True,False,wall,0.0,-8.0,-10.0
5743,399780,23.0,2,218,0.056081,6924.9693,True,False,wall,20.0,13.0,-10.0
5744,400108,-17.0,0,328,0.056056,8332.1338,True,False,wall,0.0,-7.0,-10.0
5745,400195,-14.0,0,87,0.056049,6969.7266,True,False,wall,0.0,-4.0,-10.0
5746,400250,-20.0,0,55,0.056045,8305.5507,True,False,wall,0.0,-10.0,-10.0
5747,400758,-19.0,0,508,0.056007,9174.0659,True,False,wall,0.0,-9.0,-10.0
5748,400819,-14.0,0,61,0.056002,7423.2381,True,False,wall,0.0,-4.0,-10.0
5749,400849,-6.0,1,30,0.056,6440.3654,True,False,wall,10.0,-6.0,-10.0
5750,401119,-17.0,0,270,0.05598,8246.3811,True,False,wall,0.0,-7.0,-10.0
5751,401212,-24.0,0,93,0.055973,8556.9525,True,False,wall,0.0,-14.0,-10.0
5752,401255,-12.0,0,43,0.05597,6212.8286,True,False,wall,0.0,-2.0,-10.0
5753,401417,12.0,1,162,0.055958,6479.5913,True,False,wall,10.0,12.0,-10.0
5754,401677,-19.0,0,260,0.055938,6593.7268,True,False,wall,0.0,-9.0,-10.0
5755,401810,-22.0,0,133,0.055928,5645.9572,True,False,wall,0.0,-12.0,-10.0
5756,401823,-20.0,0,13,0.055928,2887.0991,True,False,wall,0.0,-10.0,-10.0
5757,401835,-17.0,0,12,0.055927,5288.0135,True,False,wall,0.0,-7.0,-10.0
5758,401917,-13.0,0,82,0.055921,7785.2416,True,False,wall,0.0,-3.0,-10.0
5759,402065,-8.0,1,148,0.05591,5358.976,True,False,wall,10.0,-8.0,-10.0
5760,402189,-11.0,0,124,0.0559,6022.0984,True,False,wall,0.0,-1.0,-10.0
5761,402273,-19.0,0,84,0.055894,5911.9075,True,False,wall,0.0,-9.0,-10.0
5762,402356,-16.0,0,83,0.055888,6711.2859,True,False,wall,0.0,-6.0,-10.0
5763,402432,-11.0,0,76,0.055883,4366.4965,True,False,wall,0.0,-1.0,-10.0
5764,402557,-18.0,0,125,0.055873,5670.3207,True,False,wall,0.0,-8.0,-10.0
5765,402720,-16.0,0,163,0.055861,6496.7425,True,False,wall,0.0,-6.0,-10.0
5766,402766,31.0,2,46,0.055858,5128.1126,True,False,wall,20.0,21.0,-10.0
5767,402855,-2.0,0,89,0.055852,7107.8346,True,False,wall,0.0,8.0,-10.0
5768,402897,-13.0,0,42,0.055848,5757.4723,True,False,wall,0.0,-3.0,-10.0
5769,402962,15.0,1,65,0.055844,4511.7796,True,False,wall,10.0,15.0,-10.0
5770,403030,-17.0,0,68,0.055839,6866.3436,True,False,wall,0.0,-7.0,-10.0
5771,403139,-18.0,0,109,0.055831,4726.7482,True,False,wall,0.0,-8.0,-10.0
5772,403242,-8.0,0,103,0.055823,4969.8378,True,False,wall,0.0,2.0,-10.0
5773,403269,-12.0,0,27,0.055821,5124.8308,True,False,wall,0.0,-2.0,-10.0
5774,403414,-18.0,0,145,0.055811,3650.6776,True,False,wall,0.0,-8.0,-10.0
5775,403532,-19.0,0,118,0.055802,4072.6229,True,False,wall,0.0,-9.0,-10.0
5776,403597,-6.0,0,65,0.055798,4482.9439,True,False,wall,0.0,4.0,-10.0
5777,403611,-1.0,0,14,0.055797,6336.3775,True,False,wall,0.0,9.0,-10.0
5778,403682,-16.0,0,71,0.055791,5663.1756,True,False,wall,0.0,-6.0,-10.0
5779,403805,-9.0,1,123,0.055782,6630.0311,True,False,wall,10.0,-9.0,-10.0
5780,403830,-22.0,0,25,0.055781,6453.228,True,False,wall,0.0,-12.0,-10.0
5781,403955,1.0,1,125,0.055772,9301.1377,True,False,wall,10.0,1.0,-10.0
5782,404095,-2.0,1,140,0.055762,6993.1045,True,False,wall,10.0,-2.0,-10.0
5783,404210,-20.0,0,115,0.055753,6171.8645,True,False,wall,0.0,-10.0,-10.0
5784,404249,-7.0,1,39,0.05575,6761.8994,True,False,wall,10.0,-7.0,-10.0
5785,404312,-16.0,0,63,0.055746,7152.1859,True,False,wall,0.0,-6.0,-10.0
5786,404605,17.0,1,293,0.055725,5557.849,True,False,wall,10.0,17.0,-10.0
5787,404637,-23.0,0,32,0.055723,4511.297,True,False,wall,0.0,-13.0,-10.0
5788,404666,-10.0,0,29,0.055721,3082.1243,True,False,wall,0.0,0.0,-10.0
5789,404806,-15.0,0,140,0.055711,7032.9097,True,False,wall,0.0,-5.0,-10.0
5790,404828,-9.0,0,22,0.055709,8389.6702,True,False,wall,0.0,1.0,-10.0
5791,404849,-4.0,0,21,0.055708,44945.3343,True,False,wall,0.0,6.0,-10.0
5792,404991,-21.0,0,142,0.055697,10512.937,True,False,wall,0.0,-11.0,-10.0
5793,405046,-12.0,0,55,0.055693,6487.5208,True,False,wall,0.0,-2.0,-10.0
5794,405060,-15.0,0,14,0.055692,13707.2124,True,False,wall,0.0,-5.0,-10.0
5795,405149,-22.0,0,89,0.055686,5697.9181,True,False,wall,0.0,-12.0,-10.0
5796,405322,-22.0,0,173,0.055674,9067.7223,True,False,wall,0.0,-12.0,-10.0
5797,405479,13.0,1,157,0.055663,10831.4372,True,False,wall,10.0,13.0,-10.0
5798,405715,-21.0,0,236,0.055646,10447.9,True,False,wall,0.0,-11.0,-10.0
5799,405731,-13.0,0,16,0.055645,33887.0325,True,False,wall,0.0,-3.0,-10.0
5800,406015,-15.0,0,284,0.055625,14100.571,True,False,wall,0.0,-5.0,-10.0
5801,406126,-14.0,0,111,0.055617,8918.1877,True,False,wall,0.0,-4.0,-10.0
5802,406236,-17.0,0,110,0.055609,8748.3217,True,False,wall,0.0,-7.0,-10.0
5803,406333,-2.0,0,97,0.055603,5814.5999,True,False,wall,0.0,8.0,-10.0
5804,406343,-9.0,0,10,0.055602,6740.4531,True,False,wall,0.0,1.0,-10.0
5805,406737,0.0,1,394,0.055574,5836.0207,True,False,wall,10.0,0.0,-10.0
5806,406978,-4.0,0,241,0.055558,7185.5922,True,False,wall,0.0,6.0,-10.0
5807,407023,-8.0,0,45,0.055554,4201.5272,True,False,wall,0.0,2.0,-10.0
5808,407034,-18.0,0,11,0.055554,6133.1039,True,False,wall,0.0,-8.0,-10.0
5809,407108,-17.0,0,74,0.055549,9457.8824,True,False,wall,0.0,-7.0,-10.0
5810,407213,-8.0,0,105,0.055541,13936.7287,True,False,wall,0.0,2.0,-10.0
5811,407226,3.0,1,13,0.05554,2642.5713,True,False,wall,10.0,3.0,-10.0
5812,407403,-18.0,0,177,0.055528,3890.9762,True,False,wall,0.0,-8.0,-10.0
5813,407475,-1.0,0,72,0.055523,6168.034,True,False,wall,0.0,9.0,-10.0
5814,407496,-4.0,0,21,0.055522,5478.9163,True,False,wall,0.0,6.0,-10.0
5815,407572,-11.0,0,76,0.055517,7687.3651,True,False,wall,0.0,-1.0,-10.0
5816,407635,-4.0,0,63,0.055512,16138.7159,True,False,wall,0.0,6.0,-10.0
5817,407738,-24.0,0,103,0.055505,5697.2878,True,False,wall,0.0,-14.0,-10.0
5818,407769,-12.0,0,31,0.055503,11778.4689,True,False,wall,0.0,-2.0,-10.0
5819,407852,-10.0,0,83,0.055497,13152.4827,True,False,wall,0.0,0.0,-10.0
5820,408135,-1.0,1,283,0.055478,13204.1126,True,False,wall,10.0,-1.0,-10.0
5821,408280,-10.0,0,145,0.055468,7974.4846,True,False,wall,0.0,0.0,-10.0
5822,408305,-20.0,0,25,0.055466,10556.5354,True,False,wall,0.0,-10.0,-10.0
5823,408315,-13.0,0,10,0.055466,5802.2108,True,False,wall,0.0,-3.0,-10.0
5824,408649,-13.0,0,334,0.055443,10033.4033,True,False,wall,0.0,-3.0,-10.0
5825,408662,-14.0,0,13,0.055442,6276.3033,True,False,wall,0.0,-4.0,-10.0
5826,408677,-6.0,0,15,0.055441,29726.0542,True,False,wall,0.0,4.0,-10.0
5827,409102,-16.0,0,425,0.055412,5213.2737,True,False,wall,0.0,-6.0,-10.0
5828,409135,-22.0,0,33,0.05541,3299.6541,True,False,wall,0.0,-12.0,-10.0
5829,409260,-20.0,0,125,0.055401,3623.268,True,False,wall,0.0,-10.0,-10.0
5830,409289,-24.0,0,29,0.055399,4987.0567,True,False,wall,0.0,-14.0,-10.0
5831,409375,-9.0,0,86,0.055394,3359.3016,True,False,wall,0.0,1.0,-10.0
5832,409430,-1.0,1,55,0.05539,4520.8851,True,False,wall,10.0,-1.0,-10.0
5833,409471,-2.0,0,41,0.055387,4381.5794,True,False,wall,0.0,8.0,-10.0
5834,409540,-16.0,0,69,0.055382,4080.0937,True,False,wall,0.0,-6.0,-10.0
5835,409572,-17.0,0,32,0.05538,2584.1003,True,False,wall,0.0,-7.0,-10.0
5836,409660,-9.0,0,88,0.055374,4152.9792,True,False,wall,0.0,1.0,-10.0
5837,409783,-12.0,0,123,0.055366,4855.6011,True,False,wall,0.0,-2.0,-10.0
5838,409838,-14.0,0,55,0.055362,3960.5238,True,False,wall,0.0,-4.0,-10.0
5839,409995,0.0,0,157,0.055352,4257.5439,True,False,wall,0.0,10.0,-10.0
5840,410212,-18.0,0,217,0.055337,2901.7706,True,False,wall,0.0,-8.0,-10.0
5841,410382,-15.0,0,170,0.055326,4394.6688,True,False,wall,0.0,-5.0,-10.0
5842,410539,-18.0,0,157,0.055316,4289.8195,True,False,wall,0.0,-8.0,-10.0
5843,410570,-12.0,0,31,0.055314,5983.274,True,False,wall,0.0,-2.0,-10.0
5844,411053,3.0,1,483,0.055282,2581.4088,True,False,wall,10.0,3.0,-10.0
5845,411352,19.0,1,299,0.055262,3012.5404,True,False,wall,10.0,19.0,-10.0
5846,411394,6.0,1,42,0.055259,8740.8963,True,False,wall,10.0,6.0,-10.0
5847,411432,-15.0,0,38,0.055257,3298.9849,True,False,wall,0.0,-5.0,-10.0
5848,411759,9.0,1,327,0.055235,4382.9574,True,False,wall,10.0,9.0,-10.0
5849,411825,-13.0,0,66,0.055231,2446.9036,True,False,wall,0.0,-3.0,-10.0
5850,411912,-8.0,0,87,0.055225,3806.1873,True,False,wall,0.0,2.0,-10.0
5851,412022,-17.0,0,110,0.055218,6472.2892,True,False,wall,0.0,-7.0,-10.0
5852,412180,-9.0,0,158,0.055208,5663.7925,True,False,wall,0.0,1.0,-10.0
5853,412234,-7.0,0,54,0.055204,3584.9243,True,False,wall,0.0,3.0,-10.0
5854,412510,12.0,1,276,0.055186,4858.795,True,False,wall,10.0,12.0,-10.0
5855,412548,-17.0,0,38,0.055184,4563.8869,True,False,wall,0.0,-7.0,-10.0
5856,412601,-16.0,0,53,0.05518,5668.5241,True,False,wall,0.0,-6.0,-10.0
5857,412803,-13.0,0,202,0.055167,5637.5297,True,False,wall,0.0,-3.0,-10.0
5858,412849,2.0,1,46,0.055164,2050.2474,True,False,wall,10.0,2.0,-10.0
5859,412969,12.0,1,120,0.055157,3006.981,True,False,wall,10.0,12.0,-10.0
5860,413153,0.0,1,184,0.055145,5366.3423,True,False,wall,10.0,0.0,-10.0
5861,413247,2.0,1,94,0.055139,2371.2946,True,False,wall,10.0,2.0,-10.0
5862,413263,-15.0,0,16,0.055138,1458.2611,True,False,wall,0.0,-5.0,-10.0
5863,413348,-1.0,1,85,0.055132,4306.4344,True,False,wall,10.0,-1.0,-10.0
5864,413425,-5.0,1,77,0.055127,2244.0213,True,False,wall,10.0,-5.0,-10.0
5865,413635,-7.0,0,210,0.055114,1848.8185,True,False,wall,0.0,3.0,-10.0
5866,413650,-18.0,0,15,0.055113,1711.7155,True,False,wall,0.0,-8.0,-10.0
5867,413666,-11.0,0,16,0.055112,2513.0897,True,False,wall,0.0,-1.0,-10.0
5868,413798,-13.0,0,132,0.055103,1902.5859,True,False,wall,0.0,-3.0,-10.0
5869,413938,-8.0,1,140,0.055095,2309.6925,True,False,wall,10.0,-8.0,-10.0
5870,413961,7.0,1,23,0.055093,728.8102,True,False,wall,10.0,7.0,-10.0
5871,414085,14.0,1,124,0.055085,2335.4582,True,False,wall,10.0,14.0,-10.0
5872,414242,11.0,1,157,0.055075,1597.2767,True,False,wall,10.0,11.0,-10.0
5873,414320,-7.0,0,78,0.05507,1306.6334,True,False,wall,0.0,3.0,-10.0
5874,414478,-15.0,0,158,0.05506,1475.6905,True,False,wall,0.0,-5.0,-10.0
5875,414494,12.0,1,16,0.055059,1118.765,True,False,wall,10.0,12.0,-10.0
5876,414512,-17.0,0,18,0.055058,1481.0917,True,False,wall,0.0,-7.0,-10.0
5877,414562,2.0,1,50,0.055055,953.0406,True,False,wall,10.0,2.0,-10.0
5878,414631,-20.0,0,69,0.055051,1259.7602,True,False,wall,0.0,-10.0,-10.0
5879,414768,11.0,1,137,0.055042,1671.1199,True,False,wall,10.0,11.0,-10.0
5880,414798,-17.0,0,30,0.05504,2037.5212,True,False,wall,0.0,-7.0,-10.0
5881,414828,-21.0,0,30,0.055038,1606.3876,True,False,wall,0.0,-11.0,-10.0
5882,415001,-2.0,0,173,0.055027,1206.822,True,False,wall,0.0,8.0,-10.0
5883,415028,-22.0,0,27,0.055026,1616.7537,True,False,wall,0.0,-12.0,-10.0
5884,415130,-13.0,0,102,0.055019,977.7226,True,False,wall,0.0,-3.0,-10.0
5885,415220,-23.0,0,90,0.055014,971.6383,True,False,wall,0.0,-13.0,-10.0
5886,415454,-17.0,0,234,0.054999,966.9532,True,False,wall,0.0,-7.0,-10.0
5887,415491,-14.0,0,37,0.054997,847.2289,True,False,wall,0.0,-4.0,-10.0
5888,415537,8.0,1,46,0.054994,628.9037,True,False,wall,10.0,8.0,-10.0
5889,415596,-18.0,0,59,0.05499,674.167,True,False,wall,0.0,-8.0,-10.0
5890,415621,0.0,0,25,0.054988,672.5934,True,False,wall,0.0,10.0,-10.0
5891,415704,-6.0,0,83,0.054983,888.8294,True,False,wall,0.0,4.0,-10.0
5892,415754,-13.0,0,50,0.05498,805.608,True,False,wall,0.0,-3.0,-10.0
5893,415793,-14.0,0,39,0.054978,794.3432,True,False,wall,0.0,-4.0,-10.0
5894,415808,-8.0,0,15,0.054977,950.2766,True,False,wall,0.0,2.0,-10.0
5895,415842,-13.0,0,34,0.054975,732.6442,True,False,wall,0.0,-3.0,-10.0
5896,415857,-10.0,0,15,0.054974,693.8119,True,False,wall,0.0,0.0,-10.0
5897,415926,-22.0,0,69,0.05497,1132.8212,True,False,wall,0.0,-12.0,-10.0
5898,415942,-11.0,0,16,0.054969,728.6796,True,False,wall,0.0,-1.0,-10.0
5899,416094,-2.0,1,152,0.054959,814.389,True,False,wall,10.0,-2.0,-10.0
5900,416314,-12.0,1,220,0.054945,820.0345,True,False,wall,10.0,-12.0,-10.0
5901,416556,2.0,1,242,0.054931,1085.6988,True,False,wall,10.0,2.0,-10.0
5902,416664,-6.0,1,108,0.054924,985.8283,True,False,wall,10.0,-6.0,-10.0
5903,416736,16.0,1,72,0.054919,658.919,True,False,wall,10.0,16.0,-10.0
5904,416817,-5.0,1,81,0.054914,1084.2035,True,False,wall,10.0,-5.0,-10.0
5905,416831,-15.0,0,14,0.054914,925.7386,True,False,wall,0.0,-5.0,-10.0
5906,416920,-20.0,0,89,0.054908,839.9158,True,False,wall,0.0,-10.0,-10.0
5907,416950,-7.0,0,30,0.054906,480.872,True,False,wall,0.0,3.0,-10.0
5908,416985,-14.0,0,35,0.054904,616.2786,True,False,wall,0.0,-4.0,-10.0
5909,417153,-3.0,0,168,0.054894,1025.8555,True,False,wall,0.0,7.0,-10.0
5910,417176,-6.0,0,23,0.054892,1146.8146,True,False,wall,0.0,4.0,-10.0
5911,417236,-23.0,0,60,0.054889,847.5065,True,False,wall,0.0,-13.0,-10.0
5912,417372,-17.0,0,136,0.05488,1611.088,True,False,wall,0.0,-7.0,-10.0
5913,417462,8.0,1,90,0.054875,565.9476,True,False,wall,10.0,8.0,-10.0
5914,417471,-8.0,0,9,0.054874,712.4936,True,False,wall,0.0,2.0,-10.0
5915,417497,-11.0,0,26,0.054873,997.451,True,False,wall,0.0,-1.0,-10.0
5916,417607,-21.0,0,110,0.054866,753.0632,True,False,wall,0.0,-11.0,-10.0
5917,417636,-20.0,0,29,0.054864,598.1453,True,False,wall,0.0,-10.0,-10.0
5918,417669,5.0,1,33,0.054862,749.4604,True,False,wall,10.0,5.0,-10.0
5919,417730,-16.0,0,61,0.054859,622.6752,True,False,wall,0.0,-6.0,-10.0
5920,417787,-3.0,1,57,0.054855,495.7091,True,False,wall,10.0,-3.0,-10.0
5921,417969,12.0,1,182,0.054844,715.1169,True,False,wall,10.0,12.0,-10.0
5922,418146,-16.0,0,177,0.054833,829.817,True,False,wall,0.0,-6.0,-10.0
5923,418266,8.0,1,120,0.054826,993.0193,True,False,wall,10.0,8.0,-10.0
5924,418299,-18.0,0,33,0.054824,645.3168,True,False,wall,0.0,-8.0,-10.0
5925,418314,-16.0,0,15,0.054823,1414.7459,True,False,wall,0.0,-6.0,-10.0
5926,418836,17.0,2,522,0.054792,639.5785,True,False,wall,20.0,7.0,-10.0
5927,418881,-2.0,0,45,0.054789,414.9182,True,False,wall,0.0,8.0,-10.0
5928,418926,-6.0,0,45,0.054787,464.8857,True,False,wall,0.0,4.0,-10.0
5929,418959,-8.0,0,33,0.054785,373.4906,True,False,wall,0.0,2.0,-10.0
5930,418997,-5.0,0,38,0.054782,697.7821,True,False,wall,0.0,5.0,-10.0
5931,419058,3.0,1,61,0.054779,572.6324,True,False,wall,10.0,3.0,-10.0
5932,419129,-12.0,0,71,0.054774,724.2178,True,False,wall,0.0,-2.0,-10.0
5933,419193,6.0,1,64,0.054771,641.8492,True,False,wall,10.0,6.0,-10.0
5934,419210,11.0,1,17,0.05477,479.4502,True,False,wall,10.0,11.0,-10.0
5935,419246,-23.0,0,36,0.054767,596.7755,True,False,wall,0.0,-13.0,-10.0
5936,419278,-19.0,0,32,0.054766,525.7381,True,False,wall,0.0,-9.0,-10.0
5937,419438,-21.0,0,160,0.054756,672.0922,True,False,wall,0.0,-11.0,-10.0
5938,419528,27.0,2,90,0.054751,499.762,True,False,wall,20.0,17.0,-10.0
5939,419541,-4.0,0,13,0.05475,312.4889,True,False,wall,0.0,6.0,-10.0
5940,419590,24.0,2,49,0.054747,520.0509,True,False,wall,20.0,14.0,-10.0
5941,419604,-17.0,0,14,0.054746,428.3705,True,False,wall,0.0,-7.0,-10.0
5942,419682,12.0,1,78,0.054742,551.8139,True,False,wall,10.0,12.0,-10.0
5943,419725,-16.0,0,43,0.054739,516.2486,True,False,wall,0.0,-6.0,-10.0
5944,419835,-15.0,0,110,0.054733,590.1348,True,False,wall,0.0,-5.0,-10.0
5945,419994,-8.0,0,159,0.054723,428.8169,True,False,wall,0.0,2.0,-10.0
5946,420101,9.0,1,107,0.054717,485.6862,True,False,wall,10.0,9.0,-10.0
5947,420130,10.0,2,29,0.054715,595.6938,True,False,wall,20.0,0.0,-10.0
5948,420156,-7.0,0,26,0.054714,487.6609,True,False,wall,0.0,3.0,-10.0
5949,420182,-19.0,0,26,0.054712,456.9811,True,False,wall,0.0,-9.0,-10.0
5950,420273,-16.0,0,91,0.054707,401.073,True,False,wall,0.0,-6.0,-10.0
5951,420353,1.0,0,80,0.054702,619.0567,True,False,wall,0.0,11.0,-10.0
5952,420418,-14.0,0,65,0.054698,543.4545,True,False,wall,0.0,-4.0,-10.0
5953,420482,-17.0,0,64,0.054694,472.4993,True,False,wall,0.0,-7.0,-10.0
5954,420504,-7.0,0,22,0.054693,470.0083,True,False,wall,0.0,3.0,-10.0
5955,420532,-11.0,0,28,0.054691,678.6545,True,False,wall,0.0,-1.0,-10.0
5956,420561,-14.0,0,29,0.05469,371.6961,True,False,wall,0.0,-4.0,-10.0
5957,420998,-10.0,0,437,0.054664,409.1248,True,False,wall,0.0,0.0,-10.0
5958,421181,11.0,1,183,0.054654,361.037,True,False,wall,10.0,11.0,-10.0
5959,421268,-22.0,0,87,0.054649,376.2329,True,False,wall,0.0,-12.0,-10.0
5960,421368,-15.0,0,100,0.054643,383.2931,True,False,wall,0.0,-5.0,-10.0
5961,421377,1.0,1,9,0.054642,331.9632,True,False,wall,10.0,1.0,-10.0
5962,421466,-10.0,0,89,0.054637,428.1709,True,False,wall,0.0,0.0,-10.0
5963,421512,-13.0,0,46,0.054634,416.9577,True,False,wall,0.0,-3.0,-10.0
5964,421531,-14.0,0,19,0.054633,512.5835,True,False,wall,0.0,-4.0,-10.0
5965,421617,-15.0,0,86,0.054628,437.9709,True,False,wall,0.0,-5.0,-10.0
5966,421643,-13.0,0,26,0.054627,964.0665,True,False,wall,0.0,-3.0,-10.0
5967,421854,-8.0,0,211,0.054615,659.5272,True,False,wall,0.0,2.0,-10.0
5968,421980,16.0,1,126,0.054607,538.0568,True,False,wall,10.0,16.0,-10.0
5969,422032,14.0,1,52,0.054604,438.2798,True,False,wall,10.0,14.0,-10.0
5970,422284,-17.0,0,252,0.05459,366.5677,True,False,wall,0.0,-7.0,-10.0
5971,422365,19.0,1,81,0.054585,357.2208,True,False,wall,10.0,19.0,-10.0
5972,422527,-7.0,0,162,0.054576,392.672,True,False,wall,0.0,3.0,-10.0
5973,422666,-2.0,0,139,0.054568,364.2527,True,False,wall,0.0,8.0,-10.0
5974,422803,7.0,1,137,0.05456,386.6766,True,False,wall,10.0,7.0,-10.0
5975,422865,-19.0,0,62,0.054557,366.3846,True,False,wall,0.0,-9.0,-10.0
5976,423263,33.0,2,398,0.054534,400.8796,True,False,wall,20.0,23.0,-10.0
5977,423344,-22.0,0,81,0.054529,399.0921,True,False,wall,0.0,-12.0,-10.0
5978,423551,-10.0,0,207,0.054518,465.2629,True,False,wall,0.0,0.0,-10.0
5979,423593,-15.0,0,42,0.054515,305.3215,True,False,wall,0.0,-5.0,-10.0
5980,423619,-5.0,0,26,0.054514,286.0771,True,False,wall,0.0,5.0,-10.0
5981,423656,-14.0,0,37,0.054512,421.5891,True,False,wall,0.0,-4.0,-10.0
5982,423719,-20.0,0,63,0.054508,330.2012,True,False,wall,0.0,-10.0,-10.0
5983,423747,-17.0,0,28,0.054507,216.7339,True,False,wall,0.0,-7.0,-10.0
5984,423849,46.0,3,102,0.054501,305.2175,True,False,body,30.0,26.0,-10.0
5985,423895,4.0,1,46,0.054498,330.6914,True,False,wall,10.0,4.0,-10.0
5986,423950,-16.0,0,55,0.054495,262.4805,True,False,wall,0.0,-6.0,-10.0
5987,424302,14.0,1,352,0.054476,288.2224,True,False,wall,10.0,14.0,-10.0
5988,424348,-9.0,0,46,0.054473,240.663,True,False,wall,0.0,1.0,-10.0
5989,424411,-6.0,0,63,0.054469,362.6248,True,False,wall,0.0,4.0,-10.0
5990,424697,10.0,1,286,0.054453,387.1393,True,False,wall,10.0,10.0,-10.0
5991,424744,-16.0,0,47,0.054451,390.6053,True,False,wall,0.0,-6.0,-10.0
5992,424833,-5.0,1,89,0.054446,517.7397,True,False,wall,10.0,-5.0,-10.0
5993,424902,-6.0,0,69,0.054442,339.0286,True,False,wall,0.0,4.0,-10.0
5994,425045,-12.0,0,143,0.054434,322.0402,True,False,wall,0.0,-2.0,-10.0
5995,425273,-7.0,0,228,0.054422,383.595,True,False,wall,0.0,3.0,-10.0
5996,425511,4.0,1,238,0.054408,309.583,True,False,wall,10.0,4.0,-10.0
5997,425553,-3.0,0,42,0.054406,1145.8453,True,False,wall,0.0,7.0,-10.0
5998,425598,-14.0,0,45,0.054404,257.9942,True,False,wall,0.0,-4.0,-10.0
5999,425667,-14.0,0,69,0.0544,298.1543,True,False,wall,0.0,-4.0,-10.0
6000,425721,10.0,1,54,0.054397,259.9166,True,False,wall,10.0,10.0,-10.0
6001,425785,-17.0,0,64,0.054393,452.0068,True,False,wall,0.0,-7.0,-10.0
6002,425795,-2.0,1,10,0.054393,252.3024,True,False,wall,10.0,-2.0,-10.0
6003,425821,-21.0,0,26,0.054391,265.9257,True,False,wall,0.0,-11.0,-10.0
6004,425830,-12.0,0,9,0.054391,342.4828,True,False,wall,0.0,-2.0,-10.0
6005,425864,-15.0,0,34,0.054389,245.05,True,False,wall,0.0,-5.0,-10.0
6006,425966,2.0,1,102,0.054383,212.6585,True,False,wall,10.0,2.0,-10.0
6007,425989,-18.0,0,23,0.054382,293.6031,True,False,wall,0.0,-8.0,-10.0
6008,426077,-19.0,0,88,0.054377,224.7564,True,False,wall,0.0,-9.0,-10.0
6009,426086,7.0,1,9,0.054377,347.5924,True,False,wall,10.0,7.0,-10.0
6010,426160,2.0,1,74,0.054373,268.3369,True,False,wall,10.0,2.0,-10.0
6011,426189,-16.0,0,29,0.054371,275.9642,True,False,wall,0.0,-6.0,-10.0
6012,426373,-15.0,0,184,0.054361,299.9422,True,False,wall,0.0,-5.0,-10.0
6013,426419,-17.0,0,46,0.054359,268.8427,True,False,wall,0.0,-7.0,-10.0
6014,426460,-8.0,0,41,0.054356,256.6226,True,False,wall,0.0,2.0,-10.0
6015,426571,-14.0,0,111,0.05435,308.1823,True,False,wall,0.0,-4.0,-10.0
6016,426678,-10.0,0,107,0.054345,250.3646,True,False,wall,0.0,0.0,-10.0
6017,426693,-12.0,0,15,0.054344,282.1648,True,False,wall,0.0,-2.0,-10.0
6018,426824,-20.0,0,131,0.054337,394.2316,True,False,wall,0.0,-10.0,-10.0
6019,426870,-11.0,0,46,0.054334,291.8623,True,False,wall,0.0,-1.0,-10.0
6020,426944,0.0,1,74,0.05433,338.5526,True,False,wall,10.0,0.0,-10.0
6021,427091,28.0,2,147,0.054322,224.8504,True,False,wall,20.0,18.0,-10.0
6022,427286,-4.0,0,195,0.054312,273.3494,True,False,wall,0.0,6.0,-10.0
6023,427327,-4.0,0,41,0.054309,198.8469,True,False,wall,0.0,6.0,-10.0
6024,427422,-12.0,0,95,0.054304,169.225,True,False,wall,0.0,-2.0,-10.0
6025,427446,-23.0,0,24,0.054303,213.2474,True,False,wall,0.0,-13.0,-10.0
6026,427482,12.0,1,36,0.054301,360.0262,True,False,wall,10.0,12.0,-10.0
6027,427641,11.0,1,159,0.054293,220.6924,True,False,wall,10.0,11.0,-10.0
6028,427712,-13.0,1,71,0.054289,257.1152,True,False,wall,10.0,-13.0,-10.0
6029,427778,10.0,1,66,0.054285,187.3096,True,False,wall,10.0,10.0,-10.0
6030,427865,-6.0,0,87,0.054281,185.4654,True,False,wall,0.0,4.0,-10.0
6031,428080,9.0,1,215,0.054269,234.0504,True,False,wall,10.0,9.0,-10.0
6032,428153,-2.0,0,73,0.054265,315.8515,True,False,wall,0.0,8.0,-10.0
6033,428202,-12.0,0,49,0.054263,219.5345,True,False,wall,0.0,-2.0,-10.0
6034,428227,-18.0,0,25,0.054261,229.5492,True,False,wall,0.0,-8.0,-10.0
6035,428265,-23.0,0,38,0.054259,438.7379,True,False,wall,0.0,-13.0,-10.0
6036,428300,0.0,0,35,0.054257,208.7264,True,False,wall,0.0,10.0,-10.0
6037,428356,8.0,1,56,0.054254,188.9344,True,False,wall,10.0,8.0,-10.0
6038,428501,-8.0,0,145,0.054247,196.6316,True,False,wall,0.0,2.0,-10.0
6039,428621,-17.0,0,120,0.05424,194.191,True,False,wall,0.0,-7.0,-10.0
6040,428649,-17.0,0,28,0.054239,190.5493,True,False,wall,0.0,-7.0,-10.0
6041,428667,-13.0,0,18,0.054238,217.5474,True,False,wall,0.0,-3.0,-10.0
6042,428804,-1.0,1,137,0.054231,182.7882,True,False,wall,10.0,-1.0,-10.0
6043,428838,-11.0,0,34,0.054229,140.1277,True,False,wall,0.0,-1.0,-10.0
6044,428872,-17.0,0,34,0.054227,186.7242,True,False,wall,0.0,-7.0,-10.0
6045,428912,-15.0,0,40,0.054225,387.5054,True,False,wall,0.0,-5.0,-10.0
6046,428953,-14.0,0,41,0.054223,124.8804,True,False,wall,0.0,-4.0,-10.0
6047,429197,16.0,1,244,0.05421,167.4977,True,False,wall,10.0,16.0,-10.0
6048,429205,-5.0,0,8,0.054209,151.9405,True,False,wall,0.0,5.0,-10.0
6049,429308,-18.0,0,103,0.054204,152.9465,True,False,wall,0.0,-8.0,-10.0
6050,429496,-17.0,0,188,0.054194,160.6481,True,False,wall,0.0,-7.0,-10.0
6051,429516,-19.0,0,20,0.054193,147.0904,True,False,wall,0.0,-9.0,-10.0
6052,429609,-18.0,0,93,0.054188,180.9598,True,False,wall,0.0,-8.0,-10.0
6053,429664,-10.0,0,55,0.054185,210.5325,True,False,wall,0.0,0.0,-10.0
6054,429692,-9.0,0,28,0.054184,132.5508,True,False,wall,0.0,1.0,-10.0
6055,429799,-24.0,0,107,0.054178,218.6454,True,False,wall,0.0,-14.0,-10.0
6056,429893,-5.0,0,94,0.054173,285.3477,True,False,wall,0.0,5.0,-10.0
6057,429936,-10.0,0,43,0.054171,1208.7422,True,False,wall,0.0,0.0,-10.0
6058,429980,10.0,1,44,0.054169,284.873,True,False,wall,10.0,10.0,-10.0
6059,430004,8.0,1,24,0.054168,194.1695,True,False,wall,10.0,8.0,-10.0
6060,430062,2.0,1,58,0.054165,295.7672,True,False,wall,10.0,2.0,-10.0
6061,430111,-20.0,0,49,0.054162,218.5008,True,False,wall,0.0,-10.0,-10.0
6062,430142,-14.0,0,31,0.05416,225.0238,True,False,wall,0.0,-4.0,-10.0
6063,430151,-16.0,0,9,0.05416,148.7247,True,False,wall,0.0,-6.0,-10.0
6064,430267,-3.0,0,116,0.054154,202.487,True,False,wall,0.0,7.0,-10.0
6065,430301,-23.0,0,34,0.054152,142.4549,True,False,wall,0.0,-13.0,-10.0
6066,430333,-9.0,0,32,0.054151,2300.9549,True,False,wall,0.0,1.0,-10.0
6067,430444,-16.0,0,111,0.054145,784.3966,True,False,wall,0.0,-6.0,-10.0
6068,430462,-13.0,0,18,0.054144,2475.2047,True,False,wall,0.0,-3.0,-10.0
6069,430783,7.0,1,321,0.054127,1559.644,True,False,wall,10.0,7.0,-10.0
6070,430794,-20.0,0,11,0.054127,4520.5909,True,False,wall,0.0,-10.0,-10.0
6071,430877,-20.0,0,83,0.054122,1009.1701,True,False,wall,0.0,-10.0,-10.0
6072,430944,-14.0,0,67,0.054119,1225.0566,True,False,wall,0.0,-4.0,-10.0
6073,431051,-18.0,0,107,0.054113,1707.9919,True,False,wall,0.0,-8.0,-10.0
6074,431123,-17.0,0,72,0.05411,1627.4819,True,False,wall,0.0,-7.0,-10.0
6075,431198,-20.0,0,75,0.054106,1683.0262,True,False,wall,0.0,-10.0,-10.0
6076,431252,-21.0,0,54,0.054103,1889.9914,True,False,wall,0.0,-11.0,-10.0
6077,431474,4.0,1,222,0.054092,5562.3376,True,False,wall,10.0,4.0,-10.0
6078,431597,-20.0,0,123,0.054085,11598.1404,True,False,wall,0.0,-10.0,-10.0
6079,431681,10.0,1,84,0.054081,7742.1966,True,False,wall,10.0,10.0,-10.0
6080,431850,-22.0,0,169,0.054073,6291.3267,True,False,wall,0.0,-12.0,-10.0
6081,431914,-13.0,0,64,0.054069,11876.8269,True,False,wall,0.0,-3.0,-10.0
6082,431996,-23.0,0,82,0.054065,3870.9906,True,False,wall,0.0,-13.0,-10.0
6083,432019,-8.0,0,23,0.054064,4252.9897,True,False,wall,0.0,2.0,-10.0
6084,432030,-20.0,0,11,0.054063,5093.2202,True,False,wall,0.0,-10.0,-10.0
6085,432067,-8.0,0,37,0.054062,3558.4923,True,False,wall,0.0,2.0,-10.0
6086,432077,-17.0,0,10,0.054061,6772.1232,True,False,wall,0.0,-7.0,-10.0
6087,432104,-9.0,1,27,0.05406,5906.7548,True,False,wall,10.0,-9.0,-10.0
6088,432127,-1.0,1,23,0.054058,2989.4804,True,False,wall,10.0,-1.0,-10.0
6089,432171,-13.0,0,44,0.054056,4219.7458,True,False,wall,0.0,-3.0,-10.0
6090,432196,-14.0,0,25,0.054055,3199.1323,True,False,wall,0.0,-4.0,-10.0
6091,432342,-17.0,0,146,0.054048,3384.7645,True,False,wall,0.0,-7.0,-10.0
6092,432415,-20.0,0,73,0.054044,2554.6241,True,False,wall,0.0,-10.0,-10.0
6093,432453,-21.0,0,38,0.054042,2065.8558,True,False,wall,0.0,-11.0,-10.0
6094,432653,-23.0,0,200,0.054032,2804.1046,True,False,wall,0.0,-13.0,-10.0
6095,432726,-16.0,0,73,0.054028,2101.4044,True,False,wall,0.0,-6.0,-10.0
6096,432758,-13.0,0,32,0.054027,2112.4839,True,False,wall,0.0,-3.0,-10.0
6097,432997,-20.0,0,239,0.054015,2359.6676,True,False,wall,0.0,-10.0,-10.0
6098,433012,-10.0,0,15,0.054014,2142.6161,True,False,wall,0.0,0.0,-10.0
6099,433359,19.0,1,347,0.053996,3763.4665,True,False,wall,10.0,19.0,-10.0
6100,433370,-14.0,0,11,0.053996,1245.7777,True,False,wall,0.0,-4.0,-10.0
6101,433427,5.0,1,57,0.053993,1813.6366,True,False,wall,10.0,5.0,-10.0
6102,433470,-16.0,0,43,0.053991,3375.6225,True,False,wall,0.0,-6.0,-10.0
6103,433498,10.0,1,28,0.05399,3027.3569,True,False,wall,10.0,10.0,-10.0
6104,433950,23.0,2,452,0.053967,2707.2101,True,False,wall,20.0,13.0,-10.0
6105,434159,-24.0,0,209,0.053957,1964.904,True,False,wall,0.0,-14.0,-10.0
6106,434182,-12.0,0,23,0.053956,1911.0023,True,False,wall,0.0,-2.0,-10.0
6107,434268,-9.0,0,86,0.053951,1729.4477,True,False,wall,0.0,1.0,-10.0
6108,434363,27.0,1,95,0.053947,2341.4367,True,False,wall,10.0,27.0,-10.0
6109,434484,-20.0,0,121,0.053941,1345.2652,True,False,wall,0.0,-10.0,-10.0
6110,434513,-14.0,0,29,0.053939,1167.4783,True,False,wall,0.0,-4.0,-10.0
6111,434588,3.0,1,75,0.053936,2046.957,True,False,wall,10.0,3.0,-10.0
6112,434616,-17.0,0,28,0.053934,2437.9388,True,False,wall,0.0,-7.0,-10.0
6113,434827,-14.0,0,211,0.053924,1861.2946,True,False,wall,0.0,-4.0,-10.0
6114,434841,8.0,1,14,0.053923,1662.1993,True,False,wall,10.0,8.0,-10.0
6115,434925,-15.0,0,84,0.053919,1775.0459,True,False,wall,0.0,-5.0,-10.0
6116,435011,-15.0,0,86,0.053915,1736.7694,True,False,wall,0.0,-5.0,-10.0
6117,435076,-14.0,0,65,0.053912,1643.2332,True,False,wall,0.0,-4.0,-10.0
6118,435176,-7.0,0,100,0.053907,1535.5111,True,False,wall,0.0,3.0,-10.0
6119,435325,-24.0,0,149,0.053899,2006.1194,True,False,wall,0.0,-14.0,-10.0
6120,435368,-3.0,1,43,0.053897,1383.5678,True,False,wall,10.0,-3.0,-10.0
6121,435398,-11.0,0,30,0.053896,1507.9338,True,False,wall,0.0,-1.0,-10.0
6122,435917,-4.0,0,519,0.053871,1669.5084,True,False,wall,0.0,6.0,-10.0
6123,435945,-5.0,0,28,0.053869,1010.7864,True,False,wall,0.0,5.0,-10.0
6124,436024,-22.0,0,79,0.053866,1212.4166,True,False,wall,0.0,-12.0,-10.0
6125,436127,-14.0,0,103,0.053861,1075.795,True,False,wall,0.0,-4.0,-10.0
6126,436209,-1.0,0,82,0.053857,1271.1225,True,False,wall,0.0,9.0,-10.0
6127,436236,-8.0,0,27,0.053855,1490.767,True,False,wall,0.0,2.0,-10.0
6128,436544,-23.0,0,308,0.05384,1200.0446,True,False,wall,0.0,-13.0,-10.0
6129,436587,-2.0,0,43,0.053838,1425.4655,True,False,wall,0.0,8.0,-10.0
6130,436672,-1.0,1,85,0.053834,1435.131,True,False,wall,10.0,-1.0,-10.0
6131,436695,-6.0,0,23,0.053833,1495.5543,True,False,wall,0.0,4.0,-10.0
6132,437206,-20.0,0,511,0.053809,2987.1399,True,False,wall,0.0,-10.0,-10.0
6133,437285,-14.0,0,79,0.053805,2545.9703,True,False,wall,0.0,-4.0,-10.0
6134,437310,-2.0,0,25,0.053804,2220.4822,True,False,wall,0.0,8.0,-10.0
6135,438051,-1.0,1,741,0.053769,2312.233,True,False,wall,10.0,-1.0,-10.0
6136,438063,-13.0,0,12,0.053768,5337.675,True,False,wall,0.0,-3.0,-10.0
6137,438315,-23.0,0,252,0.053756,1877.8582,True,False,wall,0.0,-13.0,-10.0
6138,438332,-10.0,0,17,0.053756,1634.0872,True,False,wall,0.0,0.0,-10.0
6139,438371,-4.0,0,39,0.053754,1646.6035,True,False,wall,0.0,6.0,-10.0
6140,438418,-1.0,1,47,0.053752,982.0562,True,False,wall,10.0,-1.0,-10.0
6141,438497,-20.0,0,79,0.053748,1062.5302,True,False,wall,0.0,-10.0,-10.0
6142,438565,-9.0,0,68,0.053745,1448.7983,True,False,wall,0.0,1.0,-10.0
6143,438635,1.0,0,70,0.053741,1457.2878,True,False,wall,0.0,11.0,-10.0
6144,438913,15.0,2,278,0.053728,1704.7005,True,False,wall,20.0,5.0,-10.0
6145,438964,-16.0,0,51,0.053726,3739.9919,True,False,wall,0.0,-6.0,-10.0
6146,439098,16.0,1,134,0.05372,1979.1586,True,False,wall,10.0,16.0,-10.0
6147,440100,17.0,2,1002,0.053673,1842.3838,True,False,wall,20.0,7.0,-10.0
6148,440186,2.0,1,86,0.05367,1077.958,True,False,wall,10.0,2.0,-10.0
6149,440354,-23.0,0,168,0.053662,1203.9487,True,False,wall,0.0,-13.0,-10.0
6150,440456,12.0,1,102,0.053657,2447.5958,True,False,wall,10.0,12.0,-10.0
6151,440505,-24.0,0,49,0.053655,1273.9984,True,False,wall,0.0,-14.0,-10.0
6152,440698,-18.0,0,193,0.053646,1712.9403,True,False,wall,0.0,-8.0,-10.0
6153,440713,-12.0,0,15,0.053645,1197.3848,True,False,wall,0.0,-2.0,-10.0
6154,440875,-11.0,0,162,0.053638,2944.2057,True,False,wall,0.0,-1.0,-10.0
6155,440883,-9.0,0,8,0.053638,2104.0756,True,False,wall,0.0,1.0,-10.0
6156,440977,-17.0,0,94,0.053633,2240.8314,True,False,wall,0.0,-7.0,-10.0
6157,441021,-15.0,0,44,0.053631,1567.1924,True,False,wall,0.0,-5.0,-10.0
6158,441100,-16.0,0,79,0.053628,1559.5854,True,False,wall,0.0,-6.0,-10.0
6159,441207,19.0,1,107,0.053623,2240.3821,True,False,wall,10.0,19.0,-10.0
6160,441418,-16.0,0,211,0.053613,1346.3839,True,False,wall,0.0,-6.0,-10.0
6161,441671,-7.0,1,253,0.053602,2008.6915,True,False,wall,10.0,-7.0,-10.0
6162,441717,-23.0,0,46,0.0536,4488.3479,True,False,wall,0.0,-13.0,-10.0
6163,441831,-19.0,0,114,0.053595,1976.7849,True,False,wall,0.0,-9.0,-10.0
6164,441959,-9.0,0,128,0.053589,1795.8345,True,False,wall,0.0,1.0,-10.0
6165,442014,1.0,1,55,0.053587,5520.3715,True,False,wall,10.0,1.0,-10.0
6166,442134,8.0,1,120,0.053581,1301.4213,True,False,wall,10.0,8.0,-10.0
6167,442218,8.0,1,84,0.053578,1372.2184,True,False,wall,10.0,8.0,-10.0
6168,442239,-14.0,0,21,0.053577,1836.3954,True,False,wall,0.0,-4.0,-10.0
6169,443301,-6.0,1,1062,0.053529,1901.9932,True,False,wall,10.0,-6.0,-10.0
6170,443327,-17.0,0,26,0.053528,2372.1348,True,False,wall,0.0,-7.0,-10.0
6171,443376,-14.0,0,49,0.053526,3363.9648,True,False,wall,0.0,-4.0,-10.0
6172,443397,-16.0,0,21,0.053525,1943.3149,True,False,wall,0.0,-6.0,-10.0
6173,443777,-15.0,0,380,0.053508,2418.7675,True,False,wall,0.0,-5.0,-10.0
6174,443949,-2.0,1,172,0.053501,1594.3509,True,False,wall,10.0,-2.0,-10.0
6175,444058,-18.0,0,109,0.053496,1940.5984,True,False,wall,0.0,-8.0,-10.0
6176,444122,18.0,1,64,0.053493,2100.1233,True,False,wall,10.0,18.0,-10.0
6177,444206,-17.0,0,84,0.05349,1353.1424,True,False,wall,0.0,-7.0,-10.0
6178,444221,-8.0,0,15,0.053489,2666.7804,True,False,wall,0.0,2.0,-10.0
6179,444390,17.0,1,169,0.053482,1640.7312,True,False,wall,10.0,17.0,-10.0
6180,444431,0.0,0,41,0.05348,2284.9151,True,False,wall,0.0,10.0,-10.0
6181,444490,7.0,1,59,0.053477,3536.3186,True,False,wall,10.0,7.0,-10.0
6182,444518,-21.0,0,28,0.053476,2569.4483,True,False,wall,0.0,-11.0,-10.0
6183,444836,-11.0,0,318,0.053462,2106.018,True,False,wall,0.0,-1.0,-10.0
6184,445104,-9.0,0,268,0.053451,4056.2365,True,False,wall,0.0,1.0,-10.0
6185,445317,-20.0,0,213,0.053442,2458.0257,True,False,wall,0.0,-10.0,-10.0
6186,445387,-13.0,0,70,0.053439,2958.4205,True,False,wall,0.0,-3.0,-10.0
6187,445594,-22.0,0,207,0.05343,1825.5544,True,False,wall,0.0,-12.0,-10.0
6188,445738,-1.0,0,144,0.053424,4097.6013,True,False,wall,0.0,9.0,-10.0
6189,445800,-23.0,0,62,0.053421,2814.1237,True,False,wall,0.0,-13.0,-10.0
6190,445863,5.0,1,63,0.053418,2255.4702,True,False,wall,10.0,5.0,-10.0
6191,446024,-6.0,0,161,0.053411,2600.6629,True,False,wall,0.0,4.0,-10.0
6192,446087,-6.0,0,63,0.053409,1425.3263,True,False,wall,0.0,4.0,-10.0
6193,446191,-13.0,0,104,0.053404,2441.4393,True,False,wall,0.0,-3.0,-10.0
6194,446281,-9.0,0,90,0.0534,2331.6985,True,False,wall,0.0,1.0,-10.0
6195,446413,-19.0,0,132,0.053395,1756.207,True,False,wall,0.0,-9.0,-10.0
6196,446450,-12.0,0,37,0.053393,1688.972,True,False,wall,0.0,-2.0,-10.0
6197,446541,-1.0,1,91,0.053389,2444.7844,True,False,wall,10.0,-1.0,-10.0
6198,446634,11.0,1,93,0.053385,2474.3148,True,False,wall,10.0,11.0,-10.0
6199,446687,-6.0,0,53,0.053383,2595.3056,True,False,wall,0.0,4.0,-10.0
6200,447105,6.0,1,418,0.053366,1829.8932,True,False,wall,10.0,6.0,-10.0
6201,447182,1.0,1,77,0.053362,2578.246,True,False,wall,10.0,1.0,-10.0
6202,447282,4.0,1,100,0.053358,2369.5472,True,False,wall,10.0,4.0,-10.0
6203,447327,-8.0,0,45,0.053356,1618.2174,True,False,wall,0.0,2.0,-10.0
6204,447439,-17.0,0,112,0.053351,1484.4487,True,False,wall,0.0,-7.0,-10.0
6205,447540,-18.0,0,101,0.053347,1282.773,True,False,wall,0.0,-8.0,-10.0
6206,447773,22.0,2,233,0.053338,1331.5316,True,False,wall,20.0,12.0,-10.0
6207,447882,-13.0,1,109,0.053333,1851.1342,True,False,wall,10.0,-13.0,-10.0
6208,447979,-16.0,0,97,0.053329,1086.159,True,False,wall,0.0,-6.0,-10.0
6209,447999,-17.0,0,20,0.053328,1237.4744,True,False,wall,0.0,-7.0,-10.0
6210,448176,11.0,1,177,0.053321,1506.298,True,False,wall,10.0,11.0,-10.0
6211,448355,-6.0,0,179,0.053313,2484.9865,True,False,wall,0.0,4.0,-10.0
6212,448531,19.0,2,176,0.053306,1603.9921,True,False,wall,20.0,9.0,-10.0
6213,448689,-23.0,0,158,0.0533,3181.4993,True,False,wall,0.0,-13.0,-10.0
6214,448813,-13.0,0,124,0.053294,1414.3161,True,False,wall,0.0,-3.0,-10.0
6215,449089,-23.0,0,276,0.053283,1127.4901,True,False,wall,0.0,-13.0,-10.0
6216,449164,-8.0,0,75,0.05328,1064.1293,True,False,wall,0.0,2.0,-10.0
6217,449571,-16.0,0,407,0.053263,837.0623,True,False,wall,0.0,-6.0,-10.0
6218,449588,-6.0,0,17,0.053263,497.4619,True,False,wall,0.0,4.0,-10.0
6219,449681,7.0,1,93,0.053259,732.4037,True,False,wall,10.0,7.0,-10.0
6220,449915,-19.0,0,234,0.053249,4866.3535,True,False,wall,0.0,-9.0,-10.0
6221,450032,-10.0,0,117,0.053245,4844.7277,True,False,wall,0.0,0.0,-10.0
6222,450216,-8.0,1,184,0.053237,4202.7395,True,False,wall,10.0,-8.0,-10.0
6223,450224,-5.0,0,8,0.053237,7112.4423,True,False,wall,0.0,5.0,-10.0
6224,450340,-19.0,0,116,0.053232,2823.484,True,False,wall,0.0,-9.0,-10.0
6225,450453,-20.0,0,113,0.053228,2712.0761,True,False,wall,0.0,-10.0,-10.0
6226,450538,-20.0,0,85,0.053224,1741.2894,True,False,wall,0.0,-10.0,-10.0
6227,450553,-20.0,0,15,0.053224,1856.8262,True,False,wall,0.0,-10.0,-10.0
6228,450578,-8.0,0,25,0.053223,2813.0182,True,False,wall,0.0,2.0,-10.0
6229,450593,-16.0,0,15,0.053222,3546.1694,True,False,wall,0.0,-6.0,-10.0
6230,450632,-4.0,0,39,0.05322,2180.7771,True,False,wall,0.0,6.0,-10.0
6231,450685,-12.0,0,53,0.053218,1274.1543,True,False,wall,0.0,-2.0,-10.0
6232,450937,-9.0,0,252,0.053208,1351.5293,True,False,wall,0.0,1.0,-10.0
6233,451067,10.0,1,130,0.053203,759.8975,True,False,wall,10.0,10.0,-10.0
6234,451197,-23.0,0,130,0.053198,901.4267,True,False,wall,0.0,-13.0,-10.0
6235,451207,-19.0,0,10,0.053197,1250.8453,True,False,wall,0.0,-9.0,-10.0
6236,451244,-10.0,0,37,0.053196,799.9487,True,False,wall,0.0,0.0,-10.0
6237,451265,-14.0,0,21,0.053195,1690.0679,True,False,wall,0.0,-4.0,-10.0
6238,451333,-17.0,0,68,0.053192,1691.1925,True,False,wall,0.0,-7.0,-10.0
6239,451374,-8.0,0,41,0.053191,706.3275,True,False,wall,0.0,2.0,-10.0
6240,451388,-17.0,0,14,0.05319,1104.6309,True,False,wall,0.0,-7.0,-10.0
6241,451415,-20.0,0,27,0.053189,540.7006,True,False,wall,0.0,-10.0,-10.0
6242,451606,-12.0,0,191,0.053181,691.7992,True,False,wall,0.0,-2.0,-10.0
6243,451769,-24.0,0,163,0.053175,472.5154,True,False,wall,0.0,-14.0,-10.0
6244,451941,-15.0,0,172,0.053168,460.4232,True,False,wall,0.0,-5.0,-10.0
6245,452381,-9.0,0,440,0.053151,1019.5338,True,False,wall,0.0,1.0,-10.0
6246,452784,-14.0,0,403,0.053135,455.436,True,False,wall,0.0,-4.0,-10.0
6247,452924,-19.0,0,140,0.053129,525.731,True,False,wall,0.0,-9.0,-10.0
6248,453130,-4.0,1,206,0.053121,402.8824,True,False,wall,10.0,-4.0,-10.0
6249,453191,-20.0,0,61,0.053119,436.4892,True,False,wall,0.0,-10.0,-10.0
6250,453236,-14.0,0,45,0.053117,421.9412,True,False,wall,0.0,-4.0,-10.0
6251,453448,-8.0,1,212,0.053109,529.5249,True,False,wall,10.0,-8.0,-10.0
6252,453553,-4.0,0,105,0.053105,527.4625,True,False,wall,0.0,6.0,-10.0
6253,453563,6.0,1,10,0.053105,350.4368,True,False,wall,10.0,6.0,-10.0
6254,453583,-13.0,0,20,0.053104,480.4441,True,False,wall,0.0,-3.0,-10.0
6255,453600,-12.0,0,17,0.053103,630.6345,True,False,wall,0.0,-2.0,-10.0
6256,453658,-11.0,0,58,0.053101,1212.9346,True,False,wall,0.0,-1.0,-10.0
6257,453951,-10.0,0,293,0.053089,565.1878,True,False,wall,0.0,0.0,-10.0
6258,453989,19.0,2,38,0.053088,338.2994,True,False,wall,20.0,9.0,-10.0
6259,453998,-6.0,0,9,0.053088,327.6829,True,False,wall,0.0,4.0,-10.0
6260,454131,1.0,1,133,0.053083,534.6856,True,False,wall,10.0,1.0,-10.0
6261,454668,1.0,1,537,0.053062,365.84,True,False,wall,10.0,1.0,-10.0
6262,454709,-12.0,0,41,0.05306,845.9141,True,False,wall,0.0,-2.0,-10.0
6263,454822,-16.0,0,113,0.053056,381.7195,True,False,wall,0.0,-6.0,-10.0
6264,454953,-10.0,0,131,0.053051,608.8669,True,False,wall,0.0,0.0,-10.0
6265,454973,4.0,1,20,0.05305,714.3212,True,False,wall,10.0,4.0,-10.0
6266,455020,-2.0,0,47,0.053048,630.0661,True,False,wall,0.0,8.0,-10.0
6267,455043,-14.0,0,23,0.053048,377.3072,True,False,wall,0.0,-4.0,-10.0
6268,455141,-15.0,0,98,0.053044,491.5829,True,False,wall,0.0,-5.0,-10.0
6269,455618,-14.0,0,477,0.053026,347.2713,True,False,wall,0.0,-4.0,-10.0
6270,455712,-6.0,1,94,0.053022,234.2888,True,False,wall,10.0,-6.0,-10.0
6271,455808,-13.0,0,96,0.053019,252.483,True,False,wall,0.0,-3.0,-10.0
6272,456039,5.0,1,231,0.05301,156.3979,True,False,wall,10.0,5.0,-10.0
6273,456158,-12.0,0,119,0.053005,121.94,True,False,wall,0.0,-2.0,-10.0
6274,456396,-6.0,1,238,0.052996,126.9268,True,False,wall,10.0,-6.0,-10.0
6275,456469,-20.0,0,73,0.052994,104.9977,True,False,wall,0.0,-10.0,-10.0
6276,456489,-3.0,0,20,0.052993,92.6871,True,False,wall,0.0,7.0,-10.0
6277,456523,18.0,1,34,0.052992,108.1665,True,False,wall,10.0,18.0,-10.0
6278,456577,-3.0,0,54,0.05299,195.0787,True,False,wall,0.0,7.0,-10.0
6279,456596,7.0,1,19,0.052989,118.4005,True,False,wall,10.0,7.0,-10.0
6280,456770,8.0,1,174,0.052983,126.5652,True,False,wall,10.0,8.0,-10.0
6281,456962,-13.0,0,192,0.052975,127.4393,True,False,wall,0.0,-3.0,-10.0
6282,457055,-14.0,0,93,0.052972,126.0415,True,False,wall,0.0,-4.0,-10.0
6283,457080,-2.0,0,25,0.052971,92.0031,True,False,wall,0.0,8.0,-10.0
6284,457324,23.0,2,244,0.052962,106.2106,True,False,wall,20.0,13.0,-10.0
6285,457361,-2.0,0,37,0.052961,81.3054,True,False,wall,0.0,8.0,-10.0
6286,457555,-3.0,0,194,0.052953,105.0092,True,False,wall,0.0,7.0,-10.0
6287,457671,-3.0,0,116,0.052949,102.5329,True,False,wall,0.0,7.0,-10.0
6288,457689,-5.0,0,18,0.052948,95.0751,True,False,wall,0.0,5.0,-10.0
6289,457789,-4.0,1,100,0.052945,87.2854,True,False,wall,10.0,-4.0,-10.0
6290,457825,-7.0,0,36,0.052943,177.3677,True,False,wall,0.0,3.0,-10.0
6291,457916,-16.0,0,91,0.05294,147.9613,True,False,wall,0.0,-6.0,-10.0
6292,457980,14.0,1,64,0.052938,156.4747,True,False,wall,10.0,14.0,-10.0
6293,458140,-7.0,0,160,0.052932,342.8125,True,False,wall,0.0,3.0,-10.0
6294,458231,7.0,1,91,0.052929,110.3311,True,False,wall,10.0,7.0,-10.0
6295,458321,-19.0,0,90,0.052925,230.3257,True,False,wall,0.0,-9.0,-10.0
6296,458357,-9.0,0,36,0.052924,167.3551,True,False,wall,0.0,1.0,-10.0
6297,458407,-1.0,0,50,0.052922,170.3423,True,False,wall,0.0,9.0,-10.0
6298,458482,-16.0,0,75,0.052919,143.389,True,False,wall,0.0,-6.0,-10.0
6299,458516,-7.0,0,34,0.052918,263.3561,True,False,wall,0.0,3.0,-10.0
6300,458533,-14.0,0,17,0.052918,149.2116,True,False,wall,0.0,-4.0,-10.0
6301,458751,-17.0,0,218,0.05291,179.931,True,False,wall,0.0,-7.0,-10.0
6302,458797,-1.0,0,46,0.052908,121.3247,True,False,wall,0.0,9.0,-10.0
6303,458829,-5.0,0,32,0.052907,91.8556,True,False,wall,0.0,5.0,-10.0
6304,459022,36.0,2,193,0.0529,125.1886,True,False,wall,20.0,26.0,-10.0
6305,459160,-11.0,0,138,0.052895,147.2041,True,False,wall,0.0,-1.0,-10.0
6306,459239,-16.0,0,79,0.052892,121.4535,True,False,wall,0.0,-6.0,-10.0
6307,459328,-18.0,0,89,0.052889,156.6512,True,False,wall,0.0,-8.0,-10.0
6308,459405,-12.0,0,77,0.052886,132.4061,True,False,wall,0.0,-2.0,-10.0
6309,459483,-11.0,0,78,0.052883,161.3878,True,False,wall,0.0,-1.0,-10.0
6310,459497,-7.0,0,14,0.052883,83.6335,True,False,wall,0.0,3.0,-10.0
6311,459560,-8.0,0,63,0.05288,89.2349,True,False,wall,0.0,2.0,-10.0
6312,459570,-5.0,0,10,0.05288,432.2813,True,False,wall,0.0,5.0,-10.0
6313,459656,-5.0,0,86,0.052877,86.2123,True,False,wall,0.0,5.0,-10.0
6314,459801,9.0,1,145,0.052872,123.9857,True,False,wall,10.0,9.0,-10.0
6315,459921,-15.0,0,120,0.052867,311.445,True,False,wall,0.0,-5.0,-10.0
6316,459999,-2.0,1,78,0.052865,123.4868,True,False,wall,10.0,-2.0,-10.0
6317,460060,-6.0,0,61,0.052862,215.7184,True,False,wall,0.0,4.0,-10.0
6318,460285,16.0,2,225,0.052854,135.1948,True,False,wall,20.0,6.0,-10.0
6319,460319,-3.0,0,34,0.052853,147.5351,True,False,wall,0.0,7.0,-10.0
6320,460426,-14.0,0,107,0.052849,78.3181,True,False,wall,0.0,-4.0,-10.0
6321,460478,-21.0,0,52,0.052847,193.4489,True,False,wall,0.0,-11.0,-10.0
6322,460567,7.0,1,89,0.052844,165.3498,True,False,wall,10.0,7.0,-10.0
6323,460993,14.0,1,426,0.052829,209.3701,True,False,wall,10.0,14.0,-10.0
6324,461083,-9.0,0,90,0.052826,1180.391,True,False,wall,0.0,1.0,-10.0
6325,461110,-9.0,1,27,0.052825,227.0595,True,False,wall,10.0,-9.0,-10.0
6326,461234,-11.0,0,124,0.052821,190.8258,True,False,wall,0.0,-1.0,-10.0
6327,461530,-15.0,0,296,0.05281,90.8042,True,False,wall,0.0,-5.0,-10.0
6328,461550,-5.0,0,20,0.05281,74.1079,True,False,wall,0.0,5.0,-10.0
6329,461603,-16.0,0,53,0.052808,72.7209,True,False,wall,0.0,-6.0,-10.0
6330,461895,-7.0,0,292,0.052797,66.8619,True,False,wall,0.0,3.0,-10.0
6331,461915,-7.0,0,20,0.052797,58.7691,True,False,wall,0.0,3.0,-10.0
6332,461995,-15.0,0,80,0.052794,107.1833,True,False,wall,0.0,-5.0,-10.0
6333,462042,-10.0,0,47,0.052792,92.8704,True,False,wall,0.0,0.0,-10.0
6334,462258,-15.0,0,216,0.052785,71.5391,True,False,wall,0.0,-5.0,-10.0
6335,462276,-7.0,0,18,0.052784,55.0321,True,False,wall,0.0,3.0,-10.0
6336,462328,-13.0,0,52,0.052782,125.6296,True,False,wall,0.0,-3.0,-10.0
6337,462410,-15.0,0,82,0.052779,91.414,True,False,wall,0.0,-5.0,-10.0
6338,462464,-21.0,0,54,0.052778,112.1401,True,False,wall,0.0,-11.0,-10.0
6339,462502,-7.0,0,38,0.052776,103.863,True,False,wall,0.0,3.0,-10.0
6340,462511,-16.0,0,9,0.052776,84.4204,True,False,wall,0.0,-6.0,-10.0
6341,462773,-19.0,0,262,0.052767,121.8121,True,False,wall,0.0,-9.0,-10.0
6342,463094,23.0,1,321,0.052756,108.2344,True,False,wall,10.0,23.0,-10.0
6343,463206,-17.0,0,112,0.052752,145.9864,True,False,wall,0.0,-7.0,-10.0
6344,463320,-5.0,0,114,0.052748,76.508,True,False,wall,0.0,5.0,-10.0
6345,463371,-8.0,0,51,0.052746,91.662,True,False,wall,0.0,2.0,-10.0
6346,463489,12.0,1,118,0.052742,66.7458,True,False,wall,10.0,12.0,-10.0
6347,463595,-7.0,0,106,0.052739,51.8394,True,False,wall,0.0,3.0,-10.0
6348,463615,-21.0,0,20,0.052738,67.9391,True,False,wall,0.0,-11.0,-10.0
6349,463657,-15.0,0,42,0.052737,182.9002,True,False,wall,0.0,-5.0,-10.0
6350,463703,-11.0,0,46,0.052735,262.6213,True,False,wall,0.0,-1.0,-10.0
6351,463868,3.0,1,165,0.052729,123.4955,True,False,wall,10.0,3.0,-10.0
6352,463882,-13.0,0,14,0.052729,91.0542,True,False,wall,0.0,-3.0,-10.0
6353,463950,-21.0,0,68,0.052727,69.8013,True,False,wall,0.0,-11.0,-10.0
6354,464101,1.0,1,151,0.052721,69.8,True,False,wall,10.0,1.0,-10.0
6355,464340,16.0,2,239,0.052713,98.0931,True,False,wall,20.0,6.0,-10.0
6356,464452,-7.0,0,112,0.052709,95.8481,True,False,wall,0.0,3.0,-10.0
6357,464486,-4.0,1,34,0.052708,60.7394,True,False,wall,10.0,-4.0,-10.0
6358,464515,-6.0,0,29,0.052707,79.5229,True,False,wall,0.0,4.0,-10.0
6359,464740,-14.0,0,225,0.0527,65.4885,True,False,wall,0.0,-4.0,-10.0
6360,465000,-15.0,0,260,0.052691,90.5865,True,False,wall,0.0,-5.0,-10.0
6361,465488,-13.0,0,488,0.052675,91.7822,True,False,wall,0.0,-3.0,-10.0
6362,465509,-12.0,0,21,0.052674,53.2023,True,False,wall,0.0,-2.0,-10.0
6363,465565,-13.0,0,56,0.052672,62.1469,True,False,wall,0.0,-3.0,-10.0
6364,465593,-15.0,0,28,0.052671,71.5695,True,False,wall,0.0,-5.0,-10.0
6365,465702,-20.0,0,109,0.052667,55.9223,True,False,wall,0.0,-10.0,-10.0
6366,465783,-22.0,0,81,0.052665,193.7379,True,False,wall,0.0,-12.0,-10.0
6367,465819,-15.0,0,36,0.052664,277.5034,True,False,wall,0.0,-5.0,-10.0
6368,465904,9.0,1,85,0.052661,183.2474,True,False,wall,10.0,9.0,-10.0
6369,466034,-19.0,0,130,0.052656,125.2684,True,False,wall,0.0,-9.0,-10.0
6370,466302,-15.0,0,268,0.052648,131.8465,True,False,wall,0.0,-5.0,-10.0
6371,466464,-17.0,0,162,0.052642,232.1432,True,False,wall,0.0,-7.0,-10.0
6372,466541,3.0,1,77,0.05264,79.3233,True,False,wall,10.0,3.0,-10.0
6373,466569,-15.0,0,28,0.052639,64.5166,True,False,wall,0.0,-5.0,-10.0
6374,466598,-6.0,0,29,0.052638,54.7795,True,False,wall,0.0,4.0,-10.0
6375,466661,-18.0,0,63,0.052636,145.638,True,False,wall,0.0,-8.0,-10.0
6376,466853,-19.0,0,192,0.052629,111.9212,True,False,wall,0.0,-9.0,-10.0
6377,467241,-6.0,1,388,0.052617,110.4343,True,False,wall,10.0,-6.0,-10.0
6378,467346,9.0,1,105,0.052613,113.9813,True,False,wall,10.0,9.0,-10.0
6379,467396,6.0,1,50,0.052612,103.0062,True,False,wall,10.0,6.0,-10.0
6380,467868,-13.0,0,472,0.052596,110.8429,True,False,wall,0.0,-3.0,-10.0
6381,467911,-20.0,0,43,0.052595,240.4655,True,False,wall,0.0,-10.0,-10.0
6382,467989,-5.0,0,78,0.052592,189.9017,True,False,wall,0.0,5.0,-10.0
6383,468417,10.0,1,428,0.052578,350.3692,True,False,wall,10.0,10.0,-10.0
6384,468508,-16.0,0,91,0.052576,229.6662,True,False,wall,0.0,-6.0,-10.0
6385,468530,-13.0,0,22,0.052575,135.3267,True,False,wall,0.0,-3.0,-10.0
6386,468647,-6.0,0,117,0.052571,273.9526,True,False,wall,0.0,4.0,-10.0
6387,468711,-7.0,0,64,0.052569,231.1568,True,False,wall,0.0,3.0,-10.0
6388,468782,-22.0,0,71,0.052567,307.1127,True,False,wall,0.0,-12.0,-10.0
6389,468844,-17.0,0,62,0.052565,260.5466,True,False,wall,0.0,-7.0,-10.0
6390,468860,-11.0,0,16,0.052564,325.597,True,False,wall,0.0,-1.0,-10.0
6391,469023,5.0,1,163,0.052559,675.9632,True,False,wall,10.0,5.0,-10.0
6392,469078,11.0,1,55,0.052557,712.5182,True,False,wall,10.0,11.0,-10.0
6393,469245,-16.0,0,167,0.052552,492.9622,True,False,wall,0.0,-6.0,-10.0
6394,469266,9.0,1,21,0.052551,204.7267,True,False,wall,10.0,9.0,-10.0
6395,469289,-6.0,0,23,0.05255,211.5008,True,False,wall,0.0,4.0,-10.0
6396,469422,25.0,1,133,0.052546,406.4898,True,False,wall,10.0,25.0,-10.0
6397,469633,-2.0,0,211,0.05254,179.3359,True,False,wall,0.0,8.0,-10.0
6398,469756,5.0,1,123,0.052536,215.9463,True,False,wall,10.0,5.0,-10.0
6399,469835,-22.0,0,79,0.052533,212.7732,True,False,wall,0.0,-12.0,-10.0
6400,470199,42.0,3,364,0.052522,490.0717,True,False,body,30.0,22.0,-10.0
6401,470354,37.0,3,155,0.052517,580.539,True,False,wall,30.0,17.0,-10.0
6402,470502,-15.0,0,148,0.052512,402.1536,True,False,wall,0.0,-5.0,-10.0
6403,470649,-16.0,0,147,0.052507,273.7555,True,False,wall,0.0,-6.0,-10.0
6404,470818,-4.0,0,169,0.052502,328.9773,True,False,wall,0.0,6.0,-10.0
6405,471012,2.0,1,194,0.052496,297.0588,True,False,wall,10.0,2.0,-10.0
6406,471164,2.0,1,152,0.052491,535.8163,True,False,wall,10.0,2.0,-10.0
6407,471227,-2.0,0,63,0.052489,214.8926,True,False,wall,0.0,8.0,-10.0
6408,471254,-3.0,1,27,0.052489,296.5752,True,False,wall,10.0,-3.0,-10.0
6409,471540,23.0,2,286,0.05248,424.1195,True,False,wall,20.0,13.0,-10.0
6410,471658,2.0,1,118,0.052476,894.6039,True,False,wall,10.0,2.0,-10.0
6411,471774,-17.0,0,116,0.052472,471.0407,True,False,wall,0.0,-7.0,-10.0
6412,471918,-15.0,0,144,0.052468,562.1045,True,False,wall,0.0,-5.0,-10.0
6413,472047,-18.0,0,129,0.052464,687.4964,True,False,wall,0.0,-8.0,-10.0
6414,472282,-5.0,1,235,0.052457,659.6737,True,False,wall,10.0,-5.0,-10.0
6415,472521,-20.0,0,239,0.052449,642.0891,True,False,wall,0.0,-10.0,-10.0
6416,472603,-13.0,0,82,0.052447,399.5914,True,False,wall,0.0,-3.0,-10.0
6417,472614,-18.0,0,11,0.052447,277.046,True,False,wall,0.0,-8.0,-10.0
6418,472720,12.0,1,106,0.052443,376.7554,True,False,wall,10.0,12.0,-10.0
6419,472736,-17.0,0,16,0.052443,360.2295,True,False,wall,0.0,-7.0,-10.0
6420,472968,2.0,1,232,0.052436,960.5441,True,False,wall,10.0,2.0,-10.0
6421,473184,-17.0,0,216,0.052429,690.3605,True,False,wall,0.0,-7.0,-10.0
6422,473311,19.0,1,127,0.052425,309.6373,True,False,wall,10.0,19.0,-10.0
6423,473330,-16.0,0,19,0.052425,186.1331,True,False,wall,0.0,-6.0,-10.0
6424,473468,16.0,1,138,0.052421,526.984,True,False,wall,10.0,16.0,-10.0
6425,473540,-17.0,0,72,0.052418,2506.8803,True,False,wall,0.0,-7.0,-10.0
6426,473695,15.0,1,155,0.052414,588.0455,True,False,wall,10.0,15.0,-10.0
6427,473793,-21.0,0,98,0.052411,227.6116,True,False,wall,0.0,-11.0,-10.0
6428,473818,5.0,1,25,0.05241,475.9215,True,False,wall,10.0,5.0,-10.0
6429,473836,-2.0,1,18,0.05241,696.3727,True,False,wall,10.0,-2.0,-10.0
6430,473861,-14.0,0,25,0.052409,230.4295,True,False,wall,0.0,-4.0,-10.0
6431,474048,-16.0,0,187,0.052403,339.4009,True,False,wall,0.0,-6.0,-10.0
6432,474420,-11.0,0,372,0.052392,515.3937,True,False,wall,0.0,-1.0,-10.0
6433,474454,10.0,1,34,0.052391,826.3521,True,False,wall,10.0,10.0,-10.0
6434,474485,-18.0,0,31,0.05239,344.2287,True,False,wall,0.0,-8.0,-10.0
6435,474529,-15.0,0,44,0.052389,1128.8746,True,False,wall,0.0,-5.0,-10.0
6436,474623,-11.0,0,94,0.052386,254.7786,True,False,wall,0.0,-1.0,-10.0
6437,474689,-9.0,0,66,0.052384,248.5282,True,False,wall,0.0,1.0,-10.0
6438,474959,-13.0,0,270,0.052376,646.838,True,False,wall,0.0,-3.0,-10.0
6439,475061,-9.0,0,102,0.052373,432.4807,True,False,wall,0.0,1.0,-10.0
6440,475086,-14.0,0,25,0.052372,334.2765,True,False,wall,0.0,-4.0,-10.0
6441,475194,4.0,1,108,0.052369,349.431,True,False,wall,10.0,4.0,-10.0
6442,475232,-5.0,0,38,0.052368,972.3461,True,False,wall,0.0,5.0,-10.0
6443,475401,9.0,1,169,0.052363,235.5081,True,False,wall,10.0,9.0,-10.0
6444,475429,-21.0,0,28,0.052362,195.6313,True,False,wall,0.0,-11.0,-10.0
6445,475548,3.0,1,119,0.052359,254.1879,True,False,wall,10.0,3.0,-10.0
6446,475605,-10.0,0,57,0.052357,221.6907,True,False,wall,0.0,0.0,-10.0
6447,475677,15.0,2,72,0.052355,194.2328,True,False,wall,20.0,5.0,-10.0
6448,475929,-12.0,1,252,0.052347,444.3467,True,False,wall,10.0,-12.0,-10.0
6449,475972,-18.0,0,43,0.052346,523.312,True,False,wall,0.0,-8.0,-10.0
6450,476131,-22.0,0,159,0.052341,844.7178,True,False,wall,0.0,-12.0,-10.0
6451,476152,-6.0,0,21,0.052341,547.4762,True,False,wall,0.0,4.0,-10.0
6452,476743,1.0,1,591,0.052324,415.4982,True,False,wall,10.0,1.0,-10.0
6453,476874,-16.0,0,131,0.05232,362.9496,True,False,wall,0.0,-6.0,-10.0
6454,476904,-11.0,0,30,0.052319,372.4182,True,False,wall,0.0,-1.0,-10.0
6455,476965,-18.0,0,61,0.052317,475.5614,True,False,wall,0.0,-8.0,-10.0
6456,477065,2.0,1,100,0.052314,398.6719,True,False,wall,10.0,2.0,-10.0
6457,477276,16.0,2,211,0.052308,193.0667,True,False,wall,20.0,6.0,-10.0
6458,477308,-15.0,0,32,0.052307,285.9454,True,False,wall,0.0,-5.0,-10.0
6459,477646,-15.0,0,338,0.052297,296.6373,True,False,wall,0.0,-5.0,-10.0
6460,477712,12.0,1,66,0.052296,225.7875,True,False,wall,10.0,12.0,-10.0
6461,477984,21.0,2,272,0.052288,191.2314,True,False,wall,20.0,11.0,-10.0
6462,478069,1.0,1,85,0.052285,135.274,True,False,wall,10.0,1.0,-10.0
6463,478092,-4.0,0,23,0.052285,106.1583,True,False,wall,0.0,6.0,-10.0
6464,478231,3.0,1,139,0.052281,204.6435,True,False,wall,10.0,3.0,-10.0
6465,478611,24.0,1,380,0.05227,149.3091,True,False,wall,10.0,24.0,-10.0
6466,478663,-3.0,0,52,0.052268,152.7956,True,False,wall,0.0,7.0,-10.0
6467,478812,-14.0,0,149,0.052264,126.5805,True,False,wall,0.0,-4.0,-10.0
6468,478854,-13.0,0,42,0.052263,118.3232,True,False,wall,0.0,-3.0,-10.0
6469,478953,18.0,2,99,0.05226,196.2597,True,False,wall,20.0,8.0,-10.0
6470,478965,-11.0,0,12,0.05226,172.328,True,False,wall,0.0,-1.0,-10.0
6471,479008,-8.0,0,43,0.052259,128.9614,True,False,wall,0.0,2.0,-10.0
6472,479052,-13.0,0,44,0.052257,101.2617,True,False,wall,0.0,-3.0,-10.0
6473,479220,-19.0,0,168,0.052253,365.1268,True,False,wall,0.0,-9.0,-10.0
6474,479496,-7.0,0,276,0.052245,364.8982,True,False,wall,0.0,3.0,-10.0
6475,479518,-23.0,0,22,0.052244,239.1928,True,False,wall,0.0,-13.0,-10.0
6476,479677,25.0,1,159,0.05224,179.8161,True,False,wall,10.0,25.0,-10.0
6477,479692,-12.0,0,15,0.052239,190.097,True,False,wall,0.0,-2.0,-10.0
6478,479806,-11.0,0,114,0.052236,170.1726,True,False,wall,0.0,-1.0,-10.0
6479,479943,-18.0,0,137,0.052232,206.4544,True,False,wall,0.0,-8.0,-10.0
6480,480274,3.0,1,331,0.052223,128.3722,True,False,wall,10.0,3.0,-10.0
6481,480305,-8.0,0,31,0.052222,190.863,True,False,wall,0.0,2.0,-10.0
6482,480490,-12.0,0,185,0.052217,105.3856,True,False,wall,0.0,-2.0,-10.0
6483,480617,-14.0,0,127,0.052214,141.3994,True,False,wall,0.0,-4.0,-10.0
6484,480658,-14.0,0,41,0.052213,144.4352,True,False,wall,0.0,-4.0,-10.0
6485,480695,-12.0,0,37,0.052212,117.34,True,False,wall,0.0,-2.0,-10.0
6486,480740,-16.0,0,45,0.05221,173.9516,True,False,wall,0.0,-6.0,-10.0
6487,480959,17.0,1,219,0.052204,134.8383,True,False,wall,10.0,17.0,-10.0
6488,481080,25.0,1,121,0.052201,142.9792,True,False,wall,10.0,25.0,-10.0
6489,481128,-19.0,0,48,0.0522,82.2314,True,False,wall,0.0,-9.0,-10.0
6490,481142,-15.0,0,14,0.052199,119.8371,True,False,wall,0.0,-5.0,-10.0
6491,481169,-18.0,0,27,0.052199,74.6084,True,False,wall,0.0,-8.0,-10.0
6492,481224,1.0,1,55,0.052197,175.4923,True,False,wall,10.0,1.0,-10.0
6493,481322,-5.0,0,98,0.052194,113.2127,True,False,wall,0.0,5.0,-10.0
6494,481508,10.0,1,186,0.052189,127.9626,True,False,wall,10.0,10.0,-10.0
6495,481549,-2.0,0,41,0.052188,173.5252,True,False,wall,0.0,8.0,-10.0
6496,481655,-7.0,0,106,0.052185,182.0012,True,False,wall,0.0,3.0,-10.0
6497,481898,-12.0,0,243,0.052179,130.3284,True,False,wall,0.0,-2.0,-10.0
6498,482218,-19.0,0,320,0.05217,147.8807,True,False,wall,0.0,-9.0,-10.0
6499,482332,28.0,3,114,0.052167,136.8514,True,False,body,30.0,8.0,-10.0
6500,482581,25.0,1,249,0.05216,102.3572,True,False,wall,10.0,25.0,-10.0
6501,482706,29.0,1,125,0.052157,93.2804,True,False,wall,10.0,29.0,-10.0
6502,482721,-10.0,0,15,0.052156,81.0113,True,False,wall,0.0,0.0,-10.0
6503,482749,-7.0,0,28,0.052156,104.1632,True,False,wall,0.0,3.0,-10.0
6504,482905,4.0,1,156,0.052151,140.8091,True,False,wall,10.0,4.0,-10.0
6505,482924,-2.0,0,19,0.052151,63.5923,True,False,wall,0.0,8.0,-10.0
6506,482969,-14.0,0,45,0.05215,108.8955,True,False,wall,0.0,-4.0,-10.0
6507,483272,-5.0,1,303,0.052141,105.2625,True,False,wall,10.0,-5.0,-10.0
6508,483697,18.0,2,425,0.05213,133.0594,True,False,wall,20.0,8.0,-10.0
6509,483779,-3.0,0,82,0.052128,201.6484,True,False,wall,0.0,7.0,-10.0
6510,484008,-18.0,0,229,0.052122,97.0628,True,False,wall,0.0,-8.0,-10.0
6511,484205,11.0,1,197,0.052117,144.3612,True,False,wall,10.0,11.0,-10.0
6512,484244,8.0,2,39,0.052116,135.4439,True,False,wall,20.0,-2.0,-10.0
6513,484266,-19.0,0,22,0.052115,139.543,True,False,wall,0.0,-9.0,-10.0
6514,484314,2.0,1,48,0.052114,78.4423,True,False,wall,10.0,2.0,-10.0
6515,484333,-14.0,0,19,0.052113,94.0768,True,False,wall,0.0,-4.0,-10.0
6516,484656,5.0,1,323,0.052105,112.6125,True,False,wall,10.0,5.0,-10.0
6517,484677,-18.0,0,21,0.052104,49.0634,True,False,wall,0.0,-8.0,-10.0
6518,484853,-5.0,0,176,0.0521,123.2681,True,False,wall,0.0,5.0,-10.0
6519,484867,-15.0,0,14,0.052099,55.8239,True,False,wall,0.0,-5.0,-10.0
6520,484970,13.0,1,103,0.052097,84.7934,True,False,wall,10.0,13.0,-10.0
6521,484986,0.0,1,16,0.052096,101.0521,True,False,wall,10.0,0.0,-10.0
6522,485053,9.0,1,67,0.052094,58.8846,True,False,wall,10.0,9.0,-10.0
6523,485222,30.0,2,169,0.05209,121.1135,True,False,wall,20.0,20.0,-10.0
6524,485727,18.0,2,505,0.052077,128.4556,True,False,wall,20.0,8.0,-10.0
6525,485830,16.0,2,103,0.052074,125.0039,True,False,wall,20.0,6.0,-10.0
6526,485859,-2.0,0,29,0.052073,73.8505,True,False,wall,0.0,8.0,-10.0
6527,486050,-20.0,0,191,0.052068,138.1307,True,False,wall,0.0,-10.0,-10.0
6528,486142,13.0,2,92,0.052066,75.3895,True,False,wall,20.0,3.0,-10.0
6529,486469,-12.0,0,327,0.052058,77.7601,True,False,wall,0.0,-2.0,-10.0
6530,486532,9.0,1,63,0.052056,125.7937,True,False,wall,10.0,9.0,-10.0
6531,486583,-18.0,0,51,0.052055,64.753,True,False,wall,0.0,-8.0,-10.0
6532,486631,6.0,1,48,0.052053,98.3457,True,False,wall,10.0,6.0,-10.0
6533,486775,-13.0,0,144,0.05205,82.2767,True,False,wall,0.0,-3.0,-10.0
6534,486827,-15.0,0,52,0.052048,91.0072,True,False,wall,0.0,-5.0,-10.0
6535,486900,-24.0,0,73,0.052047,78.6435,True,False,wall,0.0,-14.0,-10.0
6536,487238,33.0,2,338,0.052038,88.8531,True,False,wall,20.0,23.0,-10.0
6537,487579,9.0,1,341,0.052029,172.4525,True,False,wall,10.0,9.0,-10.0
6538,487626,-12.0,0,47,0.052028,87.064,True,False,wall,0.0,-2.0,-10.0
6539,487729,-12.0,0,103,0.052025,88.5809,True,False,wall,0.0,-2.0,-10.0
6540,488080,-12.0,0,351,0.052017,122.5622,True,False,wall,0.0,-2.0,-10.0
6541,488271,16.0,2,191,0.052012,104.4805,True,False,wall,20.0,6.0,-10.0
6542,488365,4.0,1,94,0.052009,121.3077,True,False,wall,10.0,4.0,-10.0
6543,488453,-17.0,0,88,0.052007,85.9503,True,False,wall,0.0,-7.0,-10.0
6544,488552,-10.0,0,99,0.052005,152.0053,True,False,wall,0.0,0.0,-10.0
6545,488604,-1.0,0,52,0.052003,215.9337,True,False,wall,0.0,9.0,-10.0
6546,488811,-4.0,0,207,0.051998,83.9895,True,False,wall,0.0,6.0,-10.0
6547,488991,8.0,1,180,0.051994,79.3841,True,False,wall,10.0,8.0,-10.0
6548,489228,11.0,1,237,0.051988,107.9448,True,False,wall,10.0,11.0,-10.0
6549,489303,-8.0,0,75,0.051986,76.119,True,False,wall,0.0,2.0,-10.0
6550,489437,-5.0,0,134,0.051983,74.3382,True,False,wall,0.0,5.0,-10.0
6551,489666,-5.0,1,229,0.051977,66.22,True,False,wall,10.0,-5.0,-10.0
6552,489734,-17.0,0,68,0.051975,67.6677,True,False,wall,0.0,-7.0,-10.0
6553,489759,-14.0,0,25,0.051975,68.8195,True,False,wall,0.0,-4.0,-10.0
6554,489804,-2.0,0,45,0.051974,65.3439,True,False,wall,0.0,8.0,-10.0
6555,489862,25.0,2,58,0.051972,66.9417,True,False,wall,20.0,15.0,-10.0
6556,489907,-12.0,0,45,0.051971,249.8285,True,False,wall,0.0,-2.0,-10.0
6557,489950,-8.0,0,43,0.05197,434.2576,True,False,wall,0.0,2.0,-10.0
6558,490278,-4.0,1,328,0.051962,108.0193,True,False,wall,10.0,-4.0,-10.0
6559,490317,1.0,1,39,0.051961,106.4623,True,False,wall,10.0,1.0,-10.0
6560,490395,-11.0,0,78,0.051959,99.8526,True,False,wall,0.0,-1.0,-10.0
6561,490422,-18.0,0,27,0.051958,71.0988,True,False,wall,0.0,-8.0,-10.0
6562,490658,-23.0,0,236,0.051953,73.0857,True,False,wall,0.0,-13.0,-10.0
6563,490741,-5.0,1,83,0.051951,307.8306,True,False,wall,10.0,-5.0,-10.0
6564,490930,-16.0,0,189,0.051946,151.1818,True,False,wall,0.0,-6.0,-10.0
6565,490947,-2.0,0,17,0.051946,115.8631,True,False,wall,0.0,8.0,-10.0
6566,491036,9.0,1,89,0.051943,93.4523,True,False,wall,10.0,9.0,-10.0
6567,491068,-23.0,0,32,0.051943,78.9625,True,False,wall,0.0,-13.0,-10.0
6568,491119,-12.0,0,51,0.051941,78.645,True,False,wall,0.0,-2.0,-10.0
6569,491128,-6.0,0,9,0.051941,93.2942,True,False,wall,0.0,4.0,-10.0
6570,491142,-17.0,0,14,0.051941,99.5947,True,False,wall,0.0,-7.0,-10.0
6571,491820,-15.0,0,678,0.051924,122.5677,True,False,wall,0.0,-5.0,-10.0
6572,491856,-11.0,0,36,0.051924,104.2033,True,False,wall,0.0,-1.0,-10.0
6573,491875,-10.0,0,19,0.051923,131.2665,True,False,wall,0.0,0.0,-10.0
6574,491987,-5.0,0,112,0.05192,495.4704,True,False,wall,0.0,5.0,-10.0
6575,492068,-4.0,0,81,0.051919,117.2177,True,False,wall,0.0,6.0,-10.0
6576,492129,-18.0,0,61,0.051917,71.1505,True,False,wall,0.0,-8.0,-10.0
6577,492186,5.0,1,57,0.051916,103.9448,True,False,wall,10.0,5.0,-10.0
6578,492360,23.0,2,174,0.051912,114.0236,True,False,wall,20.0,13.0,-10.0
6579,492531,13.0,1,171,0.051907,317.7431,True,False,wall,10.0,13.0,-10.0
6580,492896,3.0,1,365,0.051899,105.078,True,False,wall,10.0,3.0,-10.0
6581,493204,-23.0,0,308,0.051891,67.9698,True,False,wall,0.0,-13.0,-10.0
6582,493245,7.0,1,41,0.05189,61.7057,True,False,wall,10.0,7.0,-10.0
6583,493275,-5.0,0,30,0.05189,93.1006,True,False,wall,0.0,5.0,-10.0
6584,493398,-16.0,0,123,0.051887,94.9097,True,False,wall,0.0,-6.0,-10.0
6585,493760,10.0,1,362,0.051878,202.5842,True,False,wall,10.0,10.0,-10.0
6586,493839,-20.0,0,79,0.051876,286.8941,True,False,wall,0.0,-10.0,-10.0
6587,493875,-9.0,0,36,0.051876,319.3214,True,False,wall,0.0,1.0,-10.0
6588,494047,10.0,1,172,0.051872,123.7962,True,False,wall,10.0,10.0,-10.0
6589,494210,3.0,1,163,0.051868,260.1151,True,False,wall,10.0,3.0,-10.0
6590,494248,-17.0,0,38,0.051867,81.9607,True,False,wall,0.0,-7.0,-10.0
6591,494279,-14.0,0,31,0.051866,62.8097,True,False,wall,0.0,-4.0,-10.0
6592,494328,-22.0,0,49,0.051865,53.4645,True,False,wall,0.0,-12.0,-10.0
6593,494362,-9.0,0,34,0.051864,94.7586,True,False,wall,0.0,1.0,-10.0
6594,494614,27.0,2,252,0.051858,341.5112,True,False,wall,20.0,17.0,-10.0
6595,494751,-20.0,0,137,0.051855,152.7516,True,False,wall,0.0,-10.0,-10.0
6596,494787,-5.0,0,36,0.051854,68.6296,True,False,wall,0.0,5.0,-10.0
6597,494801,-17.0,0,14,0.051854,55.8411,True,False,wall,0.0,-7.0,-10.0
6598,494856,-4.0,0,55,0.051853,388.5835,True,False,wall,0.0,6.0,-10.0
6599,494995,-14.0,0,139,0.05185,301.4309,True,False,wall,0.0,-4.0,-10.0
6600,495024,-12.0,0,29,0.051849,236.8132,True,False,wall,0.0,-2.0,-10.0
6601,495070,-11.0,0,46,0.051848,203.6473,True,False,wall,0.0,-1.0,-10.0
6602,495302,31.0,2,232,0.051842,276.5229,True,False,wall,20.0,21.0,-10.0
6603,495581,15.0,1,279,0.051836,83.5576,True,False,wall,10.0,15.0,-10.0
6604,495757,-9.0,0,176,0.051832,213.7185,True,False,wall,0.0,1.0,-10.0
6605,495870,9.0,1,113,0.051829,252.4548,True,False,wall,10.0,9.0,-10.0
6606,495937,-16.0,0,67,0.051828,217.1848,True,False,wall,0.0,-6.0,-10.0
6607,496188,45.0,3,251,0.051822,97.2338,True,False,wall,30.0,25.0,-10.0
6608,496438,-13.0,0,250,0.051817,248.9786,True,False,wall,0.0,-3.0,-10.0
6609,496506,-13.0,0,68,0.051815,90.736,True,False,wall,0.0,-3.0,-10.0
6610,496618,-17.0,0,112,0.051812,72.4859,True,False,wall,0.0,-7.0,-10.0
6611,496797,-22.0,0,179,0.051808,73.9857,True,False,wall,0.0,-12.0,-10.0
6612,496879,-13.0,0,82,0.051807,68.4986,True,False,wall,0.0,-3.0,-10.0
6613,497110,9.0,1,231,0.051801,181.6996,True,False,wall,10.0,9.0,-10.0
6614,497363,4.0,2,253,0.051796,228.4419,True,False,wall,20.0,-6.0,-10.0
6615,497454,1.0,1,91,0.051794,139.2624,True,False,wall,10.0,1.0,-10.0
6616,497527,-16.0,0,73,0.051792,71.1702,True,False,wall,0.0,-6.0,-10.0
6617,497549,-19.0,0,22,0.051791,49.4914,True,False,wall,0.0,-9.0,-10.0
6618,497636,20.0,2,87,0.05179,65.6997,True,False,wall,20.0,10.0,-10.0
6619,497723,-18.0,0,87,0.051788,54.8674,True,False,wall,0.0,-8.0,-10.0
6620,497837,-19.0,0,114,0.051785,50.4856,True,False,wall,0.0,-9.0,-10.0
6621,497974,-16.0,0,137,0.051782,171.5283,True,False,wall,0.0,-6.0,-10.0
6622,498139,-1.0,1,165,0.051778,92.7902,True,False,wall,10.0,-1.0,-10.0
6623,498207,-23.0,0,68,0.051777,64.7967,True,False,wall,0.0,-13.0,-10.0
6624,498725,-11.0,0,518,0.051765,104.6679,True,False,wall,0.0,-1.0,-10.0
6625,498768,-20.0,0,43,0.051764,156.3598,True,False,wall,0.0,-10.0,-10.0
6626,498865,-22.0,0,97,0.051762,55.7802,True,False,wall,0.0,-12.0,-10.0
6627,498921,12.0,1,56,0.051761,55.7061,True,False,wall,10.0,12.0,-10.0
6628,499403,-17.0,0,482,0.05175,64.7903,True,False,wall,0.0,-7.0,-10.0
6629,499996,17.0,1,593,0.051737,64.0096,True,False,wall,10.0,17.0,-10.0
6630,500000,-4.0,0,4,0.051737,58.2485,False,False,budget_cutoff,0.0,-4.0,0.0
