episode,env_steps_total,episode_reward,score,survival_steps,epsilon,loss_mean,terminated,truncated,death_reason,fruit_reward_sum,distance_shaping_reward_sum,death_penalty_sum
0,31,-8.0,0,31,0.949651,0.0,True,False,wall,0.0,2.0,-10.0
1,150,26.0,2,119,0.948314,0.0,True,False,wall,20.0,16.0,-10.0
2,194,-15.0,0,44,0.94782,0.0,True,False,wall,0.0,-5.0,-10.0
3,220,-17.0,0,26,0.947528,0.0,True,False,wall,0.0,-7.0,-10.0
4,276,-7.0,0,56,0.9469,0.0,True,False,wall,0.0,3.0,-10.0
5,322,6.0,1,46,0.946385,0.0,True,False,wall,10.0,6.0,-10.0
6,385,-8.0,0,63,0.945679,0.0,True,False,wall,0.0,2.0,-10.0
7,417,-21.0,0,32,0.945321,0.0,True,False,wall,0.0,-11.0,-10.0
8,446,-24.0,0,29,0.944996,0.0,True,False,wall,0.0,-14.0,-10.0
9,457,-12.0,0,11,0.944873,0.0,True,False,wall,0.0,-2.0,-10.0
10,498,-8.0,0,41,0.944415,0.0,True,False,wall,0.0,2.0,-10.0
11,538,-5.0,0,40,0.943968,0.0,True,False,wall,0.0,5.0,-10.0
12,583,-16.0,0,45,0.943465,0.0,True,False,wall,0.0,-6.0,-10.0
13,634,-20.0,0,51,0.942896,0.0,True,False,wall,0.0,-10.0,-10.0
14,710,-17.0,0,76,0.942048,0.0,True,False,wall,0.0,-7.0,-10.0
15,878,-19.0,0,168,0.940177,0.0,True,False,wall,0.0,-9.0,-10.0
16,912,-13.0,0,34,0.939798,0.0,True,False,wall,0.0,-3.0,-10.0
17,978,-5.0,0,66,0.939064,0.0,True,False,wall,0.0,5.0,-10.0
18,993,-20.0,0,15,0.938898,0.0,True,False,wall,0.0,-10.0,-10.0
19,1024,-16.0,0,31,0.938553,0.0,True,False,wall,0.0,-6.0,-10.0
20,1084,10.0,1,60,0.937887,0.0,True,False,wall,10.0,10.0,-10.0
21,1136,4.0,1,52,0.93731,0.0,True,False,wall,10.0,4.0,-10.0
22,1165,-4.0,0,29,0.936989,0.0,True,False,wall,0.0,6.0,-10.0
23,1182,-18.0,0,17,0.9368,0.0,True,False,wall,0.0,-8.0,-10.0
24,1235,-18.0,0,53,0.936213,0.0,True,False,wall,0.0,-8.0,-10.0
25,1271,-19.0,0,36,0.935814,0.0,True,False,wall,0.0,-9.0,-10.0
26,1322,-10.0,0,51,0.93525,0.0,True,False,wall,0.0,0.0,-10.0
27,1420,2.0,1,98,0.934166,0.0,True,False,wall,10.0,2.0,-10.0
28,1441,-22.0,0,21,0.933934,0.0,True,False,wall,0.0,-12.0,-10.0
29,1476,-4.0,0,35,0.933547,0.0,True,False,wall,0.0,6.0,-10.0
30,1494,-11.0,0,18,0.933348,0.0,True,False,wall,0.0,-1.0,-10.0
31,1590,8.0,1,96,0.932289,0.0,True,False,wall,10.0,8.0,-10.0
32,1605,-8.0,0,15,0.932124,0.0,True,False,wall,0.0,2.0,-10.0
33,1621,-3.0,0,16,0.931947,0.0,True,False,wall,0.0,7.0,-10.0
34,1646,-18.0,0,25,0.931672,0.0,True,False,wall,0.0,-8.0,-10.0
35,1664,-21.0,0,18,0.931473,0.0,True,False,wall,0.0,-11.0,-10.0
36,1676,-11.0,0,12,0.931341,0.0,True,False,wall,0.0,-1.0,-10.0
37,1725,-4.0,0,49,0.930801,0.0,True,False,wall,0.0,6.0,-10.0
38,1765,-15.0,0,40,0.930361,0.0,True,False,wall,0.0,-5.0,-10.0
39,1845,-2.0,1,80,0.929481,0.0,True,False,wall,10.0,-2.0,-10.0
40,1865,-13.0,0,20,0.929261,0.0,True,False,wall,0.0,-3.0,-10.0
41,1894,11.0,1,29,0.928943,0.0,True,False,wall,10.0,11.0,-10.0
42,1973,11.0,1,79,0.928075,0.0,True,False,wall,10.0,11.0,-10.0
43,2026,-10.0,0,53,0.927494,0.0,True,False,wall,0.0,0.0,-10.0
44,2092,-23.0,0,66,0.92677,0.0,True,False,wall,0.0,-13.0,-10.0
45,2163,-20.0,0,71,0.925992,0.0,True,False,wall,0.0,-10.0,-10.0
46,2178,-20.0,0,15,0.925828,0.0,True,False,wall,0.0,-10.0,-10.0
47,2198,-17.0,0,20,0.925609,0.0,True,False,wall,0.0,-7.0,-10.0
48,2223,5.0,1,25,0.925336,0.0,True,False,wall,10.0,5.0,-10.0
49,2264,-6.0,0,41,0.924887,0.0,True,False,wall,0.0,4.0,-10.0
50,2319,-16.0,0,55,0.924286,0.0,True,False,wall,0.0,-6.0,-10.0
51,2343,-21.0,0,24,0.924024,0.0,True,False,wall,0.0,-11.0,-10.0
52,2366,-8.0,0,23,0.923772,0.0,True,False,wall,0.0,2.0,-10.0
53,2403,-12.0,0,37,0.923368,0.0,True,False,wall,0.0,-2.0,-10.0
54,2423,-21.0,0,20,0.92315,0.0,True,False,wall,0.0,-11.0,-10.0
55,2447,0.0,1,24,0.922888,0.0,True,False,wall,10.0,0.0,-10.0
56,2477,-17.0,0,30,0.922561,0.0,True,False,wall,0.0,-7.0,-10.0
57,2521,-7.0,0,44,0.922081,0.0,True,False,wall,0.0,3.0,-10.0
58,2546,-20.0,0,25,0.921808,0.0,True,False,wall,0.0,-10.0,-10.0
59,2606,-17.0,0,60,0.921155,0.0,True,False,wall,0.0,-7.0,-10.0
60,2640,-11.0,0,34,0.920785,0.0,True,False,wall,0.0,-1.0,-10.0
61,2685,9.0,1,45,0.920295,0.0,True,False,wall,10.0,9.0,-10.0
62,2729,-21.0,0,44,0.919816,0.0,True,False,wall,0.0,-11.0,-10.0
63,2743,-7.0,0,14,0.919664,0.0,True,False,wall,0.0,3.0,-10.0
64,2772,-12.0,0,29,0.919349,0.0,True,False,wall,0.0,-2.0,-10.0
65,2867,1.0,1,95,0.918317,0.0,True,False,wall,10.0,1.0,-10.0
66,2911,-17.0,0,44,0.91784,0.0,True,False,wall,0.0,-7.0,-10.0
67,2950,-12.0,0,39,0.917417,0.0,True,False,wall,0.0,-2.0,-10.0
68,3040,-21.0,0,90,0.916442,0.0,True,False,wall,0.0,-11.0,-10.0
69,3073,-16.0,0,33,0.916084,0.0,True,False,wall,0.0,-6.0,-10.0
70,3155,0.0,1,82,0.915197,0.0,True,False,wall,10.0,0.0,-10.0
71,3199,-15.0,0,44,0.914721,0.0,True,False,wall,0.0,-5.0,-10.0
72,3258,-4.0,0,59,0.914084,0.0,True,False,wall,0.0,6.0,-10.0
73,3301,-16.0,0,43,0.913619,0.0,True,False,wall,0.0,-6.0,-10.0
74,3338,-12.0,0,37,0.91322,0.0,True,False,wall,0.0,-2.0,-10.0
75,3354,-17.0,0,16,0.913048,0.0,True,False,wall,0.0,-7.0,-10.0
76,3390,-21.0,0,36,0.912659,0.0,True,False,wall,0.0,-11.0,-10.0
77,3481,-18.0,0,91,0.911679,0.0,True,False,wall,0.0,-8.0,-10.0
78,3530,-20.0,0,49,0.911151,0.0,True,False,wall,0.0,-10.0,-10.0
79,3640,-21.0,0,110,0.909968,0.0,True,False,wall,0.0,-11.0,-10.0
80,3779,-16.0,0,139,0.908475,0.0,True,False,wall,0.0,-6.0,-10.0
81,3798,-16.0,0,19,0.908271,0.0,True,False,wall,0.0,-6.0,-10.0
82,3862,-21.0,0,64,0.907585,0.0,True,False,wall,0.0,-11.0,-10.0
83,3922,-17.0,0,60,0.906942,0.0,True,False,wall,0.0,-7.0,-10.0
84,3956,-1.0,0,34,0.906577,0.0,True,False,wall,0.0,9.0,-10.0
85,3985,-16.0,0,29,0.906267,0.0,True,False,wall,0.0,-6.0,-10.0
86,4063,-15.0,0,78,0.905433,0.0,True,False,wall,0.0,-5.0,-10.0
87,4226,-24.0,0,163,0.903691,0.0,True,False,wall,0.0,-14.0,-10.0
88,4276,-19.0,0,50,0.903158,0.0,True,False,wall,0.0,-9.0,-10.0
89,4320,-19.0,0,44,0.902689,0.0,True,False,wall,0.0,-9.0,-10.0
90,4425,-22.0,0,105,0.90157,0.0,True,False,wall,0.0,-12.0,-10.0
91,4488,-6.0,0,63,0.9009,0.0,True,False,wall,0.0,4.0,-10.0
92,4507,-20.0,0,19,0.900698,0.0,True,False,wall,0.0,-10.0,-10.0
93,4609,-21.0,0,102,0.899614,0.0,True,False,wall,0.0,-11.0,-10.0
94,4682,-14.0,0,73,0.898839,0.0,True,False,wall,0.0,-4.0,-10.0
95,4716,-15.0,0,34,0.898479,0.0,True,False,wall,0.0,-5.0,-10.0
96,4777,-20.0,0,61,0.897832,0.0,True,False,wall,0.0,-10.0,-10.0
97,4797,-23.0,0,20,0.89762,0.0,True,False,wall,0.0,-13.0,-10.0
98,4884,-18.0,0,87,0.896699,0.0,True,False,wall,0.0,-8.0,-10.0
99,4905,-22.0,0,21,0.896476,0.0,True,False,wall,0.0,-12.0,-10.0
100,4937,-5.0,0,32,0.896138,0.0,True,False,wall,0.0,5.0,-10.0
101,5022,-6.0,0,85,0.895239,0.0,True,False,wall,0.0,4.0,-10.0
102,5052,-19.0,0,30,0.894922,0.0,True,False,wall,0.0,-9.0,-10.0
103,5091,-6.0,0,39,0.894511,0.0,True,False,wall,0.0,4.0,-10.0
104,5112,-12.0,0,21,0.894289,0.0,True,False,wall,0.0,-2.0,-10.0
105,5150,-21.0,0,38,0.893888,0.0,True,False,wall,0.0,-11.0,-10.0
106,5164,-17.0,0,14,0.89374,0.0,True,False,wall,0.0,-7.0,-10.0
107,5182,-13.0,0,18,0.89355,0.0,True,False,wall,0.0,-3.0,-10.0
108,5217,-1.0,1,35,0.893182,0.0,True,False,wall,10.0,-1.0,-10.0
109,5240,-4.0,0,23,0.892939,0.0,True,False,wall,0.0,6.0,-10.0
110,5278,-19.0,0,38,0.892539,0.0,True,False,wall,0.0,-9.0,-10.0
111,5291,-12.0,0,13,0.892402,0.0,True,False,wall,0.0,-2.0,-10.0
112,5336,-16.0,0,45,0.891928,0.0,True,False,wall,0.0,-6.0,-10.0
113,5409,-16.0,0,73,0.89116,0.0,True,False,wall,0.0,-6.0,-10.0
114,5460,-16.0,0,51,0.890624,0.0,True,False,wall,0.0,-6.0,-10.0
115,5485,-18.0,0,25,0.890362,0.0,True,False,wall,0.0,-8.0,-10.0
116,5505,-15.0,0,20,0.890152,0.0,True,False,wall,0.0,-5.0,-10.0
117,5520,-16.0,0,15,0.889994,0.0,True,False,wall,0.0,-6.0,-10.0
118,5579,-6.0,0,59,0.889375,0.0,True,False,wall,0.0,4.0,-10.0
119,5602,-12.0,0,23,0.889133,0.0,True,False,wall,0.0,-2.0,-10.0
120,5679,7.0,1,77,0.888326,0.0,True,False,wall,10.0,7.0,-10.0
121,5739,-13.0,0,60,0.887698,0.0,True,False,wall,0.0,-3.0,-10.0
122,5787,-13.0,0,48,0.887195,0.0,True,False,wall,0.0,-3.0,-10.0
123,5804,-4.0,0,17,0.887017,0.0,True,False,wall,0.0,6.0,-10.0
124,5820,-19.0,0,16,0.88685,0.0,True,False,wall,0.0,-9.0,-10.0
125,5850,-11.0,0,30,0.886536,0.0,True,False,wall,0.0,-1.0,-10.0
126,5901,-18.0,0,51,0.886003,0.0,True,False,wall,0.0,-8.0,-10.0
127,5922,-6.0,0,21,0.885784,0.0,True,False,wall,0.0,4.0,-10.0
128,5955,-22.0,0,33,0.885439,0.0,True,False,wall,0.0,-12.0,-10.0
129,6004,-6.0,0,49,0.884927,0.0,True,False,wall,0.0,4.0,-10.0
130,6045,-16.0,0,41,0.8845,0.0,True,False,wall,0.0,-6.0,-10.0
131,6088,-18.0,0,43,0.884051,0.0,True,False,wall,0.0,-8.0,-10.0
132,6244,-21.0,0,156,0.882426,0.0,True,False,wall,0.0,-11.0,-10.0
133,6322,-13.0,0,78,0.881615,0.0,True,False,wall,0.0,-3.0,-10.0
134,6441,-5.0,1,119,0.880379,0.0,True,False,wall,10.0,-5.0,-10.0
135,6474,-12.0,0,33,0.880037,0.0,True,False,wall,0.0,-2.0,-10.0
136,6491,-22.0,0,17,0.87986,0.0,True,False,wall,0.0,-12.0,-10.0
137,6505,-17.0,0,14,0.879715,0.0,True,False,wall,0.0,-7.0,-10.0
138,6557,-19.0,0,52,0.879176,0.0,True,False,wall,0.0,-9.0,-10.0
139,6584,-14.0,0,27,0.878896,0.0,True,False,wall,0.0,-4.0,-10.0
140,6630,-5.0,0,46,0.87842,0.0,True,False,wall,0.0,5.0,-10.0
141,6667,-12.0,0,37,0.878037,0.0,True,False,wall,0.0,-2.0,-10.0
142,6747,-11.0,0,80,0.877209,0.0,True,False,wall,0.0,-1.0,-10.0
143,6760,-16.0,0,13,0.877074,0.0,True,False,wall,0.0,-6.0,-10.0
144,6789,-16.0,0,29,0.876775,0.0,True,False,wall,0.0,-6.0,-10.0
145,6835,-21.0,0,46,0.876299,0.0,True,False,wall,0.0,-11.0,-10.0
146,6862,0.0,0,27,0.876021,0.0,True,False,wall,0.0,10.0,-10.0
147,6920,-2.0,1,58,0.875422,0.0,True,False,wall,10.0,-2.0,-10.0
148,6946,-11.0,0,26,0.875154,0.0,True,False,wall,0.0,-1.0,-10.0
149,7050,-19.0,0,104,0.874082,0.0,True,False,wall,0.0,-9.0,-10.0
150,7090,-15.0,0,40,0.87367,0.0,True,False,wall,0.0,-5.0,-10.0
151,7104,-11.0,0,14,0.873526,0.0,True,False,wall,0.0,-1.0,-10.0
152,7158,-23.0,0,54,0.87297,0.0,True,False,wall,0.0,-13.0,-10.0
153,7181,-6.0,0,23,0.872733,0.0,True,False,wall,0.0,4.0,-10.0
154,7230,-1.0,1,49,0.87223,0.0,True,False,wall,10.0,-1.0,-10.0
155,7241,-18.0,0,11,0.872117,0.0,True,False,wall,0.0,-8.0,-10.0
156,7337,-11.0,0,96,0.871131,0.0,True,False,wall,0.0,-1.0,-10.0
157,7349,-13.0,0,12,0.871008,0.0,True,False,wall,0.0,-3.0,-10.0
158,7370,-18.0,0,21,0.870792,0.0,True,False,wall,0.0,-8.0,-10.0
159,7407,-12.0,0,37,0.870413,0.0,True,False,wall,0.0,-2.0,-10.0
160,7444,-20.0,0,37,0.870033,0.0,True,False,wall,0.0,-10.0,-10.0
161,7460,-11.0,0,16,0.869869,0.0,True,False,wall,0.0,-1.0,-10.0
162,7558,-19.0,0,98,0.868865,0.0,True,False,wall,0.0,-9.0,-10.0
163,7590,3.0,0,32,0.868538,0.0,True,False,wall,0.0,13.0,-10.0
164,7606,-19.0,0,16,0.868374,0.0,True,False,wall,0.0,-9.0,-10.0
165,7636,-15.0,0,30,0.868067,0.0,True,False,wall,0.0,-5.0,-10.0
166,7685,-12.0,0,49,0.867567,0.0,True,False,wall,0.0,-2.0,-10.0
167,7710,3.0,1,25,0.867311,0.0,True,False,wall,10.0,3.0,-10.0
168,7754,-11.0,0,44,0.866862,0.0,True,False,wall,0.0,-1.0,-10.0
169,7808,-23.0,0,54,0.86631,0.0,True,False,wall,0.0,-13.0,-10.0
170,7836,10.0,1,28,0.866025,0.0,True,False,wall,10.0,10.0,-10.0
171,7904,-17.0,0,68,0.865331,0.0,True,False,wall,0.0,-7.0,-10.0
172,7968,-15.0,0,64,0.864679,0.0,True,False,wall,0.0,-5.0,-10.0
173,7985,-18.0,0,17,0.864506,0.0,True,False,wall,0.0,-8.0,-10.0
174,8054,7.0,1,69,0.863804,0.0,True,False,wall,10.0,7.0,-10.0
175,8138,-3.0,0,84,0.86295,0.0,True,False,wall,0.0,7.0,-10.0
176,8224,-17.0,0,86,0.862077,0.0,True,False,wall,0.0,-7.0,-10.0
177,8331,-4.0,0,107,0.860991,0.0,True,False,wall,0.0,6.0,-10.0
178,8359,8.0,1,28,0.860707,0.0,True,False,wall,10.0,8.0,-10.0
179,8379,-15.0,0,20,0.860505,0.0,True,False,wall,0.0,-5.0,-10.0
180,8438,-22.0,0,59,0.859907,0.0,True,False,wall,0.0,-12.0,-10.0
181,8518,-19.0,0,80,0.859098,0.0,True,False,wall,0.0,-9.0,-10.0
182,8558,-13.0,0,40,0.858693,0.0,True,False,wall,0.0,-3.0,-10.0
183,8593,-12.0,0,35,0.85834,0.0,True,False,wall,0.0,-2.0,-10.0
184,8626,-8.0,0,33,0.858006,0.0,True,False,wall,0.0,2.0,-10.0
185,8649,-3.0,1,23,0.857774,0.0,True,False,wall,10.0,-3.0,-10.0
186,8678,-12.0,0,29,0.857481,0.0,True,False,wall,0.0,-2.0,-10.0
187,8700,-21.0,0,22,0.857259,0.0,True,False,wall,0.0,-11.0,-10.0
188,8792,10.0,1,92,0.856331,0.0,True,False,wall,10.0,10.0,-10.0
189,8854,-13.0,0,62,0.855707,0.0,True,False,wall,0.0,-3.0,-10.0
190,8870,-17.0,0,16,0.855546,0.0,True,False,wall,0.0,-7.0,-10.0
191,8895,-24.0,0,25,0.855294,0.0,True,False,wall,0.0,-14.0,-10.0
192,8931,-5.0,0,36,0.854932,0.0,True,False,wall,0.0,5.0,-10.0
193,8974,-20.0,0,43,0.854499,0.0,True,False,wall,0.0,-10.0,-10.0
194,9038,-17.0,0,64,0.853856,0.0,True,False,wall,0.0,-7.0,-10.0
195,9072,-17.0,0,34,0.853514,0.0,True,False,wall,0.0,-7.0,-10.0
196,9115,-4.0,0,43,0.853082,0.0,True,False,wall,0.0,6.0,-10.0
197,9135,-19.0,0,20,0.852882,0.0,True,False,wall,0.0,-9.0,-10.0
198,9233,4.0,1,98,0.851899,0.0,True,False,wall,10.0,4.0,-10.0
199,9263,-6.0,1,30,0.851598,0.0,True,False,wall,10.0,-6.0,-10.0
200,9332,-5.0,1,69,0.850907,0.0,True,False,wall,10.0,-5.0,-10.0
201,9389,-18.0,0,57,0.850336,0.0,True,False,wall,0.0,-8.0,-10.0
202,9497,-17.0,0,108,0.849257,0.0,True,False,wall,0.0,-7.0,-10.0
203,9520,-8.0,0,23,0.849027,0.0,True,False,wall,0.0,2.0,-10.0
204,9539,-12.0,0,19,0.848837,0.0,True,False,wall,0.0,-2.0,-10.0
205,9567,-19.0,0,28,0.848558,0.0,True,False,wall,0.0,-9.0,-10.0
206,9596,-1.0,1,29,0.848268,0.0,True,False,wall,10.0,-1.0,-10.0
207,9623,-14.0,0,27,0.847999,0.0,True,False,wall,0.0,-4.0,-10.0
208,9634,-20.0,0,11,0.847889,0.0,True,False,wall,0.0,-10.0,-10.0
209,9655,-14.0,0,21,0.84768,0.0,True,False,wall,0.0,-4.0,-10.0
210,9678,-6.0,0,23,0.84745,0.0,True,False,wall,0.0,4.0,-10.0
211,9796,-15.0,0,118,0.846275,0.0,True,False,wall,0.0,-5.0,-10.0
212,9851,-20.0,0,55,0.845728,0.0,True,False,wall,0.0,-10.0,-10.0
213,9901,-19.0,0,50,0.845231,0.0,True,False,wall,0.0,-9.0,-10.0
214,9913,-9.0,0,12,0.845111,0.0,True,False,wall,0.0,1.0,-10.0
215,9987,-9.0,0,74,0.844376,0.0,True,False,wall,0.0,1.0,-10.0
216,10018,-2.0,0,31,0.844069,2.9367,True,False,wall,0.0,8.0,-10.0
217,10042,-15.0,0,24,0.84383,4.3611,True,False,wall,0.0,-5.0,-10.0
218,10066,-15.0,0,24,0.843592,10.0104,True,False,wall,0.0,-5.0,-10.0
219,10077,-18.0,0,11,0.843483,11.446,True,False,wall,0.0,-8.0,-10.0
220,10196,-16.0,0,119,0.842304,2.9399,True,False,wall,0.0,-6.0,-10.0
221,10267,3.0,1,71,0.841601,1.1892,True,False,wall,10.0,3.0,-10.0
222,10360,-20.0,0,93,0.840681,1.0877,True,False,wall,0.0,-10.0,-10.0
223,10419,-8.0,0,59,0.840098,1.0509,True,False,wall,0.0,2.0,-10.0
224,10437,-5.0,0,18,0.83992,0.9857,True,False,wall,0.0,5.0,-10.0
225,10470,-10.0,0,33,0.839595,1.0288,True,False,wall,0.0,0.0,-10.0
226,10502,-17.0,0,32,0.839279,0.9268,True,False,wall,0.0,-7.0,-10.0
227,10567,1.0,1,65,0.838638,0.841,True,False,wall,10.0,1.0,-10.0
228,10607,3.0,0,40,0.838244,1.1541,True,False,wall,0.0,13.0,-10.0
229,10629,2.0,1,22,0.838027,0.9239,True,False,wall,10.0,2.0,-10.0
230,10697,2.0,1,68,0.837357,1.0649,True,False,wall,10.0,2.0,-10.0
231,10744,-8.0,0,47,0.836895,1.0708,True,False,wall,0.0,2.0,-10.0
232,10809,7.0,1,65,0.836256,0.8727,True,False,wall,10.0,7.0,-10.0
233,10839,-11.0,0,30,0.835961,1.0406,True,False,wall,0.0,-1.0,-10.0
234,10865,1.0,0,26,0.835706,1.0671,True,False,wall,0.0,11.0,-10.0
235,10911,-11.0,0,46,0.835254,0.9898,True,False,wall,0.0,-1.0,-10.0
236,10993,-6.0,1,82,0.83445,0.9015,True,False,wall,10.0,-6.0,-10.0
237,11014,0.0,0,21,0.834244,0.821,True,False,wall,0.0,10.0,-10.0
238,11031,-2.0,0,17,0.834077,1.0109,True,False,wall,0.0,8.0,-10.0
239,11136,13.0,1,105,0.833049,0.924,True,False,wall,10.0,13.0,-10.0
240,11163,5.0,1,27,0.832784,0.9066,True,False,wall,10.0,5.0,-10.0
241,11240,7.0,1,77,0.832031,0.8745,True,False,wall,10.0,7.0,-10.0
242,11287,9.0,1,47,0.831572,0.9057,True,False,wall,10.0,9.0,-10.0
243,11318,13.0,1,31,0.831269,1.069,True,False,wall,10.0,13.0,-10.0
244,11335,-12.0,0,17,0.831103,0.8774,True,False,wall,0.0,-2.0,-10.0
245,11354,7.0,1,19,0.830918,0.7978,True,False,wall,10.0,7.0,-10.0
246,11382,-17.0,0,28,0.830644,0.8012,True,False,wall,0.0,-7.0,-10.0
247,11401,-4.0,0,19,0.830459,0.9102,True,False,wall,0.0,6.0,-10.0
248,11454,17.0,1,53,0.829942,0.9311,True,False,wall,10.0,17.0,-10.0
249,11507,-4.0,0,53,0.829426,0.9488,True,False,wall,0.0,6.0,-10.0
250,11536,-6.0,0,29,0.829143,0.9417,True,False,wall,0.0,4.0,-10.0
251,11593,9.0,1,57,0.828588,0.8489,True,False,wall,10.0,9.0,-10.0
252,11639,-1.0,0,46,0.828141,0.7997,True,False,wall,0.0,9.0,-10.0
253,11667,-17.0,0,28,0.827868,0.6733,True,False,wall,0.0,-7.0,-10.0
254,11690,-6.0,0,23,0.827645,0.7353,True,False,wall,0.0,4.0,-10.0
255,11780,4.0,1,90,0.82677,0.9765,True,False,wall,10.0,4.0,-10.0
256,11802,8.0,1,22,0.826557,0.926,True,False,wall,10.0,8.0,-10.0
257,11824,8.0,1,22,0.826343,0.8503,True,False,wall,10.0,8.0,-10.0
258,11846,-5.0,0,22,0.82613,0.746,True,False,wall,0.0,5.0,-10.0
259,11870,-13.0,0,24,0.825897,0.6977,True,False,wall,0.0,-3.0,-10.0
260,11901,-6.0,0,31,0.825596,0.9795,True,False,wall,0.0,4.0,-10.0
261,11933,-7.0,0,32,0.825286,0.8873,True,False,wall,0.0,3.0,-10.0
262,11946,-8.0,0,13,0.82516,0.6064,True,False,wall,0.0,2.0,-10.0
263,11975,-4.0,0,29,0.824879,0.9247,True,False,wall,0.0,6.0,-10.0
264,12046,11.0,1,71,0.824192,0.903,True,False,wall,10.0,11.0,-10.0
265,12148,-9.0,0,102,0.823205,0.8935,True,False,wall,0.0,1.0,-10.0
266,12167,-1.0,1,19,0.823022,1.0127,True,False,wall,10.0,-1.0,-10.0
267,12198,-2.0,0,31,0.822722,0.8087,True,False,wall,0.0,8.0,-10.0
268,12245,-8.0,0,47,0.822268,0.9168,True,False,wall,0.0,2.0,-10.0
269,12270,9.0,1,25,0.822027,0.762,True,False,wall,10.0,9.0,-10.0
270,12310,-5.0,0,40,0.821641,0.9092,True,False,wall,0.0,5.0,-10.0
271,12334,-3.0,0,24,0.82141,0.8661,True,False,wall,0.0,7.0,-10.0
272,12378,0.0,1,44,0.820986,0.9438,True,False,wall,10.0,0.0,-10.0
273,12404,1.0,0,26,0.820735,0.8876,True,False,wall,0.0,11.0,-10.0
274,12451,3.0,1,47,0.820282,0.8574,True,False,wall,10.0,3.0,-10.0
275,12489,-3.0,0,38,0.819917,0.9248,True,False,wall,0.0,7.0,-10.0
276,12596,19.0,1,107,0.818888,0.9637,True,False,wall,10.0,19.0,-10.0
277,12609,-10.0,0,13,0.818763,0.7837,True,False,wall,0.0,0.0,-10.0
278,12707,-19.0,0,98,0.817821,0.8805,True,False,wall,0.0,-9.0,-10.0
279,12739,-11.0,0,32,0.817514,0.8762,True,False,wall,0.0,-1.0,-10.0
280,12779,15.0,2,40,0.817131,0.9619,True,False,wall,20.0,5.0,-10.0
281,12799,-7.0,0,20,0.816939,0.9074,True,False,wall,0.0,3.0,-10.0
282,12908,15.0,1,109,0.815895,0.9348,True,False,wall,10.0,15.0,-10.0
283,12937,-16.0,0,29,0.815617,0.9644,True,False,wall,0.0,-6.0,-10.0
284,12983,4.0,1,46,0.815177,0.9194,True,False,wall,10.0,4.0,-10.0
285,13037,29.0,2,54,0.814661,0.9188,True,False,wall,20.0,19.0,-10.0
286,13076,9.0,1,39,0.814288,1.0014,True,False,wall,10.0,9.0,-10.0
287,13098,-19.0,0,22,0.814078,0.849,True,False,wall,0.0,-9.0,-10.0
288,13146,-15.0,0,48,0.81362,0.916,True,False,wall,0.0,-5.0,-10.0
289,13251,27.0,1,105,0.812618,0.8502,True,False,wall,10.0,27.0,-10.0
290,13297,-21.0,0,46,0.81218,0.9665,True,False,wall,0.0,-11.0,-10.0
291,13322,5.0,1,25,0.811941,0.8758,True,False,wall,10.0,5.0,-10.0
292,13334,-9.0,0,12,0.811827,0.9804,True,False,wall,0.0,1.0,-10.0
293,13352,-11.0,0,18,0.811656,0.8677,True,False,wall,0.0,-1.0,-10.0
294,13389,-2.0,0,37,0.811304,0.8958,True,False,wall,0.0,8.0,-10.0
295,13425,-7.0,0,36,0.810961,0.905,True,False,wall,0.0,3.0,-10.0
296,13439,-5.0,0,14,0.810828,1.2041,True,False,wall,0.0,5.0,-10.0
297,13494,-1.0,1,55,0.810305,1.0097,True,False,wall,10.0,-1.0,-10.0
298,13525,-16.0,0,31,0.810011,0.9932,True,False,wall,0.0,-6.0,-10.0
299,13675,18.0,1,150,0.808587,0.9979,True,False,wall,10.0,18.0,-10.0
300,13704,11.0,1,29,0.808312,0.9758,True,False,wall,10.0,11.0,-10.0
301,13719,-8.0,0,15,0.80817,0.8252,True,False,wall,0.0,2.0,-10.0
302,13742,-16.0,0,23,0.807952,0.8261,True,False,wall,0.0,-6.0,-10.0
303,13788,2.0,1,46,0.807516,0.8573,True,False,wall,10.0,2.0,-10.0
304,13825,3.0,1,37,0.807166,0.9512,True,False,wall,10.0,3.0,-10.0
305,13860,5.0,1,35,0.806835,0.8843,True,False,wall,10.0,5.0,-10.0
306,13879,-20.0,0,19,0.806655,0.9398,True,False,wall,0.0,-10.0,-10.0
307,13904,-6.0,0,25,0.806418,0.988,True,False,wall,0.0,4.0,-10.0
308,13954,16.0,1,50,0.805946,0.9319,True,False,wall,10.0,16.0,-10.0
309,14025,15.0,1,71,0.805275,0.8932,True,False,wall,10.0,15.0,-10.0
310,14072,7.0,1,47,0.804832,1.0174,True,False,wall,10.0,7.0,-10.0
311,14130,-11.0,0,58,0.804285,0.9361,True,False,wall,0.0,-1.0,-10.0
312,14251,34.0,2,121,0.803145,0.9296,True,False,wall,20.0,24.0,-10.0
313,14262,-2.0,0,11,0.803041,0.9346,True,False,wall,0.0,8.0,-10.0
314,14285,0.0,0,23,0.802825,0.9869,True,False,wall,0.0,10.0,-10.0
315,14321,-9.0,0,36,0.802486,0.9029,True,False,wall,0.0,1.0,-10.0
316,14334,-6.0,0,13,0.802364,0.9134,True,False,wall,0.0,4.0,-10.0
317,14352,-11.0,0,18,0.802194,0.7868,True,False,wall,0.0,-1.0,-10.0
318,14378,-5.0,0,26,0.80195,0.7573,True,False,wall,0.0,5.0,-10.0
319,14391,-6.0,0,13,0.801828,0.7746,True,False,wall,0.0,4.0,-10.0
320,14433,10.0,1,42,0.801433,0.8987,True,False,wall,10.0,10.0,-10.0
321,14470,-6.0,0,37,0.801086,0.9504,True,False,wall,0.0,4.0,-10.0
322,14499,1.0,1,29,0.800813,1.0046,True,False,wall,10.0,1.0,-10.0
323,14548,-12.0,0,49,0.800354,0.9251,True,False,wall,0.0,-2.0,-10.0
324,14574,10.0,1,26,0.80011,0.8347,True,False,wall,10.0,10.0,-10.0
325,14599,-6.0,0,25,0.799876,1.042,True,False,wall,0.0,4.0,-10.0
326,14637,-11.0,0,38,0.799519,1.1629,True,False,wall,0.0,-1.0,-10.0
327,14661,-5.0,0,24,0.799295,0.8975,True,False,wall,0.0,5.0,-10.0
328,14720,-8.0,0,59,0.798742,1.0889,True,False,wall,0.0,2.0,-10.0
329,14757,-12.0,0,37,0.798396,1.0758,True,False,wall,0.0,-2.0,-10.0
330,14783,-23.0,0,26,0.798153,1.0413,True,False,wall,0.0,-13.0,-10.0
331,14798,-2.0,0,15,0.798013,1.0158,True,False,wall,0.0,8.0,-10.0
332,14834,-9.0,0,36,0.797676,1.0946,True,False,wall,0.0,1.0,-10.0
333,14887,33.0,3,53,0.797181,1.0604,True,False,body,30.0,13.0,-10.0
334,14920,-2.0,0,33,0.796873,1.1365,True,False,wall,0.0,8.0,-10.0
335,14936,4.0,1,16,0.796723,0.955,True,False,wall,10.0,4.0,-10.0
336,14963,-10.0,0,27,0.796471,0.9947,True,False,wall,0.0,0.0,-10.0
337,15026,7.0,1,63,0.795884,0.9462,True,False,wall,10.0,7.0,-10.0
338,15066,-5.0,0,40,0.795511,1.2975,True,False,wall,0.0,5.0,-10.0
339,15078,-7.0,0,12,0.795399,1.4816,True,False,wall,0.0,3.0,-10.0
340,15110,-19.0,0,32,0.795101,1.1239,True,False,wall,0.0,-9.0,-10.0
341,15135,-4.0,0,25,0.794868,1.0362,True,False,wall,0.0,6.0,-10.0
342,15159,-21.0,0,24,0.794645,0.8422,True,False,wall,0.0,-11.0,-10.0
343,15204,1.0,1,45,0.794226,0.895,True,False,wall,10.0,1.0,-10.0
344,15236,8.0,1,32,0.793928,0.9906,True,False,wall,10.0,8.0,-10.0
345,15251,-4.0,0,15,0.793789,1.0205,True,False,wall,0.0,6.0,-10.0
346,15400,-24.0,0,149,0.792405,1.0027,True,False,wall,0.0,-14.0,-10.0
347,15453,7.0,1,53,0.791913,1.2361,True,False,wall,10.0,7.0,-10.0
348,15511,15.0,2,58,0.791376,1.231,True,False,wall,20.0,5.0,-10.0
349,15598,20.0,2,87,0.79057,1.0404,True,False,wall,20.0,10.0,-10.0
350,15645,-8.0,0,47,0.790135,1.1436,True,False,wall,0.0,2.0,-10.0
351,15698,-4.0,0,53,0.789645,0.984,True,False,wall,0.0,6.0,-10.0
352,15711,-4.0,0,13,0.789524,0.8901,True,False,wall,0.0,6.0,-10.0
353,15812,27.0,3,101,0.788591,1.008,True,False,body,30.0,7.0,-10.0
354,15882,-3.0,0,70,0.787945,1.0632,True,False,wall,0.0,7.0,-10.0
355,15944,10.0,1,62,0.787374,1.0859,True,False,wall,10.0,10.0,-10.0
356,16029,35.0,3,85,0.786591,1.0886,True,False,wall,30.0,15.0,-10.0
357,16062,12.0,2,33,0.786287,1.2296,True,False,wall,20.0,2.0,-10.0
358,16090,-5.0,0,28,0.786029,0.9387,True,False,wall,0.0,5.0,-10.0
359,16157,0.0,0,67,0.785413,1.0481,True,False,wall,0.0,10.0,-10.0
360,16196,3.0,1,39,0.785055,1.0492,True,False,wall,10.0,3.0,-10.0
361,16233,-14.0,0,37,0.784715,0.9862,True,False,wall,0.0,-4.0,-10.0
362,16322,-3.0,1,89,0.783898,1.098,True,False,wall,10.0,-3.0,-10.0
363,16358,-5.0,0,36,0.783568,1.1807,True,False,wall,0.0,5.0,-10.0
364,16384,-13.0,0,26,0.783329,1.1311,True,False,wall,0.0,-3.0,-10.0
365,16429,-14.0,0,45,0.782917,1.2854,True,False,wall,0.0,-4.0,-10.0
366,16460,-6.0,0,31,0.782633,1.3051,True,False,wall,0.0,4.0,-10.0
367,16496,-9.0,0,36,0.782303,1.1103,True,False,wall,0.0,1.0,-10.0
368,16514,-7.0,0,18,0.782139,1.6794,True,False,wall,0.0,3.0,-10.0
369,16588,8.0,1,74,0.781462,1.2112,True,False,wall,10.0,8.0,-10.0
370,16613,-2.0,0,25,0.781233,1.1201,True,False,wall,0.0,8.0,-10.0
371,16672,29.0,3,59,0.780694,1.0188,True,False,body,30.0,9.0,-10.0
372,16694,-15.0,0,22,0.780493,1.1989,True,False,wall,0.0,-5.0,-10.0
373,16782,-9.0,0,88,0.77969,1.2916,True,False,wall,0.0,1.0,-10.0
374,16831,1.0,1,49,0.779243,0.935,True,False,wall,10.0,1.0,-10.0
375,16911,-5.0,0,80,0.778514,1.0157,True,False,wall,0.0,5.0,-10.0
376,16941,-7.0,0,30,0.778241,0.8465,True,False,wall,0.0,3.0,-10.0
377,17009,-3.0,0,68,0.777622,1.0864,True,False,wall,0.0,7.0,-10.0
378,17070,18.0,2,61,0.777068,1.3185,True,False,wall,20.0,8.0,-10.0
379,17088,1.0,0,18,0.776904,1.0607,True,False,wall,0.0,11.0,-10.0
380,17114,19.0,2,26,0.776668,1.1998,True,False,wall,20.0,9.0,-10.0
381,17167,17.0,1,53,0.776187,1.1156,True,False,wall,10.0,17.0,-10.0
382,17196,-8.0,0,29,0.775924,0.914,True,False,wall,0.0,2.0,-10.0
383,17223,-6.0,0,27,0.775679,1.2134,True,False,wall,0.0,4.0,-10.0
384,17272,-18.0,0,49,0.775234,1.0228,True,False,wall,0.0,-8.0,-10.0
385,17298,-3.0,0,26,0.774999,0.9933,True,False,wall,0.0,7.0,-10.0
386,17341,-3.0,1,43,0.774609,1.1149,True,False,wall,10.0,-3.0,-10.0
387,17380,-8.0,0,39,0.774256,1.0481,True,False,wall,0.0,2.0,-10.0
388,17453,-18.0,0,73,0.773595,1.0568,True,False,wall,0.0,-8.0,-10.0
389,17469,-3.0,0,16,0.773451,1.2425,True,False,wall,0.0,7.0,-10.0
390,17509,30.0,3,40,0.773089,1.2382,True,False,body,30.0,10.0,-10.0
391,17550,-8.0,0,41,0.772718,1.0474,True,False,wall,0.0,2.0,-10.0
392,17592,12.0,1,42,0.772339,1.1387,True,False,wall,10.0,12.0,-10.0
393,17634,10.0,1,42,0.77196,0.9425,True,False,wall,10.0,10.0,-10.0
394,17692,8.0,1,58,0.771437,1.2628,True,False,wall,10.0,8.0,-10.0
395,17716,8.0,1,24,0.77122,1.0945,True,False,wall,10.0,8.0,-10.0
396,17747,11.0,1,31,0.770941,1.185,True,False,wall,10.0,11.0,-10.0
397,17759,-9.0,0,12,0.770833,1.2796,True,False,wall,0.0,1.0,-10.0
398,17771,-9.0,0,12,0.770725,0.8993,True,False,wall,0.0,1.0,-10.0
399,17819,-5.0,0,48,0.770292,1.2497,True,False,wall,0.0,5.0,-10.0
400,17854,5.0,1,35,0.769977,1.1625,True,False,wall,10.0,5.0,-10.0
401,17949,39.0,3,95,0.769123,1.2112,True,False,wall,30.0,19.0,-10.0
402,17986,-6.0,0,37,0.76879,0.9436,True,False,wall,0.0,4.0,-10.0
403,18029,7.0,1,43,0.768404,0.9836,True,False,wall,10.0,7.0,-10.0
404,18086,-2.0,0,57,0.767892,1.0133,True,False,wall,0.0,8.0,-10.0
405,18221,27.0,1,135,0.766682,0.9028,True,False,wall,10.0,27.0,-10.0
406,18242,-10.0,0,21,0.766494,1.0776,True,False,wall,0.0,0.0,-10.0
407,18383,15.0,1,141,0.765232,1.0906,True,False,wall,10.0,15.0,-10.0
408,18439,-1.0,0,56,0.764732,0.9027,True,False,wall,0.0,9.0,-10.0
409,18518,13.0,1,79,0.764026,1.0354,True,False,wall,10.0,13.0,-10.0
410,18549,9.0,1,31,0.76375,0.6978,True,False,wall,10.0,9.0,-10.0
411,18575,6.0,1,26,0.763518,0.9337,True,False,wall,10.0,6.0,-10.0
412,18670,-4.0,0,95,0.762671,0.9544,True,False,wall,0.0,6.0,-10.0
413,18802,17.0,2,132,0.761496,1.1938,True,False,wall,20.0,7.0,-10.0
414,18856,-15.0,0,54,0.761016,0.9578,True,False,wall,0.0,-5.0,-10.0
415,18873,-6.0,0,17,0.760865,1.1556,True,False,wall,0.0,4.0,-10.0
416,18916,-6.0,0,43,0.760483,0.6634,True,False,wall,0.0,4.0,-10.0
417,18946,-9.0,0,30,0.760216,1.0666,True,False,wall,0.0,1.0,-10.0
418,19079,5.0,1,133,0.759037,0.9506,True,False,wall,10.0,5.0,-10.0
419,19131,8.0,1,52,0.758576,1.0563,True,False,wall,10.0,8.0,-10.0
420,19203,8.0,1,72,0.757939,0.9245,True,False,wall,10.0,8.0,-10.0
421,19223,-5.0,0,20,0.757762,0.9483,True,False,wall,0.0,5.0,-10.0
422,19243,-7.0,0,20,0.757585,0.9394,True,False,wall,0.0,3.0,-10.0
423,19300,27.0,3,57,0.757081,1.0345,True,False,body,30.0,7.0,-10.0
424,19352,-7.0,0,52,0.756621,0.8036,True,False,wall,0.0,3.0,-10.0
425,19365,-12.0,0,13,0.756506,0.9474,True,False,wall,0.0,-2.0,-10.0
426,19389,-5.0,0,24,0.756294,1.0504,True,False,wall,0.0,5.0,-10.0
427,19443,10.0,1,54,0.755818,1.1067,True,False,wall,10.0,10.0,-10.0
428,19466,-22.0,0,23,0.755615,0.9556,True,False,wall,0.0,-12.0,-10.0
429,19486,-7.0,0,20,0.755439,1.0725,True,False,wall,0.0,3.0,-10.0
430,19524,-13.0,0,38,0.755104,1.4354,True,False,wall,0.0,-3.0,-10.0
431,19604,25.0,2,80,0.754399,1.3789,True,False,wall,20.0,15.0,-10.0
432,19633,-4.0,0,29,0.754144,1.5409,True,False,wall,0.0,6.0,-10.0
433,19673,-19.0,0,40,0.753792,1.0277,True,False,wall,0.0,-9.0,-10.0
434,19689,-7.0,0,16,0.753651,1.5805,True,False,wall,0.0,3.0,-10.0
435,19710,5.0,1,21,0.753466,1.303,True,False,wall,10.0,5.0,-10.0
436,19750,12.0,1,40,0.753115,1.1632,True,False,wall,10.0,12.0,-10.0
437,19760,-3.0,0,10,0.753027,0.919,True,False,wall,0.0,7.0,-10.0
438,19783,-8.0,0,23,0.752825,0.9593,True,False,wall,0.0,2.0,-10.0
439,19828,28.0,2,45,0.752429,1.1051,True,False,wall,20.0,18.0,-10.0
440,19849,-16.0,0,21,0.752245,0.7887,True,False,wall,0.0,-6.0,-10.0
441,19898,-4.0,0,49,0.751815,1.0544,True,False,wall,0.0,6.0,-10.0
442,20000,-15.0,0,102,0.750921,1.0882,True,False,wall,0.0,-5.0,-10.0
443,20018,-7.0,0,18,0.750763,1.0931,True,False,wall,0.0,3.0,-10.0
444,20130,25.0,2,112,0.749783,0.9917,True,False,wall,20.0,15.0,-10.0
445,20176,14.0,1,46,0.74938,0.9836,True,False,wall,10.0,14.0,-10.0
446,20212,4.0,1,36,0.749066,1.0428,True,False,wall,10.0,4.0,-10.0
447,20273,30.0,2,61,0.748533,1.1563,True,False,wall,20.0,20.0,-10.0
448,20300,-14.0,0,27,0.748297,1.6522,True,False,wall,0.0,-4.0,-10.0
449,20333,-16.0,0,33,0.748009,1.0998,True,False,wall,0.0,-6.0,-10.0
450,20484,9.0,1,151,0.746693,1.0409,True,False,wall,10.0,9.0,-10.0
451,20510,-9.0,0,26,0.746467,1.0089,True,False,wall,0.0,1.0,-10.0
452,20560,36.0,3,50,0.746031,1.0212,True,False,body,30.0,16.0,-10.0
453,20592,10.0,1,32,0.745753,0.8434,True,False,wall,10.0,10.0,-10.0
454,20675,39.0,3,83,0.745032,1.0114,True,False,body,30.0,19.0,-10.0
455,20699,12.0,1,24,0.744823,1.2795,True,False,wall,10.0,12.0,-10.0
456,20720,-4.0,0,21,0.744641,0.8153,True,False,wall,0.0,6.0,-10.0
457,20748,-1.0,0,28,0.744398,1.1991,True,False,wall,0.0,9.0,-10.0
458,20771,1.0,1,23,0.744198,1.1454,True,False,wall,10.0,1.0,-10.0
459,20876,1.0,1,105,0.743287,1.167,True,False,wall,10.0,1.0,-10.0
460,20892,-9.0,0,16,0.743149,1.1679,True,False,wall,0.0,1.0,-10.0
461,21014,17.0,2,122,0.742093,1.107,True,False,wall,20.0,7.0,-10.0
462,21043,5.0,1,29,0.741842,1.3053,True,False,wall,10.0,5.0,-10.0
463,21059,6.0,1,16,0.741703,1.2956,True,False,wall,10.0,6.0,-10.0
464,21088,-2.0,0,29,0.741453,1.0766,True,False,wall,0.0,8.0,-10.0
465,21117,-2.0,0,29,0.741202,1.2236,True,False,wall,0.0,8.0,-10.0
466,21139,-7.0,0,22,0.741012,1.5545,True,False,wall,0.0,3.0,-10.0
467,21166,7.0,1,27,0.740779,1.4852,True,False,wall,10.0,7.0,-10.0
468,21212,8.0,1,46,0.740382,1.3257,True,False,wall,10.0,8.0,-10.0
469,21240,10.0,1,28,0.74014,1.0329,True,False,wall,10.0,10.0,-10.0
470,21256,-5.0,0,16,0.740002,1.0826,True,False,wall,0.0,5.0,-10.0
471,21276,-5.0,0,20,0.73983,0.9978,True,False,wall,0.0,5.0,-10.0
472,21301,-6.0,0,25,0.739614,0.9999,True,False,wall,0.0,4.0,-10.0
473,21378,-4.0,0,77,0.738951,1.0283,True,False,wall,0.0,6.0,-10.0
474,21487,45.0,3,109,0.738013,1.1283,True,False,wall,30.0,25.0,-10.0
475,21576,19.0,1,89,0.737248,1.3174,True,False,wall,10.0,19.0,-10.0
476,21651,35.0,3,75,0.736604,1.1248,True,False,body,30.0,15.0,-10.0
477,21664,-2.0,0,13,0.736492,1.4329,True,False,wall,0.0,8.0,-10.0
478,21675,-16.0,0,11,0.736398,0.9722,True,False,wall,0.0,-6.0,-10.0
479,21710,0.0,0,35,0.736098,1.3606,True,False,wall,0.0,10.0,-10.0
480,21841,66.0,4,131,0.734975,1.1887,True,False,wall,40.0,36.0,-10.0
481,21918,3.0,1,77,0.734316,1.266,True,False,wall,10.0,3.0,-10.0
482,21954,-5.0,0,36,0.734008,1.2915,True,False,wall,0.0,5.0,-10.0
483,21990,18.0,1,36,0.7337,1.1641,True,False,wall,10.0,18.0,-10.0
484,22005,7.0,1,15,0.733572,1.3926,True,False,wall,10.0,7.0,-10.0
485,22033,12.0,1,28,0.733333,0.9753,True,False,wall,10.0,12.0,-10.0
486,22159,48.0,3,126,0.732258,1.3187,True,False,body,30.0,28.0,-10.0
487,22220,20.0,2,61,0.731738,1.194,True,False,wall,20.0,10.0,-10.0
488,22300,10.0,1,80,0.731056,1.3774,True,False,wall,10.0,10.0,-10.0
489,22314,6.0,1,14,0.730937,1.5,True,False,wall,10.0,6.0,-10.0
490,22450,46.0,3,136,0.72978,1.3196,True,False,body,30.0,26.0,-10.0
491,22544,25.0,2,94,0.728982,1.0262,True,False,wall,20.0,15.0,-10.0
492,22588,14.0,1,44,0.728609,1.7248,True,False,wall,10.0,14.0,-10.0
493,22638,12.0,1,50,0.728185,1.6972,True,False,wall,10.0,12.0,-10.0
494,22773,57.0,3,135,0.727041,1.464,True,False,wall,30.0,37.0,-10.0
495,22813,8.0,1,40,0.726703,0.8954,True,False,wall,10.0,8.0,-10.0
496,22878,14.0,2,65,0.726153,1.2216,True,False,wall,20.0,4.0,-10.0
497,22929,-12.0,0,51,0.725722,1.3318,True,False,wall,0.0,-2.0,-10.0
498,22974,-2.0,0,45,0.725342,1.4993,True,False,wall,0.0,8.0,-10.0
499,23033,9.0,1,59,0.724844,2.1412,True,False,wall,10.0,9.0,-10.0
500,23093,25.0,2,60,0.724339,1.7145,True,False,wall,20.0,15.0,-10.0
501,23121,-7.0,0,28,0.724103,1.6735,True,False,wall,0.0,3.0,-10.0
502,23151,6.0,1,30,0.72385,1.6666,True,False,wall,10.0,6.0,-10.0
503,23177,-5.0,0,26,0.723631,1.3519,True,False,wall,0.0,5.0,-10.0
504,23203,25.0,2,26,0.723412,1.3589,True,False,wall,20.0,15.0,-10.0
505,23236,13.0,1,33,0.723134,1.8562,True,False,wall,10.0,13.0,-10.0
506,23258,-5.0,0,22,0.722949,1.2087,True,False,wall,0.0,5.0,-10.0
507,23327,-4.0,0,69,0.722369,1.68,True,False,wall,0.0,6.0,-10.0
508,23457,6.0,1,130,0.721277,1.46,True,False,wall,10.0,6.0,-10.0
509,23496,7.0,1,39,0.72095,1.4765,True,False,wall,10.0,7.0,-10.0
510,23532,-11.0,0,36,0.720648,1.338,True,False,wall,0.0,-1.0,-10.0
511,23558,2.0,1,26,0.72043,1.8085,True,False,wall,10.0,2.0,-10.0
512,23585,3.0,1,27,0.720204,1.6083,True,False,wall,10.0,3.0,-10.0
513,23735,83.0,4,150,0.718949,1.5111,True,False,body,40.0,53.0,-10.0
514,23809,18.0,1,74,0.71833,1.42,True,False,wall,10.0,18.0,-10.0
515,23832,0.0,0,23,0.718138,1.5572,True,False,wall,0.0,10.0,-10.0
516,23867,-4.0,0,35,0.717846,1.3357,True,False,wall,0.0,6.0,-10.0
517,24021,35.0,2,154,0.716561,1.4962,True,False,wall,20.0,25.0,-10.0
518,24046,-18.0,0,25,0.716353,1.4717,True,False,wall,0.0,-8.0,-10.0
519,24081,11.0,1,35,0.716062,1.352,True,False,wall,10.0,11.0,-10.0
520,24105,12.0,1,24,0.715862,1.5261,True,False,wall,10.0,12.0,-10.0
521,24142,7.0,1,37,0.715554,1.2461,True,False,wall,10.0,7.0,-10.0
522,24207,-8.0,0,65,0.715013,1.4782,True,False,wall,0.0,2.0,-10.0
523,24234,9.0,1,27,0.714789,1.1531,True,False,wall,10.0,9.0,-10.0
524,24288,31.0,2,54,0.71434,1.3057,True,False,wall,20.0,21.0,-10.0
525,24348,-5.0,0,60,0.713842,1.4103,True,False,wall,0.0,5.0,-10.0
526,24394,8.0,1,46,0.713461,1.7925,True,False,wall,10.0,8.0,-10.0
527,24425,-4.0,0,31,0.713204,1.4467,True,False,wall,0.0,6.0,-10.0
528,24546,28.0,2,121,0.712201,1.6256,True,False,wall,20.0,18.0,-10.0
529,24576,4.0,1,30,0.711953,1.8345,True,False,wall,10.0,4.0,-10.0
530,24593,7.0,1,17,0.711812,1.2812,True,False,wall,10.0,7.0,-10.0
531,24664,-8.0,0,71,0.711225,1.72,True,False,wall,0.0,2.0,-10.0
532,24693,20.0,2,29,0.710986,1.6931,True,False,wall,20.0,10.0,-10.0
533,24708,-14.0,0,15,0.710862,1.7711,True,False,wall,0.0,-4.0,-10.0
534,24722,-1.0,0,14,0.710746,1.3642,True,False,wall,0.0,9.0,-10.0
535,24824,-7.0,0,102,0.709904,1.5068,True,False,wall,0.0,3.0,-10.0
536,24893,37.0,3,69,0.709335,1.1152,True,False,body,30.0,17.0,-10.0
537,24923,-7.0,0,30,0.709088,1.1024,True,False,wall,0.0,3.0,-10.0
538,25021,38.0,3,98,0.708281,1.1284,True,False,body,30.0,18.0,-10.0
539,25038,18.0,2,17,0.708141,1.8399,True,False,wall,20.0,8.0,-10.0
540,25078,19.0,2,40,0.707812,1.5089,True,False,wall,20.0,9.0,-10.0
541,25117,24.0,2,39,0.707492,1.3763,True,False,wall,20.0,14.0,-10.0
542,25142,30.0,2,25,0.707286,1.5964,True,False,wall,20.0,20.0,-10.0
543,25190,-5.0,0,48,0.706892,1.5869,True,False,wall,0.0,5.0,-10.0
544,25209,-10.0,0,19,0.706736,1.6195,True,False,wall,0.0,0.0,-10.0
545,25267,-3.0,0,58,0.70626,1.6116,True,False,wall,0.0,7.0,-10.0
546,25285,4.0,1,18,0.706112,1.5998,True,False,wall,10.0,4.0,-10.0
547,25442,-1.0,1,157,0.704826,1.5522,True,False,wall,10.0,-1.0,-10.0
548,25453,-4.0,0,11,0.704736,1.3924,True,False,wall,0.0,6.0,-10.0
549,25503,20.0,1,50,0.704327,1.4334,True,False,wall,10.0,20.0,-10.0
550,25538,5.0,1,35,0.704041,1.1451,True,False,wall,10.0,5.0,-10.0
551,25555,-4.0,0,17,0.703902,1.1514,True,False,wall,0.0,6.0,-10.0
552,25577,-3.0,0,22,0.703722,1.8346,True,False,wall,0.0,7.0,-10.0
553,25615,42.0,3,38,0.703412,1.1783,True,False,body,30.0,22.0,-10.0
554,25646,-4.0,0,31,0.703158,1.2887,True,False,wall,0.0,6.0,-10.0
555,25747,7.0,1,101,0.702334,1.1239,True,False,wall,10.0,7.0,-10.0
556,25765,-7.0,0,18,0.702188,1.2579,True,False,wall,0.0,3.0,-10.0
557,25806,11.0,1,41,0.701853,1.3563,True,False,wall,10.0,11.0,-10.0
558,25875,11.0,1,69,0.701291,1.3233,True,False,wall,10.0,11.0,-10.0
559,25889,-7.0,0,14,0.701178,1.4241,True,False,wall,0.0,3.0,-10.0
560,25916,-10.0,0,27,0.700958,1.7736,True,False,wall,0.0,0.0,-10.0
561,25935,-6.0,0,19,0.700803,1.2626,True,False,wall,0.0,4.0,-10.0
562,26061,29.0,2,126,0.699779,1.6999,True,False,wall,20.0,19.0,-10.0
563,26084,-12.0,0,23,0.699592,1.6165,True,False,wall,0.0,-2.0,-10.0
564,26141,7.0,1,57,0.69913,1.2218,True,False,wall,10.0,7.0,-10.0
565,26213,18.0,1,72,0.698546,1.2231,True,False,wall,10.0,18.0,-10.0
566,26245,-13.0,0,32,0.698286,1.4756,True,False,wall,0.0,-3.0,-10.0
567,26305,40.0,3,60,0.6978,1.2395,True,False,body,30.0,20.0,-10.0
568,26352,-4.0,0,47,0.69742,1.2802,True,False,wall,0.0,6.0,-10.0
569,26390,6.0,1,38,0.697112,1.4327,True,False,wall,10.0,6.0,-10.0
570,26494,35.0,2,104,0.696272,1.559,True,False,wall,20.0,25.0,-10.0
571,26540,2.0,1,46,0.6959,1.3242,True,False,wall,10.0,2.0,-10.0
572,26559,-6.0,0,19,0.695747,1.8481,True,False,wall,0.0,4.0,-10.0
573,26595,-7.0,0,36,0.695456,1.7663,True,False,wall,0.0,3.0,-10.0
574,26734,51.0,3,139,0.694336,1.7691,True,False,body,30.0,31.0,-10.0
575,26815,-10.0,0,81,0.693684,1.643,True,False,wall,0.0,0.0,-10.0
576,26844,-18.0,0,29,0.69345,1.5726,True,False,wall,0.0,-8.0,-10.0
577,26874,-3.0,0,30,0.693209,1.7113,True,False,wall,0.0,7.0,-10.0
578,26970,40.0,3,96,0.692438,1.5713,True,False,body,30.0,20.0,-10.0
579,27066,23.0,2,96,0.691667,1.7866,True,False,wall,20.0,13.0,-10.0
580,27111,-10.0,0,45,0.691306,1.3681,True,False,wall,0.0,0.0,-10.0
581,27135,-1.0,0,24,0.691114,1.5976,True,False,wall,0.0,9.0,-10.0
582,27166,-4.0,0,31,0.690866,1.8912,True,False,wall,0.0,6.0,-10.0
583,27180,6.0,1,14,0.690753,1.7814,True,False,wall,10.0,6.0,-10.0
584,27201,0.0,0,21,0.690585,1.4009,True,False,wall,0.0,10.0,-10.0
585,27246,11.0,1,45,0.690225,1.7289,True,False,wall,10.0,11.0,-10.0
586,27259,-2.0,0,13,0.690121,2.0996,True,False,wall,0.0,8.0,-10.0
587,27291,1.0,0,32,0.689865,1.2013,True,False,wall,0.0,11.0,-10.0
588,27310,-10.0,0,19,0.689713,1.1596,True,False,wall,0.0,0.0,-10.0
589,27497,26.0,2,187,0.688219,1.3,True,False,wall,20.0,16.0,-10.0
590,27555,14.0,1,58,0.687757,1.3116,True,False,wall,10.0,14.0,-10.0
591,27634,20.0,2,79,0.687127,1.4488,True,False,wall,20.0,10.0,-10.0
592,27705,34.0,2,71,0.686562,1.1253,True,False,wall,20.0,24.0,-10.0
593,27722,0.0,0,17,0.686427,1.1937,True,False,wall,0.0,10.0,-10.0
594,27826,37.0,2,104,0.6856,1.6233,True,False,wall,20.0,27.0,-10.0
595,27845,-10.0,0,19,0.685449,1.4219,True,False,wall,0.0,0.0,-10.0
596,27865,-2.0,1,20,0.68529,1.181,True,False,wall,10.0,-2.0,-10.0
597,27959,46.0,3,94,0.684544,1.8423,True,False,body,30.0,26.0,-10.0
598,27975,-3.0,0,16,0.684418,1.557,True,False,wall,0.0,7.0,-10.0
599,28003,10.0,1,28,0.684195,1.4976,True,False,wall,10.0,10.0,-10.0
600,28023,8.0,1,20,0.684037,1.2807,True,False,wall,10.0,8.0,-10.0
601,28063,23.0,2,40,0.68372,1.6104,True,False,wall,20.0,13.0,-10.0
602,28078,-12.0,0,15,0.683601,1.1144,True,False,wall,0.0,-2.0,-10.0
603,28129,5.0,1,51,0.683197,1.1749,True,False,wall,10.0,5.0,-10.0
604,28145,-3.0,0,16,0.683071,1.5773,True,False,wall,0.0,7.0,-10.0
605,28180,-10.0,0,35,0.682794,1.0986,True,False,wall,0.0,0.0,-10.0
606,28199,11.0,1,19,0.682644,1.4493,True,False,wall,10.0,11.0,-10.0
607,28218,1.0,1,19,0.682493,2.4308,True,False,wall,10.0,1.0,-10.0
608,28290,25.0,2,72,0.681924,1.5837,True,False,wall,20.0,15.0,-10.0
609,28326,6.0,1,36,0.68164,1.4847,True,False,wall,10.0,6.0,-10.0
610,28360,8.0,1,34,0.681372,1.4135,True,False,wall,10.0,8.0,-10.0
611,28381,16.0,2,21,0.681206,1.352,True,False,wall,20.0,6.0,-10.0
612,28401,-3.0,0,20,0.681048,1.185,True,False,wall,0.0,7.0,-10.0
613,28505,6.0,1,104,0.680228,1.2457,True,False,wall,10.0,6.0,-10.0
614,28611,42.0,3,106,0.679394,1.4869,True,False,body,30.0,22.0,-10.0
615,28709,17.0,2,98,0.678623,1.2547,True,False,wall,20.0,7.0,-10.0
616,28738,18.0,2,29,0.678396,1.3491,True,False,wall,20.0,8.0,-10.0
617,28782,-3.0,0,44,0.67805,1.4109,True,False,wall,0.0,7.0,-10.0
618,28867,38.0,2,85,0.677383,1.5587,True,False,wall,20.0,28.0,-10.0
619,28950,15.0,1,83,0.676732,1.6038,True,False,wall,10.0,15.0,-10.0
620,28989,9.0,1,39,0.676427,1.5237,True,False,wall,10.0,9.0,-10.0
621,29034,39.0,3,45,0.676075,1.2103,True,False,body,30.0,19.0,-10.0
622,29085,32.0,2,51,0.675676,1.3102,True,False,wall,20.0,22.0,-10.0
623,29149,26.0,3,64,0.675175,1.5576,True,False,wall,30.0,6.0,-10.0
624,29174,7.0,1,25,0.67498,1.5919,True,False,wall,10.0,7.0,-10.0
625,29242,39.0,2,68,0.674449,1.2899,True,False,wall,20.0,29.0,-10.0
626,29298,44.0,3,56,0.674012,1.1243,True,False,body,30.0,24.0,-10.0
627,29334,0.0,1,36,0.673731,1.2545,True,False,wall,10.0,0.0,-10.0
628,29366,-7.0,0,32,0.673482,1.1785,True,False,wall,0.0,3.0,-10.0
629,29406,-13.0,0,40,0.67317,1.0866,True,False,wall,0.0,-3.0,-10.0
630,29522,40.0,3,116,0.672267,1.5286,True,False,body,30.0,20.0,-10.0
631,29636,34.0,3,114,0.671381,1.2741,True,False,wall,30.0,14.0,-10.0
632,29761,25.0,1,125,0.670411,1.5485,True,False,wall,10.0,25.0,-10.0
633,29781,10.0,1,20,0.670256,1.2931,True,False,wall,10.0,10.0,-10.0
634,29880,13.0,1,99,0.669489,1.4109,True,False,wall,10.0,13.0,-10.0
635,29903,9.0,1,23,0.669311,1.3484,True,False,wall,10.0,9.0,-10.0
636,29937,-7.0,0,34,0.669048,1.5055,True,False,wall,0.0,3.0,-10.0
637,30012,22.0,2,75,0.668468,1.6675,True,False,wall,20.0,12.0,-10.0
638,30042,8.0,1,30,0.668236,1.5287,True,False,wall,10.0,8.0,-10.0
639,30087,13.0,1,45,0.667888,1.4917,True,False,wall,10.0,13.0,-10.0
640,30135,4.0,1,48,0.667517,1.3478,True,False,wall,10.0,4.0,-10.0
641,30155,-7.0,0,20,0.667363,1.5632,True,False,wall,0.0,3.0,-10.0
642,30206,-6.0,0,51,0.66697,1.1455,True,False,wall,0.0,4.0,-10.0
643,30263,5.0,1,57,0.66653,1.293,True,False,wall,10.0,5.0,-10.0
644,30330,44.0,4,67,0.666014,1.09,True,False,wall,40.0,14.0,-10.0
645,30443,26.0,2,113,0.665145,1.3695,True,False,wall,20.0,16.0,-10.0
646,30482,-10.0,0,39,0.664845,1.2148,True,False,wall,0.0,0.0,-10.0
647,30603,11.0,1,121,0.663915,1.2381,True,False,wall,10.0,11.0,-10.0
648,30642,9.0,1,39,0.663616,1.5533,True,False,wall,10.0,9.0,-10.0
649,30750,30.0,3,108,0.662788,1.6118,True,False,wall,30.0,10.0,-10.0
650,30839,38.0,2,89,0.662107,1.6966,True,False,wall,20.0,28.0,-10.0
651,30913,14.0,1,74,0.661541,2.162,True,False,wall,10.0,14.0,-10.0
652,30961,4.0,1,48,0.661174,1.6845,True,False,wall,10.0,4.0,-10.0
653,30999,8.0,1,38,0.660884,1.3309,True,False,wall,10.0,8.0,-10.0
654,31077,27.0,2,78,0.660289,1.426,True,False,wall,20.0,17.0,-10.0
655,31186,55.0,3,109,0.659458,1.5543,True,False,body,30.0,35.0,-10.0
656,31199,-4.0,0,13,0.659359,1.3403,True,False,wall,0.0,6.0,-10.0
657,31215,10.0,1,16,0.659237,1.6082,True,False,wall,10.0,10.0,-10.0
658,31244,9.0,1,29,0.659016,1.7416,True,False,wall,10.0,9.0,-10.0
659,31279,24.0,2,35,0.65875,1.7457,True,False,wall,20.0,14.0,-10.0
660,31317,1.0,0,38,0.658461,1.2957,True,False,wall,0.0,11.0,-10.0
661,31378,28.0,2,61,0.657997,1.5151,True,False,wall,20.0,18.0,-10.0
662,31419,2.0,0,41,0.657685,1.7323,True,False,wall,0.0,12.0,-10.0
663,31515,61.0,4,96,0.656957,1.5307,True,False,body,40.0,31.0,-10.0
664,31532,-10.0,0,17,0.656828,1.2914,True,False,wall,0.0,0.0,-10.0
665,31551,7.0,1,19,0.656684,1.9054,True,False,wall,10.0,7.0,-10.0
666,31640,66.0,4,89,0.656009,2.2379,True,False,body,40.0,36.0,-10.0
667,31757,43.0,3,117,0.655123,1.9606,True,False,body,30.0,23.0,-10.0
668,31799,-7.0,0,42,0.654806,1.6892,True,False,wall,0.0,3.0,-10.0
669,31826,-4.0,0,27,0.654602,1.6537,True,False,wall,0.0,6.0,-10.0
670,31851,-4.0,0,25,0.654413,1.9307,True,False,wall,0.0,6.0,-10.0
671,31885,-2.0,1,34,0.654156,2.1221,True,False,wall,10.0,-2.0,-10.0
672,31955,35.0,2,70,0.653627,1.6884,True,False,wall,20.0,25.0,-10.0
673,32049,18.0,1,94,0.652919,1.6998,True,False,wall,10.0,18.0,-10.0
674,32095,8.0,1,46,0.652572,1.4208,True,False,wall,10.0,8.0,-10.0
675,32130,17.0,1,35,0.652308,1.5047,True,False,wall,10.0,17.0,-10.0
676,32169,17.0,1,39,0.652015,1.7372,True,False,wall,10.0,17.0,-10.0
677,32185,-5.0,0,16,0.651895,1.6304,True,False,wall,0.0,5.0,-10.0
678,32278,21.0,1,93,0.651195,1.5148,True,False,wall,10.0,21.0,-10.0
679,32299,3.0,1,21,0.651037,1.1726,True,False,wall,10.0,3.0,-10.0
680,32415,88.0,5,116,0.650167,1.3919,True,False,wall,50.0,48.0,-10.0
681,32515,52.0,3,100,0.649417,1.4693,True,False,wall,30.0,32.0,-10.0
682,32551,8.0,1,36,0.649147,1.4982,True,False,wall,10.0,8.0,-10.0
683,32629,35.0,2,78,0.648563,1.6578,True,False,wall,20.0,25.0,-10.0
684,32696,35.0,3,67,0.648062,1.2683,True,False,wall,30.0,15.0,-10.0
685,32748,14.0,1,52,0.647674,1.3401,True,False,wall,10.0,14.0,-10.0
686,32793,-8.0,0,45,0.647337,1.3135,True,False,wall,0.0,2.0,-10.0
687,32886,45.0,3,93,0.646643,1.791,True,False,wall,30.0,25.0,-10.0
688,32906,6.0,1,20,0.646494,1.3496,True,False,wall,10.0,6.0,-10.0
689,32965,18.0,2,59,0.646055,1.4892,True,False,wall,20.0,8.0,-10.0
690,32998,7.0,1,33,0.645809,1.6973,True,False,wall,10.0,7.0,-10.0
691,33062,25.0,2,64,0.645332,1.5217,True,False,wall,20.0,15.0,-10.0
692,33155,60.0,4,93,0.644641,1.4859,True,False,body,40.0,30.0,-10.0
693,33322,43.0,3,167,0.643401,1.6458,True,False,wall,30.0,23.0,-10.0
694,33447,55.0,3,125,0.642474,1.9733,True,False,wall,30.0,35.0,-10.0
695,33513,23.0,2,66,0.641986,1.6332,True,False,wall,20.0,13.0,-10.0
696,33654,69.0,5,141,0.640943,1.5871,True,False,body,50.0,29.0,-10.0
697,33671,-6.0,0,17,0.640818,1.0923,True,False,wall,0.0,4.0,-10.0
698,33724,-4.0,0,53,0.640426,2.014,True,False,wall,0.0,6.0,-10.0
699,33794,41.0,2,70,0.63991,1.2827,True,False,wall,20.0,31.0,-10.0
700,33895,56.0,4,101,0.639166,1.3738,True,False,body,40.0,26.0,-10.0
701,33942,9.0,1,47,0.63882,1.5126,True,False,wall,10.0,9.0,-10.0
702,34022,49.0,2,80,0.638231,1.5542,True,False,wall,20.0,39.0,-10.0
703,34055,13.0,1,33,0.637988,1.164,True,False,wall,10.0,13.0,-10.0
704,34108,23.0,1,53,0.637599,1.6066,True,False,wall,10.0,23.0,-10.0
705,34152,12.0,1,44,0.637276,1.1704,True,False,wall,10.0,12.0,-10.0
706,34170,-7.0,0,18,0.637144,1.109,True,False,wall,0.0,3.0,-10.0
707,34201,-2.0,0,31,0.636916,0.9454,True,False,wall,0.0,8.0,-10.0
708,34289,63.0,4,88,0.636271,1.3733,True,False,body,40.0,33.0,-10.0
709,34305,-9.0,0,16,0.636154,1.6493,True,False,wall,0.0,1.0,-10.0
710,34383,38.0,3,78,0.635583,1.6937,True,False,wall,30.0,18.0,-10.0
711,34485,36.0,3,102,0.634836,1.4066,True,False,wall,30.0,16.0,-10.0
712,34504,12.0,2,19,0.634698,1.7445,True,False,wall,20.0,2.0,-10.0
713,34603,68.0,4,99,0.633974,1.6301,True,False,body,40.0,38.0,-10.0
714,34688,39.0,3,85,0.633354,1.9751,True,False,body,30.0,19.0,-10.0
715,34758,36.0,3,70,0.632844,1.6912,True,False,wall,30.0,16.0,-10.0
716,34828,26.0,3,70,0.632334,1.9758,True,False,wall,30.0,6.0,-10.0
717,34899,19.0,1,71,0.631818,1.7775,True,False,wall,10.0,19.0,-10.0
718,34998,37.0,3,99,0.631098,1.5368,True,False,body,30.0,17.0,-10.0
719,35013,11.0,1,15,0.630989,1.7776,True,False,wall,10.0,11.0,-10.0
720,35029,6.0,1,16,0.630873,1.1368,True,False,wall,10.0,6.0,-10.0
721,35141,67.0,4,112,0.63006,1.4003,True,False,wall,40.0,37.0,-10.0
722,35166,9.0,1,25,0.629879,1.1969,True,False,wall,10.0,9.0,-10.0
723,35208,-7.0,0,42,0.629575,1.1641,True,False,wall,0.0,3.0,-10.0
724,35225,-2.0,0,17,0.629452,1.7923,True,False,wall,0.0,8.0,-10.0
725,35324,53.0,3,99,0.628735,1.3588,True,False,body,30.0,33.0,-10.0
726,35376,-5.0,0,52,0.628359,1.04,True,False,wall,0.0,5.0,-10.0
727,35493,84.0,4,117,0.627514,1.3151,True,False,wall,40.0,54.0,-10.0
728,35578,47.0,3,85,0.6269,1.4905,True,False,wall,30.0,27.0,-10.0
729,35707,66.0,4,129,0.625971,1.418,True,False,body,40.0,36.0,-10.0
730,35762,37.0,3,55,0.625575,1.7794,True,False,body,30.0,17.0,-10.0
731,35862,72.0,5,100,0.624856,1.4684,True,False,body,50.0,32.0,-10.0
732,35910,23.0,2,48,0.624511,1.2484,True,False,wall,20.0,13.0,-10.0
733,35979,19.0,1,69,0.624016,1.8827,True,False,wall,10.0,19.0,-10.0
734,36004,-6.0,0,25,0.623837,1.2774,True,False,wall,0.0,4.0,-10.0
735,36025,-8.0,0,21,0.623686,1.4235,True,False,wall,0.0,2.0,-10.0
736,36067,1.0,0,42,0.623385,1.5513,True,False,wall,0.0,11.0,-10.0
737,36079,-13.0,0,12,0.623299,2.229,True,False,wall,0.0,-3.0,-10.0
738,36128,17.0,1,49,0.622948,1.4133,True,False,wall,10.0,17.0,-10.0
739,36192,37.0,2,64,0.62249,1.8037,True,False,wall,20.0,27.0,-10.0
740,36271,26.0,2,79,0.621925,1.3706,True,False,wall,20.0,16.0,-10.0
741,36335,32.0,3,64,0.621467,1.7397,True,False,body,30.0,12.0,-10.0
742,36405,44.0,3,70,0.620967,1.551,True,False,body,30.0,24.0,-10.0
743,36420,-8.0,0,15,0.62086,1.9253,True,False,wall,0.0,2.0,-10.0
744,36483,36.0,2,63,0.620411,1.8103,True,False,wall,20.0,26.0,-10.0
745,36584,80.0,6,101,0.619691,1.9114,True,False,wall,60.0,30.0,-10.0
746,36598,8.0,1,14,0.619592,1.2359,True,False,wall,10.0,8.0,-10.0
747,36620,-7.0,0,22,0.619435,1.2705,True,False,wall,0.0,3.0,-10.0
748,36657,14.0,2,37,0.619172,1.9502,True,False,wall,20.0,4.0,-10.0
749,36698,2.0,0,41,0.61888,1.7399,True,False,wall,0.0,12.0,-10.0
750,36733,7.0,1,35,0.618631,1.5017,True,False,wall,10.0,7.0,-10.0
751,36777,-5.0,0,44,0.618319,1.4005,True,False,wall,0.0,5.0,-10.0
752,36835,42.0,3,58,0.617907,1.7544,True,False,body,30.0,22.0,-10.0
753,36845,2.0,1,10,0.617836,1.6131,True,False,wall,10.0,2.0,-10.0
754,36923,19.0,2,78,0.617282,1.5117,True,False,wall,20.0,9.0,-10.0
755,36944,11.0,1,21,0.617134,1.4275,True,False,wall,10.0,11.0,-10.0
756,37016,-2.0,1,72,0.616623,1.4335,True,False,wall,10.0,-2.0,-10.0
757,37030,8.0,1,14,0.616524,1.1988,True,False,wall,10.0,8.0,-10.0
758,37079,13.0,1,49,0.616177,1.9576,True,False,wall,10.0,13.0,-10.0
759,37148,47.0,3,69,0.615689,1.6269,True,False,wall,30.0,27.0,-10.0
760,37273,37.0,3,125,0.614806,1.4934,True,False,wall,30.0,17.0,-10.0
761,37314,21.0,1,41,0.614517,1.4075,True,False,wall,10.0,21.0,-10.0
762,37325,-6.0,0,11,0.614439,1.5242,True,False,wall,0.0,4.0,-10.0
763,37341,17.0,2,16,0.614326,1.5164,True,False,wall,20.0,7.0,-10.0
764,37366,0.0,0,25,0.61415,1.3477,True,False,wall,0.0,10.0,-10.0
765,37444,13.0,2,78,0.6136,1.3719,True,False,wall,20.0,3.0,-10.0
766,37457,-8.0,0,13,0.613508,1.4718,True,False,wall,0.0,2.0,-10.0
767,37509,10.0,1,52,0.613142,1.1782,True,False,wall,10.0,10.0,-10.0
768,37625,48.0,3,116,0.612326,1.4005,True,False,wall,30.0,28.0,-10.0
769,37695,33.0,2,70,0.611834,1.487,True,False,wall,20.0,23.0,-10.0
770,37735,17.0,2,40,0.611554,1.7202,True,False,wall,20.0,7.0,-10.0
771,37750,9.0,1,15,0.611448,1.3757,True,False,wall,10.0,9.0,-10.0
772,37804,14.0,1,54,0.611069,1.6661,True,False,wall,10.0,14.0,-10.0
773,37928,75.0,4,124,0.610201,1.4807,True,False,wall,40.0,45.0,-10.0
774,37953,-6.0,0,25,0.610025,1.4499,True,False,wall,0.0,4.0,-10.0
775,37987,14.0,1,34,0.609788,1.3979,True,False,wall,10.0,14.0,-10.0
776,38027,21.0,2,40,0.609508,1.272,True,False,wall,20.0,11.0,-10.0
777,38050,9.0,1,23,0.609347,1.3047,True,False,wall,10.0,9.0,-10.0
778,38096,21.0,2,46,0.609025,1.2639,True,False,wall,20.0,11.0,-10.0
779,38166,29.0,2,70,0.608536,1.3298,True,False,wall,20.0,19.0,-10.0
780,38249,43.0,3,83,0.607957,1.1605,True,False,body,30.0,23.0,-10.0
781,38341,44.0,3,92,0.607316,1.2261,True,False,body,30.0,24.0,-10.0
782,38409,38.0,3,68,0.606842,1.557,True,False,wall,30.0,18.0,-10.0
783,38457,6.0,1,48,0.606508,1.2941,True,False,wall,10.0,6.0,-10.0
784,38556,63.0,3,99,0.60582,1.5075,True,False,body,30.0,43.0,-10.0
785,38630,51.0,4,74,0.605306,1.3949,True,False,wall,40.0,21.0,-10.0
786,38660,-7.0,0,30,0.605098,1.3031,True,False,wall,0.0,3.0,-10.0
787,38677,-2.0,0,17,0.60498,1.4166,True,False,wall,0.0,8.0,-10.0
788,38754,11.0,1,77,0.604446,1.233,True,False,wall,10.0,11.0,-10.0
789,38908,37.0,2,154,0.60338,1.3591,True,False,wall,20.0,27.0,-10.0
790,38923,11.0,1,15,0.603276,0.9949,True,False,wall,10.0,11.0,-10.0
791,39012,45.0,3,89,0.602661,1.1768,True,False,wall,30.0,25.0,-10.0
792,39104,40.0,3,92,0.602026,1.102,True,False,wall,30.0,20.0,-10.0
793,39186,62.0,5,82,0.60146,1.1454,True,False,body,50.0,22.0,-10.0
794,39230,33.0,2,44,0.601157,1.2248,True,False,wall,20.0,23.0,-10.0
795,39273,20.0,2,43,0.600861,1.0225,True,False,wall,20.0,10.0,-10.0
796,39366,64.0,4,93,0.600221,1.1171,True,False,body,40.0,34.0,-10.0
797,39414,6.0,1,48,0.599891,1.1325,True,False,wall,10.0,6.0,-10.0
798,39424,-5.0,0,10,0.599822,1.5099,True,False,wall,0.0,5.0,-10.0
799,39435,-6.0,0,11,0.599747,1.5907,True,False,wall,0.0,4.0,-10.0
800,39471,-1.0,0,36,0.599499,1.2917,True,False,wall,0.0,9.0,-10.0
801,39507,18.0,1,36,0.599252,1.9539,True,False,wall,10.0,18.0,-10.0
802,39534,0.0,0,27,0.599067,1.9116,True,False,wall,0.0,10.0,-10.0
803,39566,43.0,4,32,0.598847,1.5622,True,False,body,40.0,13.0,-10.0
804,39580,8.0,1,14,0.598751,1.6495,True,False,wall,10.0,8.0,-10.0
805,39597,0.0,0,17,0.598634,1.6788,True,False,wall,0.0,10.0,-10.0
806,39636,21.0,1,39,0.598367,1.5199,True,False,wall,10.0,21.0,-10.0
807,39738,62.0,3,102,0.597668,1.582,True,False,wall,30.0,42.0,-10.0
808,39792,-5.0,0,54,0.597299,1.2901,True,False,wall,0.0,5.0,-10.0
809,39819,11.0,1,27,0.597114,1.2543,True,False,wall,10.0,11.0,-10.0
810,39836,-6.0,0,17,0.596998,1.1136,True,False,wall,0.0,4.0,-10.0
811,39896,40.0,3,60,0.596588,1.449,True,False,wall,30.0,20.0,-10.0
812,39918,-3.0,0,22,0.596437,1.5149,True,False,wall,0.0,7.0,-10.0
813,40034,37.0,2,116,0.595646,1.677,True,False,wall,20.0,27.0,-10.0
814,40069,11.0,1,35,0.595407,1.2096,True,False,wall,10.0,11.0,-10.0
815,40124,40.0,2,55,0.595032,1.2482,True,False,wall,20.0,30.0,-10.0
816,40138,6.0,1,14,0.594937,1.0287,True,False,wall,10.0,6.0,-10.0
817,40219,51.0,3,81,0.594385,1.2546,True,False,body,30.0,31.0,-10.0
818,40257,-1.0,0,38,0.594127,1.2273,True,False,wall,0.0,9.0,-10.0
819,40366,45.0,3,109,0.593386,1.2183,True,False,body,30.0,25.0,-10.0
820,40422,38.0,3,56,0.593006,1.2587,True,False,body,30.0,18.0,-10.0
821,40450,21.0,2,28,0.592816,0.9146,True,False,wall,20.0,11.0,-10.0
822,40507,43.0,3,57,0.592429,1.2595,True,False,body,30.0,23.0,-10.0
823,40534,13.0,1,27,0.592246,1.5623,True,False,wall,10.0,13.0,-10.0
824,40613,50.0,4,79,0.591711,1.1816,True,False,body,40.0,20.0,-10.0
825,40729,65.0,4,116,0.590926,0.9844,True,False,wall,40.0,35.0,-10.0
826,40812,47.0,3,83,0.590365,1.0022,True,False,body,30.0,27.0,-10.0
827,40855,34.0,2,43,0.590075,1.3591,True,False,wall,20.0,24.0,-10.0
828,40892,24.0,2,37,0.589825,1.4241,True,False,wall,20.0,14.0,-10.0
829,40958,46.0,3,66,0.58938,1.1286,True,False,wall,30.0,26.0,-10.0
830,41010,10.0,1,52,0.589029,1.3078,True,False,wall,10.0,10.0,-10.0
831,41036,1.0,0,26,0.588854,1.4926,True,False,wall,0.0,11.0,-10.0
832,41132,52.0,5,96,0.588208,1.1564,True,False,body,50.0,12.0,-10.0
833,41178,44.0,3,46,0.587898,1.4453,True,False,wall,30.0,24.0,-10.0
834,41220,8.0,1,42,0.587616,1.0057,True,False,wall,10.0,8.0,-10.0
835,41230,-5.0,0,10,0.587549,1.9329,True,False,wall,0.0,5.0,-10.0
836,41315,53.0,3,85,0.586978,1.2264,True,False,body,30.0,33.0,-10.0
837,41365,8.0,1,50,0.586643,1.4541,True,False,wall,10.0,8.0,-10.0
838,41404,5.0,1,39,0.586381,1.3119,True,False,wall,10.0,5.0,-10.0
839,41432,27.0,2,28,0.586193,1.0583,True,False,wall,20.0,17.0,-10.0
840,41445,9.0,1,13,0.586106,1.0836,True,False,wall,10.0,9.0,-10.0
841,41476,11.0,1,31,0.585898,1.2376,True,False,wall,10.0,11.0,-10.0
842,41497,-6.0,0,21,0.585758,0.9266,True,False,wall,0.0,4.0,-10.0
843,41571,27.0,2,74,0.585262,1.0693,True,False,wall,20.0,17.0,-10.0
844,41656,25.0,1,85,0.584694,1.181,True,False,wall,10.0,25.0,-10.0
845,41676,6.0,1,20,0.58456,1.1109,True,False,wall,10.0,6.0,-10.0
846,41717,-1.0,1,41,0.584287,1.6459,True,False,wall,10.0,-1.0,-10.0
847,41786,63.0,5,69,0.583826,1.652,True,False,body,50.0,23.0,-10.0
848,41891,49.0,3,105,0.583126,1.1948,True,False,body,30.0,29.0,-10.0
849,41902,-6.0,0,11,0.583052,1.2499,True,False,wall,0.0,4.0,-10.0
850,41937,-10.0,0,35,0.582819,1.1626,True,False,wall,0.0,0.0,-10.0
851,41987,6.0,1,50,0.582486,1.2694,True,False,wall,10.0,6.0,-10.0
852,42121,55.0,4,134,0.581595,1.4526,True,False,body,40.0,25.0,-10.0
853,42284,81.0,5,163,0.580513,1.5652,True,False,wall,50.0,41.0,-10.0
854,42301,9.0,1,17,0.5804,1.4162,True,False,wall,10.0,9.0,-10.0
855,42320,0.0,0,19,0.580274,1.0471,True,False,wall,0.0,10.0,-10.0
856,42331,-6.0,0,11,0.580202,1.2295,True,False,wall,0.0,4.0,-10.0
857,42386,20.0,2,55,0.579837,0.938,True,False,wall,20.0,10.0,-10.0
858,42447,49.0,3,61,0.579433,0.9647,True,False,body,30.0,29.0,-10.0
859,42509,27.0,2,62,0.579023,1.1977,True,False,wall,20.0,17.0,-10.0
860,42591,48.0,3,82,0.578481,1.0964,True,False,body,30.0,28.0,-10.0
861,42659,-1.0,0,68,0.578032,1.2794,True,False,wall,0.0,9.0,-10.0
862,42678,7.0,1,19,0.577907,1.3163,True,False,wall,10.0,7.0,-10.0
863,42700,14.0,1,22,0.577762,0.9648,True,False,wall,10.0,14.0,-10.0
864,42757,32.0,2,57,0.577386,1.1566,True,False,wall,20.0,22.0,-10.0
865,42786,15.0,1,29,0.577195,1.0432,True,False,wall,10.0,15.0,-10.0
866,42804,-5.0,0,18,0.577076,1.0258,True,False,wall,0.0,5.0,-10.0
867,42828,10.0,1,24,0.576918,1.081,True,False,wall,10.0,10.0,-10.0
868,42893,49.0,3,65,0.57649,1.0349,True,False,wall,30.0,29.0,-10.0
869,42923,10.0,1,30,0.576293,1.0926,True,False,wall,10.0,10.0,-10.0
870,43005,14.0,1,82,0.575753,0.9436,True,False,wall,10.0,14.0,-10.0
871,43081,55.0,4,76,0.575254,0.9142,True,False,body,40.0,25.0,-10.0
872,43171,44.0,3,90,0.574664,0.8946,True,False,body,30.0,24.0,-10.0
873,43244,86.0,6,73,0.574185,0.9631,True,False,body,60.0,36.0,-10.0
874,43270,8.0,1,26,0.574015,1.2032,True,False,wall,10.0,8.0,-10.0
875,43380,27.0,2,110,0.573295,1.0739,True,False,wall,20.0,17.0,-10.0
876,43444,27.0,2,64,0.572876,1.126,True,False,wall,20.0,17.0,-10.0
877,43471,9.0,1,27,0.5727,0.9819,True,False,wall,10.0,9.0,-10.0
878,43526,9.0,1,55,0.572341,1.081,True,False,wall,10.0,9.0,-10.0
879,43614,80.0,5,88,0.571766,1.4433,True,False,body,50.0,40.0,-10.0
880,43659,22.0,2,45,0.571473,1.357,True,False,wall,20.0,12.0,-10.0
881,43729,44.0,3,70,0.571017,2.0546,True,False,wall,30.0,24.0,-10.0
882,43752,9.0,1,23,0.570867,1.3205,True,False,wall,10.0,9.0,-10.0
883,43781,13.0,1,29,0.570678,1.6675,True,False,wall,10.0,13.0,-10.0
884,43827,50.0,3,46,0.570379,1.6435,True,False,wall,30.0,30.0,-10.0
885,43894,28.0,2,67,0.569943,1.5185,True,False,wall,20.0,18.0,-10.0
886,43949,-12.0,0,55,0.569586,1.3381,True,False,wall,0.0,-2.0,-10.0
887,43960,-6.0,0,11,0.569515,0.9195,True,False,wall,0.0,4.0,-10.0
888,43969,7.0,1,9,0.569456,1.0381,True,False,wall,10.0,7.0,-10.0
889,44014,9.0,1,45,0.569164,1.1074,True,False,wall,10.0,9.0,-10.0
890,44043,15.0,1,29,0.568976,1.0771,True,False,wall,10.0,15.0,-10.0
891,44074,5.0,1,31,0.568775,1.107,True,False,wall,10.0,5.0,-10.0
892,44116,36.0,3,42,0.568502,0.9037,True,False,wall,30.0,16.0,-10.0
893,44132,-1.0,0,16,0.568399,1.5072,True,False,wall,0.0,9.0,-10.0
894,44166,8.0,1,34,0.568178,2.1402,True,False,wall,10.0,8.0,-10.0
895,44206,10.0,1,40,0.567919,1.3981,True,False,wall,10.0,10.0,-10.0
896,44248,31.0,2,42,0.567648,1.302,True,False,wall,20.0,21.0,-10.0
897,44276,-3.0,0,28,0.567466,1.3182,True,False,wall,0.0,7.0,-10.0
898,44333,45.0,3,57,0.567098,0.9623,True,False,body,30.0,25.0,-10.0
899,44362,22.0,2,29,0.566911,0.9709,True,False,wall,20.0,12.0,-10.0
900,44398,6.0,1,36,0.566678,0.995,True,False,wall,10.0,6.0,-10.0
901,44517,75.0,5,119,0.56591,1.1797,True,False,body,50.0,35.0,-10.0
902,44531,-3.0,0,14,0.56582,1.2804,True,False,wall,0.0,7.0,-10.0
903,44569,51.0,4,38,0.565575,1.388,True,False,wall,40.0,21.0,-10.0
904,44592,-10.0,0,23,0.565427,1.2286,True,False,wall,0.0,0.0,-10.0
905,44637,15.0,1,45,0.565137,1.001,True,False,wall,10.0,15.0,-10.0
906,44649,-1.0,0,12,0.565059,1.2131,True,False,wall,0.0,9.0,-10.0
907,44671,1.0,0,22,0.564918,1.1689,True,False,wall,0.0,11.0,-10.0
908,44737,42.0,3,66,0.564493,1.3168,True,False,body,30.0,22.0,-10.0
909,44825,58.0,3,88,0.563928,1.3661,True,False,body,30.0,38.0,-10.0
910,44891,38.0,3,66,0.563504,1.557,True,False,body,30.0,18.0,-10.0
911,44921,23.0,2,30,0.563311,1.3381,True,False,wall,20.0,13.0,-10.0
912,44983,23.0,2,62,0.562914,1.6916,True,False,wall,20.0,13.0,-10.0
913,45011,10.0,1,28,0.562734,1.5016,True,False,wall,10.0,10.0,-10.0
914,45026,11.0,1,15,0.562638,2.0564,True,False,wall,10.0,11.0,-10.0
915,45050,-1.0,0,24,0.562484,1.6448,True,False,wall,0.0,9.0,-10.0
916,45147,26.0,2,97,0.561863,1.0685,True,False,wall,20.0,16.0,-10.0
917,45166,-2.0,0,19,0.561742,0.9334,True,False,wall,0.0,8.0,-10.0
918,45228,36.0,3,62,0.561345,1.0934,True,False,body,30.0,16.0,-10.0
919,45297,39.0,3,69,0.560904,1.5329,True,False,wall,30.0,19.0,-10.0
920,45390,49.0,3,93,0.560311,1.1997,True,False,wall,30.0,29.0,-10.0
921,45482,56.0,3,92,0.559724,1.3386,True,False,body,30.0,36.0,-10.0
922,45538,26.0,1,56,0.559368,1.4909,True,False,wall,10.0,26.0,-10.0
923,45583,9.0,1,45,0.559081,1.3392,True,False,wall,10.0,9.0,-10.0
924,45594,7.0,1,11,0.559011,1.298,True,False,wall,10.0,7.0,-10.0
925,45605,-8.0,0,11,0.558941,1.1847,True,False,wall,0.0,2.0,-10.0
926,45645,0.0,1,40,0.558687,1.7604,True,False,wall,10.0,0.0,-10.0
927,45673,6.0,1,28,0.558509,1.1465,True,False,wall,10.0,6.0,-10.0
928,45727,49.0,4,54,0.558166,1.7453,True,False,wall,40.0,19.0,-10.0
929,45755,32.0,3,28,0.557988,1.9475,True,False,wall,30.0,12.0,-10.0
930,45797,36.0,3,42,0.557721,1.3498,True,False,body,30.0,16.0,-10.0
931,45863,34.0,3,66,0.557302,1.5662,True,False,wall,30.0,14.0,-10.0
932,45976,70.0,4,113,0.556586,1.2742,True,False,wall,40.0,40.0,-10.0
933,45997,7.0,1,21,0.556453,1.2519,True,False,wall,10.0,7.0,-10.0
934,46011,-7.0,0,14,0.556365,1.6517,True,False,wall,0.0,3.0,-10.0
935,46032,3.0,1,21,0.556232,1.5863,True,False,wall,10.0,3.0,-10.0
936,46069,35.0,3,37,0.555998,1.1732,True,False,body,30.0,15.0,-10.0
937,46143,51.0,4,74,0.55553,1.2309,True,False,body,40.0,21.0,-10.0
938,46211,61.0,4,68,0.5551,1.2968,True,False,body,40.0,31.0,-10.0
939,46256,22.0,2,45,0.554816,1.8166,True,False,wall,20.0,12.0,-10.0
940,46271,-2.0,0,15,0.554722,1.163,True,False,wall,0.0,8.0,-10.0
941,46345,46.0,3,74,0.554255,1.0429,True,False,body,30.0,26.0,-10.0
942,46416,63.0,3,71,0.553808,0.9705,True,False,wall,30.0,43.0,-10.0
943,46436,10.0,1,20,0.553682,0.8526,True,False,wall,10.0,10.0,-10.0
944,46476,35.0,2,40,0.55343,1.9746,True,False,wall,20.0,25.0,-10.0
945,46502,-13.0,0,26,0.553266,2.6387,True,False,wall,0.0,-3.0,-10.0
946,46528,-7.0,0,26,0.553103,2.2532,True,False,wall,0.0,3.0,-10.0
947,46595,15.0,1,67,0.552682,1.6397,True,False,wall,10.0,15.0,-10.0
948,46699,57.0,4,104,0.552029,1.3473,True,False,wall,40.0,27.0,-10.0
949,46726,26.0,2,27,0.551859,1.4518,True,False,wall,20.0,16.0,-10.0
950,46773,39.0,3,47,0.551565,1.8899,True,False,wall,30.0,19.0,-10.0
951,46829,39.0,2,56,0.551214,1.2186,True,False,wall,20.0,29.0,-10.0
952,46891,42.0,3,62,0.550825,1.7388,True,False,body,30.0,22.0,-10.0
953,46944,30.0,2,53,0.550494,1.1638,True,False,wall,20.0,20.0,-10.0
954,46963,-1.0,1,19,0.550375,0.9641,True,False,wall,10.0,-1.0,-10.0
955,47030,26.0,2,67,0.549956,0.9567,True,False,wall,20.0,16.0,-10.0
956,47047,7.0,1,17,0.54985,0.9312,True,False,wall,10.0,7.0,-10.0
957,47082,33.0,3,35,0.549631,1.2998,True,False,wall,30.0,13.0,-10.0
958,47157,34.0,2,75,0.549163,1.2152,True,False,wall,20.0,24.0,-10.0
959,47198,37.0,3,41,0.548907,1.2206,True,False,wall,30.0,17.0,-10.0
960,47225,27.0,3,27,0.548739,1.6312,True,False,wall,30.0,7.0,-10.0
961,47268,54.0,4,43,0.548471,1.4808,True,False,body,40.0,24.0,-10.0
962,47287,-4.0,0,19,0.548352,1.6663,True,False,wall,0.0,6.0,-10.0
963,47308,-2.0,0,21,0.548222,1.4541,True,False,wall,0.0,8.0,-10.0
964,47323,18.0,2,15,0.548128,1.1885,True,False,wall,20.0,8.0,-10.0
965,47469,121.0,6,146,0.54722,1.1653,True,False,wall,60.0,71.0,-10.0
966,47505,-11.0,0,36,0.546996,1.6956,True,False,wall,0.0,-1.0,-10.0
967,47560,5.0,1,55,0.546655,1.3139,True,False,wall,10.0,5.0,-10.0
968,47625,9.0,1,65,0.546251,1.3009,True,False,wall,10.0,9.0,-10.0
969,47685,31.0,2,60,0.545879,1.2022,True,False,wall,20.0,21.0,-10.0
970,47710,11.0,1,25,0.545724,1.8914,True,False,wall,10.0,11.0,-10.0
971,47734,10.0,1,24,0.545576,1.6867,True,False,wall,10.0,10.0,-10.0
972,47821,51.0,3,87,0.545037,1.0142,True,False,wall,30.0,31.0,-10.0
973,47847,36.0,3,26,0.544876,1.1637,True,False,body,30.0,16.0,-10.0
974,47933,80.0,5,86,0.544344,1.1201,True,False,body,50.0,40.0,-10.0
975,48010,53.0,3,77,0.543869,1.0269,True,False,body,30.0,33.0,-10.0
976,48036,-7.0,0,26,0.543708,1.0689,True,False,wall,0.0,3.0,-10.0
977,48141,60.0,4,105,0.543061,1.3002,True,False,body,40.0,30.0,-10.0
978,48183,20.0,1,42,0.542802,1.1171,True,False,wall,10.0,20.0,-10.0
979,48259,33.0,2,76,0.542334,1.3473,True,False,wall,20.0,23.0,-10.0
980,48334,52.0,4,75,0.541873,1.0359,True,False,wall,40.0,22.0,-10.0
981,48426,59.0,4,92,0.541307,1.247,True,False,wall,40.0,29.0,-10.0
982,48461,13.0,1,35,0.541092,1.2691,True,False,wall,10.0,13.0,-10.0
983,48496,0.0,0,35,0.540878,0.9252,True,False,wall,0.0,10.0,-10.0
984,48512,1.0,0,16,0.540779,0.9531,True,False,wall,0.0,11.0,-10.0
985,48527,18.0,2,15,0.540687,0.8738,True,False,wall,20.0,8.0,-10.0
986,48572,19.0,1,45,0.540411,0.8726,True,False,wall,10.0,19.0,-10.0
987,48613,43.0,3,41,0.54016,1.0925,True,False,body,30.0,23.0,-10.0
988,48637,21.0,2,24,0.540013,1.8687,True,False,wall,20.0,11.0,-10.0
989,48703,33.0,2,66,0.539609,1.2951,True,False,wall,20.0,23.0,-10.0
990,48722,-2.0,0,19,0.539493,1.6098,True,False,wall,0.0,8.0,-10.0
991,48745,24.0,2,23,0.539352,1.9996,True,False,wall,20.0,14.0,-10.0
992,48776,20.0,2,31,0.539163,1.4635,True,False,wall,20.0,10.0,-10.0
993,48794,6.0,1,18,0.539052,1.4769,True,False,wall,10.0,6.0,-10.0
994,48871,51.0,3,77,0.538582,1.4491,True,False,body,30.0,31.0,-10.0
995,48974,98.0,6,103,0.537953,1.3051,True,False,wall,60.0,48.0,-10.0
996,49031,11.0,1,57,0.537606,0.859,True,False,wall,10.0,11.0,-10.0
997,49080,40.0,2,49,0.537307,0.8673,True,False,wall,20.0,30.0,-10.0
998,49197,53.0,3,117,0.536595,0.8557,True,False,wall,30.0,33.0,-10.0
999,49250,45.0,3,53,0.536273,0.8935,True,False,body,30.0,25.0,-10.0
1000,49300,44.0,3,50,0.535969,0.8481,True,False,wall,30.0,24.0,-10.0
1001,49349,34.0,2,49,0.535671,0.8654,True,False,wall,20.0,24.0,-10.0
1002,49391,25.0,2,42,0.535416,3.2138,True,False,wall,20.0,15.0,-10.0
1003,49440,45.0,3,49,0.535119,2.2342,True,False,wall,30.0,25.0,-10.0
1004,49491,20.0,2,51,0.53481,2.033,True,False,wall,20.0,10.0,-10.0
1005,49504,7.0,1,13,0.534731,2.0098,True,False,wall,10.0,7.0,-10.0
1006,49527,13.0,1,23,0.534592,1.5679,True,False,wall,10.0,13.0,-10.0
1007,49565,18.0,1,38,0.534362,1.9053,True,False,wall,10.0,18.0,-10.0
1008,49607,10.0,1,42,0.534108,1.4906,True,False,wall,10.0,10.0,-10.0
1009,49654,22.0,2,47,0.533823,1.4513,True,False,wall,20.0,12.0,-10.0
1010,49716,38.0,3,62,0.533448,1.0278,True,False,wall,30.0,18.0,-10.0
1011,49799,38.0,2,83,0.532947,1.2825,True,False,wall,20.0,28.0,-10.0
1012,49836,11.0,1,37,0.532724,1.6085,True,False,wall,10.0,11.0,-10.0
1013,49884,10.0,1,48,0.532434,1.3479,True,False,wall,10.0,10.0,-10.0
1014,49949,85.0,5,65,0.532042,1.8738,True,False,wall,50.0,45.0,-10.0
1015,50042,51.0,3,93,0.531482,1.3055,True,False,wall,30.0,31.0,-10.0
1016,50068,29.0,2,26,0.531326,1.7326,True,False,wall,20.0,19.0,-10.0
1017,50094,16.0,1,26,0.53117,2.271,True,False,wall,10.0,16.0,-10.0
1018,50191,43.0,3,97,0.530587,3.0019,True,False,wall,30.0,23.0,-10.0
1019,50299,54.0,3,108,0.529938,1.5203,True,False,wall,30.0,34.0,-10.0
1020,50322,28.0,2,23,0.5298,1.028,True,False,wall,20.0,18.0,-10.0
1021,50384,58.0,3,62,0.529428,1.4247,True,False,body,30.0,38.0,-10.0
1022,50449,43.0,3,65,0.529039,1.4417,True,False,body,30.0,23.0,-10.0
1023,50524,70.0,4,75,0.52859,1.0778,True,False,wall,40.0,40.0,-10.0
1024,50573,47.0,3,49,0.528297,1.1666,True,False,wall,30.0,27.0,-10.0
1025,50597,4.0,1,24,0.528154,2.1201,True,False,wall,10.0,4.0,-10.0
1026,50668,26.0,2,71,0.52773,1.2274,True,False,wall,20.0,16.0,-10.0
1027,50716,10.0,1,48,0.527443,1.0398,True,False,wall,10.0,10.0,-10.0
1028,50785,54.0,4,69,0.527031,0.826,True,False,body,40.0,24.0,-10.0
1029,50879,52.0,3,94,0.526471,0.8453,True,False,body,30.0,32.0,-10.0
1030,50899,-15.0,0,20,0.526352,2.7125,True,False,wall,0.0,-5.0,-10.0
1031,50919,10.0,1,20,0.526233,2.0053,True,False,wall,10.0,10.0,-10.0
1032,50987,59.0,4,68,0.525828,1.9969,True,False,wall,40.0,29.0,-10.0
1033,51044,43.0,3,57,0.525489,1.0573,True,False,body,30.0,23.0,-10.0
1034,51053,-2.0,0,9,0.525436,1.1256,True,False,wall,0.0,8.0,-10.0
1035,51103,27.0,2,50,0.525139,0.9918,True,False,wall,20.0,17.0,-10.0
1036,51129,36.0,3,26,0.524985,0.75,True,False,wall,30.0,16.0,-10.0
1037,51224,72.0,4,95,0.524421,0.8991,True,False,body,40.0,42.0,-10.0
1038,51297,34.0,2,73,0.523988,1.2452,True,False,wall,20.0,24.0,-10.0
1039,51366,51.0,3,69,0.523579,1.3916,True,False,body,30.0,31.0,-10.0
1040,51450,45.0,2,84,0.523082,1.1418,True,False,wall,20.0,35.0,-10.0
1041,51530,48.0,3,80,0.52261,1.1723,True,False,wall,30.0,28.0,-10.0
1042,51567,29.0,3,37,0.522391,1.1755,True,False,body,30.0,9.0,-10.0
1043,51589,-1.0,0,22,0.522261,1.0893,True,False,wall,0.0,9.0,-10.0
1044,51620,20.0,2,31,0.522078,4.9914,True,False,wall,20.0,10.0,-10.0
1045,51736,43.0,2,116,0.521394,4.2004,True,False,wall,20.0,33.0,-10.0
1046,51826,58.0,3,90,0.520864,2.4803,True,False,wall,30.0,38.0,-10.0
1047,51852,-3.0,0,26,0.520711,2.6436,True,False,wall,0.0,7.0,-10.0
1048,51912,21.0,2,60,0.520358,2.0813,True,False,wall,20.0,11.0,-10.0
1049,51926,-7.0,0,14,0.520276,2.2916,True,False,wall,0.0,3.0,-10.0
1050,51968,10.0,1,42,0.520029,2.2863,True,False,wall,10.0,10.0,-10.0
1051,51988,8.0,1,20,0.519912,2.3066,True,False,wall,10.0,8.0,-10.0
1052,52007,-6.0,0,19,0.5198,2.0247,True,False,wall,0.0,4.0,-10.0
1053,52065,40.0,3,58,0.51946,1.7882,True,False,body,30.0,20.0,-10.0
1054,52145,66.0,5,80,0.51899,1.5248,True,False,body,50.0,26.0,-10.0
1055,52239,101.0,6,94,0.51844,1.2883,True,False,wall,60.0,51.0,-10.0
1056,52280,13.0,1,41,0.5182,1.7398,True,False,wall,10.0,13.0,-10.0
1057,52308,10.0,1,28,0.518036,1.5827,True,False,wall,10.0,10.0,-10.0
1058,52326,10.0,1,18,0.51793,1.2865,True,False,wall,10.0,10.0,-10.0
1059,52383,45.0,3,57,0.517597,1.2342,True,False,body,30.0,25.0,-10.0
1060,52455,54.0,3,72,0.517177,1.1059,True,False,wall,30.0,34.0,-10.0
1061,52513,41.0,2,58,0.516838,1.1252,True,False,wall,20.0,31.0,-10.0
1062,52566,43.0,3,53,0.516529,1.2873,True,False,body,30.0,23.0,-10.0
1063,52690,65.0,4,124,0.515806,1.0082,True,False,body,40.0,35.0,-10.0
1064,52756,32.0,3,66,0.515422,1.3461,True,False,body,30.0,12.0,-10.0
1065,52830,25.0,2,74,0.514992,1.2512,True,False,wall,20.0,15.0,-10.0
1066,52917,68.0,4,87,0.514486,2.1896,True,False,body,40.0,38.0,-10.0
1067,53013,33.0,2,96,0.513929,2.0317,True,False,wall,20.0,23.0,-10.0
1068,53100,49.0,3,87,0.513425,1.4562,True,False,body,30.0,29.0,-10.0
1069,53148,40.0,3,48,0.513147,1.7054,True,False,wall,30.0,20.0,-10.0
1070,53231,98.0,6,83,0.512667,2.069,True,False,body,60.0,48.0,-10.0
1071,53302,49.0,3,71,0.512256,1.6812,True,False,body,30.0,29.0,-10.0
1072,53321,-2.0,0,19,0.512147,2.0839,True,False,wall,0.0,8.0,-10.0
1073,53399,95.0,6,78,0.511696,1.8055,True,False,wall,60.0,45.0,-10.0
1074,53411,15.0,2,12,0.511627,1.6625,True,False,wall,20.0,5.0,-10.0
1075,53436,-2.0,0,25,0.511483,1.301,True,False,wall,0.0,8.0,-10.0
1076,53452,8.0,1,16,0.511391,1.5022,True,False,wall,10.0,8.0,-10.0
1077,53514,25.0,2,62,0.511033,1.0851,True,False,wall,20.0,15.0,-10.0
1078,53589,43.0,3,75,0.510601,0.9287,True,False,wall,30.0,23.0,-10.0
1079,53607,-5.0,0,18,0.510497,1.1285,True,False,wall,0.0,5.0,-10.0
1080,53632,0.0,0,25,0.510354,1.0448,True,False,wall,0.0,10.0,-10.0
1081,53688,65.0,4,56,0.510031,0.9509,True,False,wall,40.0,35.0,-10.0
1082,53773,60.0,4,85,0.509543,1.2934,True,False,body,40.0,30.0,-10.0
1083,53846,51.0,3,73,0.509124,1.0325,True,False,body,30.0,31.0,-10.0
1084,53862,6.0,1,16,0.509032,1.1504,True,False,wall,10.0,6.0,-10.0
1085,53899,39.0,3,37,0.50882,1.5208,True,False,wall,30.0,19.0,-10.0
1086,53915,10.0,1,16,0.508728,1.2762,True,False,wall,10.0,10.0,-10.0
1087,53941,8.0,1,26,0.508579,1.0329,True,False,wall,10.0,8.0,-10.0
1088,54022,75.0,5,81,0.508115,1.0341,True,False,body,50.0,35.0,-10.0
1089,54081,24.0,2,59,0.507777,0.8453,True,False,wall,20.0,14.0,-10.0
1090,54123,46.0,3,42,0.507537,0.9997,True,False,wall,30.0,26.0,-10.0
1091,54197,67.0,4,74,0.507114,2.7123,True,False,wall,40.0,37.0,-10.0
1092,54244,41.0,3,47,0.506845,1.6812,True,False,body,30.0,21.0,-10.0
1093,54261,9.0,1,17,0.506748,1.494,True,False,wall,10.0,9.0,-10.0
1094,54298,35.0,3,37,0.506537,1.5641,True,False,wall,30.0,15.0,-10.0
1095,54348,36.0,3,50,0.506252,1.6843,True,False,body,30.0,16.0,-10.0
1096,54410,64.0,5,62,0.505898,1.4836,True,False,body,50.0,24.0,-10.0
1097,54502,46.0,3,92,0.505374,2.1031,True,False,wall,30.0,26.0,-10.0
1098,54557,41.0,3,55,0.505061,1.1908,True,False,wall,30.0,21.0,-10.0
1099,54638,77.0,5,81,0.504601,1.087,True,False,body,50.0,37.0,-10.0
1100,54716,51.0,4,78,0.504158,0.9297,True,False,wall,40.0,21.0,-10.0
1101,54762,38.0,3,46,0.503897,1.0533,True,False,body,30.0,18.0,-10.0
1102,54812,52.0,3,50,0.503613,1.1854,True,False,wall,30.0,32.0,-10.0
1103,54825,-6.0,0,13,0.503539,1.0699,True,False,wall,0.0,4.0,-10.0
1104,54866,20.0,2,41,0.503307,1.045,True,False,wall,20.0,10.0,-10.0
1105,54927,53.0,3,61,0.502962,1.2309,True,False,wall,30.0,33.0,-10.0
1106,54972,9.0,1,45,0.502707,2.9351,True,False,wall,10.0,9.0,-10.0
1107,54987,11.0,1,15,0.502622,1.7436,True,False,wall,10.0,11.0,-10.0
1108,55019,12.0,1,32,0.502441,1.1609,True,False,wall,10.0,12.0,-10.0
1109,55073,46.0,3,54,0.502136,1.5199,True,False,wall,30.0,26.0,-10.0
1110,55095,-5.0,0,22,0.502011,1.0765,True,False,wall,0.0,5.0,-10.0
1111,55110,9.0,1,15,0.501927,1.0822,True,False,wall,10.0,9.0,-10.0
1112,55176,74.0,5,66,0.501554,1.1911,True,False,body,50.0,34.0,-10.0
1113,55237,56.0,4,61,0.50121,1.0913,True,False,body,40.0,26.0,-10.0
1114,55321,97.0,8,84,0.500736,1.0086,True,False,body,80.0,27.0,-10.0
1115,55411,82.0,5,90,0.500229,0.9487,True,False,body,50.0,42.0,-10.0
1116,55511,54.0,3,100,0.499667,0.9758,True,False,wall,30.0,34.0,-10.0
1117,55538,13.0,1,27,0.499515,0.8697,True,False,wall,10.0,13.0,-10.0
1118,55601,45.0,3,63,0.499161,1.3659,True,False,body,30.0,25.0,-10.0
1119,55655,49.0,4,54,0.498858,1.0487,True,False,wall,40.0,19.0,-10.0
1120,55687,25.0,2,32,0.498679,1.06,True,False,wall,20.0,15.0,-10.0
1121,55725,12.0,1,38,0.498466,1.186,True,False,wall,10.0,12.0,-10.0
1122,55789,46.0,3,64,0.498107,1.8375,True,False,body,30.0,26.0,-10.0
1123,55816,11.0,1,27,0.497956,1.3572,True,False,wall,10.0,11.0,-10.0
1124,55935,104.0,6,119,0.49729,2.0089,True,False,body,60.0,54.0,-10.0
1125,55989,36.0,3,54,0.496988,1.2514,True,False,body,30.0,16.0,-10.0
1126,56044,47.0,3,55,0.496681,1.0077,True,False,wall,30.0,27.0,-10.0
1127,56095,49.0,3,51,0.496396,0.922,True,False,body,30.0,29.0,-10.0
1128,56133,10.0,1,38,0.496184,1.564,True,False,wall,10.0,10.0,-10.0
1129,56207,50.0,3,74,0.495772,1.4584,True,False,wall,30.0,30.0,-10.0
1130,56260,28.0,2,53,0.495477,1.0373,True,False,wall,20.0,18.0,-10.0
1131,56333,53.0,3,73,0.49507,1.602,True,False,body,30.0,33.0,-10.0
1132,56346,7.0,1,13,0.494998,1.9759,True,False,wall,10.0,7.0,-10.0
1133,56432,89.0,6,86,0.49452,2.4289,True,False,body,60.0,39.0,-10.0
1134,56573,57.0,3,141,0.493737,1.1141,True,False,body,30.0,37.0,-10.0
1135,56588,0.0,0,15,0.493654,0.7712,True,False,wall,0.0,10.0,-10.0
1136,56603,16.0,2,15,0.493571,0.9851,True,False,wall,20.0,6.0,-10.0
1137,56644,11.0,1,41,0.493343,0.8392,True,False,wall,10.0,11.0,-10.0
1138,56719,64.0,4,75,0.492928,1.3142,True,False,body,40.0,34.0,-10.0
1139,56745,-1.0,0,26,0.492784,1.8022,True,False,wall,0.0,9.0,-10.0
1140,56805,42.0,3,60,0.492452,1.3693,True,False,body,30.0,22.0,-10.0
1141,56845,40.0,3,40,0.492231,1.9148,True,False,body,30.0,20.0,-10.0
1142,56928,46.0,4,83,0.491772,1.6125,True,False,wall,40.0,16.0,-10.0
1143,56965,22.0,2,37,0.491568,1.6197,True,False,wall,20.0,12.0,-10.0
1144,56994,-4.0,0,29,0.491408,1.4003,True,False,wall,0.0,6.0,-10.0
1145,57080,59.0,4,86,0.490934,1.503,True,False,wall,40.0,29.0,-10.0
1146,57162,95.0,6,82,0.490482,1.2082,True,False,body,60.0,45.0,-10.0
1147,57180,21.0,2,18,0.490383,1.7818,True,False,wall,20.0,11.0,-10.0
1148,57233,56.0,4,53,0.490091,1.3848,True,False,body,40.0,26.0,-10.0
1149,57276,-4.0,0,43,0.489855,0.966,True,False,wall,0.0,6.0,-10.0
1150,57373,47.0,3,97,0.489322,0.8999,True,False,body,30.0,27.0,-10.0
1151,57439,48.0,3,66,0.48896,1.077,True,False,body,30.0,28.0,-10.0
1152,57462,2.0,0,23,0.488833,1.7454,True,False,wall,0.0,12.0,-10.0
1153,57479,2.0,0,17,0.48874,1.2304,True,False,wall,0.0,12.0,-10.0
1154,57530,32.0,2,51,0.488461,1.5238,True,False,wall,20.0,22.0,-10.0
1155,57558,-7.0,0,28,0.488307,1.1571,True,False,wall,0.0,3.0,-10.0
1156,57611,39.0,3,53,0.488017,1.5082,True,False,wall,30.0,19.0,-10.0
1157,57642,28.0,2,31,0.487847,1.2956,True,False,wall,20.0,18.0,-10.0
1158,57690,-1.0,0,48,0.487584,1.2506,True,False,wall,0.0,9.0,-10.0
1159,57700,-3.0,0,10,0.48753,1.3799,True,False,wall,0.0,7.0,-10.0
1160,57737,29.0,3,37,0.487327,1.6754,True,False,body,30.0,9.0,-10.0
1161,57805,54.0,3,68,0.486956,1.044,True,False,wall,30.0,34.0,-10.0
1162,57877,52.0,3,72,0.486563,1.1313,True,False,body,30.0,32.0,-10.0
1163,57920,41.0,3,43,0.486328,1.6718,True,False,wall,30.0,21.0,-10.0
1164,57932,8.0,1,12,0.486263,1.4039,True,False,wall,10.0,8.0,-10.0
1165,57988,40.0,3,56,0.485958,1.4774,True,False,wall,30.0,20.0,-10.0
1166,58080,63.0,4,92,0.485456,0.9567,True,False,wall,40.0,33.0,-10.0
1167,58132,29.0,2,52,0.485173,1.0436,True,False,wall,20.0,19.0,-10.0
1168,58269,136.0,8,137,0.484429,1.2714,True,False,body,80.0,66.0,-10.0
1169,58296,-2.0,0,27,0.484282,1.6451,True,False,wall,0.0,8.0,-10.0
1170,58362,40.0,3,66,0.483924,1.0271,True,False,body,30.0,20.0,-10.0
1171,58419,37.0,3,57,0.483615,1.1983,True,False,wall,30.0,17.0,-10.0
1172,58496,30.0,2,77,0.483198,0.8144,True,False,wall,20.0,20.0,-10.0
1173,58531,35.0,3,35,0.483008,0.8333,True,False,wall,30.0,15.0,-10.0
1174,58564,13.0,1,33,0.48283,0.7487,True,False,wall,10.0,13.0,-10.0
1175,58664,93.0,6,100,0.482289,0.7106,True,False,body,60.0,43.0,-10.0
1176,58739,39.0,3,75,0.481884,0.72,True,False,wall,30.0,19.0,-10.0
1177,58790,49.0,3,51,0.481609,0.8786,True,False,body,30.0,29.0,-10.0
1178,58882,68.0,3,92,0.481113,1.5017,True,False,body,30.0,48.0,-10.0
1179,58931,58.0,4,49,0.480849,1.8922,True,False,body,40.0,28.0,-10.0
1180,58976,54.0,4,45,0.480607,1.5994,True,False,wall,40.0,24.0,-10.0
1181,59008,52.0,5,32,0.480434,1.3126,True,False,body,50.0,12.0,-10.0
1182,59063,47.0,3,55,0.480139,1.3032,True,False,wall,30.0,27.0,-10.0
1183,59130,60.0,4,67,0.479778,1.5172,True,False,body,40.0,30.0,-10.0
1184,59150,6.0,1,20,0.479671,0.9072,True,False,wall,10.0,6.0,-10.0
1185,59190,41.0,2,40,0.479456,0.9252,True,False,wall,20.0,31.0,-10.0
1186,59242,49.0,4,52,0.479177,0.885,True,False,wall,40.0,19.0,-10.0
1187,59283,22.0,2,41,0.478957,1.0704,True,False,wall,20.0,12.0,-10.0
1188,59354,61.0,3,71,0.478577,1.0493,True,False,body,30.0,41.0,-10.0
1189,59393,52.0,4,39,0.478368,1.3514,True,False,body,40.0,22.0,-10.0
1190,59483,60.0,3,90,0.477886,1.5109,True,False,wall,30.0,40.0,-10.0
1191,59533,40.0,3,50,0.477619,0.9122,True,False,wall,30.0,20.0,-10.0
1192,59555,-3.0,0,22,0.477501,1.057,True,False,wall,0.0,7.0,-10.0
1193,59629,38.0,3,74,0.477106,1.2619,True,False,wall,30.0,18.0,-10.0
1194,59677,12.0,1,48,0.47685,1.3456,True,False,wall,10.0,12.0,-10.0
1195,59727,59.0,4,50,0.476583,1.3018,True,False,wall,40.0,29.0,-10.0
1196,59785,37.0,2,58,0.476274,1.2792,True,False,wall,20.0,27.0,-10.0
1197,59805,1.0,0,20,0.476167,0.8339,True,False,wall,0.0,11.0,-10.0
1198,59848,43.0,3,43,0.475938,0.9203,True,False,wall,30.0,23.0,-10.0
1199,59911,53.0,3,63,0.475603,1.1156,True,False,body,30.0,33.0,-10.0
1200,60002,68.0,4,91,0.475119,0.9001,True,False,body,40.0,38.0,-10.0
1201,60036,16.0,1,34,0.474939,0.7324,True,False,wall,10.0,16.0,-10.0
1202,60088,40.0,3,52,0.474663,0.8887,True,False,body,30.0,20.0,-10.0
1203,60171,70.0,4,83,0.474222,1.0764,True,False,wall,40.0,40.0,-10.0
1204,60229,52.0,3,58,0.473915,1.2782,True,False,body,30.0,32.0,-10.0
1205,60323,61.0,4,94,0.473417,1.3271,True,False,body,40.0,31.0,-10.0
1206,60356,17.0,1,33,0.473242,2.0367,True,False,wall,10.0,17.0,-10.0
1207,60384,23.0,2,28,0.473094,1.8733,True,False,wall,20.0,13.0,-10.0
1208,60405,-4.0,0,21,0.472983,1.6255,True,False,wall,0.0,6.0,-10.0
1209,60428,24.0,2,23,0.472862,1.1514,True,False,wall,20.0,14.0,-10.0
1210,60577,140.0,8,149,0.472075,0.9357,True,False,body,80.0,70.0,-10.0
1211,60606,33.0,3,29,0.471922,1.0755,True,False,wall,30.0,13.0,-10.0
1212,60640,18.0,1,34,0.471742,1.2287,True,False,wall,10.0,18.0,-10.0
1213,60701,68.0,4,61,0.471421,1.9404,True,False,wall,40.0,38.0,-10.0
1214,60781,66.0,5,80,0.471,1.1763,True,False,body,50.0,26.0,-10.0
1215,60879,82.0,5,98,0.470484,1.3175,True,False,body,50.0,42.0,-10.0
1216,60934,65.0,5,55,0.470195,1.0567,True,False,body,50.0,25.0,-10.0
1217,60975,54.0,4,41,0.46998,1.0597,True,False,body,40.0,24.0,-10.0
1218,61011,16.0,1,36,0.469791,1.0044,True,False,wall,10.0,16.0,-10.0
1219,61077,48.0,3,66,0.469445,1.6353,True,False,wall,30.0,28.0,-10.0
1220,61094,7.0,1,17,0.469356,1.2618,True,False,wall,10.0,7.0,-10.0
1221,61240,119.0,8,146,0.468591,1.6943,True,False,body,80.0,49.0,-10.0
1222,61271,37.0,3,31,0.468429,0.9915,True,False,wall,30.0,17.0,-10.0
1223,61309,34.0,3,38,0.46823,0.7609,True,False,body,30.0,14.0,-10.0
1224,61359,22.0,1,50,0.467969,1.2518,True,False,wall,10.0,22.0,-10.0
1225,61404,47.0,3,45,0.467734,0.9655,True,False,body,30.0,27.0,-10.0
1226,61508,76.0,5,104,0.467191,1.0816,True,False,wall,50.0,36.0,-10.0
1227,61562,46.0,3,54,0.46691,0.7402,True,False,wall,30.0,26.0,-10.0
1228,61646,58.0,3,84,0.466472,0.7262,True,False,wall,30.0,38.0,-10.0
1229,61681,43.0,3,35,0.46629,0.7086,True,False,body,30.0,23.0,-10.0
1230,61735,34.0,3,54,0.466009,0.8841,True,False,body,30.0,14.0,-10.0
1231,61783,26.0,1,48,0.46576,1.3231,True,False,wall,10.0,26.0,-10.0
1232,61815,-3.0,0,32,0.465593,1.639,True,False,wall,0.0,7.0,-10.0
1233,61920,87.0,5,105,0.465048,1.1407,True,False,body,50.0,47.0,-10.0
1234,62026,46.0,3,106,0.464499,1.3164,True,False,body,30.0,26.0,-10.0
1235,62064,38.0,3,38,0.464302,1.3467,True,False,body,30.0,18.0,-10.0
1236,62085,18.0,2,21,0.464193,1.1353,True,False,wall,20.0,8.0,-10.0
1237,62177,54.0,3,92,0.463717,1.2015,True,False,body,30.0,34.0,-10.0
1238,62208,48.0,4,31,0.463557,1.1243,True,False,body,40.0,18.0,-10.0
1239,62281,65.0,5,73,0.46318,1.225,True,False,wall,50.0,25.0,-10.0
1240,62332,73.0,5,51,0.462916,1.3997,True,False,wall,50.0,33.0,-10.0
1241,62359,2.0,0,27,0.462777,1.5326,True,False,wall,0.0,12.0,-10.0
1242,62414,52.0,4,55,0.462493,2.6425,True,False,body,40.0,22.0,-10.0
1243,62499,64.0,4,85,0.462055,1.6477,True,False,body,40.0,34.0,-10.0
1244,62510,7.0,1,11,0.461999,0.9147,True,False,wall,10.0,7.0,-10.0
1245,62543,30.0,2,33,0.461829,0.9093,True,False,wall,20.0,20.0,-10.0
1246,62583,38.0,3,40,0.461623,1.1807,True,False,body,30.0,18.0,-10.0
1247,62626,43.0,3,43,0.461402,1.083,True,False,body,30.0,23.0,-10.0
1248,62636,6.0,1,10,0.46135,1.1571,True,False,wall,10.0,6.0,-10.0
1249,62654,6.0,1,18,0.461258,0.8766,True,False,wall,10.0,6.0,-10.0
1250,62704,55.0,4,50,0.461001,0.7269,True,False,wall,40.0,25.0,-10.0
1251,62816,84.0,5,112,0.460426,0.8507,True,False,body,50.0,44.0,-10.0
1252,62867,53.0,3,51,0.460164,0.7312,True,False,wall,30.0,33.0,-10.0
1253,62910,41.0,3,43,0.459944,0.6499,True,False,body,30.0,21.0,-10.0
1254,62981,57.0,3,71,0.45958,0.6699,True,False,body,30.0,37.0,-10.0
1255,63030,43.0,3,49,0.459329,0.5745,True,False,wall,30.0,23.0,-10.0
1256,63119,87.0,5,89,0.458874,0.6398,True,False,body,50.0,47.0,-10.0
1257,63229,93.0,4,110,0.458312,0.69,True,False,body,40.0,63.0,-10.0
1258,63289,66.0,5,60,0.458006,0.7252,True,False,body,50.0,26.0,-10.0
1259,63311,10.0,1,22,0.457894,0.9308,True,False,wall,10.0,10.0,-10.0
1260,63386,43.0,3,75,0.457512,0.999,True,False,wall,30.0,23.0,-10.0
1261,63457,64.0,4,71,0.45715,0.9925,True,False,body,40.0,34.0,-10.0
1262,63486,39.0,3,29,0.457003,1.2996,True,False,body,30.0,19.0,-10.0
1263,63497,-6.0,0,11,0.456947,0.9259,True,False,wall,0.0,4.0,-10.0
1264,63522,-14.0,0,25,0.45682,0.784,True,False,wall,0.0,-4.0,-10.0
1265,63536,-3.0,0,14,0.456748,1.688,True,False,wall,0.0,7.0,-10.0
1266,63674,98.0,5,138,0.456047,1.1835,True,False,body,50.0,58.0,-10.0
1267,63732,46.0,3,58,0.455753,1.2049,True,False,body,30.0,26.0,-10.0
1268,63774,40.0,3,42,0.45554,0.966,True,False,body,30.0,20.0,-10.0
1269,63815,33.0,3,41,0.455332,0.9851,True,False,body,30.0,13.0,-10.0
1270,63897,61.0,4,82,0.454917,1.0904,True,False,wall,40.0,31.0,-10.0
1271,63911,15.0,2,14,0.454846,1.6331,True,False,wall,20.0,5.0,-10.0
1272,63951,40.0,3,40,0.454644,2.4995,True,False,body,30.0,20.0,-10.0
1273,64001,31.0,2,50,0.454391,2.4357,True,False,wall,20.0,21.0,-10.0
1274,64048,61.0,5,47,0.454154,2.04,True,False,body,50.0,21.0,-10.0
1275,64178,89.0,6,130,0.453497,1.4094,True,False,body,60.0,39.0,-10.0
1276,64190,17.0,2,12,0.453437,1.7334,True,False,wall,20.0,7.0,-10.0
1277,64258,46.0,3,68,0.453094,1.8353,True,False,body,30.0,26.0,-10.0
1278,64306,57.0,4,48,0.452852,1.4513,True,False,wall,40.0,27.0,-10.0
1279,64410,61.0,4,104,0.452329,1.6932,True,False,wall,40.0,31.0,-10.0
1280,64468,66.0,3,58,0.452037,1.9213,True,False,wall,30.0,46.0,-10.0
1281,64481,18.0,2,13,0.451972,2.0764,True,False,wall,20.0,8.0,-10.0
1282,64524,49.0,3,43,0.451756,1.4759,True,False,wall,30.0,29.0,-10.0
1283,64574,33.0,2,50,0.451505,1.2204,True,False,wall,20.0,23.0,-10.0
1284,64584,-3.0,0,10,0.451455,1.554,True,False,wall,0.0,7.0,-10.0
1285,64635,25.0,1,51,0.451199,1.5305,True,False,wall,10.0,25.0,-10.0
1286,64675,36.0,3,40,0.450998,1.4216,True,False,wall,30.0,16.0,-10.0
1287,64696,5.0,1,21,0.450893,1.1295,True,False,wall,10.0,5.0,-10.0
1288,64745,51.0,3,49,0.450648,1.4397,True,False,wall,30.0,31.0,-10.0
1289,64812,65.0,3,67,0.450312,1.3471,True,False,body,30.0,45.0,-10.0
1290,64897,42.0,2,85,0.449887,2.9164,True,False,wall,20.0,32.0,-10.0
1291,64960,51.0,3,63,0.449572,2.1951,True,False,body,30.0,31.0,-10.0
1292,64986,-3.0,0,26,0.449442,1.5451,True,False,wall,0.0,7.0,-10.0
1293,65077,97.0,5,91,0.448988,1.2234,True,False,wall,50.0,57.0,-10.0
1294,65090,7.0,1,13,0.448924,0.8994,True,False,wall,10.0,7.0,-10.0
1295,65122,-9.0,0,32,0.448764,0.9592,True,False,wall,0.0,1.0,-10.0
1296,65200,50.0,3,78,0.448375,1.2131,True,False,body,30.0,30.0,-10.0
1297,65316,106.0,7,116,0.447798,0.8866,True,False,body,70.0,46.0,-10.0
1298,65385,79.0,5,69,0.447455,1.1063,True,False,body,50.0,39.0,-10.0
1299,65485,110.0,7,100,0.446959,2.4435,True,False,body,70.0,50.0,-10.0
1300,65511,-3.0,0,26,0.44683,3.0354,True,False,wall,0.0,7.0,-10.0
1301,65525,12.0,1,14,0.44676,2.8522,True,False,wall,10.0,12.0,-10.0
1302,65630,79.0,5,105,0.44624,2.0322,True,False,body,50.0,39.0,-10.0
1303,65671,48.0,4,41,0.446037,1.2705,True,False,body,40.0,18.0,-10.0
1304,65721,54.0,3,50,0.445789,1.1381,True,False,body,30.0,34.0,-10.0
1305,65832,55.0,3,111,0.445241,1.4493,True,False,body,30.0,35.0,-10.0
1306,65842,6.0,1,10,0.445191,1.2256,True,False,wall,10.0,6.0,-10.0
1307,65874,16.0,1,32,0.445033,1.1758,True,False,wall,10.0,16.0,-10.0
1308,65950,44.0,3,76,0.444658,0.9514,True,False,body,30.0,24.0,-10.0
1309,65975,22.0,2,25,0.444535,1.0566,True,False,wall,20.0,12.0,-10.0
1310,65992,0.0,0,17,0.444451,0.7652,True,False,wall,0.0,10.0,-10.0
1311,66048,31.0,2,56,0.444175,0.9035,True,False,wall,20.0,21.0,-10.0
1312,66074,19.0,2,26,0.444047,0.822,True,False,wall,20.0,9.0,-10.0
1313,66213,135.0,7,139,0.443363,0.9592,True,False,wall,70.0,75.0,-10.0
1314,66289,58.0,3,76,0.442989,0.7693,True,False,body,30.0,38.0,-10.0
1315,66365,50.0,3,76,0.442616,0.8306,True,False,body,30.0,30.0,-10.0
1316,66407,42.0,3,42,0.44241,3.4254,True,False,wall,30.0,22.0,-10.0
1317,66425,1.0,0,18,0.442322,1.7881,True,False,wall,0.0,11.0,-10.0
1318,66494,47.0,3,69,0.441984,1.566,True,False,body,30.0,27.0,-10.0
1319,66510,10.0,1,16,0.441905,2.5406,True,False,wall,10.0,10.0,-10.0
1320,66568,56.0,3,58,0.441621,1.5409,True,False,wall,30.0,36.0,-10.0
1321,66725,87.0,5,157,0.440853,1.4055,True,False,body,50.0,47.0,-10.0
1322,66765,35.0,2,40,0.440658,1.6252,True,False,wall,20.0,25.0,-10.0
1323,66813,59.0,4,48,0.440424,1.3084,True,False,wall,40.0,29.0,-10.0
1324,66872,64.0,4,59,0.440136,0.8211,True,False,body,40.0,34.0,-10.0
1325,66894,-3.0,0,22,0.440028,0.6522,True,False,wall,0.0,7.0,-10.0
1326,66927,17.0,1,33,0.439868,1.0572,True,False,wall,10.0,17.0,-10.0
1327,66983,94.0,7,56,0.439595,0.8951,True,False,body,70.0,34.0,-10.0
1328,67027,48.0,3,44,0.439381,0.8625,True,False,body,30.0,28.0,-10.0
1329,67052,9.0,1,25,0.439259,0.6991,True,False,wall,10.0,9.0,-10.0
1330,67065,20.0,2,13,0.439196,0.5676,True,False,wall,20.0,10.0,-10.0
1331,67080,9.0,1,15,0.439123,0.6859,True,False,wall,10.0,9.0,-10.0
1332,67179,97.0,7,99,0.438641,0.8551,True,False,body,70.0,37.0,-10.0
1333,67202,15.0,1,23,0.43853,0.6103,True,False,wall,10.0,15.0,-10.0
1334,67217,9.0,1,15,0.438457,0.8512,True,False,wall,10.0,9.0,-10.0
1335,67242,7.0,1,25,0.438336,0.732,True,False,wall,10.0,7.0,-10.0
1336,67283,41.0,3,41,0.438137,0.9727,True,False,wall,30.0,21.0,-10.0
1337,67318,30.0,2,35,0.437967,1.1248,True,False,wall,20.0,20.0,-10.0
1338,67397,53.0,3,79,0.437584,1.4211,True,False,body,30.0,33.0,-10.0
1339,67407,6.0,1,10,0.437535,0.9194,True,False,wall,10.0,6.0,-10.0
1340,67421,-1.0,0,14,0.437468,1.1628,True,False,wall,0.0,9.0,-10.0
1341,67456,-2.0,0,35,0.437298,1.2911,True,False,wall,0.0,8.0,-10.0
1342,67483,24.0,2,27,0.437167,1.1554,True,False,wall,20.0,14.0,-10.0
1343,67596,89.0,5,113,0.436621,1.0705,True,False,wall,50.0,49.0,-10.0
1344,67701,99.0,5,105,0.436114,1.4047,True,False,body,50.0,59.0,-10.0
1345,67757,31.0,2,56,0.435844,2.1126,True,False,wall,20.0,21.0,-10.0
1346,67773,-1.0,0,16,0.435766,1.7993,True,False,wall,0.0,9.0,-10.0
1347,67802,2.0,0,29,0.435627,1.8393,True,False,wall,0.0,12.0,-10.0
1348,67841,13.0,1,39,0.435439,1.4447,True,False,wall,10.0,13.0,-10.0
1349,67935,66.0,3,94,0.434986,1.4964,True,False,body,30.0,46.0,-10.0
1350,67981,36.0,3,46,0.434765,0.8253,True,False,wall,30.0,16.0,-10.0
1351,68087,111.0,6,106,0.434255,0.7663,True,False,body,60.0,61.0,-10.0
1352,68197,100.0,7,110,0.433727,1.0088,True,False,wall,70.0,40.0,-10.0
1353,68213,12.0,1,16,0.433651,1.1792,True,False,wall,10.0,12.0,-10.0
1354,68239,8.0,1,26,0.433526,1.0774,True,False,wall,10.0,8.0,-10.0
1355,68311,53.0,2,72,0.433181,2.5226,True,False,wall,20.0,43.0,-10.0
1356,68407,89.0,6,96,0.432721,1.6758,True,False,body,60.0,39.0,-10.0
1357,68514,99.0,5,107,0.43221,1.0705,True,False,body,50.0,59.0,-10.0
1358,68573,49.0,3,59,0.431928,0.8601,True,False,wall,30.0,29.0,-10.0
1359,68589,10.0,1,16,0.431852,0.6298,True,False,wall,10.0,10.0,-10.0
1360,68623,20.0,1,34,0.431689,0.8576,True,False,wall,10.0,20.0,-10.0
1361,68664,26.0,2,41,0.431494,0.9879,True,False,wall,20.0,16.0,-10.0
1362,68685,11.0,1,21,0.431394,1.3886,True,False,wall,10.0,11.0,-10.0
1363,68742,47.0,3,57,0.431122,1.2444,True,False,body,30.0,27.0,-10.0
1364,68761,22.0,2,19,0.431032,0.9707,True,False,wall,20.0,12.0,-10.0
1365,68824,45.0,3,63,0.430732,1.5461,True,False,body,30.0,25.0,-10.0
1366,68961,133.0,7,137,0.43008,1.1356,True,False,body,70.0,73.0,-10.0
1367,68971,-1.0,0,10,0.430033,0.9839,True,False,wall,0.0,9.0,-10.0
1368,69054,45.0,3,83,0.429639,1.209,True,False,wall,30.0,25.0,-10.0
1369,69130,98.0,7,76,0.429278,1.9519,True,False,body,70.0,38.0,-10.0
1370,69198,51.0,4,68,0.428956,1.5076,True,False,wall,40.0,21.0,-10.0
1371,69246,40.0,3,48,0.428729,1.0209,True,False,body,30.0,20.0,-10.0
1372,69279,26.0,2,33,0.428572,1.4752,True,False,wall,20.0,16.0,-10.0
1373,69311,10.0,1,32,0.428421,0.9531,True,False,wall,10.0,10.0,-10.0
1374,69423,55.0,4,112,0.427892,2.1474,True,False,body,40.0,25.0,-10.0
1375,69443,10.0,1,20,0.427797,1.8246,True,False,wall,10.0,10.0,-10.0
1376,69509,50.0,3,66,0.427486,2.4474,True,False,body,30.0,30.0,-10.0
1377,69534,2.0,0,25,0.427368,1.4189,True,False,wall,0.0,12.0,-10.0
1378,69553,-2.0,0,19,0.427278,1.3055,True,False,wall,0.0,8.0,-10.0
1379,69618,38.0,2,65,0.426972,1.2074,True,False,wall,20.0,28.0,-10.0
1380,69720,82.0,5,102,0.426491,1.1956,True,False,body,50.0,42.0,-10.0
1381,69776,41.0,2,56,0.426228,0.8961,True,False,wall,20.0,31.0,-10.0
1382,69818,31.0,2,42,0.42603,1.8424,True,False,wall,20.0,21.0,-10.0
1383,69856,55.0,4,38,0.425852,1.4904,True,False,wall,40.0,25.0,-10.0
1384,69946,97.0,6,90,0.425429,1.1493,True,False,wall,60.0,47.0,-10.0
1385,69970,10.0,1,24,0.425317,0.9197,True,False,wall,10.0,10.0,-10.0
1386,69991,2.0,0,21,0.425218,1.2774,True,False,wall,0.0,12.0,-10.0
1387,70172,139.0,9,181,0.42437,1.0395,True,False,body,90.0,59.0,-10.0
1388,70226,35.0,2,54,0.424117,1.1415,True,False,wall,20.0,25.0,-10.0
1389,70277,42.0,2,51,0.423879,1.1885,True,False,wall,20.0,32.0,-10.0
1390,70349,52.0,3,72,0.423543,0.7291,True,False,wall,30.0,32.0,-10.0
1391,70454,76.0,4,105,0.423053,1.8612,True,False,body,40.0,46.0,-10.0
1392,70467,-2.0,0,13,0.422992,1.6125,True,False,wall,0.0,8.0,-10.0
1393,70506,39.0,3,39,0.42281,1.3132,True,False,wall,30.0,19.0,-10.0
1394,70544,27.0,2,38,0.422633,1.4027,True,False,wall,20.0,17.0,-10.0
1395,70559,-6.0,0,15,0.422563,1.5657,True,False,wall,0.0,4.0,-10.0
1396,70592,24.0,2,33,0.42241,2.8409,True,False,wall,20.0,14.0,-10.0
1397,70624,12.0,1,32,0.422261,1.4606,True,False,wall,10.0,12.0,-10.0
1398,70690,60.0,3,66,0.421954,1.4344,True,False,wall,30.0,40.0,-10.0
1399,70753,17.0,1,63,0.421661,1.6149,True,False,wall,10.0,17.0,-10.0
1400,70863,98.0,5,110,0.42115,1.5302,True,False,body,50.0,58.0,-10.0
1401,70908,40.0,2,45,0.420942,1.2932,True,False,wall,20.0,30.0,-10.0
1402,70981,64.0,4,73,0.420603,1.7325,True,False,wall,40.0,34.0,-10.0
1403,71038,75.0,5,57,0.420339,0.8563,True,False,body,50.0,35.0,-10.0
1404,71064,12.0,1,26,0.420219,1.6222,True,False,wall,10.0,12.0,-10.0
1405,71136,48.0,3,72,0.419886,1.139,True,False,body,30.0,28.0,-10.0
1406,71148,6.0,1,12,0.41983,0.822,True,False,wall,10.0,6.0,-10.0
1407,71187,41.0,3,39,0.41965,0.7035,True,False,wall,30.0,21.0,-10.0
1408,71208,17.0,1,21,0.419553,1.067,True,False,wall,10.0,17.0,-10.0
1409,71285,41.0,3,77,0.419198,0.868,True,False,body,30.0,21.0,-10.0
1410,71364,68.0,4,79,0.418833,1.0464,True,False,body,40.0,38.0,-10.0
1411,71447,75.0,5,83,0.418451,1.0727,True,False,body,50.0,35.0,-10.0
1412,71553,73.0,4,106,0.417963,1.0688,True,False,body,40.0,43.0,-10.0
1413,71602,41.0,3,49,0.417738,0.6849,True,False,body,30.0,21.0,-10.0
1414,71648,34.0,3,46,0.417526,0.7603,True,False,body,30.0,14.0,-10.0
1415,71680,34.0,3,32,0.417379,1.086,True,False,body,30.0,14.0,-10.0
1416,71716,27.0,2,36,0.417214,0.851,True,False,wall,20.0,17.0,-10.0
1417,71773,38.0,2,57,0.416952,1.0804,True,False,wall,20.0,28.0,-10.0
1418,71825,61.0,4,52,0.416714,1.2397,True,False,wall,40.0,31.0,-10.0
1419,71874,62.0,4,49,0.416489,1.1105,True,False,body,40.0,32.0,-10.0
1420,71971,62.0,4,97,0.416045,0.87,True,False,wall,40.0,32.0,-10.0
1421,71990,2.0,0,19,0.415958,1.291,True,False,wall,0.0,12.0,-10.0
1422,72058,60.0,3,68,0.415648,1.0479,True,False,body,30.0,40.0,-10.0
1423,72154,55.0,2,96,0.415209,1.2988,True,False,wall,20.0,45.0,-10.0
1424,72201,38.0,2,47,0.414994,1.722,True,False,wall,20.0,28.0,-10.0
1425,72286,72.0,4,85,0.414607,1.6505,True,False,body,40.0,42.0,-10.0
1426,72391,96.0,6,105,0.414129,2.0074,True,False,body,60.0,46.0,-10.0
1427,72439,37.0,2,48,0.41391,1.6042,True,False,wall,20.0,27.0,-10.0
1428,72472,28.0,2,33,0.41376,2.2571,True,False,wall,20.0,18.0,-10.0
1429,72509,17.0,1,37,0.413592,1.6412,True,False,wall,10.0,17.0,-10.0
1430,72591,86.0,5,82,0.413219,1.3752,True,False,wall,50.0,46.0,-10.0
1431,72640,60.0,4,49,0.412997,1.0996,True,False,body,40.0,30.0,-10.0
1432,72661,-2.0,0,21,0.412902,1.6643,True,False,wall,0.0,8.0,-10.0
1433,72678,11.0,1,17,0.412825,2.2425,True,False,wall,10.0,11.0,-10.0
1434,72761,95.0,5,83,0.412448,1.0592,True,False,body,50.0,55.0,-10.0
1435,72781,10.0,1,20,0.412358,0.9651,True,False,wall,10.0,10.0,-10.0
1436,72833,44.0,3,52,0.412122,1.0929,True,False,wall,30.0,24.0,-10.0
1437,72893,38.0,3,60,0.411851,0.8258,True,False,body,30.0,18.0,-10.0
1438,73007,127.0,8,114,0.411336,0.9251,True,False,body,80.0,57.0,-10.0
1439,73070,43.0,3,63,0.411051,1.1133,True,False,body,30.0,23.0,-10.0
1440,73175,49.0,3,105,0.410578,1.1926,True,False,body,30.0,29.0,-10.0
1441,73235,52.0,3,60,0.410307,1.0653,True,False,body,30.0,32.0,-10.0
1442,73268,19.0,1,33,0.410159,2.0651,True,False,wall,10.0,19.0,-10.0
1443,73343,58.0,4,75,0.409821,3.459,True,False,wall,40.0,28.0,-10.0
1444,73391,8.0,1,48,0.409605,1.5643,True,False,wall,10.0,8.0,-10.0
1445,73413,1.0,0,22,0.409507,0.8682,True,False,wall,0.0,11.0,-10.0
1446,73451,44.0,3,38,0.409336,1.2538,True,False,wall,30.0,24.0,-10.0
1447,73522,71.0,5,71,0.409017,1.2688,True,False,wall,50.0,31.0,-10.0
1448,73608,88.0,5,86,0.408631,1.1605,True,False,body,50.0,48.0,-10.0
1449,73668,46.0,3,60,0.408362,0.9472,True,False,body,30.0,26.0,-10.0
1450,73691,2.0,0,23,0.408259,1.1269,True,False,wall,0.0,12.0,-10.0
1451,73706,13.0,1,15,0.408192,0.8082,True,False,wall,10.0,13.0,-10.0
1452,73725,9.0,1,19,0.408107,0.7974,True,False,wall,10.0,9.0,-10.0
1453,73788,60.0,4,63,0.407825,0.9457,True,False,wall,40.0,30.0,-10.0
1454,73835,48.0,4,47,0.407615,0.8488,True,False,wall,40.0,18.0,-10.0
1455,73913,55.0,4,78,0.407267,1.1334,True,False,body,40.0,25.0,-10.0
1456,73970,43.0,3,57,0.407012,0.8119,True,False,body,30.0,23.0,-10.0
1457,74008,28.0,3,38,0.406843,1.1939,True,False,body,30.0,8.0,-10.0
1458,74060,61.0,4,52,0.406611,1.1825,True,False,wall,40.0,31.0,-10.0
1459,74160,102.0,5,100,0.406165,1.1503,True,False,wall,50.0,62.0,-10.0
1460,74200,40.0,3,40,0.405987,1.0468,True,False,wall,30.0,20.0,-10.0
1461,74237,31.0,3,37,0.405823,2.0441,True,False,wall,30.0,11.0,-10.0
1462,74311,48.0,3,74,0.405494,1.3038,True,False,body,30.0,28.0,-10.0
1463,74336,-2.0,0,25,0.405383,0.8252,True,False,wall,0.0,8.0,-10.0
1464,74434,69.0,4,98,0.404947,1.2503,True,False,body,40.0,39.0,-10.0
1465,74455,18.0,2,21,0.404854,1.3557,True,False,wall,20.0,8.0,-10.0
1466,74466,5.0,1,11,0.404806,0.9546,True,False,wall,10.0,5.0,-10.0
1467,74522,51.0,2,56,0.404557,0.8903,True,False,wall,20.0,41.0,-10.0
1468,74542,32.0,3,20,0.404469,1.1283,True,False,wall,30.0,12.0,-10.0
1469,74589,34.0,2,47,0.40426,1.0248,True,False,wall,20.0,24.0,-10.0
1470,74612,20.0,2,23,0.404159,1.8594,True,False,wall,20.0,10.0,-10.0
1471,74711,106.0,6,99,0.403721,1.3927,True,False,wall,60.0,56.0,-10.0
1472,74767,46.0,3,56,0.403473,1.4004,True,False,body,30.0,26.0,-10.0
1473,74802,15.0,1,35,0.403318,1.69,True,False,wall,10.0,15.0,-10.0
1474,74835,37.0,3,33,0.403173,1.36,True,False,body,30.0,17.0,-10.0
1475,74888,20.0,2,53,0.402939,1.0194,True,False,wall,20.0,10.0,-10.0
1476,74919,41.0,3,31,0.402802,0.9601,True,False,wall,30.0,21.0,-10.0
1477,75004,66.0,4,85,0.402427,1.1091,True,False,body,40.0,36.0,-10.0
1478,75076,83.0,6,72,0.40211,1.0098,True,False,wall,60.0,33.0,-10.0
1479,75116,35.0,2,40,0.401934,1.3525,True,False,wall,20.0,25.0,-10.0
1480,75148,34.0,3,32,0.401794,1.1957,True,False,wall,30.0,14.0,-10.0
1481,75187,41.0,3,39,0.401622,1.2201,True,False,wall,30.0,21.0,-10.0
1482,75196,7.0,1,9,0.401583,1.3147,True,False,wall,10.0,7.0,-10.0
1483,75268,78.0,5,72,0.401266,2.3558,True,False,wall,50.0,38.0,-10.0
1484,75305,37.0,3,37,0.401104,1.9623,True,False,body,30.0,17.0,-10.0
1485,75331,10.0,1,26,0.40099,1.359,True,False,wall,10.0,10.0,-10.0
1486,75416,89.0,5,85,0.400617,1.3077,True,False,wall,50.0,49.0,-10.0
1487,75489,55.0,3,73,0.400297,1.1579,True,False,wall,30.0,35.0,-10.0
1488,75554,43.0,3,65,0.400013,1.2721,True,False,wall,30.0,23.0,-10.0
1489,75597,52.0,4,43,0.399825,1.7887,True,False,body,40.0,22.0,-10.0
1490,75638,39.0,3,41,0.399645,1.1718,True,False,body,30.0,19.0,-10.0
1491,75698,46.0,3,60,0.399383,1.2564,True,False,body,30.0,26.0,-10.0
1492,75718,8.0,1,20,0.399296,1.1629,True,False,wall,10.0,8.0,-10.0
1493,75737,20.0,2,19,0.399213,1.2972,True,False,wall,20.0,10.0,-10.0
1494,75771,30.0,3,34,0.399065,1.3112,True,False,body,30.0,10.0,-10.0
1495,75791,16.0,1,20,0.398977,1.1346,True,False,wall,10.0,16.0,-10.0
1496,75807,8.0,1,16,0.398908,0.7977,True,False,wall,10.0,8.0,-10.0
1497,75888,110.0,6,81,0.398555,0.8446,True,False,body,60.0,60.0,-10.0
1498,75989,74.0,4,101,0.398115,1.0574,True,False,body,40.0,44.0,-10.0
1499,76059,93.0,6,70,0.39781,1.0049,True,False,body,60.0,43.0,-10.0
1500,76094,43.0,3,35,0.397658,1.3883,True,False,body,30.0,23.0,-10.0
1501,76164,56.0,3,70,0.397354,1.315,True,False,body,30.0,36.0,-10.0
1502,76221,34.0,2,57,0.397107,1.0925,True,False,wall,20.0,24.0,-10.0
1503,76317,68.0,5,96,0.39669,1.0528,True,False,body,50.0,28.0,-10.0
1504,76343,23.0,2,26,0.396578,1.0979,True,False,wall,20.0,13.0,-10.0
1505,76368,17.0,1,25,0.396469,0.9651,True,False,wall,10.0,17.0,-10.0
1506,76441,72.0,4,73,0.396153,3.114,True,False,wall,40.0,42.0,-10.0
1507,76481,36.0,3,40,0.39598,4.108,True,False,body,30.0,16.0,-10.0
1508,76510,21.0,1,29,0.395855,2.47,True,False,wall,10.0,21.0,-10.0
1509,76551,41.0,3,41,0.395678,2.4558,True,False,body,30.0,21.0,-10.0
1510,76597,39.0,2,46,0.395479,1.7821,True,False,wall,20.0,29.0,-10.0
1511,76666,81.0,5,69,0.395181,1.2101,True,False,body,50.0,41.0,-10.0
1512,76674,-7.0,0,8,0.395147,0.902,True,False,wall,0.0,3.0,-10.0
1513,76752,50.0,3,78,0.39481,1.1112,True,False,wall,30.0,30.0,-10.0
1514,76797,23.0,1,45,0.394617,1.9813,True,False,wall,10.0,23.0,-10.0
1515,76886,103.0,5,89,0.394233,1.1981,True,False,body,50.0,63.0,-10.0
1516,76993,86.0,6,107,0.393773,1.479,True,False,body,60.0,36.0,-10.0
1517,77057,46.0,3,64,0.393498,1.2718,True,False,body,30.0,26.0,-10.0
1518,77150,70.0,4,93,0.393099,1.1224,True,False,body,40.0,40.0,-10.0
1519,77273,90.0,4,123,0.392572,1.2475,True,False,wall,40.0,60.0,-10.0
1520,77316,41.0,3,43,0.392388,1.2421,True,False,body,30.0,21.0,-10.0
1521,77346,12.0,1,30,0.39226,0.9035,True,False,wall,10.0,12.0,-10.0
1522,77539,133.0,7,193,0.391435,1.3988,True,False,wall,70.0,73.0,-10.0
1523,77733,172.0,9,194,0.390608,1.2508,True,False,wall,90.0,92.0,-10.0
1524,77836,91.0,5,103,0.39017,1.3075,True,False,wall,50.0,51.0,-10.0
1525,77882,52.0,3,46,0.389974,1.2073,True,False,wall,30.0,32.0,-10.0
1526,77945,69.0,5,63,0.389707,0.8487,True,False,body,50.0,29.0,-10.0
1527,78005,74.0,5,60,0.389452,1.043,True,False,body,50.0,34.0,-10.0
1528,78042,19.0,1,37,0.389295,1.3805,True,False,wall,10.0,19.0,-10.0
1529,78069,26.0,2,27,0.38918,1.1879,True,False,wall,20.0,16.0,-10.0
1530,78189,123.0,8,120,0.388672,1.1204,True,False,body,80.0,53.0,-10.0
1531,78214,2.0,0,25,0.388566,1.0854,True,False,wall,0.0,12.0,-10.0
1532,78240,14.0,1,26,0.388456,0.9022,True,False,wall,10.0,14.0,-10.0
1533,78298,61.0,4,58,0.388211,1.6781,True,False,body,40.0,31.0,-10.0
1534,78306,-3.0,0,8,0.388177,2.6222,True,False,wall,0.0,7.0,-10.0
1535,78326,25.0,2,20,0.388093,3.1006,True,False,wall,20.0,15.0,-10.0
1536,78429,87.0,5,103,0.387658,1.4857,True,False,body,50.0,47.0,-10.0
1537,78457,1.0,0,28,0.387539,1.0591,True,False,wall,0.0,11.0,-10.0
1538,78492,13.0,1,35,0.387392,4.7377,True,False,wall,10.0,13.0,-10.0
1539,78512,8.0,1,20,0.387307,2.7784,True,False,wall,10.0,8.0,-10.0
1540,78618,105.0,6,106,0.386861,1.0156,True,False,wall,60.0,55.0,-10.0
1541,78678,78.0,5,60,0.386608,0.9576,True,False,body,50.0,38.0,-10.0
1542,78812,119.0,8,134,0.386045,1.2211,True,False,body,80.0,49.0,-10.0
1543,78888,63.0,4,76,0.385726,1.2252,True,False,body,40.0,33.0,-10.0
1544,78951,84.0,6,63,0.385462,1.2937,True,False,body,60.0,34.0,-10.0
1545,79065,127.0,8,114,0.384984,1.1148,True,False,body,80.0,57.0,-10.0
1546,79186,97.0,5,121,0.384478,1.3557,True,False,body,50.0,57.0,-10.0
1547,79222,40.0,3,36,0.384327,0.7907,True,False,body,30.0,20.0,-10.0
1548,79349,118.0,6,127,0.383797,1.0481,True,False,wall,60.0,68.0,-10.0
1549,79386,42.0,4,37,0.383642,1.3244,True,False,wall,40.0,12.0,-10.0
1550,79446,39.0,2,60,0.383392,1.092,True,False,wall,20.0,29.0,-10.0
1551,79549,102.0,6,103,0.382963,1.2165,True,False,body,60.0,52.0,-10.0
1552,79596,71.0,5,47,0.382768,0.985,True,False,body,50.0,31.0,-10.0
1553,79650,44.0,3,54,0.382543,1.226,True,False,body,30.0,24.0,-10.0
1554,79661,7.0,1,11,0.382497,1.1759,True,False,wall,10.0,7.0,-10.0
1555,79770,110.0,6,109,0.382045,1.2681,True,False,body,60.0,60.0,-10.0
1556,79846,75.0,4,76,0.381729,1.905,True,False,wall,40.0,45.0,-10.0
1557,79892,23.0,2,46,0.381539,1.2103,True,False,wall,20.0,13.0,-10.0
1558,79937,64.0,4,45,0.381352,2.3992,True,False,body,40.0,34.0,-10.0
1559,80015,84.0,5,78,0.381029,1.1632,True,False,wall,50.0,44.0,-10.0
1560,80083,97.0,6,68,0.380748,1.5525,True,False,wall,60.0,47.0,-10.0
1561,80252,187.0,9,169,0.38005,1.4563,True,False,wall,90.0,107.0,-10.0
1562,80310,59.0,4,58,0.379811,1.7076,True,False,body,40.0,29.0,-10.0
1563,80322,10.0,1,12,0.379762,1.1188,True,False,wall,10.0,10.0,-10.0
1564,80421,99.0,5,99,0.379354,1.1743,True,False,body,50.0,59.0,-10.0
1565,80506,81.0,5,85,0.379004,1.1056,True,False,body,50.0,41.0,-10.0
1566,80641,131.0,7,135,0.378449,1.3062,True,False,body,70.0,71.0,-10.0
1567,80684,40.0,2,43,0.378273,1.3883,True,False,wall,20.0,30.0,-10.0
1568,80762,105.0,6,78,0.377953,1.7787,True,False,body,60.0,55.0,-10.0
1569,80896,138.0,7,134,0.377404,1.1062,True,False,body,70.0,78.0,-10.0
1570,80919,9.0,1,23,0.37731,1.1017,True,False,wall,10.0,9.0,-10.0
1571,80943,17.0,2,24,0.377212,1.7126,True,False,wall,20.0,7.0,-10.0
1572,80999,46.0,3,56,0.376983,1.2501,True,False,body,30.0,26.0,-10.0
1573,81076,49.0,3,77,0.376668,1.0065,True,False,body,30.0,29.0,-10.0
1574,81170,127.0,8,94,0.376285,1.3007,True,False,wall,80.0,57.0,-10.0
1575,81228,69.0,4,58,0.376048,1.4809,True,False,wall,40.0,39.0,-10.0
1576,81284,63.0,4,56,0.37582,1.1393,True,False,wall,40.0,33.0,-10.0
1577,81334,53.0,4,50,0.375616,1.7716,True,False,wall,40.0,23.0,-10.0
1578,81384,42.0,3,50,0.375413,0.9774,True,False,wall,30.0,22.0,-10.0
1579,81435,48.0,4,51,0.375205,0.8097,True,False,body,40.0,18.0,-10.0
1580,81464,42.0,4,29,0.375088,0.8038,True,False,wall,40.0,12.0,-10.0
1581,81481,9.0,1,17,0.375019,0.8763,True,False,wall,10.0,9.0,-10.0
1582,81550,60.0,4,69,0.374738,0.9356,True,False,wall,40.0,30.0,-10.0
1583,81614,61.0,4,64,0.374479,0.8961,True,False,wall,40.0,31.0,-10.0
1584,81765,193.0,11,151,0.373867,0.97,True,False,wall,110.0,93.0,-10.0
1585,81821,44.0,3,56,0.37364,1.2453,True,False,body,30.0,24.0,-10.0
1586,81871,50.0,3,50,0.373438,2.1114,True,False,wall,30.0,30.0,-10.0
1587,81939,65.0,4,68,0.373163,2.2185,True,False,body,40.0,35.0,-10.0
1588,82024,84.0,4,85,0.37282,2.5321,True,False,wall,40.0,54.0,-10.0
1589,82185,172.0,10,161,0.372171,0.9893,True,False,body,100.0,82.0,-10.0
1590,82209,4.0,1,24,0.372074,1.0475,True,False,wall,10.0,4.0,-10.0
1591,82268,62.0,4,59,0.371837,1.8511,True,False,body,40.0,32.0,-10.0
1592,82360,112.0,7,92,0.371467,1.0789,True,False,body,70.0,52.0,-10.0
1593,82416,52.0,3,56,0.371242,1.8111,True,False,wall,30.0,32.0,-10.0
1594,82428,8.0,1,12,0.371194,1.7593,True,False,wall,10.0,8.0,-10.0
1595,82566,163.0,10,138,0.37064,1.7598,True,False,body,100.0,73.0,-10.0
1596,82639,70.0,4,73,0.370348,1.842,True,False,body,40.0,40.0,-10.0
1597,82653,10.0,1,14,0.370292,1.2433,True,False,wall,10.0,10.0,-10.0
1598,82684,11.0,1,31,0.370168,1.0108,True,False,wall,10.0,11.0,-10.0
1599,82746,31.0,2,62,0.36992,2.0804,True,False,wall,20.0,21.0,-10.0
1600,82777,30.0,2,31,0.369796,1.0193,True,False,wall,20.0,20.0,-10.0
1601,82816,43.0,3,39,0.36964,1.3702,True,False,body,30.0,23.0,-10.0
1602,82828,4.0,1,12,0.369592,1.3337,True,False,wall,10.0,4.0,-10.0
1603,82871,47.0,3,43,0.36942,1.8253,True,False,wall,30.0,27.0,-10.0
1604,82986,144.0,8,115,0.368961,1.6176,True,False,body,80.0,74.0,-10.0
1605,83040,44.0,3,54,0.368746,1.0718,True,False,wall,30.0,24.0,-10.0
1606,83084,44.0,3,44,0.368571,0.8642,True,False,body,30.0,24.0,-10.0
1607,83116,6.0,1,32,0.368443,0.8388,True,False,wall,10.0,6.0,-10.0
1608,83191,71.0,5,75,0.368145,1.0695,True,False,wall,50.0,31.0,-10.0
1609,83242,43.0,3,51,0.367942,2.0375,True,False,wall,30.0,23.0,-10.0
1610,83287,49.0,3,45,0.367763,2.2387,True,False,body,30.0,29.0,-10.0
1611,83354,83.0,5,67,0.367497,1.7019,True,False,wall,50.0,43.0,-10.0
1612,83459,90.0,6,105,0.367081,1.6476,True,False,wall,60.0,40.0,-10.0
1613,83480,9.0,1,21,0.366998,1.5994,True,False,wall,10.0,9.0,-10.0
1614,83495,9.0,1,15,0.366938,1.2356,True,False,wall,10.0,9.0,-10.0
1615,83558,72.0,4,63,0.366689,1.6362,True,False,body,40.0,42.0,-10.0
1616,83589,41.0,3,31,0.366566,1.6566,True,False,body,30.0,21.0,-10.0
1617,83635,65.0,4,46,0.366384,1.0246,True,False,wall,40.0,35.0,-10.0
1618,83685,48.0,3,50,0.366187,1.0859,True,False,body,30.0,28.0,-10.0
1619,83705,4.0,1,20,0.366107,0.9847,True,False,wall,10.0,4.0,-10.0
1620,83771,68.0,5,66,0.365847,1.0779,True,False,body,50.0,28.0,-10.0
1621,83785,8.0,1,14,0.365792,1.4926,True,False,wall,10.0,8.0,-10.0
1622,83883,102.0,5,98,0.365405,1.2874,True,False,wall,50.0,62.0,-10.0
1623,83979,117.0,8,96,0.365027,0.8519,True,False,wall,80.0,47.0,-10.0
1624,84057,61.0,4,78,0.36472,1.2004,True,False,body,40.0,31.0,-10.0
1625,84197,81.0,4,140,0.364169,1.0615,True,False,body,40.0,51.0,-10.0
1626,84231,31.0,2,34,0.364036,1.3759,True,False,wall,20.0,21.0,-10.0
1627,84329,93.0,4,98,0.363651,1.1002,True,False,wall,40.0,63.0,-10.0
1628,84416,77.0,5,87,0.363311,1.2397,True,False,body,50.0,37.0,-10.0
1629,84514,111.0,6,98,0.362927,0.921,True,False,body,60.0,61.0,-10.0
1630,84576,69.0,4,62,0.362685,1.1687,True,False,body,40.0,39.0,-10.0
1631,84598,25.0,2,22,0.362599,0.7939,True,False,wall,20.0,15.0,-10.0
1632,84634,44.0,3,36,0.362458,0.8205,True,False,body,30.0,24.0,-10.0
1633,84698,82.0,5,64,0.362208,0.8832,True,False,body,50.0,42.0,-10.0
1634,84773,47.0,3,75,0.361915,1.4222,True,False,body,30.0,27.0,-10.0
1635,84848,66.0,4,75,0.361623,1.1992,True,False,wall,40.0,36.0,-10.0
1636,84878,47.0,4,30,0.361506,1.4072,True,False,wall,40.0,17.0,-10.0
1637,84962,79.0,4,84,0.361179,1.2226,True,False,body,40.0,49.0,-10.0
1638,84996,31.0,2,34,0.361047,1.5991,True,False,wall,20.0,21.0,-10.0
1639,85101,105.0,5,105,0.360639,1.5472,True,False,wall,50.0,65.0,-10.0
1640,85161,44.0,3,60,0.360406,1.6671,True,False,body,30.0,24.0,-10.0
1641,85186,24.0,2,25,0.360309,1.2198,True,False,wall,20.0,14.0,-10.0
1642,85223,34.0,2,37,0.360166,2.0607,True,False,wall,20.0,24.0,-10.0
1643,85238,9.0,1,15,0.360108,1.3676,True,False,wall,10.0,9.0,-10.0
1644,85288,38.0,3,50,0.359914,1.9017,True,False,body,30.0,18.0,-10.0
1645,85368,107.0,6,80,0.359604,1.3026,True,False,body,60.0,57.0,-10.0
1646,85517,174.0,10,149,0.359028,1.4047,True,False,wall,100.0,84.0,-10.0
1647,85571,61.0,4,54,0.35882,1.5087,True,False,body,40.0,31.0,-10.0
1648,85592,22.0,2,21,0.358739,1.3666,True,False,wall,20.0,12.0,-10.0
1649,85664,79.0,4,72,0.358461,1.156,True,False,body,40.0,49.0,-10.0
1650,85707,50.0,4,43,0.358295,1.1248,True,False,wall,40.0,20.0,-10.0
1651,85732,13.0,1,25,0.358199,1.164,True,False,wall,10.0,13.0,-10.0
1652,85788,44.0,3,56,0.357983,1.2165,True,False,body,30.0,24.0,-10.0
1653,85801,-2.0,0,13,0.357933,0.6898,True,False,wall,0.0,8.0,-10.0
1654,85896,117.0,7,95,0.357568,0.8347,True,False,wall,70.0,57.0,-10.0
1655,85956,54.0,3,60,0.357337,0.825,True,False,wall,30.0,34.0,-10.0
1656,86049,94.0,6,93,0.35698,1.4576,True,False,body,60.0,44.0,-10.0
1657,86073,47.0,4,24,0.356888,1.8677,True,False,wall,40.0,17.0,-10.0
1658,86156,104.0,6,83,0.35657,1.1852,True,False,body,60.0,54.0,-10.0
1659,86196,27.0,2,40,0.356416,1.7649,True,False,wall,20.0,17.0,-10.0
1660,86267,109.0,7,71,0.356145,0.8248,True,False,wall,70.0,49.0,-10.0
1661,86300,7.0,1,33,0.356018,1.0621,True,False,wall,10.0,7.0,-10.0
1662,86314,21.0,2,14,0.355965,1.202,True,False,wall,20.0,11.0,-10.0
1663,86408,105.0,6,94,0.355605,1.261,True,False,body,60.0,55.0,-10.0
1664,86447,39.0,3,39,0.355456,1.2977,True,False,body,30.0,19.0,-10.0
1665,86477,23.0,2,30,0.355342,0.7873,True,False,wall,20.0,13.0,-10.0
1666,86507,42.0,3,30,0.355227,1.2675,True,False,body,30.0,22.0,-10.0
1667,86592,100.0,6,85,0.354903,1.0901,True,False,body,60.0,50.0,-10.0
1668,86619,13.0,1,27,0.3548,1.4579,True,False,wall,10.0,13.0,-10.0
1669,86716,141.0,9,97,0.354431,2.0559,True,False,wall,90.0,61.0,-10.0
1670,86766,38.0,3,50,0.354241,1.3057,True,False,body,30.0,18.0,-10.0
1671,86830,65.0,4,64,0.353998,0.9875,True,False,body,40.0,35.0,-10.0
1672,86883,45.0,3,53,0.353796,1.0958,True,False,body,30.0,25.0,-10.0
1673,86983,127.0,8,100,0.353417,1.5652,True,False,wall,80.0,57.0,-10.0
1674,87032,39.0,3,49,0.353231,1.1783,True,False,wall,30.0,19.0,-10.0
1675,87146,125.0,6,114,0.352799,1.1972,True,False,wall,60.0,75.0,-10.0
1676,87217,55.0,3,71,0.352531,0.839,True,False,wall,30.0,35.0,-10.0
1677,87260,43.0,3,43,0.352368,0.7871,True,False,body,30.0,23.0,-10.0
1678,87318,51.0,2,58,0.352149,1.0288,True,False,wall,20.0,41.0,-10.0
1679,87362,44.0,3,44,0.351983,1.1358,True,False,body,30.0,24.0,-10.0
1680,87442,108.0,7,80,0.351681,2.0792,True,False,body,70.0,48.0,-10.0
1681,87489,27.0,1,47,0.351504,3.8946,True,False,wall,10.0,27.0,-10.0
1682,87547,63.0,4,58,0.351285,1.2664,True,False,body,40.0,33.0,-10.0
1683,87589,42.0,3,42,0.351127,1.3205,True,False,wall,30.0,22.0,-10.0
1684,87673,88.0,5,84,0.350811,1.3417,True,False,body,50.0,48.0,-10.0
1685,87730,48.0,4,57,0.350597,1.7355,True,False,body,40.0,18.0,-10.0
1686,87805,84.0,6,75,0.350315,1.5203,True,False,body,60.0,34.0,-10.0
1687,87849,52.0,3,44,0.35015,1.3818,True,False,wall,30.0,32.0,-10.0
1688,87918,74.0,4,69,0.349891,1.4142,True,False,wall,40.0,44.0,-10.0
1689,87998,112.0,7,80,0.349591,0.9364,True,False,body,70.0,52.0,-10.0
1690,88081,76.0,4,83,0.349281,1.0983,True,False,wall,40.0,46.0,-10.0
1691,88162,87.0,5,81,0.348978,1.3258,True,False,body,50.0,47.0,-10.0
1692,88221,68.0,4,59,0.348758,1.0031,True,False,wall,40.0,38.0,-10.0
1693,88250,13.0,1,29,0.348649,0.8324,True,False,wall,10.0,13.0,-10.0
1694,88272,14.0,1,22,0.348567,1.0258,True,False,wall,10.0,14.0,-10.0
1695,88407,187.0,11,135,0.348064,1.1573,True,False,body,110.0,87.0,-10.0
1696,88505,103.0,6,98,0.347699,2.1639,True,False,wall,60.0,53.0,-10.0
1697,88519,1.0,0,14,0.347647,1.3039,True,False,wall,0.0,11.0,-10.0
1698,88580,60.0,4,61,0.34742,0.9079,True,False,wall,40.0,30.0,-10.0
1699,88649,83.0,5,69,0.347163,1.0672,True,False,body,50.0,43.0,-10.0
1700,88718,69.0,3,69,0.346907,1.0123,True,False,wall,30.0,49.0,-10.0
1701,88762,50.0,3,44,0.346744,1.2644,True,False,wall,30.0,30.0,-10.0
1702,88797,21.0,1,35,0.346614,0.9287,True,False,wall,10.0,21.0,-10.0
1703,88849,50.0,3,52,0.346421,1.0787,True,False,wall,30.0,30.0,-10.0
1704,88880,33.0,3,31,0.346307,0.787,True,False,body,30.0,13.0,-10.0
1705,88912,38.0,3,32,0.346188,0.7613,True,False,wall,30.0,18.0,-10.0
1706,88946,31.0,2,34,0.346062,0.9701,True,False,wall,20.0,21.0,-10.0
1707,88964,8.0,1,18,0.345996,1.2103,True,False,wall,10.0,8.0,-10.0
1708,88976,-5.0,0,12,0.345951,1.1717,True,False,wall,0.0,5.0,-10.0
1709,88991,13.0,1,15,0.345896,0.8786,True,False,wall,10.0,13.0,-10.0
1710,89034,45.0,3,43,0.345737,1.2889,True,False,body,30.0,25.0,-10.0
1711,89056,3.0,0,22,0.345655,2.0017,True,False,wall,0.0,13.0,-10.0
1712,89183,121.0,7,127,0.345186,1.6283,True,False,body,70.0,61.0,-10.0
1713,89217,29.0,2,34,0.345061,1.6171,True,False,wall,20.0,19.0,-10.0
1714,89298,59.0,3,81,0.344762,2.3687,True,False,body,30.0,39.0,-10.0
1715,89387,119.0,7,89,0.344435,2.1163,True,False,body,70.0,59.0,-10.0
1716,89401,17.0,2,14,0.344383,1.5809,True,False,wall,20.0,7.0,-10.0
1717,89423,21.0,2,22,0.344302,1.984,True,False,wall,20.0,11.0,-10.0
1718,89488,116.0,8,65,0.344063,1.2569,True,False,wall,80.0,46.0,-10.0
1719,89509,-2.0,0,21,0.343986,1.7443,True,False,wall,0.0,8.0,-10.0
1720,89634,137.0,7,125,0.343527,1.5967,True,False,body,70.0,77.0,-10.0
1721,89675,39.0,3,41,0.343377,1.1348,True,False,wall,30.0,19.0,-10.0
1722,89828,171.0,11,153,0.342816,1.0405,True,False,body,110.0,71.0,-10.0
1723,89914,94.0,5,86,0.342501,1.4986,True,False,body,50.0,54.0,-10.0
1724,89930,12.0,1,16,0.342443,1.9924,True,False,wall,10.0,12.0,-10.0
1725,90030,99.0,6,100,0.342078,1.187,True,False,body,60.0,49.0,-10.0
1726,90096,61.0,4,66,0.341837,0.7572,True,False,wall,40.0,31.0,-10.0
1727,90218,79.0,4,122,0.341392,1.437,True,False,wall,40.0,49.0,-10.0
1728,90258,33.0,2,40,0.341246,1.1997,True,False,wall,20.0,23.0,-10.0
1729,90366,145.0,8,108,0.340854,2.0552,True,False,body,80.0,75.0,-10.0
1730,90384,8.0,1,18,0.340788,1.3632,True,False,wall,10.0,8.0,-10.0
1731,90407,17.0,1,23,0.340704,1.042,True,False,wall,10.0,17.0,-10.0
1732,90520,124.0,6,113,0.340294,1.0788,True,False,body,60.0,74.0,-10.0
1733,90650,103.0,6,130,0.339823,1.1693,True,False,body,60.0,53.0,-10.0
1734,90665,-2.0,0,15,0.339768,1.2811,True,False,wall,0.0,8.0,-10.0
1735,90674,-2.0,0,9,0.339736,0.8081,True,False,wall,0.0,8.0,-10.0
1736,90706,38.0,3,32,0.33962,0.8568,True,False,wall,30.0,18.0,-10.0
1737,90796,100.0,5,90,0.339294,1.2959,True,False,body,50.0,60.0,-10.0
1738,90817,5.0,1,21,0.339218,1.435,True,False,wall,10.0,5.0,-10.0
1739,90917,92.0,5,100,0.338857,1.0986,True,False,body,50.0,52.0,-10.0
1740,90933,6.0,1,16,0.338799,1.4341,True,False,wall,10.0,6.0,-10.0
1741,90949,12.0,1,16,0.338742,0.9725,True,False,wall,10.0,12.0,-10.0
1742,91037,76.0,5,88,0.338424,1.0907,True,False,body,50.0,36.0,-10.0
1743,91052,0.0,0,15,0.33837,0.9685,True,False,wall,0.0,10.0,-10.0
1744,91203,133.0,7,151,0.337826,1.1446,True,False,body,70.0,73.0,-10.0
1745,91236,39.0,3,33,0.337708,1.5084,True,False,body,30.0,19.0,-10.0
1746,91256,10.0,1,20,0.337636,0.8327,True,False,wall,10.0,10.0,-10.0
1747,91283,43.0,3,27,0.337539,1.4142,True,False,wall,30.0,23.0,-10.0
1748,91334,64.0,4,51,0.337355,1.0833,True,False,wall,40.0,34.0,-10.0
1749,91423,99.0,5,89,0.337036,1.3995,True,False,wall,50.0,59.0,-10.0
1750,91469,40.0,3,46,0.336871,0.9296,True,False,body,30.0,20.0,-10.0
1751,91479,-3.0,0,10,0.336835,2.0521,True,False,wall,0.0,7.0,-10.0
1752,91522,45.0,3,43,0.336681,0.8791,True,False,body,30.0,25.0,-10.0
1753,91545,11.0,1,23,0.336598,0.7843,True,False,wall,10.0,11.0,-10.0
1754,91606,77.0,5,61,0.33638,1.8771,True,False,wall,50.0,37.0,-10.0
1755,91625,17.0,1,19,0.336312,1.4986,True,False,wall,10.0,17.0,-10.0
1756,91643,10.0,1,18,0.336248,0.9919,True,False,wall,10.0,10.0,-10.0
1757,91689,33.0,2,46,0.336083,1.5076,True,False,wall,20.0,23.0,-10.0
1758,91776,89.0,5,87,0.335772,1.9972,True,False,body,50.0,49.0,-10.0
1759,91866,120.0,7,90,0.335451,1.3476,True,False,body,70.0,60.0,-10.0
1760,91879,0.0,0,13,0.335404,0.8364,True,False,wall,0.0,10.0,-10.0
1761,91935,52.0,3,56,0.335205,1.3689,True,False,wall,30.0,32.0,-10.0
1762,92017,97.0,6,82,0.334913,1.6556,True,False,wall,60.0,47.0,-10.0
1763,92110,102.0,6,93,0.334582,0.9788,True,False,wall,60.0,52.0,-10.0
1764,92155,47.0,3,45,0.334421,1.0167,True,False,wall,30.0,27.0,-10.0
1765,92181,20.0,1,26,0.334329,0.9302,True,False,wall,10.0,20.0,-10.0
1766,92234,62.0,4,53,0.334141,0.8541,True,False,body,40.0,32.0,-10.0
1767,92248,28.0,3,14,0.334091,1.0001,True,False,body,30.0,8.0,-10.0
1768,92284,51.0,4,36,0.333963,1.3267,True,False,wall,40.0,21.0,-10.0
1769,92303,22.0,2,19,0.333896,1.2545,True,False,wall,20.0,12.0,-10.0
1770,92337,25.0,2,34,0.333775,1.2111,True,False,wall,20.0,15.0,-10.0
1771,92391,60.0,3,54,0.333584,1.3254,True,False,body,30.0,40.0,-10.0
1772,92439,33.0,2,48,0.333414,1.5019,True,False,wall,20.0,23.0,-10.0
1773,92555,168.0,11,116,0.333003,0.912,True,False,wall,110.0,68.0,-10.0
1774,92630,85.0,5,75,0.332738,1.1803,True,False,body,50.0,45.0,-10.0
1775,92658,28.0,3,28,0.332639,1.5155,True,False,body,30.0,8.0,-10.0
1776,92714,78.0,5,56,0.332441,1.1191,True,False,wall,50.0,38.0,-10.0
1777,92785,43.0,3,71,0.33219,1.024,True,False,body,30.0,23.0,-10.0
1778,92878,94.0,6,93,0.331863,1.6411,True,False,body,60.0,44.0,-10.0
1779,92916,10.0,1,38,0.331729,1.5959,True,False,wall,10.0,10.0,-10.0
1780,92963,34.0,2,47,0.331563,1.3559,True,False,wall,20.0,24.0,-10.0
1781,92985,-3.0,0,22,0.331486,1.1604,True,False,wall,0.0,7.0,-10.0
1782,93020,32.0,2,35,0.331363,1.2037,True,False,wall,20.0,22.0,-10.0
1783,93071,54.0,4,51,0.331183,1.2061,True,False,body,40.0,24.0,-10.0
1784,93161,125.0,8,90,0.330867,2.3184,True,False,wall,80.0,55.0,-10.0
1785,93226,88.0,6,65,0.330639,1.3267,True,False,wall,60.0,38.0,-10.0
1786,93360,157.0,8,134,0.330169,1.0094,True,False,body,80.0,87.0,-10.0
1787,93372,8.0,1,12,0.330127,0.8046,True,False,wall,10.0,8.0,-10.0
1788,93411,39.0,3,39,0.329991,0.8844,True,False,body,30.0,19.0,-10.0
1789,93483,75.0,4,72,0.329739,0.9548,True,False,body,40.0,45.0,-10.0
1790,93615,205.0,12,132,0.329278,1.4977,True,False,body,120.0,95.0,-10.0
1791,93740,137.0,7,125,0.328842,1.5771,True,False,wall,70.0,77.0,-10.0
1792,93817,129.0,9,77,0.328574,1.7642,True,False,body,90.0,49.0,-10.0
1793,93854,32.0,2,37,0.328445,1.0406,True,False,wall,20.0,22.0,-10.0
1794,93927,64.0,4,73,0.328191,0.9994,True,False,body,40.0,34.0,-10.0
1795,93939,8.0,1,12,0.328149,1.0634,True,False,wall,10.0,8.0,-10.0
1796,93982,34.0,2,43,0.328,1.8767,True,False,wall,20.0,24.0,-10.0
1797,94080,114.0,7,98,0.327659,1.479,True,False,body,70.0,54.0,-10.0
1798,94113,45.0,3,33,0.327545,1.1454,True,False,body,30.0,25.0,-10.0
1799,94139,49.0,4,26,0.327455,1.3949,True,False,body,40.0,19.0,-10.0
1800,94205,53.0,4,66,0.327226,1.087,True,False,body,40.0,23.0,-10.0
1801,94278,59.0,3,73,0.326973,1.0374,True,False,wall,30.0,39.0,-10.0
1802,94298,14.0,1,20,0.326904,1.6358,True,False,wall,10.0,14.0,-10.0
1803,94374,67.0,4,76,0.326641,1.0838,True,False,body,40.0,37.0,-10.0
1804,94466,138.0,9,92,0.326323,1.6169,True,False,body,90.0,58.0,-10.0
1805,94567,110.0,6,101,0.325974,1.3476,True,False,body,60.0,60.0,-10.0
1806,94623,69.0,4,56,0.325781,0.9403,True,False,body,40.0,39.0,-10.0
1807,94649,27.0,2,26,0.325691,1.2998,True,False,wall,20.0,17.0,-10.0
1808,94661,10.0,1,12,0.32565,0.9447,True,False,wall,10.0,10.0,-10.0
1809,94770,142.0,8,109,0.325275,0.8865,True,False,wall,80.0,72.0,-10.0
1810,94828,66.0,5,58,0.325075,0.8704,True,False,body,50.0,26.0,-10.0
1811,94902,97.0,6,74,0.324821,1.4351,True,False,body,60.0,47.0,-10.0
1812,94978,81.0,6,76,0.32456,1.9104,True,False,body,60.0,31.0,-10.0
1813,95088,112.0,7,110,0.324183,1.6127,True,False,body,70.0,52.0,-10.0
1814,95124,24.0,1,36,0.324059,1.9773,True,False,wall,10.0,24.0,-10.0
1815,95202,93.0,6,78,0.323792,1.2062,True,False,body,60.0,43.0,-10.0
1816,95313,123.0,7,111,0.323413,1.2999,True,False,wall,70.0,63.0,-10.0
1817,95402,87.0,5,89,0.323109,2.0496,True,False,wall,50.0,47.0,-10.0
1818,95480,107.0,6,78,0.322843,1.2911,True,False,body,60.0,57.0,-10.0
1819,95504,8.0,1,24,0.322761,1.1983,True,False,wall,10.0,8.0,-10.0
1820,95555,49.0,3,51,0.322587,1.6232,True,False,wall,30.0,29.0,-10.0
1821,95593,20.0,1,38,0.322457,1.6514,True,False,wall,10.0,20.0,-10.0
1822,95635,48.0,3,42,0.322314,1.5607,True,False,body,30.0,28.0,-10.0
1823,95693,47.0,2,58,0.322117,1.0795,True,False,wall,20.0,37.0,-10.0
1824,95788,118.0,6,95,0.321794,1.1495,True,False,wall,60.0,68.0,-10.0
1825,95803,11.0,1,15,0.321743,3.7413,True,False,wall,10.0,11.0,-10.0
1826,95878,74.0,4,75,0.321488,1.3889,True,False,wall,40.0,44.0,-10.0
1827,95955,74.0,4,77,0.321227,1.1956,True,False,wall,40.0,44.0,-10.0
1828,96023,84.0,5,68,0.320997,1.3154,True,False,wall,50.0,44.0,-10.0
1829,96101,94.0,5,78,0.320733,1.2397,True,False,wall,50.0,54.0,-10.0
1830,96126,35.0,3,25,0.320648,1.3683,True,False,body,30.0,15.0,-10.0
1831,96245,156.0,8,119,0.320246,1.2938,True,False,body,80.0,86.0,-10.0
1832,96274,15.0,1,29,0.320148,0.9008,True,False,wall,10.0,15.0,-10.0
1833,96327,49.0,3,53,0.319969,1.1374,True,False,body,30.0,29.0,-10.0
1834,96368,43.0,3,41,0.319831,1.2087,True,False,wall,30.0,23.0,-10.0
1835,96440,76.0,5,72,0.319588,1.1139,True,False,body,50.0,36.0,-10.0
1836,96594,223.0,12,154,0.31907,1.5715,True,False,body,120.0,113.0,-10.0
1837,96612,14.0,1,18,0.319009,0.8217,True,False,wall,10.0,14.0,-10.0
1838,96687,96.0,6,75,0.318757,1.0349,True,False,wall,60.0,46.0,-10.0
1839,96744,39.0,3,57,0.318565,1.2788,True,False,body,30.0,19.0,-10.0
1840,96849,153.0,9,105,0.318213,1.1322,True,False,wall,90.0,73.0,-10.0
1841,96901,43.0,2,52,0.318039,1.0508,True,False,wall,20.0,33.0,-10.0
1842,97009,122.0,9,108,0.317677,0.9509,True,False,body,90.0,42.0,-10.0
1843,97051,90.0,7,42,0.317537,1.025,True,False,body,70.0,30.0,-10.0
1844,97064,-4.0,0,13,0.317493,0.8692,True,False,wall,0.0,6.0,-10.0
1845,97131,74.0,4,67,0.317269,1.2796,True,False,wall,40.0,44.0,-10.0
1846,97159,14.0,1,28,0.317176,1.0896,True,False,wall,10.0,14.0,-10.0
1847,97190,24.0,2,31,0.317072,0.8776,True,False,wall,20.0,14.0,-10.0
1848,97208,23.0,2,18,0.317012,0.9044,True,False,wall,20.0,13.0,-10.0
1849,97228,10.0,1,20,0.316946,1.5957,True,False,wall,10.0,10.0,-10.0
1850,97291,70.0,4,63,0.316735,1.376,True,False,body,40.0,40.0,-10.0
1851,97330,45.0,3,39,0.316605,1.1503,True,False,wall,30.0,25.0,-10.0
1852,97433,94.0,4,103,0.316262,1.3706,True,False,wall,40.0,64.0,-10.0
1853,97455,16.0,1,22,0.316189,0.8524,True,False,wall,10.0,16.0,-10.0
1854,97551,92.0,5,96,0.31587,1.1851,True,False,body,50.0,52.0,-10.0
1855,97615,78.0,5,64,0.315657,1.0724,True,False,body,50.0,38.0,-10.0
1856,97676,72.0,4,61,0.315455,1.5792,True,False,wall,40.0,42.0,-10.0
1857,97749,89.0,5,73,0.315213,1.2231,True,False,body,50.0,49.0,-10.0
1858,97779,10.0,1,30,0.315113,0.888,True,False,wall,10.0,10.0,-10.0
1859,97843,71.0,4,64,0.314901,1.2181,True,False,wall,40.0,41.0,-10.0
1860,97933,92.0,5,90,0.314603,1.2548,True,False,body,50.0,52.0,-10.0
1861,98007,74.0,5,74,0.314359,1.376,True,False,wall,50.0,34.0,-10.0
1862,98086,93.0,5,79,0.314098,1.1271,True,False,body,50.0,53.0,-10.0
1863,98145,77.0,5,59,0.313903,1.3399,True,False,body,50.0,37.0,-10.0
1864,98160,13.0,1,15,0.313854,1.2262,True,False,wall,10.0,13.0,-10.0
1865,98248,126.0,7,88,0.313564,1.6806,True,False,body,70.0,66.0,-10.0
1866,98297,75.0,5,49,0.313402,1.9884,True,False,body,50.0,35.0,-10.0
1867,98501,220.0,13,204,0.312731,1.3191,True,False,body,130.0,100.0,-10.0
1868,98604,108.0,6,103,0.312393,1.1057,True,False,body,60.0,58.0,-10.0
1869,98663,69.0,3,59,0.3122,1.332,True,False,wall,30.0,49.0,-10.0
1870,98736,80.0,4,73,0.311961,1.7394,True,False,body,40.0,50.0,-10.0
1871,98869,150.0,8,133,0.311526,1.2913,True,False,body,80.0,80.0,-10.0
1872,98976,138.0,10,107,0.311176,1.0429,True,False,body,100.0,48.0,-10.0
1873,99053,115.0,7,77,0.310925,1.3895,True,False,body,70.0,55.0,-10.0
1874,99075,17.0,2,22,0.310853,1.5488,True,False,wall,20.0,7.0,-10.0
1875,99086,7.0,1,11,0.310817,2.4086,True,False,wall,10.0,7.0,-10.0
1876,99109,15.0,1,23,0.310742,1.1032,True,False,wall,10.0,15.0,-10.0
1877,99198,114.0,6,89,0.310452,1.1659,True,False,body,60.0,64.0,-10.0
1878,99241,56.0,4,43,0.310312,1.1517,True,False,body,40.0,26.0,-10.0
1879,99348,99.0,5,107,0.309964,1.3791,True,False,body,50.0,59.0,-10.0
1880,99418,95.0,6,70,0.309737,1.1087,True,False,body,60.0,45.0,-10.0
1881,99446,40.0,3,28,0.309646,1.3772,True,False,wall,30.0,20.0,-10.0
1882,99537,124.0,8,91,0.309351,1.1288,True,False,body,80.0,54.0,-10.0
1883,99553,12.0,1,16,0.309299,1.2332,True,False,wall,10.0,12.0,-10.0
1884,99602,58.0,4,49,0.30914,1.2189,True,False,body,40.0,28.0,-10.0
1885,99631,19.0,1,29,0.309046,1.7423,True,False,wall,10.0,19.0,-10.0
1886,99712,117.0,7,81,0.308784,1.2111,True,False,wall,70.0,57.0,-10.0
1887,99792,88.0,5,80,0.308526,1.1187,True,False,body,50.0,48.0,-10.0
1888,99847,67.0,3,55,0.308348,1.0681,True,False,body,30.0,47.0,-10.0
1889,99944,82.0,4,97,0.308035,1.2718,True,False,wall,40.0,52.0,-10.0
1890,100008,56.0,3,64,0.307829,2.6175,True,False,wall,30.0,36.0,-10.0
1891,100095,92.0,4,87,0.307548,1.2698,True,False,body,40.0,62.0,-10.0
1892,100118,15.0,1,23,0.307474,1.2051,True,False,wall,10.0,15.0,-10.0
1893,100210,88.0,5,92,0.307178,1.1858,True,False,body,50.0,48.0,-10.0
1894,100303,67.0,3,93,0.30688,2.8686,True,False,body,30.0,47.0,-10.0
1895,100406,152.0,10,103,0.306549,1.2848,True,False,wall,100.0,62.0,-10.0
1896,100440,40.0,3,34,0.30644,1.2517,True,False,body,30.0,20.0,-10.0
1897,100451,-4.0,0,11,0.306405,0.9419,True,False,wall,0.0,6.0,-10.0
1898,100486,30.0,2,35,0.306293,1.1684,True,False,wall,20.0,20.0,-10.0
1899,100587,106.0,6,101,0.305969,1.4185,True,False,body,60.0,56.0,-10.0
1900,100601,10.0,1,14,0.305924,1.2139,True,False,wall,10.0,10.0,-10.0
1901,100727,117.0,6,126,0.305522,1.039,True,False,body,60.0,67.0,-10.0
1902,100785,80.0,5,58,0.305336,1.6219,True,False,wall,50.0,40.0,-10.0
1903,100830,34.0,2,45,0.305193,1.1241,True,False,wall,20.0,24.0,-10.0
1904,100909,101.0,7,79,0.304941,1.1809,True,False,body,70.0,41.0,-10.0
1905,100920,-4.0,0,11,0.304906,0.8376,True,False,wall,0.0,6.0,-10.0
1906,101039,146.0,8,119,0.304527,1.559,True,False,wall,80.0,76.0,-10.0
1907,101099,56.0,3,60,0.304336,1.2895,True,False,body,30.0,36.0,-10.0
1908,101220,157.0,9,121,0.303952,1.218,True,False,body,90.0,77.0,-10.0
1909,101263,34.0,2,43,0.303815,1.4049,True,False,wall,20.0,24.0,-10.0
1910,101319,69.0,4,56,0.303638,1.5497,True,False,body,40.0,39.0,-10.0
1911,101352,32.0,2,33,0.303533,1.5116,True,False,wall,20.0,22.0,-10.0
1912,101413,68.0,4,61,0.30334,1.2915,True,False,wall,40.0,38.0,-10.0
1913,101429,-1.0,0,16,0.303289,0.9419,True,False,wall,0.0,9.0,-10.0
1914,101498,68.0,4,69,0.303071,1.5452,True,False,body,40.0,38.0,-10.0
1915,101522,12.0,1,24,0.302995,0.9949,True,False,wall,10.0,12.0,-10.0
1916,101569,28.0,2,47,0.302846,1.4207,True,False,wall,20.0,18.0,-10.0
1917,101726,201.0,11,157,0.302351,1.4577,True,False,body,110.0,101.0,-10.0
1918,101753,39.0,3,27,0.302266,0.9628,True,False,wall,30.0,19.0,-10.0
1919,101839,122.0,7,86,0.301995,1.1857,True,False,body,70.0,62.0,-10.0
1920,101932,104.0,6,93,0.301702,1.2844,True,False,body,60.0,54.0,-10.0
1921,102016,92.0,5,84,0.301438,3.8083,True,False,body,50.0,52.0,-10.0
1922,102076,56.0,3,60,0.301249,1.897,True,False,wall,30.0,36.0,-10.0
1923,102204,150.0,9,128,0.300847,1.2248,True,False,wall,90.0,70.0,-10.0
1924,102274,78.0,5,70,0.300628,1.2789,True,False,wall,50.0,38.0,-10.0
1925,102366,102.0,5,92,0.30034,1.8033,True,False,wall,50.0,62.0,-10.0
1926,102447,98.0,6,81,0.300087,1.4943,True,False,body,60.0,48.0,-10.0
1927,102502,38.0,2,55,0.299915,1.0374,True,False,wall,20.0,28.0,-10.0
1928,102560,82.0,5,58,0.299734,1.0727,True,False,body,50.0,42.0,-10.0
1929,102729,195.0,9,169,0.299207,1.4629,True,False,body,90.0,115.0,-10.0
1930,102864,152.0,8,135,0.298786,2.0035,True,False,body,80.0,82.0,-10.0
1931,102975,138.0,8,111,0.298441,1.4519,True,False,body,80.0,68.0,-10.0
1932,103011,25.0,2,36,0.29833,1.3557,True,False,wall,20.0,15.0,-10.0
1933,103081,50.0,3,70,0.298112,1.1777,True,False,wall,30.0,30.0,-10.0
1934,103227,153.0,8,146,0.29766,1.6454,True,False,body,80.0,83.0,-10.0
1935,103280,53.0,3,53,0.297496,1.3389,True,False,wall,30.0,33.0,-10.0
1936,103322,20.0,1,42,0.297366,0.9857,True,False,wall,10.0,20.0,-10.0
1937,103398,105.0,6,76,0.297131,1.1397,True,False,body,60.0,55.0,-10.0
1938,103418,19.0,2,20,0.29707,1.4944,True,False,wall,20.0,9.0,-10.0
1939,103443,26.0,2,25,0.296992,1.4657,True,False,wall,20.0,16.0,-10.0
1940,103456,9.0,1,13,0.296952,2.0224,True,False,wall,10.0,9.0,-10.0
1941,103529,93.0,5,73,0.296727,1.1977,True,False,body,50.0,53.0,-10.0
1942,103601,90.0,5,72,0.296505,1.0084,True,False,wall,50.0,50.0,-10.0
1943,103612,7.0,1,11,0.296471,0.9885,True,False,wall,10.0,7.0,-10.0
1944,103751,169.0,9,139,0.296043,1.3892,True,False,body,90.0,89.0,-10.0
1945,103839,78.0,5,88,0.295773,1.3033,True,False,body,50.0,38.0,-10.0
1946,103930,104.0,6,91,0.295493,1.7087,True,False,body,60.0,54.0,-10.0
1947,103976,59.0,4,46,0.295352,2.4967,True,False,wall,40.0,29.0,-10.0
1948,104005,21.0,1,29,0.295263,1.8045,True,False,wall,10.0,21.0,-10.0
1949,104029,36.0,3,24,0.29519,2.0935,True,False,body,30.0,16.0,-10.0
1950,104107,90.0,5,78,0.294951,1.3265,True,False,body,50.0,50.0,-10.0
1951,104236,147.0,7,129,0.294556,2.5369,True,False,body,70.0,87.0,-10.0
1952,104342,102.0,5,106,0.294232,1.5863,True,False,wall,50.0,62.0,-10.0
1953,104380,35.0,2,38,0.294116,0.8294,True,False,wall,20.0,25.0,-10.0
1954,104391,-6.0,0,11,0.294083,1.0665,True,False,wall,0.0,4.0,-10.0
1955,104452,49.0,3,61,0.293897,1.2069,True,False,body,30.0,29.0,-10.0
1956,104513,81.0,5,61,0.293711,1.4662,True,False,body,50.0,41.0,-10.0
1957,104526,7.0,1,13,0.293671,1.1161,True,False,wall,10.0,7.0,-10.0
1958,104668,188.0,11,142,0.293239,1.565,True,False,body,110.0,88.0,-10.0
1959,104694,12.0,1,26,0.29316,1.954,True,False,wall,10.0,12.0,-10.0
1960,104813,146.0,8,119,0.292799,1.0718,True,False,body,80.0,76.0,-10.0
1961,104998,226.0,12,185,0.292238,1.1567,True,False,body,120.0,116.0,-10.0
1962,105166,201.0,10,168,0.29173,1.3545,True,False,body,100.0,111.0,-10.0
1963,105226,48.0,3,60,0.291548,1.0751,True,False,body,30.0,28.0,-10.0
1964,105250,10.0,1,24,0.291476,1.2792,True,False,wall,10.0,10.0,-10.0
1965,105313,64.0,4,63,0.291286,3.6226,True,False,wall,40.0,34.0,-10.0
1966,105380,87.0,5,67,0.291084,1.5145,True,False,body,50.0,47.0,-10.0
1967,105435,60.0,4,55,0.290918,1.8761,True,False,body,40.0,30.0,-10.0
1968,105479,61.0,4,44,0.290786,0.8977,True,False,body,40.0,31.0,-10.0
1969,105543,92.0,5,64,0.290593,1.1852,True,False,body,50.0,52.0,-10.0
1970,105578,39.0,3,35,0.290488,1.5076,True,False,body,30.0,19.0,-10.0
1971,105618,68.0,5,40,0.290368,1.7005,True,False,body,50.0,28.0,-10.0
1972,105728,119.0,8,110,0.290037,1.2162,True,False,wall,80.0,49.0,-10.0
1973,105820,82.0,5,92,0.289762,1.3349,True,False,body,50.0,42.0,-10.0
1974,105891,82.0,4,71,0.289549,1.7318,True,False,wall,40.0,52.0,-10.0
1975,105976,92.0,6,85,0.289294,1.1022,True,False,body,60.0,42.0,-10.0
1976,106036,80.0,5,60,0.289115,1.6711,True,False,wall,50.0,40.0,-10.0
1977,106159,156.0,8,123,0.288748,1.1521,True,False,body,80.0,86.0,-10.0
1978,106219,70.0,5,60,0.288569,1.0157,True,False,wall,50.0,30.0,-10.0
1979,106258,45.0,3,39,0.288452,0.9979,True,False,body,30.0,25.0,-10.0
1980,106293,56.0,4,35,0.288348,1.1931,True,False,wall,40.0,26.0,-10.0
1981,106319,38.0,3,26,0.288271,1.148,True,False,wall,30.0,18.0,-10.0
1982,106387,75.0,4,68,0.288068,0.8464,True,False,body,40.0,45.0,-10.0
1983,106449,71.0,4,62,0.287884,1.4699,True,False,wall,40.0,41.0,-10.0
1984,106573,155.0,8,124,0.287515,1.5219,True,False,body,80.0,85.0,-10.0
1985,106676,119.0,7,103,0.28721,1.2621,True,False,body,70.0,59.0,-10.0
1986,106776,122.0,7,100,0.286913,1.0929,True,False,body,70.0,62.0,-10.0
1987,106881,151.0,9,105,0.286603,1.9084,True,False,wall,90.0,71.0,-10.0
1988,106958,87.0,5,77,0.286375,1.3502,True,False,body,50.0,47.0,-10.0
1989,107082,178.0,11,124,0.286009,1.1425,True,False,body,110.0,78.0,-10.0
1990,107114,42.0,3,32,0.285915,1.4328,True,False,wall,30.0,22.0,-10.0
1991,107156,44.0,3,42,0.285791,1.4211,True,False,body,30.0,24.0,-10.0
1992,107211,72.0,4,55,0.285629,1.4641,True,False,body,40.0,42.0,-10.0
1993,107238,48.0,4,27,0.285549,1.3219,True,False,wall,40.0,18.0,-10.0
1994,107307,61.0,3,69,0.285346,1.403,True,False,wall,30.0,41.0,-10.0
1995,107368,57.0,3,61,0.285167,1.9851,True,False,body,30.0,37.0,-10.0
1996,107454,88.0,5,86,0.284914,1.4076,True,False,body,50.0,48.0,-10.0
1997,107516,50.0,3,62,0.284732,1.143,True,False,wall,30.0,30.0,-10.0
1998,107587,81.0,5,71,0.284524,1.4675,True,False,wall,50.0,41.0,-10.0
1999,107679,119.0,8,92,0.284254,1.5211,True,False,body,80.0,49.0,-10.0
2000,107715,49.0,4,36,0.284149,0.954,True,False,wall,40.0,19.0,-10.0
2001,107816,103.0,5,101,0.283853,0.9504,True,False,body,50.0,63.0,-10.0
2002,107881,64.0,4,65,0.283664,1.122,True,False,wall,40.0,34.0,-10.0
2003,107903,12.0,1,22,0.283599,0.9847,True,False,wall,10.0,12.0,-10.0
2004,107957,67.0,4,54,0.283442,1.9304,True,False,wall,40.0,37.0,-10.0
2005,107987,32.0,3,30,0.283354,1.1998,True,False,wall,30.0,12.0,-10.0
2006,108082,134.0,8,95,0.283077,0.9796,True,False,body,80.0,64.0,-10.0
2007,108117,28.0,2,35,0.282975,1.4696,True,False,wall,20.0,18.0,-10.0
2008,108204,63.0,3,87,0.282722,1.4368,True,False,wall,30.0,43.0,-10.0
2009,108284,83.0,6,80,0.282489,1.5147,True,False,wall,60.0,33.0,-10.0
2010,108295,-2.0,0,11,0.282457,1.6556,True,False,wall,0.0,8.0,-10.0
2011,108308,0.0,0,13,0.28242,1.8931,True,False,wall,0.0,10.0,-10.0
2012,108328,16.0,1,20,0.282362,1.7714,True,False,wall,10.0,16.0,-10.0
2013,108418,101.0,6,90,0.2821,1.4808,True,False,body,60.0,51.0,-10.0
2014,108434,14.0,1,16,0.282054,1.2001,True,False,wall,10.0,14.0,-10.0
2015,108502,86.0,5,68,0.281857,1.1065,True,False,wall,50.0,46.0,-10.0
2016,108557,99.0,7,55,0.281697,1.5811,True,False,body,70.0,39.0,-10.0
2017,108605,49.0,4,48,0.281558,1.1643,True,False,wall,40.0,19.0,-10.0
2018,108668,74.0,4,63,0.281376,2.0405,True,False,wall,40.0,44.0,-10.0
2019,108686,14.0,1,18,0.281324,1.7054,True,False,wall,10.0,14.0,-10.0
2020,108773,104.0,6,87,0.281073,1.3781,True,False,wall,60.0,54.0,-10.0
2021,108914,190.0,12,141,0.280666,1.3889,True,False,body,120.0,80.0,-10.0
2022,109013,133.0,7,99,0.28038,1.7432,True,False,body,70.0,73.0,-10.0
2023,109035,14.0,1,22,0.280317,1.3596,True,False,wall,10.0,14.0,-10.0
2024,109212,207.0,11,177,0.279808,1.5254,True,False,body,110.0,107.0,-10.0
2025,109311,117.0,7,99,0.279524,1.3893,True,False,body,70.0,57.0,-10.0
2026,109375,52.0,3,64,0.27934,1.3394,True,False,wall,30.0,32.0,-10.0
2027,109578,252.0,14,203,0.278759,1.1969,True,False,body,140.0,122.0,-10.0
2028,109622,50.0,3,44,0.278633,1.4247,True,False,wall,30.0,30.0,-10.0
2029,109635,-2.0,0,13,0.278596,1.3527,True,False,wall,0.0,8.0,-10.0
2030,109682,53.0,3,47,0.278462,1.3202,True,False,body,30.0,33.0,-10.0
2031,109699,13.0,1,17,0.278413,1.2143,True,False,wall,10.0,13.0,-10.0
2032,109751,52.0,3,52,0.278265,1.1798,True,False,body,30.0,32.0,-10.0
2033,109796,56.0,4,45,0.278137,0.9408,True,False,wall,40.0,26.0,-10.0
2034,109827,19.0,1,31,0.278048,1.03,True,False,wall,10.0,19.0,-10.0
2035,109874,34.0,2,47,0.277914,1.0114,True,False,wall,20.0,24.0,-10.0
2036,109975,106.0,6,101,0.277627,1.6229,True,False,wall,60.0,56.0,-10.0
2037,110041,69.0,4,66,0.277439,1.4785,True,False,body,40.0,39.0,-10.0
2038,110054,-6.0,0,13,0.277402,1.0805,True,False,wall,0.0,4.0,-10.0
2039,110154,127.0,8,100,0.277118,1.7239,True,False,wall,80.0,57.0,-10.0
2040,110195,62.0,4,41,0.277002,1.9616,True,False,wall,40.0,32.0,-10.0
2041,110261,79.0,4,66,0.276814,1.7706,True,False,wall,40.0,49.0,-10.0
2042,110313,37.0,2,52,0.276667,1.4281,True,False,wall,20.0,27.0,-10.0
2043,110365,63.0,4,52,0.27652,1.3242,True,False,wall,40.0,33.0,-10.0
2044,110459,108.0,5,94,0.276254,1.7149,True,False,body,50.0,68.0,-10.0
2045,110507,46.0,3,48,0.276118,1.1591,True,False,wall,30.0,26.0,-10.0
2046,110559,35.0,2,52,0.275971,1.6031,True,False,wall,20.0,25.0,-10.0
2047,110653,92.0,5,94,0.275706,1.2752,True,False,wall,50.0,52.0,-10.0
2048,110710,81.0,5,57,0.275545,1.3204,True,False,body,50.0,41.0,-10.0
2049,110848,183.0,10,138,0.275156,1.2661,True,False,body,100.0,93.0,-10.0
2050,110902,71.0,4,54,0.275004,0.9419,True,False,body,40.0,41.0,-10.0
2051,110987,114.0,6,85,0.274765,1.1445,True,False,body,60.0,64.0,-10.0
2052,111084,114.0,6,97,0.274493,0.9813,True,False,body,60.0,64.0,-10.0
2053,111139,49.0,3,55,0.274339,1.4334,True,False,body,30.0,29.0,-10.0
2054,111251,115.0,6,112,0.274025,1.305,True,False,wall,60.0,65.0,-10.0
2055,111274,19.0,1,23,0.273961,1.0618,True,False,wall,10.0,19.0,-10.0
2056,111287,18.0,2,13,0.273924,1.1085,True,False,wall,20.0,8.0,-10.0
2057,111437,206.0,11,150,0.273505,1.9029,True,False,wall,110.0,106.0,-10.0
2058,111497,63.0,4,60,0.273337,1.5272,True,False,body,40.0,33.0,-10.0
2059,111522,20.0,2,25,0.273267,1.5084,True,False,wall,20.0,10.0,-10.0
2060,111561,34.0,2,39,0.273158,1.177,True,False,wall,20.0,24.0,-10.0
2061,111593,54.0,5,32,0.273069,1.1534,True,False,body,50.0,14.0,-10.0
2062,111617,29.0,2,24,0.273002,0.9769,True,False,wall,20.0,19.0,-10.0
2063,111697,102.0,7,80,0.272779,1.0224,True,False,body,70.0,42.0,-10.0
2064,111839,195.0,10,142,0.272384,1.1558,True,False,body,100.0,105.0,-10.0
2065,111923,94.0,5,84,0.272151,1.6519,True,False,wall,50.0,54.0,-10.0
2066,112030,154.0,8,107,0.271854,2.7941,True,False,body,80.0,84.0,-10.0
2067,112086,78.0,5,56,0.271699,1.6725,True,False,body,50.0,38.0,-10.0
2068,112144,80.0,5,58,0.271538,1.2592,True,False,body,50.0,40.0,-10.0
2069,112192,52.0,3,48,0.271405,1.262,True,False,wall,30.0,32.0,-10.0
2070,112295,106.0,6,103,0.27112,1.193,True,False,body,60.0,56.0,-10.0
2071,112437,187.0,10,142,0.270728,1.0962,True,False,body,100.0,97.0,-10.0
2072,112474,36.0,2,37,0.270626,0.9707,True,False,wall,20.0,26.0,-10.0
2073,112598,130.0,7,124,0.270284,1.3201,True,False,body,70.0,70.0,-10.0
2074,112657,47.0,3,59,0.270122,2.1563,True,False,wall,30.0,27.0,-10.0
2075,112734,104.0,6,77,0.26991,1.2712,True,False,body,60.0,54.0,-10.0
2076,112779,47.0,3,45,0.269787,1.2884,True,False,wall,30.0,27.0,-10.0
2077,112828,73.0,5,49,0.269652,1.2299,True,False,body,50.0,33.0,-10.0
2078,112897,109.0,7,69,0.269463,1.2695,True,False,body,70.0,49.0,-10.0
2079,112907,8.0,1,10,0.269435,0.888,True,False,wall,10.0,8.0,-10.0
2080,112978,89.0,5,71,0.269241,1.0899,True,False,wall,50.0,49.0,-10.0
2081,113044,65.0,4,66,0.26906,1.4895,True,False,body,40.0,35.0,-10.0
2082,113098,78.0,5,54,0.268912,1.587,True,False,body,50.0,38.0,-10.0
2083,113181,81.0,5,83,0.268685,1.5806,True,False,body,50.0,41.0,-10.0
2084,113242,68.0,4,61,0.268518,1.6702,True,False,body,40.0,38.0,-10.0
2085,113287,65.0,5,45,0.268395,1.5582,True,False,body,50.0,25.0,-10.0
2086,113339,76.0,5,52,0.268254,1.6449,True,False,wall,50.0,36.0,-10.0
2087,113379,29.0,2,40,0.268144,3.16,True,False,wall,20.0,19.0,-10.0
2088,113562,217.0,13,183,0.267646,1.926,True,False,body,130.0,97.0,-10.0
2089,113678,123.0,6,116,0.267331,1.4145,True,False,wall,60.0,73.0,-10.0
2090,113737,75.0,5,59,0.26717,1.7991,True,False,wall,50.0,35.0,-10.0
2091,113753,12.0,1,16,0.267127,1.2047,True,False,wall,10.0,12.0,-10.0
2092,113770,-4.0,0,17,0.267081,1.6498,True,False,wall,0.0,6.0,-10.0
2093,113896,132.0,7,126,0.266739,1.6302,True,False,wall,70.0,72.0,-10.0
2094,113919,21.0,1,23,0.266677,1.721,True,False,wall,10.0,21.0,-10.0
2095,113985,90.0,5,66,0.266498,1.7416,True,False,body,50.0,50.0,-10.0
2096,114054,77.0,5,69,0.266312,1.1625,True,False,wall,50.0,37.0,-10.0
2097,114121,85.0,5,67,0.26613,1.6011,True,False,body,50.0,45.0,-10.0
2098,114146,46.0,4,25,0.266063,2.628,True,False,body,40.0,16.0,-10.0
2099,114161,2.0,0,15,0.266022,3.4517,True,False,wall,0.0,12.0,-10.0
2100,114215,50.0,3,54,0.265877,2.1669,True,False,body,30.0,30.0,-10.0
2101,114293,106.0,7,78,0.265666,1.5963,True,False,body,70.0,46.0,-10.0
2102,114335,37.0,2,42,0.265553,1.2546,True,False,wall,20.0,27.0,-10.0
2103,114401,69.0,4,66,0.265375,1.4302,True,False,wall,40.0,39.0,-10.0
2104,114415,1.0,0,14,0.265338,2.1272,True,False,wall,0.0,11.0,-10.0
2105,114461,57.0,4,46,0.265214,1.3645,True,False,body,40.0,27.0,-10.0
2106,114593,166.0,9,132,0.264859,1.1937,True,False,wall,90.0,86.0,-10.0
2107,114644,53.0,3,51,0.264722,1.1877,True,False,wall,30.0,33.0,-10.0
2108,114741,129.0,7,97,0.264462,1.2535,True,False,wall,70.0,69.0,-10.0
2109,114776,50.0,4,35,0.264368,1.2721,True,False,body,40.0,20.0,-10.0
2110,114811,35.0,3,35,0.264274,1.5515,True,False,wall,30.0,15.0,-10.0
2111,114887,84.0,5,76,0.264071,1.3582,True,False,body,50.0,44.0,-10.0
2112,114950,81.0,5,63,0.263902,1.2195,True,False,wall,50.0,41.0,-10.0
2113,114987,36.0,2,37,0.263803,1.4474,True,False,wall,20.0,26.0,-10.0
2114,115093,150.0,9,106,0.26352,1.5165,True,False,wall,90.0,70.0,-10.0
2115,115217,144.0,7,124,0.26319,1.2975,True,False,body,70.0,84.0,-10.0
2116,115248,47.0,3,31,0.263107,1.4584,True,False,wall,30.0,27.0,-10.0
2117,115305,49.0,3,57,0.262955,1.5127,True,False,wall,30.0,29.0,-10.0
2118,115325,14.0,1,20,0.262902,1.025,True,False,wall,10.0,14.0,-10.0
2119,115479,245.0,14,154,0.262493,1.4719,True,False,wall,140.0,115.0,-10.0
2120,115538,75.0,5,59,0.262336,2.2802,True,False,body,50.0,35.0,-10.0
2121,115588,59.0,4,50,0.262203,1.9834,True,False,body,40.0,29.0,-10.0
2122,115616,29.0,2,28,0.262129,1.5677,True,False,wall,20.0,19.0,-10.0
2123,115714,122.0,7,98,0.261869,1.1261,True,False,body,70.0,62.0,-10.0
2124,115761,42.0,2,47,0.261745,1.1632,True,False,wall,20.0,32.0,-10.0
2125,115775,-1.0,0,14,0.261708,0.8046,True,False,wall,0.0,9.0,-10.0
2126,115931,206.0,11,156,0.261295,1.4772,True,False,body,110.0,106.0,-10.0
2127,116003,90.0,5,72,0.261105,1.3058,True,False,body,50.0,50.0,-10.0
2128,116100,121.0,7,97,0.26085,1.6526,True,False,body,70.0,61.0,-10.0
2129,116138,61.0,4,38,0.260749,1.2485,True,False,body,40.0,31.0,-10.0
2130,116198,56.0,3,60,0.260591,1.5675,True,False,wall,30.0,36.0,-10.0
2131,116370,228.0,11,172,0.260139,1.5797,True,False,wall,110.0,128.0,-10.0
2132,116500,137.0,8,130,0.259798,1.0709,True,False,body,80.0,67.0,-10.0
2133,116541,43.0,3,41,0.25969,1.449,True,False,body,30.0,23.0,-10.0
2134,116554,18.0,2,13,0.259656,1.3387,True,False,wall,20.0,8.0,-10.0
2135,116658,152.0,9,104,0.259384,1.4918,True,False,body,90.0,72.0,-10.0
2136,116687,20.0,2,29,0.259308,1.2674,True,False,wall,20.0,10.0,-10.0
2137,116768,95.0,5,81,0.259096,1.0244,True,False,body,50.0,55.0,-10.0
2138,116904,207.0,12,136,0.258741,1.4694,True,False,body,120.0,97.0,-10.0
2139,116941,43.0,3,37,0.258645,1.3618,True,False,wall,30.0,23.0,-10.0
2140,116958,2.0,0,17,0.2586,2.5827,True,False,wall,0.0,12.0,-10.0
2141,116973,0.0,0,15,0.258561,1.3939,True,False,wall,0.0,10.0,-10.0
2142,117156,230.0,12,183,0.258085,1.1871,True,False,body,120.0,120.0,-10.0
2143,117196,44.0,3,40,0.257981,1.3542,True,False,body,30.0,24.0,-10.0
2144,117252,52.0,3,56,0.257835,1.3029,True,False,wall,30.0,32.0,-10.0
2145,117267,9.0,1,15,0.257796,1.1653,True,False,wall,10.0,9.0,-10.0
2146,117303,53.0,4,36,0.257703,1.2594,True,False,wall,40.0,23.0,-10.0
2147,117461,211.0,10,158,0.257293,1.6022,True,False,wall,100.0,121.0,-10.0
2148,117489,49.0,4,28,0.25722,4.5618,True,False,body,40.0,19.0,-10.0
2149,117606,148.0,8,117,0.256917,1.5196,True,False,wall,80.0,78.0,-10.0
2150,117775,234.0,12,169,0.256481,1.6701,True,False,body,120.0,124.0,-10.0
2151,117886,163.0,9,111,0.256194,1.3382,True,False,body,90.0,83.0,-10.0
2152,117973,109.0,7,87,0.25597,1.1897,True,False,wall,70.0,49.0,-10.0
2153,118103,160.0,9,130,0.255636,1.8212,True,False,body,90.0,80.0,-10.0
2154,118168,98.0,6,65,0.255469,1.3008,True,False,body,60.0,48.0,-10.0
2155,118206,44.0,3,38,0.255371,1.7224,True,False,body,30.0,24.0,-10.0
2156,118265,64.0,4,59,0.25522,1.3196,True,False,wall,40.0,34.0,-10.0
2157,118292,11.0,1,27,0.255151,0.8545,True,False,wall,10.0,11.0,-10.0
2158,118303,7.0,1,11,0.255122,1.3868,True,False,wall,10.0,7.0,-10.0
2159,118379,102.0,5,76,0.254928,1.2679,True,False,wall,50.0,62.0,-10.0
2160,118414,34.0,2,35,0.254838,1.6351,True,False,wall,20.0,24.0,-10.0
2161,118452,37.0,2,38,0.254741,1.3412,True,False,wall,20.0,27.0,-10.0
2162,118516,56.0,3,64,0.254577,1.754,True,False,body,30.0,36.0,-10.0
2163,118558,39.0,2,42,0.25447,1.2089,True,False,wall,20.0,29.0,-10.0
2164,118616,82.0,5,58,0.254322,1.352,True,False,body,50.0,42.0,-10.0
2165,118853,327.0,17,237,0.253717,1.2351,True,False,wall,170.0,167.0,-10.0
2166,118926,76.0,4,73,0.253531,1.325,True,False,body,40.0,46.0,-10.0
2167,118943,-2.0,0,17,0.253488,1.3906,True,False,wall,0.0,8.0,-10.0
2168,118962,24.0,2,19,0.25344,3.0763,True,False,wall,20.0,14.0,-10.0
2169,119017,61.0,3,55,0.2533,1.6955,True,False,body,30.0,41.0,-10.0
2170,119091,108.0,7,74,0.253112,1.0704,True,False,body,70.0,48.0,-10.0
2171,119202,151.0,9,111,0.25283,1.3718,True,False,body,90.0,71.0,-10.0
2172,119242,37.0,2,40,0.252729,1.2364,True,False,wall,20.0,27.0,-10.0
2173,119337,122.0,6,95,0.252488,1.9188,True,False,body,60.0,72.0,-10.0
2174,119484,190.0,10,147,0.252117,1.3759,True,False,wall,100.0,100.0,-10.0
2175,119536,46.0,3,52,0.251985,1.4761,True,False,wall,30.0,26.0,-10.0
2176,119633,126.0,8,97,0.251741,1.4296,True,False,body,80.0,56.0,-10.0
2177,119654,26.0,2,21,0.251688,1.7239,True,False,wall,20.0,16.0,-10.0
2178,119724,109.0,8,70,0.251511,1.4107,True,False,body,80.0,39.0,-10.0
2179,119897,210.0,10,173,0.251076,1.439,True,False,body,100.0,120.0,-10.0
2180,119971,97.0,6,74,0.25089,1.1569,True,False,body,60.0,47.0,-10.0
2181,120139,226.0,13,168,0.250469,1.6737,True,False,body,130.0,106.0,-10.0
2182,120289,156.0,9,150,0.250093,1.9405,True,False,wall,90.0,76.0,-10.0
2183,120491,250.0,13,202,0.249588,1.675,True,False,wall,130.0,130.0,-10.0
2184,120510,11.0,1,19,0.249541,1.2934,True,False,wall,10.0,11.0,-10.0
2185,120552,54.0,3,42,0.249436,1.5445,True,False,wall,30.0,34.0,-10.0
2186,120567,20.0,2,15,0.249399,1.634,True,False,wall,20.0,10.0,-10.0
2187,120640,87.0,5,73,0.249217,1.6959,True,False,wall,50.0,47.0,-10.0
2188,120653,-2.0,0,13,0.249185,2.1632,True,False,wall,0.0,8.0,-10.0
2189,120699,68.0,5,46,0.24907,1.7542,True,False,wall,50.0,28.0,-10.0
2190,120732,37.0,3,33,0.248988,1.4367,True,False,body,30.0,17.0,-10.0
2191,120767,58.0,4,35,0.248901,1.1432,True,False,wall,40.0,28.0,-10.0
2192,120841,99.0,6,74,0.248717,1.8581,True,False,wall,60.0,49.0,-10.0
2193,120881,48.0,3,40,0.248618,1.0076,True,False,wall,30.0,28.0,-10.0
2194,120927,30.0,1,46,0.248504,1.4415,True,False,wall,10.0,30.0,-10.0
2195,120995,99.0,6,68,0.248335,1.2133,True,False,wall,60.0,49.0,-10.0
2196,121067,91.0,6,72,0.248157,1.8278,True,False,wall,60.0,41.0,-10.0
2197,121136,76.0,4,69,0.247986,1.4962,True,False,wall,40.0,46.0,-10.0
2198,121190,85.0,6,54,0.247852,1.471,True,False,body,60.0,35.0,-10.0
2199,121280,122.0,7,90,0.24763,1.4071,True,False,wall,70.0,62.0,-10.0
2200,121356,108.0,5,76,0.247442,1.4111,True,False,body,50.0,68.0,-10.0
2201,121453,108.0,6,97,0.247203,1.1714,True,False,body,60.0,58.0,-10.0
2202,121539,104.0,5,86,0.246991,1.9487,True,False,body,50.0,64.0,-10.0
2203,121598,76.0,4,59,0.246846,1.4502,True,False,body,40.0,46.0,-10.0
2204,121640,59.0,4,42,0.246742,1.1024,True,False,body,40.0,29.0,-10.0
2205,121650,-5.0,0,10,0.246718,0.9316,True,False,wall,0.0,5.0,-10.0
2206,121739,117.0,7,89,0.246499,1.5788,True,False,wall,70.0,57.0,-10.0
2207,121849,154.0,9,110,0.246229,1.2815,True,False,wall,90.0,74.0,-10.0
2208,121871,10.0,1,22,0.246175,1.0238,True,False,wall,10.0,10.0,-10.0
2209,121913,39.0,2,42,0.246072,1.8597,True,False,wall,20.0,29.0,-10.0
2210,121965,61.0,4,52,0.245945,1.2255,True,False,body,40.0,31.0,-10.0
2211,122012,53.0,3,47,0.24583,0.909,True,False,body,30.0,33.0,-10.0
2212,122117,121.0,7,105,0.245573,1.3702,True,False,body,70.0,61.0,-10.0
2213,122132,-4.0,0,15,0.245536,1.3636,True,False,wall,0.0,6.0,-10.0
2214,122217,106.0,6,85,0.245328,1.144,True,False,body,60.0,56.0,-10.0
2215,122239,14.0,1,22,0.245275,1.3999,True,False,wall,10.0,14.0,-10.0
2216,122277,33.0,2,38,0.245182,1.3185,True,False,wall,20.0,23.0,-10.0
2217,122330,66.0,4,53,0.245053,1.1269,True,False,wall,40.0,36.0,-10.0
2218,122389,44.0,2,59,0.244909,2.9909,True,False,wall,20.0,34.0,-10.0
2219,122419,38.0,3,30,0.244836,2.0706,True,False,body,30.0,18.0,-10.0
2220,122536,170.0,10,117,0.244551,1.5487,True,False,wall,100.0,80.0,-10.0
2221,122607,103.0,7,71,0.244378,1.2377,True,False,body,70.0,43.0,-10.0
2222,122729,151.0,8,122,0.244082,1.2892,True,False,wall,80.0,81.0,-10.0
2223,122841,114.0,5,112,0.243811,1.6138,True,False,wall,50.0,74.0,-10.0
2224,122851,-3.0,0,10,0.243787,1.2718,True,False,wall,0.0,7.0,-10.0
2225,122903,61.0,4,52,0.243661,1.1517,True,False,body,40.0,31.0,-10.0
2226,122983,87.0,4,80,0.243467,1.1026,True,False,body,40.0,57.0,-10.0
2227,123017,33.0,2,34,0.243385,1.3039,True,False,wall,20.0,23.0,-10.0
2228,123098,123.0,7,81,0.243189,1.3081,True,False,body,70.0,63.0,-10.0
2229,123166,104.0,7,68,0.243025,1.4883,True,False,body,70.0,44.0,-10.0
2230,123246,94.0,5,80,0.242832,2.0515,True,False,wall,50.0,54.0,-10.0
2231,123289,64.0,4,43,0.242728,1.0853,True,False,wall,40.0,34.0,-10.0
2232,123322,33.0,3,33,0.242649,2.6134,True,False,body,30.0,13.0,-10.0
2233,123358,42.0,3,36,0.242562,1.7974,True,False,wall,30.0,22.0,-10.0
2234,123380,23.0,2,22,0.242509,1.9377,True,False,wall,20.0,13.0,-10.0
2235,123421,41.0,3,41,0.242411,1.8754,True,False,wall,30.0,21.0,-10.0
2236,123545,173.0,10,124,0.242113,1.6348,True,False,body,100.0,83.0,-10.0
2237,123610,80.0,4,65,0.241957,1.7631,True,False,wall,40.0,50.0,-10.0
2238,123720,146.0,9,110,0.241693,1.8231,True,False,body,90.0,66.0,-10.0
2239,123767,51.0,3,47,0.24158,1.5774,True,False,body,30.0,31.0,-10.0
2240,123936,223.0,11,169,0.241176,1.5271,True,False,body,110.0,123.0,-10.0
2241,124010,99.0,6,74,0.240999,1.5304,True,False,body,60.0,49.0,-10.0
2242,124064,91.0,6,54,0.24087,1.2719,True,False,wall,60.0,41.0,-10.0
2243,124214,178.0,9,150,0.240513,1.2321,True,False,body,90.0,98.0,-10.0
2244,124266,76.0,5,52,0.240389,2.2183,True,False,wall,50.0,36.0,-10.0
2245,124379,136.0,8,113,0.24012,1.3493,True,False,body,80.0,66.0,-10.0
2246,124416,49.0,3,37,0.240032,2.1083,True,False,wall,30.0,29.0,-10.0
2247,124464,54.0,3,48,0.239918,2.0079,True,False,wall,30.0,34.0,-10.0
2248,124522,76.0,5,58,0.239781,1.1478,True,False,body,50.0,36.0,-10.0
2249,124554,40.0,3,32,0.239705,0.8542,True,False,wall,30.0,20.0,-10.0
2250,124611,83.0,5,57,0.23957,1.2282,True,False,body,50.0,43.0,-10.0
2251,124759,183.0,10,148,0.239219,1.2683,True,False,body,100.0,93.0,-10.0
2252,124865,124.0,7,106,0.238969,1.3918,True,False,body,70.0,64.0,-10.0
2253,124914,97.0,7,49,0.238853,1.7702,True,False,wall,70.0,37.0,-10.0
2254,124969,66.0,4,55,0.238723,2.2591,True,False,body,40.0,36.0,-10.0
2255,124979,-3.0,0,10,0.2387,0.9317,True,False,wall,0.0,7.0,-10.0
2256,125041,70.0,3,62,0.238554,1.4987,True,False,wall,30.0,50.0,-10.0
2257,125118,103.0,5,77,0.238372,1.3611,True,False,wall,50.0,63.0,-10.0
2258,125176,76.0,5,58,0.238236,1.6776,True,False,body,50.0,36.0,-10.0
2259,125210,40.0,3,34,0.238156,1.2594,True,False,body,30.0,20.0,-10.0
2260,125251,46.0,2,41,0.238059,1.3583,True,False,wall,20.0,36.0,-10.0
2261,125261,-7.0,0,10,0.238036,1.9119,True,False,wall,0.0,3.0,-10.0
2262,125278,20.0,2,17,0.237996,1.0479,True,False,wall,20.0,10.0,-10.0
2263,125293,11.0,1,15,0.237961,1.3145,True,False,wall,10.0,11.0,-10.0
2264,125345,57.0,4,52,0.237838,1.4084,True,False,wall,40.0,27.0,-10.0
2265,125423,103.0,6,78,0.237655,1.3834,True,False,body,60.0,53.0,-10.0
2266,125476,73.0,5,53,0.237531,1.2196,True,False,wall,50.0,33.0,-10.0
2267,125558,113.0,6,82,0.237339,1.3635,True,False,body,60.0,63.0,-10.0
2268,125604,44.0,3,46,0.237231,1.0873,True,False,body,30.0,24.0,-10.0
2269,125622,10.0,1,18,0.237189,1.2883,True,False,wall,10.0,10.0,-10.0
2270,125643,24.0,2,21,0.23714,1.3916,True,False,wall,20.0,14.0,-10.0
2271,125714,81.0,5,71,0.236974,1.7051,True,False,body,50.0,41.0,-10.0
2272,125829,138.0,6,115,0.236705,1.3009,True,False,body,60.0,88.0,-10.0
2273,125992,226.0,14,163,0.236325,1.6616,True,False,wall,140.0,96.0,-10.0
2274,126046,53.0,4,54,0.2362,1.3772,True,False,wall,40.0,23.0,-10.0
2275,126077,27.0,1,31,0.236128,1.151,True,False,wall,10.0,27.0,-10.0
2276,126133,72.0,5,56,0.235997,1.5289,True,False,body,50.0,32.0,-10.0
2277,126201,91.0,6,68,0.235839,1.5607,True,False,body,60.0,41.0,-10.0
2278,126267,78.0,5,66,0.235686,1.612,True,False,body,50.0,38.0,-10.0
2279,126277,-1.0,0,10,0.235663,2.3967,True,False,wall,0.0,9.0,-10.0
2280,126320,60.0,4,43,0.235563,1.6061,True,False,body,40.0,30.0,-10.0
2281,126339,15.0,1,19,0.235519,1.358,True,False,wall,10.0,15.0,-10.0
2282,126438,95.0,5,99,0.23529,2.059,True,False,body,50.0,55.0,-10.0
2283,126561,159.0,9,123,0.235005,1.6033,True,False,wall,90.0,79.0,-10.0
2284,126594,32.0,2,33,0.234929,1.1132,True,False,wall,20.0,22.0,-10.0
2285,126611,11.0,1,17,0.234889,1.7177,True,False,wall,10.0,11.0,-10.0
2286,126720,141.0,7,109,0.234638,1.5994,True,False,body,70.0,81.0,-10.0
2287,126808,141.0,8,88,0.234435,2.233,True,False,wall,80.0,71.0,-10.0
2288,126849,58.0,4,41,0.23434,1.8439,True,False,body,40.0,28.0,-10.0
2289,127067,315.0,16,218,0.233838,1.3946,True,False,wall,160.0,165.0,-10.0
2290,127140,94.0,6,73,0.233671,1.5413,True,False,body,60.0,44.0,-10.0
2291,127195,58.0,4,55,0.233545,1.2578,True,False,body,40.0,28.0,-10.0
2292,127397,206.0,9,202,0.233082,1.5675,True,False,wall,90.0,126.0,-10.0
2293,127445,74.0,5,48,0.232972,1.778,True,False,wall,50.0,34.0,-10.0
2294,127461,-1.0,0,16,0.232935,1.2096,True,False,wall,0.0,9.0,-10.0
2295,127508,58.0,4,47,0.232828,1.3383,True,False,body,40.0,28.0,-10.0
2296,127607,107.0,5,99,0.232602,1.9439,True,False,wall,50.0,67.0,-10.0
2297,127767,219.0,12,160,0.232237,1.4002,True,False,body,120.0,109.0,-10.0
2298,127850,123.0,7,83,0.232048,1.5916,True,False,wall,70.0,63.0,-10.0
2299,127872,14.0,1,22,0.231998,1.4815,True,False,wall,10.0,14.0,-10.0
2300,127963,121.0,7,91,0.231791,1.3679,True,False,body,70.0,61.0,-10.0
2301,128042,103.0,5,79,0.231611,1.4517,True,False,body,50.0,63.0,-10.0
2302,128077,59.0,5,35,0.231532,1.2075,True,False,body,50.0,19.0,-10.0
2303,128087,-5.0,0,10,0.231509,1.3337,True,False,wall,0.0,5.0,-10.0
2304,128147,89.0,6,60,0.231373,1.5141,True,False,body,60.0,39.0,-10.0
2305,128158,-2.0,0,11,0.231348,1.4882,True,False,wall,0.0,8.0,-10.0
2306,128173,7.0,1,15,0.231314,1.5621,True,False,wall,10.0,7.0,-10.0
2307,128223,48.0,3,50,0.231201,1.3013,True,False,body,30.0,28.0,-10.0
2308,128266,53.0,3,43,0.231104,1.185,True,False,wall,30.0,33.0,-10.0
2309,128430,225.0,12,164,0.230733,1.4292,True,False,body,120.0,115.0,-10.0
2310,128456,20.0,1,26,0.230674,3.8406,True,False,wall,10.0,20.0,-10.0
2311,128476,21.0,2,20,0.230629,2.7723,True,False,wall,20.0,11.0,-10.0
2312,128535,85.0,5,59,0.230496,1.3981,True,False,body,50.0,45.0,-10.0
2313,128607,101.0,6,72,0.230333,1.3043,True,False,body,60.0,51.0,-10.0
2314,128662,90.0,6,55,0.230209,1.4569,True,False,wall,60.0,40.0,-10.0
2315,128800,163.0,10,138,0.229899,1.3703,True,False,wall,100.0,73.0,-10.0
2316,128846,41.0,2,46,0.229795,1.1025,True,False,wall,20.0,31.0,-10.0
2317,128921,98.0,6,75,0.229627,1.8139,True,False,body,60.0,48.0,-10.0
2318,128940,13.0,1,19,0.229584,1.0691,True,False,wall,10.0,13.0,-10.0
2319,129021,82.0,4,81,0.229403,1.7521,True,False,body,40.0,52.0,-10.0
2320,129156,197.0,13,135,0.2291,1.1979,True,False,wall,130.0,77.0,-10.0
2321,129200,61.0,4,44,0.229002,1.0501,True,False,wall,40.0,31.0,-10.0
2322,129242,44.0,3,42,0.228908,1.1167,True,False,body,30.0,24.0,-10.0
2323,129325,130.0,8,83,0.228722,1.4561,True,False,wall,80.0,60.0,-10.0
2324,129420,148.0,8,95,0.22851,1.4268,True,False,body,80.0,78.0,-10.0
2325,129587,239.0,13,167,0.228138,1.8268,True,False,body,130.0,119.0,-10.0
2326,129624,54.0,4,37,0.228055,2.45,True,False,wall,40.0,24.0,-10.0
2327,129714,116.0,7,90,0.227855,2.1641,True,False,wall,70.0,56.0,-10.0
2328,129730,10.0,1,16,0.22782,1.3556,True,False,wall,10.0,10.0,-10.0
2329,129760,27.0,2,30,0.227753,1.1884,True,False,wall,20.0,17.0,-10.0
2330,129995,300.0,14,235,0.227232,1.6029,True,False,wall,140.0,170.0,-10.0
2331,130025,38.0,3,30,0.227165,2.1735,True,False,body,30.0,18.0,-10.0
2332,130057,46.0,3,32,0.227094,1.4517,True,False,wall,30.0,26.0,-10.0
2333,130146,106.0,6,89,0.226897,1.6417,True,False,wall,60.0,56.0,-10.0
2334,130203,63.0,3,57,0.226771,1.5987,True,False,body,30.0,43.0,-10.0
2335,130220,18.0,2,17,0.226734,1.4641,True,False,wall,20.0,8.0,-10.0
2336,130331,157.0,9,111,0.226489,1.714,True,False,wall,90.0,77.0,-10.0
2337,130368,36.0,2,37,0.226407,2.1652,True,False,wall,20.0,26.0,-10.0
2338,130428,88.0,5,60,0.226275,1.4081,True,False,wall,50.0,48.0,-10.0
2339,130445,20.0,2,17,0.226237,1.79,True,False,wall,20.0,10.0,-10.0
2340,130456,-2.0,0,11,0.226213,1.9059,True,False,wall,0.0,8.0,-10.0
2341,130472,10.0,1,16,0.226178,1.6454,True,False,wall,10.0,10.0,-10.0
2342,130524,66.0,5,52,0.226064,1.4209,True,False,body,50.0,26.0,-10.0
2343,130631,145.0,9,107,0.225828,1.3245,True,False,wall,90.0,65.0,-10.0
2344,130773,207.0,10,142,0.225516,1.7147,True,False,wall,100.0,117.0,-10.0
2345,130820,68.0,4,47,0.225413,1.2955,True,False,wall,40.0,38.0,-10.0
2346,130834,10.0,1,14,0.225383,1.5352,True,False,wall,10.0,10.0,-10.0
2347,130867,37.0,3,33,0.22531,1.6112,True,False,body,30.0,17.0,-10.0
2348,130935,84.0,5,68,0.225161,1.8605,True,False,body,50.0,44.0,-10.0
2349,130992,70.0,4,57,0.225037,1.6746,True,False,wall,40.0,40.0,-10.0
2350,131191,274.0,14,199,0.224602,1.4392,True,False,body,140.0,144.0,-10.0
2351,131262,76.0,4,71,0.224447,1.9675,True,False,body,40.0,46.0,-10.0
2352,131278,10.0,1,16,0.224412,1.1701,True,False,wall,10.0,10.0,-10.0
2353,131322,61.0,4,44,0.224316,1.924,True,False,wall,40.0,31.0,-10.0
2354,131335,0.0,0,13,0.224288,1.5748,True,False,wall,0.0,10.0,-10.0
2355,131394,103.0,7,59,0.224159,1.6674,True,False,body,70.0,43.0,-10.0
2356,131465,100.0,6,71,0.224005,1.4707,True,False,body,60.0,50.0,-10.0
2357,131588,155.0,9,123,0.223737,1.6068,True,False,body,90.0,75.0,-10.0
2358,131695,164.0,10,107,0.223505,1.3825,True,False,body,100.0,74.0,-10.0
2359,131758,70.0,4,63,0.223369,1.582,True,False,wall,40.0,40.0,-10.0
2360,131925,217.0,13,167,0.223007,1.6451,True,False,wall,130.0,97.0,-10.0
2361,131965,59.0,4,40,0.222921,2.081,True,False,wall,40.0,29.0,-10.0
2362,132033,67.0,4,68,0.222774,2.0708,True,False,body,40.0,37.0,-10.0
2363,132070,25.0,1,37,0.222694,1.4861,True,False,wall,10.0,25.0,-10.0
2364,132105,47.0,3,35,0.222618,1.3256,True,False,body,30.0,27.0,-10.0
2365,132120,22.0,2,15,0.222586,2.4008,True,False,wall,20.0,12.0,-10.0
2366,132147,39.0,3,27,0.222528,1.3024,True,False,body,30.0,19.0,-10.0
2367,132224,112.0,6,77,0.222362,1.2889,True,False,wall,60.0,62.0,-10.0
2368,132358,218.0,13,134,0.222073,1.5495,True,False,body,130.0,98.0,-10.0
2369,132421,81.0,5,63,0.221938,2.5164,True,False,wall,50.0,41.0,-10.0
2370,132530,164.0,10,109,0.221704,1.285,True,False,body,100.0,74.0,-10.0
2371,132587,82.0,6,57,0.221581,1.1599,True,False,body,60.0,32.0,-10.0
2372,132638,70.0,4,51,0.221472,1.3872,True,False,wall,40.0,40.0,-10.0
2373,132683,55.0,3,45,0.221376,1.2413,True,False,wall,30.0,35.0,-10.0
2374,132709,40.0,3,26,0.22132,1.5922,True,False,body,30.0,20.0,-10.0
2375,132859,176.0,9,150,0.220999,1.2351,True,False,wall,90.0,96.0,-10.0
2376,132932,82.0,4,73,0.220843,1.7553,True,False,wall,40.0,52.0,-10.0
2377,133054,166.0,9,122,0.220583,1.7111,True,False,body,90.0,86.0,-10.0
2378,133119,89.0,5,65,0.220444,1.9732,True,False,body,50.0,49.0,-10.0
2379,133161,44.0,3,42,0.220355,2.2372,True,False,body,30.0,24.0,-10.0
2380,133196,19.0,1,35,0.22028,1.5682,True,False,wall,10.0,19.0,-10.0
2381,133264,90.0,5,68,0.220135,1.6344,True,False,wall,50.0,50.0,-10.0
2382,133423,235.0,13,159,0.219798,1.6855,True,False,wall,130.0,115.0,-10.0
2383,133476,84.0,6,53,0.219685,1.3885,True,False,body,60.0,34.0,-10.0
2384,133604,151.0,8,128,0.219414,1.9295,True,False,body,80.0,81.0,-10.0
2385,133766,221.0,12,162,0.219071,1.6694,True,False,body,120.0,111.0,-10.0
2386,133828,101.0,6,62,0.21894,1.4619,True,False,wall,60.0,51.0,-10.0
2387,133862,42.0,3,34,0.218868,1.4255,True,False,wall,30.0,22.0,-10.0
2388,133881,11.0,1,19,0.218828,1.653,True,False,wall,10.0,11.0,-10.0
2389,133911,21.0,2,30,0.218765,1.3367,True,False,wall,20.0,11.0,-10.0
2390,134038,171.0,9,127,0.218497,1.6533,True,False,wall,90.0,91.0,-10.0
2391,134261,340.0,20,223,0.218028,1.579,True,False,wall,200.0,150.0,-10.0
2392,134404,175.0,9,143,0.217728,1.4245,True,False,wall,90.0,95.0,-10.0
2393,134520,140.0,7,116,0.217485,1.4793,True,False,wall,70.0,80.0,-10.0
2394,134724,244.0,13,204,0.217059,1.388,True,False,wall,130.0,124.0,-10.0
2395,134799,63.0,3,75,0.216902,2.0977,True,False,body,30.0,43.0,-10.0
2396,134843,48.0,3,44,0.21681,2.1491,True,False,wall,30.0,28.0,-10.0
2397,134939,117.0,6,96,0.21661,1.4719,True,False,wall,60.0,67.0,-10.0
2398,135062,194.0,12,123,0.216354,1.4773,True,False,wall,120.0,84.0,-10.0
2399,135144,117.0,6,82,0.216184,1.3736,True,False,body,60.0,67.0,-10.0
2400,135238,107.0,6,94,0.215989,2.4016,True,False,wall,60.0,57.0,-10.0
2401,135422,222.0,11,184,0.215607,1.4019,True,False,body,110.0,122.0,-10.0
2402,135468,31.0,2,46,0.215512,1.1604,True,False,wall,20.0,21.0,-10.0
2403,135561,98.0,4,93,0.21532,1.495,True,False,wall,40.0,68.0,-10.0
2404,135630,105.0,7,69,0.215177,1.1791,True,False,body,70.0,45.0,-10.0
2405,135696,64.0,3,66,0.215041,1.4542,True,False,wall,30.0,44.0,-10.0
2406,135706,-5.0,0,10,0.215021,2.0291,True,False,wall,0.0,5.0,-10.0
2407,135753,59.0,3,47,0.214924,1.5121,True,False,wall,30.0,39.0,-10.0
2408,135793,16.0,1,40,0.214841,1.6878,True,False,wall,10.0,16.0,-10.0
2409,135808,7.0,1,15,0.21481,1.7546,True,False,wall,10.0,7.0,-10.0
2410,135821,11.0,1,13,0.214783,1.9047,True,False,wall,10.0,11.0,-10.0
2411,135865,72.0,5,44,0.214693,1.5446,True,False,wall,50.0,32.0,-10.0
2412,135979,169.0,10,114,0.214458,1.399,True,False,body,100.0,79.0,-10.0
2413,136028,61.0,3,49,0.214358,1.9272,True,False,wall,30.0,41.0,-10.0
2414,136063,58.0,4,35,0.214286,1.8774,True,False,body,40.0,28.0,-10.0
2415,136097,35.0,2,34,0.214216,1.8637,True,False,wall,20.0,25.0,-10.0
2416,136158,83.0,5,61,0.214091,2.1965,True,False,body,50.0,43.0,-10.0
2417,136212,67.0,4,54,0.21398,2.0418,True,False,body,40.0,37.0,-10.0
2418,136391,218.0,10,179,0.213614,1.6137,True,False,wall,100.0,128.0,-10.0
2419,136434,71.0,5,43,0.213526,1.5516,True,False,body,50.0,31.0,-10.0
2420,136491,74.0,4,57,0.213409,2.0767,True,False,body,40.0,44.0,-10.0
2421,136566,104.0,6,75,0.213256,1.4586,True,False,wall,60.0,54.0,-10.0
2422,136735,235.0,13,169,0.212912,1.8838,True,False,wall,130.0,115.0,-10.0
2423,136894,180.0,8,159,0.212588,1.6236,True,False,wall,80.0,110.0,-10.0
2424,136905,-2.0,0,11,0.212566,1.6945,True,False,wall,0.0,8.0,-10.0
2425,136958,54.0,4,53,0.212458,1.4092,True,False,wall,40.0,24.0,-10.0
2426,137136,214.0,11,178,0.212097,1.4287,True,False,body,110.0,114.0,-10.0
2427,137271,183.0,9,135,0.211824,1.2504,True,False,body,90.0,103.0,-10.0
2428,137292,11.0,1,21,0.211781,2.6545,True,False,wall,10.0,11.0,-10.0
2429,137310,23.0,2,18,0.211745,1.8123,True,False,wall,20.0,13.0,-10.0
2430,137396,124.0,7,86,0.211571,1.4931,True,False,body,70.0,64.0,-10.0
2431,137560,219.0,12,164,0.21124,1.45,True,False,body,120.0,109.0,-10.0
2432,137622,88.0,5,62,0.211115,1.2042,True,False,body,50.0,48.0,-10.0
2433,137699,106.0,6,77,0.21096,1.102,True,False,body,60.0,56.0,-10.0
2434,137763,68.0,3,64,0.210832,1.2937,True,False,wall,30.0,48.0,-10.0
2435,137994,337.0,19,231,0.210368,1.2814,True,False,body,190.0,157.0,-10.0
2436,138012,10.0,1,18,0.210332,1.6333,True,False,wall,10.0,10.0,-10.0
2437,138157,196.0,10,145,0.210041,2.2433,True,False,body,100.0,106.0,-10.0
2438,138200,62.0,4,43,0.209955,1.5876,True,False,body,40.0,32.0,-10.0
2439,138238,61.0,4,38,0.209879,1.8317,True,False,body,40.0,31.0,-10.0
2440,138272,26.0,1,34,0.209811,1.2126,True,False,wall,10.0,26.0,-10.0
2441,138386,151.0,8,114,0.209584,1.9547,True,False,wall,80.0,81.0,-10.0
2442,138429,47.0,3,43,0.209498,1.3004,True,False,body,30.0,27.0,-10.0
2443,138492,76.0,4,63,0.209373,1.1317,True,False,body,40.0,46.0,-10.0
2444,138548,59.0,4,56,0.209261,1.0894,True,False,wall,40.0,29.0,-10.0
2445,138573,39.0,3,25,0.209211,1.3027,True,False,body,30.0,19.0,-10.0
2446,138594,35.0,3,21,0.20917,1.3267,True,False,body,30.0,15.0,-10.0
2447,138653,67.0,3,59,0.209052,1.3593,True,False,body,30.0,47.0,-10.0
2448,138819,218.0,11,166,0.208722,1.4519,True,False,wall,110.0,118.0,-10.0
2449,138853,20.0,1,34,0.208655,1.311,True,False,wall,10.0,20.0,-10.0
2450,138978,184.0,12,125,0.208407,1.3838,True,False,body,120.0,74.0,-10.0
2451,139065,119.0,7,87,0.208235,1.2355,True,False,wall,70.0,59.0,-10.0
2452,139127,81.0,4,62,0.208113,2.0501,True,False,wall,40.0,51.0,-10.0
2453,139234,138.0,8,107,0.207901,1.5315,True,False,body,80.0,68.0,-10.0
2454,139348,173.0,10,114,0.207676,1.5321,True,False,body,100.0,83.0,-10.0
2455,139364,12.0,1,16,0.207645,1.2726,True,False,wall,10.0,12.0,-10.0
2456,139389,50.0,4,25,0.207596,1.039,True,False,wall,40.0,20.0,-10.0
2457,139491,139.0,8,102,0.207395,1.8168,True,False,body,80.0,69.0,-10.0
2458,139612,172.0,10,121,0.207157,2.2769,True,False,body,100.0,82.0,-10.0
2459,139654,37.0,2,42,0.207074,1.9156,True,False,wall,20.0,27.0,-10.0
2460,139672,12.0,1,18,0.207039,1.2504,True,False,wall,10.0,12.0,-10.0
2461,139683,-6.0,0,11,0.207017,0.9635,True,False,wall,0.0,4.0,-10.0
2462,139783,157.0,10,100,0.206821,1.6237,True,False,body,100.0,67.0,-10.0
2463,139842,79.0,5,59,0.206706,1.1676,True,False,body,50.0,39.0,-10.0
2464,139959,178.0,10,117,0.206477,1.4692,True,False,body,100.0,88.0,-10.0
2465,140106,215.0,11,147,0.206189,1.7001,True,False,wall,110.0,115.0,-10.0
2466,140213,146.0,8,107,0.205981,1.5684,True,False,body,80.0,76.0,-10.0
2467,140242,23.0,1,29,0.205924,1.275,True,False,wall,10.0,23.0,-10.0
2468,140265,35.0,3,23,0.205879,1.4681,True,False,wall,30.0,15.0,-10.0
2469,140380,182.0,10,115,0.205655,1.5979,True,False,wall,100.0,92.0,-10.0
2470,140443,84.0,6,63,0.205533,2.1104,True,False,body,60.0,34.0,-10.0
2471,140477,48.0,3,34,0.205467,1.3967,True,False,body,30.0,28.0,-10.0
2472,140530,90.0,6,53,0.205364,1.7312,True,False,body,60.0,40.0,-10.0
2473,140574,63.0,4,44,0.205278,1.8307,True,False,wall,40.0,33.0,-10.0
2474,140610,57.0,4,36,0.205209,1.0758,True,False,wall,40.0,27.0,-10.0
2475,140700,117.0,6,90,0.205034,1.4174,True,False,wall,60.0,67.0,-10.0
2476,140783,117.0,7,83,0.204873,1.2915,True,False,body,70.0,57.0,-10.0
2477,140818,36.0,2,35,0.204806,1.8322,True,False,wall,20.0,26.0,-10.0
2478,140857,51.0,3,39,0.20473,1.5575,True,False,wall,30.0,31.0,-10.0
2479,140902,41.0,3,45,0.204643,1.2735,True,False,wall,30.0,21.0,-10.0
2480,140959,59.0,3,57,0.204533,1.4848,True,False,body,30.0,39.0,-10.0
2481,141073,168.0,9,114,0.204313,1.4484,True,False,body,90.0,88.0,-10.0
2482,141161,136.0,9,88,0.204143,1.1123,True,False,body,90.0,56.0,-10.0
2483,141229,82.0,5,68,0.204012,1.1967,True,False,body,50.0,42.0,-10.0
2484,141352,150.0,8,123,0.203776,1.0165,True,False,wall,80.0,80.0,-10.0
2485,141379,39.0,3,27,0.203724,1.3288,True,False,body,30.0,19.0,-10.0
2486,141423,33.0,2,44,0.203639,2.0636,True,False,wall,20.0,23.0,-10.0
2487,141521,117.0,6,98,0.203451,1.8296,True,False,body,60.0,67.0,-10.0
2488,141545,27.0,2,24,0.203405,1.7583,True,False,wall,20.0,17.0,-10.0
2489,141652,161.0,11,107,0.2032,1.7012,True,False,body,110.0,61.0,-10.0
2490,141834,263.0,14,182,0.202852,1.9305,True,False,wall,140.0,133.0,-10.0
2491,141917,85.0,5,83,0.202693,1.8656,True,False,body,50.0,45.0,-10.0
2492,142021,159.0,10,104,0.202495,2.009,True,False,body,100.0,69.0,-10.0
2493,142115,162.0,11,94,0.202316,1.6012,True,False,body,110.0,62.0,-10.0
2494,142282,244.0,12,167,0.201998,1.8633,True,False,wall,120.0,134.0,-10.0
2495,142363,130.0,8,81,0.201845,1.5603,True,False,body,80.0,60.0,-10.0
2496,142420,83.0,5,57,0.201736,1.6243,True,False,body,50.0,43.0,-10.0
2497,142496,98.0,5,76,0.201592,1.5731,True,False,wall,50.0,58.0,-10.0
2498,142543,64.0,4,47,0.201503,1.3145,True,False,body,40.0,34.0,-10.0
2499,142621,103.0,6,78,0.201356,1.3674,True,False,wall,60.0,53.0,-10.0
2500,142651,33.0,2,30,0.201299,1.6716,True,False,wall,20.0,23.0,-10.0
2501,142666,13.0,1,15,0.201271,1.1336,True,False,wall,10.0,13.0,-10.0
2502,142783,131.0,7,117,0.201049,1.6385,True,False,body,70.0,71.0,-10.0
2503,142849,103.0,6,66,0.200925,1.6363,True,False,body,60.0,53.0,-10.0
2504,142935,118.0,7,86,0.200763,1.6139,True,False,wall,70.0,58.0,-10.0
2505,143103,265.0,14,168,0.200446,3.122,True,False,wall,140.0,135.0,-10.0
2506,143124,19.0,1,21,0.200407,1.2042,True,False,wall,10.0,19.0,-10.0
2507,143233,119.0,7,109,0.200202,1.4999,True,False,body,70.0,59.0,-10.0
2508,143329,133.0,8,96,0.200022,1.6769,True,False,body,80.0,63.0,-10.0
2509,143368,62.0,4,39,0.199949,1.8318,True,False,body,40.0,32.0,-10.0
2510,143461,88.0,4,93,0.199775,2.199,True,False,wall,40.0,58.0,-10.0
2511,143512,71.0,5,51,0.199679,1.65,True,False,body,50.0,31.0,-10.0
2512,143532,25.0,2,20,0.199642,1.2225,True,False,wall,20.0,15.0,-10.0
2513,143633,128.0,8,101,0.199453,1.6698,True,False,body,80.0,58.0,-10.0
2514,143781,238.0,15,148,0.199177,1.4503,True,False,body,150.0,98.0,-10.0
2515,143944,241.0,13,163,0.198873,1.5579,True,False,body,130.0,121.0,-10.0
2516,143989,49.0,3,45,0.198789,1.9783,True,False,wall,30.0,29.0,-10.0
2517,144181,280.0,15,192,0.198433,1.8847,True,False,body,150.0,140.0,-10.0
2518,144343,203.0,10,162,0.198133,1.4598,True,False,wall,100.0,113.0,-10.0
2519,144479,189.0,10,136,0.197881,1.8729,True,False,body,100.0,99.0,-10.0
2520,144532,68.0,4,53,0.197783,2.0058,True,False,body,40.0,38.0,-10.0
2521,144571,23.0,1,39,0.197711,1.4347,True,False,wall,10.0,23.0,-10.0
2522,144751,259.0,14,180,0.197379,1.7614,True,False,wall,140.0,129.0,-10.0
2523,144785,46.0,3,34,0.197316,1.657,True,False,wall,30.0,26.0,-10.0
2524,144797,4.0,1,12,0.197294,1.9151,True,False,wall,10.0,4.0,-10.0
2525,144852,66.0,4,55,0.197193,1.6094,True,False,wall,40.0,36.0,-10.0
2526,144970,168.0,9,118,0.196976,1.7598,True,False,body,90.0,88.0,-10.0
2527,145022,69.0,4,52,0.196881,1.7114,True,False,body,40.0,39.0,-10.0
2528,145041,31.0,3,19,0.196846,1.1293,True,False,wall,30.0,11.0,-10.0
2529,145114,98.0,6,73,0.196712,1.1874,True,False,body,60.0,48.0,-10.0
2530,145173,79.0,5,59,0.196604,1.5606,True,False,wall,50.0,39.0,-10.0
2531,145184,7.0,1,11,0.196583,1.5043,True,False,wall,10.0,7.0,-10.0
2532,145258,96.0,5,74,0.196448,1.7164,True,False,body,50.0,56.0,-10.0
2533,145311,68.0,4,53,0.196351,1.7809,True,False,body,40.0,38.0,-10.0
2534,145401,137.0,8,90,0.196186,1.3065,True,False,body,80.0,67.0,-10.0
2535,145581,281.0,16,180,0.195858,1.7215,True,False,body,160.0,131.0,-10.0
2536,145611,60.0,5,30,0.195803,2.3867,True,False,body,50.0,20.0,-10.0
2537,145623,-3.0,0,12,0.195781,1.85,True,False,wall,0.0,7.0,-10.0
2538,145756,180.0,10,133,0.195539,1.8863,True,False,wall,100.0,90.0,-10.0
2539,145781,19.0,1,25,0.195494,1.662,True,False,wall,10.0,19.0,-10.0
2540,145843,61.0,2,62,0.195381,2.384,True,False,wall,20.0,51.0,-10.0
2541,145929,88.0,5,86,0.195225,2.0869,True,False,wall,50.0,48.0,-10.0
2542,145940,-4.0,0,11,0.195205,1.3549,True,False,wall,0.0,6.0,-10.0
2543,146087,199.0,11,147,0.194938,1.5807,True,False,wall,110.0,99.0,-10.0
2544,146179,119.0,6,92,0.194772,1.6891,True,False,body,60.0,69.0,-10.0
2545,146225,41.0,2,46,0.194688,1.4845,True,False,wall,20.0,31.0,-10.0
2546,146296,96.0,6,71,0.19456,1.723,True,False,wall,60.0,46.0,-10.0
2547,146419,159.0,9,123,0.194338,1.8745,True,False,wall,90.0,79.0,-10.0
2548,146493,95.0,4,74,0.194204,1.6913,True,False,wall,40.0,65.0,-10.0
2549,146524,37.0,3,31,0.194149,1.7352,True,False,body,30.0,17.0,-10.0
2550,146565,41.0,3,41,0.194075,1.4678,True,False,body,30.0,21.0,-10.0
2551,146696,134.0,8,131,0.193839,1.8116,True,False,wall,80.0,64.0,-10.0
2552,146725,41.0,3,29,0.193787,1.5937,True,False,body,30.0,21.0,-10.0
2553,146775,46.0,3,50,0.193697,1.8091,True,False,body,30.0,26.0,-10.0
2554,146801,38.0,3,26,0.19365,1.4512,True,False,wall,30.0,18.0,-10.0
2555,146835,35.0,2,34,0.193589,1.3661,True,False,wall,20.0,25.0,-10.0
2556,146885,60.0,3,50,0.1935,2.0671,True,False,wall,30.0,40.0,-10.0
2557,146997,173.0,10,112,0.193299,1.7113,True,False,wall,100.0,83.0,-10.0
2558,147064,74.0,4,67,0.193179,1.4212,True,False,body,40.0,44.0,-10.0
2559,147148,125.0,8,84,0.193029,1.7856,True,False,body,80.0,55.0,-10.0
2560,147273,171.0,9,125,0.192805,2.016,True,False,body,90.0,91.0,-10.0
2561,147285,8.0,1,12,0.192784,1.4735,True,False,wall,10.0,8.0,-10.0
2562,147376,140.0,8,91,0.192622,1.6839,True,False,wall,80.0,70.0,-10.0
2563,147465,120.0,6,89,0.192463,1.6924,True,False,wall,60.0,70.0,-10.0
2564,147501,39.0,2,36,0.192399,1.7673,True,False,wall,20.0,29.0,-10.0
2565,147555,73.0,4,54,0.192303,1.277,True,False,wall,40.0,43.0,-10.0
2566,147607,47.0,2,52,0.19221,1.6338,True,False,wall,20.0,37.0,-10.0
2567,147683,99.0,6,76,0.192075,1.6509,True,False,wall,60.0,49.0,-10.0
2568,147807,173.0,10,124,0.191855,1.8184,True,False,body,100.0,83.0,-10.0
2569,147933,187.0,10,126,0.191632,1.4382,True,False,wall,100.0,97.0,-10.0
2570,147953,21.0,2,20,0.191597,1.1797,True,False,wall,20.0,11.0,-10.0
2571,147966,7.0,1,13,0.191574,1.1327,True,False,wall,10.0,7.0,-10.0
2572,147981,13.0,1,15,0.191547,1.2602,True,False,wall,10.0,13.0,-10.0
2573,148033,78.0,5,52,0.191455,1.492,True,False,body,50.0,38.0,-10.0
2574,148183,225.0,14,150,0.19119,1.6685,True,False,wall,140.0,95.0,-10.0
2575,148257,84.0,5,74,0.19106,1.4604,True,False,body,50.0,44.0,-10.0
2576,148278,26.0,2,21,0.191023,1.5863,True,False,wall,20.0,16.0,-10.0
2577,148407,152.0,8,129,0.190795,1.5404,True,False,body,80.0,82.0,-10.0
2578,148420,11.0,1,13,0.190772,2.028,True,False,wall,10.0,11.0,-10.0
2579,148526,135.0,6,106,0.190586,1.6887,True,False,wall,60.0,85.0,-10.0
2580,148589,87.0,5,63,0.190475,1.5402,True,False,body,50.0,47.0,-10.0
2581,148726,202.0,10,137,0.190235,2.0521,True,False,wall,100.0,112.0,-10.0
2582,148827,127.0,7,101,0.190058,1.7428,True,False,body,70.0,67.0,-10.0
2583,148877,69.0,4,50,0.189971,1.7165,True,False,wall,40.0,39.0,-10.0
2584,149116,330.0,16,239,0.189553,1.7252,True,False,body,160.0,180.0,-10.0
2585,149274,250.0,15,158,0.189278,2.0567,True,False,body,150.0,110.0,-10.0
2586,149533,389.0,23,259,0.188828,1.3423,True,False,wall,230.0,169.0,-10.0
2587,149552,15.0,1,19,0.188795,1.6166,True,False,wall,10.0,15.0,-10.0
2588,149591,51.0,3,39,0.188727,1.4106,True,False,wall,30.0,31.0,-10.0
2589,149644,65.0,5,53,0.188635,1.962,True,False,body,50.0,25.0,-10.0
2590,149724,123.0,8,80,0.188496,1.3403,True,False,body,80.0,53.0,-10.0
2591,149837,153.0,9,113,0.188301,1.6067,True,False,body,90.0,73.0,-10.0
2592,149879,42.0,3,42,0.188228,1.417,True,False,body,30.0,22.0,-10.0
2593,149937,111.0,8,58,0.188128,1.6395,True,False,wall,80.0,41.0,-10.0
2594,150119,292.0,17,182,0.187814,1.6864,True,False,body,170.0,132.0,-10.0
2595,150187,88.0,5,68,0.187697,2.3032,True,False,body,50.0,48.0,-10.0
2596,150286,106.0,6,99,0.187527,2.0117,True,False,body,60.0,56.0,-10.0
2597,150413,203.0,13,127,0.187309,1.9618,True,False,body,130.0,83.0,-10.0
2598,150428,9.0,1,15,0.187283,2.424,True,False,wall,10.0,9.0,-10.0
2599,150471,54.0,4,43,0.187209,2.6629,True,False,wall,40.0,24.0,-10.0
2600,150525,74.0,5,54,0.187117,1.5681,True,False,wall,50.0,34.0,-10.0
2601,150576,68.0,4,51,0.187029,1.3984,True,False,wall,40.0,38.0,-10.0
2602,150626,107.0,8,50,0.186944,1.9438,True,False,wall,80.0,37.0,-10.0
2603,150682,86.0,5,56,0.186848,1.7953,True,False,wall,50.0,46.0,-10.0
2604,150777,100.0,4,95,0.186685,2.2411,True,False,body,40.0,70.0,-10.0
2605,150813,30.0,1,36,0.186624,1.9103,True,False,wall,10.0,30.0,-10.0
2606,150880,104.0,6,67,0.18651,1.8062,True,False,body,60.0,54.0,-10.0
2607,150977,140.0,8,97,0.186344,1.5349,True,False,body,80.0,70.0,-10.0
2608,151017,46.0,3,40,0.186276,1.19,True,False,body,30.0,26.0,-10.0
2609,151078,87.0,5,61,0.186172,1.7093,True,False,body,50.0,47.0,-10.0
2610,151098,14.0,1,20,0.186138,1.5973,True,False,wall,10.0,14.0,-10.0
2611,151164,104.0,7,66,0.186026,1.4873,True,False,wall,70.0,44.0,-10.0
2612,151233,100.0,6,69,0.185909,1.3256,True,False,body,60.0,50.0,-10.0
2613,151265,46.0,3,32,0.185854,1.8031,True,False,wall,30.0,26.0,-10.0
2614,151288,48.0,4,23,0.185815,1.3134,True,False,wall,40.0,18.0,-10.0
2615,151513,280.0,14,225,0.185434,1.5643,True,False,body,140.0,150.0,-10.0
2616,151540,24.0,2,27,0.185388,1.9783,True,False,wall,20.0,14.0,-10.0
2617,151585,45.0,3,45,0.185312,1.3803,True,False,wall,30.0,25.0,-10.0
2618,151751,238.0,13,166,0.185031,2.1735,True,False,wall,130.0,118.0,-10.0
2619,151784,37.0,3,33,0.184976,1.1233,True,False,body,30.0,17.0,-10.0
2620,151963,234.0,12,179,0.184674,1.599,True,False,body,120.0,124.0,-10.0
2621,152122,231.0,13,159,0.184407,1.7171,True,False,body,130.0,111.0,-10.0
2622,152223,149.0,9,101,0.184237,1.649,True,False,body,90.0,69.0,-10.0
2623,152345,183.0,10,122,0.184032,1.8024,True,False,wall,100.0,93.0,-10.0
2624,152391,63.0,4,46,0.183955,1.4346,True,False,wall,40.0,33.0,-10.0
2625,152417,47.0,4,26,0.183912,1.4533,True,False,wall,40.0,17.0,-10.0
2626,152454,49.0,3,37,0.18385,1.5608,True,False,body,30.0,29.0,-10.0
2627,152642,257.0,14,188,0.183536,1.7628,True,False,body,140.0,127.0,-10.0
2628,152746,141.0,8,104,0.183362,1.6226,True,False,wall,80.0,71.0,-10.0
2629,152860,190.0,11,114,0.183172,2.2723,True,False,body,110.0,90.0,-10.0
2630,152953,97.0,5,93,0.183018,1.3007,True,False,wall,50.0,57.0,-10.0
2631,153100,184.0,10,147,0.182774,1.4432,True,False,wall,100.0,94.0,-10.0
2632,153266,246.0,13,166,0.182498,1.4208,True,False,wall,130.0,126.0,-10.0
2633,153430,219.0,12,164,0.182227,1.7947,True,False,body,120.0,109.0,-10.0
2634,153543,166.0,10,113,0.18204,1.5405,True,False,wall,100.0,76.0,-10.0
2635,153601,62.0,3,58,0.181945,2.0088,True,False,body,30.0,42.0,-10.0
2636,153741,185.0,10,140,0.181714,1.4744,True,False,body,100.0,95.0,-10.0
2637,153816,118.0,8,75,0.18159,1.5704,True,False,body,80.0,48.0,-10.0
2638,153920,153.0,8,104,0.18142,1.606,True,False,body,80.0,83.0,-10.0
2639,153980,58.0,3,60,0.181321,1.2681,True,False,wall,30.0,38.0,-10.0
2640,154151,251.0,13,171,0.181041,1.6242,True,False,body,130.0,131.0,-10.0
2641,154206,67.0,5,55,0.180951,1.5711,True,False,body,50.0,27.0,-10.0
2642,154298,139.0,8,92,0.1808,1.6963,True,False,body,80.0,69.0,-10.0
2643,154331,45.0,3,33,0.180746,1.3702,True,False,wall,30.0,25.0,-10.0
2644,154422,134.0,8,91,0.180597,1.4941,True,False,wall,80.0,64.0,-10.0
2645,154621,313.0,17,199,0.180273,1.4017,True,False,body,170.0,153.0,-10.0
2646,154726,152.0,8,105,0.180102,1.422,True,False,body,80.0,82.0,-10.0
2647,154790,95.0,6,64,0.179998,2.2711,True,False,body,60.0,45.0,-10.0
2648,154883,143.0,9,93,0.179847,1.8262,True,False,body,90.0,63.0,-10.0
2649,154929,78.0,5,46,0.179772,1.2557,True,False,body,50.0,38.0,-10.0
2650,155040,190.0,12,111,0.179592,1.447,True,False,wall,120.0,80.0,-10.0
2651,155078,42.0,3,38,0.179531,2.0761,True,False,wall,30.0,22.0,-10.0
2652,155120,37.0,2,42,0.179463,2.3724,True,False,wall,20.0,27.0,-10.0
2653,155191,126.0,8,71,0.179348,1.6178,True,False,body,80.0,56.0,-10.0
2654,155317,172.0,9,126,0.179145,1.4409,True,False,body,90.0,92.0,-10.0
2655,155423,140.0,7,106,0.178974,1.8197,True,False,wall,70.0,80.0,-10.0
2656,155477,98.0,7,54,0.178887,1.9773,True,False,body,70.0,38.0,-10.0
2657,155602,161.0,9,125,0.178685,1.5776,True,False,body,90.0,81.0,-10.0
2658,155650,56.0,3,48,0.178608,2.2312,True,False,body,30.0,36.0,-10.0
2659,155802,219.0,12,152,0.178364,1.8197,True,False,wall,120.0,109.0,-10.0
2660,155888,133.0,8,86,0.178226,1.5078,True,False,wall,80.0,63.0,-10.0
2661,155896,6.0,1,8,0.178213,1.032,True,False,wall,10.0,6.0,-10.0
2662,155999,112.0,6,103,0.178048,1.7166,True,False,wall,60.0,62.0,-10.0
2663,156143,251.0,16,144,0.177818,1.3765,True,False,wall,160.0,101.0,-10.0
2664,156317,249.0,12,174,0.17754,1.6228,True,False,body,120.0,139.0,-10.0
2665,156433,156.0,9,116,0.177355,1.4515,True,False,body,90.0,76.0,-10.0
2666,156559,192.0,11,126,0.177155,1.8617,True,False,wall,110.0,92.0,-10.0
2667,156718,237.0,13,159,0.176903,1.4052,True,False,body,130.0,117.0,-10.0
2668,156774,100.0,7,56,0.176814,1.3329,True,False,body,70.0,40.0,-10.0
2669,156848,114.0,7,74,0.176697,1.3917,True,False,body,70.0,54.0,-10.0
2670,156887,51.0,3,39,0.176635,1.1881,True,False,wall,30.0,31.0,-10.0
2671,156971,123.0,6,84,0.176502,1.5858,True,False,wall,60.0,73.0,-10.0
2672,157042,102.0,6,71,0.17639,2.3813,True,False,body,60.0,52.0,-10.0
2673,157154,123.0,6,112,0.176213,3.6036,True,False,body,60.0,73.0,-10.0
2674,157217,110.0,8,63,0.176113,3.1118,True,False,body,80.0,40.0,-10.0
2675,157262,59.0,3,45,0.176043,1.7901,True,False,body,30.0,39.0,-10.0
2676,157363,173.0,11,101,0.175884,1.7142,True,False,wall,110.0,73.0,-10.0
2677,157471,129.0,6,108,0.175714,1.4876,True,False,body,60.0,79.0,-10.0
2678,157666,265.0,13,195,0.175408,1.6884,True,False,body,130.0,145.0,-10.0
2679,157770,158.0,9,104,0.175245,1.3937,True,False,body,90.0,78.0,-10.0
2680,157834,94.0,5,64,0.175145,1.6028,True,False,body,50.0,54.0,-10.0
2681,157844,-5.0,0,10,0.175129,1.0435,True,False,wall,0.0,5.0,-10.0
2682,157893,68.0,4,49,0.175052,1.43,True,False,body,40.0,38.0,-10.0
2683,158024,194.0,10,131,0.174848,1.4961,True,False,wall,100.0,104.0,-10.0
2684,158100,105.0,6,76,0.174729,1.5421,True,False,body,60.0,55.0,-10.0
2685,158309,302.0,16,209,0.174404,1.7102,True,False,body,160.0,152.0,-10.0
2686,158320,-2.0,0,11,0.174387,1.2933,True,False,wall,0.0,8.0,-10.0
2687,158469,200.0,10,149,0.174155,1.6078,True,False,wall,100.0,110.0,-10.0
2688,158570,152.0,8,101,0.173999,1.7343,True,False,wall,80.0,82.0,-10.0
2689,158685,161.0,9,115,0.17382,1.4279,True,False,wall,90.0,81.0,-10.0
2690,158826,224.0,12,141,0.173602,1.5848,True,False,body,120.0,114.0,-10.0
2691,158896,105.0,6,70,0.173494,1.2658,True,False,body,60.0,55.0,-10.0
2692,159071,273.0,15,175,0.173224,1.5624,True,False,wall,150.0,133.0,-10.0
2693,159094,20.0,2,23,0.173189,1.4937,True,False,wall,20.0,10.0,-10.0
2694,159113,22.0,2,19,0.17316,1.6877,True,False,wall,20.0,12.0,-10.0
2695,159211,170.0,11,98,0.173009,1.3905,True,False,wall,110.0,70.0,-10.0
2696,159342,206.0,12,131,0.172808,1.818,True,False,body,120.0,96.0,-10.0
2697,159359,2.0,0,17,0.172782,1.506,True,False,wall,0.0,12.0,-10.0
2698,159368,7.0,1,9,0.172768,1.2304,True,False,wall,10.0,7.0,-10.0
2699,159389,19.0,1,21,0.172736,1.5604,True,False,wall,10.0,19.0,-10.0
2700,159411,27.0,2,22,0.172702,2.2988,True,False,wall,20.0,17.0,-10.0
2701,159457,57.0,4,46,0.172631,4.685,True,False,body,40.0,27.0,-10.0
2702,159574,154.0,8,117,0.172452,1.8532,True,False,body,80.0,84.0,-10.0
2703,159623,81.0,5,49,0.172377,1.5379,True,False,wall,50.0,41.0,-10.0
2704,159727,109.0,6,104,0.172218,1.289,True,False,body,60.0,59.0,-10.0
2705,159836,118.0,6,109,0.172052,1.2806,True,False,wall,60.0,68.0,-10.0
2706,159984,226.0,13,148,0.171826,1.5191,True,False,body,130.0,106.0,-10.0
2707,160050,91.0,6,66,0.171726,2.0489,True,False,wall,60.0,41.0,-10.0
2708,160085,37.0,3,35,0.171672,1.8098,True,False,wall,30.0,17.0,-10.0
2709,160190,132.0,8,105,0.171513,1.4963,True,False,body,80.0,62.0,-10.0
2710,160250,84.0,5,60,0.171422,1.1432,True,False,body,50.0,44.0,-10.0
2711,160266,12.0,1,16,0.171397,1.5234,True,False,wall,10.0,12.0,-10.0
2712,160305,54.0,4,39,0.171338,1.24,True,False,wall,40.0,24.0,-10.0
2713,160474,233.0,13,169,0.171082,1.9046,True,False,body,130.0,113.0,-10.0
2714,160604,164.0,9,130,0.170886,2.399,True,False,body,90.0,84.0,-10.0
2715,160646,54.0,3,42,0.170822,1.7629,True,False,body,30.0,34.0,-10.0
2716,160698,69.0,4,52,0.170744,1.6422,True,False,wall,40.0,39.0,-10.0
2717,160761,77.0,5,63,0.170649,1.843,True,False,wall,50.0,37.0,-10.0
2718,160901,246.0,15,140,0.170438,1.6067,True,False,wall,150.0,106.0,-10.0
2719,160935,30.0,1,34,0.170386,2.4523,True,False,wall,10.0,30.0,-10.0
2720,160995,92.0,5,60,0.170296,1.4265,True,False,wall,50.0,52.0,-10.0
2721,161135,228.0,13,140,0.170086,1.657,True,False,wall,130.0,108.0,-10.0
2722,161163,38.0,3,28,0.170044,1.782,True,False,body,30.0,18.0,-10.0
2723,161196,32.0,2,33,0.169994,1.4577,True,False,wall,20.0,22.0,-10.0
2724,161331,167.0,9,135,0.169792,1.7253,True,False,body,90.0,87.0,-10.0
2725,161437,164.0,9,106,0.169633,1.4664,True,False,body,90.0,84.0,-10.0
2726,161468,43.0,3,31,0.169587,1.6027,True,False,body,30.0,23.0,-10.0
2727,161583,157.0,9,115,0.169415,1.6405,True,False,body,90.0,77.0,-10.0
2728,161672,136.0,8,89,0.169283,1.3242,True,False,body,80.0,66.0,-10.0
2729,161731,83.0,5,59,0.169195,1.7218,True,False,wall,50.0,43.0,-10.0
2730,161785,52.0,3,54,0.169114,1.4634,True,False,body,30.0,32.0,-10.0
2731,161894,176.0,10,109,0.168952,1.5619,True,False,body,100.0,86.0,-10.0
2732,162060,233.0,14,166,0.168705,1.8772,True,False,wall,140.0,103.0,-10.0
2733,162209,227.0,13,149,0.168485,1.6238,True,False,body,130.0,107.0,-10.0
2734,162312,159.0,9,103,0.168332,2.0109,True,False,wall,90.0,79.0,-10.0
2735,162352,44.0,3,40,0.168273,1.7216,True,False,body,30.0,24.0,-10.0
2736,162447,134.0,8,95,0.168133,1.4624,True,False,body,80.0,64.0,-10.0
2737,162592,196.0,10,145,0.167919,1.5282,True,False,body,100.0,106.0,-10.0
2738,162666,134.0,9,74,0.16781,1.5854,True,False,wall,90.0,54.0,-10.0
2739,162687,15.0,1,21,0.167779,1.5539,True,False,wall,10.0,15.0,-10.0
2740,162752,104.0,6,65,0.167683,1.5443,True,False,body,60.0,54.0,-10.0
2741,162831,89.0,5,79,0.167567,1.5934,True,False,body,50.0,49.0,-10.0
2742,162856,30.0,2,25,0.16753,1.8222,True,False,wall,20.0,20.0,-10.0
2743,162868,10.0,1,12,0.167513,1.8226,True,False,wall,10.0,10.0,-10.0
2744,162897,21.0,1,29,0.16747,1.4555,True,False,wall,10.0,21.0,-10.0
2745,163108,304.0,18,211,0.16716,1.6389,True,False,body,180.0,134.0,-10.0
2746,163235,168.0,10,127,0.166975,1.9517,True,False,body,100.0,78.0,-10.0
2747,163349,158.0,9,114,0.166808,2.3078,True,False,wall,90.0,78.0,-10.0
2748,163427,111.0,6,78,0.166694,1.5994,True,False,body,60.0,61.0,-10.0
2749,163588,252.0,14,161,0.16646,1.4458,True,False,body,140.0,122.0,-10.0
2750,163730,230.0,13,142,0.166253,1.6507,True,False,body,130.0,110.0,-10.0
2751,163839,155.0,9,109,0.166095,1.4847,True,False,body,90.0,75.0,-10.0
2752,163931,110.0,5,92,0.165961,2.9542,True,False,wall,50.0,70.0,-10.0
2753,164019,111.0,6,88,0.165834,1.9453,True,False,wall,60.0,61.0,-10.0
2754,164092,100.0,6,73,0.165728,1.4263,True,False,body,60.0,50.0,-10.0
2755,164137,56.0,4,45,0.165663,1.5512,True,False,body,40.0,26.0,-10.0
2756,164327,301.0,16,190,0.165389,1.6498,True,False,wall,160.0,151.0,-10.0
2757,164358,39.0,3,31,0.165344,2.1816,True,False,wall,30.0,19.0,-10.0
2758,164454,136.0,7,96,0.165206,1.5247,True,False,body,70.0,76.0,-10.0
2759,164587,169.0,7,133,0.165014,1.69,True,False,wall,70.0,109.0,-10.0
2760,164624,49.0,3,37,0.164961,1.574,True,False,wall,30.0,29.0,-10.0
2761,164675,66.0,4,51,0.164888,1.9558,True,False,body,40.0,36.0,-10.0
2762,164744,120.0,8,69,0.164789,1.7492,True,False,body,80.0,50.0,-10.0
2763,164876,179.0,8,132,0.1646,1.8732,True,False,body,80.0,109.0,-10.0
2764,164954,126.0,7,78,0.164488,1.6554,True,False,body,70.0,66.0,-10.0
2765,165097,221.0,15,143,0.164284,1.8349,True,False,body,150.0,81.0,-10.0
2766,165171,112.0,7,74,0.164178,1.5687,True,False,wall,70.0,52.0,-10.0
2767,165301,213.0,12,130,0.163992,1.7707,True,False,wall,120.0,103.0,-10.0
2768,165355,89.0,6,54,0.163916,1.6419,True,False,body,60.0,39.0,-10.0
2769,165432,93.0,5,77,0.163806,1.4385,True,False,wall,50.0,53.0,-10.0
2770,165449,11.0,1,17,0.163782,1.3087,True,False,wall,10.0,11.0,-10.0
2771,165528,132.0,8,79,0.163669,1.2992,True,False,body,80.0,62.0,-10.0
2772,165603,133.0,9,75,0.163563,1.4879,True,False,wall,90.0,53.0,-10.0
2773,165669,68.0,3,66,0.163469,1.5018,True,False,wall,30.0,48.0,-10.0
2774,165742,115.0,7,73,0.163366,3.696,True,False,wall,70.0,55.0,-10.0
2775,165816,58.0,3,74,0.163261,2.5928,True,False,body,30.0,38.0,-10.0
2776,165937,167.0,9,121,0.16309,1.6771,True,False,body,90.0,87.0,-10.0
2777,166033,121.0,6,96,0.162954,1.8402,True,False,wall,60.0,71.0,-10.0
2778,166061,33.0,2,28,0.162915,1.6965,True,False,wall,20.0,23.0,-10.0
2779,166246,244.0,12,185,0.162654,1.3398,True,False,wall,120.0,134.0,-10.0
2780,166290,52.0,3,44,0.162592,2.7585,True,False,body,30.0,32.0,-10.0
2781,166306,12.0,1,16,0.162569,3.3821,True,False,wall,10.0,12.0,-10.0
2782,166455,220.0,12,149,0.16236,1.7396,True,False,body,120.0,110.0,-10.0
2783,166549,124.0,7,94,0.162228,1.7196,True,False,body,70.0,64.0,-10.0
2784,166607,97.0,6,58,0.162147,1.4653,True,False,body,60.0,47.0,-10.0
2785,166693,115.0,6,86,0.162026,1.3842,True,False,body,60.0,65.0,-10.0
2786,166840,221.0,13,147,0.16182,1.2044,True,False,body,130.0,101.0,-10.0
2787,166971,179.0,9,131,0.161638,1.5468,True,False,wall,90.0,99.0,-10.0
2788,167176,291.0,15,205,0.161352,1.3687,True,False,body,150.0,151.0,-10.0
2789,167300,194.0,11,124,0.161179,1.745,True,False,wall,110.0,94.0,-10.0
2790,167376,111.0,6,76,0.161074,2.1302,True,False,body,60.0,61.0,-10.0
2791,167478,167.0,10,102,0.160932,1.6973,True,False,wall,100.0,77.0,-10.0
2792,167563,130.0,8,85,0.160814,1.6112,True,False,body,80.0,60.0,-10.0
2793,167650,162.0,10,87,0.160694,1.6514,True,False,body,100.0,72.0,-10.0
2794,167664,28.0,3,14,0.160675,1.1249,True,False,wall,30.0,8.0,-10.0
2795,167722,91.0,6,58,0.160594,1.3006,True,False,body,60.0,41.0,-10.0
2796,167868,226.0,13,146,0.160393,1.5498,True,False,wall,130.0,106.0,-10.0
2797,167925,66.0,4,57,0.160314,1.3993,True,False,wall,40.0,36.0,-10.0
2798,167997,88.0,5,72,0.160215,1.3628,True,False,wall,50.0,48.0,-10.0
2799,168089,129.0,8,92,0.160088,1.5907,True,False,wall,80.0,59.0,-10.0
2800,168152,98.0,6,63,0.160002,2.4568,True,False,wall,60.0,48.0,-10.0
2801,168290,259.0,16,138,0.159812,2.8095,True,False,body,160.0,109.0,-10.0
2802,168497,289.0,17,207,0.159528,1.7014,True,False,body,170.0,129.0,-10.0
2803,168661,213.0,12,164,0.159304,1.487,True,False,wall,120.0,103.0,-10.0
2804,168765,150.0,9,104,0.159162,1.5333,True,False,body,90.0,70.0,-10.0
2805,168827,56.0,3,62,0.159077,1.4757,True,False,wall,30.0,36.0,-10.0
2806,168936,157.0,9,109,0.158929,1.5412,True,False,wall,90.0,77.0,-10.0
2807,169004,92.0,5,68,0.158836,1.3434,True,False,wall,50.0,52.0,-10.0
2808,169056,69.0,4,52,0.158766,1.7609,True,False,wall,40.0,39.0,-10.0
2809,169074,10.0,1,18,0.158741,1.2625,True,False,wall,10.0,10.0,-10.0
2810,169115,64.0,4,41,0.158685,1.7266,True,False,wall,40.0,34.0,-10.0
2811,169179,79.0,4,64,0.158598,1.4265,True,False,body,40.0,49.0,-10.0
2812,169213,46.0,3,34,0.158552,1.5341,True,False,wall,30.0,26.0,-10.0
2813,169226,9.0,1,13,0.158535,1.4951,True,False,wall,10.0,9.0,-10.0
2814,169286,88.0,5,60,0.158453,1.282,True,False,body,50.0,48.0,-10.0
2815,169393,154.0,8,107,0.158308,1.383,True,False,body,80.0,84.0,-10.0
2816,169456,76.0,4,63,0.158223,1.2935,True,False,body,40.0,46.0,-10.0
2817,169560,154.0,9,104,0.158082,1.9976,True,False,body,90.0,74.0,-10.0
2818,169629,115.0,7,69,0.157989,1.8803,True,False,body,70.0,55.0,-10.0
2819,169676,44.0,2,47,0.157926,1.5536,True,False,wall,20.0,34.0,-10.0
2820,169764,152.0,9,88,0.157807,1.3318,True,False,body,90.0,72.0,-10.0
2821,169853,146.0,8,89,0.157687,1.5585,True,False,wall,80.0,76.0,-10.0
2822,169929,96.0,5,76,0.157585,1.5538,True,False,wall,50.0,56.0,-10.0
2823,169945,10.0,1,16,0.157564,1.7102,True,False,wall,10.0,10.0,-10.0
2824,169976,43.0,3,31,0.157522,1.6155,True,False,wall,30.0,23.0,-10.0
2825,170043,115.0,7,67,0.157432,2.3563,True,False,wall,70.0,55.0,-10.0
2826,170198,286.0,18,155,0.157224,1.4707,True,False,body,180.0,116.0,-10.0
2827,170225,28.0,2,27,0.157188,2.4908,True,False,wall,20.0,18.0,-10.0
2828,170352,151.0,7,127,0.157018,1.42,True,False,body,70.0,91.0,-10.0
2829,170449,129.0,7,97,0.156888,1.61,True,False,body,70.0,69.0,-10.0
2830,170635,256.0,13,186,0.15664,1.6771,True,False,wall,130.0,136.0,-10.0
2831,170690,87.0,5,55,0.156567,1.3868,True,False,wall,50.0,47.0,-10.0
2832,170768,118.0,7,78,0.156463,1.4828,True,False,wall,70.0,58.0,-10.0
2833,170875,147.0,7,107,0.15632,1.7235,True,False,wall,70.0,87.0,-10.0
2834,171063,274.0,15,188,0.156071,1.5248,True,False,body,150.0,134.0,-10.0
2835,171164,161.0,9,101,0.155937,2.6963,True,False,wall,90.0,81.0,-10.0
2836,171222,106.0,7,58,0.15586,1.7582,True,False,body,70.0,46.0,-10.0
2837,171337,186.0,10,115,0.155708,1.4852,True,False,body,100.0,96.0,-10.0
2838,171500,234.0,12,163,0.155493,1.808,True,False,body,120.0,124.0,-10.0
2839,171595,137.0,7,95,0.155368,1.5613,True,False,body,70.0,77.0,-10.0
2840,171684,121.0,7,89,0.155251,1.423,True,False,body,70.0,61.0,-10.0
2841,171723,60.0,4,39,0.155199,2.4979,True,False,wall,40.0,30.0,-10.0
2842,171761,55.0,4,38,0.155149,1.7357,True,False,wall,40.0,25.0,-10.0
2843,171779,16.0,1,18,0.155126,1.3675,True,False,wall,10.0,16.0,-10.0
2844,171878,150.0,8,99,0.154996,1.4276,True,False,body,80.0,80.0,-10.0
2845,171964,118.0,7,86,0.154883,1.3624,True,False,body,70.0,58.0,-10.0
2846,171979,22.0,2,15,0.154863,1.6839,True,False,wall,20.0,12.0,-10.0
2847,172079,118.0,7,100,0.154732,2.0543,True,False,wall,70.0,58.0,-10.0
2848,172140,108.0,8,61,0.154652,1.8775,True,False,wall,80.0,38.0,-10.0
2849,172236,150.0,9,96,0.154527,1.31,True,False,body,90.0,70.0,-10.0
2850,172408,233.0,12,172,0.154302,1.5741,True,False,body,120.0,123.0,-10.0
2851,172488,115.0,6,80,0.154198,1.8858,True,False,body,60.0,65.0,-10.0
2852,172554,108.0,7,66,0.154112,1.7106,True,False,wall,70.0,48.0,-10.0
2853,172633,112.0,6,79,0.15401,1.6507,True,False,wall,60.0,62.0,-10.0
2854,172729,145.0,8,96,0.153885,1.9616,True,False,body,80.0,75.0,-10.0
2855,172911,277.0,14,182,0.153649,1.766,True,False,body,140.0,147.0,-10.0
2856,172965,50.0,3,54,0.153579,3.9858,True,False,wall,30.0,30.0,-10.0
2857,173103,208.0,11,138,0.1534,1.4905,True,False,body,110.0,108.0,-10.0
2858,173181,109.0,8,78,0.153299,1.3912,True,False,body,80.0,39.0,-10.0
2859,173302,172.0,10,121,0.153143,1.6804,True,False,wall,100.0,82.0,-10.0
2860,173479,232.0,10,177,0.152915,1.2958,True,False,body,100.0,142.0,-10.0
2861,173556,117.0,7,77,0.152816,1.381,True,False,wall,70.0,57.0,-10.0
2862,173573,13.0,1,17,0.152795,1.403,True,False,wall,10.0,13.0,-10.0
2863,173683,146.0,7,110,0.152653,1.8079,True,False,body,70.0,86.0,-10.0
2864,173804,168.0,10,121,0.152498,1.5747,True,False,wall,100.0,78.0,-10.0
2865,173860,73.0,4,56,0.152426,1.5389,True,False,body,40.0,43.0,-10.0
2866,173941,132.0,8,81,0.152323,1.4719,True,False,wall,80.0,62.0,-10.0
2867,174056,197.0,11,115,0.152176,1.7854,True,False,body,110.0,97.0,-10.0
2868,174119,79.0,5,63,0.152095,1.8313,True,False,wall,50.0,39.0,-10.0
2869,174204,152.0,10,85,0.151987,1.62,True,False,body,100.0,62.0,-10.0
2870,174487,399.0,21,283,0.151627,1.8209,True,False,body,210.0,199.0,-10.0
2871,174560,126.0,8,73,0.151534,1.5282,True,False,body,80.0,56.0,-10.0
2872,174602,52.0,3,42,0.151481,1.4077,True,False,wall,30.0,32.0,-10.0
2873,174832,330.0,19,230,0.151189,1.6591,True,False,body,190.0,150.0,-10.0
2874,174974,200.0,11,142,0.15101,1.7035,True,False,body,110.0,100.0,-10.0
2875,175063,136.0,8,89,0.150898,1.4596,True,False,body,80.0,66.0,-10.0
2876,175128,105.0,7,65,0.150816,1.3635,True,False,body,70.0,45.0,-10.0
2877,175246,190.0,11,118,0.150667,1.6218,True,False,body,110.0,90.0,-10.0
2878,175262,1.0,0,16,0.150647,1.2537,True,False,wall,0.0,11.0,-10.0
2879,175436,273.0,14,174,0.150428,1.4617,True,False,wall,140.0,143.0,-10.0
2880,175577,265.0,17,141,0.150252,2.3915,True,False,body,170.0,105.0,-10.0
2881,175592,29.0,3,15,0.150233,2.2319,True,False,body,30.0,9.0,-10.0
2882,175603,7.0,1,11,0.150219,1.75,True,False,wall,10.0,7.0,-10.0
2883,175684,99.0,5,81,0.150118,2.3984,True,False,body,50.0,59.0,-10.0
2884,175852,263.0,14,168,0.149908,1.6172,True,False,wall,140.0,133.0,-10.0
2885,175894,66.0,5,42,0.149855,1.3654,True,False,body,50.0,26.0,-10.0
2886,175938,45.0,2,44,0.1498,2.2648,True,False,wall,20.0,35.0,-10.0
2887,175997,98.0,6,59,0.149727,1.9109,True,False,wall,60.0,48.0,-10.0
2888,176123,173.0,10,126,0.14957,1.7874,True,False,body,100.0,83.0,-10.0
2889,176167,66.0,5,44,0.149515,2.1987,True,False,body,50.0,26.0,-10.0
2890,176204,38.0,2,37,0.149469,1.7088,True,False,wall,20.0,28.0,-10.0
2891,176228,34.0,3,24,0.149439,1.4311,True,False,body,30.0,14.0,-10.0
2892,176299,108.0,6,71,0.149351,2.0147,True,False,body,60.0,58.0,-10.0
2893,176315,10.0,1,16,0.149331,2.514,True,False,wall,10.0,10.0,-10.0
2894,176535,340.0,17,220,0.149058,1.6413,True,False,body,170.0,180.0,-10.0
2895,176583,71.0,4,48,0.148999,1.5032,True,False,body,40.0,41.0,-10.0
2896,176627,74.0,5,44,0.148944,1.694,True,False,wall,50.0,34.0,-10.0
2897,176750,231.0,15,123,0.148792,1.9581,True,False,wall,150.0,91.0,-10.0
2898,176769,15.0,1,19,0.148769,1.859,True,False,wall,10.0,15.0,-10.0
2899,176840,94.0,6,71,0.148681,2.0914,True,False,body,60.0,44.0,-10.0
2900,176996,248.0,13,156,0.148489,1.5105,True,False,body,130.0,128.0,-10.0
2901,177032,66.0,5,36,0.148445,1.8063,True,False,body,50.0,26.0,-10.0
2902,177044,1.0,0,12,0.14843,2.4703,True,False,wall,0.0,11.0,-10.0
2903,177080,35.0,2,36,0.148386,2.4761,True,False,wall,20.0,25.0,-10.0
2904,177090,6.0,1,10,0.148373,2.1732,True,False,wall,10.0,6.0,-10.0
2905,177144,68.0,5,54,0.148307,2.2323,True,False,body,50.0,28.0,-10.0
2906,177198,74.0,5,54,0.148241,1.9356,True,False,wall,50.0,34.0,-10.0
2907,177364,269.0,14,166,0.148037,1.4532,True,False,wall,140.0,139.0,-10.0
2908,177377,11.0,1,13,0.148021,1.4244,True,False,wall,10.0,11.0,-10.0
2909,177535,227.0,10,158,0.147828,2.185,True,False,body,100.0,137.0,-10.0
2910,177574,64.0,4,39,0.14778,1.7513,True,False,body,40.0,34.0,-10.0
2911,177634,89.0,6,60,0.147707,1.679,True,False,wall,60.0,39.0,-10.0
2912,177646,1.0,0,12,0.147692,1.3491,True,False,wall,0.0,11.0,-10.0
2913,177713,111.0,7,67,0.14761,1.9576,True,False,wall,70.0,51.0,-10.0
2914,177831,185.0,10,118,0.147466,1.4856,True,False,wall,100.0,95.0,-10.0
2915,177869,59.0,4,38,0.14742,2.0755,True,False,wall,40.0,29.0,-10.0
2916,177919,58.0,3,50,0.147359,1.6385,True,False,body,30.0,38.0,-10.0
2917,177999,113.0,6,80,0.147262,1.7347,True,False,body,60.0,63.0,-10.0
2918,178073,96.0,5,74,0.147172,1.6431,True,False,body,50.0,56.0,-10.0
2919,178163,128.0,7,90,0.147063,1.5826,True,False,wall,70.0,68.0,-10.0
2920,178247,120.0,7,84,0.146961,1.5547,True,False,body,70.0,60.0,-10.0
2921,178276,39.0,3,29,0.146926,1.6221,True,False,wall,30.0,19.0,-10.0
2922,178307,45.0,3,31,0.146888,1.6715,True,False,body,30.0,25.0,-10.0
2923,178483,240.0,11,176,0.146675,1.7223,True,False,body,110.0,140.0,-10.0
2924,178504,17.0,1,21,0.14665,1.6646,True,False,wall,10.0,17.0,-10.0
2925,178555,61.0,3,51,0.146588,1.7077,True,False,wall,30.0,41.0,-10.0
2926,178707,193.0,10,152,0.146405,1.3613,True,False,body,100.0,103.0,-10.0
2927,178766,78.0,4,59,0.146334,1.1591,True,False,wall,40.0,48.0,-10.0
2928,178817,63.0,3,51,0.146272,1.4221,True,False,body,30.0,43.0,-10.0
2929,178950,218.0,12,133,0.146113,1.6198,True,False,body,120.0,108.0,-10.0
2930,179032,144.0,9,82,0.146014,1.863,True,False,body,90.0,64.0,-10.0
2931,179086,64.0,3,54,0.145949,1.4235,True,False,wall,30.0,44.0,-10.0
2932,179258,233.0,12,172,0.145743,1.6279,True,False,body,120.0,123.0,-10.0
2933,179509,378.0,18,251,0.145443,1.6775,True,False,wall,180.0,208.0,-10.0
2934,179666,224.0,12,157,0.145256,1.6538,True,False,wall,120.0,114.0,-10.0
2935,179734,98.0,5,68,0.145175,2.0972,True,False,wall,50.0,58.0,-10.0
2936,179801,90.0,4,67,0.145096,1.68,True,False,wall,40.0,60.0,-10.0
2937,179856,54.0,2,55,0.14503,1.8157,True,False,wall,20.0,44.0,-10.0
2938,180063,314.0,18,207,0.144785,1.787,True,False,body,180.0,144.0,-10.0
2939,180082,13.0,1,19,0.144762,2.0756,True,False,wall,10.0,13.0,-10.0
2940,180153,117.0,7,71,0.144678,1.9167,True,False,wall,70.0,57.0,-10.0
2941,180163,6.0,1,10,0.144666,2.1052,True,False,wall,10.0,6.0,-10.0
2942,180255,139.0,8,92,0.144557,1.4824,True,False,body,80.0,69.0,-10.0
2943,180463,323.0,18,208,0.144312,1.5711,True,False,body,180.0,153.0,-10.0
2944,180501,39.0,2,38,0.144267,1.8175,True,False,wall,20.0,29.0,-10.0
2945,180603,139.0,8,102,0.144147,1.5091,True,False,body,80.0,69.0,-10.0
2946,180682,123.0,7,79,0.144054,1.3798,True,False,wall,70.0,63.0,-10.0
2947,180695,20.0,2,13,0.144039,1.4221,True,False,wall,20.0,10.0,-10.0
2948,180726,34.0,2,31,0.144002,2.0276,True,False,wall,20.0,24.0,-10.0
2949,180831,143.0,7,105,0.143879,2.0238,True,False,body,70.0,83.0,-10.0
2950,180951,187.0,10,120,0.143738,2.0538,True,False,body,100.0,97.0,-10.0
2951,181040,134.0,8,89,0.143634,1.7516,True,False,wall,80.0,64.0,-10.0
2952,181166,142.0,7,126,0.143487,1.5123,True,False,body,70.0,82.0,-10.0
2953,181254,122.0,7,88,0.143384,1.6662,True,False,body,70.0,62.0,-10.0
2954,181325,106.0,6,71,0.143301,1.6107,True,False,body,60.0,56.0,-10.0
2955,181430,188.0,12,105,0.143179,1.4242,True,False,body,120.0,78.0,-10.0
2956,181486,77.0,4,56,0.143114,1.471,True,False,wall,40.0,47.0,-10.0
2957,181641,217.0,11,155,0.142933,1.8958,True,False,wall,110.0,117.0,-10.0
2958,181698,59.0,3,57,0.142867,1.3277,True,False,body,30.0,39.0,-10.0
2959,181764,79.0,4,66,0.142791,1.4617,True,False,body,40.0,49.0,-10.0
2960,181826,60.0,3,62,0.142719,1.5531,True,False,body,30.0,40.0,-10.0
2961,181984,247.0,14,158,0.142536,2.2063,True,False,wall,140.0,117.0,-10.0
2962,182073,120.0,8,89,0.142433,2.9723,True,False,body,80.0,50.0,-10.0
2963,182229,218.0,13,156,0.142253,1.7285,True,False,body,130.0,98.0,-10.0
2964,182417,288.0,15,188,0.142036,1.6914,True,False,wall,150.0,148.0,-10.0
2965,182461,79.0,6,44,0.141986,1.7258,True,False,body,60.0,29.0,-10.0
2966,182537,144.0,9,76,0.141898,1.6158,True,False,body,90.0,64.0,-10.0
2967,182680,224.0,12,143,0.141734,1.6004,True,False,body,120.0,114.0,-10.0
2968,182707,35.0,3,27,0.141703,1.2843,True,False,body,30.0,15.0,-10.0
2969,182750,53.0,3,43,0.141654,1.4998,True,False,body,30.0,33.0,-10.0
2970,182878,219.0,12,128,0.141507,1.4591,True,False,wall,120.0,109.0,-10.0
2971,182899,35.0,3,21,0.141483,1.3832,True,False,body,30.0,15.0,-10.0
2972,182998,190.0,12,99,0.14137,1.4105,True,False,wall,120.0,80.0,-10.0
2973,183051,71.0,5,53,0.14131,1.3337,True,False,body,50.0,31.0,-10.0
2974,183157,158.0,9,106,0.141189,2.208,True,False,body,90.0,78.0,-10.0
2975,183339,320.0,19,182,0.140982,2.0061,True,False,body,190.0,140.0,-10.0
2976,183484,212.0,12,145,0.140817,1.8163,True,False,body,120.0,102.0,-10.0
2977,183566,100.0,5,82,0.140724,1.83,True,False,wall,50.0,60.0,-10.0
2978,183624,79.0,4,58,0.140658,1.4234,True,False,body,40.0,49.0,-10.0
2979,183772,235.0,12,148,0.14049,1.6047,True,False,body,120.0,125.0,-10.0
2980,183789,9.0,1,17,0.140471,1.3404,True,False,wall,10.0,9.0,-10.0
2981,183962,286.0,16,173,0.140276,2.1464,True,False,wall,160.0,136.0,-10.0
2982,183990,40.0,3,28,0.140244,1.4544,True,False,body,30.0,20.0,-10.0
2983,184129,229.0,13,139,0.140088,1.6096,True,False,wall,130.0,109.0,-10.0
2984,184175,63.0,4,46,0.140036,1.9789,True,False,wall,40.0,33.0,-10.0
2985,184341,272.0,15,166,0.139849,1.3441,True,False,body,150.0,132.0,-10.0
2986,184440,137.0,7,99,0.139738,1.5485,True,False,wall,70.0,77.0,-10.0
2987,184502,106.0,7,62,0.139669,1.683,True,False,body,70.0,46.0,-10.0
2988,184539,49.0,3,37,0.139627,1.4745,True,False,body,30.0,29.0,-10.0
2989,184658,183.0,11,119,0.139494,1.4311,True,False,wall,110.0,83.0,-10.0
2990,184680,36.0,3,22,0.139469,2.4658,True,False,wall,30.0,16.0,-10.0
2991,184710,51.0,4,30,0.139436,1.5954,True,False,body,40.0,21.0,-10.0
2992,184764,80.0,5,54,0.139375,2.0145,True,False,body,50.0,40.0,-10.0
2993,184837,76.0,4,73,0.139294,1.7038,True,False,body,40.0,46.0,-10.0
2994,184948,194.0,12,111,0.13917,1.4598,True,False,wall,120.0,84.0,-10.0
2995,185101,237.0,13,153,0.139,1.6267,True,False,body,130.0,117.0,-10.0
2996,185148,75.0,5,47,0.138947,3.6194,True,False,body,50.0,35.0,-10.0
2997,185292,206.0,11,144,0.138787,3.1448,True,False,body,110.0,106.0,-10.0
2998,185352,126.0,9,60,0.138721,1.7267,True,False,body,90.0,46.0,-10.0
2999,185456,182.0,11,104,0.138606,1.7389,True,False,wall,110.0,82.0,-10.0
3000,185529,106.0,6,73,0.138525,1.5758,True,False,wall,60.0,56.0,-10.0
3001,185610,139.0,9,81,0.138435,1.704,True,False,body,90.0,59.0,-10.0
3002,185932,494.0,27,322,0.13808,1.6739,True,False,body,270.0,234.0,-10.0
3003,186106,271.0,16,174,0.137889,1.5276,True,False,wall,160.0,121.0,-10.0
3004,186117,-2.0,0,11,0.137876,3.61,True,False,wall,0.0,8.0,-10.0
3005,186146,28.0,2,29,0.137845,2.6661,True,False,wall,20.0,18.0,-10.0
3006,186321,261.0,13,175,0.137653,1.7846,True,False,body,130.0,141.0,-10.0
3007,186450,174.0,8,129,0.137511,1.6391,True,False,body,80.0,104.0,-10.0
3008,186548,147.0,8,98,0.137404,1.7229,True,False,body,80.0,77.0,-10.0
3009,186707,232.0,12,159,0.137231,1.5921,True,False,body,120.0,122.0,-10.0
3010,186807,136.0,7,100,0.137122,1.8968,True,False,body,70.0,76.0,-10.0
3011,186879,118.0,7,72,0.137043,1.3807,True,False,wall,70.0,58.0,-10.0
3012,186945,103.0,6,66,0.136972,1.3378,True,False,body,60.0,53.0,-10.0
3013,186999,80.0,5,54,0.136913,1.6594,True,False,wall,50.0,40.0,-10.0
3014,187111,157.0,8,112,0.136791,1.7965,True,False,body,80.0,87.0,-10.0
3015,187161,66.0,3,50,0.136737,1.6469,True,False,wall,30.0,46.0,-10.0
3016,187302,190.0,10,141,0.136584,1.7224,True,False,body,100.0,100.0,-10.0
3017,187380,120.0,7,78,0.1365,1.351,True,False,body,70.0,60.0,-10.0
3018,187500,198.0,13,120,0.13637,1.6568,True,False,wall,130.0,78.0,-10.0
3019,187563,95.0,5,63,0.136302,1.8973,True,False,body,50.0,55.0,-10.0
3020,187600,45.0,3,37,0.136262,1.5801,True,False,body,30.0,25.0,-10.0
3021,187625,21.0,1,25,0.136236,1.6562,True,False,wall,10.0,21.0,-10.0
3022,187815,269.0,14,190,0.136031,1.8496,True,False,body,140.0,139.0,-10.0
3023,187883,75.0,4,68,0.135958,3.8806,True,False,body,40.0,45.0,-10.0
3024,188015,206.0,11,132,0.135816,1.6157,True,False,wall,110.0,106.0,-10.0
3025,188072,100.0,6,57,0.135755,2.047,True,False,body,60.0,50.0,-10.0
3026,188097,19.0,1,25,0.135728,1.6866,True,False,wall,10.0,19.0,-10.0
3027,188153,80.0,5,56,0.135668,1.5775,True,False,wall,50.0,40.0,-10.0
3028,188270,152.0,8,117,0.135543,1.4091,True,False,body,80.0,82.0,-10.0
3029,188315,53.0,3,45,0.135495,1.4892,True,False,body,30.0,33.0,-10.0
3030,188418,133.0,7,103,0.135385,1.5946,True,False,wall,70.0,73.0,-10.0
3031,188506,111.0,6,88,0.135291,2.339,True,False,body,60.0,61.0,-10.0
3032,188610,176.0,11,104,0.13518,1.8231,True,False,body,110.0,76.0,-10.0
3033,188659,86.0,6,49,0.135128,1.5282,True,False,wall,60.0,36.0,-10.0
3034,188728,102.0,6,69,0.135055,1.5944,True,False,body,60.0,52.0,-10.0
3035,188852,208.0,13,124,0.134923,1.5678,True,False,body,130.0,88.0,-10.0
3036,189004,216.0,11,152,0.134762,2.2545,True,False,body,110.0,116.0,-10.0
3037,189120,183.0,10,116,0.134639,1.9598,True,False,wall,100.0,93.0,-10.0
3038,189146,40.0,3,26,0.134611,1.8727,True,False,body,30.0,20.0,-10.0
3039,189181,43.0,3,35,0.134574,2.6691,True,False,body,30.0,23.0,-10.0
3040,189229,37.0,2,48,0.134524,3.2193,True,False,wall,20.0,27.0,-10.0
3041,189484,373.0,21,255,0.134255,1.5979,True,False,body,210.0,173.0,-10.0
3042,189664,250.0,13,180,0.134065,1.6569,True,False,body,130.0,130.0,-10.0
3043,189705,41.0,3,41,0.134022,1.7707,True,False,wall,30.0,21.0,-10.0
3044,189829,170.0,9,124,0.133892,2.3472,True,False,body,90.0,90.0,-10.0
3045,189923,166.0,11,94,0.133794,1.3796,True,False,body,110.0,66.0,-10.0
3046,190019,161.0,10,96,0.133693,1.4485,True,False,body,100.0,71.0,-10.0
3047,190135,178.0,9,116,0.133572,1.5909,True,False,wall,90.0,98.0,-10.0
3048,190194,94.0,6,59,0.13351,1.5936,True,False,wall,60.0,44.0,-10.0
3049,190340,218.0,11,146,0.133358,1.4311,True,False,wall,110.0,118.0,-10.0
3050,190438,138.0,7,98,0.133256,1.472,True,False,body,70.0,78.0,-10.0
3051,190473,41.0,3,35,0.13322,1.7983,True,False,wall,30.0,21.0,-10.0
3052,190582,159.0,9,109,0.133106,1.8542,True,False,body,90.0,79.0,-10.0
3053,190596,10.0,1,14,0.133092,1.5102,True,False,wall,10.0,10.0,-10.0
3054,190788,294.0,15,192,0.132893,1.8423,True,False,body,150.0,154.0,-10.0
3055,190903,185.0,11,115,0.132773,2.2004,True,False,body,110.0,85.0,-10.0
3056,190982,116.0,6,79,0.132692,1.8493,True,False,wall,60.0,66.0,-10.0
3057,191057,95.0,5,75,0.132614,1.7641,True,False,body,50.0,55.0,-10.0
3058,191147,132.0,7,90,0.132521,1.7163,True,False,body,70.0,72.0,-10.0
3059,191270,176.0,10,123,0.132395,1.4896,True,False,body,100.0,86.0,-10.0
3060,191358,135.0,8,88,0.132304,1.5055,True,False,wall,80.0,65.0,-10.0
3061,191389,32.0,2,31,0.132272,2.6711,True,False,wall,20.0,22.0,-10.0
3062,191430,47.0,3,41,0.13223,2.5428,True,False,body,30.0,27.0,-10.0
3063,191494,93.0,6,64,0.132164,1.5649,True,False,body,60.0,43.0,-10.0
3064,191586,141.0,8,92,0.13207,1.7823,True,False,wall,80.0,71.0,-10.0
3065,191687,159.0,9,101,0.131966,1.3167,True,False,wall,90.0,79.0,-10.0
3066,191962,470.0,26,275,0.131685,1.5958,True,False,body,260.0,220.0,-10.0
3067,192041,106.0,6,79,0.131604,1.8822,True,False,body,60.0,56.0,-10.0
3068,192277,414.0,23,236,0.131364,1.7648,True,False,body,230.0,194.0,-10.0
3069,192417,187.0,10,140,0.131222,1.8849,True,False,body,100.0,97.0,-10.0
3070,192486,97.0,5,69,0.131152,1.6079,True,False,body,50.0,57.0,-10.0
3071,192521,40.0,2,35,0.131116,1.6332,True,False,wall,20.0,30.0,-10.0
3072,192591,114.0,7,70,0.131045,1.4961,True,False,body,70.0,54.0,-10.0
3073,192717,207.0,12,126,0.130918,1.7714,True,False,body,120.0,97.0,-10.0
3074,192733,-1.0,0,16,0.130901,1.827,True,False,wall,0.0,9.0,-10.0
3075,192765,46.0,3,32,0.130869,2.2531,True,False,wall,30.0,26.0,-10.0
3076,192872,131.0,7,107,0.130761,2.0261,True,False,wall,70.0,71.0,-10.0
3077,192888,12.0,1,16,0.130745,1.3051,True,False,wall,10.0,12.0,-10.0
3078,193054,256.0,13,166,0.130578,1.6399,True,False,body,130.0,136.0,-10.0
3079,193129,110.0,6,75,0.130502,1.6283,True,False,body,60.0,60.0,-10.0
3080,193175,62.0,3,46,0.130456,2.1346,True,False,wall,30.0,42.0,-10.0
3081,193188,27.0,3,13,0.130443,3.9442,True,False,body,30.0,7.0,-10.0
3082,193310,177.0,10,122,0.13032,3.2575,True,False,wall,100.0,87.0,-10.0
3083,193492,260.0,13,182,0.130138,2.3729,True,False,body,130.0,140.0,-10.0
3084,193682,267.0,14,190,0.129947,1.5195,True,False,wall,140.0,137.0,-10.0
3085,193692,6.0,1,10,0.129937,1.3604,True,False,wall,10.0,6.0,-10.0
3086,193797,183.0,11,105,0.129833,1.3553,True,False,body,110.0,83.0,-10.0
3087,193851,74.0,5,54,0.129779,1.8976,True,False,body,50.0,34.0,-10.0
3088,193914,100.0,6,63,0.129716,1.8314,True,False,wall,60.0,50.0,-10.0
3089,194030,154.0,7,116,0.1296,1.5359,True,False,body,70.0,94.0,-10.0
3090,194045,22.0,2,15,0.129586,1.4853,True,False,wall,20.0,12.0,-10.0
3091,194057,10.0,1,12,0.129574,2.2567,True,False,wall,10.0,10.0,-10.0
3092,194122,100.0,6,65,0.129509,1.5967,True,False,body,60.0,50.0,-10.0
3093,194160,52.0,3,38,0.129471,2.0613,True,False,body,30.0,32.0,-10.0
3094,194349,288.0,16,189,0.129284,1.6376,True,False,body,160.0,138.0,-10.0
3095,194487,188.0,9,138,0.129147,1.5272,True,False,body,90.0,108.0,-10.0
3096,194658,224.0,12,171,0.128978,1.6824,True,False,wall,120.0,114.0,-10.0
3097,194756,164.0,9,98,0.128881,3.044,True,False,wall,90.0,84.0,-10.0
3098,194810,69.0,4,54,0.128828,2.147,True,False,body,40.0,39.0,-10.0
3099,194994,266.0,13,184,0.128647,1.6473,True,False,body,130.0,146.0,-10.0
3100,195080,128.0,7,86,0.128563,1.7545,True,False,body,70.0,68.0,-10.0
3101,195176,152.0,9,96,0.128468,2.8388,True,False,wall,90.0,72.0,-10.0
3102,195554,526.0,27,378,0.128098,1.7492,True,False,body,270.0,266.0,-10.0
3103,195658,154.0,9,104,0.127997,1.4552,True,False,wall,90.0,74.0,-10.0
3104,195730,102.0,5,72,0.127927,1.538,True,False,wall,50.0,62.0,-10.0
3105,195760,35.0,2,30,0.127898,1.5728,True,False,wall,20.0,25.0,-10.0
3106,195955,281.0,15,195,0.127708,1.4756,True,False,wall,150.0,141.0,-10.0
3107,195985,44.0,3,30,0.127679,1.4967,True,False,body,30.0,24.0,-10.0
3108,196028,55.0,3,43,0.127637,1.4116,True,False,wall,30.0,35.0,-10.0
3109,196154,209.0,12,126,0.127515,1.5685,True,False,body,120.0,99.0,-10.0
3110,196268,166.0,9,114,0.127404,1.7056,True,False,body,90.0,86.0,-10.0
3111,196388,152.0,7,120,0.127288,1.5245,True,False,wall,70.0,92.0,-10.0
3112,196475,111.0,5,87,0.127204,1.7122,True,False,wall,50.0,71.0,-10.0
3113,196617,207.0,10,142,0.127068,1.5403,True,False,wall,100.0,117.0,-10.0
3114,196686,133.0,9,69,0.127001,2.0612,True,False,body,90.0,53.0,-10.0
3115,196782,158.0,9,96,0.126909,1.656,True,False,wall,90.0,78.0,-10.0
3116,196915,209.0,11,133,0.126781,1.7064,True,False,body,110.0,109.0,-10.0
3117,196984,115.0,7,69,0.126715,1.7245,True,False,wall,70.0,55.0,-10.0
3118,197042,75.0,4,58,0.126659,1.3296,True,False,wall,40.0,45.0,-10.0
3119,197223,312.0,18,181,0.126486,1.8671,True,False,body,180.0,142.0,-10.0
3120,197463,332.0,17,240,0.126257,2.1651,True,False,body,170.0,172.0,-10.0
3121,197509,80.0,5,46,0.126213,1.6049,True,False,wall,50.0,40.0,-10.0
3122,197554,68.0,4,45,0.12617,1.7499,True,False,wall,40.0,38.0,-10.0
3123,197616,95.0,6,62,0.126111,1.7048,True,False,body,60.0,45.0,-10.0
3124,197681,71.0,3,65,0.126049,1.8224,True,False,body,30.0,51.0,-10.0
3125,197756,91.0,5,75,0.125978,3.9045,True,False,wall,50.0,51.0,-10.0
3126,197982,358.0,19,226,0.125764,1.761,True,False,wall,190.0,178.0,-10.0
3127,198229,369.0,19,247,0.12553,1.8424,True,False,body,190.0,189.0,-10.0
3128,198398,300.0,18,169,0.125371,1.6436,True,False,body,180.0,130.0,-10.0
3129,198539,224.0,12,141,0.125238,1.8954,True,False,body,120.0,114.0,-10.0
3130,198796,415.0,23,257,0.124997,1.6456,True,False,body,230.0,195.0,-10.0
3131,198940,202.0,11,144,0.124862,1.6664,True,False,wall,110.0,102.0,-10.0
3132,199162,331.0,18,222,0.124654,1.542,True,False,body,180.0,161.0,-10.0
3133,199254,113.0,6,92,0.124569,2.0068,True,False,body,60.0,63.0,-10.0
3134,199273,13.0,1,19,0.124551,1.9217,True,False,wall,10.0,13.0,-10.0
3135,199436,275.0,15,163,0.124399,1.5254,True,False,body,150.0,135.0,-10.0
3136,199460,25.0,2,24,0.124377,1.3598,True,False,wall,20.0,15.0,-10.0
3137,199496,57.0,4,36,0.124343,2.6619,True,False,wall,40.0,27.0,-10.0
3138,199629,220.0,12,133,0.12422,1.7343,True,False,wall,120.0,110.0,-10.0
3139,199731,139.0,8,102,0.124125,1.5559,True,False,wall,80.0,69.0,-10.0
3140,199747,10.0,1,16,0.124111,1.4531,True,False,wall,10.0,10.0,-10.0
3141,199761,12.0,1,14,0.124098,1.8879,True,False,wall,10.0,12.0,-10.0
3142,199867,169.0,10,106,0.123999,1.929,True,False,body,100.0,79.0,-10.0
3143,200067,326.0,17,200,0.123815,1.5702,True,False,body,170.0,166.0,-10.0
3144,200256,297.0,17,189,0.12364,1.8412,True,False,body,170.0,137.0,-10.0
3145,200283,19.0,1,27,0.123616,5.9759,True,False,wall,10.0,19.0,-10.0
3146,200378,139.0,7,95,0.123528,3.228,True,False,wall,70.0,79.0,-10.0
3147,200536,209.0,10,158,0.123383,1.6676,True,False,body,100.0,119.0,-10.0
3148,200668,185.0,10,132,0.123262,1.4045,True,False,wall,100.0,95.0,-10.0
3149,200815,254.0,16,147,0.123128,1.781,True,False,wall,160.0,104.0,-10.0
3150,201001,284.0,15,186,0.122958,1.5273,True,False,body,150.0,144.0,-10.0
3151,201235,363.0,20,234,0.122745,1.5044,True,False,body,200.0,173.0,-10.0
3152,201248,9.0,1,13,0.122733,1.3192,True,False,wall,10.0,9.0,-10.0
3153,201275,28.0,2,27,0.122708,1.4219,True,False,wall,20.0,18.0,-10.0
3154,201372,133.0,7,97,0.12262,1.4578,True,False,wall,70.0,73.0,-10.0
3155,201385,18.0,2,13,0.122609,1.2917,True,False,wall,20.0,8.0,-10.0
3156,201542,254.0,14,157,0.122466,1.568,True,False,body,140.0,124.0,-10.0
3157,201576,35.0,2,34,0.122435,1.4354,True,False,wall,20.0,25.0,-10.0
3158,201704,211.0,12,128,0.12232,1.4857,True,False,body,120.0,101.0,-10.0
3159,201755,108.0,8,51,0.122273,1.4189,True,False,body,80.0,38.0,-10.0
3160,201798,51.0,3,43,0.122235,1.7101,True,False,wall,30.0,31.0,-10.0
3161,201946,215.0,12,148,0.122101,2.4438,True,False,wall,120.0,105.0,-10.0
3162,202139,280.0,16,193,0.121927,1.6869,True,False,body,160.0,130.0,-10.0
3163,202203,87.0,4,64,0.12187,1.589,True,False,body,40.0,57.0,-10.0
3164,202389,273.0,14,186,0.121703,1.6554,True,False,body,140.0,143.0,-10.0
3165,202611,326.0,17,222,0.121504,1.8441,True,False,wall,170.0,166.0,-10.0
3166,202698,161.0,11,87,0.121427,1.6769,True,False,body,110.0,61.0,-10.0
3167,202752,56.0,3,54,0.121378,2.2803,True,False,body,30.0,36.0,-10.0
3168,202881,211.0,13,129,0.121263,2.7882,True,False,body,130.0,91.0,-10.0
3169,202943,86.0,5,62,0.121208,2.2916,True,False,body,50.0,46.0,-10.0
3170,203106,234.0,12,163,0.121063,1.6964,True,False,wall,120.0,124.0,-10.0
3171,203242,211.0,12,136,0.120943,1.923,True,False,body,120.0,101.0,-10.0
3172,203435,261.0,11,193,0.120772,1.7195,True,False,body,110.0,161.0,-10.0
3173,203577,187.0,10,142,0.120646,1.521,True,False,wall,100.0,97.0,-10.0
3174,203870,437.0,23,293,0.120388,1.5945,True,False,body,230.0,217.0,-10.0
3175,204094,332.0,17,224,0.120191,1.642,True,False,body,170.0,172.0,-10.0
3176,204194,121.0,6,100,0.120103,2.0448,True,False,wall,60.0,71.0,-10.0
3177,204260,92.0,5,66,0.120045,2.9472,True,False,body,50.0,52.0,-10.0
3178,204404,199.0,10,144,0.11992,1.9124,True,False,wall,100.0,109.0,-10.0
3179,204558,214.0,11,154,0.119785,2.4165,True,False,body,110.0,114.0,-10.0
3180,204739,294.0,16,181,0.119627,1.4267,True,False,wall,160.0,144.0,-10.0
3181,204922,246.0,12,183,0.119468,1.8529,True,False,body,120.0,136.0,-10.0
3182,205063,229.0,13,141,0.119346,1.6745,True,False,body,130.0,109.0,-10.0
3183,205141,109.0,6,78,0.119278,1.6695,True,False,body,60.0,59.0,-10.0
3184,205246,161.0,9,105,0.119187,1.7062,True,False,wall,90.0,81.0,-10.0
3185,205365,165.0,9,119,0.119085,1.6309,True,False,wall,90.0,85.0,-10.0
3186,205468,170.0,10,103,0.118996,1.3538,True,False,body,100.0,80.0,-10.0
3187,205628,306.0,19,160,0.118858,1.4633,True,False,body,190.0,126.0,-10.0
3188,205658,42.0,3,30,0.118832,1.437,True,False,wall,30.0,22.0,-10.0
3189,205832,249.0,12,174,0.118683,1.4437,True,False,wall,120.0,139.0,-10.0
3190,205919,120.0,6,87,0.118608,1.5593,True,False,wall,60.0,70.0,-10.0
3191,206023,152.0,9,104,0.118519,1.5558,True,False,body,90.0,72.0,-10.0
3192,206263,337.0,20,240,0.118313,1.6467,True,False,body,200.0,147.0,-10.0
3193,206277,-3.0,0,14,0.118302,2.2404,True,False,wall,0.0,7.0,-10.0
3194,206311,38.0,3,34,0.118273,2.0931,True,False,body,30.0,18.0,-10.0
3195,206489,268.0,15,178,0.118121,1.8035,True,False,body,150.0,128.0,-10.0
3196,206586,153.0,9,97,0.118038,1.5421,True,False,wall,90.0,73.0,-10.0
3197,206649,87.0,5,63,0.117985,1.5752,True,False,body,50.0,47.0,-10.0
3198,206706,81.0,5,57,0.117936,2.3711,True,False,body,50.0,41.0,-10.0
3199,206808,134.0,7,102,0.11785,1.6197,True,False,body,70.0,74.0,-10.0
3200,206875,104.0,6,67,0.117793,2.4241,True,False,body,60.0,54.0,-10.0
3201,206926,70.0,4,51,0.11775,1.5589,True,False,body,40.0,40.0,-10.0
3202,207030,151.0,8,104,0.117662,2.1234,True,False,body,80.0,81.0,-10.0
3203,207294,384.0,21,264,0.117439,2.0209,True,False,body,210.0,184.0,-10.0
3204,207422,171.0,8,128,0.117331,1.8526,True,False,wall,80.0,101.0,-10.0
3205,207492,105.0,6,70,0.117272,1.544,True,False,wall,60.0,55.0,-10.0
3206,207634,234.0,13,142,0.117153,1.7384,True,False,wall,130.0,114.0,-10.0
3207,207706,114.0,7,72,0.117092,1.7869,True,False,wall,70.0,54.0,-10.0
3208,207746,44.0,3,40,0.117059,1.9453,True,False,body,30.0,24.0,-10.0
3209,207787,51.0,3,41,0.117024,1.6939,True,False,wall,30.0,31.0,-10.0
3210,207880,167.0,11,93,0.116947,1.7422,True,False,wall,110.0,67.0,-10.0
3211,207986,147.0,8,106,0.116858,2.5788,True,False,body,80.0,77.0,-10.0
3212,208230,330.0,17,244,0.116654,1.7132,True,False,body,170.0,170.0,-10.0
3213,208246,1.0,0,16,0.116641,1.404,True,False,wall,0.0,11.0,-10.0
3214,208450,272.0,13,204,0.116471,1.6928,True,False,wall,130.0,152.0,-10.0
3215,208533,131.0,7,83,0.116402,1.7611,True,False,wall,70.0,71.0,-10.0
3216,208621,152.0,9,88,0.116329,1.9872,True,False,wall,90.0,72.0,-10.0
3217,208745,222.0,13,124,0.116227,1.85,True,False,body,130.0,102.0,-10.0
3218,208800,72.0,4,55,0.116181,1.7492,True,False,wall,40.0,42.0,-10.0
3219,208890,112.0,7,90,0.116107,1.7953,True,False,body,70.0,52.0,-10.0
3220,209054,257.0,14,164,0.115971,1.6714,True,False,wall,140.0,127.0,-10.0
3221,209327,445.0,25,273,0.115747,1.9999,True,False,body,250.0,205.0,-10.0
3222,209349,29.0,2,22,0.115728,3.2511,True,False,wall,20.0,19.0,-10.0
3223,209524,255.0,13,175,0.115585,1.9021,True,False,wall,130.0,135.0,-10.0
3224,209668,240.0,13,144,0.115467,1.8356,True,False,wall,130.0,120.0,-10.0
3225,209835,250.0,12,167,0.11533,1.8637,True,False,body,120.0,140.0,-10.0
3226,209937,134.0,7,102,0.115247,1.6565,True,False,wall,70.0,74.0,-10.0
3227,210143,299.0,16,206,0.115079,1.7143,True,False,wall,160.0,149.0,-10.0
3228,210205,83.0,4,62,0.115029,3.0332,True,False,wall,40.0,53.0,-10.0
3229,210257,74.0,5,52,0.114987,1.6987,True,False,body,50.0,34.0,-10.0
3230,210384,177.0,9,127,0.114884,1.7698,True,False,wall,90.0,97.0,-10.0
3231,210517,222.0,14,133,0.114776,1.638,True,False,body,140.0,92.0,-10.0
3232,210605,148.0,9,88,0.114705,1.7663,True,False,wall,90.0,68.0,-10.0
3233,210741,209.0,12,136,0.114595,2.1712,True,False,body,120.0,99.0,-10.0
3234,210867,205.0,12,126,0.114493,1.5969,True,False,wall,120.0,95.0,-10.0
3235,211011,256.0,17,144,0.114377,1.8791,True,False,body,170.0,96.0,-10.0
3236,211150,192.0,8,139,0.114265,2.5495,True,False,wall,80.0,122.0,-10.0
3237,211382,329.0,16,232,0.114079,2.0529,True,False,body,160.0,179.0,-10.0
3238,211406,27.0,2,24,0.11406,2.0413,True,False,wall,20.0,17.0,-10.0
3239,211459,83.0,5,53,0.114018,1.8983,True,False,body,50.0,43.0,-10.0
3240,211601,208.0,11,142,0.113904,1.5154,True,False,body,110.0,108.0,-10.0
3241,211770,249.0,15,169,0.113769,2.0486,True,False,body,150.0,109.0,-10.0
3242,211995,330.0,18,225,0.11359,1.5679,True,False,body,180.0,160.0,-10.0
3243,212043,69.0,4,48,0.113552,1.5376,True,False,body,40.0,39.0,-10.0
3244,212054,18.0,2,11,0.113543,1.6452,True,False,wall,20.0,8.0,-10.0
3245,212128,125.0,8,74,0.113484,1.6058,True,False,body,80.0,55.0,-10.0
3246,212243,183.0,11,115,0.113393,1.8286,True,False,body,110.0,83.0,-10.0
3247,212373,172.0,9,130,0.11329,2.1606,True,False,wall,90.0,92.0,-10.0
3248,212420,70.0,4,47,0.113253,1.6815,True,False,body,40.0,40.0,-10.0
3249,212503,117.0,7,83,0.113188,1.9215,True,False,wall,70.0,57.0,-10.0
3250,212674,279.0,15,171,0.113053,1.7411,True,False,wall,150.0,139.0,-10.0
3251,212726,91.0,6,52,0.113012,1.9101,True,False,wall,60.0,41.0,-10.0
3252,212778,91.0,6,52,0.112971,2.069,True,False,wall,60.0,41.0,-10.0
3253,212883,161.0,9,105,0.112888,1.6284,True,False,body,90.0,81.0,-10.0
3254,213065,286.0,17,182,0.112745,1.4341,True,False,body,170.0,126.0,-10.0
3255,213144,107.0,5,79,0.112683,1.5231,True,False,wall,50.0,67.0,-10.0
3256,213202,77.0,4,58,0.112638,1.4961,True,False,wall,40.0,47.0,-10.0
3257,213393,295.0,15,191,0.112488,1.6852,True,False,body,150.0,155.0,-10.0
3258,213468,128.0,8,75,0.11243,1.6246,True,False,body,80.0,58.0,-10.0
3259,213497,34.0,2,29,0.112407,2.5379,True,False,wall,20.0,24.0,-10.0
3260,213527,46.0,3,30,0.112384,1.7231,True,False,wall,30.0,26.0,-10.0
3261,213667,221.0,12,140,0.112275,1.9177,True,False,body,120.0,111.0,-10.0
3262,213738,97.0,5,71,0.11222,2.0018,True,False,wall,50.0,57.0,-10.0
3263,213796,84.0,5,58,0.112174,2.2311,True,False,wall,50.0,44.0,-10.0
3264,213805,-2.0,0,9,0.112167,2.2926,True,False,wall,0.0,8.0,-10.0
3265,213963,256.0,15,158,0.112045,1.5469,True,False,wall,150.0,116.0,-10.0
3266,214093,219.0,12,130,0.111944,1.8958,True,False,wall,120.0,109.0,-10.0
3267,214265,276.0,17,172,0.111811,1.6137,True,False,body,170.0,116.0,-10.0
3268,214312,44.0,2,47,0.111775,1.587,True,False,wall,20.0,34.0,-10.0
3269,214428,176.0,11,116,0.111685,1.73,True,False,body,110.0,76.0,-10.0
3270,214461,54.0,4,33,0.11166,1.5573,True,False,body,40.0,24.0,-10.0
3271,214542,130.0,8,81,0.111597,2.0022,True,False,wall,80.0,60.0,-10.0
3272,214624,102.0,5,82,0.111534,1.9659,True,False,wall,50.0,62.0,-10.0
3273,214665,62.0,4,41,0.111503,2.0668,True,False,wall,40.0,32.0,-10.0
3274,214688,21.0,1,23,0.111485,2.3732,True,False,wall,10.0,21.0,-10.0
3275,214739,94.0,6,51,0.111446,1.8965,True,False,body,60.0,44.0,-10.0
3276,214886,246.0,14,147,0.111333,1.8613,True,False,body,140.0,116.0,-10.0
3277,214993,150.0,8,107,0.111251,1.5941,True,False,wall,80.0,80.0,-10.0
3278,215220,344.0,18,227,0.111078,1.8577,True,False,wall,180.0,174.0,-10.0
3279,215286,116.0,7,66,0.111027,1.5761,True,False,wall,70.0,56.0,-10.0
3280,215348,84.0,5,62,0.11098,1.7108,True,False,body,50.0,44.0,-10.0
3281,215415,120.0,8,67,0.110929,1.7794,True,False,wall,80.0,50.0,-10.0
3282,215523,200.0,13,108,0.110847,2.9888,True,False,body,130.0,80.0,-10.0
3283,215701,271.0,14,178,0.110711,1.8469,True,False,wall,140.0,141.0,-10.0
3284,215776,108.0,6,75,0.110655,1.512,True,False,body,60.0,58.0,-10.0
3285,215877,144.0,8,101,0.110578,1.6607,True,False,wall,80.0,74.0,-10.0
3286,216024,196.0,10,147,0.110467,1.5193,True,False,wall,100.0,106.0,-10.0
3287,216073,68.0,4,49,0.11043,1.4735,True,False,body,40.0,38.0,-10.0
3288,216262,291.0,17,189,0.110287,1.8255,True,False,wall,170.0,131.0,-10.0
3289,216359,97.0,5,97,0.110214,3.5745,True,False,body,50.0,57.0,-10.0
3290,216543,299.0,16,184,0.110076,1.683,True,False,body,160.0,149.0,-10.0
3291,216557,8.0,1,14,0.110065,1.514,True,False,wall,10.0,8.0,-10.0
3292,216598,73.0,5,41,0.110035,1.6978,True,False,wall,50.0,33.0,-10.0
3293,216694,121.0,6,96,0.109963,1.7605,True,False,wall,60.0,71.0,-10.0
3294,217033,496.0,24,339,0.109709,1.6198,True,False,body,240.0,266.0,-10.0
3295,217190,294.0,18,157,0.109592,1.5536,True,False,body,180.0,124.0,-10.0
3296,217213,35.0,3,23,0.109575,1.8165,True,False,body,30.0,15.0,-10.0
3297,217344,231.0,13,131,0.109477,1.9169,True,False,body,130.0,111.0,-10.0
3298,217422,109.0,6,78,0.109419,1.6191,True,False,wall,60.0,59.0,-10.0
3299,217586,227.0,12,164,0.109298,1.7607,True,False,body,120.0,117.0,-10.0
3300,217640,80.0,5,54,0.109258,1.627,True,False,wall,50.0,40.0,-10.0
3301,217870,367.0,20,230,0.109088,1.9422,True,False,body,200.0,177.0,-10.0
3302,218075,329.0,17,205,0.108936,2.0689,True,False,body,170.0,169.0,-10.0
3303,218189,184.0,11,114,0.108852,1.6451,True,False,body,110.0,84.0,-10.0
3304,218232,53.0,3,43,0.108821,2.1573,True,False,wall,30.0,33.0,-10.0
3305,218281,42.0,2,49,0.108785,1.7904,True,False,wall,20.0,32.0,-10.0
3306,218364,132.0,8,83,0.108724,1.9044,True,False,wall,80.0,62.0,-10.0
3307,218413,66.0,4,49,0.108688,1.5324,True,False,body,40.0,36.0,-10.0
3308,218593,274.0,15,180,0.108556,2.0109,True,False,body,150.0,134.0,-10.0
3309,218685,152.0,9,92,0.108489,2.2584,True,False,body,90.0,72.0,-10.0
3310,218743,80.0,5,58,0.108446,2.4195,True,False,body,50.0,40.0,-10.0
3311,218822,118.0,6,79,0.108389,1.9718,True,False,wall,60.0,68.0,-10.0
3312,218938,178.0,9,116,0.108304,1.4852,True,False,body,90.0,98.0,-10.0
3313,219038,158.0,9,100,0.108231,1.8963,True,False,wall,90.0,78.0,-10.0
3314,219110,131.0,8,72,0.108179,2.0709,True,False,body,80.0,61.0,-10.0
3315,219486,515.0,26,376,0.107906,1.8812,True,False,body,260.0,265.0,-10.0
3316,219613,150.0,6,127,0.107814,1.7122,True,False,wall,60.0,100.0,-10.0
3317,219682,96.0,6,69,0.107764,1.6837,True,False,body,60.0,46.0,-10.0
3318,219830,176.0,9,148,0.107657,2.7272,True,False,body,90.0,96.0,-10.0
3319,219959,226.0,14,129,0.107565,1.9044,True,False,wall,140.0,96.0,-10.0
3320,220001,39.0,2,42,0.107534,1.6976,True,False,wall,20.0,29.0,-10.0
3321,220058,76.0,4,57,0.107493,1.6946,True,False,wall,40.0,46.0,-10.0
3322,220119,94.0,6,61,0.10745,2.5349,True,False,body,60.0,44.0,-10.0
3323,220163,41.0,2,44,0.107418,2.1696,True,False,wall,20.0,31.0,-10.0
3324,220339,296.0,17,176,0.107292,1.5944,True,False,body,170.0,136.0,-10.0
3325,220390,77.0,5,51,0.107255,1.5269,True,False,body,50.0,37.0,-10.0
3326,220422,37.0,2,32,0.107232,1.4529,True,False,wall,20.0,27.0,-10.0
3327,220549,204.0,12,127,0.107142,1.7802,True,False,wall,120.0,94.0,-10.0
3328,220603,80.0,5,54,0.107103,2.1092,True,False,body,50.0,40.0,-10.0
3329,220694,139.0,7,91,0.107038,2.5862,True,False,wall,70.0,79.0,-10.0
3330,220761,111.0,7,67,0.10699,2.0365,True,False,wall,70.0,51.0,-10.0
3331,220867,163.0,10,106,0.106915,1.6044,True,False,wall,100.0,73.0,-10.0
3332,220985,203.0,12,118,0.106831,1.6016,True,False,body,120.0,93.0,-10.0
3333,221142,245.0,13,157,0.10672,1.6364,True,False,body,130.0,125.0,-10.0
3334,221327,305.0,17,185,0.106589,1.9634,True,False,body,170.0,145.0,-10.0
3335,221376,55.0,3,49,0.106554,2.25,True,False,wall,30.0,35.0,-10.0
3336,221407,36.0,2,31,0.106532,1.7428,True,False,wall,20.0,26.0,-10.0
3337,221553,211.0,12,146,0.106429,1.9577,True,False,body,120.0,101.0,-10.0
3338,221657,191.0,12,104,0.106356,2.5895,True,False,body,120.0,81.0,-10.0
3339,221740,106.0,8,83,0.106297,2.8096,True,False,body,80.0,36.0,-10.0
3340,222046,455.0,24,306,0.106082,2.2668,True,False,wall,240.0,225.0,-10.0
3341,222090,54.0,3,44,0.106051,2.2362,True,False,body,30.0,34.0,-10.0
3342,222136,78.0,5,46,0.106019,2.1214,True,False,wall,50.0,38.0,-10.0
3343,222281,224.0,12,145,0.105918,1.728,True,False,body,120.0,114.0,-10.0
3344,222306,30.0,2,25,0.1059,1.7673,True,False,wall,20.0,20.0,-10.0
3345,222359,64.0,4,53,0.105863,2.1987,True,False,wall,40.0,34.0,-10.0
3346,222639,446.0,23,280,0.105668,1.9361,True,False,body,230.0,226.0,-10.0
3347,222728,136.0,8,89,0.105606,1.8638,True,False,body,80.0,66.0,-10.0
3348,222873,211.0,11,145,0.105506,1.6889,True,False,wall,110.0,111.0,-10.0
3349,223007,206.0,11,134,0.105413,2.1453,True,False,body,110.0,106.0,-10.0
3350,223256,366.0,18,249,0.10524,1.9564,True,False,wall,180.0,196.0,-10.0
3351,223291,60.0,4,35,0.105216,1.6339,True,False,body,40.0,30.0,-10.0
3352,223425,206.0,11,134,0.105124,1.7021,True,False,wall,110.0,106.0,-10.0
3353,223488,120.0,8,63,0.10508,1.3862,True,False,body,80.0,50.0,-10.0
3354,223496,6.0,1,8,0.105075,1.6585,True,False,wall,10.0,6.0,-10.0
3355,223527,36.0,2,31,0.105054,1.761,True,False,wall,20.0,26.0,-10.0
3356,223683,276.0,17,156,0.104946,1.7877,True,False,body,170.0,116.0,-10.0
3357,223714,45.0,3,31,0.104925,1.4849,True,False,wall,30.0,25.0,-10.0
3358,223834,211.0,12,120,0.104843,1.7042,True,False,wall,120.0,101.0,-10.0
3359,223894,79.0,4,60,0.104802,1.9382,True,False,wall,40.0,49.0,-10.0
3360,224026,215.0,12,132,0.104711,2.1444,True,False,wall,120.0,105.0,-10.0
3361,224168,219.0,12,142,0.104614,1.8043,True,False,body,120.0,109.0,-10.0
3362,224203,28.0,2,35,0.10459,1.8568,True,False,wall,20.0,18.0,-10.0
3363,224239,46.0,3,36,0.104566,1.6964,True,False,body,30.0,26.0,-10.0
3364,224389,215.0,10,150,0.104464,1.7937,True,False,wall,100.0,125.0,-10.0
3365,224431,43.0,2,42,0.104435,1.7653,True,False,wall,20.0,33.0,-10.0
3366,224514,136.0,8,83,0.104379,1.6476,True,False,wall,80.0,66.0,-10.0
3367,224712,335.0,20,198,0.104244,2.4303,True,False,body,200.0,145.0,-10.0
3368,224749,60.0,4,37,0.104219,1.9868,True,False,wall,40.0,30.0,-10.0
3369,224884,231.0,13,135,0.104128,1.8587,True,False,body,130.0,111.0,-10.0
3370,225001,173.0,9,117,0.104049,1.6767,True,False,body,90.0,93.0,-10.0
3371,225112,178.0,10,111,0.103974,2.0335,True,False,body,100.0,88.0,-10.0
3372,225164,89.0,6,52,0.103939,1.4643,True,False,wall,60.0,39.0,-10.0
3373,225331,278.0,16,167,0.103826,1.6137,True,False,body,160.0,128.0,-10.0
3374,225445,195.0,12,114,0.103749,1.8377,True,False,wall,120.0,85.0,-10.0
3375,225538,144.0,8,93,0.103687,1.7647,True,False,body,80.0,74.0,-10.0
3376,225702,261.0,14,164,0.103577,1.8493,True,False,body,140.0,131.0,-10.0
3377,225914,344.0,19,212,0.103435,1.6886,True,False,body,190.0,164.0,-10.0
3378,226134,320.0,17,220,0.103288,1.7457,True,False,wall,170.0,160.0,-10.0
3379,226180,74.0,5,46,0.103258,2.5945,True,False,body,50.0,34.0,-10.0
3380,226246,98.0,5,66,0.103214,2.5307,True,False,wall,50.0,58.0,-10.0
3381,226376,248.0,15,130,0.103128,1.883,True,False,body,150.0,108.0,-10.0
3382,226466,130.0,7,90,0.103068,1.7816,True,False,wall,70.0,70.0,-10.0
3383,226529,116.0,8,63,0.103026,1.7057,True,False,body,80.0,46.0,-10.0
3384,226624,120.0,6,95,0.102963,3.5134,True,False,body,60.0,70.0,-10.0
3385,226731,187.0,11,107,0.102892,1.9345,True,False,body,110.0,87.0,-10.0
3386,226948,353.0,19,217,0.102749,1.5738,True,False,body,190.0,173.0,-10.0
3387,227086,211.0,12,138,0.102658,2.1527,True,False,body,120.0,101.0,-10.0
3388,227269,270.0,14,183,0.102538,1.9067,True,False,body,140.0,140.0,-10.0
3389,227288,13.0,1,19,0.102525,1.5934,True,False,wall,10.0,13.0,-10.0
3390,227360,123.0,8,72,0.102478,1.7252,True,False,body,80.0,53.0,-10.0
3391,227454,123.0,6,94,0.102416,1.8365,True,False,body,60.0,73.0,-10.0
3392,227473,15.0,1,19,0.102404,1.8783,True,False,wall,10.0,15.0,-10.0
3393,227612,242.0,14,139,0.102313,1.5704,True,False,wall,140.0,112.0,-10.0
3394,227710,171.0,10,98,0.102249,1.8812,True,False,wall,100.0,81.0,-10.0
3395,228051,491.0,27,341,0.102027,1.8089,True,False,body,270.0,231.0,-10.0
3396,228354,411.0,21,303,0.10183,1.9392,True,False,body,210.0,211.0,-10.0
3397,228569,374.0,22,215,0.101691,1.9328,True,False,body,220.0,164.0,-10.0
3398,228659,138.0,7,90,0.101633,2.6405,True,False,wall,70.0,78.0,-10.0
3399,228753,134.0,7,94,0.101572,1.7082,True,False,body,70.0,74.0,-10.0
3400,228956,301.0,17,203,0.101441,2.1917,True,False,wall,170.0,141.0,-10.0
3401,229157,289.0,15,201,0.101312,1.7151,True,False,body,150.0,149.0,-10.0
3402,229182,39.0,3,25,0.101296,1.906,True,False,wall,30.0,19.0,-10.0
3403,229289,187.0,11,107,0.101228,1.8912,True,False,body,110.0,87.0,-10.0
3404,229570,404.0,22,281,0.101048,2.0302,True,False,body,220.0,194.0,-10.0
3405,229788,349.0,18,218,0.100909,1.9645,True,False,wall,180.0,179.0,-10.0
3406,229916,224.0,13,128,0.100828,2.0232,True,False,body,130.0,104.0,-10.0
3407,230059,232.0,12,143,0.100737,1.9584,True,False,wall,120.0,122.0,-10.0
3408,230152,127.0,7,93,0.100678,1.8341,True,False,body,70.0,67.0,-10.0
3409,230391,355.0,19,239,0.100527,1.7326,True,False,body,190.0,175.0,-10.0
3410,230443,78.0,5,52,0.100494,1.6185,True,False,body,50.0,38.0,-10.0
3411,230488,57.0,3,45,0.100466,1.761,True,False,wall,30.0,37.0,-10.0
3412,230579,131.0,7,91,0.100408,1.8879,True,False,wall,70.0,71.0,-10.0
3413,230629,87.0,6,50,0.100377,1.9778,True,False,wall,60.0,37.0,-10.0
3414,230712,114.0,6,83,0.100325,1.8662,True,False,body,60.0,64.0,-10.0
3415,230762,63.0,4,50,0.100293,2.1282,True,False,body,40.0,33.0,-10.0
3416,230820,81.0,6,58,0.100257,1.8254,True,False,wall,60.0,31.0,-10.0
3417,230948,194.0,11,128,0.100176,1.6713,True,False,body,110.0,94.0,-10.0
3418,231043,131.0,7,95,0.100117,2.338,True,False,body,70.0,71.0,-10.0
3419,231159,160.0,9,116,0.100044,2.3793,True,False,body,90.0,80.0,-10.0
3420,231248,144.0,8,89,0.099989,1.8182,True,False,wall,80.0,74.0,-10.0
3421,231590,479.0,24,342,0.099775,1.7022,True,False,wall,240.0,249.0,-10.0
3422,231697,164.0,10,107,0.099709,1.6611,True,False,body,100.0,74.0,-10.0
3423,232000,447.0,23,303,0.099521,1.8846,True,False,body,230.0,227.0,-10.0
3424,232045,70.0,4,45,0.099493,1.6798,True,False,wall,40.0,40.0,-10.0
3425,232076,52.0,4,31,0.099474,1.5854,True,False,body,40.0,22.0,-10.0
3426,232226,241.0,14,150,0.099381,1.9709,True,False,wall,140.0,111.0,-10.0
3427,232265,62.0,4,39,0.099357,1.5566,True,False,wall,40.0,32.0,-10.0
3428,232398,227.0,13,133,0.099275,1.7375,True,False,wall,130.0,107.0,-10.0
3429,232543,241.0,13,145,0.099186,1.4771,True,False,wall,130.0,121.0,-10.0
3430,232793,360.0,19,250,0.099032,1.9636,True,False,body,190.0,180.0,-10.0
3431,232935,200.0,11,142,0.098945,1.6875,True,False,body,110.0,100.0,-10.0
3432,233125,295.0,18,190,0.098829,1.9026,True,False,wall,180.0,125.0,-10.0
3433,233234,158.0,8,109,0.098763,1.7071,True,False,wall,80.0,88.0,-10.0
3434,233304,78.0,3,70,0.09872,1.785,True,False,wall,30.0,58.0,-10.0
3435,233571,408.0,22,267,0.098558,1.6951,True,False,body,220.0,198.0,-10.0
3436,233829,404.0,21,258,0.098402,2.2791,True,False,body,210.0,204.0,-10.0
3437,234098,446.0,24,269,0.098239,1.7005,True,False,wall,240.0,216.0,-10.0
3438,234304,304.0,17,206,0.098115,1.9971,True,False,wall,170.0,144.0,-10.0
3439,234316,-1.0,0,12,0.098108,2.6324,True,False,wall,0.0,9.0,-10.0
3440,234367,74.0,4,51,0.098077,2.0843,True,False,wall,40.0,44.0,-10.0
3441,234430,91.0,5,63,0.098039,2.5858,True,False,wall,50.0,51.0,-10.0
3442,234584,172.0,9,154,0.097947,2.0144,True,False,body,90.0,92.0,-10.0
3443,234745,263.0,15,161,0.097851,2.0869,True,False,body,150.0,123.0,-10.0
3444,234766,28.0,2,21,0.097838,1.7618,True,False,wall,20.0,18.0,-10.0
3445,234909,237.0,13,143,0.097753,1.8675,True,False,body,130.0,117.0,-10.0
3446,235015,184.0,11,106,0.097689,1.7761,True,False,body,110.0,84.0,-10.0
3447,235121,210.0,13,106,0.097626,1.7107,True,False,wall,130.0,90.0,-10.0
3448,235281,251.0,14,160,0.097531,2.3804,True,False,body,140.0,121.0,-10.0
3449,235338,74.0,4,57,0.097497,1.9777,True,False,wall,40.0,44.0,-10.0
3450,235443,153.0,9,105,0.097435,1.6428,True,False,wall,90.0,73.0,-10.0
3451,235480,47.0,3,37,0.097413,1.731,True,False,body,30.0,27.0,-10.0
3452,235632,257.0,14,152,0.097323,1.6669,True,False,body,140.0,127.0,-10.0
3453,235790,273.0,16,158,0.09723,2.3656,True,False,body,160.0,123.0,-10.0
3454,235876,136.0,7,86,0.097179,2.2507,True,False,wall,70.0,76.0,-10.0
3455,235952,129.0,8,76,0.097134,1.5765,True,False,wall,80.0,59.0,-10.0
3456,236170,285.0,14,218,0.097006,1.7928,True,False,wall,140.0,155.0,-10.0
3457,236180,-3.0,0,10,0.097,2.1651,True,False,wall,0.0,7.0,-10.0
3458,236398,303.0,16,218,0.096872,1.7216,True,False,body,160.0,153.0,-10.0
3459,236580,290.0,15,182,0.096765,1.7531,True,False,wall,150.0,150.0,-10.0
3460,236787,325.0,19,207,0.096645,1.7058,True,False,wall,190.0,145.0,-10.0
3461,236853,110.0,7,66,0.096606,1.5474,True,False,body,70.0,50.0,-10.0
3462,236984,267.0,17,131,0.09653,1.7597,True,False,body,170.0,107.0,-10.0
3463,236996,1.0,0,12,0.096523,1.9569,True,False,wall,0.0,11.0,-10.0
3464,237187,311.0,17,191,0.096412,1.727,True,False,wall,170.0,151.0,-10.0
3465,237202,11.0,1,15,0.096403,1.6357,True,False,wall,10.0,11.0,-10.0
3466,237288,115.0,6,86,0.096353,1.9839,True,False,wall,60.0,65.0,-10.0
3467,237301,-2.0,0,13,0.096346,1.8042,True,False,wall,0.0,8.0,-10.0
3468,237459,261.0,14,158,0.096254,2.3151,True,False,body,140.0,131.0,-10.0
3469,237472,2.0,0,13,0.096247,1.9453,True,False,wall,0.0,12.0,-10.0
3470,237687,342.0,18,215,0.096123,2.3137,True,False,body,180.0,172.0,-10.0
3471,237730,66.0,4,43,0.096098,2.6339,True,False,wall,40.0,36.0,-10.0
3472,237793,100.0,6,63,0.096062,1.7511,True,False,wall,60.0,50.0,-10.0
3473,237818,41.0,3,25,0.096047,1.5772,True,False,wall,30.0,21.0,-10.0
3474,237965,226.0,12,147,0.095963,1.5828,True,False,body,120.0,116.0,-10.0
3475,238043,124.0,7,78,0.095918,1.975,True,False,wall,70.0,64.0,-10.0
3476,238090,51.0,3,47,0.095891,1.7055,True,False,body,30.0,31.0,-10.0
3477,238265,311.0,19,175,0.095791,1.8613,True,False,body,190.0,131.0,-10.0
3478,238356,158.0,10,91,0.095739,1.8562,True,False,body,100.0,68.0,-10.0
3479,238553,330.0,18,197,0.095626,1.7342,True,False,wall,180.0,160.0,-10.0
3480,238688,220.0,14,135,0.095549,1.872,True,False,wall,140.0,90.0,-10.0
3481,238805,170.0,10,117,0.095483,1.9531,True,False,wall,100.0,80.0,-10.0
3482,238895,117.0,6,90,0.095432,1.697,True,False,body,60.0,67.0,-10.0
3483,239068,247.0,13,173,0.095333,1.8623,True,False,body,130.0,127.0,-10.0
3484,239101,43.0,3,33,0.095315,1.7864,True,False,body,30.0,23.0,-10.0
3485,239321,321.0,18,220,0.09519,1.7705,True,False,body,180.0,151.0,-10.0
3486,239660,509.0,27,339,0.094999,1.8595,True,False,body,270.0,249.0,-10.0
3487,239720,85.0,4,60,0.094965,2.7929,True,False,wall,40.0,55.0,-10.0
3488,239824,135.0,8,104,0.094907,2.7055,True,False,body,80.0,65.0,-10.0
3489,240038,327.0,18,214,0.094787,1.9004,True,False,body,180.0,157.0,-10.0
3490,240250,318.0,17,212,0.094669,1.8542,True,False,wall,170.0,158.0,-10.0
3491,240441,295.0,15,191,0.094562,1.7255,True,False,wall,150.0,155.0,-10.0
3492,240494,106.0,8,53,0.094533,1.9339,True,False,body,80.0,36.0,-10.0
3493,240559,113.0,7,65,0.094496,1.6757,True,False,body,70.0,53.0,-10.0
3494,240651,135.0,8,92,0.094445,1.8739,True,False,body,80.0,65.0,-10.0
3495,240737,135.0,8,86,0.094397,2.0777,True,False,body,80.0,65.0,-10.0
3496,240907,251.0,14,170,0.094303,2.0922,True,False,body,140.0,121.0,-10.0
3497,241081,256.0,13,174,0.094207,1.6476,True,False,body,130.0,136.0,-10.0
3498,241230,222.0,12,149,0.094125,1.8746,True,False,wall,120.0,112.0,-10.0
3499,241279,50.0,2,49,0.094098,2.2729,True,False,wall,20.0,40.0,-10.0
3500,241465,273.0,14,186,0.093995,2.1153,True,False,wall,140.0,143.0,-10.0
3501,241558,126.0,6,93,0.093944,2.4531,True,False,wall,60.0,76.0,-10.0
3502,241713,219.0,11,155,0.093859,1.8759,True,False,wall,110.0,119.0,-10.0
3503,241804,140.0,8,91,0.093809,1.5283,True,False,wall,80.0,70.0,-10.0
3504,241984,243.0,14,180,0.093711,1.872,True,False,body,140.0,113.0,-10.0
3505,242023,45.0,3,39,0.093689,1.799,True,False,body,30.0,25.0,-10.0
3506,242203,286.0,17,180,0.093591,1.719,True,False,body,170.0,126.0,-10.0
3507,242229,33.0,2,26,0.093577,1.897,True,False,wall,20.0,23.0,-10.0
3508,242395,248.0,13,166,0.093487,2.3844,True,False,wall,130.0,128.0,-10.0
3509,242442,75.0,5,47,0.093461,1.6593,True,False,body,50.0,35.0,-10.0
3510,242606,262.0,15,164,0.093372,1.8169,True,False,wall,150.0,122.0,-10.0
3511,242673,92.0,6,67,0.093336,1.6364,True,False,wall,60.0,42.0,-10.0
3512,242770,159.0,9,97,0.093283,1.7402,True,False,body,90.0,79.0,-10.0
3513,242816,59.0,4,46,0.093259,1.6831,True,False,body,40.0,29.0,-10.0
3514,242890,111.0,6,74,0.093219,2.1054,True,False,body,60.0,61.0,-10.0
3515,243007,188.0,10,117,0.093155,1.717,True,False,wall,100.0,98.0,-10.0
3516,243121,171.0,8,114,0.093094,1.8476,True,False,body,80.0,101.0,-10.0
3517,243202,139.0,9,81,0.09305,1.5954,True,False,body,90.0,59.0,-10.0
3518,243519,489.0,27,317,0.09288,2.315,True,False,body,270.0,229.0,-10.0
3519,243715,291.0,16,196,0.092775,1.6555,True,False,body,160.0,141.0,-10.0
3520,243860,226.0,14,145,0.092698,1.6471,True,False,body,140.0,96.0,-10.0
3521,244094,375.0,20,234,0.092573,1.7169,True,False,body,200.0,185.0,-10.0
3522,244176,105.0,6,82,0.092529,1.8019,True,False,body,60.0,55.0,-10.0
3523,244191,9.0,1,15,0.092521,1.4631,True,False,wall,10.0,9.0,-10.0
3524,244570,618.0,34,379,0.09232,1.8103,True,False,body,340.0,288.0,-10.0
3525,244624,102.0,7,54,0.092292,2.2858,True,False,wall,70.0,42.0,-10.0
3526,244825,303.0,15,201,0.092186,1.9797,True,False,wall,150.0,163.0,-10.0
3527,244844,13.0,1,19,0.092176,1.741,True,False,wall,10.0,13.0,-10.0
3528,245095,359.0,19,251,0.092044,1.6423,True,False,body,190.0,179.0,-10.0
3529,245183,148.0,9,88,0.091997,1.7407,True,False,wall,90.0,68.0,-10.0
3530,245353,289.0,16,170,0.091908,1.7264,True,False,wall,160.0,139.0,-10.0
3531,245438,117.0,7,85,0.091864,1.7541,True,False,wall,70.0,57.0,-10.0
3532,245602,232.0,13,164,0.091778,1.7283,True,False,wall,130.0,112.0,-10.0
3533,245644,74.0,5,42,0.091756,1.6443,True,False,wall,50.0,34.0,-10.0
3534,245713,95.0,5,69,0.09172,1.829,True,False,body,50.0,55.0,-10.0
3535,245810,142.0,8,97,0.09167,1.8249,True,False,wall,80.0,72.0,-10.0
3536,246004,313.0,18,194,0.091569,1.9606,True,False,wall,180.0,143.0,-10.0
3537,246117,164.0,10,113,0.09151,2.0531,True,False,body,100.0,74.0,-10.0
3538,246302,283.0,15,185,0.091414,1.8007,True,False,body,150.0,143.0,-10.0
3539,246338,50.0,3,36,0.091395,2.205,True,False,wall,30.0,30.0,-10.0
3540,246455,162.0,8,117,0.091335,1.6523,True,False,body,80.0,92.0,-10.0
3541,246578,187.0,9,123,0.091271,1.7424,True,False,body,90.0,107.0,-10.0
3542,246698,203.0,12,120,0.09121,1.8586,True,False,body,120.0,93.0,-10.0
3543,246743,57.0,3,45,0.091186,1.6582,True,False,wall,30.0,37.0,-10.0
3544,246976,324.0,16,233,0.091067,1.9272,True,False,body,160.0,174.0,-10.0
3545,247081,174.0,10,105,0.091013,1.9386,True,False,body,100.0,84.0,-10.0
3546,247101,36.0,3,20,0.091002,1.7012,True,False,wall,30.0,16.0,-10.0
3547,247377,400.0,21,276,0.090861,1.6268,True,False,body,210.0,200.0,-10.0
3548,247517,211.0,10,140,0.09079,1.7809,True,False,wall,100.0,121.0,-10.0
3549,247552,40.0,2,35,0.090772,1.9132,True,False,wall,20.0,30.0,-10.0
3550,247594,58.0,3,42,0.090751,1.8513,True,False,wall,30.0,38.0,-10.0
3551,247718,188.0,11,124,0.090687,1.8582,True,False,body,110.0,88.0,-10.0
3552,247946,358.0,21,228,0.090572,2.4292,True,False,body,210.0,158.0,-10.0
3553,248005,85.0,5,59,0.090542,1.8395,True,False,body,50.0,45.0,-10.0
3554,248101,140.0,7,96,0.090493,2.055,True,False,wall,70.0,80.0,-10.0
3555,248222,225.0,13,121,0.090432,1.9465,True,False,body,130.0,105.0,-10.0
3556,248433,338.0,18,211,0.090325,1.7263,True,False,body,180.0,168.0,-10.0
3557,248564,223.0,13,131,0.090259,1.6776,True,False,body,130.0,103.0,-10.0
3558,248718,246.0,13,154,0.090182,2.0973,True,False,wall,130.0,126.0,-10.0
3559,248789,119.0,7,71,0.090146,2.6701,True,False,body,70.0,59.0,-10.0
3560,248839,62.0,3,50,0.090121,1.758,True,False,body,30.0,42.0,-10.0
3561,249130,455.0,25,291,0.089976,1.7806,True,False,body,250.0,215.0,-10.0
3562,249226,161.0,10,96,0.089928,1.7806,True,False,body,100.0,71.0,-10.0
3563,249362,234.0,13,136,0.08986,1.7996,True,False,wall,130.0,114.0,-10.0
3564,249462,164.0,9,100,0.08981,1.577,True,False,wall,90.0,84.0,-10.0
3565,249526,72.0,3,64,0.089778,1.787,True,False,body,30.0,52.0,-10.0
3566,249593,108.0,6,67,0.089745,1.8777,True,False,body,60.0,58.0,-10.0
3567,249724,204.0,10,131,0.08968,2.0685,True,False,wall,100.0,114.0,-10.0
3568,249815,139.0,7,91,0.089635,1.7696,True,False,wall,70.0,79.0,-10.0
3569,249837,25.0,2,22,0.089624,1.981,True,False,wall,20.0,15.0,-10.0
3570,250092,376.0,18,255,0.089498,1.7335,True,False,body,180.0,206.0,-10.0
3571,250283,321.0,17,191,0.089404,1.7452,True,False,body,170.0,161.0,-10.0
3572,250293,8.0,1,10,0.089399,1.8509,True,False,wall,10.0,8.0,-10.0
3573,250445,250.0,13,152,0.089324,2.2841,True,False,body,130.0,130.0,-10.0
3574,250569,204.0,11,124,0.089263,1.962,True,False,body,110.0,104.0,-10.0
3575,250615,74.0,5,46,0.08924,2.0469,True,False,body,50.0,34.0,-10.0
3576,250656,65.0,5,41,0.08922,1.5758,True,False,body,50.0,25.0,-10.0
3577,250826,244.0,13,170,0.089137,2.1001,True,False,body,130.0,124.0,-10.0
3578,251004,324.0,19,178,0.08905,1.6926,True,False,body,190.0,144.0,-10.0
3579,251387,638.0,34,383,0.088864,1.7607,True,False,body,340.0,308.0,-10.0
3580,251506,195.0,11,119,0.088806,1.7024,True,False,body,110.0,95.0,-10.0
3581,251597,158.0,10,91,0.088762,1.51,True,False,wall,100.0,68.0,-10.0
3582,251759,239.0,12,162,0.088683,1.7104,True,False,body,120.0,129.0,-10.0
3583,251777,14.0,1,18,0.088675,1.3611,True,False,wall,10.0,14.0,-10.0
3584,251858,127.0,7,81,0.088635,1.6864,True,False,body,70.0,67.0,-10.0
3585,251978,231.0,14,120,0.088578,1.7223,True,False,body,140.0,101.0,-10.0
3586,252060,130.0,7,82,0.088538,1.816,True,False,wall,70.0,70.0,-10.0
3587,252112,71.0,4,52,0.088513,1.9084,True,False,body,40.0,41.0,-10.0
3588,252158,71.0,4,46,0.088491,1.7645,True,False,wall,40.0,41.0,-10.0
3589,252522,401.0,22,364,0.088316,1.747,True,False,body,220.0,191.0,-10.0
3590,252836,476.0,25,314,0.088166,1.9169,True,False,wall,250.0,236.0,-10.0
3591,252964,200.0,11,128,0.088105,1.7019,True,False,body,110.0,100.0,-10.0
3592,253058,128.0,7,94,0.08806,1.7133,True,False,body,70.0,68.0,-10.0
3593,253094,53.0,4,36,0.088043,1.6322,True,False,body,40.0,23.0,-10.0
3594,253271,264.0,14,177,0.087959,1.7126,True,False,body,140.0,134.0,-10.0
3595,253421,236.0,13,150,0.087888,1.7159,True,False,body,130.0,116.0,-10.0
3596,253482,100.0,6,61,0.087859,1.8158,True,False,body,60.0,50.0,-10.0
3597,253580,151.0,8,98,0.087813,2.1385,True,False,body,80.0,81.0,-10.0
3598,253744,249.0,14,164,0.087735,1.7605,True,False,body,140.0,119.0,-10.0
3599,253804,88.0,5,60,0.087707,1.8285,True,False,body,50.0,48.0,-10.0
3600,253984,265.0,12,180,0.087622,1.8549,True,False,body,120.0,155.0,-10.0
3601,254238,357.0,18,254,0.087503,1.9305,True,False,body,180.0,187.0,-10.0
3602,254339,170.0,10,101,0.087456,1.7851,True,False,body,100.0,80.0,-10.0
3603,254386,77.0,5,47,0.087434,1.6613,True,False,wall,50.0,37.0,-10.0
3604,254620,413.0,22,234,0.087324,1.8495,True,False,body,220.0,203.0,-10.0
3605,254669,79.0,5,49,0.087301,1.51,True,False,body,50.0,39.0,-10.0
3606,254679,8.0,1,10,0.087297,2.0863,True,False,wall,10.0,8.0,-10.0
3607,254786,178.0,10,107,0.087247,2.0138,True,False,body,100.0,88.0,-10.0
3608,254802,14.0,1,16,0.087239,2.8537,True,False,wall,10.0,14.0,-10.0
3609,254992,278.0,13,190,0.087151,1.8416,True,False,body,130.0,158.0,-10.0
3610,255180,310.0,19,188,0.087064,1.7091,True,False,body,190.0,130.0,-10.0
3611,255267,133.0,7,87,0.087024,1.9771,True,False,body,70.0,73.0,-10.0
3612,255465,336.0,19,198,0.086932,1.8067,True,False,body,190.0,156.0,-10.0
3613,255526,111.0,7,61,0.086904,1.733,True,False,wall,70.0,51.0,-10.0
3614,255612,166.0,11,86,0.086864,1.783,True,False,body,110.0,66.0,-10.0
3615,255724,157.0,8,112,0.086813,2.0834,True,False,body,80.0,87.0,-10.0
3616,255847,190.0,10,123,0.086756,2.9386,True,False,body,100.0,100.0,-10.0
3617,255916,120.0,8,69,0.086725,2.1002,True,False,wall,80.0,50.0,-10.0
3618,256097,284.0,14,181,0.086642,1.7006,True,False,wall,140.0,154.0,-10.0
3619,256363,376.0,19,266,0.08652,2.4399,True,False,body,190.0,196.0,-10.0
3620,256407,74.0,5,44,0.0865,1.7642,True,False,body,50.0,34.0,-10.0
3621,256626,363.0,21,219,0.0864,1.9413,True,False,body,210.0,163.0,-10.0
3622,256912,448.0,23,286,0.08627,1.8493,True,False,body,230.0,228.0,-10.0
3623,256976,86.0,5,64,0.086241,1.5131,True,False,body,50.0,46.0,-10.0
3624,257011,42.0,2,35,0.086225,1.5728,True,False,wall,20.0,32.0,-10.0
3625,257054,51.0,3,43,0.086206,1.7103,True,False,wall,30.0,31.0,-10.0
3626,257210,267.0,16,156,0.086135,1.7147,True,False,body,160.0,117.0,-10.0
3627,257345,231.0,13,135,0.086074,1.8284,True,False,body,130.0,111.0,-10.0
3628,257491,251.0,16,146,0.086009,1.6771,True,False,body,160.0,101.0,-10.0
3629,257675,281.0,14,184,0.085926,1.8368,True,False,body,140.0,151.0,-10.0
3630,257817,231.0,12,142,0.085862,1.8666,True,False,body,120.0,121.0,-10.0
3631,257988,266.0,14,171,0.085786,1.7715,True,False,body,140.0,136.0,-10.0
3632,258018,64.0,5,30,0.085772,1.788,True,False,body,50.0,24.0,-10.0
3633,258063,66.0,4,45,0.085752,1.8626,True,False,body,40.0,36.0,-10.0
3634,258126,85.0,5,63,0.085724,1.6948,True,False,wall,50.0,45.0,-10.0
3635,258155,41.0,3,29,0.085711,1.9161,True,False,body,30.0,21.0,-10.0
3636,258254,165.0,9,99,0.085667,1.7248,True,False,body,90.0,85.0,-10.0
3637,258318,77.0,4,64,0.085638,1.7788,True,False,body,40.0,47.0,-10.0
3638,258406,145.0,8,88,0.085599,1.9555,True,False,wall,80.0,75.0,-10.0
3639,258462,86.0,5,56,0.085574,1.8283,True,False,wall,50.0,46.0,-10.0
3640,258541,123.0,7,79,0.085539,1.8274,True,False,body,70.0,63.0,-10.0
3641,258812,390.0,20,271,0.085419,2.1341,True,False,body,200.0,200.0,-10.0
3642,258959,201.0,9,147,0.085354,1.9443,True,False,wall,90.0,121.0,-10.0
3643,259219,422.0,23,260,0.085239,1.6105,True,False,wall,230.0,202.0,-10.0
3644,259344,209.0,11,125,0.085184,1.6834,True,False,wall,110.0,109.0,-10.0
3645,259360,12.0,1,16,0.085177,1.86,True,False,wall,10.0,12.0,-10.0
3646,259411,72.0,4,51,0.085155,1.6949,True,False,wall,40.0,42.0,-10.0
3647,259446,47.0,3,35,0.085139,1.5307,True,False,wall,30.0,27.0,-10.0
3648,259573,182.0,8,127,0.085084,1.6776,True,False,wall,80.0,112.0,-10.0
3649,259637,88.0,5,64,0.085055,2.7269,True,False,body,50.0,48.0,-10.0
3650,259736,161.0,9,99,0.085012,2.4926,True,False,wall,90.0,81.0,-10.0
3651,259767,38.0,2,31,0.084999,1.6452,True,False,wall,20.0,28.0,-10.0
3652,259975,337.0,18,208,0.084908,1.6949,True,False,body,180.0,167.0,-10.0
3653,260026,103.0,7,51,0.084885,1.5999,True,False,body,70.0,43.0,-10.0
3654,260039,20.0,2,13,0.08488,1.8237,True,False,wall,20.0,10.0,-10.0
3655,260218,259.0,13,179,0.084802,2.2976,True,False,body,130.0,139.0,-10.0
3656,260316,173.0,10,98,0.084759,1.9857,True,False,body,100.0,83.0,-10.0
3657,260642,466.0,25,326,0.084618,1.8502,True,False,body,250.0,226.0,-10.0
3658,260809,285.0,17,167,0.084546,1.7556,True,False,body,170.0,125.0,-10.0
3659,260827,23.0,2,18,0.084538,1.9054,True,False,wall,20.0,13.0,-10.0
3660,260837,8.0,1,10,0.084534,1.9654,True,False,wall,10.0,8.0,-10.0
3661,261037,325.0,18,200,0.084447,1.75,True,False,wall,180.0,155.0,-10.0
3662,261088,74.0,4,51,0.084425,1.6765,True,False,wall,40.0,44.0,-10.0
3663,261230,243.0,14,142,0.084364,2.1942,True,False,body,140.0,113.0,-10.0
3664,261341,213.0,13,111,0.084317,1.8911,True,False,body,130.0,93.0,-10.0
3665,261444,183.0,11,103,0.084273,1.649,True,False,body,110.0,83.0,-10.0
3666,261472,56.0,5,28,0.084261,1.9961,True,False,wall,50.0,16.0,-10.0
3667,261501,41.0,3,29,0.084248,1.7118,True,False,body,30.0,21.0,-10.0
3668,261615,178.0,9,114,0.084199,1.859,True,False,wall,90.0,98.0,-10.0
3669,261829,335.0,16,214,0.084108,1.7526,True,False,wall,160.0,185.0,-10.0
3670,261907,134.0,9,78,0.084075,1.7982,True,False,body,90.0,54.0,-10.0
3671,262082,303.0,17,175,0.084,2.6713,True,False,body,170.0,143.0,-10.0
3672,262156,125.0,8,74,0.083969,2.1596,True,False,wall,80.0,55.0,-10.0
3673,262352,322.0,17,196,0.083886,1.726,True,False,wall,170.0,162.0,-10.0
3674,262582,356.0,17,230,0.083788,1.8398,True,False,body,170.0,196.0,-10.0
3675,262743,259.0,15,161,0.083721,2.0719,True,False,body,150.0,119.0,-10.0
3676,262904,230.0,12,161,0.083653,1.8796,True,False,wall,120.0,120.0,-10.0
3677,263048,244.0,15,144,0.083592,1.9148,True,False,body,150.0,104.0,-10.0
3678,263092,69.0,4,44,0.083574,1.9808,True,False,body,40.0,39.0,-10.0
3679,263411,489.0,25,319,0.08344,1.7266,True,False,wall,250.0,249.0,-10.0
3680,263460,66.0,4,49,0.08342,2.176,True,False,wall,40.0,36.0,-10.0
3681,263689,357.0,19,229,0.083324,2.224,True,False,body,190.0,177.0,-10.0
3682,263953,421.0,22,264,0.083214,1.6985,True,False,wall,220.0,211.0,-10.0
3683,263985,48.0,3,32,0.083201,1.8575,True,False,wall,30.0,28.0,-10.0
3684,264088,178.0,10,103,0.083158,2.276,True,False,wall,100.0,88.0,-10.0
3685,264416,558.0,29,328,0.083023,2.0027,True,False,wall,290.0,278.0,-10.0
3686,264542,185.0,10,126,0.082971,1.7818,True,False,body,100.0,95.0,-10.0
3687,264556,12.0,1,14,0.082965,1.6581,True,False,wall,10.0,12.0,-10.0
3688,264655,188.0,12,99,0.082924,1.8386,True,False,body,120.0,78.0,-10.0
3689,264716,87.0,5,61,0.082899,1.7095,True,False,wall,50.0,47.0,-10.0
3690,264901,278.0,14,185,0.082823,1.7863,True,False,body,140.0,148.0,-10.0
3691,264944,64.0,4,43,0.082805,2.3058,True,False,body,40.0,34.0,-10.0
3692,264986,77.0,6,42,0.082788,1.7375,True,False,body,60.0,27.0,-10.0
3693,265226,369.0,20,240,0.08269,1.8429,True,False,body,200.0,179.0,-10.0
3694,265327,158.0,8,101,0.082649,1.6583,True,False,body,80.0,88.0,-10.0
3695,265479,236.0,13,152,0.082587,1.7684,True,False,body,130.0,116.0,-10.0
3696,265696,355.0,21,217,0.082499,1.8589,True,False,body,210.0,155.0,-10.0
3697,265798,141.0,6,102,0.082457,2.2531,True,False,body,60.0,91.0,-10.0
3698,265924,189.0,10,126,0.082406,2.4571,True,False,body,100.0,99.0,-10.0
3699,265950,31.0,2,26,0.082396,1.941,True,False,wall,20.0,21.0,-10.0
3700,266062,175.0,10,112,0.08235,2.0947,True,False,body,100.0,85.0,-10.0
3701,266362,459.0,26,300,0.082229,1.9119,True,False,wall,260.0,209.0,-10.0
3702,266504,243.0,14,142,0.082172,1.6407,True,False,wall,140.0,113.0,-10.0
3703,266592,154.0,9,88,0.082137,1.6983,True,False,wall,90.0,74.0,-10.0
3704,266754,256.0,13,162,0.082072,1.6851,True,False,wall,130.0,136.0,-10.0
3705,266799,57.0,3,45,0.082054,1.6128,True,False,wall,30.0,37.0,-10.0
3706,266857,73.0,4,58,0.08203,1.9417,True,False,wall,40.0,43.0,-10.0
3707,266934,105.0,5,77,0.081999,1.6669,True,False,body,50.0,65.0,-10.0
3708,266983,90.0,6,49,0.08198,1.7061,True,False,wall,60.0,40.0,-10.0
3709,267028,62.0,4,45,0.081962,1.831,True,False,wall,40.0,32.0,-10.0
3710,267188,266.0,15,160,0.081898,2.3842,True,False,body,150.0,126.0,-10.0
3711,267413,318.0,16,225,0.081808,1.8971,True,False,body,160.0,168.0,-10.0
3712,267547,222.0,13,134,0.081755,1.8708,True,False,wall,130.0,102.0,-10.0
3713,267590,57.0,3,43,0.081738,1.8555,True,False,body,30.0,37.0,-10.0
3714,267977,534.0,30,387,0.081585,1.7941,True,False,body,300.0,244.0,-10.0
3715,268294,500.0,26,317,0.08146,1.8854,True,False,body,260.0,250.0,-10.0
3716,268515,371.0,19,221,0.081373,1.6983,True,False,body,190.0,191.0,-10.0
3717,268731,352.0,19,216,0.081289,2.1104,True,False,body,190.0,172.0,-10.0
3718,268850,206.0,12,119,0.081242,2.293,True,False,body,120.0,96.0,-10.0
3719,268906,71.0,4,56,0.08122,2.0453,True,False,wall,40.0,41.0,-10.0
3720,268948,54.0,3,42,0.081204,3.3928,True,False,body,30.0,34.0,-10.0
3721,268968,27.0,2,20,0.081196,2.6793,True,False,wall,20.0,17.0,-10.0
3722,269106,233.0,14,138,0.081142,1.7904,True,False,wall,140.0,103.0,-10.0
3723,269198,154.0,9,92,0.081107,1.9601,True,False,body,90.0,74.0,-10.0
3724,269334,208.0,11,136,0.081054,1.8373,True,False,wall,110.0,108.0,-10.0
3725,269422,119.0,6,88,0.08102,2.0571,True,False,wall,60.0,69.0,-10.0
3726,269561,229.0,13,139,0.080966,1.9767,True,False,body,130.0,109.0,-10.0
3727,269816,434.0,24,255,0.080867,1.7214,True,False,wall,240.0,204.0,-10.0
3728,269852,48.0,3,36,0.080853,1.8815,True,False,body,30.0,28.0,-10.0
3729,269957,153.0,7,105,0.080813,1.6568,True,False,wall,70.0,93.0,-10.0
3730,270041,135.0,8,84,0.080781,1.661,True,False,body,80.0,65.0,-10.0
3731,270246,304.0,16,205,0.080702,1.9448,True,False,body,160.0,154.0,-10.0
3732,270363,217.0,13,117,0.080657,2.092,True,False,wall,130.0,97.0,-10.0
3733,270615,418.0,21,252,0.08056,1.8876,True,False,body,210.0,218.0,-10.0
3734,270810,289.0,15,195,0.080486,1.9279,True,False,wall,150.0,149.0,-10.0
3735,271043,395.0,21,233,0.080397,1.959,True,False,wall,210.0,195.0,-10.0
3736,271131,114.0,5,88,0.080364,1.7399,True,False,wall,50.0,74.0,-10.0
3737,271280,252.0,14,149,0.080307,2.1335,True,False,wall,140.0,122.0,-10.0
3738,271482,310.0,15,202,0.080231,2.1657,True,False,body,150.0,170.0,-10.0
3739,271792,492.0,25,310,0.080114,1.8487,True,False,wall,250.0,252.0,-10.0
3740,271908,161.0,8,116,0.080071,1.8315,True,False,wall,80.0,91.0,-10.0
3741,272049,218.0,12,141,0.080018,1.8777,True,False,body,120.0,108.0,-10.0
3742,272082,47.0,3,33,0.080005,1.8568,True,False,body,30.0,27.0,-10.0
3743,272125,64.0,4,43,0.079989,1.663,True,False,wall,40.0,34.0,-10.0
3744,272225,168.0,9,100,0.079952,1.9063,True,False,body,90.0,88.0,-10.0
3745,272598,464.0,24,373,0.079812,2.0016,True,False,body,240.0,234.0,-10.0
3746,272687,156.0,10,89,0.079779,2.2161,True,False,body,100.0,66.0,-10.0
3747,272743,84.0,5,56,0.079758,1.7006,True,False,body,50.0,44.0,-10.0
3748,272972,362.0,18,229,0.079673,1.7498,True,False,wall,180.0,192.0,-10.0
3749,273448,688.0,35,476,0.079497,1.8313,True,False,body,350.0,348.0,-10.0
3750,273588,225.0,12,140,0.079446,1.9162,True,False,body,120.0,115.0,-10.0
3751,273752,230.0,11,164,0.079385,2.1641,True,False,body,110.0,130.0,-10.0
3752,273939,311.0,17,187,0.079317,2.1339,True,False,wall,170.0,151.0,-10.0
3753,274308,578.0,30,369,0.079182,1.7745,True,False,body,300.0,288.0,-10.0
3754,274607,448.0,24,299,0.079073,1.7358,True,False,body,240.0,218.0,-10.0
3755,274847,415.0,22,240,0.078986,1.676,True,False,wall,220.0,205.0,-10.0
3756,275098,425.0,25,251,0.078895,2.2334,True,False,body,250.0,185.0,-10.0
3757,275215,176.0,10,117,0.078853,2.0986,True,False,body,100.0,86.0,-10.0
3758,275285,93.0,4,70,0.078828,1.8955,True,False,wall,40.0,63.0,-10.0
3759,275518,347.0,17,233,0.078744,2.0481,True,False,body,170.0,187.0,-10.0
3760,275609,155.0,9,91,0.078711,1.6594,True,False,body,90.0,75.0,-10.0
3761,275897,431.0,22,288,0.078608,1.8067,True,False,wall,220.0,221.0,-10.0
3762,275911,1.0,0,14,0.078603,1.9017,True,False,wall,0.0,11.0,-10.0
3763,276020,151.0,7,109,0.078564,1.783,True,False,wall,70.0,91.0,-10.0
3764,276257,417.0,23,237,0.078479,1.5642,True,False,wall,230.0,197.0,-10.0
3765,276341,154.0,9,84,0.07845,1.8853,True,False,wall,90.0,74.0,-10.0
3766,276424,113.0,5,83,0.07842,1.7771,True,False,wall,50.0,73.0,-10.0
3767,276725,436.0,26,301,0.078313,1.9354,True,False,body,260.0,186.0,-10.0
3768,277115,625.0,32,390,0.078176,1.8825,True,False,body,320.0,315.0,-10.0
3769,277190,110.0,6,75,0.078149,1.7648,True,False,body,60.0,60.0,-10.0
3770,277346,237.0,12,156,0.078094,1.7144,True,False,body,120.0,127.0,-10.0
3771,277518,250.0,13,172,0.078034,1.6932,True,False,body,130.0,130.0,-10.0
3772,277742,375.0,20,224,0.077956,2.138,True,False,body,200.0,185.0,-10.0
3773,277869,234.0,14,127,0.077911,1.8868,True,False,body,140.0,104.0,-10.0
3774,278039,293.0,16,170,0.077852,1.7101,True,False,wall,160.0,143.0,-10.0
3775,278231,298.0,15,192,0.077785,1.7766,True,False,body,150.0,158.0,-10.0
3776,278359,218.0,13,128,0.077741,1.9151,True,False,body,130.0,98.0,-10.0
3777,278512,254.0,14,153,0.077688,2.013,True,False,body,140.0,124.0,-10.0
3778,278686,281.0,16,174,0.077628,2.1646,True,False,wall,160.0,131.0,-10.0
3779,278780,149.0,8,94,0.077595,1.8832,True,False,body,80.0,79.0,-10.0
3780,278871,130.0,6,91,0.077564,1.9283,True,False,wall,60.0,80.0,-10.0
3781,279113,382.0,19,242,0.077481,2.0396,True,False,wall,190.0,202.0,-10.0
3782,279286,271.0,15,173,0.077421,1.7205,True,False,wall,150.0,131.0,-10.0
3783,279484,273.0,14,198,0.077354,1.8514,True,False,wall,140.0,143.0,-10.0
3784,279496,-1.0,0,12,0.077349,2.5976,True,False,wall,0.0,9.0,-10.0
3785,279668,294.0,17,172,0.077291,1.6522,True,False,wall,170.0,134.0,-10.0
3786,279682,10.0,1,14,0.077286,1.4623,True,False,wall,10.0,10.0,-10.0
3787,279972,460.0,25,290,0.077187,2.2105,True,False,body,250.0,220.0,-10.0
3788,280007,56.0,4,35,0.077175,2.2718,True,False,body,40.0,26.0,-10.0
3789,280080,115.0,7,73,0.07715,2.0301,True,False,body,70.0,55.0,-10.0
3790,280417,583.0,33,337,0.077036,1.8696,True,False,body,330.0,263.0,-10.0
3791,280758,495.0,27,341,0.076921,1.9637,True,False,body,270.0,235.0,-10.0
3792,280971,344.0,18,213,0.07685,1.8409,True,False,body,180.0,174.0,-10.0
3793,281032,90.0,6,61,0.076829,1.8719,True,False,body,60.0,40.0,-10.0
3794,281264,370.0,21,232,0.076752,1.7513,True,False,body,210.0,170.0,-10.0
3795,281343,139.0,9,79,0.076725,2.0324,True,False,body,90.0,59.0,-10.0
3796,281513,318.0,19,170,0.076668,1.8929,True,False,body,190.0,138.0,-10.0
3797,281606,149.0,9,93,0.076637,1.8384,True,False,wall,90.0,69.0,-10.0
3798,281639,49.0,3,33,0.076627,2.2674,True,False,body,30.0,29.0,-10.0
3799,281836,312.0,16,197,0.076561,2.0183,True,False,wall,160.0,162.0,-10.0
3800,281909,112.0,6,73,0.076537,1.8967,True,False,body,60.0,62.0,-10.0
3801,281996,124.0,6,87,0.076508,1.8052,True,False,body,60.0,74.0,-10.0
3802,282064,99.0,6,68,0.076485,1.9644,True,False,body,60.0,49.0,-10.0
3803,282222,272.0,15,158,0.076433,1.8128,True,False,body,150.0,132.0,-10.0
3804,282455,389.0,21,233,0.076356,1.7761,True,False,wall,210.0,189.0,-10.0
3805,282481,42.0,3,26,0.076348,1.7103,True,False,wall,30.0,22.0,-10.0
3806,282576,184.0,12,95,0.076316,1.7288,True,False,body,120.0,74.0,-10.0
3807,282722,207.0,10,146,0.076268,1.8813,True,False,body,100.0,117.0,-10.0
3808,282916,329.0,18,194,0.076205,2.121,True,False,body,180.0,159.0,-10.0
3809,283019,178.0,10,103,0.076171,1.9092,True,False,wall,100.0,88.0,-10.0
3810,283245,354.0,19,226,0.076097,1.8207,True,False,body,190.0,174.0,-10.0
3811,283291,65.0,4,46,0.076082,1.7698,True,False,wall,40.0,35.0,-10.0
3812,283372,127.0,7,81,0.076056,2.0068,True,False,wall,70.0,67.0,-10.0
3813,283486,183.0,10,114,0.076019,2.1303,True,False,body,100.0,93.0,-10.0
3814,283550,112.0,7,64,0.075998,1.7667,True,False,wall,70.0,52.0,-10.0
3815,283772,366.0,21,222,0.075926,1.9382,True,False,body,210.0,166.0,-10.0
3816,283830,88.0,5,58,0.075907,2.7453,True,False,wall,50.0,48.0,-10.0
3817,283955,174.0,8,125,0.075867,1.7065,True,False,body,80.0,104.0,-10.0
3818,284198,397.0,21,243,0.075788,1.7809,True,False,wall,210.0,197.0,-10.0
3819,284262,81.0,4,64,0.075768,1.6695,True,False,wall,40.0,51.0,-10.0
3820,284275,20.0,2,13,0.075763,1.7462,True,False,wall,20.0,10.0,-10.0
3821,284307,46.0,3,32,0.075753,1.4977,True,False,body,30.0,26.0,-10.0
3822,284433,197.0,10,126,0.075713,1.688,True,False,body,100.0,107.0,-10.0
3823,284618,303.0,17,185,0.075653,1.8274,True,False,wall,170.0,143.0,-10.0
3824,284707,144.0,8,89,0.075625,2.0368,True,False,wall,80.0,74.0,-10.0
3825,285012,436.0,22,305,0.075527,1.9909,True,False,body,220.0,226.0,-10.0
3826,285135,187.0,11,123,0.075488,2.3698,True,False,body,110.0,87.0,-10.0
3827,285177,65.0,4,42,0.075475,3.2838,True,False,wall,40.0,35.0,-10.0
3828,285325,268.0,15,148,0.075428,1.823,True,False,body,150.0,128.0,-10.0
3829,285483,251.0,14,158,0.075377,2.1076,True,False,body,140.0,121.0,-10.0
3830,285676,306.0,16,193,0.075316,1.7692,True,False,wall,160.0,156.0,-10.0
3831,285735,81.0,5,59,0.075298,1.6323,True,False,wall,50.0,41.0,-10.0
3832,285786,74.0,4,51,0.075281,1.7892,True,False,wall,40.0,44.0,-10.0
3833,286079,424.0,22,293,0.075189,1.8076,True,False,body,220.0,214.0,-10.0
3834,286132,61.0,3,53,0.075172,1.5687,True,False,wall,30.0,41.0,-10.0
3835,286253,200.0,12,121,0.075134,2.0547,True,False,body,120.0,90.0,-10.0
3836,286305,82.0,5,52,0.075118,1.7182,True,False,body,50.0,42.0,-10.0
3837,286371,112.0,7,66,0.075097,1.9223,True,False,wall,70.0,52.0,-10.0
3838,286670,466.0,24,299,0.075004,1.7504,True,False,wall,240.0,236.0,-10.0
3839,286819,250.0,14,149,0.074957,2.1477,True,False,wall,140.0,120.0,-10.0
3840,287214,625.0,31,395,0.074834,2.1388,True,False,body,310.0,325.0,-10.0
3841,287277,113.0,7,63,0.074815,2.4059,True,False,wall,70.0,53.0,-10.0
3842,287390,198.0,12,113,0.07478,2.1954,True,False,body,120.0,88.0,-10.0
3843,287481,157.0,9,91,0.074751,1.752,True,False,body,90.0,77.0,-10.0
3844,287514,54.0,4,33,0.074741,1.8422,True,False,body,40.0,24.0,-10.0
3845,287583,108.0,6,69,0.07472,2.2812,True,False,wall,60.0,58.0,-10.0
3846,287753,261.0,14,170,0.074667,1.8037,True,False,body,140.0,131.0,-10.0
3847,287827,93.0,4,74,0.074645,1.734,True,False,wall,40.0,63.0,-10.0
3848,287873,56.0,3,46,0.07463,1.8734,True,False,wall,30.0,36.0,-10.0
3849,288096,365.0,19,223,0.074562,1.8088,True,False,body,190.0,185.0,-10.0
3850,288298,321.0,18,202,0.0745,1.7269,True,False,body,180.0,151.0,-10.0
3851,288596,498.0,27,298,0.074409,1.8527,True,False,body,270.0,238.0,-10.0
3852,288737,211.0,11,141,0.074366,1.831,True,False,body,110.0,111.0,-10.0
3853,288952,346.0,20,215,0.0743,1.7412,True,False,body,200.0,156.0,-10.0
3854,289012,103.0,6,60,0.074282,1.9871,True,False,wall,60.0,53.0,-10.0
3855,289393,572.0,32,381,0.074167,1.997,True,False,body,320.0,262.0,-10.0
3856,289448,114.0,8,55,0.07415,2.0901,True,False,wall,80.0,44.0,-10.0
3857,289526,139.0,8,78,0.074127,1.5639,True,False,wall,80.0,69.0,-10.0
3858,289708,276.0,15,182,0.074072,1.8927,True,False,body,150.0,136.0,-10.0
3859,289757,65.0,3,49,0.074057,1.795,True,False,wall,30.0,45.0,-10.0
3860,289840,146.0,10,83,0.074032,1.8337,True,False,wall,100.0,56.0,-10.0
3861,289907,98.0,6,67,0.074012,2.1338,True,False,wall,60.0,48.0,-10.0
3862,290173,382.0,21,266,0.073932,1.7573,True,False,body,210.0,182.0,-10.0
3863,290285,172.0,9,112,0.073899,1.5928,True,False,body,90.0,92.0,-10.0
3864,290387,149.0,8,102,0.073868,1.7646,True,False,wall,80.0,79.0,-10.0
3865,290526,242.0,14,139,0.073827,1.8124,True,False,wall,140.0,112.0,-10.0
3866,290563,60.0,4,37,0.073816,1.706,True,False,wall,40.0,30.0,-10.0
3867,290804,397.0,21,241,0.073744,1.9261,True,False,body,210.0,197.0,-10.0
3868,290894,158.0,9,90,0.073718,2.0396,True,False,wall,90.0,78.0,-10.0
3869,291178,453.0,24,284,0.073634,1.7667,True,False,body,240.0,223.0,-10.0
3870,291527,516.0,26,349,0.073531,1.9752,True,False,body,260.0,266.0,-10.0
3871,291573,67.0,4,46,0.073517,1.6673,True,False,wall,40.0,37.0,-10.0
3872,291682,209.0,13,109,0.073485,1.9205,True,False,wall,130.0,89.0,-10.0
3873,291917,388.0,20,235,0.073416,1.8289,True,False,body,200.0,198.0,-10.0
3874,292001,142.0,9,84,0.073392,1.6635,True,False,body,90.0,62.0,-10.0
3875,292258,442.0,24,257,0.073317,1.7273,True,False,wall,240.0,212.0,-10.0
3876,292356,147.0,8,98,0.073288,1.7506,True,False,wall,80.0,77.0,-10.0
3877,292415,96.0,6,59,0.073271,1.7097,True,False,body,60.0,46.0,-10.0
3878,292847,625.0,30,432,0.073146,1.758,True,False,body,300.0,335.0,-10.0
3879,293097,391.0,20,250,0.073073,1.8569,True,False,body,200.0,201.0,-10.0
3880,293208,211.0,13,111,0.073041,1.7738,True,False,wall,130.0,91.0,-10.0
3881,293348,215.0,12,140,0.073001,1.7419,True,False,body,120.0,105.0,-10.0
3882,293543,319.0,17,195,0.072945,2.2391,True,False,body,170.0,159.0,-10.0
3883,293743,323.0,16,200,0.072888,1.8156,True,False,wall,160.0,173.0,-10.0
3884,293885,249.0,16,142,0.072847,1.6139,True,False,body,160.0,99.0,-10.0
3885,294149,433.0,24,264,0.072772,1.7679,True,False,body,240.0,203.0,-10.0
3886,294380,384.0,20,231,0.072706,1.7889,True,False,body,200.0,194.0,-10.0
3887,294392,1.0,0,12,0.072703,2.7549,True,False,wall,0.0,11.0,-10.0
3888,294447,67.0,3,55,0.072687,1.9774,True,False,body,30.0,47.0,-10.0
3889,294841,632.0,33,394,0.072576,1.8668,True,False,body,330.0,312.0,-10.0
3890,295056,334.0,16,215,0.072515,1.8759,True,False,wall,160.0,184.0,-10.0
3891,295207,264.0,16,151,0.072473,1.958,True,False,body,160.0,114.0,-10.0
3892,295220,11.0,1,13,0.072469,2.2046,True,False,wall,10.0,11.0,-10.0
3893,295280,92.0,5,60,0.072452,2.086,True,False,wall,50.0,52.0,-10.0
3894,295602,463.0,20,322,0.072362,1.8674,True,False,wall,200.0,273.0,-10.0
3895,295958,514.0,27,356,0.072263,1.8111,True,False,body,270.0,254.0,-10.0
3896,296034,122.0,7,76,0.072242,1.7496,True,False,body,70.0,62.0,-10.0
3897,296152,187.0,10,118,0.072209,1.8524,True,False,wall,100.0,97.0,-10.0
3898,296215,93.0,5,63,0.072191,1.9641,True,False,wall,50.0,53.0,-10.0
3899,296276,96.0,6,61,0.072175,1.9835,True,False,wall,60.0,46.0,-10.0
3900,296420,253.0,14,144,0.072135,2.1036,True,False,body,140.0,123.0,-10.0
3901,296514,144.0,7,94,0.072109,1.9319,True,False,wall,70.0,84.0,-10.0
3902,296645,213.0,11,131,0.072072,1.7463,True,False,body,110.0,113.0,-10.0
3903,296757,194.0,11,112,0.072042,1.8574,True,False,body,110.0,94.0,-10.0
3904,297015,456.0,27,258,0.071971,1.7986,True,False,body,270.0,196.0,-10.0
3905,297025,8.0,1,10,0.071968,1.4057,True,False,wall,10.0,8.0,-10.0
3906,297109,127.0,6,84,0.071945,2.0437,True,False,body,60.0,77.0,-10.0
3907,297228,181.0,9,119,0.071912,1.7841,True,False,body,90.0,101.0,-10.0
3908,297286,90.0,5,58,0.071896,1.9508,True,False,body,50.0,50.0,-10.0
3909,297365,105.0,5,79,0.071875,1.942,True,False,body,50.0,65.0,-10.0
3910,297622,433.0,23,257,0.071805,2.03,True,False,body,230.0,213.0,-10.0
3911,297912,493.0,26,290,0.071726,2.1025,True,False,body,260.0,243.0,-10.0
3912,298109,319.0,17,197,0.071672,1.9784,True,False,body,170.0,159.0,-10.0
3913,298194,128.0,6,85,0.071649,1.9122,True,False,wall,60.0,78.0,-10.0
3914,298247,119.0,9,53,0.071635,1.6238,True,False,wall,90.0,39.0,-10.0
3915,298412,283.0,15,165,0.07159,1.6447,True,False,wall,150.0,143.0,-10.0
3916,298683,397.0,19,271,0.071517,1.9187,True,False,wall,190.0,217.0,-10.0
3917,298754,84.0,4,71,0.071498,1.7468,True,False,wall,40.0,54.0,-10.0
3918,298766,10.0,1,12,0.071495,1.7034,True,False,wall,10.0,10.0,-10.0
3919,298789,20.0,2,23,0.071489,1.6995,True,False,wall,20.0,10.0,-10.0
3920,298807,34.0,3,18,0.071484,1.7439,True,False,body,30.0,14.0,-10.0
3921,299004,344.0,18,197,0.071431,1.7944,True,False,wall,180.0,174.0,-10.0
3922,299120,200.0,11,116,0.0714,1.7978,True,False,wall,110.0,100.0,-10.0
3923,299191,106.0,6,71,0.071381,1.6664,True,False,body,60.0,56.0,-10.0
3924,299425,406.0,23,234,0.071319,1.6435,True,False,body,230.0,186.0,-10.0
3925,299435,8.0,1,10,0.071316,1.7453,True,False,wall,10.0,8.0,-10.0
3926,299528,131.0,7,93,0.071291,1.9279,True,False,wall,70.0,71.0,-10.0
3927,299540,1.0,0,12,0.071288,1.9563,True,False,wall,0.0,11.0,-10.0
3928,299551,9.0,1,11,0.071285,1.7148,True,False,wall,10.0,9.0,-10.0
3929,299708,237.0,11,157,0.071243,1.7517,True,False,body,110.0,137.0,-10.0
3930,299773,108.0,6,65,0.071226,1.6681,True,False,body,60.0,58.0,-10.0
3931,299918,266.0,16,145,0.071188,2.2507,True,False,body,160.0,116.0,-10.0
3932,300035,205.0,13,117,0.071157,1.8089,True,False,body,130.0,85.0,-10.0
3933,300385,553.0,30,350,0.071064,2.4298,True,False,body,300.0,263.0,-10.0
3934,300576,315.0,17,191,0.071014,1.8405,True,False,wall,170.0,155.0,-10.0
3935,300607,43.0,3,31,0.071006,1.8054,True,False,wall,30.0,23.0,-10.0
3936,300750,225.0,11,143,0.070968,1.7462,True,False,body,110.0,125.0,-10.0
3937,300909,259.0,15,159,0.070927,1.7958,True,False,body,150.0,119.0,-10.0
3938,301069,214.0,11,160,0.070885,1.6767,True,False,wall,110.0,114.0,-10.0
3939,301079,8.0,1,10,0.070882,1.557,True,False,wall,10.0,8.0,-10.0
3940,301110,47.0,3,31,0.070874,1.8855,True,False,wall,30.0,27.0,-10.0
3941,301154,67.0,4,44,0.070863,1.6921,True,False,wall,40.0,37.0,-10.0
3942,301205,68.0,4,51,0.07085,1.6002,True,False,wall,40.0,38.0,-10.0
3943,301234,30.0,2,29,0.070842,1.6225,True,False,wall,20.0,20.0,-10.0
3944,301279,77.0,5,45,0.07083,1.5965,True,False,body,50.0,37.0,-10.0
3945,301343,103.0,6,64,0.070814,1.5683,True,False,body,60.0,53.0,-10.0
3946,301433,181.0,12,90,0.07079,1.743,True,False,body,120.0,71.0,-10.0
3947,301561,244.0,15,128,0.070757,1.721,True,False,body,150.0,104.0,-10.0
3948,302038,753.0,39,477,0.070634,1.7197,True,False,wall,390.0,373.0,-10.0
3949,302271,386.0,20,233,0.070574,1.667,True,False,body,200.0,196.0,-10.0
3950,302300,36.0,2,29,0.070566,1.3701,True,False,wall,20.0,26.0,-10.0
3951,302440,265.0,16,140,0.07053,1.8506,True,False,body,160.0,115.0,-10.0
3952,302513,119.0,7,73,0.070511,1.7179,True,False,body,70.0,59.0,-10.0
3953,302710,325.0,17,197,0.070461,2.3327,True,False,body,170.0,165.0,-10.0
3954,302756,89.0,6,46,0.070449,3.1775,True,False,body,60.0,39.0,-10.0
3955,302994,433.0,24,238,0.070388,2.0013,True,False,wall,240.0,203.0,-10.0
3956,303073,147.0,9,79,0.070368,2.0082,True,False,wall,90.0,67.0,-10.0
3957,303313,398.0,21,240,0.070307,1.7472,True,False,body,210.0,198.0,-10.0
3958,303390,99.0,5,77,0.070288,2.3291,True,False,wall,50.0,59.0,-10.0
3959,303500,192.0,11,110,0.07026,1.976,True,False,body,110.0,92.0,-10.0
3960,303831,565.0,29,331,0.070176,1.7074,True,False,body,290.0,285.0,-10.0
3961,303888,87.0,5,57,0.070162,1.7401,True,False,wall,50.0,47.0,-10.0
3962,304274,581.0,28,386,0.070065,1.9192,True,False,wall,280.0,311.0,-10.0
3963,304424,237.0,12,150,0.070027,1.7126,True,False,body,120.0,127.0,-10.0
3964,304638,337.0,18,214,0.069974,1.9465,True,False,body,180.0,167.0,-10.0
3965,304879,371.0,19,241,0.069914,2.0644,True,False,body,190.0,191.0,-10.0
3966,305066,291.0,15,187,0.069867,1.6612,True,False,wall,150.0,151.0,-10.0
3967,305146,104.0,5,80,0.069847,1.7573,True,False,wall,50.0,64.0,-10.0
3968,305330,314.0,17,184,0.069802,1.7063,True,False,body,170.0,154.0,-10.0
3969,305516,321.0,18,186,0.069756,1.7658,True,False,body,180.0,151.0,-10.0
3970,305594,116.0,7,78,0.069737,1.6341,True,False,body,70.0,56.0,-10.0
3971,305670,109.0,6,76,0.069718,1.7082,True,False,wall,60.0,59.0,-10.0
3972,305689,17.0,1,19,0.069713,1.7691,True,False,wall,10.0,17.0,-10.0
3973,305923,338.0,17,234,0.069656,1.8675,True,False,wall,170.0,178.0,-10.0
3974,305947,29.0,2,24,0.06965,1.6577,True,False,wall,20.0,19.0,-10.0
3975,306110,274.0,16,163,0.06961,1.9212,True,False,body,160.0,124.0,-10.0
3976,306179,121.0,7,69,0.069593,2.2099,True,False,wall,70.0,61.0,-10.0
3977,306419,342.0,19,240,0.069534,1.8025,True,False,body,190.0,162.0,-10.0
3978,306449,53.0,4,30,0.069527,1.8574,True,False,body,40.0,23.0,-10.0
3979,306726,429.0,23,277,0.069459,1.7447,True,False,body,230.0,209.0,-10.0
3980,307100,576.0,31,374,0.069368,2.2535,True,False,body,310.0,276.0,-10.0
3981,307405,525.0,27,305,0.069295,1.8531,True,False,wall,270.0,265.0,-10.0
3982,307756,552.0,28,351,0.06921,1.7409,True,False,body,280.0,282.0,-10.0
3983,308081,466.0,22,325,0.069132,1.8213,True,False,body,220.0,256.0,-10.0
3984,308115,46.0,3,34,0.069124,1.4559,True,False,wall,30.0,26.0,-10.0
3985,308323,342.0,19,208,0.069075,1.9399,True,False,body,190.0,162.0,-10.0
3986,308596,416.0,22,273,0.06901,2.2126,True,False,body,220.0,206.0,-10.0
3987,308716,200.0,11,120,0.068981,1.9378,True,False,wall,110.0,100.0,-10.0
3988,308752,52.0,3,36,0.068973,2.2496,True,False,wall,30.0,32.0,-10.0
3989,308812,93.0,6,60,0.068958,1.8725,True,False,body,60.0,43.0,-10.0
3990,309006,343.0,20,194,0.068912,2.0046,True,False,body,200.0,153.0,-10.0
3991,309207,346.0,18,201,0.068865,1.764,True,False,body,180.0,176.0,-10.0
3992,309309,165.0,10,102,0.068841,2.0671,True,False,body,100.0,75.0,-10.0
3993,309444,207.0,11,135,0.068809,1.8916,True,False,wall,110.0,107.0,-10.0
3994,309508,98.0,5,64,0.068794,2.6205,True,False,wall,50.0,58.0,-10.0
3995,309571,102.0,6,63,0.068779,1.6832,True,False,wall,60.0,52.0,-10.0
3996,309635,102.0,7,64,0.068764,1.6268,True,False,body,70.0,42.0,-10.0
3997,309716,114.0,6,81,0.068745,1.73,True,False,wall,60.0,64.0,-10.0
3998,309952,428.0,25,236,0.06869,1.8503,True,False,wall,250.0,188.0,-10.0
3999,310054,157.0,8,102,0.068666,1.815,True,False,body,80.0,87.0,-10.0
4000,310138,137.0,8,84,0.068647,1.9121,True,False,body,80.0,67.0,-10.0
4001,310421,445.0,23,283,0.068581,1.805,True,False,body,230.0,225.0,-10.0
4002,310577,241.0,12,156,0.068545,1.9408,True,False,wall,120.0,131.0,-10.0
4003,310619,56.0,3,42,0.068535,2.3084,True,False,body,30.0,36.0,-10.0
4004,310966,513.0,27,347,0.068455,1.9015,True,False,wall,270.0,253.0,-10.0
4005,311236,427.0,24,270,0.068393,2.3232,True,False,body,240.0,197.0,-10.0
4006,311477,363.0,19,241,0.068337,1.7488,True,False,wall,190.0,183.0,-10.0
4007,311735,404.0,19,258,0.068278,1.6889,True,False,wall,190.0,224.0,-10.0
4008,311792,105.0,7,57,0.068265,1.8098,True,False,body,70.0,45.0,-10.0
4009,311902,175.0,10,110,0.06824,1.8491,True,False,body,100.0,85.0,-10.0
4010,312097,374.0,22,195,0.068196,1.6511,True,False,wall,220.0,164.0,-10.0
4011,312158,87.0,5,61,0.068182,1.8845,True,False,wall,50.0,47.0,-10.0
4012,312243,158.0,10,85,0.068162,1.6804,True,False,wall,100.0,68.0,-10.0
4013,312593,548.0,31,350,0.068083,1.9344,True,False,body,310.0,248.0,-10.0
4014,312846,397.0,23,253,0.068026,1.8121,True,False,body,230.0,177.0,-10.0
4015,313024,299.0,18,178,0.067986,1.6609,True,False,body,180.0,129.0,-10.0
4016,313035,9.0,1,11,0.067984,2.0897,True,False,wall,10.0,9.0,-10.0
4017,313091,68.0,3,56,0.067971,3.3154,True,False,wall,30.0,48.0,-10.0
4018,313390,412.0,22,299,0.067904,2.1424,True,False,body,220.0,202.0,-10.0
4019,313540,255.0,14,150,0.06787,1.8256,True,False,wall,140.0,125.0,-10.0
4020,313683,231.0,13,143,0.067838,2.1187,True,False,wall,130.0,111.0,-10.0
4021,314032,513.0,25,349,0.067761,1.7643,True,False,body,250.0,273.0,-10.0
4022,314404,564.0,29,372,0.067678,1.9505,True,False,body,290.0,284.0,-10.0
4023,314440,59.0,4,36,0.06767,1.9634,True,False,wall,40.0,29.0,-10.0
4024,314676,390.0,23,236,0.067618,1.7547,True,False,wall,230.0,170.0,-10.0
4025,314834,267.0,14,158,0.067584,1.8539,True,False,body,140.0,137.0,-10.0
4026,314853,15.0,1,19,0.067579,1.6717,True,False,wall,10.0,15.0,-10.0
4027,314891,37.0,2,38,0.067571,1.8771,True,False,wall,20.0,27.0,-10.0
4028,315298,653.0,35,407,0.067482,1.8406,True,False,body,350.0,313.0,-10.0
4029,315420,198.0,11,122,0.067455,1.6997,True,False,body,110.0,98.0,-10.0
4030,315608,307.0,16,188,0.067414,1.714,True,False,body,160.0,157.0,-10.0
4031,315700,133.0,6,92,0.067394,1.7549,True,False,wall,60.0,83.0,-10.0
4032,316000,467.0,24,300,0.067329,1.9557,True,False,body,240.0,237.0,-10.0
4033,316050,71.0,4,50,0.067318,2.2879,True,False,wall,40.0,41.0,-10.0
4034,316190,228.0,13,140,0.067288,2.0442,True,False,wall,130.0,108.0,-10.0
4035,316633,642.0,34,443,0.067193,1.8603,True,False,body,340.0,312.0,-10.0
4036,316903,455.0,24,270,0.067135,1.8413,True,False,wall,240.0,225.0,-10.0
4037,317138,399.0,21,235,0.067084,2.1291,True,False,body,210.0,199.0,-10.0
4038,317301,239.0,13,163,0.06705,2.1255,True,False,wall,130.0,119.0,-10.0
4039,317503,322.0,17,202,0.067007,2.1568,True,False,body,170.0,162.0,-10.0
4040,317697,319.0,16,194,0.066966,1.9163,True,False,wall,160.0,169.0,-10.0
4041,317932,352.0,18,235,0.066916,1.8132,True,False,body,180.0,182.0,-10.0
4042,317988,90.0,5,56,0.066904,1.6773,True,False,wall,50.0,50.0,-10.0
4043,318049,104.0,6,61,0.066891,1.755,True,False,body,60.0,54.0,-10.0
4044,318153,184.0,11,104,0.066869,1.8889,True,False,wall,110.0,84.0,-10.0
4045,318266,193.0,11,113,0.066845,1.6915,True,False,wall,110.0,93.0,-10.0
4046,318330,89.0,4,64,0.066832,1.7794,True,False,wall,40.0,59.0,-10.0
4047,318390,90.0,5,60,0.066819,1.6791,True,False,wall,50.0,50.0,-10.0
4048,318627,385.0,21,237,0.066769,1.7174,True,False,body,210.0,185.0,-10.0
4049,318913,431.0,24,286,0.06671,1.7691,True,False,wall,240.0,201.0,-10.0
4050,319086,298.0,16,173,0.066673,2.8403,True,False,body,160.0,148.0,-10.0
4051,319104,25.0,2,18,0.06667,2.0091,True,False,wall,20.0,15.0,-10.0
4052,319233,191.0,11,129,0.066643,2.0105,True,False,wall,110.0,91.0,-10.0
4053,319279,58.0,3,46,0.066633,1.8861,True,False,wall,30.0,38.0,-10.0
4054,319848,760.0,40,569,0.066515,1.7874,True,False,body,400.0,370.0,-10.0
4055,320055,352.0,20,207,0.066473,1.8077,True,False,body,200.0,162.0,-10.0
4056,320122,124.0,8,67,0.066459,1.6554,True,False,body,80.0,54.0,-10.0
4057,320216,147.0,8,94,0.06644,2.021,True,False,body,80.0,77.0,-10.0
4058,320251,38.0,2,35,0.066432,1.8133,True,False,wall,20.0,28.0,-10.0
4059,320392,227.0,11,141,0.066404,1.7052,True,False,wall,110.0,127.0,-10.0
4060,320605,360.0,18,213,0.06636,1.7764,True,False,wall,180.0,190.0,-10.0
4061,320742,204.0,10,137,0.066332,1.7636,True,False,body,100.0,114.0,-10.0
4062,320758,10.0,1,16,0.066329,1.931,True,False,wall,10.0,10.0,-10.0
4063,320831,143.0,9,73,0.066314,1.9091,True,False,body,90.0,63.0,-10.0
4064,320945,227.0,14,114,0.066291,1.8018,True,False,body,140.0,97.0,-10.0
4065,320957,10.0,1,12,0.066288,1.8153,True,False,wall,10.0,10.0,-10.0
4066,321111,233.0,12,154,0.066257,2.0385,True,False,body,120.0,123.0,-10.0
4067,321145,50.0,3,34,0.06625,1.7446,True,False,wall,30.0,30.0,-10.0
4068,321377,360.0,19,232,0.066203,1.8087,True,False,body,190.0,180.0,-10.0
4069,321571,308.0,17,194,0.066164,2.7144,True,False,wall,170.0,148.0,-10.0
4070,321645,103.0,6,74,0.066149,2.2088,True,False,wall,60.0,53.0,-10.0
4071,321673,44.0,3,28,0.066143,1.8967,True,False,wall,30.0,24.0,-10.0
4072,321771,166.0,9,98,0.066123,1.8659,True,False,body,90.0,86.0,-10.0
4073,321784,9.0,1,13,0.066121,1.7172,True,False,wall,10.0,9.0,-10.0
4074,322024,445.0,26,240,0.066072,1.7991,True,False,body,260.0,195.0,-10.0
4075,322115,129.0,7,91,0.066054,1.8847,True,False,body,70.0,69.0,-10.0
4076,322220,176.0,10,105,0.066033,1.9056,True,False,wall,100.0,86.0,-10.0
4077,322617,621.0,33,397,0.065954,2.0211,True,False,body,330.0,301.0,-10.0
4078,322731,189.0,10,114,0.065931,1.8492,True,False,body,100.0,99.0,-10.0
4079,322817,124.0,7,86,0.065914,2.0038,True,False,wall,70.0,64.0,-10.0
4080,323045,372.0,21,228,0.065868,1.933,True,False,wall,210.0,172.0,-10.0
4081,323059,10.0,1,14,0.065866,1.8253,True,False,wall,10.0,10.0,-10.0
4082,323217,259.0,14,158,0.065834,1.8417,True,False,body,140.0,129.0,-10.0
4083,323375,290.0,17,158,0.065803,1.8263,True,False,wall,170.0,130.0,-10.0
4084,323630,402.0,22,255,0.065753,1.9585,True,False,body,220.0,192.0,-10.0
4085,323842,344.0,19,212,0.065711,1.8684,True,False,body,190.0,164.0,-10.0
4086,324013,287.0,15,171,0.065678,1.8962,True,False,wall,150.0,147.0,-10.0
4087,324214,344.0,18,201,0.065638,1.8576,True,False,wall,180.0,174.0,-10.0
4088,324236,34.0,3,22,0.065634,1.6232,True,False,wall,30.0,14.0,-10.0
4089,324357,159.0,7,121,0.06561,1.9545,True,False,wall,70.0,99.0,-10.0
4090,324492,227.0,13,135,0.065584,1.9905,True,False,body,130.0,107.0,-10.0
4091,324695,339.0,19,203,0.065545,2.9114,True,False,body,190.0,159.0,-10.0
4092,324786,150.0,8,91,0.065527,1.9069,True,False,body,80.0,80.0,-10.0
4093,324799,11.0,1,13,0.065524,1.6073,True,False,wall,10.0,11.0,-10.0
4094,324899,156.0,9,100,0.065505,1.7528,True,False,wall,90.0,76.0,-10.0
4095,325117,370.0,21,218,0.065463,1.8133,True,False,body,210.0,170.0,-10.0
4096,325152,69.0,5,35,0.065456,1.5803,True,False,body,50.0,29.0,-10.0
4097,325459,499.0,29,307,0.065397,1.9423,True,False,body,290.0,219.0,-10.0
4098,325585,195.0,10,126,0.065373,2.1627,True,False,body,100.0,105.0,-10.0
4099,325742,276.0,16,157,0.065342,1.9971,True,False,wall,160.0,126.0,-10.0
4100,325829,129.0,7,87,0.065326,1.7605,True,False,body,70.0,69.0,-10.0
4101,326157,488.0,23,328,0.065263,1.9146,True,False,body,230.0,268.0,-10.0
4102,326388,374.0,20,231,0.065219,1.9924,True,False,wall,200.0,184.0,-10.0
4103,326857,607.0,33,469,0.06513,1.8779,True,False,body,330.0,287.0,-10.0
4104,326896,44.0,2,39,0.065123,1.8661,True,False,wall,20.0,34.0,-10.0
4105,327129,380.0,20,233,0.065079,1.8439,True,False,body,200.0,190.0,-10.0
4106,327367,384.0,21,238,0.065034,1.8156,True,False,wall,210.0,184.0,-10.0
4107,327465,142.0,7,98,0.065015,1.9744,True,False,body,70.0,82.0,-10.0
4108,327565,184.0,11,100,0.064997,1.9039,True,False,wall,110.0,84.0,-10.0
4109,327875,436.0,23,310,0.064939,2.0168,True,False,body,230.0,216.0,-10.0
4110,327901,38.0,3,26,0.064934,1.6479,True,False,body,30.0,18.0,-10.0
4111,327988,113.0,5,87,0.064918,2.389,True,False,wall,50.0,73.0,-10.0
4112,328134,222.0,11,146,0.06489,1.9364,True,False,body,110.0,122.0,-10.0
4113,328551,637.0,31,417,0.064813,2.0012,True,False,body,310.0,337.0,-10.0
4114,328668,221.0,13,117,0.064791,1.8996,True,False,body,130.0,101.0,-10.0
4115,328702,48.0,3,34,0.064785,1.7014,True,False,wall,30.0,28.0,-10.0
4116,328938,414.0,23,236,0.064742,2.0076,True,False,body,230.0,194.0,-10.0
4117,329118,314.0,17,180,0.064708,1.9909,True,False,wall,170.0,154.0,-10.0
4118,329413,507.0,29,295,0.064654,1.9448,True,False,wall,290.0,227.0,-10.0
4119,329467,73.0,4,54,0.064644,2.3877,True,False,body,40.0,43.0,-10.0
4120,329515,69.0,4,48,0.064636,1.8062,True,False,body,40.0,39.0,-10.0
4121,329776,398.0,20,261,0.064588,1.9803,True,False,body,200.0,208.0,-10.0
4122,329832,88.0,5,56,0.064578,2.1867,True,False,body,50.0,48.0,-10.0
4123,329921,133.0,7,89,0.064562,1.7749,True,False,wall,70.0,73.0,-10.0
4124,330368,578.0,30,447,0.06448,1.9728,True,False,body,300.0,288.0,-10.0
4125,330463,166.0,10,95,0.064463,2.4669,True,False,wall,100.0,76.0,-10.0
4126,330479,12.0,1,16,0.06446,1.9626,True,False,wall,10.0,12.0,-10.0
4127,330888,586.0,28,409,0.064387,1.9171,True,False,body,280.0,316.0,-10.0
4128,330985,157.0,9,97,0.064369,2.2598,True,False,wall,90.0,77.0,-10.0
4129,331290,506.0,26,305,0.064314,2.2046,True,False,body,260.0,256.0,-10.0
4130,331415,185.0,9,125,0.064292,2.1935,True,False,wall,90.0,105.0,-10.0
4131,331785,595.0,30,370,0.064226,1.9375,True,False,body,300.0,305.0,-10.0
4132,331899,201.0,12,114,0.064206,1.9293,True,False,body,120.0,91.0,-10.0
4133,332002,166.0,10,103,0.064188,1.9067,True,False,wall,100.0,76.0,-10.0
4134,332160,232.0,13,158,0.06416,1.9046,True,False,body,130.0,112.0,-10.0
4135,332315,236.0,14,155,0.064132,1.8794,True,False,wall,140.0,106.0,-10.0
4136,332573,456.0,25,258,0.064087,1.9498,True,False,body,250.0,216.0,-10.0
4137,332626,85.0,5,53,0.064077,1.8108,True,False,body,50.0,45.0,-10.0
4138,332874,405.0,22,248,0.064034,1.8502,True,False,body,220.0,195.0,-10.0
4139,333022,252.0,15,148,0.064008,1.7291,True,False,body,150.0,112.0,-10.0
4140,333062,65.0,4,40,0.064001,2.0255,True,False,wall,40.0,35.0,-10.0
4141,333075,20.0,2,13,0.063999,1.7357,True,False,wall,20.0,10.0,-10.0
4142,333288,329.0,17,213,0.063961,2.0302,True,False,body,170.0,169.0,-10.0
4143,333656,533.0,28,368,0.063897,2.2295,True,False,body,280.0,263.0,-10.0
4144,333915,303.0,17,259,0.063852,2.0977,True,False,body,170.0,143.0,-10.0
4145,334206,434.0,24,291,0.063802,2.1384,True,False,body,240.0,204.0,-10.0
4146,334403,308.0,16,197,0.063768,1.9851,True,False,body,160.0,158.0,-10.0
4147,334550,221.0,11,147,0.063743,2.0099,True,False,body,110.0,121.0,-10.0
4148,334587,56.0,4,37,0.063737,1.9211,True,False,wall,40.0,26.0,-10.0
4149,334765,296.0,17,178,0.063706,1.8499,True,False,body,170.0,136.0,-10.0
4150,334923,247.0,12,158,0.063679,1.9918,True,False,wall,120.0,137.0,-10.0
4151,334979,82.0,5,56,0.063669,1.8195,True,False,body,50.0,42.0,-10.0
4152,335241,400.0,21,262,0.063625,2.1149,True,False,wall,210.0,200.0,-10.0
4153,335465,368.0,19,224,0.063587,1.8986,True,False,wall,190.0,188.0,-10.0
4154,335522,96.0,6,57,0.063577,1.8014,True,False,wall,60.0,46.0,-10.0
4155,335689,285.0,15,167,0.063549,1.9373,True,False,wall,150.0,145.0,-10.0
4156,335901,345.0,20,212,0.063513,1.9058,True,False,wall,200.0,155.0,-10.0
4157,336207,533.0,30,306,0.063461,2.1175,True,False,body,300.0,243.0,-10.0
4158,336251,69.0,4,44,0.063454,2.2669,True,False,body,40.0,39.0,-10.0
4159,336430,327.0,19,179,0.063424,2.2241,True,False,wall,190.0,147.0,-10.0
4160,336580,226.0,11,150,0.063399,2.1142,True,False,wall,110.0,126.0,-10.0
4161,336635,96.0,6,55,0.063389,2.1662,True,False,body,60.0,46.0,-10.0
4162,336695,79.0,4,60,0.063379,2.0271,True,False,body,40.0,49.0,-10.0
4163,336726,47.0,3,31,0.063374,1.8478,True,False,body,30.0,27.0,-10.0
4164,336896,252.0,13,170,0.063346,1.8576,True,False,body,130.0,132.0,-10.0
4165,336935,53.0,3,39,0.063339,2.2354,True,False,body,30.0,33.0,-10.0
4166,336946,7.0,1,11,0.063337,2.1487,True,False,wall,10.0,7.0,-10.0
4167,337212,423.0,22,266,0.063293,2.1587,True,False,wall,220.0,213.0,-10.0
4168,337328,185.0,10,116,0.063274,1.8492,True,False,wall,100.0,95.0,-10.0
4169,337585,450.0,24,257,0.063231,1.9604,True,False,body,240.0,220.0,-10.0
4170,337638,83.0,5,53,0.063222,2.0093,True,False,body,50.0,43.0,-10.0
4171,337783,235.0,13,145,0.063199,2.2144,True,False,wall,130.0,115.0,-10.0
4172,338114,519.0,27,331,0.063144,1.9825,True,False,body,270.0,259.0,-10.0
4173,338350,370.0,19,236,0.063105,1.9722,True,False,wall,190.0,190.0,-10.0
4174,338417,124.0,8,67,0.063094,2.053,True,False,body,80.0,54.0,-10.0
4175,338515,184.0,11,98,0.063078,2.0676,True,False,body,110.0,84.0,-10.0
4176,338724,358.0,20,209,0.063044,1.8783,True,False,body,200.0,168.0,-10.0
4177,338822,160.0,9,98,0.063028,2.1408,True,False,body,90.0,80.0,-10.0
4178,339118,489.0,26,296,0.06298,2.1023,True,False,body,260.0,239.0,-10.0
4179,339262,273.0,16,144,0.062957,2.0542,True,False,body,160.0,123.0,-10.0
4180,339465,329.0,17,203,0.062924,2.1546,True,False,wall,170.0,169.0,-10.0
4181,339536,123.0,7,71,0.062912,2.4283,True,False,body,70.0,63.0,-10.0
4182,339729,300.0,16,193,0.062881,2.1386,True,False,body,160.0,150.0,-10.0
4183,339805,136.0,9,76,0.062869,2.0987,True,False,body,90.0,56.0,-10.0
4184,339926,175.0,9,121,0.06285,2.0216,True,False,body,90.0,95.0,-10.0
4185,340093,269.0,15,167,0.062823,1.9997,True,False,body,150.0,129.0,-10.0
4186,340546,649.0,33,453,0.06275,2.0543,True,False,body,330.0,329.0,-10.0
4187,340634,161.0,10,88,0.062736,1.7527,True,False,wall,100.0,71.0,-10.0
4188,340888,414.0,23,254,0.062696,2.0047,True,False,body,230.0,194.0,-10.0
4189,341016,230.0,13,128,0.062676,1.8316,True,False,wall,130.0,110.0,-10.0
4190,341097,147.0,9,81,0.062663,1.7853,True,False,body,90.0,67.0,-10.0
4191,341447,547.0,30,350,0.062608,2.2008,True,False,body,300.0,257.0,-10.0
4192,341681,391.0,20,234,0.062571,1.9674,True,False,body,200.0,201.0,-10.0
4193,341771,165.0,10,90,0.062557,1.7184,True,False,wall,100.0,75.0,-10.0
4194,341874,168.0,10,103,0.062541,1.9068,True,False,body,100.0,78.0,-10.0
4195,341902,44.0,3,28,0.062536,1.8826,True,False,wall,30.0,24.0,-10.0
4196,341953,81.0,5,51,0.062528,1.8019,True,False,wall,50.0,41.0,-10.0
4197,342071,200.0,11,118,0.06251,1.8453,True,False,body,110.0,100.0,-10.0
4198,342173,156.0,9,102,0.062494,1.9326,True,False,body,90.0,76.0,-10.0
4199,342277,179.0,10,104,0.062478,1.9896,True,False,body,100.0,89.0,-10.0
4200,342296,26.0,2,19,0.062475,1.8929,True,False,wall,20.0,16.0,-10.0
4201,342336,56.0,3,40,0.062468,2.1484,True,False,wall,30.0,36.0,-10.0
4202,342501,263.0,13,165,0.062443,2.2175,True,False,wall,130.0,143.0,-10.0
4203,342549,82.0,5,48,0.062435,2.0948,True,False,body,50.0,42.0,-10.0
4204,342852,466.0,24,303,0.062388,1.968,True,False,body,240.0,236.0,-10.0
4205,343002,238.0,13,150,0.062365,2.1039,True,False,body,130.0,118.0,-10.0
4206,343173,308.0,18,171,0.062339,1.8211,True,False,body,180.0,138.0,-10.0
4207,343306,212.0,10,133,0.062318,1.8339,True,False,wall,100.0,122.0,-10.0
4208,343500,310.0,15,194,0.062288,2.2197,True,False,body,150.0,170.0,-10.0
4209,343734,382.0,19,234,0.062252,1.8605,True,False,wall,190.0,202.0,-10.0
4210,343846,205.0,12,112,0.062235,1.8773,True,False,wall,120.0,95.0,-10.0
4211,343928,139.0,8,82,0.062223,1.9832,True,False,wall,80.0,69.0,-10.0
4212,344170,401.0,20,242,0.062186,1.94,True,False,wall,200.0,211.0,-10.0
4213,344239,108.0,6,69,0.062175,1.9613,True,False,wall,60.0,58.0,-10.0
4214,344457,368.0,21,218,0.062142,2.002,True,False,body,210.0,168.0,-10.0
4215,344536,116.0,6,79,0.06213,3.0487,True,False,wall,60.0,66.0,-10.0
4216,344602,107.0,6,66,0.06212,2.5983,True,False,body,60.0,57.0,-10.0
4217,345003,621.0,35,401,0.06206,1.814,True,False,body,350.0,281.0,-10.0
4218,345139,225.0,12,136,0.062039,1.8244,True,False,body,120.0,115.0,-10.0
4219,345258,205.0,11,119,0.062021,1.8302,True,False,body,110.0,105.0,-10.0
4220,345628,559.0,30,370,0.061966,1.9854,True,False,body,300.0,269.0,-10.0
4221,345795,292.0,16,167,0.061941,1.9068,True,False,body,160.0,142.0,-10.0
4222,345933,233.0,14,138,0.06192,1.8714,True,False,body,140.0,103.0,-10.0
4223,346099,286.0,15,166,0.061895,1.8056,True,False,body,150.0,146.0,-10.0
4224,346499,617.0,36,400,0.061836,2.0325,True,False,wall,360.0,267.0,-10.0
4225,346541,74.0,5,42,0.06183,2.0578,True,False,body,50.0,34.0,-10.0
4226,346755,372.0,21,214,0.061798,2.0239,True,False,body,210.0,172.0,-10.0
4227,346773,14.0,1,18,0.061796,1.9795,True,False,wall,10.0,14.0,-10.0
4228,347141,560.0,29,368,0.061742,1.9138,True,False,body,290.0,280.0,-10.0
4229,347368,351.0,17,227,0.061708,2.3293,True,False,body,170.0,191.0,-10.0
4230,347477,156.0,8,109,0.061692,1.828,True,False,body,80.0,86.0,-10.0
4231,347541,116.0,7,64,0.061683,2.1382,True,False,wall,70.0,56.0,-10.0
4232,347665,218.0,13,124,0.061665,1.959,True,False,wall,130.0,98.0,-10.0
4233,347739,104.0,5,74,0.061654,2.0251,True,False,wall,50.0,64.0,-10.0
4234,347870,205.0,11,131,0.061635,1.9135,True,False,body,110.0,105.0,-10.0
4235,347948,124.0,7,78,0.061624,2.0541,True,False,wall,70.0,64.0,-10.0
4236,347995,59.0,3,47,0.061617,1.9577,True,False,wall,30.0,39.0,-10.0
4237,348102,196.0,12,107,0.061601,1.9807,True,False,body,120.0,86.0,-10.0
4238,348212,174.0,9,110,0.061585,1.9857,True,False,body,90.0,94.0,-10.0
4239,348398,312.0,17,186,0.061558,2.0611,True,False,body,170.0,152.0,-10.0
4240,348411,11.0,1,13,0.061557,1.5862,True,False,wall,10.0,11.0,-10.0
4241,348636,394.0,22,225,0.061524,2.3332,True,False,body,220.0,184.0,-10.0
4242,349008,594.0,31,372,0.061471,1.9016,True,False,body,310.0,294.0,-10.0
4243,349166,241.0,12,158,0.061448,1.8948,True,False,wall,120.0,131.0,-10.0
4244,349395,371.0,21,229,0.061415,2.0063,True,False,body,210.0,171.0,-10.0
4245,349423,51.0,4,28,0.061411,1.8771,True,False,wall,40.0,21.0,-10.0
4246,349771,574.0,31,348,0.061362,2.0466,True,False,body,310.0,274.0,-10.0
4247,349919,203.0,10,148,0.061341,1.8792,True,False,wall,100.0,113.0,-10.0
4248,349981,114.0,7,62,0.061332,1.9052,True,False,body,70.0,54.0,-10.0
4249,350234,427.0,23,253,0.061296,1.9891,True,False,wall,230.0,207.0,-10.0
4250,350476,403.0,22,242,0.061262,1.9026,True,False,wall,220.0,193.0,-10.0
4251,350590,204.0,13,114,0.061246,1.838,True,False,wall,130.0,84.0,-10.0
4252,350811,403.0,23,221,0.061215,1.927,True,False,body,230.0,183.0,-10.0
4253,350948,211.0,11,137,0.061196,4.2684,True,False,body,110.0,111.0,-10.0
4254,351309,530.0,26,361,0.061145,2.5262,True,False,body,260.0,280.0,-10.0
4255,351412,144.0,6,103,0.061131,1.9241,True,False,body,60.0,94.0,-10.0
4256,351554,249.0,14,142,0.061111,1.9106,True,False,wall,140.0,119.0,-10.0
4257,351744,311.0,18,190,0.061085,1.8892,True,False,wall,180.0,141.0,-10.0
4258,351904,239.0,12,160,0.061063,1.8611,True,False,body,120.0,129.0,-10.0
4259,351998,151.0,8,94,0.06105,2.6559,True,False,body,80.0,81.0,-10.0
4260,352020,45.0,4,22,0.061047,1.8989,True,False,body,40.0,15.0,-10.0
4261,352192,302.0,17,172,0.061023,1.9906,True,False,body,170.0,142.0,-10.0
4262,352345,231.0,13,153,0.061002,2.006,True,False,body,130.0,111.0,-10.0
4263,352390,61.0,3,45,0.060996,1.6505,True,False,wall,30.0,41.0,-10.0
4264,352492,149.0,8,102,0.060982,2.0114,True,False,wall,80.0,79.0,-10.0
4265,352634,219.0,12,142,0.060962,1.8306,True,False,body,120.0,109.0,-10.0
4266,352728,136.0,7,94,0.06095,1.7982,True,False,body,70.0,76.0,-10.0
4267,352852,205.0,12,124,0.060933,1.9696,True,False,body,120.0,95.0,-10.0
4268,353007,251.0,13,155,0.060911,1.9378,True,False,wall,130.0,131.0,-10.0
4269,353088,149.0,9,81,0.0609,1.8052,True,False,body,90.0,69.0,-10.0
4270,353222,215.0,12,134,0.060882,1.8717,True,False,body,120.0,105.0,-10.0
4271,353497,485.0,29,275,0.060845,1.9573,True,False,body,290.0,205.0,-10.0
4272,353613,183.0,10,116,0.060829,2.4305,True,False,wall,100.0,93.0,-10.0
4273,353836,373.0,19,223,0.060799,1.8639,True,False,body,190.0,193.0,-10.0
4274,353925,150.0,8,89,0.060787,2.0027,True,False,body,80.0,80.0,-10.0
4275,353999,129.0,8,74,0.060777,1.747,True,False,body,80.0,59.0,-10.0
4276,354186,309.0,17,187,0.060752,2.2677,True,False,body,170.0,149.0,-10.0
4277,354241,66.0,4,55,0.060744,3.4195,True,False,wall,40.0,36.0,-10.0
4278,354524,440.0,26,283,0.060706,2.1538,True,False,body,260.0,190.0,-10.0
4279,354719,341.0,19,195,0.06068,1.9091,True,False,body,190.0,161.0,-10.0
4280,355047,526.0,31,328,0.060637,1.8678,True,False,body,310.0,226.0,-10.0
4281,355407,567.0,28,360,0.060589,1.991,True,False,wall,280.0,297.0,-10.0
4282,355432,30.0,2,25,0.060586,2.0147,True,False,wall,20.0,20.0,-10.0
4283,355458,36.0,3,26,0.060582,2.1731,True,False,wall,30.0,16.0,-10.0
4284,355657,294.0,14,199,0.060556,1.887,True,False,wall,140.0,164.0,-10.0
4285,355897,321.0,16,240,0.060524,1.9507,True,False,wall,160.0,171.0,-10.0
4286,355968,130.0,8,71,0.060515,2.027,True,False,wall,80.0,60.0,-10.0
4287,356144,262.0,13,176,0.060492,2.0615,True,False,wall,130.0,142.0,-10.0
4288,356307,267.0,13,163,0.06047,2.0796,True,False,wall,130.0,147.0,-10.0
4289,356459,229.0,12,152,0.060451,1.8936,True,False,body,120.0,119.0,-10.0
4290,356663,331.0,16,204,0.060424,1.9408,True,False,body,160.0,181.0,-10.0
4291,356876,351.0,19,213,0.060396,2.0113,True,False,wall,190.0,171.0,-10.0
4292,356998,191.0,10,122,0.06038,1.8036,True,False,body,100.0,101.0,-10.0
4293,357134,238.0,13,136,0.060363,1.9726,True,False,body,130.0,118.0,-10.0
4294,357170,37.0,2,36,0.060358,1.7437,True,False,wall,20.0,27.0,-10.0
4295,357405,369.0,19,235,0.060328,1.8769,True,False,body,190.0,189.0,-10.0
4296,357657,353.0,16,252,0.060295,1.8582,True,False,wall,160.0,203.0,-10.0
4297,357866,320.0,18,209,0.060268,1.9402,True,False,body,180.0,150.0,-10.0
4298,358046,279.0,14,180,0.060245,1.9302,True,False,body,140.0,149.0,-10.0
4299,358080,55.0,4,34,0.060241,1.7524,True,False,body,40.0,25.0,-10.0
4300,358156,135.0,8,76,0.060231,1.8288,True,False,body,80.0,65.0,-10.0
4301,358182,27.0,2,26,0.060228,3.4324,True,False,wall,20.0,17.0,-10.0
4302,358255,112.0,6,73,0.060219,2.5193,True,False,body,60.0,62.0,-10.0
4303,358301,87.0,6,46,0.060213,2.3862,True,False,wall,60.0,37.0,-10.0
4304,358399,160.0,9,98,0.0602,2.2523,True,False,wall,90.0,80.0,-10.0
4305,358790,634.0,32,391,0.06015,1.7958,True,False,body,320.0,324.0,-10.0
4306,358915,181.0,9,125,0.060135,1.6679,True,False,wall,90.0,101.0,-10.0
4307,358978,115.0,7,63,0.060127,2.3936,True,False,wall,70.0,55.0,-10.0
4308,359257,392.0,22,279,0.060091,1.8679,True,False,body,220.0,182.0,-10.0
4309,359523,437.0,22,266,0.060058,1.9818,True,False,body,220.0,227.0,-10.0
4310,359625,184.0,11,102,0.060045,1.8759,True,False,wall,110.0,84.0,-10.0
4311,359847,362.0,19,222,0.060017,1.8721,True,False,wall,190.0,182.0,-10.0
4312,360220,623.0,33,373,0.059971,1.9152,True,False,body,330.0,303.0,-10.0
4313,360393,316.0,18,173,0.059949,2.1358,True,False,body,180.0,146.0,-10.0
4314,360431,54.0,3,38,0.059944,1.9811,True,False,wall,30.0,34.0,-10.0
4315,360903,681.0,32,472,0.059886,1.8917,True,False,body,320.0,371.0,-10.0
4316,361056,238.0,12,153,0.059867,3.0778,True,False,body,120.0,128.0,-10.0
4317,361129,105.0,5,73,0.059858,1.7544,True,False,wall,50.0,65.0,-10.0
4318,361268,221.0,11,139,0.059841,1.7744,True,False,wall,110.0,121.0,-10.0
4319,361313,88.0,6,45,0.059835,2.1964,True,False,body,60.0,38.0,-10.0
4320,361366,85.0,5,53,0.059829,1.957,True,False,wall,50.0,45.0,-10.0
4321,361460,136.0,9,94,0.059817,1.9053,True,False,wall,90.0,56.0,-10.0
4322,361760,476.0,25,300,0.059781,1.845,True,False,body,250.0,236.0,-10.0
4323,361815,103.0,7,55,0.059774,2.0509,True,False,wall,70.0,43.0,-10.0
4324,362058,403.0,21,243,0.059744,2.1946,True,False,body,210.0,203.0,-10.0
4325,362309,423.0,23,251,0.059714,1.8506,True,False,wall,230.0,203.0,-10.0
4326,362475,260.0,13,166,0.059694,1.806,True,False,wall,130.0,140.0,-10.0
4327,362611,266.0,17,136,0.059677,1.768,True,False,body,170.0,106.0,-10.0
4328,362950,578.0,32,339,0.059636,1.7721,True,False,body,320.0,268.0,-10.0
4329,363237,494.0,26,287,0.059602,1.9907,True,False,body,260.0,244.0,-10.0
4330,363520,469.0,25,283,0.059568,1.9281,True,False,body,250.0,229.0,-10.0
4331,363650,237.0,14,130,0.059552,2.121,True,False,wall,140.0,107.0,-10.0
4332,363971,495.0,25,321,0.059514,1.855,True,False,body,250.0,255.0,-10.0
4333,364073,168.0,9,102,0.059502,2.1064,True,False,body,90.0,88.0,-10.0
4334,364088,11.0,1,15,0.0595,2.0786,True,False,wall,10.0,11.0,-10.0
4335,364308,372.0,19,220,0.059474,1.8259,True,False,wall,190.0,192.0,-10.0
4336,364486,283.0,14,178,0.059453,1.7889,True,False,wall,140.0,153.0,-10.0
4337,364847,533.0,27,361,0.05941,2.0262,True,False,body,270.0,273.0,-10.0
4338,364927,149.0,10,80,0.059401,2.0049,True,False,body,100.0,59.0,-10.0
4339,365287,509.0,28,360,0.059359,1.9804,True,False,body,280.0,239.0,-10.0
4340,365353,103.0,6,66,0.059351,1.8019,True,False,wall,60.0,53.0,-10.0
4341,365495,236.0,13,142,0.059334,1.8675,True,False,body,130.0,116.0,-10.0
4342,365579,117.0,6,84,0.059325,1.9691,True,False,wall,60.0,67.0,-10.0
4343,365651,133.0,8,72,0.059316,1.9285,True,False,wall,80.0,63.0,-10.0
4344,365956,487.0,25,305,0.059281,1.891,True,False,wall,250.0,247.0,-10.0
4345,366043,155.0,9,87,0.059271,1.8031,True,False,wall,90.0,75.0,-10.0
4346,366297,443.0,24,254,0.059241,2.1881,True,False,body,240.0,213.0,-10.0
4347,366377,135.0,8,80,0.059232,2.2164,True,False,body,80.0,65.0,-10.0
4348,366607,380.0,21,230,0.059206,2.1245,True,False,body,210.0,180.0,-10.0
4349,366790,274.0,14,183,0.059185,1.8898,True,False,body,140.0,144.0,-10.0
4350,366856,121.0,8,66,0.059177,1.8327,True,False,body,80.0,51.0,-10.0
4351,367056,372.0,21,200,0.059154,1.9034,True,False,body,210.0,172.0,-10.0
4352,367235,269.0,13,179,0.059134,2.1115,True,False,body,130.0,149.0,-10.0
4353,367387,242.0,13,152,0.059116,2.0102,True,False,body,130.0,122.0,-10.0
4354,367543,290.0,17,156,0.059098,2.2907,True,False,wall,170.0,130.0,-10.0
4355,368034,756.0,38,491,0.059043,2.0002,True,False,body,380.0,386.0,-10.0
4356,368478,675.0,34,444,0.058993,1.9927,True,False,wall,340.0,345.0,-10.0
4357,368725,407.0,21,247,0.058965,1.9458,True,False,wall,210.0,207.0,-10.0
4358,368737,10.0,1,12,0.058964,1.9343,True,False,wall,10.0,10.0,-10.0
4359,368889,244.0,13,152,0.058947,1.8875,True,False,body,130.0,124.0,-10.0
4360,368989,195.0,12,100,0.058936,1.9078,True,False,wall,120.0,85.0,-10.0
4361,369194,351.0,19,205,0.058913,1.9817,True,False,body,190.0,171.0,-10.0
4362,369282,158.0,9,88,0.058903,1.9074,True,False,wall,90.0,78.0,-10.0
4363,369366,139.0,8,84,0.058893,1.9194,True,False,wall,80.0,69.0,-10.0
4364,369463,159.0,9,97,0.058883,1.9482,True,False,wall,90.0,79.0,-10.0
4365,369647,347.0,20,184,0.058862,1.9366,True,False,wall,200.0,157.0,-10.0
4366,369898,455.0,27,251,0.058835,2.0844,True,False,body,270.0,195.0,-10.0
4367,370025,236.0,14,127,0.058821,2.1833,True,False,wall,140.0,106.0,-10.0
4368,370052,34.0,2,27,0.058818,1.9626,True,False,wall,20.0,24.0,-10.0
4369,370178,198.0,11,126,0.058804,2.0064,True,False,body,110.0,98.0,-10.0
4370,370490,509.0,28,312,0.058769,2.0623,True,False,body,280.0,239.0,-10.0
4371,370602,190.0,11,112,0.058757,1.7723,True,False,wall,110.0,90.0,-10.0
4372,370710,192.0,11,108,0.058745,1.8445,True,False,wall,110.0,92.0,-10.0
4373,370810,156.0,9,100,0.058734,1.9579,True,False,body,90.0,76.0,-10.0
4374,370953,237.0,13,143,0.058719,2.0213,True,False,body,130.0,117.0,-10.0
4375,371017,103.0,6,64,0.058712,2.5595,True,False,wall,60.0,53.0,-10.0
4376,371089,107.0,6,72,0.058704,2.2264,True,False,wall,60.0,57.0,-10.0
4377,371155,92.0,5,66,0.058697,2.014,True,False,body,50.0,52.0,-10.0
4378,371309,286.0,17,154,0.05868,2.209,True,False,body,170.0,126.0,-10.0
4379,371352,55.0,3,43,0.058675,1.9419,True,False,body,30.0,35.0,-10.0
4380,371678,546.0,29,326,0.05864,1.8981,True,False,body,290.0,266.0,-10.0
4381,371783,191.0,11,105,0.058629,1.8987,True,False,wall,110.0,91.0,-10.0
4382,371908,221.0,13,125,0.058615,1.9721,True,False,body,130.0,101.0,-10.0
4383,371932,34.0,3,24,0.058613,1.9031,True,False,body,30.0,14.0,-10.0
4384,372027,146.0,8,95,0.058603,1.7543,True,False,wall,80.0,76.0,-10.0
4385,372328,483.0,25,301,0.05857,1.921,True,False,body,250.0,243.0,-10.0
4386,372354,31.0,2,26,0.058567,1.6861,True,False,wall,20.0,21.0,-10.0
4387,372645,439.0,23,291,0.058536,1.9203,True,False,body,230.0,219.0,-10.0
4388,373014,546.0,28,369,0.058497,1.9635,True,False,body,280.0,276.0,-10.0
4389,373308,454.0,23,294,0.058466,1.9768,True,False,body,230.0,234.0,-10.0
4390,373469,271.0,15,161,0.058449,1.9654,True,False,body,150.0,131.0,-10.0
4391,373761,421.0,22,292,0.058418,1.9297,True,False,body,220.0,211.0,-10.0
4392,373880,199.0,11,119,0.058406,1.8955,True,False,wall,110.0,99.0,-10.0
4393,373895,29.0,3,15,0.058404,2.4719,True,False,body,30.0,9.0,-10.0
4394,374117,386.0,21,222,0.058381,2.0154,True,False,wall,210.0,186.0,-10.0
4395,374351,425.0,24,234,0.058356,1.805,True,False,body,240.0,195.0,-10.0
4396,374432,140.0,8,81,0.058348,1.8635,True,False,body,80.0,70.0,-10.0
4397,374448,3.0,0,16,0.058346,1.6654,True,False,wall,0.0,13.0,-10.0
4398,374466,25.0,2,18,0.058344,1.804,True,False,wall,20.0,15.0,-10.0
4399,374685,361.0,19,219,0.058321,2.3612,True,False,body,190.0,181.0,-10.0
4400,374806,183.0,11,121,0.058309,1.9323,True,False,body,110.0,83.0,-10.0
4401,374862,90.0,5,56,0.058303,1.9223,True,False,wall,50.0,50.0,-10.0
4402,374984,236.0,15,122,0.05829,1.9768,True,False,wall,150.0,96.0,-10.0
4403,375001,15.0,1,17,0.058289,2.0697,True,False,wall,10.0,15.0,-10.0
4404,375389,609.0,32,388,0.058249,1.8835,True,False,wall,320.0,299.0,-10.0
4405,375592,358.0,20,203,0.058228,1.83,True,False,body,200.0,168.0,-10.0
4406,375786,328.0,19,194,0.058208,2.3823,True,False,wall,190.0,148.0,-10.0
4407,375831,59.0,3,45,0.058203,1.8906,True,False,wall,30.0,39.0,-10.0
4408,376130,478.0,26,299,0.058172,1.9443,True,False,wall,260.0,228.0,-10.0
4409,376306,301.0,16,176,0.058154,1.9726,True,False,body,160.0,151.0,-10.0
4410,376412,192.0,11,106,0.058144,2.1849,True,False,body,110.0,92.0,-10.0
4411,376426,21.0,2,14,0.058142,1.669,True,False,wall,20.0,11.0,-10.0
4412,376571,235.0,13,145,0.058128,1.9154,True,False,wall,130.0,115.0,-10.0
4413,376626,94.0,6,55,0.058122,1.9804,True,False,body,60.0,44.0,-10.0
4414,376791,309.0,19,165,0.058105,1.8461,True,False,wall,190.0,129.0,-10.0
4415,377012,345.0,19,221,0.058083,2.3016,True,False,body,190.0,165.0,-10.0
4416,377424,637.0,32,412,0.058041,2.0996,True,False,body,320.0,327.0,-10.0
4417,377674,388.0,19,250,0.058016,1.9649,True,False,body,190.0,208.0,-10.0
4418,377700,51.0,4,26,0.058014,1.8944,True,False,body,40.0,21.0,-10.0
4419,377825,212.0,12,125,0.058001,1.7548,True,False,body,120.0,102.0,-10.0
4420,377965,249.0,14,140,0.057987,1.8978,True,False,body,140.0,119.0,-10.0
4421,378122,285.0,17,157,0.057971,1.9085,True,False,body,170.0,125.0,-10.0
4422,378265,254.0,16,143,0.057957,2.1668,True,False,wall,160.0,104.0,-10.0
4423,378602,553.0,27,337,0.057924,1.9239,True,False,body,270.0,293.0,-10.0
4424,378644,41.0,2,42,0.05792,1.9168,True,False,wall,20.0,31.0,-10.0
4425,378699,98.0,6,55,0.057914,1.7837,True,False,wall,60.0,48.0,-10.0
4426,379033,515.0,28,334,0.057881,1.8541,True,False,body,280.0,245.0,-10.0
4427,379294,448.0,24,261,0.057856,1.9529,True,False,body,240.0,218.0,-10.0
4428,379350,72.0,3,56,0.05785,1.9692,True,False,wall,30.0,52.0,-10.0
4429,379778,640.0,31,428,0.057808,1.9761,True,False,body,310.0,340.0,-10.0
4430,379897,156.0,8,119,0.057797,2.0777,True,False,body,80.0,86.0,-10.0
4431,380011,178.0,9,114,0.057785,2.0165,True,False,body,90.0,98.0,-10.0
4432,380167,243.0,12,156,0.05777,2.0866,True,False,body,120.0,133.0,-10.0
4433,380329,299.0,18,162,0.057755,2.2,True,False,body,180.0,129.0,-10.0
4434,380372,89.0,7,43,0.05775,1.8954,True,False,body,70.0,29.0,-10.0
4435,380666,461.0,24,294,0.057722,2.1778,True,False,body,240.0,231.0,-10.0
4436,380768,202.0,13,102,0.057712,1.9933,True,False,body,130.0,82.0,-10.0
4437,381050,454.0,23,282,0.057685,2.0259,True,False,body,230.0,234.0,-10.0
4438,381171,203.0,11,121,0.057673,2.0257,True,False,wall,110.0,103.0,-10.0
4439,381355,321.0,18,184,0.057656,1.9755,True,False,body,180.0,151.0,-10.0
4440,381391,50.0,3,36,0.057652,1.7374,True,False,wall,30.0,30.0,-10.0
4441,381731,570.0,29,340,0.05762,1.9339,True,False,body,290.0,290.0,-10.0
4442,381814,136.0,8,83,0.057612,2.0595,True,False,wall,80.0,66.0,-10.0
4443,381883,97.0,5,69,0.057605,2.0257,True,False,wall,50.0,57.0,-10.0
4444,381955,116.0,7,72,0.057599,1.8282,True,False,wall,70.0,56.0,-10.0
4445,382083,195.0,10,128,0.057586,1.9371,True,False,wall,100.0,105.0,-10.0
4446,382260,283.0,15,177,0.05757,1.9489,True,False,body,150.0,143.0,-10.0
4447,382607,554.0,30,347,0.057537,1.9132,True,False,body,300.0,264.0,-10.0
4448,382762,247.0,13,155,0.057522,2.7152,True,False,wall,130.0,127.0,-10.0
4449,382881,183.0,9,119,0.057511,1.8904,True,False,body,90.0,103.0,-10.0
4450,382964,142.0,8,83,0.057503,2.3326,True,False,wall,80.0,72.0,-10.0
4451,382984,45.0,4,20,0.057501,1.8409,True,False,body,40.0,15.0,-10.0
4452,383170,316.0,17,186,0.057484,1.7767,True,False,body,170.0,156.0,-10.0
4453,383217,77.0,5,47,0.05748,1.9436,True,False,body,50.0,37.0,-10.0
4454,383262,62.0,4,45,0.057475,1.9409,True,False,body,40.0,32.0,-10.0
4455,383307,79.0,5,45,0.057471,2.0329,True,False,wall,50.0,39.0,-10.0
4456,383384,141.0,9,77,0.057464,2.0549,True,False,wall,90.0,61.0,-10.0
4457,383425,76.0,6,41,0.05746,1.8593,True,False,body,60.0,26.0,-10.0
4458,383633,348.0,19,208,0.057441,1.9199,True,False,body,190.0,168.0,-10.0
4459,383698,104.0,6,65,0.057435,2.0367,True,False,wall,60.0,54.0,-10.0
4460,383766,129.0,8,68,0.057428,1.876,True,False,wall,80.0,59.0,-10.0
4461,383841,121.0,7,75,0.057422,1.8422,True,False,body,70.0,61.0,-10.0
4462,383995,272.0,17,154,0.057407,1.7902,True,False,body,170.0,112.0,-10.0
4463,384011,23.0,2,16,0.057406,1.7767,True,False,wall,20.0,13.0,-10.0
4464,384200,309.0,17,189,0.057388,1.9618,True,False,wall,170.0,149.0,-10.0
4465,384271,126.0,8,71,0.057382,1.9763,True,False,body,80.0,56.0,-10.0
4466,384394,206.0,12,123,0.05737,1.9046,True,False,wall,120.0,96.0,-10.0
4467,384486,147.0,8,92,0.057362,1.9978,True,False,body,80.0,77.0,-10.0
4468,384621,233.0,13,135,0.057349,2.0948,True,False,wall,130.0,113.0,-10.0
4469,384735,190.0,11,114,0.057339,2.2935,True,False,wall,110.0,90.0,-10.0
4470,385026,419.0,21,291,0.057312,1.9926,True,False,body,210.0,219.0,-10.0
4471,385469,686.0,36,443,0.057272,2.2281,True,False,wall,360.0,336.0,-10.0
4472,385553,122.0,7,84,0.057264,1.8652,True,False,body,70.0,62.0,-10.0
4473,385712,251.0,13,159,0.05725,2.1249,True,False,body,130.0,131.0,-10.0
4474,385732,25.0,2,20,0.057248,2.2837,True,False,wall,20.0,15.0,-10.0
4475,386094,555.0,30,362,0.057215,1.981,True,False,body,300.0,265.0,-10.0
4476,386312,379.0,22,218,0.057196,1.8789,True,False,body,220.0,169.0,-10.0
4477,386597,477.0,27,285,0.05717,2.0994,True,False,body,270.0,217.0,-10.0
4478,386764,253.0,13,167,0.057155,2.0189,True,False,wall,130.0,133.0,-10.0
4479,386902,234.0,13,138,0.057143,1.9749,True,False,wall,130.0,114.0,-10.0
4480,386998,151.0,8,96,0.057134,1.9406,True,False,wall,80.0,81.0,-10.0
4481,387270,461.0,26,272,0.05711,1.9375,True,False,body,260.0,211.0,-10.0
4482,387615,478.0,26,345,0.05708,1.9954,True,False,body,260.0,228.0,-10.0
4483,387625,-1.0,0,10,0.057079,1.7278,True,False,wall,0.0,9.0,-10.0
4484,387709,123.0,6,84,0.057071,2.0701,True,False,wall,60.0,73.0,-10.0
4485,387861,243.0,12,152,0.057058,2.3097,True,False,wall,120.0,133.0,-10.0
4486,387995,225.0,12,134,0.057046,2.7512,True,False,wall,120.0,115.0,-10.0
4487,388087,147.0,8,92,0.057038,2.3612,True,False,body,80.0,77.0,-10.0
4488,388139,82.0,5,52,0.057033,1.8665,True,False,wall,50.0,42.0,-10.0
4489,388520,628.0,34,381,0.057,1.958,True,False,wall,340.0,298.0,-10.0
4490,388684,271.0,14,164,0.056986,2.0165,True,False,body,140.0,141.0,-10.0
4491,388763,136.0,8,79,0.056979,2.1265,True,False,body,80.0,66.0,-10.0
4492,388812,99.0,7,49,0.056974,1.9799,True,False,body,70.0,39.0,-10.0
4493,389234,610.0,31,422,0.056938,2.0344,True,False,body,310.0,310.0,-10.0
4494,389251,22.0,2,17,0.056936,2.0972,True,False,wall,20.0,12.0,-10.0
4495,389281,37.0,2,30,0.056934,2.1269,True,False,wall,20.0,27.0,-10.0
4496,389449,299.0,18,168,0.056919,1.8666,True,False,wall,180.0,129.0,-10.0
4497,389531,137.0,8,82,0.056912,2.0456,True,False,wall,80.0,67.0,-10.0
4498,389607,100.0,5,76,0.056905,1.973,True,False,wall,50.0,60.0,-10.0
4499,389708,160.0,8,101,0.056897,2.2052,True,False,wall,80.0,90.0,-10.0
4500,389759,90.0,6,51,0.056892,2.0995,True,False,body,60.0,40.0,-10.0
4501,389971,342.0,19,212,0.056874,2.085,True,False,wall,190.0,162.0,-10.0
4502,390129,264.0,15,158,0.056861,1.8382,True,False,wall,150.0,124.0,-10.0
4503,390385,422.0,21,256,0.056839,2.0536,True,False,wall,210.0,222.0,-10.0
4504,390568,311.0,17,183,0.056823,1.9262,True,False,body,170.0,151.0,-10.0
4505,391126,805.0,42,558,0.056776,2.1645,True,False,body,420.0,395.0,-10.0
4506,391222,202.0,13,96,0.056767,2.0738,True,False,body,130.0,82.0,-10.0
4507,391244,18.0,1,22,0.056766,2.6267,True,False,wall,10.0,18.0,-10.0
4508,391590,526.0,27,346,0.056736,2.2118,True,False,body,270.0,266.0,-10.0
4509,391797,335.0,17,207,0.056719,1.9574,True,False,body,170.0,175.0,-10.0
4510,392073,445.0,24,276,0.056696,2.0373,True,False,body,240.0,215.0,-10.0
4511,392223,259.0,14,150,0.056683,1.909,True,False,wall,140.0,129.0,-10.0
4512,392757,795.0,40,534,0.056639,2.0018,True,False,body,400.0,405.0,-10.0
4513,392850,142.0,8,93,0.056631,2.3151,True,False,body,80.0,72.0,-10.0
4514,393021,265.0,13,171,0.056617,2.1698,True,False,wall,130.0,145.0,-10.0
4515,393079,108.0,7,58,0.056612,1.8599,True,False,body,70.0,48.0,-10.0
4516,393142,133.0,9,63,0.056607,1.8939,True,False,wall,90.0,53.0,-10.0
4517,393379,428.0,24,237,0.056587,2.2063,True,False,body,240.0,198.0,-10.0
4518,393818,644.0,34,439,0.056551,1.9052,True,False,body,340.0,314.0,-10.0
4519,393889,101.0,5,71,0.056546,1.8636,True,False,body,50.0,61.0,-10.0
4520,394239,566.0,29,350,0.056517,2.2409,True,False,body,290.0,286.0,-10.0
4521,394331,129.0,6,92,0.056509,2.0748,True,False,wall,60.0,79.0,-10.0
4522,394554,384.0,22,223,0.056491,2.1181,True,False,body,220.0,174.0,-10.0
4523,394773,352.0,20,219,0.056474,1.904,True,False,body,200.0,162.0,-10.0
4524,394809,50.0,3,36,0.056471,1.6818,True,False,body,30.0,30.0,-10.0
4525,395049,413.0,22,240,0.056451,2.0767,True,False,body,220.0,203.0,-10.0
4526,395263,326.0,21,214,0.056434,1.984,True,False,body,210.0,126.0,-10.0
4527,395417,243.0,12,154,0.056422,1.949,True,False,body,120.0,133.0,-10.0
4528,395472,76.0,4,55,0.056417,2.0302,True,False,body,40.0,46.0,-10.0
4529,395547,123.0,7,75,0.056411,2.1634,True,False,wall,70.0,63.0,-10.0
4530,395651,157.0,10,104,0.056403,2.2475,True,False,body,100.0,67.0,-10.0
4531,395664,11.0,1,13,0.056402,1.792,True,False,wall,10.0,11.0,-10.0
4532,395717,88.0,6,53,0.056398,1.8971,True,False,body,60.0,38.0,-10.0
4533,395758,57.0,3,41,0.056394,2.0135,True,False,wall,30.0,37.0,-10.0
4534,395833,143.0,9,75,0.056388,2.2409,True,False,body,90.0,63.0,-10.0
4535,396060,390.0,22,227,0.05637,2.1462,True,False,wall,220.0,180.0,-10.0
4536,396247,306.0,18,187,0.056355,2.0748,True,False,body,180.0,136.0,-10.0
4537,396331,150.0,9,84,0.056349,2.2921,True,False,wall,90.0,70.0,-10.0
4538,396579,394.0,19,248,0.056329,2.2131,True,False,wall,190.0,214.0,-10.0
4539,396981,613.0,32,402,0.056297,2.056,True,False,body,320.0,303.0,-10.0
4540,397109,220.0,13,128,0.056287,2.0959,True,False,body,130.0,100.0,-10.0
4541,397208,183.0,11,99,0.05628,2.2732,True,False,wall,110.0,83.0,-10.0
4542,397353,264.0,16,145,0.056268,2.1332,True,False,body,160.0,114.0,-10.0
4543,397545,333.0,18,192,0.056253,2.1108,True,False,wall,180.0,163.0,-10.0
4544,397675,224.0,13,130,0.056243,2.1171,True,False,body,130.0,104.0,-10.0
4545,397873,338.0,17,198,0.056228,2.1357,True,False,body,170.0,178.0,-10.0
4546,398073,355.0,20,200,0.056212,1.9837,True,False,wall,200.0,165.0,-10.0
4547,398428,545.0,29,355,0.056184,1.984,True,False,body,290.0,265.0,-10.0
4548,398593,281.0,15,165,0.056172,2.0097,True,False,body,150.0,141.0,-10.0
4549,398751,301.0,18,158,0.05616,2.2567,True,False,wall,180.0,131.0,-10.0
4550,399174,654.0,34,423,0.056127,2.1669,True,False,wall,340.0,324.0,-10.0
4551,399203,28.0,2,29,0.056125,2.9779,True,False,wall,20.0,18.0,-10.0
4552,399236,41.0,3,33,0.056122,2.7948,True,False,body,30.0,21.0,-10.0
4553,399637,590.0,28,401,0.056092,2.265,True,False,body,280.0,320.0,-10.0
4554,399902,413.0,23,265,0.056072,1.9971,True,False,wall,230.0,193.0,-10.0
4555,399966,112.0,7,64,0.056067,1.9898,True,False,body,70.0,52.0,-10.0
4556,400235,380.0,20,269,0.056046,2.0975,True,False,body,200.0,190.0,-10.0
4557,400435,304.0,15,200,0.056031,2.3173,True,False,body,150.0,164.0,-10.0
4558,400584,274.0,16,149,0.05602,2.1966,True,False,wall,160.0,124.0,-10.0
4559,400681,156.0,8,97,0.056013,2.0602,True,False,body,80.0,86.0,-10.0
4560,400828,243.0,13,147,0.056002,2.1894,True,False,body,130.0,123.0,-10.0
4561,401062,376.0,19,234,0.055984,1.9944,True,False,body,190.0,196.0,-10.0
4562,401212,231.0,12,150,0.055973,2.1036,True,False,body,120.0,121.0,-10.0
4563,401493,465.0,25,281,0.055952,2.0966,True,False,body,250.0,225.0,-10.0
4564,401545,62.0,3,52,0.055948,1.8366,True,False,wall,30.0,42.0,-10.0
4565,401686,230.0,12,141,0.055938,1.9461,True,False,body,120.0,120.0,-10.0
4566,401729,62.0,4,43,0.055934,2.1598,True,False,wall,40.0,32.0,-10.0
4567,402035,494.0,25,306,0.055912,2.0514,True,False,body,250.0,254.0,-10.0
4568,402114,108.0,6,79,0.055906,2.2925,True,False,body,60.0,58.0,-10.0
4569,402355,399.0,21,241,0.055888,2.4562,True,False,wall,210.0,199.0,-10.0
4570,402550,317.0,17,195,0.055874,2.0978,True,False,body,170.0,157.0,-10.0
4571,402742,348.0,19,192,0.05586,1.9512,True,False,body,190.0,168.0,-10.0
4572,403011,448.0,24,269,0.05584,2.1107,True,False,body,240.0,218.0,-10.0
4573,403157,240.0,13,146,0.05583,2.5137,True,False,body,130.0,120.0,-10.0
4574,403319,252.0,13,162,0.055818,2.0724,True,False,body,130.0,132.0,-10.0
4575,403394,123.0,7,75,0.055812,2.4142,True,False,body,70.0,63.0,-10.0
4576,403667,451.0,23,273,0.055792,2.0903,True,False,wall,230.0,231.0,-10.0
4577,403920,400.0,22,253,0.055774,2.1256,True,False,body,220.0,190.0,-10.0
4578,404044,221.0,12,124,0.055765,2.1767,True,False,body,120.0,111.0,-10.0
4579,404095,85.0,5,51,0.055762,2.0114,True,False,body,50.0,45.0,-10.0
4580,404312,357.0,19,217,0.055746,1.8988,True,False,body,190.0,177.0,-10.0
4581,404562,397.0,22,250,0.055728,2.079,True,False,wall,220.0,187.0,-10.0
4582,404622,99.0,6,60,0.055724,2.2016,True,False,wall,60.0,49.0,-10.0
4583,404744,211.0,12,122,0.055715,2.7935,True,False,body,120.0,101.0,-10.0
4584,404806,112.0,7,62,0.055711,2.2456,True,False,body,70.0,52.0,-10.0
4585,405081,451.0,25,275,0.055691,2.1965,True,False,wall,250.0,211.0,-10.0
4586,405402,522.0,28,321,0.055668,2.1587,True,False,body,280.0,252.0,-10.0
4587,405650,403.0,22,248,0.055651,2.2129,True,False,body,220.0,193.0,-10.0
4588,405743,122.0,6,93,0.055644,1.8641,True,False,body,60.0,72.0,-10.0
4589,405788,79.0,5,45,0.055641,1.9972,True,False,body,50.0,39.0,-10.0
4590,405801,11.0,1,13,0.05564,2.6027,True,False,wall,10.0,11.0,-10.0
4591,405889,132.0,7,88,0.055634,2.2486,True,False,wall,70.0,72.0,-10.0
4592,406261,572.0,31,372,0.055608,2.0462,True,False,body,310.0,272.0,-10.0
4593,406275,12.0,1,14,0.055607,2.148,True,False,wall,10.0,12.0,-10.0
4594,406577,532.0,31,302,0.055586,2.1391,True,False,body,310.0,232.0,-10.0
4595,406933,577.0,32,356,0.055561,1.9926,True,False,body,320.0,267.0,-10.0
4596,406965,53.0,4,32,0.055559,2.4353,True,False,body,40.0,23.0,-10.0
4597,407111,236.0,13,146,0.055548,2.1322,True,False,body,130.0,116.0,-10.0
4598,407585,693.0,38,474,0.055516,2.107,True,False,body,380.0,323.0,-10.0
4599,407682,143.0,7,97,0.055509,2.0897,True,False,body,70.0,83.0,-10.0
4600,407844,271.0,14,162,0.055498,2.1471,True,False,body,140.0,141.0,-10.0
4601,407916,131.0,8,72,0.055493,1.9787,True,False,wall,80.0,61.0,-10.0
4602,408118,325.0,16,202,0.055479,2.0996,True,False,body,160.0,175.0,-10.0
4603,408265,229.0,13,147,0.055469,1.9386,True,False,body,130.0,109.0,-10.0
4604,408386,181.0,9,121,0.055461,2.2641,True,False,body,90.0,101.0,-10.0
4605,408792,615.0,34,406,0.055433,1.9809,True,False,body,340.0,285.0,-10.0
4606,408948,273.0,16,156,0.055422,2.3414,True,False,body,160.0,123.0,-10.0
4607,409072,188.0,11,124,0.055414,2.1269,True,False,wall,110.0,88.0,-10.0
4608,409395,546.0,28,323,0.055392,2.1118,True,False,body,280.0,276.0,-10.0
4609,409724,509.0,25,329,0.05537,2.0242,True,False,body,250.0,269.0,-10.0
4610,409943,339.0,17,219,0.055355,2.0286,True,False,wall,170.0,179.0,-10.0
4611,410192,388.0,20,249,0.055339,2.203,True,False,wall,200.0,198.0,-10.0
4612,410200,-3.0,0,8,0.055338,2.3982,True,False,wall,0.0,7.0,-10.0
4613,410580,612.0,35,380,0.055313,2.0588,True,False,body,350.0,272.0,-10.0
4614,410639,107.0,7,59,0.055309,1.9196,True,False,body,70.0,47.0,-10.0
4615,410816,267.0,13,177,0.055297,2.1314,True,False,body,130.0,147.0,-10.0
4616,410946,226.0,13,130,0.055289,2.0794,True,False,wall,130.0,106.0,-10.0
4617,410976,46.0,3,30,0.055287,2.4667,True,False,wall,30.0,26.0,-10.0
4618,411064,136.0,7,88,0.055281,2.2876,True,False,body,70.0,76.0,-10.0
4619,411228,298.0,17,164,0.05527,2.4021,True,False,wall,170.0,138.0,-10.0
4620,411432,306.0,15,204,0.055257,2.2197,True,False,body,150.0,166.0,-10.0
4621,411613,273.0,13,181,0.055245,2.2178,True,False,body,130.0,153.0,-10.0
4622,411955,538.0,27,342,0.055222,2.2543,True,False,body,270.0,278.0,-10.0
4623,412420,763.0,43,465,0.055192,1.9924,True,False,body,430.0,343.0,-10.0
4624,412611,328.0,20,191,0.05518,2.1482,True,False,wall,200.0,138.0,-10.0
4625,412764,255.0,15,153,0.05517,2.3466,True,False,body,150.0,115.0,-10.0
4626,412856,143.0,8,92,0.055164,2.5487,True,False,body,80.0,73.0,-10.0
4627,413000,260.0,15,144,0.055155,1.9239,True,False,body,150.0,120.0,-10.0
4628,413242,387.0,22,242,0.055139,2.1058,True,False,body,220.0,177.0,-10.0
4629,413354,191.0,12,112,0.055132,2.0209,True,False,body,120.0,81.0,-10.0
4630,413451,157.0,9,97,0.055126,1.9254,True,False,wall,90.0,77.0,-10.0
4631,413800,598.0,32,349,0.055103,2.0852,True,False,wall,320.0,288.0,-10.0
4632,414107,493.0,25,307,0.055084,2.1106,True,False,body,250.0,253.0,-10.0
4633,414304,316.0,16,197,0.055071,2.012,True,False,body,160.0,166.0,-10.0
4634,414406,152.0,9,102,0.055065,2.1155,True,False,body,90.0,72.0,-10.0
4635,414767,524.0,28,361,0.055042,2.0942,True,False,body,280.0,254.0,-10.0
4636,414889,170.0,7,122,0.055034,1.9751,True,False,wall,70.0,110.0,-10.0
4637,415268,575.0,29,379,0.055011,2.1036,True,False,body,290.0,295.0,-10.0
4638,415601,522.0,28,333,0.05499,2.0515,True,False,body,280.0,252.0,-10.0
4639,415883,445.0,24,282,0.054972,2.5004,True,False,body,240.0,215.0,-10.0
4640,415988,212.0,14,105,0.054966,2.3571,True,False,wall,140.0,82.0,-10.0
4641,416174,272.0,13,186,0.054954,2.2289,True,False,wall,130.0,152.0,-10.0
4642,416447,442.0,24,273,0.054937,2.0395,True,False,body,240.0,212.0,-10.0
4643,416525,108.0,5,78,0.054932,1.994,True,False,wall,50.0,68.0,-10.0
4644,416799,456.0,25,274,0.054916,1.963,True,False,wall,250.0,216.0,-10.0
4645,416984,320.0,18,185,0.054904,2.2212,True,False,wall,180.0,150.0,-10.0
4646,417014,31.0,2,30,0.054902,2.282,True,False,wall,20.0,21.0,-10.0
4647,417133,208.0,12,119,0.054895,2.0845,True,False,body,120.0,98.0,-10.0
4648,417163,42.0,3,30,0.054893,2.2501,True,False,body,30.0,22.0,-10.0
4649,417288,222.0,12,125,0.054886,2.1426,True,False,body,120.0,112.0,-10.0
4650,417494,349.0,20,206,0.054873,2.2511,True,False,body,200.0,159.0,-10.0
4651,417635,242.0,14,141,0.054864,2.1531,True,False,body,140.0,112.0,-10.0
4652,417832,321.0,17,197,0.054853,2.1572,True,False,body,170.0,161.0,-10.0
4653,418030,285.0,14,198,0.054841,1.9382,True,False,wall,140.0,155.0,-10.0
4654,418079,81.0,5,49,0.054838,1.8075,True,False,wall,50.0,41.0,-10.0
4655,418220,236.0,14,141,0.054829,2.003,True,False,wall,140.0,106.0,-10.0
4656,418322,177.0,10,102,0.054823,1.8658,True,False,body,100.0,87.0,-10.0
4657,418405,129.0,7,83,0.054818,2.1525,True,False,wall,70.0,69.0,-10.0
4658,418660,421.0,21,255,0.054803,2.1383,True,False,body,210.0,221.0,-10.0
4659,418775,213.0,13,115,0.054796,1.977,True,False,body,130.0,93.0,-10.0
4660,419032,419.0,21,257,0.05478,1.8817,True,False,wall,210.0,219.0,-10.0
4661,419125,170.0,10,93,0.054775,2.1517,True,False,body,100.0,80.0,-10.0
4662,419310,286.0,14,185,0.054764,2.2957,True,False,body,140.0,156.0,-10.0
4663,419459,197.0,11,149,0.054755,2.314,True,False,body,110.0,97.0,-10.0
4664,419686,368.0,20,227,0.054741,2.1867,True,False,wall,200.0,178.0,-10.0
4665,419876,322.0,17,190,0.05473,2.1918,True,False,body,170.0,162.0,-10.0
4666,420075,364.0,20,199,0.054718,2.0214,True,False,body,200.0,174.0,-10.0
4667,420419,488.0,25,344,0.054698,2.0648,True,False,body,250.0,248.0,-10.0
4668,420715,473.0,26,296,0.054681,2.5549,True,False,body,260.0,223.0,-10.0
4669,420726,0.0,0,11,0.05468,1.8067,True,False,wall,0.0,10.0,-10.0
4670,420871,259.0,15,145,0.054672,2.0182,True,False,wall,150.0,119.0,-10.0
4671,421209,481.0,26,338,0.054652,2.1356,True,False,body,260.0,231.0,-10.0
4672,421460,418.0,24,251,0.054637,1.994,True,False,wall,240.0,188.0,-10.0
4673,421620,222.0,11,160,0.054628,2.373,True,False,body,110.0,122.0,-10.0
4674,421854,385.0,24,234,0.054615,2.0256,True,False,body,240.0,155.0,-10.0
4675,421881,34.0,2,27,0.054613,1.8381,True,False,wall,20.0,24.0,-10.0
4676,422316,611.0,31,435,0.054588,1.942,True,False,body,310.0,311.0,-10.0
4677,422835,737.0,37,519,0.054558,2.1022,True,False,body,370.0,377.0,-10.0
4678,422844,7.0,1,9,0.054558,2.1038,True,False,wall,10.0,7.0,-10.0
4679,423280,614.0,31,436,0.054533,2.1214,True,False,body,310.0,314.0,-10.0
4680,423465,281.0,15,185,0.054523,2.107,True,False,body,150.0,141.0,-10.0
4681,423736,429.0,23,271,0.054507,2.3129,True,False,wall,230.0,209.0,-10.0
4682,424204,714.0,41,468,0.054481,2.0816,True,False,wall,410.0,314.0,-10.0
4683,424314,205.0,12,110,0.054475,1.9202,True,False,wall,120.0,95.0,-10.0
4684,424520,334.0,19,206,0.054463,2.2218,True,False,wall,190.0,154.0,-10.0
4685,424749,356.0,18,229,0.054451,2.237,True,False,wall,180.0,186.0,-10.0
4686,424870,193.0,11,121,0.054444,2.1816,True,False,body,110.0,93.0,-10.0
4687,424960,130.0,7,90,0.054439,2.1354,True,False,wall,70.0,70.0,-10.0
4688,425427,724.0,38,467,0.054413,2.1664,True,False,body,380.0,354.0,-10.0
4689,425606,298.0,16,179,0.054403,1.9767,True,False,body,160.0,148.0,-10.0
4690,425797,335.0,19,191,0.054393,2.1433,True,False,body,190.0,155.0,-10.0
4691,425811,21.0,2,14,0.054392,2.1533,True,False,wall,20.0,11.0,-10.0
4692,425961,259.0,14,150,0.054384,2.0715,True,False,wall,140.0,129.0,-10.0
4693,426293,573.0,30,332,0.054365,2.1094,True,False,body,300.0,283.0,-10.0
4694,426582,470.0,26,289,0.05435,2.2305,True,False,body,260.0,220.0,-10.0
4695,426775,335.0,19,193,0.054339,2.1043,True,False,body,190.0,155.0,-10.0
4696,426994,322.0,20,219,0.054327,1.9766,True,False,body,200.0,132.0,-10.0
4697,427207,347.0,17,213,0.054316,2.142,True,False,wall,170.0,187.0,-10.0
4698,427587,578.0,31,380,0.054295,2.1275,True,False,body,310.0,278.0,-10.0
4699,427644,103.0,7,57,0.054292,2.1394,True,False,body,70.0,43.0,-10.0
4700,427694,75.0,4,50,0.05429,2.1489,True,False,wall,40.0,45.0,-10.0
4701,427865,263.0,13,171,0.054281,2.146,True,False,body,130.0,143.0,-10.0
4702,428022,245.0,13,157,0.054272,2.0549,True,False,wall,130.0,125.0,-10.0
4703,428080,92.0,5,58,0.054269,1.9997,True,False,wall,50.0,52.0,-10.0
4704,428227,215.0,11,147,0.054261,2.0714,True,False,wall,110.0,115.0,-10.0
4705,428273,74.0,5,46,0.054259,2.0167,True,False,body,50.0,34.0,-10.0
4706,428654,573.0,27,381,0.054239,2.1917,True,False,body,270.0,313.0,-10.0
4707,428797,217.0,11,143,0.054231,2.0499,True,False,wall,110.0,117.0,-10.0
4708,429371,806.0,45,574,0.054201,2.0759,True,False,body,450.0,366.0,-10.0
4709,429765,591.0,30,394,0.05418,2.0621,True,False,wall,300.0,301.0,-10.0
4710,429871,170.0,9,106,0.054175,2.0287,True,False,wall,90.0,90.0,-10.0
4711,430203,482.0,27,332,0.054157,2.1749,True,False,wall,270.0,222.0,-10.0
4712,430450,407.0,21,247,0.054144,2.0219,True,False,wall,210.0,207.0,-10.0
4713,430794,532.0,27,344,0.054127,2.3327,True,False,wall,270.0,272.0,-10.0
4714,431118,467.0,24,324,0.05411,2.0188,True,False,wall,240.0,237.0,-10.0
4715,431217,192.0,12,99,0.054105,2.3008,True,False,body,120.0,82.0,-10.0
4716,431248,47.0,3,31,0.054103,2.2683,True,False,body,30.0,27.0,-10.0
4717,431415,243.0,11,167,0.054095,2.1601,True,False,wall,110.0,143.0,-10.0
4718,431535,171.0,8,120,0.054089,2.0226,True,False,body,80.0,101.0,-10.0
4719,431598,84.0,4,63,0.054085,2.1504,True,False,body,40.0,54.0,-10.0
4720,432000,642.0,35,402,0.054065,2.0806,True,False,body,350.0,302.0,-10.0
4721,432252,389.0,18,252,0.054052,2.0758,True,False,wall,180.0,219.0,-10.0
4722,432529,423.0,21,277,0.054038,2.0478,True,False,body,210.0,223.0,-10.0
4723,432715,299.0,16,186,0.054029,1.9274,True,False,body,160.0,149.0,-10.0
4724,433023,489.0,26,308,0.054013,2.5535,True,False,body,260.0,239.0,-10.0
4725,433322,563.0,33,299,0.053998,2.1597,True,False,body,330.0,243.0,-10.0
4726,433652,452.0,23,330,0.053982,2.0976,True,False,body,230.0,232.0,-10.0
4727,433751,145.0,7,99,0.053977,2.1487,True,False,body,70.0,85.0,-10.0
4728,433819,110.0,7,68,0.053974,2.1983,True,False,body,70.0,50.0,-10.0
4729,433860,55.0,3,41,0.053972,1.964,True,False,body,30.0,35.0,-10.0
4730,434171,469.0,25,311,0.053956,2.0766,True,False,wall,250.0,229.0,-10.0
4731,434390,339.0,17,219,0.053945,2.0577,True,False,wall,170.0,179.0,-10.0
4732,434598,338.0,17,208,0.053935,2.2716,True,False,body,170.0,178.0,-10.0
4733,434633,51.0,3,35,0.053933,2.0829,True,False,wall,30.0,31.0,-10.0
4734,434867,345.0,18,234,0.053922,2.231,True,False,wall,180.0,175.0,-10.0
4735,434919,62.0,3,52,0.053919,2.0773,True,False,wall,30.0,42.0,-10.0
4736,435076,253.0,15,157,0.053912,2.3536,True,False,wall,150.0,113.0,-10.0
4737,435107,38.0,2,31,0.05391,1.8804,True,False,wall,20.0,28.0,-10.0
4738,435273,296.0,17,166,0.053902,2.0133,True,False,body,170.0,136.0,-10.0
4739,435535,428.0,23,262,0.053889,2.0129,True,False,wall,230.0,208.0,-10.0
4740,435630,139.0,7,95,0.053885,2.049,True,False,body,70.0,79.0,-10.0
4741,435752,218.0,13,122,0.053879,2.0891,True,False,wall,130.0,98.0,-10.0
4742,436133,552.0,28,381,0.05386,2.1547,True,False,body,280.0,282.0,-10.0
4743,436432,472.0,24,299,0.053846,2.1061,True,False,body,240.0,242.0,-10.0
4744,436667,412.0,24,235,0.053835,2.071,True,False,body,240.0,182.0,-10.0
4745,436874,318.0,16,207,0.053825,2.3754,True,False,body,160.0,168.0,-10.0
4746,437140,392.0,21,266,0.053812,2.1394,True,False,body,210.0,192.0,-10.0
4747,437451,502.0,28,311,0.053797,2.1065,True,False,body,280.0,232.0,-10.0
4748,437776,549.0,29,325,0.053782,2.1853,True,False,wall,290.0,269.0,-10.0
4749,438074,461.0,22,298,0.053768,2.0772,True,False,body,220.0,251.0,-10.0
4750,438306,366.0,21,232,0.053757,2.0229,True,False,body,210.0,166.0,-10.0
4751,438335,57.0,5,29,0.053755,2.187,True,False,wall,50.0,17.0,-10.0
4752,438568,372.0,20,233,0.053745,2.4103,True,False,body,200.0,182.0,-10.0
4753,438610,63.0,4,42,0.053743,2.0417,True,False,wall,40.0,33.0,-10.0
4754,438639,41.0,3,29,0.053741,2.0496,True,False,wall,30.0,21.0,-10.0
4755,438726,166.0,10,87,0.053737,2.2992,True,False,wall,100.0,76.0,-10.0
4756,439120,644.0,33,394,0.053719,2.0778,True,False,body,330.0,324.0,-10.0
4757,439197,118.0,6,77,0.053715,2.0935,True,False,body,60.0,68.0,-10.0
4758,439576,549.0,29,379,0.053698,2.2079,True,False,body,290.0,269.0,-10.0
4759,439803,382.0,22,227,0.053687,2.0861,True,False,body,220.0,172.0,-10.0
4760,440214,605.0,33,411,0.053668,2.2776,True,False,body,330.0,285.0,-10.0
4761,440327,206.0,12,113,0.053663,2.2328,True,False,wall,120.0,96.0,-10.0
4762,440601,435.0,22,274,0.053651,2.0489,True,False,body,220.0,225.0,-10.0
4763,440825,371.0,20,224,0.05364,2.4366,True,False,body,200.0,181.0,-10.0
4764,440911,144.0,9,86,0.053636,2.323,True,False,body,90.0,64.0,-10.0
4765,441134,399.0,23,223,0.053626,2.0951,True,False,wall,230.0,179.0,-10.0
4766,441323,273.0,13,189,0.053618,2.3299,True,False,body,130.0,153.0,-10.0
4767,441469,231.0,12,146,0.053611,2.2939,True,False,wall,120.0,121.0,-10.0
4768,441683,351.0,18,214,0.053602,2.0665,True,False,body,180.0,181.0,-10.0
4769,441895,359.0,20,212,0.053592,2.0588,True,False,body,200.0,169.0,-10.0
4770,442271,564.0,31,376,0.053575,2.1281,True,False,wall,310.0,264.0,-10.0
4771,442491,339.0,18,220,0.053565,2.473,True,False,body,180.0,169.0,-10.0
4772,442588,166.0,10,97,0.053561,2.1565,True,False,body,100.0,76.0,-10.0
4773,442930,557.0,30,342,0.053546,2.0988,True,False,body,300.0,267.0,-10.0
4774,443010,136.0,9,80,0.053542,2.4368,True,False,wall,90.0,56.0,-10.0
4775,443231,305.0,17,221,0.053533,2.1571,True,False,body,170.0,145.0,-10.0
4776,443335,173.0,10,104,0.053528,2.2718,True,False,body,100.0,83.0,-10.0
4777,443737,692.0,37,402,0.05351,2.2534,True,False,body,370.0,332.0,-10.0
4778,443988,408.0,20,251,0.053499,2.0892,True,False,body,200.0,218.0,-10.0
4779,444306,519.0,28,318,0.053485,2.0897,True,False,body,280.0,249.0,-10.0
4780,444379,119.0,7,73,0.053482,2.2032,True,False,wall,70.0,59.0,-10.0
4781,444428,59.0,3,49,0.05348,2.2902,True,False,wall,30.0,39.0,-10.0
4782,445005,843.0,45,577,0.053455,2.1291,True,False,body,450.0,403.0,-10.0
4783,445415,491.0,26,410,0.053437,2.7523,True,False,body,260.0,241.0,-10.0
4784,445680,441.0,25,265,0.053426,2.0835,True,False,wall,250.0,201.0,-10.0
4785,445785,161.0,9,105,0.053422,2.0153,True,False,body,90.0,81.0,-10.0
4786,445992,355.0,19,207,0.053413,1.8944,True,False,body,190.0,175.0,-10.0
4787,446149,233.0,13,157,0.053406,2.3816,True,False,wall,130.0,113.0,-10.0
4788,446273,191.0,10,124,0.053401,2.5058,True,False,wall,100.0,101.0,-10.0
4789,446382,191.0,11,109,0.053396,2.1591,True,False,body,110.0,91.0,-10.0
4790,446397,11.0,1,15,0.053395,1.9508,True,False,wall,10.0,11.0,-10.0
4791,446563,269.0,14,166,0.053388,1.9931,True,False,wall,140.0,139.0,-10.0
4792,446584,35.0,3,21,0.053388,2.2112,True,False,body,30.0,15.0,-10.0
4793,446794,334.0,17,210,0.053379,2.1216,True,False,wall,170.0,174.0,-10.0
4794,446906,187.0,10,112,0.053374,2.1265,True,False,body,100.0,97.0,-10.0
4795,446922,28.0,3,16,0.053373,1.9245,True,False,wall,30.0,8.0,-10.0
4796,447003,133.0,7,81,0.05337,2.016,True,False,wall,70.0,73.0,-10.0
4797,447022,26.0,2,19,0.053369,2.0435,True,False,wall,20.0,16.0,-10.0
4798,447105,140.0,8,83,0.053366,2.2879,True,False,wall,80.0,70.0,-10.0
4799,447159,97.0,6,54,0.053363,2.0706,True,False,wall,60.0,47.0,-10.0
4800,447329,290.0,17,170,0.053356,2.0461,True,False,body,170.0,130.0,-10.0
4801,447550,370.0,20,221,0.053347,2.145,True,False,body,200.0,180.0,-10.0
4802,447993,688.0,32,443,0.053328,1.9825,True,False,body,320.0,378.0,-10.0
4803,448161,261.0,16,168,0.053321,2.1461,True,False,wall,160.0,111.0,-10.0
4804,448333,281.0,14,172,0.053314,2.1078,True,False,wall,140.0,151.0,-10.0
4805,448471,234.0,13,138,0.053309,2.2079,True,False,body,130.0,114.0,-10.0
4806,448906,673.0,37,435,0.053291,2.2305,True,False,body,370.0,313.0,-10.0
4807,448936,37.0,2,30,0.053289,1.8693,True,False,wall,20.0,27.0,-10.0
4808,448966,44.0,3,30,0.053288,2.1255,True,False,wall,30.0,24.0,-10.0
4809,449186,336.0,19,220,0.053279,2.0214,True,False,wall,190.0,156.0,-10.0
4810,449267,129.0,7,81,0.053276,2.0076,True,False,body,70.0,69.0,-10.0
4811,449606,508.0,28,339,0.053262,2.0705,True,False,body,280.0,238.0,-10.0
4812,449885,440.0,24,279,0.053251,2.3467,True,False,wall,240.0,210.0,-10.0
4813,449906,13.0,1,21,0.05325,2.0423,True,False,wall,10.0,13.0,-10.0
4814,449949,73.0,5,43,0.053248,1.8512,True,False,body,50.0,33.0,-10.0
4815,449995,49.0,2,46,0.053246,1.9835,True,False,wall,20.0,39.0,-10.0
4816,450181,332.0,19,186,0.053239,2.3209,True,False,body,190.0,152.0,-10.0
4817,450337,256.0,13,156,0.053232,2.1556,True,False,wall,130.0,136.0,-10.0
4818,450512,266.0,12,175,0.053225,2.0288,True,False,wall,120.0,156.0,-10.0
4819,450746,367.0,18,234,0.053216,1.9819,True,False,body,180.0,197.0,-10.0
4820,450908,275.0,14,162,0.053209,2.1264,True,False,wall,140.0,145.0,-10.0
4821,451057,252.0,14,149,0.053203,2.0086,True,False,wall,140.0,122.0,-10.0
4822,451084,52.0,4,27,0.053202,2.2283,True,False,wall,40.0,22.0,-10.0
4823,451374,447.0,24,290,0.053191,2.0672,True,False,wall,240.0,217.0,-10.0
4824,451595,349.0,17,221,0.053182,2.1485,True,False,body,170.0,189.0,-10.0
4825,451676,125.0,7,81,0.053179,2.1526,True,False,wall,70.0,65.0,-10.0
4826,452088,630.0,29,412,0.053162,2.0662,True,False,wall,290.0,350.0,-10.0
4827,452468,571.0,30,380,0.053147,2.1964,True,False,wall,300.0,281.0,-10.0
4828,452656,345.0,20,188,0.05314,2.1294,True,False,body,200.0,155.0,-10.0
4829,452765,171.0,9,109,0.053136,2.1654,True,False,wall,90.0,91.0,-10.0
4830,452870,189.0,11,105,0.053132,2.3557,True,False,body,110.0,89.0,-10.0
4831,453077,361.0,21,207,0.053123,2.0341,True,False,body,210.0,161.0,-10.0
4832,453427,507.0,26,350,0.05311,2.1292,True,False,body,260.0,257.0,-10.0
4833,453635,300.0,15,208,0.053102,2.0574,True,False,body,150.0,160.0,-10.0
4834,453717,137.0,8,82,0.053099,2.0612,True,False,body,80.0,67.0,-10.0
4835,454042,495.0,25,325,0.053086,2.0916,True,False,body,250.0,255.0,-10.0
4836,454418,627.0,34,376,0.053072,2.0659,True,False,body,340.0,297.0,-10.0
4837,454550,194.0,11,132,0.053066,2.2837,True,False,body,110.0,94.0,-10.0
4838,454993,656.0,32,443,0.05305,2.1412,True,False,wall,320.0,346.0,-10.0
4839,455044,85.0,5,51,0.053048,2.1166,True,False,body,50.0,45.0,-10.0
4840,455203,241.0,13,159,0.053042,2.0368,True,False,body,130.0,121.0,-10.0
4841,455304,176.0,10,101,0.053038,2.0686,True,False,wall,100.0,86.0,-10.0
4842,455857,845.0,45,553,0.053017,2.1474,True,False,body,450.0,405.0,-10.0
4843,456070,338.0,18,213,0.053009,2.2585,True,False,wall,180.0,168.0,-10.0
4844,456170,176.0,11,100,0.053005,2.2567,True,False,body,110.0,76.0,-10.0
4845,456338,269.0,14,168,0.052999,2.2644,True,False,wall,140.0,139.0,-10.0
4846,456402,121.0,8,64,0.052996,1.9298,True,False,wall,80.0,51.0,-10.0
4847,456830,634.0,35,428,0.05298,2.0631,True,False,body,350.0,294.0,-10.0
4848,456957,188.0,10,127,0.052976,2.1049,True,False,body,100.0,98.0,-10.0
4849,457093,235.0,14,136,0.052971,2.0155,True,False,body,140.0,105.0,-10.0
4850,457312,383.0,21,219,0.052962,2.3602,True,False,body,210.0,183.0,-10.0
4851,457442,223.0,12,130,0.052958,2.1471,True,False,body,120.0,113.0,-10.0
4852,457562,204.0,11,120,0.052953,2.0253,True,False,wall,110.0,104.0,-10.0
4853,457668,179.0,10,106,0.052949,2.0843,True,False,wall,100.0,89.0,-10.0
4854,457789,223.0,13,121,0.052945,1.9808,True,False,body,130.0,103.0,-10.0
4855,457910,196.0,10,121,0.05294,2.1861,True,False,body,100.0,106.0,-10.0
4856,458013,158.0,8,103,0.052937,2.3474,True,False,wall,80.0,88.0,-10.0
4857,458180,285.0,17,167,0.05293,2.0874,True,False,body,170.0,125.0,-10.0
4858,458382,317.0,18,202,0.052923,2.1254,True,False,body,180.0,147.0,-10.0
4859,458530,237.0,12,148,0.052918,2.0752,True,False,body,120.0,127.0,-10.0
4860,458647,192.0,10,117,0.052913,2.0635,True,False,wall,100.0,102.0,-10.0
4861,459016,537.0,27,369,0.0529,2.2011,True,False,wall,270.0,277.0,-10.0
4862,459121,187.0,11,105,0.052896,2.3547,True,False,body,110.0,87.0,-10.0
4863,459350,346.0,16,229,0.052888,2.107,True,False,body,160.0,196.0,-10.0
4864,459382,64.0,5,32,0.052887,2.0388,True,False,wall,50.0,24.0,-10.0
4865,459546,287.0,16,164,0.052881,2.0091,True,False,body,160.0,137.0,-10.0
4866,459801,430.0,22,255,0.052872,2.0342,True,False,body,220.0,220.0,-10.0
4867,459874,132.0,8,73,0.052869,1.9165,True,False,wall,80.0,62.0,-10.0
4868,459975,167.0,9,101,0.052865,2.0069,True,False,wall,90.0,87.0,-10.0
4869,460179,338.0,19,204,0.052858,2.0872,True,False,body,190.0,158.0,-10.0
4870,460235,86.0,5,56,0.052856,2.2497,True,False,wall,50.0,46.0,-10.0
4871,460390,265.0,15,155,0.052851,2.175,True,False,wall,150.0,125.0,-10.0
4872,460505,176.0,8,115,0.052846,2.1002,True,False,wall,80.0,106.0,-10.0
4873,460761,417.0,22,256,0.052837,2.0787,True,False,body,220.0,207.0,-10.0
4874,461137,597.0,32,376,0.052824,2.1468,True,False,wall,320.0,287.0,-10.0
4875,461180,53.0,3,43,0.052823,2.221,True,False,wall,30.0,33.0,-10.0
4876,461294,158.0,7,114,0.052819,2.1573,True,False,wall,70.0,98.0,-10.0
4877,461690,579.0,30,396,0.052805,2.3903,True,False,body,300.0,289.0,-10.0
4878,461814,210.0,13,124,0.0528,2.0587,True,False,body,130.0,90.0,-10.0
4879,461895,116.0,6,81,0.052797,2.2203,True,False,wall,60.0,66.0,-10.0
4880,461992,163.0,9,97,0.052794,2.1132,True,False,body,90.0,83.0,-10.0
4881,462085,169.0,11,93,0.052791,1.9438,True,False,wall,110.0,69.0,-10.0
4882,462270,326.0,18,185,0.052784,1.963,True,False,body,180.0,156.0,-10.0
4883,462555,449.0,21,285,0.052774,1.9621,True,False,wall,210.0,249.0,-10.0
4884,462722,312.0,18,167,0.052769,2.098,True,False,body,180.0,142.0,-10.0
4885,462779,85.0,5,57,0.052767,2.0497,True,False,wall,50.0,45.0,-10.0
4886,463046,451.0,25,267,0.052757,2.8852,True,False,body,250.0,211.0,-10.0
4887,463205,228.0,14,159,0.052752,2.284,True,False,body,140.0,98.0,-10.0
4888,463611,658.0,35,406,0.052738,2.0392,True,False,body,350.0,318.0,-10.0
4889,463784,303.0,17,173,0.052732,2.2791,True,False,body,170.0,143.0,-10.0
4890,463814,37.0,2,30,0.052731,2.3579,True,False,wall,20.0,27.0,-10.0
4891,464144,500.0,23,330,0.05272,2.1586,True,False,body,230.0,280.0,-10.0
4892,464512,652.0,37,368,0.052707,2.104,True,False,body,370.0,292.0,-10.0
4893,464587,110.0,6,75,0.052705,2.0281,True,False,body,60.0,60.0,-10.0
4894,464655,110.0,7,68,0.052703,2.1517,True,False,body,70.0,50.0,-10.0
4895,464813,259.0,14,158,0.052697,2.0898,True,False,body,140.0,129.0,-10.0
4896,464828,11.0,1,15,0.052697,1.9356,True,False,wall,10.0,11.0,-10.0
4897,464971,229.0,11,143,0.052692,2.0761,True,False,wall,110.0,129.0,-10.0
4898,465372,582.0,30,401,0.052678,2.1356,True,False,body,300.0,292.0,-10.0
4899,465398,38.0,3,26,0.052678,2.4825,True,False,body,30.0,18.0,-10.0
4900,465842,692.0,37,444,0.052663,2.5552,True,False,body,370.0,332.0,-10.0
4901,466029,306.0,16,187,0.052657,2.1191,True,False,body,160.0,156.0,-10.0
4902,466541,781.0,42,512,0.05264,2.0067,True,False,body,420.0,371.0,-10.0
4903,466756,335.0,17,215,0.052633,2.075,True,False,body,170.0,175.0,-10.0
4904,466901,239.0,13,145,0.052628,2.0903,True,False,wall,130.0,119.0,-10.0
4905,467135,400.0,21,234,0.05262,2.0009,True,False,wall,210.0,200.0,-10.0
4906,467256,198.0,10,121,0.052616,2.1309,True,False,wall,100.0,108.0,-10.0
4907,467506,418.0,23,250,0.052608,2.0852,True,False,body,230.0,198.0,-10.0
4908,467585,127.0,7,79,0.052605,2.1525,True,False,wall,70.0,67.0,-10.0
4909,467832,411.0,23,247,0.052597,2.0754,True,False,wall,230.0,191.0,-10.0
4910,467941,194.0,12,109,0.052594,2.1299,True,False,body,120.0,84.0,-10.0
4911,468286,531.0,27,345,0.052583,2.0733,True,False,body,270.0,271.0,-10.0
4912,468408,182.0,9,122,0.052579,2.0872,True,False,wall,90.0,102.0,-10.0
4913,468450,54.0,3,42,0.052577,2.1042,True,False,wall,30.0,34.0,-10.0
4914,468599,255.0,15,149,0.052573,2.0542,True,False,body,150.0,115.0,-10.0
4915,468796,316.0,18,197,0.052566,2.053,True,False,body,180.0,146.0,-10.0
4916,469076,473.0,26,280,0.052557,2.6325,True,False,body,260.0,223.0,-10.0
4917,469109,40.0,2,33,0.052556,2.1618,True,False,wall,20.0,30.0,-10.0
4918,469249,203.0,10,140,0.052552,2.0682,True,False,body,100.0,113.0,-10.0
4919,469363,183.0,10,114,0.052548,2.0203,True,False,body,100.0,93.0,-10.0
4920,469502,251.0,15,139,0.052544,1.9348,True,False,body,150.0,111.0,-10.0
4921,469808,512.0,29,306,0.052534,2.0255,True,False,body,290.0,232.0,-10.0
4922,469924,161.0,8,116,0.05253,2.2751,True,False,body,80.0,91.0,-10.0
4923,470283,568.0,30,359,0.052519,2.1105,True,False,body,300.0,278.0,-10.0
4924,470552,410.0,22,269,0.052511,2.2304,True,False,body,220.0,200.0,-10.0
4925,470901,512.0,26,349,0.0525,2.2193,True,False,body,260.0,262.0,-10.0
4926,471043,240.0,13,142,0.052495,1.9899,True,False,body,130.0,120.0,-10.0
4927,471114,121.0,7,71,0.052493,2.1495,True,False,body,70.0,61.0,-10.0
4928,471388,451.0,24,274,0.052484,2.1906,True,False,body,240.0,221.0,-10.0
4929,471478,148.0,9,90,0.052482,2.1845,True,False,body,90.0,68.0,-10.0
4930,471663,288.0,14,185,0.052476,2.136,True,False,wall,140.0,158.0,-10.0
4931,471791,197.0,10,128,0.052472,1.958,True,False,body,100.0,107.0,-10.0
4932,472135,567.0,30,344,0.052461,2.1335,True,False,body,300.0,277.0,-10.0
4933,472464,530.0,28,329,0.052451,1.9965,True,False,body,280.0,260.0,-10.0
4934,472557,152.0,8,93,0.052448,2.3862,True,False,wall,80.0,82.0,-10.0
4935,472774,355.0,19,217,0.052442,2.4581,True,False,body,190.0,175.0,-10.0
4936,472968,323.0,16,194,0.052436,2.055,True,False,body,160.0,173.0,-10.0
4937,473311,514.0,26,343,0.052425,2.0716,True,False,wall,260.0,264.0,-10.0
4938,473428,189.0,11,117,0.052422,2.3648,True,False,wall,110.0,89.0,-10.0
4939,473488,83.0,4,60,0.05242,2.2111,True,False,body,40.0,53.0,-10.0
4940,473504,14.0,1,16,0.05242,2.0439,True,False,wall,10.0,14.0,-10.0
4941,473783,487.0,27,279,0.052411,2.1583,True,False,body,270.0,227.0,-10.0
4942,473920,236.0,14,137,0.052407,2.1375,True,False,body,140.0,106.0,-10.0
4943,474233,527.0,29,313,0.052398,2.025,True,False,body,290.0,247.0,-10.0
4944,474296,113.0,7,63,0.052396,2.6192,True,False,wall,70.0,53.0,-10.0
4945,474393,181.0,11,97,0.052393,3.0763,True,False,body,110.0,81.0,-10.0
4946,474544,251.0,13,151,0.052388,2.1091,True,False,body,130.0,131.0,-10.0
4947,474556,-1.0,0,12,0.052388,1.9628,True,False,wall,0.0,9.0,-10.0
4948,474768,355.0,18,212,0.052382,2.0602,True,False,body,180.0,185.0,-10.0
4949,474884,198.0,11,116,0.052378,2.1722,True,False,body,110.0,98.0,-10.0
4950,475357,647.0,35,473,0.052364,1.9793,True,False,body,350.0,307.0,-10.0
4951,475462,166.0,8,105,0.052361,2.0289,True,False,wall,80.0,96.0,-10.0
4952,475646,308.0,17,184,0.052356,1.9612,True,False,wall,170.0,148.0,-10.0
4953,475767,203.0,11,121,0.052352,2.1595,True,False,wall,110.0,103.0,-10.0
4954,475827,112.0,7,60,0.05235,2.1346,True,False,body,70.0,52.0,-10.0
4955,475940,189.0,11,113,0.052347,2.1427,True,False,body,110.0,89.0,-10.0
4956,476057,206.0,12,117,0.052344,2.0418,True,False,wall,120.0,96.0,-10.0
4957,476125,93.0,4,68,0.052342,1.9554,True,False,wall,40.0,63.0,-10.0
4958,476260,211.0,11,135,0.052338,2.0771,True,False,body,110.0,111.0,-10.0
4959,476464,348.0,19,204,0.052332,1.9162,True,False,wall,190.0,168.0,-10.0
4960,476755,446.0,24,291,0.052323,2.0433,True,False,body,240.0,216.0,-10.0
4961,476972,384.0,22,217,0.052317,2.0376,True,False,body,220.0,174.0,-10.0
4962,477046,100.0,5,74,0.052315,2.1198,True,False,wall,50.0,60.0,-10.0
4963,477247,348.0,18,201,0.052309,2.1433,True,False,body,180.0,178.0,-10.0
4964,477439,346.0,21,192,0.052303,2.0593,True,False,body,210.0,146.0,-10.0
4965,477675,381.0,20,236,0.052297,2.0641,True,False,body,200.0,191.0,-10.0
4966,477902,391.0,21,227,0.05229,1.9886,True,False,body,210.0,191.0,-10.0
4967,478243,561.0,29,341,0.05228,2.0055,True,False,body,290.0,281.0,-10.0
4968,478543,453.0,22,300,0.052272,2.2363,True,False,body,220.0,243.0,-10.0
4969,478655,187.0,10,112,0.052269,2.2544,True,False,wall,100.0,97.0,-10.0
4970,478858,327.0,17,203,0.052263,2.3272,True,False,body,170.0,167.0,-10.0
4971,478930,120.0,7,72,0.052261,2.053,True,False,body,70.0,60.0,-10.0
4972,479165,365.0,19,235,0.052254,2.0021,True,False,body,190.0,185.0,-10.0
4973,479475,527.0,28,310,0.052246,2.0592,True,False,body,280.0,257.0,-10.0
4974,479517,70.0,5,42,0.052244,1.8937,True,False,wall,50.0,30.0,-10.0
4975,479872,597.0,33,355,0.052234,2.2853,True,False,body,330.0,277.0,-10.0
4976,480064,313.0,16,192,0.052229,2.5068,True,False,body,160.0,163.0,-10.0
4977,480120,70.0,3,56,0.052228,2.4353,True,False,wall,30.0,50.0,-10.0
4978,480378,438.0,23,258,0.05222,1.9524,True,False,body,230.0,218.0,-10.0
4979,480557,303.0,17,179,0.052215,2.2088,True,False,body,170.0,143.0,-10.0
4980,480651,165.0,10,94,0.052213,2.0509,True,False,body,100.0,75.0,-10.0
4981,480936,435.0,23,285,0.052205,2.0678,True,False,wall,230.0,215.0,-10.0
4982,481240,482.0,25,304,0.052197,1.9258,True,False,wall,250.0,242.0,-10.0
4983,481636,559.0,28,396,0.052186,2.0174,True,False,body,280.0,289.0,-10.0
4984,481962,533.0,30,326,0.052177,2.0943,True,False,wall,300.0,243.0,-10.0
4985,482233,436.0,22,271,0.052169,2.0715,True,False,wall,220.0,226.0,-10.0
4986,482405,278.0,15,172,0.052165,2.2805,True,False,body,150.0,138.0,-10.0
4987,482596,303.0,15,191,0.05216,2.0688,True,False,body,150.0,163.0,-10.0
4988,482855,395.0,21,259,0.052153,2.1097,True,False,body,210.0,195.0,-10.0
4989,483362,663.0,33,507,0.052139,2.0327,True,False,body,330.0,343.0,-10.0
4990,483510,253.0,14,148,0.052135,2.0962,True,False,wall,140.0,123.0,-10.0
4991,483730,314.0,15,220,0.052129,1.9754,True,False,body,150.0,174.0,-10.0
4992,483904,261.0,12,174,0.052125,2.0353,True,False,body,120.0,151.0,-10.0
4993,483996,160.0,9,92,0.052122,2.2453,True,False,wall,90.0,80.0,-10.0
4994,484029,65.0,5,33,0.052121,1.7915,True,False,wall,50.0,25.0,-10.0
4995,484121,153.0,8,92,0.052119,3.0239,True,False,body,80.0,83.0,-10.0
4996,484277,262.0,15,156,0.052115,2.2193,True,False,body,150.0,122.0,-10.0
4997,484356,134.0,8,79,0.052113,1.925,True,False,body,80.0,64.0,-10.0
4998,484594,395.0,22,238,0.052106,1.9936,True,False,body,220.0,185.0,-10.0
4999,484920,505.0,26,326,0.052098,2.0805,True,False,wall,260.0,255.0,-10.0
5000,485104,299.0,16,184,0.052093,2.0225,True,False,wall,160.0,149.0,-10.0
5001,485218,185.0,10,114,0.05209,2.4949,True,False,body,100.0,95.0,-10.0
5002,485263,84.0,6,45,0.052089,2.2817,True,False,wall,60.0,34.0,-10.0
5003,485383,213.0,12,120,0.052086,2.2331,True,False,wall,120.0,103.0,-10.0
5004,485584,350.0,20,201,0.05208,2.212,True,False,wall,200.0,160.0,-10.0
5005,485740,278.0,17,156,0.052076,2.0484,True,False,body,170.0,118.0,-10.0
5006,485826,129.0,6,86,0.052074,2.021,True,False,body,60.0,79.0,-10.0
5007,485883,100.0,6,57,0.052073,2.0122,True,False,wall,60.0,50.0,-10.0
5008,486211,543.0,30,328,0.052064,2.0588,True,False,body,300.0,253.0,-10.0
5009,486321,154.0,7,110,0.052061,2.0644,True,False,wall,70.0,94.0,-10.0
5010,486609,423.0,24,288,0.052054,2.2037,True,False,body,240.0,193.0,-10.0
5011,486959,538.0,31,350,0.052045,2.0305,True,False,body,310.0,238.0,-10.0
5012,487052,169.0,11,93,0.052043,1.976,True,False,body,110.0,69.0,-10.0
5013,487385,523.0,29,333,0.052034,1.907,True,False,body,290.0,243.0,-10.0
5014,487626,365.0,19,241,0.052028,2.0438,True,False,body,190.0,185.0,-10.0
5015,487764,229.0,12,138,0.052025,1.9722,True,False,body,120.0,119.0,-10.0
5016,488005,395.0,21,241,0.052018,2.0611,True,False,wall,210.0,195.0,-10.0
5017,488168,325.0,21,163,0.052014,2.1427,True,False,body,210.0,125.0,-10.0
5018,488236,105.0,6,68,0.052013,1.8792,True,False,body,60.0,55.0,-10.0
5019,488347,191.0,11,111,0.05201,2.1106,True,False,body,110.0,91.0,-10.0
5020,488419,100.0,5,72,0.052008,2.0734,True,False,wall,50.0,60.0,-10.0
5021,488699,443.0,22,280,0.052001,2.112,True,False,body,220.0,233.0,-10.0
5022,488795,173.0,10,96,0.051999,2.0735,True,False,body,100.0,83.0,-10.0
5023,489019,409.0,24,224,0.051993,2.0821,True,False,body,240.0,179.0,-10.0
5024,489077,84.0,5,58,0.051992,2.3311,True,False,wall,50.0,44.0,-10.0
5025,489150,119.0,7,73,0.05199,1.9881,True,False,body,70.0,59.0,-10.0
5026,489681,803.0,41,531,0.051977,2.1729,True,False,body,410.0,403.0,-10.0
5027,489931,365.0,16,250,0.05197,2.4385,True,False,wall,160.0,215.0,-10.0
5028,490183,374.0,19,252,0.051964,2.0811,True,False,body,190.0,194.0,-10.0
5029,490422,400.0,22,239,0.051958,2.0018,True,False,body,220.0,190.0,-10.0
5030,490901,730.0,38,479,0.051947,2.1677,True,False,body,380.0,360.0,-10.0
5031,491157,402.0,23,256,0.05194,1.8684,True,False,body,230.0,182.0,-10.0
5032,491261,135.0,6,104,0.051938,2.2905,True,False,body,60.0,85.0,-10.0
5033,491349,121.0,6,88,0.051936,2.0804,True,False,wall,60.0,71.0,-10.0
5034,491922,850.0,44,573,0.051922,2.5293,True,False,body,440.0,420.0,-10.0
5035,492332,654.0,35,410,0.051912,2.2804,True,False,wall,350.0,314.0,-10.0
5036,492501,273.0,15,169,0.051908,2.0175,True,False,body,150.0,133.0,-10.0
5037,492747,414.0,23,246,0.051902,2.1281,True,False,body,230.0,194.0,-10.0
5038,492909,282.0,17,162,0.051898,2.1615,True,False,wall,170.0,122.0,-10.0
5039,492954,57.0,3,45,0.051897,1.9261,True,False,wall,30.0,37.0,-10.0
5040,493248,462.0,23,294,0.05189,2.0164,True,False,body,230.0,242.0,-10.0
5041,493354,168.0,9,106,0.051888,2.1403,True,False,wall,90.0,88.0,-10.0
5042,493669,479.0,23,315,0.05188,2.0452,True,False,wall,230.0,259.0,-10.0
5043,494091,708.0,39,422,0.051871,2.0671,True,False,wall,390.0,328.0,-10.0
5044,494291,343.0,18,200,0.051866,2.3938,True,False,body,180.0,173.0,-10.0
5045,494341,91.0,6,50,0.051865,2.1881,True,False,body,60.0,41.0,-10.0
5046,494765,673.0,32,424,0.051855,2.1131,True,False,body,320.0,363.0,-10.0
5047,494925,242.0,11,160,0.051851,2.1187,True,False,body,110.0,142.0,-10.0
5048,495099,279.0,16,174,0.051847,2.1226,True,False,body,160.0,129.0,-10.0
5049,495453,545.0,30,354,0.051839,2.0969,True,False,body,300.0,255.0,-10.0
5050,495555,175.0,10,102,0.051837,2.0372,True,False,body,100.0,85.0,-10.0
5051,495814,378.0,20,259,0.051831,2.2266,True,False,body,200.0,188.0,-10.0
5052,495827,20.0,2,13,0.05183,2.0057,True,False,wall,20.0,10.0,-10.0
5053,495862,69.0,5,35,0.05183,2.0095,True,False,body,50.0,29.0,-10.0
5054,496014,238.0,13,152,0.051826,2.1385,True,False,wall,130.0,118.0,-10.0
5055,496155,227.0,13,141,0.051823,2.0296,True,False,body,130.0,107.0,-10.0
5056,496389,362.0,19,234,0.051818,1.9683,True,False,body,190.0,182.0,-10.0
5057,496694,482.0,24,305,0.051811,2.2574,True,False,body,240.0,252.0,-10.0
5058,496921,385.0,21,227,0.051806,2.0739,True,False,body,210.0,185.0,-10.0
5059,497236,507.0,29,315,0.051798,2.0168,True,False,body,290.0,227.0,-10.0
5060,497547,473.0,25,311,0.051792,2.2032,True,False,body,250.0,233.0,-10.0
5061,497701,295.0,18,154,0.051788,2.1713,True,False,body,180.0,125.0,-10.0
5062,497839,226.0,13,138,0.051785,2.1949,True,False,body,130.0,106.0,-10.0
5063,497884,51.0,3,45,0.051784,2.8229,True,False,wall,30.0,31.0,-10.0
5064,497936,75.0,4,52,0.051783,2.2334,True,False,body,40.0,45.0,-10.0
5065,498212,472.0,25,276,0.051777,2.1859,True,False,body,250.0,232.0,-10.0
5066,498636,659.0,34,424,0.051767,1.992,True,False,body,340.0,329.0,-10.0
5067,498923,469.0,25,287,0.051761,2.2495,True,False,wall,250.0,229.0,-10.0
5068,499100,301.0,17,177,0.051757,2.1967,True,False,wall,170.0,141.0,-10.0
5069,499169,106.0,6,69,0.051756,2.2622,True,False,body,60.0,56.0,-10.0
5070,499390,381.0,21,221,0.051751,2.0708,True,False,body,210.0,181.0,-10.0
5071,499449,105.0,7,59,0.051749,2.2232,True,False,body,70.0,45.0,-10.0
5072,499648,307.0,17,199,0.051745,2.0998,True,False,body,170.0,147.0,-10.0
5073,499725,87.0,3,77,0.051743,2.1152,True,False,wall,30.0,67.0,-10.0
5074,499852,197.0,11,127,0.051741,2.076,True,False,body,110.0,97.0,-10.0
5075,499984,206.0,11,132,0.051738,1.9211,True,False,body,110.0,106.0,-10.0
5076,500000,23.0,1,16,0.051737,2.2308,False,False,budget_cutoff,10.0,13.0,0.0
