episode,env_steps_total,episode_reward,score,survival_steps,epsilon,loss_mean,terminated,truncated,death_reason,fruit_reward_sum,distance_shaping_reward_sum,death_penalty_sum
0,54,6.0,1,54,0.949487,0.0,True,False,wall,10.0,6.0,-10.0
1,109,-14.0,0,55,0.948965,0.0,True,False,wall,0.0,-4.0,-10.0
2,149,-17.0,0,40,0.948586,0.0,True,False,wall,0.0,-7.0,-10.0
3,174,-18.0,0,25,0.948348,0.0,True,False,wall,0.0,-8.0,-10.0
4,227,-12.0,0,53,0.947846,0.0,True,False,wall,0.0,-2.0,-10.0
5,269,-17.0,0,42,0.947448,3.2365,True,False,wall,0.0,-7.0,-10.0
6,366,7.0,1,97,0.946529,11.5522,True,False,wall,10.0,7.0,-10.0
7,401,5.0,1,35,0.946198,4.4629,True,False,wall,10.0,5.0,-10.0
8,428,-6.0,0,27,0.945943,3.3581,True,False,wall,0.0,4.0,-10.0
9,542,-15.0,0,114,0.944865,2.9158,True,False,wall,0.0,-5.0,-10.0
10,566,-15.0,0,24,0.944638,6.1283,True,False,wall,0.0,-5.0,-10.0
11,599,-12.0,0,33,0.944327,2.8623,True,False,wall,0.0,-2.0,-10.0
12,672,-14.0,0,73,0.943637,2.1345,True,False,wall,0.0,-4.0,-10.0
13,772,2.0,1,100,0.942694,2.6425,True,False,wall,10.0,2.0,-10.0
14,794,-9.0,0,22,0.942487,3.6686,True,False,wall,0.0,1.0,-10.0
15,812,-7.0,0,18,0.942317,3.2468,True,False,wall,0.0,3.0,-10.0
16,837,2.0,0,25,0.942082,3.9147,True,False,wall,0.0,12.0,-10.0
17,859,-11.0,0,22,0.941874,3.6927,True,False,wall,0.0,-1.0,-10.0
18,924,-16.0,0,65,0.941262,4.615,True,False,wall,0.0,-6.0,-10.0
19,945,-12.0,0,21,0.941065,2.5555,True,False,wall,0.0,-2.0,-10.0
20,970,-10.0,0,25,0.94083,2.1841,True,False,wall,0.0,0.0,-10.0
21,1069,-8.0,0,99,0.939899,2.0697,True,False,wall,0.0,2.0,-10.0
22,1118,-18.0,0,49,0.939438,1.6406,True,False,wall,0.0,-8.0,-10.0
23,1192,-17.0,0,74,0.938743,1.4109,True,False,wall,0.0,-7.0,-10.0
24,1229,9.0,1,37,0.938396,1.6418,True,False,wall,10.0,9.0,-10.0
25,1268,22.0,2,39,0.93803,1.9461,True,False,wall,20.0,12.0,-10.0
26,1330,-7.0,0,62,0.937449,1.5688,True,False,wall,0.0,3.0,-10.0
27,1351,-14.0,0,21,0.937252,1.3493,True,False,wall,0.0,-4.0,-10.0
28,1413,-23.0,0,62,0.936671,1.4402,True,False,wall,0.0,-13.0,-10.0
29,1457,0.0,1,44,0.936259,1.4043,True,False,wall,10.0,0.0,-10.0
30,1584,-16.0,0,127,0.935071,1.3249,True,False,wall,0.0,-6.0,-10.0
31,1641,-8.0,0,57,0.934538,1.1828,True,False,wall,0.0,2.0,-10.0
32,1671,6.0,1,30,0.934257,1.7567,True,False,wall,10.0,6.0,-10.0
33,1699,-21.0,0,28,0.933996,1.3482,True,False,wall,0.0,-11.0,-10.0
34,1719,-6.0,1,20,0.933809,1.6326,True,False,wall,10.0,-6.0,-10.0
35,1756,-14.0,0,37,0.933464,1.4249,True,False,wall,0.0,-4.0,-10.0
36,1779,-7.0,1,23,0.933249,1.4901,True,False,wall,10.0,-7.0,-10.0
37,1793,-11.0,0,14,0.933118,1.4726,True,False,wall,0.0,-1.0,-10.0
38,1814,-16.0,0,21,0.932922,1.4188,True,False,wall,0.0,-6.0,-10.0
39,1856,-9.0,0,42,0.932531,1.5519,True,False,wall,0.0,1.0,-10.0
40,1870,-13.0,0,14,0.9324,1.6173,True,False,wall,0.0,-3.0,-10.0
41,1896,-23.0,0,26,0.932158,1.4561,True,False,wall,0.0,-13.0,-10.0
42,1945,11.0,1,49,0.931701,1.3992,True,False,wall,10.0,11.0,-10.0
43,2006,-6.0,0,61,0.931133,1.4176,True,False,wall,0.0,4.0,-10.0
44,2019,-16.0,0,13,0.931012,1.1099,True,False,wall,0.0,-6.0,-10.0
45,2048,-6.0,0,29,0.930742,1.1182,True,False,wall,0.0,4.0,-10.0
46,2082,-7.0,0,34,0.930425,1.1813,True,False,wall,0.0,3.0,-10.0
47,2124,-15.0,0,42,0.930035,1.063,True,False,wall,0.0,-5.0,-10.0
48,2153,5.0,1,29,0.929765,0.9705,True,False,wall,10.0,5.0,-10.0
49,2188,-8.0,0,35,0.92944,1.0673,True,False,wall,0.0,2.0,-10.0
50,2208,-21.0,0,20,0.929254,1.0916,True,False,wall,0.0,-11.0,-10.0
51,2251,-10.0,0,43,0.928854,1.1113,True,False,wall,0.0,0.0,-10.0
52,2309,-13.0,0,58,0.928316,1.0367,True,False,wall,0.0,-3.0,-10.0
53,2339,-11.0,0,30,0.928037,1.0479,True,False,wall,0.0,-1.0,-10.0
54,2424,3.0,1,85,0.927249,0.8829,True,False,wall,10.0,3.0,-10.0
55,2540,-1.0,0,116,0.926174,1.0842,True,False,wall,0.0,9.0,-10.0
56,2649,47.0,3,109,0.925165,1.253,True,False,body,30.0,27.0,-10.0
57,2695,-9.0,0,46,0.924739,1.3298,True,False,wall,0.0,1.0,-10.0
58,2755,3.0,0,60,0.924185,1.1291,True,False,wall,0.0,13.0,-10.0
59,2773,-3.0,0,18,0.924018,1.1942,True,False,wall,0.0,7.0,-10.0
60,2786,-18.0,0,13,0.923898,1.2422,True,False,wall,0.0,-8.0,-10.0
61,2812,2.0,1,26,0.923658,1.3788,True,False,wall,10.0,2.0,-10.0
62,2842,-7.0,0,30,0.923381,1.5452,True,False,wall,0.0,3.0,-10.0
63,2873,-12.0,0,31,0.923095,1.5526,True,False,wall,0.0,-2.0,-10.0
64,2981,-15.0,0,108,0.922098,1.4472,True,False,wall,0.0,-5.0,-10.0
65,2993,-5.0,0,12,0.921988,1.5095,True,False,wall,0.0,5.0,-10.0
66,3060,-1.0,1,67,0.92137,1.3159,True,False,wall,10.0,-1.0,-10.0
67,3106,-17.0,0,46,0.920947,1.0427,True,False,wall,0.0,-7.0,-10.0
68,3138,-17.0,0,32,0.920652,1.4155,True,False,wall,0.0,-7.0,-10.0
69,3179,-16.0,0,41,0.920274,1.3663,True,False,wall,0.0,-6.0,-10.0
70,3258,-16.0,0,79,0.919548,1.3286,True,False,wall,0.0,-6.0,-10.0
71,3287,-18.0,0,29,0.919281,1.4184,True,False,wall,0.0,-8.0,-10.0
72,3368,-16.0,0,81,0.918537,1.5217,True,False,wall,0.0,-6.0,-10.0
73,3443,-14.0,0,75,0.917848,1.2768,True,False,wall,0.0,-4.0,-10.0
74,3466,-14.0,0,23,0.917637,1.2511,True,False,wall,0.0,-4.0,-10.0
75,3504,-15.0,0,38,0.917288,1.1637,True,False,wall,0.0,-5.0,-10.0
76,3517,-6.0,0,13,0.917169,1.3886,True,False,wall,0.0,4.0,-10.0
77,3580,-4.0,0,63,0.916592,1.4692,True,False,wall,0.0,6.0,-10.0
78,3691,24.0,2,111,0.915575,1.505,True,False,wall,20.0,14.0,-10.0
79,3709,-17.0,0,18,0.91541,1.5288,True,False,wall,0.0,-7.0,-10.0
80,3783,10.0,1,74,0.914733,1.5284,True,False,wall,10.0,10.0,-10.0
81,3797,-15.0,0,14,0.914605,1.669,True,False,wall,0.0,-5.0,-10.0
82,3811,-15.0,0,14,0.914477,1.4258,True,False,wall,0.0,-5.0,-10.0
83,3910,-16.0,0,99,0.913572,2.2777,True,False,wall,0.0,-6.0,-10.0
84,3938,-15.0,0,28,0.913316,1.3892,True,False,wall,0.0,-5.0,-10.0
85,4045,18.0,2,107,0.912339,1.4854,True,False,wall,20.0,8.0,-10.0
86,4065,-7.0,0,20,0.912157,1.5615,True,False,wall,0.0,3.0,-10.0
87,4238,-20.0,0,173,0.91058,1.6949,True,False,wall,0.0,-10.0,-10.0
88,4372,4.0,1,134,0.909361,1.6653,True,False,wall,10.0,4.0,-10.0
89,4398,-13.0,0,26,0.909124,1.4329,True,False,wall,0.0,-3.0,-10.0
90,4453,-8.0,0,55,0.908625,2.0231,True,False,wall,0.0,2.0,-10.0
91,4477,6.0,1,24,0.908407,1.7779,True,False,wall,10.0,6.0,-10.0
92,4517,-7.0,0,40,0.908043,1.9562,True,False,wall,0.0,3.0,-10.0
93,4587,12.0,1,70,0.907408,1.8386,True,False,wall,10.0,12.0,-10.0
94,4599,-17.0,0,12,0.907299,1.4053,True,False,wall,0.0,-7.0,-10.0
95,4676,-1.0,1,77,0.906601,1.5769,True,False,wall,10.0,-1.0,-10.0
96,4742,-23.0,0,66,0.906002,1.6221,True,False,wall,0.0,-13.0,-10.0
97,4783,-16.0,0,41,0.905631,1.423,True,False,wall,0.0,-6.0,-10.0
98,4824,-24.0,0,41,0.90526,1.5982,True,False,wall,0.0,-14.0,-10.0
99,4879,1.0,1,55,0.904762,1.5623,True,False,wall,10.0,1.0,-10.0
100,4912,-18.0,0,33,0.904464,1.8797,True,False,wall,0.0,-8.0,-10.0
101,5042,-9.0,0,130,0.903288,1.7478,True,False,wall,0.0,1.0,-10.0
102,5080,-19.0,0,38,0.902945,1.6389,True,False,wall,0.0,-9.0,-10.0
103,5096,-7.0,0,16,0.902801,1.8444,True,False,wall,0.0,3.0,-10.0
104,5136,-5.0,0,40,0.90244,1.49,True,False,wall,0.0,5.0,-10.0
105,5164,-3.0,0,28,0.902187,1.567,True,False,wall,0.0,7.0,-10.0
106,5246,-1.0,0,82,0.901448,1.4787,True,False,wall,0.0,9.0,-10.0
107,5266,-21.0,0,20,0.901267,1.6265,True,False,wall,0.0,-11.0,-10.0
108,5287,-6.0,0,21,0.901078,1.4486,True,False,wall,0.0,4.0,-10.0
109,5371,25.0,2,84,0.900322,1.6782,True,False,wall,20.0,15.0,-10.0
110,5400,-8.0,0,29,0.900061,1.9449,True,False,wall,0.0,2.0,-10.0
111,5458,4.0,1,58,0.899539,1.675,True,False,wall,10.0,4.0,-10.0
112,5485,0.0,0,27,0.899296,1.542,True,False,wall,0.0,10.0,-10.0
113,5517,8.0,1,32,0.899008,1.4985,True,False,wall,10.0,8.0,-10.0
114,5609,-11.0,0,92,0.898181,1.5769,True,False,wall,0.0,-1.0,-10.0
115,5719,-9.0,0,110,0.897194,1.6429,True,False,wall,0.0,1.0,-10.0
116,5745,-9.0,0,26,0.896961,1.9771,True,False,wall,0.0,1.0,-10.0
117,5759,-1.0,0,14,0.896835,2.1397,True,False,wall,0.0,9.0,-10.0
118,5814,-12.0,0,55,0.896342,1.8888,True,False,wall,0.0,-2.0,-10.0
119,5828,-5.0,0,14,0.896216,1.3069,True,False,wall,0.0,5.0,-10.0
120,5852,-23.0,0,24,0.896001,1.5069,True,False,wall,0.0,-13.0,-10.0
121,5872,-15.0,0,20,0.895822,1.3374,True,False,wall,0.0,-5.0,-10.0
122,5901,-3.0,1,29,0.895562,1.6384,True,False,wall,10.0,-3.0,-10.0
123,5986,-6.0,0,85,0.894802,1.3136,True,False,wall,0.0,4.0,-10.0
124,6043,-10.0,0,57,0.894292,1.0779,True,False,wall,0.0,0.0,-10.0
125,6139,-23.0,0,96,0.893434,1.4,True,False,wall,0.0,-13.0,-10.0
126,6155,-5.0,0,16,0.893291,1.0233,True,False,wall,0.0,5.0,-10.0
127,6175,-19.0,0,20,0.893112,1.3525,True,False,wall,0.0,-9.0,-10.0
128,6207,-8.0,1,32,0.892826,1.4652,True,False,wall,10.0,-8.0,-10.0
129,6242,-12.0,0,35,0.892514,1.6556,True,False,wall,0.0,-2.0,-10.0
130,6291,-1.0,1,49,0.892077,2.15,True,False,wall,10.0,-1.0,-10.0
131,6362,-4.0,0,71,0.891443,2.0122,True,False,wall,0.0,6.0,-10.0
132,6383,-14.0,0,21,0.891256,1.1465,True,False,wall,0.0,-4.0,-10.0
133,6406,-12.0,0,23,0.891051,1.8392,True,False,wall,0.0,-2.0,-10.0
134,6437,-6.0,0,31,0.890775,1.7065,True,False,wall,0.0,4.0,-10.0
135,6503,4.0,1,66,0.890187,1.7962,True,False,wall,10.0,4.0,-10.0
136,6693,2.0,1,190,0.888498,1.295,True,False,wall,10.0,2.0,-10.0
137,6733,-3.0,0,40,0.888142,1.3012,True,False,wall,0.0,7.0,-10.0
138,6766,-4.0,0,33,0.887849,1.6637,True,False,wall,0.0,6.0,-10.0
139,6800,-5.0,0,34,0.887547,1.5138,True,False,wall,0.0,5.0,-10.0
140,6855,1.0,1,55,0.887059,1.1167,True,False,wall,10.0,1.0,-10.0
141,6871,-5.0,0,16,0.886918,1.0491,True,False,wall,0.0,5.0,-10.0
142,6906,1.0,1,35,0.886607,1.162,True,False,wall,10.0,1.0,-10.0
143,6938,-15.0,0,32,0.886323,1.4485,True,False,wall,0.0,-5.0,-10.0
144,6974,-3.0,0,36,0.886004,1.7212,True,False,wall,0.0,7.0,-10.0
145,7001,-6.0,0,27,0.885765,1.228,True,False,wall,0.0,4.0,-10.0
146,7110,-6.0,0,109,0.8848,1.0917,True,False,wall,0.0,4.0,-10.0
147,7155,3.0,1,45,0.884402,1.3202,True,False,wall,10.0,3.0,-10.0
148,7232,-6.0,0,77,0.883722,1.3741,True,False,wall,0.0,4.0,-10.0
149,7294,-17.0,0,62,0.883174,1.3016,True,False,wall,0.0,-7.0,-10.0
150,7337,-22.0,0,43,0.882794,1.1338,True,False,wall,0.0,-12.0,-10.0
151,7370,-2.0,0,33,0.882503,0.9614,True,False,wall,0.0,8.0,-10.0
152,7408,-7.0,0,38,0.882168,1.0638,True,False,wall,0.0,3.0,-10.0
153,7482,-7.0,0,74,0.881515,1.0228,True,False,wall,0.0,3.0,-10.0
154,7611,35.0,3,129,0.880379,1.9494,True,False,body,30.0,15.0,-10.0
155,7660,-16.0,0,49,0.879947,1.8103,True,False,wall,0.0,-6.0,-10.0
156,7686,-3.0,0,26,0.879719,1.4307,True,False,wall,0.0,7.0,-10.0
157,7733,-6.0,0,47,0.879305,1.2212,True,False,wall,0.0,4.0,-10.0
158,7756,-6.0,0,23,0.879103,1.4152,True,False,wall,0.0,4.0,-10.0
159,7826,-8.0,1,70,0.878488,1.2273,True,False,wall,10.0,-8.0,-10.0
160,7952,-5.0,0,126,0.877382,1.2217,True,False,wall,0.0,5.0,-10.0
161,8044,-7.0,0,92,0.876575,1.4342,True,False,wall,0.0,3.0,-10.0
162,8094,6.0,1,50,0.876137,1.4158,True,False,wall,10.0,6.0,-10.0
163,8117,-12.0,0,23,0.875935,1.4014,True,False,wall,0.0,-2.0,-10.0
164,8324,11.0,1,207,0.874124,0.9907,True,False,wall,10.0,11.0,-10.0
165,8351,7.0,1,27,0.873888,0.8521,True,False,wall,10.0,7.0,-10.0
166,8379,-11.0,0,28,0.873643,1.1988,True,False,wall,0.0,-1.0,-10.0
167,8402,-14.0,0,23,0.873442,0.9393,True,False,wall,0.0,-4.0,-10.0
168,8482,-15.0,0,80,0.872744,0.9547,True,False,wall,0.0,-5.0,-10.0
169,8564,6.0,1,82,0.872028,0.9372,True,False,wall,10.0,6.0,-10.0
170,8721,24.0,2,157,0.87066,1.0397,True,False,wall,20.0,14.0,-10.0
171,8740,-4.0,0,19,0.870495,1.2862,True,False,wall,0.0,6.0,-10.0
172,8788,12.0,1,48,0.870077,1.21,True,False,wall,10.0,12.0,-10.0
173,8814,-19.0,0,26,0.869851,0.9325,True,False,wall,0.0,-9.0,-10.0
174,8906,-8.0,1,92,0.869051,1.1821,True,False,wall,10.0,-8.0,-10.0
175,9020,2.0,1,114,0.868061,1.4731,True,False,wall,10.0,2.0,-10.0
176,9050,-17.0,0,30,0.867801,1.3228,True,False,wall,0.0,-7.0,-10.0
177,9069,-14.0,0,19,0.867636,1.2328,True,False,wall,0.0,-4.0,-10.0
178,9134,9.0,1,65,0.867072,0.95,True,False,wall,10.0,9.0,-10.0
179,9178,-3.0,0,44,0.866691,0.8693,True,False,wall,0.0,7.0,-10.0
180,9202,-5.0,0,24,0.866483,0.7587,True,False,wall,0.0,5.0,-10.0
181,9222,4.0,1,20,0.866309,1.0401,True,False,wall,10.0,4.0,-10.0
182,9264,4.0,1,42,0.865946,1.1787,True,False,wall,10.0,4.0,-10.0
183,9298,-17.0,0,34,0.865651,0.9637,True,False,wall,0.0,-7.0,-10.0
184,9322,-21.0,0,24,0.865443,1.0901,True,False,wall,0.0,-11.0,-10.0
185,9348,-7.0,0,26,0.865218,0.9604,True,False,wall,0.0,3.0,-10.0
186,9427,-10.0,0,79,0.864535,0.7283,True,False,wall,0.0,0.0,-10.0
187,9552,-18.0,0,125,0.863455,1.1408,True,False,wall,0.0,-8.0,-10.0
188,9614,-11.0,0,62,0.86292,1.7973,True,False,wall,0.0,-1.0,-10.0
189,9660,-7.0,0,46,0.862523,1.2314,True,False,wall,0.0,3.0,-10.0
190,9679,5.0,1,19,0.862359,0.8903,True,False,wall,10.0,5.0,-10.0
191,9705,2.0,1,26,0.862135,0.8333,True,False,wall,10.0,2.0,-10.0
192,9800,-6.0,0,95,0.861316,0.8407,True,False,wall,0.0,4.0,-10.0
193,9908,23.0,2,108,0.860387,0.7824,True,False,wall,20.0,13.0,-10.0
194,9920,-19.0,0,12,0.860283,0.8693,True,False,wall,0.0,-9.0,-10.0
195,9931,-16.0,0,11,0.860189,0.7587,True,False,wall,0.0,-6.0,-10.0
196,9955,-17.0,0,24,0.859982,0.7905,True,False,wall,0.0,-7.0,-10.0
197,10001,-9.0,0,46,0.859587,0.8724,True,False,wall,0.0,1.0,-10.0
198,10018,-4.0,0,17,0.859441,0.6971,True,False,wall,0.0,6.0,-10.0
199,10052,-1.0,0,34,0.859149,1.3568,True,False,wall,0.0,9.0,-10.0
200,10127,-20.0,0,75,0.858505,1.311,True,False,wall,0.0,-10.0,-10.0
201,10174,3.0,1,47,0.858101,0.8124,True,False,wall,10.0,3.0,-10.0
202,10349,28.0,2,175,0.856601,1.0727,True,False,wall,20.0,18.0,-10.0
203,10388,5.0,1,39,0.856267,0.8951,True,False,wall,10.0,5.0,-10.0
204,10434,-5.0,0,46,0.855873,0.7901,True,False,wall,0.0,5.0,-10.0
205,10461,-10.0,0,27,0.855642,1.0034,True,False,wall,0.0,0.0,-10.0
206,10641,17.0,2,180,0.854103,1.0128,True,False,wall,20.0,7.0,-10.0
207,10679,-1.0,0,38,0.853779,1.0517,True,False,wall,0.0,9.0,-10.0
208,10702,-18.0,0,23,0.853582,1.1353,True,False,wall,0.0,-8.0,-10.0
209,10753,-10.0,0,51,0.853147,0.9071,True,False,wall,0.0,0.0,-10.0
210,10787,-23.0,0,34,0.852857,0.7696,True,False,wall,0.0,-13.0,-10.0
211,10875,4.0,1,88,0.852107,0.5987,True,False,wall,10.0,4.0,-10.0
212,10975,-2.0,1,100,0.851255,0.9359,True,False,wall,10.0,-2.0,-10.0
213,11021,-5.0,0,46,0.850864,1.1445,True,False,wall,0.0,5.0,-10.0
214,11052,13.0,1,31,0.8506,0.8555,True,False,wall,10.0,13.0,-10.0
215,11111,-8.0,0,59,0.850098,0.859,True,False,wall,0.0,2.0,-10.0
216,11199,4.0,1,88,0.849351,1.2829,True,False,wall,10.0,4.0,-10.0
217,11219,-11.0,0,20,0.849181,1.1586,True,False,wall,0.0,-1.0,-10.0
218,11238,11.0,1,19,0.849019,1.1896,True,False,wall,10.0,11.0,-10.0
219,11265,-22.0,0,27,0.84879,1.1271,True,False,wall,0.0,-12.0,-10.0
220,11288,-10.0,0,23,0.848595,0.9387,True,False,wall,0.0,0.0,-10.0
221,11308,-3.0,0,20,0.848425,1.3569,True,False,wall,0.0,7.0,-10.0
222,11331,-14.0,0,23,0.84823,1.1185,True,False,wall,0.0,-4.0,-10.0
223,11375,-13.0,0,44,0.847857,1.16,True,False,wall,0.0,-3.0,-10.0
224,11423,-11.0,0,48,0.84745,0.9912,True,False,wall,0.0,-1.0,-10.0
225,11453,-17.0,0,30,0.847196,0.9598,True,False,wall,0.0,-7.0,-10.0
226,11486,-8.0,0,33,0.846916,0.94,True,False,wall,0.0,2.0,-10.0
227,11606,15.0,2,120,0.845901,0.736,True,False,wall,20.0,5.0,-10.0
228,11654,2.0,1,48,0.845495,0.9041,True,False,wall,10.0,2.0,-10.0
229,11673,-12.0,0,19,0.845334,0.6937,True,False,wall,0.0,-2.0,-10.0
230,11748,5.0,1,75,0.8447,0.6374,True,False,wall,10.0,5.0,-10.0
231,11769,-18.0,0,21,0.844523,0.6765,True,False,wall,0.0,-8.0,-10.0
232,11782,9.0,1,13,0.844413,0.5981,True,False,wall,10.0,9.0,-10.0
233,11820,-7.0,0,38,0.844092,0.711,True,False,wall,0.0,3.0,-10.0
234,11897,13.0,1,77,0.843443,0.7892,True,False,wall,10.0,13.0,-10.0
235,11912,-6.0,0,15,0.843316,0.765,True,False,wall,0.0,4.0,-10.0
236,11954,-11.0,0,42,0.842962,1.1848,True,False,wall,0.0,-1.0,-10.0
237,11989,-12.0,0,35,0.842667,1.1595,True,False,wall,0.0,-2.0,-10.0
238,12000,-2.0,0,11,0.842574,0.7896,True,False,wall,0.0,8.0,-10.0
239,12075,-18.0,0,75,0.841943,0.9172,True,False,wall,0.0,-8.0,-10.0
240,12121,-17.0,0,46,0.841556,1.1184,True,False,wall,0.0,-7.0,-10.0
241,12198,-10.0,0,77,0.840908,1.4311,True,False,wall,0.0,0.0,-10.0
242,12234,-19.0,0,36,0.840605,1.459,True,False,wall,0.0,-9.0,-10.0
243,12262,-13.0,0,28,0.84037,1.6285,True,False,wall,0.0,-3.0,-10.0
244,12294,0.0,1,32,0.840101,1.3368,True,False,wall,10.0,0.0,-10.0
245,12365,-8.0,0,71,0.839505,0.8542,True,False,wall,0.0,2.0,-10.0
246,12414,44.0,4,49,0.839093,0.6239,True,False,wall,40.0,14.0,-10.0
247,12445,-5.0,1,31,0.838833,0.5862,True,False,wall,10.0,-5.0,-10.0
248,12474,-4.0,0,29,0.83859,0.7597,True,False,wall,0.0,6.0,-10.0
249,12531,-1.0,1,57,0.838112,0.7761,True,False,wall,10.0,-1.0,-10.0
250,12557,-13.0,0,26,0.837894,0.6609,True,False,wall,0.0,-3.0,-10.0
251,12644,7.0,1,87,0.837166,0.5098,True,False,wall,10.0,7.0,-10.0
252,12731,38.0,2,87,0.836438,0.7103,True,False,wall,20.0,28.0,-10.0
253,12774,31.0,3,43,0.836078,0.8761,True,False,body,30.0,11.0,-10.0
254,12846,-3.0,0,72,0.835476,1.0442,True,False,wall,0.0,7.0,-10.0
255,13080,54.0,3,234,0.833524,0.7812,True,False,body,30.0,34.0,-10.0
256,13119,-6.0,0,39,0.833199,0.7638,True,False,wall,0.0,4.0,-10.0
257,13169,4.0,1,50,0.832782,0.7262,True,False,wall,10.0,4.0,-10.0
258,13206,12.0,2,37,0.832474,0.6745,True,False,wall,20.0,2.0,-10.0
259,13253,0.0,0,47,0.832083,0.8835,True,False,wall,0.0,10.0,-10.0
260,13320,-2.0,0,67,0.831526,0.7121,True,False,wall,0.0,8.0,-10.0
261,13375,7.0,1,55,0.831068,0.6475,True,False,wall,10.0,7.0,-10.0
262,13433,19.0,2,58,0.830586,0.7931,True,False,wall,20.0,9.0,-10.0
263,13478,5.0,1,45,0.830213,1.0964,True,False,wall,10.0,5.0,-10.0
264,13546,12.0,1,68,0.829648,1.2931,True,False,wall,10.0,12.0,-10.0
265,13568,-1.0,0,22,0.829466,1.0899,True,False,wall,0.0,9.0,-10.0
266,13604,0.0,1,36,0.829167,1.4145,True,False,wall,10.0,0.0,-10.0
267,13705,-16.0,0,101,0.82833,0.8537,True,False,wall,0.0,-6.0,-10.0
268,13774,-6.0,0,69,0.827759,0.809,True,False,wall,0.0,4.0,-10.0
269,13796,-11.0,0,22,0.827577,0.8538,True,False,wall,0.0,-1.0,-10.0
270,13838,-15.0,0,42,0.827229,0.6495,True,False,wall,0.0,-5.0,-10.0
271,13945,13.0,1,107,0.826345,0.6083,True,False,wall,10.0,13.0,-10.0
272,13972,9.0,1,27,0.826122,0.7592,True,False,wall,10.0,9.0,-10.0
273,14072,48.0,3,100,0.825296,1.0561,True,False,body,30.0,28.0,-10.0
274,14122,12.0,1,50,0.824883,1.0608,True,False,wall,10.0,12.0,-10.0
275,14145,7.0,1,23,0.824694,0.9392,True,False,wall,10.0,7.0,-10.0
276,14196,13.0,1,51,0.824273,1.1558,True,False,wall,10.0,13.0,-10.0
277,14277,3.0,1,81,0.823606,1.2041,True,False,wall,10.0,3.0,-10.0
278,14361,28.0,3,84,0.822914,1.2266,True,False,body,30.0,8.0,-10.0
279,14424,-7.0,1,63,0.822396,1.0644,True,False,wall,10.0,-7.0,-10.0
280,14453,-18.0,0,29,0.822158,0.8262,True,False,wall,0.0,-8.0,-10.0
281,14670,9.0,1,217,0.820375,1.0848,True,False,wall,10.0,9.0,-10.0
282,14690,8.0,1,20,0.820211,0.896,True,False,wall,10.0,8.0,-10.0
283,14766,-11.0,0,76,0.819588,1.0074,True,False,wall,0.0,-1.0,-10.0
284,14851,26.0,2,85,0.818892,0.852,True,False,wall,20.0,16.0,-10.0
285,14927,18.0,1,76,0.81827,0.9349,True,False,wall,10.0,18.0,-10.0
286,14970,-18.0,0,43,0.817918,0.854,True,False,wall,0.0,-8.0,-10.0
287,15107,1.0,1,137,0.816798,0.6826,True,False,wall,10.0,1.0,-10.0
288,15119,-3.0,0,12,0.8167,0.675,True,False,wall,0.0,7.0,-10.0
289,15136,7.0,1,17,0.816561,0.7214,True,False,wall,10.0,7.0,-10.0
290,15173,0.0,0,37,0.816259,0.8296,True,False,wall,0.0,10.0,-10.0
291,15222,1.0,1,49,0.815859,0.6119,True,False,wall,10.0,1.0,-10.0
292,15246,-9.0,0,24,0.815664,0.7797,True,False,wall,0.0,1.0,-10.0
293,15282,10.0,1,36,0.81537,0.6764,True,False,wall,10.0,10.0,-10.0
294,15454,25.0,2,172,0.813969,0.8699,True,False,wall,20.0,15.0,-10.0
295,15570,35.0,2,116,0.813025,1.0243,True,False,wall,20.0,25.0,-10.0
296,15671,9.0,1,101,0.812204,0.6917,True,False,wall,10.0,9.0,-10.0
297,15712,9.0,1,41,0.811871,0.6512,True,False,wall,10.0,9.0,-10.0
298,15767,-12.0,0,55,0.811425,0.8117,True,False,wall,0.0,-2.0,-10.0
299,15845,12.0,1,78,0.810792,0.6749,True,False,wall,10.0,12.0,-10.0
300,16037,30.0,3,192,0.809237,0.6538,True,False,body,30.0,10.0,-10.0
301,16050,-2.0,0,13,0.809132,0.59,True,False,wall,0.0,8.0,-10.0
302,16110,-15.0,0,60,0.808647,0.7895,True,False,wall,0.0,-5.0,-10.0
303,16127,-12.0,0,17,0.808509,0.7155,True,False,wall,0.0,-2.0,-10.0
304,16161,8.0,1,34,0.808234,0.7257,True,False,wall,10.0,8.0,-10.0
305,16236,25.0,3,75,0.807628,0.5617,True,False,body,30.0,5.0,-10.0
306,16284,-5.0,0,48,0.807241,1.0473,True,False,wall,0.0,5.0,-10.0
307,16386,-5.0,0,102,0.806418,1.2328,True,False,wall,0.0,5.0,-10.0
308,16408,-1.0,0,22,0.80624,0.8658,True,False,wall,0.0,9.0,-10.0
309,16503,33.0,3,95,0.805475,0.7714,True,False,body,30.0,13.0,-10.0
310,16559,2.0,1,56,0.805024,0.5434,True,False,wall,10.0,2.0,-10.0
311,16570,-14.0,0,11,0.804935,0.4306,True,False,wall,0.0,-4.0,-10.0
312,16621,-10.0,0,51,0.804525,0.5917,True,False,wall,0.0,0.0,-10.0
313,16667,1.0,0,46,0.804155,0.4827,True,False,wall,0.0,11.0,-10.0
314,16697,4.0,1,30,0.803914,0.4991,True,False,wall,10.0,4.0,-10.0
315,16793,4.0,1,96,0.803142,0.7397,True,False,wall,10.0,4.0,-10.0
316,16831,-13.0,0,38,0.802837,1.3617,True,False,wall,0.0,-3.0,-10.0
317,16843,-7.0,0,12,0.802741,1.0855,True,False,wall,0.0,3.0,-10.0
318,16928,43.0,3,85,0.802059,0.9371,True,False,wall,30.0,23.0,-10.0
319,16949,-12.0,0,21,0.80189,0.8597,True,False,wall,0.0,-2.0,-10.0
320,17029,6.0,1,80,0.801249,0.8802,True,False,wall,10.0,6.0,-10.0
321,17042,-6.0,0,13,0.801145,0.8553,True,False,wall,0.0,4.0,-10.0
322,17069,-16.0,0,27,0.800929,0.5768,True,False,wall,0.0,-6.0,-10.0
323,17087,6.0,1,18,0.800785,0.7696,True,False,wall,10.0,6.0,-10.0
324,17120,-14.0,0,33,0.80052,0.7188,True,False,wall,0.0,-4.0,-10.0
325,17161,-8.0,0,41,0.800192,0.7044,True,False,wall,0.0,2.0,-10.0
326,17207,-9.0,0,46,0.799824,0.7485,True,False,wall,0.0,1.0,-10.0
327,17228,5.0,1,21,0.799656,0.5835,True,False,wall,10.0,5.0,-10.0
328,17250,-7.0,0,22,0.79948,0.7609,True,False,wall,0.0,3.0,-10.0
329,17283,-6.0,0,33,0.799217,0.8055,True,False,wall,0.0,4.0,-10.0
330,17331,-1.0,0,48,0.798833,0.7831,True,False,wall,0.0,9.0,-10.0
331,17386,11.0,1,55,0.798394,0.6761,True,False,wall,10.0,11.0,-10.0
332,17444,-5.0,0,58,0.797931,0.8086,True,False,wall,0.0,5.0,-10.0
333,17476,-7.0,0,32,0.797676,0.9239,True,False,wall,0.0,3.0,-10.0
334,17525,22.0,2,49,0.797285,1.0332,True,False,wall,20.0,12.0,-10.0
335,17657,31.0,2,132,0.796233,0.6414,True,False,wall,20.0,21.0,-10.0
336,17728,9.0,1,71,0.795668,0.7022,True,False,wall,10.0,9.0,-10.0
337,17763,-2.0,0,35,0.79539,0.889,True,False,wall,0.0,8.0,-10.0
338,17857,15.0,2,94,0.794642,1.2236,True,False,wall,20.0,5.0,-10.0
339,17910,7.0,1,53,0.794221,0.6107,True,False,wall,10.0,7.0,-10.0
340,17963,5.0,1,53,0.7938,0.8733,True,False,wall,10.0,5.0,-10.0
341,17978,-12.0,0,15,0.793681,0.8988,True,False,wall,0.0,-2.0,-10.0
342,18138,0.0,1,160,0.792412,0.9027,True,False,wall,10.0,0.0,-10.0
343,18168,-5.0,0,30,0.792175,1.0312,True,False,wall,0.0,5.0,-10.0
344,18211,11.0,1,43,0.791834,1.0088,True,False,wall,10.0,11.0,-10.0
345,18238,-4.0,0,27,0.79162,0.8516,True,False,wall,0.0,6.0,-10.0
346,18268,14.0,1,30,0.791383,0.6894,True,False,wall,10.0,14.0,-10.0
347,18430,44.0,3,162,0.790102,0.816,True,False,body,30.0,24.0,-10.0
348,18474,4.0,1,44,0.789754,0.9909,True,False,wall,10.0,4.0,-10.0
349,18522,40.0,3,48,0.789375,0.8026,True,False,wall,30.0,20.0,-10.0
350,18672,26.0,3,150,0.788192,0.6299,True,False,body,30.0,6.0,-10.0
351,18689,-2.0,0,17,0.788058,0.8874,True,False,wall,0.0,8.0,-10.0
352,18746,-12.0,0,57,0.787609,0.9079,True,False,wall,0.0,-2.0,-10.0
353,18817,11.0,1,71,0.78705,0.856,True,False,wall,10.0,11.0,-10.0
354,18848,-10.0,0,31,0.786806,1.0407,True,False,wall,0.0,0.0,-10.0
355,18888,16.0,1,40,0.786492,0.7989,True,False,wall,10.0,16.0,-10.0
356,18938,4.0,1,50,0.786098,0.6705,True,False,wall,10.0,4.0,-10.0
357,18975,7.0,1,37,0.785808,0.5914,True,False,wall,10.0,7.0,-10.0
358,19029,-3.0,0,54,0.785383,0.6248,True,False,wall,0.0,7.0,-10.0
359,19058,-10.0,0,29,0.785156,0.4892,True,False,wall,0.0,0.0,-10.0
360,19127,8.0,2,69,0.784614,0.7238,True,False,wall,20.0,-2.0,-10.0
361,19193,34.0,3,66,0.784096,0.813,True,False,wall,30.0,14.0,-10.0
362,19260,39.0,3,67,0.783571,1.0655,True,False,body,30.0,19.0,-10.0
363,19300,2.0,1,40,0.783258,1.0622,True,False,wall,10.0,2.0,-10.0
364,19397,35.0,3,97,0.782498,0.997,True,False,wall,30.0,15.0,-10.0
365,19505,42.0,3,108,0.781654,0.8583,True,False,wall,30.0,22.0,-10.0
366,19521,-1.0,0,16,0.781529,0.6788,True,False,wall,0.0,9.0,-10.0
367,19567,10.0,1,46,0.781169,0.8703,True,False,wall,10.0,10.0,-10.0
368,19602,-6.0,0,35,0.780896,0.7161,True,False,wall,0.0,4.0,-10.0
369,19653,13.0,1,51,0.780498,0.7397,True,False,wall,10.0,13.0,-10.0
370,19691,-9.0,0,38,0.780201,1.0277,True,False,wall,0.0,1.0,-10.0
371,19729,-7.0,0,38,0.779905,0.6957,True,False,wall,0.0,3.0,-10.0
372,19812,15.0,1,83,0.779258,0.8482,True,False,wall,10.0,15.0,-10.0
373,19896,12.0,1,84,0.778604,0.9417,True,False,wall,10.0,12.0,-10.0
374,19970,14.0,1,74,0.778028,0.8939,True,False,wall,10.0,14.0,-10.0
375,20001,-6.0,0,31,0.777786,0.7108,True,False,wall,0.0,4.0,-10.0
376,20044,-3.0,1,43,0.777452,0.6974,True,False,wall,10.0,-3.0,-10.0
377,20055,-6.0,0,11,0.777367,0.6703,True,False,wall,0.0,4.0,-10.0
378,20085,-7.0,0,30,0.777133,0.991,True,False,wall,0.0,3.0,-10.0
379,20101,-1.0,0,16,0.777009,0.9039,True,False,wall,0.0,9.0,-10.0
380,20140,-8.0,0,39,0.776706,0.6417,True,False,wall,0.0,2.0,-10.0
381,20166,2.0,1,26,0.776504,0.8171,True,False,wall,10.0,2.0,-10.0
382,20185,-14.0,0,19,0.776357,0.8635,True,False,wall,0.0,-4.0,-10.0
383,20203,-11.0,0,18,0.776217,0.6427,True,False,wall,0.0,-1.0,-10.0
384,20301,-5.0,0,98,0.775457,0.8026,True,False,wall,0.0,5.0,-10.0
385,20348,35.0,3,47,0.775092,0.691,True,False,wall,30.0,15.0,-10.0
386,20373,7.0,1,25,0.774898,0.9256,True,False,wall,10.0,7.0,-10.0
387,20473,46.0,3,100,0.774124,0.9081,True,False,wall,30.0,26.0,-10.0
388,20529,-5.0,0,56,0.773691,0.93,True,False,wall,0.0,5.0,-10.0
389,20553,10.0,1,24,0.773505,0.7946,True,False,wall,10.0,10.0,-10.0
390,20591,17.0,2,38,0.773211,0.9194,True,False,wall,20.0,7.0,-10.0
391,20788,12.0,2,197,0.771689,0.832,True,False,wall,20.0,2.0,-10.0
392,20820,19.0,2,32,0.771442,0.7644,True,False,wall,20.0,9.0,-10.0
393,20993,56.0,4,173,0.770109,0.7985,True,False,body,40.0,26.0,-10.0
394,21077,8.0,1,84,0.769462,1.1015,True,False,wall,10.0,8.0,-10.0
395,21134,13.0,1,57,0.769024,0.9615,True,False,wall,10.0,13.0,-10.0
396,21157,3.0,1,23,0.768847,0.9839,True,False,wall,10.0,3.0,-10.0
397,21194,5.0,1,37,0.768563,0.9754,True,False,wall,10.0,5.0,-10.0
398,21243,-4.0,0,49,0.768186,0.9275,True,False,wall,0.0,6.0,-10.0
399,21309,-13.0,0,66,0.767679,0.9598,True,False,wall,0.0,-3.0,-10.0
400,21352,-14.0,0,43,0.767349,0.8044,True,False,wall,0.0,-4.0,-10.0
401,21428,6.0,1,76,0.766766,0.7486,True,False,wall,10.0,6.0,-10.0
402,21519,28.0,2,91,0.766069,0.6981,True,False,wall,20.0,18.0,-10.0
403,21540,-2.0,0,21,0.765908,0.6061,True,False,wall,0.0,8.0,-10.0
404,21627,-14.0,0,87,0.765242,0.6651,True,False,wall,0.0,-4.0,-10.0
405,21661,21.0,2,34,0.764982,0.715,True,False,wall,20.0,11.0,-10.0
406,21703,0.0,1,42,0.764661,0.706,True,False,wall,10.0,0.0,-10.0
407,21737,-3.0,0,34,0.764401,0.6734,True,False,wall,0.0,7.0,-10.0
408,21759,-5.0,0,22,0.764232,0.7206,True,False,wall,0.0,5.0,-10.0
409,21874,13.0,1,115,0.763354,0.8927,True,False,wall,10.0,13.0,-10.0
410,21893,0.0,0,19,0.763209,0.7403,True,False,wall,0.0,10.0,-10.0
411,21926,5.0,1,33,0.762957,1.1744,True,False,wall,10.0,5.0,-10.0
412,21978,8.0,1,52,0.762561,0.9296,True,False,wall,10.0,8.0,-10.0
413,22010,-1.0,0,32,0.762317,0.9773,True,False,wall,0.0,9.0,-10.0
414,22073,0.0,0,63,0.761837,0.993,True,False,wall,0.0,10.0,-10.0
415,22172,20.0,2,99,0.761083,1.0666,True,False,wall,20.0,10.0,-10.0
416,22195,-2.0,0,23,0.760908,0.887,True,False,wall,0.0,8.0,-10.0
417,22224,-4.0,0,29,0.760687,0.9243,True,False,wall,0.0,6.0,-10.0
418,22245,-12.0,0,21,0.760527,0.7362,True,False,wall,0.0,-2.0,-10.0
419,22293,0.0,1,48,0.760162,0.7784,True,False,wall,10.0,0.0,-10.0
420,22379,-13.0,0,86,0.759509,0.7748,True,False,wall,0.0,-3.0,-10.0
421,22405,36.0,3,26,0.759311,0.6708,True,False,body,30.0,16.0,-10.0
422,22430,-12.0,0,25,0.759122,0.9594,True,False,wall,0.0,-2.0,-10.0
423,22494,-17.0,0,64,0.758636,0.8614,True,False,wall,0.0,-7.0,-10.0
424,22507,-4.0,0,13,0.758537,1.0423,True,False,wall,0.0,6.0,-10.0
425,22540,11.0,1,33,0.758287,0.8856,True,False,wall,10.0,11.0,-10.0
426,22583,-8.0,0,43,0.757961,0.9292,True,False,wall,0.0,2.0,-10.0
427,22614,11.0,1,31,0.757726,1.1643,True,False,wall,10.0,11.0,-10.0
428,22669,11.0,1,55,0.757309,0.8471,True,False,wall,10.0,11.0,-10.0
429,22697,8.0,1,28,0.757097,1.0002,True,False,wall,10.0,8.0,-10.0
430,22766,20.0,2,69,0.756575,1.1524,True,False,wall,20.0,10.0,-10.0
431,22832,10.0,1,66,0.756076,0.8252,True,False,wall,10.0,10.0,-10.0
432,22890,23.0,2,58,0.755638,0.7299,True,False,wall,20.0,13.0,-10.0
433,22953,7.0,1,63,0.755162,0.6696,True,False,wall,10.0,7.0,-10.0
434,22977,6.0,1,24,0.754981,0.6646,True,False,wall,10.0,6.0,-10.0
435,23258,55.0,3,281,0.752862,0.7122,True,False,wall,30.0,35.0,-10.0
436,23327,2.0,0,69,0.752343,0.6714,True,False,wall,0.0,12.0,-10.0
437,23339,-3.0,0,12,0.752252,0.6077,True,False,wall,0.0,7.0,-10.0
438,23355,-13.0,0,16,0.752132,0.6234,True,False,wall,0.0,-3.0,-10.0
439,23409,0.0,1,54,0.751726,1.025,True,False,wall,10.0,0.0,-10.0
440,23422,-4.0,0,13,0.751628,0.6695,True,False,wall,0.0,6.0,-10.0
441,23485,45.0,3,63,0.751155,0.9453,True,False,body,30.0,25.0,-10.0
442,23508,-10.0,0,23,0.750982,0.7886,True,False,wall,0.0,0.0,-10.0
443,23611,26.0,2,103,0.750209,0.8198,True,False,wall,20.0,16.0,-10.0
444,23626,-4.0,0,15,0.750097,1.0266,True,False,wall,0.0,6.0,-10.0
445,23778,14.0,1,152,0.748957,0.7082,True,False,wall,10.0,14.0,-10.0
446,23799,7.0,1,21,0.7488,0.6311,True,False,wall,10.0,7.0,-10.0
447,23812,7.0,1,13,0.748703,0.6408,True,False,wall,10.0,7.0,-10.0
448,23832,1.0,0,20,0.748553,0.7439,True,False,wall,0.0,11.0,-10.0
449,23917,15.0,1,85,0.747917,0.834,True,False,wall,10.0,15.0,-10.0
450,23941,-5.0,0,24,0.747738,0.64,True,False,wall,0.0,5.0,-10.0
451,24006,-4.0,0,65,0.747252,0.6666,True,False,wall,0.0,6.0,-10.0
452,24044,8.0,1,38,0.746968,0.5586,True,False,wall,10.0,8.0,-10.0
453,24071,-6.0,0,27,0.746766,0.5183,True,False,wall,0.0,4.0,-10.0
454,24092,-8.0,0,21,0.746609,0.7832,True,False,wall,0.0,2.0,-10.0
455,24107,-2.0,0,15,0.746497,0.6627,True,False,wall,0.0,8.0,-10.0
456,24131,12.0,1,24,0.746318,0.5791,True,False,wall,10.0,12.0,-10.0
457,24147,-7.0,0,16,0.746199,0.8963,True,False,wall,0.0,3.0,-10.0
458,24187,21.0,2,40,0.7459,1.0823,True,False,wall,20.0,11.0,-10.0
459,24219,12.0,1,32,0.745662,1.1529,True,False,wall,10.0,12.0,-10.0
460,24243,15.0,2,24,0.745483,1.6492,True,False,wall,20.0,5.0,-10.0
461,24267,-17.0,0,24,0.745304,1.4234,True,False,wall,0.0,-7.0,-10.0
462,24289,-1.0,0,22,0.74514,0.8784,True,False,wall,0.0,9.0,-10.0
463,24318,-8.0,0,29,0.744924,1.1446,True,False,wall,0.0,2.0,-10.0
464,24354,-7.0,0,36,0.744656,0.9782,True,False,wall,0.0,3.0,-10.0
465,24396,-5.0,0,42,0.744343,0.9995,True,False,wall,0.0,5.0,-10.0
466,24412,-9.0,0,16,0.744224,1.0619,True,False,wall,0.0,1.0,-10.0
467,24424,-5.0,0,12,0.744135,0.9883,True,False,wall,0.0,5.0,-10.0
468,24479,-12.0,0,55,0.743725,0.705,True,False,wall,0.0,-2.0,-10.0
469,24526,7.0,1,47,0.743376,0.6771,True,False,wall,10.0,7.0,-10.0
470,24645,24.0,2,119,0.742492,0.5768,True,False,wall,20.0,14.0,-10.0
471,24765,10.0,1,120,0.741601,0.6179,True,False,wall,10.0,10.0,-10.0
472,24803,-11.0,0,38,0.74132,0.5381,True,False,wall,0.0,-1.0,-10.0
473,24824,9.0,1,21,0.741164,0.698,True,False,wall,10.0,9.0,-10.0
474,24953,30.0,2,129,0.740209,0.7208,True,False,wall,20.0,20.0,-10.0
475,25070,-6.0,0,117,0.739343,0.7086,True,False,wall,0.0,4.0,-10.0
476,25099,5.0,1,29,0.739129,1.1013,True,False,wall,10.0,5.0,-10.0
477,25148,-4.0,0,49,0.738767,0.729,True,False,wall,0.0,6.0,-10.0
478,25250,13.0,2,102,0.738013,1.0379,True,False,wall,20.0,3.0,-10.0
479,25309,1.0,1,59,0.737578,1.0431,True,False,wall,10.0,1.0,-10.0
480,25351,6.0,1,42,0.737268,1.0103,True,False,wall,10.0,6.0,-10.0
481,25369,-5.0,0,18,0.737136,0.8084,True,False,wall,0.0,5.0,-10.0
482,25397,19.0,2,28,0.736929,0.9356,True,False,wall,20.0,9.0,-10.0
483,25442,24.0,2,45,0.736598,0.8318,True,False,wall,20.0,14.0,-10.0
484,25486,6.0,1,44,0.736274,0.8739,True,False,wall,10.0,6.0,-10.0
485,25551,15.0,1,65,0.735795,0.6618,True,False,wall,10.0,15.0,-10.0
486,25564,-14.0,0,13,0.7357,0.5712,True,False,wall,0.0,-4.0,-10.0
487,25605,-14.0,0,41,0.735398,0.7491,True,False,wall,0.0,-4.0,-10.0
488,25715,8.0,1,110,0.73459,0.6833,True,False,wall,10.0,8.0,-10.0
489,25746,-20.0,0,31,0.734362,0.559,True,False,wall,0.0,-10.0,-10.0
490,25791,20.0,2,45,0.734032,0.5412,True,False,wall,20.0,10.0,-10.0
491,25823,-17.0,0,32,0.733797,0.5171,True,False,wall,0.0,-7.0,-10.0
492,25912,25.0,1,89,0.733144,0.5868,True,False,wall,10.0,25.0,-10.0
493,26001,-4.0,0,89,0.732492,0.5862,True,False,wall,0.0,6.0,-10.0
494,26015,-7.0,0,14,0.732389,0.7319,True,False,wall,0.0,3.0,-10.0
495,26041,12.0,1,26,0.732199,0.7235,True,False,wall,10.0,12.0,-10.0
496,26083,2.0,1,42,0.731891,0.7055,True,False,wall,10.0,2.0,-10.0
497,26102,7.0,1,19,0.731752,0.6842,True,False,wall,10.0,7.0,-10.0
498,26117,-2.0,0,15,0.731642,0.5376,True,False,wall,0.0,8.0,-10.0
499,26239,38.0,3,122,0.73075,0.768,True,False,body,30.0,18.0,-10.0
500,26255,-3.0,0,16,0.730634,0.599,True,False,wall,0.0,7.0,-10.0
501,26338,21.0,1,83,0.730027,0.7246,True,False,wall,10.0,21.0,-10.0
502,26386,-15.0,0,48,0.729677,0.6574,True,False,wall,0.0,-5.0,-10.0
503,26443,-8.0,0,57,0.729261,0.6778,True,False,wall,0.0,2.0,-10.0
504,26488,7.0,1,45,0.728933,0.7489,True,False,wall,10.0,7.0,-10.0
505,26507,-4.0,0,19,0.728795,0.6893,True,False,wall,0.0,6.0,-10.0
506,26528,-2.0,0,21,0.728642,0.7246,True,False,wall,0.0,8.0,-10.0
507,26566,19.0,2,38,0.728365,0.8111,True,False,wall,20.0,9.0,-10.0
508,26589,-6.0,0,23,0.728197,1.0402,True,False,wall,0.0,4.0,-10.0
509,26652,29.0,3,63,0.727739,0.7456,True,False,wall,30.0,9.0,-10.0
510,26714,35.0,2,62,0.727288,0.8339,True,False,wall,20.0,25.0,-10.0
511,26839,79.0,5,125,0.726379,0.7694,True,False,body,50.0,39.0,-10.0
512,26911,42.0,3,72,0.725856,0.6387,True,False,body,30.0,22.0,-10.0
513,27059,46.0,3,148,0.724783,0.8021,True,False,body,30.0,26.0,-10.0
514,27078,5.0,1,19,0.724645,0.8012,True,False,wall,10.0,5.0,-10.0
515,27183,20.0,2,105,0.723885,0.8741,True,False,wall,20.0,10.0,-10.0
516,27303,33.0,2,120,0.723016,0.9118,True,False,wall,20.0,23.0,-10.0
517,27325,-9.0,0,22,0.722857,0.7223,True,False,wall,0.0,1.0,-10.0
518,27342,7.0,1,17,0.722735,0.6208,True,False,wall,10.0,7.0,-10.0
519,27477,28.0,2,135,0.72176,0.7317,True,False,wall,20.0,18.0,-10.0
520,27528,13.0,1,51,0.721391,0.5916,True,False,wall,10.0,13.0,-10.0
521,27568,8.0,1,40,0.721103,0.5906,True,False,wall,10.0,8.0,-10.0
522,27611,39.0,3,43,0.720793,0.6581,True,False,body,30.0,19.0,-10.0
523,27643,-3.0,0,32,0.720562,0.7744,True,False,wall,0.0,7.0,-10.0
524,27683,-5.0,0,40,0.720274,0.9395,True,False,wall,0.0,5.0,-10.0
525,27700,-12.0,0,17,0.720152,0.8916,True,False,wall,0.0,-2.0,-10.0
526,27753,-8.0,0,53,0.71977,0.6552,True,False,wall,0.0,2.0,-10.0
527,27767,-3.0,0,14,0.719669,0.64,True,False,wall,0.0,7.0,-10.0
528,27869,6.0,1,102,0.718936,0.6342,True,False,wall,10.0,6.0,-10.0
529,27990,21.0,1,121,0.718066,0.7302,True,False,wall,10.0,21.0,-10.0
530,28028,-3.0,0,38,0.717794,0.9064,True,False,wall,0.0,7.0,-10.0
531,28064,6.0,1,36,0.717535,0.8531,True,False,wall,10.0,6.0,-10.0
532,28096,-1.0,0,32,0.717306,0.6775,True,False,wall,0.0,9.0,-10.0
533,28126,19.0,2,30,0.71709,0.775,True,False,wall,20.0,9.0,-10.0
534,28159,5.0,1,33,0.716854,0.6505,True,False,wall,10.0,5.0,-10.0
535,28210,2.0,0,51,0.716488,0.7946,True,False,wall,0.0,12.0,-10.0
536,28262,6.0,1,52,0.716116,0.6422,True,False,wall,10.0,6.0,-10.0
537,28291,20.0,2,29,0.715908,0.6025,True,False,wall,20.0,10.0,-10.0
538,28356,9.0,1,65,0.715443,0.7688,True,False,wall,10.0,9.0,-10.0
539,28419,-8.0,0,63,0.714992,0.7711,True,False,wall,0.0,2.0,-10.0
540,28450,13.0,1,31,0.714771,0.7354,True,False,wall,10.0,13.0,-10.0
541,28536,46.0,3,86,0.714156,0.652,True,False,wall,30.0,26.0,-10.0
542,28649,14.0,2,113,0.71335,0.7264,True,False,wall,20.0,4.0,-10.0
543,28693,-5.0,0,44,0.713036,0.7207,True,False,wall,0.0,5.0,-10.0
544,28759,29.0,2,66,0.712566,0.7803,True,False,wall,20.0,19.0,-10.0
545,28800,31.0,3,41,0.712274,1.0401,True,False,wall,30.0,11.0,-10.0
546,28960,46.0,3,160,0.711135,0.9003,True,False,body,30.0,26.0,-10.0
547,29002,8.0,1,42,0.710836,0.9326,True,False,wall,10.0,8.0,-10.0
548,29025,-2.0,0,23,0.710673,1.2321,True,False,wall,0.0,8.0,-10.0
549,29127,21.0,2,102,0.709948,1.1789,True,False,wall,20.0,11.0,-10.0
550,29161,6.0,1,34,0.709707,0.6989,True,False,wall,10.0,6.0,-10.0
551,29199,30.0,3,38,0.709437,0.9897,True,False,body,30.0,10.0,-10.0
552,29213,-17.0,0,14,0.709338,0.8015,True,False,wall,0.0,-7.0,-10.0
553,29320,36.0,2,107,0.708579,0.8112,True,False,wall,20.0,26.0,-10.0
554,29331,-8.0,0,11,0.708501,1.0513,True,False,wall,0.0,2.0,-10.0
555,29369,12.0,1,38,0.708232,1.1588,True,False,wall,10.0,12.0,-10.0
556,29402,-4.0,0,33,0.707999,1.1185,True,False,wall,0.0,6.0,-10.0
557,29420,10.0,1,18,0.707871,1.0336,True,False,wall,10.0,10.0,-10.0
558,29453,-6.0,0,33,0.707638,0.8994,True,False,wall,0.0,4.0,-10.0
559,29476,9.0,1,23,0.707475,0.9078,True,False,wall,10.0,9.0,-10.0
560,29587,43.0,3,111,0.70669,0.865,True,False,body,30.0,23.0,-10.0
561,29654,24.0,2,67,0.706217,0.9508,True,False,wall,20.0,14.0,-10.0
562,29756,16.0,1,102,0.705497,0.6209,True,False,wall,10.0,16.0,-10.0
563,29797,35.0,3,41,0.705207,0.5599,True,False,body,30.0,15.0,-10.0
564,29874,30.0,2,77,0.704665,0.7806,True,False,wall,20.0,20.0,-10.0
565,29992,53.0,4,118,0.703834,0.7709,True,False,wall,40.0,23.0,-10.0
566,30085,47.0,3,93,0.703179,0.982,True,False,body,30.0,27.0,-10.0
567,30138,-6.0,0,53,0.702807,1.1124,True,False,wall,0.0,4.0,-10.0
568,30196,36.0,3,58,0.702399,0.7578,True,False,body,30.0,16.0,-10.0
569,30282,23.0,2,86,0.701795,0.7885,True,False,wall,20.0,13.0,-10.0
570,30420,25.0,2,138,0.700828,0.7644,True,False,wall,20.0,15.0,-10.0
571,30500,36.0,3,80,0.700267,1.136,True,False,body,30.0,16.0,-10.0
572,30569,43.0,3,69,0.699784,1.0349,True,False,body,30.0,23.0,-10.0
573,30619,10.0,1,50,0.699434,0.9391,True,False,wall,10.0,10.0,-10.0
574,30738,41.0,3,119,0.698603,0.88,True,False,body,30.0,21.0,-10.0
575,30796,27.0,2,58,0.698197,0.7149,True,False,wall,20.0,17.0,-10.0
576,30830,2.0,1,34,0.69796,1.1281,True,False,wall,10.0,2.0,-10.0
577,30852,-5.0,0,22,0.697807,1.1269,True,False,wall,0.0,5.0,-10.0
578,30874,-3.0,0,22,0.697653,0.7895,True,False,wall,0.0,7.0,-10.0
579,30915,20.0,2,41,0.697367,0.7052,True,False,wall,20.0,10.0,-10.0
580,30982,19.0,1,67,0.6969,0.6472,True,False,wall,10.0,19.0,-10.0
581,31097,51.0,3,115,0.696099,0.5921,True,False,body,30.0,31.0,-10.0
582,31113,-7.0,0,16,0.695988,0.5797,True,False,wall,0.0,3.0,-10.0
583,31136,18.0,2,23,0.695828,0.4915,True,False,wall,20.0,8.0,-10.0
584,31159,-18.0,0,23,0.695668,0.557,True,False,wall,0.0,-8.0,-10.0
585,31274,57.0,3,115,0.694868,0.6988,True,False,wall,30.0,37.0,-10.0
586,31287,9.0,1,13,0.694778,0.6861,True,False,wall,10.0,9.0,-10.0
587,31367,34.0,3,80,0.694222,0.5701,True,False,body,30.0,14.0,-10.0
588,31491,33.0,2,124,0.693362,0.6548,True,False,wall,20.0,23.0,-10.0
589,31513,8.0,1,22,0.693209,0.6423,True,False,wall,10.0,8.0,-10.0
590,31556,3.0,1,43,0.692911,0.5668,True,False,wall,10.0,3.0,-10.0
591,31606,40.0,3,50,0.692565,0.532,True,False,body,30.0,20.0,-10.0
592,31657,-2.0,0,51,0.692212,0.485,True,False,wall,0.0,8.0,-10.0
593,31698,5.0,1,41,0.691928,0.4816,True,False,wall,10.0,5.0,-10.0
594,31812,27.0,2,114,0.69114,0.7205,True,False,wall,20.0,17.0,-10.0
595,31838,10.0,1,26,0.69096,0.754,True,False,wall,10.0,10.0,-10.0
596,31875,17.0,1,37,0.690704,0.8025,True,False,wall,10.0,17.0,-10.0
597,31908,26.0,2,33,0.690477,0.7937,True,False,wall,20.0,16.0,-10.0
598,31945,0.0,0,37,0.690221,0.7342,True,False,wall,0.0,10.0,-10.0
599,32048,30.0,2,103,0.689511,0.6359,True,False,wall,20.0,20.0,-10.0
600,32067,2.0,0,19,0.68938,0.6781,True,False,wall,0.0,12.0,-10.0
601,32102,11.0,1,35,0.689138,0.6446,True,False,wall,10.0,11.0,-10.0
602,32146,-7.0,0,44,0.688835,0.8156,True,False,wall,0.0,3.0,-10.0
603,32263,47.0,3,117,0.68803,0.7235,True,False,body,30.0,27.0,-10.0
604,32292,5.0,1,29,0.68783,0.9785,True,False,wall,10.0,5.0,-10.0
605,32386,27.0,2,94,0.687184,0.8358,True,False,wall,20.0,17.0,-10.0
606,32399,-6.0,0,13,0.687095,0.8804,True,False,wall,0.0,4.0,-10.0
607,32523,50.0,3,124,0.686243,0.6991,True,False,wall,30.0,30.0,-10.0
608,32556,-4.0,0,33,0.686017,0.9021,True,False,wall,0.0,6.0,-10.0
609,32686,26.0,1,130,0.685125,0.8438,True,False,wall,10.0,26.0,-10.0
610,32700,-15.0,0,14,0.68503,0.6817,True,False,wall,0.0,-5.0,-10.0
611,32800,40.0,3,100,0.684345,0.6838,True,False,wall,30.0,20.0,-10.0
612,32861,13.0,1,61,0.683928,0.5791,True,False,wall,10.0,13.0,-10.0
613,32903,25.0,2,42,0.68364,0.6266,True,False,wall,20.0,15.0,-10.0
614,32993,54.0,3,90,0.683025,0.7274,True,False,body,30.0,34.0,-10.0
615,33056,-4.0,0,63,0.682595,0.7456,True,False,wall,0.0,6.0,-10.0
616,33075,-4.0,0,19,0.682466,0.7026,True,False,wall,0.0,6.0,-10.0
617,33118,23.0,1,43,0.682172,0.7677,True,False,wall,10.0,23.0,-10.0
618,33153,-14.0,0,35,0.681933,0.6354,True,False,wall,0.0,-4.0,-10.0
619,33288,66.0,4,135,0.681013,0.8409,True,False,wall,40.0,36.0,-10.0
620,33389,51.0,3,101,0.680326,0.8818,True,False,body,30.0,31.0,-10.0
621,33520,22.0,2,131,0.679435,0.6925,True,False,wall,20.0,12.0,-10.0
622,33591,11.0,1,71,0.678953,0.6351,True,False,wall,10.0,11.0,-10.0
623,33618,11.0,1,27,0.67877,0.5578,True,False,wall,10.0,11.0,-10.0
624,33701,30.0,2,83,0.678207,0.5668,True,False,wall,20.0,20.0,-10.0
625,33727,10.0,1,26,0.67803,0.471,True,False,wall,10.0,10.0,-10.0
626,33756,-4.0,0,29,0.677834,0.4703,True,False,wall,0.0,6.0,-10.0
627,33776,2.0,1,20,0.677698,0.4508,True,False,wall,10.0,2.0,-10.0
628,33859,19.0,1,83,0.677136,0.4887,True,False,wall,10.0,19.0,-10.0
629,33922,26.0,2,63,0.676709,0.5682,True,False,wall,20.0,16.0,-10.0
630,33955,37.0,3,33,0.676486,0.4788,True,False,body,30.0,17.0,-10.0
631,33999,-3.0,0,44,0.676189,0.8303,True,False,wall,0.0,7.0,-10.0
632,34117,38.0,3,118,0.675391,0.6725,True,False,body,30.0,18.0,-10.0
633,34152,-2.0,0,35,0.675155,0.5357,True,False,wall,0.0,8.0,-10.0
634,34233,37.0,3,81,0.674608,0.5549,True,False,body,30.0,17.0,-10.0
635,34281,12.0,1,48,0.674284,0.65,True,False,wall,10.0,12.0,-10.0
636,34356,84.0,4,75,0.673779,0.5697,True,False,wall,40.0,54.0,-10.0
637,34415,56.0,4,59,0.673381,0.5248,True,False,body,40.0,26.0,-10.0
638,34484,17.0,1,69,0.672917,0.6957,True,False,wall,10.0,17.0,-10.0
639,34495,-4.0,0,11,0.672843,0.6521,True,False,wall,0.0,6.0,-10.0
640,34534,13.0,1,39,0.672581,0.7811,True,False,wall,10.0,13.0,-10.0
641,34591,-4.0,0,57,0.672197,0.6066,True,False,wall,0.0,6.0,-10.0
642,34609,-1.0,0,18,0.672076,0.5688,True,False,wall,0.0,9.0,-10.0
643,34640,-6.0,0,31,0.671868,0.5609,True,False,wall,0.0,4.0,-10.0
644,34733,39.0,3,93,0.671244,0.5799,True,False,wall,30.0,19.0,-10.0
645,34782,-8.0,0,49,0.670915,0.4843,True,False,wall,0.0,2.0,-10.0
646,34852,14.0,1,70,0.670445,0.437,True,False,wall,10.0,14.0,-10.0
647,34889,0.0,0,37,0.670197,0.454,True,False,wall,0.0,10.0,-10.0
648,34941,35.0,2,52,0.669849,0.528,True,False,wall,20.0,25.0,-10.0
649,34969,-11.0,0,28,0.669661,0.6429,True,False,wall,0.0,-1.0,-10.0
650,34987,-1.0,0,18,0.669541,0.479,True,False,wall,0.0,9.0,-10.0
651,35028,-2.0,0,41,0.669266,0.5096,True,False,wall,0.0,8.0,-10.0
652,35093,26.0,2,65,0.668831,0.51,True,False,wall,20.0,16.0,-10.0
653,35112,0.0,0,19,0.668704,0.5657,True,False,wall,0.0,10.0,-10.0
654,35163,20.0,2,51,0.668363,0.4991,True,False,wall,20.0,10.0,-10.0
655,35249,42.0,3,86,0.667789,0.5397,True,False,wall,30.0,22.0,-10.0
656,35286,16.0,2,37,0.667542,0.5558,True,False,wall,20.0,6.0,-10.0
657,35314,36.0,3,28,0.667355,0.5863,True,False,wall,30.0,16.0,-10.0
658,35350,36.0,3,36,0.667115,0.4959,True,False,body,30.0,16.0,-10.0
659,35461,41.0,3,111,0.666375,0.5265,True,False,wall,30.0,21.0,-10.0
660,35601,30.0,3,140,0.665442,0.6073,True,False,wall,30.0,10.0,-10.0
661,35657,57.0,4,56,0.66507,0.7706,True,False,wall,40.0,27.0,-10.0
662,35716,45.0,3,59,0.664678,0.9407,True,False,body,30.0,25.0,-10.0
663,35763,41.0,3,47,0.664365,0.7758,True,False,body,30.0,21.0,-10.0
664,35838,38.0,2,75,0.663867,0.6351,True,False,wall,20.0,28.0,-10.0
665,35927,55.0,3,89,0.663277,0.583,True,False,body,30.0,35.0,-10.0
666,35949,-3.0,0,22,0.663131,0.5547,True,False,wall,0.0,7.0,-10.0
667,36034,34.0,2,85,0.662567,0.5821,True,False,wall,20.0,24.0,-10.0
668,36051,22.0,2,17,0.662455,0.743,True,False,wall,20.0,12.0,-10.0
669,36075,-1.0,0,24,0.662296,0.616,True,False,wall,0.0,9.0,-10.0
670,36204,59.0,3,129,0.661442,0.7272,True,False,body,30.0,39.0,-10.0
671,36364,35.0,2,160,0.660384,0.5705,True,False,wall,20.0,25.0,-10.0
672,36394,1.0,0,30,0.660186,0.544,True,False,wall,0.0,11.0,-10.0
673,36466,33.0,2,72,0.659711,0.4739,True,False,wall,20.0,23.0,-10.0
674,36483,-6.0,0,17,0.659599,0.51,True,False,wall,0.0,4.0,-10.0
675,36526,22.0,2,43,0.659315,0.4314,True,False,wall,20.0,12.0,-10.0
676,36626,50.0,3,100,0.658656,0.4366,True,False,body,30.0,30.0,-10.0
677,36686,36.0,3,60,0.658261,0.5083,True,False,body,30.0,16.0,-10.0
678,36694,4.0,1,8,0.658209,0.4402,True,False,wall,10.0,4.0,-10.0
679,36764,23.0,2,70,0.657748,0.4342,True,False,wall,20.0,13.0,-10.0
680,36830,21.0,2,66,0.657314,0.4282,True,False,wall,20.0,11.0,-10.0
681,36862,-1.0,0,32,0.657104,0.4217,True,False,wall,0.0,9.0,-10.0
682,36878,10.0,1,16,0.656999,0.5692,True,False,wall,10.0,10.0,-10.0
683,36908,-5.0,0,30,0.656802,0.5902,True,False,wall,0.0,5.0,-10.0
684,36945,23.0,1,37,0.656559,0.5554,True,False,wall,10.0,23.0,-10.0
685,37038,42.0,2,93,0.655948,0.5075,True,False,wall,20.0,32.0,-10.0
686,37117,57.0,3,79,0.65543,0.5602,True,False,body,30.0,37.0,-10.0
687,37220,77.0,5,103,0.654756,0.5252,True,False,body,50.0,37.0,-10.0
688,37244,4.0,1,24,0.654598,0.507,True,False,wall,10.0,4.0,-10.0
689,37280,2.0,1,36,0.654363,0.4959,True,False,wall,10.0,2.0,-10.0
690,37348,37.0,2,68,0.653918,0.4656,True,False,wall,20.0,27.0,-10.0
691,37449,39.0,3,101,0.653258,0.4831,True,False,wall,30.0,19.0,-10.0
692,37462,-6.0,0,13,0.653173,0.4083,True,False,wall,0.0,4.0,-10.0
693,37518,11.0,2,56,0.652807,0.5738,True,False,wall,20.0,1.0,-10.0
694,37538,8.0,1,20,0.652677,0.5532,True,False,wall,10.0,8.0,-10.0
695,37638,27.0,2,100,0.652024,0.7711,True,False,wall,20.0,17.0,-10.0
696,37720,37.0,2,82,0.65149,0.5939,True,False,wall,20.0,27.0,-10.0
697,37792,52.0,3,72,0.651021,0.597,True,False,body,30.0,32.0,-10.0
698,37812,26.0,3,20,0.650891,0.6313,True,False,body,30.0,6.0,-10.0
699,37872,10.0,1,60,0.6505,0.6105,True,False,wall,10.0,10.0,-10.0
700,37915,-6.0,0,43,0.650221,0.553,True,False,wall,0.0,4.0,-10.0
701,37970,33.0,3,55,0.649863,0.6603,True,False,body,30.0,13.0,-10.0
702,38065,51.0,3,95,0.649246,0.5733,True,False,wall,30.0,31.0,-10.0
703,38112,33.0,3,47,0.648941,0.7558,True,False,wall,30.0,13.0,-10.0
704,38172,38.0,3,60,0.648552,0.6444,True,False,body,30.0,18.0,-10.0
705,38324,60.0,3,152,0.647567,0.6759,True,False,body,30.0,40.0,-10.0
706,38439,67.0,5,115,0.646823,0.4955,True,False,wall,50.0,27.0,-10.0
707,38472,11.0,1,33,0.646609,0.563,True,False,wall,10.0,11.0,-10.0
708,38485,-10.0,0,13,0.646525,0.5784,True,False,wall,0.0,0.0,-10.0
709,38545,61.0,4,60,0.646137,0.4687,True,False,body,40.0,31.0,-10.0
710,38567,12.0,1,22,0.645995,0.3769,True,False,wall,10.0,12.0,-10.0
711,38605,12.0,1,38,0.64575,0.43,True,False,wall,10.0,12.0,-10.0
712,38618,-6.0,0,13,0.645666,0.3908,True,False,wall,0.0,4.0,-10.0
713,38658,6.0,1,40,0.645408,0.4143,True,False,wall,10.0,6.0,-10.0
714,38679,-6.0,0,21,0.645272,0.4236,True,False,wall,0.0,4.0,-10.0
715,38783,44.0,3,104,0.644601,0.5135,True,False,wall,30.0,24.0,-10.0
716,38799,6.0,1,16,0.644498,0.4728,True,False,wall,10.0,6.0,-10.0
717,38879,38.0,3,80,0.643983,0.52,True,False,body,30.0,18.0,-10.0
718,38956,60.0,4,77,0.643487,0.6893,True,False,wall,40.0,30.0,-10.0
719,39049,11.0,1,93,0.642889,0.5686,True,False,wall,10.0,11.0,-10.0
720,39125,48.0,3,76,0.642401,0.6845,True,False,body,30.0,28.0,-10.0
721,39169,10.0,1,44,0.642118,0.6024,True,False,wall,10.0,10.0,-10.0
722,39234,9.0,1,65,0.641701,0.5336,True,False,wall,10.0,9.0,-10.0
723,39267,31.0,3,33,0.641489,0.4225,True,False,wall,30.0,11.0,-10.0
724,39337,52.0,3,70,0.64104,0.4722,True,False,wall,30.0,32.0,-10.0
725,39385,10.0,1,48,0.640732,0.4485,True,False,wall,10.0,10.0,-10.0
726,39426,22.0,2,41,0.64047,0.4844,True,False,wall,20.0,12.0,-10.0
727,39488,16.0,1,62,0.640073,0.5451,True,False,wall,10.0,16.0,-10.0
728,39530,46.0,3,42,0.639804,0.6843,True,False,wall,30.0,26.0,-10.0
729,39547,1.0,1,17,0.639695,0.4076,True,False,wall,10.0,1.0,-10.0
730,39564,11.0,1,17,0.639587,0.5395,True,False,wall,10.0,11.0,-10.0
731,39590,-1.0,0,26,0.63942,0.4548,True,False,wall,0.0,9.0,-10.0
732,39609,-2.0,0,19,0.639299,0.5153,True,False,wall,0.0,8.0,-10.0
733,39680,51.0,3,71,0.638845,0.7173,True,False,wall,30.0,31.0,-10.0
734,39755,24.0,2,75,0.638366,0.4841,True,False,wall,20.0,14.0,-10.0
735,39874,75.0,5,119,0.637607,0.4987,True,False,body,50.0,35.0,-10.0
736,39954,57.0,4,80,0.637097,0.4635,True,False,body,40.0,27.0,-10.0
737,39978,-9.0,0,24,0.636944,0.3975,True,False,wall,0.0,1.0,-10.0
738,40004,8.0,1,26,0.636779,0.4088,True,False,wall,10.0,8.0,-10.0
739,40130,55.0,4,126,0.635977,0.5365,True,False,body,40.0,25.0,-10.0
740,40164,12.0,1,34,0.635761,0.5333,True,False,wall,10.0,12.0,-10.0
741,40221,9.0,1,57,0.635398,0.7606,True,False,wall,10.0,9.0,-10.0
742,40251,8.0,1,30,0.635208,0.6055,True,False,wall,10.0,8.0,-10.0
743,40281,12.0,1,30,0.635017,0.7208,True,False,wall,10.0,12.0,-10.0
744,40350,31.0,3,69,0.634579,0.6484,True,False,body,30.0,11.0,-10.0
745,40371,-8.0,0,21,0.634446,0.6241,True,False,wall,0.0,2.0,-10.0
746,40436,21.0,1,65,0.634034,0.639,True,False,wall,10.0,21.0,-10.0
747,40460,10.0,1,24,0.633881,0.7338,True,False,wall,10.0,10.0,-10.0
748,40508,39.0,2,48,0.633577,0.562,True,False,wall,20.0,29.0,-10.0
749,40568,-11.0,0,60,0.633197,0.5096,True,False,wall,0.0,-1.0,-10.0
750,40595,-6.0,0,27,0.633026,0.4451,True,False,wall,0.0,4.0,-10.0
751,40694,70.0,4,99,0.6324,0.38,True,False,body,40.0,40.0,-10.0
752,40711,-10.0,0,17,0.632292,0.3702,True,False,wall,0.0,0.0,-10.0
753,40729,-5.0,0,18,0.632179,0.3762,True,False,wall,0.0,5.0,-10.0
754,40750,-2.0,0,21,0.632046,0.4139,True,False,wall,0.0,8.0,-10.0
755,40806,56.0,3,56,0.631692,0.3868,True,False,body,30.0,36.0,-10.0
756,40816,-3.0,0,10,0.631629,0.354,True,False,wall,0.0,7.0,-10.0
757,40834,-5.0,0,18,0.631515,0.3824,True,False,wall,0.0,5.0,-10.0
758,40913,51.0,3,79,0.631016,0.3847,True,False,wall,30.0,31.0,-10.0
759,41031,33.0,2,118,0.630272,0.3601,True,False,wall,20.0,23.0,-10.0
760,41061,19.0,2,30,0.630083,0.3287,True,False,wall,20.0,9.0,-10.0
761,41091,8.0,1,30,0.629894,0.384,True,False,wall,10.0,8.0,-10.0
762,41129,-5.0,0,38,0.629655,0.4134,True,False,wall,0.0,5.0,-10.0
763,41153,19.0,2,24,0.629504,0.4872,True,False,wall,20.0,9.0,-10.0
764,41222,30.0,2,69,0.62907,0.4624,True,False,wall,20.0,20.0,-10.0
765,41238,4.0,1,16,0.628969,0.4984,True,False,wall,10.0,4.0,-10.0
766,41341,51.0,3,103,0.628322,0.5992,True,False,body,30.0,31.0,-10.0
767,41354,2.0,0,13,0.62824,0.5761,True,False,wall,0.0,12.0,-10.0
768,41415,43.0,3,61,0.627857,0.6778,True,False,body,30.0,23.0,-10.0
769,41471,31.0,2,56,0.627505,0.6114,True,False,wall,20.0,21.0,-10.0
770,41513,36.0,3,42,0.627242,0.479,True,False,body,30.0,16.0,-10.0
771,41641,71.0,4,128,0.626439,0.4538,True,False,body,40.0,41.0,-10.0
772,41686,38.0,2,45,0.626158,0.4926,True,False,wall,20.0,28.0,-10.0
773,41759,31.0,3,73,0.625701,0.5744,True,False,body,30.0,11.0,-10.0
774,41781,-3.0,0,22,0.625563,0.6028,True,False,wall,0.0,7.0,-10.0
775,41807,-7.0,0,26,0.6254,0.5281,True,False,wall,0.0,3.0,-10.0
776,41823,-7.0,0,16,0.6253,0.5025,True,False,wall,0.0,3.0,-10.0
777,41844,11.0,1,21,0.625169,0.4913,True,False,wall,10.0,11.0,-10.0
778,41882,28.0,3,38,0.624931,0.5915,True,False,body,30.0,8.0,-10.0
779,41952,38.0,3,70,0.624494,0.5879,True,False,body,30.0,18.0,-10.0
780,42015,11.0,1,63,0.624101,0.5077,True,False,wall,10.0,11.0,-10.0
781,42030,9.0,1,15,0.624007,0.4313,True,False,wall,10.0,9.0,-10.0
782,42059,5.0,1,29,0.623826,0.4363,True,False,wall,10.0,5.0,-10.0
783,42086,-4.0,0,27,0.623658,0.5143,True,False,wall,0.0,6.0,-10.0
784,42148,59.0,4,62,0.623271,0.5187,True,False,wall,40.0,29.0,-10.0
785,42177,18.0,2,29,0.623091,0.6908,True,False,wall,20.0,8.0,-10.0
786,42196,-4.0,0,19,0.622972,0.7463,True,False,wall,0.0,6.0,-10.0
787,42228,-11.0,0,32,0.622773,0.6906,True,False,wall,0.0,-1.0,-10.0
788,42264,16.0,1,36,0.622549,0.6642,True,False,wall,10.0,16.0,-10.0
789,42371,55.0,3,107,0.621883,0.5279,True,False,wall,30.0,35.0,-10.0
790,42392,-4.0,0,21,0.621752,0.4633,True,False,wall,0.0,6.0,-10.0
791,42411,0.0,0,19,0.621634,0.4887,True,False,wall,0.0,10.0,-10.0
792,42466,45.0,3,55,0.621292,0.5969,True,False,body,30.0,25.0,-10.0
793,42588,64.0,5,122,0.620535,0.5875,True,False,body,50.0,24.0,-10.0
794,42628,10.0,1,40,0.620287,0.7058,True,False,wall,10.0,10.0,-10.0
795,42654,17.0,2,26,0.620126,0.4198,True,False,wall,20.0,7.0,-10.0
796,42675,-2.0,0,21,0.619995,0.4542,True,False,wall,0.0,8.0,-10.0
797,42731,4.0,1,56,0.619648,0.4741,True,False,wall,10.0,4.0,-10.0
798,42763,10.0,1,32,0.61945,0.4493,True,False,wall,10.0,10.0,-10.0
799,42797,-11.0,0,34,0.619239,0.5684,True,False,wall,0.0,-1.0,-10.0
800,42862,24.0,2,65,0.618837,0.4623,True,False,wall,20.0,14.0,-10.0
801,42929,39.0,3,67,0.618423,0.602,True,False,wall,30.0,19.0,-10.0
802,42974,15.0,1,45,0.618144,0.6288,True,False,wall,10.0,15.0,-10.0
803,43027,15.0,1,53,0.617817,0.5335,True,False,wall,10.0,15.0,-10.0
804,43037,6.0,1,10,0.617755,0.5289,True,False,wall,10.0,6.0,-10.0
805,43115,24.0,1,78,0.617273,0.4468,True,False,wall,10.0,24.0,-10.0
806,43186,47.0,3,71,0.616835,0.4365,True,False,wall,30.0,27.0,-10.0
807,43217,5.0,1,31,0.616644,0.4092,True,False,wall,10.0,5.0,-10.0
808,43312,77.0,5,95,0.616059,0.4331,True,False,wall,50.0,37.0,-10.0
809,43324,6.0,1,12,0.615985,0.4344,True,False,wall,10.0,6.0,-10.0
810,43347,13.0,1,23,0.615843,0.4984,True,False,wall,10.0,13.0,-10.0
811,43397,25.0,2,50,0.615535,0.6202,True,False,wall,20.0,15.0,-10.0
812,43480,39.0,3,83,0.615024,0.5676,True,False,body,30.0,19.0,-10.0
813,43591,45.0,3,111,0.614342,0.6675,True,False,wall,30.0,25.0,-10.0
814,43670,37.0,3,79,0.613857,0.6886,True,False,body,30.0,17.0,-10.0
815,43683,16.0,2,13,0.613777,0.6024,True,False,wall,20.0,6.0,-10.0
816,43802,40.0,2,119,0.613047,0.5749,True,False,wall,20.0,30.0,-10.0
817,43857,41.0,3,55,0.61271,0.4913,True,False,body,30.0,21.0,-10.0
818,43930,33.0,3,73,0.612263,0.4803,True,False,wall,30.0,13.0,-10.0
819,43958,8.0,1,28,0.612092,0.3955,True,False,wall,10.0,8.0,-10.0
820,43974,8.0,1,16,0.611994,0.457,True,False,wall,10.0,8.0,-10.0
821,44013,39.0,3,39,0.611755,0.4221,True,False,body,30.0,19.0,-10.0
822,44120,15.0,1,107,0.611101,0.4499,True,False,wall,10.0,15.0,-10.0
823,44198,68.0,3,78,0.610624,0.446,True,False,body,30.0,48.0,-10.0
824,44251,59.0,5,53,0.610301,0.3574,True,False,body,50.0,19.0,-10.0
825,44290,35.0,3,39,0.610063,0.3854,True,False,wall,30.0,15.0,-10.0
826,44346,0.0,1,56,0.609721,0.4936,True,False,wall,10.0,0.0,-10.0
827,44417,30.0,2,71,0.609289,0.4447,True,False,wall,20.0,20.0,-10.0
828,44481,57.0,4,64,0.608899,0.473,True,False,body,40.0,27.0,-10.0
829,44526,32.0,2,45,0.608625,0.5051,True,False,wall,20.0,22.0,-10.0
830,44585,51.0,3,59,0.608266,0.5561,True,False,wall,30.0,31.0,-10.0
831,44616,28.0,2,31,0.608077,0.5696,True,False,wall,20.0,18.0,-10.0
832,44663,47.0,3,47,0.607792,0.5087,True,False,wall,30.0,27.0,-10.0
833,44735,36.0,3,72,0.607354,0.6543,True,False,wall,30.0,16.0,-10.0
834,44921,113.0,6,186,0.606225,0.6595,True,False,wall,60.0,63.0,-10.0
835,44996,54.0,4,75,0.605771,0.5354,True,False,wall,40.0,24.0,-10.0
836,45039,22.0,2,43,0.605511,0.5139,True,False,wall,20.0,12.0,-10.0
837,45117,33.0,2,78,0.605038,0.4612,True,False,wall,20.0,23.0,-10.0
838,45214,37.0,3,97,0.604452,0.3882,True,False,body,30.0,17.0,-10.0
839,45308,41.0,2,94,0.603884,0.5845,True,False,wall,20.0,31.0,-10.0
840,45366,34.0,3,58,0.603534,0.5299,True,False,body,30.0,14.0,-10.0
841,45458,60.0,3,92,0.602979,0.6266,True,False,wall,30.0,40.0,-10.0
842,45473,13.0,1,15,0.602888,0.7481,True,False,wall,10.0,13.0,-10.0
843,45524,43.0,3,51,0.602581,0.9013,True,False,body,30.0,23.0,-10.0
844,45576,10.0,1,52,0.602268,0.8746,True,False,wall,10.0,10.0,-10.0
845,45603,7.0,1,27,0.602105,0.5526,True,False,wall,10.0,7.0,-10.0
846,45629,13.0,2,26,0.601949,0.6708,True,False,wall,20.0,3.0,-10.0
847,45718,-1.0,1,89,0.601413,0.5722,True,False,wall,10.0,-1.0,-10.0
848,45763,13.0,1,45,0.601142,0.4962,True,False,wall,10.0,13.0,-10.0
849,45863,50.0,3,100,0.600542,0.47,True,False,wall,30.0,30.0,-10.0
850,45929,44.0,3,66,0.600145,0.4646,True,False,wall,30.0,24.0,-10.0
851,45992,41.0,3,63,0.599767,0.4456,True,False,body,30.0,21.0,-10.0
852,46075,39.0,3,83,0.59927,0.4693,True,False,body,30.0,19.0,-10.0
853,46160,45.0,3,85,0.598761,0.4305,True,False,body,30.0,25.0,-10.0
854,46216,44.0,3,56,0.598425,0.4273,True,False,wall,30.0,24.0,-10.0
855,46278,41.0,2,62,0.598055,0.411,True,False,wall,20.0,31.0,-10.0
856,46345,55.0,3,67,0.597654,0.4247,True,False,body,30.0,35.0,-10.0
857,46411,52.0,3,66,0.59726,0.4,True,False,wall,30.0,32.0,-10.0
858,46506,67.0,5,95,0.596693,0.4119,True,False,body,50.0,27.0,-10.0
859,46573,45.0,3,67,0.596293,0.4273,True,False,wall,30.0,25.0,-10.0
860,46635,42.0,3,62,0.595923,0.421,True,False,body,30.0,22.0,-10.0
861,46742,56.0,4,107,0.595286,0.5168,True,False,body,40.0,26.0,-10.0
862,46813,64.0,4,71,0.594864,0.6334,True,False,wall,40.0,34.0,-10.0
863,46876,55.0,3,63,0.594489,0.5513,True,False,wall,30.0,35.0,-10.0
864,46943,28.0,2,67,0.594091,0.4473,True,False,wall,20.0,18.0,-10.0
865,46984,18.0,2,41,0.593847,0.4463,True,False,wall,20.0,8.0,-10.0
866,47077,48.0,4,93,0.593295,0.4647,True,False,body,40.0,18.0,-10.0
867,47137,50.0,3,60,0.592939,0.4412,True,False,wall,30.0,30.0,-10.0
868,47160,29.0,3,23,0.592803,0.4465,True,False,body,30.0,9.0,-10.0
869,47262,48.0,3,102,0.592199,0.6079,True,False,body,30.0,28.0,-10.0
870,47344,56.0,3,82,0.591713,0.4889,True,False,body,30.0,36.0,-10.0
871,47355,7.0,1,11,0.591648,0.4524,True,False,wall,10.0,7.0,-10.0
872,47371,8.0,1,16,0.591553,0.403,True,False,wall,10.0,8.0,-10.0
873,47475,35.0,2,104,0.590939,0.519,True,False,wall,20.0,25.0,-10.0
874,47523,20.0,1,48,0.590655,0.4273,True,False,wall,10.0,20.0,-10.0
875,47657,48.0,3,134,0.589864,0.4419,True,False,wall,30.0,28.0,-10.0
876,47780,83.0,5,123,0.589139,0.4432,True,False,wall,50.0,43.0,-10.0
877,47823,30.0,2,43,0.588886,0.5043,True,False,wall,20.0,20.0,-10.0
878,47901,24.0,1,78,0.588426,0.4553,True,False,wall,10.0,24.0,-10.0
879,47918,-2.0,0,17,0.588326,0.4272,True,False,wall,0.0,8.0,-10.0
880,48005,24.0,2,87,0.587815,0.5124,True,False,wall,20.0,14.0,-10.0
881,48041,12.0,1,36,0.587603,0.479,True,False,wall,10.0,12.0,-10.0
882,48130,81.0,5,89,0.587081,0.438,True,False,wall,50.0,41.0,-10.0
883,48163,2.0,0,33,0.586887,0.4298,True,False,wall,0.0,12.0,-10.0
884,48245,78.0,5,82,0.586406,0.4012,True,False,body,50.0,38.0,-10.0
885,48259,6.0,1,14,0.586324,0.425,True,False,wall,10.0,6.0,-10.0
886,48291,18.0,1,32,0.586136,0.4584,True,False,wall,10.0,18.0,-10.0
887,48358,41.0,3,67,0.585744,0.445,True,False,wall,30.0,21.0,-10.0
888,48384,11.0,2,26,0.585591,0.4611,True,False,wall,20.0,1.0,-10.0
889,48422,8.0,1,38,0.585369,0.4609,True,False,wall,10.0,8.0,-10.0
890,48539,68.0,4,117,0.584684,0.4805,True,False,body,40.0,38.0,-10.0
891,48635,47.0,2,96,0.584123,0.5235,True,False,wall,20.0,37.0,-10.0
892,48701,54.0,3,66,0.583738,0.5131,True,False,body,30.0,34.0,-10.0
893,48798,70.0,4,97,0.583172,0.4702,True,False,body,40.0,40.0,-10.0
894,48857,24.0,2,59,0.582828,0.4275,True,False,wall,20.0,14.0,-10.0
895,48885,14.0,1,28,0.582665,0.6271,True,False,wall,10.0,14.0,-10.0
896,48973,65.0,4,88,0.582152,0.4638,True,False,body,40.0,35.0,-10.0
897,49033,44.0,3,60,0.581803,0.4829,True,False,body,30.0,24.0,-10.0
898,49072,39.0,3,39,0.581576,0.6601,True,False,body,30.0,19.0,-10.0
899,49102,14.0,1,30,0.581402,0.6606,True,False,wall,10.0,14.0,-10.0
900,49173,32.0,2,71,0.580989,0.5771,True,False,wall,20.0,22.0,-10.0
901,49325,50.0,3,152,0.580107,0.6085,True,False,body,30.0,30.0,-10.0
902,49374,47.0,3,49,0.579822,0.4569,True,False,body,30.0,27.0,-10.0
903,49464,57.0,4,90,0.579301,0.4736,True,False,body,40.0,27.0,-10.0
904,49490,1.0,0,26,0.57915,0.5213,True,False,wall,0.0,11.0,-10.0
905,49526,10.0,1,36,0.578942,0.5099,True,False,wall,10.0,10.0,-10.0
906,49537,-6.0,0,11,0.578878,0.5037,True,False,wall,0.0,4.0,-10.0
907,49565,17.0,2,28,0.578716,0.4786,True,False,wall,20.0,7.0,-10.0
908,49598,22.0,2,33,0.578525,0.6135,True,False,wall,20.0,12.0,-10.0
909,49616,-3.0,0,18,0.578421,0.5904,True,False,wall,0.0,7.0,-10.0
910,49717,49.0,3,101,0.577837,0.5273,True,False,wall,30.0,29.0,-10.0
911,49737,-1.0,0,20,0.577722,0.5393,True,False,wall,0.0,9.0,-10.0
912,49767,19.0,2,30,0.577548,0.492,True,False,wall,20.0,9.0,-10.0
913,49779,1.0,0,12,0.577479,0.55,True,False,wall,0.0,11.0,-10.0
914,49809,-3.0,0,30,0.577306,0.6268,True,False,wall,0.0,7.0,-10.0
915,49875,42.0,3,66,0.576925,0.5675,True,False,wall,30.0,22.0,-10.0
916,49920,58.0,4,45,0.576665,0.5415,True,False,body,40.0,28.0,-10.0
917,49983,33.0,1,63,0.576302,0.5145,True,False,wall,10.0,33.0,-10.0
918,50008,-12.0,0,25,0.576158,0.5241,True,False,wall,0.0,-2.0,-10.0
919,50136,75.0,4,128,0.575421,0.4931,True,False,wall,40.0,45.0,-10.0
920,50156,6.0,1,20,0.575306,0.4112,True,False,wall,10.0,6.0,-10.0
921,50170,-5.0,0,14,0.575225,0.4437,True,False,wall,0.0,5.0,-10.0
922,50239,49.0,3,69,0.574829,0.5335,True,False,body,30.0,29.0,-10.0
923,50278,2.0,0,39,0.574605,0.4819,True,False,wall,0.0,12.0,-10.0
924,50354,43.0,4,76,0.574168,0.5017,True,False,body,40.0,13.0,-10.0
925,50445,11.0,1,91,0.573646,0.4959,True,False,wall,10.0,11.0,-10.0
926,50507,41.0,2,62,0.57329,0.5099,True,False,wall,20.0,31.0,-10.0
927,50576,44.0,2,69,0.572895,0.4657,True,False,wall,20.0,34.0,-10.0
928,50681,77.0,5,105,0.572294,0.4704,True,False,body,50.0,37.0,-10.0
929,50720,9.0,1,39,0.57207,0.5121,True,False,wall,10.0,9.0,-10.0
930,50729,5.0,1,9,0.572019,0.4386,True,False,wall,10.0,5.0,-10.0
931,50858,59.0,3,129,0.571281,0.5805,True,False,body,30.0,39.0,-10.0
932,50898,23.0,2,40,0.571053,0.6127,True,False,wall,20.0,13.0,-10.0
933,50963,26.0,2,65,0.570682,0.5369,True,False,wall,20.0,16.0,-10.0
934,51035,20.0,1,72,0.570271,0.7612,True,False,wall,10.0,20.0,-10.0
935,51082,34.0,2,47,0.570003,0.6112,True,False,wall,20.0,24.0,-10.0
936,51091,-4.0,0,9,0.569952,0.5049,True,False,wall,0.0,6.0,-10.0
937,51164,49.0,3,73,0.569536,0.4991,True,False,wall,30.0,29.0,-10.0
938,51187,22.0,2,23,0.569405,0.4258,True,False,wall,20.0,12.0,-10.0
939,51229,38.0,3,42,0.569166,0.4636,True,False,wall,30.0,18.0,-10.0
940,51295,52.0,3,66,0.56879,0.525,True,False,wall,30.0,32.0,-10.0
941,51353,61.0,4,58,0.568461,0.5057,True,False,wall,40.0,31.0,-10.0
942,51426,45.0,3,73,0.568046,0.4824,True,False,wall,30.0,25.0,-10.0
943,51478,38.0,3,52,0.56775,0.409,True,False,wall,30.0,18.0,-10.0
944,51512,-5.0,0,34,0.567557,0.7759,True,False,wall,0.0,5.0,-10.0
945,51564,33.0,2,52,0.567262,0.5109,True,False,wall,20.0,23.0,-10.0
946,51598,44.0,3,34,0.56707,0.5901,True,False,wall,30.0,24.0,-10.0
947,51619,7.0,1,21,0.56695,0.4512,True,False,wall,10.0,7.0,-10.0
948,51653,-9.0,0,34,0.566758,0.6162,True,False,wall,0.0,1.0,-10.0
949,51696,40.0,2,43,0.566514,0.4693,True,False,wall,20.0,30.0,-10.0
950,51789,53.0,3,93,0.565987,0.4023,True,False,wall,30.0,33.0,-10.0
951,51831,10.0,1,42,0.56575,0.462,True,False,wall,10.0,10.0,-10.0
952,51870,15.0,1,39,0.565529,0.5543,True,False,wall,10.0,15.0,-10.0
953,51997,70.0,4,127,0.564811,0.4437,True,False,wall,40.0,40.0,-10.0
954,52018,-4.0,0,21,0.564693,0.4823,True,False,wall,0.0,6.0,-10.0
955,52063,15.0,1,45,0.564439,0.44,True,False,wall,10.0,15.0,-10.0
956,52141,37.0,2,78,0.563999,0.5386,True,False,wall,20.0,27.0,-10.0
957,52161,-1.0,0,20,0.563886,0.5263,True,False,wall,0.0,9.0,-10.0
958,52266,66.0,4,105,0.563294,0.5162,True,False,wall,40.0,36.0,-10.0
959,52332,40.0,3,66,0.562923,0.4364,True,False,body,30.0,20.0,-10.0
960,52348,-3.0,0,16,0.562832,0.8362,True,False,wall,0.0,7.0,-10.0
961,52420,23.0,2,72,0.562427,0.4862,True,False,wall,20.0,13.0,-10.0
962,52510,48.0,3,90,0.561921,0.5259,True,False,wall,30.0,28.0,-10.0
963,52542,23.0,2,32,0.561742,0.4733,True,False,wall,20.0,13.0,-10.0
964,52576,15.0,2,34,0.561551,0.5429,True,False,wall,20.0,5.0,-10.0
965,52623,22.0,2,47,0.561287,0.4625,True,False,wall,20.0,12.0,-10.0
966,52645,-1.0,0,22,0.561163,0.4412,True,False,wall,0.0,9.0,-10.0
967,52675,27.0,2,30,0.560995,0.4334,True,False,wall,20.0,17.0,-10.0
968,52707,23.0,2,32,0.560816,0.3763,True,False,wall,20.0,13.0,-10.0
969,52761,46.0,3,54,0.560513,0.4173,True,False,body,30.0,26.0,-10.0
970,52814,32.0,2,53,0.560216,0.5315,True,False,wall,20.0,22.0,-10.0
971,52840,8.0,1,26,0.56007,0.4653,True,False,wall,10.0,8.0,-10.0
972,52909,28.0,2,69,0.559684,0.4831,True,False,wall,20.0,18.0,-10.0
973,52941,-3.0,0,32,0.559505,0.4086,True,False,wall,0.0,7.0,-10.0
974,52991,20.0,1,50,0.559225,0.4516,True,False,wall,10.0,20.0,-10.0
975,53056,45.0,3,65,0.558862,0.4558,True,False,body,30.0,25.0,-10.0
976,53082,16.0,1,26,0.558716,0.8387,True,False,wall,10.0,16.0,-10.0
977,53202,38.0,3,120,0.558046,0.5969,True,False,body,30.0,18.0,-10.0
978,53271,41.0,3,69,0.557661,0.4831,True,False,wall,30.0,21.0,-10.0
979,53300,-8.0,0,29,0.5575,0.5445,True,False,wall,0.0,2.0,-10.0
980,53410,54.0,3,110,0.556887,0.4761,True,False,body,30.0,34.0,-10.0
981,53433,20.0,2,23,0.556759,0.5011,True,False,wall,20.0,10.0,-10.0
982,53477,34.0,3,44,0.556514,0.5737,True,False,body,30.0,14.0,-10.0
983,53532,43.0,3,55,0.556208,0.6427,True,False,wall,30.0,23.0,-10.0
984,53567,18.0,2,35,0.556013,0.6423,True,False,wall,20.0,8.0,-10.0
985,53597,14.0,1,30,0.555846,0.6162,True,False,wall,10.0,14.0,-10.0
986,53698,56.0,4,101,0.555285,0.4775,True,False,body,40.0,26.0,-10.0
987,53784,84.0,5,86,0.554808,0.464,True,False,body,50.0,44.0,-10.0
988,53809,15.0,1,25,0.554669,0.7164,True,False,wall,10.0,15.0,-10.0
989,53823,-3.0,0,14,0.554592,0.7937,True,False,wall,0.0,7.0,-10.0
990,53909,42.0,3,86,0.554115,0.4942,True,False,body,30.0,22.0,-10.0
991,53951,32.0,3,42,0.553882,0.5709,True,False,body,30.0,12.0,-10.0
992,53970,1.0,1,19,0.553777,0.6911,True,False,wall,10.0,1.0,-10.0
993,53991,13.0,1,21,0.553661,0.4752,True,False,wall,10.0,13.0,-10.0
994,54013,-1.0,0,22,0.553539,0.589,True,False,wall,0.0,9.0,-10.0
995,54048,17.0,1,35,0.553345,0.9051,True,False,wall,10.0,17.0,-10.0
996,54114,48.0,3,66,0.55298,0.6315,True,False,body,30.0,28.0,-10.0
997,54220,76.0,5,106,0.552394,0.5457,True,False,body,50.0,36.0,-10.0
998,54311,49.0,3,91,0.551892,0.6431,True,False,body,30.0,29.0,-10.0
999,54406,94.0,6,95,0.551368,0.5182,True,False,body,60.0,44.0,-10.0
1000,54519,70.0,4,113,0.550745,0.508,True,False,body,40.0,40.0,-10.0
1001,54613,63.0,4,94,0.550228,0.5302,True,False,body,40.0,33.0,-10.0
1002,54656,33.0,3,43,0.549991,0.4675,True,False,body,30.0,13.0,-10.0
1003,54697,22.0,2,41,0.549766,0.4504,True,False,wall,20.0,12.0,-10.0
1004,54814,70.0,4,117,0.549123,0.6041,True,False,wall,40.0,40.0,-10.0
1005,54828,8.0,1,14,0.549046,0.5113,True,False,wall,10.0,8.0,-10.0
1006,54910,27.0,2,82,0.548596,0.5994,True,False,wall,20.0,17.0,-10.0
1007,54938,10.0,1,28,0.548442,0.5267,True,False,wall,10.0,10.0,-10.0
1008,54964,28.0,3,26,0.5483,0.5021,True,False,body,30.0,8.0,-10.0
1009,55022,31.0,2,58,0.547982,0.4817,True,False,wall,20.0,21.0,-10.0
1010,55110,29.0,2,88,0.5475,0.6175,True,False,wall,20.0,19.0,-10.0
1011,55156,38.0,3,46,0.547248,0.5168,True,False,wall,30.0,18.0,-10.0
1012,55168,-3.0,0,12,0.547182,0.4767,True,False,wall,0.0,7.0,-10.0
1013,55225,55.0,3,57,0.54687,0.6771,True,False,body,30.0,35.0,-10.0
1014,55259,8.0,1,34,0.546685,0.5415,True,False,wall,10.0,8.0,-10.0
1015,55306,13.0,1,47,0.546428,0.5649,True,False,wall,10.0,13.0,-10.0
1016,55336,3.0,0,30,0.546264,0.5061,True,False,wall,0.0,13.0,-10.0
1017,55393,35.0,3,57,0.545953,0.5292,True,False,wall,30.0,15.0,-10.0
1018,55426,7.0,1,33,0.545772,0.5009,True,False,wall,10.0,7.0,-10.0
1019,55486,35.0,2,60,0.545445,0.5506,True,False,wall,20.0,25.0,-10.0
1020,55589,74.0,4,103,0.544883,0.5507,True,False,body,40.0,44.0,-10.0
1021,55608,2.0,0,19,0.54478,0.4681,True,False,wall,0.0,12.0,-10.0
1022,55747,78.0,4,139,0.544023,0.5197,True,False,body,40.0,48.0,-10.0
1023,55769,8.0,1,22,0.543904,0.4191,True,False,wall,10.0,8.0,-10.0
1024,55833,31.0,2,64,0.543556,0.4946,True,False,wall,20.0,21.0,-10.0
1025,55869,25.0,2,36,0.54336,0.4851,True,False,wall,20.0,15.0,-10.0
1026,55899,12.0,1,30,0.543197,0.5471,True,False,wall,10.0,12.0,-10.0
1027,55939,36.0,3,40,0.54298,0.461,True,False,wall,30.0,16.0,-10.0
1028,56009,46.0,3,70,0.5426,0.5387,True,False,wall,30.0,26.0,-10.0
1029,56031,-1.0,0,22,0.54248,0.5513,True,False,wall,0.0,9.0,-10.0
1030,56053,14.0,1,22,0.542361,0.4895,True,False,wall,10.0,14.0,-10.0
1031,56097,34.0,3,44,0.542122,0.5347,True,False,wall,30.0,14.0,-10.0
1032,56148,39.0,3,51,0.541846,0.5787,True,False,body,30.0,19.0,-10.0
1033,56203,26.0,2,55,0.541548,0.793,True,False,wall,20.0,16.0,-10.0
1034,56223,21.0,2,20,0.54144,0.6648,True,False,wall,20.0,11.0,-10.0
1035,56289,46.0,3,66,0.541083,0.6697,True,False,wall,30.0,26.0,-10.0
1036,56346,26.0,2,57,0.540774,0.7182,True,False,wall,20.0,16.0,-10.0
1037,56396,42.0,3,50,0.540504,0.5229,True,False,body,30.0,22.0,-10.0
1038,56458,43.0,2,62,0.540169,0.5704,True,False,wall,20.0,33.0,-10.0
1039,56528,49.0,4,70,0.539791,0.5287,True,False,body,40.0,19.0,-10.0
1040,56587,35.0,3,59,0.539473,0.4579,True,False,wall,30.0,15.0,-10.0
1041,56626,15.0,1,39,0.539262,0.4237,True,False,wall,10.0,15.0,-10.0
1042,56702,48.0,3,76,0.538853,0.4593,True,False,body,30.0,28.0,-10.0
1043,56748,18.0,1,46,0.538605,0.4599,True,False,wall,10.0,18.0,-10.0
1044,56847,72.0,4,99,0.538072,0.6079,True,False,body,40.0,42.0,-10.0
1045,56922,58.0,2,75,0.537668,0.427,True,False,wall,20.0,48.0,-10.0
1046,56946,23.0,2,24,0.537539,0.6921,True,False,wall,20.0,13.0,-10.0
1047,57007,38.0,2,61,0.537212,0.5146,True,False,wall,20.0,28.0,-10.0
1048,57063,37.0,2,56,0.536911,0.5093,True,False,wall,20.0,27.0,-10.0
1049,57146,50.0,4,83,0.536465,0.4207,True,False,body,40.0,20.0,-10.0
1050,57177,33.0,3,31,0.536299,0.4308,True,False,wall,30.0,13.0,-10.0
1051,57234,39.0,3,57,0.535993,0.4629,True,False,body,30.0,19.0,-10.0
1052,57281,41.0,3,47,0.535742,0.4245,True,False,wall,30.0,21.0,-10.0
1053,57292,5.0,1,11,0.535683,0.3886,True,False,wall,10.0,5.0,-10.0
1054,57301,-2.0,0,9,0.535634,0.4635,True,False,wall,0.0,8.0,-10.0
1055,57315,-5.0,0,14,0.535559,0.477,True,False,wall,0.0,5.0,-10.0
1056,57399,36.0,3,84,0.53511,0.4858,True,False,body,30.0,16.0,-10.0
1057,57441,40.0,3,42,0.534885,0.5257,True,False,wall,30.0,20.0,-10.0
1058,57478,7.0,1,37,0.534687,0.4689,True,False,wall,10.0,7.0,-10.0
1059,57529,28.0,2,51,0.534415,0.4455,True,False,wall,20.0,18.0,-10.0
1060,57544,0.0,0,15,0.534334,0.5332,True,False,wall,0.0,10.0,-10.0
1061,57602,34.0,3,58,0.534025,0.4819,True,False,body,30.0,14.0,-10.0
1062,57656,48.0,3,54,0.533736,0.4743,True,False,body,30.0,28.0,-10.0
1063,57771,106.0,6,115,0.533123,0.4577,True,False,body,60.0,56.0,-10.0
1064,57794,20.0,2,23,0.533,0.5153,True,False,wall,20.0,10.0,-10.0
1065,57864,74.0,5,70,0.532627,0.6044,True,False,wall,50.0,34.0,-10.0
1066,57932,45.0,4,68,0.532265,0.6356,True,False,wall,40.0,15.0,-10.0
1067,57965,37.0,3,33,0.53209,0.5753,True,False,wall,30.0,17.0,-10.0
1068,58030,52.0,4,65,0.531744,0.5395,True,False,body,40.0,22.0,-10.0
1069,58099,34.0,2,69,0.531377,0.4848,True,False,wall,20.0,24.0,-10.0
1070,58121,8.0,1,22,0.53126,0.5142,True,False,wall,10.0,8.0,-10.0
1071,58149,8.0,1,28,0.531112,0.5642,True,False,wall,10.0,8.0,-10.0
1072,58189,31.0,2,40,0.530899,0.5243,True,False,wall,20.0,21.0,-10.0
1073,58271,102.0,7,82,0.530464,0.4387,True,False,body,70.0,42.0,-10.0
1074,58317,27.0,2,46,0.53022,0.6599,True,False,wall,20.0,17.0,-10.0
1075,58434,83.0,5,117,0.5296,0.4284,True,False,body,50.0,43.0,-10.0
1076,58509,42.0,2,75,0.529203,0.4657,True,False,wall,20.0,32.0,-10.0
1077,58529,4.0,1,20,0.529097,0.53,True,False,wall,10.0,4.0,-10.0
1078,58552,-4.0,0,23,0.528975,0.4457,True,False,wall,0.0,6.0,-10.0
1079,58601,50.0,4,49,0.528716,0.4862,True,False,body,40.0,20.0,-10.0
1080,58691,58.0,3,90,0.528241,0.5754,True,False,body,30.0,38.0,-10.0
1081,58739,14.0,1,48,0.527987,0.7012,True,False,wall,10.0,14.0,-10.0
1082,58779,19.0,2,40,0.527776,0.3749,True,False,wall,20.0,9.0,-10.0
1083,58871,63.0,4,92,0.527291,0.4305,True,False,body,40.0,33.0,-10.0
1084,58927,48.0,3,56,0.526995,0.5913,True,False,body,30.0,28.0,-10.0
1085,58956,9.0,1,29,0.526843,0.4764,True,False,wall,10.0,9.0,-10.0
1086,58970,6.0,1,14,0.526769,0.5103,True,False,wall,10.0,6.0,-10.0
1087,59072,54.0,3,102,0.526232,0.4402,True,False,body,30.0,34.0,-10.0
1088,59117,33.0,3,45,0.525995,0.3732,True,False,wall,30.0,13.0,-10.0
1089,59189,74.0,5,72,0.525617,0.5418,True,False,body,50.0,34.0,-10.0
1090,59220,11.0,1,31,0.525454,0.4558,True,False,wall,10.0,11.0,-10.0
1091,59260,27.0,2,40,0.525244,0.4922,True,False,wall,20.0,17.0,-10.0
1092,59326,42.0,3,66,0.524897,0.4211,True,False,body,30.0,22.0,-10.0
1093,59363,0.0,0,37,0.524703,0.4335,True,False,wall,0.0,10.0,-10.0
1094,59424,60.0,4,61,0.524383,0.4308,True,False,body,40.0,30.0,-10.0
1095,59454,12.0,1,30,0.524226,0.5653,True,False,wall,10.0,12.0,-10.0
1096,59469,-6.0,0,15,0.524147,0.5215,True,False,wall,0.0,4.0,-10.0
1097,59494,9.0,1,25,0.524016,0.5399,True,False,wall,10.0,9.0,-10.0
1098,59538,62.0,5,44,0.523785,0.6409,True,False,body,50.0,22.0,-10.0
1099,59604,50.0,3,66,0.52344,0.6309,True,False,body,30.0,30.0,-10.0
1100,59623,5.0,1,19,0.52334,0.7014,True,False,wall,10.0,5.0,-10.0
1101,59707,49.0,2,84,0.522901,0.6536,True,False,wall,20.0,39.0,-10.0
1102,59726,7.0,1,19,0.522802,0.5506,True,False,wall,10.0,7.0,-10.0
1103,59751,9.0,1,25,0.522671,0.5625,True,False,wall,10.0,9.0,-10.0
1104,59851,59.0,4,100,0.522148,0.567,True,False,wall,40.0,29.0,-10.0
1105,59866,7.0,1,15,0.52207,0.4525,True,False,wall,10.0,7.0,-10.0
1106,59885,22.0,2,19,0.521971,0.6041,True,False,wall,20.0,12.0,-10.0
1107,60010,53.0,3,125,0.521319,0.4742,True,False,body,30.0,33.0,-10.0
1108,60024,6.0,1,14,0.521246,0.4384,True,False,wall,10.0,6.0,-10.0
1109,60066,23.0,2,42,0.521027,0.4375,True,False,wall,20.0,13.0,-10.0
1110,60128,47.0,4,62,0.520704,0.4776,True,False,body,40.0,17.0,-10.0
1111,60176,8.0,1,48,0.520454,0.5027,True,False,wall,10.0,8.0,-10.0
1112,60279,64.0,4,103,0.519918,0.423,True,False,body,40.0,34.0,-10.0
1113,60407,61.0,4,128,0.519253,0.4389,True,False,body,40.0,31.0,-10.0
1114,60421,-13.0,0,14,0.519181,0.3994,True,False,wall,0.0,-3.0,-10.0
1115,60510,57.0,3,89,0.518719,0.5122,True,False,body,30.0,37.0,-10.0
1116,60566,51.0,4,56,0.518428,0.493,True,False,wall,40.0,21.0,-10.0
1117,60620,47.0,4,54,0.518149,0.5027,True,False,body,40.0,17.0,-10.0
1118,60694,46.0,3,74,0.517765,0.6103,True,False,body,30.0,26.0,-10.0
1119,60729,26.0,2,35,0.517584,0.5383,True,False,wall,20.0,16.0,-10.0
1120,60804,41.0,3,75,0.517196,0.5497,True,False,body,30.0,21.0,-10.0
1121,60866,52.0,3,62,0.516875,0.4668,True,False,wall,30.0,32.0,-10.0
1122,60894,10.0,1,28,0.516731,0.5548,True,False,wall,10.0,10.0,-10.0
1123,60961,45.0,3,67,0.516385,0.5755,True,False,body,30.0,25.0,-10.0
1124,61002,17.0,1,41,0.516173,0.5082,True,False,wall,10.0,17.0,-10.0
1125,61023,15.0,1,21,0.516065,0.5837,True,False,wall,10.0,15.0,-10.0
1126,61095,21.0,2,72,0.515693,0.5079,True,False,wall,20.0,11.0,-10.0
1127,61165,40.0,3,70,0.515332,0.4497,True,False,body,30.0,20.0,-10.0
1128,61176,-4.0,0,11,0.515276,0.5452,True,False,wall,0.0,6.0,-10.0
1129,61221,30.0,2,45,0.515044,0.3833,True,False,wall,20.0,20.0,-10.0
1130,61336,78.0,4,115,0.514452,0.4461,True,False,wall,40.0,48.0,-10.0
1131,61384,16.0,1,48,0.514205,0.5014,True,False,wall,10.0,16.0,-10.0
1132,61487,84.0,4,103,0.513676,0.4556,True,False,body,40.0,54.0,-10.0
1133,61499,6.0,1,12,0.513614,0.4746,True,False,wall,10.0,6.0,-10.0
1134,61562,33.0,3,63,0.513291,0.5639,True,False,wall,30.0,13.0,-10.0
1135,61593,11.0,1,31,0.513131,0.5002,True,False,wall,10.0,11.0,-10.0
1136,61660,25.0,1,67,0.512788,0.4188,True,False,wall,10.0,25.0,-10.0
1137,61719,38.0,2,59,0.512485,0.4048,True,False,wall,20.0,28.0,-10.0
1138,61739,10.0,1,20,0.512383,0.4394,True,False,wall,10.0,10.0,-10.0
1139,61772,11.0,1,33,0.512214,0.4712,True,False,wall,10.0,11.0,-10.0
1140,61798,14.0,1,26,0.512081,0.4209,True,False,wall,10.0,14.0,-10.0
1141,61820,8.0,1,22,0.511968,0.4409,True,False,wall,10.0,8.0,-10.0
1142,61841,11.0,1,21,0.51186,0.404,True,False,wall,10.0,11.0,-10.0
1143,61875,28.0,3,34,0.511686,0.4818,True,False,body,30.0,8.0,-10.0
1144,61921,33.0,2,46,0.511451,0.4661,True,False,wall,20.0,23.0,-10.0
1145,61942,13.0,1,21,0.511344,0.5133,True,False,wall,10.0,13.0,-10.0
1146,61974,21.0,2,32,0.51118,0.4961,True,False,wall,20.0,11.0,-10.0
1147,62090,50.0,3,116,0.510587,0.4816,True,False,wall,30.0,30.0,-10.0
1148,62154,80.0,5,64,0.510261,0.5381,True,False,wall,50.0,40.0,-10.0
1149,62198,34.0,3,44,0.510036,0.4696,True,False,body,30.0,14.0,-10.0
1150,62292,63.0,4,94,0.509557,0.5591,True,False,body,40.0,33.0,-10.0
1151,62344,48.0,3,52,0.509292,0.4912,True,False,body,30.0,28.0,-10.0
1152,62382,15.0,2,38,0.509099,0.419,True,False,wall,20.0,5.0,-10.0
1153,62427,13.0,1,45,0.50887,0.3991,True,False,wall,10.0,13.0,-10.0
1154,62500,49.0,3,73,0.508498,0.4435,True,False,body,30.0,29.0,-10.0
1155,62596,98.0,5,96,0.50801,0.4768,True,False,wall,50.0,58.0,-10.0
1156,62683,62.0,4,87,0.507569,0.5546,True,False,body,40.0,32.0,-10.0
1157,62734,37.0,3,51,0.50731,0.642,True,False,body,30.0,17.0,-10.0
1158,62848,84.0,5,114,0.506732,0.5415,True,False,wall,50.0,44.0,-10.0
1159,62964,84.0,5,116,0.506144,0.4805,True,False,body,50.0,44.0,-10.0
1160,63024,38.0,3,60,0.505841,0.5235,True,False,wall,30.0,18.0,-10.0
1161,63116,102.0,7,92,0.505376,0.4499,True,False,body,70.0,42.0,-10.0
1162,63154,40.0,3,38,0.505184,0.5464,True,False,wall,30.0,20.0,-10.0
1163,63172,12.0,1,18,0.505093,0.4586,True,False,wall,10.0,12.0,-10.0
1164,63288,57.0,4,116,0.504507,0.4574,True,False,body,40.0,27.0,-10.0
1165,63351,49.0,3,63,0.504189,0.4431,True,False,body,30.0,29.0,-10.0
1166,63373,12.0,1,22,0.504078,0.7937,True,False,wall,10.0,12.0,-10.0
1167,63420,32.0,2,47,0.503842,0.6673,True,False,wall,20.0,22.0,-10.0
1168,63472,42.0,3,52,0.50358,0.4615,True,False,body,30.0,22.0,-10.0
1169,63568,62.0,5,96,0.503096,0.5138,True,False,body,50.0,22.0,-10.0
1170,63629,52.0,4,61,0.50279,0.5009,True,False,body,40.0,22.0,-10.0
1171,63748,67.0,3,119,0.502192,0.6462,True,False,wall,30.0,47.0,-10.0
1172,63784,34.0,3,36,0.502011,0.5436,True,False,body,30.0,14.0,-10.0
1173,63836,59.0,4,52,0.50175,0.4952,True,False,wall,40.0,29.0,-10.0
1174,63889,32.0,2,53,0.501484,0.6492,True,False,wall,20.0,22.0,-10.0
1175,63906,13.0,1,17,0.501399,0.7875,True,False,wall,10.0,13.0,-10.0
1176,63915,-6.0,0,9,0.501354,0.5939,True,False,wall,0.0,4.0,-10.0
1177,64004,63.0,3,89,0.500908,0.5667,True,False,body,30.0,43.0,-10.0
1178,64026,10.0,1,22,0.500798,0.6871,True,False,wall,10.0,10.0,-10.0
1179,64047,5.0,1,21,0.500692,0.518,True,False,wall,10.0,5.0,-10.0
1180,64126,56.0,4,79,0.500297,0.4842,True,False,wall,40.0,26.0,-10.0
1181,64195,63.0,3,69,0.499952,0.5942,True,False,body,30.0,43.0,-10.0
1182,64221,10.0,1,26,0.499822,0.4906,True,False,wall,10.0,10.0,-10.0
1183,64297,86.0,5,76,0.499442,0.4336,True,False,body,50.0,46.0,-10.0
1184,64330,31.0,3,33,0.499277,0.5437,True,False,wall,30.0,11.0,-10.0
1185,64415,75.0,5,85,0.498853,0.5543,True,False,body,50.0,35.0,-10.0
1186,64486,91.0,7,71,0.498499,0.5685,True,False,body,70.0,31.0,-10.0
1187,64535,14.0,2,49,0.498255,0.5956,True,False,wall,20.0,4.0,-10.0
1188,64580,45.0,3,45,0.498031,0.5514,True,False,body,30.0,25.0,-10.0
1189,64594,-1.0,0,14,0.497961,0.4297,True,False,wall,0.0,9.0,-10.0
1190,64606,10.0,1,12,0.497901,0.5262,True,False,wall,10.0,10.0,-10.0
1191,64656,66.0,5,50,0.497652,0.5288,True,False,body,50.0,26.0,-10.0
1192,64721,26.0,2,65,0.497329,0.6621,True,False,wall,20.0,16.0,-10.0
1193,64833,89.0,6,112,0.496772,0.5115,True,False,body,60.0,39.0,-10.0
1194,64879,40.0,3,46,0.496544,0.4969,True,False,body,30.0,20.0,-10.0
1195,64994,81.0,5,115,0.495973,0.4833,True,False,body,50.0,41.0,-10.0
1196,65070,70.0,5,76,0.495596,0.6243,True,False,body,50.0,30.0,-10.0
1197,65082,8.0,1,12,0.495537,1.1747,True,False,wall,10.0,8.0,-10.0
1198,65135,49.0,3,53,0.495274,0.5093,True,False,body,30.0,29.0,-10.0
1199,65154,2.0,0,19,0.49518,0.521,True,False,wall,0.0,12.0,-10.0
1200,65206,43.0,2,52,0.494923,0.7875,True,False,wall,20.0,33.0,-10.0
1201,65290,46.0,3,84,0.494507,0.4825,True,False,body,30.0,26.0,-10.0
1202,65347,38.0,2,57,0.494226,0.4801,True,False,wall,20.0,28.0,-10.0
1203,65420,72.0,4,73,0.493865,0.6298,True,False,wall,40.0,42.0,-10.0
1204,65475,58.0,4,55,0.493593,0.5518,True,False,body,40.0,28.0,-10.0
1205,65551,54.0,3,76,0.493218,0.6208,True,False,body,30.0,34.0,-10.0
1206,65615,40.0,3,64,0.492903,0.687,True,False,wall,30.0,20.0,-10.0
1207,65693,60.0,5,78,0.492518,0.6881,True,False,body,50.0,20.0,-10.0
1208,65784,66.0,4,91,0.49207,0.5717,True,False,body,40.0,36.0,-10.0
1209,65823,11.0,1,39,0.491879,0.6651,True,False,wall,10.0,11.0,-10.0
1210,65920,75.0,5,97,0.491402,0.5494,True,False,wall,50.0,35.0,-10.0
1211,65935,-4.0,0,15,0.491328,0.485,True,False,wall,0.0,6.0,-10.0
1212,65990,45.0,3,55,0.491058,0.5606,True,False,body,30.0,25.0,-10.0
1213,66029,11.0,1,39,0.490866,0.5685,True,False,wall,10.0,11.0,-10.0
1214,66043,6.0,1,14,0.490798,0.8952,True,False,wall,10.0,6.0,-10.0
1215,66058,2.0,0,15,0.490724,0.9517,True,False,wall,0.0,12.0,-10.0
1216,66140,69.0,4,82,0.490322,0.8042,True,False,body,40.0,39.0,-10.0
1217,66253,59.0,3,113,0.489768,0.7672,True,False,body,30.0,39.0,-10.0
1218,66343,44.0,3,90,0.489327,0.6082,True,False,body,30.0,24.0,-10.0
1219,66428,100.0,6,85,0.488912,0.6406,True,False,wall,60.0,50.0,-10.0
1220,66441,7.0,1,13,0.488848,0.5397,True,False,wall,10.0,7.0,-10.0
1221,66532,100.0,6,91,0.488404,0.5669,True,False,wall,60.0,50.0,-10.0
1222,66639,48.0,4,107,0.487881,0.5571,True,False,wall,40.0,18.0,-10.0
1223,66815,93.0,6,176,0.487023,0.6059,True,False,wall,60.0,43.0,-10.0
1224,66865,48.0,3,50,0.48678,0.6723,True,False,wall,30.0,28.0,-10.0
1225,66920,58.0,4,55,0.486512,0.5933,True,False,wall,40.0,28.0,-10.0
1226,66961,31.0,3,41,0.486313,0.4972,True,False,body,30.0,11.0,-10.0
1227,66997,49.0,4,36,0.486138,0.5533,True,False,wall,40.0,19.0,-10.0
1228,67018,0.0,0,21,0.486036,0.8384,True,False,wall,0.0,10.0,-10.0
1229,67071,23.0,1,53,0.485778,0.5174,True,False,wall,10.0,23.0,-10.0
1230,67145,59.0,4,74,0.485419,0.7658,True,False,wall,40.0,29.0,-10.0
1231,67212,83.0,5,67,0.485094,0.5745,True,False,body,50.0,43.0,-10.0
1232,67232,8.0,1,20,0.484997,0.5519,True,False,wall,10.0,8.0,-10.0
1233,67321,57.0,3,89,0.484565,0.6115,True,False,body,30.0,37.0,-10.0
1234,67351,12.0,1,30,0.48442,0.5334,True,False,wall,10.0,12.0,-10.0
1235,67441,61.0,4,90,0.483984,0.6122,True,False,body,40.0,31.0,-10.0
1236,67523,48.0,3,82,0.483587,0.6508,True,False,wall,30.0,28.0,-10.0
1237,67570,40.0,2,47,0.48336,0.5668,True,False,wall,20.0,30.0,-10.0
1238,67633,51.0,3,63,0.483056,0.5691,True,False,body,30.0,31.0,-10.0
1239,67645,8.0,1,12,0.482998,0.5395,True,False,wall,10.0,8.0,-10.0
1240,67661,6.0,1,16,0.48292,0.5386,True,False,wall,10.0,6.0,-10.0
1241,67736,47.0,3,75,0.482558,0.7096,True,False,body,30.0,27.0,-10.0
1242,67828,52.0,3,92,0.482115,0.5268,True,False,body,30.0,32.0,-10.0
1243,67916,60.0,3,88,0.481691,0.5854,True,False,body,30.0,40.0,-10.0
1244,68054,118.0,7,138,0.481026,0.5022,True,False,body,70.0,58.0,-10.0
1245,68134,71.0,4,80,0.480642,0.5552,True,False,body,40.0,41.0,-10.0
1246,68190,59.0,4,56,0.480373,0.5706,True,False,body,40.0,29.0,-10.0
1247,68224,28.0,3,34,0.480209,0.7109,True,False,body,30.0,8.0,-10.0
1248,68315,55.0,3,91,0.479772,0.5919,True,False,body,30.0,35.0,-10.0
1249,68429,74.0,5,114,0.479226,0.5694,True,False,wall,50.0,34.0,-10.0
1250,68525,77.0,4,96,0.478766,0.5409,True,False,body,40.0,47.0,-10.0
1251,68545,1.0,0,20,0.47867,0.5312,True,False,wall,0.0,11.0,-10.0
1252,68670,97.0,5,125,0.478072,0.6335,True,False,wall,50.0,57.0,-10.0
1253,68709,28.0,2,39,0.477886,0.6945,True,False,wall,20.0,18.0,-10.0
1254,68764,58.0,4,55,0.477623,0.5468,True,False,body,40.0,28.0,-10.0
1255,68836,63.0,4,72,0.477279,0.7025,True,False,wall,40.0,33.0,-10.0
1256,68853,9.0,1,17,0.477198,0.5747,True,False,wall,10.0,9.0,-10.0
1257,68873,-5.0,0,20,0.477103,0.5436,True,False,wall,0.0,5.0,-10.0
1258,68894,-4.0,0,21,0.477003,0.4909,True,False,wall,0.0,6.0,-10.0
1259,68949,49.0,3,55,0.47674,0.5092,True,False,body,30.0,29.0,-10.0
1260,68980,26.0,2,31,0.476593,0.4715,True,False,wall,20.0,16.0,-10.0
1261,68996,10.0,1,16,0.476516,0.697,True,False,wall,10.0,10.0,-10.0
1262,69025,17.0,1,29,0.476378,0.5193,True,False,wall,10.0,17.0,-10.0
1263,69086,43.0,3,61,0.476088,0.6855,True,False,body,30.0,23.0,-10.0
1264,69128,32.0,3,42,0.475888,0.5423,True,False,body,30.0,12.0,-10.0
1265,69163,13.0,1,35,0.475721,0.6509,True,False,wall,10.0,13.0,-10.0
1266,69182,3.0,1,19,0.475631,0.6357,True,False,wall,10.0,3.0,-10.0
1267,69238,53.0,4,56,0.475365,0.6009,True,False,wall,40.0,23.0,-10.0
1268,69272,24.0,1,34,0.475203,0.6031,True,False,wall,10.0,24.0,-10.0
1269,69368,92.0,5,96,0.474747,0.5664,True,False,body,50.0,52.0,-10.0
1270,69404,35.0,2,36,0.474576,0.5618,True,False,wall,20.0,25.0,-10.0
1271,69493,41.0,3,89,0.474154,0.5418,True,False,body,30.0,21.0,-10.0
1272,69507,10.0,1,14,0.474088,0.5185,True,False,wall,10.0,10.0,-10.0
1273,69552,51.0,3,45,0.473874,0.5323,True,False,body,30.0,31.0,-10.0
1274,69609,53.0,3,57,0.473604,0.4994,True,False,wall,30.0,33.0,-10.0
1275,69662,50.0,4,53,0.473353,0.5471,True,False,body,40.0,20.0,-10.0
1276,69693,7.0,1,31,0.473207,0.5005,True,False,wall,10.0,7.0,-10.0
1277,69781,73.0,4,88,0.47279,0.5964,True,False,body,40.0,43.0,-10.0
1278,69827,43.0,4,46,0.472573,0.558,True,False,wall,40.0,13.0,-10.0
1279,69888,50.0,4,61,0.472285,0.5061,True,False,body,40.0,20.0,-10.0
1280,69912,28.0,3,24,0.472171,0.4497,True,False,body,30.0,8.0,-10.0
1281,69965,42.0,2,53,0.471921,0.5741,True,False,wall,20.0,32.0,-10.0
1282,69987,6.0,1,22,0.471817,0.5607,True,False,wall,10.0,6.0,-10.0
1283,70022,31.0,3,35,0.471652,0.5481,True,False,body,30.0,11.0,-10.0
1284,70096,49.0,2,74,0.471303,0.5807,True,False,wall,20.0,39.0,-10.0
1285,70208,99.0,6,112,0.470776,0.6405,True,False,body,60.0,49.0,-10.0
1286,70230,10.0,1,22,0.470672,0.5737,True,False,wall,10.0,10.0,-10.0
1287,70266,27.0,2,36,0.470503,0.5483,True,False,wall,20.0,17.0,-10.0
1288,70314,16.0,1,48,0.470277,0.63,True,False,wall,10.0,16.0,-10.0
1289,70414,113.0,6,100,0.469807,0.5437,True,False,body,60.0,63.0,-10.0
1290,70530,94.0,5,116,0.469262,0.6634,True,False,body,50.0,54.0,-10.0
1291,70547,20.0,2,17,0.469183,0.6405,True,False,wall,20.0,10.0,-10.0
1292,70583,27.0,2,36,0.469014,0.6167,True,False,wall,20.0,17.0,-10.0
1293,70638,41.0,3,55,0.468756,0.5303,True,False,wall,30.0,21.0,-10.0
1294,70653,20.0,2,15,0.468686,0.5087,True,False,wall,20.0,10.0,-10.0
1295,70684,39.0,3,31,0.46854,0.7126,True,False,body,30.0,19.0,-10.0
1296,70727,45.0,3,43,0.468339,0.5555,True,False,wall,30.0,25.0,-10.0
1297,70767,38.0,3,40,0.468152,0.7376,True,False,body,30.0,18.0,-10.0
1298,70819,46.0,3,52,0.467908,0.6823,True,False,wall,30.0,26.0,-10.0
1299,70858,32.0,2,39,0.467726,0.6258,True,False,wall,20.0,22.0,-10.0
1300,70882,-9.0,0,24,0.467613,0.5729,True,False,wall,0.0,1.0,-10.0
1301,70902,-3.0,0,20,0.46752,0.511,True,False,wall,0.0,7.0,-10.0
1302,70922,6.0,1,20,0.467426,0.5239,True,False,wall,10.0,6.0,-10.0
1303,70982,40.0,3,60,0.467146,0.6774,True,False,body,30.0,20.0,-10.0
1304,71079,76.0,4,97,0.466693,0.5427,True,False,body,40.0,46.0,-10.0
1305,71159,62.0,3,80,0.46632,0.5517,True,False,body,30.0,42.0,-10.0
1306,71255,68.0,3,96,0.465872,0.5191,True,False,body,30.0,48.0,-10.0
1307,71324,46.0,2,69,0.465551,0.5267,True,False,wall,20.0,36.0,-10.0
1308,71353,19.0,1,29,0.465416,0.4845,True,False,wall,10.0,19.0,-10.0
1309,71395,35.0,2,42,0.465221,0.6057,True,False,wall,20.0,25.0,-10.0
1310,71444,51.0,3,49,0.464993,0.5624,True,False,body,30.0,31.0,-10.0
1311,71533,45.0,3,89,0.464579,0.6201,True,False,body,30.0,25.0,-10.0
1312,71576,39.0,3,43,0.464379,0.5584,True,False,body,30.0,19.0,-10.0
1313,71645,45.0,3,69,0.464059,0.5413,True,False,body,30.0,25.0,-10.0
1314,71664,-8.0,0,19,0.463971,0.6684,True,False,wall,0.0,2.0,-10.0
1315,71676,4.0,1,12,0.463915,0.5736,True,False,wall,10.0,4.0,-10.0
1316,71736,50.0,3,60,0.463637,0.6092,True,False,body,30.0,30.0,-10.0
1317,71748,28.0,3,12,0.463581,0.4831,True,False,wall,30.0,8.0,-10.0
1318,71776,14.0,1,28,0.463452,0.7297,True,False,wall,10.0,14.0,-10.0
1319,71795,13.0,1,19,0.463364,0.948,True,False,wall,10.0,13.0,-10.0
1320,71872,82.0,6,77,0.463007,0.5645,True,False,body,60.0,32.0,-10.0
1321,71913,43.0,3,41,0.462817,0.5795,True,False,wall,30.0,23.0,-10.0
1322,71933,1.0,0,20,0.462725,0.5116,True,False,wall,0.0,11.0,-10.0
1323,71988,53.0,3,55,0.46247,0.54,True,False,body,30.0,33.0,-10.0
1324,71999,-2.0,0,11,0.462419,0.5359,True,False,wall,0.0,8.0,-10.0
1325,72068,87.0,5,69,0.4621,0.5428,True,False,body,50.0,47.0,-10.0
1326,72134,37.0,2,66,0.461795,0.5016,True,False,wall,20.0,27.0,-10.0
1327,72148,1.0,0,14,0.461731,0.6869,True,False,wall,0.0,11.0,-10.0
1328,72167,2.0,0,19,0.461643,0.6162,True,False,wall,0.0,12.0,-10.0
1329,72217,50.0,3,50,0.461412,0.7313,True,False,wall,30.0,30.0,-10.0
1330,72265,51.0,4,48,0.461191,0.4813,True,False,body,40.0,21.0,-10.0
1331,72333,54.0,3,68,0.460877,0.5498,True,False,body,30.0,34.0,-10.0
1332,72371,24.0,1,38,0.460702,0.5622,True,False,wall,10.0,24.0,-10.0
1333,72386,-8.0,0,15,0.460633,0.5362,True,False,wall,0.0,2.0,-10.0
1334,72396,6.0,1,10,0.460587,0.5887,True,False,wall,10.0,6.0,-10.0
1335,72417,-4.0,0,21,0.46049,0.8179,True,False,wall,0.0,6.0,-10.0
1336,72460,39.0,3,43,0.460292,0.6486,True,False,wall,30.0,19.0,-10.0
1337,72557,86.0,6,97,0.459846,0.6645,True,False,wall,60.0,36.0,-10.0
1338,72568,-4.0,0,11,0.459796,0.5181,True,False,wall,0.0,6.0,-10.0
1339,72652,59.0,4,84,0.45941,0.5725,True,False,body,40.0,29.0,-10.0
1340,72673,0.0,0,21,0.459313,0.677,True,False,wall,0.0,10.0,-10.0
1341,72747,52.0,3,74,0.458973,0.5423,True,False,body,30.0,32.0,-10.0
1342,72762,0.0,0,15,0.458904,0.5317,True,False,wall,0.0,10.0,-10.0
1343,72843,48.0,2,81,0.458533,0.5424,True,False,wall,20.0,38.0,-10.0
1344,72963,121.0,6,120,0.457983,0.5563,True,False,body,60.0,71.0,-10.0
1345,73003,14.0,1,40,0.4578,0.5459,True,False,wall,10.0,14.0,-10.0
1346,73034,11.0,1,31,0.457658,0.5264,True,False,wall,10.0,11.0,-10.0
1347,73134,63.0,4,100,0.4572,0.5217,True,False,body,40.0,33.0,-10.0
1348,73152,-5.0,0,18,0.457118,0.486,True,False,wall,0.0,5.0,-10.0
1349,73175,9.0,1,23,0.457013,0.459,True,False,wall,10.0,9.0,-10.0
1350,73192,11.0,1,17,0.456935,0.5058,True,False,wall,10.0,11.0,-10.0
1351,73243,57.0,3,51,0.456702,0.5521,True,False,wall,30.0,37.0,-10.0
1352,73285,20.0,1,42,0.456511,0.5231,True,False,wall,10.0,20.0,-10.0
1353,73368,91.0,5,83,0.456132,0.4727,True,False,wall,50.0,51.0,-10.0
1354,73483,69.0,3,115,0.455608,0.5452,True,False,body,30.0,49.0,-10.0
1355,73542,47.0,3,59,0.455339,0.528,True,False,body,30.0,27.0,-10.0
1356,73618,62.0,3,76,0.454993,0.546,True,False,wall,30.0,42.0,-10.0
1357,73707,51.0,3,89,0.454588,0.4941,True,False,body,30.0,31.0,-10.0
1358,73725,10.0,1,18,0.454506,0.5906,True,False,wall,10.0,10.0,-10.0
1359,73816,41.0,3,91,0.454093,0.7021,True,False,wall,30.0,21.0,-10.0
1360,73850,6.0,1,34,0.453939,0.6167,True,False,wall,10.0,6.0,-10.0
1361,73895,41.0,3,45,0.453734,0.6422,True,False,wall,30.0,21.0,-10.0
1362,73939,39.0,2,44,0.453535,0.5614,True,False,wall,20.0,29.0,-10.0
1363,74048,75.0,5,109,0.453041,0.5577,True,False,body,50.0,35.0,-10.0
1364,74100,51.0,4,52,0.452805,0.5809,True,False,body,40.0,21.0,-10.0
1365,74146,57.0,4,46,0.452597,0.8211,True,False,body,40.0,27.0,-10.0
1366,74214,65.0,4,68,0.452289,0.5651,True,False,body,40.0,35.0,-10.0
1367,74290,85.0,6,76,0.451946,0.6137,True,False,body,60.0,35.0,-10.0
1368,74378,91.0,6,88,0.451548,0.6062,True,False,wall,60.0,41.0,-10.0
1369,74418,16.0,1,40,0.451368,0.5907,True,False,wall,10.0,16.0,-10.0
1370,74517,77.0,5,99,0.450921,0.5657,True,False,body,50.0,37.0,-10.0
1371,74615,105.0,6,98,0.450479,0.4843,True,False,body,60.0,55.0,-10.0
1372,74661,27.0,2,46,0.450272,0.6845,True,False,wall,20.0,17.0,-10.0
1373,74729,35.0,2,68,0.449966,0.7375,True,False,wall,20.0,25.0,-10.0
1374,74757,25.0,2,28,0.44984,0.5985,True,False,wall,20.0,15.0,-10.0
1375,74778,7.0,1,21,0.449746,0.6169,True,False,wall,10.0,7.0,-10.0
1376,74888,84.0,5,110,0.449251,0.6656,True,False,body,50.0,44.0,-10.0
1377,74913,-6.0,0,25,0.449139,0.6139,True,False,wall,0.0,4.0,-10.0
1378,75009,84.0,5,96,0.448708,0.625,True,False,body,50.0,44.0,-10.0
1379,75033,12.0,1,24,0.4486,0.8019,True,False,wall,10.0,12.0,-10.0
1380,75072,17.0,1,39,0.448425,0.6601,True,False,wall,10.0,17.0,-10.0
1381,75101,26.0,2,29,0.448295,0.5294,True,False,wall,20.0,16.0,-10.0
1382,75130,19.0,1,29,0.448165,0.5471,True,False,wall,10.0,19.0,-10.0
1383,75157,28.0,2,27,0.448044,0.6163,True,False,wall,20.0,18.0,-10.0
1384,75245,101.0,6,88,0.44765,0.6688,True,False,body,60.0,51.0,-10.0
1385,75266,15.0,1,21,0.447556,0.5495,True,False,wall,10.0,15.0,-10.0
1386,75293,2.0,0,27,0.447435,0.967,True,False,wall,0.0,12.0,-10.0
1387,75404,47.0,3,111,0.446939,0.672,True,False,body,30.0,27.0,-10.0
1388,75439,19.0,1,35,0.446783,0.631,True,False,wall,10.0,19.0,-10.0
1389,75467,12.0,1,28,0.446657,0.6885,True,False,wall,10.0,12.0,-10.0
1390,75481,1.0,0,14,0.446595,0.5499,True,False,wall,0.0,11.0,-10.0
1391,75550,32.0,2,69,0.446287,0.4841,True,False,wall,20.0,22.0,-10.0
1392,75565,11.0,1,15,0.44622,0.5654,True,False,wall,10.0,11.0,-10.0
1393,75593,8.0,1,28,0.446095,0.5517,True,False,wall,10.0,8.0,-10.0
1394,75656,47.0,3,63,0.445814,0.5934,True,False,body,30.0,27.0,-10.0
1395,75681,20.0,2,25,0.445703,0.7205,True,False,wall,20.0,10.0,-10.0
1396,75698,-2.0,0,17,0.445627,0.6094,True,False,wall,0.0,8.0,-10.0
1397,75864,175.0,10,166,0.444888,0.5838,True,False,body,100.0,85.0,-10.0
1398,75950,53.0,2,86,0.444505,0.567,True,False,wall,20.0,43.0,-10.0
1399,76040,50.0,3,90,0.444105,0.557,True,False,body,30.0,30.0,-10.0
1400,76153,127.0,7,113,0.443604,0.5413,True,False,wall,70.0,67.0,-10.0
1401,76206,47.0,3,53,0.443369,0.5388,True,False,body,30.0,27.0,-10.0
1402,76248,20.0,1,42,0.443183,0.5791,True,False,wall,10.0,20.0,-10.0
1403,76319,51.0,3,71,0.442868,0.6469,True,False,body,30.0,31.0,-10.0
1404,76360,30.0,2,41,0.442687,0.5401,True,False,wall,20.0,20.0,-10.0
1405,76405,26.0,2,45,0.442487,0.4988,True,False,wall,20.0,16.0,-10.0
1406,76420,2.0,0,15,0.442421,0.5528,True,False,wall,0.0,12.0,-10.0
1407,76434,12.0,1,14,0.442359,0.6005,True,False,wall,10.0,12.0,-10.0
1408,76545,94.0,6,111,0.441868,0.6171,True,False,body,60.0,44.0,-10.0
1409,76608,31.0,3,63,0.44159,0.5527,True,False,body,30.0,11.0,-10.0
1410,76662,42.0,3,54,0.441352,0.53,True,False,body,30.0,22.0,-10.0
1411,76694,21.0,2,32,0.44121,0.5555,True,False,wall,20.0,11.0,-10.0
1412,76753,44.0,4,59,0.44095,0.5677,True,False,body,40.0,14.0,-10.0
1413,76766,-4.0,0,13,0.440893,0.5921,True,False,wall,0.0,6.0,-10.0
1414,76801,7.0,1,35,0.440739,0.5321,True,False,wall,10.0,7.0,-10.0
1415,76876,54.0,4,75,0.440408,0.5136,True,False,body,40.0,24.0,-10.0
1416,76966,75.0,4,90,0.440012,0.5091,True,False,body,40.0,45.0,-10.0
1417,77045,37.0,3,79,0.439665,0.4932,True,False,body,30.0,17.0,-10.0
1418,77098,41.0,3,53,0.439432,0.5439,True,False,body,30.0,21.0,-10.0
1419,77174,81.0,4,76,0.439098,0.5396,True,False,body,40.0,51.0,-10.0
1420,77278,71.0,4,104,0.438641,0.5013,True,False,body,40.0,41.0,-10.0
1421,77315,39.0,3,37,0.438479,0.5857,True,False,body,30.0,19.0,-10.0
1422,77373,67.0,4,58,0.438225,0.4692,True,False,wall,40.0,37.0,-10.0
1423,77409,21.0,2,36,0.438067,0.5802,True,False,wall,20.0,11.0,-10.0
1424,77423,19.0,2,14,0.438006,0.549,True,False,wall,20.0,9.0,-10.0
1425,77544,129.0,7,121,0.437476,0.5267,True,False,body,70.0,69.0,-10.0
1426,77596,54.0,3,52,0.437249,0.5014,True,False,body,30.0,34.0,-10.0
1427,77657,11.0,1,61,0.436982,0.7323,True,False,wall,10.0,11.0,-10.0
1428,77679,10.0,1,22,0.436886,0.4932,True,False,wall,10.0,10.0,-10.0
1429,77722,41.0,3,43,0.436698,0.5197,True,False,body,30.0,21.0,-10.0
1430,77767,43.0,3,45,0.436502,0.5543,True,False,body,30.0,23.0,-10.0
1431,77791,14.0,1,24,0.436397,0.5743,True,False,wall,10.0,14.0,-10.0
1432,77840,53.0,3,49,0.436183,0.5678,True,False,body,30.0,33.0,-10.0
1433,77866,10.0,1,26,0.43607,0.5655,True,False,wall,10.0,10.0,-10.0
1434,77904,30.0,3,38,0.435904,0.5404,True,False,body,30.0,10.0,-10.0
1435,77925,9.0,1,21,0.435812,0.5603,True,False,wall,10.0,9.0,-10.0
1436,77938,-2.0,0,13,0.435756,0.5612,True,False,wall,0.0,8.0,-10.0
1437,77960,23.0,2,22,0.43566,0.5242,True,False,wall,20.0,13.0,-10.0
1438,78019,63.0,5,59,0.435403,0.6717,True,False,body,50.0,23.0,-10.0
1439,78042,29.0,3,23,0.435303,0.7713,True,False,wall,30.0,9.0,-10.0
1440,78122,82.0,5,80,0.434955,0.735,True,False,body,50.0,42.0,-10.0
1441,78174,61.0,4,52,0.434729,0.5444,True,False,body,40.0,31.0,-10.0
1442,78245,55.0,3,71,0.43442,0.527,True,False,body,30.0,35.0,-10.0
1443,78256,9.0,1,11,0.434372,0.8735,True,False,wall,10.0,9.0,-10.0
1444,78305,43.0,3,49,0.43416,0.5766,True,False,body,30.0,23.0,-10.0
1445,78395,91.0,6,90,0.433769,0.6532,True,False,wall,60.0,41.0,-10.0
1446,78435,53.0,4,40,0.433595,0.7666,True,False,body,40.0,23.0,-10.0
1447,78553,94.0,5,118,0.433084,0.6714,True,False,body,50.0,54.0,-10.0
1448,78618,58.0,4,65,0.432803,0.6341,True,False,body,40.0,28.0,-10.0
1449,78711,71.0,5,93,0.4324,0.5672,True,False,body,50.0,31.0,-10.0
1450,78727,-1.0,0,16,0.432331,0.5922,True,False,wall,0.0,9.0,-10.0
1451,78778,47.0,3,51,0.432111,0.5275,True,False,wall,30.0,27.0,-10.0
1452,78829,28.0,2,51,0.43189,0.5883,True,False,wall,20.0,18.0,-10.0
1453,78860,20.0,2,31,0.431757,0.6321,True,False,wall,20.0,10.0,-10.0
1454,78962,94.0,5,102,0.431316,0.644,True,False,wall,50.0,54.0,-10.0
1455,78976,17.0,2,14,0.431256,0.5386,True,False,wall,20.0,7.0,-10.0
1456,79034,33.0,2,58,0.431006,0.5218,True,False,wall,20.0,23.0,-10.0
1457,79078,44.0,3,44,0.430816,0.5917,True,False,body,30.0,24.0,-10.0
1458,79116,44.0,3,38,0.430653,0.6648,True,False,body,30.0,24.0,-10.0
1459,79150,27.0,2,34,0.430506,0.488,True,False,wall,20.0,17.0,-10.0
1460,79205,52.0,4,55,0.43027,0.5285,True,False,wall,40.0,22.0,-10.0
1461,79330,87.0,5,125,0.429732,0.5887,True,False,wall,50.0,47.0,-10.0
1462,79386,50.0,3,56,0.429492,0.5768,True,False,wall,30.0,30.0,-10.0
1463,79463,39.0,3,77,0.429161,0.5445,True,False,wall,30.0,19.0,-10.0
1464,79530,68.0,4,67,0.428873,0.6734,True,False,body,40.0,38.0,-10.0
1465,79633,98.0,6,103,0.428432,0.654,True,False,body,60.0,48.0,-10.0
1466,79674,26.0,2,41,0.428256,0.5823,True,False,wall,20.0,16.0,-10.0
1467,79689,-6.0,0,15,0.428192,0.4855,True,False,wall,0.0,4.0,-10.0
1468,79729,48.0,3,40,0.428021,0.6237,True,False,body,30.0,28.0,-10.0
1469,79779,60.0,3,50,0.427807,0.6158,True,False,wall,30.0,40.0,-10.0
1470,79849,58.0,3,70,0.427508,0.5583,True,False,body,30.0,38.0,-10.0
1471,79886,46.0,4,37,0.427349,0.5806,True,False,body,40.0,16.0,-10.0
1472,79967,83.0,5,81,0.427003,0.5806,True,False,body,50.0,43.0,-10.0
1473,80016,51.0,3,49,0.426794,0.5648,True,False,body,30.0,31.0,-10.0
1474,80081,76.0,4,65,0.426517,0.5357,True,False,wall,40.0,46.0,-10.0
1475,80182,94.0,6,101,0.426086,0.5399,True,False,body,60.0,44.0,-10.0
1476,80241,53.0,3,59,0.425835,0.4916,True,False,body,30.0,33.0,-10.0
1477,80258,-6.0,0,17,0.425763,0.5645,True,False,wall,0.0,4.0,-10.0
1478,80395,87.0,5,137,0.42518,0.56,True,False,body,50.0,47.0,-10.0
1479,80415,1.0,0,20,0.425095,0.5387,True,False,wall,0.0,11.0,-10.0
1480,80472,72.0,4,57,0.424852,0.6019,True,False,body,40.0,42.0,-10.0
1481,80548,76.0,5,76,0.42453,0.5899,True,False,body,50.0,36.0,-10.0
1482,80630,69.0,4,82,0.424182,0.6172,True,False,body,40.0,39.0,-10.0
1483,80689,56.0,4,59,0.423932,0.5829,True,False,body,40.0,26.0,-10.0
1484,80757,63.0,4,68,0.423643,0.5086,True,False,body,40.0,33.0,-10.0
1485,80786,35.0,3,29,0.423521,0.5052,True,False,body,30.0,15.0,-10.0
1486,80905,68.0,4,119,0.423017,0.6064,True,False,body,40.0,38.0,-10.0
1487,80919,10.0,1,14,0.422958,0.6337,True,False,wall,10.0,10.0,-10.0
1488,80984,60.0,4,65,0.422683,0.62,True,False,body,40.0,30.0,-10.0
1489,81019,28.0,2,35,0.422535,0.6552,True,False,wall,20.0,18.0,-10.0
1490,81059,57.0,4,40,0.422366,0.5538,True,False,body,40.0,27.0,-10.0
1491,81089,38.0,3,30,0.422239,0.5097,True,False,body,30.0,18.0,-10.0
1492,81145,65.0,4,56,0.422003,0.5186,True,False,wall,40.0,35.0,-10.0
1493,81233,73.0,4,88,0.421632,0.5296,True,False,body,40.0,43.0,-10.0
1494,81248,2.0,0,15,0.421568,0.6411,True,False,wall,0.0,12.0,-10.0
1495,81271,20.0,2,23,0.421471,0.4809,True,False,wall,20.0,10.0,-10.0
1496,81310,56.0,4,39,0.421307,0.5226,True,False,body,40.0,26.0,-10.0
1497,81326,-7.0,0,16,0.42124,0.5378,True,False,wall,0.0,3.0,-10.0
1498,81387,59.0,3,61,0.420983,0.5223,True,False,wall,30.0,39.0,-10.0
1499,81412,37.0,3,25,0.420878,0.4992,True,False,wall,30.0,17.0,-10.0
1500,81543,83.0,5,131,0.420327,0.5384,True,False,wall,50.0,43.0,-10.0
1501,81602,64.0,4,59,0.420079,0.5316,True,False,body,40.0,34.0,-10.0
1502,81701,111.0,7,99,0.419663,0.5201,True,False,body,70.0,51.0,-10.0
1503,81715,1.0,0,14,0.419604,0.7019,True,False,wall,0.0,11.0,-10.0
1504,81783,65.0,4,68,0.419319,0.5278,True,False,body,40.0,35.0,-10.0
1505,81922,133.0,7,139,0.418737,0.6032,True,False,body,70.0,73.0,-10.0
1506,81940,-5.0,0,18,0.418661,0.6179,True,False,wall,0.0,5.0,-10.0
1507,81987,45.0,3,47,0.418464,0.5208,True,False,wall,30.0,25.0,-10.0
1508,82011,12.0,1,24,0.418364,0.5312,True,False,wall,10.0,12.0,-10.0
1509,82125,105.0,6,114,0.417887,0.6192,True,False,body,60.0,55.0,-10.0
1510,82137,8.0,1,12,0.417837,0.8415,True,False,wall,10.0,8.0,-10.0
1511,82236,119.0,7,99,0.417424,0.5249,True,False,body,70.0,59.0,-10.0
1512,82309,90.0,6,73,0.417119,0.756,True,False,body,60.0,40.0,-10.0
1513,82322,5.0,1,13,0.417065,0.5099,True,False,wall,10.0,5.0,-10.0
1514,82356,23.0,2,34,0.416923,0.5261,True,False,wall,20.0,13.0,-10.0
1515,82442,96.0,5,86,0.416565,0.7125,True,False,wall,50.0,56.0,-10.0
1516,82516,73.0,4,74,0.416257,0.7149,True,False,wall,40.0,43.0,-10.0
1517,82583,64.0,4,67,0.415978,0.5682,True,False,body,40.0,34.0,-10.0
1518,82626,54.0,4,43,0.415799,0.6673,True,False,body,40.0,24.0,-10.0
1519,82682,42.0,3,56,0.415566,0.6965,True,False,body,30.0,22.0,-10.0
1520,82747,25.0,1,65,0.415296,0.6263,True,False,wall,10.0,25.0,-10.0
1521,82816,39.0,3,69,0.41501,0.5733,True,False,body,30.0,19.0,-10.0
1522,82882,38.0,3,66,0.414736,0.5702,True,False,wall,30.0,18.0,-10.0
1523,82923,17.0,1,41,0.414566,0.6413,True,False,wall,10.0,17.0,-10.0
1524,83023,79.0,4,100,0.414152,0.5096,True,False,body,40.0,49.0,-10.0
1525,83091,72.0,5,68,0.41387,0.5592,True,False,body,50.0,32.0,-10.0
1526,83116,13.0,1,25,0.413767,0.5605,True,False,wall,10.0,13.0,-10.0
1527,83189,38.0,2,73,0.413465,0.582,True,False,wall,20.0,28.0,-10.0
1528,83278,79.0,5,89,0.413097,0.6103,True,False,body,50.0,39.0,-10.0
1529,83340,38.0,3,62,0.412841,0.6459,True,False,body,30.0,18.0,-10.0
1530,83439,95.0,5,99,0.412432,0.6316,True,False,body,50.0,55.0,-10.0
1531,83569,142.0,7,130,0.411896,0.6678,True,False,wall,70.0,82.0,-10.0
1532,83644,74.0,4,75,0.411588,0.6206,True,False,wall,40.0,44.0,-10.0
1533,83687,49.0,3,43,0.411411,0.5459,True,False,body,30.0,29.0,-10.0
1534,83716,18.0,2,29,0.411291,0.5846,True,False,wall,20.0,8.0,-10.0
1535,83750,32.0,3,34,0.411152,0.5666,True,False,body,30.0,12.0,-10.0
1536,83787,11.0,1,37,0.410999,0.5354,True,False,wall,10.0,11.0,-10.0
1537,83820,13.0,1,33,0.410864,0.6524,True,False,wall,10.0,13.0,-10.0
1538,83875,45.0,3,55,0.410638,0.4868,True,False,body,30.0,25.0,-10.0
1539,83944,75.0,5,69,0.410355,0.5625,True,False,body,50.0,35.0,-10.0
1540,83964,8.0,1,20,0.410273,0.5049,True,False,wall,10.0,8.0,-10.0
1541,83976,10.0,1,12,0.410223,0.4926,True,False,wall,10.0,10.0,-10.0
1542,84046,58.0,3,70,0.409936,0.515,True,False,wall,30.0,38.0,-10.0
1543,84118,90.0,5,72,0.409641,0.6165,True,False,body,50.0,50.0,-10.0
1544,84160,53.0,4,42,0.409469,0.5275,True,False,wall,40.0,23.0,-10.0
1545,84207,34.0,2,47,0.409277,0.4855,True,False,wall,20.0,24.0,-10.0
1546,84216,7.0,1,9,0.40924,0.4327,True,False,wall,10.0,7.0,-10.0
1547,84250,32.0,3,34,0.409101,0.8552,True,False,body,30.0,12.0,-10.0
1548,84280,43.0,4,30,0.408978,0.5322,True,False,body,40.0,13.0,-10.0
1549,84372,106.0,7,92,0.408602,0.5366,True,False,body,70.0,46.0,-10.0
1550,84436,44.0,3,64,0.408341,0.7816,True,False,body,30.0,24.0,-10.0
1551,84482,36.0,3,46,0.408153,0.5721,True,False,body,30.0,16.0,-10.0
1552,84608,90.0,5,126,0.407639,0.6582,True,False,body,50.0,50.0,-10.0
1553,84642,47.0,4,34,0.4075,0.6333,True,False,body,40.0,17.0,-10.0
1554,84699,47.0,3,57,0.407268,0.6917,True,False,wall,30.0,27.0,-10.0
1555,84715,8.0,1,16,0.407203,0.6975,True,False,wall,10.0,8.0,-10.0
1556,84734,13.0,1,19,0.407126,0.6639,True,False,wall,10.0,13.0,-10.0
1557,84767,28.0,2,33,0.406991,0.669,True,False,wall,20.0,18.0,-10.0
1558,84879,145.0,8,112,0.406536,0.6079,True,False,wall,80.0,75.0,-10.0
1559,84966,84.0,4,87,0.406182,0.5615,True,False,wall,40.0,54.0,-10.0
1560,85035,68.0,4,69,0.405902,0.5512,True,False,wall,40.0,38.0,-10.0
1561,85142,87.0,5,107,0.405468,0.5259,True,False,body,50.0,47.0,-10.0
1562,85203,58.0,4,61,0.405221,0.6047,True,False,body,40.0,28.0,-10.0
1563,85245,25.0,2,42,0.405051,0.5665,True,False,wall,20.0,15.0,-10.0
1564,85313,74.0,5,68,0.404775,0.58,True,False,body,50.0,34.0,-10.0
1565,85422,115.0,7,109,0.404334,0.612,True,False,body,70.0,55.0,-10.0
1566,85494,89.0,4,72,0.404043,0.5481,True,False,body,40.0,59.0,-10.0
1567,85534,40.0,3,40,0.403882,0.6282,True,False,body,30.0,20.0,-10.0
1568,85564,20.0,1,30,0.403761,0.6142,True,False,wall,10.0,20.0,-10.0
1569,85578,-1.0,0,14,0.403704,0.6001,True,False,wall,0.0,9.0,-10.0
1570,85605,30.0,2,27,0.403595,0.5425,True,False,wall,20.0,20.0,-10.0
1571,85659,46.0,3,54,0.403377,0.5897,True,False,body,30.0,26.0,-10.0
1572,85744,68.0,4,85,0.403034,0.5743,True,False,wall,40.0,38.0,-10.0
1573,85804,48.0,3,60,0.402793,0.5752,True,False,body,30.0,28.0,-10.0
1574,85821,-8.0,0,17,0.402724,0.4413,True,False,wall,0.0,2.0,-10.0
1575,85930,108.0,6,109,0.402285,0.5375,True,False,body,60.0,58.0,-10.0
1576,86040,115.0,6,110,0.401843,0.5118,True,False,wall,60.0,65.0,-10.0
1577,86075,41.0,3,35,0.401703,0.6292,True,False,body,30.0,21.0,-10.0
1578,86095,8.0,1,20,0.401622,0.573,True,False,wall,10.0,8.0,-10.0
1579,86172,39.0,3,77,0.401313,0.5568,True,False,body,30.0,19.0,-10.0
1580,86226,55.0,4,54,0.401096,0.565,True,False,body,40.0,25.0,-10.0
1581,86273,49.0,3,47,0.400908,0.5776,True,False,body,30.0,29.0,-10.0
1582,86406,149.0,9,133,0.400375,0.7905,True,False,body,90.0,69.0,-10.0
1583,86473,61.0,3,67,0.400107,0.8946,True,False,body,30.0,41.0,-10.0
1584,86527,74.0,5,54,0.399891,0.7795,True,False,body,50.0,34.0,-10.0
1585,86548,26.0,2,21,0.399807,0.6274,True,False,wall,20.0,16.0,-10.0
1586,86605,51.0,3,57,0.399579,0.5572,True,False,wall,30.0,31.0,-10.0
1587,86650,45.0,3,45,0.399399,0.6664,True,False,wall,30.0,25.0,-10.0
1588,86751,117.0,7,101,0.398996,0.5707,True,False,body,70.0,57.0,-10.0
1589,86776,7.0,1,25,0.398896,0.5293,True,False,wall,10.0,7.0,-10.0
1590,86807,34.0,2,31,0.398773,0.5838,True,False,wall,20.0,24.0,-10.0
1591,86900,130.0,8,93,0.398402,0.6764,True,False,body,80.0,60.0,-10.0
1592,86925,22.0,2,25,0.398303,0.8147,True,False,wall,20.0,12.0,-10.0
1593,86971,42.0,3,46,0.398119,0.588,True,False,body,30.0,22.0,-10.0
1594,87052,79.0,3,81,0.397797,0.5441,True,False,wall,30.0,59.0,-10.0
1595,87114,51.0,4,62,0.397551,0.5855,True,False,wall,40.0,21.0,-10.0
1596,87134,-1.0,0,20,0.397471,0.5749,True,False,wall,0.0,9.0,-10.0
1597,87219,81.0,5,85,0.397133,0.5406,True,False,body,50.0,41.0,-10.0
1598,87291,67.0,4,72,0.396847,0.6315,True,False,body,40.0,37.0,-10.0
1599,87334,47.0,3,43,0.396677,0.534,True,False,body,30.0,27.0,-10.0
1600,87379,39.0,3,45,0.396498,0.5389,True,False,body,30.0,19.0,-10.0
1601,87398,20.0,2,19,0.396423,0.4739,True,False,wall,20.0,10.0,-10.0
1602,87409,7.0,1,11,0.396379,0.5923,True,False,wall,10.0,7.0,-10.0
1603,87424,11.0,1,15,0.39632,0.6413,True,False,wall,10.0,11.0,-10.0
1604,87504,72.0,5,80,0.396003,0.5761,True,False,body,50.0,32.0,-10.0
1605,87530,19.0,2,26,0.3959,0.6287,True,False,wall,20.0,9.0,-10.0
1606,87548,12.0,1,18,0.395829,0.5781,True,False,wall,10.0,12.0,-10.0
1607,87614,32.0,1,66,0.395568,0.6673,True,False,wall,10.0,32.0,-10.0
1608,87649,21.0,1,35,0.395429,0.5567,True,False,wall,10.0,21.0,-10.0
1609,87661,-3.0,0,12,0.395382,0.6195,True,False,wall,0.0,7.0,-10.0
1610,87684,3.0,1,23,0.395291,0.5578,True,False,wall,10.0,3.0,-10.0
1611,87699,20.0,2,15,0.395232,0.5351,True,False,wall,20.0,10.0,-10.0
1612,87772,74.0,4,73,0.394943,0.7331,True,False,body,40.0,44.0,-10.0
1613,87856,86.0,5,84,0.394612,0.6442,True,False,wall,50.0,46.0,-10.0
1614,87944,73.0,4,88,0.394264,0.6198,True,False,body,40.0,43.0,-10.0
1615,88000,37.0,2,56,0.394044,0.7429,True,False,wall,20.0,27.0,-10.0
1616,88071,68.0,4,71,0.393764,0.5977,True,False,body,40.0,38.0,-10.0
1617,88160,83.0,5,89,0.393414,0.5927,True,False,body,50.0,43.0,-10.0
1618,88184,30.0,3,24,0.393319,0.5379,True,False,wall,30.0,10.0,-10.0
1619,88210,14.0,1,26,0.393217,0.5268,True,False,wall,10.0,14.0,-10.0
1620,88251,39.0,3,41,0.393056,0.5145,True,False,body,30.0,19.0,-10.0
1621,88282,36.0,2,31,0.392934,0.7467,True,False,wall,20.0,26.0,-10.0
1622,88325,54.0,4,43,0.392765,0.5929,True,False,body,40.0,24.0,-10.0
1623,88388,64.0,4,63,0.392518,0.5933,True,False,wall,40.0,34.0,-10.0
1624,88410,34.0,3,22,0.392431,0.5358,True,False,body,30.0,14.0,-10.0
1625,88436,1.0,0,26,0.392329,0.5772,True,False,wall,0.0,11.0,-10.0
1626,88479,32.0,2,43,0.392161,0.6027,True,False,wall,20.0,22.0,-10.0
1627,88554,101.0,7,75,0.391867,0.5168,True,False,body,70.0,41.0,-10.0
1628,88595,45.0,3,41,0.391706,0.633,True,False,body,30.0,25.0,-10.0
1629,88668,67.0,3,73,0.39142,0.7062,True,False,wall,30.0,47.0,-10.0
1630,88731,65.0,5,63,0.391174,0.6118,True,False,wall,50.0,25.0,-10.0
1631,88786,51.0,3,55,0.390959,0.5667,True,False,body,30.0,31.0,-10.0
1632,88880,84.0,5,94,0.390591,0.5265,True,False,body,50.0,44.0,-10.0
1633,88917,46.0,4,37,0.390447,0.5294,True,False,wall,40.0,16.0,-10.0
1634,88982,68.0,4,65,0.390193,0.6096,True,False,body,40.0,38.0,-10.0
1635,89038,59.0,4,56,0.389975,0.5257,True,False,wall,40.0,29.0,-10.0
1636,89048,8.0,1,10,0.389936,0.5468,True,False,wall,10.0,8.0,-10.0
1637,89089,41.0,3,41,0.389776,0.523,True,False,wall,30.0,21.0,-10.0
1638,89128,15.0,1,39,0.389624,0.6851,True,False,wall,10.0,15.0,-10.0
1639,89197,66.0,4,69,0.389355,0.605,True,False,body,40.0,36.0,-10.0
1640,89284,109.0,7,87,0.389017,0.5059,True,False,body,70.0,49.0,-10.0
1641,89298,10.0,1,14,0.388962,0.5332,True,False,wall,10.0,10.0,-10.0
1642,89360,55.0,4,62,0.388721,0.548,True,False,wall,40.0,25.0,-10.0
1643,89401,47.0,3,41,0.388562,0.6016,True,False,wall,30.0,27.0,-10.0
1644,89447,42.0,3,46,0.388383,0.5377,True,False,body,30.0,22.0,-10.0
1645,89514,72.0,4,67,0.388123,0.4856,True,False,body,40.0,42.0,-10.0
1646,89565,43.0,3,51,0.387925,0.6144,True,False,body,30.0,23.0,-10.0
1647,89617,76.0,5,52,0.387723,0.6848,True,False,body,50.0,36.0,-10.0
1648,89662,66.0,4,45,0.387549,0.6007,True,False,wall,40.0,36.0,-10.0
1649,89715,49.0,3,53,0.387344,0.5116,True,False,wall,30.0,29.0,-10.0
1650,89796,53.0,3,81,0.38703,0.5538,True,False,wall,30.0,33.0,-10.0
1651,89843,52.0,4,47,0.386848,0.6386,True,False,body,40.0,22.0,-10.0
1652,89871,36.0,3,28,0.38674,0.7938,True,False,body,30.0,16.0,-10.0
1653,89908,31.0,3,37,0.386597,0.5824,True,False,body,30.0,11.0,-10.0
1654,89970,56.0,3,62,0.386357,0.5793,True,False,wall,30.0,36.0,-10.0
1655,89998,27.0,2,28,0.386249,0.579,True,False,wall,20.0,17.0,-10.0
1656,90029,21.0,1,31,0.386129,0.5634,True,False,wall,10.0,21.0,-10.0
1657,90047,6.0,1,18,0.38606,0.5874,True,False,wall,10.0,6.0,-10.0
1658,90191,162.0,9,144,0.385504,0.5957,True,False,wall,90.0,82.0,-10.0
1659,90263,93.0,6,72,0.385227,0.5942,True,False,body,60.0,43.0,-10.0
1660,90290,0.0,0,27,0.385123,0.4949,True,False,wall,0.0,10.0,-10.0
1661,90305,0.0,0,15,0.385065,0.5415,True,False,wall,0.0,10.0,-10.0
1662,90404,101.0,5,99,0.384684,0.5549,True,False,wall,50.0,61.0,-10.0
1663,90423,17.0,1,19,0.384611,0.5376,True,False,wall,10.0,17.0,-10.0
1664,90570,150.0,8,147,0.384046,0.5717,True,False,wall,80.0,80.0,-10.0
1665,90623,20.0,2,53,0.383842,0.5431,True,False,wall,20.0,10.0,-10.0
1666,90659,31.0,2,36,0.383704,0.6923,True,False,wall,20.0,21.0,-10.0
1667,90747,117.0,8,88,0.383367,0.6756,True,False,body,80.0,47.0,-10.0
1668,90809,59.0,4,62,0.383129,0.5648,True,False,wall,40.0,29.0,-10.0
1669,90843,53.0,4,34,0.382999,0.5576,True,False,body,40.0,23.0,-10.0
1670,90912,74.0,4,69,0.382735,0.5551,True,False,body,40.0,44.0,-10.0
1671,90938,6.0,1,26,0.382635,0.5785,True,False,wall,10.0,6.0,-10.0
1672,91007,75.0,5,69,0.382371,0.652,True,False,wall,50.0,35.0,-10.0
1673,91025,-3.0,0,18,0.382302,0.5656,True,False,wall,0.0,7.0,-10.0
1674,91160,137.0,7,135,0.381787,0.6104,True,False,body,70.0,77.0,-10.0
1675,91299,137.0,7,139,0.381256,0.668,True,False,wall,70.0,77.0,-10.0
1676,91351,70.0,5,52,0.381058,0.5859,True,False,body,50.0,30.0,-10.0
1677,91401,59.0,4,50,0.380868,0.5999,True,False,wall,40.0,29.0,-10.0
1678,91418,2.0,0,17,0.380803,0.6107,True,False,wall,0.0,12.0,-10.0
1679,91502,86.0,5,84,0.380483,0.6692,True,False,wall,50.0,46.0,-10.0
1680,91547,37.0,3,45,0.380312,0.6198,True,False,wall,30.0,17.0,-10.0
1681,91607,61.0,4,60,0.380084,0.6164,True,False,body,40.0,31.0,-10.0
1682,91668,69.0,5,61,0.379852,0.6105,True,False,body,50.0,29.0,-10.0
1683,91713,30.0,2,45,0.379681,0.5623,True,False,wall,20.0,20.0,-10.0
1684,91748,17.0,1,35,0.379548,0.6175,True,False,wall,10.0,17.0,-10.0
1685,91791,52.0,4,43,0.379385,0.6565,True,False,body,40.0,22.0,-10.0
1686,91884,87.0,5,93,0.379033,0.6249,True,False,body,50.0,47.0,-10.0
1687,91901,0.0,0,17,0.378968,0.6214,True,False,wall,0.0,10.0,-10.0
1688,91976,57.0,3,75,0.378684,0.5564,True,False,wall,30.0,37.0,-10.0
1689,91986,6.0,1,10,0.378646,0.6493,True,False,wall,10.0,6.0,-10.0
1690,92058,71.0,4,72,0.378374,0.5479,True,False,wall,40.0,41.0,-10.0
1691,92108,54.0,3,50,0.378184,0.6065,True,False,body,30.0,34.0,-10.0
1692,92204,104.0,5,96,0.377822,0.5706,True,False,wall,50.0,64.0,-10.0
1693,92379,124.0,6,175,0.377161,0.5492,True,False,body,60.0,74.0,-10.0
1694,92408,15.0,1,29,0.377052,0.4997,True,False,wall,10.0,15.0,-10.0
1695,92449,41.0,3,41,0.376897,0.5258,True,False,body,30.0,21.0,-10.0
1696,92477,14.0,1,28,0.376792,0.5165,True,False,wall,10.0,14.0,-10.0
1697,92505,27.0,2,28,0.376686,0.5236,True,False,wall,20.0,17.0,-10.0
1698,92616,119.0,7,111,0.376268,0.5248,True,False,body,70.0,59.0,-10.0
1699,92643,13.0,1,27,0.376167,0.5353,True,False,wall,10.0,13.0,-10.0
1700,92737,111.0,6,94,0.375813,0.6375,True,False,body,60.0,61.0,-10.0
1701,92781,46.0,3,44,0.375648,0.6348,True,False,body,30.0,26.0,-10.0
1702,92810,35.0,3,29,0.375539,0.582,True,False,body,30.0,15.0,-10.0
1703,92875,58.0,4,65,0.375295,0.6339,True,False,body,40.0,28.0,-10.0
1704,92913,46.0,3,38,0.375152,0.5351,True,False,body,30.0,26.0,-10.0
1705,93042,137.0,7,129,0.374669,0.5474,True,False,body,70.0,77.0,-10.0
1706,93086,46.0,3,44,0.374504,0.5797,True,False,body,30.0,26.0,-10.0
1707,93100,17.0,2,14,0.374451,0.5335,True,False,wall,20.0,7.0,-10.0
1708,93114,1.0,0,14,0.374399,0.5498,True,False,wall,0.0,11.0,-10.0
1709,93151,41.0,3,37,0.37426,0.5856,True,False,body,30.0,21.0,-10.0
1710,93239,105.0,6,88,0.373931,0.6041,True,False,wall,60.0,55.0,-10.0
1711,93327,105.0,6,88,0.373602,0.6458,True,False,body,60.0,55.0,-10.0
1712,93355,12.0,1,28,0.373498,0.6175,True,False,wall,10.0,12.0,-10.0
1713,93373,12.0,1,18,0.373431,0.5462,True,False,wall,10.0,12.0,-10.0
1714,93411,31.0,2,38,0.373289,0.4893,True,False,wall,20.0,21.0,-10.0
1715,93489,94.0,5,78,0.372998,0.5063,True,False,wall,50.0,54.0,-10.0
1716,93535,52.0,3,46,0.372826,0.6485,True,False,wall,30.0,32.0,-10.0
1717,93638,76.0,4,103,0.372442,0.6761,True,False,body,40.0,46.0,-10.0
1718,93701,77.0,5,63,0.372208,0.6516,True,False,body,50.0,37.0,-10.0
1719,93816,126.0,6,115,0.37178,0.6106,True,False,body,60.0,76.0,-10.0
1720,93855,28.0,2,39,0.371635,0.5447,True,False,wall,20.0,18.0,-10.0
1721,93898,52.0,4,43,0.371475,0.5265,True,False,wall,40.0,22.0,-10.0
1722,93976,59.0,4,78,0.371186,0.583,True,False,wall,40.0,29.0,-10.0
1723,93996,32.0,3,20,0.371111,0.5542,True,False,wall,30.0,12.0,-10.0
1724,94060,50.0,3,64,0.370874,0.6973,True,False,body,30.0,30.0,-10.0
1725,94090,25.0,2,30,0.370763,0.6154,True,False,wall,20.0,15.0,-10.0
1726,94166,80.0,5,76,0.370481,0.6436,True,False,wall,50.0,40.0,-10.0
1727,94185,11.0,1,19,0.370411,0.655,True,False,wall,10.0,11.0,-10.0
1728,94276,83.0,5,91,0.370074,0.7829,True,False,wall,50.0,43.0,-10.0
1729,94387,84.0,4,111,0.369663,0.7838,True,False,body,40.0,54.0,-10.0
1730,94439,44.0,3,52,0.369471,0.6565,True,False,wall,30.0,24.0,-10.0
1731,94515,70.0,3,76,0.36919,0.569,True,False,body,30.0,50.0,-10.0
1732,94564,58.0,4,49,0.369009,0.6385,True,False,body,40.0,28.0,-10.0
1733,94663,62.0,4,99,0.368644,0.5977,True,False,wall,40.0,32.0,-10.0
1734,94674,7.0,1,11,0.368604,0.565,True,False,wall,10.0,7.0,-10.0
1735,94729,51.0,3,55,0.368401,0.5392,True,False,body,30.0,31.0,-10.0
1736,94795,50.0,3,66,0.368158,0.6479,True,False,wall,30.0,30.0,-10.0
1737,94847,45.0,2,52,0.367967,0.5874,True,False,wall,20.0,35.0,-10.0
1738,94882,65.0,5,35,0.367838,0.618,True,False,body,50.0,25.0,-10.0
1739,95002,95.0,4,120,0.367397,0.581,True,False,body,40.0,65.0,-10.0
1740,95019,9.0,1,17,0.367334,0.4846,True,False,wall,10.0,9.0,-10.0
1741,95062,65.0,5,43,0.367176,0.777,True,False,body,50.0,25.0,-10.0
1742,95112,38.0,3,50,0.366993,0.5718,True,False,body,30.0,18.0,-10.0
1743,95159,45.0,3,47,0.36682,0.5898,True,False,body,30.0,25.0,-10.0
1744,95196,22.0,2,37,0.366685,0.5591,True,False,wall,20.0,12.0,-10.0
1745,95217,11.0,1,21,0.366608,0.555,True,False,wall,10.0,11.0,-10.0
1746,95234,13.0,1,17,0.366545,0.547,True,False,wall,10.0,13.0,-10.0
1747,95285,47.0,3,51,0.366358,0.5614,True,False,wall,30.0,27.0,-10.0
1748,95314,0.0,0,29,0.366252,0.5153,True,False,wall,0.0,10.0,-10.0
1749,95339,27.0,3,25,0.366161,0.5871,True,False,wall,30.0,7.0,-10.0
1750,95389,68.0,5,50,0.365978,0.7155,True,False,body,50.0,28.0,-10.0
1751,95427,33.0,2,38,0.365839,0.6399,True,False,wall,20.0,23.0,-10.0
1752,95450,9.0,1,23,0.365754,0.5393,True,False,wall,10.0,9.0,-10.0
1753,95467,-2.0,0,17,0.365692,0.6822,True,False,wall,0.0,8.0,-10.0
1754,95534,46.0,2,67,0.365447,0.6423,True,False,wall,20.0,36.0,-10.0
1755,95622,66.0,3,88,0.365126,0.7677,True,False,body,30.0,46.0,-10.0
1756,95666,49.0,4,44,0.364965,0.5792,True,False,body,40.0,19.0,-10.0
1757,95718,85.0,6,52,0.364775,0.5893,True,False,body,60.0,35.0,-10.0
1758,95749,18.0,2,31,0.364662,0.7151,True,False,wall,20.0,8.0,-10.0
1759,95838,98.0,6,89,0.364338,0.6462,True,False,wall,60.0,48.0,-10.0
1760,95895,62.0,4,57,0.36413,0.7351,True,False,wall,40.0,32.0,-10.0
1761,95973,99.0,6,78,0.363846,0.7085,True,False,body,60.0,49.0,-10.0
1762,96014,55.0,3,41,0.363697,0.6435,True,False,body,30.0,35.0,-10.0
1763,96033,11.0,1,19,0.363628,0.7,True,False,wall,10.0,11.0,-10.0
1764,96082,57.0,3,49,0.36345,0.6562,True,False,wall,30.0,37.0,-10.0
1765,96138,33.0,2,56,0.363247,0.5633,True,False,wall,20.0,23.0,-10.0
1766,96193,39.0,3,55,0.363047,0.6296,True,False,body,30.0,19.0,-10.0
1767,96301,118.0,7,108,0.362655,0.6419,True,False,body,70.0,58.0,-10.0
1768,96341,51.0,4,40,0.36251,0.6208,True,False,wall,40.0,21.0,-10.0
1769,96371,37.0,2,30,0.362401,0.7444,True,False,wall,20.0,27.0,-10.0
1770,96423,48.0,3,52,0.362213,0.648,True,False,body,30.0,28.0,-10.0
1771,96468,56.0,4,45,0.36205,0.7003,True,False,body,40.0,26.0,-10.0
1772,96531,51.0,3,63,0.361822,0.6167,True,False,body,30.0,31.0,-10.0
1773,96560,35.0,3,29,0.361717,0.748,True,False,body,30.0,15.0,-10.0
1774,96594,31.0,2,34,0.361594,0.6017,True,False,wall,20.0,21.0,-10.0
1775,96614,21.0,2,20,0.361522,0.5535,True,False,wall,20.0,11.0,-10.0
1776,96660,36.0,3,46,0.361355,0.5871,True,False,wall,30.0,16.0,-10.0
1777,96802,128.0,7,142,0.360843,0.6335,True,False,body,70.0,68.0,-10.0
1778,96865,17.0,1,63,0.360615,0.6694,True,False,wall,10.0,17.0,-10.0
1779,96957,92.0,5,92,0.360284,0.5938,True,False,wall,50.0,52.0,-10.0
1780,97014,60.0,4,57,0.360078,0.5736,True,False,body,40.0,30.0,-10.0
1781,97081,54.0,4,67,0.359837,0.6002,True,False,body,40.0,24.0,-10.0
1782,97099,14.0,1,18,0.359773,0.5753,True,False,wall,10.0,14.0,-10.0
1783,97172,79.0,5,73,0.35951,0.5485,True,False,body,50.0,39.0,-10.0
1784,97255,85.0,5,83,0.359212,0.6037,True,False,wall,50.0,45.0,-10.0
1785,97325,98.0,7,70,0.35896,0.6057,True,False,body,70.0,38.0,-10.0
1786,97382,68.0,4,57,0.358756,0.8822,True,False,wall,40.0,38.0,-10.0
1787,97449,64.0,4,67,0.358516,0.6067,True,False,body,40.0,34.0,-10.0
1788,97461,10.0,1,12,0.358473,1.1699,True,False,wall,10.0,10.0,-10.0
1789,97541,100.0,5,80,0.358186,0.615,True,False,wall,50.0,60.0,-10.0
1790,97572,32.0,2,31,0.358075,0.5964,True,False,wall,20.0,22.0,-10.0
1791,97654,110.0,7,82,0.357781,0.6602,True,False,body,70.0,50.0,-10.0
1792,97726,89.0,6,72,0.357524,0.6519,True,False,body,60.0,39.0,-10.0
1793,97792,63.0,4,66,0.357288,0.6665,True,False,wall,40.0,33.0,-10.0
1794,97823,21.0,1,31,0.357177,0.5497,True,False,wall,10.0,21.0,-10.0
1795,97917,108.0,7,94,0.356842,0.634,True,False,body,70.0,48.0,-10.0
1796,98052,141.0,7,135,0.35636,0.5795,True,False,body,70.0,81.0,-10.0
1797,98085,37.0,3,33,0.356243,0.7502,True,False,body,30.0,17.0,-10.0
1798,98114,25.0,3,29,0.356139,0.761,True,False,wall,30.0,5.0,-10.0
1799,98190,46.0,3,76,0.355869,0.6739,True,False,wall,30.0,26.0,-10.0
1800,98244,51.0,4,54,0.355677,0.668,True,False,wall,40.0,21.0,-10.0
1801,98283,54.0,4,39,0.355538,0.6341,True,False,body,40.0,24.0,-10.0
1802,98382,83.0,5,99,0.355186,0.5708,True,False,body,50.0,43.0,-10.0
1803,98402,14.0,1,20,0.355115,0.5842,True,False,wall,10.0,14.0,-10.0
1804,98465,92.0,6,63,0.354891,0.5818,True,False,body,60.0,42.0,-10.0
1805,98566,98.0,6,101,0.354533,0.6715,True,False,body,60.0,48.0,-10.0
1806,98637,55.0,3,71,0.354282,0.5935,True,False,body,30.0,35.0,-10.0
1807,98712,67.0,3,75,0.354016,0.6442,True,False,wall,30.0,47.0,-10.0
1808,98800,84.0,5,88,0.353705,0.6228,True,False,body,50.0,44.0,-10.0
1809,98822,12.0,1,22,0.353627,0.5068,True,False,wall,10.0,12.0,-10.0
1810,98867,57.0,3,45,0.353468,0.5274,True,False,wall,30.0,37.0,-10.0
1811,98877,8.0,1,10,0.353432,0.6297,True,False,wall,10.0,8.0,-10.0
1812,98946,81.0,5,69,0.353189,0.5644,True,False,body,50.0,41.0,-10.0
1813,99035,91.0,5,89,0.352874,0.6608,True,False,body,50.0,51.0,-10.0
1814,99057,12.0,1,22,0.352797,0.5628,True,False,wall,10.0,12.0,-10.0
1815,99152,67.0,3,95,0.352462,0.7133,True,False,body,30.0,47.0,-10.0
1816,99257,111.0,5,105,0.352092,0.6674,True,False,wall,50.0,71.0,-10.0
1817,99313,61.0,4,56,0.351895,0.6906,True,False,wall,40.0,31.0,-10.0
1818,99328,0.0,0,15,0.351842,0.5957,True,False,wall,0.0,10.0,-10.0
1819,99420,90.0,5,92,0.351518,0.5209,True,False,body,50.0,50.0,-10.0
1820,99485,51.0,3,65,0.35129,0.7273,True,False,body,30.0,31.0,-10.0
1821,99549,50.0,3,64,0.351065,0.7482,True,False,body,30.0,30.0,-10.0
1822,99621,67.0,4,72,0.350813,0.7107,True,False,body,40.0,37.0,-10.0
1823,99644,20.0,2,23,0.350732,0.8578,True,False,wall,20.0,10.0,-10.0
1824,99660,1.0,0,16,0.350676,1.0509,True,False,wall,0.0,11.0,-10.0
1825,99702,35.0,2,42,0.350528,0.6233,True,False,wall,20.0,25.0,-10.0
1826,99765,58.0,4,63,0.350308,0.6554,True,False,body,40.0,28.0,-10.0
1827,99828,94.0,6,63,0.350087,0.7081,True,False,wall,60.0,44.0,-10.0
1828,99843,-4.0,0,15,0.350035,0.7422,True,False,wall,0.0,6.0,-10.0
1829,99882,58.0,4,39,0.349898,0.6624,True,False,body,40.0,28.0,-10.0
1830,99923,48.0,4,41,0.349755,0.638,True,False,body,40.0,18.0,-10.0
1831,99949,23.0,2,26,0.349664,0.8451,True,False,wall,20.0,13.0,-10.0
1832,100000,61.0,4,51,0.349485,0.7629,False,False,budget_cutoff,40.0,21.0,0.0
