episode,env_steps_total,episode_reward,score,survival_steps,epsilon,loss_mean,terminated,truncated,death_reason,fruit_reward_sum,distance_shaping_reward_sum,death_penalty_sum
0,31,-8.0,0,31,0.949706,0.0,True,False,wall,0.0,2.0,-10.0
1,150,26.0,2,119,0.948576,0.0,True,False,wall,20.0,16.0,-10.0
2,194,-15.0,0,44,0.948159,0.0,True,False,wall,0.0,-5.0,-10.0
3,220,-17.0,0,26,0.947912,0.0,True,False,wall,0.0,-7.0,-10.0
4,295,-14.0,0,75,0.947202,2.833,True,False,wall,0.0,-4.0,-10.0
5,335,-19.0,0,40,0.946823,5.7228,True,False,wall,0.0,-9.0,-10.0
6,363,-21.0,0,28,0.946558,6.8949,True,False,wall,0.0,-11.0,-10.0
7,399,-19.0,0,36,0.946217,9.7886,True,False,wall,0.0,-9.0,-10.0
8,446,-14.0,0,47,0.945772,23.457,True,False,wall,0.0,-4.0,-10.0
9,488,-15.0,0,42,0.945375,153.7438,True,False,wall,0.0,-5.0,-10.0
10,540,-17.0,0,52,0.944884,298.5366,True,False,wall,0.0,-7.0,-10.0
11,575,-18.0,0,35,0.944553,525.5435,True,False,wall,0.0,-8.0,-10.0
12,672,-4.0,0,97,0.943637,1326.4756,True,False,wall,0.0,6.0,-10.0
13,713,-22.0,0,41,0.943251,1550.3836,True,False,wall,0.0,-12.0,-10.0
14,750,-18.0,0,37,0.942902,835.5331,True,False,wall,0.0,-8.0,-10.0
15,772,-17.0,0,22,0.942694,533.1863,True,False,wall,0.0,-7.0,-10.0
16,827,-8.0,0,55,0.942176,325.4996,True,False,wall,0.0,2.0,-10.0
17,903,4.0,1,76,0.94146,227.1739,True,False,wall,10.0,4.0,-10.0
18,945,-11.0,0,42,0.941065,126.9765,True,False,wall,0.0,-1.0,-10.0
19,978,-18.0,0,33,0.940754,102.511,True,False,wall,0.0,-8.0,-10.0
20,1091,-2.0,0,113,0.939692,73.0356,True,False,wall,0.0,8.0,-10.0
21,1141,6.0,1,50,0.939222,53.9698,True,False,wall,10.0,6.0,-10.0
22,1166,-18.0,0,25,0.938987,59.9065,True,False,wall,0.0,-8.0,-10.0
23,1215,-20.0,0,49,0.938527,48.3153,True,False,wall,0.0,-10.0,-10.0
24,1314,5.0,1,99,0.937599,37.8453,True,False,wall,10.0,5.0,-10.0
25,1338,0.0,1,24,0.937374,33.5684,True,False,wall,10.0,0.0,-10.0
26,1352,-19.0,0,14,0.937242,35.5749,True,False,wall,0.0,-9.0,-10.0
27,1407,7.0,1,55,0.936727,34.8192,True,False,wall,10.0,7.0,-10.0
28,1446,-8.0,0,39,0.936362,30.9483,True,False,wall,0.0,2.0,-10.0
29,1466,-21.0,0,20,0.936175,32.3928,True,False,wall,0.0,-11.0,-10.0
30,1503,-14.0,0,37,0.935828,28.611,True,False,wall,0.0,-4.0,-10.0
31,1530,-16.0,0,27,0.935576,33.0002,True,False,wall,0.0,-6.0,-10.0
32,1588,-19.0,0,58,0.935033,33.5957,True,False,wall,0.0,-9.0,-10.0
33,1604,-19.0,0,16,0.934884,47.3512,True,False,wall,0.0,-9.0,-10.0
34,1620,-17.0,0,16,0.934734,40.6072,True,False,wall,0.0,-7.0,-10.0
35,1735,5.0,1,115,0.93366,41.532,True,False,wall,10.0,5.0,-10.0
36,1780,-2.0,0,45,0.93324,37.2121,True,False,wall,0.0,8.0,-10.0
37,1869,-20.0,0,89,0.932409,42.3533,True,False,wall,0.0,-10.0,-10.0
38,1890,-16.0,0,21,0.932214,45.8746,True,False,wall,0.0,-6.0,-10.0
39,1915,-22.0,0,25,0.931981,39.873,True,False,wall,0.0,-12.0,-10.0
40,1946,-22.0,0,31,0.931692,48.79,True,False,wall,0.0,-12.0,-10.0
41,2003,-4.0,0,57,0.931161,42.6866,True,False,wall,0.0,6.0,-10.0
42,2018,-16.0,0,15,0.931021,46.0156,True,False,wall,0.0,-6.0,-10.0
43,2083,-22.0,0,65,0.930416,35.1504,True,False,wall,0.0,-12.0,-10.0
44,2111,-17.0,0,28,0.930156,30.0342,True,False,wall,0.0,-7.0,-10.0
45,2129,-17.0,0,18,0.929988,30.3366,True,False,wall,0.0,-7.0,-10.0
46,2170,-5.0,1,41,0.929607,27.2794,True,False,wall,10.0,-5.0,-10.0
47,2195,-18.0,0,25,0.929375,24.4638,True,False,wall,0.0,-8.0,-10.0
48,2209,-19.0,0,14,0.929245,19.8437,True,False,wall,0.0,-9.0,-10.0
49,2272,-10.0,0,63,0.928659,17.2383,True,False,wall,0.0,0.0,-10.0
50,2308,-11.0,0,36,0.928325,12.5266,True,False,wall,0.0,-1.0,-10.0
51,2338,-7.0,0,30,0.928047,13.115,True,False,wall,0.0,3.0,-10.0
52,2354,10.0,1,16,0.927898,12.9803,True,False,wall,10.0,10.0,-10.0
53,2387,-8.0,0,33,0.927592,11.4031,True,False,wall,0.0,2.0,-10.0
54,2421,-15.0,0,34,0.927277,11.1621,True,False,wall,0.0,-5.0,-10.0
55,2521,-23.0,0,100,0.92635,10.6138,True,False,wall,0.0,-13.0,-10.0
56,2547,-13.0,0,26,0.926109,11.2035,True,False,wall,0.0,-3.0,-10.0
57,2693,-6.0,1,146,0.924758,9.8247,True,False,wall,10.0,-6.0,-10.0
58,2732,-2.0,0,39,0.924397,9.2156,True,False,wall,0.0,8.0,-10.0
59,2782,-13.0,0,50,0.923935,9.2771,True,False,wall,0.0,-3.0,-10.0
60,2796,-19.0,0,14,0.923806,7.7604,True,False,wall,0.0,-9.0,-10.0
61,2821,-14.0,0,25,0.923575,8.025,True,False,wall,0.0,-4.0,-10.0
62,2842,-14.0,0,21,0.923381,7.927,True,False,wall,0.0,-4.0,-10.0
63,2873,-2.0,0,31,0.923095,8.3504,True,False,wall,0.0,8.0,-10.0
64,2954,-22.0,0,81,0.922347,8.2999,True,False,wall,0.0,-12.0,-10.0
65,2968,-11.0,0,14,0.922218,7.826,True,False,wall,0.0,-1.0,-10.0
66,2989,-16.0,0,21,0.922025,9.1734,True,False,wall,0.0,-6.0,-10.0
67,3102,20.0,2,113,0.920983,7.4119,True,False,wall,20.0,10.0,-10.0
68,3123,-8.0,0,21,0.92079,7.1368,True,False,wall,0.0,2.0,-10.0
69,3218,-12.0,0,95,0.919916,7.0414,True,False,wall,0.0,-2.0,-10.0
70,3289,9.0,1,71,0.919263,5.8075,True,False,wall,10.0,9.0,-10.0
71,3312,-20.0,0,23,0.919051,6.0649,True,False,wall,0.0,-10.0,-10.0
72,3366,-21.0,0,54,0.918555,5.5994,True,False,wall,0.0,-11.0,-10.0
73,3414,-19.0,0,48,0.918114,5.3695,True,False,wall,0.0,-9.0,-10.0
74,3466,-17.0,0,52,0.917637,5.3534,True,False,wall,0.0,-7.0,-10.0
75,3516,-13.0,0,50,0.917178,5.2364,True,False,wall,0.0,-3.0,-10.0
76,3564,-2.0,1,48,0.916738,5.782,True,False,wall,10.0,-2.0,-10.0
77,3595,-24.0,0,31,0.916454,4.8844,True,False,wall,0.0,-14.0,-10.0
78,3652,-11.0,1,57,0.915932,5.9754,True,False,wall,10.0,-11.0,-10.0
79,3673,-14.0,0,21,0.91574,5.7942,True,False,wall,0.0,-4.0,-10.0
80,3692,-4.0,0,19,0.915566,6.0074,True,False,wall,0.0,6.0,-10.0
81,3733,-3.0,1,41,0.91519,5.1172,True,False,wall,10.0,-3.0,-10.0
82,3784,-6.0,0,51,0.914724,4.8784,True,False,wall,0.0,4.0,-10.0
83,3804,2.0,1,20,0.914541,5.1756,True,False,wall,10.0,2.0,-10.0
84,3847,7.0,1,43,0.914148,5.0721,True,False,wall,10.0,7.0,-10.0
85,3942,26.0,2,95,0.91328,5.3436,True,False,wall,20.0,16.0,-10.0
86,3975,-9.0,1,33,0.912978,5.8687,True,False,wall,10.0,-9.0,-10.0
87,4087,-9.0,0,112,0.911956,5.4651,True,False,wall,0.0,1.0,-10.0
88,4108,7.0,1,21,0.911765,5.2485,True,False,wall,10.0,7.0,-10.0
89,4153,1.0,1,45,0.911355,4.9441,True,False,wall,10.0,1.0,-10.0
90,4204,5.0,1,51,0.91089,5.1045,True,False,wall,10.0,5.0,-10.0
91,4243,-20.0,0,39,0.910535,4.7305,True,False,wall,0.0,-10.0,-10.0
92,4265,-13.0,0,22,0.910334,5.408,True,False,wall,0.0,-3.0,-10.0
93,4442,-18.0,0,177,0.908725,4.1817,True,False,wall,0.0,-8.0,-10.0
94,4482,-9.0,0,40,0.908361,4.3773,True,False,wall,0.0,1.0,-10.0
95,4512,-17.0,0,30,0.908089,4.2458,True,False,wall,0.0,-7.0,-10.0
96,4543,-16.0,0,31,0.907807,3.5729,True,False,wall,0.0,-6.0,-10.0
97,4605,-11.0,0,62,0.907245,3.6461,True,False,wall,0.0,-1.0,-10.0
98,4624,-16.0,0,19,0.907072,3.8957,True,False,wall,0.0,-6.0,-10.0
99,4646,-19.0,0,22,0.906873,3.9544,True,False,wall,0.0,-9.0,-10.0
100,4697,11.0,1,51,0.90641,3.3007,True,False,wall,10.0,11.0,-10.0
101,4726,-14.0,0,29,0.906147,3.5676,True,False,wall,0.0,-4.0,-10.0
102,4767,-4.0,0,41,0.905776,3.3933,True,False,wall,0.0,6.0,-10.0
103,4785,-17.0,0,18,0.905613,3.5713,True,False,wall,0.0,-7.0,-10.0
104,4879,-17.0,0,94,0.904762,3.097,True,False,wall,0.0,-7.0,-10.0
105,4974,-20.0,0,95,0.903903,3.0795,True,False,wall,0.0,-10.0,-10.0
106,5028,-11.0,0,54,0.903415,3.2446,True,False,wall,0.0,-1.0,-10.0
107,5084,12.0,1,56,0.902909,3.3961,True,False,wall,10.0,12.0,-10.0
108,5099,-16.0,0,15,0.902774,3.4422,True,False,wall,0.0,-6.0,-10.0
109,5127,-13.0,0,28,0.902521,3.8306,True,False,wall,0.0,-3.0,-10.0
110,5196,10.0,2,69,0.901898,3.756,True,False,wall,20.0,0.0,-10.0
111,5266,-17.0,0,70,0.901267,4.302,True,False,wall,0.0,-7.0,-10.0
112,5283,-8.0,0,17,0.901114,3.1101,True,False,wall,0.0,2.0,-10.0
113,5388,-1.0,1,105,0.900169,3.4349,True,False,wall,10.0,-1.0,-10.0
114,5446,1.0,0,58,0.899647,3.495,True,False,wall,0.0,11.0,-10.0
115,5494,-21.0,0,48,0.899215,3.0023,True,False,wall,0.0,-11.0,-10.0
116,5516,-3.0,0,22,0.899017,3.1496,True,False,wall,0.0,7.0,-10.0
117,5536,-9.0,0,20,0.898837,3.1425,True,False,wall,0.0,1.0,-10.0
118,5575,-10.0,0,39,0.898487,3.4316,True,False,wall,0.0,0.0,-10.0
119,5601,2.0,1,26,0.898253,3.0031,True,False,wall,10.0,2.0,-10.0
120,5815,36.0,3,214,0.896333,2.9136,True,False,wall,30.0,16.0,-10.0
121,5833,-19.0,0,18,0.896172,2.712,True,False,wall,0.0,-9.0,-10.0
122,5876,-10.0,0,43,0.895786,2.1582,True,False,wall,0.0,0.0,-10.0
123,5905,-18.0,0,29,0.895527,2.4001,True,False,wall,0.0,-8.0,-10.0
124,5931,-17.0,0,26,0.895294,2.3956,True,False,wall,0.0,-7.0,-10.0
125,5945,-7.0,0,14,0.895169,2.2862,True,False,wall,0.0,3.0,-10.0
126,5988,-24.0,0,43,0.894784,2.4189,True,False,wall,0.0,-14.0,-10.0
127,6035,7.0,1,47,0.894363,2.5891,True,False,wall,10.0,7.0,-10.0
128,6071,-11.0,0,36,0.894041,2.6991,True,False,wall,0.0,-1.0,-10.0
129,6148,-18.0,0,77,0.893353,2.5738,True,False,wall,0.0,-8.0,-10.0
130,6172,-8.0,1,24,0.893139,2.9156,True,False,wall,10.0,-8.0,-10.0
131,6211,7.0,1,39,0.892791,2.8567,True,False,wall,10.0,7.0,-10.0
132,6233,-11.0,0,22,0.892594,3.2806,True,False,wall,0.0,-1.0,-10.0
133,6246,-12.0,0,13,0.892478,2.3958,True,False,wall,0.0,-2.0,-10.0
134,6279,5.0,1,33,0.892184,2.7059,True,False,wall,10.0,5.0,-10.0
135,6354,1.0,1,75,0.891515,2.4415,True,False,wall,10.0,1.0,-10.0
136,6380,-1.0,0,26,0.891283,2.7641,True,False,wall,0.0,9.0,-10.0
137,6397,-4.0,0,17,0.891131,2.2951,True,False,wall,0.0,6.0,-10.0
138,6436,-20.0,0,39,0.890784,2.4862,True,False,wall,0.0,-10.0,-10.0
139,6524,-6.0,1,88,0.89,2.3892,True,False,wall,10.0,-6.0,-10.0
140,6581,-6.0,0,57,0.889493,2.4065,True,False,wall,0.0,4.0,-10.0
141,6722,-10.0,0,141,0.88824,2.1505,True,False,wall,0.0,0.0,-10.0
142,6798,0.0,1,76,0.887565,2.1982,True,False,wall,10.0,0.0,-10.0
143,6824,-3.0,0,26,0.887334,2.0657,True,False,wall,0.0,7.0,-10.0
144,6871,-12.0,0,47,0.886918,2.3229,True,False,wall,0.0,-2.0,-10.0
145,6941,0.0,1,70,0.886297,2.0494,True,False,wall,10.0,0.0,-10.0
146,6961,-1.0,0,20,0.88612,1.8842,True,False,wall,0.0,9.0,-10.0
147,6978,-6.0,0,17,0.885969,2.4788,True,False,wall,0.0,4.0,-10.0
148,7002,-7.0,0,24,0.885756,1.9383,True,False,wall,0.0,3.0,-10.0
149,7038,-17.0,0,36,0.885438,2.0332,True,False,wall,0.0,-7.0,-10.0
150,7068,1.0,0,30,0.885172,2.4401,True,False,wall,0.0,11.0,-10.0
151,7097,-4.0,0,29,0.884915,2.4708,True,False,wall,0.0,6.0,-10.0
152,7120,-10.0,0,23,0.884712,2.1692,True,False,wall,0.0,0.0,-10.0
153,7140,-15.0,0,20,0.884535,2.8145,True,False,wall,0.0,-5.0,-10.0
154,7184,-10.0,1,44,0.884146,2.3003,True,False,wall,10.0,-10.0,-10.0
155,7348,-23.0,0,164,0.882697,2.2024,True,False,wall,0.0,-13.0,-10.0
156,7431,-18.0,0,83,0.881965,2.3042,True,False,wall,0.0,-8.0,-10.0
157,7462,-18.0,0,31,0.881691,2.4163,True,False,wall,0.0,-8.0,-10.0
158,7473,-14.0,0,11,0.881594,2.3802,True,False,wall,0.0,-4.0,-10.0
159,7492,-6.0,0,19,0.881427,1.9279,True,False,wall,0.0,4.0,-10.0
160,7514,4.0,1,22,0.881233,2.0513,True,False,wall,10.0,4.0,-10.0
161,7525,-18.0,0,11,0.881136,2.175,True,False,wall,0.0,-8.0,-10.0
162,7577,-3.0,0,52,0.880678,1.9418,True,False,wall,0.0,7.0,-10.0
163,7632,-8.0,0,55,0.880194,1.586,True,False,wall,0.0,2.0,-10.0
164,7678,-7.0,0,46,0.879789,1.8437,True,False,wall,0.0,3.0,-10.0
165,7725,-10.0,0,47,0.879375,1.5969,True,False,wall,0.0,0.0,-10.0
166,7756,-4.0,0,31,0.879103,1.7604,True,False,wall,0.0,6.0,-10.0
167,7837,-6.0,0,81,0.878391,1.6179,True,False,wall,0.0,4.0,-10.0
168,7913,8.0,1,76,0.877724,1.6327,True,False,wall,10.0,8.0,-10.0
169,7957,10.0,1,44,0.877338,1.7473,True,False,wall,10.0,10.0,-10.0
170,8022,5.0,1,65,0.876768,1.7568,True,False,wall,10.0,5.0,-10.0
171,8069,30.0,2,47,0.876356,1.7977,True,False,wall,20.0,20.0,-10.0
172,8086,-8.0,0,17,0.876207,1.6673,True,False,wall,0.0,2.0,-10.0
173,8115,-2.0,0,29,0.875953,2.0853,True,False,wall,0.0,8.0,-10.0
174,8182,-6.0,0,67,0.875366,1.7023,True,False,wall,0.0,4.0,-10.0
175,8223,-10.0,0,41,0.875007,2.1284,True,False,wall,0.0,0.0,-10.0
176,8267,8.0,1,44,0.874622,1.9992,True,False,wall,10.0,8.0,-10.0
177,8377,-13.0,0,110,0.873661,2.5549,True,False,wall,0.0,-3.0,-10.0
178,8392,-16.0,0,15,0.87353,3.3031,True,False,wall,0.0,-6.0,-10.0
179,8474,-17.0,0,82,0.872814,2.3157,True,False,wall,0.0,-7.0,-10.0
180,8508,-5.0,0,34,0.872517,1.8038,True,False,wall,0.0,5.0,-10.0
181,8604,-17.0,0,96,0.87168,1.6566,True,False,wall,0.0,-7.0,-10.0
182,8683,-4.0,0,79,0.870991,2.0355,True,False,wall,0.0,6.0,-10.0
183,8741,-13.0,0,58,0.870486,1.7785,True,False,wall,0.0,-3.0,-10.0
184,8834,-16.0,0,93,0.869677,1.9547,True,False,wall,0.0,-6.0,-10.0
185,8909,-18.0,0,75,0.869025,3.0319,True,False,wall,0.0,-8.0,-10.0
186,8965,-19.0,0,56,0.868539,2.514,True,False,wall,0.0,-9.0,-10.0
187,9047,-19.0,0,82,0.867827,1.644,True,False,wall,0.0,-9.0,-10.0
188,9083,-21.0,0,36,0.867514,1.3644,True,False,wall,0.0,-11.0,-10.0
189,9103,-3.0,0,20,0.867341,1.4877,True,False,wall,0.0,7.0,-10.0
190,9133,-1.0,0,30,0.867081,1.7676,True,False,wall,0.0,9.0,-10.0
191,9215,10.0,1,82,0.86637,1.4306,True,False,wall,10.0,10.0,-10.0
192,9230,9.0,1,15,0.86624,1.7664,True,False,wall,10.0,9.0,-10.0
193,9285,-4.0,0,55,0.865764,1.4201,True,False,wall,0.0,6.0,-10.0
194,9302,-8.0,0,17,0.865617,1.9763,True,False,wall,0.0,2.0,-10.0
195,9338,-19.0,0,36,0.865305,2.3932,True,False,wall,0.0,-9.0,-10.0
196,9355,-20.0,0,17,0.865158,2.357,True,False,wall,0.0,-10.0,-10.0
197,9398,16.0,2,43,0.864786,1.9669,True,False,wall,20.0,6.0,-10.0
198,9415,-20.0,0,17,0.864639,1.3627,True,False,wall,0.0,-10.0,-10.0
199,9543,-15.0,0,128,0.863533,1.4684,True,False,wall,0.0,-5.0,-10.0
200,9613,-15.0,0,70,0.862929,1.8046,True,False,wall,0.0,-5.0,-10.0
201,9716,-6.0,0,103,0.86204,1.5164,True,False,wall,0.0,4.0,-10.0
202,9784,1.0,0,68,0.861454,1.3966,True,False,wall,0.0,11.0,-10.0
203,9806,-11.0,0,22,0.861265,1.3684,True,False,wall,0.0,-1.0,-10.0
204,9842,-6.0,1,36,0.860955,1.1711,True,False,wall,10.0,-6.0,-10.0
205,9852,-1.0,0,10,0.860869,1.5069,True,False,wall,0.0,9.0,-10.0
206,9872,2.0,1,20,0.860697,1.3164,True,False,wall,10.0,2.0,-10.0
207,9910,-7.0,0,38,0.86037,1.3576,True,False,wall,0.0,3.0,-10.0
208,9927,-4.0,0,17,0.860223,1.289,True,False,wall,0.0,6.0,-10.0
209,10019,-7.0,0,92,0.859432,1.6228,True,False,wall,0.0,3.0,-10.0
210,10052,5.0,1,33,0.859149,1.7863,True,False,wall,10.0,5.0,-10.0
211,10093,-3.0,1,41,0.858796,1.7789,True,False,wall,10.0,-3.0,-10.0
212,10113,-17.0,0,20,0.858625,1.7625,True,False,wall,0.0,-7.0,-10.0
213,10125,-17.0,0,12,0.858522,1.4808,True,False,wall,0.0,-7.0,-10.0
214,10169,6.0,1,44,0.858144,1.4041,True,False,wall,10.0,6.0,-10.0
215,10183,-11.0,0,14,0.858024,1.0071,True,False,wall,0.0,-1.0,-10.0
216,10219,-9.0,0,36,0.857715,1.4097,True,False,wall,0.0,1.0,-10.0
217,10256,-14.0,0,37,0.857398,1.4824,True,False,wall,0.0,-4.0,-10.0
218,10290,-11.0,0,34,0.857106,1.7028,True,False,wall,0.0,-1.0,-10.0
219,10307,-18.0,0,17,0.856961,1.4574,True,False,wall,0.0,-8.0,-10.0
220,10434,22.0,2,127,0.855873,1.4263,True,False,wall,20.0,12.0,-10.0
221,10464,2.0,1,30,0.855616,2.3943,True,False,wall,10.0,2.0,-10.0
222,10564,-3.0,0,100,0.854761,2.534,True,False,wall,0.0,7.0,-10.0
223,10671,9.0,1,107,0.853847,1.9709,True,False,wall,10.0,9.0,-10.0
224,10700,-8.0,0,29,0.853599,1.9445,True,False,wall,0.0,2.0,-10.0
225,10755,-14.0,0,55,0.85313,1.7556,True,False,wall,0.0,-4.0,-10.0
226,10785,-13.0,0,30,0.852874,1.5507,True,False,wall,0.0,-3.0,-10.0
227,10942,-2.0,0,157,0.851536,1.6881,True,False,wall,0.0,8.0,-10.0
228,10959,7.0,1,17,0.851391,1.6877,True,False,wall,10.0,7.0,-10.0
229,11007,-7.0,0,48,0.850983,1.5642,True,False,wall,0.0,3.0,-10.0
230,11021,-15.0,0,14,0.850864,1.4085,True,False,wall,0.0,-5.0,-10.0
231,11044,-6.0,0,23,0.850668,1.4015,True,False,wall,0.0,4.0,-10.0
232,11060,-11.0,0,16,0.850532,1.3315,True,False,wall,0.0,-1.0,-10.0
233,11098,-13.0,0,38,0.850209,1.4963,True,False,wall,0.0,-3.0,-10.0
234,11117,-16.0,0,19,0.850047,1.304,True,False,wall,0.0,-6.0,-10.0
235,11185,4.0,1,68,0.849469,1.5082,True,False,wall,10.0,4.0,-10.0
236,11198,-20.0,0,13,0.849359,1.4887,True,False,wall,0.0,-10.0,-10.0
237,11222,-15.0,0,24,0.849155,1.098,True,False,wall,0.0,-5.0,-10.0
238,11233,-4.0,0,11,0.849062,1.1574,True,False,wall,0.0,6.0,-10.0
239,11263,-17.0,0,30,0.848807,1.1514,True,False,wall,0.0,-7.0,-10.0
240,11290,-10.0,0,27,0.848578,1.3102,True,False,wall,0.0,0.0,-10.0
241,11358,2.0,1,68,0.848001,1.3178,True,False,wall,10.0,2.0,-10.0
242,11386,-13.0,0,28,0.847764,1.4789,True,False,wall,0.0,-3.0,-10.0
243,11453,-12.0,0,67,0.847196,1.8169,True,False,wall,0.0,-2.0,-10.0
244,11518,-2.0,0,65,0.846645,1.7389,True,False,wall,0.0,8.0,-10.0
245,11675,32.0,2,157,0.845317,1.5259,True,False,wall,20.0,22.0,-10.0
246,11804,7.0,1,129,0.844227,1.2636,True,False,wall,10.0,7.0,-10.0
247,11851,-10.0,0,47,0.843831,1.1869,True,False,wall,0.0,0.0,-10.0
248,11887,-13.0,0,36,0.843527,1.4306,True,False,wall,0.0,-3.0,-10.0
249,11902,-2.0,0,15,0.843401,1.1684,True,False,wall,0.0,8.0,-10.0
250,11984,-13.0,0,82,0.842709,1.2945,True,False,wall,0.0,-3.0,-10.0
251,12006,-5.0,0,22,0.842524,1.9044,True,False,wall,0.0,5.0,-10.0
252,12023,2.0,0,17,0.842381,1.8097,True,False,wall,0.0,12.0,-10.0
253,12119,19.0,2,96,0.841572,2.0057,True,False,wall,20.0,9.0,-10.0
254,12164,-3.0,1,45,0.841194,1.2169,True,False,wall,10.0,-3.0,-10.0
255,12198,-9.0,0,34,0.840908,1.1789,True,False,wall,0.0,1.0,-10.0
256,12260,-9.0,0,62,0.840387,1.1519,True,False,wall,0.0,1.0,-10.0
257,12278,-1.0,0,18,0.840235,1.1347,True,False,wall,0.0,9.0,-10.0
258,12351,1.0,1,73,0.839622,1.2337,True,False,wall,10.0,1.0,-10.0
259,12363,-9.0,0,12,0.839521,1.5249,True,False,wall,0.0,1.0,-10.0
260,12406,-12.0,0,43,0.83916,1.4501,True,False,wall,0.0,-2.0,-10.0
261,12446,35.0,2,40,0.838825,1.6039,True,False,wall,20.0,25.0,-10.0
262,12467,-10.0,0,21,0.838649,1.3124,True,False,wall,0.0,0.0,-10.0
263,12488,-10.0,0,21,0.838473,1.6951,True,False,wall,0.0,0.0,-10.0
264,12529,-16.0,0,41,0.838129,1.4203,True,False,wall,0.0,-6.0,-10.0
265,12639,4.0,1,110,0.837208,1.4668,True,False,wall,10.0,4.0,-10.0
266,12699,15.0,2,60,0.836705,1.3733,True,False,wall,20.0,5.0,-10.0
267,12719,-3.0,0,20,0.836538,1.5241,True,False,wall,0.0,7.0,-10.0
268,12831,27.0,2,112,0.835602,1.2334,True,False,wall,20.0,17.0,-10.0
269,12872,9.0,1,41,0.835259,1.3077,True,False,wall,10.0,9.0,-10.0
270,12890,-13.0,0,18,0.835109,1.3227,True,False,wall,0.0,-3.0,-10.0
271,12908,-9.0,0,18,0.834958,1.347,True,False,wall,0.0,1.0,-10.0
272,12957,-3.0,1,49,0.834549,1.5299,True,False,wall,10.0,-3.0,-10.0
273,13045,4.0,1,88,0.833815,1.2361,True,False,wall,10.0,4.0,-10.0
274,13197,14.0,1,152,0.832549,1.2338,True,False,wall,10.0,14.0,-10.0
275,13213,-15.0,0,16,0.832416,2.2702,True,False,wall,0.0,-5.0,-10.0
276,13269,-19.0,0,56,0.83195,1.9868,True,False,wall,0.0,-9.0,-10.0
277,13315,25.0,2,46,0.831567,1.5925,True,False,wall,20.0,15.0,-10.0
278,13374,-10.0,0,59,0.831077,1.2242,True,False,wall,0.0,0.0,-10.0
279,13439,2.0,0,65,0.830537,1.0698,True,False,wall,0.0,12.0,-10.0
280,13624,19.0,1,185,0.829002,1.3435,True,False,wall,10.0,19.0,-10.0
281,13650,-7.0,0,26,0.828786,1.6928,True,False,wall,0.0,3.0,-10.0
282,13693,-10.0,0,43,0.82843,2.1179,True,False,wall,0.0,0.0,-10.0
283,13767,19.0,2,74,0.827817,1.6503,True,False,wall,20.0,9.0,-10.0
284,13809,-19.0,0,42,0.827469,1.5077,True,False,wall,0.0,-9.0,-10.0
285,13833,6.0,1,24,0.827271,1.3137,True,False,wall,10.0,6.0,-10.0
286,13886,-2.0,0,53,0.826832,1.182,True,False,wall,0.0,8.0,-10.0
287,13941,-12.0,0,55,0.826378,1.4572,True,False,wall,0.0,-2.0,-10.0
288,13991,12.0,1,50,0.825965,1.3932,True,False,wall,10.0,12.0,-10.0
289,14019,8.0,1,28,0.825733,1.6422,True,False,wall,10.0,8.0,-10.0
290,14051,-13.0,0,32,0.825469,1.4273,True,False,wall,0.0,-3.0,-10.0
291,14129,20.0,1,78,0.824826,1.5605,True,False,wall,10.0,20.0,-10.0
292,14147,-5.0,0,18,0.824677,1.2653,True,False,wall,0.0,5.0,-10.0
293,14267,-5.0,0,120,0.823688,1.2747,True,False,wall,0.0,5.0,-10.0
294,14325,-1.0,0,58,0.823211,1.3769,True,False,wall,0.0,9.0,-10.0
295,14348,7.0,1,23,0.823021,1.1495,True,False,wall,10.0,7.0,-10.0
296,14395,-12.0,0,47,0.822634,1.2031,True,False,wall,0.0,-2.0,-10.0
297,14414,-8.0,0,19,0.822478,1.007,True,False,wall,0.0,2.0,-10.0
298,14524,10.0,1,110,0.821574,1.1578,True,False,wall,10.0,10.0,-10.0
299,14537,3.0,1,13,0.821467,1.1841,True,False,wall,10.0,3.0,-10.0
300,14588,33.0,3,51,0.821048,1.0619,True,False,body,30.0,13.0,-10.0
301,14638,-17.0,0,50,0.820638,1.1597,True,False,wall,0.0,-7.0,-10.0
302,14744,10.0,1,106,0.819769,1.0774,True,False,wall,10.0,10.0,-10.0
303,14774,-9.0,0,30,0.819523,1.1207,True,False,wall,0.0,1.0,-10.0
304,14798,2.0,1,24,0.819326,0.9095,True,False,wall,10.0,2.0,-10.0
305,14843,-4.0,0,45,0.818957,0.9397,True,False,wall,0.0,6.0,-10.0
306,14892,-2.0,0,49,0.818556,1.5191,True,False,wall,0.0,8.0,-10.0
307,14960,4.0,1,68,0.818,1.3266,True,False,wall,10.0,4.0,-10.0
308,15025,-2.0,0,65,0.817468,1.1351,True,False,wall,0.0,8.0,-10.0
309,15102,-6.0,0,77,0.816839,1.0246,True,False,wall,0.0,4.0,-10.0
310,15115,-8.0,0,13,0.816733,0.9804,True,False,wall,0.0,2.0,-10.0
311,15132,-2.0,0,17,0.816594,0.9479,True,False,wall,0.0,8.0,-10.0
312,15204,-11.0,0,72,0.816006,1.2996,True,False,wall,0.0,-1.0,-10.0
313,15249,-20.0,0,45,0.815639,1.5558,True,False,wall,0.0,-10.0,-10.0
314,15327,4.0,1,78,0.815003,1.1713,True,False,wall,10.0,4.0,-10.0
315,15346,-4.0,0,19,0.814848,1.2165,True,False,wall,0.0,6.0,-10.0
316,15440,6.0,1,94,0.814083,1.1447,True,False,wall,10.0,6.0,-10.0
317,15457,-8.0,0,17,0.813944,1.287,True,False,wall,0.0,2.0,-10.0
318,15481,-1.0,0,24,0.813749,1.0483,True,False,wall,0.0,9.0,-10.0
319,15495,-17.0,0,14,0.813635,1.0767,True,False,wall,0.0,-7.0,-10.0
320,15555,14.0,1,60,0.813147,0.9866,True,False,wall,10.0,14.0,-10.0
321,15569,-1.0,0,14,0.813033,1.0837,True,False,wall,0.0,9.0,-10.0
322,15593,-19.0,0,24,0.812838,0.9073,True,False,wall,0.0,-9.0,-10.0
323,15744,22.0,2,151,0.811612,1.0896,True,False,wall,20.0,12.0,-10.0
324,15852,28.0,3,108,0.810736,1.154,True,False,wall,30.0,8.0,-10.0
325,15871,-6.0,0,19,0.810582,0.9783,True,False,wall,0.0,4.0,-10.0
326,15905,-7.0,0,34,0.810306,1.2179,True,False,wall,0.0,3.0,-10.0
327,15927,-11.0,0,22,0.810128,1.1869,True,False,wall,0.0,-1.0,-10.0
328,16007,0.0,1,80,0.80948,1.2453,True,False,wall,10.0,0.0,-10.0
329,16079,13.0,2,72,0.808897,1.5242,True,False,wall,20.0,3.0,-10.0
330,16122,-16.0,0,43,0.80855,1.0349,True,False,wall,0.0,-6.0,-10.0
331,16211,9.0,1,89,0.80783,0.8911,True,False,wall,10.0,9.0,-10.0
332,16282,-6.0,0,71,0.807257,1.0836,True,False,wall,0.0,4.0,-10.0
333,16300,-1.0,0,18,0.807112,1.3971,True,False,wall,0.0,9.0,-10.0
334,16397,10.0,2,97,0.806329,1.3085,True,False,wall,20.0,0.0,-10.0
335,16409,-3.0,0,12,0.806232,1.4824,True,False,wall,0.0,7.0,-10.0
336,16489,13.0,2,80,0.805588,1.2667,True,False,wall,20.0,3.0,-10.0
337,16535,-1.0,0,46,0.805217,1.1648,True,False,wall,0.0,9.0,-10.0
338,16553,12.0,1,18,0.805072,1.5674,True,False,wall,10.0,12.0,-10.0
339,16577,0.0,1,24,0.804879,1.3236,True,False,wall,10.0,0.0,-10.0
340,16638,18.0,2,61,0.804388,1.2248,True,False,wall,20.0,8.0,-10.0
341,16743,30.0,2,105,0.803544,1.0673,True,False,wall,20.0,20.0,-10.0
342,16796,-10.0,0,53,0.803118,0.9964,True,False,wall,0.0,0.0,-10.0
343,16809,-6.0,0,13,0.803014,1.1712,True,False,wall,0.0,4.0,-10.0
344,16838,-16.0,0,29,0.802781,1.1118,True,False,wall,0.0,-6.0,-10.0
345,16968,-5.0,0,130,0.801738,0.9435,True,False,wall,0.0,5.0,-10.0
346,17029,-10.0,0,61,0.801249,0.9077,True,False,wall,0.0,0.0,-10.0
347,17075,17.0,2,46,0.800881,0.8476,True,False,wall,20.0,7.0,-10.0
348,17093,-5.0,0,18,0.800737,0.8861,True,False,wall,0.0,5.0,-10.0
349,17120,-14.0,0,27,0.80052,1.0895,True,False,wall,0.0,-4.0,-10.0
350,17337,20.0,2,217,0.798785,1.0025,True,False,wall,20.0,10.0,-10.0
351,17390,16.0,2,53,0.798362,1.3452,True,False,wall,20.0,6.0,-10.0
352,17437,3.0,1,47,0.797987,1.2779,True,False,wall,10.0,3.0,-10.0
353,17535,20.0,1,98,0.797205,0.9307,True,False,wall,10.0,20.0,-10.0
354,17671,19.0,2,136,0.796122,1.028,True,False,wall,20.0,9.0,-10.0
355,17739,-9.0,0,68,0.79558,0.9582,True,False,wall,0.0,1.0,-10.0
356,17845,16.0,1,106,0.794738,1.2048,True,False,wall,10.0,16.0,-10.0
357,17904,5.0,1,59,0.794269,1.3742,True,False,wall,10.0,5.0,-10.0
358,17919,9.0,1,15,0.79415,1.0185,True,False,wall,10.0,9.0,-10.0
359,17945,6.0,1,26,0.793943,1.0012,True,False,wall,10.0,6.0,-10.0
360,17975,-13.0,0,30,0.793705,1.0499,True,False,wall,0.0,-3.0,-10.0
361,18054,5.0,1,79,0.793078,1.035,True,False,wall,10.0,5.0,-10.0
362,18075,1.0,1,21,0.792912,0.9499,True,False,wall,10.0,1.0,-10.0
363,18113,-15.0,0,38,0.792611,1.0053,True,False,wall,0.0,-5.0,-10.0
364,18143,-19.0,0,30,0.792373,0.9896,True,False,wall,0.0,-9.0,-10.0
365,18180,-6.0,0,37,0.79208,0.8261,True,False,wall,0.0,4.0,-10.0
366,18196,1.0,0,16,0.791953,0.9381,True,False,wall,0.0,11.0,-10.0
367,18238,-13.0,0,42,0.79162,0.8479,True,False,wall,0.0,-3.0,-10.0
368,18256,-3.0,0,18,0.791478,0.7954,True,False,wall,0.0,7.0,-10.0
369,18274,-15.0,0,18,0.791335,0.762,True,False,wall,0.0,-5.0,-10.0
370,18307,-14.0,0,33,0.791074,0.8268,True,False,wall,0.0,-4.0,-10.0
371,18362,11.0,1,55,0.790639,0.7392,True,False,wall,10.0,11.0,-10.0
372,18435,11.0,1,73,0.790062,0.8919,True,False,wall,10.0,11.0,-10.0
373,18479,-13.0,0,44,0.789715,0.9665,True,False,wall,0.0,-3.0,-10.0
374,18517,32.0,3,38,0.789415,1.0172,True,False,body,30.0,12.0,-10.0
375,18546,-14.0,0,29,0.789186,0.8055,True,False,wall,0.0,-4.0,-10.0
376,18582,4.0,1,36,0.788902,0.9622,True,False,wall,10.0,4.0,-10.0
377,18597,-16.0,0,15,0.788784,1.0419,True,False,wall,0.0,-6.0,-10.0
378,18626,-8.0,0,29,0.788555,0.952,True,False,wall,0.0,2.0,-10.0
379,18668,-5.0,0,42,0.788224,0.8613,True,False,wall,0.0,5.0,-10.0
380,18707,-20.0,0,39,0.787916,1.1793,True,False,wall,0.0,-10.0,-10.0
381,18730,-8.0,0,23,0.787735,1.2955,True,False,wall,0.0,2.0,-10.0
382,18760,-13.0,0,30,0.787499,0.9041,True,False,wall,0.0,-3.0,-10.0
383,18771,5.0,1,11,0.787412,1.0137,True,False,wall,10.0,5.0,-10.0
384,18820,7.0,1,49,0.787027,1.2138,True,False,wall,10.0,7.0,-10.0
385,18849,-2.0,0,29,0.786798,0.9567,True,False,wall,0.0,8.0,-10.0
386,18975,12.0,1,126,0.785808,0.9051,True,False,wall,10.0,12.0,-10.0
387,19034,7.0,1,59,0.785344,0.8011,True,False,wall,10.0,7.0,-10.0
388,19101,18.0,2,67,0.784818,0.8369,True,False,wall,20.0,8.0,-10.0
389,19142,-3.0,1,41,0.784496,0.817,True,False,wall,10.0,-3.0,-10.0
390,19156,-7.0,0,14,0.784387,0.7815,True,False,wall,0.0,3.0,-10.0
391,19174,8.0,1,18,0.784245,0.8147,True,False,wall,10.0,8.0,-10.0
392,19228,19.0,2,54,0.783822,0.7945,True,False,wall,20.0,9.0,-10.0
393,19307,24.0,2,79,0.783203,1.0099,True,False,wall,20.0,14.0,-10.0
394,19377,-6.0,1,70,0.782655,1.2722,True,False,wall,10.0,-6.0,-10.0
395,19397,-13.0,0,20,0.782498,1.2738,True,False,wall,0.0,-3.0,-10.0
396,19423,-13.0,0,26,0.782295,1.1564,True,False,wall,0.0,-3.0,-10.0
397,19517,26.0,3,94,0.78156,1.1081,True,False,body,30.0,6.0,-10.0
398,19570,15.0,1,53,0.781146,1.3123,True,False,wall,10.0,15.0,-10.0
399,19609,-12.0,0,39,0.780841,1.3419,True,False,wall,0.0,-2.0,-10.0
400,19747,41.0,2,138,0.779765,1.1222,True,False,wall,20.0,31.0,-10.0
401,19893,12.0,1,146,0.778627,1.0951,True,False,wall,10.0,12.0,-10.0
402,19956,11.0,1,63,0.778137,1.0958,True,False,wall,10.0,11.0,-10.0
403,20027,24.0,2,71,0.777584,0.918,True,False,wall,20.0,14.0,-10.0
404,20043,-17.0,0,16,0.77746,0.8662,True,False,wall,0.0,-7.0,-10.0
405,20061,4.0,1,18,0.77732,1.0004,True,False,wall,10.0,4.0,-10.0
406,20086,-2.0,0,25,0.777126,1.0299,True,False,wall,0.0,8.0,-10.0
407,20116,-3.0,0,30,0.776892,0.9598,True,False,wall,0.0,7.0,-10.0
408,20169,-18.0,0,53,0.776481,0.8796,True,False,wall,0.0,-8.0,-10.0
409,20283,-7.0,0,114,0.775596,0.8151,True,False,wall,0.0,3.0,-10.0
410,20295,4.0,1,12,0.775503,1.125,True,False,wall,10.0,4.0,-10.0
411,20311,8.0,1,16,0.775379,1.2461,True,False,wall,10.0,8.0,-10.0
412,20345,-5.0,0,34,0.775115,1.1333,True,False,wall,0.0,5.0,-10.0
413,20384,-20.0,0,39,0.774813,0.8863,True,False,wall,0.0,-10.0,-10.0
414,20461,-1.0,1,77,0.774217,0.9654,True,False,wall,10.0,-1.0,-10.0
415,20514,11.0,1,53,0.773807,0.9095,True,False,wall,10.0,11.0,-10.0
416,20573,45.0,3,59,0.77335,1.008,True,False,body,30.0,25.0,-10.0
417,20630,-14.0,0,57,0.77291,0.929,True,False,wall,0.0,-4.0,-10.0
418,20687,-4.0,0,57,0.772469,0.8252,True,False,wall,0.0,6.0,-10.0
419,20793,50.0,3,106,0.771651,1.1424,True,False,wall,30.0,30.0,-10.0
420,21096,41.0,3,303,0.769316,0.9671,True,False,body,30.0,21.0,-10.0
421,21164,21.0,2,68,0.768793,0.9469,True,False,wall,20.0,11.0,-10.0
422,21190,-11.0,0,26,0.768593,1.0215,True,False,wall,0.0,-1.0,-10.0
423,21246,0.0,1,56,0.768163,0.9281,True,False,wall,10.0,0.0,-10.0
424,21302,0.0,1,56,0.767733,1.0059,True,False,wall,10.0,0.0,-10.0
425,21347,-4.0,0,45,0.767388,1.2677,True,False,wall,0.0,6.0,-10.0
426,21391,-13.0,0,44,0.76705,1.3532,True,False,wall,0.0,-3.0,-10.0
427,21448,30.0,2,57,0.766613,1.153,True,False,wall,20.0,20.0,-10.0
428,21493,11.0,1,45,0.766268,0.9756,True,False,wall,10.0,11.0,-10.0
429,21651,-7.0,0,158,0.765058,0.9106,True,False,wall,0.0,3.0,-10.0
430,21675,-5.0,0,24,0.764875,1.0091,True,False,wall,0.0,5.0,-10.0
431,21740,-18.0,0,65,0.764378,1.1273,True,False,wall,0.0,-8.0,-10.0
432,21837,24.0,2,97,0.763637,0.9569,True,False,wall,20.0,14.0,-10.0
433,21886,11.0,1,49,0.763262,0.8756,True,False,wall,10.0,11.0,-10.0
434,21943,1.0,1,57,0.762828,0.9325,True,False,wall,10.0,1.0,-10.0
435,21984,-2.0,0,41,0.762515,0.8633,True,False,wall,0.0,8.0,-10.0
436,22018,30.0,3,34,0.762256,0.9709,True,False,wall,30.0,10.0,-10.0
437,22072,10.0,1,54,0.761844,0.9699,True,False,wall,10.0,10.0,-10.0
438,22116,14.0,1,44,0.761509,0.7938,True,False,wall,10.0,14.0,-10.0
439,22136,-3.0,0,20,0.761357,0.834,True,False,wall,0.0,7.0,-10.0
440,22150,-1.0,0,14,0.76125,1.0116,True,False,wall,0.0,9.0,-10.0
441,22184,12.0,1,34,0.760991,0.9311,True,False,wall,10.0,12.0,-10.0
442,22213,-6.0,0,29,0.760771,0.8804,True,False,wall,0.0,4.0,-10.0
443,22249,-1.0,0,36,0.760497,0.8746,True,False,wall,0.0,9.0,-10.0
444,22374,-10.0,0,125,0.759547,0.7869,True,False,wall,0.0,0.0,-10.0
445,22397,-2.0,0,23,0.759372,1.0813,True,False,wall,0.0,8.0,-10.0
446,22514,13.0,1,117,0.758484,0.8601,True,False,wall,10.0,13.0,-10.0
447,22681,26.0,2,167,0.757219,0.7221,True,False,wall,20.0,16.0,-10.0
448,22735,10.0,1,54,0.75681,0.7454,True,False,wall,10.0,10.0,-10.0
449,22885,42.0,3,150,0.755675,0.7552,True,False,wall,30.0,22.0,-10.0
450,22959,2.0,1,74,0.755116,0.8288,True,False,wall,10.0,2.0,-10.0
451,23114,47.0,3,155,0.753947,1.1186,True,False,body,30.0,27.0,-10.0
452,23249,37.0,3,135,0.75293,1.0822,True,False,wall,30.0,17.0,-10.0
453,23335,54.0,3,86,0.752283,0.8639,True,False,wall,30.0,34.0,-10.0
454,23365,-5.0,0,30,0.752057,0.7729,True,False,wall,0.0,5.0,-10.0
455,23447,8.0,1,82,0.75144,0.8507,True,False,wall,10.0,8.0,-10.0
456,23520,18.0,2,73,0.750892,0.7692,True,False,wall,20.0,8.0,-10.0
457,23548,6.0,1,28,0.750682,0.8936,True,False,wall,10.0,6.0,-10.0
458,23572,-3.0,0,24,0.750502,1.1661,True,False,wall,0.0,7.0,-10.0
459,23617,11.0,1,45,0.750164,1.0395,True,False,wall,10.0,11.0,-10.0
460,23742,35.0,3,125,0.749227,0.8526,True,False,body,30.0,15.0,-10.0
461,23795,-2.0,0,53,0.74883,0.8401,True,False,wall,0.0,8.0,-10.0
462,23821,-5.0,0,26,0.748635,0.6217,True,False,wall,0.0,5.0,-10.0
463,23946,-2.0,0,125,0.7477,0.8515,True,False,wall,0.0,8.0,-10.0
464,24058,12.0,1,112,0.746863,0.7932,True,False,wall,10.0,12.0,-10.0
465,24107,3.0,1,49,0.746497,1.1589,True,False,wall,10.0,3.0,-10.0
466,24208,59.0,3,101,0.745744,1.1719,True,False,wall,30.0,39.0,-10.0
467,24243,45.0,3,35,0.745483,1.2089,True,False,wall,30.0,25.0,-10.0
468,24313,4.0,1,70,0.744961,0.9151,True,False,wall,10.0,4.0,-10.0
469,24339,-15.0,0,26,0.744767,1.1039,True,False,wall,0.0,-5.0,-10.0
470,24359,10.0,1,20,0.744618,0.826,True,False,wall,10.0,10.0,-10.0
471,24469,24.0,1,110,0.7438,0.7782,True,False,wall,10.0,24.0,-10.0
472,24503,14.0,1,34,0.743547,0.8851,True,False,wall,10.0,14.0,-10.0
473,24586,11.0,1,83,0.74293,0.8207,True,False,wall,10.0,11.0,-10.0
474,24638,20.0,1,52,0.742544,0.8118,True,False,wall,10.0,20.0,-10.0
475,24674,8.0,1,36,0.742277,0.8774,True,False,wall,10.0,8.0,-10.0
476,24700,-9.0,0,26,0.742084,0.5852,True,False,wall,0.0,1.0,-10.0
477,24759,7.0,1,59,0.741646,0.7634,True,False,wall,10.0,7.0,-10.0
478,24801,8.0,1,42,0.741335,0.7228,True,False,wall,10.0,8.0,-10.0
479,24828,-4.0,0,27,0.741134,0.6008,True,False,wall,0.0,6.0,-10.0
480,24875,5.0,1,47,0.740786,0.7432,True,False,wall,10.0,5.0,-10.0
481,24982,14.0,2,107,0.739994,0.6296,True,False,wall,20.0,4.0,-10.0
482,25008,4.0,1,26,0.739802,0.6652,True,False,wall,10.0,4.0,-10.0
483,25024,-15.0,0,16,0.739683,0.6777,True,False,wall,0.0,-5.0,-10.0
484,25100,12.0,1,76,0.739121,0.5935,True,False,wall,10.0,12.0,-10.0
485,25144,-5.0,0,44,0.738796,0.7881,True,False,wall,0.0,5.0,-10.0
486,25185,-4.0,0,41,0.738493,0.6904,True,False,wall,0.0,6.0,-10.0
487,25214,-8.0,0,29,0.738279,0.6128,True,False,wall,0.0,2.0,-10.0
488,25281,7.0,1,67,0.737785,0.5899,True,False,wall,10.0,7.0,-10.0
489,25353,40.0,3,72,0.737254,0.9505,True,False,wall,30.0,20.0,-10.0
490,25369,-3.0,0,16,0.737136,0.9628,True,False,wall,0.0,7.0,-10.0
491,25486,47.0,3,117,0.736274,0.946,True,False,wall,30.0,27.0,-10.0
492,25534,-3.0,0,48,0.73592,0.8038,True,False,wall,0.0,7.0,-10.0
493,25606,2.0,1,72,0.735391,1.0668,True,False,wall,10.0,2.0,-10.0
494,25676,8.0,1,70,0.734876,0.8309,True,False,wall,10.0,8.0,-10.0
495,25713,18.0,2,37,0.734604,0.6431,True,False,wall,20.0,8.0,-10.0
496,25748,-20.0,0,35,0.734347,0.6058,True,False,wall,0.0,-10.0,-10.0
497,25832,22.0,1,84,0.733731,0.8032,True,False,wall,10.0,22.0,-10.0
498,25846,-7.0,0,14,0.733628,0.7903,True,False,wall,0.0,3.0,-10.0
499,25961,50.0,4,115,0.732785,0.94,True,False,body,40.0,20.0,-10.0
500,25977,10.0,1,16,0.732668,1.2208,True,False,wall,10.0,10.0,-10.0
501,26078,47.0,3,101,0.731928,1.0717,True,False,wall,30.0,27.0,-10.0
502,26234,54.0,3,156,0.730787,0.8417,True,False,wall,30.0,34.0,-10.0
503,26397,18.0,2,163,0.729597,0.6228,True,False,wall,20.0,8.0,-10.0
504,26410,-2.0,0,13,0.729502,0.7705,True,False,wall,0.0,8.0,-10.0
505,26453,-4.0,0,43,0.729188,0.7444,True,False,wall,0.0,6.0,-10.0
506,26541,8.0,1,88,0.728547,0.8657,True,False,wall,10.0,8.0,-10.0
507,26621,39.0,2,80,0.727964,1.0964,True,False,wall,20.0,29.0,-10.0
508,26650,-4.0,0,29,0.727753,1.473,True,False,wall,0.0,6.0,-10.0
509,26715,17.0,1,65,0.72728,0.9454,True,False,wall,10.0,17.0,-10.0
510,26805,16.0,1,90,0.726626,0.7081,True,False,wall,10.0,16.0,-10.0
511,26821,1.0,0,16,0.72651,0.5919,True,False,wall,0.0,11.0,-10.0
512,26832,5.0,1,11,0.72643,0.6645,True,False,wall,10.0,5.0,-10.0
513,26882,-5.0,0,50,0.726067,0.5958,True,False,wall,0.0,5.0,-10.0
514,26923,9.0,1,41,0.725769,0.6684,True,False,wall,10.0,9.0,-10.0
515,27033,46.0,3,110,0.724971,0.7214,True,False,body,30.0,26.0,-10.0
516,27092,15.0,1,59,0.724544,1.2993,True,False,wall,10.0,15.0,-10.0
517,27144,6.0,1,52,0.724167,1.2669,True,False,wall,10.0,6.0,-10.0
518,27210,10.0,1,66,0.723689,1.1031,True,False,wall,10.0,10.0,-10.0
519,27360,27.0,2,150,0.722604,0.7921,True,False,wall,20.0,17.0,-10.0
520,27496,48.0,3,136,0.721622,0.606,True,False,body,30.0,28.0,-10.0
521,27531,37.0,3,35,0.72137,0.679,True,False,wall,30.0,17.0,-10.0
522,27555,10.0,1,24,0.721197,0.6567,True,False,wall,10.0,10.0,-10.0
523,27599,40.0,3,44,0.720879,0.6015,True,False,body,30.0,20.0,-10.0
524,27716,39.0,3,117,0.720037,0.9083,True,False,body,30.0,19.0,-10.0
525,27788,-1.0,0,72,0.719518,0.8131,True,False,wall,0.0,9.0,-10.0
526,27884,-13.0,0,96,0.718828,1.0306,True,False,wall,0.0,-3.0,-10.0
527,27958,4.0,1,74,0.718296,0.9809,True,False,wall,10.0,4.0,-10.0
528,27988,19.0,2,30,0.718081,1.2851,True,False,wall,20.0,9.0,-10.0
529,28021,5.0,1,33,0.717844,0.8644,True,False,wall,10.0,5.0,-10.0
530,28097,6.0,1,76,0.717298,1.1314,True,False,wall,10.0,6.0,-10.0
531,28183,58.0,3,86,0.716682,0.8027,True,False,body,30.0,38.0,-10.0
532,28218,5.0,1,35,0.716431,0.807,True,False,wall,10.0,5.0,-10.0
533,28263,26.0,2,45,0.716109,0.7201,True,False,wall,20.0,16.0,-10.0
534,28310,-6.0,0,47,0.715772,0.8835,True,False,wall,0.0,4.0,-10.0
535,28361,7.0,1,51,0.715407,0.7073,True,False,wall,10.0,7.0,-10.0
536,28441,6.0,1,80,0.714835,0.6795,True,False,wall,10.0,6.0,-10.0
537,28474,7.0,1,33,0.714599,0.7132,True,False,wall,10.0,7.0,-10.0
538,28499,7.0,1,25,0.714421,0.7292,True,False,wall,10.0,7.0,-10.0
539,28602,45.0,3,103,0.713685,1.0064,True,False,body,30.0,25.0,-10.0
540,28630,-9.0,0,28,0.713485,1.0174,True,False,wall,0.0,1.0,-10.0
541,28668,-7.0,0,38,0.713214,0.7973,True,False,wall,0.0,3.0,-10.0
542,28711,9.0,1,43,0.712908,0.8201,True,False,wall,10.0,9.0,-10.0
543,28733,10.0,1,22,0.712751,1.104,True,False,wall,10.0,10.0,-10.0
544,28778,11.0,1,45,0.71243,0.9822,True,False,wall,10.0,11.0,-10.0
545,28841,-8.0,0,63,0.711982,1.0634,True,False,wall,0.0,2.0,-10.0
546,28886,24.0,2,45,0.711661,1.4529,True,False,wall,20.0,14.0,-10.0
547,28969,13.0,1,83,0.711071,1.0853,True,False,wall,10.0,13.0,-10.0
548,28985,4.0,1,16,0.710957,0.8438,True,False,wall,10.0,4.0,-10.0
549,29060,34.0,2,75,0.710424,0.9493,True,False,wall,20.0,24.0,-10.0
550,29101,0.0,0,41,0.710133,0.9336,True,False,wall,0.0,10.0,-10.0
551,29170,28.0,2,69,0.709643,0.9384,True,False,wall,20.0,18.0,-10.0
552,29189,7.0,1,19,0.709508,1.1742,True,False,wall,10.0,7.0,-10.0
553,29211,-5.0,0,22,0.709352,1.2055,True,False,wall,0.0,5.0,-10.0
554,29235,-1.0,0,24,0.709182,0.9872,True,False,wall,0.0,9.0,-10.0
555,29254,3.0,1,19,0.709047,0.9721,True,False,wall,10.0,3.0,-10.0
556,29274,-17.0,0,20,0.708905,0.8034,True,False,wall,0.0,-7.0,-10.0
557,29324,-3.0,0,50,0.708551,0.7596,True,False,wall,0.0,7.0,-10.0
558,29427,66.0,4,103,0.707822,1.0418,True,False,body,40.0,36.0,-10.0
559,29448,-6.0,0,21,0.707673,1.0725,True,False,wall,0.0,4.0,-10.0
560,29625,22.0,2,177,0.706421,0.7203,True,False,wall,20.0,12.0,-10.0
561,29752,55.0,3,127,0.705525,0.7565,True,False,body,30.0,35.0,-10.0
562,29780,-1.0,0,28,0.705327,1.0172,True,False,wall,0.0,9.0,-10.0
563,29813,20.0,2,33,0.705095,1.0601,True,False,wall,20.0,10.0,-10.0
564,29896,15.0,1,83,0.70451,0.7923,True,False,wall,10.0,15.0,-10.0
565,30007,37.0,3,111,0.703728,0.6899,True,False,wall,30.0,17.0,-10.0
566,30085,36.0,3,78,0.703179,0.5668,True,False,body,30.0,16.0,-10.0
567,30138,-6.0,0,53,0.702807,0.8428,True,False,wall,0.0,4.0,-10.0
568,30205,30.0,2,67,0.702336,0.9822,True,False,wall,20.0,20.0,-10.0
569,30280,17.0,1,75,0.701809,0.9537,True,False,wall,10.0,17.0,-10.0
570,30341,5.0,1,61,0.701382,0.6055,True,False,wall,10.0,5.0,-10.0
571,30388,16.0,2,47,0.701052,0.5878,True,False,wall,20.0,6.0,-10.0
572,30423,-14.0,0,35,0.700807,0.7701,True,False,wall,0.0,-4.0,-10.0
573,30512,29.0,1,89,0.700183,0.6778,True,False,wall,10.0,29.0,-10.0
574,30626,37.0,2,114,0.699385,0.621,True,False,wall,20.0,27.0,-10.0
575,30647,7.0,1,21,0.699239,0.7878,True,False,wall,10.0,7.0,-10.0
576,30729,40.0,3,82,0.698665,0.6887,True,False,body,30.0,20.0,-10.0
577,30785,27.0,2,56,0.698274,0.6871,True,False,wall,20.0,17.0,-10.0
578,30941,36.0,3,156,0.697186,0.7659,True,False,wall,30.0,16.0,-10.0
579,30982,13.0,1,41,0.6969,0.9222,True,False,wall,10.0,13.0,-10.0
580,31054,42.0,3,72,0.696398,0.9488,True,False,body,30.0,22.0,-10.0
581,31164,7.0,2,110,0.695633,0.8525,True,False,wall,20.0,-3.0,-10.0
582,31264,54.0,3,100,0.694938,0.7973,True,False,wall,30.0,34.0,-10.0
583,31331,24.0,2,67,0.694472,0.6796,True,False,wall,20.0,14.0,-10.0
584,31379,32.0,3,48,0.694139,0.8432,True,False,body,30.0,12.0,-10.0
585,31439,4.0,1,60,0.693722,0.548,True,False,wall,10.0,4.0,-10.0
586,31488,3.0,1,49,0.693383,0.5183,True,False,wall,10.0,3.0,-10.0
587,31518,-3.0,0,30,0.693175,0.802,True,False,wall,0.0,7.0,-10.0
588,31619,39.0,3,101,0.692475,0.9772,True,False,body,30.0,19.0,-10.0
589,31633,8.0,1,14,0.692378,0.6183,True,False,wall,10.0,8.0,-10.0
590,31664,-4.0,0,31,0.692163,0.5957,True,False,wall,0.0,6.0,-10.0
591,31677,9.0,1,13,0.692073,0.5642,True,False,wall,10.0,9.0,-10.0
592,31691,-7.0,0,14,0.691976,0.4951,True,False,wall,0.0,3.0,-10.0
593,31707,-11.0,0,16,0.691866,0.6109,True,False,wall,0.0,-1.0,-10.0
594,31798,39.0,3,91,0.691236,0.5845,True,False,body,30.0,19.0,-10.0
595,31822,12.0,1,24,0.691071,0.8516,True,False,wall,10.0,12.0,-10.0
596,31888,20.0,1,66,0.690615,0.6697,True,False,wall,10.0,20.0,-10.0
597,31951,29.0,3,63,0.69018,0.6261,True,False,wall,30.0,9.0,-10.0
598,31968,7.0,1,17,0.690062,0.5772,True,False,wall,10.0,7.0,-10.0
599,32042,46.0,3,74,0.689552,0.6963,True,False,body,30.0,26.0,-10.0
600,32062,1.0,0,20,0.689414,0.8174,True,False,wall,0.0,11.0,-10.0
601,32076,-1.0,0,14,0.689318,0.7999,True,False,wall,0.0,9.0,-10.0
602,32084,-3.0,0,8,0.689262,0.8729,True,False,wall,0.0,7.0,-10.0
603,32152,17.0,2,68,0.688794,1.3371,True,False,wall,20.0,7.0,-10.0
604,32236,35.0,2,84,0.688215,1.2192,True,False,wall,20.0,25.0,-10.0
605,32275,19.0,1,39,0.687947,0.8745,True,False,wall,10.0,19.0,-10.0
606,32400,53.0,3,125,0.687088,0.6554,True,False,body,30.0,33.0,-10.0
607,32545,39.0,3,145,0.686092,0.7668,True,False,body,30.0,19.0,-10.0
608,32625,35.0,2,80,0.685544,0.8184,True,False,wall,20.0,25.0,-10.0
609,32652,7.0,1,27,0.685358,0.801,True,False,wall,10.0,7.0,-10.0
610,32681,-4.0,0,29,0.68516,0.8526,True,False,wall,0.0,6.0,-10.0
611,32700,-14.0,0,19,0.68503,0.6853,True,False,wall,0.0,-4.0,-10.0
612,32862,60.0,3,162,0.683921,0.5899,True,False,wall,30.0,40.0,-10.0
613,32884,19.0,2,22,0.68377,0.7319,True,False,wall,20.0,9.0,-10.0
614,32976,16.0,1,92,0.683141,0.8292,True,False,wall,10.0,16.0,-10.0
615,33001,2.0,0,25,0.682971,0.6401,True,False,wall,0.0,12.0,-10.0
616,33073,14.0,1,72,0.682479,0.6856,True,False,wall,10.0,14.0,-10.0
617,33096,18.0,2,23,0.682322,0.6645,True,False,wall,20.0,8.0,-10.0
618,33174,30.0,3,78,0.68179,0.7863,True,False,body,30.0,10.0,-10.0
619,33198,-11.0,0,24,0.681627,0.6973,True,False,wall,0.0,-1.0,-10.0
620,33211,-4.0,0,13,0.681538,0.6581,True,False,wall,0.0,6.0,-10.0
621,33270,19.0,1,59,0.681136,0.7143,True,False,wall,10.0,19.0,-10.0
622,33336,27.0,2,66,0.680687,0.6434,True,False,wall,20.0,17.0,-10.0
623,33381,5.0,1,45,0.68038,0.8771,True,False,wall,10.0,5.0,-10.0
624,33462,9.0,1,81,0.679829,0.8665,True,False,wall,10.0,9.0,-10.0
625,33514,53.0,4,52,0.679476,1.0521,True,False,body,40.0,23.0,-10.0
626,33582,18.0,1,68,0.679014,0.9102,True,False,wall,10.0,18.0,-10.0
627,33639,13.0,1,57,0.678627,0.7461,True,False,wall,10.0,13.0,-10.0
628,33742,53.0,3,103,0.677929,0.6983,True,False,body,30.0,33.0,-10.0
629,33867,49.0,3,125,0.677082,0.6476,True,False,body,30.0,29.0,-10.0
630,33900,-4.0,0,33,0.676858,0.5131,True,False,wall,0.0,6.0,-10.0
631,33911,-6.0,0,11,0.676784,0.4354,True,False,wall,0.0,4.0,-10.0
632,34005,33.0,2,94,0.676148,0.7433,True,False,wall,20.0,23.0,-10.0
633,34052,7.0,1,47,0.67583,0.9457,True,False,wall,10.0,7.0,-10.0
634,34176,23.0,2,124,0.674993,0.8444,True,False,wall,20.0,13.0,-10.0
635,34233,37.0,3,57,0.674608,0.7576,True,False,body,30.0,17.0,-10.0
636,34286,-1.0,1,53,0.674251,0.7884,True,False,wall,10.0,-1.0,-10.0
637,34345,45.0,3,59,0.673853,0.665,True,False,wall,30.0,25.0,-10.0
638,34437,37.0,2,92,0.673233,0.7722,True,False,wall,20.0,27.0,-10.0
639,34488,5.0,1,51,0.67289,0.7496,True,False,wall,10.0,5.0,-10.0
640,34621,28.0,2,133,0.671996,0.948,True,False,wall,20.0,18.0,-10.0
641,34697,49.0,4,76,0.671485,0.7471,True,False,wall,40.0,19.0,-10.0
642,34732,24.0,2,35,0.67125,0.8399,True,False,wall,20.0,14.0,-10.0
643,34819,37.0,3,87,0.670666,1.052,True,False,body,30.0,17.0,-10.0
644,34904,37.0,3,85,0.670097,0.8403,True,False,body,30.0,17.0,-10.0
645,35007,76.0,4,103,0.669407,0.8528,True,False,body,40.0,46.0,-10.0
646,35047,10.0,1,40,0.669139,1.0698,True,False,wall,10.0,10.0,-10.0
647,35087,29.0,2,40,0.668872,0.7178,True,False,wall,20.0,19.0,-10.0
648,35198,41.0,3,111,0.668129,0.753,True,False,body,30.0,21.0,-10.0
649,35240,31.0,2,42,0.667849,0.9866,True,False,wall,20.0,21.0,-10.0
650,35293,22.0,2,53,0.667495,0.9687,True,False,wall,20.0,12.0,-10.0
651,35320,7.0,1,27,0.667315,0.8541,True,False,wall,10.0,7.0,-10.0
652,35366,29.0,2,46,0.667008,0.6761,True,False,wall,20.0,19.0,-10.0
653,35383,5.0,1,17,0.666895,0.7787,True,False,wall,10.0,5.0,-10.0
654,35406,0.0,0,23,0.666741,0.6719,True,False,wall,0.0,10.0,-10.0
655,35461,21.0,1,55,0.666375,0.6269,True,False,wall,10.0,21.0,-10.0
656,35508,28.0,2,47,0.666061,0.9101,True,False,wall,20.0,18.0,-10.0
657,35530,-5.0,0,22,0.665915,0.8007,True,False,wall,0.0,5.0,-10.0
658,35595,1.0,1,65,0.665482,0.7621,True,False,wall,10.0,1.0,-10.0
659,35639,31.0,2,44,0.66519,0.6895,True,False,wall,20.0,21.0,-10.0
660,35661,8.0,1,22,0.665043,0.5466,True,False,wall,10.0,8.0,-10.0
661,35723,38.0,3,62,0.664631,0.5295,True,False,wall,30.0,18.0,-10.0
662,35745,17.0,2,22,0.664485,0.5708,True,False,wall,20.0,7.0,-10.0
663,35787,32.0,3,42,0.664206,0.4892,True,False,body,30.0,12.0,-10.0
664,35812,12.0,2,25,0.66404,0.5423,True,False,wall,20.0,2.0,-10.0
665,35927,66.0,4,115,0.663277,0.7233,True,False,body,40.0,36.0,-10.0
666,35988,18.0,2,61,0.662872,0.9441,True,False,wall,20.0,8.0,-10.0
667,36064,42.0,3,76,0.662368,0.8554,True,False,body,30.0,22.0,-10.0
668,36204,82.0,5,140,0.661442,0.775,True,False,wall,50.0,42.0,-10.0
669,36235,3.0,1,31,0.661237,0.7351,True,False,wall,10.0,3.0,-10.0
670,36255,-9.0,0,20,0.661105,0.7792,True,False,wall,0.0,1.0,-10.0
671,36303,-7.0,0,48,0.660787,0.7671,True,False,wall,0.0,3.0,-10.0
672,36352,42.0,2,49,0.660464,0.653,True,False,wall,20.0,32.0,-10.0
673,36388,-5.0,0,36,0.660226,0.6198,True,False,wall,0.0,5.0,-10.0
674,36468,41.0,2,80,0.659698,0.6034,True,False,wall,20.0,31.0,-10.0
675,36511,15.0,1,43,0.659414,0.8515,True,False,wall,10.0,15.0,-10.0
676,36564,30.0,2,53,0.659065,0.8214,True,False,wall,20.0,20.0,-10.0
677,36648,56.0,3,84,0.658511,0.823,True,False,wall,30.0,36.0,-10.0
678,36795,28.0,2,147,0.657544,0.6505,True,False,wall,20.0,18.0,-10.0
679,36919,54.0,3,124,0.656729,0.7148,True,False,body,30.0,34.0,-10.0
680,36948,-6.0,0,29,0.656539,0.7314,True,False,wall,0.0,4.0,-10.0
681,36972,-7.0,0,24,0.656381,0.6745,True,False,wall,0.0,3.0,-10.0
682,37006,28.0,3,34,0.656158,0.6129,True,False,wall,30.0,8.0,-10.0
683,37018,-11.0,0,12,0.65608,0.7163,True,False,wall,0.0,-1.0,-10.0
684,37112,54.0,3,94,0.655463,0.6543,True,False,body,30.0,34.0,-10.0
685,37217,52.0,4,105,0.654775,0.732,True,False,wall,40.0,22.0,-10.0
686,37263,36.0,3,46,0.654474,0.8375,True,False,body,30.0,16.0,-10.0
687,37306,11.0,1,43,0.654193,0.7868,True,False,wall,10.0,11.0,-10.0
688,37348,8.0,1,42,0.653918,0.8949,True,False,wall,10.0,8.0,-10.0
689,37389,11.0,1,41,0.65365,0.626,True,False,wall,10.0,11.0,-10.0
690,37516,36.0,2,127,0.65282,0.7199,True,False,wall,20.0,26.0,-10.0
691,37585,-4.0,0,69,0.65237,0.6666,True,False,wall,0.0,6.0,-10.0
692,37617,6.0,1,32,0.652161,0.8124,True,False,wall,10.0,6.0,-10.0
693,37655,19.0,2,38,0.651914,0.8385,True,False,wall,20.0,9.0,-10.0
694,37715,25.0,2,60,0.651523,1.0889,True,False,wall,20.0,15.0,-10.0
695,37729,-15.0,0,14,0.651431,1.2971,True,False,wall,0.0,-5.0,-10.0
696,37758,20.0,2,29,0.651242,1.36,True,False,wall,20.0,10.0,-10.0
697,37805,43.0,3,47,0.650936,1.0152,True,False,body,30.0,23.0,-10.0
698,37830,-6.0,0,25,0.650774,0.9026,True,False,wall,0.0,4.0,-10.0
699,37871,9.0,1,41,0.650507,0.9194,True,False,wall,10.0,9.0,-10.0
700,37947,8.0,1,76,0.650013,0.9062,True,False,wall,10.0,8.0,-10.0
701,38054,59.0,5,107,0.649318,0.802,True,False,body,50.0,19.0,-10.0
702,38108,26.0,1,54,0.648967,0.7344,True,False,wall,10.0,26.0,-10.0
703,38159,28.0,2,51,0.648636,0.8075,True,False,wall,20.0,18.0,-10.0
704,38261,33.0,2,102,0.647975,0.6684,True,False,wall,20.0,23.0,-10.0
705,38277,-7.0,0,16,0.647871,1.0535,True,False,wall,0.0,3.0,-10.0
706,38307,-5.0,0,30,0.647677,0.5641,True,False,wall,0.0,5.0,-10.0
707,38377,38.0,3,70,0.647224,0.6928,True,False,body,30.0,18.0,-10.0
708,38433,18.0,1,56,0.646861,0.6082,True,False,wall,10.0,18.0,-10.0
709,38484,1.0,1,51,0.646532,0.6282,True,False,wall,10.0,1.0,-10.0
710,38502,1.0,0,18,0.646415,0.4335,True,False,wall,0.0,11.0,-10.0
711,38545,41.0,3,43,0.646137,0.549,True,False,body,30.0,21.0,-10.0
712,38563,-5.0,0,18,0.646021,0.5724,True,False,wall,0.0,5.0,-10.0
713,38635,31.0,2,72,0.645556,0.7373,True,False,wall,20.0,21.0,-10.0
714,38682,11.0,1,47,0.645253,0.5726,True,False,wall,10.0,11.0,-10.0
715,38714,14.0,1,32,0.645046,0.6355,True,False,wall,10.0,14.0,-10.0
716,38802,53.0,4,88,0.644479,0.7093,True,False,body,40.0,23.0,-10.0
717,38819,-6.0,0,17,0.644369,1.0925,True,False,wall,0.0,4.0,-10.0
718,38871,17.0,2,52,0.644034,1.0419,True,False,wall,20.0,7.0,-10.0
719,38909,12.0,1,38,0.64379,1.0751,True,False,wall,10.0,12.0,-10.0
720,38983,23.0,2,74,0.643313,1.2308,True,False,wall,20.0,13.0,-10.0
721,39005,10.0,1,22,0.643172,0.8007,True,False,wall,10.0,10.0,-10.0
722,39090,32.0,2,85,0.642625,0.8604,True,False,wall,20.0,22.0,-10.0
723,39148,42.0,3,58,0.642253,0.8053,True,False,body,30.0,22.0,-10.0
724,39174,2.0,1,26,0.642086,0.5388,True,False,wall,10.0,2.0,-10.0
725,39186,-5.0,0,12,0.642009,0.6095,True,False,wall,0.0,5.0,-10.0
726,39233,9.0,1,47,0.641707,0.4803,True,False,wall,10.0,9.0,-10.0
727,39278,7.0,1,45,0.641418,0.5678,True,False,wall,10.0,7.0,-10.0
728,39363,39.0,3,85,0.640873,0.4863,True,False,wall,30.0,19.0,-10.0
729,39385,6.0,1,22,0.640732,0.5636,True,False,wall,10.0,6.0,-10.0
730,39422,3.0,1,37,0.640495,0.5771,True,False,wall,10.0,3.0,-10.0
731,39483,18.0,2,61,0.640105,0.7522,True,False,wall,20.0,8.0,-10.0
732,39543,54.0,3,60,0.639721,0.671,True,False,wall,30.0,34.0,-10.0
733,39716,89.0,5,173,0.638615,0.743,True,False,body,50.0,49.0,-10.0
734,39823,22.0,2,107,0.637932,0.8184,True,False,wall,20.0,12.0,-10.0
735,39844,-2.0,0,21,0.637798,0.8791,True,False,wall,0.0,8.0,-10.0
736,39918,40.0,3,74,0.637326,0.7702,True,False,wall,30.0,20.0,-10.0
737,40008,-1.0,0,90,0.636753,0.7667,True,False,wall,0.0,9.0,-10.0
738,40052,6.0,1,44,0.636473,0.6405,True,False,wall,10.0,6.0,-10.0
739,40144,48.0,3,92,0.635888,0.922,True,False,wall,30.0,28.0,-10.0
740,40178,-2.0,1,34,0.635672,0.8513,True,False,wall,10.0,-2.0,-10.0
741,40235,28.0,2,57,0.635309,0.8333,True,False,wall,20.0,18.0,-10.0
742,40275,18.0,1,40,0.635055,0.7968,True,False,wall,10.0,18.0,-10.0
743,40313,-11.0,0,38,0.634814,0.6554,True,False,wall,0.0,-1.0,-10.0
744,40400,18.0,2,87,0.634262,0.7027,True,False,wall,20.0,8.0,-10.0
745,40426,10.0,1,26,0.634097,0.6689,True,False,wall,10.0,10.0,-10.0
746,40446,-1.0,0,20,0.63397,0.5916,True,False,wall,0.0,9.0,-10.0
747,40516,8.0,1,70,0.633527,0.5878,True,False,wall,10.0,8.0,-10.0
748,40565,13.0,1,49,0.633216,0.4906,True,False,wall,10.0,13.0,-10.0
749,40646,47.0,3,81,0.632704,0.5387,True,False,wall,30.0,27.0,-10.0
750,40665,-8.0,0,19,0.632583,0.5239,True,False,wall,0.0,2.0,-10.0
751,40690,-6.0,0,25,0.632425,0.6261,True,False,wall,0.0,4.0,-10.0
752,40711,-10.0,0,21,0.632292,0.5744,True,False,wall,0.0,0.0,-10.0
753,40780,54.0,4,69,0.631856,0.8212,True,False,body,40.0,24.0,-10.0
754,40841,41.0,3,61,0.631471,1.2231,True,False,wall,30.0,21.0,-10.0
755,40900,45.0,3,59,0.631099,1.0956,True,False,wall,30.0,25.0,-10.0
756,41018,77.0,4,118,0.630354,0.7114,True,False,body,40.0,47.0,-10.0
757,41227,51.0,3,209,0.629038,0.5898,True,False,body,30.0,31.0,-10.0
758,41327,65.0,6,100,0.628409,0.5616,True,False,body,60.0,15.0,-10.0
759,41398,48.0,2,71,0.627963,0.7005,True,False,wall,20.0,38.0,-10.0
760,41521,51.0,3,123,0.627192,1.0545,True,False,wall,30.0,31.0,-10.0
761,41540,5.0,1,19,0.627072,0.9794,True,False,wall,10.0,5.0,-10.0
762,41607,1.0,1,67,0.626652,1.0664,True,False,wall,10.0,1.0,-10.0
763,41708,56.0,4,101,0.62602,1.0724,True,False,wall,40.0,26.0,-10.0
764,41800,52.0,3,92,0.625444,0.746,True,False,body,30.0,32.0,-10.0
765,41823,2.0,0,23,0.6253,0.5437,True,False,wall,0.0,12.0,-10.0
766,41864,13.0,1,41,0.625044,0.5522,True,False,wall,10.0,13.0,-10.0
767,41887,22.0,2,23,0.6249,0.4561,True,False,wall,20.0,12.0,-10.0
768,41968,32.0,2,81,0.624394,0.5445,True,False,wall,20.0,22.0,-10.0
769,42034,40.0,3,66,0.623982,0.6912,True,False,body,30.0,20.0,-10.0
770,42060,-5.0,0,26,0.62382,0.8639,True,False,wall,0.0,5.0,-10.0
771,42113,7.0,1,53,0.62349,0.9277,True,False,wall,10.0,7.0,-10.0
772,42177,42.0,3,64,0.623091,0.9066,True,False,body,30.0,22.0,-10.0
773,42196,-10.0,0,19,0.622972,1.4659,True,False,wall,0.0,0.0,-10.0
774,42269,62.0,4,73,0.622518,0.8316,True,False,body,40.0,32.0,-10.0
775,42335,27.0,2,66,0.622107,0.8587,True,False,wall,20.0,17.0,-10.0
776,42374,35.0,3,39,0.621864,0.7498,True,False,body,30.0,15.0,-10.0
777,42390,8.0,1,16,0.621765,1.274,True,False,wall,10.0,8.0,-10.0
778,42408,0.0,1,18,0.621653,0.7159,True,False,wall,10.0,0.0,-10.0
779,42532,65.0,4,124,0.620883,0.5993,True,False,body,40.0,35.0,-10.0
780,42583,45.0,3,51,0.620566,0.5484,True,False,wall,30.0,25.0,-10.0
781,42603,-1.0,0,20,0.620442,0.5455,True,False,wall,0.0,9.0,-10.0
782,42667,36.0,3,64,0.620045,0.5428,True,False,wall,30.0,16.0,-10.0
783,42724,38.0,2,57,0.619692,0.6388,True,False,wall,20.0,28.0,-10.0
784,42751,11.0,1,27,0.619524,0.8349,True,False,wall,10.0,11.0,-10.0
785,42776,14.0,2,25,0.619369,1.2706,True,False,wall,20.0,4.0,-10.0
786,42910,82.0,5,134,0.61854,0.9615,True,False,body,50.0,42.0,-10.0
787,43018,74.0,5,108,0.617872,0.6652,True,False,body,50.0,34.0,-10.0
788,43053,5.0,1,35,0.617656,0.7707,True,False,wall,10.0,5.0,-10.0
789,43135,40.0,3,82,0.61715,0.7993,True,False,wall,30.0,20.0,-10.0
790,43173,26.0,1,38,0.616915,0.8029,True,False,wall,10.0,26.0,-10.0
791,43235,-3.0,0,62,0.616533,0.9757,True,False,wall,0.0,7.0,-10.0
792,43264,-2.0,0,29,0.616354,0.9164,True,False,wall,0.0,8.0,-10.0
793,43289,0.0,0,25,0.6162,0.6616,True,False,wall,0.0,10.0,-10.0
794,43300,-4.0,0,11,0.616132,0.8745,True,False,wall,0.0,6.0,-10.0
795,43367,55.0,3,67,0.61572,1.1655,True,False,wall,30.0,35.0,-10.0
796,43442,23.0,1,75,0.615258,1.1828,True,False,wall,10.0,23.0,-10.0
797,43519,45.0,3,77,0.614785,0.8576,True,False,wall,30.0,25.0,-10.0
798,43560,33.0,3,41,0.614533,0.5845,True,False,body,30.0,13.0,-10.0
799,43569,5.0,1,9,0.614477,0.7785,True,False,wall,10.0,5.0,-10.0
800,43588,-4.0,0,19,0.614361,0.7444,True,False,wall,0.0,6.0,-10.0
801,43665,43.0,3,77,0.613888,0.6439,True,False,body,30.0,23.0,-10.0
802,43685,-1.0,0,20,0.613765,0.5884,True,False,wall,0.0,9.0,-10.0
803,43754,30.0,2,69,0.613342,0.6392,True,False,wall,20.0,20.0,-10.0
804,43801,56.0,4,47,0.613053,0.6337,True,False,wall,40.0,26.0,-10.0
805,43850,37.0,3,49,0.612753,0.6674,True,False,body,30.0,17.0,-10.0
806,43875,0.0,0,25,0.6126,0.613,True,False,wall,0.0,10.0,-10.0
807,43930,-8.0,0,55,0.612263,0.7676,True,False,wall,0.0,2.0,-10.0
808,44013,66.0,4,83,0.611755,0.8825,True,False,body,40.0,36.0,-10.0
809,44044,-16.0,0,31,0.611565,0.9176,True,False,wall,0.0,-6.0,-10.0
810,44204,110.0,7,160,0.610588,0.7108,True,False,body,70.0,50.0,-10.0
811,44259,35.0,3,55,0.610252,0.7764,True,False,body,30.0,15.0,-10.0
812,44282,-6.0,0,23,0.610112,0.5051,True,False,wall,0.0,4.0,-10.0
813,44294,-5.0,0,12,0.610038,0.6215,True,False,wall,0.0,5.0,-10.0
814,44376,20.0,1,82,0.609538,0.5525,True,False,wall,10.0,20.0,-10.0
815,44407,11.0,1,31,0.609349,0.633,True,False,wall,10.0,11.0,-10.0
816,44437,10.0,1,30,0.609167,0.6107,True,False,wall,10.0,10.0,-10.0
817,44460,22.0,2,23,0.609027,0.5505,True,False,wall,20.0,12.0,-10.0
818,44533,51.0,3,73,0.608582,0.5344,True,False,body,30.0,31.0,-10.0
819,44627,42.0,3,94,0.60801,0.6426,True,False,wall,30.0,22.0,-10.0
820,44675,47.0,4,48,0.607719,0.5348,True,False,body,40.0,17.0,-10.0
821,44719,29.0,2,44,0.607451,0.5097,True,False,wall,20.0,19.0,-10.0
822,44741,21.0,2,22,0.607318,0.4849,True,False,wall,20.0,11.0,-10.0
823,44791,34.0,3,50,0.607014,0.5359,True,False,body,30.0,14.0,-10.0
824,44839,16.0,1,48,0.606723,0.6654,True,False,wall,10.0,16.0,-10.0
825,44916,41.0,3,77,0.606256,0.5491,True,False,body,30.0,21.0,-10.0
826,45012,46.0,3,96,0.605674,0.7116,True,False,body,30.0,26.0,-10.0
827,45107,34.0,2,95,0.605099,0.8065,True,False,wall,20.0,24.0,-10.0
828,45125,8.0,1,18,0.60499,0.7764,True,False,wall,10.0,8.0,-10.0
829,45180,37.0,3,55,0.604657,0.7835,True,False,body,30.0,17.0,-10.0
830,45258,36.0,3,78,0.604186,0.9449,True,False,wall,30.0,16.0,-10.0
831,45366,50.0,3,108,0.603534,0.6599,True,False,body,30.0,30.0,-10.0
832,45418,8.0,1,52,0.60322,0.602,True,False,wall,10.0,8.0,-10.0
833,45524,63.0,4,106,0.602581,0.612,True,False,body,40.0,33.0,-10.0
834,45548,10.0,1,24,0.602436,0.542,True,False,wall,10.0,10.0,-10.0
835,45716,39.0,2,168,0.601425,0.5457,True,False,wall,20.0,29.0,-10.0
836,45729,-4.0,0,13,0.601347,0.5242,True,False,wall,0.0,6.0,-10.0
837,45820,34.0,2,91,0.6008,0.6292,True,False,wall,20.0,24.0,-10.0
838,45838,8.0,1,18,0.600692,0.6888,True,False,wall,10.0,8.0,-10.0
839,45902,33.0,2,64,0.600307,0.6519,True,False,wall,20.0,23.0,-10.0
840,45926,32.0,3,24,0.600163,0.6409,True,False,body,30.0,12.0,-10.0
841,45977,7.0,1,51,0.599857,0.6582,True,False,wall,10.0,7.0,-10.0
842,46001,-5.0,0,24,0.599713,0.703,True,False,wall,0.0,5.0,-10.0
843,46091,45.0,2,90,0.599174,0.7835,True,False,wall,20.0,35.0,-10.0
844,46186,50.0,4,95,0.598605,0.8885,True,False,body,40.0,20.0,-10.0
845,46242,38.0,3,56,0.59827,1.095,True,False,wall,30.0,18.0,-10.0
846,46277,13.0,1,35,0.598061,0.9645,True,False,wall,10.0,13.0,-10.0
847,46398,62.0,4,121,0.597337,0.7138,True,False,wall,40.0,32.0,-10.0
848,46427,-8.0,0,29,0.597164,0.9928,True,False,wall,0.0,2.0,-10.0
849,46454,7.0,1,27,0.597003,0.6767,True,False,wall,10.0,7.0,-10.0
850,46479,2.0,0,25,0.596854,0.8967,True,False,wall,0.0,12.0,-10.0
851,46579,53.0,4,100,0.596257,0.7841,True,False,wall,40.0,23.0,-10.0
852,46613,14.0,1,34,0.596054,0.7175,True,False,wall,10.0,14.0,-10.0
853,46627,3.0,0,14,0.595971,0.7622,True,False,wall,0.0,13.0,-10.0
854,46647,-1.0,0,20,0.595852,0.6138,True,False,wall,0.0,9.0,-10.0
855,46766,58.0,4,119,0.595143,0.67,True,False,body,40.0,28.0,-10.0
856,46860,67.0,4,94,0.594584,0.6117,True,False,body,40.0,37.0,-10.0
857,46939,45.0,3,79,0.594114,0.7181,True,False,body,30.0,25.0,-10.0
858,46971,16.0,1,32,0.593924,0.7377,True,False,wall,10.0,16.0,-10.0
859,47016,-1.0,1,45,0.593657,0.6824,True,False,wall,10.0,-1.0,-10.0
860,47062,-1.0,0,46,0.593384,0.6112,True,False,wall,0.0,9.0,-10.0
861,47103,22.0,2,41,0.593141,0.5686,True,False,wall,20.0,12.0,-10.0
862,47188,55.0,3,85,0.592637,0.5919,True,False,body,30.0,35.0,-10.0
863,47238,-3.0,0,50,0.592341,0.5735,True,False,wall,0.0,7.0,-10.0
864,47310,38.0,3,72,0.591914,0.5539,True,False,wall,30.0,18.0,-10.0
865,47418,97.0,6,108,0.591275,0.4912,True,False,body,60.0,47.0,-10.0
866,47455,-2.0,0,37,0.591057,0.4313,True,False,wall,0.0,8.0,-10.0
867,47489,22.0,1,34,0.590856,0.5236,True,False,wall,10.0,22.0,-10.0
868,47522,13.0,1,33,0.590661,0.5212,True,False,wall,10.0,13.0,-10.0
869,47542,10.0,1,20,0.590543,0.7909,True,False,wall,10.0,10.0,-10.0
870,47579,9.0,1,37,0.590324,0.5676,True,False,wall,10.0,9.0,-10.0
871,47624,7.0,1,45,0.590059,0.5077,True,False,wall,10.0,7.0,-10.0
872,47674,57.0,4,50,0.589764,0.5015,True,False,body,40.0,27.0,-10.0
873,47715,40.0,4,41,0.589522,0.5754,True,False,wall,40.0,10.0,-10.0
874,47736,20.0,2,21,0.589398,0.5672,True,False,wall,20.0,10.0,-10.0
875,47753,3.0,1,17,0.589298,0.7162,True,False,wall,10.0,3.0,-10.0
876,47812,46.0,4,59,0.58895,0.6606,True,False,body,40.0,16.0,-10.0
877,47840,4.0,1,28,0.588786,0.6583,True,False,wall,10.0,4.0,-10.0
878,47872,14.0,1,32,0.588597,0.5731,True,False,wall,10.0,14.0,-10.0
879,47977,47.0,3,105,0.587979,0.6946,True,False,body,30.0,27.0,-10.0
880,48020,13.0,1,43,0.587727,0.6113,True,False,wall,10.0,13.0,-10.0
881,48084,31.0,2,64,0.587351,0.6762,True,False,wall,20.0,21.0,-10.0
882,48126,21.0,2,42,0.587104,0.7481,True,False,wall,20.0,11.0,-10.0
883,48201,58.0,4,75,0.586664,0.6868,True,False,wall,40.0,28.0,-10.0
884,48250,15.0,1,49,0.586376,0.5928,True,False,wall,10.0,15.0,-10.0
885,48281,9.0,1,31,0.586195,0.6962,True,False,wall,10.0,9.0,-10.0
886,48298,31.0,3,17,0.586095,0.5948,True,False,wall,30.0,11.0,-10.0
887,48313,-2.0,0,15,0.586007,0.6181,True,False,wall,0.0,8.0,-10.0
888,48397,44.0,3,84,0.585515,0.714,True,False,body,30.0,24.0,-10.0
889,48489,60.0,3,92,0.584977,0.7435,True,False,wall,30.0,40.0,-10.0
890,48542,13.0,1,53,0.584667,0.9113,True,False,wall,10.0,13.0,-10.0
891,48582,-1.0,0,40,0.584433,0.9932,True,False,wall,0.0,9.0,-10.0
892,48603,-6.0,0,21,0.58431,0.7378,True,False,wall,0.0,4.0,-10.0
893,48649,39.0,2,46,0.584041,1.1962,True,False,wall,20.0,29.0,-10.0
894,48733,52.0,3,84,0.583551,1.09,True,False,body,30.0,32.0,-10.0
895,48787,31.0,2,54,0.583236,1.503,True,False,wall,20.0,21.0,-10.0
896,48852,57.0,3,65,0.582857,0.8921,True,False,body,30.0,37.0,-10.0
897,48878,6.0,1,26,0.582706,0.6886,True,False,wall,10.0,6.0,-10.0
898,48925,11.0,1,47,0.582432,0.6915,True,False,wall,10.0,11.0,-10.0
899,49025,66.0,3,100,0.58185,0.6642,True,False,body,30.0,46.0,-10.0
900,49124,36.0,2,99,0.581274,0.7566,True,False,wall,20.0,26.0,-10.0
901,49151,20.0,2,27,0.581117,0.7669,True,False,wall,20.0,10.0,-10.0
902,49258,41.0,3,107,0.580495,0.8259,True,False,body,30.0,21.0,-10.0
903,49309,-4.0,0,51,0.580199,0.7416,True,False,wall,0.0,6.0,-10.0
904,49395,53.0,4,86,0.579701,0.6041,True,False,wall,40.0,23.0,-10.0
905,49415,6.0,1,20,0.579585,0.5648,True,False,wall,10.0,6.0,-10.0
906,49453,-1.0,0,38,0.579365,0.5935,True,False,wall,0.0,9.0,-10.0
907,49511,40.0,3,58,0.579029,0.6707,True,False,wall,30.0,20.0,-10.0
908,49570,50.0,4,59,0.578687,0.852,True,False,body,40.0,20.0,-10.0
909,49658,70.0,5,88,0.578178,0.7343,True,False,wall,50.0,30.0,-10.0
910,49723,19.0,1,65,0.577802,0.6888,True,False,wall,10.0,19.0,-10.0
911,49744,7.0,1,21,0.577681,0.5362,True,False,wall,10.0,7.0,-10.0
912,49819,34.0,2,75,0.577248,0.6639,True,False,wall,20.0,24.0,-10.0
913,49885,46.0,3,66,0.576867,0.6093,True,False,body,30.0,26.0,-10.0
914,49906,9.0,1,21,0.576746,0.5943,True,False,wall,10.0,9.0,-10.0
915,49951,43.0,3,45,0.576487,0.6654,True,False,body,30.0,23.0,-10.0
916,50051,65.0,4,100,0.57591,0.8031,True,False,body,40.0,35.0,-10.0
917,50064,-2.0,0,13,0.575835,0.5881,True,False,wall,0.0,8.0,-10.0
918,50208,94.0,5,144,0.575007,0.8919,True,False,body,50.0,54.0,-10.0
919,50264,-7.0,0,56,0.574685,0.9499,True,False,wall,0.0,3.0,-10.0
920,50301,35.0,3,37,0.574472,0.8555,True,False,wall,30.0,15.0,-10.0
921,50384,45.0,3,83,0.573996,0.808,True,False,body,30.0,25.0,-10.0
922,50418,10.0,1,34,0.573801,0.7864,True,False,wall,10.0,10.0,-10.0
923,50450,-5.0,0,32,0.573617,0.8265,True,False,wall,0.0,5.0,-10.0
924,50559,45.0,3,109,0.572992,0.7718,True,False,wall,30.0,25.0,-10.0
925,50576,-4.0,0,17,0.572895,0.7589,True,False,wall,0.0,6.0,-10.0
926,50616,-3.0,0,40,0.572666,0.7028,True,False,wall,0.0,7.0,-10.0
927,50728,56.0,3,112,0.572025,0.6978,True,False,wall,30.0,36.0,-10.0
928,50773,5.0,1,45,0.571767,0.6066,True,False,wall,10.0,5.0,-10.0
929,50822,29.0,3,49,0.571487,0.5213,True,False,wall,30.0,9.0,-10.0
930,50898,50.0,3,76,0.571053,0.5167,True,False,wall,30.0,30.0,-10.0
931,50925,11.0,1,27,0.570899,0.5228,True,False,wall,10.0,11.0,-10.0
932,50955,-5.0,0,30,0.570728,0.4785,True,False,wall,0.0,5.0,-10.0
933,51000,-2.0,0,45,0.570471,0.5001,True,False,wall,0.0,8.0,-10.0
934,51020,28.0,3,20,0.570357,0.4908,True,False,wall,30.0,8.0,-10.0
935,51122,67.0,4,102,0.569775,0.6033,True,False,wall,40.0,37.0,-10.0
936,51144,8.0,1,22,0.56965,0.5782,True,False,wall,10.0,8.0,-10.0
937,51230,59.0,4,86,0.56916,0.559,True,False,wall,40.0,29.0,-10.0
938,51268,25.0,2,38,0.568944,0.5293,True,False,wall,20.0,15.0,-10.0
939,51311,56.0,4,43,0.568699,0.5087,True,False,body,40.0,26.0,-10.0
940,51375,48.0,3,64,0.568336,0.5211,True,False,wall,30.0,28.0,-10.0
941,51484,72.0,4,109,0.567716,0.6024,True,False,body,40.0,42.0,-10.0
942,51608,79.0,4,124,0.567013,0.5232,True,False,body,40.0,49.0,-10.0
943,51629,-4.0,0,21,0.566894,0.5993,True,False,wall,0.0,6.0,-10.0
944,51658,7.0,1,29,0.566729,0.6643,True,False,wall,10.0,7.0,-10.0
945,51691,22.0,2,33,0.566542,0.7308,True,False,wall,20.0,12.0,-10.0
946,51754,30.0,2,63,0.566186,0.7069,True,False,wall,20.0,20.0,-10.0
947,51801,47.0,3,47,0.56592,0.59,True,False,body,30.0,27.0,-10.0
948,51837,-5.0,0,36,0.565716,0.5608,True,False,wall,0.0,5.0,-10.0
949,51854,7.0,1,17,0.56562,0.5441,True,False,wall,10.0,7.0,-10.0
950,51870,8.0,1,16,0.565529,0.5819,True,False,wall,10.0,8.0,-10.0
951,51929,22.0,2,59,0.565196,0.6207,True,False,wall,20.0,12.0,-10.0
952,51961,8.0,1,32,0.565015,0.7596,True,False,wall,10.0,8.0,-10.0
953,51979,1.0,0,18,0.564913,0.6749,True,False,wall,0.0,11.0,-10.0
954,52036,41.0,3,57,0.564591,0.6677,True,False,wall,30.0,21.0,-10.0
955,52130,33.0,2,94,0.564061,0.7696,True,False,wall,20.0,23.0,-10.0
956,52161,15.0,1,31,0.563886,0.6982,True,False,wall,10.0,15.0,-10.0
957,52236,53.0,3,75,0.563463,0.6758,True,False,body,30.0,33.0,-10.0
958,52332,68.0,5,96,0.562923,0.6711,True,False,body,50.0,28.0,-10.0
959,52413,15.0,1,81,0.562467,0.7654,True,False,wall,10.0,15.0,-10.0
960,52438,13.0,1,25,0.562326,0.635,True,False,wall,10.0,13.0,-10.0
961,52505,43.0,3,67,0.561949,0.6302,True,False,body,30.0,23.0,-10.0
962,52574,63.0,3,69,0.561562,0.6961,True,False,body,30.0,43.0,-10.0
963,52690,48.0,3,116,0.560911,0.7022,True,False,body,30.0,28.0,-10.0
964,52724,42.0,3,34,0.56072,0.6072,True,False,wall,30.0,22.0,-10.0
965,52780,52.0,3,56,0.560406,0.6002,True,False,body,30.0,32.0,-10.0
966,52814,36.0,3,34,0.560216,0.9174,True,False,body,30.0,16.0,-10.0
967,52934,37.0,2,120,0.559544,0.6194,True,False,wall,20.0,27.0,-10.0
968,53014,58.0,3,80,0.559096,0.592,True,False,wall,30.0,38.0,-10.0
969,53133,62.0,4,119,0.558432,0.6953,True,False,wall,40.0,32.0,-10.0
970,53191,46.0,3,58,0.558108,0.7461,True,False,wall,30.0,26.0,-10.0
971,53271,35.0,2,80,0.557661,0.6478,True,False,wall,20.0,25.0,-10.0
972,53289,-5.0,0,18,0.557561,0.5395,True,False,wall,0.0,5.0,-10.0
973,53330,-4.0,0,41,0.557332,0.5478,True,False,wall,0.0,6.0,-10.0
974,53424,74.0,5,94,0.556809,0.7047,True,False,wall,50.0,34.0,-10.0
975,53509,69.0,5,85,0.556336,0.6867,True,False,body,50.0,29.0,-10.0
976,53529,12.0,1,20,0.556224,0.6632,True,False,wall,10.0,12.0,-10.0
977,53581,17.0,2,52,0.555935,0.8026,True,False,wall,20.0,7.0,-10.0
978,53613,14.0,1,32,0.555757,0.7731,True,False,wall,10.0,14.0,-10.0
979,53674,39.0,3,61,0.555419,0.7668,True,False,body,30.0,19.0,-10.0
980,53689,11.0,1,15,0.555335,0.648,True,False,wall,10.0,11.0,-10.0
981,53756,38.0,2,67,0.554963,0.6753,True,False,wall,20.0,28.0,-10.0
982,53790,1.0,0,34,0.554775,0.623,True,False,wall,0.0,11.0,-10.0
983,53869,75.0,5,79,0.554337,0.5755,True,False,body,50.0,35.0,-10.0
984,53886,7.0,1,17,0.554242,0.6181,True,False,wall,10.0,7.0,-10.0
985,53902,8.0,1,16,0.554154,1.1434,True,False,wall,10.0,8.0,-10.0
986,53917,-4.0,0,15,0.554071,0.672,True,False,wall,0.0,6.0,-10.0
987,53941,-1.0,0,24,0.553938,0.7237,True,False,wall,0.0,9.0,-10.0
988,53961,8.0,1,20,0.553827,1.0562,True,False,wall,10.0,8.0,-10.0
989,53998,13.0,1,37,0.553622,0.6447,True,False,wall,10.0,13.0,-10.0
990,54010,4.0,1,12,0.553555,0.5865,True,False,wall,10.0,4.0,-10.0
991,54048,18.0,1,38,0.553345,0.6599,True,False,wall,10.0,18.0,-10.0
992,54115,58.0,4,67,0.552975,0.6455,True,False,body,40.0,28.0,-10.0
993,54148,29.0,3,33,0.552792,0.5974,True,False,body,30.0,9.0,-10.0
994,54265,57.0,3,117,0.552146,0.6111,True,False,body,30.0,37.0,-10.0
995,54360,76.0,4,95,0.551621,0.664,True,False,body,40.0,46.0,-10.0
996,54408,27.0,2,48,0.551357,0.6863,True,False,wall,20.0,17.0,-10.0
997,54501,65.0,5,93,0.550844,0.6645,True,False,wall,50.0,25.0,-10.0
998,54555,25.0,2,54,0.550547,0.6979,True,False,wall,20.0,15.0,-10.0
999,54620,28.0,2,65,0.550189,0.8048,True,False,wall,20.0,18.0,-10.0
1000,54630,-3.0,0,10,0.550134,0.5559,True,False,wall,0.0,7.0,-10.0
1001,54689,59.0,5,59,0.54981,0.5478,True,False,body,50.0,19.0,-10.0
1002,54709,-5.0,0,20,0.5497,0.5554,True,False,wall,0.0,5.0,-10.0
1003,54811,50.0,3,102,0.549139,0.548,True,False,wall,30.0,30.0,-10.0
1004,54893,58.0,3,82,0.548689,0.5615,True,False,wall,30.0,38.0,-10.0
1005,54937,27.0,2,44,0.548448,0.6457,True,False,wall,20.0,17.0,-10.0
1006,54977,1.0,0,40,0.548228,0.8539,True,False,wall,0.0,11.0,-10.0
1007,55005,21.0,2,28,0.548075,0.6817,True,False,wall,20.0,11.0,-10.0
1008,55020,0.0,0,15,0.547993,0.7561,True,False,wall,0.0,10.0,-10.0
1009,55084,6.0,1,64,0.547642,0.8646,True,False,wall,10.0,6.0,-10.0
1010,55100,3.0,0,16,0.547554,0.8401,True,False,wall,0.0,13.0,-10.0
1011,55117,-6.0,0,17,0.547461,0.6299,True,False,wall,0.0,4.0,-10.0
1012,55216,65.0,3,99,0.54692,0.6252,True,False,body,30.0,45.0,-10.0
1013,55274,42.0,3,58,0.546603,0.6027,True,False,body,30.0,22.0,-10.0
1014,55320,38.0,3,46,0.546351,0.5834,True,False,body,30.0,18.0,-10.0
1015,55336,-7.0,0,16,0.546264,0.5444,True,False,wall,0.0,3.0,-10.0
1016,55459,39.0,3,123,0.545592,0.5999,True,False,wall,30.0,19.0,-10.0
1017,55615,118.0,7,156,0.544742,0.6711,True,False,wall,70.0,58.0,-10.0
1018,55642,5.0,1,27,0.544595,0.5344,True,False,wall,10.0,5.0,-10.0
1019,55742,84.0,5,100,0.54405,0.5293,True,False,wall,50.0,44.0,-10.0
1020,55817,48.0,4,75,0.543643,0.5981,True,False,body,40.0,18.0,-10.0
1021,55876,53.0,3,59,0.543322,0.5299,True,False,body,30.0,33.0,-10.0
1022,55932,40.0,3,56,0.543018,0.6782,True,False,body,30.0,20.0,-10.0
1023,55946,-5.0,0,14,0.542942,0.6053,True,False,wall,0.0,5.0,-10.0
1024,55997,20.0,2,51,0.542665,0.6472,True,False,wall,20.0,10.0,-10.0
1025,56030,24.0,2,33,0.542486,0.5728,True,False,wall,20.0,14.0,-10.0
1026,56053,-3.0,1,23,0.542361,0.6415,True,False,wall,10.0,-3.0,-10.0
1027,56148,41.0,3,95,0.541846,0.6348,True,False,body,30.0,21.0,-10.0
1028,56197,-2.0,0,49,0.541581,0.815,True,False,wall,0.0,8.0,-10.0
1029,56257,40.0,3,60,0.541256,0.6953,True,False,wall,30.0,20.0,-10.0
1030,56298,13.0,1,41,0.541034,0.7685,True,False,wall,10.0,13.0,-10.0
1031,56377,53.0,3,79,0.540607,0.6896,True,False,body,30.0,33.0,-10.0
1032,56459,54.0,3,82,0.540164,0.7734,True,False,wall,30.0,34.0,-10.0
1033,56542,52.0,4,83,0.539715,0.8527,True,False,body,40.0,22.0,-10.0
1034,56653,92.0,6,111,0.539117,0.7958,True,False,body,60.0,42.0,-10.0
1035,56710,41.0,3,57,0.538809,0.5432,True,False,body,30.0,21.0,-10.0
1036,56801,48.0,2,91,0.538319,0.5889,True,False,wall,20.0,38.0,-10.0
1037,56835,40.0,3,34,0.538136,0.503,True,False,body,30.0,20.0,-10.0
1038,56895,52.0,3,60,0.537814,0.5562,True,False,wall,30.0,32.0,-10.0
1039,56959,52.0,3,64,0.537469,0.585,True,False,wall,30.0,32.0,-10.0
1040,57047,59.0,4,88,0.536997,0.7043,True,False,body,40.0,29.0,-10.0
1041,57063,-3.0,0,16,0.536911,0.5654,True,False,wall,0.0,7.0,-10.0
1042,57083,8.0,1,20,0.536803,0.6365,True,False,wall,10.0,8.0,-10.0
1043,57109,6.0,1,26,0.536664,0.5781,True,False,wall,10.0,6.0,-10.0
1044,57121,-1.0,0,12,0.536599,0.4798,True,False,wall,0.0,9.0,-10.0
1045,57187,36.0,3,66,0.536245,0.5704,True,False,body,30.0,16.0,-10.0
1046,57229,18.0,1,42,0.53602,0.7928,True,False,wall,10.0,18.0,-10.0
1047,57277,32.0,3,48,0.535763,0.5899,True,False,body,30.0,12.0,-10.0
1048,57324,45.0,3,47,0.535511,0.5835,True,False,wall,30.0,25.0,-10.0
1049,57415,47.0,3,91,0.535024,0.6416,True,False,body,30.0,27.0,-10.0
1050,57484,39.0,3,69,0.534655,0.7488,True,False,wall,30.0,19.0,-10.0
1051,57564,70.0,5,80,0.534228,0.5742,True,False,body,50.0,30.0,-10.0
1052,57683,103.0,7,119,0.533592,0.5886,True,False,wall,70.0,43.0,-10.0
1053,57756,49.0,3,73,0.533203,0.7897,True,False,wall,30.0,29.0,-10.0
1054,57810,48.0,3,54,0.532915,0.5376,True,False,body,30.0,28.0,-10.0
1055,57863,43.0,3,53,0.532633,0.5164,True,False,body,30.0,23.0,-10.0
1056,57899,21.0,2,36,0.532441,0.5559,True,False,wall,20.0,11.0,-10.0
1057,58028,62.0,2,129,0.531755,0.6263,True,False,wall,20.0,52.0,-10.0
1058,58072,-1.0,0,44,0.531521,0.7312,True,False,wall,0.0,9.0,-10.0
1059,58115,-4.0,0,43,0.531292,0.6677,True,False,wall,0.0,6.0,-10.0
1060,58163,14.0,1,48,0.531037,0.637,True,False,wall,10.0,14.0,-10.0
1061,58222,51.0,3,59,0.530724,0.5884,True,False,body,30.0,31.0,-10.0
1062,58264,36.0,3,42,0.530501,0.9909,True,False,body,30.0,16.0,-10.0
1063,58348,52.0,3,84,0.530056,0.7933,True,False,body,30.0,32.0,-10.0
1064,58362,6.0,1,14,0.529981,0.7355,True,False,wall,10.0,6.0,-10.0
1065,58384,8.0,1,22,0.529865,0.7731,True,False,wall,10.0,8.0,-10.0
1066,58488,72.0,5,104,0.529314,0.7398,True,False,body,50.0,32.0,-10.0
1067,58503,7.0,1,15,0.529235,0.5874,True,False,wall,10.0,7.0,-10.0
1068,58513,-1.0,0,10,0.529182,0.6311,True,False,wall,0.0,9.0,-10.0
1069,58603,59.0,4,90,0.528706,0.6206,True,False,wall,40.0,29.0,-10.0
1070,58646,35.0,3,43,0.528478,0.5813,True,False,body,30.0,15.0,-10.0
1071,58690,14.0,1,44,0.528246,0.6779,True,False,wall,10.0,14.0,-10.0
1072,58722,12.0,1,32,0.528077,0.7493,True,False,wall,10.0,12.0,-10.0
1073,58771,7.0,1,49,0.527818,0.5988,True,False,wall,10.0,7.0,-10.0
1074,58827,30.0,3,56,0.527523,0.6733,True,False,body,30.0,10.0,-10.0
1075,58873,34.0,3,46,0.52728,0.7193,True,False,wall,30.0,14.0,-10.0
1076,58927,44.0,3,54,0.526995,0.7051,True,False,body,30.0,24.0,-10.0
1077,59019,54.0,3,92,0.526511,0.5626,True,False,body,30.0,34.0,-10.0
1078,59085,54.0,3,66,0.526163,0.5521,True,False,body,30.0,34.0,-10.0
1079,59150,22.0,2,65,0.525822,0.6821,True,False,wall,20.0,12.0,-10.0
1080,59198,56.0,5,48,0.525569,0.5836,True,False,wall,50.0,16.0,-10.0
1081,59240,25.0,2,42,0.525349,0.5422,True,False,wall,20.0,15.0,-10.0
1082,59297,15.0,1,57,0.525049,0.5199,True,False,wall,10.0,15.0,-10.0
1083,59397,57.0,4,100,0.524524,0.6174,True,False,body,40.0,27.0,-10.0
1084,59426,22.0,2,29,0.524372,0.6364,True,False,wall,20.0,12.0,-10.0
1085,59448,14.0,1,22,0.524257,0.7503,True,False,wall,10.0,14.0,-10.0
1086,59493,40.0,2,45,0.524021,0.721,True,False,wall,20.0,30.0,-10.0
1087,59510,9.0,1,17,0.523932,0.7705,True,False,wall,10.0,9.0,-10.0
1088,59524,6.0,1,14,0.523859,0.6979,True,False,wall,10.0,6.0,-10.0
1089,59580,57.0,4,56,0.523565,0.7046,True,False,body,40.0,27.0,-10.0
1090,59592,-3.0,0,12,0.523503,0.6789,True,False,wall,0.0,7.0,-10.0
1091,59725,102.0,6,133,0.522807,0.8258,True,False,body,60.0,52.0,-10.0
1092,59759,14.0,1,34,0.522629,0.7894,True,False,wall,10.0,14.0,-10.0
1093,59864,93.0,5,105,0.522081,0.7005,True,False,wall,50.0,53.0,-10.0
1094,59909,39.0,3,45,0.521846,0.5616,True,False,body,30.0,19.0,-10.0
1095,59961,10.0,1,52,0.521574,0.6556,True,False,wall,10.0,10.0,-10.0
1096,59999,12.0,1,38,0.521376,0.794,True,False,wall,10.0,12.0,-10.0
1097,60024,13.0,1,25,0.521246,0.6657,True,False,wall,10.0,13.0,-10.0
1098,60179,78.0,6,155,0.520439,0.5478,True,False,body,60.0,28.0,-10.0
1099,60201,-5.0,0,22,0.520324,0.5957,True,False,wall,0.0,5.0,-10.0
1100,60221,8.0,1,20,0.52022,0.6612,True,False,wall,10.0,8.0,-10.0
1101,60311,69.0,4,90,0.519752,0.5325,True,False,body,40.0,39.0,-10.0
1102,60403,43.0,2,92,0.519274,0.5168,True,False,wall,20.0,33.0,-10.0
1103,60419,-3.0,0,16,0.519191,0.7259,True,False,wall,0.0,7.0,-10.0
1104,60500,85.0,5,81,0.518771,0.6927,True,False,wall,50.0,45.0,-10.0
1105,60585,72.0,4,85,0.51833,0.7688,True,False,wall,40.0,42.0,-10.0
1106,60594,-4.0,0,9,0.518283,0.6579,True,False,wall,0.0,6.0,-10.0
1107,60687,76.0,4,93,0.517802,0.7719,True,False,body,40.0,46.0,-10.0
1108,60753,41.0,2,66,0.51746,0.7529,True,False,wall,20.0,31.0,-10.0
1109,60775,-1.0,0,22,0.517346,0.6007,True,False,wall,0.0,9.0,-10.0
1110,60855,59.0,4,80,0.516932,0.6152,True,False,body,40.0,29.0,-10.0
1111,60890,2.0,0,35,0.516751,0.6449,True,False,wall,0.0,12.0,-10.0
1112,60957,53.0,3,67,0.516405,0.7211,True,False,body,30.0,33.0,-10.0
1113,60994,-2.0,0,37,0.516214,0.5895,True,False,wall,0.0,8.0,-10.0
1114,61016,12.0,1,22,0.516101,0.5845,True,False,wall,10.0,12.0,-10.0
1115,61091,77.0,5,75,0.515714,0.6382,True,False,body,50.0,37.0,-10.0
1116,61232,95.0,5,141,0.514987,0.6056,True,False,wall,50.0,55.0,-10.0
1117,61268,-3.0,0,36,0.514802,0.5489,True,False,wall,0.0,7.0,-10.0
1118,61345,68.0,4,77,0.514406,0.5537,True,False,body,40.0,38.0,-10.0
1119,61426,65.0,3,81,0.513989,0.5664,True,False,body,30.0,45.0,-10.0
1120,61468,34.0,3,42,0.513773,0.6376,True,False,body,30.0,14.0,-10.0
1121,61535,30.0,2,67,0.513429,0.6373,True,False,wall,20.0,20.0,-10.0
1122,61655,69.0,4,120,0.512813,0.835,True,False,body,40.0,39.0,-10.0
1123,61684,20.0,2,29,0.512665,0.6688,True,False,wall,20.0,10.0,-10.0
1124,61713,15.0,1,29,0.512516,0.6204,True,False,wall,10.0,15.0,-10.0
1125,61798,66.0,4,85,0.512081,0.5991,True,False,body,40.0,36.0,-10.0
1126,61852,55.0,4,54,0.511804,0.6144,True,False,body,40.0,25.0,-10.0
1127,61908,35.0,2,56,0.511518,0.562,True,False,wall,20.0,25.0,-10.0
1128,61945,15.0,1,37,0.511328,0.5356,True,False,wall,10.0,15.0,-10.0
1129,61956,0.0,0,11,0.511272,0.5819,True,False,wall,0.0,10.0,-10.0
1130,62058,54.0,3,102,0.510751,0.7106,True,False,body,30.0,34.0,-10.0
1131,62195,130.0,8,137,0.510052,0.5384,True,False,wall,80.0,60.0,-10.0
1132,62215,8.0,1,20,0.50995,0.596,True,False,wall,10.0,8.0,-10.0
1133,62363,106.0,5,148,0.509195,0.5691,True,False,body,50.0,66.0,-10.0
1134,62427,27.0,2,64,0.50887,0.607,True,False,wall,20.0,17.0,-10.0
1135,62487,41.0,2,60,0.508564,0.6587,True,False,wall,20.0,31.0,-10.0
1136,62512,33.0,3,25,0.508437,0.7868,True,False,wall,30.0,13.0,-10.0
1137,62544,30.0,3,32,0.508275,0.6024,True,False,wall,30.0,10.0,-10.0
1138,62574,8.0,1,30,0.508122,0.525,True,False,wall,10.0,8.0,-10.0
1139,62596,-5.0,0,22,0.50801,0.6095,True,False,wall,0.0,5.0,-10.0
1140,62635,24.0,2,39,0.507812,0.49,True,False,wall,20.0,14.0,-10.0
1141,62683,53.0,4,48,0.507569,0.5543,True,False,body,40.0,23.0,-10.0
1142,62726,20.0,2,43,0.50735,0.6624,True,False,wall,20.0,10.0,-10.0
1143,62745,2.0,0,19,0.507254,0.6878,True,False,wall,0.0,12.0,-10.0
1144,62835,46.0,3,90,0.506798,0.5538,True,False,body,30.0,26.0,-10.0
1145,62882,11.0,1,47,0.50656,0.5909,True,False,wall,10.0,11.0,-10.0
1146,62939,36.0,2,57,0.506271,0.5495,True,False,wall,20.0,26.0,-10.0
1147,62971,26.0,1,32,0.506109,0.5664,True,False,wall,10.0,26.0,-10.0
1148,62991,10.0,1,20,0.506008,0.5703,True,False,wall,10.0,10.0,-10.0
1149,63047,23.0,2,56,0.505724,0.6293,True,False,wall,20.0,13.0,-10.0
1150,63132,89.0,5,85,0.505295,0.523,True,False,wall,50.0,49.0,-10.0
1151,63182,46.0,3,50,0.505042,0.5019,True,False,body,30.0,26.0,-10.0
1152,63196,10.0,1,14,0.504971,0.6551,True,False,wall,10.0,10.0,-10.0
1153,63225,11.0,1,29,0.504825,0.5451,True,False,wall,10.0,11.0,-10.0
1154,63291,31.0,2,66,0.504492,0.661,True,False,wall,20.0,21.0,-10.0
1155,63371,70.0,5,80,0.504089,0.6354,True,False,wall,50.0,30.0,-10.0
1156,63459,53.0,2,88,0.503645,0.5253,True,False,wall,20.0,43.0,-10.0
1157,63562,70.0,4,103,0.503127,0.5809,True,False,body,40.0,40.0,-10.0
1158,63629,74.0,6,67,0.50279,0.5327,True,False,body,60.0,24.0,-10.0
1159,63649,14.0,1,20,0.502689,0.664,True,False,wall,10.0,14.0,-10.0
1160,63777,67.0,4,128,0.502046,0.6265,True,False,wall,40.0,37.0,-10.0
1161,63824,24.0,2,47,0.50181,0.6647,True,False,wall,20.0,14.0,-10.0
1162,63933,82.0,4,109,0.501264,0.816,True,False,body,40.0,52.0,-10.0
1163,63965,34.0,3,32,0.501103,0.6084,True,False,body,30.0,14.0,-10.0
1164,64036,45.0,3,71,0.500748,0.5578,True,False,wall,30.0,25.0,-10.0
1165,64175,107.0,5,139,0.500052,0.5745,True,False,wall,50.0,67.0,-10.0
1166,64204,13.0,1,29,0.499907,0.499,True,False,wall,10.0,13.0,-10.0
1167,64243,54.0,4,39,0.499712,0.4906,True,False,body,40.0,24.0,-10.0
1168,64280,26.0,2,37,0.499527,0.4684,True,False,wall,20.0,16.0,-10.0
1169,64310,28.0,3,30,0.499377,0.4889,True,False,body,30.0,8.0,-10.0
1170,64373,57.0,3,63,0.499063,0.483,True,False,body,30.0,37.0,-10.0
1171,64389,10.0,1,16,0.498983,0.5346,True,False,wall,10.0,10.0,-10.0
1172,64481,86.0,5,92,0.498524,0.4973,True,False,wall,50.0,46.0,-10.0
1173,64502,5.0,1,21,0.498419,0.6299,True,False,wall,10.0,5.0,-10.0
1174,64549,56.0,4,47,0.498185,0.7854,True,False,body,40.0,26.0,-10.0
1175,64587,32.0,3,38,0.497996,0.5878,True,False,wall,30.0,12.0,-10.0
1176,64605,1.0,0,18,0.497906,0.5672,True,False,wall,0.0,11.0,-10.0
1177,64627,12.0,1,22,0.497797,0.6206,True,False,wall,10.0,12.0,-10.0
1178,64667,6.0,1,40,0.497598,0.5759,True,False,wall,10.0,6.0,-10.0
1179,64687,8.0,1,20,0.497498,0.5715,True,False,wall,10.0,8.0,-10.0
1180,64715,31.0,2,28,0.497359,0.4769,True,False,wall,20.0,21.0,-10.0
1181,64770,36.0,2,55,0.497085,0.5932,True,False,wall,20.0,26.0,-10.0
1182,64833,60.0,4,63,0.496772,0.5026,True,False,body,40.0,30.0,-10.0
1183,64897,42.0,3,64,0.496455,0.5781,True,False,wall,30.0,22.0,-10.0
1184,64945,36.0,3,48,0.496216,0.544,True,False,body,30.0,16.0,-10.0
1185,65012,71.0,5,67,0.495884,0.5764,True,False,body,50.0,31.0,-10.0
1186,65135,105.0,5,123,0.495274,0.5925,True,False,wall,50.0,65.0,-10.0
1187,65195,46.0,3,60,0.494977,0.5321,True,False,body,30.0,26.0,-10.0
1188,65234,20.0,2,39,0.494784,0.5704,True,False,wall,20.0,10.0,-10.0
1189,65255,24.0,2,21,0.49468,0.5448,True,False,wall,20.0,14.0,-10.0
1190,65274,2.0,0,19,0.494586,0.6002,True,False,wall,0.0,12.0,-10.0
1191,65322,21.0,2,48,0.494349,0.5756,True,False,wall,20.0,11.0,-10.0
1192,65348,22.0,1,26,0.494221,0.4479,True,False,wall,10.0,22.0,-10.0
1193,65412,57.0,4,64,0.493904,0.4987,True,False,body,40.0,27.0,-10.0
1194,65432,6.0,1,20,0.493806,0.9592,True,False,wall,10.0,6.0,-10.0
1195,65475,45.0,3,43,0.493593,0.7289,True,False,body,30.0,25.0,-10.0
1196,65487,-3.0,0,12,0.493534,0.8627,True,False,wall,0.0,7.0,-10.0
1197,65544,47.0,3,57,0.493253,0.6469,True,False,body,30.0,27.0,-10.0
1198,65601,51.0,3,57,0.492972,0.8172,True,False,body,30.0,31.0,-10.0
1199,65616,-6.0,0,15,0.492898,0.7457,True,False,wall,0.0,4.0,-10.0
1200,65626,-3.0,0,10,0.492849,0.5101,True,False,wall,0.0,7.0,-10.0
1201,65715,101.0,7,89,0.49241,0.6375,True,False,body,70.0,41.0,-10.0
1202,65771,38.0,3,56,0.492134,0.6996,True,False,body,30.0,18.0,-10.0
1203,65844,73.0,5,73,0.491775,0.7039,True,False,wall,50.0,33.0,-10.0
1204,65936,55.0,4,92,0.491323,0.6047,True,False,wall,40.0,25.0,-10.0
1205,65996,48.0,3,60,0.491028,0.5035,True,False,body,30.0,28.0,-10.0
1206,66095,80.0,6,99,0.490543,0.5212,True,False,wall,60.0,30.0,-10.0
1207,66125,40.0,3,30,0.490395,0.5114,True,False,body,30.0,20.0,-10.0
1208,66163,-3.0,0,38,0.490209,0.472,True,False,wall,0.0,7.0,-10.0
1209,66184,29.0,3,21,0.490106,0.5674,True,False,wall,30.0,9.0,-10.0
1210,66222,42.0,3,38,0.48992,0.6312,True,False,body,30.0,22.0,-10.0
1211,66325,67.0,5,103,0.489416,0.5747,True,False,body,50.0,27.0,-10.0
1212,66368,48.0,4,43,0.489205,0.5429,True,False,body,40.0,18.0,-10.0
1213,66397,13.0,1,29,0.489063,0.5978,True,False,wall,10.0,13.0,-10.0
1214,66411,8.0,1,14,0.488995,0.662,True,False,wall,10.0,8.0,-10.0
1215,66441,19.0,2,30,0.488848,0.47,True,False,wall,20.0,9.0,-10.0
1216,66548,81.0,3,107,0.488325,0.6476,True,False,body,30.0,61.0,-10.0
1217,66561,9.0,1,13,0.488262,0.576,True,False,wall,10.0,9.0,-10.0
1218,66648,66.0,4,87,0.487837,0.826,True,False,wall,40.0,36.0,-10.0
1219,66729,45.0,3,81,0.487442,0.9562,True,False,body,30.0,25.0,-10.0
1220,66757,24.0,1,28,0.487306,0.8444,True,False,wall,10.0,24.0,-10.0
1221,66815,42.0,3,58,0.487023,0.6012,True,False,wall,30.0,22.0,-10.0
1222,66894,66.0,4,79,0.486639,0.6183,True,False,wall,40.0,36.0,-10.0
1223,66939,82.0,6,45,0.48642,0.6164,True,False,body,60.0,32.0,-10.0
1224,66997,61.0,4,58,0.486138,0.6404,True,False,wall,40.0,31.0,-10.0
1225,67043,25.0,2,46,0.485914,0.643,True,False,wall,20.0,15.0,-10.0
1226,67128,73.0,5,85,0.485501,0.5562,True,False,body,50.0,33.0,-10.0
1227,67169,21.0,1,41,0.485302,0.5308,True,False,wall,10.0,21.0,-10.0
1228,67219,33.0,2,50,0.48506,0.5131,True,False,wall,20.0,23.0,-10.0
1229,67337,58.0,3,118,0.484488,0.5935,True,False,body,30.0,38.0,-10.0
1230,67392,34.0,2,55,0.484221,0.6901,True,False,wall,20.0,24.0,-10.0
1231,67461,45.0,3,69,0.483887,0.705,True,False,body,30.0,25.0,-10.0
1232,67537,59.0,4,76,0.48352,0.575,True,False,wall,40.0,29.0,-10.0
1233,67553,32.0,3,16,0.483442,0.5579,True,False,body,30.0,12.0,-10.0
1234,67623,63.0,4,70,0.483104,0.5478,True,False,body,40.0,33.0,-10.0
1235,67646,5.0,1,23,0.482993,0.5645,True,False,wall,10.0,5.0,-10.0
1236,67689,26.0,2,43,0.482785,0.6815,True,False,wall,20.0,16.0,-10.0
1237,67705,-3.0,0,16,0.482708,0.5745,True,False,wall,0.0,7.0,-10.0
1238,67745,44.0,3,40,0.482515,0.5738,True,False,wall,30.0,24.0,-10.0
1239,67817,60.0,5,72,0.482168,0.5541,True,False,body,50.0,20.0,-10.0
1240,67833,-1.0,0,16,0.482091,0.5559,True,False,wall,0.0,9.0,-10.0
1241,67869,34.0,3,36,0.481917,0.5237,True,False,body,30.0,14.0,-10.0
1242,67884,-2.0,0,15,0.481845,0.5807,True,False,wall,0.0,8.0,-10.0
1243,67977,41.0,3,93,0.481397,0.5768,True,False,body,30.0,21.0,-10.0
1244,67997,21.0,2,20,0.481301,0.5871,True,False,wall,20.0,11.0,-10.0
1245,68044,54.0,4,47,0.481074,0.7142,True,False,wall,40.0,24.0,-10.0
1246,68064,6.0,1,20,0.480978,0.5738,True,False,wall,10.0,6.0,-10.0
1247,68094,23.0,2,30,0.480834,0.6032,True,False,wall,20.0,13.0,-10.0
1248,68147,46.0,2,53,0.480579,0.5592,True,False,wall,20.0,36.0,-10.0
1249,68192,45.0,3,45,0.480363,0.5586,True,False,wall,30.0,25.0,-10.0
1250,68214,21.0,2,22,0.480257,0.6484,True,False,wall,20.0,11.0,-10.0
1251,68266,33.0,2,52,0.480008,0.5461,True,False,wall,20.0,23.0,-10.0
1252,68316,1.0,0,50,0.479768,0.6283,True,False,wall,0.0,11.0,-10.0
1253,68342,18.0,1,26,0.479643,0.6733,True,False,wall,10.0,18.0,-10.0
1254,68433,85.0,5,91,0.479207,0.5994,True,False,body,50.0,45.0,-10.0
1255,68483,76.0,5,50,0.478967,0.6389,True,False,body,50.0,36.0,-10.0
1256,68616,99.0,5,133,0.478331,0.6142,True,False,wall,50.0,59.0,-10.0
1257,68694,58.0,3,78,0.477958,0.5983,True,False,body,30.0,38.0,-10.0
1258,68709,7.0,1,15,0.477886,0.6788,True,False,wall,10.0,7.0,-10.0
1259,68722,5.0,1,13,0.477824,0.5796,True,False,wall,10.0,5.0,-10.0
1260,68739,-4.0,0,17,0.477743,0.6514,True,False,wall,0.0,6.0,-10.0
1261,68786,37.0,3,47,0.477518,0.5737,True,False,wall,30.0,17.0,-10.0
1262,68811,15.0,1,25,0.477399,0.4755,True,False,wall,10.0,15.0,-10.0
1263,68894,51.0,3,83,0.477003,0.5593,True,False,body,30.0,31.0,-10.0
1264,68919,20.0,2,25,0.476883,0.4392,True,False,wall,20.0,10.0,-10.0
1265,68944,33.0,3,25,0.476764,0.5339,True,False,body,30.0,13.0,-10.0
1266,69023,68.0,4,79,0.476388,0.5567,True,False,body,40.0,38.0,-10.0
1267,69128,66.0,4,105,0.475888,0.5769,True,False,body,40.0,36.0,-10.0
1268,69197,63.0,5,69,0.475559,0.531,True,False,wall,50.0,23.0,-10.0
1269,69228,43.0,3,31,0.475412,0.5226,True,False,body,30.0,23.0,-10.0
1270,69306,70.0,5,78,0.475041,0.5492,True,False,body,50.0,30.0,-10.0
1271,69368,65.0,4,62,0.474747,0.6022,True,False,wall,40.0,35.0,-10.0
1272,69441,76.0,4,73,0.474401,0.7113,True,False,body,40.0,46.0,-10.0
1273,69493,32.0,3,52,0.474154,0.7754,True,False,body,30.0,12.0,-10.0
1274,69564,43.0,3,71,0.473817,0.6497,True,False,body,30.0,23.0,-10.0
1275,69621,62.0,4,57,0.473547,0.6936,True,False,wall,40.0,32.0,-10.0
1276,69696,54.0,4,75,0.473192,0.6787,True,False,body,40.0,24.0,-10.0
1277,69723,33.0,3,27,0.473065,0.6656,True,False,body,30.0,13.0,-10.0
1278,69813,62.0,3,90,0.472639,0.7865,True,False,wall,30.0,42.0,-10.0
1279,69847,20.0,1,34,0.472478,0.7097,True,False,wall,10.0,20.0,-10.0
1280,69905,48.0,3,58,0.472204,0.5918,True,False,body,30.0,28.0,-10.0
1281,69940,37.0,3,35,0.472039,0.4972,True,False,body,30.0,17.0,-10.0
1282,69963,11.0,1,23,0.471931,0.645,True,False,wall,10.0,11.0,-10.0
1283,69984,11.0,1,21,0.471832,0.5911,True,False,wall,10.0,11.0,-10.0
1284,69996,10.0,1,12,0.471775,0.7527,True,False,wall,10.0,10.0,-10.0
1285,70067,53.0,3,71,0.47144,0.7967,True,False,body,30.0,33.0,-10.0
1286,70164,108.0,6,97,0.470983,0.7503,True,False,body,60.0,58.0,-10.0
1287,70234,46.0,3,70,0.470653,0.6427,True,False,body,30.0,26.0,-10.0
1288,70264,19.0,2,30,0.470512,0.5887,True,False,wall,20.0,9.0,-10.0
1289,70286,-1.0,0,22,0.470409,0.5896,True,False,wall,0.0,9.0,-10.0
1290,70416,145.0,8,130,0.469798,0.5039,True,False,wall,80.0,75.0,-10.0
1291,70482,62.0,5,66,0.469488,0.6162,True,False,body,50.0,22.0,-10.0
1292,70495,-6.0,0,13,0.469427,0.4843,True,False,wall,0.0,4.0,-10.0
1293,70584,74.0,4,89,0.469009,0.5822,True,False,wall,40.0,44.0,-10.0
1294,70680,130.0,9,96,0.468559,0.6107,True,False,body,90.0,50.0,-10.0
1295,70718,48.0,3,38,0.468381,0.5955,True,False,wall,30.0,28.0,-10.0
1296,70792,56.0,3,74,0.468034,0.616,True,False,wall,30.0,36.0,-10.0
1297,70804,-5.0,0,12,0.467978,0.6434,True,False,wall,0.0,5.0,-10.0
1298,70823,29.0,3,19,0.467889,0.6295,True,False,wall,30.0,9.0,-10.0
1299,70868,36.0,2,45,0.467679,0.528,True,False,wall,20.0,26.0,-10.0
1300,70956,63.0,4,88,0.467268,0.565,True,False,body,40.0,33.0,-10.0
1301,70992,36.0,3,36,0.467099,0.5143,True,False,body,30.0,16.0,-10.0
1302,71079,70.0,4,87,0.466693,0.5296,True,False,body,40.0,40.0,-10.0
1303,71098,11.0,1,19,0.466604,0.6156,True,False,wall,10.0,11.0,-10.0
1304,71142,35.0,2,44,0.466399,0.5362,True,False,wall,20.0,25.0,-10.0
1305,71209,47.0,3,67,0.466087,0.6429,True,False,wall,30.0,27.0,-10.0
1306,71303,66.0,3,94,0.465649,0.6484,True,False,wall,30.0,46.0,-10.0
1307,71349,68.0,5,46,0.465435,0.7649,True,False,wall,50.0,28.0,-10.0
1308,71400,41.0,3,51,0.465197,0.8711,True,False,wall,30.0,21.0,-10.0
1309,71418,21.0,2,18,0.465114,0.6902,True,False,wall,20.0,11.0,-10.0
1310,71456,38.0,3,38,0.464937,0.6127,True,False,body,30.0,18.0,-10.0
1311,71533,69.0,5,77,0.464579,0.5607,True,False,body,50.0,29.0,-10.0
1312,71555,10.0,1,22,0.464477,0.5444,True,False,wall,10.0,10.0,-10.0
1313,71601,33.0,2,46,0.464263,0.5537,True,False,wall,20.0,23.0,-10.0
1314,71702,70.0,4,101,0.463795,0.5779,True,False,body,40.0,40.0,-10.0
1315,71721,-2.0,0,19,0.463707,0.5979,True,False,wall,0.0,8.0,-10.0
1316,71760,54.0,4,39,0.463526,0.6151,True,False,body,40.0,24.0,-10.0
1317,71858,88.0,5,98,0.463072,0.6379,True,False,body,50.0,48.0,-10.0
1318,71879,11.0,1,21,0.462975,0.6009,True,False,wall,10.0,11.0,-10.0
1319,71967,88.0,5,88,0.462567,0.6352,True,False,wall,50.0,48.0,-10.0
1320,72068,113.0,5,101,0.4621,0.7589,True,False,body,50.0,73.0,-10.0
1321,72085,-10.0,0,17,0.462022,0.5568,True,False,wall,0.0,0.0,-10.0
1322,72161,82.0,5,76,0.461671,0.6246,True,False,wall,50.0,42.0,-10.0
1323,72239,57.0,4,78,0.461311,0.6015,True,False,body,40.0,27.0,-10.0
1324,72302,53.0,3,63,0.46102,0.6251,True,False,body,30.0,33.0,-10.0
1325,72395,56.0,4,93,0.460592,0.5746,True,False,body,40.0,26.0,-10.0
1326,72430,35.0,3,35,0.460431,0.5481,True,False,wall,30.0,15.0,-10.0
1327,72472,40.0,3,42,0.460237,0.6748,True,False,wall,30.0,20.0,-10.0
1328,72484,10.0,1,12,0.460182,0.5949,True,False,wall,10.0,10.0,-10.0
1329,72515,11.0,1,31,0.460039,0.7063,True,False,wall,10.0,11.0,-10.0
1330,72593,83.0,6,78,0.459681,0.7415,True,False,body,60.0,33.0,-10.0
1331,72608,20.0,2,15,0.459612,0.6645,True,False,wall,20.0,10.0,-10.0
1332,72675,66.0,4,67,0.459304,0.6955,True,False,body,40.0,36.0,-10.0
1333,72722,37.0,3,47,0.459088,0.6642,True,False,body,30.0,17.0,-10.0
1334,72754,10.0,1,32,0.458941,0.6834,True,False,wall,10.0,10.0,-10.0
1335,72770,12.0,1,16,0.458868,0.6003,True,False,wall,10.0,12.0,-10.0
1336,72841,36.0,2,71,0.458542,0.7198,True,False,wall,20.0,26.0,-10.0
1337,72889,48.0,3,48,0.458322,0.6521,True,False,wall,30.0,28.0,-10.0
1338,72963,86.0,5,74,0.457983,0.6251,True,False,body,50.0,46.0,-10.0
1339,73055,43.0,2,92,0.457562,0.5652,True,False,wall,20.0,33.0,-10.0
1340,73134,64.0,4,79,0.4572,0.5964,True,False,body,40.0,34.0,-10.0
1341,73162,10.0,1,28,0.457072,0.637,True,False,wall,10.0,10.0,-10.0
1342,73180,10.0,1,18,0.45699,0.563,True,False,wall,10.0,10.0,-10.0
1343,73241,60.0,4,61,0.456712,0.8072,True,False,body,40.0,30.0,-10.0
1344,73309,67.0,4,68,0.456401,0.6557,True,False,body,40.0,37.0,-10.0
1345,73332,-1.0,1,23,0.456296,0.5987,True,False,wall,10.0,-1.0,-10.0
1346,73385,69.0,5,53,0.456054,0.617,True,False,body,50.0,29.0,-10.0
1347,73430,32.0,2,45,0.455849,0.6133,True,False,wall,20.0,22.0,-10.0
1348,73498,51.0,2,68,0.455539,0.6812,True,False,wall,20.0,41.0,-10.0
1349,73520,10.0,1,22,0.455439,0.6699,True,False,wall,10.0,10.0,-10.0
1350,73618,121.0,6,98,0.454993,0.6688,True,False,wall,60.0,71.0,-10.0
1351,73643,11.0,1,25,0.454879,0.7415,True,False,wall,10.0,11.0,-10.0
1352,73707,57.0,4,64,0.454588,0.6833,True,False,body,40.0,27.0,-10.0
1353,73725,-3.0,0,18,0.454506,0.6771,True,False,wall,0.0,7.0,-10.0
1354,73737,8.0,1,12,0.454452,0.4929,True,False,wall,10.0,8.0,-10.0
1355,73762,13.0,1,25,0.454338,0.6083,True,False,wall,10.0,13.0,-10.0
1356,73811,19.0,1,49,0.454116,0.6101,True,False,wall,10.0,19.0,-10.0
1357,73894,59.0,3,83,0.453739,0.5939,True,False,wall,30.0,39.0,-10.0
1358,73914,10.0,1,20,0.453648,0.6623,True,False,wall,10.0,10.0,-10.0
1359,73929,9.0,1,15,0.45358,0.5018,True,False,wall,10.0,9.0,-10.0
1360,73943,-9.0,0,14,0.453517,0.6185,True,False,wall,0.0,1.0,-10.0
1361,73983,-7.0,0,40,0.453335,0.5923,True,False,wall,0.0,3.0,-10.0
1362,74095,95.0,4,112,0.452828,0.5991,True,False,body,40.0,65.0,-10.0
1363,74146,56.0,4,51,0.452597,0.5735,True,False,body,40.0,26.0,-10.0
1364,74196,53.0,4,50,0.452371,0.6027,True,False,body,40.0,23.0,-10.0
1365,74210,6.0,1,14,0.452307,0.5598,True,False,wall,10.0,6.0,-10.0
1366,74264,57.0,4,54,0.452063,0.5615,True,False,body,40.0,27.0,-10.0
1367,74329,41.0,3,65,0.451769,0.6498,True,False,body,30.0,21.0,-10.0
1368,74379,41.0,2,50,0.451544,0.5647,True,False,wall,20.0,31.0,-10.0
1369,74395,12.0,1,16,0.451471,0.5772,True,False,wall,10.0,12.0,-10.0
1370,74450,24.0,2,55,0.451223,0.6783,True,False,wall,20.0,14.0,-10.0
1371,74534,63.0,4,84,0.450844,0.6487,True,False,body,40.0,33.0,-10.0
1372,74612,89.0,6,78,0.450493,0.6659,True,False,wall,60.0,39.0,-10.0
1373,74691,53.0,3,79,0.450137,0.6776,True,False,wall,30.0,33.0,-10.0
1374,74732,37.0,3,41,0.449952,0.5684,True,False,wall,30.0,17.0,-10.0
1375,74811,72.0,6,79,0.449597,0.5777,True,False,body,60.0,22.0,-10.0
1376,74846,9.0,1,35,0.44944,0.5327,True,False,wall,10.0,9.0,-10.0
1377,74868,16.0,1,22,0.449341,0.5865,True,False,wall,10.0,16.0,-10.0
1378,74891,9.0,1,23,0.449238,0.5511,True,False,wall,10.0,9.0,-10.0
1379,74989,65.0,4,98,0.448798,0.608,True,False,body,40.0,35.0,-10.0
1380,75023,38.0,3,34,0.448645,0.5838,True,False,body,30.0,18.0,-10.0
1381,75127,71.0,4,104,0.448179,0.681,True,False,body,40.0,41.0,-10.0
1382,75231,101.0,6,104,0.447713,0.619,True,False,body,60.0,51.0,-10.0
1383,75243,-5.0,0,12,0.447659,0.6249,True,False,wall,0.0,5.0,-10.0
1384,75295,28.0,1,52,0.447426,0.6104,True,False,wall,10.0,28.0,-10.0
1385,75351,41.0,2,56,0.447176,0.5567,True,False,wall,20.0,31.0,-10.0
1386,75397,22.0,1,46,0.44697,0.575,True,False,wall,10.0,22.0,-10.0
1387,75455,35.0,2,58,0.446711,0.6598,True,False,wall,20.0,25.0,-10.0
1388,75508,58.0,4,53,0.446474,0.5528,True,False,wall,40.0,28.0,-10.0
1389,75567,31.0,1,59,0.446211,0.6842,True,False,wall,10.0,31.0,-10.0
1390,75586,7.0,1,19,0.446126,0.6203,True,False,wall,10.0,7.0,-10.0
1391,75658,52.0,3,72,0.445805,0.6049,True,False,body,30.0,32.0,-10.0
1392,75750,85.0,4,92,0.445395,0.675,True,False,body,40.0,55.0,-10.0
1393,75791,48.0,4,41,0.445213,0.7674,True,False,wall,40.0,18.0,-10.0
1394,75803,10.0,1,12,0.445159,0.7922,True,False,wall,10.0,10.0,-10.0
1395,75842,36.0,2,39,0.444986,0.7635,True,False,wall,20.0,26.0,-10.0
1396,75886,42.0,3,44,0.44479,0.6177,True,False,wall,30.0,22.0,-10.0
1397,75953,46.0,2,67,0.444492,0.6012,True,False,wall,20.0,36.0,-10.0
1398,76027,72.0,5,74,0.444163,0.6105,True,False,body,50.0,32.0,-10.0
1399,76040,7.0,1,13,0.444105,0.5367,True,False,wall,10.0,7.0,-10.0
1400,76132,92.0,5,92,0.443697,0.5736,True,False,body,50.0,52.0,-10.0
1401,76215,55.0,3,83,0.443329,0.6615,True,False,wall,30.0,35.0,-10.0
1402,76235,1.0,0,20,0.44324,0.9506,True,False,wall,0.0,11.0,-10.0
1403,76310,56.0,4,75,0.442908,0.6452,True,False,body,40.0,26.0,-10.0
1404,76424,98.0,5,114,0.442403,0.6808,True,False,wall,50.0,58.0,-10.0
1405,76434,-1.0,0,10,0.442359,0.5577,True,False,wall,0.0,9.0,-10.0
1406,76446,6.0,1,12,0.442306,0.5222,True,False,wall,10.0,6.0,-10.0
1407,76497,54.0,4,51,0.44208,0.6184,True,False,body,40.0,24.0,-10.0
1408,76515,10.0,1,18,0.442001,0.5039,True,False,wall,10.0,10.0,-10.0
1409,76538,11.0,1,23,0.441899,0.5827,True,False,wall,10.0,11.0,-10.0
1410,76563,11.0,1,25,0.441789,0.5928,True,False,wall,10.0,11.0,-10.0
1411,76588,2.0,0,25,0.441678,0.6882,True,False,wall,0.0,12.0,-10.0
1412,76629,26.0,2,41,0.441497,0.7074,True,False,wall,20.0,16.0,-10.0
1413,76647,-1.0,0,18,0.441418,0.8862,True,False,wall,0.0,9.0,-10.0
1414,76672,11.0,1,25,0.441308,0.6714,True,False,wall,10.0,11.0,-10.0
1415,76733,51.0,3,61,0.441038,0.7165,True,False,body,30.0,31.0,-10.0
1416,76744,-2.0,0,11,0.44099,0.7392,True,False,wall,0.0,8.0,-10.0
1417,76828,58.0,3,84,0.44062,0.8371,True,False,wall,30.0,38.0,-10.0
1418,76856,12.0,1,28,0.440496,0.9093,True,False,wall,10.0,12.0,-10.0
1419,76930,69.0,4,74,0.44017,0.5784,True,False,wall,40.0,39.0,-10.0
1420,76994,44.0,3,64,0.439889,0.5708,True,False,wall,30.0,24.0,-10.0
1421,77065,44.0,4,71,0.439577,0.7818,True,False,body,40.0,14.0,-10.0
1422,77142,73.0,5,77,0.439238,0.664,True,False,body,50.0,33.0,-10.0
1423,77192,34.0,3,50,0.439019,0.8109,True,False,body,30.0,14.0,-10.0
1424,77245,62.0,4,53,0.438786,0.7009,True,False,body,40.0,32.0,-10.0
1425,77282,20.0,2,37,0.438624,0.8546,True,False,wall,20.0,10.0,-10.0
1426,77312,20.0,1,30,0.438492,0.7498,True,False,wall,10.0,20.0,-10.0
1427,77381,63.0,3,69,0.43819,0.6894,True,False,wall,30.0,43.0,-10.0
1428,77414,39.0,3,33,0.438045,0.7071,True,False,body,30.0,19.0,-10.0
1429,77437,31.0,3,23,0.437944,0.7231,True,False,wall,30.0,11.0,-10.0
1430,77540,86.0,4,103,0.437494,0.6506,True,False,body,40.0,56.0,-10.0
1431,77621,81.0,5,81,0.437139,0.5624,True,False,body,50.0,41.0,-10.0
1432,77647,16.0,1,26,0.437026,0.5795,True,False,wall,10.0,16.0,-10.0
1433,77700,58.0,4,53,0.436794,0.5217,True,False,body,40.0,28.0,-10.0
1434,77713,7.0,1,13,0.436737,0.6468,True,False,wall,10.0,7.0,-10.0
1435,77734,22.0,2,21,0.436646,0.5559,True,False,wall,20.0,12.0,-10.0
1436,77778,46.0,3,44,0.436454,0.5971,True,False,body,30.0,26.0,-10.0
1437,77798,8.0,1,20,0.436366,0.6429,True,False,wall,10.0,8.0,-10.0
1438,77848,46.0,3,50,0.436148,0.6075,True,False,body,30.0,26.0,-10.0
1439,77912,52.0,3,64,0.435869,0.5878,True,False,body,30.0,32.0,-10.0
1440,77984,22.0,1,72,0.435555,0.61,True,False,wall,10.0,22.0,-10.0
1441,78066,80.0,5,82,0.435198,0.6785,True,False,body,50.0,40.0,-10.0
1442,78122,52.0,3,56,0.434955,0.6054,True,False,body,30.0,32.0,-10.0
1443,78155,35.0,3,33,0.434811,0.6115,True,False,wall,30.0,15.0,-10.0
1444,78267,82.0,5,112,0.434325,0.6747,True,False,body,50.0,42.0,-10.0
1445,78305,49.0,4,38,0.43416,0.6618,True,False,wall,40.0,19.0,-10.0
1446,78321,-3.0,0,16,0.43409,0.5248,True,False,wall,0.0,7.0,-10.0
1447,78360,45.0,3,39,0.433921,0.6681,True,False,wall,30.0,25.0,-10.0
1448,78393,26.0,2,33,0.433778,0.6331,True,False,wall,20.0,16.0,-10.0
1449,78428,13.0,1,35,0.433626,0.6964,True,False,wall,10.0,13.0,-10.0
1450,78456,38.0,3,28,0.433504,0.6369,True,False,wall,30.0,18.0,-10.0
1451,78526,80.0,5,70,0.433201,0.78,True,False,body,50.0,40.0,-10.0
1452,78579,56.0,4,53,0.432972,0.6983,True,False,body,40.0,26.0,-10.0
1453,78658,84.0,4,79,0.43263,0.6684,True,False,body,40.0,54.0,-10.0
1454,78726,42.0,3,68,0.432336,0.6177,True,False,body,30.0,22.0,-10.0
1455,78804,55.0,4,78,0.431998,0.5303,True,False,body,40.0,25.0,-10.0
1456,78819,-2.0,0,15,0.431934,0.6508,True,False,wall,0.0,8.0,-10.0
1457,78861,32.0,3,42,0.431752,0.524,True,False,wall,30.0,12.0,-10.0
1458,78911,51.0,4,50,0.431536,0.7224,True,False,body,40.0,21.0,-10.0
1459,79006,72.0,4,95,0.431127,0.6786,True,False,body,40.0,42.0,-10.0
1460,79073,37.0,3,67,0.430838,0.5946,True,False,wall,30.0,17.0,-10.0
1461,79111,75.0,6,38,0.430674,0.5981,True,False,body,60.0,25.0,-10.0
1462,79125,-1.0,0,14,0.430614,0.7066,True,False,wall,0.0,9.0,-10.0
1463,79165,40.0,3,40,0.430442,0.6141,True,False,wall,30.0,20.0,-10.0
1464,79264,89.0,5,99,0.430016,0.7267,True,False,wall,50.0,49.0,-10.0
1465,79299,32.0,2,35,0.429865,0.5871,True,False,wall,20.0,22.0,-10.0
1466,79335,51.0,4,36,0.429711,0.6798,True,False,body,40.0,21.0,-10.0
1467,79398,60.0,4,63,0.42944,1.0177,True,False,body,40.0,30.0,-10.0
1468,79467,66.0,4,69,0.429144,0.8631,True,False,body,40.0,36.0,-10.0
1469,79608,145.0,9,141,0.428539,0.8393,True,False,body,90.0,65.0,-10.0
1470,79619,5.0,1,11,0.428492,0.6405,True,False,wall,10.0,5.0,-10.0
1471,79638,-4.0,0,19,0.428411,1.2307,True,False,wall,0.0,6.0,-10.0
1472,79710,50.0,3,72,0.428102,0.7218,True,False,wall,30.0,30.0,-10.0
1473,79774,74.0,5,64,0.427828,0.6878,True,False,body,50.0,34.0,-10.0
1474,79859,88.0,6,85,0.427465,0.6478,True,False,body,60.0,38.0,-10.0
1475,79916,77.0,5,57,0.427221,0.6712,True,False,wall,50.0,37.0,-10.0
1476,79993,51.0,3,77,0.426892,0.6471,True,False,body,30.0,31.0,-10.0
1477,80013,12.0,1,20,0.426807,0.5715,True,False,wall,10.0,12.0,-10.0
1478,80031,12.0,1,18,0.42673,0.765,True,False,wall,10.0,12.0,-10.0
1479,80085,48.0,3,54,0.4265,0.6613,True,False,body,30.0,28.0,-10.0
1480,80132,65.0,5,47,0.426299,0.845,True,False,body,50.0,25.0,-10.0
1481,80165,28.0,2,33,0.426159,0.7061,True,False,wall,20.0,18.0,-10.0
1482,80239,65.0,4,74,0.425844,0.5966,True,False,body,40.0,35.0,-10.0
1483,80258,7.0,1,19,0.425763,0.9903,True,False,wall,10.0,7.0,-10.0
1484,80381,61.0,3,123,0.425239,0.6988,True,False,wall,30.0,41.0,-10.0
1485,80443,52.0,3,62,0.424976,0.6741,True,False,body,30.0,32.0,-10.0
1486,80503,78.0,5,60,0.424721,0.75,True,False,wall,50.0,38.0,-10.0
1487,80520,11.0,1,17,0.424649,0.6518,True,False,wall,10.0,11.0,-10.0
1488,80630,54.0,3,110,0.424182,0.639,True,False,body,30.0,34.0,-10.0
1489,80667,43.0,3,37,0.424025,0.5819,True,False,wall,30.0,23.0,-10.0
1490,80739,56.0,3,72,0.42372,0.7037,True,False,body,30.0,36.0,-10.0
1491,80821,50.0,3,82,0.423372,0.6367,True,False,body,30.0,30.0,-10.0
1492,80841,12.0,1,20,0.423288,0.7595,True,False,wall,10.0,12.0,-10.0
1493,80908,47.0,3,67,0.423004,0.5802,True,False,body,30.0,27.0,-10.0
1494,80958,70.0,5,50,0.422793,0.5367,True,False,body,50.0,30.0,-10.0
1495,81029,85.0,5,71,0.422493,0.5471,True,False,body,50.0,45.0,-10.0
1496,81059,45.0,4,30,0.422366,0.7921,True,False,body,40.0,15.0,-10.0
1497,81078,13.0,1,19,0.422286,0.6528,True,False,wall,10.0,13.0,-10.0
1498,81093,-6.0,0,15,0.422222,0.5388,True,False,wall,0.0,4.0,-10.0
1499,81117,8.0,1,24,0.422121,0.9395,True,False,wall,10.0,8.0,-10.0
1500,81159,42.0,3,42,0.421944,0.8609,True,False,body,30.0,22.0,-10.0
1501,81215,50.0,3,56,0.421708,0.7718,True,False,body,30.0,30.0,-10.0
1502,81234,13.0,1,19,0.421627,0.582,True,False,wall,10.0,13.0,-10.0
1503,81294,74.0,5,60,0.421374,0.6291,True,False,body,50.0,34.0,-10.0
1504,81376,71.0,4,82,0.421029,0.5802,True,False,body,40.0,41.0,-10.0
1505,81423,49.0,3,47,0.420831,0.5955,True,False,body,30.0,29.0,-10.0
1506,81497,67.0,4,74,0.42052,0.5933,True,False,wall,40.0,37.0,-10.0
1507,81522,22.0,2,25,0.420415,0.8269,True,False,wall,20.0,12.0,-10.0
1508,81579,58.0,4,57,0.420175,0.6752,True,False,body,40.0,28.0,-10.0
1509,81636,38.0,2,57,0.419936,0.7759,True,False,wall,20.0,28.0,-10.0
1510,81658,4.0,1,22,0.419843,1.0072,True,False,wall,10.0,4.0,-10.0
1511,81690,38.0,3,32,0.419709,0.7265,True,False,wall,30.0,18.0,-10.0
1512,81706,10.0,1,16,0.419642,0.7614,True,False,wall,10.0,10.0,-10.0
1513,81841,168.0,10,135,0.419076,0.6763,True,False,wall,100.0,78.0,-10.0
1514,81916,75.0,5,75,0.418762,0.7652,True,False,body,50.0,35.0,-10.0
1515,82027,78.0,4,111,0.418297,0.6968,True,False,body,40.0,48.0,-10.0
1516,82059,18.0,1,32,0.418163,0.51,True,False,wall,10.0,18.0,-10.0
1517,82158,74.0,4,99,0.41775,0.68,True,False,body,40.0,44.0,-10.0
1518,82248,99.0,6,90,0.417374,0.5977,True,False,wall,60.0,49.0,-10.0
1519,82263,0.0,0,15,0.417311,0.5745,True,False,wall,0.0,10.0,-10.0
1520,82295,26.0,1,32,0.417178,0.7493,True,False,wall,10.0,26.0,-10.0
1521,82339,45.0,4,44,0.416994,0.6679,True,False,body,40.0,15.0,-10.0
1522,82444,133.0,7,105,0.416556,0.633,True,False,body,70.0,73.0,-10.0
1523,82511,73.0,5,67,0.416277,0.6925,True,False,body,50.0,33.0,-10.0
1524,82626,108.0,6,115,0.415799,0.6109,True,False,body,60.0,58.0,-10.0
1525,82664,20.0,1,38,0.415641,0.6572,True,False,wall,10.0,20.0,-10.0
1526,82774,86.0,5,110,0.415184,0.7287,True,False,wall,50.0,46.0,-10.0
1527,82898,77.0,4,124,0.41467,0.7768,True,False,body,40.0,47.0,-10.0
1528,82992,41.0,2,94,0.41428,0.7351,True,False,wall,20.0,31.0,-10.0
1529,83044,48.0,3,52,0.414065,0.5705,True,False,wall,30.0,28.0,-10.0
1530,83060,10.0,1,16,0.413998,0.5699,True,False,wall,10.0,10.0,-10.0
1531,83130,55.0,4,70,0.413709,0.6954,True,False,body,40.0,25.0,-10.0
1532,83145,-4.0,0,15,0.413647,0.6381,True,False,wall,0.0,6.0,-10.0
1533,83253,110.0,7,108,0.4132,0.7735,True,False,body,70.0,50.0,-10.0
1534,83327,60.0,3,74,0.412894,0.6645,True,False,wall,30.0,40.0,-10.0
1535,83401,57.0,4,74,0.412589,0.653,True,False,wall,40.0,27.0,-10.0
1536,83457,63.0,4,56,0.412358,0.6821,True,False,body,40.0,33.0,-10.0
1537,83477,14.0,1,20,0.412276,0.6237,True,False,wall,10.0,14.0,-10.0
1538,83506,39.0,3,29,0.412156,0.7053,True,False,body,30.0,19.0,-10.0
1539,83596,92.0,5,90,0.411785,0.7684,True,False,wall,50.0,52.0,-10.0
1540,83647,32.0,2,51,0.411575,0.865,True,False,wall,20.0,22.0,-10.0
1541,83706,49.0,3,59,0.411333,0.5882,True,False,wall,30.0,29.0,-10.0
1542,83750,36.0,3,44,0.411152,0.6991,True,False,body,30.0,16.0,-10.0
1543,83904,123.0,6,154,0.410519,0.6309,True,False,body,60.0,73.0,-10.0
1544,84077,141.0,7,173,0.409809,0.6067,True,False,body,70.0,81.0,-10.0
1545,84136,76.0,6,59,0.409568,0.9138,True,False,body,60.0,26.0,-10.0
1546,84239,108.0,6,103,0.409146,0.6836,True,False,body,60.0,58.0,-10.0
1547,84304,75.0,5,65,0.40888,0.8984,True,False,body,50.0,35.0,-10.0
1548,84345,38.0,2,41,0.408713,0.6728,True,False,wall,20.0,28.0,-10.0
1549,84406,81.0,5,61,0.408463,0.7457,True,False,body,50.0,41.0,-10.0
1550,84489,73.0,5,83,0.408124,0.7558,True,False,body,50.0,33.0,-10.0
1551,84516,33.0,3,27,0.408014,0.7039,True,False,body,30.0,13.0,-10.0
1552,84555,34.0,2,39,0.407855,0.7092,True,False,wall,20.0,24.0,-10.0
1553,84642,62.0,4,87,0.4075,0.7156,True,False,body,40.0,32.0,-10.0
1554,84686,44.0,3,44,0.407321,0.7121,True,False,body,30.0,24.0,-10.0
1555,84761,75.0,5,75,0.407016,0.7546,True,False,body,50.0,35.0,-10.0
1556,84885,120.0,7,124,0.406511,0.7386,True,False,body,70.0,60.0,-10.0
1557,84921,38.0,3,36,0.406365,0.8131,True,False,wall,30.0,18.0,-10.0
1558,85005,62.0,3,84,0.406024,0.6565,True,False,body,30.0,42.0,-10.0
1559,85066,62.0,4,61,0.405776,0.6962,True,False,wall,40.0,32.0,-10.0
1560,85139,51.0,3,73,0.40548,0.6758,True,False,body,30.0,31.0,-10.0
1561,85211,60.0,3,72,0.405188,0.6637,True,False,body,30.0,40.0,-10.0
1562,85287,63.0,4,76,0.404881,0.5697,True,False,body,40.0,33.0,-10.0
1563,85365,80.0,5,78,0.404565,0.6149,True,False,wall,50.0,40.0,-10.0
1564,85383,23.0,2,18,0.404492,0.7809,True,False,wall,20.0,13.0,-10.0
1565,85449,60.0,3,66,0.404225,0.611,True,False,body,30.0,40.0,-10.0
1566,85459,-3.0,0,10,0.404185,0.6446,True,False,wall,0.0,7.0,-10.0
1567,85552,76.0,4,93,0.403809,0.6905,True,False,body,40.0,46.0,-10.0
1568,85659,93.0,5,107,0.403377,0.6332,True,False,body,50.0,53.0,-10.0
1569,85719,44.0,3,60,0.403135,0.6213,True,False,body,30.0,24.0,-10.0
1570,85783,58.0,3,64,0.402877,0.6075,True,False,wall,30.0,38.0,-10.0
1571,85809,19.0,2,26,0.402773,0.6597,True,False,wall,20.0,9.0,-10.0
1572,85859,38.0,3,50,0.402571,0.5983,True,False,body,30.0,18.0,-10.0
1573,85930,58.0,4,71,0.402285,0.7358,True,False,body,40.0,28.0,-10.0
1574,85962,23.0,2,32,0.402157,0.6813,True,False,wall,20.0,13.0,-10.0
1575,85991,34.0,2,29,0.40204,0.6233,True,False,wall,20.0,24.0,-10.0
1576,86055,91.0,6,64,0.401783,0.7488,True,False,body,60.0,41.0,-10.0
1577,86076,24.0,2,21,0.401699,0.9559,True,False,wall,20.0,14.0,-10.0
1578,86194,110.0,7,118,0.401225,0.756,True,False,body,70.0,50.0,-10.0
1579,86277,72.0,4,83,0.400892,0.69,True,False,wall,40.0,42.0,-10.0
1580,86312,17.0,1,35,0.400752,0.683,True,False,wall,10.0,17.0,-10.0
1581,86337,17.0,1,25,0.400652,0.831,True,False,wall,10.0,17.0,-10.0
1582,86381,53.0,4,44,0.400475,0.7815,True,False,body,40.0,23.0,-10.0
1583,86468,96.0,6,87,0.400127,0.8775,True,False,body,60.0,46.0,-10.0
1584,86527,60.0,4,59,0.399891,0.7755,True,False,body,40.0,30.0,-10.0
1585,86581,58.0,3,54,0.399675,0.8113,True,False,body,30.0,38.0,-10.0
1586,86619,24.0,1,38,0.399523,0.7175,True,False,wall,10.0,24.0,-10.0
1587,86659,42.0,3,40,0.399363,0.7807,True,False,body,30.0,22.0,-10.0
1588,86755,112.0,7,96,0.39898,0.8295,True,False,body,70.0,52.0,-10.0
1589,86798,54.0,4,43,0.398809,0.5937,True,False,body,40.0,24.0,-10.0
1590,86939,171.0,9,141,0.398247,0.635,True,False,body,90.0,91.0,-10.0
1591,87014,87.0,5,75,0.397948,0.7478,True,False,wall,50.0,47.0,-10.0
1592,87097,44.0,2,83,0.397618,0.6166,True,False,wall,20.0,34.0,-10.0
1593,87162,49.0,3,65,0.39736,0.6095,True,False,body,30.0,29.0,-10.0
1594,87188,12.0,1,26,0.397256,0.8418,True,False,wall,10.0,12.0,-10.0
1595,87225,35.0,3,37,0.397109,0.6834,True,False,body,30.0,15.0,-10.0
1596,87250,22.0,2,25,0.39701,0.5683,True,False,wall,20.0,12.0,-10.0
1597,87312,52.0,3,62,0.396764,0.6451,True,False,wall,30.0,32.0,-10.0
1598,87366,33.0,2,54,0.39655,0.5882,True,False,wall,20.0,23.0,-10.0
1599,87400,49.0,4,34,0.396415,0.6127,True,False,body,40.0,19.0,-10.0
1600,87443,32.0,2,43,0.396245,0.5713,True,False,wall,20.0,22.0,-10.0
1601,87454,7.0,1,11,0.396201,0.556,True,False,wall,10.0,7.0,-10.0
1602,87523,60.0,4,69,0.395928,0.926,True,False,body,40.0,30.0,-10.0
1603,87581,54.0,3,58,0.395698,0.6795,True,False,wall,30.0,34.0,-10.0
1604,87604,22.0,2,23,0.395607,0.5584,True,False,wall,20.0,12.0,-10.0
1605,87661,35.0,1,57,0.395382,0.7137,True,False,wall,10.0,35.0,-10.0
1606,87684,-8.0,0,23,0.395291,0.667,True,False,wall,0.0,2.0,-10.0
1607,87721,41.0,3,37,0.395145,0.6678,True,False,body,30.0,21.0,-10.0
1608,87772,51.0,3,51,0.394943,0.7394,True,False,body,30.0,31.0,-10.0
1609,87853,74.0,4,81,0.394623,0.6998,True,False,wall,40.0,44.0,-10.0
1610,87890,35.0,3,37,0.394477,0.7741,True,False,body,30.0,15.0,-10.0
1611,87931,30.0,2,41,0.394316,0.6079,True,False,wall,20.0,20.0,-10.0
1612,87953,12.0,1,22,0.394229,0.7067,True,False,wall,10.0,12.0,-10.0
1613,88032,83.0,5,79,0.393918,0.7092,True,False,wall,50.0,43.0,-10.0
1614,88141,105.0,5,109,0.393489,0.7308,True,False,wall,50.0,65.0,-10.0
1615,88187,25.0,2,46,0.393308,0.6566,True,False,wall,20.0,15.0,-10.0
1616,88232,43.0,3,45,0.393131,0.5482,True,False,body,30.0,23.0,-10.0
1617,88325,119.0,7,93,0.392765,0.6444,True,False,body,70.0,59.0,-10.0
1618,88351,20.0,1,26,0.392663,0.6099,True,False,wall,10.0,20.0,-10.0
1619,88391,31.0,2,40,0.392506,0.5703,True,False,wall,20.0,21.0,-10.0
1620,88502,83.0,5,111,0.392071,0.5942,True,False,body,50.0,43.0,-10.0
1621,88518,26.0,3,16,0.392008,0.5691,True,False,body,30.0,6.0,-10.0
1622,88539,13.0,1,21,0.391926,0.7699,True,False,wall,10.0,13.0,-10.0
1623,88643,79.0,4,104,0.391518,0.7021,True,False,body,40.0,49.0,-10.0
1624,88668,13.0,1,25,0.39142,0.6888,True,False,wall,10.0,13.0,-10.0
1625,88714,49.0,4,46,0.39124,0.6374,True,False,wall,40.0,19.0,-10.0
1626,88844,134.0,7,130,0.390732,0.6545,True,False,body,70.0,74.0,-10.0
1627,88866,14.0,1,22,0.390646,0.9246,True,False,wall,10.0,14.0,-10.0
1628,89003,150.0,8,137,0.390111,0.7174,True,False,body,80.0,80.0,-10.0
1629,89053,59.0,4,50,0.389916,0.6197,True,False,wall,40.0,29.0,-10.0
1630,89100,29.0,1,47,0.389733,0.5951,True,False,wall,10.0,29.0,-10.0
1631,89126,6.0,1,26,0.389632,0.5733,True,False,wall,10.0,6.0,-10.0
1632,89176,35.0,2,50,0.389437,0.7562,True,False,wall,20.0,25.0,-10.0
1633,89212,36.0,3,36,0.389297,0.7387,True,False,body,30.0,16.0,-10.0
1634,89275,96.0,6,63,0.389052,0.7696,True,False,body,60.0,46.0,-10.0
1635,89371,118.0,7,96,0.388678,0.7676,True,False,wall,70.0,58.0,-10.0
1636,89401,33.0,2,30,0.388562,0.6783,True,False,wall,20.0,23.0,-10.0
1637,89421,26.0,3,20,0.388484,0.5774,True,False,body,30.0,6.0,-10.0
1638,89514,92.0,6,93,0.388123,0.6281,True,False,body,60.0,42.0,-10.0
1639,89565,47.0,3,51,0.387925,0.6273,True,False,body,30.0,27.0,-10.0
1640,89677,114.0,5,112,0.387491,0.5671,True,False,body,50.0,74.0,-10.0
1641,89692,-4.0,0,15,0.387433,0.6153,True,False,wall,0.0,6.0,-10.0
1642,89715,-4.0,0,23,0.387344,0.572,True,False,wall,0.0,6.0,-10.0
1643,89834,132.0,8,119,0.386883,0.6011,True,False,body,80.0,62.0,-10.0
1644,89876,42.0,3,42,0.38672,0.6581,True,False,body,30.0,22.0,-10.0
1645,89947,66.0,4,71,0.386446,0.8444,True,False,body,40.0,36.0,-10.0
1646,89988,45.0,3,41,0.386288,0.6654,True,False,wall,30.0,25.0,-10.0
1647,90032,38.0,3,44,0.386118,0.6485,True,False,body,30.0,18.0,-10.0
1648,90111,79.0,5,79,0.385813,0.6799,True,False,body,50.0,39.0,-10.0
1649,90164,34.0,2,53,0.385608,0.8288,True,False,wall,20.0,24.0,-10.0
1650,90264,105.0,6,100,0.385223,0.8788,True,False,body,60.0,55.0,-10.0
1651,90360,76.0,5,96,0.384853,0.7381,True,False,wall,50.0,36.0,-10.0
1652,90444,84.0,5,84,0.38453,0.7281,True,False,body,50.0,44.0,-10.0
1653,90559,95.0,5,115,0.384088,0.6946,True,False,body,50.0,55.0,-10.0
1654,90588,11.0,1,29,0.383977,0.6709,True,False,wall,10.0,11.0,-10.0
1655,90605,9.0,1,17,0.383911,0.5845,True,False,wall,10.0,9.0,-10.0
1656,90656,50.0,4,51,0.383716,0.684,True,False,body,40.0,20.0,-10.0
1657,90694,29.0,2,38,0.38357,0.841,True,False,wall,20.0,19.0,-10.0
1658,90764,82.0,5,70,0.383302,0.7363,True,False,body,50.0,42.0,-10.0
1659,90779,2.0,0,15,0.383244,1.14,True,False,wall,0.0,12.0,-10.0
1660,90850,78.0,4,71,0.382972,0.6928,True,False,wall,40.0,48.0,-10.0
1661,90895,40.0,2,45,0.3828,0.6993,True,False,wall,20.0,30.0,-10.0
1662,90973,65.0,4,78,0.382501,0.6965,True,False,body,40.0,35.0,-10.0
1663,91008,32.0,2,35,0.382367,0.7625,True,False,wall,20.0,22.0,-10.0
1664,91052,23.0,2,44,0.382199,0.6224,True,False,wall,20.0,13.0,-10.0
1665,91140,80.0,5,88,0.381863,0.7158,True,False,wall,50.0,40.0,-10.0
1666,91223,55.0,3,83,0.381546,0.6514,True,False,body,30.0,35.0,-10.0
1667,91351,130.0,7,128,0.381058,0.6731,True,False,body,70.0,70.0,-10.0
1668,91506,191.0,11,155,0.380468,0.7468,True,False,wall,110.0,91.0,-10.0
1669,91578,85.0,6,72,0.380194,0.6364,True,False,body,60.0,35.0,-10.0
1670,91651,66.0,4,73,0.379917,0.7333,True,False,body,40.0,36.0,-10.0
1671,91668,-2.0,0,17,0.379852,0.9881,True,False,wall,0.0,8.0,-10.0
1672,91712,46.0,3,44,0.379685,0.7151,True,False,body,30.0,26.0,-10.0
1673,91744,21.0,2,32,0.379564,1.0049,True,False,wall,20.0,11.0,-10.0
1674,91791,43.0,3,47,0.379385,0.6793,True,False,body,30.0,23.0,-10.0
1675,91826,22.0,2,35,0.379252,0.5774,True,False,wall,20.0,12.0,-10.0
1676,91861,43.0,3,35,0.37912,0.6402,True,False,wall,30.0,23.0,-10.0
1677,92049,211.0,10,188,0.378408,0.6977,True,False,wall,100.0,121.0,-10.0
1678,92097,42.0,3,48,0.378226,0.8411,True,False,body,30.0,22.0,-10.0
1679,92215,131.0,8,118,0.37778,0.6888,True,False,body,80.0,61.0,-10.0
1680,92308,81.0,5,93,0.377429,0.5814,True,False,body,50.0,41.0,-10.0
1681,92379,77.0,5,71,0.377161,0.7477,True,False,body,50.0,37.0,-10.0
1682,92449,61.0,4,70,0.376897,0.6187,True,False,body,40.0,31.0,-10.0
1683,92468,2.0,0,19,0.376825,0.6831,True,False,wall,0.0,12.0,-10.0
1684,92505,43.0,3,37,0.376686,1.0303,True,False,wall,30.0,23.0,-10.0
1685,92530,0.0,0,25,0.376592,0.6361,True,False,wall,0.0,10.0,-10.0
1686,92600,86.0,5,70,0.376328,0.7284,True,False,body,50.0,46.0,-10.0
1687,92614,12.0,1,14,0.376276,0.4796,True,False,wall,10.0,12.0,-10.0
1688,92689,85.0,5,75,0.375994,0.7469,True,False,body,50.0,45.0,-10.0
1689,92737,59.0,4,48,0.375813,0.6442,True,False,body,40.0,29.0,-10.0
1690,92781,55.0,4,44,0.375648,0.6847,True,False,body,40.0,25.0,-10.0
1691,92816,19.0,1,35,0.375516,0.7687,True,False,wall,10.0,19.0,-10.0
1692,92875,47.0,3,59,0.375295,0.9176,True,False,body,30.0,27.0,-10.0
1693,92895,18.0,1,20,0.37522,0.8879,True,False,wall,10.0,18.0,-10.0
1694,92929,44.0,3,34,0.375092,0.6174,True,False,body,30.0,24.0,-10.0
1695,93028,110.0,6,99,0.374721,0.7748,True,False,wall,60.0,60.0,-10.0
1696,93100,52.0,3,72,0.374451,0.7851,True,False,wall,30.0,32.0,-10.0
1697,93161,47.0,3,61,0.374223,0.7559,True,False,wall,30.0,27.0,-10.0
1698,93244,104.0,6,83,0.373913,0.7214,True,False,wall,60.0,54.0,-10.0
1699,93256,10.0,1,12,0.373868,0.5869,True,False,wall,10.0,10.0,-10.0
1700,93316,89.0,6,60,0.373643,0.7685,True,False,wall,60.0,39.0,-10.0
1701,93379,64.0,4,63,0.373408,0.6399,True,False,wall,40.0,34.0,-10.0
1702,93435,48.0,3,56,0.373199,0.5311,True,False,body,30.0,28.0,-10.0
1703,93461,25.0,2,26,0.373102,0.7608,True,False,wall,20.0,15.0,-10.0
1704,93528,62.0,4,67,0.372852,0.655,True,False,wall,40.0,32.0,-10.0
1705,93547,29.0,3,19,0.372781,0.6655,True,False,body,30.0,9.0,-10.0
1706,93638,92.0,6,91,0.372442,0.6726,True,False,body,60.0,42.0,-10.0
1707,93742,124.0,7,104,0.372055,0.6269,True,False,body,70.0,64.0,-10.0
1708,93801,66.0,4,59,0.371836,0.6359,True,False,wall,40.0,36.0,-10.0
1709,93816,9.0,1,15,0.37178,0.5954,True,False,wall,10.0,9.0,-10.0
1710,93838,3.0,0,22,0.371698,0.7172,True,False,wall,0.0,13.0,-10.0
1711,93904,59.0,4,66,0.371453,0.622,True,False,body,40.0,29.0,-10.0
1712,93970,72.0,5,66,0.371208,0.598,True,False,wall,50.0,32.0,-10.0
1713,94010,44.0,3,40,0.371059,0.6149,True,False,body,30.0,24.0,-10.0
1714,94180,170.0,9,170,0.370429,0.7199,True,False,body,90.0,90.0,-10.0
1715,94276,121.0,6,96,0.370074,0.7349,True,False,wall,60.0,71.0,-10.0
1716,94388,93.0,6,112,0.369659,0.6727,True,False,body,60.0,43.0,-10.0
1717,94402,12.0,1,14,0.369608,0.7609,True,False,wall,10.0,12.0,-10.0
1718,94422,23.0,2,20,0.369534,0.75,True,False,wall,20.0,13.0,-10.0
1719,94436,8.0,1,14,0.369482,0.5669,True,False,wall,10.0,8.0,-10.0
1720,94564,117.0,6,128,0.369009,0.6942,True,False,body,60.0,67.0,-10.0
1721,94674,92.0,5,110,0.368604,0.5892,True,False,wall,50.0,52.0,-10.0
1722,94686,8.0,1,12,0.368559,0.735,True,False,wall,10.0,8.0,-10.0
1723,94729,39.0,3,43,0.368401,0.7509,True,False,body,30.0,19.0,-10.0
1724,94769,44.0,3,40,0.368254,0.7092,True,False,body,30.0,24.0,-10.0
1725,94786,9.0,1,17,0.368191,0.5733,True,False,wall,10.0,9.0,-10.0
1726,94795,1.0,1,9,0.368158,0.8087,True,False,wall,10.0,1.0,-10.0
1727,94830,30.0,2,35,0.368029,0.6729,True,False,wall,20.0,20.0,-10.0
1728,94924,94.0,5,94,0.367683,0.6499,True,False,body,50.0,54.0,-10.0
1729,94941,2.0,0,17,0.367621,0.5395,True,False,wall,0.0,12.0,-10.0
1730,94961,10.0,1,20,0.367547,0.5631,True,False,wall,10.0,10.0,-10.0
1731,95098,150.0,8,137,0.367044,0.7336,True,False,wall,80.0,80.0,-10.0
1732,95159,90.0,6,61,0.36682,0.6659,True,False,body,60.0,40.0,-10.0
1733,95207,24.0,1,48,0.366644,0.697,True,False,wall,10.0,24.0,-10.0
1734,95254,45.0,3,47,0.366472,0.6395,True,False,wall,30.0,25.0,-10.0
1735,95357,82.0,4,103,0.366095,0.694,True,False,body,40.0,52.0,-10.0
1736,95416,72.0,4,59,0.365879,0.6921,True,False,wall,40.0,42.0,-10.0
1737,95465,43.0,3,49,0.3657,0.6524,True,False,body,30.0,23.0,-10.0
1738,95526,62.0,4,61,0.365477,0.6225,True,False,wall,40.0,32.0,-10.0
1739,95579,86.0,6,53,0.365283,0.7562,True,False,body,60.0,36.0,-10.0
1740,95666,61.0,3,87,0.364965,0.7557,True,False,body,30.0,41.0,-10.0
1741,95747,104.0,6,81,0.36467,0.7006,True,False,body,60.0,54.0,-10.0
1742,95764,13.0,1,17,0.364608,0.7976,True,False,wall,10.0,13.0,-10.0
1743,95832,87.0,6,68,0.36436,0.8824,True,False,wall,60.0,37.0,-10.0
1744,95856,8.0,1,24,0.364272,0.7459,True,False,wall,10.0,8.0,-10.0
1745,95888,31.0,2,32,0.364156,0.7503,True,False,wall,20.0,21.0,-10.0
1746,96014,160.0,9,126,0.363697,0.6619,True,False,body,90.0,80.0,-10.0
1747,96055,54.0,4,41,0.363548,0.6757,True,False,wall,40.0,24.0,-10.0
1748,96070,9.0,1,15,0.363494,0.8627,True,False,wall,10.0,9.0,-10.0
1749,96138,75.0,4,68,0.363247,0.6512,True,False,wall,40.0,45.0,-10.0
1750,96235,77.0,3,97,0.362894,0.6091,True,False,wall,30.0,57.0,-10.0
1751,96268,34.0,2,33,0.362775,0.6009,True,False,wall,20.0,24.0,-10.0
1752,96304,55.0,4,36,0.362644,0.7353,True,False,wall,40.0,25.0,-10.0
1753,96333,37.0,3,29,0.362539,0.6621,True,False,body,30.0,17.0,-10.0
1754,96409,87.0,6,76,0.362264,0.6668,True,False,wall,60.0,37.0,-10.0
1755,96455,60.0,5,46,0.362097,0.727,True,False,body,50.0,20.0,-10.0
1756,96531,72.0,5,76,0.361822,0.6766,True,False,body,50.0,32.0,-10.0
1757,96607,59.0,4,76,0.361547,0.6952,True,False,body,40.0,29.0,-10.0
1758,96688,58.0,4,81,0.361254,0.6665,True,False,wall,40.0,28.0,-10.0
1759,96712,29.0,2,24,0.361168,0.6216,True,False,wall,20.0,19.0,-10.0
1760,96767,45.0,3,55,0.360969,0.899,True,False,body,30.0,25.0,-10.0
1761,96812,32.0,2,45,0.360807,0.6947,True,False,wall,20.0,22.0,-10.0
1762,96852,38.0,3,40,0.360662,0.7139,True,False,body,30.0,18.0,-10.0
1763,96867,2.0,0,15,0.360608,0.6861,True,False,wall,0.0,12.0,-10.0
1764,96906,45.0,3,39,0.360468,0.6774,True,False,body,30.0,25.0,-10.0
1765,96920,4.0,1,14,0.360417,0.61,True,False,wall,10.0,4.0,-10.0
1766,96938,28.0,3,18,0.360352,0.5795,True,False,wall,30.0,8.0,-10.0
1767,97002,61.0,4,64,0.360122,0.7019,True,False,wall,40.0,31.0,-10.0
1768,97143,154.0,8,141,0.359614,0.6305,True,False,body,80.0,84.0,-10.0
1769,97200,51.0,3,57,0.359409,0.698,True,False,body,30.0,31.0,-10.0
1770,97227,33.0,3,27,0.359312,0.942,True,False,wall,30.0,13.0,-10.0
1771,97258,30.0,2,31,0.359201,0.7148,True,False,wall,20.0,20.0,-10.0
1772,97279,9.0,1,21,0.359126,0.706,True,False,wall,10.0,9.0,-10.0
1773,97296,0.0,0,17,0.359064,0.6488,True,False,wall,0.0,10.0,-10.0
1774,97341,39.0,3,45,0.358903,0.6983,True,False,wall,30.0,19.0,-10.0
1775,97379,42.0,3,38,0.358767,0.8154,True,False,body,30.0,22.0,-10.0
1776,97430,45.0,3,51,0.358584,0.6565,True,False,body,30.0,25.0,-10.0
1777,97530,123.0,6,100,0.358225,0.673,True,False,wall,60.0,73.0,-10.0
1778,97541,27.0,3,11,0.358186,0.7136,True,False,body,30.0,7.0,-10.0
1779,97578,41.0,3,37,0.358053,0.5832,True,False,body,30.0,21.0,-10.0
1780,97606,23.0,2,28,0.357953,0.5759,True,False,wall,20.0,13.0,-10.0
1781,97629,26.0,2,23,0.357871,0.6108,True,False,wall,20.0,16.0,-10.0
1782,97738,140.0,8,109,0.357481,0.6542,True,False,wall,80.0,70.0,-10.0
1783,97787,42.0,2,49,0.357306,0.6359,True,False,wall,20.0,32.0,-10.0
1784,97830,44.0,4,43,0.357152,0.6142,True,False,body,40.0,14.0,-10.0
1785,97875,60.0,4,45,0.356992,0.6938,True,False,body,40.0,30.0,-10.0
1786,97902,26.0,2,27,0.356895,0.7332,True,False,wall,20.0,16.0,-10.0
1787,98044,128.0,7,142,0.356389,0.6713,True,False,wall,70.0,68.0,-10.0
1788,98086,39.0,2,42,0.356239,0.7385,True,False,wall,20.0,29.0,-10.0
1789,98218,148.0,9,132,0.355769,0.754,True,False,body,90.0,68.0,-10.0
1790,98276,70.0,5,58,0.355563,0.6767,True,False,body,50.0,30.0,-10.0
1791,98341,43.0,3,65,0.355332,0.6809,True,False,body,30.0,23.0,-10.0
1792,98383,46.0,3,42,0.355183,0.655,True,False,body,30.0,26.0,-10.0
1793,98398,2.0,0,15,0.355129,0.6296,True,False,wall,0.0,12.0,-10.0
1794,98450,57.0,4,52,0.354945,0.7868,True,False,body,40.0,27.0,-10.0
1795,98461,-2.0,0,11,0.354906,0.734,True,False,wall,0.0,8.0,-10.0
1796,98586,89.0,5,125,0.354462,0.6873,True,False,body,50.0,49.0,-10.0
1797,98690,87.0,4,104,0.354094,0.766,True,False,wall,40.0,57.0,-10.0
1798,98732,47.0,4,42,0.353945,0.647,True,False,body,40.0,17.0,-10.0
1799,98780,53.0,4,48,0.353775,0.7265,True,False,body,40.0,23.0,-10.0
1800,98840,61.0,4,60,0.353563,0.7595,True,False,body,40.0,31.0,-10.0
1801,98884,48.0,3,44,0.353408,0.6314,True,False,body,30.0,28.0,-10.0
1802,99018,149.0,8,134,0.352934,0.627,True,False,wall,80.0,79.0,-10.0
1803,99083,73.0,5,65,0.352705,0.6683,True,False,body,50.0,33.0,-10.0
1804,99171,90.0,5,88,0.352395,0.8726,True,False,body,50.0,50.0,-10.0
1805,99333,178.0,9,162,0.351824,0.6971,True,False,body,90.0,98.0,-10.0
1806,99354,24.0,2,21,0.35175,0.7418,True,False,wall,20.0,14.0,-10.0
1807,99444,73.0,4,90,0.351434,0.6951,True,False,wall,40.0,43.0,-10.0
1808,99457,0.0,0,13,0.351388,0.7097,True,False,wall,0.0,10.0,-10.0
1809,99485,29.0,2,28,0.35129,0.5946,True,False,wall,20.0,19.0,-10.0
1810,99584,132.0,8,99,0.350942,0.6569,True,False,body,80.0,62.0,-10.0
1811,99620,27.0,2,36,0.350816,0.9788,True,False,wall,20.0,17.0,-10.0
1812,99651,21.0,1,31,0.350707,0.675,True,False,wall,10.0,21.0,-10.0
1813,99686,27.0,1,35,0.350585,0.5838,True,False,wall,10.0,27.0,-10.0
1814,99765,63.0,3,79,0.350308,0.6541,True,False,body,30.0,43.0,-10.0
1815,99858,98.0,4,93,0.349982,0.7418,True,False,wall,40.0,68.0,-10.0
1816,99933,68.0,4,75,0.34972,0.6678,True,False,wall,40.0,38.0,-10.0
1817,100000,81.0,4,67,0.349485,0.8384,False,False,budget_cutoff,40.0,41.0,0.0
