episode,env_steps_total,episode_reward,score,survival_steps,epsilon,loss_mean,terminated,truncated,death_reason,fruit_reward_sum,distance_shaping_reward_sum,death_penalty_sum
0,31,-8.0,0,31,0.949651,0.0,True,False,wall,0.0,2.0,-10.0
1,150,26.0,2,119,0.948314,0.0,True,False,wall,20.0,16.0,-10.0
2,194,-15.0,0,44,0.94782,0.0,True,False,wall,0.0,-5.0,-10.0
3,220,-17.0,0,26,0.947528,0.0,True,False,wall,0.0,-7.0,-10.0
4,276,-7.0,0,56,0.9469,0.0,True,False,wall,0.0,3.0,-10.0
5,322,6.0,1,46,0.946385,0.0,True,False,wall,10.0,6.0,-10.0
6,385,-8.0,0,63,0.945679,0.0,True,False,wall,0.0,2.0,-10.0
7,417,-21.0,0,32,0.945321,0.0,True,False,wall,0.0,-11.0,-10.0
8,446,-24.0,0,29,0.944996,0.0,True,False,wall,0.0,-14.0,-10.0
9,457,-12.0,0,11,0.944873,0.0,True,False,wall,0.0,-2.0,-10.0
10,498,-8.0,0,41,0.944415,0.0,True,False,wall,0.0,2.0,-10.0
11,538,-5.0,0,40,0.943968,0.0,True,False,wall,0.0,5.0,-10.0
12,583,-16.0,0,45,0.943465,0.0,True,False,wall,0.0,-6.0,-10.0
13,634,-20.0,0,51,0.942896,0.0,True,False,wall,0.0,-10.0,-10.0
14,710,-17.0,0,76,0.942048,0.0,True,False,wall,0.0,-7.0,-10.0
15,878,-19.0,0,168,0.940177,0.0,True,False,wall,0.0,-9.0,-10.0
16,912,-13.0,0,34,0.939798,0.0,True,False,wall,0.0,-3.0,-10.0
17,978,-5.0,0,66,0.939064,0.0,True,False,wall,0.0,5.0,-10.0
18,993,-20.0,0,15,0.938898,0.0,True,False,wall,0.0,-10.0,-10.0
19,1024,-16.0,0,31,0.938553,0.0,True,False,wall,0.0,-6.0,-10.0
20,1084,10.0,1,60,0.937887,0.0,True,False,wall,10.0,10.0,-10.0
21,1136,4.0,1,52,0.93731,0.0,True,False,wall,10.0,4.0,-10.0
22,1165,-4.0,0,29,0.936989,0.0,True,False,wall,0.0,6.0,-10.0
23,1182,-18.0,0,17,0.9368,0.0,True,False,wall,0.0,-8.0,-10.0
24,1235,-18.0,0,53,0.936213,0.0,True,False,wall,0.0,-8.0,-10.0
25,1271,-19.0,0,36,0.935814,0.0,True,False,wall,0.0,-9.0,-10.0
26,1322,-10.0,0,51,0.93525,0.0,True,False,wall,0.0,0.0,-10.0
27,1420,2.0,1,98,0.934166,0.0,True,False,wall,10.0,2.0,-10.0
28,1441,-22.0,0,21,0.933934,0.0,True,False,wall,0.0,-12.0,-10.0
29,1476,-4.0,0,35,0.933547,0.0,True,False,wall,0.0,6.0,-10.0
30,1494,-11.0,0,18,0.933348,0.0,True,False,wall,0.0,-1.0,-10.0
31,1590,8.0,1,96,0.932289,0.0,True,False,wall,10.0,8.0,-10.0
32,1605,-8.0,0,15,0.932124,0.0,True,False,wall,0.0,2.0,-10.0
33,1621,-3.0,0,16,0.931947,0.0,True,False,wall,0.0,7.0,-10.0
34,1646,-18.0,0,25,0.931672,0.0,True,False,wall,0.0,-8.0,-10.0
35,1664,-21.0,0,18,0.931473,0.0,True,False,wall,0.0,-11.0,-10.0
36,1676,-11.0,0,12,0.931341,0.0,True,False,wall,0.0,-1.0,-10.0
37,1725,-4.0,0,49,0.930801,0.0,True,False,wall,0.0,6.0,-10.0
38,1765,-15.0,0,40,0.930361,0.0,True,False,wall,0.0,-5.0,-10.0
39,1845,-2.0,1,80,0.929481,0.0,True,False,wall,10.0,-2.0,-10.0
40,1865,-13.0,0,20,0.929261,0.0,True,False,wall,0.0,-3.0,-10.0
41,1894,11.0,1,29,0.928943,0.0,True,False,wall,10.0,11.0,-10.0
42,1973,11.0,1,79,0.928075,0.0,True,False,wall,10.0,11.0,-10.0
43,2026,-10.0,0,53,0.927494,0.0,True,False,wall,0.0,0.0,-10.0
44,2092,-23.0,0,66,0.92677,0.0,True,False,wall,0.0,-13.0,-10.0
45,2163,-20.0,0,71,0.925992,0.0,True,False,wall,0.0,-10.0,-10.0
46,2178,-20.0,0,15,0.925828,0.0,True,False,wall,0.0,-10.0,-10.0
47,2198,-17.0,0,20,0.925609,0.0,True,False,wall,0.0,-7.0,-10.0
48,2223,5.0,1,25,0.925336,0.0,True,False,wall,10.0,5.0,-10.0
49,2264,-6.0,0,41,0.924887,0.0,True,False,wall,0.0,4.0,-10.0
50,2319,-16.0,0,55,0.924286,0.0,True,False,wall,0.0,-6.0,-10.0
51,2343,-21.0,0,24,0.924024,0.0,True,False,wall,0.0,-11.0,-10.0
52,2366,-8.0,0,23,0.923772,0.0,True,False,wall,0.0,2.0,-10.0
53,2403,-12.0,0,37,0.923368,0.0,True,False,wall,0.0,-2.0,-10.0
54,2423,-21.0,0,20,0.92315,0.0,True,False,wall,0.0,-11.0,-10.0
55,2447,0.0,1,24,0.922888,0.0,True,False,wall,10.0,0.0,-10.0
56,2477,-17.0,0,30,0.922561,0.0,True,False,wall,0.0,-7.0,-10.0
57,2521,-7.0,0,44,0.922081,0.0,True,False,wall,0.0,3.0,-10.0
58,2546,-20.0,0,25,0.921808,0.0,True,False,wall,0.0,-10.0,-10.0
59,2606,-17.0,0,60,0.921155,0.0,True,False,wall,0.0,-7.0,-10.0
60,2640,-11.0,0,34,0.920785,0.0,True,False,wall,0.0,-1.0,-10.0
61,2685,9.0,1,45,0.920295,0.0,True,False,wall,10.0,9.0,-10.0
62,2729,-21.0,0,44,0.919816,0.0,True,False,wall,0.0,-11.0,-10.0
63,2743,-7.0,0,14,0.919664,0.0,True,False,wall,0.0,3.0,-10.0
64,2772,-12.0,0,29,0.919349,0.0,True,False,wall,0.0,-2.0,-10.0
65,2867,1.0,1,95,0.918317,0.0,True,False,wall,10.0,1.0,-10.0
66,2911,-17.0,0,44,0.91784,0.0,True,False,wall,0.0,-7.0,-10.0
67,2950,-12.0,0,39,0.917417,0.0,True,False,wall,0.0,-2.0,-10.0
68,3040,-21.0,0,90,0.916442,0.0,True,False,wall,0.0,-11.0,-10.0
69,3073,-16.0,0,33,0.916084,0.0,True,False,wall,0.0,-6.0,-10.0
70,3155,0.0,1,82,0.915197,0.0,True,False,wall,10.0,0.0,-10.0
71,3199,-15.0,0,44,0.914721,0.0,True,False,wall,0.0,-5.0,-10.0
72,3258,-4.0,0,59,0.914084,0.0,True,False,wall,0.0,6.0,-10.0
73,3301,-16.0,0,43,0.913619,0.0,True,False,wall,0.0,-6.0,-10.0
74,3338,-12.0,0,37,0.91322,0.0,True,False,wall,0.0,-2.0,-10.0
75,3354,-17.0,0,16,0.913048,0.0,True,False,wall,0.0,-7.0,-10.0
76,3390,-21.0,0,36,0.912659,0.0,True,False,wall,0.0,-11.0,-10.0
77,3481,-18.0,0,91,0.911679,0.0,True,False,wall,0.0,-8.0,-10.0
78,3530,-20.0,0,49,0.911151,0.0,True,False,wall,0.0,-10.0,-10.0
79,3640,-21.0,0,110,0.909968,0.0,True,False,wall,0.0,-11.0,-10.0
80,3779,-16.0,0,139,0.908475,0.0,True,False,wall,0.0,-6.0,-10.0
81,3798,-16.0,0,19,0.908271,0.0,True,False,wall,0.0,-6.0,-10.0
82,3862,-21.0,0,64,0.907585,0.0,True,False,wall,0.0,-11.0,-10.0
83,3922,-17.0,0,60,0.906942,0.0,True,False,wall,0.0,-7.0,-10.0
84,3956,-1.0,0,34,0.906577,0.0,True,False,wall,0.0,9.0,-10.0
85,3985,-16.0,0,29,0.906267,0.0,True,False,wall,0.0,-6.0,-10.0
86,4063,-15.0,0,78,0.905433,0.0,True,False,wall,0.0,-5.0,-10.0
87,4226,-24.0,0,163,0.903691,0.0,True,False,wall,0.0,-14.0,-10.0
88,4276,-19.0,0,50,0.903158,0.0,True,False,wall,0.0,-9.0,-10.0
89,4320,-19.0,0,44,0.902689,0.0,True,False,wall,0.0,-9.0,-10.0
90,4425,-22.0,0,105,0.90157,0.0,True,False,wall,0.0,-12.0,-10.0
91,4488,-6.0,0,63,0.9009,0.0,True,False,wall,0.0,4.0,-10.0
92,4507,-20.0,0,19,0.900698,0.0,True,False,wall,0.0,-10.0,-10.0
93,4609,-21.0,0,102,0.899614,0.0,True,False,wall,0.0,-11.0,-10.0
94,4682,-14.0,0,73,0.898839,0.0,True,False,wall,0.0,-4.0,-10.0
95,4716,-15.0,0,34,0.898479,0.0,True,False,wall,0.0,-5.0,-10.0
96,4777,-20.0,0,61,0.897832,0.0,True,False,wall,0.0,-10.0,-10.0
97,4797,-23.0,0,20,0.89762,0.0,True,False,wall,0.0,-13.0,-10.0
98,4884,-18.0,0,87,0.896699,0.0,True,False,wall,0.0,-8.0,-10.0
99,4905,-22.0,0,21,0.896476,0.0,True,False,wall,0.0,-12.0,-10.0
100,4937,-5.0,0,32,0.896138,0.0,True,False,wall,0.0,5.0,-10.0
101,5022,-6.0,0,85,0.895239,0.0,True,False,wall,0.0,4.0,-10.0
102,5052,-19.0,0,30,0.894922,0.0,True,False,wall,0.0,-9.0,-10.0
103,5091,-6.0,0,39,0.894511,0.0,True,False,wall,0.0,4.0,-10.0
104,5112,-12.0,0,21,0.894289,0.0,True,False,wall,0.0,-2.0,-10.0
105,5150,-21.0,0,38,0.893888,0.0,True,False,wall,0.0,-11.0,-10.0
106,5164,-17.0,0,14,0.89374,0.0,True,False,wall,0.0,-7.0,-10.0
107,5182,-13.0,0,18,0.89355,0.0,True,False,wall,0.0,-3.0,-10.0
108,5217,-1.0,1,35,0.893182,0.0,True,False,wall,10.0,-1.0,-10.0
109,5240,-4.0,0,23,0.892939,0.0,True,False,wall,0.0,6.0,-10.0
110,5278,-19.0,0,38,0.892539,0.0,True,False,wall,0.0,-9.0,-10.0
111,5291,-12.0,0,13,0.892402,0.0,True,False,wall,0.0,-2.0,-10.0
112,5336,-16.0,0,45,0.891928,0.0,True,False,wall,0.0,-6.0,-10.0
113,5409,-16.0,0,73,0.89116,0.0,True,False,wall,0.0,-6.0,-10.0
114,5460,-16.0,0,51,0.890624,0.0,True,False,wall,0.0,-6.0,-10.0
115,5485,-18.0,0,25,0.890362,0.0,True,False,wall,0.0,-8.0,-10.0
116,5505,-15.0,0,20,0.890152,0.0,True,False,wall,0.0,-5.0,-10.0
117,5520,-16.0,0,15,0.889994,0.0,True,False,wall,0.0,-6.0,-10.0
118,5579,-6.0,0,59,0.889375,0.0,True,False,wall,0.0,4.0,-10.0
119,5602,-12.0,0,23,0.889133,0.0,True,False,wall,0.0,-2.0,-10.0
120,5679,7.0,1,77,0.888326,0.0,True,False,wall,10.0,7.0,-10.0
121,5739,-13.0,0,60,0.887698,0.0,True,False,wall,0.0,-3.0,-10.0
122,5787,-13.0,0,48,0.887195,0.0,True,False,wall,0.0,-3.0,-10.0
123,5804,-4.0,0,17,0.887017,0.0,True,False,wall,0.0,6.0,-10.0
124,5820,-19.0,0,16,0.88685,0.0,True,False,wall,0.0,-9.0,-10.0
125,5850,-11.0,0,30,0.886536,0.0,True,False,wall,0.0,-1.0,-10.0
126,5901,-18.0,0,51,0.886003,0.0,True,False,wall,0.0,-8.0,-10.0
127,5922,-6.0,0,21,0.885784,0.0,True,False,wall,0.0,4.0,-10.0
128,5955,-22.0,0,33,0.885439,0.0,True,False,wall,0.0,-12.0,-10.0
129,6004,-6.0,0,49,0.884927,0.0,True,False,wall,0.0,4.0,-10.0
130,6045,-16.0,0,41,0.8845,0.0,True,False,wall,0.0,-6.0,-10.0
131,6088,-18.0,0,43,0.884051,0.0,True,False,wall,0.0,-8.0,-10.0
132,6244,-21.0,0,156,0.882426,0.0,True,False,wall,0.0,-11.0,-10.0
133,6322,-13.0,0,78,0.881615,0.0,True,False,wall,0.0,-3.0,-10.0
134,6441,-5.0,1,119,0.880379,0.0,True,False,wall,10.0,-5.0,-10.0
135,6474,-12.0,0,33,0.880037,0.0,True,False,wall,0.0,-2.0,-10.0
136,6491,-22.0,0,17,0.87986,0.0,True,False,wall,0.0,-12.0,-10.0
137,6505,-17.0,0,14,0.879715,0.0,True,False,wall,0.0,-7.0,-10.0
138,6557,-19.0,0,52,0.879176,0.0,True,False,wall,0.0,-9.0,-10.0
139,6584,-14.0,0,27,0.878896,0.0,True,False,wall,0.0,-4.0,-10.0
140,6630,-5.0,0,46,0.87842,0.0,True,False,wall,0.0,5.0,-10.0
141,6667,-12.0,0,37,0.878037,0.0,True,False,wall,0.0,-2.0,-10.0
142,6747,-11.0,0,80,0.877209,0.0,True,False,wall,0.0,-1.0,-10.0
143,6760,-16.0,0,13,0.877074,0.0,True,False,wall,0.0,-6.0,-10.0
144,6789,-16.0,0,29,0.876775,0.0,True,False,wall,0.0,-6.0,-10.0
145,6835,-21.0,0,46,0.876299,0.0,True,False,wall,0.0,-11.0,-10.0
146,6862,0.0,0,27,0.876021,0.0,True,False,wall,0.0,10.0,-10.0
147,6920,-2.0,1,58,0.875422,0.0,True,False,wall,10.0,-2.0,-10.0
148,6946,-11.0,0,26,0.875154,0.0,True,False,wall,0.0,-1.0,-10.0
149,7050,-19.0,0,104,0.874082,0.0,True,False,wall,0.0,-9.0,-10.0
150,7090,-15.0,0,40,0.87367,0.0,True,False,wall,0.0,-5.0,-10.0
151,7104,-11.0,0,14,0.873526,0.0,True,False,wall,0.0,-1.0,-10.0
152,7158,-23.0,0,54,0.87297,0.0,True,False,wall,0.0,-13.0,-10.0
153,7181,-6.0,0,23,0.872733,0.0,True,False,wall,0.0,4.0,-10.0
154,7230,-1.0,1,49,0.87223,0.0,True,False,wall,10.0,-1.0,-10.0
155,7241,-18.0,0,11,0.872117,0.0,True,False,wall,0.0,-8.0,-10.0
156,7337,-11.0,0,96,0.871131,0.0,True,False,wall,0.0,-1.0,-10.0
157,7349,-13.0,0,12,0.871008,0.0,True,False,wall,0.0,-3.0,-10.0
158,7370,-18.0,0,21,0.870792,0.0,True,False,wall,0.0,-8.0,-10.0
159,7407,-12.0,0,37,0.870413,0.0,True,False,wall,0.0,-2.0,-10.0
160,7444,-20.0,0,37,0.870033,0.0,True,False,wall,0.0,-10.0,-10.0
161,7460,-11.0,0,16,0.869869,0.0,True,False,wall,0.0,-1.0,-10.0
162,7558,-19.0,0,98,0.868865,0.0,True,False,wall,0.0,-9.0,-10.0
163,7590,3.0,0,32,0.868538,0.0,True,False,wall,0.0,13.0,-10.0
164,7606,-19.0,0,16,0.868374,0.0,True,False,wall,0.0,-9.0,-10.0
165,7636,-15.0,0,30,0.868067,0.0,True,False,wall,0.0,-5.0,-10.0
166,7685,-12.0,0,49,0.867567,0.0,True,False,wall,0.0,-2.0,-10.0
167,7710,3.0,1,25,0.867311,0.0,True,False,wall,10.0,3.0,-10.0
168,7754,-11.0,0,44,0.866862,0.0,True,False,wall,0.0,-1.0,-10.0
169,7808,-23.0,0,54,0.86631,0.0,True,False,wall,0.0,-13.0,-10.0
170,7836,10.0,1,28,0.866025,0.0,True,False,wall,10.0,10.0,-10.0
171,7904,-17.0,0,68,0.865331,0.0,True,False,wall,0.0,-7.0,-10.0
172,7968,-15.0,0,64,0.864679,0.0,True,False,wall,0.0,-5.0,-10.0
173,7985,-18.0,0,17,0.864506,0.0,True,False,wall,0.0,-8.0,-10.0
174,8054,7.0,1,69,0.863804,0.0,True,False,wall,10.0,7.0,-10.0
175,8138,-3.0,0,84,0.86295,0.0,True,False,wall,0.0,7.0,-10.0
176,8224,-17.0,0,86,0.862077,0.0,True,False,wall,0.0,-7.0,-10.0
177,8331,-4.0,0,107,0.860991,0.0,True,False,wall,0.0,6.0,-10.0
178,8359,8.0,1,28,0.860707,0.0,True,False,wall,10.0,8.0,-10.0
179,8379,-15.0,0,20,0.860505,0.0,True,False,wall,0.0,-5.0,-10.0
180,8438,-22.0,0,59,0.859907,0.0,True,False,wall,0.0,-12.0,-10.0
181,8518,-19.0,0,80,0.859098,0.0,True,False,wall,0.0,-9.0,-10.0
182,8558,-13.0,0,40,0.858693,0.0,True,False,wall,0.0,-3.0,-10.0
183,8593,-12.0,0,35,0.85834,0.0,True,False,wall,0.0,-2.0,-10.0
184,8626,-8.0,0,33,0.858006,0.0,True,False,wall,0.0,2.0,-10.0
185,8649,-3.0,1,23,0.857774,0.0,True,False,wall,10.0,-3.0,-10.0
186,8678,-12.0,0,29,0.857481,0.0,True,False,wall,0.0,-2.0,-10.0
187,8700,-21.0,0,22,0.857259,0.0,True,False,wall,0.0,-11.0,-10.0
188,8792,10.0,1,92,0.856331,0.0,True,False,wall,10.0,10.0,-10.0
189,8854,-13.0,0,62,0.855707,0.0,True,False,wall,0.0,-3.0,-10.0
190,8870,-17.0,0,16,0.855546,0.0,True,False,wall,0.0,-7.0,-10.0
191,8895,-24.0,0,25,0.855294,0.0,True,False,wall,0.0,-14.0,-10.0
192,8931,-5.0,0,36,0.854932,0.0,True,False,wall,0.0,5.0,-10.0
193,8974,-20.0,0,43,0.854499,0.0,True,False,wall,0.0,-10.0,-10.0
194,9038,-17.0,0,64,0.853856,0.0,True,False,wall,0.0,-7.0,-10.0
195,9072,-17.0,0,34,0.853514,0.0,True,False,wall,0.0,-7.0,-10.0
196,9115,-4.0,0,43,0.853082,0.0,True,False,wall,0.0,6.0,-10.0
197,9135,-19.0,0,20,0.852882,0.0,True,False,wall,0.0,-9.0,-10.0
198,9233,4.0,1,98,0.851899,0.0,True,False,wall,10.0,4.0,-10.0
199,9263,-6.0,1,30,0.851598,0.0,True,False,wall,10.0,-6.0,-10.0
200,9332,-5.0,1,69,0.850907,0.0,True,False,wall,10.0,-5.0,-10.0
201,9389,-18.0,0,57,0.850336,0.0,True,False,wall,0.0,-8.0,-10.0
202,9497,-17.0,0,108,0.849257,0.0,True,False,wall,0.0,-7.0,-10.0
203,9520,-8.0,0,23,0.849027,0.0,True,False,wall,0.0,2.0,-10.0
204,9539,-12.0,0,19,0.848837,0.0,True,False,wall,0.0,-2.0,-10.0
205,9567,-19.0,0,28,0.848558,0.0,True,False,wall,0.0,-9.0,-10.0
206,9596,-1.0,1,29,0.848268,0.0,True,False,wall,10.0,-1.0,-10.0
207,9623,-14.0,0,27,0.847999,0.0,True,False,wall,0.0,-4.0,-10.0
208,9634,-20.0,0,11,0.847889,0.0,True,False,wall,0.0,-10.0,-10.0
209,9655,-14.0,0,21,0.84768,0.0,True,False,wall,0.0,-4.0,-10.0
210,9678,-6.0,0,23,0.84745,0.0,True,False,wall,0.0,4.0,-10.0
211,9796,-15.0,0,118,0.846275,0.0,True,False,wall,0.0,-5.0,-10.0
212,9851,-20.0,0,55,0.845728,0.0,True,False,wall,0.0,-10.0,-10.0
213,9901,-19.0,0,50,0.845231,0.0,True,False,wall,0.0,-9.0,-10.0
214,9913,-9.0,0,12,0.845111,0.0,True,False,wall,0.0,1.0,-10.0
215,9987,-9.0,0,74,0.844376,0.0,True,False,wall,0.0,1.0,-10.0
216,10018,-14.0,0,31,0.844069,3.1084,True,False,wall,0.0,-4.0,-10.0
217,10065,5.0,1,47,0.843602,2.9128,True,False,wall,10.0,5.0,-10.0
218,10154,-16.0,0,89,0.84272,2.1611,True,False,wall,0.0,-6.0,-10.0
219,10191,-20.0,0,37,0.842353,2.3902,True,False,wall,0.0,-10.0,-10.0
220,10224,-16.0,0,33,0.842026,4.0782,True,False,wall,0.0,-6.0,-10.0
221,10249,3.0,1,25,0.841779,5.3988,True,False,wall,10.0,3.0,-10.0
222,10269,-9.0,0,20,0.841581,5.4864,True,False,wall,0.0,1.0,-10.0
223,10325,-5.0,0,56,0.841027,5.9717,True,False,wall,0.0,5.0,-10.0
224,10360,11.0,1,35,0.840681,6.7329,True,False,wall,10.0,11.0,-10.0
225,10414,-13.0,0,54,0.840148,6.0626,True,False,wall,0.0,-3.0,-10.0
226,10525,25.0,1,111,0.839052,7.3089,True,False,wall,10.0,25.0,-10.0
227,10542,-12.0,0,17,0.838884,5.7497,True,False,wall,0.0,-2.0,-10.0
228,10560,-17.0,0,18,0.838707,4.9646,True,False,wall,0.0,-7.0,-10.0
229,10661,-16.0,0,101,0.837712,4.0831,True,False,wall,0.0,-6.0,-10.0
230,10697,-13.0,0,36,0.837357,4.2444,True,False,wall,0.0,-3.0,-10.0
231,10718,-8.0,0,21,0.837151,3.8592,True,False,wall,0.0,2.0,-10.0
232,10764,14.0,1,46,0.836698,3.565,True,False,wall,10.0,14.0,-10.0
233,10819,-3.0,1,55,0.836158,2.8917,True,False,wall,10.0,-3.0,-10.0
234,10859,-15.0,0,40,0.835765,3.133,True,False,wall,0.0,-5.0,-10.0
235,10899,0.0,1,40,0.835372,2.1913,True,False,wall,10.0,0.0,-10.0
236,10946,-16.0,0,47,0.834911,1.8831,True,False,wall,0.0,-6.0,-10.0
237,10966,-5.0,0,20,0.834714,1.8821,True,False,wall,0.0,5.0,-10.0
238,10986,-21.0,0,20,0.834518,1.8033,True,False,wall,0.0,-11.0,-10.0
239,11030,-15.0,0,44,0.834087,2.0258,True,False,wall,0.0,-5.0,-10.0
240,11098,-9.0,0,68,0.833421,2.1492,True,False,wall,0.0,1.0,-10.0
241,11127,-12.0,0,29,0.833137,2.0738,True,False,wall,0.0,-2.0,-10.0
242,11141,2.0,1,14,0.833,2.4292,True,False,wall,10.0,2.0,-10.0
243,11170,-16.0,0,29,0.832716,2.106,True,False,wall,0.0,-6.0,-10.0
244,11212,-17.0,0,42,0.832305,2.511,True,False,wall,0.0,-7.0,-10.0
245,11279,11.0,1,67,0.83165,1.9955,True,False,wall,10.0,11.0,-10.0
246,11306,3.0,1,27,0.831386,2.2649,True,False,wall,10.0,3.0,-10.0
247,11379,-16.0,0,73,0.830674,2.2789,True,False,wall,0.0,-6.0,-10.0
248,11393,-11.0,0,14,0.830537,1.6973,True,False,wall,0.0,-1.0,-10.0
249,11457,16.0,1,64,0.829913,1.7303,True,False,wall,10.0,16.0,-10.0
250,11489,-17.0,0,32,0.829601,1.991,True,False,wall,0.0,-7.0,-10.0
251,11536,-6.0,0,47,0.829143,1.7786,True,False,wall,0.0,4.0,-10.0
252,11561,-6.0,0,25,0.8289,1.4413,True,False,wall,0.0,4.0,-10.0
253,11752,9.0,1,191,0.827042,1.1223,True,False,wall,10.0,9.0,-10.0
254,11802,-3.0,0,50,0.826557,0.8038,True,False,wall,0.0,7.0,-10.0
255,11857,-18.0,0,55,0.826023,0.7643,True,False,wall,0.0,-8.0,-10.0
256,11915,-13.0,0,58,0.825461,0.6482,True,False,wall,0.0,-3.0,-10.0
257,12012,-20.0,0,97,0.824521,0.6657,True,False,wall,0.0,-10.0,-10.0
258,12157,7.0,1,145,0.823118,0.6097,True,False,wall,10.0,7.0,-10.0
259,12171,-17.0,0,14,0.822983,0.9661,True,False,wall,0.0,-7.0,-10.0
260,12247,-5.0,0,76,0.822249,0.6741,True,False,wall,0.0,5.0,-10.0
261,12265,-13.0,0,18,0.822075,0.6846,True,False,wall,0.0,-3.0,-10.0
262,12310,9.0,1,45,0.821641,0.6414,True,False,wall,10.0,9.0,-10.0
263,12349,5.0,1,39,0.821265,0.6995,True,False,wall,10.0,5.0,-10.0
264,12378,-2.0,0,29,0.820986,1.1184,True,False,wall,0.0,8.0,-10.0
265,12404,-3.0,0,26,0.820735,1.1209,True,False,wall,0.0,7.0,-10.0
266,12433,-10.0,0,29,0.820456,1.0116,True,False,wall,0.0,0.0,-10.0
267,12490,-4.0,0,57,0.819907,0.8219,True,False,wall,0.0,6.0,-10.0
268,12520,2.0,1,30,0.819618,0.7486,True,False,wall,10.0,2.0,-10.0
269,12577,-1.0,1,57,0.81907,0.6735,True,False,wall,10.0,-1.0,-10.0
270,12615,12.0,1,38,0.818705,0.6484,True,False,wall,10.0,12.0,-10.0
271,12688,-14.0,0,73,0.818004,0.7426,True,False,wall,0.0,-4.0,-10.0
272,12760,-15.0,0,72,0.817313,0.6231,True,False,wall,0.0,-5.0,-10.0
273,12777,-12.0,0,17,0.81715,0.6879,True,False,wall,0.0,-2.0,-10.0
274,12830,26.0,2,53,0.816642,0.7925,True,False,wall,20.0,16.0,-10.0
275,12854,-13.0,0,24,0.816412,0.8813,True,False,wall,0.0,-3.0,-10.0
276,12899,5.0,1,45,0.815981,0.7719,True,False,wall,10.0,5.0,-10.0
277,12926,-12.0,0,27,0.815722,0.7216,True,False,wall,0.0,-2.0,-10.0
278,12957,-12.0,0,31,0.815426,0.7561,True,False,wall,0.0,-2.0,-10.0
279,12990,1.0,1,33,0.81511,0.7891,True,False,wall,10.0,1.0,-10.0
280,13021,-8.0,0,31,0.814814,0.7861,True,False,wall,0.0,2.0,-10.0
281,13045,-13.0,0,24,0.814584,0.7879,True,False,wall,0.0,-3.0,-10.0
282,13122,-20.0,0,77,0.813849,0.7189,True,False,wall,0.0,-10.0,-10.0
283,13145,-12.0,0,23,0.813629,0.6254,True,False,wall,0.0,-2.0,-10.0
284,13190,-4.0,0,45,0.8132,0.6289,True,False,wall,0.0,6.0,-10.0
285,13204,-7.0,0,14,0.813066,0.7648,True,False,wall,0.0,3.0,-10.0
286,13225,-4.0,0,21,0.812866,0.6439,True,False,wall,0.0,6.0,-10.0
287,13262,-10.0,0,37,0.812513,0.6514,True,False,wall,0.0,0.0,-10.0
288,13349,-10.0,0,87,0.811684,0.5493,True,False,wall,0.0,0.0,-10.0
289,13382,-16.0,0,33,0.81137,0.5581,True,False,wall,0.0,-6.0,-10.0
290,13482,-9.0,0,100,0.810419,0.6255,True,False,wall,0.0,1.0,-10.0
291,13657,-4.0,0,175,0.808758,0.5577,True,False,wall,0.0,6.0,-10.0
292,13701,10.0,1,44,0.80834,0.4904,True,False,wall,10.0,10.0,-10.0
293,13719,-15.0,0,18,0.80817,0.4586,True,False,wall,0.0,-5.0,-10.0
294,13761,1.0,0,42,0.807772,0.7452,True,False,wall,0.0,11.0,-10.0
295,13782,-14.0,0,21,0.807573,0.5425,True,False,wall,0.0,-4.0,-10.0
296,13877,17.0,1,95,0.806674,0.5699,True,False,wall,10.0,17.0,-10.0
297,13965,2.0,1,88,0.805842,0.6449,True,False,wall,10.0,2.0,-10.0
298,14027,2.0,1,62,0.805256,0.6018,True,False,wall,10.0,2.0,-10.0
299,14048,-14.0,0,21,0.805058,0.4869,True,False,wall,0.0,-4.0,-10.0
300,14073,-6.0,0,25,0.804822,0.488,True,False,wall,0.0,4.0,-10.0
301,14084,-4.0,0,11,0.804718,0.4357,True,False,wall,0.0,6.0,-10.0
302,14098,-11.0,0,14,0.804586,0.4344,True,False,wall,0.0,-1.0,-10.0
303,14121,-5.0,1,23,0.804369,0.4842,True,False,wall,10.0,-5.0,-10.0
304,14200,-16.0,0,79,0.803625,0.5701,True,False,wall,0.0,-6.0,-10.0
305,14228,-17.0,0,28,0.803361,0.5501,True,False,wall,0.0,-7.0,-10.0
306,14286,6.0,1,58,0.802815,0.5677,True,False,wall,10.0,6.0,-10.0
307,14316,-3.0,0,30,0.802533,0.6864,True,False,wall,0.0,7.0,-10.0
308,14385,17.0,1,69,0.801884,0.6155,True,False,wall,10.0,17.0,-10.0
309,14511,-21.0,0,126,0.800701,0.4651,True,False,wall,0.0,-11.0,-10.0
310,14530,-10.0,0,19,0.800523,0.435,True,False,wall,0.0,0.0,-10.0
311,14553,5.0,1,23,0.800307,0.4239,True,False,wall,10.0,5.0,-10.0
312,14587,-23.0,0,34,0.799988,0.4983,True,False,wall,0.0,-13.0,-10.0
313,14616,-8.0,0,29,0.799716,0.4645,True,False,wall,0.0,2.0,-10.0
314,14760,4.0,1,144,0.798368,0.4518,True,False,wall,10.0,4.0,-10.0
315,14780,-15.0,0,20,0.798181,0.4834,True,False,wall,0.0,-5.0,-10.0
316,14800,-15.0,0,20,0.797994,0.3896,True,False,wall,0.0,-5.0,-10.0
317,14814,-9.0,0,14,0.797863,0.3954,True,False,wall,0.0,1.0,-10.0
318,14856,-19.0,0,42,0.79747,0.4574,True,False,wall,0.0,-9.0,-10.0
319,14932,-19.0,0,76,0.796761,0.4406,True,False,wall,0.0,-9.0,-10.0
320,14951,-4.0,0,19,0.796583,0.4152,True,False,wall,0.0,6.0,-10.0
321,14983,-9.0,0,32,0.796285,0.4232,True,False,wall,0.0,1.0,-10.0
322,15003,-1.0,0,20,0.796098,0.5745,True,False,wall,0.0,9.0,-10.0
323,15063,6.0,1,60,0.795539,0.4155,True,False,wall,10.0,6.0,-10.0
324,15088,0.0,0,25,0.795306,0.4112,True,False,wall,0.0,10.0,-10.0
325,15121,-6.0,0,33,0.794999,0.4195,True,False,wall,0.0,4.0,-10.0
326,15159,-17.0,0,38,0.794645,0.4027,True,False,wall,0.0,-7.0,-10.0
327,15211,-9.0,0,52,0.794161,0.3548,True,False,wall,0.0,1.0,-10.0
328,15337,8.0,1,126,0.79299,0.4064,True,False,wall,10.0,8.0,-10.0
329,15354,9.0,1,17,0.792832,0.4105,True,False,wall,10.0,9.0,-10.0
330,15443,-16.0,0,89,0.792006,0.4226,True,False,wall,0.0,-6.0,-10.0
331,15501,2.0,1,58,0.791468,0.3854,True,False,wall,10.0,2.0,-10.0
332,15530,-18.0,0,29,0.791199,0.3877,True,False,wall,0.0,-8.0,-10.0
333,15586,0.0,1,56,0.790681,0.3561,True,False,wall,10.0,0.0,-10.0
334,15623,9.0,1,37,0.790338,0.4421,True,False,wall,10.0,9.0,-10.0
335,15669,-13.0,0,46,0.789913,0.3902,True,False,wall,0.0,-3.0,-10.0
336,15752,-2.0,0,83,0.789145,0.3752,True,False,wall,0.0,8.0,-10.0
337,15761,-18.0,0,9,0.789062,0.3802,True,False,wall,0.0,-8.0,-10.0
338,15856,5.0,1,95,0.788185,0.3929,True,False,wall,10.0,5.0,-10.0
339,15918,-17.0,0,62,0.787613,0.3764,True,False,wall,0.0,-7.0,-10.0
340,15964,-17.0,0,46,0.787189,0.4042,True,False,wall,0.0,-7.0,-10.0
341,16068,-2.0,1,104,0.786232,0.3793,True,False,wall,10.0,-2.0,-10.0
342,16120,-7.0,0,52,0.785753,0.3098,True,False,wall,0.0,3.0,-10.0
343,16138,-7.0,0,18,0.785588,0.3084,True,False,wall,0.0,3.0,-10.0
344,16159,-16.0,0,21,0.785395,0.3387,True,False,wall,0.0,-6.0,-10.0
345,16272,-18.0,0,113,0.784357,0.339,True,False,wall,0.0,-8.0,-10.0
346,16301,-10.0,0,29,0.78409,0.3724,True,False,wall,0.0,0.0,-10.0
347,16385,-9.0,0,84,0.78332,0.399,True,False,wall,0.0,1.0,-10.0
348,16462,-10.0,0,77,0.782615,0.407,True,False,wall,0.0,0.0,-10.0
349,16507,-2.0,0,45,0.782203,0.3996,True,False,wall,0.0,8.0,-10.0
350,16528,-10.0,0,21,0.78201,0.4607,True,False,wall,0.0,0.0,-10.0
351,16542,-11.0,0,14,0.781882,0.3871,True,False,wall,0.0,-1.0,-10.0
352,16575,9.0,1,33,0.781581,0.4581,True,False,wall,10.0,9.0,-10.0
353,16632,-10.0,0,57,0.781059,0.4166,True,False,wall,0.0,0.0,-10.0
354,16728,-9.0,0,96,0.780183,0.3852,True,False,wall,0.0,1.0,-10.0
355,16772,-11.0,0,44,0.779781,0.4018,True,False,wall,0.0,-1.0,-10.0
356,16835,-10.0,0,63,0.779207,0.386,True,False,wall,0.0,0.0,-10.0
357,16879,-5.0,0,44,0.778806,0.3813,True,False,wall,0.0,5.0,-10.0
358,16911,-3.0,0,32,0.778514,0.3332,True,False,wall,0.0,7.0,-10.0
359,16954,-12.0,0,43,0.778123,0.3133,True,False,wall,0.0,-2.0,-10.0
360,17097,9.0,1,143,0.776822,0.3577,True,False,wall,10.0,9.0,-10.0
361,17156,-14.0,0,59,0.776287,0.3418,True,False,wall,0.0,-4.0,-10.0
362,17207,-12.0,0,51,0.775824,0.3433,True,False,wall,0.0,-2.0,-10.0
363,17272,1.0,1,65,0.775234,0.3511,True,False,wall,10.0,1.0,-10.0
364,17302,8.0,1,30,0.774962,0.2945,True,False,wall,10.0,8.0,-10.0
365,17336,-5.0,0,34,0.774654,0.3488,True,False,wall,0.0,5.0,-10.0
366,17397,-4.0,0,61,0.774102,0.4924,True,False,wall,0.0,6.0,-10.0
367,17427,-21.0,0,30,0.773831,0.4784,True,False,wall,0.0,-11.0,-10.0
368,17439,-11.0,0,12,0.773722,0.4483,True,False,wall,0.0,-1.0,-10.0
369,17606,1.0,1,167,0.772213,0.4018,True,False,wall,10.0,1.0,-10.0
370,17636,-21.0,0,30,0.771942,0.4026,True,False,wall,0.0,-11.0,-10.0
371,17732,14.0,1,96,0.771076,0.3795,True,False,wall,10.0,14.0,-10.0
372,17823,35.0,3,91,0.770256,0.4296,True,False,body,30.0,15.0,-10.0
373,17897,-7.0,0,74,0.76959,0.6153,True,False,wall,0.0,3.0,-10.0
374,17982,-1.0,1,85,0.768826,0.4767,True,False,wall,10.0,-1.0,-10.0
375,18038,-19.0,0,56,0.768323,0.4835,True,False,wall,0.0,-9.0,-10.0
376,18222,-13.0,0,184,0.766673,0.429,True,False,wall,0.0,-3.0,-10.0
377,18367,-12.0,0,145,0.765375,0.3835,True,False,wall,0.0,-2.0,-10.0
378,18460,5.0,1,93,0.764544,0.3785,True,False,wall,10.0,5.0,-10.0
379,18503,-20.0,0,43,0.76416,0.4072,True,False,wall,0.0,-10.0,-10.0
380,18537,-11.0,0,34,0.763857,0.6031,True,False,wall,0.0,-1.0,-10.0
381,18562,-18.0,0,25,0.763634,0.4396,True,False,wall,0.0,-8.0,-10.0
382,18608,6.0,1,46,0.763223,0.4214,True,False,wall,10.0,6.0,-10.0
383,18751,57.0,3,143,0.76195,0.4216,True,False,body,30.0,37.0,-10.0
384,18789,-13.0,0,38,0.761612,0.4454,True,False,wall,0.0,-3.0,-10.0
385,18803,-15.0,0,14,0.761487,0.7297,True,False,wall,0.0,-5.0,-10.0
386,18866,-12.0,0,63,0.760927,0.5331,True,False,wall,0.0,-2.0,-10.0
387,18907,-14.0,0,41,0.760563,0.5171,True,False,wall,0.0,-4.0,-10.0
388,18950,-16.0,0,43,0.760181,0.4302,True,False,wall,0.0,-6.0,-10.0
389,18987,-6.0,0,37,0.759853,0.3582,True,False,wall,0.0,4.0,-10.0
390,19058,-14.0,0,71,0.759223,0.3984,True,False,wall,0.0,-4.0,-10.0
391,19126,-15.0,0,68,0.75862,0.4027,True,False,wall,0.0,-5.0,-10.0
392,19207,1.0,1,81,0.757903,0.3307,True,False,wall,10.0,1.0,-10.0
393,19345,-17.0,0,138,0.756683,0.3512,True,False,wall,0.0,-7.0,-10.0
394,19383,-7.0,0,38,0.756347,0.3328,True,False,wall,0.0,3.0,-10.0
395,19405,-15.0,0,22,0.756153,0.3007,True,False,wall,0.0,-5.0,-10.0
396,19433,-3.0,0,28,0.755906,0.3371,True,False,wall,0.0,7.0,-10.0
397,19452,1.0,1,19,0.755738,0.3195,True,False,wall,10.0,1.0,-10.0
398,19522,16.0,1,70,0.755121,0.3281,True,False,wall,10.0,16.0,-10.0
399,19629,-20.0,0,107,0.754179,0.3123,True,False,wall,0.0,-10.0,-10.0
400,19707,-7.0,0,78,0.753493,0.3047,True,False,wall,0.0,3.0,-10.0
401,19769,-5.0,0,62,0.752948,0.3017,True,False,wall,0.0,5.0,-10.0
402,19830,-8.0,0,61,0.752412,0.3389,True,False,wall,0.0,2.0,-10.0
403,19853,-14.0,0,23,0.75221,0.3506,True,False,wall,0.0,-4.0,-10.0
404,19918,-16.0,0,65,0.75164,0.3589,True,False,wall,0.0,-6.0,-10.0
405,19975,-14.0,0,57,0.75114,0.3747,True,False,wall,0.0,-4.0,-10.0
406,20110,11.0,1,135,0.749958,0.3608,True,False,wall,10.0,11.0,-10.0
407,20165,-5.0,1,55,0.749477,0.3587,True,False,wall,10.0,-5.0,-10.0
408,20176,-18.0,0,11,0.74938,0.3579,True,False,wall,0.0,-8.0,-10.0
409,20230,-1.0,0,54,0.748908,0.3465,True,False,wall,0.0,9.0,-10.0
410,20248,-3.0,0,18,0.748751,0.3504,True,False,wall,0.0,7.0,-10.0
411,20295,-12.0,0,47,0.748341,0.3355,True,False,wall,0.0,-2.0,-10.0
412,20350,-14.0,0,55,0.747861,0.2932,True,False,wall,0.0,-4.0,-10.0
413,20438,6.0,1,88,0.747094,0.3189,True,False,wall,10.0,6.0,-10.0
414,20461,9.0,1,23,0.746893,0.3164,True,False,wall,10.0,9.0,-10.0
415,20475,-7.0,0,14,0.746771,0.3133,True,False,wall,0.0,3.0,-10.0
416,20509,6.0,1,34,0.746475,0.337,True,False,wall,10.0,6.0,-10.0
417,20582,11.0,1,73,0.74584,0.3519,True,False,wall,10.0,11.0,-10.0
418,20701,41.0,3,119,0.744806,0.3885,True,False,body,30.0,21.0,-10.0
419,20718,-8.0,0,17,0.744658,0.5954,True,False,wall,0.0,2.0,-10.0
420,20767,7.0,1,49,0.744233,0.3995,True,False,wall,10.0,7.0,-10.0
421,20787,-3.0,0,20,0.744059,0.3749,True,False,wall,0.0,7.0,-10.0
422,20819,0.0,1,32,0.743782,0.5033,True,False,wall,10.0,0.0,-10.0
423,20901,2.0,1,82,0.743071,0.3788,True,False,wall,10.0,2.0,-10.0
424,21012,9.0,1,111,0.74211,0.3842,True,False,wall,10.0,9.0,-10.0
425,21053,0.0,0,41,0.741755,0.3713,True,False,wall,0.0,10.0,-10.0
426,21119,-13.0,0,66,0.741185,0.3836,True,False,wall,0.0,-3.0,-10.0
427,21171,-13.0,0,52,0.740736,0.34,True,False,wall,0.0,-3.0,-10.0
428,21224,-2.0,0,53,0.740278,0.3237,True,False,wall,0.0,8.0,-10.0
429,21270,2.0,1,46,0.739881,0.299,True,False,wall,10.0,2.0,-10.0
430,21347,-4.0,0,77,0.739218,0.3594,True,False,wall,0.0,6.0,-10.0
431,21392,-6.0,0,45,0.73883,0.353,True,False,wall,0.0,4.0,-10.0
432,21444,-5.0,0,52,0.738383,0.3242,True,False,wall,0.0,5.0,-10.0
433,21548,-13.0,0,104,0.737488,0.3509,True,False,wall,0.0,-3.0,-10.0
434,21598,-3.0,0,50,0.737059,0.3557,True,False,wall,0.0,7.0,-10.0
435,21785,13.0,1,187,0.735455,0.343,True,False,wall,10.0,13.0,-10.0
436,21892,31.0,3,107,0.734538,0.3646,True,False,body,30.0,11.0,-10.0
437,21923,1.0,1,31,0.734273,0.3733,True,False,wall,10.0,1.0,-10.0
438,21993,2.0,1,70,0.733675,0.4091,True,False,wall,10.0,2.0,-10.0
439,22061,8.0,1,68,0.733094,0.4581,True,False,wall,10.0,8.0,-10.0
440,22109,-11.0,0,48,0.732684,0.477,True,False,wall,0.0,-1.0,-10.0
441,22129,-11.0,0,20,0.732513,0.4503,True,False,wall,0.0,-1.0,-10.0
442,22178,7.0,1,49,0.732096,0.3872,True,False,wall,10.0,7.0,-10.0
443,22241,22.0,2,63,0.731559,0.312,True,False,wall,20.0,12.0,-10.0
444,22458,-6.0,0,217,0.729712,0.2891,True,False,wall,0.0,4.0,-10.0
445,22481,-1.0,1,23,0.729517,0.3246,True,False,wall,10.0,-1.0,-10.0
446,22565,-9.0,0,84,0.728804,0.3079,True,False,wall,0.0,1.0,-10.0
447,22593,-9.0,0,28,0.728566,0.324,True,False,wall,0.0,1.0,-10.0
448,22640,0.0,0,47,0.728168,0.4299,True,False,wall,0.0,10.0,-10.0
449,22657,0.0,0,17,0.728024,0.4968,True,False,wall,0.0,10.0,-10.0
450,22686,-2.0,0,29,0.727778,0.3837,True,False,wall,0.0,8.0,-10.0
451,22742,-1.0,0,56,0.727304,0.3491,True,False,wall,0.0,9.0,-10.0
452,22762,-5.0,0,20,0.727134,0.3174,True,False,wall,0.0,5.0,-10.0
453,22838,-13.0,0,76,0.726491,0.377,True,False,wall,0.0,-3.0,-10.0
454,22909,-6.0,0,71,0.725891,0.3447,True,False,wall,0.0,4.0,-10.0
455,23004,30.0,2,95,0.725089,0.3303,True,False,wall,20.0,20.0,-10.0
456,23090,10.0,1,86,0.724364,0.3401,True,False,wall,10.0,10.0,-10.0
457,23139,-3.0,1,49,0.723951,0.3607,True,False,wall,10.0,-3.0,-10.0
458,23164,-12.0,0,25,0.72374,0.3394,True,False,wall,0.0,-2.0,-10.0
459,23186,-11.0,0,22,0.723555,0.3561,True,False,wall,0.0,-1.0,-10.0
460,23240,26.0,1,54,0.723101,0.3737,True,False,wall,10.0,26.0,-10.0
461,23254,-5.0,0,14,0.722983,0.4413,True,False,wall,0.0,5.0,-10.0
462,23284,10.0,1,30,0.72273,0.4027,True,False,wall,10.0,10.0,-10.0
463,23312,-13.0,0,28,0.722495,0.3733,True,False,wall,0.0,-3.0,-10.0
464,23376,-3.0,0,64,0.721957,0.3516,True,False,wall,0.0,7.0,-10.0
465,23449,-14.0,0,73,0.721344,0.3497,True,False,wall,0.0,-4.0,-10.0
466,23649,-7.0,0,200,0.719668,0.3039,True,False,wall,0.0,3.0,-10.0
467,23794,33.0,3,145,0.718455,0.2725,True,False,body,30.0,13.0,-10.0
468,23884,0.0,1,90,0.717704,0.3376,True,False,wall,10.0,0.0,-10.0
469,23955,16.0,2,71,0.717112,0.3647,True,False,wall,20.0,6.0,-10.0
470,24033,42.0,3,78,0.716461,0.3606,True,False,body,30.0,22.0,-10.0
471,24089,4.0,1,56,0.715995,0.3318,True,False,wall,10.0,4.0,-10.0
472,24136,3.0,1,47,0.715604,0.4472,True,False,wall,10.0,3.0,-10.0
473,24445,18.0,2,309,0.713038,0.431,True,False,wall,20.0,8.0,-10.0
474,24499,4.0,1,54,0.712591,0.4209,True,False,wall,10.0,4.0,-10.0
475,24623,38.0,3,124,0.711564,0.3808,True,False,body,30.0,18.0,-10.0
476,24663,-9.0,0,40,0.711234,0.4625,True,False,wall,0.0,1.0,-10.0
477,24693,-3.0,0,30,0.710986,0.3814,True,False,wall,0.0,7.0,-10.0
478,24708,-14.0,0,15,0.710862,0.4229,True,False,wall,0.0,-4.0,-10.0
479,24732,6.0,1,24,0.710664,0.4949,True,False,wall,10.0,6.0,-10.0
480,24769,11.0,1,37,0.710358,0.4188,True,False,wall,10.0,11.0,-10.0
481,24989,17.0,2,220,0.708545,0.449,True,False,wall,20.0,7.0,-10.0
482,25173,13.0,2,184,0.707032,0.4562,True,False,wall,20.0,3.0,-10.0
483,25331,37.0,2,158,0.705735,0.4274,True,False,wall,20.0,27.0,-10.0
484,25789,15.0,2,458,0.701992,0.3861,True,False,wall,20.0,5.0,-10.0
485,25804,-10.0,0,15,0.70187,0.4488,True,False,wall,0.0,0.0,-10.0
486,25841,-6.0,0,37,0.701568,0.3738,True,False,wall,0.0,4.0,-10.0
487,25901,-1.0,0,60,0.70108,0.394,True,False,wall,0.0,9.0,-10.0
488,26027,21.0,2,126,0.700055,0.3866,True,False,wall,20.0,11.0,-10.0
489,26165,-11.0,0,138,0.698935,0.3919,True,False,wall,0.0,-1.0,-10.0
490,26518,13.0,1,353,0.696078,0.3673,True,False,wall,10.0,13.0,-10.0
491,26556,-11.0,0,38,0.695771,0.3811,True,False,wall,0.0,-1.0,-10.0
492,26664,10.0,1,108,0.6949,0.362,True,False,wall,10.0,10.0,-10.0
493,26783,30.0,2,119,0.693941,0.3622,True,False,wall,20.0,20.0,-10.0
494,26813,-13.0,0,30,0.6937,0.3488,True,False,wall,0.0,-3.0,-10.0
495,26838,-6.0,0,25,0.693499,0.4447,True,False,wall,0.0,4.0,-10.0
496,26928,-11.0,0,90,0.692775,0.3998,True,False,wall,0.0,-1.0,-10.0
497,26973,-12.0,0,45,0.692414,0.3411,True,False,wall,0.0,-2.0,-10.0
498,27007,-5.0,0,34,0.692141,0.3585,True,False,wall,0.0,5.0,-10.0
499,27114,15.0,1,107,0.691282,0.3406,True,False,wall,10.0,15.0,-10.0
500,27136,-13.0,0,22,0.691106,0.3196,True,False,wall,0.0,-3.0,-10.0
501,27299,13.0,1,163,0.689801,0.3578,True,False,wall,10.0,13.0,-10.0
502,27329,-5.0,0,30,0.689561,0.3528,True,False,wall,0.0,5.0,-10.0
503,27365,19.0,2,36,0.689273,0.3637,True,False,wall,20.0,9.0,-10.0
504,27558,30.0,2,193,0.687733,0.4109,True,False,wall,20.0,20.0,-10.0
505,27591,13.0,1,33,0.68747,0.4161,True,False,wall,10.0,13.0,-10.0
506,27678,3.0,1,87,0.686777,0.4605,True,False,wall,10.0,3.0,-10.0
507,27710,-1.0,0,32,0.686522,0.4592,True,False,wall,0.0,9.0,-10.0
508,27739,-8.0,0,29,0.686292,0.4681,True,False,wall,0.0,2.0,-10.0
509,27809,-5.0,0,70,0.685735,0.3986,True,False,wall,0.0,5.0,-10.0
510,27871,-17.0,0,62,0.685243,0.3782,True,False,wall,0.0,-7.0,-10.0
511,28046,13.0,1,175,0.683855,0.3559,True,False,wall,10.0,13.0,-10.0
512,28065,3.0,1,19,0.683704,0.352,True,False,wall,10.0,3.0,-10.0
513,28121,2.0,1,56,0.683261,0.3547,True,False,wall,10.0,2.0,-10.0
514,28184,-7.0,1,63,0.682762,0.3738,True,False,wall,10.0,-7.0,-10.0
515,28308,25.0,2,124,0.681782,0.3606,True,False,wall,20.0,15.0,-10.0
516,28362,-3.0,0,54,0.681356,0.4119,True,False,wall,0.0,7.0,-10.0
517,28383,-8.0,0,21,0.68119,0.4243,True,False,wall,0.0,2.0,-10.0
518,28690,10.0,2,307,0.678773,0.431,True,False,wall,20.0,0.0,-10.0
519,28777,-2.0,0,87,0.678089,0.403,True,False,wall,0.0,8.0,-10.0
520,28822,9.0,1,45,0.677736,0.3625,True,False,wall,10.0,9.0,-10.0
521,28852,-3.0,0,30,0.677501,0.3507,True,False,wall,0.0,7.0,-10.0
522,28903,-2.0,0,51,0.677101,0.3441,True,False,wall,0.0,8.0,-10.0
523,29122,19.0,1,219,0.675386,0.337,True,False,wall,10.0,19.0,-10.0
524,29168,-11.0,0,46,0.675027,0.3164,True,False,wall,0.0,-1.0,-10.0
525,29178,-7.0,0,10,0.674949,0.3284,True,False,wall,0.0,3.0,-10.0
526,29220,-7.0,0,42,0.674621,0.3226,True,False,wall,0.0,3.0,-10.0
527,29287,18.0,2,67,0.674098,0.3785,True,False,wall,20.0,8.0,-10.0
528,29342,26.0,2,55,0.673669,0.4357,True,False,wall,20.0,16.0,-10.0
529,29443,-4.0,0,101,0.672882,0.3815,True,False,wall,0.0,6.0,-10.0
530,29532,-20.0,0,89,0.67219,0.359,True,False,wall,0.0,-10.0,-10.0
531,29569,13.0,1,37,0.671902,0.3044,True,False,wall,10.0,13.0,-10.0
532,29595,-17.0,0,26,0.6717,0.3105,True,False,wall,0.0,-7.0,-10.0
533,29698,-8.0,0,103,0.6709,0.3219,True,False,wall,0.0,2.0,-10.0
534,29755,11.0,1,57,0.670458,0.3396,True,False,wall,10.0,11.0,-10.0
535,29784,7.0,1,29,0.670233,0.347,True,False,wall,10.0,7.0,-10.0
536,29812,-15.0,0,28,0.670016,0.3654,True,False,wall,0.0,-5.0,-10.0
537,29848,-3.0,0,36,0.669737,0.3816,True,False,wall,0.0,7.0,-10.0
538,29880,-15.0,0,32,0.669489,0.3926,True,False,wall,0.0,-5.0,-10.0
539,30062,35.0,2,182,0.668081,0.3485,True,False,wall,20.0,25.0,-10.0
540,30088,-17.0,0,26,0.66788,0.3432,True,False,wall,0.0,-7.0,-10.0
541,30215,7.0,1,127,0.6669,0.3554,True,False,wall,10.0,7.0,-10.0
542,30252,-12.0,0,37,0.666615,0.4064,True,False,wall,0.0,-2.0,-10.0
543,30434,-4.0,1,182,0.665214,0.3579,True,False,wall,10.0,-4.0,-10.0
544,30475,-8.0,0,41,0.664899,0.3629,True,False,wall,0.0,2.0,-10.0
545,30517,-21.0,0,42,0.664576,0.3767,True,False,wall,0.0,-11.0,-10.0
546,30624,2.0,0,107,0.663754,0.4201,True,False,wall,0.0,12.0,-10.0
547,30693,-14.0,0,69,0.663225,0.3732,True,False,wall,0.0,-4.0,-10.0
548,30748,-16.0,0,55,0.662804,0.349,True,False,wall,0.0,-6.0,-10.0
549,30769,5.0,1,21,0.662643,0.3108,True,False,wall,10.0,5.0,-10.0
550,30817,1.0,0,48,0.662275,0.334,True,False,wall,0.0,11.0,-10.0
551,30886,21.0,1,69,0.661748,0.3467,True,False,wall,10.0,21.0,-10.0
552,30922,-13.0,0,36,0.661472,0.3142,True,False,wall,0.0,-3.0,-10.0
553,30962,10.0,1,40,0.661167,0.3448,True,False,wall,10.0,10.0,-10.0
554,30984,-19.0,0,22,0.660999,0.3155,True,False,wall,0.0,-9.0,-10.0
555,31057,7.0,1,73,0.660441,0.3869,True,False,wall,10.0,7.0,-10.0
556,31100,-10.0,0,43,0.660113,0.3331,True,False,wall,0.0,0.0,-10.0
557,31159,0.0,0,59,0.659664,0.323,True,False,wall,0.0,10.0,-10.0
558,31203,-3.0,0,44,0.659328,0.363,True,False,wall,0.0,7.0,-10.0
559,31256,7.0,1,53,0.658925,0.3527,True,False,wall,10.0,7.0,-10.0
560,31291,3.0,1,35,0.658658,0.3222,True,False,wall,10.0,3.0,-10.0
561,31353,-5.0,0,62,0.658187,0.3168,True,False,wall,0.0,5.0,-10.0
562,31411,-6.0,1,58,0.657746,0.3397,True,False,wall,10.0,-6.0,-10.0
563,31500,36.0,2,89,0.65707,0.3564,True,False,wall,20.0,26.0,-10.0
564,31529,-8.0,0,29,0.65685,0.3348,True,False,wall,0.0,2.0,-10.0
565,31562,9.0,1,33,0.6566,0.3052,True,False,wall,10.0,9.0,-10.0
566,31691,21.0,1,129,0.655623,0.3393,True,False,wall,10.0,21.0,-10.0
567,31716,1.0,1,25,0.655434,0.3392,True,False,wall,10.0,1.0,-10.0
568,31766,-15.0,0,50,0.655055,0.4152,True,False,wall,0.0,-5.0,-10.0
569,32072,-7.0,0,306,0.652745,0.3582,True,False,wall,0.0,3.0,-10.0
570,32218,-19.0,0,146,0.651646,0.3283,True,False,wall,0.0,-9.0,-10.0
571,32269,1.0,1,51,0.651263,0.3235,True,False,wall,10.0,1.0,-10.0
572,32405,1.0,0,136,0.650242,0.3094,True,False,wall,0.0,11.0,-10.0
573,32443,-15.0,0,38,0.649957,0.3858,True,False,wall,0.0,-5.0,-10.0
574,32572,25.0,1,129,0.64899,0.3309,True,False,wall,10.0,25.0,-10.0
575,32727,-14.0,0,155,0.64783,0.3342,True,False,wall,0.0,-4.0,-10.0
576,32862,-8.0,0,135,0.646823,0.3467,True,False,wall,0.0,2.0,-10.0
577,32907,15.0,1,45,0.646487,0.3938,True,False,wall,10.0,15.0,-10.0
578,32940,13.0,1,33,0.646241,0.34,True,False,wall,10.0,13.0,-10.0
579,32973,-4.0,0,33,0.645995,0.3136,True,False,wall,0.0,6.0,-10.0
580,33053,-11.0,0,80,0.645399,0.4116,True,False,wall,0.0,-1.0,-10.0
581,33261,35.0,2,208,0.643853,0.3707,True,False,wall,20.0,25.0,-10.0
582,33277,-3.0,0,16,0.643735,0.3207,True,False,wall,0.0,7.0,-10.0
583,33290,-18.0,0,13,0.643638,0.4067,True,False,wall,0.0,-8.0,-10.0
584,33431,-6.0,0,141,0.642593,0.3508,True,False,wall,0.0,4.0,-10.0
585,33544,15.0,1,113,0.641756,0.3628,True,False,wall,10.0,15.0,-10.0
586,33647,-6.0,0,103,0.640995,0.3618,True,False,wall,0.0,4.0,-10.0
587,33671,-3.0,0,24,0.640818,0.3649,True,False,wall,0.0,7.0,-10.0
588,33693,-17.0,0,22,0.640655,0.335,True,False,wall,0.0,-7.0,-10.0
589,33706,7.0,1,13,0.640559,0.3257,True,False,wall,10.0,7.0,-10.0
590,33861,-16.0,0,155,0.639416,0.3519,True,False,wall,0.0,-6.0,-10.0
591,33875,-9.0,0,14,0.639313,0.3594,True,False,wall,0.0,1.0,-10.0
592,33986,-6.0,0,111,0.638496,0.3489,True,False,wall,0.0,4.0,-10.0
593,34021,-8.0,0,35,0.638238,0.3083,True,False,wall,0.0,2.0,-10.0
594,34062,-12.0,0,41,0.637937,0.3429,True,False,wall,0.0,-2.0,-10.0
595,34116,-4.0,1,54,0.63754,0.2884,True,False,wall,10.0,-4.0,-10.0
596,34151,-2.0,0,35,0.637283,0.3047,True,False,wall,0.0,8.0,-10.0
597,34179,2.0,1,28,0.637078,0.3286,True,False,wall,10.0,2.0,-10.0
598,34272,15.0,1,93,0.636396,0.3163,True,False,wall,10.0,15.0,-10.0
599,34388,-5.0,0,116,0.635546,0.321,True,False,wall,0.0,5.0,-10.0
600,34417,-6.0,0,29,0.635334,0.3337,True,False,wall,0.0,4.0,-10.0
601,34441,-3.0,0,24,0.635158,0.3124,True,False,wall,0.0,7.0,-10.0
602,34461,-1.0,0,20,0.635012,0.3297,True,False,wall,0.0,9.0,-10.0
603,34504,-1.0,1,43,0.634698,0.3257,True,False,wall,10.0,-1.0,-10.0
604,34640,-5.0,0,136,0.633704,0.3568,True,False,wall,0.0,5.0,-10.0
605,34690,-3.0,0,50,0.63334,0.3856,True,False,wall,0.0,7.0,-10.0
606,34751,16.0,2,61,0.632895,0.3798,True,False,wall,20.0,6.0,-10.0
607,34841,10.0,1,90,0.63224,0.3978,True,False,wall,10.0,10.0,-10.0
608,34860,-10.0,0,19,0.632101,0.4904,True,False,wall,0.0,0.0,-10.0
609,34886,-3.0,0,26,0.631912,0.4312,True,False,wall,0.0,7.0,-10.0
610,34900,-1.0,0,14,0.63181,0.3856,True,False,wall,0.0,9.0,-10.0
611,34924,-7.0,0,24,0.631636,0.363,True,False,wall,0.0,3.0,-10.0
612,35004,-11.0,0,80,0.631055,0.4094,True,False,wall,0.0,-1.0,-10.0
613,35022,-13.0,0,18,0.630924,0.4973,True,False,wall,0.0,-3.0,-10.0
614,35039,0.0,0,17,0.6308,0.4844,True,False,wall,0.0,10.0,-10.0
615,35067,-9.0,0,28,0.630597,0.6186,True,False,wall,0.0,1.0,-10.0
616,35099,10.0,1,32,0.630365,0.4375,True,False,wall,10.0,10.0,-10.0
617,35282,13.0,1,183,0.629039,0.401,True,False,wall,10.0,13.0,-10.0
618,35371,-10.0,0,89,0.628395,0.4071,True,False,wall,0.0,0.0,-10.0
619,35470,3.0,1,99,0.62768,0.4083,True,False,wall,10.0,3.0,-10.0
620,35598,34.0,3,128,0.626756,0.4203,True,False,wall,30.0,14.0,-10.0
621,35682,16.0,1,84,0.626151,0.4121,True,False,wall,10.0,16.0,-10.0
622,35703,-16.0,0,21,0.626,0.4521,True,False,wall,0.0,-6.0,-10.0
623,35823,33.0,2,120,0.625136,0.3923,True,False,wall,20.0,23.0,-10.0
624,35912,19.0,1,89,0.624497,0.4567,True,False,wall,10.0,19.0,-10.0
625,35988,-15.0,0,76,0.623951,0.4443,True,False,wall,0.0,-5.0,-10.0
626,36041,1.0,1,53,0.623571,0.3816,True,False,wall,10.0,1.0,-10.0
627,36061,-13.0,0,20,0.623428,0.3748,True,False,wall,0.0,-3.0,-10.0
628,36123,-13.0,0,62,0.622984,0.4167,True,False,wall,0.0,-3.0,-10.0
629,36174,-18.0,0,51,0.622619,0.4644,True,False,wall,0.0,-8.0,-10.0
630,36200,1.0,0,26,0.622432,0.4424,True,False,wall,0.0,11.0,-10.0
631,36242,-15.0,0,42,0.622132,0.3639,True,False,wall,0.0,-5.0,-10.0
632,36335,39.0,3,93,0.621467,0.3803,True,False,body,30.0,19.0,-10.0
633,36471,36.0,3,136,0.620497,0.4085,True,False,body,30.0,16.0,-10.0
634,36812,7.0,1,341,0.61807,0.5101,True,False,wall,10.0,7.0,-10.0
635,36900,-3.0,0,88,0.617446,0.4887,True,False,wall,0.0,7.0,-10.0
636,36935,-2.0,0,35,0.617197,0.5188,True,False,wall,0.0,8.0,-10.0
637,36970,11.0,1,35,0.616949,0.5156,True,False,wall,10.0,11.0,-10.0
638,37015,-20.0,0,45,0.61663,0.4653,True,False,wall,0.0,-10.0,-10.0
639,37042,-6.0,0,27,0.616439,0.3898,True,False,wall,0.0,4.0,-10.0
640,37151,-18.0,0,109,0.615668,0.364,True,False,wall,0.0,-8.0,-10.0
641,37226,15.0,1,75,0.615138,0.4286,True,False,wall,10.0,15.0,-10.0
642,37239,-8.0,0,13,0.615046,0.4133,True,False,wall,0.0,2.0,-10.0
643,37272,-16.0,0,33,0.614813,0.4134,True,False,wall,0.0,-6.0,-10.0
644,37303,-2.0,0,31,0.614594,0.4023,True,False,wall,0.0,8.0,-10.0
645,37451,4.0,1,148,0.613551,0.4653,True,False,wall,10.0,4.0,-10.0
646,37471,17.0,2,20,0.61341,0.4377,True,False,wall,20.0,7.0,-10.0
647,37502,-8.0,0,31,0.613192,0.4619,True,False,wall,0.0,2.0,-10.0
648,37708,-21.0,0,206,0.611743,0.4116,True,False,wall,0.0,-11.0,-10.0
649,37726,8.0,1,18,0.611617,0.3608,True,False,wall,10.0,8.0,-10.0
650,37818,-3.0,0,92,0.610971,0.3668,True,False,wall,0.0,7.0,-10.0
651,37854,-5.0,0,36,0.610719,0.4088,True,False,wall,0.0,5.0,-10.0
652,37897,-12.0,0,43,0.610418,0.3868,True,False,wall,0.0,-2.0,-10.0
653,37990,-6.0,0,93,0.609767,0.3618,True,False,wall,0.0,4.0,-10.0
654,38025,0.0,0,35,0.609522,0.3823,True,False,wall,0.0,10.0,-10.0
655,38039,-11.0,0,14,0.609424,0.3658,True,False,wall,0.0,-1.0,-10.0
656,38065,-5.0,0,26,0.609242,0.4147,True,False,wall,0.0,5.0,-10.0
657,38108,-20.0,0,43,0.608941,0.3999,True,False,wall,0.0,-10.0,-10.0
658,38140,1.0,0,32,0.608718,0.4481,True,False,wall,0.0,11.0,-10.0
659,38246,-13.0,0,106,0.607978,0.4418,True,False,wall,0.0,-3.0,-10.0
660,38382,52.0,3,136,0.60703,0.4152,True,False,wall,30.0,32.0,-10.0
661,38460,10.0,1,78,0.606488,0.3858,True,False,wall,10.0,10.0,-10.0
662,38504,-9.0,0,44,0.606182,0.344,True,False,wall,0.0,1.0,-10.0
663,38603,45.0,3,99,0.605494,0.3792,True,False,body,30.0,25.0,-10.0
664,38621,-13.0,0,18,0.605369,0.5428,True,False,wall,0.0,-3.0,-10.0
665,38640,9.0,1,19,0.605237,0.4463,True,False,wall,10.0,9.0,-10.0
666,38696,23.0,2,56,0.604848,0.4327,True,False,wall,20.0,13.0,-10.0
667,38750,-5.0,0,54,0.604474,0.4125,True,False,wall,0.0,5.0,-10.0
668,38789,-12.0,0,39,0.604204,0.4136,True,False,wall,0.0,-2.0,-10.0
669,38924,-2.0,0,135,0.603269,0.4482,True,False,wall,0.0,8.0,-10.0
670,38994,10.0,1,70,0.602785,0.389,True,False,wall,10.0,10.0,-10.0
671,39076,13.0,2,82,0.602219,0.4103,True,False,wall,20.0,3.0,-10.0
672,39088,-7.0,0,12,0.602136,0.3975,True,False,wall,0.0,3.0,-10.0
673,39118,-9.0,0,30,0.601929,0.4624,True,False,wall,0.0,1.0,-10.0
674,39340,12.0,1,222,0.6004,0.4261,True,False,wall,10.0,12.0,-10.0
675,39374,-15.0,0,34,0.600166,0.4567,True,False,wall,0.0,-5.0,-10.0
676,39468,-7.0,0,94,0.59952,0.3851,True,False,wall,0.0,3.0,-10.0
677,39547,21.0,1,79,0.598977,0.3686,True,False,wall,10.0,21.0,-10.0
678,39585,-3.0,0,38,0.598717,0.3597,True,False,wall,0.0,7.0,-10.0
679,39627,30.0,3,42,0.598429,0.375,True,False,body,30.0,10.0,-10.0
680,39666,-4.0,0,39,0.598161,0.3892,True,False,wall,0.0,6.0,-10.0
681,39680,-5.0,0,14,0.598065,0.4165,True,False,wall,0.0,5.0,-10.0
682,39786,10.0,1,106,0.59734,0.483,True,False,wall,10.0,10.0,-10.0
683,39839,11.0,1,53,0.596977,0.4447,True,False,wall,10.0,11.0,-10.0
684,39946,45.0,3,107,0.596246,0.4436,True,False,body,30.0,25.0,-10.0
685,39979,7.0,1,33,0.596021,0.4468,True,False,wall,10.0,7.0,-10.0
686,40090,40.0,2,111,0.595264,0.474,True,False,wall,20.0,30.0,-10.0
687,40109,-12.0,0,19,0.595134,0.4764,True,False,wall,0.0,-2.0,-10.0
688,40132,3.0,1,23,0.594978,0.4616,True,False,wall,10.0,3.0,-10.0
689,40152,-9.0,0,20,0.594841,0.3903,True,False,wall,0.0,1.0,-10.0
690,40194,-5.0,0,42,0.594555,0.4922,True,False,wall,0.0,5.0,-10.0
691,40411,60.0,4,217,0.59308,0.4616,True,False,body,40.0,30.0,-10.0
692,40468,-4.0,0,57,0.592694,0.471,True,False,wall,0.0,6.0,-10.0
693,40536,-9.0,0,68,0.592232,0.4922,True,False,wall,0.0,1.0,-10.0
694,40560,3.0,0,24,0.59207,0.4166,True,False,wall,0.0,13.0,-10.0
695,40609,-7.0,1,49,0.591738,0.7053,True,False,wall,10.0,-7.0,-10.0
696,40652,-4.0,0,43,0.591447,0.5444,True,False,wall,0.0,6.0,-10.0
697,40798,46.0,3,146,0.59046,0.4947,True,False,body,30.0,26.0,-10.0
698,40994,15.0,2,196,0.589137,0.495,True,False,wall,20.0,5.0,-10.0
699,41010,-9.0,0,16,0.589029,0.5507,True,False,wall,0.0,1.0,-10.0
700,41037,-6.0,0,27,0.588847,0.589,True,False,wall,0.0,4.0,-10.0
701,41135,35.0,2,98,0.588188,0.5561,True,False,wall,20.0,25.0,-10.0
702,41171,-9.0,0,36,0.587946,0.4783,True,False,wall,0.0,1.0,-10.0
703,41204,13.0,1,33,0.587724,0.5534,True,False,wall,10.0,13.0,-10.0
704,41262,-19.0,0,58,0.587334,0.4535,True,False,wall,0.0,-9.0,-10.0
705,41311,-10.0,0,49,0.587005,0.4385,True,False,wall,0.0,0.0,-10.0
706,41421,27.0,2,110,0.586267,0.4362,True,False,wall,20.0,17.0,-10.0
707,41449,-17.0,0,28,0.586079,0.459,True,False,wall,0.0,-7.0,-10.0
708,41483,-9.0,0,34,0.585852,0.4008,True,False,wall,0.0,1.0,-10.0
709,41596,5.0,1,113,0.585095,0.414,True,False,wall,10.0,5.0,-10.0
710,41649,-3.0,1,53,0.584741,0.4741,True,False,wall,10.0,-3.0,-10.0
711,41676,11.0,1,27,0.58456,0.4564,True,False,wall,10.0,11.0,-10.0
712,41702,-19.0,0,26,0.584387,0.4339,True,False,wall,0.0,-9.0,-10.0
713,41735,-6.0,0,33,0.584166,0.45,True,False,wall,0.0,4.0,-10.0
714,41751,8.0,1,16,0.58406,0.4624,True,False,wall,10.0,8.0,-10.0
715,41818,22.0,2,67,0.583612,0.4849,True,False,wall,20.0,12.0,-10.0
716,41867,-4.0,0,49,0.583286,0.4325,True,False,wall,0.0,6.0,-10.0
717,41896,-10.0,0,29,0.583092,0.4087,True,False,wall,0.0,0.0,-10.0
718,41930,4.0,1,34,0.582866,0.4311,True,False,wall,10.0,4.0,-10.0
719,42041,3.0,1,111,0.582127,0.3898,True,False,wall,10.0,3.0,-10.0
720,42158,42.0,2,117,0.581349,0.434,True,False,wall,20.0,32.0,-10.0
721,42339,27.0,3,181,0.580149,0.4501,True,False,wall,30.0,7.0,-10.0
722,42429,33.0,2,90,0.579552,0.4663,True,False,wall,20.0,23.0,-10.0
723,42606,5.0,1,177,0.578382,0.4398,True,False,wall,10.0,5.0,-10.0
724,42671,3.0,1,65,0.577953,0.411,True,False,wall,10.0,3.0,-10.0
725,42701,19.0,2,30,0.577755,0.4222,True,False,wall,20.0,9.0,-10.0
726,42865,6.0,1,164,0.576674,0.4431,True,False,wall,10.0,6.0,-10.0
727,42886,-6.0,0,21,0.576536,0.4721,True,False,wall,0.0,4.0,-10.0
728,42964,6.0,1,78,0.576023,0.4506,True,False,wall,10.0,6.0,-10.0
729,43081,38.0,2,117,0.575254,0.4497,True,False,wall,20.0,28.0,-10.0
730,43184,-18.0,0,103,0.574578,0.4433,True,False,wall,0.0,-8.0,-10.0
731,43205,0.0,0,21,0.574441,0.4782,True,False,wall,0.0,10.0,-10.0
732,43240,-6.0,0,35,0.574211,0.4696,True,False,wall,0.0,4.0,-10.0
733,43305,24.0,2,65,0.573786,0.4231,True,False,wall,20.0,14.0,-10.0
734,43340,19.0,1,35,0.573556,0.4511,True,False,wall,10.0,19.0,-10.0
735,43372,-13.0,0,32,0.573347,0.4578,True,False,wall,0.0,-3.0,-10.0
736,43393,-6.0,0,21,0.57321,0.4735,True,False,wall,0.0,4.0,-10.0
737,43405,1.0,0,12,0.573131,0.4329,True,False,wall,0.0,11.0,-10.0
738,43471,10.0,1,66,0.5727,0.4832,True,False,wall,10.0,10.0,-10.0
739,43495,-11.0,0,24,0.572543,0.4526,True,False,wall,0.0,-1.0,-10.0
740,43535,-7.0,0,40,0.572282,0.5023,True,False,wall,0.0,3.0,-10.0
741,43609,44.0,3,74,0.571799,0.4765,True,False,body,30.0,24.0,-10.0
742,43626,-6.0,0,17,0.571688,0.4594,True,False,wall,0.0,4.0,-10.0
743,43694,-2.0,1,68,0.571245,0.4511,True,False,wall,10.0,-2.0,-10.0
744,43755,11.0,1,61,0.570847,0.5184,True,False,wall,10.0,11.0,-10.0
745,43823,12.0,1,68,0.570405,0.5266,True,False,wall,10.0,12.0,-10.0
746,43863,-9.0,0,40,0.570145,0.5789,True,False,wall,0.0,1.0,-10.0
747,43893,19.0,2,30,0.56995,0.4774,True,False,wall,20.0,9.0,-10.0
748,43920,-14.0,0,27,0.569774,0.4811,True,False,wall,0.0,-4.0,-10.0
749,43972,-4.0,1,52,0.569437,0.5464,True,False,wall,10.0,-4.0,-10.0
750,43998,6.0,1,26,0.569268,0.5745,True,False,wall,10.0,6.0,-10.0
751,44060,-5.0,0,62,0.568866,0.5107,True,False,wall,0.0,5.0,-10.0
752,44119,21.0,1,59,0.568483,0.5553,True,False,wall,10.0,21.0,-10.0
753,44396,38.0,2,277,0.566691,0.455,True,False,wall,20.0,28.0,-10.0
754,44451,-2.0,0,55,0.566336,0.4398,True,False,wall,0.0,8.0,-10.0
755,44537,16.0,1,86,0.565781,0.4348,True,False,wall,10.0,16.0,-10.0
756,44591,-7.0,0,54,0.565433,0.4439,True,False,wall,0.0,3.0,-10.0
757,44678,38.0,2,87,0.564873,0.4458,True,False,wall,20.0,28.0,-10.0
758,44713,-10.0,0,35,0.564648,0.4677,True,False,wall,0.0,0.0,-10.0
759,44782,15.0,1,69,0.564204,0.4338,True,False,wall,10.0,15.0,-10.0
760,44814,8.0,1,32,0.563998,0.385,True,False,wall,10.0,8.0,-10.0
761,44885,-10.0,0,71,0.563542,0.3968,True,False,wall,0.0,0.0,-10.0
762,44992,-8.0,0,107,0.562856,0.4343,True,False,wall,0.0,2.0,-10.0
763,45064,12.0,1,72,0.562394,0.4484,True,False,wall,10.0,12.0,-10.0
764,45094,6.0,1,30,0.562202,0.4134,True,False,wall,10.0,6.0,-10.0
765,45121,-8.0,0,27,0.56203,0.4241,True,False,wall,0.0,2.0,-10.0
766,45282,51.0,3,161,0.561,0.4914,True,False,body,30.0,31.0,-10.0
767,45311,33.0,3,29,0.560815,0.4603,True,False,body,30.0,13.0,-10.0
768,45436,43.0,3,125,0.560017,0.4872,True,False,body,30.0,23.0,-10.0
769,45549,14.0,2,113,0.559297,0.5273,True,False,wall,20.0,4.0,-10.0
770,45561,-5.0,0,12,0.559221,0.4452,True,False,wall,0.0,5.0,-10.0
771,45587,-7.0,0,26,0.559056,0.4421,True,False,wall,0.0,3.0,-10.0
772,45602,-14.0,0,15,0.55896,0.4919,True,False,wall,0.0,-4.0,-10.0
773,45753,43.0,3,151,0.558,0.5496,True,False,body,30.0,23.0,-10.0
774,45777,-2.0,1,24,0.557848,0.5153,True,False,wall,10.0,-2.0,-10.0
775,45863,23.0,2,86,0.557302,0.5449,True,False,wall,20.0,13.0,-10.0
776,45889,2.0,1,26,0.557138,0.5126,True,False,wall,10.0,2.0,-10.0
777,45925,2.0,1,36,0.556909,0.5798,True,False,wall,10.0,2.0,-10.0
778,46100,24.0,2,175,0.555802,0.4922,True,False,wall,20.0,14.0,-10.0
779,46237,35.0,3,137,0.554936,0.4501,True,False,wall,30.0,15.0,-10.0
780,46435,8.0,1,198,0.553688,0.4521,True,False,wall,10.0,8.0,-10.0
781,46446,-8.0,0,11,0.553619,0.5995,True,False,wall,0.0,2.0,-10.0
782,46488,12.0,1,42,0.553355,0.4211,True,False,wall,10.0,12.0,-10.0
783,46551,-6.0,0,63,0.552958,0.5042,True,False,wall,0.0,4.0,-10.0
784,46689,46.0,3,138,0.552091,0.4474,True,False,wall,30.0,26.0,-10.0
785,46788,28.0,2,99,0.55147,0.4352,True,False,wall,20.0,18.0,-10.0
786,46815,13.0,1,27,0.551301,0.5944,True,False,wall,10.0,13.0,-10.0
787,46856,35.0,3,41,0.551044,0.5246,True,False,body,30.0,15.0,-10.0
788,46893,13.0,1,37,0.550813,0.5853,True,False,wall,10.0,13.0,-10.0
789,46915,-1.0,0,22,0.550675,0.4784,True,False,wall,0.0,9.0,-10.0
790,46953,16.0,1,38,0.550437,0.5085,True,False,wall,10.0,16.0,-10.0
791,47042,-2.0,0,89,0.549881,0.4691,True,False,wall,0.0,8.0,-10.0
792,47066,-11.0,0,24,0.549731,0.4911,True,False,wall,0.0,-1.0,-10.0
793,47099,0.0,0,33,0.549525,0.487,True,False,wall,0.0,10.0,-10.0
794,47157,24.0,1,58,0.549163,0.5384,True,False,wall,10.0,24.0,-10.0
795,47364,9.0,1,207,0.547873,0.4824,True,False,wall,10.0,9.0,-10.0
796,47401,-6.0,0,37,0.547643,0.5523,True,False,wall,0.0,4.0,-10.0
797,47412,-2.0,0,11,0.547574,0.4487,True,False,wall,0.0,8.0,-10.0
798,47476,27.0,2,64,0.547176,0.4347,True,False,wall,20.0,17.0,-10.0
799,47497,-4.0,0,21,0.547046,0.5001,True,False,wall,0.0,6.0,-10.0
800,47892,22.0,2,395,0.544598,0.4511,True,False,wall,20.0,12.0,-10.0
801,47957,-1.0,1,65,0.544196,0.6814,True,False,wall,10.0,-1.0,-10.0
802,47983,-3.0,0,26,0.544035,0.5464,True,False,wall,0.0,7.0,-10.0
803,48047,47.0,4,64,0.54364,0.4902,True,False,body,40.0,17.0,-10.0
804,48071,-9.0,0,24,0.543492,0.5076,True,False,wall,0.0,1.0,-10.0
805,48159,-11.0,0,88,0.54295,0.5193,True,False,wall,0.0,-1.0,-10.0
806,48279,31.0,2,120,0.542211,0.468,True,False,wall,20.0,21.0,-10.0
807,48412,-14.0,0,133,0.541393,0.4752,True,False,wall,0.0,-4.0,-10.0
808,48483,9.0,1,71,0.540957,0.4464,True,False,wall,10.0,9.0,-10.0
809,48514,-6.0,0,31,0.540767,0.463,True,False,wall,0.0,4.0,-10.0
810,48536,2.0,1,22,0.540632,0.4823,True,False,wall,10.0,2.0,-10.0
811,48628,6.0,1,92,0.540068,0.4521,True,False,wall,10.0,6.0,-10.0
812,48698,12.0,1,70,0.53964,0.4516,True,False,wall,10.0,12.0,-10.0
813,48749,16.0,2,51,0.539328,0.4137,True,False,wall,20.0,6.0,-10.0
814,48868,13.0,1,119,0.5386,0.4527,True,False,wall,10.0,13.0,-10.0
815,48919,7.0,1,51,0.538289,0.5616,True,False,wall,10.0,7.0,-10.0
816,49004,3.0,1,85,0.53777,0.447,True,False,wall,10.0,3.0,-10.0
817,49024,8.0,1,20,0.537648,0.4689,True,False,wall,10.0,8.0,-10.0
818,49060,19.0,2,36,0.537429,0.4144,True,False,wall,20.0,9.0,-10.0
819,49138,31.0,2,78,0.536954,0.4705,True,False,wall,20.0,21.0,-10.0
820,49186,-17.0,0,48,0.536662,0.4977,True,False,wall,0.0,-7.0,-10.0
821,49199,2.0,0,13,0.536583,0.4351,True,False,wall,0.0,12.0,-10.0
822,49256,29.0,3,57,0.536236,0.4224,True,False,body,30.0,9.0,-10.0
823,49513,61.0,3,257,0.534677,0.5057,True,False,body,30.0,41.0,-10.0
824,49543,4.0,1,30,0.534495,0.5428,True,False,wall,10.0,4.0,-10.0
825,49576,15.0,1,33,0.534295,0.5257,True,False,wall,10.0,15.0,-10.0
826,49605,-2.0,0,29,0.53412,0.6715,True,False,wall,0.0,8.0,-10.0
827,49635,-7.0,0,30,0.533938,0.5955,True,False,wall,0.0,3.0,-10.0
828,49666,-12.0,0,31,0.533751,0.4764,True,False,wall,0.0,-2.0,-10.0
829,49724,6.0,1,58,0.5334,0.6729,True,False,wall,10.0,6.0,-10.0
830,49773,13.0,1,49,0.533104,0.5425,True,False,wall,10.0,13.0,-10.0
831,49812,9.0,1,39,0.532869,0.4895,True,False,wall,10.0,9.0,-10.0
832,49851,-4.0,0,39,0.532633,0.5434,True,False,wall,0.0,6.0,-10.0
833,49931,4.0,1,80,0.532151,0.4771,True,False,wall,10.0,4.0,-10.0
834,49960,3.0,1,29,0.531976,0.4989,True,False,wall,10.0,3.0,-10.0
835,50074,40.0,3,114,0.53129,0.6453,True,False,body,30.0,20.0,-10.0
836,50174,38.0,3,100,0.530689,0.599,True,False,wall,30.0,18.0,-10.0
837,50227,3.0,1,53,0.53037,0.5427,True,False,wall,10.0,3.0,-10.0
838,50329,10.0,1,102,0.529758,0.5086,True,False,wall,10.0,10.0,-10.0
839,50354,0.0,0,25,0.529608,0.4882,True,False,wall,0.0,10.0,-10.0
840,50417,5.0,1,63,0.529231,0.4973,True,False,wall,10.0,5.0,-10.0
841,50459,3.0,0,42,0.528979,0.5714,True,False,wall,0.0,13.0,-10.0
842,50574,19.0,1,115,0.528291,0.5213,True,False,wall,10.0,19.0,-10.0
843,50598,12.0,1,24,0.528148,0.7635,True,False,wall,10.0,12.0,-10.0
844,50621,0.0,0,23,0.52801,0.5119,True,False,wall,0.0,10.0,-10.0
845,50764,7.0,1,143,0.527157,0.5605,True,False,wall,10.0,7.0,-10.0
846,50893,-1.0,1,129,0.526388,0.5308,True,False,wall,10.0,-1.0,-10.0
847,50926,5.0,1,33,0.526191,0.5818,True,False,wall,10.0,5.0,-10.0
848,50991,20.0,2,65,0.525805,0.5175,True,False,wall,20.0,10.0,-10.0
849,51053,8.0,1,62,0.525436,0.5274,True,False,wall,10.0,8.0,-10.0
850,51165,8.0,1,112,0.524771,0.5312,True,False,wall,10.0,8.0,-10.0
851,51273,-17.0,0,108,0.52413,0.4797,True,False,wall,0.0,-7.0,-10.0
852,51322,21.0,1,49,0.52384,0.523,True,False,wall,10.0,21.0,-10.0
853,51437,48.0,4,115,0.523159,0.5237,True,False,body,40.0,18.0,-10.0
854,51476,-10.0,0,39,0.522929,0.4856,True,False,wall,0.0,0.0,-10.0
855,51519,3.0,1,43,0.522675,0.5368,True,False,wall,10.0,3.0,-10.0
856,51661,8.0,1,142,0.521836,0.5122,True,False,wall,10.0,8.0,-10.0
857,51748,24.0,2,87,0.521324,0.5002,True,False,wall,20.0,14.0,-10.0
858,51773,13.0,1,25,0.521176,0.5047,True,False,wall,10.0,13.0,-10.0
859,51800,-4.0,0,27,0.521017,0.5359,True,False,wall,0.0,6.0,-10.0
860,51855,-8.0,0,55,0.520694,0.4987,True,False,wall,0.0,2.0,-10.0
861,51910,37.0,3,55,0.52037,0.5102,True,False,body,30.0,17.0,-10.0
862,51943,-6.0,0,33,0.520176,0.5974,True,False,wall,0.0,4.0,-10.0
863,52218,58.0,4,275,0.518563,0.5706,True,False,body,40.0,28.0,-10.0
864,52266,11.0,2,48,0.518282,0.7282,True,False,wall,20.0,1.0,-10.0
865,52419,34.0,2,153,0.517387,0.5837,True,False,wall,20.0,24.0,-10.0
866,52459,0.0,1,40,0.517153,0.6667,True,False,wall,10.0,0.0,-10.0
867,52481,-1.0,0,22,0.517025,0.5362,True,False,wall,0.0,9.0,-10.0
868,52544,-2.0,0,63,0.516657,0.497,True,False,wall,0.0,8.0,-10.0
869,52564,-7.0,0,20,0.51654,0.5056,True,False,wall,0.0,3.0,-10.0
870,52727,8.0,2,163,0.515591,0.5113,True,False,wall,20.0,-2.0,-10.0
871,52739,-3.0,0,12,0.515521,0.6364,True,False,wall,0.0,7.0,-10.0
872,52782,2.0,0,43,0.515271,0.5459,True,False,wall,0.0,12.0,-10.0
873,52880,36.0,3,98,0.514701,0.5143,True,False,body,30.0,16.0,-10.0
874,52904,-1.0,0,24,0.514562,0.4826,True,False,wall,0.0,9.0,-10.0
875,52938,30.0,3,34,0.514364,0.4615,True,False,body,30.0,10.0,-10.0
876,52971,-4.0,0,33,0.514173,0.495,True,False,wall,0.0,6.0,-10.0
877,52998,-2.0,0,27,0.514016,0.4612,True,False,wall,0.0,8.0,-10.0
878,53061,9.0,1,63,0.513651,0.53,True,False,wall,10.0,9.0,-10.0
879,53094,5.0,1,33,0.51346,0.5344,True,False,wall,10.0,5.0,-10.0
880,53188,33.0,2,94,0.512916,0.5174,True,False,wall,20.0,23.0,-10.0
881,53246,40.0,3,58,0.51258,0.6131,True,False,wall,30.0,20.0,-10.0
882,53262,0.0,1,16,0.512488,0.6666,True,False,wall,10.0,0.0,-10.0
883,53315,-10.0,0,53,0.512181,0.5512,True,False,wall,0.0,0.0,-10.0
884,53379,8.0,1,64,0.511812,0.7248,True,False,wall,10.0,8.0,-10.0
885,53415,10.0,1,36,0.511604,0.5608,True,False,wall,10.0,10.0,-10.0
886,53594,49.0,3,179,0.510572,0.5385,True,False,body,30.0,29.0,-10.0
887,53642,6.0,1,48,0.510296,0.5222,True,False,wall,10.0,6.0,-10.0
888,53690,8.0,1,48,0.51002,0.5357,True,False,wall,10.0,8.0,-10.0
889,53755,-1.0,1,65,0.509646,0.5989,True,False,wall,10.0,-1.0,-10.0
890,53785,-11.0,0,30,0.509474,0.6428,True,False,wall,0.0,-1.0,-10.0
891,53899,29.0,2,114,0.50882,0.5567,True,False,wall,20.0,19.0,-10.0
892,53923,4.0,1,24,0.508682,0.5392,True,False,wall,10.0,4.0,-10.0
893,53951,6.0,1,28,0.508522,0.5848,True,False,wall,10.0,6.0,-10.0
894,54034,-12.0,0,83,0.508046,0.5443,True,False,wall,0.0,-2.0,-10.0
895,54194,17.0,2,160,0.507131,0.5109,True,False,wall,20.0,7.0,-10.0
896,54253,9.0,1,59,0.506794,0.6456,True,False,wall,10.0,9.0,-10.0
897,54269,-5.0,0,16,0.506703,0.5462,True,False,wall,0.0,5.0,-10.0
898,54310,0.0,0,41,0.506469,0.6483,True,False,wall,0.0,10.0,-10.0
899,54361,-16.0,0,51,0.506178,0.5787,True,False,wall,0.0,-6.0,-10.0
900,54391,19.0,2,30,0.506007,0.5261,True,False,wall,20.0,9.0,-10.0
901,54505,60.0,3,114,0.505357,0.5594,True,False,body,30.0,40.0,-10.0
902,54527,21.0,2,22,0.505232,0.7974,True,False,wall,20.0,11.0,-10.0
903,54587,18.0,1,60,0.504891,0.6215,True,False,wall,10.0,18.0,-10.0
904,54677,39.0,2,90,0.504379,0.5644,True,False,wall,20.0,29.0,-10.0
905,54724,13.0,1,47,0.504112,0.6014,True,False,wall,10.0,13.0,-10.0
906,54798,-3.0,0,74,0.503693,0.5548,True,False,wall,0.0,7.0,-10.0
907,54898,16.0,1,100,0.503126,0.5716,True,False,wall,10.0,16.0,-10.0
908,55009,17.0,1,111,0.502498,0.5491,True,False,wall,10.0,17.0,-10.0
909,55034,-2.0,0,25,0.502356,0.5937,True,False,wall,0.0,8.0,-10.0
910,55111,39.0,3,77,0.501921,0.5426,True,False,wall,30.0,19.0,-10.0
911,55192,20.0,2,81,0.501464,0.5143,True,False,wall,20.0,10.0,-10.0
912,55226,47.0,4,34,0.501272,0.5786,True,False,body,40.0,17.0,-10.0
913,55384,42.0,3,158,0.500381,0.5517,True,False,wall,30.0,22.0,-10.0
914,55673,45.0,3,289,0.498757,0.5925,True,False,wall,30.0,25.0,-10.0
915,55722,13.0,1,49,0.498483,0.5855,True,False,wall,10.0,13.0,-10.0
916,55915,28.0,2,193,0.497402,0.5867,True,False,wall,20.0,18.0,-10.0
917,55980,13.0,1,65,0.497039,0.6432,True,False,wall,10.0,13.0,-10.0
918,56058,34.0,1,78,0.496603,0.5642,True,False,wall,10.0,34.0,-10.0
919,56144,32.0,3,86,0.496123,0.5885,True,False,body,30.0,12.0,-10.0
920,56260,62.0,3,116,0.495477,0.6321,True,False,wall,30.0,42.0,-10.0
921,56419,38.0,2,159,0.494592,0.6119,True,False,wall,20.0,28.0,-10.0
922,56437,-9.0,0,18,0.494492,0.577,True,False,wall,0.0,1.0,-10.0
923,56449,-7.0,0,12,0.494425,0.6755,True,False,wall,0.0,3.0,-10.0
924,56480,7.0,1,31,0.494253,0.6373,True,False,wall,10.0,7.0,-10.0
925,56620,46.0,3,140,0.493476,0.5635,True,False,wall,30.0,26.0,-10.0
926,56737,22.0,2,117,0.492828,0.5644,True,False,wall,20.0,12.0,-10.0
927,56790,-4.0,0,53,0.492535,0.5826,True,False,wall,0.0,6.0,-10.0
928,56814,-11.0,0,24,0.492402,0.528,True,False,wall,0.0,-1.0,-10.0
929,56833,9.0,1,19,0.492297,0.5251,True,False,wall,10.0,9.0,-10.0
930,56855,-9.0,0,22,0.492176,0.5057,True,False,wall,0.0,1.0,-10.0
931,56915,1.0,0,60,0.491844,0.5499,True,False,wall,0.0,11.0,-10.0
932,56931,-15.0,0,16,0.491756,0.5582,True,False,wall,0.0,-5.0,-10.0
933,56958,-6.0,0,27,0.491607,0.6631,True,False,wall,0.0,4.0,-10.0
934,56987,-16.0,0,29,0.491447,0.6259,True,False,wall,0.0,-6.0,-10.0
935,57135,46.0,3,148,0.490631,0.5709,True,False,body,30.0,26.0,-10.0
936,57145,-5.0,0,10,0.490576,0.5175,True,False,wall,0.0,5.0,-10.0
937,57237,21.0,2,92,0.490069,0.6109,True,False,wall,20.0,11.0,-10.0
938,57307,-3.0,0,70,0.489684,0.5677,True,False,wall,0.0,7.0,-10.0
939,57429,16.0,1,122,0.489014,0.5305,True,False,wall,10.0,16.0,-10.0
940,57460,-8.0,0,31,0.488844,0.5702,True,False,wall,0.0,2.0,-10.0
941,57615,39.0,3,155,0.487995,0.6218,True,False,body,30.0,19.0,-10.0
942,57642,-2.0,0,27,0.487847,0.5531,True,False,wall,0.0,8.0,-10.0
943,57663,-10.0,0,21,0.487732,0.541,True,False,wall,0.0,0.0,-10.0
944,57745,6.0,1,82,0.487284,0.7214,True,False,wall,10.0,6.0,-10.0
945,57871,23.0,2,126,0.486596,0.5949,True,False,wall,20.0,13.0,-10.0
946,57908,11.0,1,37,0.486394,0.669,True,False,wall,10.0,11.0,-10.0
947,58042,30.0,3,134,0.485663,0.6239,True,False,body,30.0,10.0,-10.0
948,58095,11.0,1,53,0.485375,0.5676,True,False,wall,10.0,11.0,-10.0
949,58248,39.0,3,153,0.484543,0.6269,True,False,body,30.0,19.0,-10.0
950,58274,6.0,1,26,0.484402,0.6288,True,False,wall,10.0,6.0,-10.0
951,58305,11.0,1,31,0.484233,0.6397,True,False,wall,10.0,11.0,-10.0
952,58322,-8.0,0,17,0.484141,0.5461,True,False,wall,0.0,2.0,-10.0
953,58393,11.0,1,71,0.483756,0.5878,True,False,wall,10.0,11.0,-10.0
954,58418,0.0,0,25,0.483621,0.5194,True,False,wall,0.0,10.0,-10.0
955,58465,16.0,2,47,0.483366,0.5308,True,False,wall,20.0,6.0,-10.0
956,58496,5.0,1,31,0.483198,0.7508,True,False,wall,10.0,5.0,-10.0
957,58525,-10.0,0,29,0.483041,0.717,True,False,wall,0.0,0.0,-10.0
958,58564,-10.0,0,39,0.48283,0.604,True,False,wall,0.0,0.0,-10.0
959,58579,-6.0,0,15,0.482749,0.5086,True,False,wall,0.0,4.0,-10.0
960,58623,24.0,3,44,0.482511,0.6275,True,False,body,30.0,4.0,-10.0
961,58671,44.0,3,48,0.482251,0.6036,True,False,body,30.0,24.0,-10.0
962,58843,42.0,3,172,0.481323,0.5815,True,False,body,30.0,22.0,-10.0
963,58861,8.0,1,18,0.481226,0.6525,True,False,wall,10.0,8.0,-10.0
964,58973,-19.0,0,112,0.480623,0.629,True,False,wall,0.0,-9.0,-10.0
965,59005,1.0,0,32,0.48045,0.5918,True,False,wall,0.0,11.0,-10.0
966,59056,-14.0,0,51,0.480176,0.5414,True,False,wall,0.0,-4.0,-10.0
967,59139,51.0,3,83,0.47973,0.6132,True,False,body,30.0,31.0,-10.0
968,59240,49.0,3,101,0.479188,0.707,True,False,body,30.0,29.0,-10.0
969,59250,-3.0,0,10,0.479134,0.6148,True,False,wall,0.0,7.0,-10.0
970,59318,-1.0,0,68,0.47877,0.7262,True,False,wall,0.0,9.0,-10.0
971,59373,-2.0,0,55,0.478475,0.5975,True,False,wall,0.0,8.0,-10.0
972,59562,55.0,3,189,0.477464,0.633,True,False,body,30.0,35.0,-10.0
973,59586,-3.0,0,24,0.477336,0.6428,True,False,wall,0.0,7.0,-10.0
974,59614,1.0,0,28,0.477186,0.6242,True,False,wall,0.0,11.0,-10.0
975,59672,-11.0,0,58,0.476877,0.5991,True,False,wall,0.0,-1.0,-10.0
976,59753,-12.0,0,81,0.476445,0.6209,True,False,wall,0.0,-2.0,-10.0
977,59769,2.0,1,16,0.476359,0.5482,True,False,wall,10.0,2.0,-10.0
978,59803,8.0,1,34,0.476178,0.5986,True,False,wall,10.0,8.0,-10.0
979,59834,3.0,1,31,0.476013,0.5681,True,False,wall,10.0,3.0,-10.0
980,59948,27.0,2,114,0.475406,0.6539,True,False,wall,20.0,17.0,-10.0
981,59971,-6.0,0,23,0.475284,0.6681,True,False,wall,0.0,4.0,-10.0
982,59983,-11.0,0,12,0.47522,0.584,True,False,wall,0.0,-1.0,-10.0
983,60029,15.0,2,46,0.474976,0.5667,True,False,wall,20.0,5.0,-10.0
984,60045,-5.0,0,16,0.474891,0.5851,True,False,wall,0.0,5.0,-10.0
985,60074,-16.0,0,29,0.474737,0.5411,True,False,wall,0.0,-6.0,-10.0
986,60103,-2.0,0,29,0.474583,0.5395,True,False,wall,0.0,8.0,-10.0
987,60164,-8.0,0,61,0.474259,0.6019,True,False,wall,0.0,2.0,-10.0
988,60200,-13.0,0,36,0.474068,0.5658,True,False,wall,0.0,-3.0,-10.0
989,60213,-10.0,0,13,0.473999,0.5595,True,False,wall,0.0,0.0,-10.0
990,60263,16.0,1,50,0.473735,0.6943,True,False,wall,10.0,16.0,-10.0
991,60311,17.0,2,48,0.47348,0.5845,True,False,wall,20.0,7.0,-10.0
992,60441,60.0,3,130,0.472793,0.6462,True,False,body,30.0,40.0,-10.0
993,60461,-3.0,0,20,0.472687,0.6367,True,False,wall,0.0,7.0,-10.0
994,60620,43.0,3,159,0.471848,0.6246,True,False,body,30.0,23.0,-10.0
995,60743,49.0,3,123,0.4712,0.6376,True,False,body,30.0,29.0,-10.0
996,60758,-4.0,0,15,0.471121,0.6563,True,False,wall,0.0,6.0,-10.0
997,60864,21.0,2,106,0.470563,0.6278,True,False,wall,20.0,11.0,-10.0
998,60892,-9.0,0,28,0.470416,0.5593,True,False,wall,0.0,1.0,-10.0
999,60918,8.0,1,26,0.470279,0.5388,True,False,wall,10.0,8.0,-10.0
1000,60940,8.0,1,22,0.470164,0.6637,True,False,wall,10.0,8.0,-10.0
1001,61084,6.0,1,144,0.469408,0.6761,True,False,wall,10.0,6.0,-10.0
1002,61116,-3.0,0,32,0.469241,0.5615,True,False,wall,0.0,7.0,-10.0
1003,61131,22.0,2,15,0.469162,0.5481,True,False,wall,20.0,12.0,-10.0
1004,61152,-2.0,0,21,0.469052,0.6198,True,False,wall,0.0,8.0,-10.0
1005,61228,36.0,3,76,0.468654,0.6186,True,False,body,30.0,16.0,-10.0
1006,61284,29.0,2,56,0.468361,0.6308,True,False,wall,20.0,19.0,-10.0
1007,61312,36.0,3,28,0.468215,0.5956,True,False,body,30.0,16.0,-10.0
1008,61340,6.0,1,28,0.468068,0.7133,True,False,wall,10.0,6.0,-10.0
1009,61393,17.0,1,53,0.467791,0.6294,True,False,wall,10.0,17.0,-10.0
1010,61467,4.0,1,74,0.467405,0.5741,True,False,wall,10.0,4.0,-10.0
1011,61536,26.0,2,69,0.467045,0.6756,True,False,wall,20.0,16.0,-10.0
1012,61562,25.0,2,26,0.46691,0.671,True,False,wall,20.0,15.0,-10.0
1013,61685,28.0,2,123,0.466269,0.6193,True,False,wall,20.0,18.0,-10.0
1014,61712,-10.0,0,27,0.466129,0.6137,True,False,wall,0.0,0.0,-10.0
1015,61733,-4.0,0,21,0.46602,0.5936,True,False,wall,0.0,6.0,-10.0
1016,61776,5.0,1,43,0.465796,0.6692,True,False,wall,10.0,5.0,-10.0
1017,61816,-11.0,0,40,0.465588,0.6901,True,False,wall,0.0,-1.0,-10.0
1018,61843,9.0,1,27,0.465448,0.5648,True,False,wall,10.0,9.0,-10.0
1019,61855,-7.0,0,12,0.465386,0.6146,True,False,wall,0.0,3.0,-10.0
1020,61918,15.0,1,63,0.465059,0.7683,True,False,wall,10.0,15.0,-10.0
1021,61975,-14.0,0,57,0.464763,0.7059,True,False,wall,0.0,-4.0,-10.0
1022,62015,-7.0,0,40,0.464556,0.7184,True,False,wall,0.0,3.0,-10.0
1023,62031,-7.0,0,16,0.464473,0.6899,True,False,wall,0.0,3.0,-10.0
1024,62079,27.0,2,48,0.464224,0.7364,True,False,wall,20.0,17.0,-10.0
1025,62122,28.0,2,43,0.464002,0.6817,True,False,wall,20.0,18.0,-10.0
1026,62228,23.0,2,106,0.463453,0.6954,True,False,wall,20.0,13.0,-10.0
1027,62273,-1.0,1,45,0.463221,0.6369,True,False,wall,10.0,-1.0,-10.0
1028,62292,7.0,1,19,0.463123,0.6319,True,False,wall,10.0,7.0,-10.0
1029,62372,54.0,3,80,0.46271,0.6152,True,False,body,30.0,34.0,-10.0
1030,62467,24.0,2,95,0.46222,0.6205,True,False,wall,20.0,14.0,-10.0
1031,62605,33.0,2,138,0.46151,0.6206,True,False,wall,20.0,23.0,-10.0
1032,62715,-17.0,0,110,0.460944,0.6715,True,False,wall,0.0,-7.0,-10.0
1033,62740,-14.0,0,25,0.460816,0.5983,True,False,wall,0.0,-4.0,-10.0
1034,62833,36.0,2,93,0.460338,0.5893,True,False,wall,20.0,26.0,-10.0
1035,62888,7.0,1,55,0.460056,0.5945,True,False,wall,10.0,7.0,-10.0
1036,62932,-9.0,0,44,0.459831,0.593,True,False,wall,0.0,1.0,-10.0
1037,63113,47.0,3,181,0.458905,0.5718,True,False,body,30.0,27.0,-10.0
1038,63166,25.0,3,53,0.458634,0.5489,True,False,wall,30.0,5.0,-10.0
1039,63226,35.0,2,60,0.458328,0.573,True,False,wall,20.0,25.0,-10.0
1040,63240,-1.0,0,14,0.458256,0.6023,True,False,wall,0.0,9.0,-10.0
1041,63272,16.0,1,32,0.458093,0.5853,True,False,wall,10.0,16.0,-10.0
1042,63340,12.0,1,68,0.457746,0.5816,True,False,wall,10.0,12.0,-10.0
1043,63435,39.0,3,95,0.457262,0.6158,True,False,wall,30.0,19.0,-10.0
1044,63494,20.0,2,59,0.456962,0.6127,True,False,wall,20.0,10.0,-10.0
1045,63576,-13.0,0,82,0.456545,0.5733,True,False,wall,0.0,-3.0,-10.0
1046,63612,-1.0,0,36,0.456362,0.5541,True,False,wall,0.0,9.0,-10.0
1047,63774,38.0,3,162,0.45554,0.6175,True,False,body,30.0,18.0,-10.0
1048,64042,75.0,4,268,0.454184,0.6155,True,False,body,40.0,45.0,-10.0
1049,64090,19.0,2,48,0.453941,0.5945,True,False,wall,20.0,9.0,-10.0
1050,64114,-1.0,0,24,0.45382,0.6233,True,False,wall,0.0,9.0,-10.0
1051,64157,-2.0,0,43,0.453603,0.6229,True,False,wall,0.0,8.0,-10.0
1052,64216,11.0,1,59,0.453306,0.5695,True,False,wall,10.0,11.0,-10.0
1053,64244,1.0,0,28,0.453165,0.6611,True,False,wall,0.0,11.0,-10.0
1054,64317,26.0,2,73,0.452797,0.712,True,False,wall,20.0,16.0,-10.0
1055,64370,17.0,1,53,0.45253,0.6282,True,False,wall,10.0,17.0,-10.0
1056,64438,31.0,2,68,0.452188,0.5839,True,False,wall,20.0,21.0,-10.0
1057,64481,37.0,3,43,0.451972,0.5956,True,False,body,30.0,17.0,-10.0
1058,64513,23.0,2,32,0.451811,0.5297,True,False,wall,20.0,13.0,-10.0
1059,64554,15.0,1,41,0.451605,0.5745,True,False,wall,10.0,15.0,-10.0
1060,64583,11.0,1,29,0.45146,0.6202,True,False,wall,10.0,11.0,-10.0
1061,64660,54.0,4,77,0.451074,0.6249,True,False,wall,40.0,24.0,-10.0
1062,64871,24.0,2,211,0.450017,0.6353,True,False,wall,20.0,14.0,-10.0
1063,64997,36.0,3,126,0.449388,0.6383,True,False,body,30.0,16.0,-10.0
1064,65085,42.0,3,88,0.448948,0.6196,True,False,body,30.0,22.0,-10.0
1065,65143,4.0,1,58,0.448659,0.6889,True,False,wall,10.0,4.0,-10.0
1066,65181,10.0,1,38,0.44847,0.6599,True,False,wall,10.0,10.0,-10.0
1067,65210,-8.0,0,29,0.448326,0.6574,True,False,wall,0.0,2.0,-10.0
1068,65233,7.0,1,23,0.448211,0.606,True,False,wall,10.0,7.0,-10.0
1069,65304,-10.0,0,71,0.447858,0.6932,True,False,wall,0.0,0.0,-10.0
1070,65319,-2.0,0,15,0.447783,0.6707,True,False,wall,0.0,8.0,-10.0
1071,65449,62.0,3,130,0.447137,0.6604,True,False,body,30.0,42.0,-10.0
1072,65469,10.0,1,20,0.447038,0.6509,True,False,wall,10.0,10.0,-10.0
1073,65485,-17.0,0,16,0.446959,0.7018,True,False,wall,0.0,-7.0,-10.0
1074,65533,42.0,3,48,0.446721,0.659,True,False,body,30.0,22.0,-10.0
1075,65791,0.0,1,258,0.445443,0.7571,True,False,wall,10.0,0.0,-10.0
1076,65811,-7.0,0,20,0.445344,0.6871,True,False,wall,0.0,3.0,-10.0
1077,65931,46.0,3,120,0.444752,0.7343,True,False,body,30.0,26.0,-10.0
1078,65984,39.0,3,53,0.44449,0.7825,True,False,body,30.0,19.0,-10.0
1079,66048,2.0,1,64,0.444175,0.6406,True,False,wall,10.0,2.0,-10.0
1080,66144,8.0,1,96,0.443702,0.6672,True,False,wall,10.0,8.0,-10.0
1081,66249,39.0,3,105,0.443186,0.7713,True,False,body,30.0,19.0,-10.0
1082,66292,7.0,1,43,0.442975,0.6919,True,False,wall,10.0,7.0,-10.0
1083,66365,-8.0,0,73,0.442616,0.7875,True,False,wall,0.0,2.0,-10.0
1084,66394,13.0,1,29,0.442474,0.6224,True,False,wall,10.0,13.0,-10.0
1085,66466,46.0,3,72,0.442121,0.6123,True,False,wall,30.0,26.0,-10.0
1086,66481,9.0,1,15,0.442047,0.6139,True,False,wall,10.0,9.0,-10.0
1087,66553,2.0,1,72,0.441695,0.6025,True,False,wall,10.0,2.0,-10.0
1088,66665,44.0,3,112,0.441147,0.7282,True,False,wall,30.0,24.0,-10.0
1089,66701,-7.0,0,36,0.440971,0.6332,True,False,wall,0.0,3.0,-10.0
1090,66713,-1.0,0,12,0.440912,0.6409,True,False,wall,0.0,9.0,-10.0
1091,66868,5.0,1,155,0.440155,0.6467,True,False,wall,10.0,5.0,-10.0
1092,66891,-2.0,0,23,0.440043,0.636,True,False,wall,0.0,8.0,-10.0
1093,66917,-3.0,0,26,0.439916,0.6004,True,False,wall,0.0,7.0,-10.0
1094,66927,-3.0,0,10,0.439868,0.577,True,False,wall,0.0,7.0,-10.0
1095,66945,-5.0,0,18,0.43978,0.6873,True,False,wall,0.0,5.0,-10.0
1096,66981,2.0,1,36,0.439605,0.7758,True,False,wall,10.0,2.0,-10.0
1097,67054,-6.0,0,73,0.439249,0.6057,True,False,wall,0.0,4.0,-10.0
1098,67109,11.0,1,55,0.438982,0.7874,True,False,wall,10.0,11.0,-10.0
1099,67197,24.0,1,88,0.438554,0.6482,True,False,wall,10.0,24.0,-10.0
1100,67355,56.0,3,158,0.437787,0.6883,True,False,body,30.0,36.0,-10.0
1101,67414,45.0,3,59,0.437502,0.7303,True,False,wall,30.0,25.0,-10.0
1102,67433,-6.0,0,19,0.437409,0.6736,True,False,wall,0.0,4.0,-10.0
1103,67505,23.0,2,72,0.437061,0.6948,True,False,wall,20.0,13.0,-10.0
1104,67526,1.0,1,21,0.436959,0.883,True,False,wall,10.0,1.0,-10.0
1105,67619,32.0,2,93,0.43651,0.6842,True,False,wall,20.0,22.0,-10.0
1106,67643,10.0,1,24,0.436394,0.6291,True,False,wall,10.0,10.0,-10.0
1107,67671,-11.0,0,28,0.436259,0.6252,True,False,wall,0.0,-1.0,-10.0
1108,67712,11.0,1,41,0.436061,0.7024,True,False,wall,10.0,11.0,-10.0
1109,67757,15.0,1,45,0.435844,0.6228,True,False,wall,10.0,15.0,-10.0
1110,67878,21.0,1,121,0.435261,0.647,True,False,wall,10.0,21.0,-10.0
1111,68003,30.0,2,125,0.434659,0.6476,True,False,wall,20.0,20.0,-10.0
1112,68020,-4.0,0,17,0.434577,0.6046,True,False,wall,0.0,6.0,-10.0
1113,68090,21.0,2,70,0.434241,0.6925,True,False,wall,20.0,11.0,-10.0
1114,68189,-10.0,0,99,0.433766,0.6164,True,False,wall,0.0,0.0,-10.0
1115,68217,-9.0,0,28,0.433631,0.5788,True,False,wall,0.0,1.0,-10.0
1116,68273,10.0,1,56,0.433363,0.6589,True,False,wall,10.0,10.0,-10.0
1117,68326,13.0,1,53,0.433109,0.6587,True,False,wall,10.0,13.0,-10.0
1118,68404,15.0,2,78,0.432736,0.5888,True,False,wall,20.0,5.0,-10.0
1119,68455,22.0,2,51,0.432492,0.6026,True,False,wall,20.0,12.0,-10.0
1120,68551,35.0,2,96,0.432033,0.5776,True,False,wall,20.0,25.0,-10.0
1121,68572,1.0,1,21,0.431933,0.6129,True,False,wall,10.0,1.0,-10.0
1122,68659,29.0,3,87,0.431518,0.6302,True,False,body,30.0,9.0,-10.0
1123,68683,-5.0,0,24,0.431403,0.6158,True,False,wall,0.0,5.0,-10.0
1124,68777,42.0,3,94,0.430955,0.6594,True,False,body,30.0,22.0,-10.0
1125,68916,65.0,3,139,0.430294,0.6169,True,False,body,30.0,45.0,-10.0
1126,69014,10.0,1,98,0.429828,0.7035,True,False,wall,10.0,10.0,-10.0
1127,69048,-7.0,0,34,0.429667,0.6415,True,False,wall,0.0,3.0,-10.0
1128,69075,-4.0,0,27,0.429539,0.6286,True,False,wall,0.0,6.0,-10.0
1129,69090,-10.0,0,15,0.429468,0.5577,True,False,wall,0.0,0.0,-10.0
1130,69101,-4.0,0,11,0.429416,0.6078,True,False,wall,0.0,6.0,-10.0
1131,69143,2.0,1,42,0.429216,0.6019,True,False,wall,10.0,2.0,-10.0
1132,69206,19.0,1,63,0.428918,0.6212,True,False,wall,10.0,19.0,-10.0
1133,69258,8.0,1,52,0.428672,0.6155,True,False,wall,10.0,8.0,-10.0
1134,69305,-8.0,0,47,0.428449,0.8483,True,False,wall,0.0,2.0,-10.0
1135,69344,13.0,1,39,0.428265,0.6713,True,False,wall,10.0,13.0,-10.0
1136,69445,47.0,3,101,0.427788,0.7119,True,False,body,30.0,27.0,-10.0
1137,69462,0.0,0,17,0.427707,0.7931,True,False,wall,0.0,10.0,-10.0
1138,69500,-5.0,0,38,0.427528,0.8362,True,False,wall,0.0,5.0,-10.0
1139,69606,54.0,3,106,0.427028,0.7249,True,False,body,30.0,34.0,-10.0
1140,69636,-15.0,0,30,0.426887,1.0069,True,False,wall,0.0,-5.0,-10.0
1141,69655,-10.0,0,19,0.426797,0.6967,True,False,wall,0.0,0.0,-10.0
1142,69666,0.0,0,11,0.426745,0.5616,True,False,wall,0.0,10.0,-10.0
1143,69703,24.0,2,37,0.426571,0.7871,True,False,wall,20.0,14.0,-10.0
1144,69726,7.0,1,23,0.426463,0.8965,True,False,wall,10.0,7.0,-10.0
1145,69817,24.0,2,91,0.426035,0.636,True,False,wall,20.0,14.0,-10.0
1146,69989,2.0,1,172,0.425227,0.7344,True,False,wall,10.0,2.0,-10.0
1147,70065,29.0,2,76,0.424871,0.6673,True,False,wall,20.0,19.0,-10.0
1148,70199,23.0,2,134,0.424244,0.6953,True,False,wall,20.0,13.0,-10.0
1149,70214,2.0,0,15,0.424174,0.6194,True,False,wall,0.0,12.0,-10.0
1150,70337,44.0,2,123,0.423599,0.727,True,False,wall,20.0,34.0,-10.0
1151,70392,7.0,1,55,0.423342,0.6195,True,False,wall,10.0,7.0,-10.0
1152,70525,3.0,1,133,0.422722,0.777,True,False,wall,10.0,3.0,-10.0
1153,70561,8.0,1,36,0.422554,0.7418,True,False,wall,10.0,8.0,-10.0
1154,70605,17.0,2,44,0.422349,0.6604,True,False,wall,20.0,7.0,-10.0
1155,70650,-8.0,0,45,0.42214,0.7487,True,False,wall,0.0,2.0,-10.0
1156,70682,21.0,2,32,0.421991,0.7535,True,False,wall,20.0,11.0,-10.0
1157,70777,-6.0,0,95,0.42155,0.6367,True,False,wall,0.0,4.0,-10.0
1158,70861,48.0,3,84,0.42116,0.6144,True,False,body,30.0,28.0,-10.0
1159,70964,57.0,3,103,0.420682,0.676,True,False,body,30.0,37.0,-10.0
1160,71050,14.0,1,86,0.420284,0.7362,True,False,wall,10.0,14.0,-10.0
1161,71119,9.0,1,69,0.419965,0.6876,True,False,wall,10.0,9.0,-10.0
1162,71190,24.0,2,71,0.419636,0.6131,True,False,wall,20.0,14.0,-10.0
1163,71209,0.0,0,19,0.419549,0.5701,True,False,wall,0.0,10.0,-10.0
1164,71227,-1.0,0,18,0.419465,0.6372,True,False,wall,0.0,9.0,-10.0
1165,71258,26.0,2,31,0.419322,0.6026,True,False,wall,20.0,16.0,-10.0
1166,71344,-11.0,0,86,0.418926,0.6229,True,False,wall,0.0,-1.0,-10.0
1167,71445,39.0,3,101,0.41846,0.7178,True,False,body,30.0,19.0,-10.0
1168,71481,0.0,1,36,0.418294,0.6511,True,False,wall,10.0,0.0,-10.0
1169,71528,-10.0,0,47,0.418078,0.6635,True,False,wall,0.0,0.0,-10.0
1170,71567,22.0,2,39,0.417899,0.6735,True,False,wall,20.0,12.0,-10.0
1171,71661,30.0,3,94,0.417467,0.6997,True,False,body,30.0,10.0,-10.0
1172,71695,4.0,1,34,0.41731,0.591,True,False,wall,10.0,4.0,-10.0
1173,71735,12.0,1,40,0.417127,0.609,True,False,wall,10.0,12.0,-10.0
1174,71794,24.0,2,59,0.416856,0.7048,True,False,wall,20.0,14.0,-10.0
1175,71881,32.0,2,87,0.416457,0.6531,True,False,wall,20.0,22.0,-10.0
1176,71906,7.0,1,25,0.416343,0.8544,True,False,wall,10.0,7.0,-10.0
1177,71981,24.0,2,75,0.416,0.7589,True,False,wall,20.0,14.0,-10.0
1178,71997,-3.0,0,16,0.415926,0.602,True,False,wall,0.0,7.0,-10.0
1179,72032,2.0,0,35,0.415766,0.7675,True,False,wall,0.0,12.0,-10.0
1180,72047,7.0,1,15,0.415698,0.9932,True,False,wall,10.0,7.0,-10.0
1181,72171,54.0,3,124,0.415131,0.6519,True,False,body,30.0,34.0,-10.0
1182,72360,22.0,2,189,0.41427,0.6461,True,False,wall,20.0,12.0,-10.0
1183,72492,54.0,3,132,0.413669,0.7263,True,False,body,30.0,34.0,-10.0
1184,72587,49.0,3,95,0.413238,0.8952,True,False,wall,30.0,29.0,-10.0
1185,72647,3.0,0,60,0.412965,0.7302,True,False,wall,0.0,13.0,-10.0
1186,72721,29.0,2,74,0.41263,0.6133,True,False,wall,20.0,19.0,-10.0
1187,72803,-13.0,0,82,0.412258,0.6681,True,False,wall,0.0,-3.0,-10.0
1188,73004,32.0,2,201,0.411349,0.655,True,False,wall,20.0,22.0,-10.0
1189,73098,0.0,1,94,0.410925,0.6669,True,False,wall,10.0,0.0,-10.0
1190,73256,46.0,3,158,0.410213,0.6946,True,False,body,30.0,26.0,-10.0
1191,73380,8.0,1,124,0.409655,0.7405,True,False,wall,10.0,8.0,-10.0
1192,73399,-2.0,0,19,0.409569,0.6862,True,False,wall,0.0,8.0,-10.0
1193,73560,24.0,2,161,0.408847,0.7244,True,False,wall,20.0,14.0,-10.0
1194,73691,32.0,2,131,0.408259,0.7679,True,False,wall,20.0,22.0,-10.0
1195,73732,22.0,2,41,0.408076,0.6958,True,False,wall,20.0,12.0,-10.0
1196,73809,9.0,1,77,0.407731,0.6854,True,False,wall,10.0,9.0,-10.0
1197,73950,34.0,2,141,0.407101,0.702,True,False,wall,20.0,24.0,-10.0
1198,73981,2.0,0,31,0.406963,0.6875,True,False,wall,0.0,12.0,-10.0
1199,74033,10.0,1,52,0.406731,0.6563,True,False,wall,10.0,10.0,-10.0
1200,74051,-5.0,0,18,0.406651,0.7432,True,False,wall,0.0,5.0,-10.0
1201,74064,-10.0,0,13,0.406593,0.6899,True,False,wall,0.0,0.0,-10.0
1202,74142,-1.0,0,78,0.406245,0.6958,True,False,wall,0.0,9.0,-10.0
1203,74241,-1.0,1,99,0.405805,0.6127,True,False,wall,10.0,-1.0,-10.0
1204,74258,-4.0,0,17,0.405729,0.5829,True,False,wall,0.0,6.0,-10.0
1205,74270,-19.0,0,12,0.405676,0.8323,True,False,wall,0.0,-9.0,-10.0
1206,74286,-1.0,0,16,0.405605,0.7034,True,False,wall,0.0,9.0,-10.0
1207,74307,-6.0,0,21,0.405511,0.6827,True,False,wall,0.0,4.0,-10.0
1208,74336,-10.0,0,29,0.405383,0.6617,True,False,wall,0.0,0.0,-10.0
1209,74367,-6.0,0,31,0.405245,0.6438,True,False,wall,0.0,4.0,-10.0
1210,74380,-6.0,0,13,0.405187,0.6159,True,False,wall,0.0,4.0,-10.0
1211,74452,14.0,1,72,0.404868,0.6403,True,False,wall,10.0,14.0,-10.0
1212,74547,47.0,3,95,0.404446,0.5894,True,False,body,30.0,27.0,-10.0
1213,74695,50.0,3,148,0.403791,0.6364,True,False,body,30.0,30.0,-10.0
1214,74711,8.0,1,16,0.403721,0.619,True,False,wall,10.0,8.0,-10.0
1215,74768,15.0,1,57,0.403469,0.6609,True,False,wall,10.0,15.0,-10.0
1216,74803,26.0,2,35,0.403314,0.6454,True,False,wall,20.0,16.0,-10.0
1217,74859,-3.0,0,56,0.403067,0.6427,True,False,wall,0.0,7.0,-10.0
1218,74930,24.0,2,71,0.402754,0.6441,True,False,wall,20.0,14.0,-10.0
1219,75117,26.0,2,187,0.40193,0.6719,True,False,wall,20.0,16.0,-10.0
1220,75159,16.0,1,42,0.401745,0.6642,True,False,wall,10.0,16.0,-10.0
1221,75301,20.0,1,142,0.401121,0.6254,True,False,wall,10.0,20.0,-10.0
1222,75332,13.0,1,31,0.400985,0.8629,True,False,wall,10.0,13.0,-10.0
1223,75430,36.0,3,98,0.400556,0.6738,True,False,body,30.0,16.0,-10.0
1224,75477,-3.0,1,47,0.40035,0.6778,True,False,wall,10.0,-3.0,-10.0
1225,75531,33.0,2,54,0.400113,0.7043,True,False,wall,20.0,23.0,-10.0
1226,75633,10.0,1,102,0.399667,0.6586,True,False,wall,10.0,10.0,-10.0
1227,75677,-13.0,0,44,0.399475,0.8616,True,False,wall,0.0,-3.0,-10.0
1228,75690,-4.0,0,13,0.399418,0.7381,True,False,wall,0.0,6.0,-10.0
1229,75737,19.0,1,47,0.399213,0.6703,True,False,wall,10.0,19.0,-10.0
1230,75762,26.0,2,25,0.399104,0.7,True,False,wall,20.0,16.0,-10.0
1231,75785,9.0,1,23,0.399004,0.669,True,False,wall,10.0,9.0,-10.0
1232,75897,10.0,1,112,0.398515,0.6506,True,False,wall,10.0,10.0,-10.0
1233,75933,-5.0,0,36,0.398359,0.6006,True,False,wall,0.0,5.0,-10.0
1234,75984,34.0,2,51,0.398137,0.615,True,False,wall,20.0,24.0,-10.0
1235,76019,18.0,2,35,0.397984,0.6979,True,False,wall,20.0,8.0,-10.0
1236,76146,45.0,3,127,0.397432,0.6861,True,False,body,30.0,25.0,-10.0
1237,76246,8.0,1,100,0.396998,0.6737,True,False,wall,10.0,8.0,-10.0
1238,76266,8.0,1,20,0.396912,0.6816,True,False,wall,10.0,8.0,-10.0
1239,76392,46.0,3,126,0.396366,0.7229,True,False,body,30.0,26.0,-10.0
1240,76423,14.0,2,31,0.396231,0.6328,True,False,wall,20.0,4.0,-10.0
1241,76477,44.0,3,54,0.395998,0.7215,True,False,body,30.0,24.0,-10.0
1242,76500,0.0,0,23,0.395898,0.7599,True,False,wall,0.0,10.0,-10.0
1243,76544,29.0,2,44,0.395708,0.7137,True,False,wall,20.0,19.0,-10.0
1244,76566,-5.0,0,22,0.395613,0.8156,True,False,wall,0.0,5.0,-10.0
1245,76673,34.0,2,107,0.395151,0.754,True,False,wall,20.0,24.0,-10.0
1246,76741,29.0,2,68,0.394858,0.7121,True,False,wall,20.0,19.0,-10.0
1247,76799,21.0,2,58,0.394608,0.7571,True,False,wall,20.0,11.0,-10.0
1248,76868,11.0,1,69,0.394311,0.7087,True,False,wall,10.0,11.0,-10.0
1249,76952,12.0,1,84,0.393949,0.6666,True,False,wall,10.0,12.0,-10.0
1250,77000,17.0,2,48,0.393743,0.7587,True,False,wall,20.0,7.0,-10.0
1251,77025,-4.0,0,25,0.393636,0.6449,True,False,wall,0.0,6.0,-10.0
1252,77113,38.0,3,88,0.393258,0.7514,True,False,body,30.0,18.0,-10.0
1253,77223,14.0,1,110,0.392786,0.7135,True,False,wall,10.0,14.0,-10.0
1254,77274,-6.0,0,51,0.392568,0.7931,True,False,wall,0.0,4.0,-10.0
1255,77331,24.0,2,57,0.392324,0.6836,True,False,wall,20.0,14.0,-10.0
1256,77446,61.0,3,115,0.391832,0.788,True,False,body,30.0,41.0,-10.0
1257,77563,26.0,2,117,0.391333,0.673,True,False,wall,20.0,16.0,-10.0
1258,77609,-5.0,0,46,0.391136,0.7346,True,False,wall,0.0,5.0,-10.0
1259,77622,11.0,1,13,0.391081,0.6831,True,False,wall,10.0,11.0,-10.0
1260,77642,-3.0,0,20,0.390996,0.662,True,False,wall,0.0,7.0,-10.0
1261,77667,7.0,1,25,0.390889,0.6864,True,False,wall,10.0,7.0,-10.0
1262,77827,39.0,2,160,0.390208,0.7166,True,False,wall,20.0,29.0,-10.0
1263,77848,-4.0,0,21,0.390119,0.6526,True,False,wall,0.0,6.0,-10.0
1264,77876,-1.0,0,28,0.39,0.6322,True,False,wall,0.0,9.0,-10.0
1265,77916,24.0,1,40,0.38983,0.7013,True,False,wall,10.0,24.0,-10.0
1266,78019,22.0,2,103,0.389393,0.6408,True,False,wall,20.0,12.0,-10.0
1267,78049,2.0,1,30,0.389265,0.6515,True,False,wall,10.0,2.0,-10.0
1268,78326,41.0,3,277,0.388093,0.6513,True,False,body,30.0,21.0,-10.0
1269,78407,37.0,3,81,0.38775,0.6149,True,False,body,30.0,17.0,-10.0
1270,78515,10.0,1,108,0.387295,0.677,True,False,wall,10.0,10.0,-10.0
1271,78591,40.0,3,76,0.386975,0.6326,True,False,body,30.0,20.0,-10.0
1272,78649,42.0,3,58,0.38673,0.6506,True,False,body,30.0,22.0,-10.0
1273,78673,10.0,1,24,0.386629,1.0483,True,False,wall,10.0,10.0,-10.0
1274,78762,49.0,3,89,0.386255,0.7379,True,False,body,30.0,29.0,-10.0
1275,78828,-5.0,0,66,0.385978,0.6561,True,False,wall,0.0,5.0,-10.0
1276,79036,30.0,3,208,0.385105,0.69,True,False,body,30.0,10.0,-10.0
1277,79125,41.0,3,89,0.384733,0.7202,True,False,body,30.0,21.0,-10.0
1278,79230,24.0,2,105,0.384294,0.7231,True,False,wall,20.0,14.0,-10.0
1279,79319,40.0,2,89,0.383922,0.7475,True,False,wall,20.0,30.0,-10.0
1280,79341,2.0,1,22,0.38383,0.929,True,False,wall,10.0,2.0,-10.0
1281,79389,-5.0,0,48,0.38363,0.7511,True,False,wall,0.0,5.0,-10.0
1282,79472,33.0,3,83,0.383284,0.8046,True,False,wall,30.0,13.0,-10.0
1283,79571,37.0,3,99,0.382872,0.6984,True,False,wall,30.0,17.0,-10.0
1284,79617,-9.0,0,46,0.38268,0.7035,True,False,wall,0.0,1.0,-10.0
1285,79628,-4.0,0,11,0.382635,0.7341,True,False,wall,0.0,6.0,-10.0
1286,79661,20.0,2,33,0.382497,0.6942,True,False,wall,20.0,10.0,-10.0
1287,79726,43.0,3,65,0.382227,0.7004,True,False,body,30.0,23.0,-10.0
1288,79746,-3.0,0,20,0.382144,0.6814,True,False,wall,0.0,7.0,-10.0
1289,79818,33.0,2,72,0.381846,0.6689,True,False,wall,20.0,23.0,-10.0
1290,79958,73.0,4,140,0.381265,0.6908,True,False,body,40.0,43.0,-10.0
1291,80011,13.0,1,53,0.381046,0.7425,True,False,wall,10.0,13.0,-10.0
1292,80214,64.0,4,203,0.380207,0.709,True,False,body,40.0,34.0,-10.0
1293,80236,-5.0,0,22,0.380116,0.7615,True,False,wall,0.0,5.0,-10.0
1294,80280,14.0,1,44,0.379935,0.8672,True,False,wall,10.0,14.0,-10.0
1295,80324,42.0,3,44,0.379753,0.6875,True,False,body,30.0,22.0,-10.0
1296,80350,-7.0,0,26,0.379646,0.9696,True,False,wall,0.0,3.0,-10.0
1297,80514,43.0,2,164,0.378971,0.7808,True,False,wall,20.0,33.0,-10.0
1298,80563,11.0,1,49,0.37877,0.7889,True,False,wall,10.0,11.0,-10.0
1299,80615,23.0,2,52,0.378556,0.7085,True,False,wall,20.0,13.0,-10.0
1300,80730,53.0,3,115,0.378084,0.7305,True,False,body,30.0,33.0,-10.0
1301,80826,33.0,2,96,0.377691,0.6549,True,False,wall,20.0,23.0,-10.0
1302,80943,41.0,3,117,0.377212,0.6572,True,False,body,30.0,21.0,-10.0
1303,81039,-13.0,0,96,0.376819,0.6647,True,False,wall,0.0,-3.0,-10.0
1304,81071,-5.0,0,32,0.376689,0.6461,True,False,wall,0.0,5.0,-10.0
1305,81137,6.0,1,66,0.376419,0.7494,True,False,wall,10.0,6.0,-10.0
1306,81251,56.0,3,114,0.375954,0.7595,True,False,body,30.0,36.0,-10.0
1307,81355,36.0,3,104,0.375531,0.7763,True,False,body,30.0,16.0,-10.0
1308,81427,36.0,3,72,0.375238,0.7487,True,False,body,30.0,16.0,-10.0
1309,81568,52.0,4,141,0.374665,0.6793,True,False,body,40.0,22.0,-10.0
1310,81655,32.0,2,87,0.374312,0.805,True,False,wall,20.0,22.0,-10.0
1311,81669,-5.0,0,14,0.374256,0.7002,True,False,wall,0.0,5.0,-10.0
1312,81761,8.0,1,92,0.373883,0.7358,True,False,wall,10.0,8.0,-10.0
1313,81848,45.0,3,87,0.373531,0.8856,True,False,body,30.0,25.0,-10.0
1314,81899,49.0,3,51,0.373325,0.8782,True,False,body,30.0,29.0,-10.0
1315,82117,36.0,3,218,0.372445,0.7287,True,False,wall,30.0,16.0,-10.0
1316,82212,7.0,1,95,0.372062,0.8166,True,False,wall,10.0,7.0,-10.0
1317,82361,48.0,4,149,0.371463,0.7591,True,False,body,40.0,18.0,-10.0
1318,82430,47.0,3,69,0.371186,0.7274,True,False,body,30.0,27.0,-10.0
1319,82524,72.0,5,94,0.370809,0.7318,True,False,body,50.0,32.0,-10.0
1320,82538,-5.0,0,14,0.370752,0.7395,True,False,wall,0.0,5.0,-10.0
1321,82624,56.0,3,86,0.370408,0.6973,True,False,wall,30.0,36.0,-10.0
1322,82653,-10.0,0,29,0.370292,0.7333,True,False,wall,0.0,0.0,-10.0
1323,82683,-5.0,0,30,0.370172,0.7374,True,False,wall,0.0,5.0,-10.0
1324,82738,11.0,1,55,0.369952,0.7637,True,False,wall,10.0,11.0,-10.0
1325,82863,21.0,1,125,0.369452,0.7343,True,False,wall,10.0,21.0,-10.0
1326,82949,58.0,3,86,0.369109,0.7574,True,False,body,30.0,38.0,-10.0
1327,82982,24.0,2,33,0.368977,0.7109,True,False,wall,20.0,14.0,-10.0
1328,83013,-10.0,0,31,0.368854,0.675,True,False,wall,0.0,0.0,-10.0
1329,83083,10.0,1,70,0.368575,0.7316,True,False,wall,10.0,10.0,-10.0
1330,83189,36.0,3,106,0.368153,0.714,True,False,body,30.0,16.0,-10.0
1331,83244,7.0,1,55,0.367934,0.8259,True,False,wall,10.0,7.0,-10.0
1332,83329,1.0,1,85,0.367597,0.7735,True,False,wall,10.0,1.0,-10.0
1333,83359,47.0,4,30,0.367478,0.7455,True,False,body,40.0,17.0,-10.0
1334,83510,41.0,3,151,0.366879,0.7731,True,False,wall,30.0,21.0,-10.0
1335,83601,13.0,1,91,0.366519,0.7824,True,False,wall,10.0,13.0,-10.0
1336,83762,45.0,3,161,0.365882,0.7516,True,False,body,30.0,25.0,-10.0
1337,83951,63.0,3,189,0.365137,0.7611,True,False,wall,30.0,43.0,-10.0
1338,84024,19.0,1,73,0.36485,0.818,True,False,wall,10.0,19.0,-10.0
1339,84154,36.0,3,130,0.364338,0.7442,True,False,body,30.0,16.0,-10.0
1340,84167,-2.0,0,13,0.364287,0.7334,True,False,wall,0.0,8.0,-10.0
1341,84199,-15.0,0,32,0.364162,0.6512,True,False,wall,0.0,-5.0,-10.0
1342,84214,-4.0,0,15,0.364103,0.6986,True,False,wall,0.0,6.0,-10.0
1343,84297,39.0,3,83,0.363777,0.6875,True,False,wall,30.0,19.0,-10.0
1344,84341,10.0,1,44,0.363604,0.6825,True,False,wall,10.0,10.0,-10.0
1345,84354,-2.0,0,13,0.363553,0.6488,True,False,wall,0.0,8.0,-10.0
1346,84450,40.0,3,96,0.363177,0.7253,True,False,body,30.0,20.0,-10.0
1347,84512,19.0,2,62,0.362935,0.6846,True,False,wall,20.0,9.0,-10.0
1348,84631,43.0,3,119,0.36247,0.6991,True,False,body,30.0,23.0,-10.0
1349,84693,19.0,2,62,0.362228,0.9236,True,False,wall,20.0,9.0,-10.0
1350,84767,21.0,2,74,0.361939,0.7591,True,False,wall,20.0,11.0,-10.0
1351,84814,7.0,1,47,0.361756,0.6972,True,False,wall,10.0,7.0,-10.0
1352,84873,52.0,4,59,0.361526,0.8044,True,False,wall,40.0,22.0,-10.0
1353,84925,6.0,1,52,0.361323,0.7358,True,False,wall,10.0,6.0,-10.0
1354,84975,38.0,3,50,0.361129,0.6556,True,False,body,30.0,18.0,-10.0
1355,85014,9.0,1,39,0.360977,0.726,True,False,wall,10.0,9.0,-10.0
1356,85138,64.0,3,124,0.360496,0.7612,True,False,wall,30.0,44.0,-10.0
1357,85224,38.0,3,86,0.360162,0.8626,True,False,wall,30.0,18.0,-10.0
1358,85309,26.0,2,85,0.359833,0.7885,True,False,wall,20.0,16.0,-10.0
1359,85504,49.0,3,195,0.359078,0.7385,True,False,body,30.0,29.0,-10.0
1360,85689,41.0,3,185,0.358364,0.7073,True,False,body,30.0,21.0,-10.0
1361,85830,57.0,3,141,0.357821,0.74,True,False,body,30.0,37.0,-10.0
1362,85840,-7.0,0,10,0.357783,0.7282,True,False,wall,0.0,3.0,-10.0
1363,85943,18.0,2,103,0.357387,0.7288,True,False,wall,20.0,8.0,-10.0
1364,85971,-11.0,0,28,0.357279,0.8435,True,False,wall,0.0,-1.0,-10.0
1365,86008,-8.0,0,37,0.357137,0.7307,True,False,wall,0.0,2.0,-10.0
1366,86080,12.0,1,72,0.356861,0.7785,True,False,wall,10.0,12.0,-10.0
1367,86133,37.0,3,53,0.356658,0.7677,True,False,body,30.0,17.0,-10.0
1368,86254,29.0,3,121,0.356194,0.733,True,False,body,30.0,9.0,-10.0
1369,86324,44.0,3,70,0.355926,0.7892,True,False,body,30.0,24.0,-10.0
1370,86410,14.0,1,86,0.355598,0.7885,True,False,wall,10.0,14.0,-10.0
1371,86440,-9.0,0,30,0.355483,0.8112,True,False,wall,0.0,1.0,-10.0
1372,86469,7.0,1,29,0.355372,0.7976,True,False,wall,10.0,7.0,-10.0
1373,86618,-6.0,0,149,0.354804,0.7547,True,False,wall,0.0,4.0,-10.0
1374,86704,42.0,3,86,0.354477,0.7338,True,False,body,30.0,22.0,-10.0
1375,86723,-2.0,0,19,0.354404,0.7231,True,False,wall,0.0,8.0,-10.0
1376,86978,60.0,4,255,0.353436,0.7596,True,False,wall,40.0,30.0,-10.0
1377,87003,7.0,1,25,0.353341,0.8645,True,False,wall,10.0,7.0,-10.0
1378,87291,40.0,3,288,0.352251,0.7478,True,False,body,30.0,20.0,-10.0
1379,87305,-1.0,0,14,0.352198,0.704,True,False,wall,0.0,9.0,-10.0
1380,87397,48.0,3,92,0.351851,0.809,True,False,wall,30.0,28.0,-10.0
1381,87547,21.0,2,150,0.351285,0.8251,True,False,wall,20.0,11.0,-10.0
1382,87601,24.0,1,54,0.351082,0.7875,True,False,wall,10.0,24.0,-10.0
1383,87714,45.0,3,113,0.350657,0.7844,True,False,body,30.0,25.0,-10.0
1384,87773,39.0,3,59,0.350435,0.7188,True,False,body,30.0,19.0,-10.0
1385,87793,-3.0,0,20,0.35036,0.7278,True,False,wall,0.0,7.0,-10.0
1386,87831,-5.0,0,38,0.350218,0.6925,True,False,wall,0.0,5.0,-10.0
1387,87859,32.0,3,28,0.350112,0.7959,True,False,body,30.0,12.0,-10.0
1388,87901,32.0,3,42,0.349955,0.7559,True,False,body,30.0,12.0,-10.0
1389,87992,62.0,4,91,0.349614,0.8391,True,False,body,40.0,32.0,-10.0
1390,88039,19.0,1,47,0.349438,0.8599,True,False,wall,10.0,19.0,-10.0
1391,88097,40.0,3,58,0.349221,0.7266,True,False,body,30.0,20.0,-10.0
1392,88259,44.0,3,162,0.348616,0.8189,True,False,body,30.0,24.0,-10.0
1393,88381,79.0,4,122,0.348161,0.76,True,False,body,40.0,49.0,-10.0
1394,88407,6.0,1,26,0.348064,0.859,True,False,wall,10.0,6.0,-10.0
1395,88692,13.0,1,285,0.347004,0.8323,True,False,wall,10.0,13.0,-10.0
1396,88764,29.0,2,72,0.346737,0.792,True,False,wall,20.0,19.0,-10.0
1397,88838,-11.0,0,74,0.346462,0.7448,True,False,wall,0.0,-1.0,-10.0
1398,88880,29.0,2,42,0.346307,0.8175,True,False,wall,20.0,19.0,-10.0
1399,89014,49.0,4,134,0.345811,0.8179,True,False,body,40.0,19.0,-10.0
1400,89112,38.0,3,98,0.345449,0.8513,True,False,body,30.0,18.0,-10.0
1401,89133,-6.0,0,21,0.345371,0.8474,True,False,wall,0.0,4.0,-10.0
1402,89270,29.0,3,137,0.344866,0.8401,True,False,wall,30.0,9.0,-10.0
1403,89304,10.0,1,34,0.34474,0.7464,True,False,wall,10.0,10.0,-10.0
1404,89340,25.0,2,36,0.344608,0.7574,True,False,wall,20.0,15.0,-10.0
1405,89575,72.0,4,235,0.343744,0.7435,True,False,body,40.0,42.0,-10.0
1406,89623,35.0,2,48,0.343567,0.8955,True,False,wall,20.0,25.0,-10.0
1407,89721,32.0,3,98,0.343208,0.7564,True,False,body,30.0,12.0,-10.0
1408,89736,9.0,1,15,0.343153,0.9209,True,False,wall,10.0,9.0,-10.0
1409,89780,31.0,2,44,0.342992,0.8092,True,False,wall,20.0,21.0,-10.0
1410,89848,50.0,3,68,0.342743,0.7756,True,False,body,30.0,30.0,-10.0
1411,89932,42.0,3,84,0.342436,0.7338,True,False,body,30.0,22.0,-10.0
1412,89993,19.0,1,61,0.342213,0.8096,True,False,wall,10.0,19.0,-10.0
1413,90066,18.0,2,73,0.341946,0.8923,True,False,wall,20.0,8.0,-10.0
1414,90119,35.0,3,53,0.341753,0.7995,True,False,body,30.0,15.0,-10.0
1415,90141,2.0,1,22,0.341673,0.6989,True,False,wall,10.0,2.0,-10.0
1416,90154,-10.0,0,13,0.341625,0.6915,True,False,wall,0.0,0.0,-10.0
1417,90210,6.0,1,56,0.341421,0.759,True,False,wall,10.0,6.0,-10.0
1418,90258,10.0,1,48,0.341246,0.886,True,False,wall,10.0,10.0,-10.0
1419,90428,38.0,3,170,0.340628,0.8301,True,False,body,30.0,18.0,-10.0
1420,90441,-8.0,0,13,0.340581,0.683,True,False,wall,0.0,2.0,-10.0
1421,90465,6.0,1,24,0.340494,0.7418,True,False,wall,10.0,6.0,-10.0
1422,90523,26.0,1,58,0.340283,0.9432,True,False,wall,10.0,26.0,-10.0
1423,90622,41.0,3,99,0.339924,0.7983,True,False,body,30.0,21.0,-10.0
1424,90709,38.0,2,87,0.339609,0.7677,True,False,wall,20.0,28.0,-10.0
1425,90802,40.0,2,93,0.339273,0.7797,True,False,wall,20.0,30.0,-10.0
1426,90945,91.0,5,143,0.338756,0.7912,True,False,wall,50.0,51.0,-10.0
1427,90973,8.0,1,28,0.338655,0.7231,True,False,wall,10.0,8.0,-10.0
1428,91057,43.0,2,84,0.338352,0.7183,True,False,wall,20.0,33.0,-10.0
1429,91079,-1.0,0,22,0.338273,0.8728,True,False,wall,0.0,9.0,-10.0
1430,91192,49.0,3,113,0.337866,0.8085,True,False,body,30.0,29.0,-10.0
1431,91289,61.0,3,97,0.337517,0.8353,True,False,body,30.0,41.0,-10.0
1432,91309,12.0,1,20,0.337445,0.8135,True,False,wall,10.0,12.0,-10.0
1433,91339,10.0,1,30,0.337337,0.697,True,False,wall,10.0,10.0,-10.0
1434,91387,40.0,3,48,0.337165,0.9192,True,False,body,30.0,20.0,-10.0
1435,91398,5.0,1,11,0.337126,0.7241,True,False,wall,10.0,5.0,-10.0
1436,91565,69.0,3,167,0.336527,0.7915,True,False,body,30.0,49.0,-10.0
1437,91678,78.0,4,113,0.336122,0.7772,True,False,body,40.0,48.0,-10.0
1438,91716,-3.0,0,38,0.335987,0.8802,True,False,wall,0.0,7.0,-10.0
1439,91753,-6.0,0,37,0.335854,0.789,True,False,wall,0.0,4.0,-10.0
1440,91808,39.0,3,55,0.335658,0.7841,True,False,wall,30.0,19.0,-10.0
1441,91916,67.0,4,108,0.335272,0.7551,True,False,wall,40.0,37.0,-10.0
1442,91965,9.0,1,49,0.335098,0.8075,True,False,wall,10.0,9.0,-10.0
1443,91991,19.0,2,26,0.335005,0.8157,True,False,wall,20.0,9.0,-10.0
1444,92017,18.0,1,26,0.334913,1.1021,True,False,wall,10.0,18.0,-10.0
1445,92045,-13.0,0,28,0.334813,0.7934,True,False,wall,0.0,-3.0,-10.0
1446,92066,11.0,1,21,0.334738,0.8214,True,False,wall,10.0,11.0,-10.0
1447,92133,41.0,3,67,0.3345,0.8004,True,False,body,30.0,21.0,-10.0
1448,92191,42.0,3,58,0.334294,0.785,True,False,body,30.0,22.0,-10.0
1449,92291,66.0,3,100,0.333938,0.8006,True,False,wall,30.0,46.0,-10.0
1450,92385,35.0,2,94,0.333605,0.8194,True,False,wall,20.0,25.0,-10.0
1451,92442,35.0,3,57,0.333403,0.9387,True,False,body,30.0,15.0,-10.0
1452,92483,39.0,3,41,0.333258,0.8581,True,False,body,30.0,19.0,-10.0
1453,92619,43.0,4,136,0.332777,0.8311,True,False,wall,40.0,13.0,-10.0
1454,92731,60.0,3,112,0.332381,0.8565,True,False,wall,30.0,40.0,-10.0
1455,92768,9.0,1,37,0.33225,0.6881,True,False,wall,10.0,9.0,-10.0
1456,92818,0.0,1,50,0.332074,0.8172,True,False,wall,10.0,0.0,-10.0
1457,92841,-10.0,0,23,0.331993,0.7897,True,False,wall,0.0,0.0,-10.0
1458,92858,-4.0,0,17,0.331933,0.8001,True,False,wall,0.0,6.0,-10.0
1459,92929,41.0,3,71,0.331683,0.797,True,False,body,30.0,21.0,-10.0
1460,93019,38.0,3,90,0.331366,0.7755,True,False,body,30.0,18.0,-10.0
1461,93064,37.0,3,45,0.331208,0.8593,True,False,body,30.0,17.0,-10.0
1462,93107,30.0,2,43,0.331057,0.7245,True,False,wall,20.0,20.0,-10.0
1463,93210,58.0,4,103,0.330695,0.7794,True,False,body,40.0,28.0,-10.0
1464,93282,48.0,3,72,0.330443,0.8109,True,False,wall,30.0,28.0,-10.0
1465,93303,0.0,0,21,0.330369,1.0283,True,False,wall,0.0,10.0,-10.0
1466,93468,41.0,3,165,0.329792,0.8795,True,False,body,30.0,21.0,-10.0
1467,93509,35.0,3,41,0.329648,0.9806,True,False,body,30.0,15.0,-10.0
1468,93732,-8.0,0,223,0.32887,0.8315,True,False,wall,0.0,2.0,-10.0
1469,93795,29.0,3,63,0.32865,0.8071,True,False,body,30.0,9.0,-10.0
1470,93836,18.0,2,41,0.328507,0.9248,True,False,wall,20.0,8.0,-10.0
1471,93861,-10.0,0,25,0.32842,0.7402,True,False,wall,0.0,0.0,-10.0
1472,93889,26.0,3,28,0.328323,0.7794,True,False,wall,30.0,6.0,-10.0
1473,94155,56.0,3,266,0.327399,0.8654,True,False,body,30.0,36.0,-10.0
1474,94173,-5.0,0,18,0.327337,0.7016,True,False,wall,0.0,5.0,-10.0
1475,94248,45.0,3,75,0.327077,0.8196,True,False,body,30.0,25.0,-10.0
1476,94328,47.0,2,80,0.3268,0.8425,True,False,wall,20.0,37.0,-10.0
1477,94343,-2.0,0,15,0.326748,0.7822,True,False,wall,0.0,8.0,-10.0
1478,94391,35.0,2,48,0.326582,0.9485,True,False,wall,20.0,25.0,-10.0
1479,94479,22.0,1,88,0.326278,0.7699,True,False,wall,10.0,22.0,-10.0
1480,94553,25.0,2,74,0.326022,0.7631,True,False,wall,20.0,15.0,-10.0
1481,94647,46.0,3,94,0.325698,0.8759,True,False,body,30.0,26.0,-10.0
1482,94747,29.0,2,100,0.325354,0.8107,True,False,wall,20.0,19.0,-10.0
1483,94903,71.0,4,156,0.324818,0.7885,True,False,body,40.0,41.0,-10.0
1484,94936,13.0,1,33,0.324704,0.8467,True,False,wall,10.0,13.0,-10.0
1485,95028,52.0,3,92,0.324388,0.8597,True,False,body,30.0,32.0,-10.0
1486,95137,37.0,3,109,0.324015,0.7746,True,False,body,30.0,17.0,-10.0
1487,95173,8.0,1,36,0.323892,1.0204,True,False,wall,10.0,8.0,-10.0
1488,95380,49.0,3,207,0.323184,0.8386,True,False,body,30.0,29.0,-10.0
1489,95399,-2.0,0,19,0.323119,0.9148,True,False,wall,0.0,8.0,-10.0
1490,95468,35.0,3,69,0.322883,0.8077,True,False,body,30.0,15.0,-10.0
1491,95492,4.0,1,24,0.322802,0.742,True,False,wall,10.0,4.0,-10.0
1492,95512,19.0,2,20,0.322733,0.6762,True,False,wall,20.0,9.0,-10.0
1493,95541,29.0,3,29,0.322635,0.7184,True,False,body,30.0,9.0,-10.0
1494,95607,40.0,3,66,0.32241,0.7702,True,False,body,30.0,20.0,-10.0
1495,95708,41.0,3,101,0.322066,0.9056,True,False,body,30.0,21.0,-10.0
1496,95763,35.0,3,55,0.321879,0.8037,True,False,body,30.0,15.0,-10.0
1497,95820,-16.0,0,57,0.321685,0.9303,True,False,wall,0.0,-6.0,-10.0
1498,95878,41.0,2,58,0.321488,0.7516,True,False,wall,20.0,31.0,-10.0
1499,95979,72.0,4,101,0.321146,0.7656,True,False,wall,40.0,42.0,-10.0
1500,96151,80.0,5,172,0.320564,0.8627,True,False,body,50.0,40.0,-10.0
1501,96244,68.0,4,93,0.320249,0.8109,True,False,body,40.0,38.0,-10.0
1502,96388,34.0,3,144,0.319763,0.7637,True,False,body,30.0,14.0,-10.0
1503,96485,30.0,2,97,0.319436,0.8778,True,False,wall,20.0,20.0,-10.0
1504,96571,38.0,3,86,0.319147,0.8234,True,False,wall,30.0,18.0,-10.0
1505,96655,65.0,2,84,0.318864,0.8093,True,False,wall,20.0,55.0,-10.0
1506,96729,48.0,3,74,0.318616,0.8283,True,False,body,30.0,28.0,-10.0
1507,96764,33.0,3,35,0.318498,0.7819,True,False,body,30.0,13.0,-10.0
1508,96807,15.0,1,43,0.318354,0.8194,True,False,wall,10.0,15.0,-10.0
1509,96839,-5.0,0,32,0.318247,0.7657,True,False,wall,0.0,5.0,-10.0
1510,96922,30.0,2,83,0.317969,0.8695,True,False,wall,20.0,20.0,-10.0
1511,97009,62.0,4,87,0.317677,0.913,True,False,body,40.0,32.0,-10.0
1512,97118,53.0,3,109,0.317313,0.9149,True,False,body,30.0,33.0,-10.0
1513,97220,64.0,5,102,0.316972,0.8251,True,False,body,50.0,24.0,-10.0
1514,97254,26.0,3,34,0.316859,0.845,True,False,body,30.0,6.0,-10.0
1515,97301,-6.0,0,47,0.316702,1.0135,True,False,wall,0.0,4.0,-10.0
1516,97331,36.0,3,30,0.316602,0.7978,True,False,body,30.0,16.0,-10.0
1517,97389,52.0,3,58,0.316409,0.8937,True,False,body,30.0,32.0,-10.0
1518,97410,2.0,0,21,0.316339,0.8115,True,False,wall,0.0,12.0,-10.0
1519,97463,16.0,2,53,0.316163,0.747,True,False,wall,20.0,6.0,-10.0
1520,97544,59.0,3,81,0.315893,0.9773,True,False,body,30.0,39.0,-10.0
1521,97707,55.0,3,163,0.315352,0.9074,True,False,body,30.0,35.0,-10.0
1522,97724,0.0,0,17,0.315296,0.8986,True,False,wall,0.0,10.0,-10.0
1523,97818,50.0,3,94,0.314984,0.8984,True,False,body,30.0,30.0,-10.0
1524,97854,21.0,2,36,0.314865,0.9796,True,False,wall,20.0,11.0,-10.0
1525,97967,35.0,3,113,0.314491,0.9371,True,False,body,30.0,15.0,-10.0
1526,98061,17.0,2,94,0.31418,0.8957,True,False,wall,20.0,7.0,-10.0
1527,98119,38.0,3,58,0.313989,0.813,True,False,body,30.0,18.0,-10.0
1528,98199,21.0,2,80,0.313725,0.7483,True,False,wall,20.0,11.0,-10.0
1529,98339,46.0,3,140,0.313264,0.8433,True,False,body,30.0,26.0,-10.0
1530,98394,39.0,3,55,0.313083,0.8426,True,False,body,30.0,19.0,-10.0
1531,98423,31.0,3,29,0.312988,0.961,True,False,body,30.0,11.0,-10.0
1532,98502,43.0,3,79,0.312728,0.9312,True,False,body,30.0,23.0,-10.0
1533,98520,24.0,3,18,0.312669,0.8312,True,False,body,30.0,4.0,-10.0
1534,98538,-1.0,0,18,0.31261,0.7572,True,False,wall,0.0,9.0,-10.0
1535,98602,34.0,3,64,0.3124,1.0094,True,False,body,30.0,14.0,-10.0
1536,98658,36.0,3,56,0.312216,0.8517,True,False,body,30.0,16.0,-10.0
1537,98737,33.0,3,79,0.311957,1.0304,True,False,body,30.0,13.0,-10.0
1538,98791,57.0,4,54,0.311781,0.8464,True,False,wall,40.0,27.0,-10.0
1539,98857,62.0,3,66,0.311565,0.8743,True,False,body,30.0,42.0,-10.0
1540,98925,34.0,3,68,0.311343,0.9223,True,False,body,30.0,14.0,-10.0
1541,99021,44.0,3,96,0.311029,0.8003,True,False,body,30.0,24.0,-10.0
1542,99031,8.0,1,10,0.310997,0.7905,True,False,wall,10.0,8.0,-10.0
1543,99086,21.0,1,55,0.310817,0.9175,True,False,wall,10.0,21.0,-10.0
1544,99190,58.0,3,104,0.310478,0.9526,True,False,body,30.0,38.0,-10.0
1545,99320,42.0,3,130,0.310055,0.8697,True,False,body,30.0,22.0,-10.0
1546,99459,43.0,3,139,0.309604,0.8718,True,False,body,30.0,23.0,-10.0
1547,99556,19.0,1,97,0.309289,0.874,True,False,wall,10.0,19.0,-10.0
1548,99583,9.0,1,27,0.309202,0.9697,True,False,wall,10.0,9.0,-10.0
1549,99602,11.0,1,19,0.30914,0.7569,True,False,wall,10.0,11.0,-10.0
1550,99672,42.0,3,70,0.308914,0.9143,True,False,body,30.0,22.0,-10.0
1551,99690,16.0,1,18,0.308855,0.8133,True,False,wall,10.0,16.0,-10.0
1552,99819,59.0,3,129,0.308438,1.053,True,False,body,30.0,39.0,-10.0
1553,99829,-11.0,0,10,0.308406,0.9541,True,False,wall,0.0,-1.0,-10.0
1554,99869,29.0,2,40,0.308277,0.789,True,False,wall,20.0,19.0,-10.0
1555,99907,-1.0,0,38,0.308154,1.0245,True,False,wall,0.0,9.0,-10.0
1556,99942,0.0,0,35,0.308041,1.0097,True,False,wall,0.0,10.0,-10.0
1557,99980,16.0,1,38,0.307919,0.834,True,False,wall,10.0,16.0,-10.0
1558,100010,-7.0,0,30,0.307822,0.7805,True,False,wall,0.0,3.0,-10.0
1559,100033,-10.0,0,23,0.307748,0.819,True,False,wall,0.0,0.0,-10.0
1560,100096,37.0,3,63,0.307545,1.0341,True,False,body,30.0,17.0,-10.0
1561,100145,35.0,3,49,0.307387,1.0413,True,False,wall,30.0,15.0,-10.0
1562,100175,8.0,1,30,0.307291,0.9173,True,False,wall,10.0,8.0,-10.0
1563,100218,19.0,1,43,0.307153,0.9309,True,False,wall,10.0,19.0,-10.0
1564,100260,14.0,1,42,0.307018,0.8593,True,False,wall,10.0,14.0,-10.0
1565,100364,42.0,3,104,0.306684,0.9163,True,False,body,30.0,22.0,-10.0
1566,100419,5.0,1,55,0.306507,0.839,True,False,wall,10.0,5.0,-10.0
1567,100472,32.0,2,53,0.306337,0.8324,True,False,wall,20.0,22.0,-10.0
1568,100496,-7.0,0,24,0.306261,1.0814,True,False,wall,0.0,3.0,-10.0
1569,100581,54.0,4,85,0.305988,0.8742,True,False,wall,40.0,24.0,-10.0
1570,100623,25.0,2,42,0.305854,0.9252,True,False,wall,20.0,15.0,-10.0
1571,100767,39.0,2,144,0.305394,0.8474,True,False,wall,20.0,29.0,-10.0
1572,100820,36.0,2,53,0.305225,0.8914,True,False,wall,20.0,26.0,-10.0
1573,101016,75.0,4,196,0.3046,0.9941,True,False,body,40.0,45.0,-10.0
1574,101087,33.0,3,71,0.304374,1.0244,True,False,body,30.0,13.0,-10.0
1575,101100,-10.0,0,13,0.304333,0.8413,True,False,wall,0.0,0.0,-10.0
1576,101164,36.0,3,64,0.30413,0.8829,True,False,body,30.0,16.0,-10.0
1577,101242,19.0,2,78,0.303882,0.885,True,False,wall,20.0,9.0,-10.0
1578,101421,64.0,4,179,0.303315,0.8826,True,False,body,40.0,34.0,-10.0
1579,101435,-9.0,0,14,0.30327,0.8492,True,False,wall,0.0,1.0,-10.0
1580,101522,14.0,2,87,0.302995,0.8295,True,False,wall,20.0,4.0,-10.0
1581,101565,28.0,2,43,0.302859,0.8572,True,False,wall,20.0,18.0,-10.0
1582,101587,-5.0,0,22,0.30279,0.8143,True,False,wall,0.0,5.0,-10.0
1583,101618,13.0,1,31,0.302692,0.9909,True,False,wall,10.0,13.0,-10.0
1584,101639,7.0,1,21,0.302625,0.7753,True,False,wall,10.0,7.0,-10.0
1585,101776,58.0,4,137,0.302193,0.8403,True,False,wall,40.0,28.0,-10.0
1586,101790,-9.0,0,14,0.302149,0.7897,True,False,wall,0.0,1.0,-10.0
1587,101816,-3.0,0,26,0.302067,0.7557,True,False,wall,0.0,7.0,-10.0
1588,101851,15.0,1,35,0.301957,0.7752,True,False,wall,10.0,15.0,-10.0
1589,101924,40.0,2,73,0.301727,0.8254,True,False,wall,20.0,30.0,-10.0
1590,101963,0.0,0,39,0.301604,1.0465,True,False,wall,0.0,10.0,-10.0
1591,102083,52.0,3,120,0.301227,0.8572,True,False,body,30.0,32.0,-10.0
1592,102132,13.0,1,49,0.301073,0.8296,True,False,wall,10.0,13.0,-10.0
1593,102219,58.0,4,87,0.3008,0.9415,True,False,wall,40.0,28.0,-10.0
1594,102324,45.0,3,105,0.300471,0.8437,True,False,wall,30.0,25.0,-10.0
1595,102413,43.0,3,89,0.300193,0.9349,True,False,body,30.0,23.0,-10.0
1596,102494,45.0,3,81,0.29994,0.9079,True,False,body,30.0,25.0,-10.0
1597,102516,12.0,1,22,0.299871,0.9224,True,False,wall,10.0,12.0,-10.0
1598,102576,45.0,2,60,0.299684,0.8805,True,False,wall,20.0,35.0,-10.0
1599,102691,35.0,3,115,0.299325,0.8828,True,False,body,30.0,15.0,-10.0
1600,102748,13.0,1,57,0.299147,0.7895,True,False,wall,10.0,13.0,-10.0
1601,102859,72.0,4,111,0.298802,0.8705,True,False,wall,40.0,42.0,-10.0
1602,102899,-1.0,0,40,0.298678,0.8487,True,False,wall,0.0,9.0,-10.0
1603,102943,24.0,3,44,0.298541,0.8731,True,False,body,30.0,4.0,-10.0
1604,102958,-4.0,0,15,0.298494,1.0422,True,False,wall,0.0,6.0,-10.0
1605,103003,26.0,2,45,0.298355,0.8299,True,False,wall,20.0,16.0,-10.0
1606,103052,18.0,2,49,0.298202,0.8276,True,False,wall,20.0,8.0,-10.0
1607,103081,20.0,2,29,0.298112,0.806,True,False,wall,20.0,10.0,-10.0
1608,103105,-5.0,0,24,0.298038,0.7688,True,False,wall,0.0,5.0,-10.0
1609,103379,54.0,3,274,0.29719,0.9145,True,False,body,30.0,34.0,-10.0
1610,103431,32.0,3,52,0.297029,0.9513,True,False,body,30.0,12.0,-10.0
1611,103562,59.0,3,131,0.296625,1.0453,True,False,body,30.0,39.0,-10.0
1612,103586,-5.0,0,24,0.296551,0.8801,True,False,wall,0.0,5.0,-10.0
1613,103637,39.0,3,51,0.296394,0.8557,True,False,body,30.0,19.0,-10.0
1614,103703,-5.0,0,66,0.296191,0.8363,True,False,wall,0.0,5.0,-10.0
1615,103714,0.0,0,11,0.296157,0.8044,True,False,wall,0.0,10.0,-10.0
1616,103846,73.0,4,132,0.295751,0.889,True,False,body,40.0,43.0,-10.0
1617,103887,45.0,3,41,0.295625,0.9144,True,False,body,30.0,25.0,-10.0
1618,104029,54.0,3,142,0.29519,0.9343,True,False,body,30.0,34.0,-10.0
1619,104047,10.0,1,18,0.295135,1.0501,True,False,wall,10.0,10.0,-10.0
1620,104107,46.0,3,60,0.294951,0.8686,True,False,body,30.0,26.0,-10.0
1621,104123,-3.0,0,16,0.294902,1.0445,True,False,wall,0.0,7.0,-10.0
1622,104204,26.0,2,81,0.294654,0.9455,True,False,wall,20.0,16.0,-10.0
1623,104312,66.0,3,108,0.294324,0.9291,True,False,body,30.0,46.0,-10.0
1624,104403,47.0,3,91,0.294046,0.9139,True,False,body,30.0,27.0,-10.0
1625,104443,12.0,1,40,0.293924,1.0089,True,False,wall,10.0,12.0,-10.0
1626,104464,-4.0,0,21,0.29386,0.8229,True,False,wall,0.0,6.0,-10.0
1627,104482,28.0,3,18,0.293805,0.887,True,False,body,30.0,8.0,-10.0
1628,104530,28.0,3,48,0.293659,0.9244,True,False,body,30.0,8.0,-10.0
1629,104542,-5.0,0,12,0.293622,0.9214,True,False,wall,0.0,5.0,-10.0
1630,104577,-2.0,0,35,0.293516,0.8405,True,False,wall,0.0,8.0,-10.0
1631,104667,10.0,1,90,0.293242,1.0474,True,False,wall,10.0,10.0,-10.0
1632,104699,27.0,2,32,0.293145,0.9016,True,False,wall,20.0,17.0,-10.0
1633,104730,20.0,2,31,0.293051,0.8845,True,False,wall,20.0,10.0,-10.0
1634,104762,22.0,1,32,0.292953,0.8578,True,False,wall,10.0,22.0,-10.0
1635,104786,19.0,2,24,0.292881,0.8428,True,False,wall,20.0,9.0,-10.0
1636,104840,50.0,3,54,0.292717,0.8003,True,False,wall,30.0,30.0,-10.0
1637,104890,27.0,2,50,0.292565,0.9308,True,False,wall,20.0,17.0,-10.0
1638,105010,62.0,3,120,0.292201,0.8888,True,False,wall,30.0,42.0,-10.0
1639,105070,58.0,3,60,0.29202,0.9573,True,False,body,30.0,38.0,-10.0
1640,105174,85.0,4,104,0.291705,0.8961,True,False,wall,40.0,55.0,-10.0
1641,105188,-1.0,0,14,0.291663,0.8398,True,False,wall,0.0,9.0,-10.0
1642,105301,55.0,3,113,0.291322,0.8981,True,False,body,30.0,35.0,-10.0
1643,105435,72.0,5,134,0.290918,0.8979,True,False,wall,50.0,32.0,-10.0
1644,105580,39.0,3,145,0.290482,0.8933,True,False,body,30.0,19.0,-10.0
1645,105603,0.0,0,23,0.290413,1.0601,True,False,wall,0.0,10.0,-10.0
1646,105701,25.0,2,98,0.290118,0.9255,True,False,wall,20.0,15.0,-10.0
1647,105732,35.0,3,31,0.290025,1.0554,True,False,body,30.0,15.0,-10.0
1648,105831,51.0,3,99,0.289729,0.9482,True,False,body,30.0,31.0,-10.0
1649,105868,16.0,2,37,0.289618,0.929,True,False,wall,20.0,6.0,-10.0
1650,105889,17.0,1,21,0.289555,0.8096,True,False,wall,10.0,17.0,-10.0
1651,105950,24.0,2,61,0.289372,0.8635,True,False,wall,20.0,14.0,-10.0
1652,105990,36.0,3,40,0.289253,0.7564,True,False,body,30.0,16.0,-10.0
1653,106047,45.0,3,57,0.289082,1.0467,True,False,body,30.0,25.0,-10.0
1654,106102,-12.0,0,55,0.288918,1.0365,True,False,wall,0.0,-2.0,-10.0
1655,106116,-3.0,0,14,0.288876,0.7853,True,False,wall,0.0,7.0,-10.0
1656,106145,-2.0,0,29,0.288789,0.794,True,False,wall,0.0,8.0,-10.0
1657,106165,1.0,0,20,0.28873,0.825,True,False,wall,0.0,11.0,-10.0
1658,106285,77.0,4,120,0.288372,0.8881,True,False,wall,40.0,47.0,-10.0
1659,106387,51.0,4,102,0.288068,0.8979,True,False,body,40.0,21.0,-10.0
1660,106549,83.0,4,162,0.287587,0.9184,True,False,body,40.0,53.0,-10.0
1661,106565,12.0,1,16,0.287539,0.8737,True,False,wall,10.0,12.0,-10.0
1662,106582,9.0,1,17,0.287489,1.021,True,False,wall,10.0,9.0,-10.0
1663,106790,55.0,4,208,0.286872,0.9357,True,False,body,40.0,25.0,-10.0
1664,106811,-2.0,0,21,0.28681,0.8101,True,False,wall,0.0,8.0,-10.0
1665,106943,43.0,2,132,0.286419,0.9538,True,False,wall,20.0,33.0,-10.0
1666,106968,-10.0,0,25,0.286346,0.8866,True,False,wall,0.0,0.0,-10.0
1667,107102,65.0,4,134,0.28595,0.9321,True,False,wall,40.0,35.0,-10.0
1668,107158,-3.0,0,56,0.285785,0.8659,True,False,wall,0.0,7.0,-10.0
1669,107238,-1.0,0,80,0.285549,0.8472,True,False,wall,0.0,9.0,-10.0
1670,107309,43.0,3,71,0.28534,0.8734,True,False,body,30.0,23.0,-10.0
1671,107372,42.0,4,63,0.285155,0.832,True,False,wall,40.0,12.0,-10.0
1672,107410,1.0,0,38,0.285043,0.8753,True,False,wall,0.0,11.0,-10.0
1673,107469,41.0,3,59,0.28487,0.8223,True,False,body,30.0,21.0,-10.0
1674,107491,8.0,1,22,0.284805,0.9554,True,False,wall,10.0,8.0,-10.0
1675,107521,-3.0,0,30,0.284717,0.81,True,False,wall,0.0,7.0,-10.0
1676,107632,51.0,3,111,0.284392,0.865,True,False,body,30.0,31.0,-10.0
1677,107657,-2.0,0,25,0.284319,0.7566,True,False,wall,0.0,8.0,-10.0
1678,107756,50.0,2,99,0.284029,0.8224,True,False,wall,20.0,40.0,-10.0
1679,107905,53.0,3,149,0.283593,0.9001,True,False,body,30.0,33.0,-10.0
1680,107976,55.0,3,71,0.283386,0.8187,True,False,body,30.0,35.0,-10.0
1681,108066,20.0,1,90,0.283124,0.817,True,False,wall,10.0,20.0,-10.0
1682,108082,12.0,1,16,0.283077,0.7576,True,False,wall,10.0,12.0,-10.0
1683,108151,15.0,1,69,0.282876,0.8854,True,False,wall,10.0,15.0,-10.0
1684,108216,49.0,3,65,0.282687,0.8279,True,False,wall,30.0,29.0,-10.0
1685,108305,48.0,2,89,0.282428,0.7878,True,False,wall,20.0,38.0,-10.0
1686,108412,82.0,4,107,0.282118,0.83,True,False,body,40.0,52.0,-10.0
1687,108545,84.0,4,133,0.281732,0.8616,True,False,body,40.0,54.0,-10.0
1688,108654,32.0,2,109,0.281417,0.9159,True,False,wall,20.0,22.0,-10.0
1689,108687,23.0,1,33,0.281321,0.9116,True,False,wall,10.0,23.0,-10.0
1690,108709,-1.0,0,22,0.281258,0.9665,True,False,wall,0.0,9.0,-10.0
1691,108810,49.0,3,101,0.280966,1.0303,True,False,body,30.0,29.0,-10.0
1692,108970,48.0,3,160,0.280504,0.8806,True,False,body,30.0,28.0,-10.0
1693,108994,3.0,0,24,0.280435,0.8823,True,False,wall,0.0,13.0,-10.0
1694,109039,18.0,2,45,0.280306,1.1162,True,False,wall,20.0,8.0,-10.0
1695,109182,81.0,3,143,0.279894,0.9017,True,False,body,30.0,61.0,-10.0
1696,109234,44.0,3,52,0.279745,0.8666,True,False,body,30.0,24.0,-10.0
1697,109254,-9.0,0,20,0.279688,0.8639,True,False,wall,0.0,1.0,-10.0
1698,109291,41.0,3,37,0.279581,0.9029,True,False,wall,30.0,21.0,-10.0
1699,109313,18.0,1,22,0.279518,0.8433,True,False,wall,10.0,18.0,-10.0
1700,109402,35.0,3,89,0.279263,0.857,True,False,wall,30.0,15.0,-10.0
1701,109496,63.0,4,94,0.278994,0.8943,True,False,body,40.0,33.0,-10.0
1702,109524,28.0,3,28,0.278914,0.8762,True,False,body,30.0,8.0,-10.0
1703,109554,12.0,1,30,0.278828,1.032,True,False,wall,10.0,12.0,-10.0
1704,109569,-8.0,0,15,0.278785,0.82,True,False,wall,0.0,2.0,-10.0
1705,109643,52.0,3,74,0.278573,0.8498,True,False,wall,30.0,32.0,-10.0
1706,109728,37.0,3,85,0.278331,0.9183,True,False,body,30.0,17.0,-10.0
1707,109827,14.0,2,99,0.278048,0.85,True,False,wall,20.0,4.0,-10.0
1708,109967,32.0,3,140,0.27765,0.9118,True,False,body,30.0,12.0,-10.0
1709,110122,46.0,2,155,0.277209,0.9491,True,False,wall,20.0,36.0,-10.0
1710,110177,44.0,2,55,0.277053,1.053,True,False,wall,20.0,34.0,-10.0
1711,110187,6.0,1,10,0.277024,0.8282,True,False,wall,10.0,6.0,-10.0
1712,110290,49.0,3,103,0.276732,0.8215,True,False,body,30.0,29.0,-10.0
1713,110349,47.0,3,59,0.276565,0.8622,True,False,body,30.0,27.0,-10.0
1714,110416,41.0,3,67,0.276375,0.8576,True,False,body,30.0,21.0,-10.0
1715,110475,41.0,3,59,0.276209,0.8414,True,False,body,30.0,21.0,-10.0
1716,110523,16.0,1,48,0.276073,0.8818,True,False,wall,10.0,16.0,-10.0
1717,110561,25.0,2,38,0.275965,0.8384,True,False,wall,20.0,15.0,-10.0
1718,110612,40.0,2,51,0.275821,0.8557,True,False,wall,20.0,30.0,-10.0
1719,110686,65.0,4,74,0.275613,0.9914,True,False,wall,40.0,35.0,-10.0
1720,110799,75.0,5,113,0.275294,0.9302,True,False,wall,50.0,35.0,-10.0
1721,110812,0.0,0,13,0.275258,0.859,True,False,wall,0.0,10.0,-10.0
1722,110823,-2.0,0,11,0.275227,0.7513,True,False,wall,0.0,8.0,-10.0
1723,110909,52.0,3,86,0.274985,0.9286,True,False,body,30.0,32.0,-10.0
1724,110953,24.0,1,44,0.274861,0.9602,True,False,wall,10.0,24.0,-10.0
1725,110987,29.0,2,34,0.274765,0.7926,True,False,wall,20.0,19.0,-10.0
1726,111089,54.0,3,102,0.274479,0.9724,True,False,body,30.0,34.0,-10.0
1727,111155,42.0,3,66,0.274294,0.9801,True,False,body,30.0,22.0,-10.0
1728,111231,46.0,3,76,0.274081,0.8572,True,False,body,30.0,26.0,-10.0
1729,111298,41.0,3,67,0.273893,0.9431,True,False,wall,30.0,21.0,-10.0
1730,111414,58.0,3,116,0.273569,0.9241,True,False,body,30.0,38.0,-10.0
1731,111463,11.0,1,49,0.273432,0.9864,True,False,wall,10.0,11.0,-10.0
1732,111493,31.0,2,30,0.273348,0.8334,True,False,wall,20.0,21.0,-10.0
1733,111603,59.0,4,110,0.273041,0.8701,True,False,wall,40.0,29.0,-10.0
1734,111649,25.0,2,46,0.272913,0.9278,True,False,wall,20.0,15.0,-10.0
1735,111714,38.0,2,65,0.272732,0.9303,True,False,wall,20.0,28.0,-10.0
1736,111738,18.0,1,24,0.272665,1.0049,True,False,wall,10.0,18.0,-10.0
1737,111778,25.0,2,40,0.272554,0.9227,True,False,wall,20.0,15.0,-10.0
1738,111839,45.0,3,61,0.272384,0.974,True,False,wall,30.0,25.0,-10.0
1739,112013,89.0,4,174,0.271901,0.9089,True,False,body,40.0,59.0,-10.0
1740,112086,41.0,3,73,0.271699,0.8269,True,False,wall,30.0,21.0,-10.0
1741,112156,32.0,3,70,0.271505,0.896,True,False,wall,30.0,12.0,-10.0
1742,112221,38.0,2,65,0.271325,0.9115,True,False,wall,20.0,28.0,-10.0
1743,112266,34.0,2,45,0.271201,0.9285,True,False,wall,20.0,24.0,-10.0
1744,112351,54.0,4,85,0.270966,0.892,True,False,wall,40.0,24.0,-10.0
1745,112411,33.0,2,60,0.2708,0.789,True,False,wall,20.0,23.0,-10.0
1746,112496,47.0,3,85,0.270566,0.8366,True,False,body,30.0,27.0,-10.0
1747,112577,59.0,3,81,0.270342,0.8257,True,False,wall,30.0,39.0,-10.0
1748,112621,8.0,1,44,0.270221,0.8554,True,False,wall,10.0,8.0,-10.0
1749,112699,46.0,3,78,0.270007,0.9144,True,False,body,30.0,26.0,-10.0
1750,112719,10.0,1,20,0.269952,0.7922,True,False,wall,10.0,10.0,-10.0
1751,112789,42.0,3,70,0.269759,0.915,True,False,wall,30.0,22.0,-10.0
1752,112904,49.0,3,115,0.269443,0.8236,True,False,body,30.0,29.0,-10.0
1753,112948,22.0,3,44,0.269323,0.8278,True,False,wall,30.0,2.0,-10.0
1754,112983,33.0,3,35,0.269227,0.9541,True,False,body,30.0,13.0,-10.0
1755,113098,47.0,3,115,0.268912,0.9094,True,False,body,30.0,27.0,-10.0
1756,113140,-15.0,0,42,0.268797,0.9045,True,False,wall,0.0,-5.0,-10.0
1757,113160,28.0,3,20,0.268742,0.8273,True,False,wall,30.0,8.0,-10.0
1758,113261,28.0,2,101,0.268466,0.9177,True,False,wall,20.0,18.0,-10.0
1759,113276,-8.0,0,15,0.268425,0.9505,True,False,wall,0.0,2.0,-10.0
1760,113348,63.0,4,72,0.268229,0.9027,True,False,body,40.0,33.0,-10.0
1761,113385,16.0,2,37,0.268128,0.7987,True,False,wall,20.0,6.0,-10.0
1762,113494,51.0,3,109,0.267831,0.8463,True,False,wall,30.0,31.0,-10.0
1763,113617,51.0,3,123,0.267496,1.066,True,False,body,30.0,31.0,-10.0
1764,113681,23.0,2,64,0.267322,0.8762,True,False,wall,20.0,13.0,-10.0
1765,113739,44.0,3,58,0.267165,0.858,True,False,wall,30.0,24.0,-10.0
1766,113768,11.0,1,29,0.267086,0.8322,True,False,wall,10.0,11.0,-10.0
1767,113823,41.0,3,55,0.266937,0.9641,True,False,body,30.0,21.0,-10.0
1768,113944,52.0,4,121,0.266609,0.8353,True,False,body,40.0,22.0,-10.0
1769,113961,20.0,2,17,0.266563,0.7871,True,False,wall,20.0,10.0,-10.0
1770,114009,46.0,3,48,0.266433,0.8853,True,False,body,30.0,26.0,-10.0
1771,114141,58.0,3,132,0.266076,0.8561,True,False,body,30.0,38.0,-10.0
1772,114170,-14.0,0,29,0.265998,1.0445,True,False,wall,0.0,-4.0,-10.0
1773,114289,68.0,4,119,0.265677,0.9421,True,False,wall,40.0,38.0,-10.0
1774,114344,32.0,2,55,0.265529,0.972,True,False,wall,20.0,22.0,-10.0
1775,114402,-13.0,0,58,0.265373,0.8897,True,False,wall,0.0,-3.0,-10.0
1776,114496,67.0,4,94,0.26512,0.8947,True,False,body,40.0,37.0,-10.0
1777,114596,67.0,4,100,0.264851,0.9797,True,False,body,40.0,37.0,-10.0
1778,114717,28.0,4,121,0.264526,0.9265,True,False,wall,40.0,-2.0,-10.0
1779,114888,36.0,2,171,0.264068,0.9257,True,False,wall,20.0,26.0,-10.0
1780,114904,8.0,1,16,0.264025,0.7892,True,False,wall,10.0,8.0,-10.0
1781,114967,41.0,3,63,0.263857,0.9241,True,False,body,30.0,21.0,-10.0
1782,114987,4.0,1,20,0.263803,0.8425,True,False,wall,10.0,4.0,-10.0
1783,115027,25.0,2,40,0.263697,0.9169,True,False,wall,20.0,15.0,-10.0
1784,115104,35.0,3,77,0.263491,0.9133,True,False,body,30.0,15.0,-10.0
1785,115129,18.0,2,25,0.263424,0.9368,True,False,wall,20.0,8.0,-10.0
1786,115170,-8.0,0,41,0.263315,0.8728,True,False,wall,0.0,2.0,-10.0
1787,115264,55.0,4,94,0.263064,0.8762,True,False,body,40.0,25.0,-10.0
1788,115372,66.0,3,108,0.262777,0.8571,True,False,body,30.0,46.0,-10.0
1789,115474,42.0,3,102,0.262506,0.8548,True,False,body,30.0,22.0,-10.0
1790,115520,33.0,2,46,0.262384,0.7896,True,False,wall,20.0,23.0,-10.0
1791,115577,16.0,2,57,0.262232,0.8038,True,False,wall,20.0,6.0,-10.0
1792,115616,11.0,1,39,0.262129,0.956,True,False,wall,10.0,11.0,-10.0
1793,115666,36.0,3,50,0.261996,0.8272,True,False,body,30.0,16.0,-10.0
1794,115746,57.0,4,80,0.261785,0.8463,True,False,body,40.0,27.0,-10.0
1795,115808,50.0,3,62,0.261621,0.8304,True,False,body,30.0,30.0,-10.0
1796,115858,38.0,3,50,0.261488,0.8254,True,False,wall,30.0,18.0,-10.0
1797,116003,31.0,3,145,0.261105,0.9131,True,False,body,30.0,11.0,-10.0
1798,116059,58.0,3,56,0.260958,0.8821,True,False,body,30.0,38.0,-10.0
1799,116172,53.0,3,113,0.26066,0.877,True,False,body,30.0,33.0,-10.0
1800,116234,46.0,3,62,0.260497,0.8657,True,False,body,30.0,26.0,-10.0
1801,116329,49.0,3,95,0.260247,0.9264,True,False,body,30.0,29.0,-10.0
1802,116370,11.0,1,41,0.260139,0.8279,True,False,wall,10.0,11.0,-10.0
1803,116442,39.0,4,72,0.25995,0.896,True,False,body,40.0,9.0,-10.0
1804,116575,58.0,4,133,0.259601,0.9352,True,False,wall,40.0,28.0,-10.0
1805,116633,10.0,1,58,0.259449,0.8759,True,False,wall,10.0,10.0,-10.0
1806,116701,40.0,3,68,0.259271,0.9793,True,False,body,30.0,20.0,-10.0
1807,116789,40.0,3,88,0.259041,0.9008,True,False,body,30.0,20.0,-10.0
1808,116883,56.0,3,94,0.258796,0.9815,True,False,body,30.0,36.0,-10.0
1809,116944,47.0,3,61,0.258637,0.861,True,False,body,30.0,27.0,-10.0
1810,116973,24.0,2,29,0.258561,0.85,True,False,wall,20.0,14.0,-10.0
1811,117136,39.0,3,163,0.258137,0.8846,True,False,body,30.0,19.0,-10.0
1812,117146,-1.0,0,10,0.258111,0.7523,True,False,wall,0.0,9.0,-10.0
1813,117219,51.0,3,73,0.257921,0.9338,True,False,body,30.0,31.0,-10.0
1814,117305,78.0,5,86,0.257697,1.031,True,False,wall,50.0,38.0,-10.0
1815,117365,48.0,3,60,0.257542,1.0293,True,False,body,30.0,28.0,-10.0
1816,117417,30.0,3,52,0.257407,0.9355,True,False,wall,30.0,10.0,-10.0
1817,117461,42.0,3,44,0.257293,1.0161,True,False,body,30.0,22.0,-10.0
1818,117525,31.0,2,64,0.257127,1.0563,True,False,wall,20.0,21.0,-10.0
1819,117627,39.0,4,102,0.256863,0.9359,True,False,body,40.0,9.0,-10.0
1820,117672,51.0,3,45,0.256747,1.0742,True,False,body,30.0,31.0,-10.0
1821,117690,17.0,2,18,0.2567,0.8666,True,False,wall,20.0,7.0,-10.0
1822,117790,54.0,3,100,0.256442,0.9163,True,False,body,30.0,34.0,-10.0
1823,117891,41.0,3,101,0.256182,1.0822,True,False,wall,30.0,21.0,-10.0
1824,117944,-8.0,0,53,0.256045,0.9587,True,False,wall,0.0,2.0,-10.0
1825,117958,10.0,1,14,0.256009,0.7849,True,False,wall,10.0,10.0,-10.0
1826,118028,52.0,3,70,0.255829,0.8845,True,False,body,30.0,32.0,-10.0
1827,118051,11.0,1,23,0.25577,0.9154,True,False,wall,10.0,11.0,-10.0
1828,118152,57.0,3,101,0.25551,0.9567,True,False,body,30.0,37.0,-10.0
1829,118163,9.0,1,11,0.255482,0.9109,True,False,wall,10.0,9.0,-10.0
1830,118206,34.0,2,43,0.255371,0.9257,True,False,wall,20.0,24.0,-10.0
1831,118249,9.0,1,43,0.255261,0.878,True,False,wall,10.0,9.0,-10.0
1832,118274,13.0,1,25,0.255197,0.8836,True,False,wall,10.0,13.0,-10.0
1833,118358,56.0,3,84,0.254982,0.9306,True,False,body,30.0,36.0,-10.0
1834,118375,-4.0,0,17,0.254938,0.8433,True,False,wall,0.0,6.0,-10.0
1835,118453,31.0,2,78,0.254738,0.9277,True,False,wall,20.0,21.0,-10.0
1836,118509,26.0,1,56,0.254595,1.002,True,False,wall,10.0,26.0,-10.0
1837,118522,-6.0,0,13,0.254562,0.8155,True,False,wall,0.0,4.0,-10.0
1838,118556,-7.0,0,34,0.254475,0.8551,True,False,wall,0.0,3.0,-10.0
1839,118648,52.0,3,92,0.25424,1.0595,True,False,body,30.0,32.0,-10.0
1840,118715,31.0,3,67,0.254069,0.942,True,False,body,30.0,11.0,-10.0
1841,118900,102.0,6,185,0.253597,0.8925,True,False,body,60.0,52.0,-10.0
1842,118958,32.0,3,58,0.25345,1.062,True,False,body,30.0,12.0,-10.0
1843,119031,24.0,2,73,0.253264,0.9314,True,False,wall,20.0,14.0,-10.0
1844,119250,32.0,2,219,0.252709,1.0053,True,False,wall,20.0,22.0,-10.0
1845,119369,54.0,4,119,0.252407,0.9661,True,False,wall,40.0,24.0,-10.0
1846,119383,-3.0,0,14,0.252372,0.8511,True,False,wall,0.0,7.0,-10.0
1847,119434,37.0,3,51,0.252243,0.9217,True,False,wall,30.0,17.0,-10.0
1848,119504,35.0,2,70,0.252066,0.9288,True,False,wall,20.0,25.0,-10.0
1849,119518,19.0,2,14,0.252031,0.8048,True,False,wall,20.0,9.0,-10.0
1850,119606,56.0,3,88,0.251809,0.8897,True,False,body,30.0,36.0,-10.0
1851,119625,-6.0,0,19,0.251761,0.8401,True,False,wall,0.0,4.0,-10.0
1852,119708,59.0,3,83,0.251551,1.0119,True,False,wall,30.0,39.0,-10.0
1853,119822,71.0,4,114,0.251264,0.891,True,False,body,40.0,41.0,-10.0
1854,119924,47.0,4,102,0.251008,1.0196,True,False,body,40.0,17.0,-10.0
1855,120018,48.0,3,94,0.250772,0.9225,True,False,body,30.0,28.0,-10.0
1856,120110,47.0,2,92,0.250541,0.9788,True,False,wall,20.0,37.0,-10.0
1857,120163,35.0,3,53,0.250408,0.8154,True,False,body,30.0,15.0,-10.0
1858,120344,58.0,4,181,0.249955,0.8397,True,False,body,40.0,28.0,-10.0
1859,120413,43.0,3,69,0.249783,0.9401,True,False,body,30.0,23.0,-10.0
1860,120460,31.0,3,47,0.249666,0.818,True,False,body,30.0,11.0,-10.0
1861,120595,51.0,3,135,0.249329,0.9949,True,False,body,30.0,31.0,-10.0
1862,120687,38.0,3,92,0.2491,0.9151,True,False,body,30.0,18.0,-10.0
1863,120767,10.0,1,80,0.248901,0.914,True,False,wall,10.0,10.0,-10.0
1864,120840,47.0,3,73,0.24872,0.8279,True,False,body,30.0,27.0,-10.0
1865,120931,42.0,2,91,0.248494,1.0114,True,False,wall,20.0,32.0,-10.0
1866,121001,48.0,3,70,0.24832,0.8024,True,False,body,30.0,28.0,-10.0
1867,121159,46.0,3,158,0.247929,0.8315,True,False,body,30.0,26.0,-10.0
1868,121171,-3.0,0,12,0.247899,0.8023,True,False,wall,0.0,7.0,-10.0
1869,121227,35.0,2,56,0.247761,0.9223,True,False,wall,20.0,25.0,-10.0
1870,121355,44.0,3,128,0.247444,0.9073,True,False,body,30.0,24.0,-10.0
1871,121386,20.0,2,31,0.247368,0.8298,True,False,wall,20.0,10.0,-10.0
1872,121483,74.0,4,97,0.247129,0.9532,True,False,wall,40.0,44.0,-10.0
1873,121532,47.0,3,49,0.247008,0.928,True,False,body,30.0,27.0,-10.0
1874,121585,-4.0,0,53,0.246878,0.9014,True,False,wall,0.0,6.0,-10.0
1875,121650,16.0,2,65,0.246718,0.9018,True,False,wall,20.0,6.0,-10.0
1876,121674,6.0,1,24,0.246659,0.7721,True,False,wall,10.0,6.0,-10.0
1877,121744,52.0,3,70,0.246487,0.9308,True,False,body,30.0,32.0,-10.0
1878,121799,39.0,3,55,0.246352,0.9866,True,False,wall,30.0,19.0,-10.0
1879,121885,48.0,3,86,0.246141,0.9155,True,False,body,30.0,28.0,-10.0
1880,121971,61.0,4,86,0.24593,0.9572,True,False,body,40.0,31.0,-10.0
1881,121989,-1.0,0,18,0.245886,0.8259,True,False,wall,0.0,9.0,-10.0
1882,122075,46.0,3,86,0.245675,0.981,True,False,body,30.0,26.0,-10.0
1883,122119,48.0,3,44,0.245568,0.9715,True,False,body,30.0,28.0,-10.0
1884,122224,17.0,1,105,0.245311,0.9669,True,False,wall,10.0,17.0,-10.0
1885,122302,44.0,3,78,0.245121,0.9588,True,False,body,30.0,24.0,-10.0
1886,122365,25.0,1,63,0.244967,0.8855,True,False,wall,10.0,25.0,-10.0
1887,122457,55.0,4,92,0.244743,0.8692,True,False,body,40.0,25.0,-10.0
1888,122512,39.0,3,55,0.244609,0.9886,True,False,body,30.0,19.0,-10.0
1889,122640,75.0,4,128,0.244298,0.933,True,False,body,40.0,45.0,-10.0
1890,122700,31.0,2,60,0.244153,0.9757,True,False,wall,20.0,21.0,-10.0
1891,122717,11.0,1,17,0.244111,0.7705,True,False,wall,10.0,11.0,-10.0
1892,122747,32.0,3,30,0.244039,0.8224,True,False,body,30.0,12.0,-10.0
1893,122786,35.0,3,39,0.243944,0.9289,True,False,body,30.0,15.0,-10.0
1894,122952,54.0,3,166,0.243542,1.0072,True,False,body,30.0,34.0,-10.0
1895,122979,26.0,2,27,0.243477,0.9275,True,False,wall,20.0,16.0,-10.0
1896,123109,65.0,4,130,0.243163,0.9918,True,False,wall,40.0,35.0,-10.0
1897,123228,60.0,4,119,0.242875,1.0014,True,False,body,40.0,30.0,-10.0
1898,123339,49.0,3,111,0.242608,0.9256,True,False,wall,30.0,29.0,-10.0
1899,123411,45.0,4,72,0.242435,0.9037,True,False,body,40.0,15.0,-10.0
1900,123463,44.0,3,52,0.24231,1.0485,True,False,body,30.0,24.0,-10.0
1901,123488,33.0,3,25,0.24225,0.9852,True,False,body,30.0,13.0,-10.0
1902,123539,29.0,3,51,0.242127,1.1092,True,False,body,30.0,9.0,-10.0
1903,123672,61.0,3,133,0.241808,1.0607,True,False,body,30.0,41.0,-10.0
1904,123760,84.0,5,88,0.241597,0.9582,True,False,wall,50.0,44.0,-10.0
1905,123958,66.0,3,198,0.241123,0.9055,True,False,body,30.0,46.0,-10.0
1906,123968,6.0,1,10,0.2411,0.8292,True,False,wall,10.0,6.0,-10.0
1907,123997,-2.0,0,29,0.24103,0.8704,True,False,wall,0.0,8.0,-10.0
1908,124068,49.0,3,71,0.240861,0.9199,True,False,wall,30.0,29.0,-10.0
1909,124126,42.0,3,58,0.240723,0.8927,True,False,wall,30.0,22.0,-10.0
1910,124188,46.0,3,62,0.240575,0.857,True,False,wall,30.0,26.0,-10.0
1911,124214,32.0,3,26,0.240513,0.9226,True,False,body,30.0,12.0,-10.0
1912,124337,70.0,4,123,0.24022,0.9881,True,False,body,40.0,40.0,-10.0
1913,124375,32.0,3,38,0.24013,1.0149,True,False,body,30.0,12.0,-10.0
1914,124462,45.0,3,87,0.239923,0.9834,True,False,body,30.0,25.0,-10.0
1915,124519,47.0,3,57,0.239788,0.9428,True,False,body,30.0,27.0,-10.0
1916,124624,62.0,4,105,0.239539,0.9336,True,False,body,40.0,32.0,-10.0
1917,124709,56.0,4,85,0.239338,1.0194,True,False,wall,40.0,26.0,-10.0
1918,124764,37.0,3,55,0.239208,0.8741,True,False,body,30.0,17.0,-10.0
1919,124786,-3.0,0,22,0.239156,1.0632,True,False,wall,0.0,7.0,-10.0
1920,124920,65.0,4,134,0.238839,1.049,True,False,body,40.0,35.0,-10.0
1921,124956,30.0,3,36,0.238754,0.9834,True,False,body,30.0,10.0,-10.0
1922,125006,8.0,1,50,0.238636,1.1401,True,False,wall,10.0,8.0,-10.0
1923,125099,45.0,3,93,0.238417,1.0322,True,False,wall,30.0,25.0,-10.0
1924,125179,46.0,3,80,0.238229,0.9368,True,False,body,30.0,26.0,-10.0
1925,125360,55.0,3,181,0.237803,1.0008,True,False,body,30.0,35.0,-10.0
1926,125448,46.0,3,88,0.237597,0.9417,True,False,body,30.0,26.0,-10.0
1927,125523,49.0,3,75,0.237421,0.9396,True,False,wall,30.0,29.0,-10.0
1928,125630,55.0,3,107,0.23717,0.948,True,False,body,30.0,35.0,-10.0
1929,125760,65.0,4,130,0.236867,0.9263,True,False,body,40.0,35.0,-10.0
1930,125933,68.0,4,173,0.236463,0.9293,True,False,body,40.0,38.0,-10.0
1931,126039,82.0,5,106,0.236216,0.933,True,False,body,50.0,42.0,-10.0
1932,126085,4.0,1,46,0.236109,0.9897,True,False,wall,10.0,4.0,-10.0
1933,126103,-1.0,0,18,0.236067,0.918,True,False,wall,0.0,9.0,-10.0
1934,126140,35.0,3,37,0.235981,1.0567,True,False,body,30.0,15.0,-10.0
1935,126183,37.0,3,43,0.235881,0.9553,True,False,body,30.0,17.0,-10.0
1936,126307,29.0,2,124,0.235593,0.8672,True,False,wall,20.0,19.0,-10.0
1937,126368,35.0,3,61,0.235452,1.0323,True,False,body,30.0,15.0,-10.0
1938,126403,-8.0,0,35,0.235371,0.9479,True,False,wall,0.0,2.0,-10.0
1939,126421,12.0,1,18,0.235329,1.014,True,False,wall,10.0,12.0,-10.0
1940,126495,10.0,1,74,0.235158,0.9641,True,False,wall,10.0,10.0,-10.0
1941,126512,22.0,2,17,0.235118,0.9249,True,False,wall,20.0,12.0,-10.0
1942,126582,8.0,1,70,0.234956,0.9757,True,False,wall,10.0,8.0,-10.0
1943,126687,45.0,3,105,0.234714,0.9584,True,False,body,30.0,25.0,-10.0
1944,126792,41.0,3,105,0.234471,0.9704,True,False,body,30.0,21.0,-10.0
1945,126887,51.0,3,95,0.234253,1.0105,True,False,body,30.0,31.0,-10.0
1946,127001,48.0,3,114,0.23399,0.8905,True,False,wall,30.0,28.0,-10.0
1947,127100,49.0,3,99,0.233763,0.8971,True,False,body,30.0,29.0,-10.0
1948,127164,40.0,3,64,0.233616,0.8695,True,False,body,30.0,20.0,-10.0
1949,127231,58.0,4,67,0.233462,0.9995,True,False,wall,40.0,28.0,-10.0
1950,127430,74.0,4,199,0.233006,0.9272,True,False,body,40.0,44.0,-10.0
1951,127552,42.0,3,122,0.232727,0.942,True,False,body,30.0,22.0,-10.0
1952,127621,20.0,2,69,0.23257,0.9147,True,False,wall,20.0,10.0,-10.0
1953,127682,53.0,3,61,0.232431,0.9143,True,False,body,30.0,33.0,-10.0
1954,127763,47.0,3,81,0.232246,0.9763,True,False,body,30.0,27.0,-10.0
1955,127884,64.0,4,121,0.231971,0.9345,True,False,body,40.0,34.0,-10.0
1956,127928,53.0,4,44,0.23187,1.1078,True,False,body,40.0,23.0,-10.0
1957,127993,41.0,3,65,0.231723,1.0271,True,False,body,30.0,21.0,-10.0
1958,128098,73.0,3,105,0.231484,0.9683,True,False,body,30.0,53.0,-10.0
1959,128183,41.0,3,85,0.231292,0.8785,True,False,body,30.0,21.0,-10.0
1960,128252,13.0,1,69,0.231135,0.9233,True,False,wall,10.0,13.0,-10.0
1961,128278,12.0,1,26,0.231077,0.8574,True,False,wall,10.0,12.0,-10.0
1962,128356,39.0,2,78,0.2309,0.9107,True,False,wall,20.0,29.0,-10.0
1963,128384,10.0,1,28,0.230837,0.8807,True,False,wall,10.0,10.0,-10.0
1964,128452,24.0,1,68,0.230683,0.8511,True,False,wall,10.0,24.0,-10.0
1965,128478,19.0,2,26,0.230624,1.0368,True,False,wall,20.0,9.0,-10.0
1966,128517,46.0,4,39,0.230536,0.9629,True,False,wall,40.0,16.0,-10.0
1967,128603,52.0,3,86,0.230342,0.8921,True,False,body,30.0,32.0,-10.0
1968,128630,15.0,1,27,0.230282,0.8502,True,False,wall,10.0,15.0,-10.0
1969,128672,-11.0,0,42,0.230187,0.9003,True,False,wall,0.0,-1.0,-10.0
1970,128707,11.0,1,35,0.230108,0.7889,True,False,wall,10.0,11.0,-10.0
1971,128826,50.0,4,119,0.22984,0.8608,True,False,body,40.0,20.0,-10.0
1972,128982,56.0,3,156,0.22949,0.8871,True,False,body,30.0,36.0,-10.0
1973,129068,38.0,3,86,0.229297,0.9903,True,False,wall,30.0,18.0,-10.0
1974,129090,-1.0,0,22,0.229248,0.9099,True,False,wall,0.0,9.0,-10.0
1975,129149,50.0,2,59,0.229116,1.0085,True,False,wall,20.0,40.0,-10.0
1976,129205,34.0,3,56,0.22899,0.8712,True,False,body,30.0,14.0,-10.0
1977,129298,64.0,4,93,0.228782,0.8306,True,False,wall,40.0,34.0,-10.0
1978,129366,51.0,4,68,0.228631,0.7991,True,False,wall,40.0,21.0,-10.0
1979,129429,45.0,3,63,0.22849,0.9069,True,False,body,30.0,25.0,-10.0
1980,129458,9.0,1,29,0.228425,0.9572,True,False,wall,10.0,9.0,-10.0
1981,129620,42.0,3,162,0.228064,0.8817,True,False,wall,30.0,22.0,-10.0
1982,129637,-6.0,0,17,0.228026,0.9314,True,False,wall,0.0,4.0,-10.0
1983,129714,30.0,2,77,0.227855,0.967,True,False,wall,20.0,20.0,-10.0
1984,129792,46.0,3,78,0.227682,0.8478,True,False,wall,30.0,26.0,-10.0
1985,129803,-4.0,0,11,0.227657,1.0323,True,False,wall,0.0,6.0,-10.0
1986,129855,13.0,2,52,0.227542,1.1099,True,False,wall,20.0,3.0,-10.0
1987,129948,88.0,4,93,0.227336,0.9733,True,False,wall,40.0,58.0,-10.0
1988,129996,16.0,1,48,0.227229,0.9082,True,False,wall,10.0,16.0,-10.0
1989,130024,27.0,2,28,0.227167,0.8585,True,False,wall,20.0,17.0,-10.0
1990,130048,16.0,1,24,0.227114,0.9848,True,False,wall,10.0,16.0,-10.0
1991,130161,54.0,4,113,0.226864,0.9305,True,False,wall,40.0,24.0,-10.0
1992,130211,27.0,2,50,0.226754,0.9681,True,False,wall,20.0,17.0,-10.0
1993,130268,51.0,3,57,0.226628,0.9428,True,False,wall,30.0,31.0,-10.0
1994,130385,74.0,4,117,0.22637,0.9297,True,False,wall,40.0,44.0,-10.0
1995,130460,30.0,2,75,0.226204,0.9642,True,False,wall,20.0,20.0,-10.0
1996,130524,26.0,3,64,0.226064,0.824,True,False,body,30.0,6.0,-10.0
1997,130643,53.0,3,119,0.225802,0.878,True,False,wall,30.0,33.0,-10.0
1998,130709,64.0,3,66,0.225657,0.8026,True,False,body,30.0,44.0,-10.0
1999,130757,27.0,2,48,0.225551,1.0025,True,False,wall,20.0,17.0,-10.0
2000,130796,20.0,2,39,0.225466,0.8663,True,False,wall,20.0,10.0,-10.0
2001,131000,40.0,3,204,0.225019,0.8699,True,False,body,30.0,20.0,-10.0
2002,131025,26.0,2,25,0.224964,0.8052,True,False,wall,20.0,16.0,-10.0
2003,131075,52.0,3,50,0.224855,0.8007,True,False,body,30.0,32.0,-10.0
2004,131293,57.0,4,218,0.224379,0.8921,True,False,body,40.0,27.0,-10.0
2005,131392,64.0,4,99,0.224164,0.9239,True,False,wall,40.0,34.0,-10.0
2006,131423,29.0,3,31,0.224096,1.0128,True,False,wall,30.0,9.0,-10.0
2007,131515,52.0,3,92,0.223896,0.9569,True,False,body,30.0,32.0,-10.0
2008,131651,45.0,4,136,0.223601,0.9585,True,False,body,40.0,15.0,-10.0
2009,131727,46.0,3,76,0.223436,0.9738,True,False,body,30.0,26.0,-10.0
2010,131834,45.0,3,107,0.223204,0.8857,True,False,body,30.0,25.0,-10.0
2011,131933,57.0,3,99,0.22299,0.969,True,False,body,30.0,37.0,-10.0
2012,131977,40.0,3,44,0.222895,0.9152,True,False,body,30.0,20.0,-10.0
2013,132039,16.0,1,62,0.222761,0.9524,True,False,wall,10.0,16.0,-10.0
2014,132084,37.0,3,45,0.222664,0.8244,True,False,body,30.0,17.0,-10.0
2015,132148,38.0,3,64,0.222525,0.8919,True,False,body,30.0,18.0,-10.0
2016,132300,34.0,3,152,0.222198,1.0574,True,False,body,30.0,14.0,-10.0
2017,132392,44.0,3,92,0.222,1.0576,True,False,body,30.0,24.0,-10.0
2018,132421,0.0,0,29,0.221938,0.8907,True,False,wall,0.0,10.0,-10.0
2019,132484,65.0,3,63,0.221802,0.9018,True,False,body,30.0,45.0,-10.0
2020,132532,27.0,2,48,0.221699,0.9372,True,False,wall,20.0,17.0,-10.0
2021,132601,41.0,3,69,0.221551,0.8446,True,False,body,30.0,21.0,-10.0
2022,132688,56.0,4,87,0.221365,0.9,True,False,wall,40.0,26.0,-10.0
2023,132723,11.0,1,35,0.22129,0.8553,True,False,wall,10.0,11.0,-10.0
2024,132932,77.0,5,209,0.220843,1.0264,True,False,wall,50.0,37.0,-10.0
2025,133005,49.0,3,73,0.220687,1.0123,True,False,body,30.0,29.0,-10.0
2026,133117,44.0,3,112,0.220448,0.9822,True,False,wall,30.0,24.0,-10.0
2027,133159,44.0,3,42,0.220359,0.9465,True,False,body,30.0,24.0,-10.0
2028,133279,25.0,2,120,0.220104,0.9602,True,False,wall,20.0,15.0,-10.0
2029,133289,6.0,1,10,0.220082,0.8494,True,False,wall,10.0,6.0,-10.0
2030,133298,7.0,1,9,0.220063,1.3453,True,False,wall,10.0,7.0,-10.0
2031,133345,11.0,1,47,0.219963,0.9441,True,False,wall,10.0,11.0,-10.0
2032,133434,74.0,4,89,0.219774,0.9592,True,False,body,40.0,44.0,-10.0
2033,133461,39.0,3,27,0.219717,0.8701,True,False,body,30.0,19.0,-10.0
2034,133487,27.0,2,26,0.219662,1.0262,True,False,wall,20.0,17.0,-10.0
2035,133510,22.0,2,23,0.219613,0.9354,True,False,wall,20.0,12.0,-10.0
2036,133529,15.0,1,19,0.219573,0.9931,True,False,wall,10.0,15.0,-10.0
2037,133604,64.0,4,75,0.219414,0.8493,True,False,wall,40.0,34.0,-10.0
2038,133683,53.0,3,79,0.219247,0.9436,True,False,body,30.0,33.0,-10.0
2039,133742,37.0,3,59,0.219122,0.9712,True,False,body,30.0,17.0,-10.0
2040,133808,72.0,5,66,0.218982,1.0223,True,False,wall,50.0,32.0,-10.0
2041,133885,41.0,3,77,0.21882,1.0383,True,False,body,30.0,21.0,-10.0
2042,134033,70.0,3,148,0.218508,0.9431,True,False,body,30.0,50.0,-10.0
2043,134100,17.0,1,67,0.218367,0.99,True,False,wall,10.0,17.0,-10.0
2044,134125,19.0,1,25,0.218314,1.0736,True,False,wall,10.0,19.0,-10.0
2045,134188,-8.0,0,63,0.218182,0.854,True,False,wall,0.0,2.0,-10.0
2046,134283,55.0,3,95,0.217982,0.88,True,False,wall,30.0,35.0,-10.0
2047,134295,8.0,1,12,0.217957,0.8699,True,False,wall,10.0,8.0,-10.0
2048,134348,32.0,2,53,0.217846,0.8432,True,False,wall,20.0,22.0,-10.0
2049,134413,45.0,3,65,0.217709,0.9674,True,False,body,30.0,25.0,-10.0
2050,134581,64.0,5,168,0.217358,0.8972,True,False,body,50.0,24.0,-10.0
2051,134659,54.0,3,78,0.217194,0.8626,True,False,body,30.0,34.0,-10.0
2052,134771,48.0,3,112,0.216961,0.9107,True,False,body,30.0,28.0,-10.0
2053,134843,44.0,3,72,0.21681,0.9663,True,False,wall,30.0,24.0,-10.0
2054,134890,45.0,3,47,0.216712,0.9731,True,False,body,30.0,25.0,-10.0
2055,134945,41.0,3,55,0.216598,1.0916,True,False,body,30.0,21.0,-10.0
2056,134960,20.0,2,15,0.216567,0.8917,True,False,wall,20.0,10.0,-10.0
2057,134974,6.0,1,14,0.216537,0.9102,True,False,wall,10.0,6.0,-10.0
2058,135025,35.0,3,51,0.216431,0.8831,True,False,body,30.0,15.0,-10.0
2059,135145,80.0,5,120,0.216182,0.8457,True,False,body,50.0,40.0,-10.0
2060,135189,26.0,1,44,0.21609,0.8905,True,False,wall,10.0,26.0,-10.0
2061,135317,59.0,4,128,0.215825,0.9874,True,False,body,40.0,29.0,-10.0
2062,135354,20.0,2,37,0.215748,1.0827,True,False,wall,20.0,10.0,-10.0
2063,135439,53.0,3,85,0.215572,0.9262,True,False,body,30.0,33.0,-10.0
2064,135518,34.0,2,79,0.215409,0.8814,True,False,wall,20.0,24.0,-10.0
2065,135549,20.0,2,31,0.215345,0.9994,True,False,wall,20.0,10.0,-10.0
2066,135625,41.0,2,76,0.215188,0.9884,True,False,wall,20.0,31.0,-10.0
2067,135730,43.0,3,105,0.214971,0.9313,True,False,body,30.0,23.0,-10.0
2068,135767,42.0,2,37,0.214895,0.9666,True,False,wall,20.0,32.0,-10.0
2069,135876,108.0,6,109,0.21467,0.8702,True,False,body,60.0,58.0,-10.0
2070,135940,44.0,3,64,0.214539,0.9412,True,False,body,30.0,24.0,-10.0
2071,135998,4.0,1,58,0.214419,0.8881,True,False,wall,10.0,4.0,-10.0
2072,136063,45.0,3,65,0.214286,1.0489,True,False,body,30.0,25.0,-10.0
2073,136171,66.0,3,108,0.214064,0.9514,True,False,body,30.0,46.0,-10.0
2074,136190,13.0,1,19,0.214025,1.2743,True,False,wall,10.0,13.0,-10.0
2075,136282,42.0,3,92,0.213837,0.9222,True,False,body,30.0,22.0,-10.0
2076,136382,56.0,3,100,0.213632,0.9578,True,False,body,30.0,36.0,-10.0
2077,136473,65.0,3,91,0.213446,0.8201,True,False,wall,30.0,45.0,-10.0
2078,136564,24.0,2,91,0.21326,1.0041,True,False,wall,20.0,14.0,-10.0
2079,136589,20.0,2,25,0.213209,0.8821,True,False,wall,20.0,10.0,-10.0
2080,136721,73.0,4,132,0.21294,0.9274,True,False,body,40.0,43.0,-10.0
2081,136812,39.0,3,91,0.212755,1.0506,True,False,body,30.0,19.0,-10.0
2082,136944,37.0,2,132,0.212486,0.9943,True,False,wall,20.0,27.0,-10.0
2083,137052,54.0,3,108,0.212267,0.8724,True,False,body,30.0,34.0,-10.0
2084,137102,65.0,4,50,0.212166,1.0432,True,False,wall,40.0,35.0,-10.0
2085,137166,50.0,3,64,0.212036,0.9578,True,False,body,30.0,30.0,-10.0
2086,137244,79.0,4,78,0.211878,0.9797,True,False,body,40.0,49.0,-10.0
2087,137316,52.0,3,72,0.211733,1.0607,True,False,wall,30.0,32.0,-10.0
2088,137396,54.0,3,80,0.211571,1.058,True,False,body,30.0,34.0,-10.0
2089,137518,66.0,3,122,0.211325,0.976,True,False,body,30.0,46.0,-10.0
2090,137649,51.0,3,131,0.211061,0.9424,True,False,body,30.0,31.0,-10.0
2091,137670,9.0,1,21,0.211019,0.8448,True,False,wall,10.0,9.0,-10.0
2092,137735,27.0,3,65,0.210888,0.945,True,False,body,30.0,7.0,-10.0
2093,137798,39.0,3,63,0.210761,1.1211,True,False,wall,30.0,19.0,-10.0
2094,137865,47.0,3,67,0.210627,0.9178,True,False,body,30.0,27.0,-10.0
2095,137919,52.0,3,54,0.210518,1.0443,True,False,body,30.0,32.0,-10.0
2096,137943,8.0,1,24,0.21047,0.9714,True,False,wall,10.0,8.0,-10.0
2097,138007,46.0,3,64,0.210342,1.1014,True,False,body,30.0,26.0,-10.0
2098,138086,45.0,3,79,0.210183,0.9991,True,False,body,30.0,25.0,-10.0
2099,138157,56.0,4,71,0.210041,1.1051,True,False,body,40.0,26.0,-10.0
2100,138178,23.0,3,21,0.209999,0.8794,True,False,body,30.0,3.0,-10.0
2101,138249,58.0,4,71,0.209857,1.0513,True,False,body,40.0,28.0,-10.0
2102,138405,77.0,4,156,0.209546,1.027,True,False,wall,40.0,47.0,-10.0
2103,138513,48.0,3,108,0.209331,1.0188,True,False,body,30.0,28.0,-10.0
2104,138573,48.0,3,60,0.209211,0.9381,True,False,body,30.0,28.0,-10.0
2105,138652,39.0,3,79,0.209054,1.0103,True,False,body,30.0,19.0,-10.0
2106,138669,-4.0,0,17,0.20902,1.0917,True,False,wall,0.0,6.0,-10.0
2107,138731,46.0,3,62,0.208897,0.9197,True,False,body,30.0,26.0,-10.0
2108,138795,54.0,3,64,0.20877,1.0723,True,False,body,30.0,34.0,-10.0
2109,138853,25.0,2,58,0.208655,1.0059,True,False,wall,20.0,15.0,-10.0
2110,138903,42.0,3,50,0.208556,1.066,True,False,wall,30.0,22.0,-10.0
2111,138973,59.0,4,70,0.208417,1.0754,True,False,wall,40.0,29.0,-10.0
2112,139033,46.0,3,60,0.208298,0.9476,True,False,body,30.0,26.0,-10.0
2113,139079,39.0,2,46,0.208207,0.8966,True,False,wall,20.0,29.0,-10.0
2114,139138,45.0,3,59,0.208091,0.8902,True,False,body,30.0,25.0,-10.0
2115,139204,40.0,3,66,0.20796,1.103,True,False,body,30.0,20.0,-10.0
2116,139337,55.0,3,133,0.207698,0.9937,True,False,body,30.0,35.0,-10.0
2117,139450,45.0,3,113,0.207475,0.9987,True,False,body,30.0,25.0,-10.0
2118,139467,-6.0,0,17,0.207442,0.8582,True,False,wall,0.0,4.0,-10.0
2119,139651,46.0,3,184,0.20708,1.0439,True,False,body,30.0,26.0,-10.0
2120,139663,8.0,1,12,0.207057,0.937,True,False,wall,10.0,8.0,-10.0
2121,139881,69.0,4,218,0.206629,0.994,True,False,body,40.0,39.0,-10.0
2122,139967,39.0,2,86,0.206461,0.9102,True,False,wall,20.0,29.0,-10.0
2123,140086,55.0,3,119,0.206229,0.9716,True,False,body,30.0,35.0,-10.0
2124,140114,34.0,3,28,0.206174,0.9465,True,False,body,30.0,14.0,-10.0
2125,140157,41.0,3,43,0.20609,0.9796,True,False,body,30.0,21.0,-10.0
2126,140176,-2.0,0,19,0.206053,1.2154,True,False,wall,0.0,8.0,-10.0
2127,140265,68.0,4,89,0.205879,0.9134,True,False,wall,40.0,38.0,-10.0
2128,140409,67.0,4,144,0.205599,1.0361,True,False,wall,40.0,37.0,-10.0
2129,140425,-5.0,0,16,0.205568,1.1739,True,False,wall,0.0,5.0,-10.0
2130,140484,49.0,3,59,0.205453,0.9605,True,False,body,30.0,29.0,-10.0
2131,140557,58.0,4,73,0.205311,0.9474,True,False,body,40.0,28.0,-10.0
2132,140571,21.0,2,14,0.205284,0.9292,True,False,wall,20.0,11.0,-10.0
2133,140728,60.0,4,157,0.20498,0.9944,True,False,wall,40.0,30.0,-10.0
2134,140816,42.0,3,88,0.204809,0.9234,True,False,body,30.0,22.0,-10.0
2135,140843,2.0,0,27,0.204757,1.088,True,False,wall,0.0,12.0,-10.0
2136,140862,7.0,1,19,0.20472,0.9731,True,False,wall,10.0,7.0,-10.0
2137,140937,74.0,4,75,0.204575,0.9937,True,False,body,40.0,44.0,-10.0
2138,141073,61.0,4,136,0.204313,1.047,True,False,wall,40.0,31.0,-10.0
2139,141185,56.0,3,112,0.204097,1.0289,True,False,wall,30.0,36.0,-10.0
2140,141252,47.0,3,67,0.203968,0.929,True,False,body,30.0,27.0,-10.0
2141,141305,57.0,3,53,0.203866,0.9489,True,False,wall,30.0,37.0,-10.0
2142,141474,63.0,5,169,0.203541,1.0406,True,False,wall,50.0,23.0,-10.0
2143,141586,87.0,4,112,0.203327,1.0302,True,False,body,40.0,57.0,-10.0
2144,141679,45.0,3,93,0.203148,0.9406,True,False,body,30.0,25.0,-10.0
2145,141777,48.0,3,98,0.202961,1.0676,True,False,body,30.0,28.0,-10.0
2146,141793,4.0,1,16,0.20293,0.9792,True,False,wall,10.0,4.0,-10.0
2147,141834,38.0,2,41,0.202852,1.065,True,False,wall,20.0,28.0,-10.0
2148,141926,-3.0,0,92,0.202676,1.0409,True,False,wall,0.0,7.0,-10.0
2149,141986,36.0,3,60,0.202562,0.9376,True,False,body,30.0,16.0,-10.0
2150,142081,61.0,3,95,0.202381,1.0041,True,False,body,30.0,41.0,-10.0
2151,142140,41.0,3,59,0.202268,0.9914,True,False,body,30.0,21.0,-10.0
2152,142203,51.0,3,63,0.202149,0.8771,True,False,body,30.0,31.0,-10.0
2153,142222,-6.0,0,19,0.202112,0.8528,True,False,wall,0.0,4.0,-10.0
2154,142254,38.0,3,32,0.202052,1.1307,True,False,body,30.0,18.0,-10.0
2155,142296,38.0,3,42,0.201972,0.9829,True,False,body,30.0,18.0,-10.0
2156,142330,36.0,3,34,0.201907,1.1005,True,False,body,30.0,16.0,-10.0
2157,142410,58.0,3,80,0.201755,0.913,True,False,body,30.0,38.0,-10.0
2158,142495,44.0,2,85,0.201594,1.0314,True,False,wall,20.0,34.0,-10.0
2159,142559,38.0,3,64,0.201473,0.9255,True,False,body,30.0,18.0,-10.0
2160,142637,40.0,3,78,0.201325,0.9907,True,False,body,30.0,20.0,-10.0
2161,142777,74.0,5,140,0.201061,0.9607,True,False,body,50.0,34.0,-10.0
2162,142851,53.0,4,74,0.200921,0.9799,True,False,body,40.0,23.0,-10.0
2163,142929,48.0,3,78,0.200774,0.9948,True,False,body,30.0,28.0,-10.0
2164,143015,59.0,4,86,0.200612,1.0375,True,False,wall,40.0,29.0,-10.0
2165,143099,51.0,4,84,0.200454,1.0295,True,False,body,40.0,21.0,-10.0
2166,143151,46.0,3,52,0.200356,0.9588,True,False,body,30.0,26.0,-10.0
2167,143183,29.0,2,32,0.200296,0.9584,True,False,wall,20.0,19.0,-10.0
2168,143248,45.0,3,65,0.200174,0.9778,True,False,body,30.0,25.0,-10.0
2169,143370,75.0,4,122,0.199945,1.064,True,False,wall,40.0,45.0,-10.0
2170,143401,39.0,3,31,0.199887,0.9249,True,False,body,30.0,19.0,-10.0
2171,143472,43.0,3,71,0.199754,0.9551,True,False,body,30.0,23.0,-10.0
2172,143563,47.0,3,91,0.199584,0.9918,True,False,body,30.0,27.0,-10.0
2173,143602,37.0,3,39,0.199511,1.0428,True,False,body,30.0,17.0,-10.0
2174,143693,65.0,3,91,0.199341,1.0208,True,False,wall,30.0,45.0,-10.0
2175,143744,53.0,3,51,0.199246,0.9097,True,False,wall,30.0,33.0,-10.0
2176,143820,44.0,3,76,0.199104,1.0877,True,False,body,30.0,24.0,-10.0
2177,143854,12.0,1,34,0.199041,1.239,True,False,wall,10.0,12.0,-10.0
2178,143905,41.0,3,51,0.198946,1.0275,True,False,body,30.0,21.0,-10.0
2179,144028,53.0,3,123,0.198717,1.0645,True,False,body,30.0,33.0,-10.0
2180,144079,48.0,4,51,0.198622,0.9378,True,False,wall,40.0,18.0,-10.0
2181,144098,16.0,2,19,0.198587,0.9831,True,False,wall,20.0,6.0,-10.0
2182,144179,51.0,3,81,0.198437,1.0279,True,False,body,30.0,31.0,-10.0
2183,144260,43.0,3,81,0.198286,1.1657,True,False,body,30.0,23.0,-10.0
2184,144276,-1.0,0,16,0.198257,0.9317,True,False,wall,0.0,9.0,-10.0
2185,144316,27.0,2,40,0.198183,1.1724,True,False,wall,20.0,17.0,-10.0
2186,144432,63.0,4,116,0.197968,1.0632,True,False,body,40.0,33.0,-10.0
2187,144446,6.0,1,14,0.197942,0.9545,True,False,wall,10.0,6.0,-10.0
2188,144540,65.0,4,94,0.197768,1.0133,True,False,wall,40.0,35.0,-10.0
2189,144602,33.0,2,62,0.197654,0.9619,True,False,wall,20.0,23.0,-10.0
2190,144650,44.0,3,48,0.197565,1.237,True,False,body,30.0,24.0,-10.0
2191,144722,60.0,3,72,0.197432,0.9497,True,False,body,30.0,40.0,-10.0
2192,144853,62.0,4,131,0.197191,1.0488,True,False,body,40.0,32.0,-10.0
2193,144949,37.0,4,96,0.197015,1.1279,True,False,body,40.0,7.0,-10.0
2194,144967,6.0,1,18,0.196982,1.4314,True,False,wall,10.0,6.0,-10.0
2195,145016,26.0,2,49,0.196892,1.1358,True,False,wall,20.0,16.0,-10.0
2196,145068,44.0,3,52,0.196796,0.9104,True,False,wall,30.0,24.0,-10.0
2197,145172,40.0,3,104,0.196605,1.0231,True,False,body,30.0,20.0,-10.0
2198,145255,30.0,2,83,0.196453,0.9994,True,False,wall,20.0,20.0,-10.0
2199,145334,51.0,3,79,0.196309,1.145,True,False,wall,30.0,31.0,-10.0
2200,145413,49.0,3,79,0.196164,1.0047,True,False,body,30.0,29.0,-10.0
2201,145483,50.0,3,70,0.196037,0.8893,True,False,body,30.0,30.0,-10.0
2202,145518,35.0,3,35,0.195973,0.9155,True,False,body,30.0,15.0,-10.0
2203,145620,51.0,4,102,0.195787,1.0029,True,False,body,40.0,21.0,-10.0
2204,145706,75.0,4,86,0.19563,1.0648,True,False,body,40.0,45.0,-10.0
2205,145787,57.0,3,81,0.195483,0.9878,True,False,body,30.0,37.0,-10.0
2206,145796,5.0,1,9,0.195466,1.0099,True,False,wall,10.0,5.0,-10.0
2207,145843,36.0,2,47,0.195381,1.0361,True,False,wall,20.0,26.0,-10.0
2208,145869,12.0,1,26,0.195334,1.0225,True,False,wall,10.0,12.0,-10.0
2209,145986,70.0,4,117,0.195121,0.9915,True,False,wall,40.0,40.0,-10.0
2210,146034,41.0,2,48,0.195034,0.9631,True,False,wall,20.0,31.0,-10.0
2211,146071,50.0,4,37,0.194967,0.9956,True,False,body,40.0,20.0,-10.0
2212,146267,38.0,3,196,0.194612,0.928,True,False,wall,30.0,18.0,-10.0
2213,146382,71.0,5,115,0.194405,0.972,True,False,wall,50.0,31.0,-10.0
2214,146457,37.0,3,75,0.194269,0.9256,True,False,body,30.0,17.0,-10.0
2215,146596,70.0,4,139,0.194019,1.0352,True,False,body,40.0,40.0,-10.0
2216,146691,39.0,3,95,0.193848,0.9825,True,False,body,30.0,19.0,-10.0
2217,146793,70.0,3,102,0.193665,0.9349,True,False,body,30.0,50.0,-10.0
2218,146835,28.0,3,42,0.193589,0.9465,True,False,wall,30.0,8.0,-10.0
2219,146906,57.0,3,71,0.193462,0.8956,True,False,body,30.0,37.0,-10.0
2220,146984,63.0,4,78,0.193322,0.9142,True,False,wall,40.0,33.0,-10.0
2221,147097,81.0,5,113,0.19312,0.8834,True,False,wall,50.0,41.0,-10.0
2222,147180,61.0,3,83,0.192971,0.9928,True,False,body,30.0,41.0,-10.0
2223,147210,30.0,3,30,0.192918,1.0094,True,False,wall,30.0,10.0,-10.0
2224,147233,13.0,1,23,0.192877,1.0298,True,False,wall,10.0,13.0,-10.0
2225,147245,-3.0,0,12,0.192855,0.9585,True,False,wall,0.0,7.0,-10.0
2226,147273,16.0,1,28,0.192805,1.0518,True,False,wall,10.0,16.0,-10.0
2227,147425,85.0,4,152,0.192534,0.9714,True,False,wall,40.0,55.0,-10.0
2228,147452,13.0,1,27,0.192486,1.1161,True,False,wall,10.0,13.0,-10.0
2229,147573,94.0,4,121,0.192271,0.9781,True,False,body,40.0,64.0,-10.0
2230,147669,64.0,3,96,0.1921,0.9718,True,False,body,30.0,44.0,-10.0
2231,147758,58.0,4,89,0.191942,0.922,True,False,wall,40.0,28.0,-10.0
2232,147869,63.0,3,111,0.191745,0.9524,True,False,body,30.0,43.0,-10.0
2233,147953,72.0,3,84,0.191597,0.9224,True,False,body,30.0,52.0,-10.0
2234,147990,20.0,2,37,0.191531,0.9385,True,False,wall,20.0,10.0,-10.0
2235,148007,-2.0,0,17,0.191501,0.8271,True,False,wall,0.0,8.0,-10.0
2236,148178,108.0,6,171,0.191199,1.0217,True,False,wall,60.0,58.0,-10.0
2237,148236,42.0,3,58,0.191097,1.007,True,False,body,30.0,22.0,-10.0
2238,148250,1.0,0,14,0.191072,0.8896,True,False,wall,0.0,11.0,-10.0
2239,148354,69.0,4,104,0.190889,0.9315,True,False,wall,40.0,39.0,-10.0
2240,148379,-18.0,0,25,0.190845,0.8607,True,False,wall,0.0,-8.0,-10.0
2241,148412,22.0,2,33,0.190787,1.0438,True,False,wall,20.0,12.0,-10.0
2242,148530,89.0,4,118,0.190579,1.0078,True,False,body,40.0,59.0,-10.0
2243,148602,46.0,3,72,0.190453,0.8969,True,False,body,30.0,26.0,-10.0
2244,148686,48.0,3,84,0.190305,0.9901,True,False,body,30.0,28.0,-10.0
2245,148716,36.0,3,30,0.190253,0.8781,True,False,body,30.0,16.0,-10.0
2246,148790,20.0,1,74,0.190123,0.9368,True,False,wall,10.0,20.0,-10.0
2247,148814,32.0,3,24,0.190081,0.84,True,False,body,30.0,12.0,-10.0
2248,148902,66.0,5,88,0.189927,1.0175,True,False,body,50.0,26.0,-10.0
2249,148955,51.0,3,53,0.189834,1.0164,True,False,body,30.0,31.0,-10.0
2250,149033,44.0,3,78,0.189698,0.9453,True,False,body,30.0,24.0,-10.0
2251,149045,8.0,1,12,0.189677,0.8606,True,False,wall,10.0,8.0,-10.0
2252,149083,40.0,3,38,0.189611,0.9705,True,False,body,30.0,20.0,-10.0
2253,149133,38.0,3,50,0.189523,1.0242,True,False,body,30.0,18.0,-10.0
2254,149231,39.0,2,98,0.189353,1.0328,True,False,wall,20.0,29.0,-10.0
2255,149279,51.0,4,48,0.189269,1.0326,True,False,wall,40.0,21.0,-10.0
2256,149374,39.0,3,95,0.189104,1.0203,True,False,wall,30.0,19.0,-10.0
2257,149417,35.0,3,43,0.189029,0.944,True,False,body,30.0,15.0,-10.0
2258,149456,25.0,3,39,0.188961,0.9108,True,False,body,30.0,5.0,-10.0
2259,149579,87.0,5,123,0.188748,0.9701,True,False,body,50.0,47.0,-10.0
2260,149621,16.0,1,42,0.188675,0.9371,True,False,wall,10.0,16.0,-10.0
2261,149672,35.0,3,51,0.188587,0.9073,True,False,body,30.0,15.0,-10.0
2262,149822,92.0,5,150,0.188327,0.9534,True,False,wall,50.0,52.0,-10.0
2263,149870,50.0,3,48,0.188244,1.1123,True,False,wall,30.0,30.0,-10.0
2264,149944,71.0,4,74,0.188116,0.9262,True,False,body,40.0,41.0,-10.0
2265,150089,47.0,3,145,0.187866,0.9689,True,False,body,30.0,27.0,-10.0
2266,150274,77.0,3,185,0.187548,0.9686,True,False,wall,30.0,57.0,-10.0
2267,150337,67.0,3,63,0.187439,0.9901,True,False,body,30.0,47.0,-10.0
2268,150453,61.0,4,116,0.18724,0.9241,True,False,body,40.0,31.0,-10.0
2269,150499,38.0,3,46,0.187161,1.1065,True,False,body,30.0,18.0,-10.0
2270,150554,32.0,2,55,0.187067,1.0843,True,False,wall,20.0,22.0,-10.0
2271,150626,60.0,3,72,0.186944,0.9231,True,False,wall,30.0,40.0,-10.0
2272,150715,71.0,3,89,0.186791,1.0254,True,False,wall,30.0,51.0,-10.0
2273,150761,12.0,1,46,0.186713,0.986,True,False,wall,10.0,12.0,-10.0
2274,150828,73.0,5,67,0.186598,1.0084,True,False,body,50.0,33.0,-10.0
2275,150920,98.0,5,92,0.186441,1.027,True,False,wall,50.0,58.0,-10.0
2276,150978,36.0,3,58,0.186342,1.0214,True,False,body,30.0,16.0,-10.0
2277,151017,24.0,2,39,0.186276,0.9734,True,False,wall,20.0,14.0,-10.0
2278,151160,102.0,6,143,0.186033,0.9655,True,False,wall,60.0,52.0,-10.0
2279,151261,58.0,4,101,0.185861,0.9916,True,False,wall,40.0,28.0,-10.0
2280,151354,59.0,3,93,0.185703,1.0136,True,False,wall,30.0,39.0,-10.0
2281,151394,6.0,1,40,0.185635,1.0777,True,False,wall,10.0,6.0,-10.0
2282,151450,38.0,3,56,0.18554,0.9759,True,False,body,30.0,18.0,-10.0
2283,151489,9.0,1,39,0.185474,0.8995,True,False,wall,10.0,9.0,-10.0
2284,151558,47.0,3,69,0.185358,0.9072,True,False,wall,30.0,27.0,-10.0
2285,151607,47.0,3,49,0.185275,1.0537,True,False,body,30.0,27.0,-10.0
2286,151716,49.0,3,109,0.18509,0.9271,True,False,body,30.0,29.0,-10.0
2287,151788,48.0,3,72,0.184969,1.0107,True,False,wall,30.0,28.0,-10.0
2288,151943,53.0,3,155,0.184708,1.0767,True,False,wall,30.0,33.0,-10.0
2289,152050,45.0,3,107,0.184528,0.9915,True,False,body,30.0,25.0,-10.0
2290,152148,63.0,4,98,0.184363,0.8969,True,False,body,40.0,33.0,-10.0
2291,152228,24.0,1,80,0.184229,0.9143,True,False,wall,10.0,24.0,-10.0
2292,152295,57.0,3,67,0.184116,0.9108,True,False,wall,30.0,37.0,-10.0
2293,152379,27.0,2,84,0.183976,0.9943,True,False,wall,20.0,17.0,-10.0
2294,152460,53.0,3,81,0.18384,0.9566,True,False,body,30.0,33.0,-10.0
2295,152604,54.0,3,144,0.183599,1.0085,True,False,body,30.0,34.0,-10.0
2296,152643,20.0,2,39,0.183534,0.9119,True,False,wall,20.0,10.0,-10.0
2297,152710,35.0,3,67,0.183422,1.0779,True,False,body,30.0,15.0,-10.0
2298,152740,21.0,2,30,0.183372,1.0527,True,False,wall,20.0,11.0,-10.0
2299,152814,40.0,3,74,0.183249,1.0139,True,False,body,30.0,20.0,-10.0
2300,152833,5.0,1,19,0.183217,1.0565,True,False,wall,10.0,5.0,-10.0
2301,152866,37.0,3,33,0.183162,1.0492,True,False,body,30.0,17.0,-10.0
2302,152911,39.0,3,45,0.183088,0.9016,True,False,wall,30.0,19.0,-10.0
2303,153000,71.0,3,89,0.18294,0.8458,True,False,body,30.0,51.0,-10.0
2304,153124,64.0,3,124,0.182734,0.972,True,False,body,30.0,44.0,-10.0
2305,153246,88.0,5,122,0.182531,0.9756,True,False,body,50.0,48.0,-10.0
2306,153346,58.0,3,100,0.182366,0.9843,True,False,body,30.0,38.0,-10.0
2307,153416,52.0,3,70,0.18225,0.9643,True,False,body,30.0,32.0,-10.0
2308,153436,12.0,1,20,0.182217,0.96,True,False,wall,10.0,12.0,-10.0
2309,153499,32.0,2,63,0.182113,1.0052,True,False,wall,20.0,22.0,-10.0
2310,153598,35.0,3,99,0.18195,0.9535,True,False,body,30.0,15.0,-10.0
2311,153723,75.0,5,125,0.181744,1.1115,True,False,body,50.0,35.0,-10.0
2312,153810,47.0,3,87,0.1816,1.0711,True,False,body,30.0,27.0,-10.0
2313,154014,76.0,5,204,0.181265,1.0661,True,False,wall,50.0,36.0,-10.0
2314,154118,76.0,3,104,0.181095,0.8978,True,False,wall,30.0,56.0,-10.0
2315,154176,42.0,3,58,0.181,1.029,True,False,body,30.0,22.0,-10.0
2316,154277,79.0,5,101,0.180834,1.0352,True,False,body,50.0,39.0,-10.0
2317,154336,41.0,3,59,0.180738,1.1303,True,False,wall,30.0,21.0,-10.0
2318,154408,26.0,1,72,0.18062,1.0537,True,False,wall,10.0,26.0,-10.0
2319,154528,94.0,5,120,0.180425,1.0434,True,False,wall,50.0,54.0,-10.0
2320,154559,15.0,1,31,0.180374,0.9718,True,False,wall,10.0,15.0,-10.0
2321,154600,38.0,2,41,0.180307,0.9599,True,False,wall,20.0,28.0,-10.0
2322,154647,23.0,1,47,0.180231,0.9292,True,False,wall,10.0,23.0,-10.0
2323,154737,60.0,3,90,0.180084,0.9604,True,False,body,30.0,40.0,-10.0
2324,154861,63.0,4,124,0.179883,0.8923,True,False,wall,40.0,33.0,-10.0
2325,154989,79.0,4,128,0.179675,1.0797,True,False,body,40.0,49.0,-10.0
2326,155099,58.0,3,110,0.179497,1.0098,True,False,body,30.0,38.0,-10.0
2327,155254,42.0,2,155,0.179246,0.9374,True,False,wall,20.0,32.0,-10.0
2328,155422,51.0,4,168,0.178975,1.0131,True,False,wall,40.0,21.0,-10.0
2329,155462,20.0,1,40,0.178911,0.9719,True,False,wall,10.0,20.0,-10.0
2330,155475,0.0,0,13,0.17889,1.0652,True,False,wall,0.0,10.0,-10.0
2331,155494,11.0,1,19,0.178859,0.9366,True,False,wall,10.0,11.0,-10.0
2332,155570,78.0,5,76,0.178737,1.0252,True,False,wall,50.0,38.0,-10.0
2333,155646,46.0,3,76,0.178615,0.9859,True,False,wall,30.0,26.0,-10.0
2334,155703,-2.0,0,57,0.178523,0.925,True,False,wall,0.0,8.0,-10.0
2335,155750,35.0,3,47,0.178447,1.0193,True,False,body,30.0,15.0,-10.0
2336,155894,90.0,5,144,0.178216,0.9369,True,False,body,50.0,50.0,-10.0
2337,155926,34.0,3,32,0.178165,0.9534,True,False,body,30.0,14.0,-10.0
2338,155989,47.0,3,63,0.178064,0.9748,True,False,body,30.0,27.0,-10.0
2339,156091,47.0,4,102,0.177901,1.0582,True,False,body,40.0,17.0,-10.0
2340,156143,44.0,3,52,0.177818,1.0662,True,False,wall,30.0,24.0,-10.0
2341,156279,78.0,5,136,0.177601,0.9604,True,False,wall,50.0,38.0,-10.0
2342,156340,57.0,3,61,0.177504,0.9567,True,False,body,30.0,37.0,-10.0
2343,156389,-4.0,0,49,0.177426,0.923,True,False,wall,0.0,6.0,-10.0
2344,156457,38.0,3,68,0.177317,0.9686,True,False,body,30.0,18.0,-10.0
2345,156530,43.0,3,73,0.177201,1.0228,True,False,body,30.0,23.0,-10.0
2346,156586,52.0,3,56,0.177112,0.9947,True,False,body,30.0,32.0,-10.0
2347,156644,60.0,3,58,0.17702,0.9159,True,False,body,30.0,40.0,-10.0
2348,156681,34.0,2,37,0.176961,0.9592,True,False,wall,20.0,24.0,-10.0
2349,156734,32.0,2,53,0.176877,0.914,True,False,wall,20.0,22.0,-10.0
2350,156750,10.0,1,16,0.176852,1.4609,True,False,wall,10.0,10.0,-10.0
2351,156825,77.0,5,75,0.176733,1.0824,True,False,wall,50.0,37.0,-10.0
2352,156906,32.0,2,81,0.176605,1.0518,True,False,wall,20.0,22.0,-10.0
2353,157032,96.0,5,126,0.176405,0.983,True,False,body,50.0,56.0,-10.0
2354,157116,41.0,2,84,0.176273,1.0042,True,False,wall,20.0,31.0,-10.0
2355,157176,49.0,4,60,0.176178,1.0456,True,False,wall,40.0,19.0,-10.0
2356,157245,53.0,3,69,0.176069,1.1381,True,False,body,30.0,33.0,-10.0
2357,157268,-8.0,0,23,0.176033,0.9383,True,False,wall,0.0,2.0,-10.0
2358,157336,53.0,4,68,0.175926,0.9541,True,False,body,40.0,23.0,-10.0
2359,157381,39.0,3,45,0.175855,1.0672,True,False,body,30.0,19.0,-10.0
2360,157460,75.0,3,79,0.175731,0.9802,True,False,body,30.0,55.0,-10.0
2361,157516,30.0,3,56,0.175643,0.9227,True,False,body,30.0,10.0,-10.0
2362,157554,40.0,3,38,0.175583,0.9183,True,False,body,30.0,20.0,-10.0
2363,157585,13.0,1,31,0.175535,0.9818,True,False,wall,10.0,13.0,-10.0
2364,157772,66.0,4,187,0.175242,1.0248,True,False,body,40.0,36.0,-10.0
2365,157838,59.0,4,66,0.175138,1.0647,True,False,wall,40.0,29.0,-10.0
2366,157942,54.0,3,104,0.174976,0.97,True,False,body,30.0,34.0,-10.0
2367,157951,-2.0,0,9,0.174962,1.6454,True,False,wall,0.0,8.0,-10.0
2368,158171,89.0,6,220,0.174619,1.0094,True,False,wall,60.0,39.0,-10.0
2369,158186,0.0,0,15,0.174595,0.8874,True,False,wall,0.0,10.0,-10.0
2370,158324,68.0,3,138,0.17438,1.0252,True,False,wall,30.0,48.0,-10.0
2371,158410,61.0,4,86,0.174247,1.0973,True,False,body,40.0,31.0,-10.0
2372,158494,44.0,3,84,0.174116,0.9613,True,False,body,30.0,24.0,-10.0
2373,158602,55.0,4,108,0.173949,1.0323,True,False,body,40.0,25.0,-10.0
2374,158762,89.0,4,160,0.173701,0.9785,True,False,body,40.0,59.0,-10.0
2375,158828,54.0,3,66,0.173599,1.0398,True,False,body,30.0,34.0,-10.0
2376,158930,93.0,4,102,0.173442,0.9999,True,False,body,40.0,63.0,-10.0
2377,158993,49.0,3,63,0.173345,1.0778,True,False,body,30.0,29.0,-10.0
2378,159019,21.0,2,26,0.173305,1.308,True,False,wall,20.0,11.0,-10.0
2379,159083,61.0,4,64,0.173206,1.0179,True,False,body,40.0,31.0,-10.0
2380,159157,70.0,5,74,0.173092,1.1992,True,False,wall,50.0,30.0,-10.0
2381,159208,45.0,3,51,0.173014,1.0947,True,False,body,30.0,25.0,-10.0
2382,159277,28.0,2,69,0.172908,1.0273,True,False,wall,20.0,18.0,-10.0
2383,159367,55.0,4,90,0.172769,1.0064,True,False,body,40.0,25.0,-10.0
2384,159415,39.0,2,48,0.172696,0.9289,True,False,wall,20.0,29.0,-10.0
2385,159509,42.0,3,94,0.172552,0.9437,True,False,body,30.0,22.0,-10.0
2386,159596,69.0,3,87,0.172418,0.9737,True,False,body,30.0,49.0,-10.0
2387,159633,19.0,1,37,0.172362,0.905,True,False,wall,10.0,19.0,-10.0
2388,159727,56.0,3,94,0.172218,0.9992,True,False,body,30.0,36.0,-10.0
2389,159787,42.0,3,60,0.172126,1.0947,True,False,body,30.0,22.0,-10.0
2390,159886,55.0,3,99,0.171975,0.9834,True,False,body,30.0,35.0,-10.0
2391,159969,57.0,3,83,0.171849,1.0767,True,False,body,30.0,37.0,-10.0
2392,159984,7.0,1,15,0.171826,1.2033,True,False,wall,10.0,7.0,-10.0
2393,160058,60.0,3,74,0.171713,1.0518,True,False,body,30.0,40.0,-10.0
2394,160121,41.0,3,63,0.171618,1.0314,True,False,body,30.0,21.0,-10.0
2395,160132,-4.0,0,11,0.171601,1.0268,True,False,wall,0.0,6.0,-10.0
2396,160205,57.0,3,73,0.17149,1.002,True,False,wall,30.0,37.0,-10.0
2397,160228,-10.0,0,23,0.171455,0.9553,True,False,wall,0.0,0.0,-10.0
2398,160335,41.0,3,107,0.171293,0.9603,True,False,body,30.0,21.0,-10.0
2399,160359,-3.0,0,24,0.171256,0.9324,True,False,wall,0.0,7.0,-10.0
2400,160481,84.0,5,122,0.171072,1.05,True,False,body,50.0,44.0,-10.0
2401,160536,51.0,3,55,0.170988,0.9868,True,False,body,30.0,31.0,-10.0
2402,160591,45.0,3,55,0.170905,0.9923,True,False,wall,30.0,25.0,-10.0
2403,160691,64.0,3,100,0.170754,1.1623,True,False,body,30.0,44.0,-10.0
2404,160706,9.0,1,15,0.170732,0.948,True,False,wall,10.0,9.0,-10.0
2405,160728,6.0,1,22,0.170698,0.9808,True,False,wall,10.0,6.0,-10.0
2406,161014,107.0,6,286,0.170268,1.0396,True,False,body,60.0,57.0,-10.0
2407,161143,110.0,6,129,0.170074,1.0137,True,False,wall,60.0,60.0,-10.0
2408,161222,59.0,3,79,0.169955,1.0947,True,False,body,30.0,39.0,-10.0
2409,161291,55.0,3,69,0.169852,1.0109,True,False,body,30.0,35.0,-10.0
2410,161333,42.0,3,42,0.169789,1.0592,True,False,body,30.0,22.0,-10.0
2411,161422,77.0,5,89,0.169656,1.0361,True,False,wall,50.0,37.0,-10.0
2412,161441,15.0,1,19,0.169627,1.0793,True,False,wall,10.0,15.0,-10.0
2413,161520,66.0,4,79,0.169509,1.0633,True,False,body,40.0,36.0,-10.0
2414,161583,37.0,3,63,0.169415,1.1307,True,False,body,30.0,17.0,-10.0
2415,161649,36.0,3,66,0.169317,1.0098,True,False,body,30.0,16.0,-10.0
2416,161765,80.0,5,116,0.169144,0.973,True,False,wall,50.0,40.0,-10.0
2417,161848,73.0,5,83,0.16902,1.0593,True,False,body,50.0,33.0,-10.0
2418,161901,44.0,2,53,0.168942,0.9519,True,False,wall,20.0,34.0,-10.0
2419,162018,80.0,4,117,0.168768,1.0177,True,False,body,40.0,50.0,-10.0
2420,162201,56.0,4,183,0.168496,1.0126,True,False,body,40.0,26.0,-10.0
2421,162218,0.0,0,17,0.168471,0.9958,True,False,wall,0.0,10.0,-10.0
2422,162227,7.0,1,9,0.168458,0.8091,True,False,wall,10.0,7.0,-10.0
2423,162303,42.0,3,76,0.168345,0.9983,True,False,body,30.0,22.0,-10.0
2424,162329,14.0,1,26,0.168307,0.9494,True,False,wall,10.0,14.0,-10.0
2425,162457,64.0,3,128,0.168118,0.9695,True,False,body,30.0,44.0,-10.0
2426,162523,52.0,3,66,0.16802,0.9718,True,False,body,30.0,32.0,-10.0
2427,162581,65.0,4,58,0.167935,1.1075,True,False,wall,40.0,35.0,-10.0
2428,162658,43.0,3,77,0.167821,0.9492,True,False,body,30.0,23.0,-10.0
2429,162752,62.0,3,94,0.167683,0.9796,True,False,body,30.0,42.0,-10.0
2430,162875,91.0,5,123,0.167502,1.0041,True,False,body,50.0,51.0,-10.0
2431,162940,59.0,3,65,0.167407,1.1152,True,False,wall,30.0,39.0,-10.0
2432,163010,46.0,3,70,0.167304,1.077,True,False,wall,30.0,26.0,-10.0
2433,163037,20.0,2,27,0.167265,1.0477,True,False,wall,20.0,10.0,-10.0
2434,163098,41.0,3,61,0.167175,0.9552,True,False,body,30.0,21.0,-10.0
2435,163132,-1.0,0,34,0.167125,0.984,True,False,wall,0.0,9.0,-10.0
2436,163197,59.0,3,65,0.16703,0.9275,True,False,body,30.0,39.0,-10.0
2437,163246,40.0,4,49,0.166959,0.9676,True,False,body,40.0,10.0,-10.0
2438,163255,-2.0,0,9,0.166945,1.4955,True,False,wall,0.0,8.0,-10.0
2439,163301,41.0,2,46,0.166878,1.2098,True,False,wall,20.0,31.0,-10.0
2440,163377,69.0,4,76,0.166767,1.0741,True,False,body,40.0,39.0,-10.0
2441,163431,50.0,3,54,0.166688,0.9841,True,False,wall,30.0,30.0,-10.0
2442,163493,32.0,3,62,0.166598,0.9259,True,False,body,30.0,12.0,-10.0
2443,163568,51.0,3,75,0.166489,1.0103,True,False,wall,30.0,31.0,-10.0
2444,163640,48.0,3,72,0.166384,1.025,True,False,body,30.0,28.0,-10.0
2445,163698,38.0,3,58,0.1663,0.8818,True,False,body,30.0,18.0,-10.0
2446,163823,73.0,5,125,0.166118,0.8845,True,False,wall,50.0,33.0,-10.0
2447,163895,40.0,3,72,0.166014,0.9453,True,False,body,30.0,20.0,-10.0
2448,163962,49.0,3,67,0.165916,0.9955,True,False,body,30.0,29.0,-10.0
2449,164108,83.0,4,146,0.165705,0.9457,True,False,body,40.0,53.0,-10.0
2450,164239,102.0,4,131,0.165516,1.0025,True,False,wall,40.0,72.0,-10.0
2451,164286,45.0,3,47,0.165448,1.0522,True,False,wall,30.0,25.0,-10.0
2452,164325,45.0,3,39,0.165392,1.044,True,False,wall,30.0,25.0,-10.0
2453,164387,48.0,3,62,0.165302,0.9677,True,False,body,30.0,28.0,-10.0
2454,164462,34.0,2,75,0.165194,0.9782,True,False,wall,20.0,24.0,-10.0
2455,164552,92.0,5,90,0.165065,0.9554,True,False,wall,50.0,52.0,-10.0
2456,164623,-6.0,0,71,0.164963,1.0192,True,False,wall,0.0,4.0,-10.0
2457,164836,83.0,5,213,0.164657,0.9643,True,False,wall,50.0,43.0,-10.0
2458,164889,39.0,3,53,0.164581,1.1388,True,False,body,30.0,19.0,-10.0
2459,164951,53.0,4,62,0.164492,0.9735,True,False,body,40.0,23.0,-10.0
2460,165057,72.0,5,106,0.164341,1.0877,True,False,body,50.0,32.0,-10.0
2461,165169,63.0,4,112,0.164181,1.0275,True,False,body,40.0,33.0,-10.0
2462,165249,71.0,4,80,0.164067,1.0369,True,False,body,40.0,41.0,-10.0
2463,165326,54.0,4,77,0.163957,0.9898,True,False,wall,40.0,24.0,-10.0
2464,165412,52.0,3,86,0.163834,1.0391,True,False,body,30.0,32.0,-10.0
2465,165505,60.0,4,93,0.163702,1.0185,True,False,wall,40.0,30.0,-10.0
2466,165566,40.0,2,61,0.163615,0.989,True,False,wall,20.0,30.0,-10.0
2467,165614,46.0,3,48,0.163547,0.9938,True,False,wall,30.0,26.0,-10.0
2468,165654,16.0,1,40,0.163491,0.9588,True,False,wall,10.0,16.0,-10.0
2469,165667,-6.0,0,13,0.163472,0.9707,True,False,wall,0.0,4.0,-10.0
2470,165708,25.0,3,41,0.163414,0.9729,True,False,wall,30.0,5.0,-10.0
2471,165722,10.0,1,14,0.163394,1.2276,True,False,wall,10.0,10.0,-10.0
2472,165744,12.0,1,22,0.163363,1.028,True,False,wall,10.0,12.0,-10.0
2473,165794,52.0,3,50,0.163292,0.9024,True,False,wall,30.0,32.0,-10.0
2474,165840,44.0,3,46,0.163227,0.8924,True,False,body,30.0,24.0,-10.0
2475,165904,56.0,3,64,0.163136,0.8683,True,False,body,30.0,36.0,-10.0
2476,166013,57.0,3,109,0.162982,0.9524,True,False,body,30.0,37.0,-10.0
2477,166064,26.0,2,51,0.16291,0.9508,True,False,wall,20.0,16.0,-10.0
2478,166098,16.0,1,34,0.162862,0.9806,True,False,wall,10.0,16.0,-10.0
2479,166178,38.0,3,80,0.16275,0.9551,True,False,body,30.0,18.0,-10.0
2480,166291,72.0,6,113,0.16259,1.042,True,False,body,60.0,22.0,-10.0
2481,166313,8.0,1,22,0.16256,0.8853,True,False,wall,10.0,8.0,-10.0
2482,166517,96.0,5,204,0.162273,1.0183,True,False,wall,50.0,56.0,-10.0
2483,166536,7.0,1,19,0.162246,1.0512,True,False,wall,10.0,7.0,-10.0
2484,166651,33.0,3,115,0.162085,1.1061,True,False,body,30.0,13.0,-10.0
2485,166745,54.0,3,94,0.161953,0.9301,True,False,body,30.0,34.0,-10.0
2486,166769,-5.0,0,24,0.16192,0.9058,True,False,wall,0.0,5.0,-10.0
2487,166811,42.0,3,42,0.161861,0.9643,True,False,body,30.0,22.0,-10.0
2488,166957,79.0,4,146,0.161657,1.0808,True,False,wall,40.0,49.0,-10.0
2489,166985,30.0,3,28,0.161618,0.9798,True,False,body,30.0,10.0,-10.0
2490,167067,31.0,2,82,0.161504,1.0056,True,False,wall,20.0,21.0,-10.0
2491,167092,17.0,1,25,0.161469,0.9292,True,False,wall,10.0,17.0,-10.0
2492,167115,9.0,1,23,0.161437,1.0589,True,False,wall,10.0,9.0,-10.0
2493,167137,23.0,2,22,0.161406,0.9833,True,False,wall,20.0,13.0,-10.0
2494,167182,41.0,3,45,0.161343,0.9851,True,False,body,30.0,21.0,-10.0
2495,167264,84.0,5,82,0.161229,0.9447,True,False,wall,50.0,44.0,-10.0
2496,167378,65.0,4,114,0.161071,0.959,True,False,body,40.0,35.0,-10.0
2497,167421,33.0,3,43,0.161011,0.9817,True,False,wall,30.0,13.0,-10.0
2498,167464,35.0,3,43,0.160952,1.1045,True,False,body,30.0,15.0,-10.0
2499,167561,39.0,3,97,0.160817,1.0421,True,False,body,30.0,19.0,-10.0
2500,167694,86.0,6,133,0.160633,0.9662,True,False,body,60.0,36.0,-10.0
2501,167710,10.0,1,16,0.160611,0.9702,True,False,wall,10.0,10.0,-10.0
2502,167807,55.0,3,97,0.160477,1.0787,True,False,body,30.0,35.0,-10.0
2503,167897,65.0,4,90,0.160353,1.0269,True,False,body,40.0,35.0,-10.0
2504,167961,46.0,3,64,0.160265,1.1348,True,False,wall,30.0,26.0,-10.0
2505,168009,35.0,2,48,0.160198,0.9621,True,False,wall,20.0,25.0,-10.0
2506,168159,49.0,4,150,0.159992,1.0278,True,False,wall,40.0,19.0,-10.0
2507,168290,91.0,5,131,0.159812,0.9197,True,False,wall,50.0,51.0,-10.0
2508,168377,57.0,3,87,0.159693,0.9323,True,False,body,30.0,37.0,-10.0
2509,168447,82.0,5,70,0.159597,0.9235,True,False,wall,50.0,42.0,-10.0
2510,168517,60.0,3,70,0.159501,0.9594,True,False,body,30.0,40.0,-10.0
2511,168563,42.0,3,46,0.159438,0.9959,True,False,wall,30.0,22.0,-10.0
2512,168674,63.0,3,111,0.159286,1.095,True,False,wall,30.0,43.0,-10.0
2513,168701,15.0,1,27,0.159249,1.047,True,False,wall,10.0,15.0,-10.0
2514,168790,39.0,3,89,0.159128,1.0119,True,False,body,30.0,19.0,-10.0
2515,168904,81.0,4,114,0.158972,1.1488,True,False,body,40.0,51.0,-10.0
2516,168985,57.0,3,81,0.158862,1.137,True,False,body,30.0,37.0,-10.0
2517,168999,19.0,2,14,0.158843,1.002,True,False,wall,20.0,9.0,-10.0
2518,169027,-3.0,0,28,0.158805,1.0176,True,False,wall,0.0,7.0,-10.0
2519,169068,11.0,1,41,0.158749,0.9425,True,False,wall,10.0,11.0,-10.0
2520,169146,42.0,3,78,0.158643,0.9844,True,False,body,30.0,22.0,-10.0
2521,169294,75.0,4,148,0.158442,1.0326,True,False,body,40.0,45.0,-10.0
2522,169387,78.0,4,93,0.158316,1.0222,True,False,body,40.0,48.0,-10.0
2523,169402,9.0,1,15,0.158296,1.0774,True,False,wall,10.0,9.0,-10.0
2524,169495,68.0,4,93,0.15817,1.0318,True,False,wall,40.0,38.0,-10.0
2525,169544,43.0,3,49,0.158104,1.0139,True,False,body,30.0,23.0,-10.0
2526,169604,48.0,3,60,0.158023,0.9722,True,False,body,30.0,28.0,-10.0
2527,169679,49.0,3,75,0.157922,1.1703,True,False,body,30.0,29.0,-10.0
2528,169731,26.0,1,52,0.157852,0.9407,True,False,wall,10.0,26.0,-10.0
2529,169781,40.0,3,50,0.157784,0.9923,True,False,body,30.0,20.0,-10.0
2530,169905,82.0,5,124,0.157617,0.9995,True,False,body,50.0,42.0,-10.0
2531,169936,33.0,3,31,0.157576,1.095,True,False,body,30.0,13.0,-10.0
2532,169951,11.0,1,15,0.157556,0.9743,True,False,wall,10.0,11.0,-10.0
2533,169971,10.0,1,20,0.157529,0.9908,True,False,wall,10.0,10.0,-10.0
2534,170015,34.0,3,44,0.15747,1.0577,True,False,body,30.0,14.0,-10.0
2535,170068,57.0,3,53,0.157398,1.1039,True,False,body,30.0,37.0,-10.0
2536,170239,54.0,4,171,0.157169,1.0554,True,False,wall,40.0,24.0,-10.0
2537,170344,63.0,3,105,0.157028,1.0557,True,False,body,30.0,43.0,-10.0
2538,170441,39.0,3,97,0.156899,0.9558,True,False,body,30.0,19.0,-10.0
2539,170595,50.0,3,154,0.156693,1.1312,True,False,body,30.0,30.0,-10.0
2540,170648,58.0,4,53,0.156623,0.9472,True,False,body,40.0,28.0,-10.0
2541,170715,49.0,3,67,0.156533,0.9982,True,False,wall,30.0,29.0,-10.0
2542,170832,37.0,3,117,0.156378,1.0241,True,False,body,30.0,17.0,-10.0
2543,171017,119.0,7,185,0.156132,0.9827,True,False,wall,70.0,59.0,-10.0
2544,171152,57.0,3,135,0.155953,0.9795,True,False,body,30.0,37.0,-10.0
2545,171235,47.0,3,83,0.155843,1.082,True,False,body,30.0,27.0,-10.0
2546,171305,40.0,3,70,0.15575,0.9939,True,False,body,30.0,20.0,-10.0
2547,171337,35.0,2,32,0.155708,1.0314,True,False,wall,20.0,25.0,-10.0
2548,171407,52.0,3,70,0.155616,0.8825,True,False,body,30.0,32.0,-10.0
2549,171511,54.0,3,104,0.155479,0.9304,True,False,body,30.0,34.0,-10.0
2550,171568,63.0,3,57,0.155403,1.017,True,False,wall,30.0,43.0,-10.0
2551,171613,35.0,3,45,0.155344,0.9543,True,False,body,30.0,15.0,-10.0
2552,171719,58.0,3,106,0.155205,1.0216,True,False,body,30.0,38.0,-10.0
2553,171758,39.0,3,39,0.155153,0.943,True,False,body,30.0,19.0,-10.0
2554,171785,32.0,2,27,0.155118,1.336,True,False,wall,20.0,22.0,-10.0
2555,171879,58.0,3,94,0.154994,0.974,True,False,body,30.0,38.0,-10.0
2556,171974,55.0,3,95,0.15487,1.0597,True,False,body,30.0,35.0,-10.0
2557,172055,68.0,4,81,0.154764,0.9642,True,False,body,40.0,38.0,-10.0
2558,172077,12.0,1,22,0.154735,0.8926,True,False,wall,10.0,12.0,-10.0
2559,172113,23.0,2,36,0.154688,1.085,True,False,wall,20.0,13.0,-10.0
2560,172207,61.0,4,94,0.154565,1.2113,True,False,wall,40.0,31.0,-10.0
2561,172324,41.0,3,117,0.154412,1.0542,True,False,body,30.0,21.0,-10.0
2562,172366,51.0,4,42,0.154357,1.2616,True,False,body,40.0,21.0,-10.0
2563,172450,66.0,3,84,0.154248,1.0978,True,False,body,30.0,46.0,-10.0
2564,172559,58.0,4,109,0.154106,1.0259,True,False,body,40.0,28.0,-10.0
2565,172658,57.0,3,99,0.153977,0.9549,True,False,body,30.0,37.0,-10.0
2566,172799,60.0,4,141,0.153794,1.0288,True,False,body,40.0,30.0,-10.0
2567,172912,87.0,5,113,0.153647,1.0314,True,False,wall,50.0,47.0,-10.0
2568,173053,72.0,4,141,0.153465,1.1079,True,False,body,40.0,42.0,-10.0
2569,173111,56.0,3,58,0.15339,1.0165,True,False,body,30.0,36.0,-10.0
2570,173157,48.0,3,46,0.15333,0.9808,True,False,body,30.0,28.0,-10.0
2571,173235,61.0,4,78,0.15323,1.0376,True,False,body,40.0,31.0,-10.0
2572,173263,8.0,1,28,0.153194,1.025,True,False,wall,10.0,8.0,-10.0
2573,173330,58.0,4,67,0.153107,1.1994,True,False,body,40.0,28.0,-10.0
2574,173456,101.0,6,126,0.152945,1.0232,True,False,wall,60.0,51.0,-10.0
2575,173486,15.0,2,30,0.152906,1.1352,True,False,wall,20.0,5.0,-10.0
2576,173540,56.0,3,54,0.152837,1.0343,True,False,wall,30.0,36.0,-10.0
2577,173664,82.0,5,124,0.152678,1.0423,True,False,body,50.0,42.0,-10.0
2578,173691,15.0,1,27,0.152643,0.9794,True,False,wall,10.0,15.0,-10.0
2579,173768,69.0,3,77,0.152544,0.9984,True,False,body,30.0,49.0,-10.0
2580,173808,48.0,3,40,0.152493,1.122,True,False,body,30.0,28.0,-10.0
2581,173875,43.0,3,67,0.152407,1.0466,True,False,body,30.0,23.0,-10.0
2582,174019,105.0,6,144,0.152223,1.0423,True,False,body,60.0,55.0,-10.0
2583,174068,30.0,2,49,0.15216,1.1148,True,False,wall,20.0,20.0,-10.0
2584,174119,47.0,3,51,0.152095,1.0508,True,False,body,30.0,27.0,-10.0
2585,174220,64.0,4,101,0.151967,0.994,True,False,wall,40.0,34.0,-10.0
2586,174320,70.0,5,100,0.151839,0.9555,True,False,wall,50.0,30.0,-10.0
2587,174379,41.0,3,59,0.151764,1.0069,True,False,body,30.0,21.0,-10.0
2588,174389,-3.0,0,10,0.151751,1.3974,True,False,wall,0.0,7.0,-10.0
2589,174475,46.0,3,86,0.151642,1.0714,True,False,body,30.0,26.0,-10.0
2590,174520,47.0,3,45,0.151585,1.0511,True,False,body,30.0,27.0,-10.0
2591,174607,70.0,4,87,0.151474,1.0353,True,False,body,40.0,40.0,-10.0
2592,174670,41.0,3,63,0.151395,1.0215,True,False,body,30.0,21.0,-10.0
2593,174765,45.0,3,95,0.151274,1.1104,True,False,body,30.0,25.0,-10.0
2594,174839,40.0,3,74,0.151181,1.0871,True,False,body,30.0,20.0,-10.0
2595,174937,61.0,4,98,0.151057,1.1685,True,False,body,40.0,31.0,-10.0
2596,174974,27.0,3,37,0.15101,1.0,True,False,body,30.0,7.0,-10.0
2597,175037,47.0,3,63,0.150931,1.2124,True,False,body,30.0,27.0,-10.0
2598,175107,52.0,3,70,0.150842,1.0997,True,False,body,30.0,32.0,-10.0
2599,175153,32.0,3,46,0.150784,1.2338,True,False,body,30.0,12.0,-10.0
2600,175296,85.0,5,143,0.150604,1.0831,True,False,body,50.0,45.0,-10.0
2601,175418,70.0,5,122,0.150451,1.0764,True,False,wall,50.0,30.0,-10.0
2602,175441,18.0,2,23,0.150422,1.0019,True,False,wall,20.0,8.0,-10.0
2603,175475,24.0,1,34,0.150379,1.2766,True,False,wall,10.0,24.0,-10.0
2604,175501,34.0,3,26,0.150347,1.0701,True,False,body,30.0,14.0,-10.0
2605,175586,46.0,2,85,0.15024,1.1298,True,False,wall,20.0,36.0,-10.0
2606,175657,59.0,3,71,0.150151,1.1446,True,False,body,30.0,39.0,-10.0
2607,175724,49.0,3,67,0.150067,1.2773,True,False,body,30.0,29.0,-10.0
2608,175736,10.0,1,12,0.150052,1.0211,True,False,wall,10.0,10.0,-10.0
2609,175821,55.0,3,85,0.149946,1.2294,True,False,body,30.0,35.0,-10.0
2610,175896,39.0,3,75,0.149853,1.123,True,False,body,30.0,19.0,-10.0
2611,176033,59.0,5,137,0.149682,1.0844,True,False,wall,50.0,19.0,-10.0
2612,176104,55.0,3,71,0.149593,1.1109,True,False,body,30.0,35.0,-10.0
2613,176173,58.0,4,69,0.149507,1.068,True,False,wall,40.0,28.0,-10.0
2614,176247,73.0,4,74,0.149415,1.0933,True,False,body,40.0,43.0,-10.0
2615,176309,42.0,3,62,0.149338,1.0822,True,False,body,30.0,22.0,-10.0
2616,176382,71.0,5,73,0.149248,0.9656,True,False,body,50.0,31.0,-10.0
2617,176535,67.0,3,153,0.149058,1.0866,True,False,body,30.0,47.0,-10.0
2618,176667,52.0,3,132,0.148895,1.1137,True,False,body,30.0,32.0,-10.0
2619,176750,62.0,4,83,0.148792,1.0689,True,False,wall,40.0,32.0,-10.0
2620,176826,48.0,3,76,0.148699,1.091,True,False,body,30.0,28.0,-10.0
2621,176904,54.0,3,78,0.148602,1.1379,True,False,body,30.0,34.0,-10.0
2622,177033,39.0,3,129,0.148443,1.0198,True,False,body,30.0,19.0,-10.0
2623,177124,-8.0,0,91,0.148332,1.0698,True,False,wall,0.0,2.0,-10.0
2624,177204,66.0,3,80,0.148233,1.0228,True,False,wall,30.0,46.0,-10.0
2625,177281,54.0,4,77,0.148139,1.1753,True,False,wall,40.0,24.0,-10.0
2626,177346,55.0,3,65,0.148059,1.1407,True,False,body,30.0,35.0,-10.0
2627,177521,60.0,4,175,0.147845,1.1289,True,False,body,40.0,30.0,-10.0
2628,177623,80.0,5,102,0.14772,1.0605,True,False,wall,50.0,40.0,-10.0
2629,177693,39.0,2,70,0.147635,1.1793,True,False,wall,20.0,29.0,-10.0
2630,177797,65.0,4,104,0.147508,1.0987,True,False,wall,40.0,35.0,-10.0
2631,177884,51.0,3,87,0.147402,1.0808,True,False,wall,30.0,31.0,-10.0
2632,177973,35.0,3,89,0.147294,1.1759,True,False,body,30.0,15.0,-10.0
2633,178105,73.0,4,132,0.147133,1.0739,True,False,wall,40.0,43.0,-10.0
2634,178252,67.0,3,147,0.146955,1.0823,True,False,wall,30.0,47.0,-10.0
2635,178302,63.0,4,50,0.146894,1.083,True,False,wall,40.0,33.0,-10.0
2636,178378,52.0,3,76,0.146802,0.9951,True,False,body,30.0,32.0,-10.0
2637,178449,67.0,3,71,0.146716,1.0634,True,False,wall,30.0,47.0,-10.0
2638,178540,77.0,5,91,0.146606,1.0352,True,False,body,50.0,37.0,-10.0
2639,178645,46.0,4,105,0.14648,1.1303,True,False,body,40.0,16.0,-10.0
2640,178711,63.0,4,66,0.1464,1.0263,True,False,body,40.0,33.0,-10.0
2641,178732,11.0,1,21,0.146375,1.0546,True,False,wall,10.0,11.0,-10.0
2642,178802,50.0,3,70,0.146291,1.2354,True,False,body,30.0,30.0,-10.0
2643,178833,30.0,2,31,0.146253,1.0566,True,False,wall,20.0,20.0,-10.0
2644,178936,62.0,4,103,0.146129,1.0932,True,False,body,40.0,32.0,-10.0
2645,179032,48.0,3,96,0.146014,1.0558,True,False,body,30.0,28.0,-10.0
2646,179073,35.0,3,41,0.145965,1.2194,True,False,body,30.0,15.0,-10.0
2647,179143,78.0,5,70,0.145881,1.0308,True,False,body,50.0,38.0,-10.0
2648,179226,55.0,3,83,0.145782,0.9818,True,False,body,30.0,35.0,-10.0
2649,179334,44.0,3,108,0.145652,0.9864,True,False,body,30.0,24.0,-10.0
2650,179387,39.0,3,53,0.145589,0.9639,True,False,wall,30.0,19.0,-10.0
2651,179474,68.0,4,87,0.145485,1.0671,True,False,body,40.0,38.0,-10.0
2652,179539,41.0,3,65,0.145408,1.0811,True,False,body,30.0,21.0,-10.0
2653,179583,46.0,3,44,0.145355,0.9344,True,False,body,30.0,26.0,-10.0
2654,179609,21.0,2,26,0.145324,1.1488,True,False,wall,20.0,11.0,-10.0
2655,179666,53.0,3,57,0.145256,1.081,True,False,wall,30.0,33.0,-10.0
2656,179803,94.0,4,137,0.145093,1.1106,True,False,body,40.0,64.0,-10.0
2657,179873,44.0,3,70,0.14501,1.1519,True,False,wall,30.0,24.0,-10.0
2658,179996,57.0,3,123,0.144864,1.0804,True,False,wall,30.0,37.0,-10.0
2659,180026,24.0,1,30,0.144828,1.1028,True,False,wall,10.0,24.0,-10.0
2660,180121,60.0,4,95,0.144716,1.0221,True,False,body,40.0,30.0,-10.0
2661,180199,40.0,3,78,0.144624,0.9908,True,False,body,30.0,20.0,-10.0
2662,180258,56.0,4,59,0.144554,0.9845,True,False,body,40.0,26.0,-10.0
2663,180369,62.0,4,111,0.144423,1.1331,True,False,body,40.0,32.0,-10.0
2664,180514,78.0,4,145,0.144252,1.0193,True,False,body,40.0,48.0,-10.0
2665,180570,36.0,3,56,0.144186,1.0725,True,False,wall,30.0,16.0,-10.0
2666,180609,9.0,1,39,0.14414,0.941,True,False,wall,10.0,9.0,-10.0
2667,180682,49.0,3,73,0.144054,1.125,True,False,wall,30.0,29.0,-10.0
2668,180801,60.0,4,119,0.143914,1.0514,True,False,body,40.0,30.0,-10.0
2669,180949,94.0,5,148,0.143741,0.9829,True,False,body,50.0,54.0,-10.0
2670,181040,16.0,2,91,0.143634,1.0681,True,False,wall,20.0,6.0,-10.0
2671,181128,58.0,3,88,0.143531,1.0446,True,False,wall,30.0,38.0,-10.0
2672,181140,1.0,0,12,0.143517,0.9552,True,False,wall,0.0,11.0,-10.0
2673,181188,50.0,3,48,0.143461,1.0209,True,False,body,30.0,30.0,-10.0
2674,181282,50.0,3,94,0.143351,0.9854,True,False,body,30.0,30.0,-10.0
2675,181389,47.0,3,107,0.143227,1.0887,True,False,body,30.0,27.0,-10.0
2676,181419,-11.0,0,30,0.143192,1.0298,True,False,wall,0.0,-1.0,-10.0
2677,181482,57.0,3,63,0.143118,0.9181,True,False,body,30.0,37.0,-10.0
2678,181527,33.0,3,45,0.143066,0.9953,True,False,body,30.0,13.0,-10.0
2679,181590,30.0,2,63,0.142993,1.0346,True,False,wall,20.0,20.0,-10.0
2680,181620,28.0,3,30,0.142958,1.1863,True,False,wall,30.0,8.0,-10.0
2681,181662,50.0,3,42,0.142909,1.1527,True,False,body,30.0,30.0,-10.0
2682,181781,76.0,4,119,0.142771,1.0135,True,False,body,40.0,46.0,-10.0
2683,181829,44.0,3,48,0.142715,0.9265,True,False,body,30.0,24.0,-10.0
2684,181869,38.0,3,40,0.142669,1.0246,True,False,body,30.0,18.0,-10.0
2685,181959,62.0,3,90,0.142565,1.0889,True,False,wall,30.0,42.0,-10.0
2686,181988,-8.0,0,29,0.142531,0.937,True,False,wall,0.0,2.0,-10.0
2687,182060,26.0,3,72,0.142448,1.2535,True,False,body,30.0,6.0,-10.0
2688,182181,89.0,5,121,0.142308,1.1274,True,False,wall,50.0,49.0,-10.0
2689,182242,47.0,3,61,0.142238,1.1426,True,False,body,30.0,27.0,-10.0
2690,182314,46.0,3,72,0.142155,1.1553,True,False,body,30.0,26.0,-10.0
2691,182349,20.0,2,35,0.142114,1.0307,True,False,wall,20.0,10.0,-10.0
2692,182455,75.0,4,106,0.141993,1.1513,True,False,body,40.0,45.0,-10.0
2693,182507,48.0,3,52,0.141933,1.1794,True,False,body,30.0,28.0,-10.0
2694,182648,65.0,5,141,0.141771,1.1426,True,False,body,50.0,25.0,-10.0
2695,182662,17.0,2,14,0.141755,1.5389,True,False,wall,20.0,7.0,-10.0
2696,182855,91.0,5,193,0.141534,1.1426,True,False,body,50.0,51.0,-10.0
2697,182869,10.0,1,14,0.141518,1.2556,True,False,wall,10.0,10.0,-10.0
2698,182958,56.0,4,89,0.141416,1.1386,True,False,body,40.0,26.0,-10.0
2699,182998,14.0,1,40,0.14137,1.1992,True,False,wall,10.0,14.0,-10.0
2700,183054,38.0,3,56,0.141306,1.0741,True,False,body,30.0,18.0,-10.0
2701,183139,70.0,4,85,0.141209,1.1189,True,False,wall,40.0,40.0,-10.0
2702,183157,3.0,0,18,0.141189,1.1449,True,False,wall,0.0,13.0,-10.0
2703,183237,50.0,3,80,0.141098,1.1786,True,False,wall,30.0,30.0,-10.0
2704,183273,33.0,2,36,0.141057,1.1913,True,False,wall,20.0,23.0,-10.0
2705,183328,61.0,3,55,0.140994,1.1058,True,False,body,30.0,41.0,-10.0
2706,183426,69.0,4,98,0.140883,1.125,True,False,wall,40.0,39.0,-10.0
2707,183515,53.0,3,89,0.140782,1.0981,True,False,body,30.0,33.0,-10.0
2708,183616,79.0,5,101,0.140667,1.1123,True,False,body,50.0,39.0,-10.0
2709,183673,55.0,3,57,0.140603,1.0078,True,False,body,30.0,35.0,-10.0
2710,183709,-9.0,0,36,0.140562,1.0551,True,False,wall,0.0,1.0,-10.0
2711,183899,86.0,5,190,0.140347,1.0274,True,False,body,50.0,46.0,-10.0
2712,184026,65.0,3,127,0.140204,1.0211,True,False,body,30.0,45.0,-10.0
2713,184105,61.0,3,79,0.140115,1.1479,True,False,body,30.0,41.0,-10.0
2714,184228,65.0,3,123,0.139976,1.1575,True,False,body,30.0,45.0,-10.0
2715,184322,56.0,3,94,0.139871,1.1233,True,False,body,30.0,36.0,-10.0
2716,184376,36.0,3,54,0.13981,1.0049,True,False,body,30.0,16.0,-10.0
2717,184462,74.0,5,86,0.139713,1.0456,True,False,body,50.0,34.0,-10.0
2718,184478,1.0,0,16,0.139695,1.2916,True,False,wall,0.0,11.0,-10.0
2719,184594,89.0,6,116,0.139565,1.0675,True,False,wall,60.0,39.0,-10.0
2720,184638,31.0,2,44,0.139516,1.1128,True,False,wall,20.0,21.0,-10.0
2721,184703,54.0,4,65,0.139444,1.0653,True,False,wall,40.0,24.0,-10.0
2722,184764,53.0,3,61,0.139375,1.1231,True,False,body,30.0,33.0,-10.0
2723,184859,57.0,3,95,0.139269,1.0056,True,False,body,30.0,37.0,-10.0
2724,184900,40.0,2,41,0.139224,1.0678,True,False,wall,20.0,30.0,-10.0
2725,184931,35.0,3,31,0.139189,1.0457,True,False,body,30.0,15.0,-10.0
2726,184994,43.0,3,63,0.139119,0.9974,True,False,body,30.0,23.0,-10.0
2727,185040,44.0,3,46,0.139068,0.9841,True,False,wall,30.0,24.0,-10.0
2728,185121,43.0,3,81,0.138977,0.9988,True,False,body,30.0,23.0,-10.0
2729,185175,48.0,3,54,0.138917,1.1467,True,False,body,30.0,28.0,-10.0
2730,185215,12.0,1,40,0.138873,1.0362,True,False,wall,10.0,12.0,-10.0
2731,185339,48.0,3,124,0.138735,1.0452,True,False,body,30.0,28.0,-10.0
2732,185415,58.0,5,76,0.138651,1.1112,True,False,wall,50.0,18.0,-10.0
2733,185468,43.0,3,53,0.138592,1.1409,True,False,body,30.0,23.0,-10.0
2734,185519,36.0,2,51,0.138536,1.1435,True,False,wall,20.0,26.0,-10.0
2735,185581,50.0,3,62,0.138467,0.9905,True,False,wall,30.0,30.0,-10.0
2736,185623,27.0,2,42,0.138421,1.1249,True,False,wall,20.0,17.0,-10.0
2737,185751,44.0,3,128,0.138279,1.0885,True,False,body,30.0,24.0,-10.0
2738,185859,46.0,3,108,0.13816,1.0862,True,False,body,30.0,26.0,-10.0
2739,185928,72.0,4,69,0.138084,1.1986,True,False,body,40.0,42.0,-10.0
2740,186010,46.0,3,82,0.137994,1.024,True,False,body,30.0,26.0,-10.0
2741,186018,6.0,1,8,0.137985,0.8775,True,False,wall,10.0,6.0,-10.0
2742,186046,30.0,3,28,0.137955,0.9377,True,False,body,30.0,10.0,-10.0
2743,186125,82.0,6,79,0.137868,1.1107,True,False,body,60.0,32.0,-10.0
2744,186167,48.0,3,42,0.137822,1.0954,True,False,body,30.0,28.0,-10.0
2745,186283,69.0,4,116,0.137694,1.1468,True,False,body,40.0,39.0,-10.0
2746,186322,41.0,3,39,0.137652,1.0096,True,False,body,30.0,21.0,-10.0
2747,186377,47.0,3,55,0.137591,1.2412,True,False,wall,30.0,27.0,-10.0
2748,186429,54.0,3,52,0.137534,1.1324,True,False,wall,30.0,34.0,-10.0
2749,186478,45.0,3,49,0.137481,1.0317,True,False,body,30.0,25.0,-10.0
2750,186525,60.0,4,47,0.137429,1.0479,True,False,wall,40.0,30.0,-10.0
2751,186679,78.0,5,154,0.137261,1.0951,True,False,wall,50.0,38.0,-10.0
2752,186702,-6.0,0,23,0.137236,1.4065,True,False,wall,0.0,4.0,-10.0
2753,186804,106.0,7,102,0.137125,1.1315,True,False,wall,70.0,46.0,-10.0
2754,186850,47.0,4,46,0.137075,1.0452,True,False,wall,40.0,17.0,-10.0
2755,186879,19.0,1,29,0.137043,1.1237,True,False,wall,10.0,19.0,-10.0
2756,186892,11.0,1,13,0.137029,1.0617,True,False,wall,10.0,11.0,-10.0
2757,187031,54.0,4,139,0.136878,1.0747,True,False,body,40.0,24.0,-10.0
2758,187253,92.0,5,222,0.136637,1.0722,True,False,body,50.0,52.0,-10.0
2759,187401,51.0,4,148,0.136477,1.1964,True,False,wall,40.0,21.0,-10.0
2760,187540,125.0,7,139,0.136327,1.0551,True,False,wall,70.0,65.0,-10.0
2761,187605,51.0,3,65,0.136257,1.123,True,False,body,30.0,31.0,-10.0
2762,187780,77.0,5,175,0.136069,1.1207,True,False,wall,50.0,37.0,-10.0
2763,187855,61.0,3,75,0.135988,0.9928,True,False,wall,30.0,41.0,-10.0
2764,187927,54.0,3,72,0.135911,1.0664,True,False,body,30.0,34.0,-10.0
2765,188033,52.0,3,106,0.135797,1.0333,True,False,body,30.0,32.0,-10.0
2766,188184,64.0,4,151,0.135635,1.0628,True,False,body,40.0,34.0,-10.0
2767,188270,53.0,4,86,0.135543,1.1137,True,False,wall,40.0,23.0,-10.0
2768,188322,20.0,1,52,0.135487,1.0618,True,False,wall,10.0,20.0,-10.0
2769,188351,15.0,1,29,0.135456,0.986,True,False,wall,10.0,15.0,-10.0
2770,188446,63.0,3,95,0.135355,1.011,True,False,body,30.0,43.0,-10.0
2771,188569,87.0,5,123,0.135224,1.1028,True,False,wall,50.0,47.0,-10.0
2772,188585,8.0,1,16,0.135207,1.0872,True,False,wall,10.0,8.0,-10.0
2773,188670,107.0,7,85,0.135116,1.0258,True,False,body,70.0,47.0,-10.0
2774,188810,53.0,4,140,0.134968,1.0455,True,False,body,40.0,23.0,-10.0
2775,188835,15.0,1,25,0.134941,1.0232,True,False,wall,10.0,15.0,-10.0
2776,188869,8.0,1,34,0.134905,1.0044,True,False,wall,10.0,8.0,-10.0
2777,188980,75.0,3,111,0.134787,1.0873,True,False,body,30.0,55.0,-10.0
2778,189073,60.0,4,93,0.134689,1.0545,True,False,body,40.0,30.0,-10.0
2779,189122,35.0,3,49,0.134637,1.0854,True,False,body,30.0,15.0,-10.0
2780,189144,10.0,1,22,0.134614,1.1019,True,False,wall,10.0,10.0,-10.0
2781,189199,53.0,3,55,0.134555,1.0858,True,False,wall,30.0,33.0,-10.0
2782,189232,37.0,3,33,0.134521,1.0066,True,False,body,30.0,17.0,-10.0
2783,189388,74.0,5,156,0.134356,1.1321,True,False,body,50.0,34.0,-10.0
2784,189458,79.0,4,70,0.134282,1.0603,True,False,body,40.0,49.0,-10.0
2785,189476,10.0,1,18,0.134263,1.3988,True,False,wall,10.0,10.0,-10.0
2786,189539,53.0,3,63,0.134197,1.135,True,False,body,30.0,33.0,-10.0
2787,189596,36.0,2,57,0.134137,1.0819,True,False,wall,20.0,26.0,-10.0
2788,189700,44.0,3,104,0.134028,1.0632,True,False,body,30.0,24.0,-10.0
2789,189785,31.0,3,85,0.133938,0.9656,True,False,body,30.0,11.0,-10.0
2790,189805,8.0,1,20,0.133917,1.0899,True,False,wall,10.0,8.0,-10.0
2791,189853,31.0,2,48,0.133867,0.9731,True,False,wall,20.0,21.0,-10.0
2792,189891,38.0,3,38,0.133827,1.085,True,False,wall,30.0,18.0,-10.0
2793,189951,42.0,3,60,0.133764,1.1546,True,False,body,30.0,22.0,-10.0
2794,189985,39.0,2,34,0.133729,1.0168,True,False,wall,20.0,29.0,-10.0
2795,189997,-7.0,0,12,0.133716,1.0525,True,False,wall,0.0,3.0,-10.0
2796,190071,75.0,4,74,0.133639,1.0881,True,False,body,40.0,45.0,-10.0
2797,190144,69.0,3,73,0.133562,0.9753,True,False,body,30.0,49.0,-10.0
2798,190160,-11.0,0,16,0.133546,1.0833,True,False,wall,0.0,-1.0,-10.0
2799,190235,63.0,3,75,0.133467,1.0904,True,False,wall,30.0,43.0,-10.0
2800,190301,12.0,1,66,0.133399,1.1294,True,False,wall,10.0,12.0,-10.0
2801,190440,105.0,5,139,0.133254,1.0182,True,False,body,50.0,65.0,-10.0
2802,190539,43.0,3,99,0.133151,0.9975,True,False,body,30.0,23.0,-10.0
2803,190622,47.0,3,83,0.133065,1.1051,True,False,body,30.0,27.0,-10.0
2804,190733,51.0,3,111,0.13295,1.1349,True,False,wall,30.0,31.0,-10.0
2805,190918,77.0,5,185,0.132758,1.1054,True,False,wall,50.0,37.0,-10.0
2806,190941,33.0,3,23,0.132734,1.2079,True,False,body,30.0,13.0,-10.0
2807,191007,48.0,3,66,0.132666,1.03,True,False,body,30.0,28.0,-10.0
2808,191057,34.0,3,50,0.132614,0.9585,True,False,body,30.0,14.0,-10.0
2809,191182,119.0,7,125,0.132485,1.1171,True,False,wall,70.0,59.0,-10.0
2810,191255,79.0,5,73,0.13241,0.9906,True,False,body,50.0,39.0,-10.0
2811,191282,11.0,1,27,0.132382,1.225,True,False,wall,10.0,11.0,-10.0
2812,191396,80.0,5,114,0.132265,1.0564,True,False,body,50.0,40.0,-10.0
2813,191486,80.0,5,90,0.132172,1.1055,True,False,wall,50.0,40.0,-10.0
2814,191540,54.0,3,54,0.132117,1.167,True,False,body,30.0,34.0,-10.0
2815,191598,44.0,3,58,0.132057,1.1553,True,False,body,30.0,24.0,-10.0
2816,191814,130.0,7,216,0.131836,1.1873,True,False,wall,70.0,70.0,-10.0
2817,191962,95.0,6,148,0.131685,1.1781,True,False,wall,60.0,45.0,-10.0
2818,192020,38.0,3,58,0.131626,1.1218,True,False,wall,30.0,18.0,-10.0
2819,192109,77.0,5,89,0.131535,1.0562,True,False,body,50.0,37.0,-10.0
2820,192132,28.0,2,23,0.131512,1.2212,True,False,wall,20.0,18.0,-10.0
2821,192146,1.0,0,14,0.131497,1.0757,True,False,wall,0.0,11.0,-10.0
2822,192194,30.0,3,48,0.131448,1.135,True,False,body,30.0,10.0,-10.0
2823,192250,25.0,2,56,0.131391,1.0976,True,False,wall,20.0,15.0,-10.0
2824,192408,79.0,4,158,0.131231,1.0907,True,False,body,40.0,49.0,-10.0
2825,192449,39.0,3,41,0.131189,1.1729,True,False,body,30.0,19.0,-10.0
2826,192512,33.0,3,63,0.131125,1.1493,True,False,body,30.0,13.0,-10.0
2827,192548,34.0,3,36,0.131089,1.1228,True,False,body,30.0,14.0,-10.0
2828,192582,21.0,2,34,0.131054,1.0039,True,False,wall,20.0,11.0,-10.0
2829,192659,78.0,4,77,0.130976,1.0948,True,False,body,40.0,48.0,-10.0
2830,192692,11.0,1,33,0.130943,1.0572,True,False,wall,10.0,11.0,-10.0
2831,192812,85.0,4,120,0.130822,1.0674,True,False,body,40.0,55.0,-10.0
2832,192978,74.0,5,166,0.130654,1.0607,True,False,body,50.0,34.0,-10.0
2833,192997,20.0,2,19,0.130635,1.0353,True,False,wall,20.0,10.0,-10.0
2834,193101,67.0,4,104,0.13053,1.2029,True,False,body,40.0,37.0,-10.0
2835,193164,49.0,3,63,0.130467,1.18,True,False,body,30.0,29.0,-10.0
2836,193395,106.0,6,231,0.130235,1.086,True,False,wall,60.0,56.0,-10.0
2837,193478,34.0,2,83,0.130152,1.0,True,False,wall,20.0,24.0,-10.0
2838,193672,106.0,5,194,0.129957,1.0672,True,False,body,50.0,66.0,-10.0
2839,193768,81.0,6,96,0.129862,1.0778,True,False,wall,60.0,31.0,-10.0
2840,193873,77.0,5,105,0.129757,1.2051,True,False,body,50.0,37.0,-10.0
2841,194028,74.0,4,155,0.129602,1.1647,True,False,wall,40.0,44.0,-10.0
2842,194094,55.0,2,66,0.129537,1.1029,True,False,wall,20.0,45.0,-10.0
2843,194108,12.0,1,14,0.129523,0.9968,True,False,wall,10.0,12.0,-10.0
2844,194168,48.0,3,60,0.129463,1.1369,True,False,body,30.0,28.0,-10.0
2845,194337,99.0,5,169,0.129296,1.111,True,False,body,50.0,59.0,-10.0
2846,194609,88.0,5,272,0.129026,1.1554,True,False,body,50.0,48.0,-10.0
2847,194761,59.0,4,152,0.128876,1.1011,True,False,wall,40.0,29.0,-10.0
2848,194843,38.0,3,82,0.128796,1.2171,True,False,body,30.0,18.0,-10.0
2849,194878,28.0,2,35,0.128761,1.0707,True,False,wall,20.0,18.0,-10.0
2850,195021,91.0,5,143,0.12862,1.0729,True,False,body,50.0,51.0,-10.0
2851,195066,43.0,3,45,0.128576,1.3056,True,False,body,30.0,23.0,-10.0
2852,195153,68.0,4,87,0.128491,1.0986,True,False,wall,40.0,38.0,-10.0
2853,195206,45.0,3,53,0.128439,1.0069,True,False,body,30.0,25.0,-10.0
2854,195265,70.0,4,59,0.128381,1.1499,True,False,body,40.0,40.0,-10.0
2855,195313,36.0,3,48,0.128334,1.0218,True,False,body,30.0,16.0,-10.0
2856,195431,65.0,4,118,0.128219,1.1304,True,False,body,40.0,35.0,-10.0
2857,195501,32.0,3,70,0.12815,1.0088,True,False,body,30.0,12.0,-10.0
2858,195601,62.0,3,100,0.128053,1.1882,True,False,body,30.0,42.0,-10.0
2859,195696,54.0,4,95,0.12796,1.0992,True,False,body,40.0,24.0,-10.0
2860,195771,67.0,3,75,0.127887,1.0076,True,False,wall,30.0,47.0,-10.0
2861,195941,103.0,6,170,0.127722,1.1553,True,False,body,60.0,53.0,-10.0
2862,195985,45.0,4,44,0.127679,1.2978,True,False,body,40.0,15.0,-10.0
2863,196154,85.0,5,169,0.127515,1.0942,True,False,body,50.0,45.0,-10.0
2864,196235,34.0,2,81,0.127436,1.2248,True,False,wall,20.0,24.0,-10.0
2865,196356,54.0,4,121,0.127319,1.1313,True,False,wall,40.0,24.0,-10.0
2866,196460,54.0,5,104,0.127219,1.137,True,False,wall,50.0,14.0,-10.0
2867,196599,54.0,4,139,0.127085,1.0883,True,False,wall,40.0,24.0,-10.0
2868,196693,78.0,3,94,0.126994,1.1351,True,False,body,30.0,58.0,-10.0
2869,196871,59.0,4,178,0.126823,1.2541,True,False,body,40.0,29.0,-10.0
2870,197069,73.0,4,198,0.126633,1.1464,True,False,body,40.0,43.0,-10.0
2871,197149,57.0,4,80,0.126557,1.0982,True,False,wall,40.0,27.0,-10.0
2872,197234,51.0,3,85,0.126475,1.0951,True,False,body,30.0,31.0,-10.0
2873,197313,54.0,2,79,0.1264,1.1231,True,False,wall,20.0,44.0,-10.0
2874,197384,49.0,3,71,0.126332,1.0981,True,False,wall,30.0,29.0,-10.0
2875,197463,65.0,3,79,0.126257,1.0625,True,False,wall,30.0,45.0,-10.0
2876,197535,40.0,3,72,0.126188,1.0585,True,False,body,30.0,20.0,-10.0
2877,197627,48.0,3,92,0.126101,1.0489,True,False,body,30.0,28.0,-10.0
2878,197658,11.0,1,31,0.126071,1.1037,True,False,wall,10.0,11.0,-10.0
2879,197703,-8.0,0,45,0.126028,1.0074,True,False,wall,0.0,2.0,-10.0
2880,197794,61.0,3,91,0.125942,1.0705,True,False,body,30.0,41.0,-10.0
2881,197870,38.0,3,76,0.12587,1.1785,True,False,body,30.0,18.0,-10.0
2882,197971,58.0,4,101,0.125774,1.0529,True,False,body,40.0,28.0,-10.0
2883,198070,43.0,3,99,0.12568,1.0177,True,False,body,30.0,23.0,-10.0
2884,198174,58.0,3,104,0.125582,1.097,True,False,body,30.0,38.0,-10.0
2885,198230,40.0,3,56,0.125529,1.1279,True,False,body,30.0,20.0,-10.0
2886,198350,84.0,5,120,0.125416,1.0946,True,False,body,50.0,44.0,-10.0
2887,198545,138.0,6,195,0.125232,1.0425,True,False,body,60.0,88.0,-10.0
2888,198623,29.0,2,78,0.125159,1.0614,True,False,wall,20.0,19.0,-10.0
2889,198713,61.0,4,90,0.125075,1.1291,True,False,body,40.0,31.0,-10.0
2890,198724,9.0,1,11,0.125064,1.0104,True,False,wall,10.0,9.0,-10.0
2891,198771,51.0,3,47,0.12502,1.0071,True,False,body,30.0,31.0,-10.0
2892,198835,70.0,3,64,0.12496,1.0909,True,False,body,30.0,50.0,-10.0
2893,198917,65.0,4,82,0.124883,1.151,True,False,body,40.0,35.0,-10.0
2894,198949,-5.0,0,32,0.124853,1.0201,True,False,wall,0.0,5.0,-10.0
2895,199101,110.0,5,152,0.124711,1.123,True,False,wall,50.0,70.0,-10.0
2896,199221,65.0,4,120,0.124599,1.1301,True,False,wall,40.0,35.0,-10.0
2897,199254,5.0,1,33,0.124569,1.0918,True,False,wall,10.0,5.0,-10.0
2898,199295,41.0,3,41,0.12453,1.2674,True,False,wall,30.0,21.0,-10.0
2899,199356,45.0,3,61,0.124474,1.107,True,False,body,30.0,25.0,-10.0
2900,199424,36.0,3,68,0.12441,1.0656,True,False,body,30.0,16.0,-10.0
2901,199443,-2.0,0,19,0.124393,1.0436,True,False,wall,0.0,8.0,-10.0
2902,199452,-4.0,0,9,0.124384,1.0603,True,False,wall,0.0,6.0,-10.0
2903,199505,44.0,2,53,0.124335,1.1616,True,False,wall,20.0,34.0,-10.0
2904,199620,77.0,5,115,0.124228,1.152,True,False,body,50.0,37.0,-10.0
2905,199677,52.0,4,57,0.124175,1.17,True,False,body,40.0,22.0,-10.0
2906,199731,8.0,1,54,0.124125,1.1666,True,False,wall,10.0,8.0,-10.0
2907,199875,94.0,5,144,0.123992,1.1755,True,False,wall,50.0,54.0,-10.0
2908,199949,57.0,4,74,0.123924,1.2371,True,False,body,40.0,27.0,-10.0
2909,200061,81.0,4,112,0.12382,1.1092,True,False,wall,40.0,51.0,-10.0
2910,200071,-7.0,0,10,0.123811,1.3981,True,False,wall,0.0,3.0,-10.0
2911,200112,28.0,2,41,0.123773,1.1051,True,False,wall,20.0,18.0,-10.0
2912,200154,42.0,3,42,0.123734,1.3048,True,False,body,30.0,22.0,-10.0
2913,200289,83.0,5,135,0.12361,1.1034,True,False,body,50.0,43.0,-10.0
2914,200326,41.0,3,37,0.123576,1.1274,True,False,body,30.0,21.0,-10.0
2915,200450,44.0,3,124,0.123462,1.1995,True,False,body,30.0,24.0,-10.0
2916,200477,13.0,1,27,0.123437,1.115,True,False,wall,10.0,13.0,-10.0
2917,200590,65.0,3,113,0.123334,1.144,True,False,body,30.0,45.0,-10.0
2918,200646,34.0,3,56,0.123282,1.0982,True,False,body,30.0,14.0,-10.0
2919,200729,59.0,3,83,0.123206,1.1938,True,False,body,30.0,39.0,-10.0
2920,200768,37.0,3,39,0.123171,1.4022,True,False,body,30.0,17.0,-10.0
2921,200833,53.0,3,65,0.123111,1.0183,True,False,body,30.0,33.0,-10.0
2922,200915,92.0,5,82,0.123036,1.109,True,False,wall,50.0,52.0,-10.0
2923,200969,38.0,3,54,0.122987,0.9782,True,False,body,30.0,18.0,-10.0
2924,201123,43.0,2,154,0.122847,1.0498,True,False,wall,20.0,33.0,-10.0
2925,201248,22.0,2,125,0.122733,1.1718,True,False,wall,20.0,12.0,-10.0
2926,201308,49.0,2,60,0.122678,1.155,True,False,wall,20.0,39.0,-10.0
2927,201387,49.0,3,79,0.122607,1.1408,True,False,body,30.0,29.0,-10.0
2928,201490,45.0,3,103,0.122513,1.1884,True,False,body,30.0,25.0,-10.0
2929,201561,56.0,4,71,0.122449,1.1039,True,False,body,40.0,26.0,-10.0
2930,201662,93.0,5,101,0.122358,1.1705,True,False,wall,50.0,53.0,-10.0
2931,201718,50.0,3,56,0.122307,1.1003,True,False,body,30.0,30.0,-10.0
2932,201858,93.0,6,140,0.12218,1.1103,True,False,wall,60.0,43.0,-10.0
2933,201891,22.0,2,33,0.122151,1.0367,True,False,wall,20.0,12.0,-10.0
2934,201980,57.0,3,89,0.12207,1.1742,True,False,wall,30.0,37.0,-10.0
2935,202139,87.0,5,159,0.121927,1.0848,True,False,body,50.0,47.0,-10.0
2936,202203,37.0,2,64,0.12187,0.9835,True,False,wall,20.0,27.0,-10.0
2937,202333,88.0,5,130,0.121753,1.152,True,False,body,50.0,48.0,-10.0
2938,202368,45.0,3,35,0.121722,1.0658,True,False,body,30.0,25.0,-10.0
2939,202408,53.0,4,40,0.121686,1.0765,True,False,wall,40.0,23.0,-10.0
2940,202471,49.0,3,63,0.12163,0.9983,True,False,body,30.0,29.0,-10.0
2941,202560,79.0,5,89,0.12155,1.1391,True,False,body,50.0,39.0,-10.0
2942,202599,49.0,3,39,0.121515,1.0691,True,False,body,30.0,29.0,-10.0
2943,202611,0.0,1,12,0.121504,1.0042,True,False,wall,10.0,0.0,-10.0
2944,202674,40.0,2,63,0.121448,1.0149,True,False,wall,20.0,30.0,-10.0
2945,202700,25.0,2,26,0.121425,1.014,True,False,wall,20.0,15.0,-10.0
2946,202727,33.0,3,27,0.121401,1.0034,True,False,body,30.0,13.0,-10.0
2947,202826,58.0,4,99,0.121312,1.0091,True,False,body,40.0,28.0,-10.0
2948,202894,38.0,3,68,0.121252,1.1243,True,False,body,30.0,18.0,-10.0
2949,202937,33.0,3,43,0.121213,1.1406,True,False,body,30.0,13.0,-10.0
2950,202973,40.0,3,36,0.121181,1.0975,True,False,wall,30.0,20.0,-10.0
2951,203087,70.0,3,114,0.12108,1.1457,True,False,wall,30.0,50.0,-10.0
2952,203183,75.0,4,96,0.120995,1.2609,True,False,body,40.0,45.0,-10.0
2953,203205,19.0,2,22,0.120975,1.1148,True,False,wall,20.0,9.0,-10.0
2954,203263,60.0,3,58,0.120924,1.086,True,False,wall,30.0,40.0,-10.0
2955,203377,89.0,4,114,0.120823,1.0955,True,False,body,40.0,59.0,-10.0
2956,203423,46.0,3,46,0.120782,1.1813,True,False,body,30.0,26.0,-10.0
2957,203435,8.0,1,12,0.120772,1.1624,True,False,wall,10.0,8.0,-10.0
2958,203489,56.0,3,54,0.120724,1.0715,True,False,body,30.0,36.0,-10.0
2959,203530,42.0,2,41,0.120688,1.1189,True,False,wall,20.0,32.0,-10.0
2960,203589,48.0,4,59,0.120635,0.9873,True,False,body,40.0,18.0,-10.0
2961,203725,79.0,6,136,0.120515,1.2961,True,False,body,60.0,29.0,-10.0
2962,203867,119.0,6,142,0.12039,1.2308,True,False,body,60.0,69.0,-10.0
2963,203923,47.0,4,56,0.120341,1.1936,True,False,wall,40.0,17.0,-10.0
2964,203990,44.0,4,67,0.120282,1.2585,True,False,body,40.0,14.0,-10.0
2965,204227,116.0,6,237,0.120074,1.1363,True,False,wall,60.0,66.0,-10.0
2966,204275,47.0,4,48,0.120032,1.1558,True,False,body,40.0,17.0,-10.0
2967,204370,45.0,3,95,0.119949,1.0929,True,False,body,30.0,25.0,-10.0
2968,204466,76.0,5,96,0.119865,1.097,True,False,wall,50.0,36.0,-10.0
2969,204533,38.0,2,67,0.119807,1.0992,True,False,wall,20.0,28.0,-10.0
2970,204585,61.0,4,52,0.119761,1.0945,True,False,body,40.0,31.0,-10.0
2971,204705,83.0,4,120,0.119657,1.1185,True,False,body,40.0,53.0,-10.0
2972,204733,34.0,3,28,0.119633,1.1417,True,False,body,30.0,14.0,-10.0
2973,204790,51.0,3,57,0.119583,1.1035,True,False,body,30.0,31.0,-10.0
2974,204826,44.0,3,36,0.119552,1.1013,True,False,body,30.0,24.0,-10.0
2975,204853,23.0,1,27,0.119528,1.3707,True,False,wall,10.0,23.0,-10.0
2976,204891,36.0,3,38,0.119495,1.4414,True,False,wall,30.0,16.0,-10.0
2977,204907,15.0,2,16,0.119481,1.2198,True,False,wall,20.0,5.0,-10.0
2978,205105,98.0,5,198,0.11931,1.1892,True,False,body,50.0,58.0,-10.0
2979,205168,63.0,3,63,0.119255,1.1052,True,False,body,30.0,43.0,-10.0
2980,205238,48.0,3,70,0.119194,1.0832,True,False,body,30.0,28.0,-10.0
2981,205266,8.0,1,28,0.11917,1.0954,True,False,wall,10.0,8.0,-10.0
2982,205304,40.0,3,38,0.119137,1.1896,True,False,wall,30.0,20.0,-10.0
2983,205438,75.0,4,134,0.119022,1.1373,True,False,body,40.0,45.0,-10.0
2984,205535,41.0,3,97,0.118938,1.0683,True,False,body,30.0,21.0,-10.0
2985,205655,75.0,4,120,0.118835,1.1042,True,False,body,40.0,45.0,-10.0
2986,205703,1.0,0,48,0.118793,1.0798,True,False,wall,0.0,11.0,-10.0
2987,205794,87.0,5,91,0.118715,1.1286,True,False,body,50.0,47.0,-10.0
2988,205861,50.0,4,67,0.118658,1.1323,True,False,body,40.0,20.0,-10.0
2989,205969,50.0,3,108,0.118565,1.1816,True,False,body,30.0,30.0,-10.0
2990,205984,11.0,1,15,0.118552,0.979,True,False,wall,10.0,11.0,-10.0
2991,206063,57.0,3,79,0.118484,1.0783,True,False,body,30.0,37.0,-10.0
2992,206186,72.0,4,123,0.118379,1.1359,True,False,body,40.0,42.0,-10.0
2993,206280,50.0,3,94,0.118299,1.1091,True,False,body,30.0,30.0,-10.0
2994,206303,11.0,1,23,0.118279,1.0836,True,False,wall,10.0,11.0,-10.0
2995,206465,80.0,5,162,0.118141,1.0394,True,False,wall,50.0,40.0,-10.0
2996,206558,78.0,4,93,0.118062,1.1279,True,False,wall,40.0,48.0,-10.0
2997,206567,7.0,1,9,0.118054,1.4439,True,False,wall,10.0,7.0,-10.0
2998,206604,35.0,3,37,0.118023,1.2569,True,False,body,30.0,15.0,-10.0
2999,206635,45.0,3,31,0.117997,1.154,True,False,wall,30.0,25.0,-10.0
3000,206716,7.0,1,81,0.117928,1.1722,True,False,wall,10.0,7.0,-10.0
3001,206759,45.0,3,43,0.117891,1.2756,True,False,body,30.0,25.0,-10.0
3002,206866,98.0,6,107,0.117801,1.1177,True,False,body,60.0,48.0,-10.0
3003,206887,20.0,2,21,0.117783,0.9634,True,False,wall,20.0,10.0,-10.0
3004,206921,38.0,3,34,0.117754,1.1279,True,False,body,30.0,18.0,-10.0
3005,207103,89.0,4,182,0.1176,1.1374,True,False,body,40.0,59.0,-10.0
3006,207164,50.0,4,61,0.117548,0.9988,True,False,wall,40.0,20.0,-10.0
3007,207244,54.0,3,80,0.117481,1.0637,True,False,body,30.0,34.0,-10.0
3008,207302,48.0,3,58,0.117432,1.3002,True,False,wall,30.0,28.0,-10.0
3009,207423,78.0,4,121,0.11733,1.1214,True,False,body,40.0,48.0,-10.0
3010,207599,88.0,5,176,0.117182,1.1243,True,False,wall,50.0,48.0,-10.0
3011,207738,77.0,5,139,0.117066,1.1772,True,False,body,50.0,37.0,-10.0
3012,207813,45.0,3,75,0.117003,1.133,True,False,wall,30.0,25.0,-10.0
3013,207825,1.0,0,12,0.116993,0.9875,True,False,wall,0.0,11.0,-10.0
3014,207893,35.0,2,68,0.116936,1.0795,True,False,wall,20.0,25.0,-10.0
3015,207956,60.0,4,63,0.116883,1.1025,True,False,body,40.0,30.0,-10.0
3016,207997,41.0,3,41,0.116849,1.1324,True,False,body,30.0,21.0,-10.0
3017,208039,31.0,2,42,0.116814,1.0108,True,False,wall,20.0,21.0,-10.0
3018,208091,42.0,3,52,0.11677,1.2084,True,False,body,30.0,22.0,-10.0
3019,208153,46.0,3,62,0.116718,1.1071,True,False,body,30.0,26.0,-10.0
3020,208194,36.0,2,41,0.116684,1.2372,True,False,wall,20.0,26.0,-10.0
3021,208277,50.0,4,83,0.116615,1.1343,True,False,body,40.0,20.0,-10.0
3022,208549,91.0,6,272,0.116389,1.1235,True,False,body,60.0,41.0,-10.0
3023,208584,43.0,3,35,0.11636,1.0871,True,False,wall,30.0,23.0,-10.0
3024,208683,69.0,5,99,0.116278,1.1497,True,False,body,50.0,29.0,-10.0
3025,208777,46.0,3,94,0.1162,1.1108,True,False,body,30.0,26.0,-10.0
3026,208869,70.0,5,92,0.116124,1.0963,True,False,body,50.0,30.0,-10.0
3027,208911,44.0,3,42,0.116089,1.2233,True,False,body,30.0,24.0,-10.0
3028,208941,16.0,1,30,0.116065,1.0982,True,False,wall,10.0,16.0,-10.0
3029,209020,51.0,3,79,0.115999,1.2078,True,False,body,30.0,31.0,-10.0
3030,209056,30.0,3,36,0.11597,1.2878,True,False,body,30.0,10.0,-10.0
3031,209130,50.0,3,74,0.115909,1.1647,True,False,body,30.0,30.0,-10.0
3032,209178,36.0,3,48,0.115869,1.1011,True,False,body,30.0,16.0,-10.0
3033,209349,92.0,6,171,0.115728,1.235,True,False,wall,60.0,42.0,-10.0
3034,209439,72.0,3,90,0.115655,1.2753,True,False,body,30.0,52.0,-10.0
3035,209479,44.0,3,40,0.115622,1.2648,True,False,wall,30.0,24.0,-10.0
3036,209605,77.0,4,126,0.115518,1.1674,True,False,body,40.0,47.0,-10.0
3037,209667,60.0,5,62,0.115468,1.3118,True,False,wall,50.0,20.0,-10.0
3038,209710,39.0,3,43,0.115433,1.2763,True,False,body,30.0,19.0,-10.0
3039,209754,18.0,1,44,0.115397,1.1907,True,False,wall,10.0,18.0,-10.0
3040,209814,49.0,4,60,0.115348,1.4004,True,False,wall,40.0,19.0,-10.0
3041,209885,51.0,3,71,0.11529,1.1663,True,False,body,30.0,31.0,-10.0
3042,209961,65.0,4,76,0.115228,1.1379,True,False,body,40.0,35.0,-10.0
3043,209979,14.0,1,18,0.115213,1.105,True,False,wall,10.0,14.0,-10.0
3044,210179,105.0,6,200,0.11505,1.1982,True,False,wall,60.0,55.0,-10.0
3045,210209,30.0,3,30,0.115026,1.2186,True,False,wall,30.0,10.0,-10.0
3046,210348,78.0,4,139,0.114913,1.1318,True,False,body,40.0,48.0,-10.0
3047,210393,62.0,4,45,0.114876,1.0802,True,False,wall,40.0,32.0,-10.0
3048,210477,92.0,5,84,0.114808,1.07,True,False,wall,50.0,52.0,-10.0
3049,210521,46.0,3,44,0.114773,1.1904,True,False,body,30.0,26.0,-10.0
3050,210610,91.0,5,89,0.114701,1.2104,True,False,body,50.0,51.0,-10.0
3051,210685,51.0,3,75,0.11464,1.083,True,False,body,30.0,31.0,-10.0
3052,210747,28.0,3,62,0.11459,1.0982,True,False,body,30.0,8.0,-10.0
3053,210868,49.0,3,121,0.114492,1.1976,True,False,body,30.0,29.0,-10.0
3054,210979,90.0,6,111,0.114403,1.11,True,False,wall,60.0,40.0,-10.0
3055,210995,12.0,1,16,0.11439,1.106,True,False,wall,10.0,12.0,-10.0
3056,211017,10.0,1,22,0.114372,1.1066,True,False,wall,10.0,10.0,-10.0
3057,211258,94.0,6,241,0.114179,1.1339,True,False,wall,60.0,44.0,-10.0
3058,211314,50.0,3,56,0.114134,1.2123,True,False,wall,30.0,30.0,-10.0
3059,211345,28.0,2,31,0.114109,1.2157,True,False,wall,20.0,18.0,-10.0
3060,211506,74.0,4,161,0.11398,1.2096,True,False,body,40.0,44.0,-10.0
3061,211692,133.0,6,186,0.113831,1.1754,True,False,body,60.0,83.0,-10.0
3062,211748,40.0,3,56,0.113787,1.1401,True,False,body,30.0,20.0,-10.0
3063,211821,49.0,3,73,0.113729,1.2489,True,False,wall,30.0,29.0,-10.0
3064,211878,55.0,3,57,0.113683,1.0922,True,False,body,30.0,35.0,-10.0
3065,212028,47.0,2,150,0.113564,1.124,True,False,wall,20.0,37.0,-10.0
3066,212043,7.0,1,15,0.113552,1.0491,True,False,wall,10.0,7.0,-10.0
3067,212085,39.0,2,42,0.113519,1.2032,True,False,wall,20.0,29.0,-10.0
3068,212200,92.0,6,115,0.113427,1.0289,True,False,body,60.0,42.0,-10.0
3069,212267,32.0,2,67,0.113374,1.1275,True,False,wall,20.0,22.0,-10.0
3070,212293,30.0,3,26,0.113354,1.0992,True,False,wall,30.0,10.0,-10.0
3071,212420,59.0,3,127,0.113253,1.1052,True,False,body,30.0,39.0,-10.0
3072,212489,47.0,3,69,0.113199,1.1044,True,False,body,30.0,27.0,-10.0
3073,212594,66.0,4,105,0.113116,1.2097,True,False,wall,40.0,36.0,-10.0
3074,212638,44.0,3,44,0.113081,1.2397,True,False,wall,30.0,24.0,-10.0
3075,212687,47.0,3,49,0.113042,1.1858,True,False,body,30.0,27.0,-10.0
3076,212726,43.0,3,39,0.113012,1.1545,True,False,body,30.0,23.0,-10.0
3077,212847,61.0,3,121,0.112916,1.1947,True,False,body,30.0,41.0,-10.0
3078,212919,73.0,4,72,0.11286,1.1485,True,False,body,40.0,43.0,-10.0
3079,212987,50.0,3,68,0.112806,1.1019,True,False,body,30.0,30.0,-10.0
3080,213065,73.0,4,78,0.112745,1.1054,True,False,wall,40.0,43.0,-10.0
3081,213118,53.0,3,53,0.112704,1.099,True,False,body,30.0,33.0,-10.0
3082,213188,40.0,3,70,0.112649,1.1391,True,False,body,30.0,20.0,-10.0
3083,213283,53.0,3,95,0.112574,1.3027,True,False,body,30.0,33.0,-10.0
3084,213374,86.0,6,91,0.112503,1.3338,True,False,wall,60.0,36.0,-10.0
3085,213471,61.0,3,97,0.112428,1.3849,True,False,body,30.0,41.0,-10.0
3086,213524,47.0,3,53,0.112386,1.1688,True,False,body,30.0,27.0,-10.0
3087,213628,65.0,4,104,0.112305,1.2373,True,False,wall,40.0,35.0,-10.0
3088,213798,94.0,5,170,0.112173,1.1951,True,False,wall,50.0,54.0,-10.0
3089,213853,41.0,3,55,0.11213,1.2382,True,False,wall,30.0,21.0,-10.0
3090,214016,47.0,3,163,0.112004,1.1368,True,False,body,30.0,27.0,-10.0
3091,214311,103.0,5,295,0.111776,1.1478,True,False,body,50.0,63.0,-10.0
3092,214363,58.0,3,52,0.111735,1.0286,True,False,wall,30.0,38.0,-10.0
3093,214466,86.0,4,103,0.111656,1.1548,True,False,wall,40.0,56.0,-10.0
3094,214507,41.0,3,41,0.111624,1.0094,True,False,body,30.0,21.0,-10.0
3095,214537,42.0,3,30,0.111601,1.1769,True,False,body,30.0,22.0,-10.0
3096,214586,48.0,4,49,0.111564,1.1716,True,False,body,40.0,18.0,-10.0
3097,214652,42.0,3,66,0.111513,1.2065,True,False,body,30.0,22.0,-10.0
3098,214764,45.0,4,112,0.111427,1.2171,True,False,body,40.0,15.0,-10.0
3099,214847,78.0,4,83,0.111363,1.2589,True,False,wall,40.0,48.0,-10.0
3100,214883,38.0,3,36,0.111335,1.1434,True,False,body,30.0,18.0,-10.0
3101,215010,58.0,4,127,0.111238,1.2895,True,False,body,40.0,28.0,-10.0
3102,215161,141.0,7,151,0.111123,1.1688,True,False,wall,70.0,81.0,-10.0
3103,215258,61.0,3,97,0.111049,1.1414,True,False,body,30.0,41.0,-10.0
3104,215320,52.0,3,62,0.111001,1.3114,True,False,wall,30.0,32.0,-10.0
3105,215442,82.0,5,122,0.110908,1.2169,True,False,body,50.0,42.0,-10.0
3106,215495,39.0,3,53,0.110868,1.0921,True,False,body,30.0,19.0,-10.0
3107,215515,21.0,2,20,0.110853,1.0801,True,False,wall,20.0,11.0,-10.0
3108,215569,38.0,3,54,0.110812,1.1045,True,False,body,30.0,18.0,-10.0
3109,215638,45.0,3,69,0.110759,1.2437,True,False,body,30.0,25.0,-10.0
3110,215681,47.0,3,43,0.110727,1.1048,True,False,body,30.0,27.0,-10.0
3111,215769,68.0,3,88,0.11066,1.2003,True,False,wall,30.0,48.0,-10.0
3112,215882,71.0,5,113,0.110574,1.2389,True,False,wall,50.0,31.0,-10.0
3113,215924,46.0,3,42,0.110542,1.3341,True,False,body,30.0,26.0,-10.0
3114,216028,78.0,5,104,0.110464,1.1596,True,False,body,50.0,38.0,-10.0
3115,216053,7.0,1,25,0.110445,1.1715,True,False,wall,10.0,7.0,-10.0
3116,216101,50.0,3,48,0.110409,1.0657,True,False,body,30.0,30.0,-10.0
3117,216296,153.0,9,195,0.110262,1.3171,True,False,wall,90.0,73.0,-10.0
3118,216435,64.0,4,139,0.110157,1.1975,True,False,body,40.0,34.0,-10.0
3119,216509,81.0,4,74,0.110101,1.224,True,False,wall,40.0,51.0,-10.0
3120,216586,58.0,4,77,0.110044,1.2274,True,False,wall,40.0,28.0,-10.0
3121,216697,105.0,5,111,0.10996,1.3721,True,False,body,50.0,65.0,-10.0
3122,216794,104.0,6,97,0.109888,1.227,True,False,body,60.0,54.0,-10.0
3123,216957,128.0,6,163,0.109766,1.1891,True,False,body,60.0,78.0,-10.0
3124,217050,66.0,4,93,0.109696,1.2428,True,False,body,40.0,36.0,-10.0
3125,217091,37.0,3,41,0.109666,1.1808,True,False,body,30.0,17.0,-10.0
3126,217190,106.0,6,99,0.109592,1.1546,True,False,wall,60.0,56.0,-10.0
3127,217295,94.0,4,105,0.109514,1.2548,True,False,wall,40.0,64.0,-10.0
3128,217401,61.0,4,106,0.109435,1.1955,True,False,wall,40.0,31.0,-10.0
3129,217445,44.0,3,44,0.109402,1.2772,True,False,body,30.0,24.0,-10.0
3130,217585,65.0,4,140,0.109298,1.2401,True,False,wall,40.0,35.0,-10.0
3131,217630,51.0,3,45,0.109265,1.136,True,False,body,30.0,31.0,-10.0
3132,217703,54.0,4,73,0.109211,1.1552,True,False,body,40.0,24.0,-10.0
3133,217769,56.0,3,66,0.109162,1.1634,True,False,body,30.0,36.0,-10.0
3134,217823,44.0,3,54,0.109122,1.1286,True,False,body,30.0,24.0,-10.0
3135,217856,16.0,2,33,0.109098,1.4086,True,False,wall,20.0,6.0,-10.0
3136,218009,68.0,4,153,0.108985,1.264,True,False,body,40.0,38.0,-10.0
3137,218052,45.0,3,43,0.108953,1.1783,True,False,body,30.0,25.0,-10.0
3138,218098,34.0,3,46,0.108919,1.1883,True,False,body,30.0,14.0,-10.0
3139,218157,47.0,3,59,0.108876,1.1047,True,False,body,30.0,27.0,-10.0
3140,218255,72.0,3,98,0.108804,1.1035,True,False,body,30.0,52.0,-10.0
3141,218314,52.0,4,59,0.10876,1.1593,True,False,body,40.0,22.0,-10.0
3142,218414,44.0,3,100,0.108687,1.1812,True,False,body,30.0,24.0,-10.0
3143,218465,53.0,3,51,0.10865,1.2724,True,False,body,30.0,33.0,-10.0
3144,218532,39.0,3,67,0.108601,1.1662,True,False,body,30.0,19.0,-10.0
3145,218578,46.0,3,46,0.108567,1.2592,True,False,body,30.0,26.0,-10.0
3146,218676,94.0,5,98,0.108495,1.2892,True,False,body,50.0,54.0,-10.0
3147,218827,134.0,6,151,0.108385,1.0931,True,False,body,60.0,84.0,-10.0
3148,218873,33.0,2,46,0.108351,1.3978,True,False,wall,20.0,23.0,-10.0
3149,218979,56.0,3,106,0.108274,1.2401,True,False,body,30.0,36.0,-10.0
3150,218995,14.0,1,16,0.108262,1.0171,True,False,wall,10.0,14.0,-10.0
3151,219038,-12.0,0,43,0.108231,1.0839,True,False,wall,0.0,-2.0,-10.0
3152,219231,79.0,5,193,0.108091,1.1545,True,False,body,50.0,39.0,-10.0
3153,219306,94.0,6,75,0.108036,1.1793,True,False,body,60.0,44.0,-10.0
3154,219388,50.0,3,82,0.107977,1.1661,True,False,wall,30.0,30.0,-10.0
3155,219464,54.0,3,76,0.107922,1.1182,True,False,wall,30.0,34.0,-10.0
3156,219544,65.0,4,80,0.107864,1.1779,True,False,wall,40.0,35.0,-10.0
3157,219624,65.0,4,80,0.107806,1.2591,True,False,body,40.0,35.0,-10.0
3158,219704,42.0,3,80,0.107748,1.0612,True,False,wall,30.0,22.0,-10.0
3159,219788,32.0,3,84,0.107688,1.0691,True,False,body,30.0,12.0,-10.0
3160,219889,67.0,5,101,0.107615,1.1747,True,False,wall,50.0,27.0,-10.0
3161,219992,43.0,3,103,0.107541,1.087,True,False,wall,30.0,23.0,-10.0
3162,220058,61.0,4,66,0.107493,1.1727,True,False,body,40.0,31.0,-10.0
3163,220235,49.0,3,177,0.107366,1.2137,True,False,body,30.0,29.0,-10.0
3164,220369,64.0,3,134,0.10727,1.1671,True,False,wall,30.0,44.0,-10.0
3165,220390,33.0,3,21,0.107255,1.02,True,False,body,30.0,13.0,-10.0
3166,220457,55.0,3,67,0.107207,1.1266,True,False,body,30.0,35.0,-10.0
3167,220510,42.0,2,53,0.107169,1.1889,True,False,wall,20.0,32.0,-10.0
3168,220632,84.0,5,122,0.107082,1.2204,True,False,body,50.0,44.0,-10.0
3169,220761,87.0,5,129,0.10699,1.1708,True,False,wall,50.0,47.0,-10.0
3170,220872,77.0,5,111,0.106911,1.1261,True,False,body,50.0,37.0,-10.0
3171,220949,26.0,2,77,0.106857,1.1235,True,False,wall,20.0,16.0,-10.0
3172,221074,83.0,5,125,0.106768,1.1085,True,False,wall,50.0,43.0,-10.0
3173,221091,27.0,3,17,0.106756,1.1366,True,False,body,30.0,7.0,-10.0
3174,221105,10.0,1,14,0.106746,1.0263,True,False,wall,10.0,10.0,-10.0
3175,221267,115.0,6,162,0.106631,1.2303,True,False,wall,60.0,65.0,-10.0
3176,221327,60.0,3,60,0.106589,1.3103,True,False,wall,30.0,40.0,-10.0
3177,221391,49.0,4,64,0.106543,1.3721,True,False,wall,40.0,19.0,-10.0
3178,221401,-5.0,0,10,0.106536,1.0594,True,False,wall,0.0,5.0,-10.0
3179,221435,38.0,3,34,0.106512,1.2456,True,False,body,30.0,18.0,-10.0
3180,221493,46.0,3,58,0.106471,1.0978,True,False,body,30.0,26.0,-10.0
3181,221514,26.0,2,21,0.106456,1.243,True,False,wall,20.0,16.0,-10.0
3182,221566,55.0,4,52,0.10642,1.2373,True,False,body,40.0,25.0,-10.0
3183,221676,78.0,5,110,0.106342,1.2553,True,False,body,50.0,38.0,-10.0
3184,221730,55.0,4,54,0.106304,1.2021,True,False,body,40.0,25.0,-10.0
3185,221791,55.0,3,61,0.106261,1.2234,True,False,wall,30.0,35.0,-10.0
3186,221826,29.0,3,35,0.106237,1.1962,True,False,body,30.0,9.0,-10.0
3187,221897,36.0,2,71,0.106187,1.2882,True,False,wall,20.0,26.0,-10.0
3188,222032,123.0,7,135,0.106092,1.3001,True,False,wall,70.0,63.0,-10.0
3189,222090,57.0,4,58,0.106051,1.2359,True,False,body,40.0,27.0,-10.0
3190,222206,65.0,4,116,0.10597,1.229,True,False,body,40.0,35.0,-10.0
3191,222353,43.0,3,147,0.105867,1.2736,True,False,body,30.0,23.0,-10.0
3192,222477,76.0,5,124,0.105781,1.246,True,False,wall,50.0,36.0,-10.0
3193,222527,50.0,3,50,0.105746,1.2807,True,False,body,30.0,30.0,-10.0
3194,222565,31.0,2,38,0.10572,1.5733,True,False,wall,20.0,21.0,-10.0
3195,222636,43.0,3,71,0.10567,1.2147,True,False,body,30.0,23.0,-10.0
3196,222704,58.0,3,68,0.105623,1.2481,True,False,body,30.0,38.0,-10.0
3197,222810,63.0,4,106,0.105549,1.165,True,False,wall,40.0,33.0,-10.0
3198,222926,84.0,5,116,0.105469,1.2607,True,False,body,50.0,44.0,-10.0
3199,222943,-6.0,0,17,0.105457,1.1665,True,False,wall,0.0,4.0,-10.0
3200,223074,45.0,3,131,0.105366,1.2374,True,False,body,30.0,25.0,-10.0
3201,223132,50.0,3,58,0.105326,1.1138,True,False,body,30.0,30.0,-10.0
3202,223203,37.0,3,71,0.105277,1.2496,True,False,body,30.0,17.0,-10.0
3203,223357,77.0,4,154,0.105171,1.2119,True,False,body,40.0,47.0,-10.0
3204,223446,51.0,3,89,0.105109,1.1992,True,False,body,30.0,31.0,-10.0
3205,223523,47.0,3,77,0.105056,1.3467,True,False,body,30.0,27.0,-10.0
3206,223672,77.0,5,149,0.104954,1.2207,True,False,body,50.0,37.0,-10.0
3207,223822,101.0,6,150,0.104851,1.213,True,False,body,60.0,51.0,-10.0
3208,223950,101.0,4,128,0.104763,1.213,True,False,body,40.0,71.0,-10.0
3209,224052,46.0,3,102,0.104693,1.1842,True,False,body,30.0,26.0,-10.0
3210,224114,66.0,3,62,0.104651,1.1812,True,False,body,30.0,46.0,-10.0
3211,224171,37.0,3,57,0.104612,1.1269,True,False,body,30.0,17.0,-10.0
3212,224300,93.0,5,129,0.104524,1.2997,True,False,body,50.0,53.0,-10.0
3213,224314,1.0,0,14,0.104515,1.1565,True,False,wall,0.0,11.0,-10.0
3214,224392,52.0,3,78,0.104462,1.2544,True,False,body,30.0,32.0,-10.0
3215,224433,43.0,3,41,0.104434,1.122,True,False,body,30.0,23.0,-10.0
3216,224594,95.0,5,161,0.104324,1.3839,True,False,body,50.0,55.0,-10.0
3217,224638,46.0,3,44,0.104294,1.2397,True,False,body,30.0,26.0,-10.0
3218,224673,37.0,3,35,0.104271,1.3853,True,False,body,30.0,17.0,-10.0
3219,224760,47.0,3,87,0.104212,1.2297,True,False,wall,30.0,27.0,-10.0
3220,224825,74.0,4,65,0.104168,1.2768,True,False,wall,40.0,44.0,-10.0
3221,224930,58.0,4,105,0.104097,1.2433,True,False,body,40.0,28.0,-10.0
3222,225002,65.0,4,72,0.104048,1.3735,True,False,body,40.0,35.0,-10.0
3223,225090,51.0,4,88,0.103988,1.186,True,False,body,40.0,21.0,-10.0
3224,225115,13.0,1,25,0.103972,1.2204,True,False,wall,10.0,13.0,-10.0
3225,225215,91.0,6,100,0.103904,1.2722,True,False,body,60.0,41.0,-10.0
3226,225229,10.0,1,14,0.103895,1.4744,True,False,wall,10.0,10.0,-10.0
3227,225391,88.0,5,162,0.103786,1.2929,True,False,body,50.0,48.0,-10.0
3228,225452,68.0,4,61,0.103745,1.1658,True,False,body,40.0,38.0,-10.0
3229,225516,69.0,4,64,0.103702,1.3133,True,False,body,40.0,39.0,-10.0
3230,225538,-3.0,0,22,0.103687,1.1548,True,False,wall,0.0,7.0,-10.0
3231,225604,-1.0,0,66,0.103643,1.2316,True,False,wall,0.0,9.0,-10.0
3232,225692,50.0,3,88,0.103584,1.2715,True,False,body,30.0,30.0,-10.0
3233,225733,26.0,2,41,0.103556,1.3166,True,False,wall,20.0,16.0,-10.0
3234,225796,30.0,2,63,0.103514,1.2773,True,False,wall,20.0,20.0,-10.0
3235,225826,34.0,3,30,0.103494,1.1498,True,False,body,30.0,14.0,-10.0
3236,225869,46.0,2,43,0.103465,1.1663,True,False,wall,20.0,36.0,-10.0
3237,225949,73.0,4,80,0.103412,1.1833,True,False,body,40.0,43.0,-10.0
3238,226017,40.0,3,68,0.103366,1.1236,True,False,body,30.0,20.0,-10.0
3239,226181,81.0,4,164,0.103257,1.1931,True,False,body,40.0,51.0,-10.0
3240,226306,62.0,4,125,0.103174,1.1538,True,False,wall,40.0,32.0,-10.0
3241,226388,86.0,5,82,0.10312,1.2169,True,False,body,50.0,46.0,-10.0
3242,226458,50.0,3,70,0.103073,1.2388,True,False,wall,30.0,30.0,-10.0
3243,226515,66.0,4,57,0.103035,1.2249,True,False,body,40.0,36.0,-10.0
3244,226535,17.0,2,20,0.103022,1.2828,True,False,wall,20.0,7.0,-10.0
3245,226624,82.0,4,89,0.102963,1.2266,True,False,body,40.0,52.0,-10.0
3246,226668,8.0,1,44,0.102934,1.6257,True,False,wall,10.0,8.0,-10.0
3247,226836,51.0,4,168,0.102823,1.2001,True,False,wall,40.0,21.0,-10.0
3248,226918,77.0,4,82,0.102769,1.1114,True,False,body,40.0,47.0,-10.0
3249,226964,46.0,3,46,0.102738,1.2355,True,False,body,30.0,26.0,-10.0
3250,227135,119.0,7,171,0.102626,1.1201,True,False,body,70.0,59.0,-10.0
3251,227283,103.0,6,148,0.102529,1.2778,True,False,body,60.0,53.0,-10.0
3252,227345,58.0,3,62,0.102488,1.3002,True,False,body,30.0,38.0,-10.0
3253,227461,53.0,4,116,0.102412,1.2616,True,False,body,40.0,23.0,-10.0
3254,227608,83.0,5,147,0.102316,1.2493,True,False,body,50.0,43.0,-10.0
3255,227730,91.0,6,122,0.102236,1.1534,True,False,body,60.0,41.0,-10.0
3256,227807,81.0,5,77,0.102186,1.1583,True,False,body,50.0,41.0,-10.0
3257,227904,54.0,4,97,0.102122,1.2079,True,False,body,40.0,24.0,-10.0
3258,227982,73.0,4,78,0.102072,1.1981,True,False,body,40.0,43.0,-10.0
3259,228118,78.0,5,136,0.101983,1.2297,True,False,body,50.0,38.0,-10.0
3260,228246,81.0,6,128,0.1019,1.2063,True,False,wall,60.0,31.0,-10.0
3261,228270,17.0,2,24,0.101884,1.1085,True,False,wall,20.0,7.0,-10.0
3262,228344,71.0,4,74,0.101837,1.1744,True,False,wall,40.0,41.0,-10.0
3263,228455,35.0,3,111,0.101765,1.2651,True,False,wall,30.0,15.0,-10.0
3264,228672,65.0,5,217,0.101624,1.2103,True,False,body,50.0,25.0,-10.0
3265,228749,55.0,3,77,0.101575,1.1757,True,False,body,30.0,35.0,-10.0
3266,228811,41.0,4,62,0.101535,1.151,True,False,wall,40.0,11.0,-10.0
3267,228885,77.0,4,74,0.101487,1.2615,True,False,wall,40.0,47.0,-10.0
3268,228921,28.0,1,36,0.101464,1.1549,True,False,wall,10.0,28.0,-10.0
3269,228991,67.0,4,70,0.101419,1.1735,True,False,body,40.0,37.0,-10.0
3270,229036,40.0,2,45,0.10139,1.2769,True,False,wall,20.0,30.0,-10.0
3271,229186,93.0,6,150,0.101294,1.2622,True,False,wall,60.0,43.0,-10.0
3272,229254,54.0,3,68,0.10125,1.3169,True,False,body,30.0,34.0,-10.0
3273,229393,103.0,5,139,0.101161,1.2524,True,False,body,50.0,63.0,-10.0
3274,229441,54.0,3,48,0.101131,1.3136,True,False,body,30.0,34.0,-10.0
3275,229544,45.0,3,103,0.101065,1.256,True,False,body,30.0,25.0,-10.0
3276,229677,126.0,6,133,0.10098,1.108,True,False,body,60.0,76.0,-10.0
3277,229766,71.0,5,89,0.100923,1.2923,True,False,body,50.0,31.0,-10.0
3278,229785,7.0,1,19,0.100911,1.1293,True,False,wall,10.0,7.0,-10.0
3279,229831,54.0,3,46,0.100882,1.1967,True,False,body,30.0,34.0,-10.0
3280,230131,63.0,4,300,0.100691,1.2756,True,False,wall,40.0,33.0,-10.0
3281,230184,57.0,3,53,0.100658,1.3499,True,False,body,30.0,37.0,-10.0
3282,230296,66.0,5,112,0.100587,1.2173,True,False,body,50.0,26.0,-10.0
3283,230423,73.0,5,127,0.100507,1.2258,True,False,body,50.0,33.0,-10.0
3284,230493,69.0,4,70,0.100463,1.1392,True,False,body,40.0,39.0,-10.0
3285,230505,-1.0,0,12,0.100455,1.1179,True,False,wall,0.0,9.0,-10.0
3286,230530,39.0,3,25,0.100439,1.0941,True,False,wall,30.0,19.0,-10.0
3287,230703,65.0,3,173,0.10033,1.1419,True,False,body,30.0,45.0,-10.0
3288,230796,49.0,3,93,0.100272,1.3051,True,False,wall,30.0,29.0,-10.0
3289,230862,38.0,3,66,0.10023,1.2738,True,False,body,30.0,18.0,-10.0
3290,230894,6.0,1,32,0.10021,1.3057,True,False,wall,10.0,6.0,-10.0
3291,231012,53.0,4,118,0.100136,1.2006,True,False,body,40.0,23.0,-10.0
3292,231035,11.0,1,23,0.100122,1.2793,True,False,wall,10.0,11.0,-10.0
3293,231180,33.0,3,145,0.100031,1.3222,True,False,body,30.0,13.0,-10.0
3294,231329,91.0,5,149,0.099938,1.1746,True,False,wall,50.0,51.0,-10.0
3295,231382,45.0,3,53,0.099905,1.2872,True,False,body,30.0,25.0,-10.0
3296,231457,53.0,3,75,0.099858,1.2203,True,False,body,30.0,33.0,-10.0
3297,231498,48.0,4,41,0.099833,1.1353,True,False,wall,40.0,18.0,-10.0
3298,231566,44.0,3,68,0.09979,1.2394,True,False,body,30.0,24.0,-10.0
3299,231633,19.0,1,67,0.099749,1.2666,True,False,wall,10.0,19.0,-10.0
3300,231689,46.0,3,56,0.099714,1.1539,True,False,body,30.0,26.0,-10.0
3301,231737,40.0,3,48,0.099684,1.3876,True,False,body,30.0,20.0,-10.0
3302,231805,66.0,3,68,0.099642,1.2321,True,False,wall,30.0,46.0,-10.0
3303,231901,58.0,3,96,0.099582,1.242,True,False,wall,30.0,38.0,-10.0
3304,231988,57.0,3,87,0.099528,1.2873,True,False,body,30.0,37.0,-10.0
3305,232106,60.0,3,118,0.099455,1.1761,True,False,body,30.0,40.0,-10.0
3306,232185,36.0,2,79,0.099407,1.2476,True,False,wall,20.0,26.0,-10.0
3307,232362,107.0,7,177,0.099297,1.2485,True,False,body,70.0,47.0,-10.0
3308,232467,62.0,4,105,0.099233,1.3437,True,False,wall,40.0,32.0,-10.0
3309,232756,106.0,6,289,0.099055,1.3069,True,False,wall,60.0,56.0,-10.0
3310,232785,17.0,1,29,0.099037,1.3451,True,False,wall,10.0,17.0,-10.0
3311,232924,119.0,5,139,0.098952,1.3413,True,False,body,50.0,79.0,-10.0
3312,233068,101.0,6,144,0.098864,1.2115,True,False,body,60.0,51.0,-10.0
3313,233233,106.0,6,165,0.098764,1.2134,True,False,wall,60.0,56.0,-10.0
3314,233605,120.0,7,372,0.098537,1.2707,True,False,body,70.0,60.0,-10.0
3315,233661,52.0,3,56,0.098503,1.2036,True,False,body,30.0,32.0,-10.0
3316,233708,55.0,3,47,0.098475,1.1529,True,False,body,30.0,35.0,-10.0
3317,233783,68.0,4,75,0.098429,1.2525,True,False,body,40.0,38.0,-10.0
3318,233923,79.0,4,140,0.098345,1.1977,True,False,body,40.0,49.0,-10.0
3319,233993,42.0,3,70,0.098302,1.158,True,False,body,30.0,22.0,-10.0
3320,234162,103.0,5,169,0.098201,1.2755,True,False,wall,50.0,63.0,-10.0
3321,234265,77.0,5,103,0.098138,1.2331,True,False,body,50.0,37.0,-10.0
3322,234319,40.0,3,54,0.098106,1.2133,True,False,body,30.0,20.0,-10.0
3323,234410,81.0,3,91,0.098051,1.2062,True,False,body,30.0,61.0,-10.0
3324,234475,64.0,4,65,0.098012,1.2202,True,False,body,40.0,34.0,-10.0
3325,234564,56.0,4,89,0.097959,1.3034,True,False,body,40.0,26.0,-10.0
3326,234690,82.0,5,126,0.097883,1.2594,True,False,body,50.0,42.0,-10.0
3327,234725,36.0,2,35,0.097862,1.2282,True,False,wall,20.0,26.0,-10.0
3328,234771,54.0,3,46,0.097835,1.2388,True,False,body,30.0,34.0,-10.0
3329,234854,33.0,3,83,0.097785,1.2181,True,False,body,30.0,13.0,-10.0
3330,235188,94.0,5,334,0.097586,1.2288,True,False,body,50.0,54.0,-10.0
3331,235241,43.0,3,53,0.097555,1.2079,True,False,body,30.0,23.0,-10.0
3332,235410,94.0,6,169,0.097454,1.2222,True,False,body,60.0,44.0,-10.0
3333,235505,54.0,4,95,0.097398,1.2333,True,False,body,40.0,24.0,-10.0
3334,235578,60.0,4,73,0.097355,1.2832,True,False,wall,40.0,30.0,-10.0
3335,235700,50.0,3,122,0.097283,1.2562,True,False,body,30.0,30.0,-10.0
3336,235720,10.0,1,20,0.097271,1.1653,True,False,wall,10.0,10.0,-10.0
3337,235791,70.0,4,71,0.097229,1.2309,True,False,body,40.0,40.0,-10.0
3338,235862,72.0,4,71,0.097187,1.1786,True,False,body,40.0,42.0,-10.0
3339,235935,75.0,5,73,0.097144,1.2754,True,False,body,50.0,35.0,-10.0
3340,236022,55.0,3,87,0.097093,1.1683,True,False,wall,30.0,35.0,-10.0
3341,236104,88.0,5,82,0.097045,1.1582,True,False,body,50.0,48.0,-10.0
3342,236155,60.0,4,51,0.097015,1.1791,True,False,wall,40.0,30.0,-10.0
3343,236202,39.0,3,47,0.096987,1.2244,True,False,body,30.0,19.0,-10.0
3344,236234,42.0,3,32,0.096968,1.079,True,False,body,30.0,22.0,-10.0
3345,236275,41.0,3,41,0.096944,1.2932,True,False,body,30.0,21.0,-10.0
3346,236391,86.0,5,116,0.096876,1.2471,True,False,body,50.0,46.0,-10.0
3347,236447,46.0,3,56,0.096843,1.1508,True,False,body,30.0,26.0,-10.0
3348,236505,32.0,3,58,0.096809,1.0995,True,False,wall,30.0,12.0,-10.0
3349,236559,51.0,4,54,0.096778,1.161,True,False,wall,40.0,21.0,-10.0
3350,236623,63.0,4,64,0.09674,1.1746,True,False,body,40.0,33.0,-10.0
3351,236654,31.0,3,31,0.096722,1.1631,True,False,body,30.0,11.0,-10.0
3352,236752,60.0,3,98,0.096665,1.1399,True,False,body,30.0,40.0,-10.0
3353,236832,78.0,5,80,0.096618,1.0815,True,False,wall,50.0,38.0,-10.0
3354,236926,62.0,3,94,0.096564,1.0862,True,False,body,30.0,42.0,-10.0
3355,237092,67.0,4,166,0.096467,1.2489,True,False,body,40.0,37.0,-10.0
3356,237110,-5.0,0,18,0.096457,1.172,True,False,wall,0.0,5.0,-10.0
3357,237167,18.0,2,57,0.096424,1.3493,True,False,wall,20.0,8.0,-10.0
3358,237187,10.0,1,20,0.096412,1.5496,True,False,wall,10.0,10.0,-10.0
3359,237202,2.0,0,15,0.096403,1.6361,True,False,wall,0.0,12.0,-10.0
3360,237233,31.0,3,31,0.096385,1.2168,True,False,body,30.0,11.0,-10.0
3361,237282,39.0,3,49,0.096357,1.4835,True,False,body,30.0,19.0,-10.0
3362,237358,75.0,4,76,0.096313,1.2374,True,False,wall,40.0,45.0,-10.0
3363,237400,32.0,3,42,0.096289,1.2771,True,False,body,30.0,12.0,-10.0
3364,237549,52.0,4,149,0.096202,1.2902,True,False,body,40.0,22.0,-10.0
3365,237605,54.0,3,56,0.09617,1.4538,True,False,body,30.0,34.0,-10.0
3366,237878,141.0,9,273,0.096013,1.2267,True,False,body,90.0,61.0,-10.0
3367,237946,54.0,3,68,0.095974,1.3045,True,False,body,30.0,34.0,-10.0
3368,238055,41.0,3,109,0.095911,1.2399,True,False,body,30.0,21.0,-10.0
3369,238155,80.0,3,100,0.095854,1.2283,True,False,body,30.0,60.0,-10.0
3370,238212,53.0,3,57,0.095821,1.3325,True,False,body,30.0,33.0,-10.0
3371,238314,100.0,5,102,0.095763,1.2642,True,False,wall,50.0,60.0,-10.0
3372,238417,55.0,3,103,0.095704,1.1966,True,False,body,30.0,35.0,-10.0
3373,238529,74.0,5,112,0.09564,1.2953,True,False,body,50.0,34.0,-10.0
3374,238610,88.0,4,81,0.095594,1.2442,True,False,wall,40.0,58.0,-10.0
3375,238640,29.0,2,30,0.095577,1.2242,True,False,wall,20.0,19.0,-10.0
3376,238774,67.0,4,134,0.0955,1.193,True,False,body,40.0,37.0,-10.0
3377,238897,95.0,5,123,0.09543,1.2925,True,False,body,50.0,55.0,-10.0
3378,238980,52.0,4,83,0.095383,1.2092,True,False,body,40.0,22.0,-10.0
3379,239029,37.0,3,49,0.095356,1.3494,True,False,wall,30.0,17.0,-10.0
3380,239067,36.0,3,38,0.095334,1.2112,True,False,wall,30.0,16.0,-10.0
3381,239125,50.0,3,58,0.095301,1.3072,True,False,body,30.0,30.0,-10.0
3382,239229,105.0,6,104,0.095242,1.2085,True,False,wall,60.0,55.0,-10.0
3383,239334,99.0,5,105,0.095183,1.2981,True,False,wall,50.0,59.0,-10.0
3384,239446,49.0,4,112,0.09512,1.251,True,False,body,40.0,19.0,-10.0
3385,239486,42.0,3,40,0.095097,1.2917,True,False,body,30.0,22.0,-10.0
3386,239594,100.0,5,108,0.095036,1.1858,True,False,body,50.0,60.0,-10.0
3387,239698,86.0,5,104,0.094978,1.284,True,False,body,50.0,46.0,-10.0
3388,239835,66.0,4,137,0.094901,1.15,True,False,body,40.0,36.0,-10.0
3389,239907,35.0,2,72,0.09486,1.1891,True,False,wall,20.0,25.0,-10.0
3390,239966,47.0,3,59,0.094827,1.1512,True,False,body,30.0,27.0,-10.0
3391,240004,29.0,2,38,0.094806,1.206,True,False,wall,20.0,19.0,-10.0
3392,240171,128.0,6,167,0.094713,1.1323,True,False,body,60.0,78.0,-10.0
3393,240277,76.0,5,106,0.094653,1.1614,True,False,wall,50.0,36.0,-10.0
3394,240331,47.0,4,54,0.094623,1.1365,True,False,body,40.0,17.0,-10.0
3395,240476,56.0,4,145,0.094543,1.1466,True,False,body,40.0,26.0,-10.0
3396,240558,82.0,5,82,0.094497,1.142,True,False,wall,50.0,42.0,-10.0
3397,240578,4.0,1,20,0.094486,1.1483,True,False,wall,10.0,4.0,-10.0
3398,240640,36.0,3,62,0.094451,1.1511,True,False,body,30.0,16.0,-10.0
3399,240780,80.0,5,140,0.094374,1.2888,True,False,wall,50.0,40.0,-10.0
3400,240865,48.0,4,85,0.094326,1.2512,True,False,body,40.0,18.0,-10.0
3401,240914,43.0,3,49,0.094299,1.3127,True,False,wall,30.0,23.0,-10.0
3402,240964,34.0,3,50,0.094272,1.285,True,False,body,30.0,14.0,-10.0
3403,241020,54.0,3,56,0.094241,1.2027,True,False,body,30.0,34.0,-10.0
3404,241085,47.0,3,65,0.094205,1.2329,True,False,wall,30.0,27.0,-10.0
3405,241179,102.0,5,94,0.094153,1.2513,True,False,body,50.0,62.0,-10.0
3406,241246,51.0,3,67,0.094116,1.2673,True,False,body,30.0,31.0,-10.0
3407,241263,9.0,1,17,0.094107,1.1252,True,False,wall,10.0,9.0,-10.0
3408,241326,53.0,3,63,0.094072,1.2722,True,False,body,30.0,33.0,-10.0
3409,241510,109.0,6,184,0.093971,1.2213,True,False,wall,60.0,59.0,-10.0
3410,241580,52.0,3,70,0.093932,1.1104,True,False,body,30.0,32.0,-10.0
3411,241794,73.0,4,214,0.093815,1.1895,True,False,body,40.0,43.0,-10.0
3412,241891,47.0,3,97,0.093762,1.315,True,False,body,30.0,27.0,-10.0
3413,241931,42.0,3,40,0.09374,1.1878,True,False,wall,30.0,22.0,-10.0
3414,241983,48.0,3,52,0.093711,1.2381,True,False,body,30.0,28.0,-10.0
3415,242000,9.0,1,17,0.093702,1.0402,True,False,wall,10.0,9.0,-10.0
3416,242111,71.0,5,111,0.093641,1.2575,True,False,wall,50.0,31.0,-10.0
3417,242167,55.0,4,56,0.093611,1.0993,True,False,body,40.0,25.0,-10.0
3418,242299,82.0,5,132,0.093539,1.1872,True,False,body,50.0,42.0,-10.0
3419,242372,45.0,3,73,0.093499,1.178,True,False,body,30.0,25.0,-10.0
3420,242491,94.0,6,119,0.093435,1.2781,True,False,body,60.0,44.0,-10.0
3421,242603,91.0,6,112,0.093374,1.2274,True,False,wall,60.0,41.0,-10.0
3422,242646,43.0,3,43,0.093351,1.1855,True,False,body,30.0,23.0,-10.0
3423,242816,87.0,4,170,0.093259,1.2179,True,False,wall,40.0,57.0,-10.0
3424,242944,111.0,6,128,0.093189,1.2565,True,False,body,60.0,61.0,-10.0
3425,243074,92.0,5,130,0.093119,1.273,True,False,body,50.0,52.0,-10.0
3426,243104,40.0,3,30,0.093103,1.1738,True,False,body,30.0,20.0,-10.0
3427,243176,71.0,4,72,0.093064,1.2985,True,False,wall,40.0,41.0,-10.0
3428,243285,78.0,4,109,0.093006,1.3301,True,False,body,40.0,48.0,-10.0
3429,243296,0.0,0,11,0.093,1.2609,True,False,wall,0.0,10.0,-10.0
3430,243471,112.0,6,175,0.092906,1.2103,True,False,body,60.0,62.0,-10.0
3431,243556,64.0,4,85,0.09286,1.2351,True,False,body,40.0,34.0,-10.0
3432,243607,53.0,3,51,0.092833,1.2155,True,False,body,30.0,33.0,-10.0
3433,243747,87.0,4,140,0.092758,1.1993,True,False,body,40.0,57.0,-10.0
3434,243810,65.0,5,63,0.092724,1.1721,True,False,body,50.0,25.0,-10.0
3435,244038,115.0,6,228,0.092603,1.3122,True,False,wall,60.0,65.0,-10.0
3436,244077,34.0,2,39,0.092582,1.1809,True,False,wall,20.0,24.0,-10.0
3437,244100,9.0,1,23,0.09257,1.1397,True,False,wall,10.0,9.0,-10.0
3438,244176,63.0,4,76,0.092529,1.147,True,False,body,40.0,33.0,-10.0
3439,244291,80.0,4,115,0.092468,1.2095,True,False,wall,40.0,50.0,-10.0
3440,244369,48.0,3,78,0.092427,1.1535,True,False,body,30.0,28.0,-10.0
3441,244442,74.0,4,73,0.092388,1.1596,True,False,body,40.0,44.0,-10.0
3442,244483,52.0,4,41,0.092366,1.2518,True,False,body,40.0,22.0,-10.0
3443,244567,86.0,5,84,0.092322,1.2099,True,False,body,50.0,46.0,-10.0
3444,244627,55.0,4,60,0.09229,1.454,True,False,body,40.0,25.0,-10.0
3445,244691,52.0,3,64,0.092256,1.2267,True,False,body,30.0,32.0,-10.0
3446,244772,68.0,4,81,0.092214,1.2082,True,False,body,40.0,38.0,-10.0
3447,244860,59.0,4,88,0.092167,1.387,True,False,wall,40.0,29.0,-10.0
3448,244914,65.0,4,54,0.092139,1.2836,True,False,body,40.0,35.0,-10.0
3449,244924,-3.0,0,10,0.092134,1.8852,True,False,wall,0.0,7.0,-10.0
3450,244986,60.0,3,62,0.092101,1.3181,True,False,wall,30.0,40.0,-10.0
3451,245011,44.0,4,25,0.092088,1.4162,True,False,body,40.0,14.0,-10.0
3452,245110,78.0,4,99,0.092036,1.2497,True,False,body,40.0,48.0,-10.0
3453,245215,71.0,5,105,0.091981,1.3164,True,False,body,50.0,31.0,-10.0
3454,245227,10.0,1,12,0.091974,1.0831,True,False,wall,10.0,10.0,-10.0
3455,245286,53.0,3,59,0.091943,1.4627,True,False,body,30.0,33.0,-10.0
3456,245439,94.0,6,153,0.091863,1.2514,True,False,body,60.0,44.0,-10.0
3457,245495,50.0,3,56,0.091834,1.2571,True,False,body,30.0,30.0,-10.0
3458,245696,80.0,4,201,0.091729,1.1897,True,False,body,40.0,50.0,-10.0
3459,245763,49.0,3,67,0.091694,1.1209,True,False,body,30.0,29.0,-10.0
3460,245948,114.0,6,185,0.091598,1.2357,True,False,body,60.0,64.0,-10.0
3461,245990,44.0,3,42,0.091576,1.1961,True,False,body,30.0,24.0,-10.0
3462,246004,8.0,1,14,0.091569,1.1884,True,False,wall,10.0,8.0,-10.0
3463,246075,39.0,3,71,0.091532,1.3655,True,False,body,30.0,19.0,-10.0
3464,246096,11.0,1,21,0.091521,1.0637,True,False,wall,10.0,11.0,-10.0
3465,246121,22.0,2,25,0.091508,1.203,True,False,wall,20.0,12.0,-10.0
3466,246172,35.0,3,51,0.091481,1.3427,True,False,body,30.0,15.0,-10.0
3467,246221,59.0,3,49,0.091456,1.3831,True,False,body,30.0,39.0,-10.0
3468,246272,49.0,3,51,0.09143,1.2342,True,False,body,30.0,29.0,-10.0
3469,246286,10.0,1,14,0.091422,1.0968,True,False,wall,10.0,10.0,-10.0
3470,246303,9.0,1,17,0.091414,1.1466,True,False,wall,10.0,9.0,-10.0
3471,246344,33.0,3,41,0.091392,1.2003,True,False,body,30.0,13.0,-10.0
3472,246452,67.0,4,108,0.091336,1.2381,True,False,body,40.0,37.0,-10.0
3473,246565,93.0,5,113,0.091278,1.3177,True,False,body,50.0,53.0,-10.0
3474,246617,1.0,0,52,0.091251,1.1684,True,False,wall,0.0,11.0,-10.0
3475,246698,48.0,4,81,0.09121,1.2833,True,False,body,40.0,18.0,-10.0
3476,246841,73.0,5,143,0.091136,1.2298,True,False,body,50.0,33.0,-10.0
3477,246878,41.0,3,37,0.091117,1.2403,True,False,body,30.0,21.0,-10.0
3478,246980,93.0,4,102,0.091065,1.3011,True,False,body,40.0,63.0,-10.0
3479,247085,84.0,4,105,0.091011,1.3354,True,False,wall,40.0,54.0,-10.0
3480,247142,53.0,3,57,0.090981,1.3843,True,False,wall,30.0,33.0,-10.0
3481,247376,134.0,7,234,0.090862,1.3863,True,False,body,70.0,74.0,-10.0
3482,247486,57.0,4,110,0.090806,1.3093,True,False,body,40.0,27.0,-10.0
3483,247502,12.0,1,16,0.090797,1.2187,True,False,wall,10.0,12.0,-10.0
3484,247597,88.0,4,95,0.090749,1.2422,True,False,body,40.0,58.0,-10.0
3485,247747,83.0,6,150,0.090673,1.224,True,False,wall,60.0,33.0,-10.0
3486,247815,63.0,4,68,0.090638,1.2946,True,False,body,40.0,33.0,-10.0
3487,247939,76.0,5,124,0.090575,1.2761,True,False,wall,50.0,36.0,-10.0
3488,248006,66.0,4,67,0.090541,1.3345,True,False,wall,40.0,36.0,-10.0
3489,248097,55.0,3,91,0.090495,1.2832,True,False,body,30.0,35.0,-10.0
3490,248202,59.0,5,105,0.090442,1.353,True,False,body,50.0,19.0,-10.0
3491,248271,58.0,4,69,0.090407,1.1921,True,False,body,40.0,28.0,-10.0
3492,248375,48.0,3,104,0.090355,1.2464,True,False,body,30.0,28.0,-10.0
3493,248440,51.0,3,65,0.090322,1.3583,True,False,body,30.0,31.0,-10.0
3494,248616,110.0,5,176,0.090233,1.2788,True,False,body,50.0,70.0,-10.0
3495,248696,51.0,4,80,0.090193,1.2714,True,False,wall,40.0,21.0,-10.0
3496,248821,80.0,4,125,0.09013,1.3458,True,False,body,40.0,50.0,-10.0
3497,248900,78.0,4,79,0.090091,1.268,True,False,body,40.0,48.0,-10.0
3498,249047,84.0,6,147,0.090017,1.3525,True,False,wall,60.0,34.0,-10.0
3499,249127,79.0,4,80,0.089977,1.3256,True,False,body,40.0,49.0,-10.0
3500,249202,56.0,4,75,0.08994,1.2409,True,False,body,40.0,26.0,-10.0
3501,249219,22.0,2,17,0.089931,1.5344,True,False,wall,20.0,12.0,-10.0
3502,249259,40.0,3,40,0.089911,1.172,True,False,body,30.0,20.0,-10.0
3503,249301,66.0,5,42,0.08989,1.1584,True,False,body,50.0,26.0,-10.0
3504,249352,49.0,3,51,0.089865,1.2558,True,False,body,30.0,29.0,-10.0
3505,249464,86.0,5,112,0.089809,1.276,True,False,body,50.0,46.0,-10.0
3506,249478,8.0,1,14,0.089802,1.5607,True,False,wall,10.0,8.0,-10.0
3507,249521,41.0,3,43,0.089781,1.2834,True,False,body,30.0,21.0,-10.0
3508,249596,66.0,4,75,0.089743,1.3514,True,False,body,40.0,36.0,-10.0
3509,249624,4.0,1,28,0.08973,1.4969,True,False,wall,10.0,4.0,-10.0
3510,249703,81.0,3,79,0.08969,1.4643,True,False,body,30.0,61.0,-10.0
3511,249762,54.0,4,59,0.089661,1.266,True,False,body,40.0,24.0,-10.0
3512,249908,98.0,5,146,0.089589,1.3692,True,False,body,50.0,58.0,-10.0
3513,249949,11.0,1,41,0.089568,1.3807,True,False,wall,10.0,11.0,-10.0
3514,249987,34.0,3,38,0.08955,1.3782,True,False,body,30.0,14.0,-10.0
3515,250106,76.0,4,119,0.089491,1.2716,True,False,wall,40.0,46.0,-10.0
3516,250193,85.0,5,87,0.089448,1.3106,True,False,body,50.0,45.0,-10.0
3517,250351,68.0,5,158,0.08937,1.2932,True,False,wall,50.0,28.0,-10.0
3518,250412,51.0,3,61,0.08934,1.2058,True,False,body,30.0,31.0,-10.0
3519,250510,62.0,3,98,0.089292,1.3385,True,False,body,30.0,42.0,-10.0
3520,250561,41.0,3,51,0.089267,1.2017,True,False,body,30.0,21.0,-10.0
3521,250657,77.0,4,96,0.08922,1.3619,True,False,body,40.0,47.0,-10.0
3522,250911,144.0,7,254,0.089095,1.3091,True,False,body,70.0,84.0,-10.0
3523,251090,111.0,7,179,0.089008,1.3629,True,False,body,70.0,51.0,-10.0
3524,251130,44.0,3,40,0.088989,1.5889,True,False,body,30.0,24.0,-10.0
3525,251164,8.0,1,34,0.088972,1.3775,True,False,wall,10.0,8.0,-10.0
3526,251297,110.0,6,133,0.088907,1.289,True,False,body,60.0,60.0,-10.0
3527,251402,57.0,3,105,0.088856,1.3669,True,False,body,30.0,37.0,-10.0
3528,251447,54.0,4,45,0.088834,1.2233,True,False,wall,40.0,24.0,-10.0
3529,251570,58.0,4,123,0.088775,1.328,True,False,wall,40.0,28.0,-10.0
3530,251632,66.0,5,62,0.088745,1.3828,True,False,body,50.0,26.0,-10.0
3531,251766,55.0,4,134,0.08868,1.2897,True,False,body,40.0,25.0,-10.0
3532,251803,20.0,2,37,0.088662,1.3265,True,False,wall,20.0,10.0,-10.0
3533,251859,52.0,3,56,0.088635,1.294,True,False,body,30.0,32.0,-10.0
3534,251905,27.0,2,46,0.088613,1.2743,True,False,wall,20.0,17.0,-10.0
3535,252015,80.0,5,110,0.08856,1.2261,True,False,body,50.0,40.0,-10.0
3536,252068,60.0,4,53,0.088534,1.4979,True,False,body,40.0,30.0,-10.0
3537,252176,66.0,5,108,0.088482,1.2603,True,False,body,50.0,26.0,-10.0
3538,252192,10.0,1,16,0.088474,1.4862,True,False,wall,10.0,10.0,-10.0
3539,252253,36.0,2,61,0.088445,1.2438,True,False,wall,20.0,26.0,-10.0
3540,252293,50.0,3,40,0.088426,1.2403,True,False,body,30.0,30.0,-10.0
3541,252556,107.0,5,263,0.0883,1.2466,True,False,body,50.0,67.0,-10.0
3542,252612,54.0,3,56,0.088273,1.4318,True,False,body,30.0,34.0,-10.0
3543,252685,47.0,3,73,0.088238,1.2966,True,False,body,30.0,27.0,-10.0
3544,252797,85.0,4,112,0.088185,1.4688,True,False,body,40.0,55.0,-10.0
3545,252887,64.0,3,90,0.088142,1.3952,True,False,body,30.0,44.0,-10.0
3546,252947,44.0,3,60,0.088113,1.2703,True,False,body,30.0,24.0,-10.0
3547,253032,49.0,3,85,0.088073,1.3494,True,False,body,30.0,29.0,-10.0
3548,253134,56.0,3,102,0.088024,1.4769,True,False,body,30.0,36.0,-10.0
3549,253186,38.0,3,52,0.087999,1.3556,True,False,body,30.0,18.0,-10.0
3550,253238,46.0,3,52,0.087975,1.4584,True,False,body,30.0,26.0,-10.0
3551,253324,40.0,3,86,0.087934,1.1782,True,False,body,30.0,20.0,-10.0
3552,253406,52.0,3,82,0.087895,1.4487,True,False,body,30.0,32.0,-10.0
3553,253696,123.0,6,290,0.087758,1.3393,True,False,body,60.0,73.0,-10.0
3554,253784,66.0,3,88,0.087716,1.3364,True,False,body,30.0,46.0,-10.0
3555,253826,49.0,4,42,0.087697,1.5266,True,False,body,40.0,19.0,-10.0
3556,253893,37.0,3,67,0.087665,1.2189,True,False,body,30.0,17.0,-10.0
3557,253951,57.0,4,58,0.087638,1.2953,True,False,body,40.0,27.0,-10.0
3558,254010,47.0,3,59,0.08761,1.4271,True,False,body,30.0,27.0,-10.0
3559,254069,47.0,3,59,0.087582,1.2249,True,False,body,30.0,27.0,-10.0
3560,254168,73.0,3,99,0.087536,1.2803,True,False,wall,30.0,53.0,-10.0
3561,254232,80.0,5,64,0.087506,1.2959,True,False,body,50.0,40.0,-10.0
3562,254298,58.0,3,66,0.087475,1.2453,True,False,body,30.0,38.0,-10.0
3563,254372,44.0,3,74,0.08744,1.3623,True,False,body,30.0,24.0,-10.0
3564,254422,50.0,3,50,0.087417,1.3464,True,False,body,30.0,30.0,-10.0
3565,254514,82.0,5,92,0.087374,1.2236,True,False,body,50.0,42.0,-10.0
3566,254602,79.0,4,88,0.087333,1.3986,True,False,body,40.0,49.0,-10.0
3567,254692,75.0,4,90,0.087291,1.244,True,False,body,40.0,45.0,-10.0
3568,254790,52.0,3,98,0.087245,1.212,True,False,body,30.0,32.0,-10.0
3569,254840,44.0,3,50,0.087222,1.2302,True,False,body,30.0,24.0,-10.0
3570,254890,42.0,3,50,0.087199,1.646,True,False,body,30.0,22.0,-10.0
3571,254978,64.0,3,88,0.087158,1.3009,True,False,body,30.0,44.0,-10.0
3572,255169,73.0,5,191,0.087069,1.274,True,False,body,50.0,33.0,-10.0
3573,255266,65.0,5,97,0.087024,1.4448,True,False,wall,50.0,25.0,-10.0
3574,255316,46.0,3,50,0.087001,1.3863,True,False,wall,30.0,26.0,-10.0
3575,255386,50.0,3,70,0.086969,1.4116,True,False,body,30.0,30.0,-10.0
3576,255410,29.0,2,24,0.086958,1.5054,True,False,wall,20.0,19.0,-10.0
3577,255558,90.0,5,148,0.086889,1.304,True,False,body,50.0,50.0,-10.0
3578,255643,71.0,5,85,0.08685,1.342,True,False,body,50.0,31.0,-10.0
3579,255782,85.0,5,139,0.086786,1.2991,True,False,body,50.0,45.0,-10.0
3580,255855,32.0,2,73,0.086753,1.2315,True,False,wall,20.0,22.0,-10.0
3581,255917,63.0,4,62,0.086724,1.3366,True,False,body,40.0,33.0,-10.0
3582,256020,75.0,5,103,0.086677,1.2449,True,False,wall,50.0,35.0,-10.0
3583,256084,52.0,3,64,0.086647,1.3299,True,False,body,30.0,32.0,-10.0
3584,256142,40.0,3,58,0.086621,1.1888,True,False,body,30.0,20.0,-10.0
3585,256407,95.0,5,265,0.0865,1.2708,True,False,wall,50.0,55.0,-10.0
3586,256528,123.0,7,121,0.086445,1.3305,True,False,wall,70.0,63.0,-10.0
3587,256615,78.0,4,87,0.086405,1.3563,True,False,body,40.0,48.0,-10.0
3588,256713,78.0,5,98,0.08636,1.2817,True,False,body,50.0,38.0,-10.0
3589,256802,93.0,5,89,0.08632,1.3398,True,False,wall,50.0,53.0,-10.0
3590,256888,77.0,4,86,0.086281,1.304,True,False,wall,40.0,47.0,-10.0
3591,256957,70.0,4,69,0.08625,1.4098,True,False,body,40.0,40.0,-10.0
3592,256976,3.0,1,19,0.086241,1.1801,True,False,wall,10.0,3.0,-10.0
3593,257012,44.0,3,36,0.086225,1.2041,True,False,wall,30.0,24.0,-10.0
3594,257136,46.0,3,124,0.086169,1.224,True,False,wall,30.0,26.0,-10.0
3595,257225,88.0,6,89,0.086129,1.3746,True,False,wall,60.0,38.0,-10.0
3596,257308,41.0,3,83,0.086091,1.3219,True,False,body,30.0,21.0,-10.0
3597,257478,71.0,4,170,0.086014,1.3057,True,False,wall,40.0,41.0,-10.0
3598,257521,19.0,1,43,0.085995,1.4276,True,False,wall,10.0,19.0,-10.0
3599,257756,106.0,6,235,0.085889,1.3219,True,False,wall,60.0,56.0,-10.0
3600,257821,80.0,4,65,0.08586,1.3363,True,False,body,40.0,50.0,-10.0
3601,257910,53.0,3,89,0.08582,1.2946,True,False,body,30.0,33.0,-10.0
3602,257990,40.0,3,80,0.085785,1.2296,True,False,body,30.0,20.0,-10.0
3603,258078,78.0,5,88,0.085745,1.2827,True,False,wall,50.0,38.0,-10.0
3604,258132,46.0,3,54,0.085721,1.3505,True,False,body,30.0,26.0,-10.0
3605,258262,108.0,5,130,0.085663,1.2306,True,False,body,50.0,68.0,-10.0
3606,258319,43.0,3,57,0.085638,1.2934,True,False,body,30.0,23.0,-10.0
3607,258424,70.0,4,105,0.085591,1.3206,True,False,wall,40.0,40.0,-10.0
3608,258464,49.0,4,40,0.085573,1.2062,True,False,wall,40.0,19.0,-10.0
3609,258490,29.0,2,26,0.085562,1.3313,True,False,wall,20.0,19.0,-10.0
3610,258537,59.0,3,47,0.085541,1.2511,True,False,wall,30.0,39.0,-10.0
3611,258728,27.0,3,191,0.085456,1.3988,True,False,body,30.0,7.0,-10.0
3612,258804,63.0,4,76,0.085422,1.2999,True,False,body,40.0,33.0,-10.0
3613,258823,15.0,1,19,0.085414,1.2494,True,False,wall,10.0,15.0,-10.0
3614,258867,44.0,3,44,0.085395,1.2974,True,False,body,30.0,24.0,-10.0
3615,258986,57.0,3,119,0.085342,1.3078,True,False,body,30.0,37.0,-10.0
3616,259049,62.0,4,63,0.085314,1.3895,True,False,body,40.0,32.0,-10.0
3617,259183,64.0,5,134,0.085255,1.2417,True,False,body,50.0,24.0,-10.0
3618,259255,88.0,5,72,0.085223,1.1904,True,False,body,50.0,48.0,-10.0
3619,259520,70.0,4,265,0.085107,1.2679,True,False,body,40.0,40.0,-10.0
3620,259719,112.0,6,199,0.08502,1.3647,True,False,wall,60.0,62.0,-10.0
3621,259791,75.0,6,72,0.084988,1.1824,True,False,wall,60.0,25.0,-10.0
3622,259838,13.0,1,47,0.084968,1.2372,True,False,wall,10.0,13.0,-10.0
3623,259900,38.0,3,62,0.08494,1.3855,True,False,body,30.0,18.0,-10.0
3624,260105,102.0,6,205,0.084851,1.2465,True,False,wall,60.0,52.0,-10.0
3625,260189,80.0,5,84,0.084814,1.3054,True,False,body,50.0,40.0,-10.0
3626,260281,78.0,5,92,0.084774,1.452,True,False,body,50.0,38.0,-10.0
3627,260342,60.0,4,61,0.084748,1.3234,True,False,body,40.0,30.0,-10.0
3628,260450,99.0,6,108,0.084701,1.2246,True,False,body,60.0,49.0,-10.0
3629,260552,77.0,4,102,0.084657,1.3863,True,False,body,40.0,47.0,-10.0
3630,260574,30.0,3,22,0.084647,1.342,True,False,body,30.0,10.0,-10.0
3631,260604,-5.0,0,30,0.084634,1.2003,True,False,wall,0.0,5.0,-10.0
3632,260689,75.0,5,85,0.084598,1.325,True,False,body,50.0,35.0,-10.0
3633,260762,51.0,3,73,0.084566,1.3316,True,False,body,30.0,31.0,-10.0
3634,260806,54.0,3,44,0.084547,1.282,True,False,wall,30.0,34.0,-10.0
3635,260896,66.0,3,90,0.084508,1.2466,True,False,body,30.0,46.0,-10.0
3636,260964,52.0,3,68,0.084479,1.3055,True,False,body,30.0,32.0,-10.0
3637,261002,42.0,3,38,0.084462,1.2268,True,False,body,30.0,22.0,-10.0
3638,261073,54.0,4,71,0.084432,1.3078,True,False,body,40.0,24.0,-10.0
3639,261153,29.0,2,80,0.084397,1.2648,True,False,wall,20.0,19.0,-10.0
3640,261193,37.0,2,40,0.08438,1.3189,True,False,wall,20.0,27.0,-10.0
3641,261339,124.0,7,146,0.084318,1.4221,True,False,wall,70.0,64.0,-10.0
3642,261361,34.0,3,22,0.084308,1.2164,True,False,body,30.0,14.0,-10.0
3643,261403,46.0,3,42,0.08429,1.386,True,False,wall,30.0,26.0,-10.0
3644,261463,35.0,2,60,0.084264,1.401,True,False,wall,20.0,25.0,-10.0
3645,261564,88.0,4,101,0.084221,1.3878,True,False,wall,40.0,58.0,-10.0
3646,261805,154.0,6,241,0.084118,1.271,True,False,body,60.0,104.0,-10.0
3647,261876,61.0,3,71,0.084088,1.3075,True,False,wall,30.0,41.0,-10.0
3648,261912,46.0,3,36,0.084073,1.2386,True,False,body,30.0,26.0,-10.0
3649,261978,36.0,3,66,0.084045,1.1945,True,False,body,30.0,16.0,-10.0
3650,262033,-6.0,0,55,0.084021,1.3396,True,False,wall,0.0,4.0,-10.0
3651,262113,72.0,5,80,0.083987,1.2381,True,False,wall,50.0,32.0,-10.0
3652,262298,155.0,7,185,0.083909,1.2982,True,False,body,70.0,95.0,-10.0
3653,262408,57.0,4,110,0.083862,1.3812,True,False,body,40.0,27.0,-10.0
3654,262530,84.0,5,122,0.08381,1.3714,True,False,body,50.0,44.0,-10.0
3655,262585,35.0,3,55,0.083787,1.2992,True,False,body,30.0,15.0,-10.0
3656,262648,45.0,3,63,0.083761,1.34,True,False,body,30.0,25.0,-10.0
3657,262764,59.0,4,116,0.083712,1.2309,True,False,body,40.0,29.0,-10.0
3658,262794,38.0,3,30,0.083699,1.3036,True,False,body,30.0,18.0,-10.0
3659,262911,85.0,5,117,0.08365,1.2853,True,False,body,50.0,45.0,-10.0
3660,263092,100.0,6,181,0.083574,1.2738,True,False,body,60.0,50.0,-10.0
3661,263139,-4.0,0,47,0.083554,1.3147,True,False,wall,0.0,6.0,-10.0
3662,263284,76.0,4,145,0.083493,1.3079,True,False,wall,40.0,46.0,-10.0
3663,263353,35.0,3,69,0.083464,1.2342,True,False,body,30.0,15.0,-10.0
3664,263465,71.0,4,112,0.083418,1.2395,True,False,wall,40.0,41.0,-10.0
3665,263754,81.0,5,289,0.083297,1.2838,True,False,body,50.0,41.0,-10.0
3666,263912,110.0,7,158,0.083231,1.3485,True,False,body,70.0,50.0,-10.0
3667,263985,77.0,5,73,0.083201,1.2572,True,False,wall,50.0,37.0,-10.0
3668,264062,60.0,4,77,0.083169,1.3163,True,False,body,40.0,30.0,-10.0
3669,264128,55.0,4,66,0.083142,1.4274,True,False,body,40.0,25.0,-10.0
3670,264242,61.0,4,114,0.083095,1.5157,True,False,body,40.0,31.0,-10.0
3671,264257,13.0,1,15,0.083088,1.4432,True,False,wall,10.0,13.0,-10.0
3672,264356,98.0,6,99,0.083047,1.3782,True,False,body,60.0,48.0,-10.0
3673,264461,91.0,5,105,0.083004,1.3038,True,False,body,50.0,51.0,-10.0
3674,264633,83.0,4,172,0.082933,1.3907,True,False,wall,40.0,53.0,-10.0
3675,264653,1.0,0,20,0.082925,1.3645,True,False,wall,0.0,11.0,-10.0
3676,264668,9.0,1,15,0.082919,1.3842,True,False,wall,10.0,9.0,-10.0
3677,264759,87.0,3,91,0.082881,1.2967,True,False,body,30.0,67.0,-10.0
3678,264929,68.0,5,170,0.082812,1.2913,True,False,body,50.0,28.0,-10.0
3679,265094,106.0,6,165,0.082744,1.3507,True,False,wall,60.0,56.0,-10.0
3680,265217,103.0,5,123,0.082694,1.3123,True,False,body,50.0,63.0,-10.0
3681,265373,104.0,5,156,0.08263,1.3123,True,False,body,50.0,64.0,-10.0
3682,265417,48.0,3,44,0.082612,1.3819,True,False,body,30.0,28.0,-10.0
3683,265533,69.0,4,116,0.082565,1.4082,True,False,body,40.0,39.0,-10.0
3684,265686,79.0,5,153,0.082503,1.3542,True,False,body,50.0,39.0,-10.0
3685,265804,48.0,3,118,0.082455,1.3475,True,False,body,30.0,28.0,-10.0
3686,266057,111.0,5,253,0.082352,1.3361,True,False,body,50.0,71.0,-10.0
3687,266109,52.0,3,52,0.082331,1.3535,True,False,body,30.0,32.0,-10.0
3688,266223,53.0,4,114,0.082285,1.3112,True,False,body,40.0,23.0,-10.0
3689,266287,60.0,3,64,0.082259,1.2263,True,False,body,30.0,40.0,-10.0
3690,266332,47.0,3,45,0.082241,1.3334,True,False,body,30.0,27.0,-10.0
3691,266353,15.0,1,21,0.082233,1.3483,True,False,wall,10.0,15.0,-10.0
3692,266487,56.0,3,134,0.082179,1.3471,True,False,wall,30.0,36.0,-10.0
3693,266554,53.0,3,67,0.082152,1.2298,True,False,body,30.0,33.0,-10.0
3694,266632,44.0,3,78,0.082121,1.2508,True,False,body,30.0,24.0,-10.0
3695,266722,92.0,5,90,0.082084,1.2989,True,False,body,50.0,52.0,-10.0
3696,266754,31.0,2,32,0.082072,1.573,True,False,wall,20.0,21.0,-10.0
3697,266837,63.0,3,83,0.082038,1.2802,True,False,body,30.0,43.0,-10.0
3698,266920,46.0,4,83,0.082005,1.5682,True,False,body,40.0,16.0,-10.0
3699,267127,118.0,6,207,0.081922,1.4096,True,False,body,60.0,68.0,-10.0
3700,267205,73.0,4,78,0.081891,1.3391,True,False,wall,40.0,43.0,-10.0
3701,267239,44.0,3,34,0.081878,1.2801,True,False,wall,30.0,24.0,-10.0
3702,267257,19.0,2,18,0.081871,1.2641,True,False,wall,20.0,9.0,-10.0
3703,267292,15.0,1,35,0.081857,1.425,True,False,wall,10.0,15.0,-10.0
3704,267338,-5.0,0,46,0.081838,1.3364,True,False,wall,0.0,5.0,-10.0
3705,267359,9.0,1,21,0.08183,1.2064,True,False,wall,10.0,9.0,-10.0
3706,267537,82.0,5,178,0.081759,1.296,True,False,wall,50.0,42.0,-10.0
3707,267582,33.0,3,45,0.081741,1.5166,True,False,body,30.0,13.0,-10.0
3708,267765,94.0,6,183,0.081669,1.4032,True,False,body,60.0,44.0,-10.0
3709,267850,39.0,3,85,0.081635,1.2603,True,False,body,30.0,19.0,-10.0
3710,267903,43.0,3,53,0.081614,1.3047,True,False,body,30.0,23.0,-10.0
3711,267978,58.0,4,75,0.081585,1.2261,True,False,body,40.0,28.0,-10.0
3712,268024,31.0,2,46,0.081566,1.1698,True,False,wall,20.0,21.0,-10.0
3713,268154,67.0,4,130,0.081515,1.307,True,False,wall,40.0,37.0,-10.0
3714,268226,58.0,3,72,0.081487,1.312,True,False,body,30.0,38.0,-10.0
3715,268317,59.0,3,91,0.081451,1.362,True,False,body,30.0,39.0,-10.0
3716,268486,98.0,6,169,0.081385,1.4212,True,False,body,60.0,48.0,-10.0
3717,268620,87.0,4,134,0.081332,1.346,True,False,wall,40.0,57.0,-10.0
3718,268796,99.0,6,176,0.081263,1.3068,True,False,wall,60.0,49.0,-10.0
3719,268806,8.0,1,10,0.081259,1.1442,True,False,wall,10.0,8.0,-10.0
3720,268886,40.0,3,80,0.081228,1.3434,True,False,body,30.0,20.0,-10.0
3721,268921,30.0,2,35,0.081214,1.4325,True,False,wall,20.0,20.0,-10.0
3722,268948,33.0,3,27,0.081204,1.5202,True,False,wall,30.0,13.0,-10.0
3723,269082,80.0,5,134,0.081152,1.3848,True,False,wall,50.0,40.0,-10.0
3724,269239,90.0,6,157,0.081091,1.282,True,False,body,60.0,40.0,-10.0
3725,269382,98.0,6,143,0.081035,1.3815,True,False,body,60.0,48.0,-10.0
3726,269446,56.0,3,64,0.08101,1.4004,True,False,body,30.0,36.0,-10.0
3727,269508,42.0,3,62,0.080986,1.3511,True,False,body,30.0,22.0,-10.0
3728,269554,28.0,3,46,0.080968,1.262,True,False,body,30.0,8.0,-10.0
3729,269630,46.0,3,76,0.080939,1.3802,True,False,body,30.0,26.0,-10.0
3730,269687,53.0,3,57,0.080917,1.3978,True,False,body,30.0,33.0,-10.0
3731,269751,56.0,3,64,0.080892,1.3825,True,False,body,30.0,36.0,-10.0
3732,269806,21.0,1,55,0.080871,1.4634,True,False,wall,10.0,21.0,-10.0
3733,269837,26.0,2,31,0.080859,1.2824,True,False,wall,20.0,16.0,-10.0
3734,269993,63.0,4,156,0.080799,1.4552,True,False,body,40.0,33.0,-10.0
3735,270064,65.0,3,71,0.080772,1.3806,True,False,body,30.0,45.0,-10.0
3736,270158,48.0,3,94,0.080736,1.4103,True,False,body,30.0,28.0,-10.0
3737,270345,129.0,7,187,0.080664,1.3286,True,False,body,70.0,69.0,-10.0
3738,270422,85.0,5,77,0.080634,1.3623,True,False,wall,50.0,45.0,-10.0
3739,270543,84.0,4,121,0.080588,1.4251,True,False,body,40.0,54.0,-10.0
3740,270601,58.0,3,58,0.080566,1.4286,True,False,body,30.0,38.0,-10.0
3741,270668,41.0,3,67,0.08054,1.4801,True,False,body,30.0,21.0,-10.0
3742,270749,55.0,3,81,0.080509,1.3617,True,False,body,30.0,35.0,-10.0
3743,270781,10.0,1,32,0.080497,1.4495,True,False,wall,10.0,10.0,-10.0
3744,270907,94.0,5,126,0.080449,1.3752,True,False,wall,50.0,54.0,-10.0
3745,271081,96.0,5,174,0.080383,1.2985,True,False,body,50.0,56.0,-10.0
3746,271161,58.0,3,80,0.080353,1.4329,True,False,body,30.0,38.0,-10.0
3747,271303,79.0,4,142,0.080299,1.3444,True,False,body,40.0,49.0,-10.0
3748,271387,42.0,3,84,0.080267,1.3107,True,False,wall,30.0,22.0,-10.0
3749,271474,68.0,4,87,0.080234,1.3278,True,False,body,40.0,38.0,-10.0
3750,271549,70.0,4,75,0.080206,1.4608,True,False,body,40.0,40.0,-10.0
3751,271610,59.0,3,61,0.080183,1.2766,True,False,wall,30.0,39.0,-10.0
3752,271677,65.0,3,67,0.080157,1.3932,True,False,body,30.0,45.0,-10.0
3753,271713,30.0,3,36,0.080144,1.2996,True,False,body,30.0,10.0,-10.0
3754,271805,96.0,5,92,0.080109,1.378,True,False,body,50.0,56.0,-10.0
3755,271867,36.0,3,62,0.080086,1.3976,True,False,wall,30.0,16.0,-10.0
3756,271942,83.0,5,75,0.080058,1.344,True,False,body,50.0,43.0,-10.0
3757,272033,92.0,4,91,0.080024,1.4379,True,False,body,40.0,62.0,-10.0
3758,272243,102.0,5,210,0.079945,1.4651,True,False,body,50.0,62.0,-10.0
3759,272439,89.0,6,196,0.079872,1.3505,True,False,body,60.0,39.0,-10.0
3760,272508,57.0,3,69,0.079846,1.4628,True,False,wall,30.0,37.0,-10.0
3761,272599,81.0,5,91,0.079812,1.3785,True,False,body,50.0,41.0,-10.0
3762,272682,41.0,3,83,0.079781,1.4797,True,False,body,30.0,21.0,-10.0
3763,272708,21.0,2,26,0.079771,1.417,True,False,wall,20.0,11.0,-10.0
3764,272772,36.0,3,64,0.079747,1.3242,True,False,body,30.0,16.0,-10.0
3765,273009,134.0,6,237,0.079659,1.3853,True,False,body,60.0,84.0,-10.0
3766,273121,91.0,6,112,0.079618,1.4916,True,False,wall,60.0,41.0,-10.0
3767,273190,55.0,3,69,0.079592,1.4301,True,False,body,30.0,35.0,-10.0
3768,273278,58.0,3,88,0.07956,1.527,True,False,body,30.0,38.0,-10.0
3769,273400,46.0,3,122,0.079515,1.3984,True,False,body,30.0,26.0,-10.0
3770,273504,73.0,4,104,0.079477,1.3369,True,False,body,40.0,43.0,-10.0
3771,273649,53.0,3,145,0.079423,1.3236,True,False,body,30.0,33.0,-10.0
3772,273754,90.0,4,105,0.079385,1.38,True,False,body,40.0,60.0,-10.0
3773,273906,118.0,7,152,0.079329,1.3973,True,False,body,70.0,58.0,-10.0
3774,273964,75.0,4,58,0.079308,1.5258,True,False,body,40.0,45.0,-10.0
3775,274049,51.0,3,85,0.079276,1.3397,True,False,wall,30.0,31.0,-10.0
3776,274065,10.0,1,16,0.079271,1.1328,True,False,wall,10.0,10.0,-10.0
3777,274082,2.0,0,17,0.079264,1.4304,True,False,wall,0.0,12.0,-10.0
3778,274149,58.0,4,67,0.07924,1.3039,True,False,body,40.0,28.0,-10.0
3779,274202,66.0,4,53,0.07922,1.4129,True,False,body,40.0,36.0,-10.0
3780,274270,38.0,3,68,0.079196,1.4879,True,False,body,30.0,18.0,-10.0
3781,274490,86.0,5,220,0.079115,1.4791,True,False,body,50.0,46.0,-10.0
3782,274546,39.0,2,56,0.079095,1.2846,True,False,wall,20.0,29.0,-10.0
3783,274679,75.0,5,133,0.079047,1.3834,True,False,wall,50.0,35.0,-10.0
3784,274750,54.0,4,71,0.079021,1.4031,True,False,body,40.0,24.0,-10.0
3785,274770,-1.0,0,20,0.079014,1.3944,True,False,wall,0.0,9.0,-10.0
3786,274958,154.0,7,188,0.078946,1.5223,True,False,body,70.0,94.0,-10.0
3787,275029,85.0,5,71,0.07892,1.3531,True,False,wall,50.0,45.0,-10.0
3788,275045,10.0,1,16,0.078914,1.2429,True,False,wall,10.0,10.0,-10.0
3789,275171,96.0,5,126,0.078869,1.322,True,False,body,50.0,56.0,-10.0
3790,275206,46.0,4,35,0.078856,1.4492,True,False,body,40.0,16.0,-10.0
3791,275249,38.0,2,43,0.078841,1.4612,True,False,wall,20.0,28.0,-10.0
3792,275357,99.0,6,108,0.078802,1.3684,True,False,body,60.0,49.0,-10.0
3793,275377,28.0,3,20,0.078794,1.8087,True,False,body,30.0,8.0,-10.0
3794,275471,86.0,5,94,0.078761,1.4395,True,False,body,50.0,46.0,-10.0
3795,275551,41.0,2,80,0.078732,1.4357,True,False,wall,20.0,31.0,-10.0
3796,275736,79.0,5,185,0.078666,1.4213,True,False,body,50.0,39.0,-10.0
3797,275902,84.0,5,166,0.078606,1.3742,True,False,body,50.0,44.0,-10.0
3798,276177,58.0,4,275,0.078508,1.3055,True,False,body,40.0,28.0,-10.0
3799,276325,120.0,7,148,0.078455,1.3976,True,False,body,70.0,60.0,-10.0
3800,276520,84.0,6,195,0.078386,1.4006,True,False,body,60.0,34.0,-10.0
3801,276635,43.0,3,115,0.078345,1.3497,True,False,body,30.0,23.0,-10.0
3802,276840,97.0,7,205,0.078273,1.3852,True,False,body,70.0,37.0,-10.0
3803,276892,61.0,4,52,0.078254,1.3177,True,False,body,40.0,31.0,-10.0
3804,276983,45.0,3,91,0.078222,1.4607,True,False,body,30.0,25.0,-10.0
3805,277036,72.0,4,53,0.078203,1.5462,True,False,wall,40.0,42.0,-10.0
3806,277160,102.0,5,124,0.07816,1.509,True,False,body,50.0,62.0,-10.0
3807,277249,39.0,3,89,0.078128,1.3675,True,False,body,30.0,19.0,-10.0
3808,277307,36.0,3,58,0.078108,1.4089,True,False,body,30.0,16.0,-10.0
3809,277392,80.0,4,85,0.078078,1.3572,True,False,body,40.0,50.0,-10.0
3810,277555,65.0,5,163,0.078021,1.4139,True,False,body,50.0,25.0,-10.0
3811,277706,98.0,6,151,0.077968,1.4018,True,False,wall,60.0,48.0,-10.0
3812,277746,44.0,3,40,0.077954,1.404,True,False,body,30.0,24.0,-10.0
3813,277887,122.0,6,141,0.077905,1.4438,True,False,body,60.0,72.0,-10.0
3814,277916,26.0,2,29,0.077895,1.5301,True,False,wall,20.0,16.0,-10.0
3815,277966,29.0,2,50,0.077877,1.3661,True,False,wall,20.0,19.0,-10.0
3816,278022,48.0,3,56,0.077858,1.4614,True,False,body,30.0,28.0,-10.0
3817,278201,100.0,6,179,0.077796,1.4182,True,False,body,60.0,50.0,-10.0
3818,278272,39.0,3,71,0.077771,1.364,True,False,body,30.0,19.0,-10.0
3819,278454,101.0,8,182,0.077708,1.3978,True,False,body,80.0,31.0,-10.0
3820,278597,85.0,5,143,0.077658,1.3894,True,False,body,50.0,45.0,-10.0
3821,278680,88.0,4,83,0.07763,1.3189,True,False,body,40.0,58.0,-10.0
3822,278906,127.0,6,226,0.077552,1.3706,True,False,body,60.0,77.0,-10.0
3823,278958,44.0,3,52,0.077534,1.2751,True,False,body,30.0,24.0,-10.0
3824,279004,23.0,2,46,0.077518,1.5532,True,False,wall,20.0,13.0,-10.0
3825,279048,50.0,3,44,0.077503,1.3302,True,False,wall,30.0,30.0,-10.0
3826,279126,78.0,5,78,0.077476,1.3213,True,False,wall,50.0,38.0,-10.0
3827,279172,-7.0,0,46,0.07746,1.3131,True,False,wall,0.0,3.0,-10.0
3828,279233,29.0,1,61,0.077439,1.3715,True,False,wall,10.0,29.0,-10.0
3829,279371,57.0,4,138,0.077392,1.3427,True,False,body,40.0,27.0,-10.0
3830,279574,96.0,6,203,0.077323,1.3447,True,False,body,60.0,46.0,-10.0
3831,279633,55.0,3,59,0.077303,1.2571,True,False,wall,30.0,35.0,-10.0
3832,279763,78.0,5,130,0.077258,1.3421,True,False,wall,50.0,38.0,-10.0
3833,279875,42.0,3,112,0.07722,1.3581,True,False,body,30.0,22.0,-10.0
3834,279938,41.0,3,63,0.077199,1.3473,True,False,body,30.0,21.0,-10.0
3835,279961,28.0,2,23,0.077191,1.3929,True,False,wall,20.0,18.0,-10.0
3836,279979,10.0,1,18,0.077185,1.3879,True,False,wall,10.0,10.0,-10.0
3837,279998,9.0,1,19,0.077178,1.4529,True,False,wall,10.0,9.0,-10.0
3838,280043,15.0,1,45,0.077163,1.315,True,False,wall,10.0,15.0,-10.0
3839,280128,46.0,2,85,0.077134,1.3641,True,False,wall,20.0,36.0,-10.0
3840,280215,53.0,3,87,0.077105,1.3893,True,False,body,30.0,33.0,-10.0
3841,280440,90.0,6,225,0.077029,1.4065,True,False,wall,60.0,40.0,-10.0
3842,280510,36.0,3,70,0.077005,1.3715,True,False,body,30.0,16.0,-10.0
3843,280575,53.0,3,65,0.076983,1.2537,True,False,body,30.0,33.0,-10.0
3844,280641,64.0,3,66,0.076961,1.5162,True,False,body,30.0,44.0,-10.0
3845,280669,42.0,3,28,0.076951,1.2931,True,False,body,30.0,22.0,-10.0
3846,280728,49.0,3,59,0.076931,1.4883,True,False,body,30.0,29.0,-10.0
3847,280774,48.0,3,46,0.076916,1.4491,True,False,body,30.0,28.0,-10.0
3848,280857,72.0,4,83,0.076888,1.2889,True,False,wall,40.0,42.0,-10.0
3849,280909,48.0,3,52,0.076871,1.4087,True,False,wall,30.0,28.0,-10.0
3850,280971,46.0,3,62,0.07685,1.5448,True,False,wall,30.0,26.0,-10.0
3851,281020,45.0,3,49,0.076833,1.3635,True,False,body,30.0,25.0,-10.0
3852,281124,74.0,3,104,0.076798,1.471,True,False,wall,30.0,54.0,-10.0
3853,281157,35.0,3,33,0.076787,1.2868,True,False,body,30.0,15.0,-10.0
3854,281220,36.0,2,63,0.076766,1.4673,True,False,wall,20.0,26.0,-10.0
3855,281307,85.0,5,87,0.076737,1.5854,True,False,wall,50.0,45.0,-10.0
3856,281497,64.0,5,190,0.076674,1.3682,True,False,wall,50.0,24.0,-10.0
3857,281521,20.0,1,24,0.076666,1.2648,True,False,wall,10.0,20.0,-10.0
3858,281558,-14.0,0,37,0.076653,1.3838,True,False,wall,0.0,-4.0,-10.0
3859,281604,48.0,3,46,0.076638,1.367,True,False,body,30.0,28.0,-10.0
3860,281821,152.0,8,217,0.076566,1.3831,True,False,body,80.0,82.0,-10.0
3861,281854,41.0,3,33,0.076555,1.4147,True,False,body,30.0,21.0,-10.0
3862,282056,123.0,8,202,0.076488,1.3869,True,False,body,80.0,53.0,-10.0
3863,282196,79.0,6,140,0.076442,1.3756,True,False,body,60.0,29.0,-10.0
3864,282257,38.0,2,61,0.076422,1.3383,True,False,wall,20.0,28.0,-10.0
3865,282302,57.0,3,45,0.076407,1.5082,True,False,wall,30.0,37.0,-10.0
3866,282458,119.0,6,156,0.076355,1.479,True,False,body,60.0,69.0,-10.0
3867,282625,80.0,4,167,0.0763,1.3489,True,False,wall,40.0,50.0,-10.0
3868,282759,67.0,4,134,0.076256,1.3658,True,False,body,40.0,37.0,-10.0
3869,282813,36.0,3,54,0.076239,1.4294,True,False,body,30.0,16.0,-10.0
3870,282893,59.0,4,80,0.076212,1.3458,True,False,body,40.0,29.0,-10.0
3871,282949,59.0,4,56,0.076194,1.4681,True,False,body,40.0,29.0,-10.0
3872,282977,38.0,3,28,0.076185,1.4731,True,False,body,30.0,18.0,-10.0
3873,283043,55.0,4,66,0.076163,1.366,True,False,wall,40.0,25.0,-10.0
3874,283138,74.0,4,95,0.076132,1.3084,True,False,body,40.0,44.0,-10.0
3875,283224,47.0,4,86,0.076104,1.3313,True,False,body,40.0,17.0,-10.0
3876,283327,83.0,5,103,0.076071,1.3475,True,False,body,50.0,43.0,-10.0
3877,283391,76.0,5,64,0.07605,1.3916,True,False,body,50.0,36.0,-10.0
3878,283450,60.0,4,59,0.076031,1.4401,True,False,body,40.0,30.0,-10.0
3879,283555,83.0,5,105,0.075996,1.3778,True,False,body,50.0,43.0,-10.0
3880,283648,66.0,4,93,0.075966,1.4863,True,False,wall,40.0,36.0,-10.0
3881,283720,54.0,3,72,0.075943,1.459,True,False,body,30.0,34.0,-10.0
3882,283821,57.0,3,101,0.07591,1.5131,True,False,body,30.0,37.0,-10.0
3883,284002,111.0,7,181,0.075852,1.4539,True,False,body,70.0,51.0,-10.0
3884,284078,36.0,3,76,0.075827,1.4405,True,False,body,30.0,16.0,-10.0
3885,284181,73.0,5,103,0.075794,1.4293,True,False,wall,50.0,33.0,-10.0
3886,284277,66.0,3,96,0.075763,1.3391,True,False,wall,30.0,46.0,-10.0
3887,284332,51.0,3,55,0.075745,1.4389,True,False,body,30.0,31.0,-10.0
3888,284435,67.0,5,103,0.075712,1.4841,True,False,body,50.0,27.0,-10.0
3889,284598,123.0,7,163,0.07566,1.332,True,False,body,70.0,63.0,-10.0
3890,284689,66.0,4,91,0.07563,1.3443,True,False,body,40.0,36.0,-10.0
3891,284841,106.0,7,152,0.075582,1.3796,True,False,body,70.0,46.0,-10.0
3892,284862,20.0,2,21,0.075575,1.3661,True,False,wall,20.0,10.0,-10.0
3893,284915,51.0,3,53,0.075558,1.3797,True,False,wall,30.0,31.0,-10.0
3894,284956,56.0,4,41,0.075545,1.2884,True,False,wall,40.0,26.0,-10.0
3895,284986,31.0,2,30,0.075536,1.5272,True,False,wall,20.0,21.0,-10.0
3896,285021,39.0,3,35,0.075524,1.4402,True,False,body,30.0,19.0,-10.0
3897,285189,58.0,3,168,0.075471,1.3787,True,False,body,30.0,38.0,-10.0
3898,285283,77.0,4,94,0.075441,1.3518,True,False,body,40.0,47.0,-10.0
3899,285354,70.0,4,71,0.075418,1.3028,True,False,body,40.0,40.0,-10.0
3900,285456,14.0,1,102,0.075386,1.3127,True,False,wall,10.0,14.0,-10.0
3901,285514,49.0,4,58,0.075368,1.3163,True,False,body,40.0,19.0,-10.0
3902,285573,9.0,1,59,0.075349,1.3969,True,False,wall,10.0,9.0,-10.0
3903,285639,62.0,3,66,0.075328,1.3477,True,False,body,30.0,42.0,-10.0
3904,285696,29.0,3,57,0.07531,1.3036,True,False,wall,30.0,9.0,-10.0
3905,285802,50.0,3,106,0.075276,1.3628,True,False,body,30.0,30.0,-10.0
3906,285881,94.0,6,79,0.075251,1.3433,True,False,wall,60.0,44.0,-10.0
3907,285951,52.0,3,70,0.075229,1.2916,True,False,body,30.0,32.0,-10.0
3908,286104,106.0,6,153,0.075181,1.4094,True,False,body,60.0,56.0,-10.0
3909,286132,20.0,1,28,0.075172,1.3095,True,False,wall,10.0,20.0,-10.0
3910,286278,92.0,5,146,0.075126,1.4735,True,False,body,50.0,52.0,-10.0
3911,286363,69.0,3,85,0.0751,1.4395,True,False,body,30.0,49.0,-10.0
3912,286432,55.0,3,69,0.075078,1.5046,True,False,body,30.0,35.0,-10.0
3913,286467,33.0,3,35,0.075067,1.5613,True,False,wall,30.0,13.0,-10.0
3914,286543,53.0,4,76,0.075043,1.4549,True,False,body,40.0,23.0,-10.0
3915,286607,53.0,4,64,0.075023,1.3226,True,False,body,40.0,23.0,-10.0
3916,286686,68.0,4,79,0.074999,1.3184,True,False,body,40.0,38.0,-10.0
3917,286792,44.0,3,106,0.074965,1.2933,True,False,body,30.0,24.0,-10.0
3918,286937,77.0,5,145,0.07492,1.3021,True,False,wall,50.0,37.0,-10.0
3919,287131,96.0,5,194,0.07486,1.434,True,False,body,50.0,56.0,-10.0
3920,287208,62.0,4,77,0.074836,1.4499,True,False,body,40.0,32.0,-10.0
3921,287450,137.0,8,242,0.074761,1.333,True,False,wall,80.0,67.0,-10.0
3922,287569,85.0,5,119,0.074724,1.365,True,False,wall,50.0,45.0,-10.0
3923,287642,78.0,4,73,0.074702,1.4341,True,False,body,40.0,48.0,-10.0
3924,287698,52.0,3,56,0.074684,1.3976,True,False,body,30.0,32.0,-10.0
3925,287822,66.0,3,124,0.074646,1.4564,True,False,body,30.0,46.0,-10.0
3926,287873,47.0,3,51,0.07463,1.5089,True,False,body,30.0,27.0,-10.0
3927,287977,78.0,5,104,0.074598,1.2963,True,False,body,50.0,38.0,-10.0
3928,288031,44.0,3,54,0.074582,1.4732,True,False,body,30.0,24.0,-10.0
3929,288078,-2.0,0,47,0.074567,1.3734,True,False,wall,0.0,8.0,-10.0
3930,288139,66.0,4,61,0.074549,1.4081,True,False,wall,40.0,36.0,-10.0
3931,288222,47.0,3,83,0.074523,1.4478,True,False,body,30.0,27.0,-10.0
3932,288298,49.0,2,76,0.0745,1.4868,True,False,wall,20.0,39.0,-10.0
3933,288619,118.0,6,321,0.074402,1.3658,True,False,body,60.0,68.0,-10.0
3934,288719,68.0,5,100,0.074371,1.4261,True,False,body,50.0,28.0,-10.0
3935,288798,74.0,4,79,0.074347,1.3843,True,False,body,40.0,44.0,-10.0
3936,288881,69.0,3,83,0.074322,1.487,True,False,body,30.0,49.0,-10.0
3937,288901,-3.0,0,20,0.074316,1.6131,True,False,wall,0.0,7.0,-10.0
3938,289005,70.0,5,104,0.074284,1.5669,True,False,body,50.0,30.0,-10.0
3939,289016,-2.0,0,11,0.074281,1.5261,True,False,wall,0.0,8.0,-10.0
3940,289093,67.0,5,77,0.074258,1.4454,True,False,body,50.0,27.0,-10.0
3941,289129,44.0,3,36,0.074247,1.6105,True,False,wall,30.0,24.0,-10.0
3942,289192,48.0,4,63,0.074228,1.3804,True,False,body,40.0,18.0,-10.0
3943,289236,36.0,3,44,0.074214,1.6148,True,False,body,30.0,16.0,-10.0
3944,289347,92.0,4,111,0.074181,1.4982,True,False,body,40.0,62.0,-10.0
3945,289470,71.0,5,123,0.074144,1.6099,True,False,body,50.0,31.0,-10.0
3946,289695,122.0,6,225,0.074076,1.4573,True,False,body,60.0,72.0,-10.0
3947,289785,69.0,4,90,0.074049,1.3939,True,False,wall,40.0,39.0,-10.0
3948,289848,49.0,3,63,0.07403,1.2814,True,False,wall,30.0,29.0,-10.0
3949,290020,86.0,5,172,0.073978,1.3237,True,False,body,50.0,46.0,-10.0
3950,290168,128.0,7,148,0.073934,1.5552,True,False,body,70.0,68.0,-10.0
3951,290285,57.0,3,117,0.073899,1.4103,True,False,wall,30.0,37.0,-10.0
3952,290354,49.0,3,69,0.073878,1.58,True,False,body,30.0,29.0,-10.0
3953,290407,49.0,3,53,0.073862,1.5066,True,False,wall,30.0,29.0,-10.0
3954,290538,63.0,3,131,0.073823,1.4882,True,False,body,30.0,43.0,-10.0
3955,290555,16.0,2,17,0.073818,1.6219,True,False,wall,20.0,6.0,-10.0
3956,290650,90.0,4,95,0.07379,1.3802,True,False,body,40.0,60.0,-10.0
3957,290710,54.0,3,60,0.073772,1.4215,True,False,body,30.0,34.0,-10.0
3958,290760,48.0,3,50,0.073757,1.39,True,False,body,30.0,28.0,-10.0
3959,290782,45.0,4,22,0.073751,1.2436,True,False,body,40.0,15.0,-10.0
3960,290825,54.0,4,43,0.073738,1.5142,True,False,wall,40.0,24.0,-10.0
3961,290913,69.0,4,88,0.073712,1.4193,True,False,body,40.0,39.0,-10.0
3962,291007,81.0,4,94,0.073684,1.4842,True,False,body,40.0,51.0,-10.0
3963,291073,33.0,2,66,0.073665,1.3061,True,False,wall,20.0,23.0,-10.0
3964,291121,46.0,3,48,0.07365,1.8412,True,False,body,30.0,26.0,-10.0
3965,291178,62.0,4,57,0.073634,1.3378,True,False,wall,40.0,32.0,-10.0
3966,291211,-10.0,0,33,0.073624,1.2865,True,False,wall,0.0,0.0,-10.0
3967,291286,63.0,3,75,0.073602,1.622,True,False,body,30.0,43.0,-10.0
3968,291339,48.0,4,53,0.073586,1.369,True,False,body,40.0,18.0,-10.0
3969,291400,59.0,5,61,0.073568,1.7329,True,False,body,50.0,19.0,-10.0
3970,291460,52.0,3,60,0.07355,1.3815,True,False,body,30.0,32.0,-10.0
3971,291547,61.0,3,87,0.073525,1.5962,True,False,body,30.0,41.0,-10.0
3972,291606,53.0,3,59,0.073508,1.4076,True,False,wall,30.0,33.0,-10.0
3973,291691,64.0,4,85,0.073483,1.3422,True,False,body,40.0,34.0,-10.0
3974,291827,86.0,5,136,0.073443,1.4641,True,False,body,50.0,46.0,-10.0
3975,291920,71.0,5,93,0.073415,1.4289,True,False,body,50.0,31.0,-10.0
3976,291938,-1.0,0,18,0.07341,1.2287,True,False,wall,0.0,9.0,-10.0
3977,291959,-8.0,0,21,0.073404,1.3946,True,False,wall,0.0,2.0,-10.0
3978,292024,65.0,3,65,0.073385,1.3451,True,False,body,30.0,45.0,-10.0
3979,292086,51.0,4,62,0.073367,1.4879,True,False,body,40.0,21.0,-10.0
3980,292187,87.0,5,101,0.073337,1.3017,True,False,body,50.0,47.0,-10.0
3981,292245,40.0,3,58,0.07332,1.46,True,False,body,30.0,20.0,-10.0
3982,292389,70.0,5,144,0.073279,1.4432,True,False,wall,50.0,30.0,-10.0
3983,292523,107.0,4,134,0.07324,1.4257,True,False,body,40.0,77.0,-10.0
3984,292717,74.0,5,194,0.073183,1.3552,True,False,body,50.0,34.0,-10.0
3985,292755,35.0,2,38,0.073172,1.3416,True,False,wall,20.0,25.0,-10.0
3986,292813,36.0,3,58,0.073155,1.3923,True,False,body,30.0,16.0,-10.0
3987,292873,50.0,3,60,0.073138,1.454,True,False,body,30.0,30.0,-10.0
3988,293030,114.0,6,157,0.073093,1.3747,True,False,wall,60.0,64.0,-10.0
3989,293098,69.0,4,68,0.073073,1.396,True,False,wall,40.0,39.0,-10.0
3990,293145,47.0,3,47,0.07306,1.4608,True,False,body,30.0,27.0,-10.0
3991,293356,139.0,7,211,0.072999,1.4056,True,False,body,70.0,79.0,-10.0
3992,293450,65.0,4,94,0.072972,1.4121,True,False,body,40.0,35.0,-10.0
3993,293522,56.0,3,72,0.072951,1.3451,True,False,body,30.0,36.0,-10.0
3994,293585,57.0,3,63,0.072933,1.6259,True,False,body,30.0,37.0,-10.0
3995,293604,20.0,2,19,0.072928,1.4956,True,False,wall,20.0,10.0,-10.0
3996,293904,154.0,7,300,0.072842,1.4743,True,False,body,70.0,94.0,-10.0
3997,293958,60.0,3,54,0.072826,1.4097,True,False,body,30.0,40.0,-10.0
3998,294017,56.0,4,59,0.07281,1.4261,True,False,body,40.0,26.0,-10.0
3999,294108,77.0,5,91,0.072784,1.3808,True,False,wall,50.0,37.0,-10.0
4000,294296,100.0,7,188,0.07273,1.4774,True,False,wall,70.0,40.0,-10.0
4001,294379,71.0,5,83,0.072707,1.5697,True,False,wall,50.0,31.0,-10.0
4002,294449,57.0,4,70,0.072687,1.382,True,False,body,40.0,27.0,-10.0
4003,294597,76.0,5,148,0.072645,1.3724,True,False,body,50.0,36.0,-10.0
4004,294721,106.0,5,124,0.07261,1.4136,True,False,body,50.0,66.0,-10.0
4005,294809,82.0,5,88,0.072585,1.3711,True,False,body,50.0,42.0,-10.0
4006,294928,58.0,4,119,0.072551,1.4336,True,False,body,40.0,28.0,-10.0
4007,295042,94.0,7,114,0.072519,1.4393,True,False,body,70.0,34.0,-10.0
4008,295077,36.0,2,35,0.072509,1.394,True,False,wall,20.0,26.0,-10.0
4009,295132,39.0,3,55,0.072494,1.2982,True,False,body,30.0,19.0,-10.0
4010,295202,78.0,5,70,0.072474,1.4593,True,False,body,50.0,38.0,-10.0
4011,295266,88.0,5,64,0.072456,1.4557,True,False,body,50.0,48.0,-10.0
4012,295374,92.0,5,108,0.072426,1.495,True,False,body,50.0,52.0,-10.0
4013,295439,70.0,4,65,0.072408,1.391,True,False,body,40.0,40.0,-10.0
4014,295592,93.0,5,153,0.072365,1.3766,True,False,body,50.0,53.0,-10.0
4015,295714,108.0,5,122,0.072331,1.46,True,False,body,50.0,68.0,-10.0
4016,295784,44.0,3,70,0.072311,1.3917,True,False,body,30.0,24.0,-10.0
4017,295901,75.0,5,117,0.072279,1.3586,True,False,wall,50.0,35.0,-10.0
4018,295965,54.0,3,64,0.072261,1.6005,True,False,body,30.0,34.0,-10.0
4019,296031,61.0,4,66,0.072243,1.5226,True,False,wall,40.0,31.0,-10.0
4020,296072,54.0,4,41,0.072231,1.3461,True,False,body,40.0,24.0,-10.0
4021,296139,56.0,4,67,0.072213,1.3393,True,False,wall,40.0,26.0,-10.0
4022,296188,55.0,3,49,0.072199,1.4067,True,False,body,30.0,35.0,-10.0
4023,296242,56.0,3,54,0.072184,1.3618,True,False,body,30.0,36.0,-10.0
4024,296393,67.0,5,151,0.072142,1.3932,True,False,body,50.0,27.0,-10.0
4025,296480,84.0,4,87,0.072118,1.4164,True,False,body,40.0,54.0,-10.0
4026,296528,37.0,2,48,0.072105,1.3672,True,False,wall,20.0,27.0,-10.0
4027,296629,69.0,5,101,0.072077,1.4448,True,False,wall,50.0,29.0,-10.0
4028,296808,79.0,5,179,0.072028,1.3924,True,False,body,50.0,39.0,-10.0
4029,296910,73.0,4,102,0.072,1.5236,True,False,body,40.0,43.0,-10.0
4030,297055,76.0,4,145,0.07196,1.5316,True,False,body,40.0,46.0,-10.0
4031,297104,45.0,3,49,0.071946,1.3601,True,False,body,30.0,25.0,-10.0
4032,297200,77.0,4,96,0.07192,1.3226,True,False,body,40.0,47.0,-10.0
4033,297217,5.0,1,17,0.071915,1.4332,True,False,wall,10.0,5.0,-10.0
4034,297313,98.0,5,96,0.071889,1.4252,True,False,body,50.0,58.0,-10.0
4035,297398,66.0,4,85,0.071866,1.3295,True,False,body,40.0,36.0,-10.0
4036,297468,16.0,1,70,0.071847,1.4893,True,False,wall,10.0,16.0,-10.0
4037,297538,72.0,5,70,0.071827,1.3831,True,False,body,50.0,32.0,-10.0
4038,297698,129.0,6,160,0.071784,1.4609,True,False,wall,60.0,79.0,-10.0
4039,297734,10.0,1,36,0.071774,1.4573,True,False,wall,10.0,10.0,-10.0
4040,297776,26.0,1,42,0.071763,1.3778,True,False,wall,10.0,26.0,-10.0
4041,297839,35.0,3,63,0.071746,1.5374,True,False,wall,30.0,15.0,-10.0
4042,297994,133.0,7,155,0.071703,1.3637,True,False,body,70.0,73.0,-10.0
4043,298117,69.0,5,123,0.07167,1.3705,True,False,wall,50.0,29.0,-10.0
4044,298221,61.0,4,104,0.071642,1.3806,True,False,body,40.0,31.0,-10.0
4045,298247,16.0,1,26,0.071635,1.3641,True,False,wall,10.0,16.0,-10.0
4046,298291,46.0,3,44,0.071623,1.4196,True,False,body,30.0,26.0,-10.0
4047,298379,67.0,4,88,0.071599,1.3328,True,False,body,40.0,37.0,-10.0
4048,298412,41.0,3,33,0.07159,1.4927,True,False,body,30.0,21.0,-10.0
4049,298512,75.0,4,100,0.071563,1.5441,True,False,body,40.0,45.0,-10.0
4050,298533,27.0,3,21,0.071558,1.3226,True,False,body,30.0,7.0,-10.0
4051,298639,86.0,5,106,0.071529,1.4803,True,False,body,50.0,46.0,-10.0
4052,298726,26.0,2,87,0.071506,1.3681,True,False,wall,20.0,16.0,-10.0
4053,298779,51.0,3,53,0.071491,1.446,True,False,body,30.0,31.0,-10.0
4054,298807,14.0,1,28,0.071484,1.3199,True,False,wall,10.0,14.0,-10.0
4055,298843,52.0,3,36,0.071474,1.4134,True,False,body,30.0,32.0,-10.0
4056,298906,58.0,4,63,0.071457,1.3975,True,False,body,40.0,28.0,-10.0
4057,298939,9.0,1,33,0.071449,1.6285,True,False,wall,10.0,9.0,-10.0
4058,299092,113.0,7,153,0.071408,1.4711,True,False,body,70.0,53.0,-10.0
4059,299147,57.0,3,55,0.071393,1.344,True,False,body,30.0,37.0,-10.0
4060,299214,46.0,4,67,0.071375,1.4088,True,False,body,40.0,16.0,-10.0
4061,299361,79.0,5,147,0.071336,1.5145,True,False,body,50.0,39.0,-10.0
4062,299468,39.0,3,107,0.071307,1.436,True,False,body,30.0,19.0,-10.0
4063,299492,23.0,2,24,0.071301,1.4525,True,False,wall,20.0,13.0,-10.0
4064,299507,13.0,1,15,0.071297,1.4051,True,False,wall,10.0,13.0,-10.0
4065,299617,82.0,5,110,0.071268,1.3443,True,False,body,50.0,42.0,-10.0
4066,299690,77.0,5,73,0.071248,1.4005,True,False,body,50.0,37.0,-10.0
4067,299885,95.0,5,195,0.071196,1.4167,True,False,body,50.0,55.0,-10.0
4068,299981,88.0,5,96,0.071171,1.4565,True,False,body,50.0,48.0,-10.0
4069,300014,17.0,1,33,0.071162,1.4026,True,False,wall,10.0,17.0,-10.0
4070,300026,1.0,0,12,0.071159,1.3446,True,False,wall,0.0,11.0,-10.0
4071,300088,70.0,5,62,0.071143,1.3956,True,False,body,50.0,30.0,-10.0
4072,300115,9.0,1,27,0.071136,1.4221,True,False,wall,10.0,9.0,-10.0
4073,300203,74.0,5,88,0.071112,1.3627,True,False,body,50.0,34.0,-10.0
4074,300426,96.0,6,223,0.071054,1.3678,True,False,body,60.0,46.0,-10.0
4075,300582,101.0,6,156,0.071013,1.3871,True,False,body,60.0,51.0,-10.0
4076,300660,74.0,5,78,0.070992,1.4217,True,False,body,50.0,34.0,-10.0
4077,300734,84.0,7,74,0.070973,1.3386,True,False,body,70.0,24.0,-10.0
4078,300779,53.0,3,45,0.070961,1.5056,True,False,body,30.0,33.0,-10.0
4079,300795,10.0,1,16,0.070957,1.4806,True,False,wall,10.0,10.0,-10.0
4080,300903,86.0,5,108,0.070928,1.428,True,False,body,50.0,46.0,-10.0
4081,301079,95.0,6,176,0.070882,1.4398,True,False,wall,60.0,45.0,-10.0
4082,301267,132.0,7,188,0.070833,1.4694,True,False,body,70.0,72.0,-10.0
4083,301372,11.0,1,105,0.070806,1.4256,True,False,wall,10.0,11.0,-10.0
4084,301451,70.0,4,79,0.070786,1.3826,True,False,body,40.0,40.0,-10.0
4085,301480,31.0,3,29,0.070778,1.4225,True,False,body,30.0,11.0,-10.0
4086,301659,70.0,4,179,0.070732,1.4068,True,False,body,40.0,40.0,-10.0
4087,301734,35.0,3,75,0.070712,1.4355,True,False,body,30.0,15.0,-10.0
4088,301780,38.0,3,46,0.0707,1.5469,True,False,body,30.0,18.0,-10.0
4089,301869,35.0,3,89,0.070677,1.5317,True,False,body,30.0,15.0,-10.0
4090,301930,53.0,3,61,0.070661,1.4606,True,False,body,30.0,33.0,-10.0
4091,301977,47.0,3,47,0.070649,1.5978,True,False,body,30.0,27.0,-10.0
4092,302041,58.0,3,64,0.070633,1.4418,True,False,body,30.0,38.0,-10.0
4093,302126,49.0,3,85,0.070611,1.3713,True,False,body,30.0,29.0,-10.0
4094,302182,54.0,3,56,0.070596,1.2898,True,False,body,30.0,34.0,-10.0
4095,302407,133.0,7,225,0.070539,1.4062,True,False,body,70.0,73.0,-10.0
4096,302455,63.0,4,48,0.070526,1.3276,True,False,wall,40.0,33.0,-10.0
4097,302536,55.0,3,81,0.070506,1.5325,True,False,body,30.0,35.0,-10.0
4098,302775,105.0,5,239,0.070444,1.5289,True,False,body,50.0,65.0,-10.0
4099,302905,79.0,4,130,0.070411,1.4812,True,False,body,40.0,49.0,-10.0
4100,302969,44.0,3,64,0.070395,1.5087,True,False,body,30.0,24.0,-10.0
4101,303019,44.0,3,50,0.070382,1.5033,True,False,body,30.0,24.0,-10.0
4102,303126,89.0,5,107,0.070355,1.4722,True,False,body,50.0,49.0,-10.0
4103,303298,66.0,5,172,0.070311,1.566,True,False,body,50.0,26.0,-10.0
4104,303332,10.0,1,34,0.070303,1.5444,True,False,wall,10.0,10.0,-10.0
4105,303377,47.0,3,45,0.070291,1.4168,True,False,body,30.0,27.0,-10.0
4106,303504,81.0,5,127,0.070259,1.3982,True,False,body,50.0,41.0,-10.0
4107,303703,151.0,7,199,0.070209,1.3725,True,False,body,70.0,91.0,-10.0
4108,303811,121.0,6,108,0.070181,1.3969,True,False,body,60.0,71.0,-10.0
4109,303868,58.0,4,57,0.070167,1.4432,True,False,body,40.0,28.0,-10.0
4110,303881,9.0,1,13,0.070164,1.2583,True,False,wall,10.0,9.0,-10.0
4111,303914,35.0,3,33,0.070155,1.3081,True,False,body,30.0,15.0,-10.0
4112,304002,82.0,5,88,0.070133,1.5357,True,False,body,50.0,42.0,-10.0
4113,304055,49.0,3,53,0.07012,1.6504,True,False,body,30.0,29.0,-10.0
4114,304177,96.0,5,122,0.070089,1.4578,True,False,body,50.0,56.0,-10.0
4115,304212,41.0,3,35,0.07008,1.3484,True,False,body,30.0,21.0,-10.0
4116,304257,42.0,2,45,0.070069,1.5459,True,False,wall,20.0,32.0,-10.0
4117,304449,88.0,5,192,0.070021,1.5243,True,False,body,50.0,48.0,-10.0
4118,304561,50.0,3,112,0.069993,1.4397,True,False,body,30.0,30.0,-10.0
4119,304624,55.0,3,63,0.069977,1.4851,True,False,wall,30.0,35.0,-10.0
4120,304728,95.0,4,104,0.069951,1.4657,True,False,body,40.0,65.0,-10.0
4121,304802,40.0,3,74,0.069933,1.5054,True,False,body,30.0,20.0,-10.0
4122,304854,43.0,4,52,0.06992,1.4214,True,False,body,40.0,13.0,-10.0
4123,304947,89.0,5,93,0.069897,1.477,True,False,body,50.0,49.0,-10.0
4124,305132,99.0,5,185,0.069851,1.4445,True,False,body,50.0,59.0,-10.0
4125,305180,42.0,3,48,0.069839,1.5802,True,False,body,30.0,22.0,-10.0
4126,305258,74.0,3,78,0.06982,1.5166,True,False,body,30.0,54.0,-10.0
4127,305389,106.0,6,131,0.069787,1.5128,True,False,body,60.0,56.0,-10.0
4128,305527,81.0,4,138,0.069753,1.5011,True,False,body,40.0,51.0,-10.0
4129,305580,64.0,4,53,0.06974,1.3083,True,False,wall,40.0,34.0,-10.0
4130,305664,68.0,3,84,0.069719,1.456,True,False,body,30.0,48.0,-10.0
4131,305772,88.0,5,108,0.069693,1.59,True,False,wall,50.0,48.0,-10.0
4132,305829,49.0,3,57,0.069679,1.5757,True,False,body,30.0,29.0,-10.0
4133,305882,51.0,3,53,0.069666,1.6412,True,False,body,30.0,31.0,-10.0
4134,305980,105.0,6,98,0.069642,1.4315,True,False,body,60.0,55.0,-10.0
4135,306165,133.0,7,185,0.069596,1.4841,True,False,body,70.0,73.0,-10.0
4136,306305,95.0,6,140,0.069562,1.4068,True,False,body,60.0,45.0,-10.0
4137,306375,57.0,4,70,0.069545,1.5077,True,False,body,40.0,27.0,-10.0
4138,306440,39.0,3,65,0.069529,1.4118,True,False,body,30.0,19.0,-10.0
4139,306577,114.0,6,137,0.069495,1.4322,True,False,body,60.0,64.0,-10.0
4140,306660,56.0,4,83,0.069475,1.3941,True,False,body,40.0,26.0,-10.0
4141,306763,83.0,5,103,0.06945,1.4484,True,False,wall,50.0,43.0,-10.0
4142,306813,38.0,3,50,0.069438,1.5703,True,False,body,30.0,18.0,-10.0
4143,306964,98.0,6,151,0.069401,1.5423,True,False,body,60.0,48.0,-10.0
4144,307033,68.0,4,69,0.069385,1.3994,True,False,wall,40.0,38.0,-10.0
4145,307111,65.0,4,78,0.069366,1.5255,True,False,body,40.0,35.0,-10.0
4146,307169,12.0,1,58,0.069352,1.3635,True,False,wall,10.0,12.0,-10.0
4147,307276,54.0,4,107,0.069326,1.477,True,False,body,40.0,24.0,-10.0
4148,307290,-1.0,0,14,0.069322,1.4745,True,False,wall,0.0,9.0,-10.0
4149,307501,110.0,6,211,0.069272,1.4686,True,False,body,60.0,60.0,-10.0
4150,307629,76.0,5,128,0.069241,1.4203,True,False,body,50.0,36.0,-10.0
4151,307722,81.0,5,93,0.069218,1.5614,True,False,wall,50.0,41.0,-10.0
4152,307809,60.0,4,87,0.069198,1.5456,True,False,body,40.0,30.0,-10.0
4153,307907,106.0,5,98,0.069174,1.526,True,False,body,50.0,66.0,-10.0
4154,308022,101.0,5,115,0.069146,1.4687,True,False,body,50.0,61.0,-10.0
4155,308081,58.0,4,59,0.069132,1.4969,True,False,wall,40.0,28.0,-10.0
4156,308172,87.0,5,91,0.069111,1.5108,True,False,body,50.0,47.0,-10.0
4157,308361,50.0,4,189,0.069066,1.4321,True,False,body,40.0,20.0,-10.0
4158,308580,66.0,4,219,0.069013,1.4935,True,False,body,40.0,36.0,-10.0
4159,308631,50.0,4,51,0.069001,1.459,True,False,body,40.0,20.0,-10.0
4160,308716,68.0,4,85,0.068981,1.3959,True,False,body,40.0,38.0,-10.0
4161,308868,91.0,6,152,0.068945,1.4496,True,False,body,60.0,41.0,-10.0
4162,309018,96.0,5,150,0.06891,1.4325,True,False,wall,50.0,56.0,-10.0
4163,309080,46.0,3,62,0.068895,1.424,True,False,body,30.0,26.0,-10.0
4164,309208,112.0,7,128,0.068865,1.3894,True,False,body,70.0,52.0,-10.0
4165,309467,88.0,4,259,0.068804,1.437,True,False,body,40.0,58.0,-10.0
4166,309514,51.0,3,47,0.068793,1.4095,True,False,body,30.0,31.0,-10.0
4167,309571,53.0,3,57,0.068779,1.6988,True,False,wall,30.0,33.0,-10.0
4168,309632,57.0,3,61,0.068765,1.4434,True,False,body,30.0,37.0,-10.0
4169,309693,-6.0,0,61,0.068751,1.4707,True,False,wall,0.0,4.0,-10.0
4170,309784,53.0,3,91,0.068729,1.4879,True,False,body,30.0,33.0,-10.0
4171,309849,63.0,3,65,0.068714,1.5407,True,False,body,30.0,43.0,-10.0
4172,309930,41.0,3,81,0.068695,1.6337,True,False,body,30.0,21.0,-10.0
4173,309963,37.0,3,33,0.068688,1.5833,True,False,body,30.0,17.0,-10.0
4174,310030,55.0,3,67,0.068672,1.5616,True,False,body,30.0,35.0,-10.0
4175,310100,64.0,5,70,0.068656,1.4983,True,False,wall,50.0,24.0,-10.0
4176,310176,38.0,3,76,0.068638,1.4313,True,False,body,30.0,18.0,-10.0
4177,310241,74.0,4,65,0.068623,1.4631,True,False,body,40.0,44.0,-10.0
4178,310350,80.0,4,109,0.068597,1.5171,True,False,wall,40.0,50.0,-10.0
4179,310457,68.0,4,107,0.068573,1.55,True,False,body,40.0,38.0,-10.0
4180,310470,2.0,0,13,0.068569,1.5624,True,False,wall,0.0,12.0,-10.0
4181,310508,31.0,2,38,0.068561,1.5339,True,False,wall,20.0,21.0,-10.0
4182,310528,6.0,1,20,0.068556,1.7204,True,False,wall,10.0,6.0,-10.0
4183,310581,41.0,3,53,0.068544,1.387,True,False,body,30.0,21.0,-10.0
4184,310696,49.0,3,115,0.068517,1.5527,True,False,body,30.0,29.0,-10.0
4185,310706,17.0,2,10,0.068515,1.3637,True,False,wall,20.0,7.0,-10.0
4186,310834,96.0,5,128,0.068485,1.5763,True,False,body,50.0,56.0,-10.0
4187,310992,92.0,5,158,0.068449,1.5032,True,False,body,50.0,52.0,-10.0
4188,311096,71.0,4,104,0.068425,1.3903,True,False,wall,40.0,41.0,-10.0
4189,311123,13.0,1,27,0.068419,1.3402,True,False,wall,10.0,13.0,-10.0
4190,311172,52.0,4,49,0.068407,1.4013,True,False,wall,40.0,22.0,-10.0
4191,311191,26.0,2,19,0.068403,1.4802,True,False,wall,20.0,16.0,-10.0
4192,311282,77.0,5,91,0.068382,1.4949,True,False,wall,50.0,37.0,-10.0
4193,311407,81.0,5,125,0.068353,1.555,True,False,wall,50.0,41.0,-10.0
4194,311422,5.0,1,15,0.06835,1.4411,True,False,wall,10.0,5.0,-10.0
4195,311512,71.0,4,90,0.068329,1.488,True,False,body,40.0,41.0,-10.0
4196,311571,49.0,3,59,0.068316,1.4447,True,False,body,30.0,29.0,-10.0
4197,311602,14.0,2,31,0.068309,1.5331,True,False,wall,20.0,4.0,-10.0
4198,311647,55.0,3,45,0.068298,1.7003,True,False,body,30.0,35.0,-10.0
4199,311757,94.0,5,110,0.068273,1.4682,True,False,body,50.0,54.0,-10.0
4200,311792,38.0,2,35,0.068265,1.4581,True,False,wall,20.0,28.0,-10.0
4201,311803,-4.0,0,11,0.068263,1.339,True,False,wall,0.0,6.0,-10.0
4202,311848,47.0,3,45,0.068252,1.5239,True,False,wall,30.0,27.0,-10.0
4203,311902,30.0,1,54,0.06824,1.501,True,False,wall,10.0,30.0,-10.0
4204,311961,55.0,3,59,0.068227,1.4515,True,False,body,30.0,35.0,-10.0
4205,312029,66.0,3,68,0.068211,1.6127,True,False,body,30.0,46.0,-10.0
4206,312111,69.0,4,82,0.068192,1.4872,True,False,body,40.0,39.0,-10.0
4207,312144,28.0,2,33,0.068185,1.6849,True,False,wall,20.0,18.0,-10.0
4208,312258,61.0,4,114,0.068159,1.4513,True,False,wall,40.0,31.0,-10.0
4209,312301,35.0,3,43,0.068149,1.3868,True,False,body,30.0,15.0,-10.0
4210,312332,19.0,1,31,0.068142,1.5683,True,False,wall,10.0,19.0,-10.0
4211,312380,30.0,3,48,0.068131,1.366,True,False,body,30.0,10.0,-10.0
4212,312490,100.0,5,110,0.068106,1.4841,True,False,body,50.0,60.0,-10.0
4213,312662,70.0,3,172,0.068068,1.4772,True,False,body,30.0,50.0,-10.0
4214,312834,93.0,6,172,0.068029,1.4946,True,False,body,60.0,43.0,-10.0
4215,312931,78.0,4,97,0.068007,1.4655,True,False,body,40.0,48.0,-10.0
4216,313038,98.0,6,107,0.067983,1.4742,True,False,body,60.0,48.0,-10.0
4217,313084,42.0,3,46,0.067973,1.532,True,False,body,30.0,22.0,-10.0
4218,313140,44.0,3,56,0.06796,1.5656,True,False,wall,30.0,24.0,-10.0
4219,313199,43.0,3,59,0.067947,1.5125,True,False,body,30.0,23.0,-10.0
4220,313270,55.0,3,71,0.067931,1.738,True,False,body,30.0,35.0,-10.0
4221,313533,122.0,8,263,0.067872,1.463,True,False,body,80.0,52.0,-10.0
4222,313703,117.0,6,170,0.067834,1.5758,True,False,body,60.0,67.0,-10.0
4223,313724,-4.0,0,21,0.067829,1.4855,True,False,wall,0.0,6.0,-10.0
4224,313786,54.0,3,62,0.067816,1.6992,True,False,body,30.0,34.0,-10.0
4225,313850,55.0,2,64,0.067801,1.5785,True,False,wall,20.0,45.0,-10.0
4226,313926,71.0,4,76,0.067784,1.3635,True,False,body,40.0,41.0,-10.0
4227,314046,92.0,5,120,0.067758,1.5084,True,False,body,50.0,52.0,-10.0
4228,314151,81.0,5,105,0.067734,1.5323,True,False,body,50.0,41.0,-10.0
4229,314249,109.0,6,98,0.067713,1.4635,True,False,body,60.0,59.0,-10.0
4230,314266,7.0,1,17,0.067709,1.4968,True,False,wall,10.0,7.0,-10.0
4231,314368,95.0,6,102,0.067686,1.4955,True,False,wall,60.0,45.0,-10.0
4232,314562,105.0,6,194,0.067644,1.5958,True,False,body,60.0,55.0,-10.0
4233,314830,84.0,5,268,0.067585,1.549,True,False,body,50.0,44.0,-10.0
4234,314915,71.0,3,85,0.067566,1.5359,True,False,body,30.0,51.0,-10.0
4235,315023,77.0,4,108,0.067542,1.4808,True,False,wall,40.0,47.0,-10.0
4236,315078,0.0,0,55,0.06753,1.6603,True,False,wall,0.0,10.0,-10.0
4237,315237,91.0,5,159,0.067495,1.4788,True,False,body,50.0,51.0,-10.0
4238,315286,46.0,2,49,0.067485,1.4559,True,False,wall,20.0,36.0,-10.0
4239,315416,61.0,4,130,0.067456,1.4519,True,False,wall,40.0,31.0,-10.0
4240,315503,59.0,5,87,0.067437,1.4283,True,False,wall,50.0,19.0,-10.0
4241,315580,65.0,5,77,0.06742,1.3021,True,False,body,50.0,25.0,-10.0
4242,315677,43.0,3,97,0.067399,1.4644,True,False,body,30.0,23.0,-10.0
4243,315820,83.0,5,143,0.067368,1.509,True,False,body,50.0,43.0,-10.0
4244,315882,80.0,5,62,0.067355,1.4725,True,False,body,50.0,40.0,-10.0
4245,316126,119.0,6,244,0.067302,1.4815,True,False,body,60.0,69.0,-10.0
4246,316189,43.0,3,63,0.067288,1.5131,True,False,wall,30.0,23.0,-10.0
4247,316319,72.0,5,130,0.06726,1.4615,True,False,body,50.0,32.0,-10.0
4248,316381,54.0,3,62,0.067247,1.5702,True,False,body,30.0,34.0,-10.0
4249,316446,45.0,3,65,0.067233,1.4853,True,False,body,30.0,25.0,-10.0
4250,316496,48.0,3,50,0.067222,1.4921,True,False,body,30.0,28.0,-10.0
4251,316537,53.0,3,41,0.067213,1.6968,True,False,body,30.0,33.0,-10.0
4252,316560,29.0,3,23,0.067208,1.4698,True,False,body,30.0,9.0,-10.0
4253,316714,63.0,4,154,0.067175,1.4602,True,False,body,40.0,33.0,-10.0
4254,316866,37.0,2,152,0.067143,1.4727,True,False,wall,20.0,27.0,-10.0
4255,317014,136.0,7,148,0.067111,1.4966,True,False,body,70.0,76.0,-10.0
4256,317135,110.0,6,121,0.067085,1.4735,True,False,body,60.0,60.0,-10.0
4257,317206,57.0,3,71,0.06707,1.4239,True,False,body,30.0,37.0,-10.0
4258,317249,45.0,3,43,0.067061,1.3532,True,False,body,30.0,25.0,-10.0
4259,317487,120.0,7,238,0.06701,1.4741,True,False,wall,70.0,60.0,-10.0
4260,317614,87.0,5,127,0.066983,1.4928,True,False,wall,50.0,47.0,-10.0
4261,317679,59.0,3,65,0.066969,1.3586,True,False,body,30.0,39.0,-10.0
4262,317697,12.0,1,18,0.066966,1.3152,True,False,wall,10.0,12.0,-10.0
4263,317774,49.0,3,77,0.066949,1.529,True,False,body,30.0,29.0,-10.0
4264,317855,63.0,3,81,0.066932,1.4789,True,False,body,30.0,43.0,-10.0
4265,317953,27.0,2,98,0.066911,1.3667,True,False,wall,20.0,17.0,-10.0
4266,318072,73.0,5,119,0.066886,1.4819,True,False,wall,50.0,33.0,-10.0
4267,318117,-4.0,0,45,0.066877,1.624,True,False,wall,0.0,6.0,-10.0
4268,318201,62.0,3,84,0.066859,1.5016,True,False,body,30.0,42.0,-10.0
4269,318212,7.0,1,11,0.066857,1.4773,True,False,wall,10.0,7.0,-10.0
4270,318262,72.0,5,50,0.066846,1.6427,True,False,body,50.0,32.0,-10.0
4271,318306,50.0,3,44,0.066837,1.6165,True,False,body,30.0,30.0,-10.0
4272,318411,80.0,6,105,0.066815,1.4518,True,False,body,60.0,30.0,-10.0
4273,318670,118.0,6,259,0.06676,1.4502,True,False,body,60.0,68.0,-10.0
4274,318741,89.0,5,71,0.066746,1.47,True,False,body,50.0,49.0,-10.0
4275,318827,98.0,5,86,0.066728,1.3847,True,False,body,50.0,58.0,-10.0
4276,318955,98.0,5,128,0.066701,1.5508,True,False,body,50.0,58.0,-10.0
4277,318973,10.0,1,18,0.066697,2.0498,True,False,wall,10.0,10.0,-10.0
4278,319069,68.0,3,96,0.066677,1.5365,True,False,body,30.0,48.0,-10.0
4279,319176,86.0,4,107,0.066655,1.574,True,False,body,40.0,56.0,-10.0
4280,319216,19.0,2,40,0.066646,1.394,True,False,wall,20.0,9.0,-10.0
4281,319288,36.0,3,72,0.066631,1.4533,True,False,body,30.0,16.0,-10.0
4282,319398,97.0,6,110,0.066609,1.5929,True,False,body,60.0,47.0,-10.0
4283,319467,70.0,4,69,0.066594,1.57,True,False,body,40.0,40.0,-10.0
4284,319637,91.0,6,170,0.066559,1.4408,True,False,body,60.0,41.0,-10.0
4285,319755,93.0,6,118,0.066535,1.4177,True,False,body,60.0,43.0,-10.0
4286,319853,108.0,5,98,0.066514,1.4661,True,False,wall,50.0,68.0,-10.0
4287,319873,14.0,1,20,0.06651,1.6013,True,False,wall,10.0,14.0,-10.0
4288,319967,96.0,5,94,0.066491,1.4058,True,False,body,50.0,56.0,-10.0
4289,320037,87.0,4,70,0.066476,1.4915,True,False,wall,40.0,57.0,-10.0
4290,320175,90.0,5,138,0.066448,1.4578,True,False,wall,50.0,50.0,-10.0
4291,320324,74.0,4,149,0.066417,1.4789,True,False,body,40.0,44.0,-10.0
4292,320414,44.0,3,90,0.066399,1.4485,True,False,body,30.0,24.0,-10.0
4293,320463,47.0,3,49,0.066389,1.5308,True,False,body,30.0,27.0,-10.0
4294,320527,46.0,3,64,0.066376,1.622,True,False,body,30.0,26.0,-10.0
4295,320652,110.0,6,125,0.06635,1.5931,True,False,body,60.0,60.0,-10.0
4296,320726,61.0,4,74,0.066335,1.4668,True,False,body,40.0,31.0,-10.0
4297,320813,65.0,3,87,0.066317,1.5081,True,False,body,30.0,45.0,-10.0
4298,320920,86.0,6,107,0.066296,1.4992,True,False,body,60.0,36.0,-10.0
4299,320945,26.0,2,25,0.066291,1.4649,True,False,wall,20.0,16.0,-10.0
4300,321022,50.0,4,77,0.066275,1.504,True,False,body,40.0,20.0,-10.0
4301,321147,84.0,4,125,0.066249,1.4218,True,False,body,40.0,54.0,-10.0
4302,321204,49.0,3,57,0.066238,1.5514,True,False,wall,30.0,29.0,-10.0
4303,321264,46.0,3,60,0.066226,1.5624,True,False,body,30.0,26.0,-10.0
4304,321363,41.0,3,99,0.066206,1.5564,True,False,wall,30.0,21.0,-10.0
4305,321397,-2.0,1,34,0.066199,1.3964,True,False,wall,10.0,-2.0,-10.0
4306,321599,113.0,8,202,0.066158,1.4528,True,False,wall,80.0,43.0,-10.0
4307,321675,71.0,4,76,0.066143,1.3797,True,False,body,40.0,41.0,-10.0
4308,321729,46.0,3,54,0.066132,1.3868,True,False,body,30.0,26.0,-10.0
4309,321814,49.0,3,85,0.066115,1.4119,True,False,body,30.0,29.0,-10.0
4310,321823,7.0,1,9,0.066113,1.8286,True,False,wall,10.0,7.0,-10.0
4311,321891,59.0,4,68,0.066099,1.4706,True,False,body,40.0,29.0,-10.0
4312,321904,20.0,2,13,0.066096,1.2823,True,False,wall,20.0,10.0,-10.0
4313,321968,48.0,3,64,0.066084,1.6179,True,False,body,30.0,28.0,-10.0
4314,322185,152.0,6,217,0.06604,1.4944,True,False,body,60.0,102.0,-10.0
4315,322285,84.0,5,100,0.06602,1.45,True,False,body,50.0,44.0,-10.0
4316,322423,65.0,4,138,0.065992,1.4708,True,False,body,40.0,35.0,-10.0
4317,322546,77.0,5,123,0.065968,1.4095,True,False,body,50.0,37.0,-10.0
4318,322672,72.0,5,126,0.065943,1.6401,True,False,body,50.0,32.0,-10.0
4319,322731,55.0,3,59,0.065931,1.4508,True,False,body,30.0,35.0,-10.0
4320,322900,107.0,5,169,0.065897,1.5164,True,False,body,50.0,67.0,-10.0
4321,323143,93.0,5,243,0.065849,1.5332,True,False,body,50.0,53.0,-10.0
4322,323504,108.0,6,361,0.065778,1.48,True,False,body,60.0,58.0,-10.0
4323,323519,13.0,1,15,0.065775,1.4739,True,False,wall,10.0,13.0,-10.0
4324,323614,100.0,6,95,0.065756,1.4475,True,False,body,60.0,50.0,-10.0
4325,323640,30.0,3,26,0.065751,1.5327,True,False,body,30.0,10.0,-10.0
4326,323714,63.0,4,74,0.065736,1.4473,True,False,wall,40.0,33.0,-10.0
4327,323730,4.0,1,16,0.065733,1.4099,True,False,wall,10.0,4.0,-10.0
4328,323810,48.0,3,80,0.065717,1.3852,True,False,wall,30.0,28.0,-10.0
4329,323884,56.0,3,74,0.065703,1.4288,True,False,body,30.0,36.0,-10.0
4330,323955,75.0,5,71,0.065689,1.4745,True,False,body,50.0,35.0,-10.0
4331,324015,40.0,3,60,0.065677,1.6622,True,False,body,30.0,20.0,-10.0
4332,324054,39.0,3,39,0.06567,1.5311,True,False,body,30.0,19.0,-10.0
4333,324149,86.0,6,95,0.065651,1.4312,True,False,body,60.0,36.0,-10.0
4334,324230,81.0,5,81,0.065635,1.4296,True,False,wall,50.0,41.0,-10.0
4335,324281,37.0,3,51,0.065625,1.3783,True,False,wall,30.0,17.0,-10.0
4336,324448,93.0,5,167,0.065593,1.4803,True,False,body,50.0,53.0,-10.0
4337,324474,-5.0,0,26,0.065588,1.5277,True,False,wall,0.0,5.0,-10.0
4338,324489,11.0,1,15,0.065585,1.6496,True,False,wall,10.0,11.0,-10.0
4339,324526,35.0,3,37,0.065577,1.7844,True,False,body,30.0,15.0,-10.0
4340,324715,110.0,6,189,0.065541,1.5286,True,False,wall,60.0,60.0,-10.0
4341,324869,97.0,6,154,0.065511,1.4845,True,False,wall,60.0,47.0,-10.0
4342,324925,48.0,3,56,0.0655,1.4088,True,False,wall,30.0,28.0,-10.0
4343,325061,94.0,5,136,0.065474,1.4575,True,False,wall,50.0,54.0,-10.0
4344,325076,-2.0,0,15,0.065471,1.3756,True,False,wall,0.0,8.0,-10.0
4345,325152,53.0,2,76,0.065456,1.3245,True,False,wall,20.0,43.0,-10.0
4346,325197,41.0,3,45,0.065447,1.3844,True,False,body,30.0,21.0,-10.0
4347,325339,54.0,3,142,0.06542,1.3813,True,False,body,30.0,34.0,-10.0
4348,325365,12.0,1,26,0.065415,1.3811,True,False,wall,10.0,12.0,-10.0
4349,325614,89.0,5,249,0.065367,1.4845,True,False,body,50.0,49.0,-10.0
4350,325658,52.0,3,44,0.065359,1.4007,True,False,body,30.0,32.0,-10.0
4351,325787,96.0,6,129,0.065334,1.4108,True,False,wall,60.0,46.0,-10.0
4352,325858,57.0,3,71,0.06532,1.3987,True,False,body,30.0,37.0,-10.0
4353,325931,71.0,5,73,0.065306,1.4372,True,False,wall,50.0,31.0,-10.0
4354,325946,13.0,1,15,0.065303,1.3355,True,False,wall,10.0,13.0,-10.0
4355,325960,10.0,1,14,0.065301,1.6589,True,False,wall,10.0,10.0,-10.0
4356,326113,68.0,4,153,0.065271,1.4124,True,False,body,40.0,38.0,-10.0
4357,326289,94.0,5,176,0.065238,1.4497,True,False,wall,50.0,54.0,-10.0
4358,326339,44.0,3,50,0.065228,1.5402,True,False,body,30.0,24.0,-10.0
4359,326542,92.0,6,203,0.06519,1.5091,True,False,wall,60.0,42.0,-10.0
4360,326633,67.0,3,91,0.065172,1.4489,True,False,body,30.0,47.0,-10.0
4361,326738,126.0,6,105,0.065153,1.5911,True,False,body,60.0,76.0,-10.0
4362,326822,81.0,4,84,0.065137,1.5033,True,False,body,40.0,51.0,-10.0
4363,326890,48.0,3,68,0.065124,1.5696,True,False,body,30.0,28.0,-10.0
4364,326986,78.0,5,96,0.065106,1.3989,True,False,body,50.0,38.0,-10.0
4365,327035,52.0,4,49,0.065096,1.4345,True,False,body,40.0,22.0,-10.0
4366,327111,80.0,5,76,0.065082,1.5891,True,False,body,50.0,40.0,-10.0
4367,327196,74.0,4,85,0.065066,1.4598,True,False,body,40.0,44.0,-10.0
4368,327269,32.0,2,73,0.065052,1.3098,True,False,wall,20.0,22.0,-10.0
4369,327475,121.0,6,206,0.065014,1.4217,True,False,wall,60.0,71.0,-10.0
4370,327567,44.0,3,92,0.064996,1.4443,True,False,body,30.0,24.0,-10.0
4371,327652,57.0,3,85,0.06498,1.5121,True,False,body,30.0,37.0,-10.0
4372,327704,42.0,3,52,0.064971,1.366,True,False,body,30.0,22.0,-10.0
4373,327737,9.0,1,33,0.064965,1.535,True,False,wall,10.0,9.0,-10.0
4374,327766,19.0,1,29,0.064959,1.4298,True,False,wall,10.0,19.0,-10.0
4375,327834,55.0,4,68,0.064946,1.4206,True,False,body,40.0,25.0,-10.0
4376,327870,42.0,3,36,0.06494,1.4199,True,False,body,30.0,22.0,-10.0
4377,327928,34.0,3,58,0.064929,1.56,True,False,body,30.0,14.0,-10.0
4378,328147,188.0,8,219,0.064888,1.6367,True,False,wall,80.0,118.0,-10.0
4379,328194,33.0,3,47,0.064879,1.5883,True,False,body,30.0,13.0,-10.0
4380,328282,102.0,5,88,0.064863,1.6042,True,False,body,50.0,62.0,-10.0
4381,328334,50.0,3,52,0.064853,1.7553,True,False,body,30.0,30.0,-10.0
4382,328411,74.0,4,77,0.064839,1.7459,True,False,body,40.0,44.0,-10.0
4383,328647,128.0,7,236,0.064795,1.5915,True,False,body,70.0,68.0,-10.0
4384,328702,47.0,3,55,0.064785,1.707,True,False,wall,30.0,27.0,-10.0
4385,328802,98.0,5,100,0.064767,1.5312,True,False,body,50.0,58.0,-10.0
4386,329082,50.0,3,280,0.064715,1.5353,True,False,body,30.0,30.0,-10.0
4387,329160,49.0,2,78,0.064701,1.4099,True,False,wall,20.0,39.0,-10.0
4388,329206,46.0,3,46,0.064692,1.4601,True,False,wall,30.0,26.0,-10.0
4389,329318,85.0,4,112,0.064672,1.6028,True,False,body,40.0,55.0,-10.0
4390,329353,21.0,1,35,0.064665,1.7527,True,False,wall,10.0,21.0,-10.0
4391,329439,64.0,3,86,0.06465,1.4286,True,False,wall,30.0,44.0,-10.0
4392,329467,33.0,2,28,0.064644,1.3514,True,False,wall,20.0,23.0,-10.0
4393,329536,38.0,2,69,0.064632,1.4896,True,False,wall,20.0,28.0,-10.0
4394,329584,59.0,4,48,0.064623,1.532,True,False,body,40.0,29.0,-10.0
4395,329642,50.0,3,58,0.064612,1.6652,True,False,body,30.0,30.0,-10.0
4396,329673,36.0,2,31,0.064607,1.5349,True,False,wall,20.0,26.0,-10.0
4397,329725,38.0,3,52,0.064597,1.5274,True,False,body,30.0,18.0,-10.0
4398,329781,44.0,3,56,0.064587,1.5167,True,False,body,30.0,24.0,-10.0
4399,329834,43.0,3,53,0.064577,1.4825,True,False,body,30.0,23.0,-10.0
4400,329883,54.0,4,49,0.064568,1.5956,True,False,body,40.0,24.0,-10.0
4401,329922,41.0,3,39,0.064561,1.4955,True,False,body,30.0,21.0,-10.0
4402,330034,110.0,5,112,0.064541,1.6689,True,False,body,50.0,70.0,-10.0
4403,330228,84.0,5,194,0.064506,1.5116,True,False,body,50.0,44.0,-10.0
4404,330336,36.0,3,108,0.064486,1.5788,True,False,body,30.0,16.0,-10.0
4405,330402,55.0,4,66,0.064474,1.6013,True,False,body,40.0,25.0,-10.0
4406,330455,37.0,3,53,0.064465,1.6734,True,False,body,30.0,17.0,-10.0
4407,330572,70.0,4,117,0.064444,1.4974,True,False,body,40.0,40.0,-10.0
4408,330676,90.0,5,104,0.064425,1.6537,True,False,wall,50.0,50.0,-10.0
4409,330864,134.0,7,188,0.064391,1.5528,True,False,wall,70.0,74.0,-10.0
4410,330955,67.0,3,91,0.064375,1.5571,True,False,body,30.0,47.0,-10.0
4411,331012,63.0,3,57,0.064364,1.6148,True,False,body,30.0,43.0,-10.0
4412,331093,75.0,5,81,0.06435,1.6127,True,False,body,50.0,35.0,-10.0
4413,331112,11.0,1,19,0.064346,1.615,True,False,wall,10.0,11.0,-10.0
4414,331198,73.0,4,86,0.064331,1.4992,True,False,wall,40.0,43.0,-10.0
4415,331234,31.0,2,36,0.064324,1.6312,True,False,wall,20.0,21.0,-10.0
4416,331311,75.0,5,77,0.064311,1.4977,True,False,body,50.0,35.0,-10.0
4417,331406,91.0,5,95,0.064294,1.5557,True,False,body,50.0,51.0,-10.0
4418,331486,56.0,3,80,0.064279,1.5243,True,False,body,30.0,36.0,-10.0
4419,331536,50.0,3,50,0.064271,1.8534,True,False,body,30.0,30.0,-10.0
4420,331652,57.0,4,116,0.06425,1.6706,True,False,body,40.0,27.0,-10.0
4421,331746,71.0,4,94,0.064233,1.7978,True,False,body,40.0,41.0,-10.0
4422,331785,40.0,2,39,0.064226,1.8298,True,False,wall,20.0,30.0,-10.0
4423,331856,84.0,4,71,0.064214,1.6509,True,False,wall,40.0,54.0,-10.0
4424,331899,62.0,4,43,0.064206,1.6211,True,False,wall,40.0,32.0,-10.0
4425,332027,95.0,6,128,0.064183,1.6136,True,False,body,60.0,45.0,-10.0
4426,332081,50.0,3,54,0.064174,1.38,True,False,body,30.0,30.0,-10.0
4427,332119,44.0,3,38,0.064167,1.6059,True,False,body,30.0,24.0,-10.0
4428,332263,93.0,4,144,0.064141,1.4998,True,False,body,40.0,63.0,-10.0
4429,332383,106.0,7,120,0.06412,1.4344,True,False,body,70.0,46.0,-10.0
4430,332416,35.0,3,33,0.064114,1.798,True,False,body,30.0,15.0,-10.0
4431,332505,95.0,5,89,0.064099,1.5609,True,False,body,50.0,55.0,-10.0
4432,332608,58.0,4,103,0.064081,1.5499,True,False,body,40.0,28.0,-10.0
4433,332669,39.0,3,61,0.06407,1.485,True,False,body,30.0,19.0,-10.0
4434,332740,58.0,4,71,0.064057,1.6087,True,False,body,40.0,28.0,-10.0
4435,332777,43.0,3,37,0.064051,1.661,True,False,body,30.0,23.0,-10.0
4436,332959,110.0,5,182,0.064019,1.5472,True,False,body,50.0,70.0,-10.0
4437,333015,34.0,3,56,0.064009,1.6999,True,False,wall,30.0,14.0,-10.0
4438,333108,71.0,3,93,0.063993,1.516,True,False,body,30.0,51.0,-10.0
4439,333180,68.0,3,72,0.06398,1.4318,True,False,body,30.0,48.0,-10.0
4440,333249,55.0,3,69,0.063968,1.5238,True,False,body,30.0,35.0,-10.0
4441,333308,62.0,4,59,0.063958,1.5263,True,False,body,40.0,32.0,-10.0
4442,333452,153.0,8,144,0.063933,1.5239,True,False,body,80.0,83.0,-10.0
4443,333575,87.0,5,123,0.063911,1.6127,True,False,body,50.0,47.0,-10.0
4444,333775,38.0,3,200,0.063877,1.5233,True,False,wall,30.0,18.0,-10.0
4445,333856,77.0,5,81,0.063863,1.6827,True,False,wall,50.0,37.0,-10.0
4446,333934,46.0,3,78,0.063849,1.5048,True,False,body,30.0,26.0,-10.0
4447,333977,35.0,3,43,0.063842,1.4739,True,False,body,30.0,15.0,-10.0
4448,334126,99.0,7,149,0.063816,1.5508,True,False,body,70.0,39.0,-10.0
4449,334162,46.0,3,36,0.06381,1.5032,True,False,body,30.0,26.0,-10.0
4450,334173,0.0,0,11,0.063808,1.3971,True,False,wall,0.0,10.0,-10.0
4451,334205,44.0,3,32,0.063802,1.5567,True,False,wall,30.0,24.0,-10.0
4452,334277,80.0,5,72,0.06379,1.4388,True,False,body,50.0,40.0,-10.0
4453,334429,60.0,3,152,0.063764,1.5789,True,False,body,30.0,40.0,-10.0
4454,334515,62.0,3,86,0.063749,1.5593,True,False,body,30.0,42.0,-10.0
4455,334589,69.0,4,74,0.063736,1.4935,True,False,body,40.0,39.0,-10.0
4456,334729,105.0,6,140,0.063712,1.5396,True,False,wall,60.0,55.0,-10.0
4457,334794,57.0,3,65,0.063701,1.5799,True,False,body,30.0,37.0,-10.0
4458,334878,73.0,4,84,0.063687,1.6826,True,False,body,40.0,43.0,-10.0
4459,334926,57.0,4,48,0.063678,1.5305,True,False,body,40.0,27.0,-10.0
4460,334940,4.0,1,14,0.063676,1.5079,True,False,wall,10.0,4.0,-10.0
4461,335081,92.0,6,141,0.063652,1.6259,True,False,body,60.0,42.0,-10.0
4462,335149,38.0,3,68,0.06364,1.5625,True,False,body,30.0,18.0,-10.0
4463,335295,119.0,6,146,0.063615,1.5383,True,False,body,60.0,69.0,-10.0
4464,335357,55.0,4,62,0.063605,1.4235,True,False,body,40.0,25.0,-10.0
4465,335449,61.0,4,92,0.063589,1.5754,True,False,body,40.0,31.0,-10.0
4466,335558,67.0,5,109,0.063571,1.5885,True,False,body,50.0,27.0,-10.0
4467,335688,70.0,5,130,0.063549,1.538,True,False,body,50.0,30.0,-10.0
4468,335781,64.0,4,93,0.063533,1.6175,True,False,wall,40.0,34.0,-10.0
4469,335905,67.0,4,124,0.063512,1.6145,True,False,wall,40.0,37.0,-10.0
4470,336023,104.0,5,118,0.063492,1.5114,True,False,body,50.0,64.0,-10.0
4471,336106,57.0,3,83,0.063478,1.7174,True,False,body,30.0,37.0,-10.0
4472,336160,44.0,3,54,0.063469,1.5476,True,False,body,30.0,24.0,-10.0
4473,336202,50.0,3,42,0.063462,1.4949,True,False,body,30.0,30.0,-10.0
4474,336265,45.0,3,63,0.063451,1.523,True,False,body,30.0,25.0,-10.0
4475,336403,115.0,6,138,0.063428,1.5484,True,False,wall,60.0,65.0,-10.0
4476,336524,59.0,3,121,0.063408,1.5622,True,False,wall,30.0,39.0,-10.0
4477,336584,-7.0,0,60,0.063398,1.4624,True,False,wall,0.0,3.0,-10.0
4478,336673,70.0,4,89,0.063383,1.4499,True,False,body,40.0,40.0,-10.0
4479,336733,48.0,3,60,0.063373,1.4997,True,False,body,30.0,28.0,-10.0
4480,336803,46.0,3,70,0.063361,1.3611,True,False,body,30.0,26.0,-10.0
4481,336979,76.0,5,176,0.063332,1.6019,True,False,body,50.0,36.0,-10.0
4482,337032,60.0,4,53,0.063323,1.4342,True,False,body,40.0,30.0,-10.0
4483,337076,26.0,3,44,0.063316,1.3879,True,False,body,30.0,6.0,-10.0
4484,337086,-3.0,0,10,0.063314,1.3554,True,False,wall,0.0,7.0,-10.0
4485,337283,147.0,7,197,0.063281,1.5362,True,False,body,70.0,87.0,-10.0
4486,337410,63.0,3,127,0.06326,1.619,True,False,wall,30.0,43.0,-10.0
4487,337489,87.0,5,79,0.063247,1.6213,True,False,body,50.0,47.0,-10.0
4488,337550,61.0,3,61,0.063237,1.7072,True,False,body,30.0,41.0,-10.0
4489,337715,114.0,6,165,0.06321,1.5322,True,False,body,60.0,64.0,-10.0
4490,337830,68.0,4,115,0.063191,1.6187,True,False,body,40.0,38.0,-10.0
4491,337917,94.0,6,87,0.063176,1.6371,True,False,wall,60.0,44.0,-10.0
4492,338064,89.0,5,147,0.063152,1.6252,True,False,body,50.0,49.0,-10.0
4493,338199,80.0,4,135,0.06313,1.6747,True,False,body,40.0,50.0,-10.0
4494,338361,155.0,8,162,0.063104,1.51,True,False,body,80.0,85.0,-10.0
4495,338394,47.0,3,33,0.063098,1.586,True,False,body,30.0,27.0,-10.0
4496,338432,25.0,2,38,0.063092,1.588,True,False,wall,20.0,15.0,-10.0
4497,338535,49.0,3,103,0.063075,1.6892,True,False,body,30.0,29.0,-10.0
4498,338585,48.0,3,50,0.063067,1.8313,True,False,body,30.0,28.0,-10.0
4499,338692,82.0,6,107,0.063049,1.7043,True,False,body,60.0,32.0,-10.0
4500,338752,63.0,4,60,0.06304,1.4867,True,False,body,40.0,33.0,-10.0
4501,338848,67.0,4,96,0.063024,1.6875,True,False,body,40.0,37.0,-10.0
4502,338971,52.0,4,123,0.063004,1.6521,True,False,body,40.0,22.0,-10.0
4503,339077,71.0,4,106,0.062987,1.7688,True,False,body,40.0,41.0,-10.0
4504,339118,31.0,3,41,0.06298,1.648,True,False,body,30.0,11.0,-10.0
4505,339262,-9.0,0,144,0.062957,1.7043,True,False,wall,0.0,1.0,-10.0
4506,339336,62.0,3,74,0.062945,1.6171,True,False,wall,30.0,42.0,-10.0
4507,339501,98.0,6,165,0.062918,1.48,True,False,body,60.0,48.0,-10.0
4508,339620,92.0,6,119,0.062899,1.6567,True,False,wall,60.0,42.0,-10.0
4509,339799,87.0,5,179,0.06287,1.6372,True,False,body,50.0,47.0,-10.0
4510,339909,56.0,3,110,0.062852,1.5637,True,False,body,30.0,36.0,-10.0
4511,339923,-7.0,0,14,0.06285,1.4255,True,False,wall,0.0,3.0,-10.0
4512,339950,9.0,1,27,0.062846,1.7542,True,False,wall,10.0,9.0,-10.0
4513,340175,140.0,8,225,0.06281,1.6729,True,False,body,80.0,70.0,-10.0
4514,340207,29.0,2,32,0.062805,1.6436,True,False,wall,20.0,19.0,-10.0
4515,340246,41.0,3,39,0.062798,1.3177,True,False,wall,30.0,21.0,-10.0
4516,340346,77.0,4,100,0.062782,1.5395,True,False,body,40.0,47.0,-10.0
4517,340419,64.0,4,73,0.062771,1.4631,True,False,body,40.0,34.0,-10.0
4518,340446,33.0,3,27,0.062766,1.458,True,False,body,30.0,13.0,-10.0
4519,340460,12.0,1,14,0.062764,1.5913,True,False,wall,10.0,12.0,-10.0
4520,340510,67.0,4,50,0.062756,1.5624,True,False,body,40.0,37.0,-10.0
4521,340612,65.0,4,102,0.06274,1.7526,True,False,body,40.0,35.0,-10.0
4522,340736,76.0,3,124,0.06272,1.5115,True,False,body,30.0,56.0,-10.0
4523,340829,81.0,5,93,0.062705,1.7518,True,False,body,50.0,41.0,-10.0
4524,340936,100.0,6,107,0.062688,1.6533,True,False,body,60.0,50.0,-10.0
4525,341026,87.0,4,90,0.062674,1.6287,True,False,wall,40.0,57.0,-10.0
4526,341042,30.0,3,16,0.062672,1.6244,True,False,body,30.0,10.0,-10.0
4527,341057,13.0,1,15,0.062669,1.5158,True,False,wall,10.0,13.0,-10.0
4528,341194,93.0,5,137,0.062648,1.5411,True,False,body,50.0,53.0,-10.0
4529,341291,50.0,4,97,0.062632,1.613,True,False,body,40.0,20.0,-10.0
4530,341371,62.0,3,80,0.06262,1.5838,True,False,body,30.0,42.0,-10.0
4531,341452,64.0,4,81,0.062607,1.443,True,False,body,40.0,34.0,-10.0
4532,341583,122.0,6,131,0.062586,1.655,True,False,body,60.0,72.0,-10.0
4533,341614,29.0,3,31,0.062581,1.613,True,False,wall,30.0,9.0,-10.0
4534,341642,34.0,3,28,0.062577,1.6168,True,False,wall,30.0,14.0,-10.0
4535,341758,107.0,6,116,0.062559,1.5958,True,False,body,60.0,57.0,-10.0
4536,341953,79.0,5,195,0.062528,1.5281,True,False,body,50.0,39.0,-10.0
4537,341973,25.0,2,20,0.062525,1.4027,True,False,wall,20.0,15.0,-10.0
4538,342038,57.0,3,65,0.062515,1.5914,True,False,body,30.0,37.0,-10.0
4539,342071,37.0,3,33,0.06251,1.6411,True,False,body,30.0,17.0,-10.0
4540,342094,13.0,1,23,0.062506,1.7512,True,False,wall,10.0,13.0,-10.0
4541,342324,134.0,7,230,0.06247,1.6144,True,False,body,70.0,74.0,-10.0
4542,342409,72.0,4,85,0.062457,1.6116,True,False,wall,40.0,42.0,-10.0
4543,342484,63.0,5,75,0.062445,1.656,True,False,body,50.0,23.0,-10.0
4544,342709,77.0,5,225,0.06241,1.4969,True,False,body,50.0,37.0,-10.0
4545,342744,40.0,2,35,0.062405,1.4702,True,False,wall,20.0,30.0,-10.0
4546,342757,-4.0,0,13,0.062403,1.8314,True,False,wall,0.0,6.0,-10.0
4547,342848,49.0,3,91,0.062389,1.5567,True,False,body,30.0,29.0,-10.0
4548,342947,43.0,3,99,0.062374,1.5283,True,False,body,30.0,23.0,-10.0
4549,343032,88.0,4,85,0.06236,1.6393,True,False,wall,40.0,58.0,-10.0
4550,343074,46.0,3,42,0.062354,1.559,True,False,body,30.0,26.0,-10.0
4551,343162,48.0,3,88,0.06234,1.5803,True,False,body,30.0,28.0,-10.0
4552,343173,-2.0,0,11,0.062339,1.3461,True,False,wall,0.0,8.0,-10.0
4553,343359,135.0,8,186,0.06231,1.6083,True,False,wall,80.0,65.0,-10.0
4554,343380,-8.0,0,21,0.062307,1.4748,True,False,wall,0.0,2.0,-10.0
4555,343518,119.0,6,138,0.062286,1.6916,True,False,body,60.0,69.0,-10.0
4556,343552,57.0,4,34,0.06228,1.6258,True,False,body,40.0,27.0,-10.0
4557,343673,84.0,4,121,0.062262,1.723,True,False,wall,40.0,54.0,-10.0
4558,343794,49.0,3,121,0.062243,1.6586,True,False,body,30.0,29.0,-10.0
4559,343863,61.0,3,69,0.062233,1.5015,True,False,body,30.0,41.0,-10.0
4560,343935,63.0,4,72,0.062222,1.705,True,False,body,40.0,33.0,-10.0
4561,344044,51.0,3,109,0.062205,1.5938,True,False,body,30.0,31.0,-10.0
4562,344150,78.0,5,106,0.062189,1.5041,True,False,body,50.0,38.0,-10.0
4563,344270,111.0,8,120,0.062171,1.7873,True,False,body,80.0,41.0,-10.0
4564,344386,72.0,5,116,0.062153,1.638,True,False,wall,50.0,32.0,-10.0
4565,344636,78.0,5,250,0.062115,1.6061,True,False,body,50.0,38.0,-10.0
4566,344680,6.0,1,44,0.062108,1.5655,True,False,wall,10.0,6.0,-10.0
4567,344844,92.0,5,164,0.062084,1.5816,True,False,wall,50.0,52.0,-10.0
4568,344929,107.0,7,85,0.062071,1.5757,True,False,body,70.0,47.0,-10.0
4569,345013,88.0,5,84,0.062058,1.6449,True,False,body,50.0,48.0,-10.0
4570,345071,34.0,3,58,0.062049,1.5682,True,False,wall,30.0,14.0,-10.0
4571,345196,92.0,6,125,0.06203,1.5463,True,False,body,60.0,42.0,-10.0
4572,345279,99.0,7,83,0.062018,1.5315,True,False,body,70.0,39.0,-10.0
4573,345355,68.0,5,76,0.062007,1.657,True,False,body,50.0,28.0,-10.0
4574,345490,96.0,4,135,0.061986,1.6481,True,False,body,40.0,66.0,-10.0
4575,345568,75.0,4,78,0.061975,1.628,True,False,body,40.0,45.0,-10.0
4576,345684,60.0,3,116,0.061957,1.6032,True,False,body,30.0,40.0,-10.0
4577,345787,53.0,3,103,0.061942,1.5656,True,False,body,30.0,33.0,-10.0
4578,345803,10.0,1,16,0.06194,1.4354,True,False,wall,10.0,10.0,-10.0
4579,345906,74.0,4,103,0.061924,1.6074,True,False,body,40.0,44.0,-10.0
4580,346046,66.0,3,140,0.061903,1.5093,True,False,body,30.0,46.0,-10.0
4581,346221,99.0,5,175,0.061877,1.4869,True,False,body,50.0,59.0,-10.0
4582,346262,45.0,3,41,0.061871,1.4705,True,False,body,30.0,25.0,-10.0
4583,346353,89.0,5,91,0.061858,1.6348,True,False,wall,50.0,49.0,-10.0
4584,346428,75.0,5,75,0.061847,1.5311,True,False,body,50.0,35.0,-10.0
4585,346506,48.0,3,78,0.061835,1.6182,True,False,body,30.0,28.0,-10.0
4586,346596,54.0,3,90,0.061822,1.5657,True,False,body,30.0,34.0,-10.0
4587,346698,54.0,3,102,0.061807,1.5694,True,False,body,30.0,34.0,-10.0
4588,346769,88.0,4,71,0.061796,1.7722,True,False,body,40.0,58.0,-10.0
4589,346937,153.0,8,168,0.061772,1.5806,True,False,wall,80.0,83.0,-10.0
4590,347011,36.0,3,74,0.061761,1.5041,True,False,body,30.0,16.0,-10.0
4591,347154,81.0,5,143,0.06174,1.619,True,False,body,50.0,41.0,-10.0
4592,347308,52.0,3,154,0.061717,1.5869,True,False,body,30.0,32.0,-10.0
4593,347372,40.0,3,64,0.061708,1.6662,True,False,body,30.0,20.0,-10.0
4594,347455,77.0,5,83,0.061696,1.4922,True,False,body,50.0,37.0,-10.0
4595,347524,50.0,4,69,0.061685,1.5052,True,False,wall,40.0,20.0,-10.0
4596,347568,36.0,3,44,0.061679,1.5922,True,False,body,30.0,16.0,-10.0
4597,347611,47.0,3,43,0.061673,1.6315,True,False,wall,30.0,27.0,-10.0
4598,347738,97.0,5,127,0.061654,1.6145,True,False,wall,50.0,57.0,-10.0
4599,347829,68.0,4,91,0.061641,1.6479,True,False,wall,40.0,38.0,-10.0
4600,347867,54.0,3,38,0.061635,1.4669,True,False,wall,30.0,34.0,-10.0
4601,347929,62.0,5,62,0.061626,1.5749,True,False,body,50.0,22.0,-10.0
4602,348135,72.0,5,206,0.061597,1.6446,True,False,body,50.0,32.0,-10.0
4603,348191,65.0,4,56,0.061588,1.7189,True,False,wall,40.0,35.0,-10.0
4604,348437,81.0,4,246,0.061553,1.6158,True,False,body,40.0,51.0,-10.0
4605,348560,79.0,5,123,0.061535,1.5942,True,False,body,50.0,39.0,-10.0
4606,348635,57.0,3,75,0.061524,1.5075,True,False,body,30.0,37.0,-10.0
4607,348745,53.0,4,110,0.061508,1.5004,True,False,body,40.0,23.0,-10.0
4608,348830,87.0,5,85,0.061496,1.5875,True,False,wall,50.0,47.0,-10.0
4609,348956,116.0,7,126,0.061478,1.6327,True,False,body,70.0,56.0,-10.0
4610,349048,45.0,4,92,0.061465,1.4934,True,False,body,40.0,15.0,-10.0
4611,349087,43.0,3,39,0.061459,1.7218,True,False,body,30.0,23.0,-10.0
4612,349174,68.0,4,87,0.061447,1.5746,True,False,wall,40.0,38.0,-10.0
4613,349274,106.0,5,100,0.061433,1.5978,True,False,wall,50.0,66.0,-10.0
4614,349400,131.0,6,126,0.061415,1.5749,True,False,body,60.0,81.0,-10.0
4615,349446,46.0,3,46,0.061408,1.4756,True,False,body,30.0,26.0,-10.0
4616,349563,104.0,6,117,0.061391,1.5712,True,False,body,60.0,54.0,-10.0
4617,349625,65.0,4,62,0.061383,1.3992,True,False,body,40.0,35.0,-10.0
4618,349768,79.0,5,143,0.061362,1.5286,True,False,body,50.0,39.0,-10.0
4619,349823,57.0,3,55,0.061354,1.7076,True,False,body,30.0,37.0,-10.0
4620,349917,46.0,3,94,0.061341,1.4677,True,False,wall,30.0,26.0,-10.0
4621,349993,83.0,4,76,0.06133,1.4574,True,False,body,40.0,53.0,-10.0
4622,350059,46.0,3,66,0.061321,1.4928,True,False,body,30.0,26.0,-10.0
4623,350079,-5.0,0,20,0.061318,1.4495,True,False,wall,0.0,5.0,-10.0
4624,350162,58.0,4,83,0.061306,1.6162,True,False,body,40.0,28.0,-10.0
4625,350317,43.0,3,155,0.061285,1.6186,True,False,body,30.0,23.0,-10.0
4626,350489,131.0,8,172,0.06126,1.5741,True,False,wall,80.0,61.0,-10.0
4627,350550,27.0,3,61,0.061252,1.5592,True,False,body,30.0,7.0,-10.0
4628,350597,33.0,3,47,0.061245,1.6791,True,False,body,30.0,13.0,-10.0
4629,350651,64.0,3,54,0.061238,1.5485,True,False,body,30.0,44.0,-10.0
4630,350731,68.0,5,80,0.061226,1.6021,True,False,body,50.0,28.0,-10.0
4631,350802,57.0,3,71,0.061216,1.7606,True,False,body,30.0,37.0,-10.0
4632,350901,122.0,8,99,0.061202,1.6761,True,False,wall,80.0,52.0,-10.0
4633,350975,46.0,3,74,0.061192,1.7854,True,False,wall,30.0,26.0,-10.0
4634,351027,51.0,4,52,0.061185,1.6056,True,False,body,40.0,21.0,-10.0
4635,351189,115.0,6,162,0.061162,1.6024,True,False,body,60.0,65.0,-10.0
4636,351279,108.0,7,90,0.06115,1.6372,True,False,body,70.0,48.0,-10.0
4637,351327,46.0,3,48,0.061143,1.6331,True,False,body,30.0,26.0,-10.0
4638,351362,37.0,3,35,0.061138,1.5332,True,False,body,30.0,17.0,-10.0
4639,351460,59.0,4,98,0.061124,1.7348,True,False,body,40.0,29.0,-10.0
4640,351525,76.0,4,65,0.061115,1.5805,True,False,body,40.0,46.0,-10.0
4641,351648,114.0,6,123,0.061098,1.6666,True,False,wall,60.0,64.0,-10.0
4642,351714,65.0,4,66,0.061089,1.4843,True,False,body,40.0,35.0,-10.0
4643,351754,35.0,2,40,0.061084,1.3919,True,False,wall,20.0,25.0,-10.0
4644,351894,102.0,5,140,0.061064,1.5497,True,False,body,50.0,62.0,-10.0
4645,351954,48.0,3,60,0.061056,1.5464,True,False,body,30.0,28.0,-10.0
4646,352008,62.0,3,54,0.061049,1.5974,True,False,body,30.0,42.0,-10.0
4647,352050,48.0,3,42,0.061043,1.6481,True,False,body,30.0,28.0,-10.0
4648,352119,65.0,3,69,0.061033,1.6298,True,False,body,30.0,45.0,-10.0
4649,352226,41.0,3,107,0.061018,1.684,True,False,body,30.0,21.0,-10.0
4650,352235,-2.0,0,9,0.061017,2.1333,True,False,wall,0.0,8.0,-10.0
4651,352277,50.0,3,42,0.061011,1.4518,True,False,body,30.0,30.0,-10.0
4652,352373,94.0,5,96,0.060998,1.3695,True,False,body,50.0,54.0,-10.0
4653,352464,41.0,3,91,0.060986,1.8485,True,False,body,30.0,21.0,-10.0
4654,352523,45.0,3,59,0.060978,1.5791,True,False,body,30.0,25.0,-10.0
4655,352605,74.0,5,82,0.060966,1.5565,True,False,body,50.0,34.0,-10.0
4656,352783,103.0,6,178,0.060942,1.6205,True,False,wall,60.0,53.0,-10.0
4657,352878,45.0,3,95,0.060929,1.6738,True,False,body,30.0,25.0,-10.0
4658,352965,77.0,5,87,0.060917,1.6825,True,False,body,50.0,37.0,-10.0
4659,353095,155.0,8,130,0.060899,1.5724,True,False,body,80.0,85.0,-10.0
4660,353135,34.0,3,40,0.060894,1.7215,True,False,body,30.0,14.0,-10.0
4661,353251,86.0,5,116,0.060878,1.5913,True,False,body,50.0,46.0,-10.0
4662,353260,5.0,1,9,0.060877,2.0074,True,False,wall,10.0,5.0,-10.0
4663,353307,45.0,3,47,0.060871,1.792,True,False,body,30.0,25.0,-10.0
4664,353493,71.0,4,186,0.060845,1.6984,True,False,body,40.0,41.0,-10.0
4665,353582,85.0,5,89,0.060833,1.7359,True,False,body,50.0,45.0,-10.0
4666,353650,29.0,2,68,0.060824,1.7546,True,False,wall,20.0,19.0,-10.0
4667,353721,84.0,4,71,0.060814,1.7225,True,False,body,40.0,54.0,-10.0
4668,353793,52.0,3,72,0.060805,1.5601,True,False,body,30.0,32.0,-10.0
4669,353877,54.0,3,84,0.060793,1.5724,True,False,body,30.0,34.0,-10.0
4670,353999,88.0,5,122,0.060777,1.6713,True,False,wall,50.0,48.0,-10.0
4671,354086,101.0,5,87,0.060765,1.7768,True,False,body,50.0,61.0,-10.0
4672,354106,8.0,1,20,0.060763,1.5117,True,False,wall,10.0,8.0,-10.0
4673,354182,56.0,3,76,0.060752,1.566,True,False,body,30.0,36.0,-10.0
4674,354261,50.0,4,79,0.060742,1.7722,True,False,body,40.0,20.0,-10.0
4675,354308,52.0,4,47,0.060735,1.6481,True,False,body,40.0,22.0,-10.0
4676,354338,36.0,3,30,0.060731,1.6353,True,False,body,30.0,16.0,-10.0
4677,354410,46.0,3,72,0.060722,1.5605,True,False,body,30.0,26.0,-10.0
4678,354483,47.0,3,73,0.060712,1.7673,True,False,body,30.0,27.0,-10.0
4679,354616,106.0,6,133,0.060694,1.6005,True,False,wall,60.0,56.0,-10.0
4680,354770,64.0,3,154,0.060674,1.6071,True,False,body,30.0,44.0,-10.0
4681,354923,78.0,4,153,0.060653,1.5421,True,False,body,40.0,48.0,-10.0
4682,355016,59.0,3,93,0.060641,1.5933,True,False,body,30.0,39.0,-10.0
4683,355097,71.0,5,81,0.06063,1.6232,True,False,body,50.0,31.0,-10.0
4684,355257,140.0,7,160,0.060609,1.5496,True,False,body,70.0,80.0,-10.0
4685,355392,111.0,5,135,0.060591,1.6534,True,False,wall,50.0,71.0,-10.0
4686,355516,123.0,6,124,0.060574,1.6494,True,False,body,60.0,73.0,-10.0
4687,355599,53.0,3,83,0.060564,1.6918,True,False,body,30.0,33.0,-10.0
4688,355694,68.0,4,95,0.060551,1.6513,True,False,body,40.0,38.0,-10.0
4689,355755,64.0,4,61,0.060543,1.5389,True,False,body,40.0,34.0,-10.0
4690,355910,103.0,7,155,0.060523,1.7768,True,False,body,70.0,43.0,-10.0
4691,355975,59.0,3,65,0.060514,1.7383,True,False,body,30.0,39.0,-10.0
4692,356087,94.0,5,112,0.060499,1.6172,True,False,body,50.0,54.0,-10.0
4693,356116,33.0,3,29,0.060495,1.694,True,False,body,30.0,13.0,-10.0
4694,356282,50.0,3,166,0.060474,1.7632,True,False,body,30.0,30.0,-10.0
4695,356318,36.0,3,36,0.060469,1.6354,True,False,body,30.0,16.0,-10.0
4696,356374,60.0,3,56,0.060462,1.6361,True,False,body,30.0,40.0,-10.0
4697,356470,79.0,4,96,0.060449,1.8799,True,False,body,40.0,49.0,-10.0
4698,356576,97.0,6,106,0.060435,1.7819,True,False,body,60.0,47.0,-10.0
4699,356619,49.0,3,43,0.06043,1.7891,True,False,body,30.0,29.0,-10.0
4700,356701,58.0,3,82,0.060419,1.685,True,False,body,30.0,38.0,-10.0
4701,356765,57.0,4,64,0.060411,1.6947,True,False,wall,40.0,27.0,-10.0
4702,356825,58.0,3,60,0.060403,1.665,True,False,wall,30.0,38.0,-10.0
4703,356948,100.0,6,123,0.060387,1.6652,True,False,wall,60.0,50.0,-10.0
4704,357029,85.0,5,81,0.060376,1.9583,True,False,wall,50.0,45.0,-10.0
4705,357060,39.0,3,31,0.060372,1.7103,True,False,body,30.0,19.0,-10.0
4706,357111,39.0,3,51,0.060366,1.7248,True,False,body,30.0,19.0,-10.0
4707,357147,38.0,3,36,0.060361,1.6882,True,False,wall,30.0,18.0,-10.0
4708,357552,156.0,8,405,0.060309,1.657,True,False,body,80.0,86.0,-10.0
4709,357616,58.0,3,64,0.060301,1.5975,True,False,body,30.0,38.0,-10.0
4710,357629,11.0,1,13,0.060299,1.373,True,False,wall,10.0,11.0,-10.0
4711,357678,43.0,3,49,0.060293,1.6293,True,False,body,30.0,23.0,-10.0
4712,357867,112.0,6,189,0.060268,1.6576,True,False,body,60.0,62.0,-10.0
4713,357945,60.0,3,78,0.060258,1.7287,True,False,body,30.0,40.0,-10.0
4714,358092,93.0,5,147,0.060239,1.6299,True,False,body,50.0,53.0,-10.0
4715,358142,58.0,3,50,0.060233,1.7717,True,False,body,30.0,38.0,-10.0
4716,358293,66.0,4,151,0.060214,1.5834,True,False,body,40.0,36.0,-10.0
4717,358391,75.0,4,98,0.060201,1.6964,True,False,body,40.0,45.0,-10.0
4718,358477,93.0,6,86,0.06019,1.6824,True,False,body,60.0,43.0,-10.0
4719,358651,99.0,6,174,0.060168,1.7584,True,False,body,60.0,49.0,-10.0
4720,358705,57.0,4,54,0.060161,1.8791,True,False,body,40.0,27.0,-10.0
4721,358788,55.0,3,83,0.060151,1.5943,True,False,body,30.0,35.0,-10.0
4722,358876,46.0,3,88,0.06014,1.5815,True,False,wall,30.0,26.0,-10.0
4723,358939,76.0,4,63,0.060132,1.7044,True,False,body,40.0,46.0,-10.0
4724,359067,35.0,2,128,0.060115,1.7019,True,False,wall,20.0,25.0,-10.0
4725,359159,52.0,3,92,0.060104,1.6786,True,False,wall,30.0,32.0,-10.0
4726,359253,94.0,5,94,0.060092,1.6336,True,False,body,50.0,54.0,-10.0
4727,359265,-3.0,0,12,0.06009,1.5761,True,False,wall,0.0,7.0,-10.0
4728,359418,45.0,3,153,0.060071,1.6506,True,False,body,30.0,25.0,-10.0
4729,359491,57.0,3,73,0.060062,1.5686,True,False,body,30.0,37.0,-10.0
4730,359632,66.0,4,141,0.060044,1.4946,True,False,wall,40.0,36.0,-10.0
4731,359699,61.0,3,67,0.060036,1.6177,True,False,body,30.0,41.0,-10.0
4732,359782,55.0,3,83,0.060025,1.6438,True,False,body,30.0,35.0,-10.0
4733,359891,102.0,4,109,0.060012,1.7001,True,False,body,40.0,72.0,-10.0
4734,359937,8.0,1,46,0.060006,1.5541,True,False,wall,10.0,8.0,-10.0
4735,360122,91.0,5,185,0.059983,1.717,True,False,body,50.0,51.0,-10.0
4736,360163,45.0,3,41,0.059978,1.6117,True,False,wall,30.0,25.0,-10.0
4737,360175,6.0,1,12,0.059976,1.5539,True,False,wall,10.0,6.0,-10.0
4738,360188,-6.0,0,13,0.059975,1.9102,True,False,wall,0.0,4.0,-10.0
4739,360262,56.0,3,74,0.059965,1.7585,True,False,body,30.0,36.0,-10.0
4740,360370,98.0,5,108,0.059952,1.6816,True,False,wall,50.0,58.0,-10.0
4741,360520,65.0,4,150,0.059933,1.7115,True,False,body,40.0,35.0,-10.0
4742,360679,38.0,2,159,0.059914,1.602,True,False,wall,20.0,28.0,-10.0
4743,360802,80.0,4,123,0.059898,1.7628,True,False,body,40.0,50.0,-10.0
4744,361021,47.0,3,219,0.059871,1.7205,True,False,body,30.0,27.0,-10.0
4745,361144,71.0,5,123,0.059856,1.695,True,False,body,50.0,31.0,-10.0
4746,361170,34.0,3,26,0.059853,1.5937,True,False,body,30.0,14.0,-10.0
4747,361391,126.0,6,221,0.059826,1.6654,True,False,body,60.0,76.0,-10.0
4748,361439,49.0,2,48,0.05982,1.5413,True,False,wall,20.0,39.0,-10.0
4749,361513,37.0,2,74,0.059811,1.7225,True,False,wall,20.0,27.0,-10.0
4750,361654,111.0,7,141,0.059794,1.6499,True,False,body,70.0,51.0,-10.0
4751,361779,120.0,6,125,0.059778,1.7743,True,False,wall,60.0,70.0,-10.0
4752,361845,76.0,5,66,0.05977,1.5881,True,False,body,50.0,36.0,-10.0
4753,361973,98.0,5,128,0.059755,1.7339,True,False,body,50.0,58.0,-10.0
4754,362058,51.0,3,85,0.059744,1.5382,True,False,body,30.0,31.0,-10.0
4755,362112,52.0,3,54,0.059738,1.5478,True,False,body,30.0,32.0,-10.0
4756,362209,92.0,4,97,0.059726,1.5626,True,False,body,40.0,62.0,-10.0
4757,362296,80.0,4,87,0.059715,1.56,True,False,wall,40.0,50.0,-10.0
4758,362362,80.0,5,66,0.059707,1.602,True,False,body,50.0,40.0,-10.0
4759,362407,39.0,3,45,0.059702,1.6136,True,False,wall,30.0,19.0,-10.0
4760,362469,23.0,2,62,0.059694,1.6948,True,False,wall,20.0,13.0,-10.0
4761,362488,7.0,1,19,0.059692,1.4446,True,False,wall,10.0,7.0,-10.0
4762,362627,34.0,2,139,0.059675,1.7124,True,False,wall,20.0,24.0,-10.0
4763,362675,42.0,3,48,0.059669,1.6477,True,False,body,30.0,22.0,-10.0
4764,362761,97.0,6,86,0.059659,1.7005,True,False,body,60.0,47.0,-10.0
4765,362790,41.0,3,29,0.059655,1.9218,True,False,body,30.0,21.0,-10.0
4766,362978,104.0,7,188,0.059633,1.6928,True,False,body,70.0,44.0,-10.0
4767,363023,48.0,4,45,0.059627,1.5598,True,False,body,40.0,18.0,-10.0
4768,363076,47.0,3,53,0.059621,1.6643,True,False,body,30.0,27.0,-10.0
4769,363212,73.0,4,136,0.059605,1.7677,True,False,body,40.0,43.0,-10.0
4770,363354,128.0,7,142,0.059588,1.671,True,False,wall,70.0,68.0,-10.0
4771,363576,184.0,9,222,0.059561,1.7357,True,False,body,90.0,104.0,-10.0
4772,363608,46.0,3,32,0.059557,1.5598,True,False,body,30.0,26.0,-10.0
4773,363628,34.0,3,20,0.059555,1.5749,True,False,body,30.0,14.0,-10.0
4774,363667,9.0,1,39,0.05955,1.8035,True,False,wall,10.0,9.0,-10.0
4775,363754,65.0,3,87,0.05954,1.5796,True,False,body,30.0,45.0,-10.0
4776,363840,75.0,4,86,0.05953,1.7174,True,False,wall,40.0,45.0,-10.0
4777,363970,65.0,4,130,0.059514,1.6423,True,False,body,40.0,35.0,-10.0
4778,364031,41.0,3,61,0.059507,1.6204,True,False,body,30.0,21.0,-10.0
4779,364073,56.0,3,42,0.059502,1.5876,True,False,body,30.0,36.0,-10.0
4780,364174,75.0,5,101,0.05949,1.8385,True,False,wall,50.0,35.0,-10.0
4781,364187,16.0,2,13,0.059488,1.6814,True,False,wall,20.0,6.0,-10.0
4782,364277,48.0,3,90,0.059478,1.6618,True,False,body,30.0,28.0,-10.0
4783,364308,24.0,2,31,0.059474,1.596,True,False,wall,20.0,14.0,-10.0
4784,364374,32.0,3,66,0.059466,1.5213,True,False,body,30.0,12.0,-10.0
4785,364552,59.0,4,178,0.059445,1.8084,True,False,body,40.0,29.0,-10.0
4786,364676,95.0,4,124,0.05943,1.813,True,False,body,40.0,65.0,-10.0
4787,364747,30.0,2,71,0.059422,1.8769,True,False,wall,20.0,20.0,-10.0
4788,364772,35.0,3,25,0.059419,1.8145,True,False,body,30.0,15.0,-10.0
4789,364826,52.0,3,54,0.059413,1.5989,True,False,body,30.0,32.0,-10.0
4790,365082,194.0,9,256,0.059383,1.7,True,False,body,90.0,114.0,-10.0
4791,365365,138.0,8,283,0.05935,1.6819,True,False,wall,80.0,68.0,-10.0
4792,365476,72.0,4,111,0.059337,1.7271,True,False,body,40.0,42.0,-10.0
4793,365591,80.0,4,115,0.059323,1.667,True,False,body,40.0,50.0,-10.0
4794,365671,50.0,3,80,0.059314,1.6909,True,False,body,30.0,30.0,-10.0
4795,365679,-7.0,0,8,0.059313,1.4863,True,False,wall,0.0,3.0,-10.0
4796,365736,43.0,3,57,0.059306,1.6298,True,False,body,30.0,23.0,-10.0
4797,365826,50.0,3,90,0.059296,1.6214,True,False,body,30.0,30.0,-10.0
4798,365910,69.0,4,84,0.059286,1.6435,True,False,wall,40.0,39.0,-10.0
4799,365988,72.0,5,78,0.059277,1.5695,True,False,wall,50.0,32.0,-10.0
4800,366069,17.0,1,81,0.059268,1.7262,True,False,wall,10.0,17.0,-10.0
4801,366161,101.0,6,92,0.059257,1.7471,True,False,body,60.0,51.0,-10.0
4802,366271,73.0,4,110,0.059244,1.756,True,False,body,40.0,43.0,-10.0
4803,366400,72.0,4,129,0.059229,1.6695,True,False,wall,40.0,42.0,-10.0
4804,366556,77.0,4,156,0.059211,1.5859,True,False,body,40.0,47.0,-10.0
4805,366642,57.0,4,86,0.059202,1.6281,True,False,body,40.0,27.0,-10.0
4806,366757,117.0,7,115,0.059188,1.5707,True,False,body,70.0,57.0,-10.0
4807,366808,40.0,2,51,0.059182,1.706,True,False,wall,20.0,30.0,-10.0
4808,366818,13.0,2,10,0.059181,1.8213,True,False,wall,20.0,3.0,-10.0
4809,366856,14.0,1,38,0.059177,1.6356,True,False,wall,10.0,14.0,-10.0
4810,367270,122.0,7,414,0.05913,1.562,True,False,body,70.0,62.0,-10.0
4811,367420,54.0,3,150,0.059112,1.7132,True,False,body,30.0,34.0,-10.0
4812,367563,105.0,5,143,0.059096,1.6719,True,False,body,50.0,65.0,-10.0
4813,367607,58.0,3,44,0.059091,1.6588,True,False,body,30.0,38.0,-10.0
4814,367678,48.0,4,71,0.059083,1.7254,True,False,wall,40.0,18.0,-10.0
4815,367699,15.0,1,21,0.059081,1.551,True,False,wall,10.0,15.0,-10.0
4816,367782,41.0,3,83,0.059071,1.8192,True,False,body,30.0,21.0,-10.0
4817,367910,59.0,4,128,0.059057,1.6089,True,False,body,40.0,29.0,-10.0
4818,368208,38.0,3,298,0.059023,1.5674,True,False,body,30.0,18.0,-10.0
4819,368302,83.0,4,94,0.059013,1.5714,True,False,body,40.0,53.0,-10.0
4820,368340,38.0,3,38,0.059008,1.6778,True,False,body,30.0,18.0,-10.0
4821,368404,70.0,5,64,0.059001,1.9275,True,False,body,50.0,30.0,-10.0
4822,368535,148.0,8,131,0.058986,1.7451,True,False,body,80.0,78.0,-10.0
4823,368588,71.0,5,53,0.05898,1.6689,True,False,body,50.0,31.0,-10.0
4824,368744,48.0,3,156,0.058963,1.5408,True,False,body,30.0,28.0,-10.0
4825,368826,52.0,3,82,0.058954,1.6305,True,False,body,30.0,32.0,-10.0
4826,368898,42.0,3,72,0.058946,1.6355,True,False,body,30.0,22.0,-10.0
4827,369038,91.0,6,140,0.05893,1.6541,True,False,body,60.0,41.0,-10.0
4828,369117,64.0,4,79,0.058921,1.5259,True,False,wall,40.0,34.0,-10.0
4829,369256,100.0,6,139,0.058906,1.5906,True,False,body,60.0,50.0,-10.0
4830,369405,108.0,6,149,0.058889,1.6871,True,False,body,60.0,58.0,-10.0
4831,369428,11.0,1,23,0.058887,1.5795,True,False,wall,10.0,11.0,-10.0
4832,369466,52.0,3,38,0.058882,1.6364,True,False,body,30.0,32.0,-10.0
4833,369597,105.0,5,131,0.058868,1.6344,True,False,body,50.0,65.0,-10.0
4834,369731,104.0,5,134,0.058853,1.7657,True,False,body,50.0,64.0,-10.0
4835,369783,-7.0,0,52,0.058847,1.8407,True,False,wall,0.0,3.0,-10.0
4836,369905,73.0,4,122,0.058834,1.7059,True,False,body,40.0,43.0,-10.0
4837,369949,34.0,3,44,0.058829,1.5002,True,False,body,30.0,14.0,-10.0
4838,369959,6.0,1,10,0.058828,1.7446,True,False,wall,10.0,6.0,-10.0
4839,370027,59.0,4,68,0.05882,1.5669,True,False,body,40.0,29.0,-10.0
4840,370071,29.0,2,44,0.058815,1.6974,True,False,wall,20.0,19.0,-10.0
4841,370146,76.0,4,75,0.058807,1.6345,True,False,body,40.0,46.0,-10.0
4842,370220,59.0,4,74,0.058799,1.586,True,False,wall,40.0,29.0,-10.0
4843,370282,64.0,3,62,0.058792,1.4816,True,False,body,30.0,44.0,-10.0
4844,370373,60.0,4,91,0.058782,1.5953,True,False,body,40.0,30.0,-10.0
4845,370490,75.0,5,117,0.058769,1.7198,True,False,body,50.0,35.0,-10.0
4846,370589,85.0,5,99,0.058759,1.6277,True,False,body,50.0,45.0,-10.0
4847,370683,79.0,4,94,0.058748,1.5756,True,False,body,40.0,49.0,-10.0
4848,370821,69.0,4,138,0.058733,1.7494,True,False,body,40.0,39.0,-10.0
4849,370925,53.0,4,104,0.058722,1.6292,True,False,body,40.0,23.0,-10.0
4850,371092,118.0,6,167,0.058704,1.6951,True,False,body,60.0,68.0,-10.0
4851,371135,43.0,3,43,0.058699,1.8178,True,False,body,30.0,23.0,-10.0
4852,371190,47.0,3,55,0.058693,1.8156,True,False,body,30.0,27.0,-10.0
4853,371276,68.0,5,86,0.058684,1.7233,True,False,body,50.0,28.0,-10.0
4854,371345,48.0,4,69,0.058676,1.7224,True,False,body,40.0,18.0,-10.0
4855,371527,88.0,5,182,0.058656,1.8732,True,False,body,50.0,48.0,-10.0
4856,371648,105.0,5,121,0.058643,1.8059,True,False,wall,50.0,65.0,-10.0
4857,371764,82.0,5,116,0.058631,1.8981,True,False,body,50.0,42.0,-10.0
4858,371853,74.0,4,89,0.058621,1.8733,True,False,body,40.0,44.0,-10.0
4859,371886,43.0,3,33,0.058618,1.8155,True,False,body,30.0,23.0,-10.0
4860,371900,19.0,2,14,0.058616,1.6698,True,False,wall,20.0,9.0,-10.0
4861,372004,58.0,3,104,0.058605,1.7573,True,False,body,30.0,38.0,-10.0
4862,372038,37.0,2,34,0.058601,1.6811,True,False,wall,20.0,27.0,-10.0
4863,372052,4.0,1,14,0.0586,1.539,True,False,wall,10.0,4.0,-10.0
4864,372098,35.0,2,46,0.058595,1.7253,True,False,wall,20.0,25.0,-10.0
4865,372135,35.0,3,37,0.058591,1.7605,True,False,body,30.0,15.0,-10.0
4866,372199,73.0,4,64,0.058584,1.6207,True,False,wall,40.0,43.0,-10.0
4867,372291,62.0,3,92,0.058574,1.7605,True,False,body,30.0,42.0,-10.0
4868,372374,51.0,3,83,0.058565,1.6657,True,False,body,30.0,31.0,-10.0
4869,372384,-3.0,0,10,0.058564,1.6573,True,False,wall,0.0,7.0,-10.0
4870,372455,58.0,4,71,0.058557,1.8033,True,False,wall,40.0,28.0,-10.0
4871,372615,105.0,6,160,0.05854,1.6257,True,False,body,60.0,55.0,-10.0
4872,372747,94.0,5,132,0.058525,1.6642,True,False,wall,50.0,54.0,-10.0
4873,372794,-12.0,0,47,0.05852,1.6143,True,False,wall,0.0,-2.0,-10.0
4874,372834,48.0,3,40,0.058516,1.8804,True,False,body,30.0,28.0,-10.0
4875,372905,49.0,3,71,0.058509,1.8275,True,False,body,30.0,29.0,-10.0
4876,373144,104.0,6,239,0.058483,1.6777,True,False,body,60.0,54.0,-10.0
4877,373161,13.0,1,17,0.058481,1.5141,True,False,wall,10.0,13.0,-10.0
4878,373277,95.0,6,116,0.058469,1.7464,True,False,wall,60.0,45.0,-10.0
4879,373419,127.0,6,142,0.058454,1.7056,True,False,body,60.0,77.0,-10.0
4880,373469,40.0,3,50,0.058449,1.515,True,False,body,30.0,20.0,-10.0
4881,373486,2.0,0,17,0.058447,1.4449,True,False,wall,0.0,12.0,-10.0
4882,373644,87.0,6,158,0.05843,1.6159,True,False,body,60.0,37.0,-10.0
4883,373729,39.0,3,85,0.058421,1.5405,True,False,body,30.0,19.0,-10.0
4884,373810,79.0,5,81,0.058413,1.7803,True,False,body,50.0,39.0,-10.0
4885,373891,59.0,3,81,0.058404,1.7773,True,False,body,30.0,39.0,-10.0
4886,373982,52.0,4,91,0.058395,1.6789,True,False,body,40.0,22.0,-10.0
4887,374051,47.0,3,69,0.058388,1.7904,True,False,body,30.0,27.0,-10.0
4888,374410,183.0,9,359,0.05835,1.7597,True,False,body,90.0,103.0,-10.0
4889,374563,133.0,7,153,0.058334,1.739,True,False,body,70.0,73.0,-10.0
4890,374642,39.0,3,79,0.058326,1.8334,True,False,body,30.0,19.0,-10.0
4891,374749,68.0,4,107,0.058315,1.7345,True,False,body,40.0,38.0,-10.0
4892,374842,83.0,5,93,0.058305,1.6263,True,False,body,50.0,43.0,-10.0
4893,374903,43.0,3,61,0.058299,1.8455,True,False,body,30.0,23.0,-10.0
4894,374922,18.0,2,19,0.058297,1.7018,True,False,wall,20.0,8.0,-10.0
4895,374972,54.0,3,50,0.058292,2.1506,True,False,body,30.0,34.0,-10.0
4896,375012,49.0,4,40,0.058287,1.749,True,False,body,40.0,19.0,-10.0
4897,375221,98.0,6,209,0.058266,1.7704,True,False,body,60.0,48.0,-10.0
4898,375334,102.0,6,113,0.058254,1.674,True,False,body,60.0,52.0,-10.0
4899,375414,66.0,3,80,0.058246,1.9374,True,False,body,30.0,46.0,-10.0
4900,375542,92.0,5,128,0.058233,1.8864,True,False,wall,50.0,52.0,-10.0
4901,375682,63.0,4,140,0.058218,1.7611,True,False,body,40.0,33.0,-10.0
4902,375799,111.0,5,117,0.058206,1.7751,True,False,body,50.0,71.0,-10.0
4903,375887,79.0,4,88,0.058197,1.8977,True,False,body,40.0,49.0,-10.0
4904,376002,118.0,6,115,0.058186,1.8619,True,False,body,60.0,68.0,-10.0
4905,376097,68.0,4,95,0.058176,1.8438,True,False,body,40.0,38.0,-10.0
4906,376107,-5.0,0,10,0.058175,1.8329,True,False,wall,0.0,5.0,-10.0
4907,376168,85.0,5,61,0.058169,1.7723,True,False,body,50.0,45.0,-10.0
4908,376243,71.0,5,75,0.058161,1.7832,True,False,body,50.0,31.0,-10.0
4909,376368,90.0,6,125,0.058148,1.7051,True,False,body,60.0,40.0,-10.0
4910,376521,90.0,6,153,0.058133,1.7629,True,False,wall,60.0,40.0,-10.0
4911,376640,66.0,4,119,0.058121,1.71,True,False,body,40.0,36.0,-10.0
4912,376717,72.0,4,77,0.058113,1.9121,True,False,body,40.0,42.0,-10.0
4913,376807,90.0,5,90,0.058104,1.6925,True,False,wall,50.0,50.0,-10.0
4914,376871,74.0,5,64,0.058097,1.9019,True,False,wall,50.0,34.0,-10.0
4915,377005,59.0,4,134,0.058084,1.8805,True,False,body,40.0,29.0,-10.0
4916,377112,86.0,4,107,0.058073,1.8799,True,False,body,40.0,56.0,-10.0
4917,377122,6.0,1,10,0.058072,1.9785,True,False,wall,10.0,6.0,-10.0
4918,377192,64.0,3,70,0.058065,1.7155,True,False,body,30.0,44.0,-10.0
4919,377298,63.0,4,106,0.058054,1.6482,True,False,body,40.0,33.0,-10.0
4920,377415,92.0,6,117,0.058042,1.8029,True,False,body,60.0,42.0,-10.0
4921,377548,105.0,5,133,0.058029,1.7287,True,False,body,50.0,65.0,-10.0
4922,377669,82.0,4,121,0.058017,1.7662,True,False,body,40.0,52.0,-10.0
4923,377821,122.0,7,152,0.058002,1.7322,True,False,body,70.0,62.0,-10.0
4924,377889,-5.0,0,68,0.057995,1.7054,True,False,wall,0.0,5.0,-10.0
4925,378005,83.0,4,116,0.057983,1.6119,True,False,body,40.0,53.0,-10.0
4926,378117,119.0,6,112,0.057972,1.6954,True,False,body,60.0,69.0,-10.0
4927,378168,45.0,3,51,0.057967,1.7826,True,False,body,30.0,25.0,-10.0
4928,378280,99.0,6,112,0.057956,1.7726,True,False,wall,60.0,49.0,-10.0
4929,378364,94.0,5,84,0.057947,1.6497,True,False,body,50.0,54.0,-10.0
4930,378498,148.0,9,134,0.057934,1.6501,True,False,wall,90.0,68.0,-10.0
4931,378580,95.0,6,82,0.057926,1.6415,True,False,body,60.0,45.0,-10.0
4932,378642,44.0,3,62,0.05792,1.8437,True,False,body,30.0,24.0,-10.0
4933,378736,62.0,3,94,0.057911,1.8408,True,False,wall,30.0,42.0,-10.0
4934,378776,40.0,3,40,0.057907,1.8339,True,False,body,30.0,20.0,-10.0
4935,378810,40.0,3,34,0.057903,1.6776,True,False,body,30.0,20.0,-10.0
4936,378892,67.0,4,82,0.057895,1.9853,True,False,body,40.0,37.0,-10.0
4937,378929,37.0,3,37,0.057891,1.652,True,False,body,30.0,17.0,-10.0
4938,378985,44.0,3,56,0.057886,1.8001,True,False,body,30.0,24.0,-10.0
4939,379183,87.0,6,198,0.057866,1.6792,True,False,body,60.0,37.0,-10.0
4940,379387,155.0,8,204,0.057846,1.7438,True,False,wall,80.0,85.0,-10.0
4941,379466,96.0,6,79,0.057839,1.6859,True,False,body,60.0,46.0,-10.0
4942,379580,114.0,7,114,0.057828,1.7524,True,False,body,70.0,54.0,-10.0
4943,379699,89.0,5,119,0.057816,1.902,True,False,wall,50.0,49.0,-10.0
4944,379759,74.0,3,60,0.05781,1.8016,True,False,wall,30.0,54.0,-10.0
4945,379870,109.0,5,111,0.057799,1.7152,True,False,body,50.0,69.0,-10.0
4946,379937,75.0,5,67,0.057793,1.7302,True,False,body,50.0,35.0,-10.0
4947,380017,61.0,4,80,0.057785,1.8091,True,False,body,40.0,31.0,-10.0
4948,380136,93.0,5,119,0.057773,1.7805,True,False,body,50.0,53.0,-10.0
4949,380154,23.0,2,18,0.057772,1.7526,True,False,wall,20.0,13.0,-10.0
4950,380295,102.0,6,141,0.057758,1.6933,True,False,body,60.0,52.0,-10.0
4951,380337,38.0,3,42,0.057754,1.6716,True,False,body,30.0,18.0,-10.0
4952,380408,45.0,3,71,0.057747,1.8792,True,False,body,30.0,25.0,-10.0
4953,380473,59.0,3,65,0.057741,1.8942,True,False,body,30.0,39.0,-10.0
4954,380556,61.0,3,83,0.057733,1.7881,True,False,wall,30.0,41.0,-10.0
4955,380584,31.0,2,28,0.05773,1.852,True,False,wall,20.0,21.0,-10.0
4956,380637,66.0,4,53,0.057725,1.7677,True,False,body,40.0,36.0,-10.0
4957,380678,23.0,1,41,0.057721,2.0183,True,False,wall,10.0,23.0,-10.0
4958,380731,41.0,3,53,0.057716,1.8091,True,False,body,30.0,21.0,-10.0
4959,380825,92.0,5,94,0.057707,1.6365,True,False,wall,50.0,52.0,-10.0
4960,380946,94.0,4,121,0.057695,1.6953,True,False,body,40.0,64.0,-10.0
4961,380975,26.0,2,29,0.057692,1.743,True,False,wall,20.0,16.0,-10.0
4962,381042,49.0,3,67,0.057686,1.6126,True,False,body,30.0,29.0,-10.0
4963,381763,100.0,6,721,0.057617,1.6903,True,False,wall,60.0,50.0,-10.0
4964,381811,59.0,4,48,0.057612,1.6718,True,False,body,40.0,29.0,-10.0
4965,381892,39.0,3,81,0.057605,1.8758,True,False,wall,30.0,19.0,-10.0
4966,381941,30.0,2,49,0.0576,1.6317,True,False,wall,20.0,20.0,-10.0
4967,381975,53.0,4,34,0.057597,1.5383,True,False,wall,40.0,23.0,-10.0
4968,382051,54.0,3,76,0.057589,1.6301,True,False,body,30.0,34.0,-10.0
4969,382132,51.0,3,81,0.057582,1.9056,True,False,body,30.0,31.0,-10.0
4970,382219,93.0,5,87,0.057574,1.7783,True,False,body,50.0,53.0,-10.0
4971,382237,12.0,1,18,0.057572,2.2037,True,False,wall,10.0,12.0,-10.0
4972,382334,67.0,5,97,0.057563,1.7851,True,False,body,50.0,27.0,-10.0
4973,382390,44.0,3,56,0.057557,1.6418,True,False,body,30.0,24.0,-10.0
4974,382450,66.0,3,60,0.057552,1.6679,True,False,body,30.0,46.0,-10.0
4975,382501,25.0,1,51,0.057547,1.6829,True,False,wall,10.0,25.0,-10.0
4976,382567,58.0,3,66,0.057541,1.7056,True,False,body,30.0,38.0,-10.0
4977,382606,34.0,2,39,0.057537,1.9953,True,False,wall,20.0,24.0,-10.0
4978,382748,100.0,5,142,0.057524,1.9063,True,False,body,50.0,60.0,-10.0
4979,382881,36.0,2,133,0.057511,1.7228,True,False,wall,20.0,26.0,-10.0
4980,382985,71.0,4,104,0.057501,1.72,True,False,body,40.0,41.0,-10.0
4981,383039,50.0,3,54,0.057496,1.6632,True,False,body,30.0,30.0,-10.0
4982,383113,64.0,3,74,0.057489,1.6585,True,False,body,30.0,44.0,-10.0
4983,383185,73.0,4,72,0.057483,1.7229,True,False,body,40.0,43.0,-10.0
4984,383217,33.0,2,32,0.05748,1.7979,True,False,wall,20.0,23.0,-10.0
4985,383276,45.0,3,59,0.057474,1.6901,True,False,body,30.0,25.0,-10.0
4986,383285,7.0,1,9,0.057473,1.5669,True,False,wall,10.0,7.0,-10.0
4987,383344,72.0,4,59,0.057468,1.7032,True,False,wall,40.0,42.0,-10.0
4988,383450,52.0,3,106,0.057458,1.7496,True,False,body,30.0,32.0,-10.0
4989,383492,44.0,3,42,0.057454,1.8003,True,False,body,30.0,24.0,-10.0
4990,383582,54.0,3,90,0.057446,1.9054,True,False,wall,30.0,34.0,-10.0
4991,383683,123.0,7,101,0.057436,1.7676,True,False,body,70.0,63.0,-10.0
4992,383698,16.0,2,15,0.057435,1.5917,True,False,wall,20.0,6.0,-10.0
4993,383766,34.0,3,68,0.057428,1.5801,True,False,body,30.0,14.0,-10.0
4994,383852,66.0,3,86,0.05742,1.6339,True,False,body,30.0,46.0,-10.0
4995,383965,93.0,5,113,0.05741,1.8584,True,False,body,50.0,53.0,-10.0
4996,384011,45.0,2,46,0.057406,1.8345,True,False,wall,20.0,35.0,-10.0
4997,384108,62.0,4,97,0.057397,1.9142,True,False,wall,40.0,32.0,-10.0
4998,384293,94.0,6,185,0.05738,1.7993,True,False,body,60.0,44.0,-10.0
4999,384447,50.0,3,154,0.057366,1.815,True,False,body,30.0,30.0,-10.0
5000,384657,50.0,3,210,0.057346,1.7464,True,False,body,30.0,30.0,-10.0
5001,384697,34.0,3,40,0.057343,1.8406,True,False,body,30.0,14.0,-10.0
5002,384801,104.0,5,104,0.057333,1.6755,True,False,body,50.0,64.0,-10.0
5003,384901,102.0,7,100,0.057324,1.6649,True,False,wall,70.0,42.0,-10.0
5004,385162,70.0,4,261,0.0573,1.7032,True,False,body,40.0,40.0,-10.0
5005,385234,38.0,3,72,0.057293,1.8563,True,False,body,30.0,18.0,-10.0
5006,385406,117.0,6,172,0.057278,1.6492,True,False,body,60.0,67.0,-10.0
5007,385469,97.0,5,63,0.057272,1.6923,True,False,wall,50.0,57.0,-10.0
5008,385561,50.0,3,92,0.057264,1.8105,True,False,body,30.0,30.0,-10.0
5009,385621,61.0,4,60,0.057258,1.7819,True,False,body,40.0,31.0,-10.0
5010,385698,52.0,4,77,0.057251,1.7926,True,False,body,40.0,22.0,-10.0
5011,385712,6.0,1,14,0.05725,1.7395,True,False,wall,10.0,6.0,-10.0
5012,385852,80.0,5,140,0.057237,1.6001,True,False,body,50.0,40.0,-10.0
5013,385912,44.0,3,60,0.057232,1.7403,True,False,body,30.0,24.0,-10.0
5014,386011,122.0,6,99,0.057223,1.8529,True,False,body,60.0,72.0,-10.0
5015,386074,52.0,2,63,0.057217,1.785,True,False,wall,20.0,42.0,-10.0
5016,386173,95.0,5,99,0.057208,1.6741,True,False,body,50.0,55.0,-10.0
5017,386203,40.0,3,30,0.057206,1.6211,True,False,wall,30.0,20.0,-10.0
5018,386239,-5.0,0,36,0.057202,1.581,True,False,wall,0.0,5.0,-10.0
5019,386445,109.0,6,206,0.057184,1.7066,True,False,body,60.0,59.0,-10.0
5020,386482,43.0,3,37,0.057181,1.5974,True,False,body,30.0,23.0,-10.0
5021,386589,63.0,3,107,0.057171,1.7009,True,False,wall,30.0,43.0,-10.0
5022,386649,30.0,3,60,0.057166,1.953,True,False,body,30.0,10.0,-10.0
5023,386794,85.0,5,145,0.057153,1.6731,True,False,body,50.0,45.0,-10.0
5024,386867,57.0,3,73,0.057146,1.6711,True,False,wall,30.0,37.0,-10.0
5025,387070,118.0,8,203,0.057128,1.6123,True,False,body,80.0,48.0,-10.0
5026,387155,83.0,5,85,0.05712,1.8252,True,False,body,50.0,43.0,-10.0
5027,387225,90.0,5,70,0.057114,1.8636,True,False,wall,50.0,50.0,-10.0
5028,387367,126.0,7,142,0.057102,1.6934,True,False,wall,70.0,66.0,-10.0
5029,387480,86.0,4,113,0.057091,1.6717,True,False,body,40.0,56.0,-10.0
5030,387673,70.0,4,193,0.057074,1.6976,True,False,wall,40.0,40.0,-10.0
5031,387841,113.0,6,168,0.05706,1.6966,True,False,body,60.0,63.0,-10.0
5032,387938,69.0,5,97,0.057051,1.5963,True,False,body,50.0,29.0,-10.0
5033,387978,42.0,3,40,0.057047,1.6449,True,False,body,30.0,22.0,-10.0
5034,388020,48.0,3,42,0.057044,1.4763,True,False,body,30.0,28.0,-10.0
5035,388066,52.0,3,46,0.05704,1.6726,True,False,body,30.0,32.0,-10.0
5036,388152,61.0,4,86,0.057032,1.7828,True,False,body,40.0,31.0,-10.0
5037,388256,46.0,3,104,0.057023,1.5789,True,False,body,30.0,26.0,-10.0
5038,388332,66.0,3,76,0.057016,1.7384,True,False,body,30.0,46.0,-10.0
5039,388477,87.0,5,145,0.057004,1.646,True,False,body,50.0,47.0,-10.0
5040,388573,61.0,4,96,0.056995,1.5943,True,False,body,40.0,31.0,-10.0
5041,388640,51.0,3,67,0.056989,1.7216,True,False,body,30.0,31.0,-10.0
5042,388785,146.0,8,145,0.056977,1.8103,True,False,body,80.0,76.0,-10.0
5043,388867,50.0,3,82,0.05697,1.8131,True,False,body,30.0,30.0,-10.0
5044,388920,69.0,5,53,0.056965,1.8007,True,False,body,50.0,29.0,-10.0
5045,388934,-7.0,0,14,0.056964,1.6695,True,False,wall,0.0,3.0,-10.0
5046,388975,47.0,3,41,0.05696,1.6296,True,False,body,30.0,27.0,-10.0
5047,389045,38.0,3,70,0.056954,1.6638,True,False,body,30.0,18.0,-10.0
5048,389058,0.0,0,13,0.056953,1.6192,True,False,wall,0.0,10.0,-10.0
5049,389097,37.0,3,39,0.05695,1.9425,True,False,wall,30.0,17.0,-10.0
5050,389269,134.0,9,172,0.056935,1.8134,True,False,body,90.0,54.0,-10.0
5051,389297,-1.0,0,28,0.056932,1.7909,True,False,wall,0.0,9.0,-10.0
5052,389451,76.0,5,154,0.056919,1.7727,True,False,body,50.0,36.0,-10.0
5053,389623,104.0,5,172,0.056904,1.7798,True,False,wall,50.0,64.0,-10.0
5054,389639,19.0,2,16,0.056903,1.5676,True,False,wall,20.0,9.0,-10.0
5055,389708,59.0,3,69,0.056897,1.7432,True,False,wall,30.0,39.0,-10.0
5056,389810,61.0,4,102,0.056888,1.8318,True,False,wall,40.0,31.0,-10.0
5057,389867,33.0,3,57,0.056883,1.8203,True,False,body,30.0,13.0,-10.0
5058,389959,105.0,6,92,0.056875,1.6566,True,False,body,60.0,55.0,-10.0
5059,390037,72.0,5,78,0.056868,1.6982,True,False,body,50.0,32.0,-10.0
5060,390174,110.0,6,137,0.056857,1.6944,True,False,wall,60.0,60.0,-10.0
5061,390351,68.0,4,177,0.056842,1.7027,True,False,body,40.0,38.0,-10.0
5062,390374,31.0,3,23,0.05684,1.931,True,False,body,30.0,11.0,-10.0
5063,390449,64.0,4,75,0.056833,1.7736,True,False,body,40.0,34.0,-10.0
5064,390525,67.0,4,76,0.056827,1.8013,True,False,body,40.0,37.0,-10.0
5065,390677,106.0,5,152,0.056814,1.6582,True,False,body,50.0,66.0,-10.0
5066,390842,47.0,3,165,0.0568,1.6776,True,False,body,30.0,27.0,-10.0
5067,390887,55.0,3,45,0.056796,1.5789,True,False,body,30.0,35.0,-10.0
5068,390938,46.0,2,51,0.056791,1.7989,True,False,wall,20.0,36.0,-10.0
5069,390976,39.0,2,38,0.056788,1.4621,True,False,wall,20.0,29.0,-10.0
5070,391003,30.0,2,27,0.056786,1.8548,True,False,wall,20.0,20.0,-10.0
5071,391067,69.0,4,64,0.056781,1.7592,True,False,body,40.0,39.0,-10.0
5072,391103,42.0,3,36,0.056777,1.6928,True,False,body,30.0,22.0,-10.0
5073,391135,6.0,1,32,0.056775,2.1336,True,False,wall,10.0,6.0,-10.0
5074,391202,60.0,2,67,0.056769,1.7892,True,False,wall,20.0,50.0,-10.0
5075,391239,34.0,2,37,0.056766,1.7297,True,False,wall,20.0,24.0,-10.0
5076,391299,58.0,3,60,0.056761,1.8449,True,False,body,30.0,38.0,-10.0
5077,391364,43.0,3,65,0.056755,1.861,True,False,body,30.0,23.0,-10.0
5078,391432,46.0,3,68,0.05675,1.9853,True,False,wall,30.0,26.0,-10.0
5079,391515,41.0,3,83,0.056743,1.6761,True,False,body,30.0,21.0,-10.0
5080,391591,57.0,4,76,0.056736,1.6438,True,False,body,40.0,27.0,-10.0
5081,391693,91.0,6,102,0.056728,1.6472,True,False,wall,60.0,41.0,-10.0
5082,391799,64.0,3,106,0.056719,1.7805,True,False,body,30.0,44.0,-10.0
5083,391859,57.0,4,60,0.056714,1.5903,True,False,body,40.0,27.0,-10.0
5084,391926,70.0,4,67,0.056708,1.6379,True,False,body,40.0,40.0,-10.0
5085,391939,7.0,1,13,0.056707,1.4678,True,False,wall,10.0,7.0,-10.0
5086,392011,61.0,4,72,0.056701,1.9229,True,False,body,40.0,31.0,-10.0
5087,392082,88.0,6,71,0.056695,1.7816,True,False,body,60.0,38.0,-10.0
5088,392193,65.0,5,111,0.056686,1.7268,True,False,body,50.0,25.0,-10.0
5089,392270,57.0,3,77,0.056679,1.6888,True,False,body,30.0,37.0,-10.0
5090,392298,34.0,3,28,0.056677,1.6912,True,False,body,30.0,14.0,-10.0
5091,392318,19.0,2,20,0.056675,2.4502,True,False,wall,20.0,9.0,-10.0
5092,392658,178.0,9,340,0.056647,1.8389,True,False,body,90.0,98.0,-10.0
5093,392703,41.0,3,45,0.056643,1.7812,True,False,body,30.0,21.0,-10.0
5094,392783,92.0,5,80,0.056637,1.7384,True,False,body,50.0,52.0,-10.0
5095,392943,75.0,4,160,0.056623,1.6825,True,False,body,40.0,45.0,-10.0
5096,393089,61.0,4,146,0.056611,1.7094,True,False,body,40.0,31.0,-10.0
5097,393249,96.0,5,160,0.056598,1.7241,True,False,body,50.0,56.0,-10.0
5098,393351,61.0,4,102,0.05659,1.6909,True,False,body,40.0,31.0,-10.0
5099,393403,63.0,4,52,0.056585,1.6264,True,False,body,40.0,33.0,-10.0
5100,393550,49.0,3,147,0.056573,1.6727,True,False,wall,30.0,29.0,-10.0
5101,393612,49.0,4,62,0.056568,1.7484,True,False,body,40.0,19.0,-10.0
5102,393767,116.0,6,155,0.056556,1.8436,True,False,wall,60.0,66.0,-10.0
5103,393892,83.0,5,125,0.056545,1.6964,True,False,body,50.0,43.0,-10.0
5104,394053,89.0,5,161,0.056532,1.7136,True,False,body,50.0,49.0,-10.0
5105,394138,49.0,3,85,0.056525,1.6482,True,False,body,30.0,29.0,-10.0
5106,394215,52.0,4,77,0.056519,1.6804,True,False,body,40.0,22.0,-10.0
5107,394316,104.0,6,101,0.056511,1.7628,True,False,wall,60.0,54.0,-10.0
5108,394439,105.0,7,123,0.056501,1.6429,True,False,body,70.0,45.0,-10.0
5109,394591,123.0,6,152,0.056488,1.6928,True,False,body,60.0,73.0,-10.0
5110,394639,42.0,3,48,0.056484,1.6015,True,False,body,30.0,22.0,-10.0
5111,394690,41.0,3,51,0.05648,1.6804,True,False,body,30.0,21.0,-10.0
5112,394787,84.0,6,97,0.056472,1.6586,True,False,wall,60.0,34.0,-10.0
5113,394888,76.0,4,101,0.056464,1.6355,True,False,wall,40.0,46.0,-10.0
5114,394995,106.0,6,107,0.056456,1.7918,True,False,body,60.0,56.0,-10.0
5115,395035,59.0,4,40,0.056452,1.6204,True,False,wall,40.0,29.0,-10.0
5116,395132,74.0,4,97,0.056445,1.722,True,False,body,40.0,44.0,-10.0
5117,395258,122.0,7,126,0.056434,1.6421,True,False,body,70.0,62.0,-10.0
5118,395383,37.0,3,125,0.056424,1.6427,True,False,body,30.0,17.0,-10.0
5119,395440,47.0,3,57,0.05642,1.7731,True,False,body,30.0,27.0,-10.0
5120,395472,29.0,2,32,0.056417,1.5668,True,False,wall,20.0,19.0,-10.0
5121,395549,74.0,4,77,0.056411,1.7021,True,False,body,40.0,44.0,-10.0
5122,395664,72.0,4,115,0.056402,1.7806,True,False,wall,40.0,42.0,-10.0
5123,395824,97.0,6,160,0.056389,1.766,True,False,body,60.0,47.0,-10.0
5124,395886,50.0,3,62,0.056384,1.6427,True,False,body,30.0,30.0,-10.0
5125,395925,28.0,2,39,0.056381,1.7484,True,False,wall,20.0,18.0,-10.0
5126,396032,85.0,5,107,0.056373,1.7665,True,False,wall,50.0,45.0,-10.0
5127,396074,46.0,3,42,0.056369,1.6799,True,False,body,30.0,26.0,-10.0
5128,396161,53.0,3,87,0.056362,1.6721,True,False,body,30.0,33.0,-10.0
5129,396438,59.0,3,277,0.05634,1.7642,True,False,body,30.0,39.0,-10.0
5130,396455,-6.0,0,17,0.056339,1.5893,True,False,wall,0.0,4.0,-10.0
5131,396579,94.0,5,124,0.056329,1.7196,True,False,wall,50.0,54.0,-10.0
5132,396642,57.0,3,63,0.056324,1.6445,True,False,body,30.0,37.0,-10.0
5133,396800,127.0,6,158,0.056312,1.752,True,False,body,60.0,77.0,-10.0
5134,396953,70.0,4,153,0.0563,1.6844,True,False,body,40.0,40.0,-10.0
5135,397021,58.0,3,68,0.056294,1.7038,True,False,body,30.0,38.0,-10.0
5136,397118,91.0,5,97,0.056287,1.7603,True,False,body,50.0,51.0,-10.0
5137,397248,75.0,4,130,0.056276,1.6724,True,False,body,40.0,45.0,-10.0
5138,397312,46.0,3,64,0.056271,1.962,True,False,body,30.0,26.0,-10.0
5139,397333,15.0,1,21,0.05627,1.4884,True,False,wall,10.0,15.0,-10.0
5140,397463,104.0,5,130,0.05626,1.682,True,False,body,50.0,64.0,-10.0
5141,397487,38.0,3,24,0.056258,1.6529,True,False,wall,30.0,18.0,-10.0
5142,397680,116.0,6,193,0.056243,1.7775,True,False,body,60.0,66.0,-10.0
5143,397717,38.0,2,37,0.05624,1.6131,True,False,wall,20.0,28.0,-10.0
5144,397848,96.0,6,131,0.056229,1.8615,True,False,body,60.0,46.0,-10.0
5145,397910,86.0,5,62,0.056225,1.8732,True,False,body,50.0,46.0,-10.0
5146,397961,62.0,4,51,0.056221,1.8519,True,False,body,40.0,32.0,-10.0
5147,398046,91.0,5,85,0.056214,1.7912,True,False,body,50.0,51.0,-10.0
5148,398113,34.0,2,67,0.056209,1.7511,True,False,wall,20.0,24.0,-10.0
5149,398126,9.0,1,13,0.056208,1.7733,True,False,wall,10.0,9.0,-10.0
5150,398305,43.0,3,179,0.056194,1.7162,True,False,body,30.0,23.0,-10.0
5151,398341,53.0,4,36,0.056191,1.7288,True,False,body,40.0,23.0,-10.0
5152,398423,93.0,4,82,0.056185,1.6808,True,False,body,40.0,63.0,-10.0
5153,398465,48.0,3,42,0.056182,1.8345,True,False,body,30.0,28.0,-10.0
5154,398581,105.0,6,116,0.056173,1.764,True,False,body,60.0,55.0,-10.0
5155,398722,95.0,5,141,0.056162,1.7944,True,False,body,50.0,55.0,-10.0
5156,398768,44.0,3,46,0.056158,1.723,True,False,wall,30.0,24.0,-10.0
5157,398872,52.0,3,104,0.05615,1.6593,True,False,body,30.0,32.0,-10.0
5158,398975,94.0,6,103,0.056142,1.6562,True,False,body,60.0,44.0,-10.0
5159,399002,26.0,2,27,0.05614,1.6603,True,False,wall,20.0,16.0,-10.0
5160,399062,55.0,4,60,0.056136,1.6297,True,False,body,40.0,25.0,-10.0
5161,399180,70.0,5,118,0.056127,1.6996,True,False,wall,50.0,30.0,-10.0
5162,399234,50.0,3,54,0.056122,1.6475,True,False,body,30.0,30.0,-10.0
5163,399387,79.0,5,153,0.056111,1.8094,True,False,body,50.0,39.0,-10.0
5164,399476,89.0,5,89,0.056104,1.6562,True,False,body,50.0,49.0,-10.0
5165,399510,44.0,3,34,0.056101,1.6528,True,False,body,30.0,24.0,-10.0
5166,399600,48.0,3,90,0.056095,1.6409,True,False,body,30.0,28.0,-10.0
5167,399700,93.0,6,100,0.056087,1.6592,True,False,body,60.0,43.0,-10.0
5168,399782,52.0,3,82,0.056081,1.6336,True,False,body,30.0,32.0,-10.0
5169,399859,53.0,3,77,0.056075,1.7709,True,False,wall,30.0,33.0,-10.0
5170,399890,7.0,1,31,0.056072,1.7608,True,False,wall,10.0,7.0,-10.0
5171,399961,55.0,3,71,0.056067,1.7426,True,False,body,30.0,35.0,-10.0
5172,400105,86.0,5,144,0.056056,1.8976,True,False,body,50.0,46.0,-10.0
5173,400195,73.0,4,90,0.056049,1.6242,True,False,body,40.0,43.0,-10.0
5174,400295,100.0,5,100,0.056042,1.8861,True,False,body,50.0,60.0,-10.0
5175,400368,66.0,4,73,0.056036,1.5431,True,False,body,40.0,36.0,-10.0
5176,400543,109.0,7,175,0.056023,1.8427,True,False,body,70.0,49.0,-10.0
5177,400610,55.0,3,67,0.056018,1.7597,True,False,body,30.0,35.0,-10.0
5178,400683,64.0,4,73,0.056013,1.6781,True,False,body,40.0,34.0,-10.0
5179,400813,83.0,4,130,0.056003,1.6199,True,False,body,40.0,53.0,-10.0
5180,400917,102.0,5,104,0.055995,1.6617,True,False,body,50.0,62.0,-10.0
5181,401068,104.0,6,151,0.055984,1.6721,True,False,wall,60.0,54.0,-10.0
5182,401103,39.0,3,35,0.055981,1.7063,True,False,wall,30.0,19.0,-10.0
5183,401175,57.0,4,72,0.055976,1.866,True,False,body,40.0,27.0,-10.0
5184,401275,61.0,4,100,0.055968,1.6063,True,False,body,40.0,31.0,-10.0
5185,401335,50.0,3,60,0.055964,2.3131,True,False,wall,30.0,30.0,-10.0
5186,401519,122.0,7,184,0.05595,1.6709,True,False,body,70.0,62.0,-10.0
5187,401681,72.0,5,162,0.055938,1.6953,True,False,body,50.0,32.0,-10.0
5188,401774,70.0,4,93,0.055931,1.6473,True,False,wall,40.0,40.0,-10.0
5189,401876,48.0,3,102,0.055924,1.8089,True,False,body,30.0,28.0,-10.0
5190,401925,44.0,2,49,0.05592,1.7476,True,False,wall,20.0,34.0,-10.0
5191,401979,58.0,3,54,0.055916,1.7741,True,False,body,30.0,38.0,-10.0
5192,402088,61.0,3,109,0.055908,1.6751,True,False,body,30.0,41.0,-10.0
5193,402216,120.0,7,128,0.055898,1.5295,True,False,wall,70.0,60.0,-10.0
5194,402302,73.0,4,86,0.055892,1.807,True,False,body,40.0,43.0,-10.0
5195,402451,70.0,4,149,0.055881,1.7147,True,False,body,40.0,40.0,-10.0
5196,402522,62.0,4,71,0.055876,1.673,True,False,wall,40.0,32.0,-10.0
5197,402631,85.0,5,109,0.055868,1.6703,True,False,body,50.0,45.0,-10.0
5198,402711,101.0,6,80,0.055862,1.7191,True,False,body,60.0,51.0,-10.0
5199,402823,67.0,4,112,0.055854,1.6775,True,False,body,40.0,37.0,-10.0
5200,402913,54.0,3,90,0.055847,1.6822,True,False,wall,30.0,34.0,-10.0
5201,403015,73.0,4,102,0.05584,1.7312,True,False,body,40.0,43.0,-10.0
5202,403089,61.0,4,74,0.055834,1.6036,True,False,body,40.0,31.0,-10.0
5203,403152,51.0,3,63,0.05583,1.5499,True,False,body,30.0,31.0,-10.0
5204,403250,89.0,4,98,0.055823,1.8411,True,False,body,40.0,59.0,-10.0
5205,403291,36.0,2,41,0.05582,1.8568,True,False,wall,20.0,26.0,-10.0
5206,403327,20.0,1,36,0.055817,1.8592,True,False,wall,10.0,20.0,-10.0
5207,403394,74.0,4,67,0.055812,1.7361,True,False,wall,40.0,44.0,-10.0
5208,403453,77.0,5,59,0.055808,1.5879,True,False,body,50.0,37.0,-10.0
5209,403617,65.0,4,164,0.055796,1.712,True,False,body,40.0,35.0,-10.0
5210,403696,58.0,4,79,0.05579,1.8093,True,False,body,40.0,28.0,-10.0
5211,403755,55.0,3,59,0.055786,1.665,True,False,body,30.0,35.0,-10.0
5212,403873,83.0,4,118,0.055778,1.7153,True,False,body,40.0,53.0,-10.0
5213,403963,77.0,4,90,0.055771,1.6983,True,False,body,40.0,47.0,-10.0
5214,404067,70.0,5,104,0.055764,1.6789,True,False,body,50.0,30.0,-10.0
5215,404148,58.0,4,81,0.055758,1.7751,True,False,body,40.0,28.0,-10.0
5216,404268,99.0,6,120,0.055749,1.8203,True,False,body,60.0,49.0,-10.0
5217,404308,48.0,3,40,0.055746,1.6498,True,False,body,30.0,28.0,-10.0
5218,404387,51.0,3,79,0.055741,1.5773,True,False,body,30.0,31.0,-10.0
5219,404431,48.0,3,44,0.055737,1.831,True,False,body,30.0,28.0,-10.0
5220,404461,34.0,3,30,0.055735,1.7985,True,False,body,30.0,14.0,-10.0
5221,404511,55.0,4,50,0.055732,1.9971,True,False,wall,40.0,25.0,-10.0
5222,404584,48.0,4,73,0.055726,1.8642,True,False,body,40.0,18.0,-10.0
5223,404653,68.0,4,69,0.055722,1.8785,True,False,body,40.0,38.0,-10.0
5224,404680,31.0,3,27,0.05572,1.8877,True,False,body,30.0,11.0,-10.0
5225,404813,51.0,3,133,0.05571,1.9851,True,False,wall,30.0,31.0,-10.0
5226,404912,45.0,3,99,0.055703,1.6973,True,False,body,30.0,25.0,-10.0
5227,404942,-7.0,0,30,0.055701,2.0184,True,False,wall,0.0,3.0,-10.0
5228,405023,55.0,3,81,0.055695,1.9622,True,False,body,30.0,35.0,-10.0
5229,405105,69.0,4,82,0.055689,1.8002,True,False,body,40.0,39.0,-10.0
5230,405303,115.0,6,198,0.055675,1.8718,True,False,wall,60.0,65.0,-10.0
5231,405323,23.0,2,20,0.055674,1.7424,True,False,wall,20.0,13.0,-10.0
5232,405450,63.0,3,127,0.055665,1.8022,True,False,body,30.0,43.0,-10.0
5233,405505,50.0,4,55,0.055661,2.0354,True,False,body,40.0,20.0,-10.0
5234,405559,40.0,3,54,0.055657,1.5127,True,False,body,30.0,20.0,-10.0
5235,405586,24.0,2,27,0.055655,1.6975,True,False,wall,20.0,14.0,-10.0
5236,405617,20.0,2,31,0.055653,1.5925,True,False,wall,20.0,10.0,-10.0
5237,405658,35.0,3,41,0.05565,1.7217,True,False,body,30.0,15.0,-10.0
5238,405757,67.0,3,99,0.055643,1.8212,True,False,body,30.0,47.0,-10.0
5239,405827,58.0,3,70,0.055638,1.7551,True,False,body,30.0,38.0,-10.0
5240,405895,44.0,3,68,0.055633,1.9575,True,False,body,30.0,24.0,-10.0
5241,406030,120.0,6,135,0.055624,1.7035,True,False,body,60.0,70.0,-10.0
5242,406216,98.0,5,186,0.055611,1.7959,True,False,body,50.0,58.0,-10.0
5243,406273,31.0,3,57,0.055607,1.7664,True,False,body,30.0,11.0,-10.0
5244,406540,79.0,5,267,0.055588,1.8218,True,False,body,50.0,39.0,-10.0
5245,406564,36.0,3,24,0.055586,1.8619,True,False,body,30.0,16.0,-10.0
5246,406649,51.0,3,85,0.055581,1.7021,True,False,body,30.0,31.0,-10.0
5247,406733,54.0,3,84,0.055575,1.797,True,False,body,30.0,34.0,-10.0
5248,406851,101.0,6,118,0.055566,1.6319,True,False,body,60.0,51.0,-10.0
5249,406947,80.0,5,96,0.05556,1.913,True,False,body,50.0,40.0,-10.0
5250,407053,79.0,4,106,0.055552,1.7043,True,False,body,40.0,49.0,-10.0
5251,407146,69.0,5,93,0.055546,1.7492,True,False,body,50.0,29.0,-10.0
5252,407267,92.0,6,121,0.055538,1.827,True,False,body,60.0,42.0,-10.0
5253,407332,49.0,3,65,0.055533,1.7605,True,False,body,30.0,29.0,-10.0
5254,407503,102.0,6,171,0.055521,1.6506,True,False,body,60.0,52.0,-10.0
5255,407535,40.0,3,32,0.055519,1.8357,True,False,body,30.0,20.0,-10.0
5256,407573,34.0,3,38,0.055516,1.5234,True,False,body,30.0,14.0,-10.0
5257,407607,-3.0,0,34,0.055514,1.6313,True,False,wall,0.0,7.0,-10.0
5258,407716,79.0,5,109,0.055507,1.7339,True,False,body,50.0,39.0,-10.0
5259,407898,128.0,7,182,0.055494,1.7403,True,False,wall,70.0,68.0,-10.0
5260,408084,94.0,5,186,0.055481,1.7409,True,False,body,50.0,54.0,-10.0
5261,408167,63.0,3,83,0.055476,1.7134,True,False,body,30.0,43.0,-10.0
5262,408256,71.0,5,89,0.05547,1.7418,True,False,body,50.0,31.0,-10.0
5263,408277,-4.0,0,21,0.055468,2.007,True,False,wall,0.0,6.0,-10.0
5264,408364,72.0,4,87,0.055462,1.7382,True,False,body,40.0,42.0,-10.0
5265,408441,93.0,5,77,0.055457,1.9167,True,False,body,50.0,53.0,-10.0
5266,408506,65.0,5,65,0.055452,1.7991,True,False,body,50.0,25.0,-10.0
5267,408558,38.0,3,52,0.055449,1.6877,True,False,body,30.0,18.0,-10.0
5268,408578,32.0,3,20,0.055448,1.6258,True,False,body,30.0,12.0,-10.0
5269,408610,6.0,1,32,0.055445,2.1179,True,False,wall,10.0,6.0,-10.0
5270,408683,57.0,3,73,0.05544,1.9112,True,False,body,30.0,37.0,-10.0
5271,408822,74.0,4,139,0.055431,1.8491,True,False,wall,40.0,44.0,-10.0
5272,408866,40.0,3,44,0.055428,1.5951,True,False,body,30.0,20.0,-10.0
5273,408926,74.0,5,60,0.055424,1.7866,True,False,body,50.0,34.0,-10.0
5274,409138,127.0,6,212,0.05541,1.8286,True,False,body,60.0,77.0,-10.0
5275,409238,82.0,5,100,0.055403,1.91,True,False,body,50.0,42.0,-10.0
5276,409273,26.0,2,35,0.0554,1.878,True,False,wall,20.0,16.0,-10.0
5277,409315,40.0,3,42,0.055398,1.7488,True,False,body,30.0,20.0,-10.0
5278,409406,83.0,5,91,0.055391,1.7405,True,False,wall,50.0,43.0,-10.0
5279,409455,35.0,3,49,0.055388,1.7721,True,False,body,30.0,15.0,-10.0
5280,409478,33.0,3,23,0.055387,1.9974,True,False,body,30.0,13.0,-10.0
5281,409502,17.0,2,24,0.055385,1.645,True,False,wall,20.0,7.0,-10.0
5282,409567,62.0,4,65,0.055381,1.7743,True,False,body,40.0,32.0,-10.0
5283,409675,90.0,5,108,0.055373,1.6687,True,False,body,50.0,50.0,-10.0
5284,409815,98.0,5,140,0.055364,1.8148,True,False,wall,50.0,58.0,-10.0
5285,409872,50.0,4,57,0.05536,1.7092,True,False,wall,40.0,20.0,-10.0
5286,410123,97.0,7,251,0.055343,1.7527,True,False,body,70.0,37.0,-10.0
5287,410294,127.0,7,171,0.055332,1.7416,True,False,body,70.0,67.0,-10.0
5288,410334,39.0,2,40,0.055329,1.6198,True,False,wall,20.0,29.0,-10.0
5289,410381,35.0,3,47,0.055326,1.8836,True,False,body,30.0,15.0,-10.0
5290,410475,95.0,4,94,0.05532,1.6957,True,False,body,40.0,65.0,-10.0
5291,410503,36.0,3,28,0.055318,1.8063,True,False,body,30.0,16.0,-10.0
5292,410554,51.0,3,51,0.055315,1.7778,True,False,body,30.0,31.0,-10.0
5293,410674,77.0,4,120,0.055307,1.8276,True,False,body,40.0,47.0,-10.0
5294,410802,87.0,4,128,0.055298,1.747,True,False,body,40.0,57.0,-10.0
5295,410867,40.0,2,65,0.055294,2.0229,True,False,wall,20.0,30.0,-10.0
5296,411017,136.0,7,150,0.055284,1.8159,True,False,body,70.0,76.0,-10.0
5297,411104,64.0,4,87,0.055278,1.9697,True,False,body,40.0,34.0,-10.0
5298,411270,48.0,3,166,0.055267,1.783,True,False,body,30.0,28.0,-10.0
5299,411436,59.0,4,166,0.055256,1.7281,True,False,body,40.0,29.0,-10.0
5300,411521,87.0,5,85,0.055251,1.7271,True,False,body,50.0,47.0,-10.0
5301,411661,125.0,6,140,0.055242,1.771,True,False,body,60.0,75.0,-10.0
5302,411694,43.0,3,33,0.055239,1.7249,True,False,wall,30.0,23.0,-10.0
5303,411818,94.0,5,124,0.055231,1.7984,True,False,body,50.0,54.0,-10.0
5304,411848,40.0,3,30,0.055229,1.8822,True,False,body,30.0,20.0,-10.0
5305,411905,66.0,4,57,0.055226,1.9463,True,False,body,40.0,36.0,-10.0
5306,411925,-1.0,0,20,0.055224,2.0751,True,False,wall,0.0,9.0,-10.0
5307,411940,13.0,1,15,0.055223,1.8101,True,False,wall,10.0,13.0,-10.0
5308,412028,51.0,4,88,0.055218,1.8103,True,False,body,40.0,21.0,-10.0
5309,412123,93.0,5,95,0.055211,1.717,True,False,body,50.0,53.0,-10.0
5310,412195,44.0,3,72,0.055207,1.6604,True,False,body,30.0,24.0,-10.0
5311,412211,3.0,0,16,0.055206,2.1223,True,False,wall,0.0,13.0,-10.0
5312,412324,43.0,3,113,0.055198,1.8346,True,False,body,30.0,23.0,-10.0
5313,412399,80.0,4,75,0.055193,1.7461,True,False,body,40.0,50.0,-10.0
5314,412465,69.0,4,66,0.055189,1.9628,True,False,body,40.0,39.0,-10.0
5315,412512,45.0,3,47,0.055186,1.9366,True,False,body,30.0,25.0,-10.0
5316,412572,44.0,3,60,0.055182,1.6634,True,False,body,30.0,24.0,-10.0
5317,412696,99.0,6,124,0.055174,1.6801,True,False,body,60.0,49.0,-10.0
5318,412832,88.0,5,136,0.055165,1.7924,True,False,body,50.0,48.0,-10.0
5319,412900,50.0,3,68,0.055161,1.9377,True,False,body,30.0,30.0,-10.0
5320,412949,46.0,4,49,0.055158,1.8046,True,False,body,40.0,16.0,-10.0
5321,413101,64.0,3,152,0.055148,1.8964,True,False,wall,30.0,44.0,-10.0
5322,413309,131.0,6,208,0.055135,1.7878,True,False,wall,60.0,81.0,-10.0
5323,413354,62.0,4,45,0.055132,1.7248,True,False,body,40.0,32.0,-10.0
5324,413382,16.0,1,28,0.05513,1.5414,True,False,wall,10.0,16.0,-10.0
5325,413445,58.0,4,63,0.055126,1.6958,True,False,wall,40.0,28.0,-10.0
5326,413502,45.0,3,57,0.055122,1.798,True,False,body,30.0,25.0,-10.0
5327,413587,85.0,5,85,0.055117,1.8382,True,False,wall,50.0,45.0,-10.0
5328,413644,57.0,3,57,0.055113,1.8087,True,False,body,30.0,37.0,-10.0
5329,413777,79.0,5,133,0.055105,1.8821,True,False,body,50.0,39.0,-10.0
5330,413803,36.0,3,26,0.055103,1.7343,True,False,body,30.0,16.0,-10.0
5331,413855,48.0,3,52,0.0551,1.8084,True,False,body,30.0,28.0,-10.0
5332,413926,68.0,4,71,0.055095,2.0212,True,False,body,40.0,38.0,-10.0
5333,413983,39.0,3,57,0.055092,1.6403,True,False,body,30.0,19.0,-10.0
5334,414030,56.0,4,47,0.055089,1.7988,True,False,body,40.0,26.0,-10.0
5335,414117,98.0,6,87,0.055083,1.692,True,False,body,60.0,48.0,-10.0
5336,414173,12.0,1,56,0.05508,1.9239,True,False,wall,10.0,12.0,-10.0
5337,414234,55.0,3,61,0.055076,1.8024,True,False,body,30.0,35.0,-10.0
5338,414334,42.0,3,100,0.055069,1.9736,True,False,body,30.0,22.0,-10.0
5339,414474,84.0,5,140,0.055061,1.8803,True,False,body,50.0,44.0,-10.0
5340,414494,-3.0,0,20,0.055059,1.6459,True,False,wall,0.0,7.0,-10.0
5341,414519,48.0,4,25,0.055058,1.7316,True,False,wall,40.0,18.0,-10.0
5342,414589,71.0,4,70,0.055053,1.9023,True,False,body,40.0,41.0,-10.0
5343,414635,50.0,3,46,0.05505,1.8839,True,False,body,30.0,30.0,-10.0
5344,414706,47.0,3,71,0.055046,1.8734,True,False,body,30.0,27.0,-10.0
5345,414801,61.0,3,95,0.05504,1.6513,True,False,body,30.0,41.0,-10.0
5346,414890,73.0,3,89,0.055034,1.7475,True,False,body,30.0,53.0,-10.0
5347,415002,40.0,3,112,0.055027,1.7911,True,False,body,30.0,20.0,-10.0
5348,415032,40.0,3,30,0.055025,1.613,True,False,body,30.0,20.0,-10.0
5349,415105,53.0,3,73,0.055021,1.7741,True,False,body,30.0,33.0,-10.0
5350,415244,123.0,5,139,0.055012,1.859,True,False,body,50.0,83.0,-10.0
5351,415299,58.0,4,55,0.055009,1.7224,True,False,body,40.0,28.0,-10.0
5352,415391,52.0,3,92,0.055003,1.7038,True,False,body,30.0,32.0,-10.0
5353,415589,146.0,7,198,0.05499,1.7958,True,False,body,70.0,86.0,-10.0
5354,415605,8.0,1,16,0.054989,1.6149,True,False,wall,10.0,8.0,-10.0
5355,415737,117.0,6,132,0.054981,1.9009,True,False,body,60.0,67.0,-10.0
5356,415847,58.0,5,110,0.054974,1.715,True,False,wall,50.0,18.0,-10.0
5357,415874,0.0,0,27,0.054973,1.7115,True,False,wall,0.0,10.0,-10.0
5358,415987,89.0,5,113,0.054966,1.926,True,False,wall,50.0,49.0,-10.0
5359,416026,53.0,3,39,0.054963,1.5085,True,False,body,30.0,33.0,-10.0
5360,416063,37.0,3,37,0.054961,2.295,True,False,body,30.0,17.0,-10.0
5361,416173,89.0,6,110,0.054954,1.7403,True,False,body,60.0,39.0,-10.0
5362,416291,2.0,1,118,0.054947,1.8504,True,False,wall,10.0,2.0,-10.0
5363,416350,57.0,3,59,0.054943,1.9419,True,False,body,30.0,37.0,-10.0
5364,416486,117.0,6,136,0.054935,1.7325,True,False,body,60.0,67.0,-10.0
5365,416596,90.0,5,110,0.054928,1.8755,True,False,body,50.0,50.0,-10.0
5366,416809,146.0,8,213,0.054915,1.7254,True,False,wall,80.0,76.0,-10.0
5367,416881,62.0,3,72,0.054911,1.982,True,False,body,30.0,42.0,-10.0
5368,417073,87.0,6,192,0.054899,1.8468,True,False,body,60.0,37.0,-10.0
5369,417131,61.0,4,58,0.054895,1.8123,True,False,body,40.0,31.0,-10.0
5370,417153,-3.0,0,22,0.054894,1.8365,True,False,wall,0.0,7.0,-10.0
5371,417455,109.0,8,302,0.054875,1.8664,True,False,body,80.0,39.0,-10.0
5372,417584,114.0,6,129,0.054868,1.7155,True,False,body,60.0,64.0,-10.0
5373,417653,86.0,4,69,0.054863,1.9137,True,False,body,40.0,56.0,-10.0
5374,417708,62.0,4,55,0.05486,1.6827,True,False,body,40.0,32.0,-10.0
5375,417854,105.0,6,146,0.054851,1.8857,True,False,body,60.0,55.0,-10.0
5376,418032,93.0,6,178,0.05484,1.7238,True,False,body,60.0,43.0,-10.0
5377,418147,69.0,5,115,0.054833,1.771,True,False,body,50.0,29.0,-10.0
5378,418189,42.0,3,42,0.054831,1.9448,True,False,body,30.0,22.0,-10.0
5379,418271,77.0,4,82,0.054826,1.7437,True,False,body,40.0,47.0,-10.0
5380,418421,86.0,5,150,0.054817,1.8181,True,False,body,50.0,46.0,-10.0
5381,418779,144.0,9,358,0.054795,1.759,True,False,wall,90.0,64.0,-10.0
5382,418808,41.0,3,29,0.054794,1.9198,True,False,body,30.0,21.0,-10.0
5383,418832,8.0,1,24,0.054792,1.8686,True,False,wall,10.0,8.0,-10.0
5384,418945,74.0,4,113,0.054785,1.8489,True,False,body,40.0,44.0,-10.0
5385,419253,126.0,7,308,0.054767,1.8278,True,False,body,70.0,66.0,-10.0
5386,419297,12.0,1,44,0.054764,2.0006,True,False,wall,10.0,12.0,-10.0
5387,419353,39.0,2,56,0.054761,1.8684,True,False,wall,20.0,29.0,-10.0
5388,419417,67.0,4,64,0.054757,1.7657,True,False,wall,40.0,37.0,-10.0
5389,419447,30.0,3,30,0.054756,1.9156,True,False,body,30.0,10.0,-10.0
5390,419614,106.0,6,167,0.054746,1.7576,True,False,body,60.0,56.0,-10.0
5391,419707,105.0,5,93,0.05474,1.7553,True,False,body,50.0,65.0,-10.0
5392,419781,61.0,4,74,0.054736,1.7302,True,False,body,40.0,31.0,-10.0
5393,419915,67.0,4,134,0.054728,1.7329,True,False,body,40.0,37.0,-10.0
5394,419931,-5.0,0,16,0.054727,1.5111,True,False,wall,0.0,5.0,-10.0
5395,419966,37.0,3,35,0.054725,1.8163,True,False,body,30.0,17.0,-10.0
5396,420020,60.0,3,54,0.054722,1.6854,True,False,body,30.0,40.0,-10.0
5397,420101,87.0,5,81,0.054717,1.6419,True,False,body,50.0,47.0,-10.0
5398,420238,109.0,7,137,0.054709,1.6201,True,False,body,70.0,49.0,-10.0
5399,420302,42.0,3,64,0.054705,1.8093,True,False,body,30.0,22.0,-10.0
5400,420361,44.0,2,59,0.054702,1.8132,True,False,wall,20.0,34.0,-10.0
5401,420412,55.0,3,51,0.054699,1.8674,True,False,wall,30.0,35.0,-10.0
5402,420576,107.0,6,164,0.054689,1.725,True,False,body,60.0,57.0,-10.0
5403,420880,146.0,9,304,0.054671,1.7628,True,False,wall,90.0,66.0,-10.0
5404,420956,53.0,4,76,0.054667,1.682,True,False,body,40.0,23.0,-10.0
5405,420997,32.0,2,41,0.054664,2.0589,True,False,wall,20.0,22.0,-10.0
5406,421138,96.0,4,141,0.054656,1.8888,True,False,body,40.0,66.0,-10.0
5407,421260,96.0,5,122,0.054649,1.8148,True,False,body,50.0,56.0,-10.0
5408,421366,107.0,6,106,0.054643,1.9345,True,False,wall,60.0,57.0,-10.0
5409,421526,110.0,7,160,0.054634,1.7967,True,False,body,70.0,50.0,-10.0
5410,421594,40.0,3,68,0.05463,1.8663,True,False,body,30.0,20.0,-10.0
5411,421614,14.0,1,20,0.054628,1.5737,True,False,wall,10.0,14.0,-10.0
5412,421682,41.0,2,68,0.054625,1.802,True,False,wall,20.0,31.0,-10.0
5413,421738,52.0,3,56,0.054621,1.8374,True,False,wall,30.0,32.0,-10.0
5414,421801,33.0,3,63,0.054618,1.7706,True,False,body,30.0,13.0,-10.0
5415,421823,19.0,2,22,0.054616,2.0582,True,False,wall,20.0,9.0,-10.0
5416,421854,39.0,3,31,0.054615,1.9702,True,False,wall,30.0,19.0,-10.0
5417,421871,7.0,1,17,0.054614,1.6161,True,False,wall,10.0,7.0,-10.0
5418,422025,80.0,5,154,0.054605,1.7918,True,False,body,50.0,40.0,-10.0
5419,422146,85.0,5,121,0.054598,1.7805,True,False,body,50.0,45.0,-10.0
5420,422198,58.0,3,52,0.054595,1.9844,True,False,body,30.0,38.0,-10.0
5421,422353,93.0,5,155,0.054586,1.7506,True,False,body,50.0,53.0,-10.0
5422,422506,80.0,4,153,0.054577,1.7294,True,False,body,40.0,50.0,-10.0
5423,422639,118.0,6,133,0.05457,1.8626,True,False,body,60.0,68.0,-10.0
5424,422694,53.0,3,55,0.054566,1.7025,True,False,body,30.0,33.0,-10.0
5425,422816,48.0,3,122,0.054559,1.7442,True,False,wall,30.0,28.0,-10.0
5426,422942,81.0,4,126,0.054552,1.945,True,False,body,40.0,51.0,-10.0
5427,422993,50.0,4,51,0.054549,1.7535,True,False,body,40.0,20.0,-10.0
5428,423060,53.0,3,67,0.054546,2.0058,True,False,body,30.0,33.0,-10.0
5429,423115,47.0,3,55,0.054542,1.8403,True,False,body,30.0,27.0,-10.0
5430,423352,146.0,8,237,0.054529,1.8287,True,False,body,80.0,76.0,-10.0
5431,423440,90.0,5,88,0.054524,1.7523,True,False,wall,50.0,50.0,-10.0
5432,423503,39.0,3,63,0.05452,1.8435,True,False,body,30.0,19.0,-10.0
5433,423515,1.0,0,12,0.05452,1.5525,True,False,wall,0.0,11.0,-10.0
5434,423594,59.0,3,79,0.054515,1.7893,True,False,wall,30.0,39.0,-10.0
5435,423642,55.0,4,48,0.054513,2.0047,True,False,body,40.0,25.0,-10.0
5436,423697,51.0,3,55,0.054509,1.9006,True,False,body,30.0,31.0,-10.0
5437,423897,83.0,4,200,0.054498,1.7437,True,False,body,40.0,53.0,-10.0
5438,423979,44.0,3,82,0.054494,1.8046,True,False,body,30.0,24.0,-10.0
5439,424036,51.0,3,57,0.05449,1.9587,True,False,body,30.0,31.0,-10.0
5440,424156,110.0,5,120,0.054484,1.8216,True,False,body,50.0,70.0,-10.0
5441,424322,61.0,4,166,0.054474,1.7825,True,False,body,40.0,31.0,-10.0
5442,424404,97.0,6,82,0.05447,1.7801,True,False,body,60.0,47.0,-10.0
5443,424478,82.0,5,74,0.054466,2.0016,True,False,body,50.0,42.0,-10.0
5444,424645,119.0,7,167,0.054456,1.7686,True,False,body,70.0,59.0,-10.0
5445,424687,20.0,1,42,0.054454,1.807,True,False,wall,10.0,20.0,-10.0
5446,424857,122.0,7,170,0.054445,1.7449,True,False,body,70.0,62.0,-10.0
5447,424948,60.0,4,91,0.05444,1.7581,True,False,body,40.0,30.0,-10.0
5448,424998,44.0,3,50,0.054437,2.1246,True,False,body,30.0,24.0,-10.0
5449,425123,99.0,5,125,0.05443,1.8393,True,False,wall,50.0,59.0,-10.0
5450,425290,106.0,6,167,0.054421,1.7477,True,False,wall,60.0,56.0,-10.0
5451,425395,116.0,6,105,0.054415,1.7295,True,False,body,60.0,66.0,-10.0
5452,425503,115.0,8,108,0.054409,1.8543,True,False,body,80.0,45.0,-10.0
5453,425609,117.0,6,106,0.054403,1.7584,True,False,body,60.0,67.0,-10.0
5454,425736,70.0,4,127,0.054396,1.837,True,False,body,40.0,40.0,-10.0
5455,425788,62.0,3,52,0.054393,1.8952,True,False,body,30.0,42.0,-10.0
5456,425903,72.0,4,115,0.054387,1.7976,True,False,wall,40.0,42.0,-10.0
5457,426020,114.0,8,117,0.05438,1.7053,True,False,wall,80.0,44.0,-10.0
5458,426031,9.0,1,11,0.05438,2.0914,True,False,wall,10.0,9.0,-10.0
5459,426078,43.0,3,47,0.054377,1.808,True,False,body,30.0,23.0,-10.0
5460,426172,45.0,4,94,0.054372,1.6923,True,False,body,40.0,15.0,-10.0
5461,426342,93.0,4,170,0.054363,1.9291,True,False,body,40.0,63.0,-10.0
5462,426462,96.0,5,120,0.054356,1.7105,True,False,body,50.0,56.0,-10.0
5463,426539,55.0,3,77,0.054352,1.7454,True,False,body,30.0,35.0,-10.0
5464,426605,50.0,3,66,0.054349,1.9117,True,False,wall,30.0,30.0,-10.0
5465,426739,82.0,5,134,0.054341,1.8105,True,False,body,50.0,42.0,-10.0
5466,426774,39.0,3,35,0.054339,2.1365,True,False,body,30.0,19.0,-10.0
5467,426809,35.0,3,35,0.054337,2.2086,True,False,body,30.0,15.0,-10.0
5468,426909,69.0,4,100,0.054332,1.8603,True,False,body,40.0,39.0,-10.0
5469,427012,96.0,6,103,0.054326,1.8358,True,False,wall,60.0,46.0,-10.0
5470,427068,38.0,3,56,0.054323,1.6385,True,False,body,30.0,18.0,-10.0
5471,427191,66.0,4,123,0.054317,1.7798,True,False,body,40.0,36.0,-10.0
5472,427297,95.0,6,106,0.054311,1.5935,True,False,body,60.0,45.0,-10.0
5473,427427,99.0,6,130,0.054304,1.761,True,False,body,60.0,49.0,-10.0
5474,427563,92.0,5,136,0.054297,1.8005,True,False,body,50.0,52.0,-10.0
5475,427684,76.0,4,121,0.05429,1.9552,True,False,wall,40.0,46.0,-10.0
5476,427878,104.0,5,194,0.05428,1.8501,True,False,wall,50.0,64.0,-10.0
5477,427962,37.0,2,84,0.054275,1.8624,True,False,wall,20.0,27.0,-10.0
5478,427977,20.0,2,15,0.054275,1.7032,True,False,wall,20.0,10.0,-10.0
5479,428074,74.0,4,97,0.054269,1.8362,True,False,wall,40.0,44.0,-10.0
5480,428155,81.0,5,81,0.054265,1.7186,True,False,body,50.0,41.0,-10.0
5481,428288,86.0,4,133,0.054258,1.6742,True,False,wall,40.0,56.0,-10.0
5482,428365,64.0,4,77,0.054254,1.8573,True,False,body,40.0,34.0,-10.0
5483,428390,28.0,2,25,0.054253,1.7188,True,False,wall,20.0,18.0,-10.0
5484,428492,100.0,5,102,0.054247,1.6828,True,False,body,50.0,60.0,-10.0
5485,428650,93.0,6,158,0.054239,1.7903,True,False,body,60.0,43.0,-10.0
5486,428698,40.0,3,48,0.054236,1.87,True,False,wall,30.0,20.0,-10.0
5487,428732,30.0,3,34,0.054234,1.9025,True,False,body,30.0,10.0,-10.0
5488,428784,44.0,3,52,0.054232,1.8078,True,False,body,30.0,24.0,-10.0
5489,428857,41.0,3,73,0.054228,1.8315,True,False,body,30.0,21.0,-10.0
5490,428962,105.0,5,105,0.054222,1.774,True,False,body,50.0,65.0,-10.0
5491,429121,99.0,5,159,0.054214,1.8575,True,False,body,50.0,59.0,-10.0
5492,429282,90.0,4,161,0.054205,1.7464,True,False,body,40.0,60.0,-10.0
5493,429347,52.0,4,65,0.054202,1.7677,True,False,body,40.0,22.0,-10.0
5494,429387,34.0,3,40,0.0542,1.691,True,False,body,30.0,14.0,-10.0
5495,429530,120.0,6,143,0.054192,1.7176,True,False,body,60.0,70.0,-10.0
5496,429541,-4.0,0,11,0.054192,1.8268,True,False,wall,0.0,6.0,-10.0
5497,429672,65.0,5,131,0.054185,1.8396,True,False,body,50.0,25.0,-10.0
5498,429697,27.0,3,25,0.054184,1.7049,True,False,body,30.0,7.0,-10.0
5499,429750,49.0,3,53,0.054181,1.9247,True,False,body,30.0,29.0,-10.0
5500,429821,53.0,3,71,0.054177,1.7458,True,False,wall,30.0,33.0,-10.0
5501,429895,76.0,5,74,0.054173,1.8919,True,False,body,50.0,36.0,-10.0
5502,429975,63.0,4,80,0.054169,1.7241,True,False,wall,40.0,33.0,-10.0
5503,430162,118.0,6,187,0.054159,1.7704,True,False,wall,60.0,68.0,-10.0
5504,430228,78.0,5,66,0.054156,1.9376,True,False,wall,50.0,38.0,-10.0
5505,430418,111.0,6,190,0.054146,1.7071,True,False,wall,60.0,61.0,-10.0
5506,430456,42.0,3,38,0.054144,1.8276,True,False,body,30.0,22.0,-10.0
5507,430545,82.0,4,89,0.05414,1.6678,True,False,body,40.0,52.0,-10.0
5508,430661,60.0,5,116,0.054134,1.7421,True,False,wall,50.0,20.0,-10.0
5509,430957,51.0,4,296,0.054118,1.7017,True,False,body,40.0,21.0,-10.0
5510,431016,62.0,4,59,0.054115,1.8003,True,False,wall,40.0,32.0,-10.0
5511,431094,84.0,5,78,0.054111,1.702,True,False,body,50.0,44.0,-10.0
5512,431115,26.0,2,21,0.05411,1.5379,True,False,wall,20.0,16.0,-10.0
5513,431184,77.0,5,69,0.054107,1.5363,True,False,wall,50.0,37.0,-10.0
5514,431422,73.0,4,238,0.054094,1.6922,True,False,body,40.0,43.0,-10.0
5515,431488,57.0,4,66,0.054091,1.6845,True,False,wall,40.0,27.0,-10.0
5516,431605,87.0,5,117,0.054085,1.6992,True,False,body,50.0,47.0,-10.0
5517,431854,166.0,8,249,0.054072,1.7727,True,False,body,80.0,96.0,-10.0
5518,431868,3.0,0,14,0.054072,1.4776,True,False,wall,0.0,13.0,-10.0
5519,431927,47.0,3,59,0.054069,1.6765,True,False,body,30.0,27.0,-10.0
5520,432099,84.0,5,172,0.05406,1.7491,True,False,wall,50.0,44.0,-10.0
5521,432239,70.0,5,140,0.054053,1.6698,True,False,body,50.0,30.0,-10.0
5522,432395,89.0,6,156,0.054045,1.6647,True,False,body,60.0,39.0,-10.0
5523,432453,33.0,2,58,0.054042,1.8478,True,False,wall,20.0,23.0,-10.0
5524,432525,40.0,3,72,0.054038,1.6845,True,False,body,30.0,20.0,-10.0
5525,432755,119.0,6,230,0.054027,1.76,True,False,body,60.0,69.0,-10.0
5526,432784,20.0,2,29,0.054025,1.806,True,False,wall,20.0,10.0,-10.0
5527,432889,65.0,3,105,0.05402,1.7465,True,False,body,30.0,45.0,-10.0
5528,432956,72.0,4,67,0.054017,1.7279,True,False,body,40.0,42.0,-10.0
5529,432980,32.0,3,24,0.054015,1.5438,True,False,body,30.0,12.0,-10.0
5530,433014,38.0,3,34,0.054014,1.6689,True,False,body,30.0,18.0,-10.0
5531,433063,43.0,3,49,0.054011,1.8696,True,False,wall,30.0,23.0,-10.0
5532,433179,71.0,4,116,0.054005,1.6994,True,False,body,40.0,41.0,-10.0
5533,433264,66.0,4,85,0.054001,1.6201,True,False,body,40.0,36.0,-10.0
5534,433340,60.0,3,76,0.053997,1.5927,True,False,body,30.0,40.0,-10.0
5535,433390,48.0,3,50,0.053995,1.5912,True,False,wall,30.0,28.0,-10.0
5536,433460,70.0,5,70,0.053991,1.6683,True,False,body,50.0,30.0,-10.0
5537,433514,40.0,3,54,0.053989,1.6914,True,False,body,30.0,20.0,-10.0
5538,433599,82.0,4,85,0.053984,1.7932,True,False,body,40.0,52.0,-10.0
5539,433625,12.0,1,26,0.053983,1.739,True,False,wall,10.0,12.0,-10.0
5540,433751,90.0,5,126,0.053977,1.8389,True,False,body,50.0,50.0,-10.0
5541,433814,86.0,6,63,0.053974,1.9184,True,False,body,60.0,36.0,-10.0
5542,434048,148.0,7,234,0.053962,1.7597,True,False,body,70.0,88.0,-10.0
5543,434201,61.0,3,153,0.053955,1.7637,True,False,wall,30.0,41.0,-10.0
5544,434234,9.0,1,33,0.053953,1.8145,True,False,wall,10.0,9.0,-10.0
5545,434369,93.0,5,135,0.053946,1.741,True,False,body,50.0,53.0,-10.0
5546,434449,70.0,5,80,0.053942,1.7912,True,False,body,50.0,30.0,-10.0
5547,434458,5.0,1,9,0.053942,1.6942,True,False,wall,10.0,5.0,-10.0
5548,434573,131.0,7,115,0.053936,1.7805,True,False,wall,70.0,71.0,-10.0
5549,434710,105.0,7,137,0.05393,1.6718,True,False,body,70.0,45.0,-10.0
5550,434785,48.0,4,75,0.053926,1.7771,True,False,body,40.0,18.0,-10.0
5551,434905,90.0,5,120,0.05392,1.8505,True,False,body,50.0,50.0,-10.0
5552,434969,56.0,3,64,0.053917,1.7307,True,False,body,30.0,36.0,-10.0
5553,435122,39.0,3,153,0.053909,1.6899,True,False,body,30.0,19.0,-10.0
5554,435228,69.0,4,106,0.053904,1.6781,True,False,body,40.0,39.0,-10.0
5555,435264,36.0,3,36,0.053902,1.7946,True,False,body,30.0,16.0,-10.0
5556,435308,44.0,3,44,0.0539,1.7979,True,False,body,30.0,24.0,-10.0
5557,435422,98.0,5,114,0.053895,1.744,True,False,body,50.0,58.0,-10.0
5558,435527,93.0,7,105,0.05389,1.9331,True,False,body,70.0,33.0,-10.0
5559,435630,80.0,4,103,0.053885,1.8986,True,False,wall,40.0,50.0,-10.0
5560,435679,51.0,3,49,0.053882,2.0589,True,False,body,30.0,31.0,-10.0
5561,435689,17.0,2,10,0.053882,1.8491,True,False,wall,20.0,7.0,-10.0
5562,435753,40.0,3,64,0.053879,1.8043,True,False,wall,30.0,20.0,-10.0
5563,435855,66.0,3,102,0.053874,1.7831,True,False,body,30.0,46.0,-10.0
5564,435891,48.0,3,36,0.053872,1.771,True,False,body,30.0,28.0,-10.0
5565,436049,74.0,5,158,0.053864,1.7375,True,False,body,50.0,34.0,-10.0
5566,436143,101.0,6,94,0.05386,1.7772,True,False,body,60.0,51.0,-10.0
5567,436266,54.0,4,123,0.053854,1.7951,True,False,wall,40.0,24.0,-10.0
5568,436356,69.0,4,90,0.05385,1.7653,True,False,wall,40.0,39.0,-10.0
5569,436404,42.0,3,48,0.053847,1.7823,True,False,body,30.0,22.0,-10.0
5570,436424,12.0,1,20,0.053846,2.03,True,False,wall,10.0,12.0,-10.0
5571,436549,64.0,4,125,0.05384,1.86,True,False,body,40.0,34.0,-10.0
5572,436720,97.0,5,171,0.053832,1.6776,True,False,body,50.0,57.0,-10.0
5573,436846,95.0,6,126,0.053826,1.7979,True,False,body,60.0,45.0,-10.0
5574,436918,50.0,3,72,0.053823,1.7903,True,False,body,30.0,30.0,-10.0
5575,436963,33.0,3,45,0.05382,1.7748,True,False,body,30.0,13.0,-10.0
5576,437032,49.0,3,69,0.053817,1.6759,True,False,body,30.0,29.0,-10.0
5577,437163,101.0,5,131,0.053811,1.7519,True,False,body,50.0,61.0,-10.0
5578,437218,43.0,3,55,0.053808,1.6707,True,False,body,30.0,23.0,-10.0
5579,437325,75.0,5,107,0.053803,1.7909,True,False,body,50.0,35.0,-10.0
5580,437381,42.0,3,56,0.0538,1.8307,True,False,wall,30.0,22.0,-10.0
5581,437467,44.0,3,86,0.053796,1.7536,True,False,body,30.0,24.0,-10.0
5582,437664,132.0,8,197,0.053787,1.7845,True,False,wall,80.0,62.0,-10.0
5583,437703,51.0,3,39,0.053785,1.8584,True,False,body,30.0,31.0,-10.0
5584,437783,79.0,4,80,0.053781,1.8502,True,False,wall,40.0,49.0,-10.0
5585,437846,35.0,3,63,0.053778,1.7894,True,False,wall,30.0,15.0,-10.0
5586,437894,44.0,3,48,0.053776,1.9967,True,False,body,30.0,24.0,-10.0
5587,438097,163.0,9,203,0.053767,1.921,True,False,body,90.0,83.0,-10.0
5588,438124,-8.0,0,27,0.053765,1.8271,True,False,wall,0.0,2.0,-10.0
5589,438279,45.0,3,155,0.053758,1.8765,True,False,wall,30.0,25.0,-10.0
5590,438294,13.0,1,15,0.053757,1.8325,True,False,wall,10.0,13.0,-10.0
5591,438354,54.0,3,60,0.053755,1.9164,True,False,body,30.0,34.0,-10.0
5592,438401,47.0,3,47,0.053752,1.7456,True,False,body,30.0,27.0,-10.0
5593,438547,111.0,6,146,0.053746,1.8287,True,False,body,60.0,61.0,-10.0
5594,438610,49.0,3,63,0.053743,1.731,True,False,wall,30.0,29.0,-10.0
5595,438625,11.0,1,15,0.053742,1.6776,True,False,wall,10.0,11.0,-10.0
5596,438664,49.0,3,39,0.05374,1.6294,True,False,wall,30.0,29.0,-10.0
5597,438795,81.0,5,131,0.053734,1.821,True,False,body,50.0,41.0,-10.0
5598,438944,85.0,5,149,0.053727,1.7374,True,False,body,50.0,45.0,-10.0
5599,438975,50.0,4,31,0.053726,1.6218,True,False,body,40.0,20.0,-10.0
5600,439063,63.0,4,88,0.053721,1.7292,True,False,body,40.0,33.0,-10.0
5601,439243,94.0,5,180,0.053713,1.7969,True,False,body,50.0,54.0,-10.0
5602,439309,57.0,4,66,0.05371,2.0108,True,False,body,40.0,27.0,-10.0
5603,439405,54.0,3,96,0.053706,1.7793,True,False,body,30.0,34.0,-10.0
5604,439560,85.0,5,155,0.053698,1.8334,True,False,body,50.0,45.0,-10.0
5605,439596,44.0,3,36,0.053697,1.9965,True,False,wall,30.0,24.0,-10.0
5606,439779,106.0,6,183,0.053688,1.7768,True,False,body,60.0,56.0,-10.0
5607,439873,48.0,3,94,0.053684,1.8447,True,False,body,30.0,28.0,-10.0
5608,439941,50.0,3,68,0.053681,1.9855,True,False,body,30.0,30.0,-10.0
5609,439989,52.0,3,48,0.053679,1.7763,True,False,body,30.0,32.0,-10.0
5610,440078,64.0,4,89,0.053675,1.6547,True,False,body,40.0,34.0,-10.0
5611,440184,54.0,3,106,0.05367,1.716,True,False,body,30.0,34.0,-10.0
5612,440267,45.0,3,83,0.053666,1.7963,True,False,wall,30.0,25.0,-10.0
5613,440320,66.0,4,53,0.053663,2.2173,True,False,wall,40.0,36.0,-10.0
5614,440425,46.0,4,105,0.053659,1.7827,True,False,wall,40.0,16.0,-10.0
5615,440636,106.0,6,211,0.053649,1.7231,True,False,body,60.0,56.0,-10.0
5616,440803,95.0,5,167,0.053641,1.8731,True,False,body,50.0,55.0,-10.0
5617,440879,63.0,4,76,0.053638,2.0844,True,False,body,40.0,33.0,-10.0
5618,441037,100.0,5,158,0.053631,1.988,True,False,body,50.0,60.0,-10.0
5619,441101,42.0,3,64,0.053628,1.9698,True,False,body,30.0,22.0,-10.0
5620,441244,111.0,7,143,0.053621,1.8286,True,False,wall,70.0,51.0,-10.0
5621,441310,50.0,3,66,0.053618,1.7344,True,False,body,30.0,30.0,-10.0
5622,441367,47.0,3,57,0.053616,1.9507,True,False,body,30.0,27.0,-10.0
5623,441453,52.0,3,86,0.053612,1.9637,True,False,wall,30.0,32.0,-10.0
5624,441486,41.0,3,33,0.05361,1.8369,True,False,body,30.0,21.0,-10.0
5625,441528,44.0,3,42,0.053609,1.8599,True,False,body,30.0,24.0,-10.0
5626,441572,53.0,4,44,0.053607,1.7513,True,False,wall,40.0,23.0,-10.0
5627,441720,134.0,9,148,0.0536,2.0272,True,False,body,90.0,54.0,-10.0
5628,441761,31.0,3,41,0.053598,1.8265,True,False,body,30.0,11.0,-10.0
5629,441826,57.0,3,65,0.053595,2.0032,True,False,body,30.0,37.0,-10.0
5630,441915,54.0,4,89,0.053591,1.8659,True,False,body,40.0,24.0,-10.0
5631,441948,34.0,2,33,0.05359,1.7685,True,False,wall,20.0,24.0,-10.0
5632,442065,109.0,5,117,0.053584,1.6753,True,False,body,50.0,69.0,-10.0
5633,442152,72.0,4,87,0.05358,1.9252,True,False,body,40.0,42.0,-10.0
5634,442323,87.0,5,171,0.053573,1.8464,True,False,body,50.0,47.0,-10.0
5635,442448,88.0,6,125,0.053567,1.7113,True,False,body,60.0,38.0,-10.0
5636,442513,53.0,3,65,0.053564,1.6203,True,False,body,30.0,33.0,-10.0
5637,442548,35.0,3,35,0.053563,1.9917,True,False,wall,30.0,15.0,-10.0
5638,442650,88.0,5,102,0.053558,2.0501,True,False,body,50.0,48.0,-10.0
5639,442769,64.0,4,119,0.053553,1.8181,True,False,body,40.0,34.0,-10.0
5640,442858,47.0,3,89,0.053549,1.9982,True,False,body,30.0,27.0,-10.0
5641,443014,115.0,6,156,0.053542,1.8685,True,False,body,60.0,65.0,-10.0
5642,443114,66.0,5,100,0.053538,1.846,True,False,wall,50.0,26.0,-10.0
5643,443199,55.0,3,85,0.053534,1.8383,True,False,body,30.0,35.0,-10.0
5644,443280,68.0,4,81,0.05353,2.0408,True,False,body,40.0,38.0,-10.0
5645,443289,-4.0,0,9,0.05353,1.7996,True,False,wall,0.0,6.0,-10.0
5646,443343,66.0,5,54,0.053528,2.0722,True,False,body,50.0,26.0,-10.0
5647,443374,43.0,3,31,0.053526,1.9455,True,False,body,30.0,23.0,-10.0
5648,443452,59.0,4,78,0.053523,1.9215,True,False,body,40.0,29.0,-10.0
5649,443632,143.0,8,180,0.053515,1.9461,True,False,body,80.0,73.0,-10.0
5650,443790,92.0,5,158,0.053508,1.9202,True,False,body,50.0,52.0,-10.0
5651,443950,103.0,6,160,0.053501,1.9499,True,False,wall,60.0,53.0,-10.0
5652,444058,92.0,5,108,0.053496,1.9329,True,False,body,50.0,52.0,-10.0
5653,444221,65.0,5,163,0.053489,1.8348,True,False,wall,50.0,25.0,-10.0
5654,444279,46.0,3,58,0.053487,1.8533,True,False,body,30.0,26.0,-10.0
5655,444582,99.0,7,303,0.053473,1.8616,True,False,body,70.0,39.0,-10.0
5656,444639,52.0,2,57,0.053471,1.829,True,False,wall,20.0,42.0,-10.0
5657,444690,35.0,3,51,0.053469,1.8471,True,False,body,30.0,15.0,-10.0
5658,444767,73.0,5,77,0.053465,1.7882,True,False,wall,50.0,33.0,-10.0
5659,444947,83.0,6,180,0.053458,1.7982,True,False,body,60.0,33.0,-10.0
5660,445026,63.0,3,79,0.053454,1.748,True,False,body,30.0,43.0,-10.0
5661,445073,41.0,3,47,0.053452,1.7348,True,False,body,30.0,21.0,-10.0
5662,445222,81.0,5,149,0.053446,1.8602,True,False,body,50.0,41.0,-10.0
5663,445421,118.0,6,199,0.053437,1.7946,True,False,body,60.0,68.0,-10.0
5664,445512,102.0,6,91,0.053433,1.9872,True,False,body,60.0,52.0,-10.0
5665,445544,18.0,1,32,0.053432,1.7618,True,False,wall,10.0,18.0,-10.0
5666,445619,55.0,3,75,0.053429,1.8095,True,False,body,30.0,35.0,-10.0
5667,445718,108.0,6,99,0.053424,1.87,True,False,wall,60.0,58.0,-10.0
5668,445759,58.0,4,41,0.053423,1.9542,True,False,body,40.0,28.0,-10.0
5669,445892,106.0,6,133,0.053417,1.9938,True,False,body,60.0,56.0,-10.0
5670,446088,72.0,3,196,0.053409,1.89,True,False,body,30.0,52.0,-10.0
5671,446155,79.0,5,67,0.053406,1.8097,True,False,body,50.0,39.0,-10.0
5672,446215,56.0,3,60,0.053403,1.8461,True,False,body,30.0,36.0,-10.0
5673,446283,52.0,3,68,0.0534,1.8629,True,False,wall,30.0,32.0,-10.0
5674,446430,100.0,6,147,0.053394,1.8749,True,False,body,60.0,50.0,-10.0
5675,446512,77.0,4,82,0.053391,1.8589,True,False,body,40.0,47.0,-10.0
5676,446586,52.0,3,74,0.053387,1.8304,True,False,body,30.0,32.0,-10.0
5677,446731,77.0,5,145,0.053381,1.8255,True,False,body,50.0,37.0,-10.0
5678,446758,15.0,1,27,0.05338,1.7029,True,False,wall,10.0,15.0,-10.0
5679,446899,75.0,5,141,0.053374,1.7282,True,False,body,50.0,35.0,-10.0
5680,446951,57.0,4,52,0.053372,1.828,True,False,body,40.0,27.0,-10.0
5681,447026,56.0,4,75,0.053369,1.7289,True,False,body,40.0,26.0,-10.0
5682,447106,58.0,3,80,0.053365,1.7801,True,False,body,30.0,38.0,-10.0
5683,447235,116.0,6,129,0.05336,1.7883,True,False,body,60.0,66.0,-10.0
5684,447306,59.0,3,71,0.053357,1.8912,True,False,body,30.0,39.0,-10.0
5685,447427,86.0,4,121,0.053352,1.9047,True,False,wall,40.0,56.0,-10.0
5686,447508,37.0,3,81,0.053349,1.8965,True,False,body,30.0,17.0,-10.0
5687,447754,103.0,6,246,0.053338,1.7767,True,False,body,60.0,53.0,-10.0
5688,447831,58.0,4,77,0.053335,1.855,True,False,body,40.0,28.0,-10.0
5689,447890,59.0,3,59,0.053333,1.8972,True,False,wall,30.0,39.0,-10.0
5690,448005,86.0,6,115,0.053328,1.8281,True,False,body,60.0,36.0,-10.0
5691,448150,43.0,3,145,0.053322,1.9507,True,False,body,30.0,23.0,-10.0
5692,448179,15.0,1,29,0.053321,1.8762,True,False,wall,10.0,15.0,-10.0
5693,448258,73.0,3,79,0.053317,1.8914,True,False,body,30.0,53.0,-10.0
5694,448335,100.0,6,77,0.053314,1.8686,True,False,body,60.0,50.0,-10.0
5695,448425,-17.0,0,90,0.05331,1.726,True,False,wall,0.0,-7.0,-10.0
5696,448535,39.0,2,110,0.053306,2.129,True,False,wall,20.0,29.0,-10.0
5697,448614,60.0,4,79,0.053303,1.7329,True,False,body,40.0,30.0,-10.0
5698,448689,66.0,4,75,0.0533,1.6597,True,False,wall,40.0,36.0,-10.0
5699,448817,62.0,3,128,0.053294,1.9404,True,False,body,30.0,42.0,-10.0
5700,448914,101.0,5,97,0.05329,1.7581,True,False,wall,50.0,61.0,-10.0
5701,448987,57.0,3,73,0.053287,1.7262,True,False,body,30.0,37.0,-10.0
5702,449093,92.0,5,106,0.053283,1.9149,True,False,body,50.0,52.0,-10.0
5703,449184,81.0,5,91,0.053279,1.7567,True,False,wall,50.0,41.0,-10.0
5704,449225,41.0,3,41,0.053278,1.8994,True,False,body,30.0,21.0,-10.0
5705,449333,77.0,4,108,0.053273,1.7783,True,False,body,40.0,47.0,-10.0
5706,449465,58.0,3,132,0.053268,1.9714,True,False,body,30.0,38.0,-10.0
5707,449526,43.0,3,61,0.053265,1.7879,True,False,body,30.0,23.0,-10.0
5708,449695,102.0,6,169,0.053258,1.8254,True,False,body,60.0,52.0,-10.0
5709,449798,103.0,7,103,0.053254,1.8828,True,False,body,70.0,43.0,-10.0
5710,450028,158.0,7,230,0.053245,1.7464,True,False,wall,70.0,98.0,-10.0
5711,450168,89.0,6,140,0.053239,1.8517,True,False,wall,60.0,39.0,-10.0
5712,450280,103.0,6,112,0.053235,1.8584,True,False,body,60.0,53.0,-10.0
5713,450422,124.0,7,142,0.053229,1.8816,True,False,body,70.0,64.0,-10.0
5714,450536,69.0,4,114,0.053224,1.8337,True,False,body,40.0,39.0,-10.0
5715,450681,115.0,7,145,0.053218,1.8339,True,False,body,70.0,55.0,-10.0
5716,450728,43.0,3,47,0.053217,1.8158,True,False,body,30.0,23.0,-10.0
5717,451041,128.0,6,313,0.053204,1.793,True,False,body,60.0,78.0,-10.0
5718,451140,67.0,3,99,0.0532,1.7825,True,False,body,30.0,47.0,-10.0
5719,451193,63.0,5,53,0.053198,1.8039,True,False,body,50.0,23.0,-10.0
5720,451286,53.0,3,93,0.053194,1.7919,True,False,body,30.0,33.0,-10.0
5721,451390,70.0,5,104,0.05319,1.8556,True,False,body,50.0,30.0,-10.0
5722,451424,45.0,4,34,0.053189,1.8068,True,False,body,40.0,15.0,-10.0
5723,451448,12.0,1,24,0.053188,2.0989,True,False,wall,10.0,12.0,-10.0
5724,451511,53.0,3,63,0.053185,2.1897,True,False,wall,30.0,33.0,-10.0
5725,451552,44.0,4,41,0.053184,1.8322,True,False,body,40.0,14.0,-10.0
5726,451646,56.0,3,94,0.05318,1.9862,True,False,body,30.0,36.0,-10.0
5727,451670,22.0,1,24,0.053179,2.1956,True,False,wall,10.0,22.0,-10.0
5728,451963,87.0,5,293,0.053167,1.8733,True,False,body,50.0,47.0,-10.0
5729,452032,80.0,4,69,0.053164,2.0122,True,False,body,40.0,50.0,-10.0
5730,452223,94.0,6,191,0.053157,1.8568,True,False,body,60.0,44.0,-10.0
5731,452356,100.0,6,133,0.053152,1.8143,True,False,body,60.0,50.0,-10.0
5732,452442,72.0,5,86,0.053148,1.7624,True,False,body,50.0,32.0,-10.0
5733,452550,93.0,4,108,0.053144,1.7282,True,False,body,40.0,63.0,-10.0
5734,452736,83.0,6,186,0.053137,2.0535,True,False,body,60.0,33.0,-10.0
5735,452781,33.0,3,45,0.053135,1.7294,True,False,body,30.0,13.0,-10.0
5736,452856,83.0,5,75,0.053132,1.8978,True,False,body,50.0,43.0,-10.0
5737,452890,45.0,4,34,0.053131,1.8488,True,False,wall,40.0,15.0,-10.0
5738,452922,37.0,2,32,0.053129,1.9395,True,False,wall,20.0,27.0,-10.0
5739,452961,54.0,4,39,0.053128,2.0824,True,False,body,40.0,24.0,-10.0
5740,453008,45.0,3,47,0.053126,1.9358,True,False,body,30.0,25.0,-10.0
5741,453143,91.0,5,135,0.053121,1.8747,True,False,body,50.0,51.0,-10.0
5742,453271,132.0,7,128,0.053116,1.9807,True,False,body,70.0,72.0,-10.0
5743,453284,-2.0,0,13,0.053115,1.9844,True,False,wall,0.0,8.0,-10.0
5744,453299,11.0,1,15,0.053115,1.6972,True,False,wall,10.0,11.0,-10.0
5745,453427,67.0,4,128,0.05311,1.8611,True,False,wall,40.0,37.0,-10.0
5746,453512,59.0,3,85,0.053106,1.8722,True,False,body,30.0,39.0,-10.0
5747,453576,36.0,3,64,0.053104,1.7801,True,False,body,30.0,16.0,-10.0
5748,453632,42.0,3,56,0.053102,1.7274,True,False,wall,30.0,22.0,-10.0
5749,453814,71.0,4,182,0.053095,1.8457,True,False,body,40.0,41.0,-10.0
5750,453902,75.0,6,88,0.053091,1.9149,True,False,body,60.0,25.0,-10.0
5751,454218,83.0,4,316,0.053079,1.8248,True,False,wall,40.0,53.0,-10.0
5752,454339,100.0,6,121,0.053075,1.7597,True,False,body,60.0,50.0,-10.0
5753,454495,36.0,3,156,0.053069,1.8577,True,False,body,30.0,16.0,-10.0
5754,454523,40.0,3,28,0.053067,1.9905,True,False,body,30.0,20.0,-10.0
5755,454548,37.0,3,25,0.053067,1.9303,True,False,wall,30.0,17.0,-10.0
5756,454687,108.0,6,139,0.053061,1.9121,True,False,body,60.0,58.0,-10.0
5757,454798,101.0,7,111,0.053057,1.7112,True,False,body,70.0,41.0,-10.0
5758,454876,52.0,3,78,0.053054,1.7713,True,False,body,30.0,32.0,-10.0
5759,454902,-3.0,0,26,0.053053,1.8114,True,False,wall,0.0,7.0,-10.0
5760,454937,28.0,2,35,0.053052,1.7634,True,False,wall,20.0,18.0,-10.0
5761,455044,66.0,4,107,0.053048,1.8926,True,False,body,40.0,36.0,-10.0
5762,455141,86.0,4,97,0.053044,1.8214,True,False,body,40.0,56.0,-10.0
5763,455238,88.0,4,97,0.05304,1.7474,True,False,body,40.0,58.0,-10.0
5764,455325,87.0,5,87,0.053037,1.9317,True,False,body,50.0,47.0,-10.0
5765,455383,48.0,3,58,0.053035,1.7768,True,False,body,30.0,28.0,-10.0
5766,455469,75.0,4,86,0.053031,1.9459,True,False,body,40.0,45.0,-10.0
5767,455609,95.0,6,140,0.053026,1.8885,True,False,body,60.0,45.0,-10.0
5768,455684,70.0,4,75,0.053023,1.8667,True,False,wall,40.0,40.0,-10.0
5769,455721,33.0,3,37,0.053022,1.8327,True,False,body,30.0,13.0,-10.0
5770,455867,109.0,6,146,0.053016,1.8883,True,False,body,60.0,59.0,-10.0
5771,456051,88.0,5,184,0.053009,1.8754,True,False,body,50.0,48.0,-10.0
5772,456186,124.0,6,135,0.053004,1.9618,True,False,body,60.0,74.0,-10.0
5773,456415,100.0,6,229,0.052996,1.8773,True,False,body,60.0,50.0,-10.0
5774,456511,66.0,3,96,0.052992,1.819,True,False,body,30.0,46.0,-10.0
5775,456564,44.0,4,53,0.05299,2.0688,True,False,body,40.0,14.0,-10.0
5776,456818,78.0,5,254,0.052981,1.8986,True,False,body,50.0,38.0,-10.0
5777,457005,158.0,10,187,0.052974,1.7994,True,False,body,100.0,68.0,-10.0
5778,457097,128.0,7,92,0.05297,1.9255,True,False,wall,70.0,68.0,-10.0
5779,457263,80.0,5,166,0.052964,1.9661,True,False,body,50.0,40.0,-10.0
5780,457430,93.0,5,167,0.052958,1.9156,True,False,wall,50.0,53.0,-10.0
5781,457527,72.0,6,97,0.052954,2.0969,True,False,body,60.0,22.0,-10.0
5782,457713,66.0,5,186,0.052948,1.9286,True,False,body,50.0,26.0,-10.0
5783,457775,50.0,3,62,0.052945,2.0516,True,False,wall,30.0,30.0,-10.0
5784,457798,13.0,1,23,0.052944,1.8164,True,False,wall,10.0,13.0,-10.0
5785,457858,46.0,3,60,0.052942,1.905,True,False,body,30.0,26.0,-10.0
5786,457962,82.0,5,104,0.052938,1.8434,True,False,body,50.0,42.0,-10.0
5787,458076,102.0,5,114,0.052934,1.8605,True,False,body,50.0,62.0,-10.0
5788,458114,70.0,5,38,0.052933,1.7973,True,False,body,50.0,30.0,-10.0
5789,458186,71.0,4,72,0.05293,1.6856,True,False,body,40.0,41.0,-10.0
5790,458309,107.0,5,123,0.052926,1.9037,True,False,body,50.0,67.0,-10.0
5791,458452,126.0,6,143,0.05292,1.9672,True,False,wall,60.0,76.0,-10.0
5792,458569,101.0,5,117,0.052916,1.9002,True,False,body,50.0,61.0,-10.0
5793,458665,52.0,3,96,0.052913,1.7392,True,False,wall,30.0,32.0,-10.0
5794,458729,63.0,4,64,0.05291,1.9241,True,False,wall,40.0,33.0,-10.0
5795,458823,54.0,3,94,0.052907,1.8284,True,False,body,30.0,34.0,-10.0
5796,458900,89.0,5,77,0.052904,1.8084,True,False,body,50.0,49.0,-10.0
5797,459075,107.0,7,175,0.052898,1.8821,True,False,body,70.0,47.0,-10.0
5798,459113,48.0,3,38,0.052896,2.1162,True,False,body,30.0,28.0,-10.0
5799,459184,52.0,4,71,0.052894,1.7494,True,False,body,40.0,22.0,-10.0
5800,459231,49.0,3,47,0.052892,1.6607,True,False,body,30.0,29.0,-10.0
5801,459422,114.0,6,191,0.052885,1.9467,True,False,wall,60.0,64.0,-10.0
5802,459498,79.0,4,76,0.052883,2.1305,True,False,wall,40.0,49.0,-10.0
5803,459573,15.0,1,75,0.05288,1.8443,True,False,wall,10.0,15.0,-10.0
5804,459640,53.0,3,67,0.052877,1.8308,True,False,body,30.0,33.0,-10.0
5805,459766,98.0,5,126,0.052873,1.8714,True,False,wall,50.0,58.0,-10.0
5806,459914,116.0,7,148,0.052868,1.8901,True,False,wall,70.0,56.0,-10.0
5807,459968,48.0,3,54,0.052866,1.9791,True,False,body,30.0,28.0,-10.0
5808,460079,46.0,4,111,0.052862,1.8091,True,False,body,40.0,16.0,-10.0
5809,460114,45.0,3,35,0.05286,1.7837,True,False,body,30.0,25.0,-10.0
5810,460180,8.0,1,66,0.052858,1.8112,True,False,wall,10.0,8.0,-10.0
5811,460272,69.0,4,92,0.052855,1.7991,True,False,body,40.0,39.0,-10.0
5812,460339,61.0,3,67,0.052852,1.8297,True,False,body,30.0,41.0,-10.0
5813,460383,40.0,3,44,0.052851,1.8113,True,False,body,30.0,20.0,-10.0
5814,460466,69.0,3,83,0.052848,1.927,True,False,body,30.0,49.0,-10.0
5815,460537,33.0,3,71,0.052845,1.9502,True,False,wall,30.0,13.0,-10.0
5816,460575,44.0,3,38,0.052844,1.8911,True,False,body,30.0,24.0,-10.0
5817,460640,55.0,3,65,0.052842,2.072,True,False,body,30.0,35.0,-10.0
5818,460746,116.0,5,106,0.052838,1.9444,True,False,body,50.0,76.0,-10.0
5819,460866,94.0,7,120,0.052834,1.8171,True,False,body,70.0,34.0,-10.0
5820,460935,82.0,4,69,0.052831,1.9087,True,False,body,40.0,52.0,-10.0
5821,460994,51.0,3,59,0.052829,1.8307,True,False,body,30.0,31.0,-10.0
5822,461153,111.0,7,159,0.052824,1.9547,True,False,body,70.0,51.0,-10.0
5823,461180,2.0,0,27,0.052823,2.1324,True,False,wall,0.0,12.0,-10.0
5824,461271,82.0,4,91,0.052819,1.8162,True,False,body,40.0,52.0,-10.0
5825,461320,38.0,2,49,0.052818,1.8318,True,False,wall,20.0,28.0,-10.0
5826,461336,-3.0,0,16,0.052817,1.8212,True,False,wall,0.0,7.0,-10.0
5827,461377,54.0,4,41,0.052816,1.7434,True,False,body,40.0,24.0,-10.0
5828,461476,108.0,6,99,0.052812,2.0189,True,False,body,60.0,58.0,-10.0
5829,461679,106.0,6,203,0.052805,1.8782,True,False,body,60.0,56.0,-10.0
5830,461723,10.0,1,44,0.052803,1.9212,True,False,wall,10.0,10.0,-10.0
5831,461761,40.0,3,38,0.052802,1.8109,True,False,body,30.0,20.0,-10.0
5832,461789,30.0,3,28,0.052801,1.7113,True,False,body,30.0,10.0,-10.0
5833,461895,58.0,3,106,0.052797,2.0436,True,False,wall,30.0,38.0,-10.0
5834,461967,63.0,4,72,0.052795,1.9542,True,False,body,40.0,33.0,-10.0
5835,462011,48.0,3,44,0.052793,2.0107,True,False,body,30.0,28.0,-10.0
5836,462117,72.0,5,106,0.05279,1.8717,True,False,body,50.0,32.0,-10.0
5837,462147,38.0,3,30,0.052789,1.9372,True,False,wall,30.0,18.0,-10.0
5838,462211,59.0,4,64,0.052786,1.8775,True,False,wall,40.0,29.0,-10.0
5839,462225,10.0,1,14,0.052786,2.1488,True,False,wall,10.0,10.0,-10.0
5840,462270,56.0,4,45,0.052784,1.8244,True,False,wall,40.0,26.0,-10.0
5841,462368,48.0,3,98,0.052781,1.7799,True,False,body,30.0,28.0,-10.0
5842,462465,75.0,5,97,0.052778,2.0279,True,False,body,50.0,35.0,-10.0
5843,462522,67.0,5,57,0.052776,2.1046,True,False,body,50.0,27.0,-10.0
5844,462546,38.0,3,24,0.052775,1.6878,True,False,wall,30.0,18.0,-10.0
5845,462784,120.0,7,238,0.052767,1.9662,True,False,body,70.0,60.0,-10.0
5846,462959,142.0,6,175,0.05276,1.9886,True,False,body,60.0,92.0,-10.0
5847,463039,70.0,5,80,0.052758,1.996,True,False,wall,50.0,30.0,-10.0
5848,463094,43.0,3,55,0.052756,1.9055,True,False,body,30.0,23.0,-10.0
5849,463196,97.0,6,102,0.052752,2.0006,True,False,body,60.0,47.0,-10.0
5850,463240,46.0,3,44,0.052751,1.8787,True,False,body,30.0,26.0,-10.0
5851,463326,58.0,3,86,0.052748,1.9963,True,False,body,30.0,38.0,-10.0
5852,463447,126.0,6,121,0.052744,2.0512,True,False,body,60.0,76.0,-10.0
5853,463493,59.0,4,46,0.052742,2.1142,True,False,body,40.0,29.0,-10.0
5854,463685,169.0,8,192,0.052736,1.9467,True,False,body,80.0,99.0,-10.0
5855,463758,78.0,4,73,0.052733,1.8273,True,False,wall,40.0,48.0,-10.0
5856,463851,92.0,6,93,0.05273,1.7668,True,False,body,60.0,42.0,-10.0
5857,464002,101.0,5,151,0.052725,1.8579,True,False,wall,50.0,61.0,-10.0
5858,464107,119.0,7,105,0.052721,1.74,True,False,body,70.0,59.0,-10.0
5859,464172,72.0,4,65,0.052719,1.7863,True,False,body,40.0,42.0,-10.0
5860,464207,17.0,1,35,0.052718,1.8565,True,False,wall,10.0,17.0,-10.0
5861,464235,19.0,2,28,0.052717,1.8587,True,False,wall,20.0,9.0,-10.0
5862,464343,73.0,4,108,0.052713,1.8376,True,False,body,40.0,43.0,-10.0
5863,464514,114.0,6,171,0.052707,1.8596,True,False,body,60.0,64.0,-10.0
5864,464593,74.0,4,79,0.052705,2.0093,True,False,wall,40.0,44.0,-10.0
5865,464640,61.0,3,47,0.052703,1.9577,True,False,body,30.0,41.0,-10.0
5866,464713,76.0,4,73,0.052701,1.8343,True,False,body,40.0,46.0,-10.0
5867,464773,60.0,3,60,0.052699,1.7771,True,False,body,30.0,40.0,-10.0
5868,464826,39.0,3,53,0.052697,1.8491,True,False,body,30.0,19.0,-10.0
5869,464979,97.0,5,153,0.052692,1.9323,True,False,wall,50.0,57.0,-10.0
5870,465146,106.0,6,167,0.052686,1.8916,True,False,body,60.0,56.0,-10.0
5871,465264,96.0,5,118,0.052682,1.9346,True,False,body,50.0,56.0,-10.0
5872,465307,53.0,3,43,0.052681,1.893,True,False,body,30.0,33.0,-10.0
5873,465501,75.0,4,194,0.052674,1.8339,True,False,body,40.0,45.0,-10.0
5874,465610,99.0,5,109,0.052671,1.9973,True,False,body,50.0,59.0,-10.0
5875,465669,89.0,5,59,0.052669,1.9835,True,False,body,50.0,49.0,-10.0
5876,465756,51.0,3,87,0.052666,1.8255,True,False,body,30.0,31.0,-10.0
5877,465871,79.0,5,115,0.052662,1.9866,True,False,body,50.0,39.0,-10.0
5878,466084,153.0,7,213,0.052655,1.8471,True,False,body,70.0,93.0,-10.0
5879,466167,85.0,5,83,0.052652,1.8017,True,False,body,50.0,45.0,-10.0
5880,466261,70.0,3,94,0.052649,1.8981,True,False,body,30.0,50.0,-10.0
5881,466339,-5.0,0,78,0.052646,1.7508,True,False,wall,0.0,5.0,-10.0
5882,466427,61.0,4,88,0.052643,1.8145,True,False,body,40.0,31.0,-10.0
5883,466466,-6.0,0,39,0.052642,1.9354,True,False,wall,0.0,4.0,-10.0
5884,466545,77.0,5,79,0.052639,1.7965,True,False,body,50.0,37.0,-10.0
5885,466585,42.0,3,40,0.052638,1.788,True,False,body,30.0,22.0,-10.0
5886,466653,56.0,5,68,0.052636,1.8499,True,False,body,50.0,16.0,-10.0
5887,466665,-3.0,0,12,0.052636,1.6298,True,False,wall,0.0,7.0,-10.0
5888,466712,33.0,3,47,0.052634,1.9244,True,False,body,30.0,13.0,-10.0
5889,466741,5.0,1,29,0.052633,1.8315,True,False,wall,10.0,5.0,-10.0
5890,466813,71.0,4,72,0.052631,1.7892,True,False,body,40.0,41.0,-10.0
5891,466836,-6.0,0,23,0.05263,1.7722,True,False,wall,0.0,4.0,-10.0
5892,466961,104.0,6,125,0.052626,2.0816,True,False,body,60.0,54.0,-10.0
5893,467075,121.0,6,114,0.052622,2.0439,True,False,wall,60.0,71.0,-10.0
5894,467184,80.0,4,109,0.052618,1.8762,True,False,body,40.0,50.0,-10.0
5895,467273,72.0,4,89,0.052616,1.9217,True,False,body,40.0,42.0,-10.0
5896,467306,43.0,3,33,0.052614,1.9222,True,False,body,30.0,23.0,-10.0
5897,467584,114.0,7,278,0.052605,1.9165,True,False,body,70.0,54.0,-10.0
5898,467681,60.0,4,97,0.052602,2.0512,True,False,body,40.0,30.0,-10.0
5899,467728,49.0,3,47,0.052601,2.1624,True,False,body,30.0,29.0,-10.0
5900,467788,51.0,4,60,0.052599,2.0066,True,False,body,40.0,21.0,-10.0
5901,467966,110.0,5,178,0.052593,1.9146,True,False,wall,50.0,70.0,-10.0
5902,468091,81.0,5,125,0.052589,1.914,True,False,wall,50.0,41.0,-10.0
5903,468206,84.0,4,115,0.052585,2.1263,True,False,body,40.0,54.0,-10.0
5904,468438,114.0,7,232,0.052578,1.9456,True,False,wall,70.0,54.0,-10.0
5905,468577,69.0,3,139,0.052573,1.8613,True,False,body,30.0,49.0,-10.0
5906,468705,96.0,5,128,0.052569,1.983,True,False,wall,50.0,56.0,-10.0
5907,468748,39.0,3,43,0.052568,1.7901,True,False,body,30.0,19.0,-10.0
5908,468806,44.0,3,58,0.052566,1.6954,True,False,body,30.0,24.0,-10.0
5909,468826,12.0,1,20,0.052565,2.3066,True,False,wall,10.0,12.0,-10.0
5910,468924,61.0,4,98,0.052562,1.8573,True,False,body,40.0,31.0,-10.0
5911,469004,79.0,4,80,0.05256,1.85,True,False,body,40.0,49.0,-10.0
5912,469074,75.0,4,70,0.052557,1.9855,True,False,body,40.0,45.0,-10.0
5913,469192,93.0,6,118,0.052554,2.0685,True,False,body,60.0,43.0,-10.0
5914,469231,39.0,3,39,0.052552,2.1126,True,False,body,30.0,19.0,-10.0
5915,469246,9.0,1,15,0.052552,2.0214,True,False,wall,10.0,9.0,-10.0
5916,469353,76.0,4,107,0.052548,2.1572,True,False,wall,40.0,46.0,-10.0
5917,469459,86.0,5,106,0.052545,1.8828,True,False,wall,50.0,46.0,-10.0
5918,469525,54.0,3,66,0.052543,1.8914,True,False,body,30.0,34.0,-10.0
5919,469555,35.0,2,30,0.052542,2.2399,True,False,wall,20.0,25.0,-10.0
5920,469618,51.0,3,63,0.05254,2.0805,True,False,body,30.0,31.0,-10.0
5921,469652,36.0,3,34,0.052539,1.8305,True,False,wall,30.0,16.0,-10.0
5922,469728,44.0,3,76,0.052537,1.9744,True,False,body,30.0,24.0,-10.0
5923,469800,86.0,5,72,0.052534,1.904,True,False,body,50.0,46.0,-10.0
5924,469881,74.0,4,81,0.052532,1.8304,True,False,wall,40.0,44.0,-10.0
5925,469921,38.0,3,40,0.05253,1.6487,True,False,body,30.0,18.0,-10.0
5926,469985,60.0,3,64,0.052528,2.1353,True,False,body,30.0,40.0,-10.0
5927,470058,65.0,3,73,0.052526,1.8226,True,False,body,30.0,45.0,-10.0
5928,470192,107.0,6,134,0.052522,1.9037,True,False,body,60.0,57.0,-10.0
5929,470248,36.0,3,56,0.05252,1.8516,True,False,body,30.0,16.0,-10.0
5930,470322,56.0,3,74,0.052518,1.9135,True,False,wall,30.0,36.0,-10.0
5931,470418,106.0,5,96,0.052515,1.919,True,False,body,50.0,66.0,-10.0
5932,470433,20.0,2,15,0.052514,2.2786,True,False,wall,20.0,10.0,-10.0
5933,470658,96.0,6,225,0.052507,1.8844,True,False,body,60.0,46.0,-10.0
5934,470708,45.0,4,50,0.052506,2.1833,True,False,body,40.0,15.0,-10.0
5935,470772,91.0,6,64,0.052504,1.9412,True,False,body,60.0,41.0,-10.0
5936,470843,74.0,4,71,0.052501,1.9402,True,False,body,40.0,44.0,-10.0
5937,470946,50.0,4,103,0.052498,1.8147,True,False,body,40.0,20.0,-10.0
5938,470984,37.0,2,38,0.052497,1.7937,True,False,wall,20.0,27.0,-10.0
5939,471041,43.0,3,57,0.052495,2.0046,True,False,wall,30.0,23.0,-10.0
5940,471262,103.0,5,221,0.052488,1.8983,True,False,body,50.0,63.0,-10.0
5941,471332,47.0,4,70,0.052486,1.8637,True,False,body,40.0,17.0,-10.0
5942,471370,25.0,2,38,0.052485,1.8827,True,False,wall,20.0,15.0,-10.0
5943,471478,90.0,5,108,0.052482,1.9484,True,False,body,50.0,50.0,-10.0
5944,471566,73.0,4,88,0.052479,1.9536,True,False,wall,40.0,43.0,-10.0
5945,471694,100.0,5,128,0.052475,1.9973,True,False,body,50.0,60.0,-10.0
5946,471703,-2.0,0,9,0.052475,2.0255,True,False,wall,0.0,8.0,-10.0
5947,471758,41.0,3,55,0.052473,1.8165,True,False,body,30.0,21.0,-10.0
5948,471847,85.0,5,89,0.05247,2.1885,True,False,body,50.0,45.0,-10.0
5949,471907,46.0,3,60,0.052468,1.9233,True,False,body,30.0,26.0,-10.0
5950,471994,47.0,3,87,0.052466,1.9399,True,False,body,30.0,27.0,-10.0
5951,472030,53.0,4,36,0.052465,1.9386,True,False,body,40.0,23.0,-10.0
5952,472225,70.0,4,195,0.052459,1.8983,True,False,body,40.0,40.0,-10.0
5953,472501,152.0,7,276,0.05245,1.8255,True,False,body,70.0,92.0,-10.0
5954,472521,-1.0,0,20,0.052449,2.0413,True,False,wall,0.0,9.0,-10.0
5955,472703,42.0,3,182,0.052444,1.8801,True,False,body,30.0,22.0,-10.0
5956,472767,52.0,3,64,0.052442,1.7949,True,False,body,30.0,32.0,-10.0
5957,472925,100.0,5,158,0.052437,1.8693,True,False,body,50.0,60.0,-10.0
5958,473004,38.0,2,79,0.052435,1.8837,True,False,wall,20.0,28.0,-10.0
5959,473066,53.0,4,62,0.052433,1.9567,True,False,body,40.0,23.0,-10.0
5960,473122,54.0,3,56,0.052431,1.9131,True,False,body,30.0,34.0,-10.0
5961,473181,46.0,4,59,0.052429,1.7868,True,False,body,40.0,16.0,-10.0
5962,473245,58.0,3,64,0.052427,1.928,True,False,body,30.0,38.0,-10.0
5963,473407,87.0,4,162,0.052423,2.0137,True,False,body,40.0,57.0,-10.0
5964,473468,43.0,3,61,0.052421,2.0394,True,False,wall,30.0,23.0,-10.0
5965,473578,62.0,5,110,0.052417,1.9231,True,False,body,50.0,22.0,-10.0
5966,473663,55.0,3,85,0.052415,1.9967,True,False,body,30.0,35.0,-10.0
5967,473862,134.0,6,199,0.052409,2.1023,True,False,body,60.0,84.0,-10.0
5968,473956,65.0,4,94,0.052406,1.8724,True,False,body,40.0,35.0,-10.0
5969,474013,73.0,5,57,0.052404,1.9878,True,False,body,50.0,33.0,-10.0
5970,474175,112.0,7,162,0.052399,2.0645,True,False,body,70.0,52.0,-10.0
5971,474288,82.0,4,113,0.052396,1.961,True,False,body,40.0,52.0,-10.0
5972,474352,54.0,3,64,0.052394,1.9338,True,False,body,30.0,34.0,-10.0
5973,474450,86.0,5,98,0.052391,1.8997,True,False,body,50.0,46.0,-10.0
5974,474504,64.0,3,54,0.05239,2.0153,True,False,wall,30.0,44.0,-10.0
5975,474681,83.0,5,177,0.052384,1.9105,True,False,body,50.0,43.0,-10.0
5976,474829,92.0,5,148,0.05238,1.9895,True,False,body,50.0,52.0,-10.0
5977,474982,90.0,6,153,0.052375,1.7723,True,False,body,60.0,40.0,-10.0
5978,475020,37.0,2,38,0.052374,1.9335,True,False,wall,20.0,27.0,-10.0
5979,475175,104.0,6,155,0.05237,1.7992,True,False,body,60.0,54.0,-10.0
5980,475226,45.0,3,51,0.052368,1.8186,True,False,wall,30.0,25.0,-10.0
5981,475358,89.0,6,132,0.052364,1.8518,True,False,body,60.0,39.0,-10.0
5982,475469,93.0,5,111,0.052361,1.8905,True,False,body,50.0,53.0,-10.0
5983,475518,68.0,4,49,0.052359,1.8941,True,False,body,40.0,38.0,-10.0
5984,475612,75.0,4,94,0.052357,2.0798,True,False,body,40.0,45.0,-10.0
5985,475681,85.0,5,69,0.052355,2.0306,True,False,wall,50.0,45.0,-10.0
5986,475764,57.0,3,83,0.052352,1.9468,True,False,body,30.0,37.0,-10.0
5987,475830,60.0,3,66,0.05235,1.9396,True,False,body,30.0,40.0,-10.0
5988,475892,60.0,3,62,0.052348,1.8442,True,False,body,30.0,40.0,-10.0
5989,475942,38.0,3,50,0.052347,1.9103,True,False,body,30.0,18.0,-10.0
5990,476071,98.0,6,129,0.052343,2.1209,True,False,wall,60.0,48.0,-10.0
5991,476125,14.0,1,54,0.052342,2.0184,True,False,wall,10.0,14.0,-10.0
5992,476234,85.0,5,109,0.052338,1.9954,True,False,body,50.0,45.0,-10.0
5993,476324,60.0,3,90,0.052336,1.9114,True,False,body,30.0,40.0,-10.0
5994,476414,60.0,3,90,0.052333,2.0253,True,False,body,30.0,40.0,-10.0
5995,476486,-7.0,0,72,0.052331,1.8498,True,False,wall,0.0,3.0,-10.0
5996,476645,111.0,5,159,0.052326,1.8799,True,False,wall,50.0,71.0,-10.0
5997,476878,77.0,5,233,0.05232,1.8879,True,False,body,50.0,37.0,-10.0
5998,476974,92.0,5,96,0.052317,1.8488,True,False,body,50.0,52.0,-10.0
5999,477022,56.0,3,48,0.052315,1.6776,True,False,wall,30.0,36.0,-10.0
6000,477034,8.0,1,12,0.052315,1.8141,True,False,wall,10.0,8.0,-10.0
6001,477116,84.0,5,82,0.052313,2.0355,True,False,body,50.0,44.0,-10.0
6002,477277,89.0,5,161,0.052308,2.0103,True,False,body,50.0,49.0,-10.0
6003,477487,145.0,8,210,0.052302,1.858,True,False,body,80.0,75.0,-10.0
6004,477549,60.0,3,62,0.0523,2.0644,True,False,body,30.0,40.0,-10.0
6005,477562,11.0,1,13,0.0523,2.0102,True,False,wall,10.0,11.0,-10.0
6006,477589,5.0,1,27,0.052299,2.1072,True,False,wall,10.0,5.0,-10.0
6007,477673,40.0,3,84,0.052297,2.1278,True,False,body,30.0,20.0,-10.0
6008,477763,58.0,3,90,0.052294,1.9095,True,False,body,30.0,38.0,-10.0
6009,477808,35.0,3,45,0.052293,2.2397,True,False,body,30.0,15.0,-10.0
6010,477949,92.0,6,141,0.052289,1.9621,True,False,wall,60.0,42.0,-10.0
6011,478074,148.0,8,125,0.052285,2.0481,True,False,body,80.0,78.0,-10.0
6012,478173,85.0,5,99,0.052282,2.1345,True,False,body,50.0,45.0,-10.0
6013,478206,33.0,3,33,0.052281,1.9879,True,False,body,30.0,13.0,-10.0
6014,478251,43.0,3,45,0.05228,1.8957,True,False,body,30.0,23.0,-10.0
6015,478281,26.0,3,30,0.052279,2.0117,True,False,wall,30.0,6.0,-10.0
6016,478340,53.0,3,59,0.052278,1.9009,True,False,body,30.0,33.0,-10.0
6017,478481,112.0,6,141,0.052274,2.0485,True,False,body,60.0,62.0,-10.0
6018,478534,69.0,5,53,0.052272,2.1532,True,False,body,50.0,29.0,-10.0
6019,478659,57.0,3,125,0.052269,2.0459,True,False,body,30.0,37.0,-10.0
6020,478706,17.0,1,47,0.052267,1.9818,True,False,wall,10.0,17.0,-10.0
6021,478736,36.0,3,30,0.052266,1.867,True,False,body,30.0,16.0,-10.0
6022,478853,70.0,4,117,0.052263,1.9287,True,False,body,40.0,40.0,-10.0
6023,479042,109.0,7,189,0.052258,1.9391,True,False,body,70.0,49.0,-10.0
6024,479157,85.0,5,115,0.052255,1.9152,True,False,body,50.0,45.0,-10.0
6025,479287,80.0,5,130,0.052251,1.9099,True,False,body,50.0,40.0,-10.0
6026,479349,58.0,3,62,0.052249,2.0149,True,False,body,30.0,38.0,-10.0
6027,479411,50.0,3,62,0.052247,1.9503,True,False,body,30.0,30.0,-10.0
6028,479562,152.0,8,151,0.052243,1.8019,True,False,wall,80.0,82.0,-10.0
6029,479588,34.0,3,26,0.052242,1.7689,True,False,wall,30.0,14.0,-10.0
6030,479599,-4.0,0,11,0.052242,2.5096,True,False,wall,0.0,6.0,-10.0
6031,479703,99.0,6,104,0.052239,2.198,True,False,body,60.0,49.0,-10.0
6032,479779,54.0,3,76,0.052237,1.8952,True,False,body,30.0,34.0,-10.0
6033,479876,65.0,3,97,0.052234,2.141,True,False,body,30.0,45.0,-10.0
6034,479921,19.0,1,45,0.052233,2.0194,True,False,wall,10.0,19.0,-10.0
6035,480018,83.0,5,97,0.05223,1.8571,True,False,body,50.0,43.0,-10.0
6036,480121,68.0,4,103,0.052228,1.9703,True,False,body,40.0,38.0,-10.0
6037,480210,61.0,3,89,0.052225,1.9541,True,False,body,30.0,41.0,-10.0
6038,480284,44.0,3,74,0.052223,1.9058,True,False,body,30.0,24.0,-10.0
6039,480298,10.0,1,14,0.052223,2.5797,True,False,wall,10.0,10.0,-10.0
6040,480309,0.0,0,11,0.052222,2.6308,True,False,wall,0.0,10.0,-10.0
6041,480358,55.0,3,49,0.052221,1.9088,True,False,body,30.0,35.0,-10.0
6042,480463,83.0,5,105,0.052218,1.8096,True,False,wall,50.0,43.0,-10.0
6043,480598,57.0,3,135,0.052214,2.1368,True,False,wall,30.0,37.0,-10.0
6044,480643,64.0,4,45,0.052213,2.3191,True,False,body,40.0,34.0,-10.0
6045,480768,68.0,4,125,0.05221,2.0433,True,False,body,40.0,38.0,-10.0
6046,480799,30.0,2,31,0.052209,2.0162,True,False,wall,20.0,20.0,-10.0
6047,480967,107.0,6,168,0.052204,2.1329,True,False,body,60.0,57.0,-10.0
6048,481042,45.0,3,75,0.052202,1.9369,True,False,body,30.0,25.0,-10.0
6049,481100,59.0,4,58,0.0522,2.029,True,False,body,40.0,29.0,-10.0
6050,481175,60.0,4,75,0.052198,1.8779,True,False,body,40.0,30.0,-10.0
6051,481240,41.0,3,65,0.052197,2.2559,True,False,body,30.0,21.0,-10.0
6052,481287,35.0,3,47,0.052195,1.9721,True,False,body,30.0,15.0,-10.0
6053,481328,50.0,4,41,0.052194,2.0495,True,False,wall,40.0,20.0,-10.0
6054,481490,82.0,5,162,0.05219,2.1116,True,False,body,50.0,42.0,-10.0
6055,481568,50.0,3,78,0.052188,1.9532,True,False,body,30.0,30.0,-10.0
6056,481689,110.0,6,121,0.052184,2.0162,True,False,wall,60.0,60.0,-10.0
6057,481830,100.0,6,141,0.05218,2.0004,True,False,body,60.0,50.0,-10.0
6058,482048,96.0,5,218,0.052174,2.1343,True,False,body,50.0,56.0,-10.0
6059,482152,120.0,7,104,0.052172,2.0775,True,False,body,70.0,60.0,-10.0
6060,482191,43.0,3,39,0.052171,2.0565,True,False,body,30.0,23.0,-10.0
6061,482232,39.0,3,41,0.052169,2.2988,True,False,body,30.0,19.0,-10.0
6062,482549,114.0,6,317,0.052161,2.0037,True,False,body,60.0,64.0,-10.0
6063,482612,37.0,3,63,0.052159,1.9099,True,False,body,30.0,17.0,-10.0
6064,482827,67.0,5,215,0.052153,1.9992,True,False,wall,50.0,27.0,-10.0
6065,482929,40.0,3,102,0.052151,1.9811,True,False,body,30.0,20.0,-10.0
6066,482969,6.0,1,40,0.05215,2.1038,True,False,wall,10.0,6.0,-10.0
6067,483022,55.0,3,53,0.052148,1.9158,True,False,body,30.0,35.0,-10.0
6068,483145,86.0,6,123,0.052145,1.8189,True,False,wall,60.0,36.0,-10.0
6069,483225,82.0,5,80,0.052143,1.9702,True,False,body,50.0,42.0,-10.0
6070,483263,44.0,3,38,0.052142,2.0397,True,False,wall,30.0,24.0,-10.0
6071,483355,78.0,5,92,0.052139,1.919,True,False,body,50.0,38.0,-10.0
6072,483420,47.0,3,65,0.052138,1.8665,True,False,wall,30.0,27.0,-10.0
6073,483511,55.0,3,91,0.052135,2.0601,True,False,body,30.0,35.0,-10.0
6074,483568,74.0,4,57,0.052134,2.1017,True,False,body,40.0,44.0,-10.0
6075,483659,81.0,5,91,0.052131,2.0582,True,False,wall,50.0,41.0,-10.0
6076,483744,74.0,4,85,0.052129,2.2195,True,False,body,40.0,44.0,-10.0
6077,483821,63.0,3,77,0.052127,1.9463,True,False,body,30.0,43.0,-10.0
6078,483842,24.0,2,21,0.052126,2.0567,True,False,wall,20.0,14.0,-10.0
6079,483967,116.0,6,125,0.052123,1.9722,True,False,body,60.0,66.0,-10.0
6080,484085,98.0,5,118,0.05212,1.8751,True,False,body,50.0,58.0,-10.0
6081,484260,123.0,7,175,0.052115,1.9154,True,False,body,70.0,63.0,-10.0
6082,484340,44.0,3,80,0.052113,1.8816,True,False,body,30.0,24.0,-10.0
6083,484548,75.0,4,208,0.052108,1.8993,True,False,body,40.0,45.0,-10.0
6084,484710,88.0,5,162,0.052103,1.9633,True,False,wall,50.0,48.0,-10.0
6085,484979,106.0,6,269,0.052096,1.9027,True,False,body,60.0,56.0,-10.0
6086,485039,64.0,5,60,0.052095,1.8731,True,False,body,50.0,24.0,-10.0
6087,485128,74.0,4,89,0.052092,1.9698,True,False,body,40.0,44.0,-10.0
6088,485247,116.0,6,119,0.052089,1.9639,True,False,body,60.0,66.0,-10.0
6089,485317,53.0,4,70,0.052087,2.0096,True,False,body,40.0,23.0,-10.0
6090,485352,-12.0,0,35,0.052087,2.2074,True,False,wall,0.0,-2.0,-10.0
6091,485427,77.0,5,75,0.052085,1.8942,True,False,body,50.0,37.0,-10.0
6092,485472,45.0,3,45,0.052083,1.8838,True,False,body,30.0,25.0,-10.0
6093,485526,40.0,3,54,0.052082,1.9265,True,False,body,30.0,20.0,-10.0
6094,485651,96.0,6,125,0.052079,1.9919,True,False,body,60.0,46.0,-10.0
6095,485790,99.0,5,139,0.052075,1.993,True,False,body,50.0,59.0,-10.0
6096,485896,87.0,6,106,0.052072,1.9307,True,False,body,60.0,37.0,-10.0
6097,485950,42.0,3,54,0.052071,1.8698,True,False,body,30.0,22.0,-10.0
6098,486007,39.0,3,57,0.05207,1.9289,True,False,body,30.0,19.0,-10.0
6099,486090,59.0,3,83,0.052067,1.8237,True,False,body,30.0,39.0,-10.0
6100,486176,46.0,3,86,0.052065,1.8934,True,False,body,30.0,26.0,-10.0
6101,486324,86.0,5,148,0.052061,2.0363,True,False,body,50.0,46.0,-10.0
6102,486388,58.0,3,64,0.05206,1.7888,True,False,body,30.0,38.0,-10.0
6103,486438,44.0,3,50,0.052058,2.0597,True,False,body,30.0,24.0,-10.0
6104,486517,50.0,4,79,0.052056,1.9629,True,False,body,40.0,20.0,-10.0
6105,486548,39.0,3,31,0.052056,2.1674,True,False,body,30.0,19.0,-10.0
6106,486680,65.0,4,132,0.052052,1.8684,True,False,wall,40.0,35.0,-10.0
6107,486788,96.0,5,108,0.052049,1.8463,True,False,body,50.0,56.0,-10.0
6108,486924,109.0,6,136,0.052046,2.1344,True,False,body,60.0,59.0,-10.0
6109,487007,67.0,3,83,0.052044,2.0783,True,False,body,30.0,47.0,-10.0
6110,487080,57.0,3,73,0.052042,2.0678,True,False,body,30.0,37.0,-10.0
6111,487179,55.0,3,99,0.052039,1.8989,True,False,body,30.0,35.0,-10.0
6112,487242,71.0,5,63,0.052038,2.1835,True,False,body,50.0,31.0,-10.0
6113,487422,45.0,4,180,0.052033,1.9859,True,False,body,40.0,15.0,-10.0
6114,487504,96.0,5,82,0.052031,1.8845,True,False,wall,50.0,56.0,-10.0
6115,487530,29.0,2,26,0.05203,1.9879,True,False,wall,20.0,19.0,-10.0
6116,487646,96.0,5,116,0.052028,2.0417,True,False,body,50.0,56.0,-10.0
6117,487708,33.0,2,62,0.052026,1.8933,True,False,wall,20.0,23.0,-10.0
6118,487802,67.0,4,94,0.052024,2.0889,True,False,body,40.0,37.0,-10.0
6119,487925,57.0,3,123,0.05202,2.1558,True,False,body,30.0,37.0,-10.0
6120,488020,82.0,4,95,0.052018,1.8561,True,False,body,40.0,52.0,-10.0
6121,488113,85.0,5,93,0.052016,2.1051,True,False,body,50.0,45.0,-10.0
6122,488159,50.0,3,46,0.052015,1.822,True,False,body,30.0,30.0,-10.0
6123,488215,42.0,3,56,0.052013,1.8932,True,False,body,30.0,22.0,-10.0
6124,488357,86.0,5,142,0.05201,2.0612,True,False,body,50.0,46.0,-10.0
6125,488440,75.0,5,83,0.052008,2.0272,True,False,body,50.0,35.0,-10.0
6126,488511,61.0,3,71,0.052006,1.8961,True,False,body,30.0,41.0,-10.0
6127,488593,60.0,5,82,0.052004,2.049,True,False,wall,50.0,20.0,-10.0
6128,488702,59.0,3,109,0.052001,1.89,True,False,body,30.0,39.0,-10.0
6129,488778,76.0,5,76,0.051999,1.9168,True,False,body,50.0,36.0,-10.0
6130,488884,56.0,3,106,0.051996,2.0273,True,False,body,30.0,36.0,-10.0
6131,488955,80.0,4,71,0.051995,1.9823,True,False,wall,40.0,50.0,-10.0
6132,489119,89.0,6,164,0.051991,1.8719,True,False,body,60.0,39.0,-10.0
6133,489173,63.0,4,54,0.051989,1.9688,True,False,body,40.0,33.0,-10.0
6134,489228,49.0,3,55,0.051988,1.8175,True,False,wall,30.0,29.0,-10.0
6135,489354,83.0,4,126,0.051985,1.9191,True,False,body,40.0,53.0,-10.0
6136,489516,101.0,6,162,0.051981,2.1654,True,False,body,60.0,51.0,-10.0
6137,489572,77.0,4,56,0.051979,1.8004,True,False,body,40.0,47.0,-10.0
6138,489642,53.0,4,70,0.051978,1.85,True,False,body,40.0,23.0,-10.0
6139,489719,51.0,3,77,0.051976,1.9707,True,False,body,30.0,31.0,-10.0
6140,489833,114.0,7,114,0.051973,1.9712,True,False,body,70.0,54.0,-10.0
6141,489906,18.0,2,73,0.051971,2.1911,True,False,wall,20.0,8.0,-10.0
6142,490027,63.0,3,121,0.051968,2.1047,True,False,body,30.0,43.0,-10.0
6143,490114,57.0,3,87,0.051966,2.009,True,False,body,30.0,37.0,-10.0
6144,490172,53.0,4,58,0.051965,2.1574,True,False,body,40.0,23.0,-10.0
6145,490238,44.0,3,66,0.051963,2.0804,True,False,body,30.0,24.0,-10.0
6146,490292,54.0,3,54,0.051962,1.8456,True,False,body,30.0,34.0,-10.0
6147,490361,100.0,6,69,0.05196,2.2006,True,False,body,60.0,50.0,-10.0
6148,490405,46.0,3,44,0.051959,2.0758,True,False,body,30.0,26.0,-10.0
6149,490447,59.0,4,42,0.051958,2.1009,True,False,body,40.0,29.0,-10.0
6150,490525,79.0,4,78,0.051956,2.2954,True,False,body,40.0,49.0,-10.0
6151,490606,76.0,4,81,0.051954,1.9987,True,False,body,40.0,46.0,-10.0
6152,490713,88.0,4,107,0.051951,2.1044,True,False,body,40.0,58.0,-10.0
6153,490784,59.0,3,71,0.05195,2.0208,True,False,body,30.0,39.0,-10.0
6154,490846,82.0,5,62,0.051948,2.039,True,False,body,50.0,42.0,-10.0
6155,490975,70.0,4,129,0.051945,2.2329,True,False,wall,40.0,40.0,-10.0
6156,491075,68.0,5,100,0.051942,1.8919,True,False,body,50.0,28.0,-10.0
6157,491144,35.0,3,69,0.051941,2.1064,True,False,wall,30.0,15.0,-10.0
6158,491216,52.0,3,72,0.051939,1.9612,True,False,body,30.0,32.0,-10.0
6159,491265,41.0,3,49,0.051938,2.2556,True,False,body,30.0,21.0,-10.0
6160,491351,54.0,3,86,0.051936,2.0113,True,False,body,30.0,34.0,-10.0
6161,491396,51.0,3,45,0.051935,2.1267,True,False,body,30.0,31.0,-10.0
6162,491416,8.0,1,20,0.051934,2.0505,True,False,wall,10.0,8.0,-10.0
6163,491470,50.0,3,54,0.051933,1.8868,True,False,body,30.0,30.0,-10.0
6164,491582,81.0,4,112,0.05193,2.2706,True,False,body,40.0,51.0,-10.0
6165,491673,64.0,4,91,0.051928,2.0428,True,False,body,40.0,34.0,-10.0
6166,491853,109.0,6,180,0.051924,1.9562,True,False,body,60.0,59.0,-10.0
6167,491885,6.0,1,32,0.051923,1.8107,True,False,wall,10.0,6.0,-10.0
6168,491962,15.0,1,77,0.051921,2.0127,True,False,wall,10.0,15.0,-10.0
6169,492084,65.0,4,122,0.051918,1.8545,True,False,body,40.0,35.0,-10.0
6170,492238,105.0,6,154,0.051914,2.0404,True,False,wall,60.0,55.0,-10.0
6171,492349,97.0,5,111,0.051912,1.9497,True,False,wall,50.0,57.0,-10.0
6172,492454,41.0,3,105,0.051909,2.0216,True,False,wall,30.0,21.0,-10.0
6173,492540,71.0,4,86,0.051907,2.078,True,False,body,40.0,41.0,-10.0
6174,492632,48.0,3,92,0.051905,1.958,True,False,body,30.0,28.0,-10.0
6175,492687,37.0,3,55,0.051904,2.0594,True,False,body,30.0,17.0,-10.0
6176,492740,79.0,5,53,0.051902,2.0527,True,False,body,50.0,39.0,-10.0
6177,492854,100.0,5,114,0.0519,2.0832,True,False,body,50.0,60.0,-10.0
6178,492888,33.0,2,34,0.051899,2.1097,True,False,wall,20.0,23.0,-10.0
6179,492931,50.0,4,43,0.051898,2.2486,True,False,wall,40.0,20.0,-10.0
6180,493053,78.0,5,122,0.051895,2.03,True,False,wall,50.0,38.0,-10.0
6181,493141,70.0,5,88,0.051893,2.077,True,False,body,50.0,30.0,-10.0
6182,493224,110.0,6,83,0.051891,2.0243,True,False,wall,60.0,60.0,-10.0
6183,493299,65.0,5,75,0.051889,2.0336,True,False,body,50.0,25.0,-10.0
6184,493476,54.0,4,177,0.051885,2.0912,True,False,wall,40.0,24.0,-10.0
6185,493618,73.0,4,142,0.051882,2.0253,True,False,body,40.0,43.0,-10.0
6186,493740,40.0,3,122,0.051879,1.9642,True,False,body,30.0,20.0,-10.0
6187,493859,89.0,5,119,0.051876,2.0172,True,False,body,50.0,49.0,-10.0
6188,493977,113.0,6,118,0.051873,1.9346,True,False,wall,60.0,63.0,-10.0
6189,494032,49.0,3,55,0.051872,1.8859,True,False,body,30.0,29.0,-10.0
6190,494095,71.0,5,63,0.051871,2.1072,True,False,body,50.0,31.0,-10.0
6191,494158,64.0,4,63,0.051869,2.0924,True,False,body,40.0,34.0,-10.0
6192,494288,77.0,4,130,0.051866,2.0309,True,False,body,40.0,47.0,-10.0
6193,494429,124.0,8,141,0.051863,1.9807,True,False,body,80.0,54.0,-10.0
6194,494505,52.0,3,76,0.051861,2.0124,True,False,body,30.0,32.0,-10.0
6195,494552,57.0,3,47,0.05186,2.1659,True,False,body,30.0,37.0,-10.0
6196,494616,54.0,3,64,0.051858,2.1546,True,False,body,30.0,34.0,-10.0
6197,494700,76.0,5,84,0.051856,2.1612,True,False,body,50.0,36.0,-10.0
6198,494885,97.0,5,185,0.051852,2.1587,True,False,body,50.0,57.0,-10.0
6199,494945,48.0,3,60,0.051851,1.9736,True,False,body,30.0,28.0,-10.0
6200,495028,64.0,4,83,0.051849,2.0575,True,False,body,40.0,34.0,-10.0
6201,495084,52.0,3,56,0.051848,2.1084,True,False,body,30.0,32.0,-10.0
6202,495139,55.0,3,55,0.051846,2.139,True,False,body,30.0,35.0,-10.0
6203,495253,63.0,4,114,0.051844,2.0027,True,False,wall,40.0,33.0,-10.0
6204,495466,133.0,7,213,0.051839,1.9912,True,False,body,70.0,73.0,-10.0
6205,495688,117.0,6,222,0.051834,2.0613,True,False,body,60.0,67.0,-10.0
6206,495759,63.0,3,71,0.051832,1.9895,True,False,body,30.0,43.0,-10.0
6207,495825,77.0,4,66,0.05183,1.974,True,False,wall,40.0,47.0,-10.0
6208,495873,48.0,3,48,0.051829,2.0391,True,False,body,30.0,28.0,-10.0
6209,496059,100.0,5,186,0.051825,1.9894,True,False,body,50.0,60.0,-10.0
6210,496149,79.0,4,90,0.051823,2.1363,True,False,body,40.0,49.0,-10.0
6211,496217,74.0,5,68,0.051822,1.9074,True,False,body,50.0,34.0,-10.0
6212,496458,114.0,6,241,0.051816,2.0159,True,False,body,60.0,64.0,-10.0
6213,496582,98.0,7,124,0.051813,2.0918,True,False,wall,70.0,38.0,-10.0
6214,496629,49.0,3,47,0.051812,2.2326,True,False,body,30.0,29.0,-10.0
6215,496761,36.0,3,132,0.051809,2.138,True,False,body,30.0,16.0,-10.0
6216,496921,97.0,6,160,0.051806,1.9282,True,False,wall,60.0,47.0,-10.0
6217,497095,40.0,3,174,0.051802,2.0065,True,False,body,30.0,20.0,-10.0
6218,497161,54.0,3,66,0.0518,1.8445,True,False,body,30.0,34.0,-10.0
6219,497232,44.0,2,71,0.051799,1.9759,True,False,wall,20.0,34.0,-10.0
6220,497277,51.0,3,45,0.051798,2.0944,True,False,wall,30.0,31.0,-10.0
6221,497347,44.0,3,70,0.051796,2.0055,True,False,body,30.0,24.0,-10.0
6222,497419,46.0,3,72,0.051794,2.0127,True,False,body,30.0,26.0,-10.0
6223,497488,57.0,3,69,0.051793,1.9743,True,False,body,30.0,37.0,-10.0
6224,497602,42.0,3,114,0.05179,1.8902,True,False,wall,30.0,22.0,-10.0
6225,497662,52.0,3,60,0.051789,2.2757,True,False,body,30.0,32.0,-10.0
6226,497734,44.0,3,72,0.051787,2.0973,True,False,body,30.0,24.0,-10.0
6227,497817,61.0,5,83,0.051785,2.0397,True,False,body,50.0,21.0,-10.0
6228,497871,32.0,3,54,0.051784,1.9329,True,False,body,30.0,12.0,-10.0
6229,498006,118.0,6,135,0.051781,1.962,True,False,wall,60.0,68.0,-10.0
6230,498080,44.0,3,74,0.05178,2.1855,True,False,body,30.0,24.0,-10.0
6231,498222,98.0,5,142,0.051776,2.1652,True,False,body,50.0,58.0,-10.0
6232,498255,45.0,3,33,0.051776,2.0084,True,False,body,30.0,25.0,-10.0
6233,498365,77.0,4,110,0.051773,2.2829,True,False,body,40.0,47.0,-10.0
6234,498447,68.0,3,82,0.051771,1.895,True,False,body,30.0,48.0,-10.0
6235,498521,44.0,3,74,0.05177,2.0182,True,False,body,30.0,24.0,-10.0
6236,498552,50.0,4,31,0.051769,1.9041,True,False,body,40.0,20.0,-10.0
6237,498678,90.0,5,126,0.051766,2.1249,True,False,body,50.0,50.0,-10.0
6238,498776,49.0,4,98,0.051764,2.1007,True,False,wall,40.0,19.0,-10.0
6239,498849,87.0,5,73,0.051763,2.2866,True,False,wall,50.0,47.0,-10.0
6240,498924,70.0,4,75,0.051761,2.1973,True,False,body,40.0,40.0,-10.0
6241,499007,104.0,6,83,0.051759,2.1878,True,False,body,60.0,54.0,-10.0
6242,499123,88.0,5,116,0.051757,2.1071,True,False,body,50.0,48.0,-10.0
6243,499374,109.0,7,251,0.051751,2.0337,True,False,wall,70.0,49.0,-10.0
6244,499451,40.0,4,77,0.051749,2.0517,True,False,body,40.0,10.0,-10.0
6245,499611,96.0,5,160,0.051746,1.9359,True,False,body,50.0,56.0,-10.0
6246,499677,48.0,3,66,0.051744,2.2464,True,False,wall,30.0,28.0,-10.0
6247,499725,42.0,3,48,0.051743,2.1077,True,False,wall,30.0,22.0,-10.0
6248,499795,53.0,4,70,0.051742,2.0797,True,False,wall,40.0,23.0,-10.0
6249,499873,73.0,6,78,0.05174,2.0813,True,False,body,60.0,23.0,-10.0
6250,500000,91.0,4,127,0.051737,2.0521,False,False,budget_cutoff,40.0,51.0,0.0
