episode,env_steps_total,episode_reward,score,survival_steps,epsilon,loss_mean,terminated,truncated,death_reason,fruit_reward_sum,distance_shaping_reward_sum,death_penalty_sum
0,129,-6.0,0,129,0.94855,0.0,True,False,wall,0.0,4.0,-10.0
1,161,-13.0,0,32,0.948191,0.0,True,False,wall,0.0,-3.0,-10.0
2,209,-13.0,0,48,0.947652,0.0,True,False,wall,0.0,-3.0,-10.0
3,240,-10.0,0,31,0.947304,0.0,True,False,wall,0.0,0.0,-10.0
4,271,-18.0,0,31,0.946956,0.0,True,False,wall,0.0,-8.0,-10.0
5,303,-15.0,0,32,0.946598,0.0,True,False,wall,0.0,-5.0,-10.0
6,351,2.0,1,48,0.94606,0.0,True,False,wall,10.0,2.0,-10.0
7,393,-13.0,0,42,0.94559,0.0,True,False,wall,0.0,-3.0,-10.0
8,413,-17.0,0,20,0.945366,0.0,True,False,wall,0.0,-7.0,-10.0
9,457,-7.0,0,44,0.944873,0.0,True,False,wall,0.0,3.0,-10.0
10,655,-23.0,0,198,0.942661,0.0,True,False,wall,0.0,-13.0,-10.0
11,745,-17.0,0,90,0.941658,0.0,True,False,wall,0.0,-7.0,-10.0
12,758,-14.0,0,13,0.941513,0.0,True,False,wall,0.0,-4.0,-10.0
13,794,-3.0,0,36,0.941112,0.0,True,False,wall,0.0,7.0,-10.0
14,808,-13.0,0,14,0.940956,0.0,True,False,wall,0.0,-3.0,-10.0
15,832,-13.0,0,24,0.940689,0.0,True,False,wall,0.0,-3.0,-10.0
16,882,-21.0,0,50,0.940132,0.0,True,False,wall,0.0,-11.0,-10.0
17,913,-14.0,0,31,0.939787,0.0,True,False,wall,0.0,-4.0,-10.0
18,926,-22.0,0,13,0.939643,0.0,True,False,wall,0.0,-12.0,-10.0
19,967,-16.0,0,41,0.939187,0.0,True,False,wall,0.0,-6.0,-10.0
20,983,-19.0,0,16,0.939009,0.0,True,False,wall,0.0,-9.0,-10.0
21,1017,-9.0,0,34,0.938631,0.0,True,False,wall,0.0,1.0,-10.0
22,1051,-17.0,0,34,0.938254,0.0,True,False,wall,0.0,-7.0,-10.0
23,1083,-11.0,0,32,0.937898,0.0,True,False,wall,0.0,-1.0,-10.0
24,1097,-11.0,0,14,0.937743,0.0,True,False,wall,0.0,-1.0,-10.0
25,1185,-19.0,0,88,0.936767,0.0,True,False,wall,0.0,-9.0,-10.0
26,1218,-2.0,0,33,0.936401,0.0,True,False,wall,0.0,8.0,-10.0
27,1235,-18.0,0,17,0.936213,0.0,True,False,wall,0.0,-8.0,-10.0
28,1258,-10.0,0,23,0.935958,0.0,True,False,wall,0.0,0.0,-10.0
29,1270,-17.0,0,12,0.935825,0.0,True,False,wall,0.0,-7.0,-10.0
30,1339,-18.0,0,69,0.935062,0.0,True,False,wall,0.0,-8.0,-10.0
31,1381,-19.0,0,42,0.934597,0.0,True,False,wall,0.0,-9.0,-10.0
32,1438,-16.0,0,57,0.933967,0.0,True,False,wall,0.0,-6.0,-10.0
33,1455,-4.0,0,17,0.933779,0.0,True,False,wall,0.0,6.0,-10.0
34,1493,-5.0,0,38,0.93336,0.0,True,False,wall,0.0,5.0,-10.0
35,1527,-15.0,0,34,0.932984,0.0,True,False,wall,0.0,-5.0,-10.0
36,1563,-7.0,0,36,0.932587,0.0,True,False,wall,0.0,3.0,-10.0
37,1598,-20.0,0,35,0.932201,0.0,True,False,wall,0.0,-10.0,-10.0
38,1612,-21.0,0,14,0.932046,0.0,True,False,wall,0.0,-11.0,-10.0
39,1632,-13.0,0,20,0.931826,0.0,True,False,wall,0.0,-3.0,-10.0
40,1664,-4.0,1,32,0.931473,0.0,True,False,wall,10.0,-4.0,-10.0
41,1675,-14.0,0,11,0.931352,0.0,True,False,wall,0.0,-4.0,-10.0
42,1692,-16.0,0,17,0.931165,0.0,True,False,wall,0.0,-6.0,-10.0
43,1708,-19.0,0,16,0.930989,0.0,True,False,wall,0.0,-9.0,-10.0
44,1754,-4.0,1,46,0.930482,0.0,True,False,wall,10.0,-4.0,-10.0
45,1780,-17.0,0,26,0.930196,0.0,True,False,wall,0.0,-7.0,-10.0
46,1825,-8.0,0,45,0.929701,0.0,True,False,wall,0.0,2.0,-10.0
47,1850,-8.0,0,25,0.929426,0.0,True,False,wall,0.0,2.0,-10.0
48,1868,-19.0,0,18,0.929228,0.0,True,False,wall,0.0,-9.0,-10.0
49,1891,-20.0,0,23,0.928976,0.0,True,False,wall,0.0,-10.0,-10.0
50,1974,-22.0,0,83,0.928064,0.0,True,False,wall,0.0,-12.0,-10.0
51,2017,-9.0,1,43,0.927592,0.0,True,False,wall,10.0,-9.0,-10.0
52,2042,-12.0,0,25,0.927318,0.0,True,False,wall,0.0,-2.0,-10.0
53,2060,-19.0,0,18,0.927121,0.0,True,False,wall,0.0,-9.0,-10.0
54,2088,-17.0,0,28,0.926814,0.0,True,False,wall,0.0,-7.0,-10.0
55,2111,-20.0,0,23,0.926562,0.0,True,False,wall,0.0,-10.0,-10.0
56,2176,-10.0,0,65,0.92585,0.0,True,False,wall,0.0,0.0,-10.0
57,2210,-3.0,0,34,0.925478,0.0,True,False,wall,0.0,7.0,-10.0
58,2229,-16.0,0,19,0.92527,0.0,True,False,wall,0.0,-6.0,-10.0
59,2255,-19.0,0,26,0.924985,0.0,True,False,wall,0.0,-9.0,-10.0
60,2267,-15.0,0,12,0.924854,0.0,True,False,wall,0.0,-5.0,-10.0
61,2365,-17.0,0,98,0.923783,0.0,True,False,wall,0.0,-7.0,-10.0
62,2403,-13.0,0,38,0.923368,0.0,True,False,wall,0.0,-3.0,-10.0
63,2415,-15.0,0,12,0.923237,0.0,True,False,wall,0.0,-5.0,-10.0
64,2518,-22.0,0,103,0.922114,0.0,True,False,wall,0.0,-12.0,-10.0
65,2551,-24.0,0,33,0.921754,0.0,True,False,wall,0.0,-14.0,-10.0
66,2609,-19.0,0,58,0.921122,0.0,True,False,wall,0.0,-9.0,-10.0
67,2640,-8.0,0,31,0.920785,0.0,True,False,wall,0.0,2.0,-10.0
68,2655,-20.0,0,15,0.920621,0.0,True,False,wall,0.0,-10.0,-10.0
69,2744,7.0,1,89,0.919653,0.0,True,False,wall,10.0,7.0,-10.0
70,2773,-20.0,0,29,0.919338,0.0,True,False,wall,0.0,-10.0,-10.0
71,2816,-8.0,0,43,0.918871,0.0,True,False,wall,0.0,2.0,-10.0
72,2874,-15.0,0,58,0.918241,0.0,True,False,wall,0.0,-5.0,-10.0
73,2890,-17.0,0,16,0.918068,0.0,True,False,wall,0.0,-7.0,-10.0
74,2901,-6.0,0,11,0.917948,0.0,True,False,wall,0.0,4.0,-10.0
75,2914,-6.0,0,13,0.917807,0.0,True,False,wall,0.0,4.0,-10.0
76,2932,-5.0,0,18,0.917612,0.0,True,False,wall,0.0,5.0,-10.0
77,2995,-1.0,1,63,0.916929,0.0,True,False,wall,10.0,-1.0,-10.0
78,3029,-13.0,0,34,0.916561,0.0,True,False,wall,0.0,-3.0,-10.0
79,3041,-19.0,0,12,0.916431,0.0,True,False,wall,0.0,-9.0,-10.0
80,3062,-16.0,0,21,0.916203,0.0,True,False,wall,0.0,-6.0,-10.0
81,3113,-14.0,0,51,0.915651,0.0,True,False,wall,0.0,-4.0,-10.0
82,3135,-2.0,1,22,0.915413,0.0,True,False,wall,10.0,-2.0,-10.0
83,3157,-12.0,1,22,0.915175,0.0,True,False,wall,10.0,-12.0,-10.0
84,3255,8.0,1,98,0.914116,0.0,True,False,wall,10.0,8.0,-10.0
85,3268,-4.0,0,13,0.913976,0.0,True,False,wall,0.0,6.0,-10.0
86,3337,-18.0,0,69,0.913231,0.0,True,False,wall,0.0,-8.0,-10.0
87,3382,-24.0,0,45,0.912746,0.0,True,False,wall,0.0,-14.0,-10.0
88,3412,-19.0,0,30,0.912422,0.0,True,False,wall,0.0,-9.0,-10.0
89,3452,-15.0,0,40,0.911991,0.0,True,False,wall,0.0,-5.0,-10.0
90,3469,-6.0,0,17,0.911808,0.0,True,False,wall,0.0,4.0,-10.0
91,3494,-1.0,1,25,0.911539,0.0,True,False,wall,10.0,-1.0,-10.0
92,3517,7.0,1,23,0.911291,0.0,True,False,wall,10.0,7.0,-10.0
93,3564,-7.0,1,47,0.910785,0.0,True,False,wall,10.0,-7.0,-10.0
94,3652,-17.0,0,88,0.909839,0.0,True,False,wall,0.0,-7.0,-10.0
95,3678,-19.0,0,26,0.909559,0.0,True,False,wall,0.0,-9.0,-10.0
96,3696,-5.0,0,18,0.909366,0.0,True,False,wall,0.0,5.0,-10.0
97,3718,-9.0,0,22,0.90913,0.0,True,False,wall,0.0,1.0,-10.0
98,3737,-6.0,0,19,0.908926,0.0,True,False,wall,0.0,4.0,-10.0
99,3749,-4.0,1,12,0.908797,0.0,True,False,wall,10.0,-4.0,-10.0
100,3847,-9.0,0,98,0.907745,0.0,True,False,wall,0.0,1.0,-10.0
101,3879,-19.0,0,32,0.907402,0.0,True,False,wall,0.0,-9.0,-10.0
102,3940,-24.0,0,61,0.906749,0.0,True,False,wall,0.0,-14.0,-10.0
103,3960,-13.0,0,20,0.906535,0.0,True,False,wall,0.0,-3.0,-10.0
104,4000,-15.0,0,40,0.906106,0.0,True,False,wall,0.0,-5.0,-10.0
105,4020,-1.0,0,20,0.905892,0.0,True,False,wall,0.0,9.0,-10.0
106,4035,-18.0,0,15,0.905732,0.0,True,False,wall,0.0,-8.0,-10.0
107,4091,-3.0,0,56,0.905133,0.0,True,False,wall,0.0,7.0,-10.0
108,4143,-11.0,0,52,0.904578,0.0,True,False,wall,0.0,-1.0,-10.0
109,4241,-17.0,0,98,0.903531,0.0,True,False,wall,0.0,-7.0,-10.0
110,4276,-14.0,0,35,0.903158,0.0,True,False,wall,0.0,-4.0,-10.0
111,4296,-17.0,0,20,0.902945,0.0,True,False,wall,0.0,-7.0,-10.0
112,4365,-12.0,0,69,0.902209,0.0,True,False,wall,0.0,-2.0,-10.0
113,4409,-21.0,0,44,0.901741,0.0,True,False,wall,0.0,-11.0,-10.0
114,4441,-19.0,0,32,0.9014,0.0,True,False,wall,0.0,-9.0,-10.0
115,4475,-23.0,0,34,0.901038,0.0,True,False,wall,0.0,-13.0,-10.0
116,4494,-14.0,0,19,0.900836,0.0,True,False,wall,0.0,-4.0,-10.0
117,4519,-20.0,0,25,0.90057,0.0,True,False,wall,0.0,-10.0,-10.0
118,4546,-4.0,0,27,0.900283,0.0,True,False,wall,0.0,6.0,-10.0
119,4602,-23.0,0,56,0.899688,0.0,True,False,wall,0.0,-13.0,-10.0
120,4635,-10.0,0,33,0.899338,0.0,True,False,wall,0.0,0.0,-10.0
121,4708,9.0,1,73,0.898563,0.0,True,False,wall,10.0,9.0,-10.0
122,4775,-20.0,0,67,0.897853,0.0,True,False,wall,0.0,-10.0,-10.0
123,4793,-7.0,0,18,0.897662,0.0,True,False,wall,0.0,3.0,-10.0
124,4889,-9.0,0,96,0.896646,0.0,True,False,wall,0.0,1.0,-10.0
125,4908,-22.0,0,19,0.896445,0.0,True,False,wall,0.0,-12.0,-10.0
126,4927,-22.0,0,19,0.896244,0.0,True,False,wall,0.0,-12.0,-10.0
127,4943,-11.0,0,16,0.896074,0.0,True,False,wall,0.0,-1.0,-10.0
128,4967,-11.0,0,24,0.895821,0.0,True,False,wall,0.0,-1.0,-10.0
129,5016,-10.0,0,49,0.895303,0.0,True,False,wall,0.0,0.0,-10.0
130,5026,-17.0,0,10,0.895197,0.0,True,False,wall,0.0,-7.0,-10.0
131,5055,-16.0,0,29,0.894891,0.0,True,False,wall,0.0,-6.0,-10.0
132,5082,-14.0,0,27,0.894606,0.0,True,False,wall,0.0,-4.0,-10.0
133,5141,11.0,1,59,0.893983,0.0,True,False,wall,10.0,11.0,-10.0
134,5177,-19.0,0,36,0.893603,0.0,True,False,wall,0.0,-9.0,-10.0
135,5217,-1.0,0,40,0.893182,0.0,True,False,wall,0.0,9.0,-10.0
136,5245,-17.0,0,28,0.892886,0.0,True,False,wall,0.0,-7.0,-10.0
137,5307,-17.0,0,62,0.892233,0.0,True,False,wall,0.0,-7.0,-10.0
138,5319,-9.0,0,12,0.892107,0.0,True,False,wall,0.0,1.0,-10.0
139,5337,-21.0,0,18,0.891918,0.0,True,False,wall,0.0,-11.0,-10.0
140,5366,-20.0,0,29,0.891613,0.0,True,False,wall,0.0,-10.0,-10.0
141,5420,-21.0,0,54,0.891045,0.0,True,False,wall,0.0,-11.0,-10.0
142,5470,-19.0,0,50,0.890519,0.0,True,False,wall,0.0,-9.0,-10.0
143,5484,-17.0,0,14,0.890372,0.0,True,False,wall,0.0,-7.0,-10.0
144,5521,5.0,1,37,0.889984,0.0,True,False,wall,10.0,5.0,-10.0
145,5541,-11.0,0,20,0.889774,0.0,True,False,wall,0.0,-1.0,-10.0
146,5584,-16.0,0,43,0.889322,0.0,True,False,wall,0.0,-6.0,-10.0
147,5660,-19.0,0,76,0.888525,0.0,True,False,wall,0.0,-9.0,-10.0
148,5678,-5.0,0,18,0.888337,0.0,True,False,wall,0.0,5.0,-10.0
149,5758,-19.0,0,80,0.887499,0.0,True,False,wall,0.0,-9.0,-10.0
150,5775,-10.0,0,17,0.887321,0.0,True,False,wall,0.0,0.0,-10.0
151,5830,-6.0,0,55,0.886745,0.0,True,False,wall,0.0,4.0,-10.0
152,5851,-14.0,0,21,0.886526,0.0,True,False,wall,0.0,-4.0,-10.0
153,5877,-3.0,0,26,0.886254,0.0,True,False,wall,0.0,7.0,-10.0
154,5893,-15.0,0,16,0.886087,0.0,True,False,wall,0.0,-5.0,-10.0
155,5907,-19.0,0,14,0.88594,0.0,True,False,wall,0.0,-9.0,-10.0
156,5934,-14.0,0,27,0.885658,0.0,True,False,wall,0.0,-4.0,-10.0
157,6103,-18.0,0,169,0.883895,0.0,True,False,wall,0.0,-8.0,-10.0
158,6120,-18.0,0,17,0.883718,0.0,True,False,wall,0.0,-8.0,-10.0
159,6141,-8.0,0,21,0.883499,0.0,True,False,wall,0.0,2.0,-10.0
160,6156,-10.0,0,15,0.883343,0.0,True,False,wall,0.0,0.0,-10.0
161,6193,-14.0,0,37,0.882957,0.0,True,False,wall,0.0,-4.0,-10.0
162,6237,-17.0,0,44,0.882499,0.0,True,False,wall,0.0,-7.0,-10.0
163,6287,16.0,1,50,0.881979,0.0,True,False,wall,10.0,16.0,-10.0
164,6305,-17.0,0,18,0.881792,0.0,True,False,wall,0.0,-7.0,-10.0
165,6342,-18.0,0,37,0.881407,0.0,True,False,wall,0.0,-8.0,-10.0
166,6389,-14.0,0,47,0.880919,0.0,True,False,wall,0.0,-4.0,-10.0
167,6414,-2.0,0,25,0.880659,0.0,True,False,wall,0.0,8.0,-10.0
168,6452,-7.0,0,38,0.880265,0.0,True,False,wall,0.0,3.0,-10.0
169,6509,-20.0,0,57,0.879674,0.0,True,False,wall,0.0,-10.0,-10.0
170,6558,-10.0,0,49,0.879165,0.0,True,False,wall,0.0,0.0,-10.0
171,6599,-24.0,0,41,0.878741,0.0,True,False,wall,0.0,-14.0,-10.0
172,6630,-12.0,0,31,0.87842,0.0,True,False,wall,0.0,-2.0,-10.0
173,6661,-18.0,0,31,0.878099,0.0,True,False,wall,0.0,-8.0,-10.0
174,6709,-11.0,0,48,0.877602,0.0,True,False,wall,0.0,-1.0,-10.0
175,6798,0.0,0,89,0.876682,0.0,True,False,wall,0.0,10.0,-10.0
176,6849,-8.0,0,51,0.876155,0.0,True,False,wall,0.0,2.0,-10.0
177,6894,-16.0,0,45,0.87569,0.0,True,False,wall,0.0,-6.0,-10.0
178,6906,-13.0,0,12,0.875566,0.0,True,False,wall,0.0,-3.0,-10.0
179,6930,-15.0,0,24,0.875319,0.0,True,False,wall,0.0,-5.0,-10.0
180,7034,-17.0,0,104,0.874247,0.0,True,False,wall,0.0,-7.0,-10.0
181,7050,-9.0,0,16,0.874082,0.0,True,False,wall,0.0,1.0,-10.0
182,7068,-23.0,0,18,0.873896,0.0,True,False,wall,0.0,-13.0,-10.0
183,7124,-9.0,0,56,0.87332,0.0,True,False,wall,0.0,1.0,-10.0
184,7164,-5.0,0,40,0.872908,0.0,True,False,wall,0.0,5.0,-10.0
185,7189,-8.0,0,25,0.872651,0.0,True,False,wall,0.0,2.0,-10.0
186,7231,-15.0,0,42,0.872219,0.0,True,False,wall,0.0,-5.0,-10.0
187,7245,-5.0,0,14,0.872076,0.0,True,False,wall,0.0,5.0,-10.0
188,7363,-17.0,0,118,0.870864,0.0,True,False,wall,0.0,-7.0,-10.0
189,7388,-20.0,0,25,0.870607,0.0,True,False,wall,0.0,-10.0,-10.0
190,7424,-2.0,1,36,0.870238,0.0,True,False,wall,10.0,-2.0,-10.0
191,7444,-17.0,0,20,0.870033,0.0,True,False,wall,0.0,-7.0,-10.0
192,7460,-3.0,0,16,0.869869,0.0,True,False,wall,0.0,7.0,-10.0
193,7470,-3.0,0,10,0.869767,0.0,True,False,wall,0.0,7.0,-10.0
194,7506,-17.0,0,36,0.869398,0.0,True,False,wall,0.0,-7.0,-10.0
195,7537,-5.0,1,31,0.86908,0.0,True,False,wall,10.0,-5.0,-10.0
196,7555,-13.0,0,18,0.868896,0.0,True,False,wall,0.0,-3.0,-10.0
197,7593,-7.0,0,38,0.868507,0.0,True,False,wall,0.0,3.0,-10.0
198,7621,-11.0,0,28,0.868221,0.0,True,False,wall,0.0,-1.0,-10.0
199,7638,-18.0,0,17,0.868047,0.0,True,False,wall,0.0,-8.0,-10.0
200,7659,-12.0,0,21,0.867832,0.0,True,False,wall,0.0,-2.0,-10.0
201,7693,-17.0,0,34,0.867485,0.0,True,False,wall,0.0,-7.0,-10.0
202,7706,-10.0,0,13,0.867352,0.0,True,False,wall,0.0,0.0,-10.0
203,7722,-19.0,0,16,0.867188,0.0,True,False,wall,0.0,-9.0,-10.0
204,7738,-11.0,0,16,0.867025,0.0,True,False,wall,0.0,-1.0,-10.0
205,7752,-15.0,0,14,0.866882,0.0,True,False,wall,0.0,-5.0,-10.0
206,7795,-12.0,0,43,0.866443,0.0,True,False,wall,0.0,-2.0,-10.0
207,7812,-18.0,0,17,0.86627,0.0,True,False,wall,0.0,-8.0,-10.0
208,7832,-15.0,0,20,0.866066,0.0,True,False,wall,0.0,-5.0,-10.0
209,7865,-18.0,0,33,0.865729,0.0,True,False,wall,0.0,-8.0,-10.0
210,7897,-15.0,0,32,0.865403,0.0,True,False,wall,0.0,-5.0,-10.0
211,7949,-17.0,0,52,0.864873,0.0,True,False,wall,0.0,-7.0,-10.0
212,7971,-21.0,0,22,0.864649,0.0,True,False,wall,0.0,-11.0,-10.0
213,7994,-10.0,0,23,0.864415,0.0,True,False,wall,0.0,0.0,-10.0
214,8054,-13.0,0,60,0.863804,0.0,True,False,wall,0.0,-3.0,-10.0
215,8063,-8.0,0,9,0.863713,0.0,True,False,wall,0.0,2.0,-10.0
216,8073,-9.0,0,10,0.863611,0.0,True,False,wall,0.0,1.0,-10.0
217,8135,-9.0,0,62,0.862981,0.0,True,False,wall,0.0,1.0,-10.0
218,8177,-17.0,0,42,0.862554,0.0,True,False,wall,0.0,-7.0,-10.0
219,8225,-6.0,1,48,0.862067,0.0,True,False,wall,10.0,-6.0,-10.0
220,8241,-3.0,0,16,0.861904,0.0,True,False,wall,0.0,7.0,-10.0
221,8269,-8.0,1,28,0.86162,0.0,True,False,wall,10.0,-8.0,-10.0
222,8296,-16.0,0,27,0.861346,0.0,True,False,wall,0.0,-6.0,-10.0
223,8332,6.0,1,36,0.860981,0.0,True,False,wall,10.0,6.0,-10.0
224,8351,9.0,1,19,0.860789,0.0,True,False,wall,10.0,9.0,-10.0
225,8366,-14.0,0,15,0.860637,0.0,True,False,wall,0.0,-4.0,-10.0
226,8405,1.0,1,39,0.860241,0.0,True,False,wall,10.0,1.0,-10.0
227,8479,-13.0,0,74,0.859492,0.0,True,False,wall,0.0,-3.0,-10.0
228,8507,0.0,1,28,0.859209,0.0,True,False,wall,10.0,0.0,-10.0
229,8525,-17.0,0,18,0.859027,0.0,True,False,wall,0.0,-7.0,-10.0
230,8564,-8.0,0,39,0.858633,0.0,True,False,wall,0.0,2.0,-10.0
231,8619,0.0,0,55,0.858077,0.0,True,False,wall,0.0,10.0,-10.0
232,8650,-8.0,0,31,0.857764,0.0,True,False,wall,0.0,2.0,-10.0
233,8667,-16.0,0,17,0.857592,0.0,True,False,wall,0.0,-6.0,-10.0
234,8682,-10.0,0,15,0.857441,0.0,True,False,wall,0.0,0.0,-10.0
235,8815,-18.0,0,133,0.8561,0.0,True,False,wall,0.0,-8.0,-10.0
236,8873,-19.0,0,58,0.855515,0.0,True,False,wall,0.0,-9.0,-10.0
237,8925,4.0,1,52,0.854992,0.0,True,False,wall,10.0,4.0,-10.0
238,8964,-18.0,0,39,0.8546,0.0,True,False,wall,0.0,-8.0,-10.0
239,8987,-8.0,0,23,0.854368,0.0,True,False,wall,0.0,2.0,-10.0
240,9063,-19.0,0,76,0.853605,0.0,True,False,wall,0.0,-9.0,-10.0
241,9114,-14.0,0,51,0.853092,0.0,True,False,wall,0.0,-4.0,-10.0
242,9181,-10.0,0,67,0.85242,0.0,True,False,wall,0.0,0.0,-10.0
243,9241,-21.0,0,60,0.851818,0.0,True,False,wall,0.0,-11.0,-10.0
244,9264,-18.0,0,23,0.851588,0.0,True,False,wall,0.0,-8.0,-10.0
245,9275,-16.0,0,11,0.851478,0.0,True,False,wall,0.0,-6.0,-10.0
246,9284,-18.0,0,9,0.851388,0.0,True,False,wall,0.0,-8.0,-10.0
247,9318,-7.0,0,34,0.851047,0.0,True,False,wall,0.0,3.0,-10.0
248,9356,-15.0,0,38,0.850667,0.0,True,False,wall,0.0,-5.0,-10.0
249,9388,-17.0,0,32,0.850347,0.0,True,False,wall,0.0,-7.0,-10.0
250,9412,-19.0,0,24,0.850106,0.0,True,False,wall,0.0,-9.0,-10.0
251,9448,-17.0,0,36,0.849746,0.0,True,False,wall,0.0,-7.0,-10.0
252,9476,-23.0,0,28,0.849467,0.0,True,False,wall,0.0,-13.0,-10.0
253,9504,-23.0,0,28,0.849187,0.0,True,False,wall,0.0,-13.0,-10.0
254,9529,-16.0,0,25,0.848937,0.0,True,False,wall,0.0,-6.0,-10.0
255,9584,-8.0,0,55,0.848388,0.0,True,False,wall,0.0,2.0,-10.0
256,9617,3.0,1,33,0.848059,0.0,True,False,wall,10.0,3.0,-10.0
257,9653,-21.0,0,36,0.8477,0.0,True,False,wall,0.0,-11.0,-10.0
258,9676,1.0,1,23,0.84747,0.0,True,False,wall,10.0,1.0,-10.0
259,9698,-13.0,0,22,0.847251,0.0,True,False,wall,0.0,-3.0,-10.0
260,9727,-16.0,0,29,0.846962,0.0,True,False,wall,0.0,-6.0,-10.0
261,9813,-11.0,0,86,0.846106,0.0,True,False,wall,0.0,-1.0,-10.0
262,9859,-13.0,0,46,0.845648,0.0,True,False,wall,0.0,-3.0,-10.0
263,9907,-15.0,0,48,0.845171,0.0,True,False,wall,0.0,-5.0,-10.0
264,9938,-20.0,0,31,0.844863,0.0,True,False,wall,0.0,-10.0,-10.0
265,9971,-18.0,0,33,0.844535,0.0,True,False,wall,0.0,-8.0,-10.0
266,10028,-14.0,0,57,0.843969,3.3404,True,False,wall,0.0,-4.0,-10.0
267,10064,6.0,1,36,0.843612,2.2354,True,False,wall,10.0,6.0,-10.0
268,10138,-13.0,0,74,0.842878,2.7145,True,False,wall,0.0,-3.0,-10.0
269,10181,-16.0,0,43,0.842452,7.4573,True,False,wall,0.0,-6.0,-10.0
270,10242,-20.0,0,61,0.841848,6.7694,True,False,wall,0.0,-10.0,-10.0
271,10258,-23.0,0,16,0.84169,4.5269,True,False,wall,0.0,-13.0,-10.0
272,10323,-2.0,0,65,0.841047,3.1935,True,False,wall,0.0,8.0,-10.0
273,10348,3.0,1,25,0.8408,1.6271,True,False,wall,10.0,3.0,-10.0
274,10390,6.0,1,42,0.840385,1.2571,True,False,wall,10.0,6.0,-10.0
275,10465,9.0,1,75,0.839644,1.0013,True,False,wall,10.0,9.0,-10.0
276,10506,-8.0,0,41,0.839239,0.9274,True,False,wall,0.0,2.0,-10.0
277,10566,-9.0,0,60,0.838648,1.0973,True,False,wall,0.0,1.0,-10.0
278,10623,-2.0,0,57,0.838086,1.0059,True,False,wall,0.0,8.0,-10.0
279,10788,7.0,1,165,0.836462,1.1103,True,False,wall,10.0,7.0,-10.0
280,10815,-6.0,0,27,0.836197,1.1802,True,False,wall,0.0,4.0,-10.0
281,10867,8.0,1,52,0.835686,1.4945,True,False,wall,10.0,8.0,-10.0
282,10913,-3.0,0,46,0.835234,1.8608,True,False,wall,0.0,7.0,-10.0
283,10974,-16.0,0,61,0.834636,1.8564,True,False,wall,0.0,-6.0,-10.0
284,11028,-3.0,0,54,0.834106,1.1871,True,False,wall,0.0,7.0,-10.0
285,11064,-5.0,0,36,0.833754,1.2354,True,False,wall,0.0,5.0,-10.0
286,11138,4.0,1,74,0.833029,1.104,True,False,wall,10.0,4.0,-10.0
287,11180,-13.0,0,42,0.832618,1.484,True,False,wall,0.0,-3.0,-10.0
288,11238,-7.0,0,58,0.832051,1.2374,True,False,wall,0.0,3.0,-10.0
289,11346,1.0,0,108,0.830996,1.078,True,False,wall,0.0,11.0,-10.0
290,11363,-16.0,0,17,0.83083,1.2129,True,False,wall,0.0,-6.0,-10.0
291,11387,-11.0,0,24,0.830596,1.0793,True,False,wall,0.0,-1.0,-10.0
292,11595,27.0,2,208,0.828569,1.2616,True,False,wall,20.0,17.0,-10.0
293,11664,-10.0,0,69,0.827897,1.1304,True,False,wall,0.0,0.0,-10.0
294,11720,2.0,1,56,0.827353,1.2806,True,False,wall,10.0,2.0,-10.0
295,11895,37.0,3,175,0.825655,1.1761,True,False,body,30.0,17.0,-10.0
296,11922,-10.0,0,27,0.825393,1.1675,True,False,wall,0.0,0.0,-10.0
297,11935,-4.0,0,13,0.825267,1.2922,True,False,wall,0.0,6.0,-10.0
298,12013,10.0,1,78,0.824511,1.1698,True,False,wall,10.0,10.0,-10.0
299,12085,32.0,3,72,0.823815,1.0206,True,False,body,30.0,12.0,-10.0
300,12121,10.0,1,36,0.823466,1.086,True,False,wall,10.0,10.0,-10.0
301,12140,-2.0,0,19,0.823283,1.2371,True,False,wall,0.0,8.0,-10.0
302,12159,-16.0,0,19,0.823099,1.4049,True,False,wall,0.0,-6.0,-10.0
303,12176,-18.0,0,17,0.822935,1.3284,True,False,wall,0.0,-8.0,-10.0
304,12201,-8.0,0,25,0.822693,1.2501,True,False,wall,0.0,2.0,-10.0
305,12345,19.0,2,144,0.821304,1.148,True,False,wall,20.0,9.0,-10.0
306,12433,-11.0,0,88,0.820456,1.4365,True,False,wall,0.0,-1.0,-10.0
307,12500,9.0,1,67,0.819811,1.1685,True,False,wall,10.0,9.0,-10.0
308,12533,13.0,1,33,0.819493,1.0088,True,False,wall,10.0,13.0,-10.0
309,12576,-14.0,0,43,0.81908,0.9974,True,False,wall,0.0,-4.0,-10.0
310,12674,-6.0,1,98,0.818138,1.0879,True,False,wall,10.0,-6.0,-10.0
311,12707,-22.0,0,33,0.817821,1.2121,True,False,wall,0.0,-12.0,-10.0
312,12798,-8.0,0,91,0.816949,1.3987,True,False,wall,0.0,2.0,-10.0
313,12853,-4.0,0,55,0.816421,1.1739,True,False,wall,0.0,6.0,-10.0
314,12898,-6.0,0,45,0.81599,1.1479,True,False,wall,0.0,4.0,-10.0
315,12929,-6.0,0,31,0.815694,0.942,True,False,wall,0.0,4.0,-10.0
316,12946,-2.0,0,17,0.815531,0.9068,True,False,wall,0.0,8.0,-10.0
317,12972,-11.0,0,26,0.815282,1.2453,True,False,wall,0.0,-1.0,-10.0
318,13047,5.0,1,75,0.814565,1.4119,True,False,wall,10.0,5.0,-10.0
319,13081,-7.0,0,34,0.81424,1.5679,True,False,wall,0.0,3.0,-10.0
320,13098,-18.0,0,17,0.814078,1.2828,True,False,wall,0.0,-8.0,-10.0
321,13140,-7.0,0,42,0.813677,1.5864,True,False,wall,0.0,3.0,-10.0
322,13230,14.0,1,90,0.812818,1.187,True,False,wall,10.0,14.0,-10.0
323,13325,-4.0,0,95,0.811913,1.0043,True,False,wall,0.0,6.0,-10.0
324,13336,-6.0,0,11,0.811808,0.9754,True,False,wall,0.0,4.0,-10.0
325,13361,-6.0,0,25,0.81157,0.8779,True,False,wall,0.0,4.0,-10.0
326,13520,22.0,2,159,0.810058,1.0022,True,False,wall,20.0,12.0,-10.0
327,13568,-13.0,0,48,0.809602,0.8793,True,False,wall,0.0,-3.0,-10.0
328,13621,-2.0,0,53,0.809099,0.9914,True,False,wall,0.0,8.0,-10.0
329,13678,-6.0,0,57,0.808558,1.2143,True,False,wall,0.0,4.0,-10.0
330,13702,-3.0,0,24,0.808331,1.2971,True,False,wall,0.0,7.0,-10.0
331,13756,-3.0,0,54,0.807819,1.2368,True,False,wall,0.0,7.0,-10.0
332,13777,-2.0,0,21,0.80762,1.1703,True,False,wall,0.0,8.0,-10.0
333,13897,12.0,1,120,0.806485,1.1415,True,False,wall,10.0,12.0,-10.0
334,13954,-10.0,0,57,0.805946,1.0698,True,False,wall,0.0,0.0,-10.0
335,14041,-2.0,0,87,0.805124,1.0499,True,False,wall,0.0,8.0,-10.0
336,14093,19.0,2,52,0.804634,1.2649,True,False,wall,20.0,9.0,-10.0
337,14112,1.0,1,19,0.804454,1.1988,True,False,wall,10.0,1.0,-10.0
338,14142,-5.0,0,30,0.804171,1.16,True,False,wall,0.0,5.0,-10.0
339,14256,10.0,1,114,0.803098,1.2809,True,False,wall,10.0,10.0,-10.0
340,14275,-4.0,0,19,0.802919,1.2077,True,False,wall,0.0,6.0,-10.0
341,14329,16.0,1,54,0.802411,1.5769,True,False,wall,10.0,16.0,-10.0
342,14367,-9.0,0,38,0.802053,1.3297,True,False,wall,0.0,1.0,-10.0
343,14384,-8.0,0,17,0.801894,1.0951,True,False,wall,0.0,2.0,-10.0
344,14492,-7.0,0,108,0.800879,1.176,True,False,wall,0.0,3.0,-10.0
345,14584,-11.0,0,92,0.800016,1.1249,True,False,wall,0.0,-1.0,-10.0
346,14666,0.0,1,82,0.799248,1.0994,True,False,wall,10.0,0.0,-10.0
347,14704,17.0,2,38,0.798892,0.8866,True,False,wall,20.0,7.0,-10.0
348,14723,0.0,0,19,0.798714,1.1008,True,False,wall,0.0,10.0,-10.0
349,14754,-2.0,0,31,0.798424,0.7348,True,False,wall,0.0,8.0,-10.0
350,14773,-12.0,0,19,0.798246,1.1339,True,False,wall,0.0,-2.0,-10.0
351,14785,-21.0,0,12,0.798134,1.3081,True,False,wall,0.0,-11.0,-10.0
352,14820,-8.0,0,35,0.797807,1.0143,True,False,wall,0.0,2.0,-10.0
353,14864,8.0,1,44,0.797396,0.8519,True,False,wall,10.0,8.0,-10.0
354,14925,49.0,3,61,0.796826,0.9298,True,False,wall,30.0,29.0,-10.0
355,14950,-6.0,0,25,0.796593,0.9505,True,False,wall,0.0,4.0,-10.0
356,14983,-18.0,0,33,0.796285,1.1133,True,False,wall,0.0,-8.0,-10.0
357,15003,-23.0,0,20,0.796098,0.9855,True,False,wall,0.0,-13.0,-10.0
358,15065,-3.0,0,62,0.79552,1.1125,True,False,wall,0.0,7.0,-10.0
359,15108,-8.0,0,43,0.79512,0.9336,True,False,wall,0.0,2.0,-10.0
360,15142,-1.0,0,34,0.794803,0.911,True,False,wall,0.0,9.0,-10.0
361,15173,-14.0,0,31,0.794514,1.0418,True,False,wall,0.0,-4.0,-10.0
362,15200,-8.0,0,27,0.794263,1.1028,True,False,wall,0.0,2.0,-10.0
363,15283,1.0,1,83,0.793491,0.858,True,False,wall,10.0,1.0,-10.0
364,15339,-2.0,1,56,0.792971,1.1048,True,False,wall,10.0,-2.0,-10.0
365,15363,-11.0,0,24,0.792748,1.0403,True,False,wall,0.0,-1.0,-10.0
366,15400,-12.0,0,37,0.792405,0.9627,True,False,wall,0.0,-2.0,-10.0
367,15445,9.0,1,45,0.791987,1.137,True,False,wall,10.0,9.0,-10.0
368,15490,-2.0,0,45,0.79157,1.5001,True,False,wall,0.0,8.0,-10.0
369,15557,-12.0,0,67,0.790949,1.2498,True,False,wall,0.0,-2.0,-10.0
370,15616,25.0,3,59,0.790403,0.969,True,False,body,30.0,5.0,-10.0
371,15663,-4.0,0,47,0.789968,1.0361,True,False,wall,0.0,6.0,-10.0
372,15716,-20.0,0,53,0.789478,0.9484,True,False,wall,0.0,-10.0,-10.0
373,15751,9.0,1,35,0.789155,1.0645,True,False,wall,10.0,9.0,-10.0
374,15761,-15.0,0,10,0.789062,1.1051,True,False,wall,0.0,-5.0,-10.0
375,15780,-12.0,0,19,0.788887,1.0827,True,False,wall,0.0,-2.0,-10.0
376,15806,10.0,1,26,0.788647,1.1255,True,False,wall,10.0,10.0,-10.0
377,15971,30.0,2,165,0.787125,1.1767,True,False,wall,20.0,20.0,-10.0
378,16003,1.0,0,32,0.78683,0.9795,True,False,wall,0.0,11.0,-10.0
379,16075,69.0,4,72,0.786167,1.0023,True,False,body,40.0,39.0,-10.0
380,16138,-8.0,0,63,0.785588,1.3025,True,False,wall,0.0,2.0,-10.0
381,16175,5.0,1,37,0.785248,1.3916,True,False,wall,10.0,5.0,-10.0
382,16305,-15.0,0,130,0.784054,1.3231,True,False,wall,0.0,-5.0,-10.0
383,16468,24.0,2,163,0.78256,0.9645,True,False,wall,20.0,14.0,-10.0
384,16481,-12.0,0,13,0.782441,1.0829,True,False,wall,0.0,-2.0,-10.0
385,16495,-5.0,0,14,0.782312,0.7765,True,False,wall,0.0,5.0,-10.0
386,16557,4.0,1,62,0.781745,0.9698,True,False,wall,10.0,4.0,-10.0
387,16624,17.0,1,67,0.781133,0.8893,True,False,wall,10.0,17.0,-10.0
388,16644,-11.0,0,20,0.78095,0.8879,True,False,wall,0.0,-1.0,-10.0
389,16772,2.0,1,128,0.779781,1.2367,True,False,wall,10.0,2.0,-10.0
390,16815,9.0,1,43,0.779389,1.1056,True,False,wall,10.0,9.0,-10.0
391,16911,10.0,1,96,0.778514,1.0547,True,False,wall,10.0,10.0,-10.0
392,16954,-12.0,0,43,0.778123,1.2623,True,False,wall,0.0,-2.0,-10.0
393,17014,10.0,1,60,0.777577,1.4682,True,False,wall,10.0,10.0,-10.0
394,17055,11.0,1,41,0.777204,1.2061,True,False,wall,10.0,11.0,-10.0
395,17099,10.0,1,44,0.776804,1.147,True,False,wall,10.0,10.0,-10.0
396,17133,-3.0,0,34,0.776495,1.1182,True,False,wall,0.0,7.0,-10.0
397,17208,17.0,1,75,0.775815,1.0924,True,False,wall,10.0,17.0,-10.0
398,17234,-7.0,0,26,0.775579,1.2242,True,False,wall,0.0,3.0,-10.0
399,17304,-5.0,0,70,0.774944,1.0259,True,False,wall,0.0,5.0,-10.0
400,17380,-7.0,0,76,0.774256,0.927,True,False,wall,0.0,3.0,-10.0
401,17521,7.0,1,141,0.772981,0.9117,True,False,wall,10.0,7.0,-10.0
402,17640,7.0,1,119,0.771906,1.0498,True,False,wall,10.0,7.0,-10.0
403,17677,22.0,2,37,0.771572,1.1025,True,False,wall,20.0,12.0,-10.0
404,17786,5.0,1,109,0.77059,1.247,True,False,wall,10.0,5.0,-10.0
405,17819,-10.0,0,33,0.770292,0.9787,True,False,wall,0.0,0.0,-10.0
406,17873,8.0,1,54,0.769806,1.1386,True,False,wall,10.0,8.0,-10.0
407,17931,6.0,1,58,0.769285,1.0963,True,False,wall,10.0,6.0,-10.0
408,17989,14.0,1,58,0.768763,1.001,True,False,wall,10.0,14.0,-10.0
409,18028,-8.0,0,39,0.768413,1.1224,True,False,wall,0.0,2.0,-10.0
410,18225,33.0,3,197,0.766646,1.2054,True,False,body,30.0,13.0,-10.0
411,18242,-12.0,0,17,0.766494,1.1799,True,False,wall,0.0,-2.0,-10.0
412,18352,34.0,3,110,0.765509,1.458,True,False,body,30.0,14.0,-10.0
413,18423,-8.0,0,71,0.764875,1.2226,True,False,wall,0.0,2.0,-10.0
414,18443,-13.0,0,20,0.764696,0.991,True,False,wall,0.0,-3.0,-10.0
415,18520,15.0,1,77,0.764008,0.9432,True,False,wall,10.0,15.0,-10.0
416,18551,15.0,1,31,0.763732,0.9288,True,False,wall,10.0,15.0,-10.0
417,18573,14.0,1,22,0.763536,1.1116,True,False,wall,10.0,14.0,-10.0
418,18607,-5.0,0,34,0.763232,0.9754,True,False,wall,0.0,5.0,-10.0
419,18671,18.0,1,64,0.762662,1.2392,True,False,wall,10.0,18.0,-10.0
420,18706,-6.0,0,35,0.76235,1.0108,True,False,wall,0.0,4.0,-10.0
421,18733,-4.0,0,27,0.76211,0.9736,True,False,wall,0.0,6.0,-10.0
422,18835,6.0,1,102,0.761203,1.0947,True,False,wall,10.0,6.0,-10.0
423,18873,-9.0,0,38,0.760865,0.8672,True,False,wall,0.0,1.0,-10.0
424,18918,10.0,2,45,0.760465,1.0086,True,False,wall,20.0,0.0,-10.0
425,18944,-13.0,0,26,0.760234,0.863,True,False,wall,0.0,-3.0,-10.0
426,19040,38.0,3,96,0.759382,0.9027,True,False,body,30.0,18.0,-10.0
427,19067,-8.0,0,27,0.759143,0.8415,True,False,wall,0.0,2.0,-10.0
428,19105,-7.0,0,38,0.758806,0.9198,True,False,wall,0.0,3.0,-10.0
429,19135,-9.0,0,30,0.758541,0.8798,True,False,wall,0.0,1.0,-10.0
430,19192,1.0,1,57,0.758036,1.0909,True,False,wall,10.0,1.0,-10.0
431,19212,4.0,1,20,0.757859,0.9716,True,False,wall,10.0,4.0,-10.0
432,19379,41.0,3,167,0.756383,1.1464,True,False,body,30.0,21.0,-10.0
433,19412,29.0,3,33,0.756091,1.7126,True,False,body,30.0,9.0,-10.0
434,19432,-1.0,0,20,0.755915,1.1825,True,False,wall,0.0,9.0,-10.0
435,19493,-4.0,0,61,0.755377,1.3707,True,False,wall,0.0,6.0,-10.0
436,19521,12.0,1,28,0.75513,2.2058,True,False,wall,10.0,12.0,-10.0
437,19552,0.0,0,31,0.754857,1.3399,True,False,wall,0.0,10.0,-10.0
438,19669,28.0,2,117,0.753827,1.3726,True,False,wall,20.0,18.0,-10.0
439,19682,-8.0,0,13,0.753712,1.3776,True,False,wall,0.0,2.0,-10.0
440,19764,31.0,2,82,0.752991,1.3858,True,False,wall,20.0,21.0,-10.0
441,19876,-15.0,0,112,0.752008,1.0503,True,False,wall,0.0,-5.0,-10.0
442,19997,12.0,2,121,0.750947,1.1762,True,False,wall,20.0,2.0,-10.0
443,20094,38.0,2,97,0.750098,1.0509,True,False,wall,20.0,28.0,-10.0
444,20115,-8.0,0,21,0.749914,0.9142,True,False,wall,0.0,2.0,-10.0
445,20173,4.0,1,58,0.749407,0.9876,True,False,wall,10.0,4.0,-10.0
446,20283,44.0,3,110,0.748446,1.0419,True,False,wall,30.0,24.0,-10.0
447,20308,-12.0,0,25,0.748227,1.4587,True,False,wall,0.0,-2.0,-10.0
448,20405,-1.0,1,97,0.747381,1.6041,True,False,wall,10.0,-1.0,-10.0
449,20461,21.0,2,56,0.746893,1.7577,True,False,wall,20.0,11.0,-10.0
450,20574,3.0,1,113,0.74591,1.1423,True,False,wall,10.0,3.0,-10.0
451,20600,8.0,1,26,0.745683,1.0204,True,False,wall,10.0,8.0,-10.0
452,20732,37.0,2,132,0.744537,1.0974,True,False,wall,20.0,27.0,-10.0
453,20805,-4.0,0,73,0.743903,0.9581,True,False,wall,0.0,6.0,-10.0
454,20855,17.0,2,50,0.74347,1.068,True,False,wall,20.0,7.0,-10.0
455,20889,-5.0,0,34,0.743175,1.0805,True,False,wall,0.0,5.0,-10.0
456,20969,-15.0,0,80,0.742482,1.2124,True,False,wall,0.0,-5.0,-10.0
457,21007,12.0,1,38,0.742153,0.9803,True,False,wall,10.0,12.0,-10.0
458,21107,51.0,4,100,0.741289,1.2142,True,False,body,40.0,21.0,-10.0
459,21119,1.0,0,12,0.741185,1.3602,True,False,wall,0.0,11.0,-10.0
460,21212,32.0,2,93,0.740382,1.4911,True,False,wall,20.0,22.0,-10.0
461,21419,47.0,3,207,0.738598,1.2898,True,False,body,30.0,27.0,-10.0
462,21437,-11.0,0,18,0.738443,0.8792,True,False,wall,0.0,-1.0,-10.0
463,21530,31.0,3,93,0.737643,1.0307,True,False,body,30.0,11.0,-10.0
464,21551,-6.0,0,21,0.737462,1.3326,True,False,wall,0.0,4.0,-10.0
465,21595,-7.0,0,44,0.737084,0.9168,True,False,wall,0.0,3.0,-10.0
466,21659,6.0,1,64,0.736535,0.8603,True,False,wall,10.0,6.0,-10.0
467,21715,8.0,1,56,0.736055,1.0471,True,False,wall,10.0,8.0,-10.0
468,21805,-3.0,0,90,0.735283,1.0756,True,False,wall,0.0,7.0,-10.0
469,21829,1.0,0,24,0.735078,1.9783,True,False,wall,0.0,11.0,-10.0
470,21878,-1.0,1,49,0.734658,1.3799,True,False,wall,10.0,-1.0,-10.0
471,21896,-3.0,0,18,0.734504,1.318,True,False,wall,0.0,7.0,-10.0
472,21929,3.0,1,33,0.734222,0.9706,True,False,wall,10.0,3.0,-10.0
473,21990,29.0,1,61,0.7337,0.9413,True,False,wall,10.0,29.0,-10.0
474,22020,14.0,1,30,0.733444,0.9094,True,False,wall,10.0,14.0,-10.0
475,22072,12.0,1,52,0.733,1.0637,True,False,wall,10.0,12.0,-10.0
476,22109,-8.0,0,37,0.732684,1.569,True,False,wall,0.0,2.0,-10.0
477,22123,10.0,1,14,0.732565,1.0162,True,False,wall,10.0,10.0,-10.0
478,22211,34.0,3,88,0.731814,1.208,True,False,body,30.0,14.0,-10.0
479,22253,6.0,1,42,0.731456,1.182,True,False,wall,10.0,6.0,-10.0
480,22273,3.0,0,20,0.731286,1.0697,True,False,wall,0.0,13.0,-10.0
481,22387,16.0,1,114,0.730316,1.2536,True,False,wall,10.0,16.0,-10.0
482,22479,36.0,3,92,0.729534,1.3332,True,False,body,30.0,16.0,-10.0
483,22507,-13.0,0,28,0.729296,1.3519,True,False,wall,0.0,-3.0,-10.0
484,22540,9.0,1,33,0.729016,2.0224,True,False,wall,10.0,9.0,-10.0
485,22578,-7.0,0,38,0.728694,1.0891,True,False,wall,0.0,3.0,-10.0
486,22597,7.0,1,19,0.728532,0.8242,True,False,wall,10.0,7.0,-10.0
487,22634,-8.0,0,37,0.728219,1.2629,True,False,wall,0.0,2.0,-10.0
488,22656,-7.0,0,22,0.728032,1.2401,True,False,wall,0.0,3.0,-10.0
489,22690,10.0,1,34,0.727744,1.0033,True,False,wall,10.0,10.0,-10.0
490,22717,7.0,1,27,0.727515,1.3112,True,False,wall,10.0,7.0,-10.0
491,22858,26.0,2,141,0.726322,1.3834,True,False,wall,20.0,16.0,-10.0
492,22900,-7.0,0,42,0.725967,1.3574,True,False,wall,0.0,3.0,-10.0
493,23028,28.0,3,128,0.724887,0.9838,True,False,body,30.0,8.0,-10.0
494,23088,21.0,2,60,0.724381,1.7152,True,False,wall,20.0,11.0,-10.0
495,23207,39.0,3,119,0.723378,1.1473,True,False,body,30.0,19.0,-10.0
496,23255,-5.0,0,48,0.722974,1.4152,True,False,wall,0.0,5.0,-10.0
497,23309,1.0,0,54,0.72252,0.9947,True,False,wall,0.0,11.0,-10.0
498,23321,-3.0,0,12,0.722419,1.0518,True,False,wall,0.0,7.0,-10.0
499,23341,-11.0,0,20,0.722251,0.8783,True,False,wall,0.0,-1.0,-10.0
500,23469,20.0,1,128,0.721177,1.2592,True,False,wall,10.0,20.0,-10.0
501,23622,36.0,2,153,0.719894,1.2553,True,False,wall,20.0,26.0,-10.0
502,23717,39.0,3,95,0.719099,1.282,True,False,wall,30.0,19.0,-10.0
503,23746,0.0,0,29,0.718857,1.0425,True,False,wall,0.0,10.0,-10.0
504,23870,10.0,1,124,0.717821,1.1519,True,False,wall,10.0,10.0,-10.0
505,24040,6.0,1,170,0.716403,1.1638,True,False,wall,10.0,6.0,-10.0
506,24086,-7.0,0,46,0.71602,1.2922,True,False,wall,0.0,3.0,-10.0
507,24178,54.0,3,92,0.715255,1.2041,True,False,body,30.0,34.0,-10.0
508,24274,12.0,1,96,0.714457,1.3459,True,False,wall,10.0,12.0,-10.0
509,24319,-4.0,0,45,0.714083,1.4193,True,False,wall,0.0,6.0,-10.0
510,24361,-7.0,0,42,0.713735,1.2386,True,False,wall,0.0,3.0,-10.0
511,24395,-5.0,0,34,0.713453,1.5638,True,False,wall,0.0,5.0,-10.0
512,24407,-5.0,0,12,0.713353,1.5136,True,False,wall,0.0,5.0,-10.0
513,24505,31.0,2,98,0.712541,1.1881,True,False,wall,20.0,21.0,-10.0
514,24616,26.0,2,111,0.711622,1.1991,True,False,wall,20.0,16.0,-10.0
515,24640,0.0,1,24,0.711424,1.2655,True,False,wall,10.0,0.0,-10.0
516,24695,33.0,3,55,0.710969,1.0513,True,False,body,30.0,13.0,-10.0
517,24875,64.0,3,180,0.709484,1.2932,True,False,body,30.0,44.0,-10.0
518,24886,-2.0,0,11,0.709393,1.0629,True,False,wall,0.0,8.0,-10.0
519,24906,8.0,1,20,0.709228,1.5344,True,False,wall,10.0,8.0,-10.0
520,24962,8.0,1,56,0.708767,1.0828,True,False,wall,10.0,8.0,-10.0
521,25143,76.0,4,181,0.707278,1.3311,True,False,wall,40.0,46.0,-10.0
522,25190,5.0,1,47,0.706892,1.1636,True,False,wall,10.0,5.0,-10.0
523,25263,9.0,1,73,0.706293,1.2154,True,False,wall,10.0,9.0,-10.0
524,25285,-3.0,0,22,0.706112,1.6369,True,False,wall,0.0,7.0,-10.0
525,25297,-9.0,0,12,0.706014,1.7558,True,False,wall,0.0,1.0,-10.0
526,25315,4.0,1,18,0.705867,2.1541,True,False,wall,10.0,4.0,-10.0
527,25343,-7.0,0,28,0.705637,1.4341,True,False,wall,0.0,3.0,-10.0
528,25385,6.0,1,42,0.705293,1.2979,True,False,wall,10.0,6.0,-10.0
529,25412,-6.0,0,27,0.705072,1.2285,True,False,wall,0.0,4.0,-10.0
530,25489,26.0,2,77,0.704442,0.9261,True,False,wall,20.0,16.0,-10.0
531,25514,1.0,1,25,0.704237,1.046,True,False,wall,10.0,1.0,-10.0
532,25535,-6.0,0,21,0.704065,1.0254,True,False,wall,0.0,4.0,-10.0
533,25595,36.0,3,60,0.703575,1.3204,True,False,body,30.0,16.0,-10.0
534,25624,-4.0,0,29,0.703338,1.1479,True,False,wall,0.0,6.0,-10.0
535,25673,-14.0,0,49,0.702938,1.0278,True,False,wall,0.0,-4.0,-10.0
536,25732,0.0,0,59,0.702457,1.2006,True,False,wall,0.0,10.0,-10.0
537,25821,56.0,4,89,0.701731,1.2148,True,False,body,40.0,26.0,-10.0
538,25845,-5.0,0,24,0.701536,1.463,True,False,wall,0.0,5.0,-10.0
539,25990,24.0,2,145,0.700356,1.2829,True,False,wall,20.0,14.0,-10.0
540,26074,33.0,2,84,0.699673,1.1454,True,False,wall,20.0,23.0,-10.0
541,26084,-19.0,0,10,0.699592,1.4304,True,False,wall,0.0,-9.0,-10.0
542,26160,25.0,2,76,0.698975,1.2903,True,False,wall,20.0,15.0,-10.0
543,26172,-3.0,0,12,0.698878,1.1931,True,False,wall,0.0,7.0,-10.0
544,26213,19.0,1,41,0.698546,1.126,True,False,wall,10.0,19.0,-10.0
545,26274,13.0,1,61,0.698051,1.4511,True,False,wall,10.0,13.0,-10.0
546,26302,1.0,0,28,0.697824,1.571,True,False,wall,0.0,11.0,-10.0
547,26379,26.0,2,77,0.697201,1.0085,True,False,wall,20.0,16.0,-10.0
548,26427,-9.0,0,48,0.696813,0.8915,True,False,wall,0.0,1.0,-10.0
549,26589,30.0,3,162,0.695505,1.2933,True,False,wall,30.0,10.0,-10.0
550,26700,21.0,1,111,0.69461,0.98,True,False,wall,10.0,21.0,-10.0
551,26768,31.0,2,68,0.694062,1.3444,True,False,wall,20.0,21.0,-10.0
552,26811,-8.0,0,43,0.693716,1.1832,True,False,wall,0.0,2.0,-10.0
553,26856,-2.0,0,45,0.693354,1.1249,True,False,wall,0.0,8.0,-10.0
554,26930,40.0,3,74,0.692759,1.4012,True,False,wall,30.0,20.0,-10.0
555,26987,39.0,3,57,0.692301,1.1722,True,False,body,30.0,19.0,-10.0
556,27166,26.0,2,179,0.690866,1.1696,True,False,wall,20.0,16.0,-10.0
557,27212,-5.0,0,46,0.690497,1.0005,True,False,wall,0.0,5.0,-10.0
558,27249,-4.0,0,37,0.690201,0.9156,True,False,wall,0.0,6.0,-10.0
559,27368,20.0,2,119,0.689249,1.1349,True,False,wall,20.0,10.0,-10.0
560,27380,-7.0,0,12,0.689154,1.7138,True,False,wall,0.0,3.0,-10.0
561,27435,7.0,1,55,0.688714,1.2821,True,False,wall,10.0,7.0,-10.0
562,27501,4.0,1,66,0.688188,1.2066,True,False,wall,10.0,4.0,-10.0
563,27532,2.0,0,31,0.68794,1.5714,True,False,wall,0.0,12.0,-10.0
564,27547,-10.0,0,15,0.687821,1.8627,True,False,wall,0.0,0.0,-10.0
565,27681,44.0,3,134,0.686753,1.1756,True,False,body,30.0,24.0,-10.0
566,27760,38.0,2,79,0.686125,1.2624,True,False,wall,20.0,28.0,-10.0
567,27791,-4.0,0,31,0.685878,1.1601,True,False,wall,0.0,6.0,-10.0
568,27817,-7.0,0,26,0.685672,1.4612,True,False,wall,0.0,3.0,-10.0
569,27987,56.0,3,170,0.684322,1.0261,True,False,body,30.0,36.0,-10.0
570,28037,-7.0,0,50,0.683926,1.3395,True,False,wall,0.0,3.0,-10.0
571,28195,40.0,3,158,0.682675,1.1718,True,False,wall,30.0,20.0,-10.0
572,28236,41.0,3,41,0.682351,0.8899,True,False,body,30.0,21.0,-10.0
573,28297,35.0,3,61,0.681869,0.8752,True,False,body,30.0,15.0,-10.0
574,28409,52.0,3,112,0.680985,1.1362,True,False,body,30.0,32.0,-10.0
575,28499,42.0,3,90,0.680276,1.0803,True,False,body,30.0,22.0,-10.0
576,28573,28.0,1,74,0.679693,1.086,True,False,wall,10.0,28.0,-10.0
577,28676,51.0,3,103,0.678883,1.0933,True,False,body,30.0,31.0,-10.0
578,28749,30.0,2,73,0.678309,1.24,True,False,wall,20.0,20.0,-10.0
579,28792,-10.0,0,43,0.677971,1.2849,True,False,wall,0.0,0.0,-10.0
580,28823,18.0,2,31,0.677728,1.243,True,False,wall,20.0,8.0,-10.0
581,28852,-2.0,0,29,0.677501,1.1211,True,False,wall,0.0,8.0,-10.0
582,28903,-8.0,0,51,0.677101,1.4245,True,False,wall,0.0,2.0,-10.0
583,28920,11.0,1,17,0.676968,1.7463,True,False,wall,10.0,11.0,-10.0
584,29002,29.0,2,82,0.676325,1.2167,True,False,wall,20.0,19.0,-10.0
585,29048,29.0,2,46,0.675965,0.9628,True,False,wall,20.0,19.0,-10.0
586,29083,16.0,2,35,0.675691,1.2805,True,False,wall,20.0,6.0,-10.0
587,29111,10.0,1,28,0.675472,1.807,True,False,wall,10.0,10.0,-10.0
588,29225,20.0,1,114,0.674582,1.1156,True,False,wall,10.0,20.0,-10.0
589,29268,18.0,2,43,0.674246,0.9345,True,False,wall,20.0,8.0,-10.0
590,29404,34.0,3,136,0.673186,1.0606,True,False,body,30.0,14.0,-10.0
591,29450,-9.0,0,46,0.672828,1.1908,True,False,wall,0.0,1.0,-10.0
592,29479,-6.0,0,29,0.672602,1.2958,True,False,wall,0.0,4.0,-10.0
593,29507,2.0,1,28,0.672384,0.9047,True,False,wall,10.0,2.0,-10.0
594,29578,18.0,2,71,0.671832,1.0994,True,False,wall,20.0,8.0,-10.0
595,29604,23.0,2,26,0.67163,0.8675,True,False,wall,20.0,13.0,-10.0
596,29629,-12.0,0,25,0.671436,1.2833,True,False,wall,0.0,-2.0,-10.0
597,29703,38.0,3,74,0.670861,0.992,True,False,body,30.0,18.0,-10.0
598,29814,25.0,1,111,0.67,1.1473,True,False,wall,10.0,25.0,-10.0
599,29877,-8.0,0,63,0.669512,0.9006,True,False,wall,0.0,2.0,-10.0
600,29994,26.0,2,117,0.668607,0.9579,True,False,wall,20.0,16.0,-10.0
601,30014,8.0,1,20,0.668452,1.0126,True,False,wall,10.0,8.0,-10.0
602,30208,45.0,4,194,0.666954,0.9882,True,False,body,40.0,15.0,-10.0
603,30251,11.0,1,43,0.666623,0.8576,True,False,wall,10.0,11.0,-10.0
604,30263,-5.0,0,12,0.66653,0.9054,True,False,wall,0.0,5.0,-10.0
605,30337,12.0,1,74,0.66596,0.9782,True,False,wall,10.0,12.0,-10.0
606,30426,51.0,3,89,0.665275,1.0482,True,False,body,30.0,31.0,-10.0
607,30507,26.0,2,81,0.664653,0.9034,True,False,wall,20.0,16.0,-10.0
608,30529,-8.0,1,22,0.664484,1.0428,True,False,wall,10.0,-8.0,-10.0
609,30650,47.0,3,121,0.663555,1.0871,True,False,body,30.0,27.0,-10.0
610,30692,-3.0,0,42,0.663233,0.8704,True,False,wall,0.0,7.0,-10.0
611,30743,-10.0,0,51,0.662842,0.8129,True,False,wall,0.0,0.0,-10.0
612,30769,-7.0,0,26,0.662643,0.8898,True,False,wall,0.0,3.0,-10.0
613,30830,37.0,3,61,0.662176,0.8962,True,False,body,30.0,17.0,-10.0
614,30874,32.0,3,44,0.661839,1.1277,True,False,body,30.0,12.0,-10.0
615,30892,15.0,2,18,0.661702,0.9519,True,False,wall,20.0,5.0,-10.0
616,30961,13.0,1,69,0.661174,0.9962,True,False,wall,10.0,13.0,-10.0
617,31036,31.0,3,75,0.660602,1.0862,True,False,body,30.0,11.0,-10.0
618,31088,44.0,3,52,0.660205,0.9832,True,False,body,30.0,24.0,-10.0
619,31141,34.0,2,53,0.659801,1.5762,True,False,wall,20.0,24.0,-10.0
620,31159,10.0,1,18,0.659664,1.2397,True,False,wall,10.0,10.0,-10.0
621,31176,9.0,1,17,0.659534,1.2133,True,False,wall,10.0,9.0,-10.0
622,31210,14.0,1,34,0.659275,1.2571,True,False,wall,10.0,14.0,-10.0
623,31303,47.0,3,93,0.658567,1.2077,True,False,body,30.0,27.0,-10.0
624,31324,9.0,1,21,0.658407,1.5524,True,False,wall,10.0,9.0,-10.0
625,31402,21.0,2,78,0.657815,1.2097,True,False,wall,20.0,11.0,-10.0
626,31465,45.0,3,63,0.657336,1.0579,True,False,body,30.0,25.0,-10.0
627,31494,22.0,2,29,0.657116,1.0937,True,False,wall,20.0,12.0,-10.0
628,31514,10.0,1,20,0.656964,0.9712,True,False,wall,10.0,10.0,-10.0
629,31529,3.0,1,15,0.65685,0.8731,True,False,wall,10.0,3.0,-10.0
630,31585,25.0,2,56,0.656426,1.2889,True,False,wall,20.0,15.0,-10.0
631,31669,50.0,3,84,0.655789,1.2689,True,False,body,30.0,30.0,-10.0
632,31697,10.0,1,28,0.655577,1.3916,True,False,wall,10.0,10.0,-10.0
633,31747,-9.0,0,50,0.655199,1.2444,True,False,wall,0.0,1.0,-10.0
634,31769,12.0,1,22,0.655033,1.5504,True,False,wall,10.0,12.0,-10.0
635,31796,-2.0,0,27,0.654828,1.5122,True,False,wall,0.0,8.0,-10.0
636,31879,34.0,2,83,0.654201,0.9219,True,False,wall,20.0,24.0,-10.0
637,31940,39.0,3,61,0.653741,1.067,True,False,body,30.0,19.0,-10.0
638,31955,-2.0,0,15,0.653627,0.9238,True,False,wall,0.0,8.0,-10.0
639,32086,51.0,3,131,0.65264,0.8026,True,False,body,30.0,31.0,-10.0
640,32115,0.0,0,29,0.652421,0.8813,True,False,wall,0.0,10.0,-10.0
641,32127,-1.0,0,12,0.652331,0.8141,True,False,wall,0.0,9.0,-10.0
642,32182,45.0,3,55,0.651917,0.7892,True,False,body,30.0,25.0,-10.0
643,32254,-3.0,0,72,0.651376,0.882,True,False,wall,0.0,7.0,-10.0
644,32284,8.0,1,30,0.65115,0.6606,True,False,wall,10.0,8.0,-10.0
645,32303,-1.0,1,19,0.651007,0.5851,True,False,wall,10.0,-1.0,-10.0
646,32348,11.0,1,45,0.650669,0.6382,True,False,wall,10.0,11.0,-10.0
647,32431,24.0,2,83,0.650047,1.0413,True,False,wall,20.0,14.0,-10.0
648,32463,-1.0,0,32,0.649807,0.953,True,False,wall,0.0,9.0,-10.0
649,32538,58.0,4,75,0.649245,1.1781,True,False,body,40.0,28.0,-10.0
650,32623,37.0,3,85,0.648608,0.9283,True,False,body,30.0,17.0,-10.0
651,32729,44.0,3,106,0.647816,0.9683,True,False,body,30.0,24.0,-10.0
652,32752,-2.0,0,23,0.647644,0.9632,True,False,wall,0.0,8.0,-10.0
653,32795,-8.0,0,43,0.647323,0.977,True,False,wall,0.0,2.0,-10.0
654,32815,6.0,1,20,0.647173,0.727,True,False,wall,10.0,6.0,-10.0
655,32841,-7.0,0,26,0.646979,0.8214,True,False,wall,0.0,3.0,-10.0
656,32937,52.0,3,96,0.646263,1.0866,True,False,wall,30.0,32.0,-10.0
657,32965,-21.0,0,28,0.646055,1.2301,True,False,wall,0.0,-11.0,-10.0
658,32998,7.0,1,33,0.645809,1.1085,True,False,wall,10.0,7.0,-10.0
659,33046,16.0,1,48,0.645451,1.0226,True,False,wall,10.0,16.0,-10.0
660,33063,1.0,1,17,0.645325,0.9009,True,False,wall,10.0,1.0,-10.0
661,33100,-6.0,0,37,0.64505,1.0207,True,False,wall,0.0,4.0,-10.0
662,33146,35.0,2,46,0.644708,1.1666,True,False,wall,20.0,25.0,-10.0
663,33165,18.0,2,19,0.644566,0.8718,True,False,wall,20.0,8.0,-10.0
664,33347,86.0,5,182,0.643215,0.7607,True,False,body,50.0,46.0,-10.0
665,33431,-3.0,0,84,0.642593,0.8132,True,False,wall,0.0,7.0,-10.0
666,33549,40.0,3,118,0.641719,1.0221,True,False,body,30.0,20.0,-10.0
667,33654,41.0,3,105,0.640943,1.1315,True,False,body,30.0,21.0,-10.0
668,33688,8.0,1,34,0.640692,1.4663,True,False,wall,10.0,8.0,-10.0
669,33720,2.0,1,32,0.640456,0.8923,True,False,wall,10.0,2.0,-10.0
670,33751,11.0,1,31,0.640227,0.8033,True,False,wall,10.0,11.0,-10.0
671,33812,37.0,3,61,0.639777,0.8499,True,False,body,30.0,17.0,-10.0
672,33893,39.0,3,81,0.63918,0.8776,True,False,wall,30.0,19.0,-10.0
673,33956,7.0,1,63,0.638717,0.8471,True,False,wall,10.0,7.0,-10.0
674,34000,8.0,1,44,0.638393,0.7433,True,False,wall,10.0,8.0,-10.0
675,34087,41.0,3,87,0.637753,0.8827,True,False,body,30.0,21.0,-10.0
676,34118,0.0,0,31,0.637526,0.9544,True,False,wall,0.0,10.0,-10.0
677,34146,36.0,3,28,0.63732,0.8935,True,False,body,30.0,16.0,-10.0
678,34165,0.0,0,19,0.63718,0.8948,True,False,wall,0.0,10.0,-10.0
679,34253,67.0,4,88,0.636535,0.9105,True,False,body,40.0,37.0,-10.0
680,34290,0.0,0,37,0.636264,1.0606,True,False,wall,0.0,10.0,-10.0
681,34303,-8.0,0,13,0.636168,1.0572,True,False,wall,0.0,2.0,-10.0
682,34382,11.0,1,79,0.63559,0.8994,True,False,wall,10.0,11.0,-10.0
683,34417,9.0,1,35,0.635334,1.0422,True,False,wall,10.0,9.0,-10.0
684,34447,29.0,2,30,0.635114,0.7506,True,False,wall,20.0,19.0,-10.0
685,34492,26.0,2,45,0.634785,1.1138,True,False,wall,20.0,16.0,-10.0
686,34604,30.0,1,112,0.633967,0.9385,True,False,wall,10.0,30.0,-10.0
687,34643,31.0,3,39,0.633683,0.7821,True,False,body,30.0,11.0,-10.0
688,34690,2.0,0,47,0.63334,1.0407,True,False,wall,0.0,12.0,-10.0
689,34716,-7.0,0,26,0.63315,0.9965,True,False,wall,0.0,3.0,-10.0
690,34731,9.0,1,15,0.633041,0.9518,True,False,wall,10.0,9.0,-10.0
691,34776,36.0,2,45,0.632713,0.9138,True,False,wall,20.0,26.0,-10.0
692,34795,0.0,0,19,0.632575,0.703,True,False,wall,0.0,10.0,-10.0
693,34825,-3.0,0,30,0.632356,0.9016,True,False,wall,0.0,7.0,-10.0
694,34848,9.0,1,23,0.632189,1.0234,True,False,wall,10.0,9.0,-10.0
695,34863,-6.0,0,15,0.63208,1.0785,True,False,wall,0.0,4.0,-10.0
696,34879,-9.0,0,16,0.631963,0.8487,True,False,wall,0.0,1.0,-10.0
697,34907,-1.0,0,28,0.63176,0.9166,True,False,wall,0.0,9.0,-10.0
698,34931,-3.0,0,24,0.631585,1.0936,True,False,wall,0.0,7.0,-10.0
699,34953,8.0,1,22,0.631425,0.8073,True,False,wall,10.0,8.0,-10.0
700,35050,45.0,3,97,0.630721,1.0373,True,False,body,30.0,25.0,-10.0
701,35067,20.0,2,17,0.630597,1.0935,True,False,wall,20.0,10.0,-10.0
702,35222,71.0,5,155,0.629473,1.0624,True,False,wall,50.0,31.0,-10.0
703,35334,46.0,3,112,0.628663,1.0009,True,False,body,30.0,26.0,-10.0
704,35386,23.0,2,52,0.628287,1.3523,True,False,wall,20.0,13.0,-10.0
705,35421,9.0,1,35,0.628034,1.0598,True,False,wall,10.0,9.0,-10.0
706,35431,8.0,1,10,0.627962,1.0757,True,False,wall,10.0,8.0,-10.0
707,35472,28.0,2,41,0.627665,1.061,True,False,wall,20.0,18.0,-10.0
708,35525,29.0,3,53,0.627283,0.854,True,False,body,30.0,9.0,-10.0
709,35607,56.0,3,82,0.626691,0.9499,True,False,body,30.0,36.0,-10.0
710,35624,7.0,1,17,0.626569,0.9879,True,False,wall,10.0,7.0,-10.0
711,35662,1.0,0,38,0.626295,0.7574,True,False,wall,0.0,11.0,-10.0
712,35718,10.0,1,56,0.625892,0.7393,True,False,wall,10.0,10.0,-10.0
713,35778,41.0,2,60,0.62546,0.7181,True,False,wall,20.0,31.0,-10.0
714,35807,-2.0,0,29,0.625251,0.7675,True,False,wall,0.0,8.0,-10.0
715,35838,-6.0,0,31,0.625029,0.675,True,False,wall,0.0,4.0,-10.0
716,35874,16.0,1,36,0.62477,0.7654,True,False,wall,10.0,16.0,-10.0
717,35906,42.0,3,32,0.62454,0.714,True,False,wall,30.0,22.0,-10.0
718,35943,15.0,1,37,0.624274,0.9339,True,False,wall,10.0,15.0,-10.0
719,36010,38.0,2,67,0.623794,0.9281,True,False,wall,20.0,28.0,-10.0
720,36057,11.0,1,47,0.623457,0.9051,True,False,wall,10.0,11.0,-10.0
721,36100,0.0,0,43,0.623148,1.0168,True,False,wall,0.0,10.0,-10.0
722,36209,34.0,2,109,0.622368,1.034,True,False,wall,20.0,24.0,-10.0
723,36250,30.0,2,41,0.622075,0.9017,True,False,wall,20.0,20.0,-10.0
724,36288,20.0,1,38,0.621803,0.9397,True,False,wall,10.0,20.0,-10.0
725,36405,58.0,4,117,0.620967,0.9682,True,False,body,40.0,28.0,-10.0
726,36431,17.0,2,26,0.620782,0.963,True,False,wall,20.0,7.0,-10.0
727,36503,68.0,5,72,0.620268,0.8695,True,False,wall,50.0,28.0,-10.0
728,36532,29.0,3,29,0.620062,1.0087,True,False,wall,30.0,9.0,-10.0
729,36561,-4.0,0,29,0.619855,0.8383,True,False,wall,0.0,6.0,-10.0
730,36591,8.0,1,30,0.619642,0.7322,True,False,wall,10.0,8.0,-10.0
731,36609,10.0,1,18,0.619513,0.9699,True,False,wall,10.0,10.0,-10.0
732,36687,1.0,0,78,0.618958,0.9024,True,False,wall,0.0,11.0,-10.0
733,36725,6.0,1,38,0.618688,1.0225,True,False,wall,10.0,6.0,-10.0
734,36736,5.0,1,11,0.61861,0.7318,True,False,wall,10.0,5.0,-10.0
735,36816,59.0,4,80,0.618042,0.7205,True,False,body,40.0,29.0,-10.0
736,36843,11.0,1,27,0.61785,0.7036,True,False,wall,10.0,11.0,-10.0
737,36966,55.0,3,123,0.616978,0.8517,True,False,body,30.0,35.0,-10.0
738,37016,-4.0,1,50,0.616623,0.7042,True,False,wall,10.0,-4.0,-10.0
739,37093,58.0,4,77,0.616078,0.832,True,False,body,40.0,28.0,-10.0
740,37138,16.0,2,45,0.61576,1.2129,True,False,wall,20.0,6.0,-10.0
741,37187,-6.0,0,49,0.615413,0.915,True,False,wall,0.0,4.0,-10.0
742,37204,-2.0,0,17,0.615293,0.9939,True,False,wall,0.0,8.0,-10.0
743,37341,100.0,6,137,0.614326,1.0014,True,False,body,60.0,50.0,-10.0
744,37383,2.0,1,42,0.61403,0.8901,True,False,wall,10.0,2.0,-10.0
745,37450,13.0,1,67,0.613558,0.984,True,False,wall,10.0,13.0,-10.0
746,37471,18.0,2,21,0.61341,0.7865,True,False,wall,20.0,8.0,-10.0
747,37513,31.0,2,42,0.613114,0.912,True,False,wall,20.0,21.0,-10.0
748,37571,34.0,3,58,0.612706,0.9371,True,False,body,30.0,14.0,-10.0
749,37621,27.0,2,50,0.612354,0.9403,True,False,wall,20.0,17.0,-10.0
750,37639,6.0,1,18,0.612228,0.6875,True,False,wall,10.0,6.0,-10.0
751,37695,23.0,2,56,0.611834,0.742,True,False,wall,20.0,13.0,-10.0
752,37752,37.0,3,57,0.611434,0.7685,True,False,wall,30.0,17.0,-10.0
753,37775,11.0,1,23,0.611273,0.7409,True,False,wall,10.0,11.0,-10.0
754,37838,39.0,3,63,0.610831,0.7432,True,False,wall,30.0,19.0,-10.0
755,37857,5.0,1,19,0.610698,0.8506,True,False,wall,10.0,5.0,-10.0
756,37867,-3.0,0,10,0.610628,0.658,True,False,wall,0.0,7.0,-10.0
757,37905,8.0,1,38,0.610362,0.6275,True,False,wall,10.0,8.0,-10.0
758,38046,61.0,3,141,0.609375,0.7804,True,False,body,30.0,41.0,-10.0
759,38124,25.0,2,78,0.60883,0.7971,True,False,wall,20.0,15.0,-10.0
760,38175,13.0,1,51,0.608474,1.064,True,False,wall,10.0,13.0,-10.0
761,38209,8.0,1,34,0.608236,1.0015,True,False,wall,10.0,8.0,-10.0
762,38269,37.0,2,60,0.607818,0.8767,True,False,wall,20.0,27.0,-10.0
763,38341,40.0,3,72,0.607316,1.1037,True,False,body,30.0,20.0,-10.0
764,38450,74.0,4,109,0.606557,0.9979,True,False,body,40.0,44.0,-10.0
765,38497,52.0,4,47,0.60623,1.0642,True,False,body,40.0,22.0,-10.0
766,38599,65.0,4,102,0.605521,0.8854,True,False,wall,40.0,35.0,-10.0
767,38658,41.0,3,59,0.605112,1.1217,True,False,body,30.0,21.0,-10.0
768,38689,7.0,1,31,0.604897,0.9028,True,False,wall,10.0,7.0,-10.0
769,38728,-4.0,0,39,0.604626,0.8119,True,False,wall,0.0,6.0,-10.0
770,38820,19.0,2,92,0.603989,0.8661,True,False,wall,20.0,9.0,-10.0
771,38847,-2.0,0,27,0.603802,1.0494,True,False,wall,0.0,8.0,-10.0
772,38925,54.0,3,78,0.603262,0.9185,True,False,wall,30.0,34.0,-10.0
773,39000,53.0,3,75,0.602744,0.7392,True,False,body,30.0,33.0,-10.0
774,39059,30.0,2,59,0.602336,0.8477,True,False,wall,20.0,20.0,-10.0
775,39088,3.0,1,29,0.602136,0.9519,True,False,wall,10.0,3.0,-10.0
776,39100,1.0,0,12,0.602053,0.7875,True,False,wall,0.0,11.0,-10.0
777,39118,-5.0,0,18,0.601929,1.1991,True,False,wall,0.0,5.0,-10.0
778,39207,64.0,4,89,0.601316,0.807,True,False,wall,40.0,34.0,-10.0
779,39326,59.0,3,119,0.600496,0.9031,True,False,wall,30.0,39.0,-10.0
780,39354,18.0,1,28,0.600303,0.6928,True,False,wall,10.0,18.0,-10.0
781,39401,13.0,1,47,0.59998,0.8053,True,False,wall,10.0,13.0,-10.0
782,39465,46.0,3,64,0.59954,0.6407,True,False,body,30.0,26.0,-10.0
783,39508,16.0,2,43,0.599245,0.7032,True,False,wall,20.0,6.0,-10.0
784,39533,5.0,1,25,0.599073,0.7906,True,False,wall,10.0,5.0,-10.0
785,39602,30.0,2,69,0.5986,1.0479,True,False,wall,20.0,20.0,-10.0
786,39663,53.0,3,61,0.598182,0.8107,True,False,body,30.0,33.0,-10.0
787,39676,0.0,0,13,0.598093,0.8086,True,False,wall,0.0,10.0,-10.0
788,39742,44.0,3,66,0.597641,0.6446,True,False,body,30.0,24.0,-10.0
789,39835,40.0,2,93,0.597005,0.5391,True,False,wall,20.0,30.0,-10.0
790,39856,0.0,0,21,0.596861,0.7552,True,False,wall,0.0,10.0,-10.0
791,39924,61.0,4,68,0.596396,0.8072,True,False,body,40.0,31.0,-10.0
792,39957,9.0,1,33,0.596171,0.7388,True,False,wall,10.0,9.0,-10.0
793,40044,59.0,3,87,0.595577,0.7888,True,False,wall,30.0,39.0,-10.0
794,40122,37.0,2,78,0.595046,0.7113,True,False,wall,20.0,27.0,-10.0
795,40143,-4.0,0,21,0.594903,0.8269,True,False,wall,0.0,6.0,-10.0
796,40275,56.0,3,132,0.594004,0.7916,True,False,body,30.0,36.0,-10.0
797,40326,43.0,3,51,0.593658,0.7682,True,False,wall,30.0,23.0,-10.0
798,40359,11.0,1,33,0.593433,0.6934,True,False,wall,10.0,11.0,-10.0
799,40380,13.0,1,21,0.593291,0.6821,True,False,wall,10.0,13.0,-10.0
800,40510,93.0,4,130,0.592409,0.7399,True,False,body,40.0,63.0,-10.0
801,40663,58.0,4,153,0.591372,0.8286,True,False,body,40.0,28.0,-10.0
802,40718,45.0,3,55,0.591,0.7397,True,False,wall,30.0,25.0,-10.0
803,40746,-3.0,0,28,0.590811,0.6522,True,False,wall,0.0,7.0,-10.0
804,40813,39.0,3,67,0.590358,0.5916,True,False,wall,30.0,19.0,-10.0
805,40897,57.0,4,84,0.589791,0.6437,True,False,body,40.0,27.0,-10.0
806,40965,52.0,3,68,0.589332,0.8268,True,False,body,30.0,32.0,-10.0
807,41042,30.0,2,77,0.588814,0.7544,True,False,wall,20.0,20.0,-10.0
808,41091,20.0,2,49,0.588484,0.6583,True,False,wall,20.0,10.0,-10.0
809,41112,-8.0,0,21,0.588342,0.8014,True,False,wall,0.0,2.0,-10.0
810,41136,6.0,1,24,0.588181,0.5292,True,False,wall,10.0,6.0,-10.0
811,41193,30.0,2,57,0.587798,0.6248,True,False,wall,20.0,20.0,-10.0
812,41303,35.0,2,110,0.587059,0.6882,True,False,wall,20.0,25.0,-10.0
813,41370,22.0,2,67,0.586609,0.8308,True,False,wall,20.0,12.0,-10.0
814,41444,63.0,4,74,0.586113,0.9516,True,False,wall,40.0,33.0,-10.0
815,41478,21.0,2,34,0.585885,0.96,True,False,wall,20.0,11.0,-10.0
816,41521,5.0,1,43,0.585597,0.9462,True,False,wall,10.0,5.0,-10.0
817,41539,24.0,3,18,0.585477,0.7355,True,False,wall,30.0,4.0,-10.0
818,41596,28.0,2,57,0.585095,0.7395,True,False,wall,20.0,18.0,-10.0
819,41706,63.0,4,110,0.58436,0.6462,True,False,body,40.0,33.0,-10.0
820,41746,-5.0,0,40,0.584093,0.7621,True,False,wall,0.0,5.0,-10.0
821,41819,38.0,2,73,0.583606,0.6974,True,False,wall,20.0,28.0,-10.0
822,41855,13.0,2,36,0.583366,0.8271,True,False,wall,20.0,3.0,-10.0
823,41886,-8.0,0,31,0.583159,0.6279,True,False,wall,0.0,2.0,-10.0
824,41904,8.0,1,18,0.583039,0.7074,True,False,wall,10.0,8.0,-10.0
825,42012,24.0,1,108,0.58232,0.6667,True,False,wall,10.0,24.0,-10.0
826,42032,8.0,1,20,0.582187,0.6498,True,False,wall,10.0,8.0,-10.0
827,42045,-14.0,0,13,0.5821,0.5431,True,False,wall,0.0,-4.0,-10.0
828,42068,13.0,1,23,0.581947,0.5861,True,False,wall,10.0,13.0,-10.0
829,42151,49.0,3,83,0.581396,0.602,True,False,body,30.0,29.0,-10.0
830,42206,30.0,2,55,0.581031,0.5635,True,False,wall,20.0,20.0,-10.0
831,42261,26.0,2,55,0.580666,0.6962,True,False,wall,20.0,16.0,-10.0
832,42335,54.0,5,74,0.580175,0.6252,True,False,body,50.0,14.0,-10.0
833,42392,7.0,1,57,0.579797,0.7247,True,False,wall,10.0,7.0,-10.0
834,42428,17.0,2,36,0.579559,0.8722,True,False,wall,20.0,7.0,-10.0
835,42493,43.0,3,65,0.579129,0.8578,True,False,wall,30.0,23.0,-10.0
836,42562,31.0,3,69,0.578673,0.7559,True,False,body,30.0,11.0,-10.0
837,42625,37.0,3,63,0.578257,0.6392,True,False,body,30.0,17.0,-10.0
838,42688,29.0,1,63,0.577841,0.5935,True,False,wall,10.0,29.0,-10.0
839,42715,13.0,1,27,0.577663,0.6848,True,False,wall,10.0,13.0,-10.0
840,42762,32.0,2,47,0.577353,0.6715,True,False,wall,20.0,22.0,-10.0
841,42798,3.0,0,36,0.577116,0.7776,True,False,wall,0.0,13.0,-10.0
842,42885,66.0,4,87,0.576543,0.6778,True,False,body,40.0,36.0,-10.0
843,42996,35.0,3,111,0.575813,0.7179,True,False,wall,30.0,15.0,-10.0
844,43126,99.0,6,130,0.574959,0.9851,True,False,wall,60.0,49.0,-10.0
845,43172,33.0,2,46,0.574657,0.7101,True,False,wall,20.0,23.0,-10.0
846,43240,42.0,3,68,0.574211,1.0334,True,False,body,30.0,22.0,-10.0
847,43307,28.0,2,67,0.573772,0.6614,True,False,wall,20.0,18.0,-10.0
848,43385,44.0,3,78,0.573262,0.6655,True,False,body,30.0,24.0,-10.0
849,43400,-4.0,0,15,0.573164,0.7325,True,False,wall,0.0,6.0,-10.0
850,43439,5.0,1,39,0.572909,0.6885,True,False,wall,10.0,5.0,-10.0
851,43454,-4.0,0,15,0.572811,0.7649,True,False,wall,0.0,6.0,-10.0
852,43476,-7.0,0,22,0.572667,0.6839,True,False,wall,0.0,3.0,-10.0
853,43492,2.0,1,16,0.572563,0.6214,True,False,wall,10.0,2.0,-10.0
854,43531,15.0,1,39,0.572308,0.6483,True,False,wall,10.0,15.0,-10.0
855,43563,21.0,2,32,0.572099,0.697,True,False,wall,20.0,11.0,-10.0
856,43582,-4.0,0,19,0.571975,0.6038,True,False,wall,0.0,6.0,-10.0
857,43666,40.0,3,84,0.571427,0.6439,True,False,wall,30.0,20.0,-10.0
858,43682,8.0,1,16,0.571323,0.6792,True,False,wall,10.0,8.0,-10.0
859,43788,63.0,4,106,0.570633,0.6433,True,False,body,40.0,33.0,-10.0
860,43814,6.0,1,26,0.570464,0.6989,True,False,wall,10.0,6.0,-10.0
861,43846,23.0,2,32,0.570255,0.6534,True,False,wall,20.0,13.0,-10.0
862,43865,-10.0,0,19,0.570132,0.6753,True,False,wall,0.0,0.0,-10.0
863,43893,1.0,0,28,0.56995,0.5993,True,False,wall,0.0,11.0,-10.0
864,43925,-7.0,0,32,0.569742,0.6609,True,False,wall,0.0,3.0,-10.0
865,43989,25.0,2,64,0.569326,0.629,True,False,wall,20.0,15.0,-10.0
866,44038,20.0,2,49,0.569008,0.5712,True,False,wall,20.0,10.0,-10.0
867,44135,49.0,3,97,0.568379,0.5772,True,False,body,30.0,29.0,-10.0
868,44169,29.0,2,34,0.568159,0.584,True,False,wall,20.0,19.0,-10.0
869,44232,37.0,3,63,0.567751,0.6792,True,False,body,30.0,17.0,-10.0
870,44299,57.0,3,67,0.567318,0.5784,True,False,wall,30.0,37.0,-10.0
871,44342,30.0,2,43,0.56704,0.6216,True,False,wall,20.0,20.0,-10.0
872,44359,-4.0,0,17,0.56693,0.6611,True,False,wall,0.0,6.0,-10.0
873,44391,12.0,1,32,0.566723,0.6477,True,False,wall,10.0,12.0,-10.0
874,44529,48.0,3,138,0.565833,0.9952,True,False,wall,30.0,28.0,-10.0
875,44574,26.0,2,45,0.565543,0.8788,True,False,wall,20.0,16.0,-10.0
876,44634,36.0,3,60,0.565156,0.7639,True,False,wall,30.0,16.0,-10.0
877,44673,11.0,1,39,0.564905,0.7157,True,False,wall,10.0,11.0,-10.0
878,44723,27.0,2,50,0.564583,0.658,True,False,wall,20.0,17.0,-10.0
879,44766,52.0,4,43,0.564307,0.6329,True,False,body,40.0,22.0,-10.0
880,44830,25.0,2,64,0.563895,0.6804,True,False,wall,20.0,15.0,-10.0
881,44851,26.0,2,21,0.563761,0.6015,True,False,wall,20.0,16.0,-10.0
882,44899,12.0,1,48,0.563452,0.598,True,False,wall,10.0,12.0,-10.0
883,44976,72.0,4,77,0.562958,0.585,True,False,wall,40.0,42.0,-10.0
884,45063,55.0,3,87,0.562401,0.869,True,False,wall,30.0,35.0,-10.0
885,45150,44.0,2,87,0.561844,0.7864,True,False,wall,20.0,34.0,-10.0
886,45224,31.0,2,74,0.561371,0.8481,True,False,wall,20.0,21.0,-10.0
887,45311,60.0,4,87,0.560815,1.1063,True,False,body,40.0,30.0,-10.0
888,45323,-13.0,0,12,0.560738,1.1972,True,False,wall,0.0,-3.0,-10.0
889,45406,62.0,4,83,0.560209,1.1138,True,False,body,40.0,32.0,-10.0
890,45446,15.0,2,40,0.559954,0.8596,True,False,wall,20.0,5.0,-10.0
891,45461,-4.0,0,15,0.559858,1.7072,True,False,wall,0.0,6.0,-10.0
892,45604,34.0,2,143,0.558947,1.0145,True,False,wall,20.0,24.0,-10.0
893,45736,61.0,4,132,0.558108,0.7517,True,False,wall,40.0,31.0,-10.0
894,45821,71.0,5,85,0.557569,0.6675,True,False,body,50.0,31.0,-10.0
895,45858,15.0,1,37,0.557334,0.8079,True,False,wall,10.0,15.0,-10.0
896,45885,37.0,3,27,0.557163,0.9967,True,False,body,30.0,17.0,-10.0
897,45933,0.0,1,48,0.556859,0.7166,True,False,wall,10.0,0.0,-10.0
898,45950,9.0,1,17,0.556751,0.7466,True,False,wall,10.0,9.0,-10.0
899,45968,6.0,1,18,0.556637,0.6354,True,False,wall,10.0,6.0,-10.0
900,45999,11.0,1,31,0.556441,0.9896,True,False,wall,10.0,11.0,-10.0
901,46014,-14.0,0,15,0.556346,0.7453,True,False,wall,0.0,-4.0,-10.0
902,46094,66.0,3,80,0.55584,0.7996,True,False,wall,30.0,46.0,-10.0
903,46130,6.0,1,36,0.555612,0.6353,True,False,wall,10.0,6.0,-10.0
904,46200,38.0,3,70,0.55517,0.7119,True,False,wall,30.0,18.0,-10.0
905,46234,32.0,3,34,0.554955,0.8018,True,False,wall,30.0,12.0,-10.0
906,46345,71.0,5,111,0.554255,0.8032,True,False,body,50.0,31.0,-10.0
907,46414,37.0,3,69,0.55382,0.5724,True,False,wall,30.0,17.0,-10.0
908,46473,58.0,4,59,0.553449,0.6904,True,False,body,40.0,28.0,-10.0
909,46519,-19.0,0,46,0.55316,0.6302,True,False,wall,0.0,-9.0,-10.0
910,46603,45.0,2,84,0.552631,0.6222,True,False,wall,20.0,35.0,-10.0
911,46661,20.0,1,58,0.552267,0.7006,True,False,wall,10.0,20.0,-10.0
912,46754,58.0,4,93,0.551684,0.5257,True,False,wall,40.0,28.0,-10.0
913,46798,34.0,3,44,0.551408,0.5339,True,False,body,30.0,14.0,-10.0
914,46829,34.0,2,31,0.551214,0.6891,True,False,wall,20.0,24.0,-10.0
915,46876,20.0,2,47,0.550919,0.7313,True,False,wall,20.0,10.0,-10.0
916,46920,19.0,2,44,0.550644,0.6879,True,False,wall,20.0,9.0,-10.0
917,46981,32.0,2,61,0.550262,0.8132,True,False,wall,20.0,22.0,-10.0
918,47074,38.0,2,93,0.549681,0.8992,True,False,wall,20.0,28.0,-10.0
919,47127,32.0,2,53,0.54935,0.914,True,False,wall,20.0,22.0,-10.0
920,47219,56.0,3,92,0.548776,0.8678,True,False,wall,30.0,36.0,-10.0
921,47256,39.0,3,37,0.548545,0.8291,True,False,body,30.0,19.0,-10.0
922,47395,87.0,5,139,0.54768,0.8246,True,False,body,50.0,47.0,-10.0
923,47408,-4.0,0,13,0.547599,0.8664,True,False,wall,0.0,6.0,-10.0
924,47425,-1.0,1,17,0.547493,0.6874,True,False,wall,10.0,-1.0,-10.0
925,47569,67.0,4,144,0.546599,0.8166,True,False,wall,40.0,37.0,-10.0
926,47605,12.0,1,36,0.546375,0.5725,True,False,wall,10.0,12.0,-10.0
927,47653,23.0,2,48,0.546078,0.6499,True,False,wall,20.0,13.0,-10.0
928,47729,69.0,4,76,0.545606,0.6666,True,False,body,40.0,39.0,-10.0
929,47751,0.0,1,22,0.54547,0.7788,True,False,wall,10.0,0.0,-10.0
930,47786,20.0,2,35,0.545254,0.4866,True,False,wall,20.0,10.0,-10.0
931,47825,5.0,1,39,0.545012,0.5494,True,False,wall,10.0,5.0,-10.0
932,47842,29.0,3,17,0.544907,0.5478,True,False,body,30.0,9.0,-10.0
933,47882,25.0,2,40,0.54466,0.5475,True,False,wall,20.0,15.0,-10.0
934,47957,39.0,3,75,0.544196,0.6724,True,False,wall,30.0,19.0,-10.0
935,48014,48.0,4,57,0.543844,0.8183,True,False,body,40.0,18.0,-10.0
936,48072,23.0,2,58,0.543486,0.8056,True,False,wall,20.0,13.0,-10.0
937,48087,-6.0,0,15,0.543394,0.8614,True,False,wall,0.0,4.0,-10.0
938,48191,58.0,3,104,0.542753,1.0172,True,False,body,30.0,38.0,-10.0
939,48218,-2.0,0,27,0.542586,0.9266,True,False,wall,0.0,8.0,-10.0
940,48382,100.0,5,164,0.541578,0.7182,True,False,body,50.0,60.0,-10.0
941,48426,12.0,1,44,0.541307,0.6735,True,False,wall,10.0,12.0,-10.0
942,48513,37.0,3,87,0.540773,0.7782,True,False,wall,30.0,17.0,-10.0
943,48540,11.0,1,27,0.540608,0.8992,True,False,wall,10.0,11.0,-10.0
944,48584,12.0,1,44,0.540338,0.6496,True,False,wall,10.0,12.0,-10.0
945,48624,31.0,2,40,0.540093,0.7114,True,False,wall,20.0,21.0,-10.0
946,48662,46.0,3,38,0.53986,0.6291,True,False,body,30.0,26.0,-10.0
947,48703,31.0,3,41,0.539609,0.6476,True,False,wall,30.0,11.0,-10.0
948,48742,24.0,2,39,0.53937,0.5884,True,False,wall,20.0,14.0,-10.0
949,48790,29.0,2,48,0.539077,0.6426,True,False,wall,20.0,19.0,-10.0
950,48871,53.0,3,81,0.538582,0.5421,True,False,body,30.0,33.0,-10.0
951,48963,54.0,3,92,0.53802,0.5985,True,False,body,30.0,34.0,-10.0
952,49031,14.0,1,68,0.537606,0.4995,True,False,wall,10.0,14.0,-10.0
953,49050,0.0,0,19,0.53749,0.4332,True,False,wall,0.0,10.0,-10.0
954,49122,56.0,3,72,0.537051,0.4388,True,False,wall,30.0,36.0,-10.0
955,49149,20.0,2,27,0.536887,0.5271,True,False,wall,20.0,10.0,-10.0
956,49165,6.0,1,16,0.53679,0.4453,True,False,wall,10.0,6.0,-10.0
957,49202,35.0,3,37,0.536565,0.5061,True,False,body,30.0,15.0,-10.0
958,49250,52.0,3,48,0.536273,0.4921,True,False,body,30.0,32.0,-10.0
959,49267,11.0,1,17,0.536169,0.4565,True,False,wall,10.0,11.0,-10.0
960,49302,-4.0,0,35,0.535957,0.4841,True,False,wall,0.0,6.0,-10.0
961,49333,17.0,1,31,0.535769,0.518,True,False,wall,10.0,17.0,-10.0
962,49370,32.0,2,37,0.535544,0.5394,True,False,wall,20.0,22.0,-10.0
963,49390,6.0,1,20,0.535423,0.5864,True,False,wall,10.0,6.0,-10.0
964,49402,8.0,1,12,0.53535,0.4909,True,False,wall,10.0,8.0,-10.0
965,49531,91.0,5,129,0.534568,0.623,True,False,body,50.0,51.0,-10.0
966,49603,31.0,2,72,0.534132,0.9072,True,False,wall,20.0,21.0,-10.0
967,49677,36.0,3,74,0.533684,0.8124,True,False,body,30.0,16.0,-10.0
968,49738,43.0,3,61,0.533316,0.7557,True,False,body,30.0,23.0,-10.0
969,49842,58.0,3,104,0.532688,0.9774,True,False,body,30.0,38.0,-10.0
970,49857,16.0,2,15,0.532597,0.5822,True,False,wall,20.0,6.0,-10.0
971,49888,13.0,1,31,0.53241,0.622,True,False,wall,10.0,13.0,-10.0
972,49957,55.0,3,69,0.531994,0.5708,True,False,body,30.0,35.0,-10.0
973,49992,11.0,1,35,0.531783,0.5744,True,False,wall,10.0,11.0,-10.0
974,50007,-4.0,0,15,0.531693,0.64,True,False,wall,0.0,6.0,-10.0
975,50089,76.0,5,82,0.5312,0.6941,True,False,body,50.0,36.0,-10.0
976,50199,52.0,3,110,0.530538,0.8747,True,False,wall,30.0,32.0,-10.0
977,50253,18.0,1,54,0.530214,0.8021,True,False,wall,10.0,18.0,-10.0
978,50375,82.0,5,122,0.529482,0.7812,True,False,body,50.0,42.0,-10.0
979,50465,44.0,3,90,0.528943,0.7006,True,False,wall,30.0,24.0,-10.0
980,50478,-6.0,0,13,0.528865,0.777,True,False,wall,0.0,4.0,-10.0
981,50498,3.0,0,20,0.528746,0.7376,True,False,wall,0.0,13.0,-10.0
982,50517,2.0,0,19,0.528632,0.7221,True,False,wall,0.0,12.0,-10.0
983,50531,4.0,1,14,0.528548,0.6042,True,False,wall,10.0,4.0,-10.0
984,50542,-4.0,0,11,0.528483,0.5098,True,False,wall,0.0,6.0,-10.0
985,50553,-1.0,1,11,0.528417,0.618,True,False,wall,10.0,-1.0,-10.0
986,50618,47.0,3,65,0.528028,0.7701,True,False,body,30.0,27.0,-10.0
987,50633,9.0,1,15,0.527939,0.7486,True,False,wall,10.0,9.0,-10.0
988,50795,87.0,4,162,0.526972,0.701,True,False,body,40.0,57.0,-10.0
989,50836,-6.0,0,41,0.526727,0.7062,True,False,wall,0.0,4.0,-10.0
990,50872,17.0,2,36,0.526513,0.6,True,False,wall,20.0,7.0,-10.0
991,50956,20.0,1,84,0.526013,0.8,True,False,wall,10.0,20.0,-10.0
992,50979,13.0,1,23,0.525876,0.7127,True,False,wall,10.0,13.0,-10.0
993,51044,47.0,3,65,0.525489,0.7059,True,False,body,30.0,27.0,-10.0
994,51089,30.0,2,45,0.525222,0.6114,True,False,wall,20.0,20.0,-10.0
995,51171,65.0,4,82,0.524735,0.6579,True,False,body,40.0,35.0,-10.0
996,51265,62.0,3,94,0.524178,0.6204,True,False,body,30.0,42.0,-10.0
997,51304,28.0,2,39,0.523947,0.8591,True,False,wall,20.0,18.0,-10.0
998,51384,75.0,4,80,0.523473,0.6008,True,False,body,40.0,45.0,-10.0
999,51423,24.0,2,39,0.523242,0.5711,True,False,wall,20.0,14.0,-10.0
1000,51481,48.0,3,58,0.522899,0.5835,True,False,body,30.0,28.0,-10.0
1001,51513,-1.0,0,32,0.52271,0.4723,True,False,wall,0.0,9.0,-10.0
1002,51595,57.0,4,82,0.522226,0.4745,True,False,wall,40.0,27.0,-10.0
1003,51716,72.0,4,121,0.521512,0.5107,True,False,wall,40.0,42.0,-10.0
1004,51770,31.0,2,54,0.521194,0.7702,True,False,wall,20.0,21.0,-10.0
1005,51855,30.0,2,85,0.520694,0.8566,True,False,wall,20.0,20.0,-10.0
1006,51869,10.0,1,14,0.520611,0.7047,True,False,wall,10.0,10.0,-10.0
1007,51942,47.0,3,73,0.520182,0.7592,True,False,wall,30.0,27.0,-10.0
1008,52007,26.0,2,65,0.5198,0.6949,True,False,wall,20.0,16.0,-10.0
1009,52057,60.0,5,50,0.519507,0.6242,True,False,body,50.0,20.0,-10.0
1010,52082,-2.0,0,25,0.51936,0.7224,True,False,wall,0.0,8.0,-10.0
1011,52104,12.0,1,22,0.519231,0.6527,True,False,wall,10.0,12.0,-10.0
1012,52164,46.0,3,60,0.518879,0.5097,True,False,body,30.0,26.0,-10.0
1013,52182,10.0,1,18,0.518774,0.5921,True,False,wall,10.0,10.0,-10.0
1014,52198,6.0,1,16,0.51868,0.5799,True,False,wall,10.0,6.0,-10.0
1015,52219,-4.0,0,21,0.518557,0.597,True,False,wall,0.0,6.0,-10.0
1016,52314,21.0,1,95,0.518001,0.5859,True,False,wall,10.0,21.0,-10.0
1017,52400,56.0,3,86,0.517498,0.4547,True,False,wall,30.0,36.0,-10.0
1018,52437,9.0,1,37,0.517282,0.4898,True,False,wall,10.0,9.0,-10.0
1019,52512,38.0,2,75,0.516844,0.4814,True,False,wall,20.0,28.0,-10.0
1020,52543,22.0,2,31,0.516663,0.4655,True,False,wall,20.0,12.0,-10.0
1021,52562,9.0,1,19,0.516552,0.5045,True,False,wall,10.0,9.0,-10.0
1022,52591,1.0,1,29,0.516383,0.4834,True,False,wall,10.0,1.0,-10.0
1023,52650,41.0,3,59,0.516039,0.493,True,False,body,30.0,21.0,-10.0
1024,52693,19.0,1,43,0.515789,0.4991,True,False,wall,10.0,19.0,-10.0
1025,52756,61.0,3,63,0.515422,0.5854,True,False,body,30.0,41.0,-10.0
1026,52891,102.0,6,135,0.514637,0.6177,True,False,wall,60.0,52.0,-10.0
1027,53088,150.0,8,197,0.513495,0.6892,True,False,wall,80.0,80.0,-10.0
1028,53132,44.0,3,44,0.51324,0.8936,True,False,body,30.0,24.0,-10.0
1029,53216,54.0,3,84,0.512754,0.8198,True,False,body,30.0,34.0,-10.0
1030,53273,51.0,3,57,0.512424,0.7585,True,False,wall,30.0,31.0,-10.0
1031,53323,33.0,2,50,0.512135,0.7889,True,False,wall,20.0,23.0,-10.0
1032,53373,61.0,4,50,0.511846,0.6848,True,False,body,40.0,31.0,-10.0
1033,53418,24.0,2,45,0.511587,0.6905,True,False,wall,20.0,14.0,-10.0
1034,53459,0.0,0,41,0.51135,0.8713,True,False,wall,0.0,10.0,-10.0
1035,53509,19.0,2,50,0.511062,0.8084,True,False,wall,20.0,9.0,-10.0
1036,53543,21.0,2,34,0.510866,0.8927,True,False,wall,20.0,11.0,-10.0
1037,53591,18.0,1,48,0.51059,0.8959,True,False,wall,10.0,18.0,-10.0
1038,53692,68.0,4,101,0.510008,0.7138,True,False,wall,40.0,38.0,-10.0
1039,53773,51.0,3,81,0.509543,0.7456,True,False,body,30.0,31.0,-10.0
1040,53839,50.0,3,66,0.509164,0.5212,True,False,wall,30.0,30.0,-10.0
1041,53918,79.0,5,79,0.508711,0.5139,True,False,body,50.0,39.0,-10.0
1042,53941,-10.0,0,23,0.508579,0.5863,True,False,wall,0.0,0.0,-10.0
1043,53991,50.0,3,50,0.508292,0.5756,True,False,wall,30.0,30.0,-10.0
1044,54064,57.0,3,73,0.507874,0.4726,True,False,wall,30.0,37.0,-10.0
1045,54133,56.0,4,69,0.50748,0.434,True,False,body,40.0,26.0,-10.0
1046,54176,30.0,2,43,0.507234,0.4267,True,False,wall,20.0,20.0,-10.0
1047,54345,104.0,6,169,0.506269,0.5031,True,False,body,60.0,54.0,-10.0
1048,54418,83.0,5,73,0.505853,0.7589,True,False,body,50.0,43.0,-10.0
1049,54435,27.0,3,17,0.505756,0.8662,True,False,body,30.0,7.0,-10.0
1050,54446,9.0,1,11,0.505693,0.6255,True,False,wall,10.0,9.0,-10.0
1051,54537,57.0,3,91,0.505175,0.6891,True,False,wall,30.0,37.0,-10.0
1052,54557,6.0,1,20,0.505061,0.5631,True,False,wall,10.0,6.0,-10.0
1053,54646,59.0,3,89,0.504555,0.6449,True,False,wall,30.0,39.0,-10.0
1054,54742,65.0,4,96,0.50401,0.5705,True,False,wall,40.0,35.0,-10.0
1055,54809,60.0,4,67,0.50363,0.7716,True,False,wall,40.0,30.0,-10.0
1056,54884,90.0,6,75,0.503205,0.6474,True,False,wall,60.0,40.0,-10.0
1057,54927,47.0,3,43,0.502962,0.7485,True,False,body,30.0,27.0,-10.0
1058,54993,18.0,1,66,0.502588,0.6809,True,False,wall,10.0,18.0,-10.0
1059,55010,-2.0,0,17,0.502492,0.578,True,False,wall,0.0,8.0,-10.0
1060,55030,8.0,1,20,0.502379,0.5971,True,False,wall,10.0,8.0,-10.0
1061,55081,30.0,2,51,0.50209,0.572,True,False,wall,20.0,20.0,-10.0
1062,55092,-6.0,0,11,0.502028,0.5539,True,False,wall,0.0,4.0,-10.0
1063,55110,4.0,1,18,0.501927,0.5572,True,False,wall,10.0,4.0,-10.0
1064,55139,26.0,2,29,0.501763,0.6341,True,False,wall,20.0,16.0,-10.0
1065,55184,13.0,1,45,0.501509,0.5965,True,False,wall,10.0,13.0,-10.0
1066,55246,36.0,3,62,0.501159,0.5612,True,False,body,30.0,16.0,-10.0
1067,55312,56.0,3,66,0.500787,0.499,True,False,body,30.0,36.0,-10.0
1068,55350,14.0,1,38,0.500573,0.5216,True,False,wall,10.0,14.0,-10.0
1069,55405,43.0,3,55,0.500263,0.6553,True,False,body,30.0,23.0,-10.0
1070,55451,8.0,1,46,0.500004,0.5044,True,False,wall,10.0,8.0,-10.0
1071,55511,92.0,7,60,0.499667,0.4623,True,False,wall,70.0,32.0,-10.0
1072,55561,46.0,3,50,0.499386,0.5294,True,False,body,30.0,26.0,-10.0
1073,55634,66.0,4,73,0.498976,0.5731,True,False,wall,40.0,36.0,-10.0
1074,55692,34.0,3,58,0.498651,0.505,True,False,body,30.0,14.0,-10.0
1075,55766,58.0,3,74,0.498236,0.6382,True,False,body,30.0,38.0,-10.0
1076,55840,38.0,3,74,0.497822,0.7015,True,False,body,30.0,18.0,-10.0
1077,55930,106.0,7,90,0.497318,0.6253,True,False,body,70.0,46.0,-10.0
1078,55956,8.0,1,26,0.497173,0.6273,True,False,wall,10.0,8.0,-10.0
1079,56023,73.0,5,67,0.496798,0.6412,True,False,wall,50.0,33.0,-10.0
1080,56063,37.0,2,40,0.496575,0.7655,True,False,wall,20.0,27.0,-10.0
1081,56099,-3.0,0,36,0.496374,0.7574,True,False,wall,0.0,7.0,-10.0
1082,56110,5.0,1,11,0.496313,0.7394,True,False,wall,10.0,5.0,-10.0
1083,56131,15.0,1,21,0.496196,0.7912,True,False,wall,10.0,15.0,-10.0
1084,56163,23.0,2,32,0.496017,0.7295,True,False,wall,20.0,13.0,-10.0
1085,56215,66.0,5,52,0.495727,0.8317,True,False,body,50.0,26.0,-10.0
1086,56273,42.0,3,58,0.495404,0.8213,True,False,body,30.0,22.0,-10.0
1087,56333,40.0,3,60,0.49507,0.8104,True,False,body,30.0,20.0,-10.0
1088,56432,79.0,5,99,0.49452,0.7695,True,False,body,50.0,39.0,-10.0
1089,56458,16.0,1,26,0.494375,0.9507,True,False,wall,10.0,16.0,-10.0
1090,56496,36.0,3,38,0.494164,0.7836,True,False,body,30.0,16.0,-10.0
1091,56535,20.0,2,39,0.493948,0.586,True,False,wall,20.0,10.0,-10.0
1092,56609,37.0,2,74,0.493537,0.7454,True,False,wall,20.0,27.0,-10.0
1093,56626,11.0,1,17,0.493443,0.5547,True,False,wall,10.0,11.0,-10.0
1094,56700,48.0,3,74,0.493033,0.7197,True,False,body,30.0,28.0,-10.0
1095,56798,72.0,5,98,0.492491,0.5484,True,False,body,50.0,32.0,-10.0
1096,56849,45.0,3,51,0.492209,0.654,True,False,wall,30.0,25.0,-10.0
1097,56863,6.0,1,14,0.492131,0.4904,True,False,wall,10.0,6.0,-10.0
1098,56895,25.0,2,32,0.491955,0.5228,True,False,wall,20.0,15.0,-10.0
1099,56921,8.0,1,26,0.491811,0.6145,True,False,wall,10.0,8.0,-10.0
1100,57010,43.0,3,89,0.49132,0.5289,True,False,body,30.0,23.0,-10.0
1101,57058,62.0,5,48,0.491055,0.5231,True,False,body,50.0,22.0,-10.0
1102,57087,22.0,2,29,0.490895,0.5032,True,False,wall,20.0,12.0,-10.0
1103,57102,7.0,1,15,0.490813,0.7435,True,False,wall,10.0,7.0,-10.0
1104,57209,119.0,7,107,0.490223,0.4769,True,False,body,70.0,59.0,-10.0
1105,57222,7.0,1,13,0.490152,0.4819,True,False,wall,10.0,7.0,-10.0
1106,57307,19.0,1,85,0.489684,0.7355,True,False,wall,10.0,19.0,-10.0
1107,57326,-4.0,0,19,0.48958,0.5437,True,False,wall,0.0,6.0,-10.0
1108,57342,8.0,1,16,0.489492,0.5308,True,False,wall,10.0,8.0,-10.0
1109,57381,31.0,3,39,0.489278,0.5843,True,False,body,30.0,11.0,-10.0
1110,57406,11.0,1,25,0.489141,0.5815,True,False,wall,10.0,11.0,-10.0
1111,57448,40.0,3,42,0.48891,0.542,True,False,wall,30.0,20.0,-10.0
1112,57489,28.0,2,41,0.488685,0.6026,True,False,wall,20.0,18.0,-10.0
1113,57519,21.0,2,30,0.488521,0.6881,True,False,wall,20.0,11.0,-10.0
1114,57552,11.0,1,33,0.48834,0.575,True,False,wall,10.0,11.0,-10.0
1115,57580,-5.0,0,28,0.488187,0.5667,True,False,wall,0.0,5.0,-10.0
1116,57632,55.0,4,52,0.487902,0.5227,True,False,body,40.0,25.0,-10.0
1117,57668,-2.0,1,36,0.487705,0.5123,True,False,wall,10.0,-2.0,-10.0
1118,57737,55.0,3,69,0.487327,0.8889,True,False,body,30.0,35.0,-10.0
1119,57777,14.0,1,40,0.487109,0.6376,True,False,wall,10.0,14.0,-10.0
1120,57853,81.0,6,76,0.486694,0.6311,True,False,body,60.0,31.0,-10.0
1121,57871,10.0,1,18,0.486596,1.0311,True,False,wall,10.0,10.0,-10.0
1122,57932,54.0,4,61,0.486263,0.7228,True,False,body,40.0,24.0,-10.0
1123,57980,27.0,2,48,0.486001,0.6495,True,False,wall,20.0,17.0,-10.0
1124,58018,20.0,1,38,0.485794,0.6306,True,False,wall,10.0,20.0,-10.0
1125,58033,-2.0,0,15,0.485712,0.5802,True,False,wall,0.0,8.0,-10.0
1126,58117,65.0,4,84,0.485255,0.5614,True,False,body,40.0,35.0,-10.0
1127,58168,41.0,3,51,0.484978,0.8747,True,False,body,30.0,21.0,-10.0
1128,58193,13.0,1,25,0.484842,0.7439,True,False,wall,10.0,13.0,-10.0
1129,58244,60.0,4,51,0.484565,1.0203,True,False,wall,40.0,30.0,-10.0
1130,58325,42.0,2,81,0.484125,0.7232,True,False,wall,20.0,32.0,-10.0
1131,58395,42.0,3,70,0.483745,0.6008,True,False,wall,30.0,22.0,-10.0
1132,58468,45.0,3,73,0.48335,0.8065,True,False,wall,30.0,25.0,-10.0
1133,58540,50.0,3,72,0.48296,0.887,True,False,body,30.0,30.0,-10.0
1134,58587,39.0,3,47,0.482705,0.7839,True,False,body,30.0,19.0,-10.0
1135,58673,88.0,5,86,0.482241,0.647,True,False,body,50.0,48.0,-10.0
1136,58809,136.0,7,136,0.481506,0.5422,True,False,body,70.0,76.0,-10.0
1137,58835,21.0,2,26,0.481366,0.7643,True,False,wall,20.0,11.0,-10.0
1138,58853,12.0,1,18,0.481269,0.5957,True,False,wall,10.0,12.0,-10.0
1139,58880,-4.0,0,27,0.481124,0.7782,True,False,wall,0.0,6.0,-10.0
1140,58916,49.0,4,36,0.48093,0.6642,True,False,wall,40.0,19.0,-10.0
1141,58926,6.0,1,10,0.480876,0.5543,True,False,wall,10.0,6.0,-10.0
1142,59008,65.0,4,82,0.480434,0.5221,True,False,body,40.0,35.0,-10.0
1143,59084,57.0,4,76,0.480026,0.5435,True,False,wall,40.0,27.0,-10.0
1144,59131,41.0,3,47,0.479773,0.5375,True,False,body,30.0,21.0,-10.0
1145,59255,107.0,6,124,0.479107,0.4767,True,False,wall,60.0,57.0,-10.0
1146,59279,12.0,1,24,0.478979,0.4635,True,False,wall,10.0,12.0,-10.0
1147,59378,59.0,3,99,0.478448,0.6448,True,False,body,30.0,39.0,-10.0
1148,59437,50.0,4,59,0.478132,0.6682,True,False,wall,40.0,20.0,-10.0
1149,59483,34.0,3,46,0.477886,0.8329,True,False,body,30.0,14.0,-10.0
1150,59570,75.0,5,87,0.477421,0.5813,True,False,body,50.0,35.0,-10.0
1151,59614,35.0,2,44,0.477186,0.5695,True,False,wall,20.0,25.0,-10.0
1152,59666,42.0,3,52,0.476909,0.577,True,False,wall,30.0,22.0,-10.0
1153,59697,32.0,2,31,0.476743,0.4792,True,False,wall,20.0,22.0,-10.0
1154,59718,-4.0,0,21,0.476631,0.4552,True,False,wall,0.0,6.0,-10.0
1155,59811,53.0,3,93,0.476135,0.5541,True,False,wall,30.0,33.0,-10.0
1156,59823,6.0,1,12,0.476072,0.5711,True,False,wall,10.0,6.0,-10.0
1157,59834,7.0,1,11,0.476013,0.6185,True,False,wall,10.0,7.0,-10.0
1158,59911,53.0,3,77,0.475603,0.6094,True,False,body,30.0,33.0,-10.0
1159,59971,40.0,3,60,0.475284,0.6633,True,False,body,30.0,20.0,-10.0
1160,59991,-1.0,0,20,0.475178,0.5301,True,False,wall,0.0,9.0,-10.0
1161,60036,11.0,1,45,0.474939,0.54,True,False,wall,10.0,11.0,-10.0
1162,60068,8.0,1,32,0.474769,0.6787,True,False,wall,10.0,8.0,-10.0
1163,60144,61.0,4,76,0.474365,0.5836,True,False,body,40.0,31.0,-10.0
1164,60238,68.0,3,94,0.473867,0.6585,True,False,body,30.0,48.0,-10.0
1165,60329,59.0,3,91,0.473385,0.5679,True,False,body,30.0,39.0,-10.0
1166,60365,34.0,3,36,0.473195,0.5449,True,False,body,30.0,14.0,-10.0
1167,60385,10.0,1,20,0.473089,0.441,True,False,wall,10.0,10.0,-10.0
1168,60458,40.0,2,73,0.472703,0.6153,True,False,wall,20.0,30.0,-10.0
1169,60510,48.0,3,52,0.472428,0.5751,True,False,wall,30.0,28.0,-10.0
1170,60595,63.0,3,85,0.47198,0.5553,True,False,wall,30.0,43.0,-10.0
1171,60631,31.0,2,36,0.47179,0.5216,True,False,wall,20.0,21.0,-10.0
1172,60677,57.0,4,46,0.471547,0.5371,True,False,wall,40.0,27.0,-10.0
1173,60751,37.0,2,74,0.471158,0.6524,True,False,wall,20.0,27.0,-10.0
1174,60779,20.0,1,28,0.47101,0.616,True,False,wall,10.0,20.0,-10.0
1175,60828,34.0,2,49,0.470752,0.6461,True,False,wall,20.0,24.0,-10.0
1176,60842,10.0,1,14,0.470679,0.724,True,False,wall,10.0,10.0,-10.0
1177,60883,37.0,3,41,0.470463,1.2792,True,False,body,30.0,17.0,-10.0
1178,60903,25.0,2,20,0.470358,1.0594,True,False,wall,20.0,15.0,-10.0
1179,60930,2.0,0,27,0.470216,1.2698,True,False,wall,0.0,12.0,-10.0
1180,60951,27.0,3,21,0.470106,0.9763,True,False,body,30.0,7.0,-10.0
1181,61043,48.0,3,92,0.469623,0.9302,True,False,body,30.0,28.0,-10.0
1182,61236,105.0,5,193,0.468612,0.8648,True,False,body,50.0,65.0,-10.0
1183,61312,50.0,3,76,0.468215,0.5821,True,False,body,30.0,30.0,-10.0
1184,61366,33.0,2,54,0.467932,0.7491,True,False,wall,20.0,23.0,-10.0
1185,61393,24.0,2,27,0.467791,0.6966,True,False,wall,20.0,14.0,-10.0
1186,61405,8.0,1,12,0.467729,0.7069,True,False,wall,10.0,8.0,-10.0
1187,61522,101.0,5,117,0.467118,0.6586,True,False,wall,50.0,61.0,-10.0
1188,61586,48.0,3,64,0.466785,0.5634,True,False,body,30.0,28.0,-10.0
1189,61680,62.0,5,94,0.466295,0.5431,True,False,body,50.0,22.0,-10.0
1190,61712,12.0,1,32,0.466129,0.6015,True,False,wall,10.0,12.0,-10.0
1191,61783,57.0,3,71,0.46576,0.6472,True,False,wall,30.0,37.0,-10.0
1192,61887,68.0,5,104,0.465219,0.5546,True,False,body,50.0,28.0,-10.0
1193,61912,26.0,2,25,0.46509,0.4677,True,False,wall,20.0,16.0,-10.0
1194,61982,25.0,2,70,0.464727,0.6139,True,False,wall,20.0,15.0,-10.0
1195,62001,31.0,3,19,0.464628,0.6427,True,False,body,30.0,11.0,-10.0
1196,62023,12.0,1,22,0.464514,0.5921,True,False,wall,10.0,12.0,-10.0
1197,62145,120.0,7,122,0.463883,0.5547,True,False,body,70.0,60.0,-10.0
1198,62235,37.0,2,90,0.463417,0.5689,True,False,wall,20.0,27.0,-10.0
1199,62345,119.0,8,110,0.462849,0.5879,True,False,body,80.0,49.0,-10.0
1200,62414,69.0,5,69,0.462493,0.603,True,False,body,50.0,29.0,-10.0
1201,62442,36.0,3,28,0.462349,0.6878,True,False,body,30.0,16.0,-10.0
1202,62475,32.0,2,33,0.462179,0.9575,True,False,wall,20.0,22.0,-10.0
1203,62535,59.0,4,60,0.46187,0.6829,True,False,body,40.0,29.0,-10.0
1204,62581,59.0,4,46,0.461633,0.716,True,False,body,40.0,29.0,-10.0
1205,62622,32.0,2,41,0.461422,0.6739,True,False,wall,20.0,22.0,-10.0
1206,62653,13.0,1,31,0.461263,0.7062,True,False,wall,10.0,13.0,-10.0
1207,62679,14.0,1,26,0.461129,0.8835,True,False,wall,10.0,14.0,-10.0
1208,62772,49.0,3,93,0.460651,1.0122,True,False,body,30.0,29.0,-10.0
1209,62846,69.0,4,74,0.460272,0.9294,True,False,wall,40.0,39.0,-10.0
1210,62870,25.0,2,24,0.460149,0.7608,True,False,wall,20.0,15.0,-10.0
1211,62903,9.0,1,33,0.45998,0.7783,True,False,wall,10.0,9.0,-10.0
1212,62963,67.0,4,60,0.459672,0.7988,True,False,body,40.0,37.0,-10.0
1213,62990,11.0,1,27,0.459534,0.7734,True,False,wall,10.0,11.0,-10.0
1214,63045,24.0,2,55,0.459252,0.6984,True,False,wall,20.0,14.0,-10.0
1215,63070,33.0,3,25,0.459125,0.9014,True,False,body,30.0,13.0,-10.0
1216,63113,47.0,3,43,0.458905,0.7229,True,False,body,30.0,27.0,-10.0
1217,63236,58.0,4,123,0.458277,0.63,True,False,wall,40.0,28.0,-10.0
1218,63270,44.0,3,34,0.458103,0.739,True,False,wall,30.0,24.0,-10.0
1219,63314,36.0,3,44,0.457879,0.7476,True,False,body,30.0,16.0,-10.0
1220,63340,32.0,3,26,0.457746,0.64,True,False,body,30.0,12.0,-10.0
1221,63384,3.0,0,44,0.457522,0.6677,True,False,wall,0.0,13.0,-10.0
1222,63424,29.0,2,40,0.457318,0.5467,True,False,wall,20.0,19.0,-10.0
1223,63472,42.0,3,48,0.457074,0.6261,True,False,body,30.0,22.0,-10.0
1224,63497,7.0,1,25,0.456947,0.606,True,False,wall,10.0,7.0,-10.0
1225,63576,40.0,2,79,0.456545,0.5736,True,False,wall,20.0,30.0,-10.0
1226,63681,89.0,5,105,0.456012,0.8256,True,False,wall,50.0,49.0,-10.0
1227,63745,48.0,3,64,0.455687,0.6936,True,False,body,30.0,28.0,-10.0
1228,63808,71.0,5,63,0.455368,0.653,True,False,wall,50.0,31.0,-10.0
1229,63859,48.0,4,51,0.455109,0.5632,True,False,wall,40.0,18.0,-10.0
1230,63887,23.0,2,28,0.454968,0.5752,True,False,wall,20.0,13.0,-10.0
1231,63947,54.0,3,60,0.454664,0.5669,True,False,wall,30.0,34.0,-10.0
1232,63962,-2.0,0,15,0.454588,0.7906,True,False,wall,0.0,8.0,-10.0
1233,63980,1.0,0,18,0.454497,0.6554,True,False,wall,0.0,11.0,-10.0
1234,64052,48.0,3,72,0.454133,0.5013,True,False,body,30.0,28.0,-10.0
1235,64084,34.0,3,32,0.453972,0.5763,True,False,body,30.0,14.0,-10.0
1236,64121,15.0,1,37,0.453785,0.4902,True,False,wall,10.0,15.0,-10.0
1237,64226,51.0,3,105,0.453255,0.5245,True,False,body,30.0,31.0,-10.0
1238,64300,40.0,3,74,0.452882,0.4869,True,False,body,30.0,20.0,-10.0
1239,64377,72.0,4,77,0.452495,0.5675,True,False,wall,40.0,42.0,-10.0
1240,64419,40.0,3,42,0.452284,0.6232,True,False,body,30.0,20.0,-10.0
1241,64530,128.0,8,111,0.451726,0.6052,True,False,body,80.0,58.0,-10.0
1242,64553,13.0,1,23,0.45161,0.506,True,False,wall,10.0,13.0,-10.0
1243,64615,48.0,3,62,0.451299,0.5253,True,False,body,30.0,28.0,-10.0
1244,64632,0.0,0,17,0.451214,0.5365,True,False,wall,0.0,10.0,-10.0
1245,64669,35.0,3,37,0.451028,0.5842,True,False,wall,30.0,15.0,-10.0
1246,64685,8.0,1,16,0.450948,0.653,True,False,wall,10.0,8.0,-10.0
1247,64812,111.0,5,127,0.450312,0.5965,True,False,body,50.0,71.0,-10.0
1248,64897,64.0,4,85,0.449887,0.5067,True,False,wall,40.0,34.0,-10.0
1249,64960,62.0,4,63,0.449572,0.583,True,False,body,40.0,32.0,-10.0
1250,64984,21.0,2,24,0.449452,0.5941,True,False,wall,20.0,11.0,-10.0
1251,65068,78.0,5,84,0.449033,0.6969,True,False,body,50.0,38.0,-10.0
1252,65107,31.0,3,39,0.448839,0.6249,True,False,body,30.0,11.0,-10.0
1253,65160,26.0,2,53,0.448575,0.5248,True,False,wall,20.0,16.0,-10.0
1254,65268,100.0,7,108,0.448037,0.855,True,False,body,70.0,40.0,-10.0
1255,65283,-4.0,0,15,0.447962,1.8955,True,False,wall,0.0,6.0,-10.0
1256,65301,14.0,1,18,0.447873,1.2942,True,False,wall,10.0,14.0,-10.0
1257,65396,105.0,7,95,0.447401,0.8233,True,False,body,70.0,45.0,-10.0
1258,65458,44.0,3,62,0.447093,0.8396,True,False,body,30.0,24.0,-10.0
1259,65501,37.0,3,43,0.446879,0.7006,True,False,wall,30.0,17.0,-10.0
1260,65515,-5.0,0,14,0.44681,0.726,True,False,wall,0.0,5.0,-10.0
1261,65579,56.0,3,64,0.446493,0.5925,True,False,wall,30.0,36.0,-10.0
1262,65660,65.0,3,81,0.446091,0.603,True,False,body,30.0,45.0,-10.0
1263,65683,24.0,2,23,0.445977,0.6618,True,False,wall,20.0,14.0,-10.0
1264,65730,37.0,3,47,0.445745,0.8345,True,False,body,30.0,17.0,-10.0
1265,65823,47.0,3,93,0.445285,0.5624,True,False,body,30.0,27.0,-10.0
1266,65867,20.0,1,44,0.445068,0.6302,True,False,wall,10.0,20.0,-10.0
1267,65950,43.0,3,83,0.444658,0.5906,True,False,body,30.0,23.0,-10.0
1268,65997,39.0,3,47,0.444426,0.6982,True,False,body,30.0,19.0,-10.0
1269,66013,10.0,1,16,0.444347,0.5958,True,False,wall,10.0,10.0,-10.0
1270,66072,49.0,3,59,0.444057,0.6077,True,False,wall,30.0,29.0,-10.0
1271,66091,-4.0,0,19,0.443963,0.5355,True,False,wall,0.0,6.0,-10.0
1272,66144,50.0,2,53,0.443702,0.784,True,False,wall,20.0,40.0,-10.0
1273,66179,47.0,3,35,0.44353,0.551,True,False,wall,30.0,27.0,-10.0
1274,66194,7.0,1,15,0.443456,0.5843,True,False,wall,10.0,7.0,-10.0
1275,66208,8.0,1,14,0.443387,0.536,True,False,wall,10.0,8.0,-10.0
1276,66287,70.0,4,79,0.442999,0.4832,True,False,wall,40.0,40.0,-10.0
1277,66306,11.0,1,19,0.442906,0.5083,True,False,wall,10.0,11.0,-10.0
1278,66351,30.0,2,45,0.442685,0.5694,True,False,wall,20.0,20.0,-10.0
1279,66395,40.0,3,44,0.442469,0.5864,True,False,wall,30.0,20.0,-10.0
1280,66468,54.0,4,73,0.442111,0.5646,True,False,wall,40.0,24.0,-10.0
1281,66544,58.0,3,76,0.441739,0.6112,True,False,body,30.0,38.0,-10.0
1282,66558,6.0,1,14,0.44167,0.5482,True,False,wall,10.0,6.0,-10.0
1283,66594,10.0,1,36,0.441494,0.5157,True,False,wall,10.0,10.0,-10.0
1284,66655,17.0,1,61,0.441195,0.5595,True,False,wall,10.0,17.0,-10.0
1285,66713,57.0,4,58,0.440912,0.5348,True,False,wall,40.0,27.0,-10.0
1286,66731,-7.0,0,18,0.440824,0.5619,True,False,wall,0.0,3.0,-10.0
1287,66744,20.0,2,13,0.44076,0.7317,True,False,wall,20.0,10.0,-10.0
1288,66808,61.0,4,64,0.440448,0.6599,True,False,wall,40.0,31.0,-10.0
1289,66872,56.0,3,64,0.440136,0.817,True,False,body,30.0,36.0,-10.0
1290,66900,-1.0,0,28,0.439999,0.927,True,False,wall,0.0,9.0,-10.0
1291,66916,1.0,0,16,0.439921,1.3641,True,False,wall,0.0,11.0,-10.0
1292,67003,87.0,5,87,0.439497,0.7063,True,False,wall,50.0,47.0,-10.0
1293,67025,14.0,1,22,0.43939,0.6295,True,False,wall,10.0,14.0,-10.0
1294,67100,66.0,4,75,0.439025,0.654,True,False,body,40.0,36.0,-10.0
1295,67110,-3.0,0,10,0.438977,0.5877,True,False,wall,0.0,7.0,-10.0
1296,67150,6.0,1,40,0.438782,0.9235,True,False,wall,10.0,6.0,-10.0
1297,67201,51.0,3,51,0.438535,0.6734,True,False,body,30.0,31.0,-10.0
1298,67217,1.0,0,16,0.438457,0.629,True,False,wall,0.0,11.0,-10.0
1299,67242,-2.0,0,25,0.438336,0.5322,True,False,wall,0.0,8.0,-10.0
1300,67293,34.0,2,51,0.438088,0.5755,True,False,wall,20.0,24.0,-10.0
1301,67349,54.0,3,56,0.437816,0.6311,True,False,body,30.0,34.0,-10.0
1302,67407,33.0,2,58,0.437535,0.6804,True,False,wall,20.0,23.0,-10.0
1303,67423,-1.0,0,16,0.437458,0.7235,True,False,wall,0.0,9.0,-10.0
1304,67591,129.0,8,168,0.436645,0.6699,True,False,body,80.0,59.0,-10.0
1305,67643,35.0,2,52,0.436394,0.5871,True,False,wall,20.0,25.0,-10.0
1306,67667,20.0,1,24,0.436278,0.5073,True,False,wall,10.0,20.0,-10.0
1307,67685,10.0,1,18,0.436191,0.5302,True,False,wall,10.0,10.0,-10.0
1308,67727,40.0,3,42,0.435988,0.5443,True,False,body,30.0,20.0,-10.0
1309,67819,63.0,4,92,0.435545,0.7374,True,False,body,40.0,33.0,-10.0
1310,67881,50.0,3,62,0.435246,0.5543,True,False,wall,30.0,30.0,-10.0
1311,67935,53.0,4,54,0.434986,0.582,True,False,body,40.0,23.0,-10.0
1312,67998,22.0,2,63,0.434683,0.5092,True,False,wall,20.0,12.0,-10.0
1313,68030,18.0,1,32,0.434529,0.658,True,False,wall,10.0,18.0,-10.0
1314,68081,53.0,3,51,0.434284,0.661,True,False,wall,30.0,33.0,-10.0
1315,68165,98.0,7,84,0.433881,0.5793,True,False,wall,70.0,38.0,-10.0
1316,68230,44.0,2,65,0.433569,0.534,True,False,wall,20.0,34.0,-10.0
1317,68252,-5.0,0,22,0.433464,0.5638,True,False,wall,0.0,5.0,-10.0
1318,68271,29.0,3,19,0.433373,0.4955,True,False,wall,30.0,9.0,-10.0
1319,68303,44.0,3,32,0.433219,0.4832,True,False,body,30.0,24.0,-10.0
1320,68339,40.0,3,36,0.433047,0.4783,True,False,body,30.0,20.0,-10.0
1321,68354,13.0,1,15,0.432975,0.4722,True,False,wall,10.0,13.0,-10.0
1322,68402,39.0,2,48,0.432745,0.5524,True,False,wall,20.0,29.0,-10.0
1323,68460,70.0,5,58,0.432468,0.516,True,False,wall,50.0,30.0,-10.0
1324,68487,-2.0,0,27,0.432339,0.6064,True,False,wall,0.0,8.0,-10.0
1325,68498,-6.0,0,11,0.432286,0.479,True,False,wall,0.0,4.0,-10.0
1326,68593,64.0,4,95,0.431833,0.6441,True,False,body,40.0,34.0,-10.0
1327,68676,97.0,7,83,0.431437,0.6423,True,False,body,70.0,37.0,-10.0
1328,68782,67.0,4,106,0.430932,0.6087,True,False,wall,40.0,37.0,-10.0
1329,68800,12.0,1,18,0.430846,0.6773,True,False,wall,10.0,12.0,-10.0
1330,68884,52.0,3,84,0.430446,0.6047,True,False,body,30.0,32.0,-10.0
1331,68963,78.0,4,79,0.430071,0.6081,True,False,body,40.0,48.0,-10.0
1332,69016,40.0,2,53,0.429819,0.5951,True,False,wall,20.0,30.0,-10.0
1333,69130,120.0,7,114,0.429278,0.5181,True,False,body,70.0,60.0,-10.0
1334,69177,42.0,4,47,0.429055,0.5779,True,False,body,40.0,12.0,-10.0
1335,69246,49.0,3,69,0.428729,0.6215,True,False,body,30.0,29.0,-10.0
1336,69311,38.0,2,65,0.428421,1.2508,True,False,wall,20.0,28.0,-10.0
1337,69382,38.0,2,71,0.428085,0.9081,True,False,wall,20.0,28.0,-10.0
1338,69456,31.0,2,74,0.427736,0.7134,True,False,wall,20.0,21.0,-10.0
1339,69524,63.0,4,68,0.427415,0.6593,True,False,body,40.0,33.0,-10.0
1340,69667,148.0,8,143,0.426741,0.5951,True,False,wall,80.0,78.0,-10.0
1341,69793,104.0,5,126,0.426148,0.5273,True,False,wall,50.0,64.0,-10.0
1342,69827,20.0,1,34,0.425988,0.5002,True,False,wall,10.0,20.0,-10.0
1343,69844,11.0,1,17,0.425908,0.4737,True,False,wall,10.0,11.0,-10.0
1344,69949,94.0,4,105,0.425415,0.544,True,False,body,40.0,64.0,-10.0
1345,69978,28.0,2,29,0.425279,0.5812,True,False,wall,20.0,18.0,-10.0
1346,70093,104.0,6,115,0.42474,0.5158,True,False,body,60.0,54.0,-10.0
1347,70189,88.0,5,96,0.424291,0.5468,True,False,wall,50.0,48.0,-10.0
1348,70216,26.0,2,27,0.424164,0.5772,True,False,wall,20.0,16.0,-10.0
1349,70241,35.0,3,25,0.424047,0.5685,True,False,wall,30.0,15.0,-10.0
1350,70290,58.0,4,49,0.423818,0.5416,True,False,wall,40.0,28.0,-10.0
1351,70326,10.0,1,36,0.42365,0.5077,True,False,wall,10.0,10.0,-10.0
1352,70383,82.0,6,57,0.423384,0.5766,True,False,body,60.0,32.0,-10.0
1353,70420,39.0,3,37,0.423211,0.6505,True,False,wall,30.0,19.0,-10.0
1354,70441,24.0,2,21,0.423113,0.7381,True,False,wall,20.0,14.0,-10.0
1355,70467,8.0,1,26,0.422992,0.7256,True,False,wall,10.0,8.0,-10.0
1356,70600,142.0,8,133,0.422373,0.596,True,False,body,80.0,72.0,-10.0
1357,70624,25.0,2,24,0.422261,0.5518,True,False,wall,20.0,15.0,-10.0
1358,70648,12.0,1,24,0.422149,0.5407,True,False,wall,10.0,12.0,-10.0
1359,70668,8.0,1,20,0.422056,0.5556,True,False,wall,10.0,8.0,-10.0
1360,70706,40.0,3,38,0.421879,0.5824,True,False,body,30.0,20.0,-10.0
1361,70783,74.0,4,77,0.421522,0.6425,True,False,body,40.0,44.0,-10.0
1362,70822,23.0,1,39,0.421341,0.6447,True,False,wall,10.0,23.0,-10.0
1363,70868,53.0,4,46,0.421127,0.6636,True,False,wall,40.0,23.0,-10.0
1364,70918,50.0,3,50,0.420895,0.7347,True,False,body,30.0,30.0,-10.0
1365,70936,30.0,3,18,0.420812,0.6861,True,False,body,30.0,10.0,-10.0
1366,70966,22.0,1,30,0.420673,0.7092,True,False,wall,10.0,22.0,-10.0
1367,71050,89.0,6,84,0.420284,0.5619,True,False,body,60.0,39.0,-10.0
1368,71104,44.0,3,54,0.420034,0.6996,True,False,wall,30.0,24.0,-10.0
1369,71180,72.0,3,76,0.419683,0.66,True,False,body,30.0,52.0,-10.0
1370,71227,21.0,1,47,0.419465,0.6583,True,False,wall,10.0,21.0,-10.0
1371,71310,42.0,2,83,0.419082,0.6547,True,False,wall,20.0,32.0,-10.0
1372,71364,54.0,3,54,0.418833,0.6374,True,False,body,30.0,34.0,-10.0
1373,71457,100.0,6,93,0.418405,0.6182,True,False,body,60.0,50.0,-10.0
1374,71507,37.0,2,50,0.418175,0.5051,True,False,wall,20.0,27.0,-10.0
1375,71527,10.0,1,20,0.418083,0.522,True,False,wall,10.0,10.0,-10.0
1376,71546,3.0,1,19,0.417995,0.5427,True,False,wall,10.0,3.0,-10.0
1377,71577,14.0,2,31,0.417853,0.5605,True,False,wall,20.0,4.0,-10.0
1378,71681,102.0,5,104,0.417375,0.6491,True,False,body,50.0,62.0,-10.0
1379,71773,59.0,2,92,0.416952,0.5902,True,False,wall,20.0,49.0,-10.0
1380,71813,30.0,1,40,0.416769,0.6666,True,False,wall,10.0,30.0,-10.0
1381,71885,80.0,5,72,0.416439,0.5907,True,False,body,50.0,40.0,-10.0
1382,71990,81.0,5,105,0.415958,0.5959,True,False,wall,50.0,41.0,-10.0
1383,72062,56.0,3,72,0.415629,0.673,True,False,body,30.0,36.0,-10.0
1384,72116,36.0,3,54,0.415383,0.6757,True,False,body,30.0,16.0,-10.0
1385,72171,60.0,4,55,0.415131,0.6504,True,False,body,40.0,30.0,-10.0
1386,72239,65.0,4,68,0.414821,0.6892,True,False,body,40.0,35.0,-10.0
1387,72265,23.0,2,26,0.414703,0.605,True,False,wall,20.0,13.0,-10.0
1388,72348,69.0,5,83,0.414324,0.5117,True,False,body,50.0,29.0,-10.0
1389,72425,70.0,4,77,0.413974,0.5888,True,False,body,40.0,40.0,-10.0
1390,72446,13.0,1,21,0.413878,0.597,True,False,wall,10.0,13.0,-10.0
1391,72500,57.0,4,54,0.413633,0.5759,True,False,body,40.0,27.0,-10.0
1392,72541,31.0,3,41,0.413447,0.7738,True,False,body,30.0,11.0,-10.0
1393,72597,46.0,3,56,0.413192,0.9002,True,False,wall,30.0,26.0,-10.0
1394,72611,-1.0,0,14,0.413129,0.7774,True,False,wall,0.0,9.0,-10.0
1395,72661,43.0,2,50,0.412902,0.8042,True,False,wall,20.0,33.0,-10.0
1396,72720,51.0,3,59,0.412634,0.7551,True,False,wall,30.0,31.0,-10.0
1397,72774,55.0,4,54,0.41239,0.8667,True,False,body,40.0,25.0,-10.0
1398,72824,48.0,3,50,0.412163,1.1354,True,False,wall,30.0,28.0,-10.0
1399,72852,8.0,1,28,0.412036,0.6929,True,False,wall,10.0,8.0,-10.0
1400,72876,10.0,1,24,0.411928,0.598,True,False,wall,10.0,10.0,-10.0
1401,72976,104.0,5,100,0.411476,0.7199,True,False,wall,50.0,64.0,-10.0
1402,73049,85.0,5,73,0.411146,0.6932,True,False,body,50.0,45.0,-10.0
1403,73107,50.0,3,58,0.410884,0.6063,True,False,wall,30.0,30.0,-10.0
1404,73157,34.0,3,50,0.410659,0.5538,True,False,wall,30.0,14.0,-10.0
1405,73178,-4.0,0,21,0.410564,0.5529,True,False,wall,0.0,6.0,-10.0
1406,73191,9.0,1,13,0.410506,0.5737,True,False,wall,10.0,9.0,-10.0
1407,73232,45.0,3,41,0.410321,0.5372,True,False,body,30.0,25.0,-10.0
1408,73312,75.0,4,80,0.409961,0.5759,True,False,wall,40.0,45.0,-10.0
1409,73335,5.0,1,23,0.409857,0.5831,True,False,wall,10.0,5.0,-10.0
1410,73350,-2.0,0,15,0.40979,0.6109,True,False,wall,0.0,8.0,-10.0
1411,73380,6.0,1,30,0.409655,0.5413,True,False,wall,10.0,6.0,-10.0
1412,73430,33.0,2,50,0.40943,0.5684,True,False,wall,20.0,23.0,-10.0
1413,73463,26.0,2,33,0.409282,0.5266,True,False,wall,20.0,16.0,-10.0
1414,73544,85.0,5,81,0.408918,0.5574,True,False,body,50.0,45.0,-10.0
1415,73595,41.0,3,51,0.40869,0.6496,True,False,wall,30.0,21.0,-10.0
1416,73655,69.0,4,60,0.408421,0.6574,True,False,wall,40.0,39.0,-10.0
1417,73742,76.0,4,87,0.408031,0.5605,True,False,wall,40.0,46.0,-10.0
1418,73824,76.0,5,82,0.407664,0.4996,True,False,body,50.0,36.0,-10.0
1419,73863,13.0,1,39,0.40749,0.4593,True,False,wall,10.0,13.0,-10.0
1420,73956,85.0,5,93,0.407075,0.5452,True,False,body,50.0,45.0,-10.0
1421,74092,106.0,5,136,0.406468,0.6707,True,False,body,50.0,66.0,-10.0
1422,74157,71.0,5,65,0.406179,0.5466,True,False,body,50.0,31.0,-10.0
1423,74215,39.0,2,58,0.40592,0.5376,True,False,wall,20.0,29.0,-10.0
1424,74245,-3.0,0,30,0.405787,0.5454,True,False,wall,0.0,7.0,-10.0
1425,74268,2.0,0,23,0.405685,0.4522,True,False,wall,0.0,12.0,-10.0
1426,74324,25.0,2,56,0.405436,0.56,True,False,wall,20.0,15.0,-10.0
1427,74359,-2.0,0,35,0.40528,0.6182,True,False,wall,0.0,8.0,-10.0
1428,74434,59.0,3,75,0.404947,0.5857,True,False,body,30.0,39.0,-10.0
1429,74506,69.0,4,72,0.404628,0.5533,True,False,body,40.0,39.0,-10.0
1430,74529,28.0,2,23,0.404526,0.8337,True,False,wall,20.0,18.0,-10.0
1431,74550,13.0,1,21,0.404433,0.5851,True,False,wall,10.0,13.0,-10.0
1432,74623,53.0,3,73,0.40411,0.8688,True,False,body,30.0,33.0,-10.0
1433,74730,146.0,10,107,0.403637,0.6787,True,False,wall,100.0,56.0,-10.0
1434,74753,35.0,3,23,0.403535,0.7156,True,False,body,30.0,15.0,-10.0
1435,74768,5.0,1,15,0.403469,0.5809,True,False,wall,10.0,5.0,-10.0
1436,74819,50.0,4,51,0.403243,0.7158,True,False,body,40.0,20.0,-10.0
1437,74854,37.0,3,35,0.403089,0.7668,True,False,body,30.0,17.0,-10.0
1438,74927,72.0,4,73,0.402767,0.6642,True,False,body,40.0,42.0,-10.0
1439,74954,30.0,2,27,0.402648,0.556,True,False,wall,20.0,20.0,-10.0
1440,74995,31.0,3,41,0.402467,0.6252,True,False,body,30.0,11.0,-10.0
1441,75024,18.0,2,29,0.402339,0.5986,True,False,wall,20.0,8.0,-10.0
1442,75084,56.0,3,60,0.402075,0.8145,True,False,body,30.0,36.0,-10.0
1443,75180,92.0,5,96,0.401653,0.8976,True,False,body,50.0,52.0,-10.0
1444,75246,76.0,5,66,0.401363,0.7601,True,False,body,50.0,36.0,-10.0
1445,75277,13.0,1,31,0.401227,0.7287,True,False,wall,10.0,13.0,-10.0
1446,75321,32.0,3,44,0.401034,0.6952,True,False,wall,30.0,12.0,-10.0
1447,75413,77.0,4,92,0.40063,0.6367,True,False,wall,40.0,47.0,-10.0
1448,75509,82.0,5,96,0.40021,0.6263,True,False,wall,50.0,42.0,-10.0
1449,75519,-5.0,0,10,0.400166,0.6038,True,False,wall,0.0,5.0,-10.0
1450,75578,51.0,3,59,0.399908,0.6221,True,False,wall,30.0,31.0,-10.0
1451,75633,51.0,3,55,0.399667,0.5616,True,False,body,30.0,31.0,-10.0
1452,75696,47.0,3,63,0.399392,0.6013,True,False,body,30.0,27.0,-10.0
1453,75724,-3.0,0,28,0.39927,0.5587,True,False,wall,0.0,7.0,-10.0
1454,75760,38.0,3,36,0.399113,0.6224,True,False,wall,30.0,18.0,-10.0
1455,75800,41.0,2,40,0.398938,0.5954,True,False,wall,20.0,31.0,-10.0
1456,75818,19.0,2,18,0.39886,0.5252,True,False,wall,20.0,9.0,-10.0
1457,75881,67.0,5,63,0.398585,0.5403,True,False,wall,50.0,27.0,-10.0
1458,75932,38.0,2,51,0.398363,0.5189,True,False,wall,20.0,28.0,-10.0
1459,75975,54.0,4,43,0.398176,0.5394,True,False,wall,40.0,24.0,-10.0
1460,76030,55.0,3,55,0.397936,0.5291,True,False,wall,30.0,35.0,-10.0
1461,76040,8.0,1,10,0.397893,0.5713,True,False,wall,10.0,8.0,-10.0
1462,76094,57.0,4,54,0.397658,0.5962,True,False,body,40.0,27.0,-10.0
1463,76183,77.0,5,89,0.397272,0.7575,True,False,wall,50.0,37.0,-10.0
1464,76237,54.0,3,54,0.397037,0.7982,True,False,wall,30.0,34.0,-10.0
1465,76265,-1.0,0,28,0.396916,1.1627,True,False,wall,0.0,9.0,-10.0
1466,76320,56.0,4,55,0.396677,0.8348,True,False,body,40.0,26.0,-10.0
1467,76373,54.0,4,53,0.396448,0.7967,True,False,body,40.0,24.0,-10.0
1468,76434,76.0,6,61,0.396184,0.865,True,False,body,60.0,26.0,-10.0
1469,76458,6.0,1,24,0.39608,0.7648,True,False,wall,10.0,6.0,-10.0
1470,76503,49.0,3,45,0.395885,0.861,True,False,body,30.0,29.0,-10.0
1471,76544,26.0,2,41,0.395708,0.7472,True,False,wall,20.0,16.0,-10.0
1472,76575,26.0,2,31,0.395574,0.7608,True,False,wall,20.0,16.0,-10.0
1473,76607,36.0,3,32,0.395436,0.6567,True,False,body,30.0,16.0,-10.0
1474,76643,45.0,4,36,0.395281,0.5616,True,False,wall,40.0,15.0,-10.0
1475,76675,25.0,2,32,0.395142,0.6674,True,False,wall,20.0,15.0,-10.0
1476,76688,9.0,1,13,0.395086,0.5998,True,False,wall,10.0,9.0,-10.0
1477,76714,15.0,2,26,0.394974,0.5783,True,False,wall,20.0,5.0,-10.0
1478,76733,24.0,2,19,0.394892,0.5852,True,False,wall,20.0,14.0,-10.0
1479,76809,72.0,5,76,0.394565,0.6274,True,False,body,50.0,32.0,-10.0
1480,76852,45.0,3,43,0.39438,0.6342,True,False,body,30.0,25.0,-10.0
1481,76946,81.0,4,94,0.393975,0.617,True,False,body,40.0,51.0,-10.0
1482,76964,-7.0,0,18,0.393898,0.532,True,False,wall,0.0,3.0,-10.0
1483,77057,91.0,5,93,0.393498,0.5819,True,False,body,50.0,51.0,-10.0
1484,77147,99.0,6,90,0.393112,0.6397,True,False,body,60.0,49.0,-10.0
1485,77185,33.0,2,38,0.392949,0.6032,True,False,wall,20.0,23.0,-10.0
1486,77253,85.0,6,68,0.392658,0.7152,True,False,wall,60.0,35.0,-10.0
1487,77274,-10.0,0,21,0.392568,0.6706,True,False,wall,0.0,0.0,-10.0
1488,77342,61.0,4,68,0.392277,0.7493,True,False,body,40.0,31.0,-10.0
1489,77427,75.0,5,85,0.391913,0.574,True,False,wall,50.0,35.0,-10.0
1490,77523,95.0,6,96,0.391503,0.8208,True,False,body,60.0,45.0,-10.0
1491,77539,12.0,1,16,0.391435,1.1231,True,False,wall,10.0,12.0,-10.0
1492,77670,122.0,6,131,0.390876,0.7847,True,False,body,60.0,72.0,-10.0
1493,77764,89.0,6,94,0.390476,0.5552,True,False,body,60.0,39.0,-10.0
1494,77860,96.0,5,96,0.390068,0.5314,True,False,wall,50.0,56.0,-10.0
1495,77928,66.0,3,68,0.389779,0.5621,True,False,body,30.0,46.0,-10.0
1496,77989,51.0,3,61,0.38952,0.5567,True,False,wall,30.0,31.0,-10.0
1497,78036,39.0,3,47,0.38932,0.6209,True,False,wall,30.0,19.0,-10.0
1498,78139,112.0,6,103,0.388884,0.6536,True,False,wall,60.0,62.0,-10.0
1499,78189,48.0,3,50,0.388672,0.767,True,False,body,30.0,28.0,-10.0
1500,78243,52.0,3,54,0.388444,0.6741,True,False,body,30.0,32.0,-10.0
1501,78299,50.0,3,56,0.388207,0.6949,True,False,body,30.0,30.0,-10.0
1502,78324,32.0,2,25,0.388101,0.6107,True,False,wall,20.0,22.0,-10.0
1503,78367,43.0,3,43,0.387919,0.7211,True,False,wall,30.0,23.0,-10.0
1504,78451,104.0,7,84,0.387565,0.7574,True,False,wall,70.0,44.0,-10.0
1505,78492,32.0,2,41,0.387392,0.5758,True,False,wall,20.0,22.0,-10.0
1506,78632,133.0,8,140,0.386802,0.69,True,False,wall,80.0,63.0,-10.0
1507,78671,43.0,3,39,0.386638,0.6276,True,False,wall,30.0,23.0,-10.0
1508,78706,22.0,2,35,0.38649,0.9517,True,False,wall,20.0,12.0,-10.0
1509,78784,82.0,5,78,0.386163,0.7549,True,False,body,50.0,42.0,-10.0
1510,78888,120.0,7,104,0.385726,0.6603,True,False,body,70.0,60.0,-10.0
1511,78951,70.0,4,63,0.385462,0.8044,True,False,body,40.0,40.0,-10.0
1512,79083,108.0,5,132,0.384908,0.6689,True,False,wall,50.0,68.0,-10.0
1513,79115,60.0,5,32,0.384775,0.7015,True,False,body,50.0,20.0,-10.0
1514,79161,59.0,4,46,0.384582,0.6383,True,False,wall,40.0,29.0,-10.0
1515,79169,4.0,1,8,0.384549,0.5345,True,False,wall,10.0,4.0,-10.0
1516,79201,36.0,3,32,0.384415,0.5558,True,False,body,30.0,16.0,-10.0
1517,79341,109.0,6,140,0.38383,0.6452,True,False,wall,60.0,59.0,-10.0
1518,79357,10.0,1,16,0.383763,0.586,True,False,wall,10.0,10.0,-10.0
1519,79422,71.0,5,65,0.383492,0.5749,True,False,body,50.0,31.0,-10.0
1520,79472,52.0,3,50,0.383284,0.7414,True,False,wall,30.0,32.0,-10.0
1521,79487,11.0,1,15,0.383221,0.9262,True,False,wall,10.0,11.0,-10.0
1522,79597,117.0,6,110,0.382764,0.7535,True,False,body,60.0,67.0,-10.0
1523,79617,3.0,0,20,0.38268,0.7546,True,False,wall,0.0,13.0,-10.0
1524,79667,46.0,3,50,0.382473,0.7063,True,False,body,30.0,26.0,-10.0
1525,79742,81.0,5,75,0.382161,0.6933,True,False,body,50.0,41.0,-10.0
1526,79854,99.0,6,112,0.381696,0.7436,True,False,body,60.0,49.0,-10.0
1527,79933,101.0,5,79,0.381369,0.5802,True,False,wall,50.0,61.0,-10.0
1528,80019,117.0,8,86,0.381013,0.7668,True,False,body,80.0,47.0,-10.0
1529,80093,80.0,5,74,0.380707,0.6857,True,False,body,50.0,40.0,-10.0
1530,80202,97.0,5,109,0.380257,0.6885,True,False,body,50.0,57.0,-10.0
1531,80254,55.0,4,52,0.380042,0.954,True,False,body,40.0,25.0,-10.0
1532,80324,50.0,3,70,0.379753,0.7261,True,False,body,30.0,30.0,-10.0
1533,80392,77.0,4,68,0.379473,0.6638,True,False,body,40.0,47.0,-10.0
1534,80421,11.0,1,29,0.379354,0.7021,True,False,wall,10.0,11.0,-10.0
1535,80536,87.0,5,115,0.378881,0.7462,True,False,wall,50.0,47.0,-10.0
1536,80639,102.0,6,103,0.378457,0.6739,True,False,body,60.0,52.0,-10.0
1537,80656,7.0,1,17,0.378388,0.5569,True,False,wall,10.0,7.0,-10.0
1538,80727,78.0,4,71,0.378096,0.8369,True,False,body,40.0,48.0,-10.0
1539,80740,18.0,2,13,0.378043,0.9873,True,False,wall,20.0,8.0,-10.0
1540,80868,137.0,8,128,0.377519,0.8307,True,False,wall,80.0,67.0,-10.0
1541,80881,7.0,1,13,0.377465,0.709,True,False,wall,10.0,7.0,-10.0
1542,80921,42.0,3,40,0.377302,0.6996,True,False,body,30.0,22.0,-10.0
1543,81026,72.0,4,105,0.376872,0.6893,True,False,wall,40.0,42.0,-10.0
1544,81039,0.0,0,13,0.376819,0.5743,True,False,wall,0.0,10.0,-10.0
1545,81117,82.0,5,78,0.376501,0.5766,True,False,body,50.0,42.0,-10.0
1546,81182,61.0,3,65,0.376236,0.5904,True,False,wall,30.0,41.0,-10.0
1547,81250,91.0,6,68,0.375958,0.5561,True,False,body,60.0,41.0,-10.0
1548,81306,43.0,2,56,0.37573,0.6995,True,False,wall,20.0,33.0,-10.0
1549,81367,63.0,5,61,0.375482,0.6688,True,False,body,50.0,23.0,-10.0
1550,81435,52.0,3,68,0.375205,0.6444,True,False,body,30.0,32.0,-10.0
1551,81556,151.0,9,121,0.374714,0.8875,True,False,body,90.0,71.0,-10.0
1552,81577,-4.0,0,21,0.374629,0.9665,True,False,wall,0.0,6.0,-10.0
1553,81627,26.0,1,50,0.374426,0.8039,True,False,wall,10.0,26.0,-10.0
1554,81649,12.0,1,22,0.374337,0.8236,True,False,wall,10.0,12.0,-10.0
1555,81727,69.0,4,78,0.374021,0.7323,True,False,wall,40.0,39.0,-10.0
1556,81775,63.0,4,48,0.373826,0.6793,True,False,wall,40.0,33.0,-10.0
1557,81818,35.0,3,43,0.373652,1.3188,True,False,wall,30.0,15.0,-10.0
1558,81877,51.0,3,59,0.373414,0.7571,True,False,wall,30.0,31.0,-10.0
1559,81923,38.0,3,46,0.373228,0.814,True,False,body,30.0,18.0,-10.0
1560,81936,9.0,1,13,0.373175,0.5911,True,False,wall,10.0,9.0,-10.0
1561,81991,82.0,6,55,0.372953,0.6685,True,False,body,60.0,32.0,-10.0
1562,82074,79.0,5,83,0.372618,0.7045,True,False,wall,50.0,39.0,-10.0
1563,82143,68.0,4,69,0.37234,0.6654,True,False,wall,40.0,38.0,-10.0
1564,82157,19.0,2,14,0.372284,0.5624,True,False,wall,20.0,9.0,-10.0
1565,82183,10.0,1,26,0.372179,0.5667,True,False,wall,10.0,10.0,-10.0
1566,82262,74.0,4,79,0.371861,0.5408,True,False,body,40.0,44.0,-10.0
1567,82281,2.0,0,19,0.371785,0.603,True,False,wall,0.0,12.0,-10.0
1568,82349,61.0,4,68,0.371511,0.5571,True,False,wall,40.0,31.0,-10.0
1569,82365,8.0,1,16,0.371447,0.5795,True,False,wall,10.0,8.0,-10.0
1570,82448,87.0,5,83,0.371114,0.5786,True,False,wall,50.0,47.0,-10.0
1571,82553,125.0,7,105,0.370692,0.6406,True,False,body,70.0,65.0,-10.0
1572,82568,11.0,1,15,0.370632,0.5444,True,False,wall,10.0,11.0,-10.0
1573,82586,8.0,1,18,0.37056,0.5675,True,False,wall,10.0,8.0,-10.0
1574,82612,40.0,3,26,0.370456,0.5308,True,False,wall,30.0,20.0,-10.0
1575,82679,72.0,4,67,0.370188,0.556,True,False,body,40.0,42.0,-10.0
1576,82746,72.0,4,67,0.36992,0.5785,True,False,wall,40.0,42.0,-10.0
1577,82780,44.0,3,34,0.369784,0.5406,True,False,wall,30.0,24.0,-10.0
1578,82885,93.0,5,105,0.369364,0.5779,True,False,body,50.0,53.0,-10.0
1579,82986,102.0,6,101,0.368961,0.8904,True,False,body,60.0,52.0,-10.0
1580,83053,77.0,5,67,0.368694,0.9556,True,False,body,50.0,37.0,-10.0
1581,83102,34.0,2,49,0.368499,0.815,True,False,wall,20.0,24.0,-10.0
1582,83129,28.0,2,27,0.368392,0.7921,True,False,wall,20.0,18.0,-10.0
1583,83141,-3.0,0,12,0.368344,0.7865,True,False,wall,0.0,7.0,-10.0
1584,83177,44.0,3,36,0.368201,0.9913,True,False,body,30.0,24.0,-10.0
1585,83226,32.0,2,49,0.368006,0.7081,True,False,wall,20.0,22.0,-10.0
1586,83250,8.0,1,24,0.36791,0.6909,True,False,wall,10.0,8.0,-10.0
1587,83294,48.0,3,44,0.367736,0.6435,True,False,body,30.0,28.0,-10.0
1588,83353,60.0,4,59,0.367501,0.6422,True,False,wall,40.0,30.0,-10.0
1589,83431,58.0,3,78,0.367192,0.6232,True,False,body,30.0,38.0,-10.0
1590,83448,13.0,1,17,0.367125,0.5891,True,False,wall,10.0,13.0,-10.0
1591,83501,64.0,4,53,0.366915,0.5941,True,False,wall,40.0,34.0,-10.0
1592,83557,52.0,3,56,0.366693,0.5909,True,False,body,30.0,32.0,-10.0
1593,83671,94.0,5,114,0.366242,0.5671,True,False,body,50.0,54.0,-10.0
1594,83721,44.0,3,50,0.366044,0.596,True,False,body,30.0,24.0,-10.0
1595,83771,44.0,3,50,0.365847,0.5457,True,False,body,30.0,24.0,-10.0
1596,83790,7.0,1,19,0.365772,0.5509,True,False,wall,10.0,7.0,-10.0
1597,83802,-3.0,0,12,0.365724,0.5964,True,False,wall,0.0,7.0,-10.0
1598,83895,122.0,8,93,0.365358,0.5616,True,False,body,80.0,52.0,-10.0
1599,83999,118.0,7,104,0.364948,0.5393,True,False,body,70.0,58.0,-10.0
1600,84091,75.0,4,92,0.364586,0.5345,True,False,wall,40.0,45.0,-10.0
1601,84155,69.0,4,64,0.364334,0.5639,True,False,wall,40.0,39.0,-10.0
1602,84241,81.0,4,86,0.363997,0.7061,True,False,body,40.0,51.0,-10.0
1603,84303,60.0,3,62,0.363753,0.6287,True,False,wall,30.0,40.0,-10.0
1604,84374,73.0,5,71,0.363475,0.5971,True,False,body,50.0,33.0,-10.0
1605,84483,110.0,6,109,0.363048,0.598,True,False,wall,60.0,60.0,-10.0
1606,84500,7.0,1,17,0.362982,1.0528,True,False,wall,10.0,7.0,-10.0
1607,84520,-7.0,0,20,0.362903,0.6133,True,False,wall,0.0,3.0,-10.0
1608,84564,55.0,4,44,0.362731,0.6964,True,False,body,40.0,25.0,-10.0
1609,84698,149.0,8,134,0.362208,0.8723,True,False,body,80.0,79.0,-10.0
1610,84815,103.0,5,117,0.361752,0.7375,True,False,body,50.0,63.0,-10.0
1611,84845,20.0,1,30,0.361635,0.688,True,False,wall,10.0,20.0,-10.0
1612,84878,23.0,1,33,0.361506,0.5906,True,False,wall,10.0,23.0,-10.0
1613,84918,46.0,3,40,0.361351,0.6525,True,False,body,30.0,26.0,-10.0
1614,84962,40.0,3,44,0.361179,0.6195,True,False,body,30.0,20.0,-10.0
1615,85098,158.0,9,136,0.360651,0.6822,True,False,wall,90.0,78.0,-10.0
1616,85193,84.0,4,95,0.360282,0.575,True,False,wall,40.0,54.0,-10.0
1617,85269,73.0,4,76,0.359988,0.6349,True,False,wall,40.0,43.0,-10.0
1618,85317,48.0,3,48,0.359802,0.631,True,False,wall,30.0,28.0,-10.0
1619,85381,74.0,5,64,0.359554,0.6051,True,False,body,50.0,34.0,-10.0
1620,85410,45.0,3,29,0.359442,0.5284,True,False,wall,30.0,25.0,-10.0
1621,85435,39.0,3,25,0.359345,0.5658,True,False,wall,30.0,19.0,-10.0
1622,85516,104.0,6,81,0.359032,1.0294,True,False,wall,60.0,54.0,-10.0
1623,85598,96.0,5,82,0.358715,0.8306,True,False,body,50.0,56.0,-10.0
1624,85630,25.0,2,32,0.358592,0.9343,True,False,wall,20.0,15.0,-10.0
1625,85666,32.0,3,36,0.358453,0.949,True,False,body,30.0,12.0,-10.0
1626,85683,22.0,2,17,0.358388,0.9289,True,False,wall,20.0,12.0,-10.0
1627,85777,70.0,3,94,0.358025,0.8445,True,False,body,30.0,50.0,-10.0
1628,85844,73.0,5,67,0.357768,0.7459,True,False,wall,50.0,33.0,-10.0
1629,85859,9.0,1,15,0.35771,0.7807,True,False,wall,10.0,9.0,-10.0
1630,85918,70.0,4,59,0.357483,0.6873,True,False,body,40.0,40.0,-10.0
1631,86046,129.0,8,128,0.356991,0.6543,True,False,body,80.0,59.0,-10.0
1632,86113,92.0,6,67,0.356734,0.6682,True,False,body,60.0,42.0,-10.0
1633,86128,7.0,1,15,0.356677,0.731,True,False,wall,10.0,7.0,-10.0
1634,86328,212.0,9,200,0.355911,0.7039,True,False,body,90.0,132.0,-10.0
1635,86392,65.0,4,64,0.355667,0.6474,True,False,wall,40.0,35.0,-10.0
1636,86408,23.0,2,16,0.355605,0.5912,True,False,wall,20.0,13.0,-10.0
1637,86475,75.0,5,67,0.35535,0.6357,True,False,body,50.0,35.0,-10.0
1638,86515,44.0,3,40,0.355197,0.5748,True,False,body,30.0,24.0,-10.0
1639,86585,115.0,8,70,0.35493,0.5381,True,False,body,80.0,45.0,-10.0
1640,86688,118.0,8,103,0.354538,0.5775,True,False,body,80.0,48.0,-10.0
1641,86736,59.0,4,48,0.354355,0.689,True,False,wall,40.0,29.0,-10.0
1642,86754,8.0,1,18,0.354287,0.606,True,False,wall,10.0,8.0,-10.0
1643,86817,37.0,3,63,0.354047,0.6822,True,False,wall,30.0,17.0,-10.0
1644,86839,16.0,1,22,0.353963,1.0169,True,False,wall,10.0,16.0,-10.0
1645,86895,67.0,4,56,0.353751,0.6714,True,False,body,40.0,37.0,-10.0
1646,87025,137.0,8,130,0.353257,0.6494,True,False,body,80.0,67.0,-10.0
1647,87068,33.0,3,43,0.353095,0.5863,True,False,wall,30.0,13.0,-10.0
1648,87154,96.0,5,86,0.352769,0.5777,True,False,wall,50.0,56.0,-10.0
1649,87217,64.0,4,63,0.352531,0.6222,True,False,wall,40.0,34.0,-10.0
1650,87242,28.0,2,25,0.352436,0.6069,True,False,wall,20.0,18.0,-10.0
1651,87319,81.0,5,77,0.352145,0.6099,True,False,body,50.0,41.0,-10.0
1652,87362,58.0,4,43,0.351983,0.5836,True,False,body,40.0,28.0,-10.0
1653,87442,101.0,6,80,0.351681,0.5961,True,False,body,60.0,51.0,-10.0
1654,87495,49.0,3,53,0.351481,0.6311,True,False,body,30.0,29.0,-10.0
1655,87539,24.0,1,44,0.351315,0.6203,True,False,wall,10.0,24.0,-10.0
1656,87572,37.0,3,33,0.351191,0.6147,True,False,body,30.0,17.0,-10.0
1657,87631,73.0,5,59,0.350969,0.6326,True,False,wall,50.0,33.0,-10.0
1658,87651,25.0,2,20,0.350894,0.6436,True,False,wall,20.0,15.0,-10.0
1659,87772,80.0,4,121,0.350439,0.5737,True,False,body,40.0,50.0,-10.0
1660,87802,31.0,2,30,0.350326,0.6826,True,False,wall,20.0,21.0,-10.0
1661,87863,55.0,3,61,0.350097,0.7369,True,False,body,30.0,35.0,-10.0
1662,87901,46.0,3,38,0.349955,0.7106,True,False,body,30.0,26.0,-10.0
1663,87921,-5.0,0,20,0.34988,0.7053,True,False,wall,0.0,5.0,-10.0
1664,88031,139.0,8,110,0.349468,0.626,True,False,body,80.0,69.0,-10.0
1665,88056,9.0,1,25,0.349374,0.5942,True,False,wall,10.0,9.0,-10.0
1666,88070,10.0,1,14,0.349322,0.5642,True,False,wall,10.0,10.0,-10.0
1667,88119,27.0,1,49,0.349139,0.5011,True,False,wall,10.0,27.0,-10.0
1668,88202,72.0,4,83,0.348828,0.5462,True,False,body,40.0,42.0,-10.0
1669,88311,125.0,7,109,0.348422,0.6012,True,False,body,70.0,65.0,-10.0
1670,88401,96.0,7,90,0.348086,0.5627,True,False,wall,70.0,36.0,-10.0
1671,88420,5.0,1,19,0.348015,0.7453,True,False,wall,10.0,5.0,-10.0
1672,88462,40.0,3,42,0.347859,0.6311,True,False,body,30.0,20.0,-10.0
1673,88489,39.0,3,27,0.347758,0.6677,True,False,body,30.0,19.0,-10.0
1674,88533,50.0,3,44,0.347595,1.3012,True,False,body,30.0,30.0,-10.0
1675,88552,9.0,1,19,0.347524,0.8513,True,False,wall,10.0,9.0,-10.0
1676,88580,51.0,4,28,0.34742,0.8115,True,False,wall,40.0,21.0,-10.0
1677,88609,43.0,3,29,0.347312,0.7395,True,False,wall,30.0,23.0,-10.0
1678,88620,7.0,1,11,0.347271,0.7752,True,False,wall,10.0,7.0,-10.0
1679,88652,34.0,3,32,0.347152,0.7252,True,False,wall,30.0,14.0,-10.0
1680,88733,76.0,4,81,0.346852,0.794,True,False,body,40.0,46.0,-10.0
1681,88799,75.0,4,66,0.346607,1.1132,True,False,wall,40.0,45.0,-10.0
1682,88819,1.0,0,20,0.346533,1.025,True,False,wall,0.0,11.0,-10.0
1683,88907,82.0,5,88,0.346207,0.9848,True,False,body,50.0,42.0,-10.0
1684,88956,35.0,3,49,0.346025,0.9547,True,False,wall,30.0,15.0,-10.0
1685,88980,40.0,3,24,0.345936,0.9625,True,False,wall,30.0,20.0,-10.0
1686,89009,37.0,3,29,0.345829,0.8999,True,False,body,30.0,17.0,-10.0
1687,89026,13.0,1,17,0.345766,0.8177,True,False,wall,10.0,13.0,-10.0
1688,89054,3.0,0,28,0.345663,0.8235,True,False,wall,0.0,13.0,-10.0
1689,89173,127.0,7,119,0.345223,0.8535,True,False,body,70.0,67.0,-10.0
1690,89229,63.0,4,56,0.345017,0.7428,True,False,body,40.0,33.0,-10.0
1691,89240,7.0,1,11,0.344976,0.6947,True,False,wall,10.0,7.0,-10.0
1692,89303,77.0,5,63,0.344744,0.6708,True,False,wall,50.0,37.0,-10.0
1693,89404,129.0,7,101,0.344372,0.6877,True,False,body,70.0,69.0,-10.0
1694,89432,40.0,3,28,0.344269,0.611,True,False,wall,30.0,20.0,-10.0
1695,89494,91.0,6,62,0.344041,0.909,True,False,body,60.0,41.0,-10.0
1696,89512,10.0,1,18,0.343975,0.6627,True,False,wall,10.0,10.0,-10.0
1697,89581,68.0,4,69,0.343722,0.7366,True,False,wall,40.0,38.0,-10.0
1698,89647,78.0,5,66,0.343479,0.7339,True,False,body,50.0,38.0,-10.0
1699,89748,93.0,5,101,0.343109,0.6912,True,False,body,50.0,53.0,-10.0
1700,89808,71.0,4,60,0.342889,0.6116,True,False,body,40.0,41.0,-10.0
1701,89867,55.0,3,59,0.342673,0.624,True,False,wall,30.0,35.0,-10.0
1702,89884,31.0,3,17,0.342611,0.649,True,False,wall,30.0,11.0,-10.0
1703,89897,11.0,1,13,0.342564,0.7774,True,False,wall,10.0,11.0,-10.0
1704,89912,29.0,3,15,0.342509,0.8367,True,False,body,30.0,9.0,-10.0
1705,89934,12.0,1,22,0.342428,0.6371,True,False,wall,10.0,12.0,-10.0
1706,89993,57.0,3,59,0.342213,0.614,True,False,body,30.0,37.0,-10.0
1707,90008,9.0,1,15,0.342158,0.6739,True,False,wall,10.0,9.0,-10.0
1708,90066,67.0,4,58,0.341946,0.6696,True,False,wall,40.0,37.0,-10.0
1709,90134,80.0,5,68,0.341698,0.7608,True,False,wall,50.0,40.0,-10.0
1710,90156,6.0,1,22,0.341618,0.6574,True,False,wall,10.0,6.0,-10.0
1711,90221,58.0,4,65,0.341381,0.6798,True,False,wall,40.0,28.0,-10.0
1712,90264,43.0,3,43,0.341225,0.6841,True,False,body,30.0,23.0,-10.0
1713,90330,45.0,2,66,0.340984,0.6136,True,False,wall,20.0,35.0,-10.0
1714,90375,45.0,3,45,0.340821,0.678,True,False,body,30.0,25.0,-10.0
1715,90399,6.0,1,24,0.340734,0.6184,True,False,wall,10.0,6.0,-10.0
1716,90501,138.0,9,102,0.340363,0.5994,True,False,wall,90.0,58.0,-10.0
1717,90525,16.0,1,24,0.340276,0.6389,True,False,wall,10.0,16.0,-10.0
1718,90594,76.0,4,69,0.340026,0.5908,True,False,body,40.0,46.0,-10.0
1719,90664,49.0,2,70,0.339772,0.7015,True,False,wall,20.0,39.0,-10.0
1720,90755,121.0,7,91,0.339443,0.5919,True,False,wall,70.0,61.0,-10.0
1721,90815,50.0,3,60,0.339226,0.5779,True,False,body,30.0,30.0,-10.0
1722,90884,71.0,3,69,0.338976,0.598,True,False,body,30.0,51.0,-10.0
1723,90911,32.0,2,27,0.338879,0.5734,True,False,wall,20.0,22.0,-10.0
1724,90999,110.0,7,88,0.338561,0.5946,True,False,body,70.0,50.0,-10.0
1725,91102,117.0,7,103,0.33819,0.7023,True,False,body,70.0,57.0,-10.0
1726,91125,19.0,1,23,0.338107,0.6846,True,False,wall,10.0,19.0,-10.0
1727,91209,94.0,5,84,0.337805,0.7575,True,False,body,50.0,54.0,-10.0
1728,91300,101.0,5,91,0.337478,0.7464,True,False,body,50.0,61.0,-10.0
1729,91420,119.0,6,120,0.337047,0.6314,True,False,body,60.0,69.0,-10.0
1730,91479,43.0,3,59,0.336835,0.6067,True,False,wall,30.0,23.0,-10.0
1731,91520,36.0,2,41,0.336688,0.5946,True,False,wall,20.0,26.0,-10.0
1732,91548,27.0,2,28,0.336588,0.5547,True,False,wall,20.0,17.0,-10.0
1733,91626,121.0,8,78,0.336308,0.5895,True,False,wall,80.0,51.0,-10.0
1734,91680,65.0,4,54,0.336115,0.6219,True,False,body,40.0,35.0,-10.0
1735,91808,108.0,5,128,0.335658,0.5996,True,False,body,50.0,68.0,-10.0
1736,91829,22.0,2,21,0.335583,0.7065,True,False,wall,20.0,12.0,-10.0
1737,91878,38.0,2,49,0.335408,0.6776,True,False,wall,20.0,28.0,-10.0
1738,91923,45.0,3,45,0.335248,0.6359,True,False,body,30.0,25.0,-10.0
1739,91935,8.0,1,12,0.335205,0.7528,True,False,wall,10.0,8.0,-10.0
1740,92033,101.0,6,98,0.334856,0.6753,True,False,wall,60.0,51.0,-10.0
1741,92085,48.0,3,52,0.33467,0.6171,True,False,wall,30.0,28.0,-10.0
1742,92140,62.0,4,55,0.334475,0.6752,True,False,wall,40.0,32.0,-10.0
1743,92197,69.0,5,57,0.334272,0.5993,True,False,body,50.0,29.0,-10.0
1744,92234,30.0,2,37,0.334141,0.7767,True,False,wall,20.0,20.0,-10.0
1745,92263,30.0,2,29,0.334038,0.9002,True,False,wall,20.0,20.0,-10.0
1746,92466,262.0,16,203,0.333318,1.0421,True,False,body,160.0,112.0,-10.0
1747,92521,53.0,3,55,0.333123,0.875,True,False,body,30.0,33.0,-10.0
1748,92556,41.0,3,35,0.332999,0.621,True,False,body,30.0,21.0,-10.0
1749,92574,1.0,0,18,0.332936,0.7151,True,False,wall,0.0,11.0,-10.0
1750,92616,40.0,3,42,0.332787,0.6185,True,False,wall,30.0,20.0,-10.0
1751,92658,51.0,4,42,0.332639,0.6731,True,False,body,40.0,21.0,-10.0
1752,92715,59.0,3,57,0.332437,0.6981,True,False,body,30.0,39.0,-10.0
1753,92749,42.0,3,34,0.332317,0.7083,True,False,body,30.0,22.0,-10.0
1754,92809,24.0,1,60,0.332106,0.7504,True,False,wall,10.0,24.0,-10.0
1755,92885,68.0,3,76,0.331838,0.5915,True,False,body,30.0,48.0,-10.0
1756,92921,34.0,3,36,0.331711,0.7011,True,False,wall,30.0,14.0,-10.0
1757,93012,88.0,6,91,0.331391,0.635,True,False,body,60.0,38.0,-10.0
1758,93031,31.0,3,19,0.331324,1.1369,True,False,body,30.0,11.0,-10.0
1759,93096,88.0,6,65,0.331096,0.7218,True,False,body,60.0,38.0,-10.0
1760,93230,184.0,11,134,0.330625,1.0539,True,False,body,110.0,84.0,-10.0
1761,93244,8.0,1,14,0.330576,1.2394,True,False,wall,10.0,8.0,-10.0
1762,93302,48.0,3,58,0.330373,1.0047,True,False,body,30.0,28.0,-10.0
1763,93359,61.0,3,57,0.330173,0.787,True,False,wall,30.0,41.0,-10.0
1764,93391,33.0,2,32,0.330061,0.8452,True,False,wall,20.0,23.0,-10.0
1765,93434,58.0,4,43,0.32991,0.9286,True,False,wall,40.0,28.0,-10.0
1766,93480,46.0,3,46,0.32975,0.9151,True,False,wall,30.0,26.0,-10.0
1767,93552,91.0,6,72,0.329498,0.7861,True,False,body,60.0,41.0,-10.0
1768,93624,110.0,7,72,0.329246,0.6592,True,False,body,70.0,50.0,-10.0
1769,93722,76.0,5,98,0.328905,0.7881,True,False,body,50.0,36.0,-10.0
1770,93742,10.0,1,20,0.328835,0.6074,True,False,wall,10.0,10.0,-10.0
1771,93795,64.0,4,53,0.32865,0.6624,True,False,wall,40.0,34.0,-10.0
1772,93827,42.0,3,32,0.328539,0.6214,True,False,body,30.0,22.0,-10.0
1773,93887,76.0,5,60,0.32833,0.6392,True,False,wall,50.0,36.0,-10.0
1774,93965,82.0,5,78,0.328059,0.7155,True,False,body,50.0,42.0,-10.0
1775,94176,236.0,12,211,0.327326,0.6462,True,False,body,120.0,126.0,-10.0
1776,94248,84.0,5,72,0.327077,0.7015,True,False,wall,50.0,44.0,-10.0
1777,94317,81.0,5,69,0.326838,0.6802,True,False,body,50.0,41.0,-10.0
1778,94358,47.0,3,41,0.326696,0.6143,True,False,wall,30.0,27.0,-10.0
1779,94509,212.0,12,151,0.326174,0.9138,True,False,body,120.0,102.0,-10.0
1780,94567,65.0,4,58,0.325974,0.782,True,False,body,40.0,35.0,-10.0
1781,94618,64.0,4,51,0.325798,0.6256,True,False,body,40.0,34.0,-10.0
1782,94735,141.0,7,117,0.325395,0.6745,True,False,wall,70.0,81.0,-10.0
1783,94828,124.0,8,93,0.325075,0.6076,True,False,body,80.0,54.0,-10.0
1784,94874,83.0,6,46,0.324917,0.7785,True,False,wall,60.0,33.0,-10.0
1785,94980,113.0,6,106,0.324553,0.7664,True,False,wall,60.0,63.0,-10.0
1786,95060,73.0,4,80,0.324279,0.6521,True,False,body,40.0,43.0,-10.0
1787,95094,33.0,2,34,0.324162,0.6047,True,False,wall,20.0,23.0,-10.0
1788,95229,165.0,9,135,0.3237,0.6207,True,False,body,90.0,85.0,-10.0
1789,95278,72.0,6,49,0.323532,0.8193,True,False,body,60.0,22.0,-10.0
1790,95322,48.0,3,44,0.323382,0.7381,True,False,body,30.0,28.0,-10.0
1791,95430,146.0,9,108,0.323013,0.6098,True,False,body,90.0,66.0,-10.0
1792,95558,136.0,7,128,0.322577,0.696,True,False,body,70.0,76.0,-10.0
1793,95652,120.0,7,94,0.322257,0.7998,True,False,body,70.0,60.0,-10.0
1794,95759,149.0,9,107,0.321893,0.693,True,False,wall,90.0,69.0,-10.0
1795,95834,108.0,6,75,0.321638,0.8936,True,False,body,60.0,58.0,-10.0
1796,95877,40.0,2,43,0.321492,0.6627,True,False,wall,20.0,30.0,-10.0
1797,95900,11.0,1,23,0.321414,0.6,True,False,wall,10.0,11.0,-10.0
1798,95948,41.0,2,48,0.321251,0.5898,True,False,wall,20.0,31.0,-10.0
1799,95960,8.0,1,12,0.32121,0.6037,True,False,wall,10.0,8.0,-10.0
1800,96037,81.0,5,77,0.320949,0.6354,True,False,body,50.0,41.0,-10.0
1801,96123,75.0,4,86,0.320658,0.7139,True,False,wall,40.0,45.0,-10.0
1802,96168,51.0,3,45,0.320506,0.5959,True,False,wall,30.0,31.0,-10.0
1803,96268,100.0,5,100,0.320168,0.7515,True,False,body,50.0,60.0,-10.0
1804,96321,59.0,3,53,0.319989,0.7368,True,False,body,30.0,39.0,-10.0
1805,96336,7.0,1,15,0.319939,1.2113,True,False,wall,10.0,7.0,-10.0
1806,96441,99.0,5,105,0.319585,0.8593,True,False,body,50.0,59.0,-10.0
1807,96475,40.0,3,34,0.31947,0.8207,True,False,body,30.0,20.0,-10.0
1808,96524,86.0,6,49,0.319305,0.8572,True,False,body,60.0,36.0,-10.0
1809,96640,142.0,7,116,0.318915,0.869,True,False,wall,70.0,82.0,-10.0
1810,96693,51.0,3,53,0.318737,0.6419,True,False,body,30.0,31.0,-10.0
1811,96830,181.0,11,137,0.318277,0.7677,True,False,body,110.0,81.0,-10.0
1812,96915,103.0,7,85,0.317992,0.6035,True,False,body,70.0,43.0,-10.0
1813,96970,73.0,5,55,0.317808,0.5921,True,False,body,50.0,33.0,-10.0
1814,97072,107.0,6,102,0.317467,0.6561,True,False,body,60.0,57.0,-10.0
1815,97164,107.0,6,92,0.317159,0.7387,True,False,wall,60.0,57.0,-10.0
1816,97237,70.0,4,73,0.316916,0.658,True,False,body,40.0,40.0,-10.0
1817,97356,127.0,7,119,0.316519,0.7126,True,False,body,70.0,67.0,-10.0
1818,97437,109.0,7,81,0.316249,0.8898,True,False,wall,70.0,49.0,-10.0
1819,97503,81.0,6,66,0.31603,0.6769,True,False,body,60.0,31.0,-10.0
1820,97544,58.0,4,41,0.315893,0.766,True,False,body,40.0,28.0,-10.0
1821,97591,36.0,2,47,0.315737,0.6038,True,False,wall,20.0,26.0,-10.0
1822,97731,134.0,7,140,0.315272,0.6275,True,False,body,70.0,74.0,-10.0
1823,97854,139.0,7,123,0.314865,0.6873,True,False,wall,70.0,79.0,-10.0
1824,97924,61.0,2,70,0.314633,0.6928,True,False,wall,20.0,51.0,-10.0
1825,97963,32.0,2,39,0.314504,0.5993,True,False,wall,20.0,22.0,-10.0
1826,98019,57.0,4,56,0.314319,0.6748,True,False,wall,40.0,27.0,-10.0
1827,98145,120.0,7,126,0.313903,0.6964,True,False,body,70.0,60.0,-10.0
1828,98270,183.0,9,125,0.313491,0.6668,True,False,wall,90.0,103.0,-10.0
1829,98287,22.0,2,17,0.313435,1.365,True,False,wall,20.0,12.0,-10.0
1830,98309,12.0,1,22,0.313363,0.7802,True,False,wall,10.0,12.0,-10.0
1831,98353,37.0,2,44,0.313218,0.7326,True,False,wall,20.0,27.0,-10.0
1832,98450,113.0,7,97,0.312899,0.6427,True,False,wall,70.0,53.0,-10.0
1833,98520,77.0,4,70,0.312669,0.616,True,False,body,40.0,47.0,-10.0
1834,98604,86.0,5,84,0.312393,0.7634,True,False,body,50.0,46.0,-10.0
1835,98686,86.0,5,82,0.312125,0.828,True,False,wall,50.0,46.0,-10.0
1836,98737,51.0,3,51,0.311957,0.7341,True,False,body,30.0,31.0,-10.0
1837,98822,93.0,5,85,0.311679,0.7601,True,False,body,50.0,53.0,-10.0
1838,98841,13.0,1,19,0.311617,1.0451,True,False,wall,10.0,13.0,-10.0
1839,98854,0.0,0,13,0.311575,1.0095,True,False,wall,0.0,10.0,-10.0
1840,98986,164.0,9,132,0.311143,0.7526,True,False,body,90.0,84.0,-10.0
1841,99074,122.0,7,88,0.310856,0.7109,True,False,body,70.0,62.0,-10.0
1842,99163,112.0,6,89,0.310566,0.6025,True,False,body,60.0,62.0,-10.0
1843,99176,-2.0,0,13,0.310524,0.6084,True,False,wall,0.0,8.0,-10.0
1844,99276,116.0,5,100,0.310198,0.7334,True,False,wall,50.0,76.0,-10.0
1845,99418,166.0,9,142,0.309737,0.6883,True,False,body,90.0,86.0,-10.0
1846,99503,103.0,7,85,0.309461,0.7738,True,False,body,70.0,43.0,-10.0
1847,99514,9.0,1,11,0.309426,0.5638,True,False,wall,10.0,9.0,-10.0
1848,99566,65.0,4,52,0.309257,0.6932,True,False,body,40.0,35.0,-10.0
1849,99641,103.0,7,75,0.309014,0.6491,True,False,wall,70.0,43.0,-10.0
1850,99713,96.0,5,72,0.308781,0.8209,True,False,wall,50.0,56.0,-10.0
1851,99771,72.0,5,58,0.308593,0.8242,True,False,body,50.0,32.0,-10.0
1852,99847,94.0,5,76,0.308348,0.6861,True,False,body,50.0,54.0,-10.0
1853,99965,120.0,7,118,0.307967,0.7547,True,False,body,70.0,60.0,-10.0
1854,100124,183.0,9,159,0.307455,0.8095,True,False,body,90.0,103.0,-10.0
1855,100217,89.0,5,93,0.307156,0.7111,True,False,body,50.0,49.0,-10.0
1856,100272,60.0,4,55,0.306979,0.7044,True,False,body,40.0,30.0,-10.0
1857,100283,9.0,1,11,0.306944,0.6275,True,False,wall,10.0,9.0,-10.0
1858,100377,105.0,6,94,0.306642,0.6981,True,False,wall,60.0,55.0,-10.0
1859,100387,15.0,2,10,0.30661,0.7175,True,False,wall,20.0,5.0,-10.0
1860,100440,73.0,5,53,0.30644,0.7829,True,False,body,50.0,33.0,-10.0
1861,100454,6.0,1,14,0.306395,0.6384,True,False,wall,10.0,6.0,-10.0
1862,100472,12.0,1,18,0.306337,0.7236,True,False,wall,10.0,12.0,-10.0
1863,100520,52.0,3,48,0.306184,0.6826,True,False,body,30.0,32.0,-10.0
1864,100662,134.0,5,142,0.305729,0.7188,True,False,wall,50.0,94.0,-10.0
1865,100707,29.0,1,45,0.305586,0.6546,True,False,wall,10.0,29.0,-10.0
1866,100723,12.0,1,16,0.305534,0.6428,True,False,wall,10.0,12.0,-10.0
1867,100814,91.0,5,91,0.305244,0.8228,True,False,wall,50.0,51.0,-10.0
1868,100836,27.0,2,22,0.305174,0.646,True,False,wall,20.0,17.0,-10.0
1869,100898,84.0,5,62,0.304976,0.7939,True,False,body,50.0,44.0,-10.0
1870,100951,68.0,4,53,0.304807,0.6885,True,False,wall,40.0,38.0,-10.0
1871,100992,43.0,3,41,0.304677,0.967,True,False,wall,30.0,23.0,-10.0
1872,101023,28.0,2,31,0.304578,0.8785,True,False,wall,20.0,18.0,-10.0
1873,101106,93.0,5,83,0.304314,0.8947,True,False,body,50.0,53.0,-10.0
1874,101220,109.0,6,114,0.303952,0.8276,True,False,body,60.0,59.0,-10.0
1875,101431,228.0,12,211,0.303283,0.7767,True,False,wall,120.0,118.0,-10.0
1876,101498,101.0,7,67,0.303071,0.7174,True,False,body,70.0,41.0,-10.0
1877,101561,53.0,3,63,0.302872,0.803,True,False,body,30.0,33.0,-10.0
1878,101631,69.0,4,70,0.302651,0.9891,True,False,wall,40.0,39.0,-10.0
1879,101644,2.0,0,13,0.302609,1.1385,True,False,wall,0.0,12.0,-10.0
1880,101686,46.0,3,42,0.302477,0.9671,True,False,wall,30.0,26.0,-10.0
1881,101741,56.0,4,55,0.302303,1.0133,True,False,body,40.0,26.0,-10.0
1882,101764,35.0,3,23,0.302231,0.8062,True,False,wall,30.0,15.0,-10.0
1883,101790,38.0,3,26,0.302149,0.7388,True,False,wall,30.0,18.0,-10.0
1884,101883,78.0,4,93,0.301856,0.842,True,False,body,40.0,48.0,-10.0
1885,101959,77.0,4,76,0.301617,0.7577,True,False,wall,40.0,47.0,-10.0
1886,102045,105.0,6,86,0.301346,0.7866,True,False,wall,60.0,55.0,-10.0
1887,102115,71.0,4,70,0.301127,0.7707,True,False,body,40.0,41.0,-10.0
1888,102153,33.0,2,38,0.301007,0.7673,True,False,wall,20.0,23.0,-10.0
1889,102184,21.0,1,31,0.30091,0.8087,True,False,wall,10.0,21.0,-10.0
1890,102267,89.0,5,83,0.30065,0.6607,True,False,wall,50.0,49.0,-10.0
1891,102400,171.0,9,133,0.300234,0.7425,True,False,body,90.0,91.0,-10.0
1892,102473,66.0,4,73,0.300005,0.777,True,False,body,40.0,36.0,-10.0
1893,102538,61.0,3,65,0.299802,0.6627,True,False,body,30.0,41.0,-10.0
1894,102707,204.0,12,169,0.299275,0.6506,True,False,wall,120.0,94.0,-10.0
1895,102883,198.0,11,176,0.298727,0.703,True,False,body,110.0,98.0,-10.0
1896,102939,67.0,4,56,0.298553,0.7819,True,False,wall,40.0,37.0,-10.0
1897,102958,9.0,1,19,0.298494,0.6357,True,False,wall,10.0,9.0,-10.0
1898,102992,39.0,2,34,0.298389,0.6187,True,False,wall,20.0,29.0,-10.0
1899,103104,122.0,7,112,0.298041,0.8076,True,False,wall,70.0,62.0,-10.0
1900,103199,117.0,7,95,0.297747,0.7536,True,False,wall,70.0,57.0,-10.0
1901,103275,66.0,3,76,0.297512,0.6759,True,False,wall,30.0,46.0,-10.0
1902,103357,86.0,5,82,0.297258,0.6705,True,False,wall,50.0,46.0,-10.0
1903,103381,12.0,1,24,0.297184,0.6208,True,False,wall,10.0,12.0,-10.0
1904,103403,36.0,3,22,0.297116,0.6522,True,False,wall,30.0,16.0,-10.0
1905,103422,11.0,1,19,0.297057,0.5379,True,False,wall,10.0,11.0,-10.0
1906,103491,61.0,3,69,0.296844,0.6713,True,False,body,30.0,41.0,-10.0
1907,103502,7.0,1,11,0.29681,0.6184,True,False,wall,10.0,7.0,-10.0
1908,103617,142.0,8,115,0.296456,0.6508,True,False,body,80.0,72.0,-10.0
1909,103679,79.0,4,62,0.296265,0.6716,True,False,wall,40.0,49.0,-10.0
1910,103748,98.0,6,69,0.296052,0.7344,True,False,body,60.0,48.0,-10.0
1911,103759,-8.0,0,11,0.296019,0.6498,True,False,wall,0.0,2.0,-10.0
1912,103795,33.0,2,36,0.295908,0.6423,True,False,wall,20.0,23.0,-10.0
1913,103809,8.0,1,14,0.295865,0.7732,True,False,wall,10.0,8.0,-10.0
1914,103894,93.0,5,85,0.295604,0.7109,True,False,body,50.0,53.0,-10.0
1915,103913,5.0,1,19,0.295545,0.6742,True,False,wall,10.0,5.0,-10.0
1916,103923,-3.0,0,10,0.295515,0.7883,True,False,wall,0.0,7.0,-10.0
1917,103968,43.0,3,45,0.295377,0.8578,True,False,wall,30.0,23.0,-10.0
1918,103976,-3.0,0,8,0.295352,0.7593,True,False,wall,0.0,7.0,-10.0
1919,104027,55.0,3,51,0.295196,0.7258,True,False,body,30.0,35.0,-10.0
1920,104107,92.0,5,80,0.294951,0.687,True,False,body,50.0,52.0,-10.0
1921,104189,97.0,6,82,0.2947,0.7377,True,False,body,60.0,47.0,-10.0
1922,104242,51.0,3,53,0.294538,0.719,True,False,body,30.0,31.0,-10.0
1923,104301,65.0,5,59,0.294357,0.7776,True,False,body,50.0,25.0,-10.0
1924,104391,102.0,5,90,0.294083,0.6912,True,False,wall,50.0,62.0,-10.0
1925,104469,80.0,5,78,0.293845,0.6653,True,False,body,50.0,40.0,-10.0
1926,104513,54.0,3,44,0.293711,0.7564,True,False,wall,30.0,34.0,-10.0
1927,104531,-1.0,0,18,0.293656,0.7015,True,False,wall,0.0,9.0,-10.0
1928,104583,65.0,4,52,0.293498,0.9161,True,False,wall,40.0,35.0,-10.0
1929,104615,18.0,1,32,0.2934,1.1686,True,False,wall,10.0,18.0,-10.0
1930,104667,65.0,4,52,0.293242,0.8577,True,False,wall,40.0,35.0,-10.0
1931,104782,127.0,7,115,0.292893,0.9551,True,False,wall,70.0,67.0,-10.0
1932,104997,269.0,15,215,0.292241,0.9496,True,False,body,150.0,129.0,-10.0
1933,105042,54.0,4,45,0.292105,0.8023,True,False,wall,40.0,24.0,-10.0
1934,105153,114.0,6,111,0.291769,0.7651,True,False,wall,60.0,64.0,-10.0
1935,105209,78.0,5,56,0.2916,1.0269,True,False,body,50.0,38.0,-10.0
1936,105314,129.0,7,105,0.291283,0.9217,True,False,body,70.0,69.0,-10.0
1937,105380,74.0,5,66,0.291084,0.748,True,False,wall,50.0,34.0,-10.0
1938,105388,-3.0,0,8,0.29106,0.6337,True,False,wall,0.0,7.0,-10.0
1939,105478,90.0,5,90,0.290789,0.6794,True,False,body,50.0,50.0,-10.0
1940,105611,156.0,8,133,0.290389,0.6892,True,False,body,80.0,86.0,-10.0
1941,105739,166.0,9,128,0.290004,0.6805,True,False,body,90.0,86.0,-10.0
1942,105818,93.0,5,79,0.289768,0.6258,True,False,wall,50.0,53.0,-10.0
1943,105908,105.0,6,90,0.289498,0.711,True,False,wall,60.0,55.0,-10.0
1944,105962,69.0,4,54,0.289336,0.6753,True,False,body,40.0,39.0,-10.0
1945,106032,73.0,4,70,0.289127,0.7787,True,False,wall,40.0,43.0,-10.0
1946,106159,149.0,7,127,0.288748,0.6961,True,False,body,70.0,89.0,-10.0
1947,106235,95.0,6,76,0.288521,0.7287,True,False,wall,60.0,45.0,-10.0
1948,106288,71.0,5,53,0.288363,0.6852,True,False,body,50.0,31.0,-10.0
1949,106317,34.0,2,29,0.288277,0.602,True,False,wall,20.0,24.0,-10.0
1950,106331,8.0,1,14,0.288235,0.6649,True,False,wall,10.0,8.0,-10.0
1951,106387,91.0,6,56,0.288068,0.6835,True,False,body,60.0,41.0,-10.0
1952,106533,183.0,10,146,0.287634,0.7318,True,False,body,100.0,93.0,-10.0
1953,106629,131.0,8,96,0.287349,0.7638,True,False,body,80.0,61.0,-10.0
1954,106685,66.0,5,56,0.287183,0.6997,True,False,body,50.0,26.0,-10.0
1955,106762,98.0,6,77,0.286955,0.7204,True,False,wall,60.0,48.0,-10.0
1956,106794,27.0,2,32,0.28686,0.757,True,False,wall,20.0,17.0,-10.0
1957,106895,119.0,5,101,0.286561,0.7282,True,False,wall,50.0,79.0,-10.0
1958,106965,89.0,6,70,0.286354,0.8314,True,False,wall,60.0,39.0,-10.0
1959,107050,89.0,5,85,0.286103,0.8454,True,False,body,50.0,49.0,-10.0
1960,107156,141.0,8,106,0.285791,0.7895,True,False,body,80.0,71.0,-10.0
1961,107248,116.0,7,92,0.28552,0.8554,True,False,body,70.0,56.0,-10.0
1962,107367,151.0,9,119,0.28517,0.832,True,False,wall,90.0,71.0,-10.0
1963,107441,82.0,5,74,0.284952,0.8335,True,False,wall,50.0,42.0,-10.0
1964,107509,71.0,4,68,0.284753,0.8875,True,False,wall,40.0,41.0,-10.0
1965,107568,53.0,3,59,0.28458,0.878,True,False,wall,30.0,33.0,-10.0
1966,107679,125.0,7,111,0.284254,0.7999,True,False,body,70.0,65.0,-10.0
1967,107718,39.0,3,39,0.28414,0.6742,True,False,body,30.0,19.0,-10.0
1968,107768,61.0,4,50,0.283994,0.7248,True,False,wall,40.0,31.0,-10.0
1969,107811,47.0,3,43,0.283868,0.7374,True,False,body,30.0,27.0,-10.0
1970,107869,66.0,5,58,0.283699,0.6985,True,False,body,50.0,26.0,-10.0
1971,107893,12.0,1,24,0.283629,0.9122,True,False,wall,10.0,12.0,-10.0
1972,107912,7.0,1,19,0.283573,1.0428,True,False,wall,10.0,7.0,-10.0
1973,108086,190.0,11,174,0.283066,0.9966,True,False,body,110.0,90.0,-10.0
1974,108166,101.0,6,80,0.282833,0.6537,True,False,wall,60.0,51.0,-10.0
1975,108242,102.0,7,76,0.282612,0.695,True,False,wall,70.0,42.0,-10.0
1976,108329,105.0,7,87,0.282359,0.761,True,False,body,70.0,45.0,-10.0
1977,108435,119.0,6,106,0.282051,0.7937,True,False,body,60.0,69.0,-10.0
1978,108470,30.0,2,35,0.28195,0.6848,True,False,wall,20.0,20.0,-10.0
1979,108511,51.0,3,41,0.281831,0.7456,True,False,body,30.0,31.0,-10.0
1980,108559,59.0,4,48,0.281692,0.6847,True,False,body,40.0,29.0,-10.0
1981,108606,51.0,3,47,0.281556,0.8432,True,False,wall,30.0,31.0,-10.0
1982,108725,205.0,13,119,0.281211,0.9237,True,False,body,130.0,85.0,-10.0
1983,108780,64.0,4,55,0.281052,0.8324,True,False,wall,40.0,34.0,-10.0
1984,108848,70.0,3,68,0.280856,0.7497,True,False,wall,30.0,50.0,-10.0
1985,108936,114.0,7,88,0.280602,0.7555,True,False,body,70.0,54.0,-10.0
1986,108976,52.0,3,40,0.280487,0.8935,True,False,body,30.0,32.0,-10.0
1987,109012,53.0,4,36,0.280383,0.7101,True,False,body,40.0,23.0,-10.0
1988,109074,98.0,7,62,0.280205,1.134,True,False,body,70.0,38.0,-10.0
1989,109193,151.0,9,119,0.279863,0.8958,True,False,body,90.0,71.0,-10.0
1990,109227,44.0,3,34,0.279765,0.9446,True,False,wall,30.0,24.0,-10.0
1991,109301,97.0,6,74,0.279553,0.9459,True,False,wall,60.0,47.0,-10.0
1992,109331,14.0,1,30,0.279467,1.1781,True,False,wall,10.0,14.0,-10.0
1993,109341,4.0,1,10,0.279438,0.7751,True,False,wall,10.0,4.0,-10.0
1994,109390,51.0,3,49,0.279297,0.7806,True,False,wall,30.0,31.0,-10.0
1995,109458,95.0,6,68,0.279103,0.8365,True,False,wall,60.0,45.0,-10.0
1996,109534,96.0,5,76,0.278885,0.7737,True,False,body,50.0,56.0,-10.0
1997,109551,24.0,2,17,0.278836,1.7548,True,False,wall,20.0,14.0,-10.0
1998,109730,248.0,14,179,0.278325,0.8167,True,False,body,140.0,118.0,-10.0
1999,109864,166.0,9,134,0.277943,0.8479,True,False,body,90.0,86.0,-10.0
2000,109933,58.0,4,69,0.277746,0.7679,True,False,body,40.0,28.0,-10.0
2001,110102,164.0,8,169,0.277266,0.7852,True,False,wall,80.0,94.0,-10.0
2002,110297,240.0,12,195,0.276712,0.7666,True,False,wall,120.0,130.0,-10.0
2003,110341,50.0,3,44,0.276588,0.7898,True,False,wall,30.0,30.0,-10.0
2004,110457,137.0,6,116,0.276259,0.7115,True,False,wall,60.0,87.0,-10.0
2005,110472,9.0,1,15,0.276217,0.6445,True,False,wall,10.0,9.0,-10.0
2006,110548,54.0,3,76,0.276002,0.7231,True,False,body,30.0,34.0,-10.0
2007,110606,59.0,4,58,0.275838,0.6629,True,False,body,40.0,29.0,-10.0
2008,110648,55.0,4,42,0.27572,0.6923,True,False,body,40.0,25.0,-10.0
2009,110835,222.0,12,187,0.275193,0.7517,True,False,body,120.0,112.0,-10.0
2010,110939,128.0,7,104,0.2749,0.7285,True,False,body,70.0,68.0,-10.0
2011,111027,100.0,5,88,0.274653,0.7204,True,False,body,50.0,60.0,-10.0
2012,111056,17.0,1,29,0.274572,0.6369,True,False,wall,10.0,17.0,-10.0
2013,111103,52.0,4,47,0.27444,1.1365,True,False,wall,40.0,22.0,-10.0
2014,111118,11.0,1,15,0.274398,1.1647,True,False,wall,10.0,11.0,-10.0
2015,111136,1.0,0,18,0.274347,1.6786,True,False,wall,0.0,11.0,-10.0
2016,111201,58.0,4,65,0.274165,0.9486,True,False,body,40.0,28.0,-10.0
2017,111220,13.0,1,19,0.274112,0.8216,True,False,wall,10.0,13.0,-10.0
2018,111259,37.0,3,39,0.274003,0.7741,True,False,wall,30.0,17.0,-10.0
2019,111311,52.0,3,52,0.273857,0.8828,True,False,body,30.0,32.0,-10.0
2020,111364,60.0,4,53,0.273709,0.9813,True,False,wall,40.0,30.0,-10.0
2021,111463,105.0,5,99,0.273432,0.8151,True,False,wall,50.0,65.0,-10.0
2022,111477,10.0,1,14,0.273393,1.0048,True,False,wall,10.0,10.0,-10.0
2023,111522,53.0,3,45,0.273267,0.711,True,False,wall,30.0,33.0,-10.0
2024,111567,42.0,2,45,0.273142,0.7873,True,False,wall,20.0,32.0,-10.0
2025,111677,117.0,6,110,0.272835,0.9182,True,False,body,60.0,67.0,-10.0
2026,111697,19.0,2,20,0.272779,0.6904,True,False,wall,20.0,9.0,-10.0
2027,111746,57.0,3,49,0.272643,0.8739,True,False,body,30.0,37.0,-10.0
2028,111783,56.0,4,37,0.27254,0.7593,True,False,body,40.0,26.0,-10.0
2029,111934,192.0,10,151,0.27212,0.82,True,False,body,100.0,102.0,-10.0
2030,112030,103.0,6,96,0.271854,0.7646,True,False,body,60.0,53.0,-10.0
2031,112063,37.0,3,33,0.271763,0.7596,True,False,wall,30.0,17.0,-10.0
2032,112075,-1.0,0,12,0.271729,0.771,True,False,wall,0.0,9.0,-10.0
2033,112180,135.0,9,105,0.271438,1.0432,True,False,body,90.0,55.0,-10.0
2034,112239,58.0,4,59,0.271275,0.9284,True,False,body,40.0,28.0,-10.0
2035,112260,33.0,3,21,0.271217,0.7693,True,False,wall,30.0,13.0,-10.0
2036,112281,22.0,2,21,0.271159,0.6949,True,False,wall,20.0,12.0,-10.0
2037,112301,8.0,1,20,0.271104,0.748,True,False,wall,10.0,8.0,-10.0
2038,112325,10.0,1,24,0.271037,0.7385,True,False,wall,10.0,10.0,-10.0
2039,112371,54.0,3,46,0.27091,0.7174,True,False,wall,30.0,34.0,-10.0
2040,112420,64.0,4,49,0.270775,0.6842,True,False,wall,40.0,34.0,-10.0
2041,112502,105.0,6,82,0.270549,0.7673,True,False,body,60.0,55.0,-10.0
2042,112602,120.0,7,100,0.270273,0.7232,True,False,body,70.0,60.0,-10.0
2043,112707,136.0,8,105,0.269985,0.8095,True,False,wall,80.0,66.0,-10.0
2044,112769,82.0,5,62,0.269814,1.0706,True,False,body,50.0,42.0,-10.0
2045,112910,193.0,11,141,0.269427,0.8953,True,False,body,110.0,93.0,-10.0
2046,112934,27.0,2,24,0.269361,0.9951,True,False,wall,20.0,17.0,-10.0
2047,112983,57.0,3,49,0.269227,0.8233,True,False,body,30.0,37.0,-10.0
2048,113050,96.0,6,67,0.269043,1.0075,True,False,wall,60.0,46.0,-10.0
2049,113116,73.0,4,66,0.268863,0.7266,True,False,wall,40.0,43.0,-10.0
2050,113238,154.0,9,122,0.268529,0.7992,True,False,body,90.0,74.0,-10.0
2051,113347,151.0,9,109,0.268232,0.7872,True,False,body,90.0,71.0,-10.0
2052,113408,74.0,4,61,0.268065,0.929,True,False,wall,40.0,44.0,-10.0
2053,113549,145.0,7,141,0.267681,0.7496,True,False,wall,70.0,85.0,-10.0
2054,113588,21.0,1,39,0.267575,0.7442,True,False,wall,10.0,21.0,-10.0
2055,113681,100.0,6,93,0.267322,0.7257,True,False,body,60.0,50.0,-10.0
2056,113787,112.0,7,106,0.267035,0.9064,True,False,body,70.0,52.0,-10.0
2057,113869,108.0,7,82,0.266812,0.9352,True,False,body,70.0,48.0,-10.0
2058,113881,10.0,1,12,0.26678,1.1126,True,False,wall,10.0,10.0,-10.0
2059,113951,88.0,5,70,0.26659,0.8691,True,False,wall,50.0,48.0,-10.0
2060,113995,63.0,4,44,0.266471,0.7682,True,False,body,40.0,33.0,-10.0
2061,114003,4.0,1,8,0.266449,0.6886,True,False,wall,10.0,4.0,-10.0
2062,114047,44.0,3,44,0.26633,0.6873,True,False,body,30.0,24.0,-10.0
2063,114179,159.0,8,132,0.265974,0.6903,True,False,wall,80.0,89.0,-10.0
2064,114215,34.0,3,36,0.265877,0.7916,True,False,body,30.0,14.0,-10.0
2065,114273,56.0,3,58,0.26572,0.7787,True,False,wall,30.0,36.0,-10.0
2066,114284,9.0,1,11,0.265691,0.6733,True,False,wall,10.0,9.0,-10.0
2067,114302,8.0,1,18,0.265642,1.0443,True,False,wall,10.0,8.0,-10.0
2068,114371,87.0,5,69,0.265456,0.764,True,False,wall,50.0,47.0,-10.0
2069,114436,76.0,4,65,0.265281,0.7594,True,False,body,40.0,46.0,-10.0
2070,114525,111.0,7,89,0.265042,0.736,True,False,wall,70.0,51.0,-10.0
2071,114539,10.0,1,14,0.265004,0.74,True,False,wall,10.0,10.0,-10.0
2072,114556,13.0,1,17,0.264958,0.7378,True,False,wall,10.0,13.0,-10.0
2073,114635,98.0,6,79,0.264746,0.7731,True,False,body,60.0,48.0,-10.0
2074,114717,98.0,5,82,0.264526,0.7687,True,False,wall,50.0,58.0,-10.0
2075,114765,41.0,2,48,0.264398,0.7691,True,False,wall,20.0,31.0,-10.0
2076,114872,91.0,5,107,0.264111,0.7365,True,False,wall,50.0,51.0,-10.0
2077,114927,53.0,3,55,0.263964,0.7619,True,False,wall,30.0,33.0,-10.0
2078,114938,7.0,1,11,0.263934,0.7726,True,False,wall,10.0,7.0,-10.0
2079,115045,127.0,7,107,0.263649,0.8011,True,False,body,70.0,67.0,-10.0
2080,115102,83.0,5,57,0.263496,0.7895,True,False,wall,50.0,43.0,-10.0
2081,115193,90.0,6,91,0.263254,0.8322,True,False,wall,60.0,40.0,-10.0
2082,115270,89.0,5,77,0.263048,0.7809,True,False,wall,50.0,49.0,-10.0
2083,115307,37.0,3,37,0.26295,0.8051,True,False,wall,30.0,17.0,-10.0
2084,115379,97.0,6,72,0.262758,0.8157,True,False,body,60.0,47.0,-10.0
2085,115480,140.0,8,101,0.26249,0.8014,True,False,wall,80.0,70.0,-10.0
2086,115578,102.0,5,98,0.26223,0.7576,True,False,body,50.0,62.0,-10.0
2087,115644,78.0,5,66,0.262055,0.7479,True,False,body,50.0,38.0,-10.0
2088,115738,91.0,4,94,0.261806,0.7838,True,False,body,40.0,61.0,-10.0
2089,115868,142.0,7,130,0.261462,0.6949,True,False,wall,70.0,82.0,-10.0
2090,115898,29.0,2,30,0.261383,0.73,True,False,wall,20.0,19.0,-10.0
2091,116003,132.0,8,105,0.261105,0.7533,True,False,body,80.0,62.0,-10.0
2092,116033,38.0,3,30,0.261026,0.8231,True,False,wall,30.0,18.0,-10.0
2093,116084,68.0,4,51,0.260892,1.0259,True,False,wall,40.0,38.0,-10.0
2094,116264,215.0,12,180,0.260418,0.7797,True,False,body,120.0,105.0,-10.0
2095,116373,149.0,9,109,0.260131,0.7301,True,False,body,90.0,69.0,-10.0
2096,116386,9.0,1,13,0.260097,0.7134,True,False,wall,10.0,9.0,-10.0
2097,116432,46.0,3,46,0.259976,0.6918,True,False,body,30.0,26.0,-10.0
2098,116468,33.0,2,36,0.259882,1.0033,True,False,wall,20.0,23.0,-10.0
2099,116575,140.0,8,107,0.259601,0.8351,True,False,wall,80.0,70.0,-10.0
2100,116586,0.0,0,11,0.259573,0.7925,True,False,wall,0.0,10.0,-10.0
2101,116698,158.0,9,112,0.259279,0.9099,True,False,body,90.0,78.0,-10.0
2102,116768,67.0,4,70,0.259096,0.8494,True,False,body,40.0,37.0,-10.0
2103,116863,133.0,7,95,0.258848,0.936,True,False,body,70.0,73.0,-10.0
2104,116896,56.0,4,33,0.258762,1.2459,True,False,wall,40.0,26.0,-10.0
2105,116952,73.0,4,56,0.258616,1.2269,True,False,wall,40.0,43.0,-10.0
2106,117025,90.0,6,73,0.258426,1.1506,True,False,wall,60.0,40.0,-10.0
2107,117103,119.0,8,78,0.258223,0.903,True,False,body,80.0,49.0,-10.0
2108,117190,84.0,4,87,0.257996,0.808,True,False,wall,40.0,54.0,-10.0
2109,117227,47.0,3,37,0.2579,0.8165,True,False,body,30.0,27.0,-10.0
2110,117315,109.0,6,88,0.257671,0.8265,True,False,body,60.0,59.0,-10.0
2111,117386,100.0,6,71,0.257487,0.8054,True,False,body,60.0,50.0,-10.0
2112,117511,154.0,8,125,0.257163,0.7673,True,False,wall,80.0,84.0,-10.0
2113,117610,95.0,5,99,0.256907,0.8579,True,False,wall,50.0,55.0,-10.0
2114,117637,17.0,1,27,0.256837,0.8033,True,False,wall,10.0,17.0,-10.0
2115,117775,216.0,11,138,0.256481,0.7722,True,False,wall,110.0,116.0,-10.0
2116,117838,96.0,6,63,0.256318,0.7941,True,False,wall,60.0,46.0,-10.0
2117,117853,9.0,1,15,0.25628,0.6532,True,False,wall,10.0,9.0,-10.0
2118,117877,30.0,3,24,0.256218,0.7447,True,False,wall,30.0,10.0,-10.0
2119,117910,43.0,3,33,0.256133,0.7789,True,False,body,30.0,23.0,-10.0
2120,117945,30.0,2,35,0.256042,0.8244,True,False,wall,20.0,20.0,-10.0
2121,118051,167.0,10,106,0.25577,0.7871,True,False,body,100.0,77.0,-10.0
2122,118118,87.0,5,67,0.255597,0.8033,True,False,body,50.0,47.0,-10.0
2123,118168,76.0,5,50,0.255469,0.731,True,False,body,50.0,36.0,-10.0
2124,118214,45.0,2,46,0.255351,0.7781,True,False,wall,20.0,35.0,-10.0
2125,118274,62.0,3,60,0.255197,0.7968,True,False,wall,30.0,42.0,-10.0
2126,118303,35.0,3,29,0.255122,0.7968,True,False,body,30.0,15.0,-10.0
2127,118370,100.0,6,67,0.254951,0.7056,True,False,body,60.0,50.0,-10.0
2128,118436,80.0,5,66,0.254782,0.8896,True,False,body,50.0,40.0,-10.0
2129,118491,49.0,3,55,0.254641,0.8034,True,False,body,30.0,29.0,-10.0
2130,118616,167.0,9,125,0.254322,0.8978,True,False,body,90.0,87.0,-10.0
2131,118695,132.0,8,79,0.25412,0.7829,True,False,body,80.0,62.0,-10.0
2132,118794,150.0,8,99,0.253867,0.7971,True,False,wall,80.0,80.0,-10.0
2133,118883,111.0,5,89,0.253641,0.87,True,False,wall,50.0,71.0,-10.0
2134,118936,71.0,5,53,0.253506,0.7823,True,False,body,50.0,31.0,-10.0
2135,118977,45.0,3,41,0.253402,0.7045,True,False,wall,30.0,25.0,-10.0
2136,119096,135.0,7,119,0.253099,0.7124,True,False,wall,70.0,75.0,-10.0
2137,119155,70.0,4,59,0.25295,0.7606,True,False,body,40.0,40.0,-10.0
2138,119227,86.0,5,72,0.252767,0.8055,True,False,body,50.0,46.0,-10.0
2139,119276,58.0,4,49,0.252643,1.0318,True,False,body,40.0,28.0,-10.0
2140,119416,180.0,9,140,0.252288,1.0089,True,False,wall,90.0,100.0,-10.0
2141,119497,89.0,5,81,0.252084,0.8404,True,False,wall,50.0,49.0,-10.0
2142,119522,11.0,1,25,0.252021,0.9265,True,False,wall,10.0,11.0,-10.0
2143,119656,130.0,7,134,0.251683,0.9166,True,False,body,70.0,70.0,-10.0
2144,119766,165.0,10,110,0.251405,0.8824,True,False,body,100.0,75.0,-10.0
2145,119884,158.0,9,118,0.251109,0.9015,True,False,body,90.0,78.0,-10.0
2146,119937,61.0,3,53,0.250975,0.8556,True,False,wall,30.0,41.0,-10.0
2147,120049,144.0,9,112,0.250694,0.7618,True,False,body,90.0,64.0,-10.0
2148,120153,123.0,8,104,0.250433,0.8103,True,False,body,80.0,53.0,-10.0
2149,120221,60.0,3,68,0.250263,0.7253,True,False,body,30.0,40.0,-10.0
2150,120284,86.0,6,63,0.250106,0.7366,True,False,body,60.0,36.0,-10.0
2151,120358,109.0,6,74,0.24992,0.8005,True,False,body,60.0,59.0,-10.0
2152,120415,68.0,4,57,0.249778,0.714,True,False,body,40.0,38.0,-10.0
2153,120489,123.0,8,74,0.249593,0.7619,True,False,body,80.0,53.0,-10.0
2154,120540,58.0,4,51,0.249466,0.7906,True,False,body,40.0,28.0,-10.0
2155,120603,83.0,5,63,0.249309,0.9652,True,False,body,50.0,43.0,-10.0
2156,120653,79.0,6,50,0.249185,0.8675,True,False,body,60.0,29.0,-10.0
2157,120699,59.0,4,46,0.24907,0.899,True,False,wall,40.0,29.0,-10.0
2158,120709,8.0,1,10,0.249045,1.1076,True,False,wall,10.0,8.0,-10.0
2159,120770,63.0,3,61,0.248894,0.8622,True,False,body,30.0,43.0,-10.0
2160,120850,87.0,4,80,0.248695,0.933,True,False,body,40.0,57.0,-10.0
2161,120907,83.0,5,57,0.248553,1.2034,True,False,body,50.0,43.0,-10.0
2162,121016,139.0,7,109,0.248283,1.2303,True,False,body,70.0,79.0,-10.0
2163,121113,131.0,7,97,0.248043,1.1062,True,False,wall,70.0,71.0,-10.0
2164,121156,56.0,4,43,0.247936,0.8917,True,False,wall,40.0,26.0,-10.0
2165,121217,73.0,5,61,0.247785,0.7843,True,False,wall,50.0,33.0,-10.0
2166,121277,76.0,5,60,0.247637,0.8578,True,False,wall,50.0,36.0,-10.0
2167,121370,121.0,7,93,0.247407,0.8473,True,False,body,70.0,61.0,-10.0
2168,121430,60.0,3,60,0.247259,1.17,True,False,body,30.0,40.0,-10.0
2169,121499,95.0,5,69,0.247089,0.9273,True,False,wall,50.0,55.0,-10.0
2170,121557,80.0,5,58,0.246947,0.803,True,False,body,50.0,40.0,-10.0
2171,121594,58.0,4,37,0.246855,0.8254,True,False,wall,40.0,28.0,-10.0
2172,121621,39.0,3,27,0.246789,0.9056,True,False,body,30.0,19.0,-10.0
2173,121680,53.0,3,59,0.246644,0.8811,True,False,wall,30.0,33.0,-10.0
2174,121728,56.0,3,48,0.246526,0.9015,True,False,wall,30.0,36.0,-10.0
2175,121739,-2.0,0,11,0.246499,0.7731,True,False,wall,0.0,8.0,-10.0
2176,121821,94.0,5,82,0.246298,0.9074,True,False,wall,50.0,54.0,-10.0
2177,121830,7.0,1,9,0.246276,0.8595,True,False,wall,10.0,7.0,-10.0
2178,121881,41.0,3,51,0.246151,0.8473,True,False,body,30.0,21.0,-10.0
2179,121928,57.0,3,47,0.246035,0.7874,True,False,wall,30.0,37.0,-10.0
2180,121965,47.0,3,37,0.245945,0.7172,True,False,body,30.0,27.0,-10.0
2181,122021,58.0,3,56,0.245808,0.825,True,False,body,30.0,38.0,-10.0
2182,122119,121.0,6,98,0.245568,0.763,True,False,body,60.0,71.0,-10.0
2183,122130,9.0,1,11,0.245541,0.8721,True,False,wall,10.0,9.0,-10.0
2184,122142,8.0,1,12,0.245512,0.6782,True,False,wall,10.0,8.0,-10.0
2185,122180,68.0,5,38,0.245419,0.8117,True,False,body,50.0,28.0,-10.0
2186,122321,185.0,11,141,0.245075,0.822,True,False,wall,110.0,85.0,-10.0
2187,122493,248.0,13,172,0.244656,0.8012,True,False,wall,130.0,128.0,-10.0
2188,122526,56.0,4,33,0.244575,0.8196,True,False,body,40.0,26.0,-10.0
2189,122541,2.0,0,15,0.244539,0.7933,True,False,wall,0.0,12.0,-10.0
2190,122602,81.0,5,61,0.244391,0.88,True,False,body,50.0,41.0,-10.0
2191,122648,37.0,2,46,0.244279,0.8499,True,False,wall,20.0,27.0,-10.0
2192,122676,33.0,2,28,0.244211,0.8603,True,False,wall,20.0,23.0,-10.0
2193,122747,62.0,4,71,0.244039,0.796,True,False,body,40.0,32.0,-10.0
2194,122829,92.0,5,82,0.24384,0.8353,True,False,body,50.0,52.0,-10.0
2195,122903,69.0,4,74,0.243661,0.7557,True,False,body,40.0,39.0,-10.0
2196,122955,69.0,4,52,0.243535,0.8398,True,False,wall,40.0,39.0,-10.0
2197,123002,51.0,3,47,0.243421,0.7476,True,False,body,30.0,31.0,-10.0
2198,123137,156.0,8,135,0.243095,0.8002,True,False,body,80.0,86.0,-10.0
2199,123171,46.0,3,34,0.243013,0.7772,True,False,wall,30.0,26.0,-10.0
2200,123233,68.0,3,62,0.242863,0.7694,True,False,wall,30.0,48.0,-10.0
2201,123290,76.0,4,57,0.242726,0.7684,True,False,body,40.0,46.0,-10.0
2202,123344,76.0,5,54,0.242596,0.8193,True,False,body,50.0,36.0,-10.0
2203,123359,9.0,1,15,0.24256,0.7874,True,False,wall,10.0,9.0,-10.0
2204,123411,46.0,3,52,0.242435,0.8239,True,False,body,30.0,26.0,-10.0
2205,123495,107.0,6,84,0.242233,0.8275,True,False,body,60.0,57.0,-10.0
2206,123545,48.0,3,50,0.242113,0.9029,True,False,body,30.0,28.0,-10.0
2207,123595,85.0,6,50,0.241993,1.0079,True,False,body,60.0,35.0,-10.0
2208,123678,95.0,5,83,0.241794,0.9274,True,False,wall,50.0,55.0,-10.0
2209,123765,99.0,5,87,0.241585,0.9759,True,False,body,50.0,59.0,-10.0
2210,123816,67.0,5,51,0.241463,1.0014,True,False,body,50.0,27.0,-10.0
2211,123844,40.0,3,28,0.241396,1.0986,True,False,wall,30.0,20.0,-10.0
2212,123891,77.0,5,47,0.241284,1.0099,True,False,wall,50.0,37.0,-10.0
2213,123997,118.0,7,106,0.24103,1.219,True,False,wall,70.0,58.0,-10.0
2214,124111,149.0,8,114,0.240758,1.0487,True,False,wall,80.0,79.0,-10.0
2215,124141,34.0,3,30,0.240687,0.8866,True,False,wall,30.0,14.0,-10.0
2216,124273,176.0,9,132,0.240372,0.9555,True,False,body,90.0,96.0,-10.0
2217,124325,82.0,5,52,0.240249,1.0366,True,False,body,50.0,42.0,-10.0
2218,124421,118.0,7,96,0.240021,0.9545,True,False,body,70.0,58.0,-10.0
2219,124477,68.0,5,56,0.239888,0.819,True,False,wall,50.0,28.0,-10.0
2220,124502,30.0,2,25,0.239828,0.861,True,False,wall,20.0,20.0,-10.0
2221,124549,55.0,3,47,0.239717,1.4293,True,False,body,30.0,35.0,-10.0
2222,124638,126.0,8,89,0.239506,0.876,True,False,body,80.0,56.0,-10.0
2223,124654,12.0,1,16,0.239468,0.9279,True,False,wall,10.0,12.0,-10.0
2224,124759,119.0,7,105,0.239219,0.9868,True,False,body,70.0,59.0,-10.0
2225,124852,106.0,6,93,0.239,0.9764,True,False,body,60.0,56.0,-10.0
2226,124914,93.0,6,62,0.238853,0.9801,True,False,body,60.0,43.0,-10.0
2227,124939,33.0,3,25,0.238794,1.1175,True,False,body,30.0,13.0,-10.0
2228,124969,42.0,3,30,0.238723,1.1522,True,False,body,30.0,22.0,-10.0
2229,125024,65.0,3,55,0.238594,1.0855,True,False,wall,30.0,45.0,-10.0
2230,125107,108.0,6,83,0.238398,0.8746,True,False,body,60.0,58.0,-10.0
2231,125124,13.0,1,17,0.238358,0.8482,True,False,wall,10.0,13.0,-10.0
2232,125210,91.0,4,86,0.238156,0.8909,True,False,body,40.0,61.0,-10.0
2233,125316,108.0,7,106,0.237907,1.0045,True,False,body,70.0,48.0,-10.0
2234,125345,41.0,3,29,0.237838,1.1789,True,False,body,30.0,21.0,-10.0
2235,125424,100.0,6,79,0.237653,0.8977,True,False,body,60.0,50.0,-10.0
2236,125457,29.0,1,33,0.237576,0.8267,True,False,wall,10.0,29.0,-10.0
2237,125558,120.0,6,101,0.237339,0.8885,True,False,body,60.0,70.0,-10.0
2238,125604,50.0,3,46,0.237231,0.7945,True,False,body,30.0,30.0,-10.0
2239,125660,65.0,4,56,0.2371,1.0245,True,False,body,40.0,35.0,-10.0
2240,125714,58.0,3,54,0.236974,1.0747,True,False,wall,30.0,38.0,-10.0
2241,125829,159.0,9,115,0.236705,1.0574,True,False,body,90.0,79.0,-10.0
2242,126000,229.0,13,171,0.236307,0.9842,True,False,wall,130.0,109.0,-10.0
2243,126043,45.0,3,43,0.236207,1.0635,True,False,wall,30.0,25.0,-10.0
2244,126117,114.0,7,74,0.236035,0.7828,True,False,wall,70.0,54.0,-10.0
2245,126169,61.0,4,52,0.235914,0.7596,True,False,body,40.0,31.0,-10.0
2246,126311,170.0,9,142,0.235584,0.9281,True,False,body,90.0,90.0,-10.0
2247,126408,97.0,5,97,0.235359,0.9504,True,False,body,50.0,57.0,-10.0
2248,126556,201.0,10,148,0.235016,0.8538,True,False,body,100.0,111.0,-10.0
2249,126598,53.0,4,42,0.234919,0.8591,True,False,body,40.0,23.0,-10.0
2250,126636,39.0,2,38,0.234832,0.8675,True,False,wall,20.0,29.0,-10.0
2251,126700,67.0,4,64,0.234684,0.8172,True,False,wall,40.0,37.0,-10.0
2252,126796,120.0,7,96,0.234462,0.9629,True,False,wall,70.0,60.0,-10.0
2253,126856,60.0,3,60,0.234324,0.8905,True,False,body,30.0,40.0,-10.0
2254,126956,141.0,8,100,0.234094,0.7779,True,False,body,80.0,71.0,-10.0
2255,127100,205.0,12,144,0.233763,0.9111,True,False,body,120.0,95.0,-10.0
2256,127156,48.0,3,56,0.233634,0.8166,True,False,wall,30.0,28.0,-10.0
2257,127191,32.0,2,35,0.233554,0.9145,True,False,wall,20.0,22.0,-10.0
2258,127211,10.0,1,20,0.233508,0.8936,True,False,wall,10.0,10.0,-10.0
2259,127292,114.0,6,81,0.233322,0.8865,True,False,wall,60.0,64.0,-10.0
2260,127365,70.0,4,73,0.233155,0.9899,True,False,body,40.0,40.0,-10.0
2261,127437,97.0,6,72,0.23299,0.825,True,False,wall,60.0,47.0,-10.0
2262,127501,60.0,3,64,0.232844,0.8781,True,False,wall,30.0,40.0,-10.0
2263,127598,147.0,9,97,0.232622,0.8266,True,False,body,90.0,67.0,-10.0
2264,127695,137.0,9,97,0.232401,0.8875,True,False,body,90.0,57.0,-10.0
2265,127762,107.0,7,67,0.232248,0.976,True,False,wall,70.0,47.0,-10.0
2266,127852,110.0,5,90,0.232043,0.9706,True,False,body,50.0,70.0,-10.0
2267,127963,148.0,8,111,0.231791,0.8567,True,False,body,80.0,78.0,-10.0
2268,128020,75.0,5,57,0.231661,0.9918,True,False,body,50.0,35.0,-10.0
2269,128147,158.0,8,127,0.231373,0.9462,True,False,wall,80.0,88.0,-10.0
2270,128205,67.0,4,58,0.231242,0.8585,True,False,wall,40.0,37.0,-10.0
2271,128244,53.0,3,39,0.231154,0.8558,True,False,body,30.0,33.0,-10.0
2272,128316,93.0,6,72,0.230991,1.0565,True,False,wall,60.0,43.0,-10.0
2273,128370,60.0,3,54,0.230868,0.9174,True,False,body,30.0,40.0,-10.0
2274,128444,112.0,7,74,0.230701,1.0677,True,False,body,70.0,52.0,-10.0
2275,128520,98.0,5,76,0.23053,0.9287,True,False,wall,50.0,58.0,-10.0
2276,128562,90.0,7,42,0.230435,0.8209,True,False,wall,70.0,30.0,-10.0
2277,128635,98.0,6,73,0.23027,0.7992,True,False,wall,60.0,48.0,-10.0
2278,128668,39.0,3,33,0.230196,0.8456,True,False,wall,30.0,19.0,-10.0
2279,128755,100.0,6,87,0.23,0.9504,True,False,wall,60.0,50.0,-10.0
2280,128829,95.0,6,74,0.229834,1.0424,True,False,body,60.0,45.0,-10.0
2281,128886,73.0,5,57,0.229706,0.8765,True,False,body,50.0,33.0,-10.0
2282,128922,44.0,3,36,0.229625,0.7954,True,False,body,30.0,24.0,-10.0
2283,129021,112.0,6,99,0.229403,1.0201,True,False,body,60.0,62.0,-10.0
2284,129068,57.0,3,47,0.229297,1.2051,True,False,body,30.0,37.0,-10.0
2285,129149,129.0,9,81,0.229116,1.0477,True,False,body,90.0,49.0,-10.0
2286,129234,125.0,7,85,0.228926,0.9332,True,False,wall,70.0,65.0,-10.0
2287,129331,124.0,6,97,0.228709,0.9025,True,False,wall,60.0,74.0,-10.0
2288,129350,26.0,2,19,0.228666,0.889,True,False,wall,20.0,16.0,-10.0
2289,129434,108.0,5,84,0.228479,0.8626,True,False,wall,50.0,68.0,-10.0
2290,129492,95.0,6,58,0.228349,0.8278,True,False,wall,60.0,45.0,-10.0
2291,129534,64.0,5,42,0.228256,0.9559,True,False,body,50.0,24.0,-10.0
2292,129583,55.0,3,49,0.228147,0.9322,True,False,wall,30.0,35.0,-10.0
2293,129661,102.0,5,78,0.227973,0.8704,True,False,body,50.0,62.0,-10.0
2294,129712,79.0,5,51,0.22786,0.8913,True,False,body,50.0,39.0,-10.0
2295,129758,48.0,3,46,0.227757,0.8574,True,False,wall,30.0,28.0,-10.0
2296,129855,135.0,7,97,0.227542,0.8478,True,False,wall,70.0,75.0,-10.0
2297,129898,55.0,3,43,0.227447,0.8404,True,False,body,30.0,35.0,-10.0
2298,129918,23.0,2,20,0.227402,0.7696,True,False,wall,20.0,13.0,-10.0
2299,129948,40.0,3,30,0.227336,0.9253,True,False,body,30.0,20.0,-10.0
2300,130024,103.0,6,76,0.227167,0.9001,True,False,body,60.0,53.0,-10.0
2301,130075,68.0,4,51,0.227054,0.7875,True,False,wall,40.0,38.0,-10.0
2302,130116,71.0,5,41,0.226964,0.8577,True,False,body,50.0,31.0,-10.0
2303,130162,50.0,3,46,0.226862,0.8628,True,False,body,30.0,30.0,-10.0
2304,130203,40.0,2,41,0.226771,0.8006,True,False,wall,20.0,30.0,-10.0
2305,130220,0.0,0,17,0.226734,0.7757,True,False,wall,0.0,10.0,-10.0
2306,130348,165.0,10,128,0.226451,0.8949,True,False,body,100.0,75.0,-10.0
2307,130398,72.0,5,50,0.226341,0.8422,True,False,wall,50.0,32.0,-10.0
2308,130519,148.0,8,121,0.226075,0.9045,True,False,wall,80.0,78.0,-10.0
2309,130576,48.0,2,57,0.225949,1.0248,True,False,wall,20.0,38.0,-10.0
2310,130604,44.0,3,28,0.225888,0.9711,True,False,body,30.0,24.0,-10.0
2311,130663,84.0,4,59,0.225758,0.9226,True,False,wall,40.0,54.0,-10.0
2312,130808,217.0,11,145,0.22544,0.8243,True,False,body,110.0,117.0,-10.0
2313,130883,72.0,4,75,0.225275,0.8165,True,False,wall,40.0,42.0,-10.0
2314,130934,59.0,3,51,0.225163,0.8553,True,False,wall,30.0,39.0,-10.0
2315,130971,65.0,5,37,0.225082,0.8965,True,False,body,50.0,25.0,-10.0
2316,130991,3.0,0,20,0.225039,1.0266,True,False,wall,0.0,13.0,-10.0
2317,131067,109.0,8,76,0.224873,0.8314,True,False,body,80.0,39.0,-10.0
2318,131104,40.0,2,37,0.224792,0.785,True,False,wall,20.0,30.0,-10.0
2319,131149,64.0,4,45,0.224693,0.7081,True,False,wall,40.0,34.0,-10.0
2320,131185,62.0,5,36,0.224615,0.7732,True,False,wall,50.0,22.0,-10.0
2321,131275,108.0,7,90,0.224418,0.8462,True,False,body,70.0,48.0,-10.0
2322,131291,8.0,1,16,0.224384,0.8137,True,False,wall,10.0,8.0,-10.0
2323,131457,216.0,11,166,0.224022,0.8159,True,False,body,110.0,116.0,-10.0
2324,131562,104.0,6,105,0.223794,0.9836,True,False,body,60.0,54.0,-10.0
2325,131661,122.0,6,99,0.223579,0.8645,True,False,wall,60.0,72.0,-10.0
2326,131752,119.0,7,91,0.223382,0.8369,True,False,body,70.0,59.0,-10.0
2327,131923,216.0,12,171,0.223011,0.8543,True,False,body,120.0,106.0,-10.0
2328,131943,16.0,1,20,0.222968,0.7386,True,False,wall,10.0,16.0,-10.0
2329,131974,41.0,3,31,0.222901,0.7904,True,False,wall,30.0,21.0,-10.0
2330,132033,79.0,5,59,0.222774,0.8745,True,False,body,50.0,39.0,-10.0
2331,132095,90.0,5,62,0.22264,0.7863,True,False,body,50.0,50.0,-10.0
2332,132148,75.0,5,53,0.222525,0.8719,True,False,body,50.0,35.0,-10.0
2333,132268,160.0,9,120,0.222267,0.8621,True,False,wall,90.0,80.0,-10.0
2334,132325,114.0,8,57,0.222144,0.8734,True,False,body,80.0,44.0,-10.0
2335,132363,39.0,2,38,0.222062,0.7881,True,False,wall,20.0,29.0,-10.0
2336,132491,188.0,9,128,0.221787,0.8754,True,False,body,90.0,108.0,-10.0
2337,132601,153.0,8,110,0.221551,0.8857,True,False,wall,80.0,83.0,-10.0
2338,132675,96.0,5,74,0.221393,0.8245,True,False,wall,50.0,56.0,-10.0
2339,132686,7.0,1,11,0.221369,1.0723,True,False,wall,10.0,7.0,-10.0
2340,132798,160.0,9,112,0.221129,1.1761,True,False,body,90.0,80.0,-10.0
2341,132945,214.0,12,147,0.220815,1.2961,True,False,wall,120.0,104.0,-10.0
2342,133059,145.0,8,114,0.220572,1.0196,True,False,body,80.0,75.0,-10.0
2343,133174,162.0,10,115,0.220327,0.9353,True,False,wall,100.0,72.0,-10.0
2344,133207,38.0,2,33,0.220257,0.8462,True,False,wall,20.0,28.0,-10.0
2345,133234,32.0,2,27,0.220199,0.82,True,False,wall,20.0,22.0,-10.0
2346,133317,121.0,7,83,0.220023,0.8531,True,False,body,70.0,61.0,-10.0
2347,133498,233.0,11,181,0.219639,0.8121,True,False,wall,110.0,133.0,-10.0
2348,133609,129.0,7,111,0.219403,0.8149,True,False,wall,70.0,69.0,-10.0
2349,133853,335.0,16,244,0.218887,0.8538,True,False,body,160.0,185.0,-10.0
2350,133989,194.0,11,136,0.218601,0.8232,True,False,body,110.0,94.0,-10.0
2351,134097,171.0,10,108,0.218373,0.9927,True,False,body,100.0,81.0,-10.0
2352,134175,112.0,7,78,0.218209,0.8741,True,False,body,70.0,52.0,-10.0
2353,134343,204.0,11,168,0.217856,0.9304,True,False,body,110.0,104.0,-10.0
2354,134450,151.0,9,107,0.217632,0.9052,True,False,body,90.0,71.0,-10.0
2355,134524,103.0,6,74,0.217477,0.9622,True,False,body,60.0,53.0,-10.0
2356,134630,147.0,8,106,0.217255,0.9513,True,False,wall,80.0,77.0,-10.0
2357,134677,62.0,4,47,0.217157,0.9691,True,False,wall,40.0,32.0,-10.0
2358,134738,95.0,7,61,0.217029,0.9555,True,False,body,70.0,35.0,-10.0
2359,134817,106.0,6,79,0.216865,1.0956,True,False,body,60.0,56.0,-10.0
2360,134919,134.0,7,102,0.216652,1.2508,True,False,wall,70.0,74.0,-10.0
2361,135056,179.0,9,137,0.216367,1.0287,True,False,body,90.0,99.0,-10.0
2362,135161,136.0,8,105,0.216149,1.0427,True,False,body,80.0,66.0,-10.0
2363,135312,192.0,10,151,0.215835,1.0677,True,False,body,100.0,102.0,-10.0
2364,135363,72.0,4,51,0.21573,0.9072,True,False,wall,40.0,42.0,-10.0
2365,135433,82.0,5,70,0.215585,0.9904,True,False,body,50.0,42.0,-10.0
2366,135502,94.0,6,69,0.215442,0.992,True,False,body,60.0,44.0,-10.0
2367,135518,10.0,1,16,0.215409,0.8431,True,False,wall,10.0,10.0,-10.0
2368,135531,-2.0,0,13,0.215382,0.9906,True,False,wall,0.0,8.0,-10.0
2369,135576,58.0,4,45,0.215289,0.956,True,False,body,40.0,28.0,-10.0
2370,135630,67.0,4,54,0.215177,1.0786,True,False,wall,40.0,37.0,-10.0
2371,135703,91.0,5,73,0.215027,0.8836,True,False,wall,50.0,51.0,-10.0
2372,135913,247.0,12,210,0.214594,0.8713,True,False,wall,120.0,137.0,-10.0
2373,135957,48.0,3,44,0.214504,0.8748,True,False,wall,30.0,28.0,-10.0
2374,136019,75.0,4,62,0.214376,1.0288,True,False,body,40.0,45.0,-10.0
2375,136066,66.0,4,47,0.21428,0.9941,True,False,body,40.0,36.0,-10.0
2376,136216,201.0,10,150,0.213972,0.8952,True,False,body,100.0,111.0,-10.0
2377,136281,73.0,3,65,0.213839,1.0452,True,False,body,30.0,53.0,-10.0
2378,136346,98.0,6,65,0.213706,0.9501,True,False,body,60.0,48.0,-10.0
2379,136385,41.0,3,39,0.213626,0.8511,True,False,body,30.0,21.0,-10.0
2380,136468,111.0,7,83,0.213456,0.9098,True,False,body,70.0,51.0,-10.0
2381,136564,143.0,8,96,0.21326,0.8745,True,False,wall,80.0,73.0,-10.0
2382,136641,104.0,6,77,0.213103,0.8993,True,False,body,60.0,54.0,-10.0
2383,136723,109.0,6,82,0.212936,0.8377,True,False,wall,60.0,59.0,-10.0
2384,136849,144.0,7,126,0.21268,0.8982,True,False,body,70.0,84.0,-10.0
2385,136935,92.0,5,86,0.212505,1.0464,True,False,wall,50.0,52.0,-10.0
2386,137073,217.0,14,138,0.212225,1.0545,True,False,wall,140.0,87.0,-10.0
2387,137096,42.0,4,23,0.212178,1.0354,True,False,body,40.0,12.0,-10.0
2388,137156,52.0,3,60,0.212056,1.0518,True,False,wall,30.0,32.0,-10.0
2389,137315,204.0,12,159,0.211735,1.0798,True,False,wall,120.0,94.0,-10.0
2390,137478,223.0,11,163,0.211405,1.0403,True,False,wall,110.0,123.0,-10.0
2391,137490,1.0,0,12,0.211381,1.0286,True,False,wall,0.0,11.0,-10.0
2392,137557,93.0,5,67,0.211246,0.9902,True,False,body,50.0,53.0,-10.0
2393,137622,84.0,4,65,0.211115,0.8847,True,False,body,40.0,54.0,-10.0
2394,137702,99.0,6,80,0.210954,0.9613,True,False,wall,60.0,49.0,-10.0
2395,137723,0.0,0,21,0.210912,1.0814,True,False,wall,0.0,10.0,-10.0
2396,137737,8.0,1,14,0.210884,0.9657,True,False,wall,10.0,8.0,-10.0
2397,137745,6.0,1,8,0.210868,0.8226,True,False,wall,10.0,6.0,-10.0
2398,137841,131.0,8,96,0.210675,0.8719,True,False,body,80.0,61.0,-10.0
2399,137937,132.0,7,96,0.210482,0.9066,True,False,body,70.0,72.0,-10.0
2400,137952,7.0,1,15,0.210452,1.2229,True,False,wall,10.0,7.0,-10.0
2401,137989,69.0,5,37,0.210378,1.4255,True,False,body,50.0,29.0,-10.0
2402,138124,170.0,8,135,0.210107,0.8941,True,False,wall,80.0,100.0,-10.0
2403,138200,87.0,4,76,0.209955,0.9187,True,False,body,40.0,57.0,-10.0
2404,138258,78.0,5,58,0.209839,0.9066,True,False,body,50.0,38.0,-10.0
2405,138292,44.0,3,34,0.209772,0.9344,True,False,body,30.0,24.0,-10.0
2406,138427,184.0,10,135,0.209502,0.9029,True,False,body,100.0,94.0,-10.0
2407,138469,70.0,5,42,0.209418,1.0653,True,False,body,50.0,30.0,-10.0
2408,138578,139.0,7,109,0.209201,0.937,True,False,body,70.0,79.0,-10.0
2409,138602,18.0,1,24,0.209154,0.7922,True,False,wall,10.0,18.0,-10.0
2410,138653,63.0,3,51,0.209052,0.7564,True,False,body,30.0,43.0,-10.0
2411,138713,82.0,5,60,0.208933,0.8003,True,False,wall,50.0,42.0,-10.0
2412,138850,180.0,10,137,0.208661,0.9013,True,False,body,100.0,90.0,-10.0
2413,138883,56.0,4,33,0.208596,0.9506,True,False,wall,40.0,26.0,-10.0
2414,139013,194.0,11,130,0.208338,0.8486,True,False,wall,110.0,94.0,-10.0
2415,139181,218.0,11,168,0.208006,0.9414,True,False,wall,110.0,118.0,-10.0
2416,139348,226.0,12,167,0.207676,0.8711,True,False,body,120.0,116.0,-10.0
2417,139392,59.0,4,44,0.20759,0.937,True,False,body,40.0,29.0,-10.0
2418,139492,139.0,8,100,0.207393,0.909,True,False,body,80.0,69.0,-10.0
2419,139678,213.0,10,186,0.207027,0.8596,True,False,body,100.0,123.0,-10.0
2420,139771,127.0,7,93,0.206845,0.8259,True,False,body,70.0,67.0,-10.0
2421,139860,114.0,6,89,0.20667,0.9674,True,False,wall,60.0,64.0,-10.0
2422,139958,161.0,10,98,0.206479,0.8491,True,False,wall,100.0,71.0,-10.0
2423,140011,83.0,5,53,0.206375,0.9928,True,False,body,50.0,43.0,-10.0
2424,140114,149.0,9,103,0.206174,0.8768,True,False,body,90.0,69.0,-10.0
2425,140213,133.0,7,99,0.205981,0.7915,True,False,body,70.0,73.0,-10.0
2426,140380,244.0,14,167,0.205655,0.892,True,False,wall,140.0,114.0,-10.0
2427,140474,114.0,7,94,0.205473,0.9253,True,False,body,70.0,54.0,-10.0
2428,140503,22.0,2,29,0.205416,0.9423,True,False,wall,20.0,12.0,-10.0
2429,140623,151.0,8,120,0.205183,1.0027,True,False,wall,80.0,81.0,-10.0
2430,140714,118.0,6,91,0.205007,1.0477,True,False,wall,60.0,68.0,-10.0
2431,140754,55.0,4,40,0.204929,0.9355,True,False,wall,40.0,25.0,-10.0
2432,140810,69.0,4,56,0.204821,0.9069,True,False,wall,40.0,39.0,-10.0
2433,140945,171.0,9,135,0.20456,1.3773,True,False,wall,90.0,91.0,-10.0
2434,141000,79.0,5,55,0.204454,1.3415,True,False,wall,50.0,39.0,-10.0
2435,141187,265.0,15,187,0.204093,1.2342,True,False,wall,150.0,125.0,-10.0
2436,141212,32.0,2,25,0.204045,1.0083,True,False,wall,20.0,22.0,-10.0
2437,141222,8.0,1,10,0.204026,0.9107,True,False,wall,10.0,8.0,-10.0
2438,141246,38.0,3,24,0.20398,0.8637,True,False,wall,30.0,18.0,-10.0
2439,141306,92.0,5,60,0.203864,0.878,True,False,body,50.0,52.0,-10.0
2440,141317,-4.0,0,11,0.203843,0.8032,True,False,wall,0.0,6.0,-10.0
2441,141369,91.0,6,52,0.203743,0.9153,True,False,wall,60.0,41.0,-10.0
2442,141486,159.0,9,117,0.203518,1.0033,True,False,wall,90.0,79.0,-10.0
2443,141506,27.0,2,20,0.20348,1.1547,True,False,wall,20.0,17.0,-10.0
2444,141560,67.0,4,54,0.203376,1.0533,True,False,wall,40.0,37.0,-10.0
2445,141595,52.0,4,35,0.203309,0.9396,True,False,wall,40.0,22.0,-10.0
2446,141691,120.0,7,96,0.203125,1.0045,True,False,wall,70.0,60.0,-10.0
2447,141823,183.0,10,132,0.202873,0.8962,True,False,wall,100.0,93.0,-10.0
2448,141853,29.0,2,30,0.202816,0.9031,True,False,wall,20.0,19.0,-10.0
2449,141978,135.0,7,125,0.202577,0.8734,True,False,wall,70.0,75.0,-10.0
2450,142003,19.0,1,25,0.202529,0.8469,True,False,wall,10.0,19.0,-10.0
2451,142079,117.0,6,76,0.202385,0.8703,True,False,wall,60.0,67.0,-10.0
2452,142245,275.0,16,166,0.202069,0.8904,True,False,wall,160.0,125.0,-10.0
2453,142362,191.0,11,117,0.201846,0.885,True,False,body,110.0,91.0,-10.0
2454,142435,111.0,7,73,0.201708,0.8375,True,False,body,70.0,51.0,-10.0
2455,142540,155.0,9,105,0.201509,0.8921,True,False,body,90.0,75.0,-10.0
2456,142570,40.0,3,30,0.201452,0.9994,True,False,wall,30.0,20.0,-10.0
2457,142621,78.0,6,51,0.201356,0.8202,True,False,body,60.0,28.0,-10.0
2458,142807,235.0,12,186,0.201004,0.9226,True,False,body,120.0,125.0,-10.0
2459,142842,51.0,3,35,0.200938,1.0512,True,False,body,30.0,31.0,-10.0
2460,142899,73.0,5,57,0.200831,0.8461,True,False,body,50.0,33.0,-10.0
2461,142911,19.0,2,12,0.200808,0.7472,True,False,wall,20.0,9.0,-10.0
2462,143012,172.0,10,101,0.200618,0.8527,True,False,wall,100.0,82.0,-10.0
2463,143063,81.0,5,51,0.200522,0.8169,True,False,body,50.0,41.0,-10.0
2464,143142,117.0,7,79,0.200373,0.8512,True,False,wall,70.0,57.0,-10.0
2465,143254,139.0,8,112,0.200163,0.9339,True,False,body,80.0,69.0,-10.0
2466,143368,155.0,8,114,0.199949,0.9453,True,False,wall,80.0,85.0,-10.0
2467,143381,20.0,2,13,0.199925,1.0915,True,False,wall,20.0,10.0,-10.0
2468,143431,39.0,2,50,0.199831,0.9162,True,False,wall,20.0,29.0,-10.0
2469,143440,5.0,1,9,0.199814,1.0243,True,False,wall,10.0,5.0,-10.0
2470,143512,105.0,6,72,0.199679,1.0809,True,False,body,60.0,55.0,-10.0
2471,143541,34.0,2,29,0.199625,1.0821,True,False,wall,20.0,24.0,-10.0
2472,143556,13.0,1,15,0.199597,0.8414,True,False,wall,10.0,13.0,-10.0
2473,143569,11.0,1,13,0.199573,0.9529,True,False,wall,10.0,11.0,-10.0
2474,143610,38.0,2,41,0.199496,0.9097,True,False,wall,20.0,28.0,-10.0
2475,143732,178.0,11,122,0.199268,0.9027,True,False,body,110.0,78.0,-10.0
2476,143823,121.0,7,91,0.199099,1.0261,True,False,wall,70.0,61.0,-10.0
2477,143877,67.0,4,54,0.198998,0.9512,True,False,body,40.0,37.0,-10.0
2478,143919,63.0,4,42,0.19892,0.9056,True,False,body,40.0,33.0,-10.0
2479,143957,44.0,3,38,0.198849,0.961,True,False,body,30.0,24.0,-10.0
2480,143982,26.0,2,25,0.198802,0.8469,True,False,wall,20.0,16.0,-10.0
2481,144086,139.0,8,104,0.198609,1.0359,True,False,body,80.0,69.0,-10.0
2482,144258,269.0,16,172,0.19829,0.9458,True,False,wall,160.0,119.0,-10.0
2483,144402,163.0,8,144,0.198023,0.9265,True,False,body,80.0,93.0,-10.0
2484,144415,18.0,2,13,0.197999,0.8958,True,False,wall,20.0,8.0,-10.0
2485,144476,76.0,4,61,0.197886,0.937,True,False,body,40.0,46.0,-10.0
2486,144520,63.0,4,44,0.197805,0.9299,True,False,body,40.0,33.0,-10.0
2487,144540,1.0,0,20,0.197768,0.9687,True,False,wall,0.0,11.0,-10.0
2488,144631,124.0,6,91,0.1976,1.0152,True,False,wall,60.0,74.0,-10.0
2489,144728,136.0,8,97,0.197421,1.0152,True,False,body,80.0,66.0,-10.0
2490,144817,126.0,8,89,0.197257,0.9153,True,False,body,80.0,56.0,-10.0
2491,144970,189.0,9,153,0.196976,0.9994,True,False,wall,90.0,109.0,-10.0
2492,145000,53.0,4,30,0.196921,1.0181,True,False,wall,40.0,23.0,-10.0
2493,145198,290.0,15,198,0.196558,0.9378,True,False,body,150.0,150.0,-10.0
2494,145311,153.0,9,113,0.196351,1.0352,True,False,body,90.0,73.0,-10.0
2495,145401,108.0,5,90,0.196186,1.2114,True,False,body,50.0,68.0,-10.0
2496,145479,94.0,5,78,0.196044,1.1265,True,False,body,50.0,54.0,-10.0
2497,145647,263.0,16,168,0.195738,1.0429,True,False,wall,160.0,113.0,-10.0
2498,145757,138.0,7,110,0.195537,0.9997,True,False,body,70.0,78.0,-10.0
2499,145778,24.0,2,21,0.195499,0.9719,True,False,wall,20.0,14.0,-10.0
2500,145857,113.0,7,79,0.195355,0.9581,True,False,wall,70.0,53.0,-10.0
2501,146061,297.0,18,204,0.194985,0.91,True,False,body,180.0,127.0,-10.0
2502,146179,199.0,12,118,0.194772,0.9418,True,False,body,120.0,89.0,-10.0
2503,146279,131.0,8,100,0.194591,0.9404,True,False,body,80.0,61.0,-10.0
2504,146313,48.0,3,34,0.194529,0.906,True,False,wall,30.0,28.0,-10.0
2505,146351,41.0,2,38,0.194461,0.951,True,False,wall,20.0,31.0,-10.0
2506,146406,64.0,4,55,0.194361,0.8343,True,False,wall,40.0,34.0,-10.0
2507,146497,143.0,9,91,0.194197,0.9036,True,False,body,90.0,63.0,-10.0
2508,146524,39.0,3,27,0.194149,0.8774,True,False,body,30.0,19.0,-10.0
2509,146643,152.0,8,119,0.193934,0.8523,True,False,body,80.0,82.0,-10.0
2510,146683,63.0,4,40,0.193862,0.9168,True,False,wall,40.0,33.0,-10.0
2511,146735,43.0,2,52,0.193769,0.8688,True,False,wall,20.0,33.0,-10.0
2512,146775,44.0,3,40,0.193697,0.8327,True,False,body,30.0,24.0,-10.0
2513,146827,58.0,3,52,0.193604,0.8592,True,False,body,30.0,38.0,-10.0
2514,146934,144.0,8,107,0.193412,0.8423,True,False,body,80.0,74.0,-10.0
2515,147004,129.0,8,70,0.193286,0.904,True,False,body,80.0,59.0,-10.0
2516,147192,276.0,15,188,0.19295,0.8902,True,False,body,150.0,136.0,-10.0
2517,147283,100.0,4,91,0.192787,1.0055,True,False,body,40.0,70.0,-10.0
2518,147406,182.0,10,123,0.192568,0.9208,True,False,body,100.0,92.0,-10.0
2519,147457,77.0,5,51,0.192477,0.9175,True,False,wall,50.0,37.0,-10.0
2520,147562,164.0,10,105,0.19229,0.9809,True,False,body,100.0,74.0,-10.0
2521,147610,54.0,3,48,0.192205,0.8893,True,False,body,30.0,34.0,-10.0
2522,147642,47.0,4,32,0.192148,0.8572,True,False,wall,40.0,17.0,-10.0
2523,147665,13.0,1,23,0.192107,0.9181,True,False,wall,10.0,13.0,-10.0
2524,147700,47.0,3,35,0.192045,0.8619,True,False,body,30.0,27.0,-10.0
2525,147714,19.0,2,14,0.19202,0.8713,True,False,wall,20.0,9.0,-10.0
2526,147733,13.0,1,19,0.191987,0.8794,True,False,wall,10.0,13.0,-10.0
2527,147784,75.0,5,51,0.191896,0.9577,True,False,body,50.0,35.0,-10.0
2528,147824,48.0,3,40,0.191825,0.8531,True,False,wall,30.0,28.0,-10.0
2529,147911,120.0,6,87,0.191671,0.9432,True,False,wall,60.0,70.0,-10.0
2530,148005,118.0,7,94,0.191505,0.8999,True,False,body,70.0,58.0,-10.0
2531,148033,44.0,3,28,0.191455,0.8912,True,False,wall,30.0,24.0,-10.0
2532,148084,77.0,5,51,0.191365,0.9939,True,False,body,50.0,37.0,-10.0
2533,148160,124.0,7,76,0.191231,0.8874,True,False,wall,70.0,64.0,-10.0
2534,148320,227.0,12,160,0.190949,0.9023,True,False,body,120.0,117.0,-10.0
2535,148347,19.0,1,27,0.190901,0.9577,True,False,wall,10.0,19.0,-10.0
2536,148423,101.0,6,76,0.190767,1.0578,True,False,body,60.0,51.0,-10.0
2537,148560,190.0,10,137,0.190526,1.3085,True,False,wall,100.0,100.0,-10.0
2538,148614,59.0,4,54,0.190431,1.276,True,False,body,40.0,29.0,-10.0
2539,148730,201.0,12,116,0.190228,1.3802,True,False,wall,120.0,91.0,-10.0
2540,148790,73.0,4,60,0.190123,1.1892,True,False,wall,40.0,43.0,-10.0
2541,148822,46.0,3,32,0.190067,1.2979,True,False,wall,30.0,26.0,-10.0
2542,148902,118.0,7,80,0.189927,1.1565,True,False,body,70.0,58.0,-10.0
2543,148965,96.0,6,63,0.189817,1.0684,True,False,wall,60.0,46.0,-10.0
2544,148998,49.0,3,33,0.189759,0.9956,True,False,wall,30.0,29.0,-10.0
2545,149081,127.0,7,83,0.189614,0.9658,True,False,body,70.0,67.0,-10.0
2546,149116,47.0,3,35,0.189553,1.1142,True,False,body,30.0,27.0,-10.0
2547,149180,104.0,7,64,0.189441,0.9886,True,False,body,70.0,44.0,-10.0
2548,149294,165.0,8,114,0.189243,0.9885,True,False,body,80.0,95.0,-10.0
2549,149341,73.0,5,47,0.189161,0.9402,True,False,body,50.0,33.0,-10.0
2550,149485,250.0,15,144,0.188911,0.9587,True,False,wall,150.0,110.0,-10.0
2551,149660,239.0,13,175,0.188607,0.9468,True,False,body,130.0,119.0,-10.0
2552,149689,19.0,1,29,0.188557,0.9183,True,False,wall,10.0,19.0,-10.0
2553,149740,64.0,4,51,0.188469,0.9022,True,False,wall,40.0,34.0,-10.0
2554,149786,68.0,5,46,0.188389,0.8295,True,False,wall,50.0,28.0,-10.0
2555,149822,37.0,2,36,0.188327,1.0715,True,False,wall,20.0,27.0,-10.0
2556,149876,87.0,6,54,0.188234,0.8666,True,False,wall,60.0,37.0,-10.0
2557,150009,189.0,11,133,0.188004,0.8634,True,False,wall,110.0,89.0,-10.0
2558,150050,64.0,4,41,0.187933,0.8502,True,False,wall,40.0,34.0,-10.0
2559,150126,130.0,9,76,0.187802,0.9789,True,False,body,90.0,50.0,-10.0
2560,150187,85.0,5,61,0.187697,1.1095,True,False,body,50.0,45.0,-10.0
2561,150272,100.0,6,85,0.187551,0.9273,True,False,body,60.0,50.0,-10.0
2562,150335,76.0,4,63,0.187443,1.0112,True,False,body,40.0,46.0,-10.0
2563,150373,35.0,2,38,0.187377,0.9478,True,False,wall,20.0,25.0,-10.0
2564,150502,179.0,9,129,0.187156,1.0024,True,False,wall,90.0,99.0,-10.0
2565,150562,104.0,7,60,0.187053,0.9538,True,False,body,70.0,44.0,-10.0
2566,150685,172.0,10,123,0.186843,0.9708,True,False,body,100.0,82.0,-10.0
2567,150869,285.0,16,184,0.186528,0.9261,True,False,body,160.0,135.0,-10.0
2568,151090,266.0,14,221,0.186152,1.184,True,False,body,140.0,136.0,-10.0
2569,151292,268.0,15,202,0.185808,0.9826,True,False,body,150.0,128.0,-10.0
2570,151337,53.0,3,45,0.185732,0.943,True,False,body,30.0,33.0,-10.0
2571,151476,186.0,10,139,0.185496,0.9825,True,False,body,100.0,96.0,-10.0
2572,151605,204.0,12,129,0.185278,0.9398,True,False,wall,120.0,94.0,-10.0
2573,151615,8.0,1,10,0.185261,0.9327,True,False,wall,10.0,8.0,-10.0
2574,151683,106.0,7,68,0.185146,0.991,True,False,body,70.0,46.0,-10.0
2575,151822,207.0,11,139,0.184912,0.9067,True,False,body,110.0,107.0,-10.0
2576,151879,90.0,6,57,0.184816,0.9169,True,False,body,60.0,40.0,-10.0
2577,151924,58.0,4,45,0.18474,0.9527,True,False,wall,40.0,28.0,-10.0
2578,152035,148.0,8,111,0.184553,0.8892,True,False,body,80.0,78.0,-10.0
2579,152119,113.0,6,84,0.184412,0.8786,True,False,wall,60.0,63.0,-10.0
2580,152353,301.0,16,234,0.184019,0.8722,True,False,body,160.0,151.0,-10.0
2581,152454,160.0,10,101,0.18385,0.851,True,False,body,100.0,70.0,-10.0
2582,152570,168.0,9,116,0.183656,0.883,True,False,wall,90.0,88.0,-10.0
2583,152652,116.0,7,82,0.183519,0.9092,True,False,body,70.0,56.0,-10.0
2584,152671,0.0,0,19,0.183487,0.9391,True,False,wall,0.0,10.0,-10.0
2585,152751,109.0,6,80,0.183354,0.8745,True,False,body,60.0,59.0,-10.0
2586,152770,35.0,3,19,0.183322,0.909,True,False,wall,30.0,15.0,-10.0
2587,152874,145.0,8,104,0.183149,0.9804,True,False,body,80.0,75.0,-10.0
2588,153009,170.0,8,135,0.182925,0.9547,True,False,wall,80.0,100.0,-10.0
2589,153232,312.0,16,223,0.182555,0.954,True,False,wall,160.0,162.0,-10.0
2590,153351,179.0,9,119,0.182358,1.0123,True,False,body,90.0,99.0,-10.0
2591,153430,110.0,6,79,0.182227,0.9885,True,False,wall,60.0,60.0,-10.0
2592,153465,65.0,5,35,0.182169,0.9908,True,False,body,50.0,25.0,-10.0
2593,153541,92.0,5,76,0.182044,1.1005,True,False,wall,50.0,52.0,-10.0
2594,153597,76.0,5,56,0.181951,1.1152,True,False,body,50.0,36.0,-10.0
2595,153656,66.0,4,59,0.181854,0.9509,True,False,wall,40.0,36.0,-10.0
2596,153761,147.0,9,105,0.181681,0.984,True,False,body,90.0,67.0,-10.0
2597,153827,78.0,5,66,0.181572,0.934,True,False,body,50.0,38.0,-10.0
2598,153906,119.0,7,79,0.181443,0.8838,True,False,body,70.0,59.0,-10.0
2599,153948,46.0,3,42,0.181374,0.8797,True,False,body,30.0,26.0,-10.0
2600,154081,191.0,11,133,0.181155,0.9712,True,False,body,110.0,91.0,-10.0
2601,154148,109.0,7,67,0.181046,0.9149,True,False,body,70.0,49.0,-10.0
2602,154183,49.0,3,35,0.180988,0.9676,True,False,wall,30.0,29.0,-10.0
2603,154222,40.0,2,39,0.180924,1.0447,True,False,wall,20.0,30.0,-10.0
2604,154367,211.0,11,145,0.180687,1.0042,True,False,wall,110.0,111.0,-10.0
2605,154577,314.0,17,210,0.180345,0.9769,True,False,body,170.0,154.0,-10.0
2606,154640,87.0,5,63,0.180242,1.03,True,False,wall,50.0,47.0,-10.0
2607,154708,86.0,5,68,0.180131,1.0341,True,False,body,50.0,46.0,-10.0
2608,155026,450.0,23,318,0.179615,1.1728,True,False,body,230.0,230.0,-10.0
2609,155071,49.0,3,45,0.179542,1.0032,True,False,body,30.0,29.0,-10.0
2610,155087,10.0,1,16,0.179516,1.0328,True,False,wall,10.0,10.0,-10.0
2611,155194,168.0,10,107,0.179343,1.0646,True,False,body,100.0,78.0,-10.0
2612,155263,89.0,5,69,0.179232,1.0028,True,False,body,50.0,49.0,-10.0
2613,155340,87.0,5,77,0.179107,1.0154,True,False,body,50.0,47.0,-10.0
2614,155486,233.0,14,146,0.178872,0.9386,True,False,body,140.0,103.0,-10.0
2615,155569,106.0,6,83,0.178738,0.9999,True,False,wall,60.0,56.0,-10.0
2616,155717,215.0,12,148,0.1785,1.1445,True,False,body,120.0,105.0,-10.0
2617,155810,140.0,8,93,0.178351,1.0118,True,False,body,80.0,70.0,-10.0
2618,155915,176.0,12,105,0.178183,1.0126,True,False,body,120.0,66.0,-10.0
2619,155973,95.0,6,58,0.17809,0.972,True,False,wall,60.0,45.0,-10.0
2620,156093,179.0,10,120,0.177898,0.9884,True,False,body,100.0,89.0,-10.0
2621,156146,94.0,6,53,0.177813,1.0442,True,False,body,60.0,44.0,-10.0
2622,156258,147.0,8,112,0.177634,0.9376,True,False,wall,80.0,77.0,-10.0
2623,156489,238.0,14,231,0.177266,1.015,True,False,body,140.0,108.0,-10.0
2624,156604,128.0,6,115,0.177084,1.0547,True,False,body,60.0,78.0,-10.0
2625,156649,57.0,3,45,0.177012,1.1356,True,False,wall,30.0,37.0,-10.0
2626,156716,82.0,4,67,0.176906,0.9692,True,False,wall,40.0,52.0,-10.0
2627,156774,84.0,5,58,0.176814,0.9329,True,False,body,50.0,44.0,-10.0
2628,156872,154.0,9,98,0.176659,1.0777,True,False,body,90.0,74.0,-10.0
2629,157042,261.0,14,170,0.17639,1.0939,True,False,body,140.0,131.0,-10.0
2630,157154,134.0,7,112,0.176213,1.0932,True,False,body,70.0,74.0,-10.0
2631,157215,76.0,4,61,0.176117,1.214,True,False,body,40.0,46.0,-10.0
2632,157262,73.0,5,47,0.176043,1.323,True,False,body,50.0,33.0,-10.0
2633,157411,195.0,11,149,0.175808,1.0687,True,False,wall,110.0,95.0,-10.0
2634,157471,60.0,3,60,0.175714,1.108,True,False,body,30.0,40.0,-10.0
2635,157480,5.0,1,9,0.1757,1.1992,True,False,wall,10.0,5.0,-10.0
2636,157546,112.0,7,66,0.175596,1.061,True,False,body,70.0,52.0,-10.0
2637,157676,174.0,9,130,0.175392,1.0016,True,False,body,90.0,94.0,-10.0
2638,157755,117.0,7,79,0.175268,0.9255,True,False,body,70.0,57.0,-10.0
2639,157837,107.0,6,82,0.17514,1.0354,True,False,body,60.0,57.0,-10.0
2640,157893,76.0,5,56,0.175052,1.0468,True,False,body,50.0,36.0,-10.0
2641,158024,185.0,11,131,0.174848,0.978,True,False,wall,110.0,85.0,-10.0
2642,158159,175.0,9,135,0.174637,1.0868,True,False,wall,90.0,95.0,-10.0
2643,158227,84.0,5,68,0.174531,1.0598,True,False,wall,50.0,44.0,-10.0
2644,158317,108.0,5,90,0.174391,0.9544,True,False,body,50.0,68.0,-10.0
2645,158415,135.0,8,98,0.174239,0.9768,True,False,body,80.0,65.0,-10.0
2646,158588,208.0,10,173,0.173971,1.1737,True,False,body,100.0,118.0,-10.0
2647,158604,12.0,1,16,0.173946,0.9257,True,False,wall,10.0,12.0,-10.0
2648,158629,22.0,2,25,0.173907,1.0953,True,False,wall,20.0,12.0,-10.0
2649,158649,16.0,1,20,0.173876,0.9149,True,False,wall,10.0,16.0,-10.0
2650,158763,145.0,8,114,0.1737,1.0536,True,False,body,80.0,75.0,-10.0
2651,158840,110.0,6,77,0.173581,0.9232,True,False,body,60.0,60.0,-10.0
2652,158880,50.0,3,40,0.173519,0.962,True,False,wall,30.0,30.0,-10.0
2653,158984,146.0,7,104,0.173359,0.9411,True,False,wall,70.0,86.0,-10.0
2654,159071,134.0,8,87,0.173224,0.975,True,False,body,80.0,64.0,-10.0
2655,159120,44.0,2,49,0.173149,0.9908,True,False,wall,20.0,34.0,-10.0
2656,159175,75.0,5,55,0.173064,0.8932,True,False,body,50.0,35.0,-10.0
2657,159323,196.0,11,148,0.172837,0.9328,True,False,body,110.0,96.0,-10.0
2658,159422,144.0,8,99,0.172685,0.9201,True,False,body,80.0,74.0,-10.0
2659,159476,70.0,5,54,0.172602,1.2486,True,False,body,50.0,30.0,-10.0
2660,159525,73.0,5,49,0.172527,1.3879,True,False,wall,50.0,33.0,-10.0
2661,159627,134.0,7,102,0.172371,0.9493,True,False,wall,70.0,74.0,-10.0
2662,159667,68.0,5,40,0.17231,1.1854,True,False,wall,50.0,28.0,-10.0
2663,159727,91.0,6,60,0.172218,1.0054,True,False,body,60.0,41.0,-10.0
2664,159766,49.0,3,39,0.172159,1.2948,True,False,wall,30.0,29.0,-10.0
2665,159899,198.0,12,133,0.171956,1.1271,True,False,body,120.0,88.0,-10.0
2666,159918,26.0,2,19,0.171927,1.0147,True,False,wall,20.0,16.0,-10.0
2667,159989,99.0,5,71,0.171819,1.1155,True,False,wall,50.0,59.0,-10.0
2668,160066,100.0,6,77,0.171701,1.0151,True,False,body,60.0,50.0,-10.0
2669,160168,157.0,8,102,0.171546,1.0641,True,False,wall,80.0,87.0,-10.0
2670,160329,205.0,11,161,0.171302,1.0513,True,False,body,110.0,105.0,-10.0
2671,160342,3.0,1,13,0.171282,0.8677,True,False,wall,10.0,3.0,-10.0
2672,160461,153.0,9,119,0.171102,0.915,True,False,body,90.0,73.0,-10.0
2673,160520,61.0,3,59,0.171013,0.9864,True,False,wall,30.0,41.0,-10.0
2674,160623,159.0,9,103,0.170857,1.0878,True,False,body,90.0,79.0,-10.0
2675,160692,77.0,5,69,0.170753,1.0477,True,False,body,50.0,37.0,-10.0
2676,160720,47.0,4,28,0.17071,0.8247,True,False,body,40.0,17.0,-10.0
2677,161012,427.0,22,292,0.170271,1.0367,True,False,body,220.0,217.0,-10.0
2678,161131,173.0,9,119,0.170092,0.9647,True,False,wall,90.0,93.0,-10.0
2679,161202,80.0,4,71,0.169985,1.2222,True,False,body,40.0,50.0,-10.0
2680,161220,16.0,1,18,0.169958,1.0342,True,False,wall,10.0,16.0,-10.0
2681,161285,98.0,6,65,0.169861,1.0304,True,False,body,60.0,48.0,-10.0
2682,161324,36.0,2,39,0.169803,1.1098,True,False,wall,20.0,26.0,-10.0
2683,161456,200.0,11,132,0.169605,1.2197,True,False,body,110.0,100.0,-10.0
2684,161488,26.0,1,32,0.169557,1.1859,True,False,wall,10.0,26.0,-10.0
2685,161539,64.0,4,51,0.169481,1.1775,True,False,wall,40.0,34.0,-10.0
2686,161583,73.0,6,44,0.169415,1.1131,True,False,body,60.0,23.0,-10.0
2687,161672,109.0,5,89,0.169283,0.9932,True,False,body,50.0,69.0,-10.0
2688,161742,77.0,4,70,0.169178,1.0499,True,False,body,40.0,47.0,-10.0
2689,161763,22.0,2,21,0.169147,0.8671,True,False,wall,20.0,12.0,-10.0
2690,161783,34.0,3,20,0.169117,0.9082,True,False,body,30.0,14.0,-10.0
2691,161823,75.0,6,40,0.169058,1.0684,True,False,wall,60.0,25.0,-10.0
2692,161872,64.0,4,49,0.168985,0.9433,True,False,wall,40.0,34.0,-10.0
2693,161945,104.0,6,73,0.168876,0.902,True,False,body,60.0,54.0,-10.0
2694,161986,62.0,4,41,0.168815,1.0355,True,False,wall,40.0,32.0,-10.0
2695,162126,219.0,12,140,0.168608,0.9904,True,False,body,120.0,109.0,-10.0
2696,162194,106.0,7,68,0.168507,1.0915,True,False,body,70.0,46.0,-10.0
2697,162208,10.0,1,14,0.168486,0.9788,True,False,wall,10.0,10.0,-10.0
2698,162227,20.0,2,19,0.168458,1.0614,True,False,wall,20.0,10.0,-10.0
2699,162293,105.0,6,66,0.16836,0.9662,True,False,wall,60.0,55.0,-10.0
2700,162352,64.0,4,59,0.168273,0.9936,True,False,body,40.0,34.0,-10.0
2701,162483,193.0,11,131,0.168079,0.9517,True,False,wall,110.0,93.0,-10.0
2702,162588,161.0,9,105,0.167925,1.0491,True,False,body,90.0,81.0,-10.0
2703,162658,111.0,6,70,0.167821,0.9566,True,False,wall,60.0,61.0,-10.0
2704,162752,167.0,10,94,0.167683,1.0459,True,False,body,100.0,77.0,-10.0
2705,162832,102.0,5,80,0.167565,1.0584,True,False,wall,50.0,62.0,-10.0
2706,162891,70.0,4,59,0.167479,1.0493,True,False,wall,40.0,40.0,-10.0
2707,162948,101.0,7,57,0.167395,1.1098,True,False,body,70.0,41.0,-10.0
2708,162991,63.0,5,43,0.167332,0.9912,True,False,body,50.0,23.0,-10.0
2709,163107,136.0,7,116,0.167162,1.1131,True,False,body,70.0,76.0,-10.0
2710,163120,-4.0,0,13,0.167143,1.1176,True,False,wall,0.0,6.0,-10.0
2711,163169,69.0,5,49,0.167071,1.3963,True,False,wall,50.0,29.0,-10.0
2712,163196,39.0,3,27,0.167032,1.2197,True,False,body,30.0,19.0,-10.0
2713,163354,204.0,11,158,0.166801,1.0595,True,False,body,110.0,104.0,-10.0
2714,163427,97.0,5,73,0.166694,1.3374,True,False,body,50.0,57.0,-10.0
2715,163590,227.0,11,163,0.166457,1.3032,True,False,wall,110.0,127.0,-10.0
2716,163703,187.0,11,113,0.166292,1.065,True,False,wall,110.0,87.0,-10.0
2717,163830,171.0,9,127,0.166108,1.0241,True,False,body,90.0,91.0,-10.0
2718,163991,252.0,14,161,0.165874,1.0127,True,False,body,140.0,122.0,-10.0
2719,164013,12.0,1,22,0.165843,1.0286,True,False,wall,10.0,12.0,-10.0
2720,164105,120.0,7,92,0.165709,1.0356,True,False,body,70.0,60.0,-10.0
2721,164137,38.0,3,32,0.165663,0.9929,True,False,body,30.0,18.0,-10.0
2722,164186,84.0,6,49,0.165592,0.9645,True,False,body,60.0,34.0,-10.0
2723,164227,66.0,4,41,0.165533,0.9127,True,False,body,40.0,36.0,-10.0
2724,164277,78.0,5,50,0.165461,1.0809,True,False,wall,50.0,38.0,-10.0
2725,164318,60.0,4,41,0.165402,1.0008,True,False,body,40.0,30.0,-10.0
2726,164363,61.0,5,45,0.165337,1.1021,True,False,wall,50.0,21.0,-10.0
2727,164437,121.0,8,74,0.16523,1.1039,True,False,body,80.0,51.0,-10.0
2728,164570,215.0,11,133,0.165039,1.026,True,False,wall,110.0,115.0,-10.0
2729,164724,287.0,18,154,0.164818,1.0053,True,False,body,180.0,117.0,-10.0
2730,164782,87.0,6,58,0.164734,0.9976,True,False,body,60.0,37.0,-10.0
2731,164954,230.0,11,172,0.164488,0.9942,True,False,body,110.0,130.0,-10.0
2732,165058,137.0,6,104,0.164339,1.0171,True,False,wall,60.0,87.0,-10.0
2733,165148,137.0,8,90,0.164211,1.032,True,False,body,80.0,67.0,-10.0
2734,165193,82.0,6,45,0.164146,1.1763,True,False,body,60.0,32.0,-10.0
2735,165356,210.0,10,163,0.163914,0.9774,True,False,body,100.0,120.0,-10.0
2736,165399,64.0,4,43,0.163853,1.0117,True,False,body,40.0,34.0,-10.0
2737,165529,194.0,11,130,0.163668,1.0174,True,False,body,110.0,94.0,-10.0
2738,165641,177.0,10,112,0.163509,1.0582,True,False,body,100.0,87.0,-10.0
2739,165686,51.0,3,45,0.163445,1.2841,True,False,wall,30.0,31.0,-10.0
2740,165742,84.0,5,56,0.163366,1.4006,True,False,wall,50.0,44.0,-10.0
2741,165912,239.0,14,170,0.163125,1.2347,True,False,wall,140.0,109.0,-10.0
2742,166103,270.0,16,191,0.162855,1.08,True,False,body,160.0,120.0,-10.0
2743,166147,53.0,4,44,0.162793,1.1257,True,False,wall,40.0,23.0,-10.0
2744,166193,61.0,4,46,0.162728,1.1406,True,False,wall,40.0,31.0,-10.0
2745,166267,107.0,6,74,0.162624,1.1622,True,False,wall,60.0,57.0,-10.0
2746,166411,223.0,12,144,0.162422,1.1461,True,False,body,120.0,113.0,-10.0
2747,166502,137.0,7,91,0.162294,1.0219,True,False,wall,70.0,77.0,-10.0
2748,166611,138.0,6,109,0.162141,0.9275,True,False,wall,60.0,88.0,-10.0
2749,166714,124.0,6,103,0.161997,0.952,True,False,body,60.0,74.0,-10.0
2750,166810,130.0,7,96,0.161862,0.9323,True,False,wall,70.0,70.0,-10.0
2751,167008,305.0,16,198,0.161586,0.9902,True,False,body,160.0,155.0,-10.0
2752,167085,110.0,6,77,0.161479,0.9245,True,False,body,60.0,60.0,-10.0
2753,167367,369.0,18,282,0.161086,1.0059,True,False,body,180.0,199.0,-10.0
2754,167416,77.0,5,49,0.161018,1.0908,True,False,wall,50.0,37.0,-10.0
2755,167487,109.0,7,71,0.16092,1.009,True,False,wall,70.0,49.0,-10.0
2756,167560,114.0,6,73,0.160819,1.2548,True,False,wall,60.0,64.0,-10.0
2757,167630,116.0,7,70,0.160722,1.0398,True,False,body,70.0,56.0,-10.0
2758,167693,87.0,5,63,0.160635,1.0584,True,False,body,50.0,47.0,-10.0
2759,167791,133.0,8,98,0.160499,1.0269,True,False,wall,80.0,63.0,-10.0
2760,167829,48.0,3,38,0.160447,1.0594,True,False,wall,30.0,28.0,-10.0
2761,167925,130.0,7,96,0.160314,1.0784,True,False,wall,70.0,70.0,-10.0
2762,168050,193.0,11,125,0.160142,1.0106,True,False,body,110.0,93.0,-10.0
2763,168155,199.0,13,105,0.159997,1.2181,True,False,body,130.0,79.0,-10.0
2764,168188,50.0,4,33,0.159952,1.159,True,False,body,40.0,20.0,-10.0
2765,168541,571.0,31,353,0.159468,1.117,True,False,wall,310.0,271.0,-10.0
2766,168654,143.0,9,113,0.159313,1.1628,True,False,body,90.0,63.0,-10.0
2767,168681,41.0,3,27,0.159277,1.0675,True,False,wall,30.0,21.0,-10.0
2768,168738,90.0,6,57,0.159199,1.1021,True,False,wall,60.0,40.0,-10.0
2769,168817,81.0,5,79,0.159091,1.0225,True,False,wall,50.0,41.0,-10.0
2770,168827,8.0,1,10,0.159077,1.0018,True,False,wall,10.0,8.0,-10.0
2771,168865,50.0,3,38,0.159026,1.4803,True,False,body,30.0,30.0,-10.0
2772,169004,202.0,12,139,0.158836,1.2046,True,False,body,120.0,92.0,-10.0
2773,169134,192.0,11,130,0.15866,1.1249,True,False,body,110.0,92.0,-10.0
2774,169221,121.0,7,87,0.158541,0.9842,True,False,wall,70.0,61.0,-10.0
2775,169294,104.0,6,73,0.158442,0.9677,True,False,body,60.0,54.0,-10.0
2776,169495,269.0,13,201,0.15817,0.9689,True,False,wall,130.0,149.0,-10.0
2777,169608,195.0,11,113,0.158018,0.9163,True,False,body,110.0,95.0,-10.0
2778,169679,87.0,5,71,0.157922,0.9359,True,False,body,50.0,47.0,-10.0
2779,169731,73.0,4,52,0.157852,0.9674,True,False,wall,40.0,43.0,-10.0
2780,169765,48.0,3,34,0.157806,0.9292,True,False,wall,30.0,28.0,-10.0
2781,169844,105.0,5,79,0.157699,1.0247,True,False,wall,50.0,65.0,-10.0
2782,169905,70.0,4,61,0.157617,0.9392,True,False,body,40.0,40.0,-10.0
2783,169959,73.0,4,54,0.157545,1.06,True,False,wall,40.0,43.0,-10.0
2784,170010,68.0,4,51,0.157476,0.9687,True,False,wall,40.0,38.0,-10.0
2785,170070,101.0,6,60,0.157396,0.9726,True,False,body,60.0,51.0,-10.0
2786,170151,97.0,5,81,0.157287,1.0501,True,False,body,50.0,57.0,-10.0
2787,170209,75.0,4,58,0.157209,1.0028,True,False,body,40.0,45.0,-10.0
2788,170283,92.0,5,74,0.15711,1.0925,True,False,body,50.0,52.0,-10.0
2789,170313,53.0,4,30,0.15707,1.0521,True,False,body,40.0,23.0,-10.0
2790,170443,201.0,12,130,0.156896,1.0923,True,False,body,120.0,91.0,-10.0
2791,170463,12.0,1,20,0.156869,0.941,True,False,wall,10.0,12.0,-10.0
2792,170585,162.0,7,122,0.156707,0.9474,True,False,wall,70.0,102.0,-10.0
2793,170651,114.0,7,66,0.156619,0.9481,True,False,body,70.0,54.0,-10.0
2794,170696,55.0,3,45,0.156559,1.0366,True,False,body,30.0,35.0,-10.0
2795,170785,136.0,8,89,0.15644,0.9337,True,False,wall,80.0,66.0,-10.0
2796,170824,63.0,5,39,0.156388,0.9732,True,False,body,50.0,23.0,-10.0
2797,170875,83.0,5,51,0.15632,0.9267,True,False,wall,50.0,43.0,-10.0
2798,171178,480.0,24,303,0.155918,1.0401,True,False,body,240.0,250.0,-10.0
2799,171227,68.0,4,49,0.155854,0.9857,True,False,wall,40.0,38.0,-10.0
2800,171341,146.0,7,114,0.155703,0.9949,True,False,body,70.0,86.0,-10.0
2801,171395,78.0,5,54,0.155632,1.2232,True,False,body,50.0,38.0,-10.0
2802,171595,264.0,13,200,0.155368,1.0579,True,False,body,130.0,144.0,-10.0
2803,171655,84.0,5,60,0.155289,0.9605,True,False,body,50.0,44.0,-10.0
2804,171755,138.0,7,100,0.155157,1.365,True,False,wall,70.0,78.0,-10.0
2805,171787,42.0,3,32,0.155115,1.2803,True,False,wall,30.0,22.0,-10.0
2806,171880,147.0,9,93,0.154993,1.0847,True,False,body,90.0,67.0,-10.0
2807,172036,206.0,11,156,0.154789,1.0498,True,False,body,110.0,106.0,-10.0
2808,172077,40.0,2,41,0.154735,1.0214,True,False,wall,20.0,30.0,-10.0
2809,172249,257.0,14,172,0.15451,1.0479,True,False,body,140.0,127.0,-10.0
2810,172399,222.0,13,150,0.154314,0.9763,True,False,body,130.0,102.0,-10.0
2811,172436,49.0,3,37,0.154266,1.5599,True,False,wall,30.0,29.0,-10.0
2812,172488,78.0,5,52,0.154198,1.3883,True,False,body,50.0,38.0,-10.0
2813,172644,208.0,11,156,0.153995,1.171,True,False,body,110.0,108.0,-10.0
2814,172726,108.0,5,82,0.153889,1.0391,True,False,wall,50.0,68.0,-10.0
2815,172761,45.0,3,35,0.153843,1.186,True,False,wall,30.0,25.0,-10.0
2816,172812,104.0,8,51,0.153777,1.2153,True,False,body,80.0,34.0,-10.0
2817,172867,85.0,5,55,0.153706,1.0522,True,False,wall,50.0,45.0,-10.0
2818,172898,45.0,3,31,0.153666,1.0793,True,False,body,30.0,25.0,-10.0
2819,172946,63.0,4,48,0.153603,1.3342,True,False,body,40.0,33.0,-10.0
2820,173140,264.0,13,194,0.153352,1.243,True,False,body,130.0,144.0,-10.0
2821,173203,103.0,7,63,0.153271,1.0885,True,False,body,70.0,43.0,-10.0
2822,173327,164.0,9,124,0.153111,1.1478,True,False,wall,90.0,84.0,-10.0
2823,173472,201.0,11,145,0.152924,1.1052,True,False,body,110.0,101.0,-10.0
2824,173485,7.0,1,13,0.152908,1.4293,True,False,wall,10.0,7.0,-10.0
2825,173559,83.0,4,74,0.152813,1.274,True,False,body,40.0,53.0,-10.0
2826,173621,84.0,5,62,0.152733,1.0029,True,False,wall,50.0,44.0,-10.0
2827,173784,249.0,13,163,0.152524,1.075,True,False,wall,130.0,129.0,-10.0
2828,173836,96.0,7,52,0.152457,1.0037,True,False,body,70.0,36.0,-10.0
2829,173889,99.0,7,53,0.152389,0.9559,True,False,wall,70.0,39.0,-10.0
2830,173958,86.0,4,69,0.152301,0.9662,True,False,wall,40.0,56.0,-10.0
2831,174056,142.0,7,98,0.152176,0.9483,True,False,body,70.0,82.0,-10.0
2832,174101,77.0,5,45,0.152118,0.9255,True,False,body,50.0,37.0,-10.0
2833,174239,221.0,12,138,0.151942,1.0142,True,False,body,120.0,111.0,-10.0
2834,174389,228.0,13,150,0.151751,0.9721,True,False,wall,130.0,108.0,-10.0
2835,174602,373.0,21,213,0.151481,0.9831,True,False,body,210.0,173.0,-10.0
2836,174767,245.0,13,165,0.151272,1.0006,True,False,body,130.0,125.0,-10.0
2837,174810,58.0,4,43,0.151217,0.9561,True,False,body,40.0,28.0,-10.0
2838,174877,89.0,5,67,0.151133,0.9122,True,False,wall,50.0,49.0,-10.0
2839,174923,56.0,3,46,0.151074,0.918,True,False,wall,30.0,36.0,-10.0
2840,174977,80.0,5,54,0.151006,0.9132,True,False,body,50.0,40.0,-10.0
2841,175069,130.0,7,92,0.15089,1.06,True,False,body,70.0,70.0,-10.0
2842,175190,196.0,10,121,0.150738,0.9938,True,False,wall,100.0,106.0,-10.0
2843,175214,29.0,2,24,0.150707,1.0326,True,False,wall,20.0,19.0,-10.0
2844,175222,6.0,1,8,0.150697,0.9845,True,False,wall,10.0,6.0,-10.0
2845,175292,112.0,7,70,0.150609,0.9455,True,False,body,70.0,52.0,-10.0
2846,175440,202.0,11,148,0.150423,0.9697,True,False,wall,110.0,102.0,-10.0
2847,175743,420.0,22,303,0.150044,0.9689,True,False,body,220.0,210.0,-10.0
2848,175897,231.0,12,154,0.149851,1.0547,True,False,wall,120.0,121.0,-10.0
2849,175907,-1.0,0,10,0.149839,0.9645,True,False,wall,0.0,9.0,-10.0
2850,176091,275.0,14,184,0.149609,1.0273,True,False,wall,140.0,145.0,-10.0
2851,176189,115.0,6,98,0.149488,1.0809,True,False,body,60.0,65.0,-10.0
2852,176259,108.0,7,70,0.149401,1.1182,True,False,body,70.0,48.0,-10.0
2853,176296,60.0,4,37,0.149355,1.0086,True,False,body,40.0,30.0,-10.0
2854,176505,288.0,16,209,0.149095,1.0334,True,False,wall,160.0,138.0,-10.0
2855,176586,116.0,6,81,0.148995,1.076,True,False,body,60.0,66.0,-10.0
2856,176658,121.0,8,72,0.148906,1.0124,True,False,body,80.0,51.0,-10.0
2857,176750,136.0,7,92,0.148792,1.0924,True,False,body,70.0,76.0,-10.0
2858,176814,79.0,4,64,0.148713,1.0782,True,False,body,40.0,49.0,-10.0
2859,176827,2.0,0,13,0.148697,0.9607,True,False,wall,0.0,12.0,-10.0
2860,176901,109.0,6,74,0.148606,1.0379,True,False,wall,60.0,59.0,-10.0
2861,176927,47.0,4,26,0.148574,0.9222,True,False,body,40.0,17.0,-10.0
2862,177072,219.0,13,145,0.148395,1.0627,True,False,body,130.0,99.0,-10.0
2863,177127,76.0,4,55,0.148328,1.1067,True,False,body,40.0,46.0,-10.0
2864,177212,133.0,7,85,0.148223,0.9893,True,False,wall,70.0,73.0,-10.0
2865,177300,139.0,8,88,0.148115,0.9982,True,False,wall,80.0,69.0,-10.0
2866,177349,51.0,3,49,0.148055,1.0453,True,False,body,30.0,31.0,-10.0
2867,177479,216.0,13,130,0.147896,0.9893,True,False,body,130.0,96.0,-10.0
2868,177713,275.0,14,234,0.14761,1.1695,True,False,wall,140.0,145.0,-10.0
2869,177949,349.0,18,236,0.147323,1.3351,True,False,body,180.0,179.0,-10.0
2870,178073,181.0,10,124,0.147172,1.1272,True,False,body,100.0,91.0,-10.0
2871,178258,272.0,14,185,0.146948,1.0217,True,False,body,140.0,142.0,-10.0
2872,178396,192.0,9,138,0.14678,1.0752,True,False,wall,90.0,112.0,-10.0
2873,178475,107.0,5,79,0.146685,1.1264,True,False,wall,50.0,67.0,-10.0
2874,178558,111.0,7,83,0.146585,1.1653,True,False,body,70.0,51.0,-10.0
2875,178597,69.0,5,39,0.146538,1.0987,True,False,body,50.0,29.0,-10.0
2876,178668,107.0,7,71,0.146452,1.0675,True,False,body,70.0,47.0,-10.0
2877,178720,87.0,6,52,0.146389,0.9876,True,False,body,60.0,37.0,-10.0
2878,178732,10.0,1,12,0.146375,1.197,True,False,wall,10.0,10.0,-10.0
2879,178897,278.0,16,165,0.146176,0.9941,True,False,wall,160.0,128.0,-10.0
2880,179032,211.0,11,135,0.146014,1.1216,True,False,body,110.0,111.0,-10.0
2881,179089,81.0,5,57,0.145946,1.0306,True,False,body,50.0,41.0,-10.0
2882,179102,9.0,1,13,0.14593,1.0716,True,False,wall,10.0,9.0,-10.0
2883,179227,213.0,13,125,0.14578,0.9525,True,False,wall,130.0,93.0,-10.0
2884,179440,323.0,15,213,0.145526,0.9738,True,False,body,150.0,183.0,-10.0
2885,179456,12.0,1,16,0.145507,0.9522,True,False,wall,10.0,12.0,-10.0
2886,179521,89.0,5,65,0.145429,1.0188,True,False,body,50.0,49.0,-10.0
2887,179741,338.0,17,220,0.145167,0.9658,True,False,wall,170.0,178.0,-10.0
2888,179812,118.0,8,71,0.145082,0.9634,True,False,body,80.0,48.0,-10.0
2889,179873,68.0,4,61,0.14501,1.0182,True,False,body,40.0,38.0,-10.0
2890,179936,105.0,7,63,0.144935,0.9771,True,False,body,70.0,45.0,-10.0
2891,179949,11.0,1,13,0.14492,1.0218,True,False,wall,10.0,11.0,-10.0
2892,180070,191.0,11,121,0.144776,0.981,True,False,body,110.0,91.0,-10.0
2893,180338,401.0,20,268,0.144459,1.0159,True,False,body,200.0,211.0,-10.0
2894,180555,296.0,16,217,0.144203,1.1755,True,False,wall,160.0,146.0,-10.0
2895,180682,172.0,8,127,0.144054,0.9727,True,False,body,80.0,102.0,-10.0
2896,180744,83.0,4,62,0.143981,1.0759,True,False,wall,40.0,53.0,-10.0
2897,180767,26.0,2,23,0.143954,1.0324,True,False,wall,20.0,16.0,-10.0
2898,180793,56.0,5,26,0.143924,0.9054,True,False,body,50.0,16.0,-10.0
2899,180870,127.0,7,77,0.143833,0.9955,True,False,body,70.0,67.0,-10.0
2900,180966,143.0,8,96,0.143721,1.0232,True,False,body,80.0,73.0,-10.0
2901,181166,284.0,17,200,0.143487,1.0001,True,False,body,170.0,124.0,-10.0
2902,181202,56.0,5,36,0.143445,0.9936,True,False,wall,50.0,16.0,-10.0
2903,181265,102.0,6,63,0.143371,1.1391,True,False,wall,60.0,52.0,-10.0
2904,181321,73.0,4,56,0.143306,1.1584,True,False,wall,40.0,43.0,-10.0
2905,181427,140.0,9,106,0.143182,1.0129,True,False,body,90.0,60.0,-10.0
2906,181500,113.0,7,73,0.143097,1.0489,True,False,body,70.0,53.0,-10.0
2907,181641,198.0,10,141,0.142933,1.0971,True,False,body,100.0,108.0,-10.0
2908,181662,26.0,2,21,0.142909,1.0145,True,False,wall,20.0,16.0,-10.0
2909,181735,95.0,5,73,0.142824,1.4601,True,False,wall,50.0,55.0,-10.0
2910,181781,50.0,3,46,0.142771,1.2159,True,False,body,30.0,30.0,-10.0
2911,181944,215.0,11,163,0.142582,1.1217,True,False,wall,110.0,115.0,-10.0
2912,181981,45.0,3,37,0.142539,1.1788,True,False,wall,30.0,25.0,-10.0
2913,182134,268.0,16,153,0.142362,1.1933,True,False,body,160.0,118.0,-10.0
2914,182224,139.0,8,90,0.142259,1.1984,True,False,body,80.0,69.0,-10.0
2915,182243,35.0,3,19,0.142237,1.1367,True,False,body,30.0,15.0,-10.0
2916,182476,322.0,16,233,0.141968,1.0908,True,False,body,160.0,172.0,-10.0
2917,182564,108.0,5,88,0.141867,1.1645,True,False,wall,50.0,68.0,-10.0
2918,182750,265.0,14,186,0.141654,1.0206,True,False,body,140.0,135.0,-10.0
2919,182866,198.0,11,116,0.141521,1.036,True,False,wall,110.0,98.0,-10.0
2920,182903,43.0,3,37,0.141479,1.1035,True,False,body,30.0,23.0,-10.0
2921,183033,191.0,10,130,0.14133,1.0372,True,False,body,100.0,101.0,-10.0
2922,183198,211.0,11,165,0.141142,0.9975,True,False,body,110.0,111.0,-10.0
2923,183324,216.0,13,126,0.140999,1.0123,True,False,body,130.0,96.0,-10.0
2924,183492,229.0,12,168,0.140808,0.9805,True,False,body,120.0,119.0,-10.0
2925,183713,343.0,19,221,0.140557,1.0236,True,False,wall,190.0,163.0,-10.0
2926,183853,195.0,10,140,0.140399,1.0168,True,False,wall,100.0,105.0,-10.0
2927,183934,135.0,9,81,0.140307,1.1568,True,False,body,90.0,55.0,-10.0
2928,184062,193.0,12,128,0.140163,1.2894,True,False,wall,120.0,83.0,-10.0
2929,184316,370.0,19,254,0.139877,1.3021,True,False,wall,190.0,190.0,-10.0
2930,184539,338.0,18,223,0.139627,1.2138,True,False,wall,180.0,168.0,-10.0
2931,184718,251.0,13,179,0.139427,1.1095,True,False,body,130.0,131.0,-10.0
2932,184896,252.0,11,178,0.139228,1.0276,True,False,body,110.0,152.0,-10.0
2933,184987,138.0,8,91,0.139127,0.9796,True,False,body,80.0,68.0,-10.0
2934,184998,7.0,1,11,0.139114,1.0464,True,False,wall,10.0,7.0,-10.0
2935,185107,152.0,8,109,0.138993,0.9628,True,False,body,80.0,82.0,-10.0
2936,185413,455.0,24,306,0.138653,1.1357,True,False,body,240.0,225.0,-10.0
2937,185529,170.0,9,116,0.138525,1.1373,True,False,body,90.0,90.0,-10.0
2938,185626,120.0,6,97,0.138417,1.0986,True,False,wall,60.0,70.0,-10.0
2939,185669,60.0,4,43,0.13837,1.0492,True,False,wall,40.0,30.0,-10.0
2940,185872,297.0,17,203,0.138146,1.1432,True,False,body,170.0,137.0,-10.0
2941,185885,11.0,1,13,0.138132,1.0684,True,False,wall,10.0,11.0,-10.0
2942,186031,237.0,14,146,0.137971,1.045,True,False,body,140.0,107.0,-10.0
2943,186049,16.0,1,18,0.137951,0.997,True,False,wall,10.0,16.0,-10.0
2944,186106,76.0,4,57,0.137889,1.1864,True,False,body,40.0,46.0,-10.0
2945,186226,184.0,11,120,0.137757,1.0556,True,False,wall,110.0,84.0,-10.0
2946,186270,67.0,4,44,0.137709,0.9757,True,False,wall,40.0,37.0,-10.0
2947,186322,84.0,5,52,0.137652,0.9815,True,False,body,50.0,44.0,-10.0
2948,186411,145.0,9,89,0.137554,1.0754,True,False,wall,90.0,65.0,-10.0
2949,186558,243.0,15,147,0.137393,1.0772,True,False,wall,150.0,103.0,-10.0
2950,186654,142.0,9,96,0.137289,1.0301,True,False,body,90.0,62.0,-10.0
2951,186720,114.0,7,66,0.137217,1.0876,True,False,wall,70.0,54.0,-10.0
2952,186737,13.0,1,17,0.137198,1.3422,True,False,wall,10.0,13.0,-10.0
2953,186793,93.0,6,56,0.137137,1.1698,True,False,body,60.0,43.0,-10.0
2954,186888,137.0,9,95,0.137034,1.1037,True,False,wall,90.0,57.0,-10.0
2955,186945,61.0,3,57,0.136972,1.1617,True,False,body,30.0,41.0,-10.0
2956,187030,121.0,7,85,0.136879,1.178,True,False,body,70.0,61.0,-10.0
2957,187102,112.0,7,72,0.136801,1.3849,True,False,body,70.0,52.0,-10.0
2958,187174,107.0,6,72,0.136723,1.4807,True,False,body,60.0,57.0,-10.0
2959,187210,61.0,4,36,0.136684,1.2132,True,False,wall,40.0,31.0,-10.0
2960,187232,36.0,3,22,0.13666,1.0353,True,False,wall,30.0,16.0,-10.0
2961,187270,50.0,3,38,0.136619,1.0521,True,False,body,30.0,30.0,-10.0
2962,187563,443.0,23,293,0.136302,1.1286,True,False,wall,230.0,223.0,-10.0
2963,187579,8.0,1,16,0.136285,0.9765,True,False,wall,10.0,8.0,-10.0
2964,187839,374.0,19,260,0.136005,1.1045,True,False,wall,190.0,194.0,-10.0
2965,188015,276.0,15,176,0.135816,1.1409,True,False,body,150.0,136.0,-10.0
2966,188087,134.0,9,72,0.135739,1.0018,True,False,body,90.0,54.0,-10.0
2967,188187,137.0,8,100,0.135632,1.3837,True,False,body,80.0,67.0,-10.0
2968,188243,79.0,4,56,0.135572,1.3065,True,False,wall,40.0,49.0,-10.0
2969,188256,11.0,1,13,0.135558,1.3972,True,False,wall,10.0,11.0,-10.0
2970,188312,65.0,4,56,0.135498,1.1214,True,False,body,40.0,35.0,-10.0
2971,188417,145.0,7,105,0.135386,1.1655,True,False,body,70.0,85.0,-10.0
2972,188493,96.0,5,76,0.135305,1.1291,True,False,body,50.0,56.0,-10.0
2973,188589,156.0,9,96,0.135203,1.0887,True,False,body,90.0,76.0,-10.0
2974,188748,276.0,18,159,0.135033,1.0761,True,False,body,180.0,106.0,-10.0
2975,188846,146.0,7,98,0.134929,1.2531,True,False,body,70.0,86.0,-10.0
2976,188891,64.0,4,45,0.134882,1.116,True,False,wall,40.0,34.0,-10.0
2977,188959,105.0,6,68,0.134809,1.3264,True,False,wall,60.0,55.0,-10.0
2978,189020,78.0,4,61,0.134745,1.1476,True,False,body,40.0,48.0,-10.0
2979,189073,77.0,5,53,0.134689,1.1162,True,False,wall,50.0,37.0,-10.0
2980,189194,168.0,10,121,0.134561,1.1036,True,False,body,100.0,78.0,-10.0
2981,189302,143.0,8,108,0.134447,1.3011,True,False,wall,80.0,73.0,-10.0
2982,189386,102.0,5,84,0.134358,1.3163,True,False,body,50.0,62.0,-10.0
2983,189484,142.0,7,98,0.134255,1.1821,True,False,body,70.0,82.0,-10.0
2984,189567,120.0,6,83,0.134167,1.1921,True,False,wall,60.0,70.0,-10.0
2985,189679,164.0,9,112,0.13405,1.0241,True,False,wall,90.0,84.0,-10.0
2986,189794,179.0,11,115,0.133929,1.1591,True,False,body,110.0,79.0,-10.0
2987,189845,70.0,4,51,0.133875,1.215,True,False,wall,40.0,40.0,-10.0
2988,189911,96.0,5,66,0.133806,1.1956,True,False,body,50.0,56.0,-10.0
2989,190093,300.0,17,182,0.133616,1.042,True,False,wall,170.0,140.0,-10.0
2990,190150,79.0,5,57,0.133556,1.2338,True,False,body,50.0,39.0,-10.0
2991,190309,209.0,11,159,0.13339,1.2408,True,False,body,110.0,109.0,-10.0
2992,190349,61.0,4,40,0.133349,1.0814,True,False,body,40.0,31.0,-10.0
2993,190444,144.0,8,95,0.13325,1.0836,True,False,body,80.0,74.0,-10.0
2994,190572,150.0,7,128,0.133117,1.1483,True,False,wall,70.0,90.0,-10.0
2995,190608,48.0,3,36,0.133079,1.2141,True,False,wall,30.0,28.0,-10.0
2996,190672,99.0,6,64,0.133013,1.461,True,False,wall,60.0,49.0,-10.0
2997,190789,166.0,10,117,0.132891,1.4245,True,False,body,100.0,76.0,-10.0
2998,190903,166.0,9,114,0.132773,1.7935,True,False,wall,90.0,86.0,-10.0
2999,191057,244.0,15,154,0.132614,1.3941,True,False,body,150.0,104.0,-10.0
3000,191094,78.0,6,37,0.132576,1.3267,True,False,wall,60.0,28.0,-10.0
3001,191105,0.0,0,11,0.132565,1.233,True,False,wall,0.0,10.0,-10.0
3002,191147,81.0,6,42,0.132521,1.3461,True,False,body,60.0,31.0,-10.0
3003,191234,148.0,8,87,0.132432,1.231,True,False,body,80.0,78.0,-10.0
3004,191289,64.0,4,55,0.132375,1.2243,True,False,wall,40.0,34.0,-10.0
3005,191357,96.0,5,68,0.132305,1.2883,True,False,body,50.0,56.0,-10.0
3006,191520,245.0,13,163,0.132138,1.0691,True,False,wall,130.0,125.0,-10.0
3007,191805,446.0,22,285,0.131845,1.0226,True,False,body,220.0,236.0,-10.0
3008,191946,190.0,10,141,0.131701,1.0505,True,False,wall,100.0,100.0,-10.0
3009,192041,164.0,10,95,0.131604,1.0654,True,False,wall,100.0,74.0,-10.0
3010,192163,166.0,9,122,0.13148,1.0786,True,False,wall,90.0,86.0,-10.0
3011,192349,233.0,12,186,0.131291,1.1376,True,False,wall,120.0,123.0,-10.0
3012,192424,111.0,7,75,0.131215,1.1277,True,False,body,70.0,51.0,-10.0
3013,192575,263.0,15,151,0.131061,1.2452,True,False,wall,150.0,123.0,-10.0
3014,192597,25.0,2,22,0.131039,1.0575,True,False,wall,20.0,15.0,-10.0
3015,192727,194.0,11,130,0.130908,1.0838,True,False,wall,110.0,94.0,-10.0
3016,192869,207.0,12,142,0.130764,1.1679,True,False,wall,120.0,97.0,-10.0
3017,192882,-4.0,0,13,0.130751,1.0903,True,False,wall,0.0,6.0,-10.0
3018,192942,115.0,8,60,0.13069,1.0269,True,False,wall,80.0,45.0,-10.0
3019,193074,197.0,10,132,0.130557,1.2166,True,False,body,100.0,107.0,-10.0
3020,193125,75.0,5,51,0.130506,1.2194,True,False,wall,50.0,35.0,-10.0
3021,193182,70.0,4,57,0.130449,1.0186,True,False,wall,40.0,40.0,-10.0
3022,193292,157.0,8,110,0.130338,1.1478,True,False,wall,80.0,87.0,-10.0
3023,193373,143.0,9,81,0.130257,1.2736,True,False,body,90.0,63.0,-10.0
3024,193421,65.0,4,48,0.130209,1.2051,True,False,body,40.0,35.0,-10.0
3025,193438,13.0,1,17,0.130192,1.2245,True,False,wall,10.0,13.0,-10.0
3026,193493,61.0,3,55,0.130137,1.2363,True,False,body,30.0,41.0,-10.0
3027,193697,302.0,15,204,0.129932,1.1658,True,False,body,150.0,162.0,-10.0
3028,193776,119.0,7,79,0.129854,1.0723,True,False,wall,70.0,59.0,-10.0
3029,193851,113.0,7,75,0.129779,1.0142,True,False,body,70.0,53.0,-10.0
3030,193912,104.0,6,61,0.129718,1.1513,True,False,body,60.0,54.0,-10.0
3031,194064,206.0,11,152,0.129567,1.1353,True,False,body,110.0,106.0,-10.0
3032,194314,389.0,20,250,0.129318,1.1586,True,False,body,200.0,199.0,-10.0
3033,194445,200.0,10,131,0.129189,1.1673,True,False,wall,100.0,110.0,-10.0
3034,194487,59.0,4,42,0.129147,1.1627,True,False,body,40.0,29.0,-10.0
3035,194527,63.0,4,40,0.129107,1.3001,True,False,wall,40.0,33.0,-10.0
3036,194642,156.0,8,115,0.128994,1.2813,True,False,wall,80.0,86.0,-10.0
3037,194693,70.0,4,51,0.128943,1.3126,True,False,wall,40.0,40.0,-10.0
3038,194806,187.0,11,113,0.128832,1.2482,True,False,body,110.0,87.0,-10.0
3039,194825,11.0,1,19,0.128813,1.265,True,False,wall,10.0,11.0,-10.0
3040,194992,245.0,13,167,0.128649,1.1326,True,False,body,130.0,125.0,-10.0
3041,195033,73.0,5,41,0.128609,1.2326,True,False,body,50.0,33.0,-10.0
3042,195072,51.0,3,39,0.12857,1.0945,True,False,body,30.0,31.0,-10.0
3043,195149,108.0,6,77,0.128495,1.0193,True,False,wall,60.0,58.0,-10.0
3044,195347,286.0,15,198,0.128301,1.1122,True,False,wall,150.0,146.0,-10.0
3045,195378,36.0,2,31,0.12827,1.0394,True,False,wall,20.0,26.0,-10.0
3046,195554,248.0,13,176,0.128098,1.1445,True,False,wall,130.0,128.0,-10.0
3047,195757,292.0,16,203,0.1279,1.0285,True,False,body,160.0,142.0,-10.0
3048,195776,24.0,2,19,0.127882,1.101,True,False,wall,20.0,14.0,-10.0
3049,195790,12.0,1,14,0.127868,1.4496,True,False,wall,10.0,12.0,-10.0
3050,195806,23.0,2,16,0.127853,1.2089,True,False,wall,20.0,13.0,-10.0
3051,195906,141.0,8,100,0.127756,1.0434,True,False,body,80.0,71.0,-10.0
3052,196174,418.0,21,268,0.127495,1.0717,True,False,body,210.0,218.0,-10.0
3053,196223,48.0,2,49,0.127448,1.0335,True,False,wall,20.0,38.0,-10.0
3054,196369,199.0,10,146,0.127307,1.1022,True,False,body,100.0,109.0,-10.0
3055,196414,49.0,3,45,0.127263,1.0624,True,False,body,30.0,29.0,-10.0
3056,196570,290.0,17,156,0.127113,1.2084,True,False,body,170.0,130.0,-10.0
3057,196649,119.0,7,79,0.127037,1.1564,True,False,body,70.0,59.0,-10.0
3058,196884,329.0,17,235,0.126811,1.0896,True,False,wall,170.0,169.0,-10.0
3059,196915,41.0,3,31,0.126781,1.0725,True,False,body,30.0,21.0,-10.0
3060,196996,111.0,5,81,0.126703,1.074,True,False,wall,50.0,71.0,-10.0
3061,197044,69.0,4,48,0.126657,1.0633,True,False,body,40.0,39.0,-10.0
3062,197114,100.0,5,70,0.12659,1.0449,True,False,wall,50.0,60.0,-10.0
3063,197315,352.0,22,201,0.126398,1.1704,True,False,body,220.0,142.0,-10.0
3064,197432,180.0,10,117,0.126286,1.4563,True,False,body,100.0,90.0,-10.0
3065,197632,285.0,14,200,0.126096,1.3114,True,False,body,140.0,155.0,-10.0
3066,197666,33.0,2,34,0.126064,1.1349,True,False,wall,20.0,23.0,-10.0
3067,197786,181.0,10,120,0.12595,1.2406,True,False,wall,100.0,91.0,-10.0
3068,197944,272.0,15,158,0.1258,1.2261,True,False,body,150.0,132.0,-10.0
3069,198062,170.0,9,118,0.125688,1.1475,True,False,body,90.0,90.0,-10.0
3070,198157,120.0,6,95,0.125598,1.1365,True,False,body,60.0,70.0,-10.0
3071,198190,50.0,4,33,0.125567,1.2161,True,False,body,40.0,20.0,-10.0
3072,198263,99.0,5,73,0.125498,1.1315,True,False,wall,50.0,59.0,-10.0
3073,198429,283.0,16,166,0.125342,1.012,True,False,wall,160.0,133.0,-10.0
3074,198492,83.0,5,63,0.125282,1.019,True,False,wall,50.0,43.0,-10.0
3075,198578,142.0,9,86,0.125201,1.1451,True,False,body,90.0,62.0,-10.0
3076,198741,252.0,14,163,0.125048,1.1842,True,False,wall,140.0,122.0,-10.0
3077,198897,206.0,9,156,0.124902,1.1919,True,False,wall,90.0,126.0,-10.0
3078,199102,335.0,19,205,0.12471,1.2209,True,False,body,190.0,155.0,-10.0
3079,199229,168.0,8,127,0.124592,1.1532,True,False,body,80.0,98.0,-10.0
3080,199266,45.0,3,37,0.124557,1.1444,True,False,body,30.0,25.0,-10.0
3081,199297,39.0,3,31,0.124529,1.1584,True,False,wall,30.0,19.0,-10.0
3082,199554,388.0,22,257,0.12429,1.1065,True,False,body,220.0,178.0,-10.0
3083,199597,55.0,3,43,0.12425,1.131,True,False,body,30.0,35.0,-10.0
3084,199617,16.0,1,20,0.124231,1.0153,True,False,wall,10.0,16.0,-10.0
3085,199629,8.0,1,12,0.12422,1.241,True,False,wall,10.0,8.0,-10.0
3086,199718,152.0,10,89,0.124137,1.0223,True,False,body,100.0,62.0,-10.0
3087,199734,8.0,1,16,0.124123,1.1268,True,False,wall,10.0,8.0,-10.0
3088,199747,16.0,2,13,0.124111,1.1222,True,False,wall,20.0,6.0,-10.0
3089,199862,156.0,10,115,0.124004,1.1109,True,False,body,100.0,66.0,-10.0
3090,200061,299.0,17,199,0.12382,1.0463,True,False,wall,170.0,139.0,-10.0
3091,200257,299.0,16,196,0.12364,1.2182,True,False,body,160.0,149.0,-10.0
3092,200382,167.0,9,125,0.123525,1.1126,True,False,wall,90.0,87.0,-10.0
3093,200537,224.0,12,155,0.123382,1.0532,True,False,body,120.0,114.0,-10.0
3094,200668,195.0,11,131,0.123262,1.1858,True,False,body,110.0,95.0,-10.0
3095,200727,94.0,6,59,0.123208,1.2833,True,False,wall,60.0,44.0,-10.0
3096,200968,419.0,23,241,0.122988,1.1485,True,False,wall,230.0,199.0,-10.0
3097,201138,236.0,13,170,0.122833,1.0623,True,False,body,130.0,116.0,-10.0
3098,201387,361.0,19,249,0.122607,1.0835,True,False,body,190.0,181.0,-10.0
3099,201571,290.0,15,184,0.12244,1.1559,True,False,body,150.0,150.0,-10.0
3100,201665,148.0,9,94,0.122355,1.1191,True,False,body,90.0,68.0,-10.0
3101,201754,140.0,8,89,0.122274,1.232,True,False,body,80.0,70.0,-10.0
3102,201808,87.0,6,54,0.122226,1.3103,True,False,wall,60.0,37.0,-10.0
3103,201846,62.0,5,38,0.122191,1.0889,True,False,wall,50.0,22.0,-10.0
3104,201902,67.0,4,56,0.122141,1.2897,True,False,wall,40.0,37.0,-10.0
3105,201915,20.0,2,13,0.122129,1.1108,True,False,wall,20.0,10.0,-10.0
3106,201987,102.0,7,72,0.122064,1.2066,True,False,body,70.0,42.0,-10.0
3107,202153,251.0,14,166,0.121915,1.1927,True,False,wall,140.0,121.0,-10.0
3108,202297,217.0,12,144,0.121785,1.0927,True,False,body,120.0,107.0,-10.0
3109,202326,34.0,2,29,0.121759,1.0559,True,False,wall,20.0,24.0,-10.0
3110,202449,173.0,9,123,0.121649,1.07,True,False,body,90.0,93.0,-10.0
3111,202526,115.0,7,77,0.12158,1.1331,True,False,body,70.0,55.0,-10.0
3112,202534,-3.0,0,8,0.121573,0.9894,True,False,wall,0.0,7.0,-10.0
3113,202715,296.0,16,181,0.121411,1.2063,True,False,body,160.0,146.0,-10.0
3114,202758,93.0,7,43,0.121373,1.1682,True,False,body,70.0,33.0,-10.0
3115,202810,82.0,5,52,0.121327,1.1386,True,False,wall,50.0,42.0,-10.0
3116,202877,94.0,6,67,0.121267,1.0822,True,False,body,60.0,44.0,-10.0
3117,202943,90.0,5,66,0.121208,1.0487,True,False,body,50.0,50.0,-10.0
3118,203068,216.0,14,125,0.121097,1.0207,True,False,wall,140.0,86.0,-10.0
3119,203242,249.0,12,174,0.120943,1.0352,True,False,body,120.0,139.0,-10.0
3120,203315,101.0,5,73,0.120878,1.0165,True,False,body,50.0,61.0,-10.0
3121,203338,15.0,1,23,0.120857,1.0082,True,False,wall,10.0,15.0,-10.0
3122,203366,35.0,2,28,0.120833,1.1119,True,False,wall,20.0,25.0,-10.0
3123,203563,299.0,15,197,0.120658,1.0967,True,False,wall,150.0,159.0,-10.0
3124,203700,232.0,14,137,0.120538,1.011,True,False,body,140.0,102.0,-10.0
3125,203841,227.0,13,141,0.120413,1.1462,True,False,wall,130.0,107.0,-10.0
3126,204016,285.0,15,175,0.120259,1.0716,True,False,wall,150.0,145.0,-10.0
3127,204046,42.0,3,30,0.120233,1.6407,True,False,wall,30.0,22.0,-10.0
3128,204172,190.0,11,126,0.120123,1.4019,True,False,body,110.0,90.0,-10.0
3129,204247,92.0,4,75,0.120057,1.2901,True,False,body,40.0,62.0,-10.0
3130,204312,114.0,8,65,0.12,1.1478,True,False,body,80.0,44.0,-10.0
3131,204467,263.0,15,155,0.119864,1.1512,True,False,body,150.0,123.0,-10.0
3132,204533,93.0,6,66,0.119807,1.1803,True,False,wall,60.0,43.0,-10.0
3133,204765,345.0,16,232,0.119605,1.0943,True,False,body,160.0,195.0,-10.0
3134,204907,216.0,11,142,0.119481,1.156,True,False,wall,110.0,116.0,-10.0
3135,205095,275.0,14,188,0.119318,1.107,True,False,body,140.0,145.0,-10.0
3136,205193,143.0,8,98,0.119233,1.1354,True,False,wall,80.0,73.0,-10.0
3137,205242,79.0,5,49,0.119191,1.0439,True,False,wall,50.0,39.0,-10.0
3138,205370,220.0,13,128,0.11908,1.1204,True,False,body,130.0,100.0,-10.0
3139,205499,191.0,11,129,0.118969,1.0997,True,False,body,110.0,91.0,-10.0
3140,205649,221.0,12,150,0.11884,1.0294,True,False,body,120.0,111.0,-10.0
3141,205658,7.0,1,9,0.118832,1.0514,True,False,wall,10.0,7.0,-10.0
3142,205872,309.0,16,214,0.118648,1.0773,True,False,body,160.0,159.0,-10.0
3143,205962,163.0,10,90,0.118571,1.2294,True,False,body,100.0,73.0,-10.0
3144,205990,42.0,3,28,0.118547,1.1092,True,False,wall,30.0,22.0,-10.0
3145,206149,234.0,12,159,0.118411,1.0768,True,False,wall,120.0,124.0,-10.0
3146,206193,74.0,5,44,0.118373,1.0223,True,False,body,50.0,34.0,-10.0
3147,206277,142.0,9,84,0.118302,1.1687,True,False,wall,90.0,62.0,-10.0
3148,206425,216.0,11,148,0.118175,1.1932,True,False,body,110.0,116.0,-10.0
3149,206516,144.0,8,91,0.118098,1.0464,True,False,body,80.0,74.0,-10.0
3150,206635,182.0,10,119,0.117997,1.1575,True,False,body,100.0,92.0,-10.0
3151,206706,110.0,6,71,0.117936,1.2162,True,False,body,60.0,60.0,-10.0
3152,206763,74.0,4,57,0.117888,1.0757,True,False,body,40.0,44.0,-10.0
3153,206873,154.0,9,110,0.117795,1.2406,True,False,wall,90.0,74.0,-10.0
3154,207032,290.0,18,159,0.11766,1.1375,True,False,body,180.0,120.0,-10.0
3155,207088,66.0,3,56,0.117613,1.1141,True,False,body,30.0,46.0,-10.0
3156,207357,400.0,22,269,0.117386,1.1514,True,False,body,220.0,190.0,-10.0
3157,207578,347.0,17,221,0.1172,1.0992,True,False,body,170.0,187.0,-10.0
3158,207595,13.0,1,17,0.117185,0.8942,True,False,wall,10.0,13.0,-10.0
3159,207685,132.0,7,90,0.11711,1.0727,True,False,wall,70.0,72.0,-10.0
3160,207738,79.0,5,53,0.117066,1.0404,True,False,body,50.0,39.0,-10.0
3161,207880,185.0,10,142,0.116947,1.0969,True,False,body,100.0,95.0,-10.0
3162,207891,9.0,1,11,0.116937,1.6061,True,False,wall,10.0,9.0,-10.0
3163,208093,312.0,17,202,0.116769,1.1078,True,False,wall,170.0,152.0,-10.0
3164,208245,251.0,14,152,0.116642,1.1028,True,False,body,140.0,121.0,-10.0
3165,208522,370.0,20,277,0.116411,1.1602,True,False,wall,200.0,180.0,-10.0
3166,208693,264.0,14,171,0.11627,1.1617,True,False,body,140.0,134.0,-10.0
3167,208782,144.0,8,89,0.116196,1.1673,True,False,body,80.0,74.0,-10.0
3168,208909,172.0,10,127,0.116091,1.1105,True,False,body,100.0,82.0,-10.0
3169,208993,116.0,7,84,0.116022,1.2011,True,False,wall,70.0,56.0,-10.0
3170,209147,222.0,11,154,0.115895,1.1876,True,False,body,110.0,122.0,-10.0
3171,209476,461.0,25,329,0.115624,1.0958,True,False,body,250.0,221.0,-10.0
3172,209645,232.0,14,169,0.115486,1.0782,True,False,body,140.0,102.0,-10.0
3173,209695,82.0,5,50,0.115445,1.124,True,False,wall,50.0,42.0,-10.0
3174,209951,370.0,21,256,0.115236,1.089,True,False,body,210.0,170.0,-10.0
3175,210044,146.0,8,93,0.11516,1.2509,True,False,body,80.0,76.0,-10.0
3176,210224,258.0,13,180,0.115013,1.1263,True,False,body,130.0,138.0,-10.0
3177,210430,271.0,14,206,0.114846,1.1851,True,False,body,140.0,141.0,-10.0
3178,210465,40.0,2,35,0.114818,1.1121,True,False,wall,20.0,30.0,-10.0
3179,210575,149.0,8,110,0.114729,1.1307,True,False,body,80.0,79.0,-10.0
3180,210605,33.0,2,30,0.114705,1.1207,True,False,wall,20.0,23.0,-10.0
3181,210781,257.0,14,176,0.114562,1.2112,True,False,wall,140.0,127.0,-10.0
3182,210827,65.0,4,46,0.114525,1.2669,True,False,wall,40.0,35.0,-10.0
3183,210854,41.0,3,27,0.114504,1.107,True,False,body,30.0,21.0,-10.0
3184,210867,2.0,0,13,0.114493,1.2617,True,False,wall,0.0,12.0,-10.0
3185,211024,229.0,13,157,0.114367,1.1907,True,False,body,130.0,109.0,-10.0
3186,211073,57.0,3,49,0.114327,1.2511,True,False,body,30.0,37.0,-10.0
3187,211087,1.0,0,14,0.114316,1.245,True,False,wall,0.0,11.0,-10.0
3188,211239,287.0,18,152,0.114194,1.2301,True,False,body,180.0,117.0,-10.0
3189,211571,529.0,30,332,0.113928,1.2773,True,False,body,300.0,239.0,-10.0
3190,211709,211.0,12,138,0.113818,1.2534,True,False,body,120.0,101.0,-10.0
3191,211848,212.0,12,139,0.113707,1.1988,True,False,wall,120.0,102.0,-10.0
3192,211938,126.0,7,90,0.113635,2.007,True,False,body,70.0,66.0,-10.0
3193,212090,208.0,9,152,0.113515,1.5638,True,False,body,90.0,128.0,-10.0
3194,212243,223.0,11,153,0.113393,1.365,True,False,wall,110.0,123.0,-10.0
3195,212293,91.0,6,50,0.113354,1.2769,True,False,body,60.0,41.0,-10.0
3196,212310,15.0,1,17,0.11334,1.1105,True,False,wall,10.0,15.0,-10.0
3197,212491,229.0,13,181,0.113197,1.2139,True,False,body,130.0,109.0,-10.0
3198,212640,209.0,11,149,0.113079,1.191,True,False,body,110.0,109.0,-10.0
3199,212746,162.0,9,106,0.112996,1.1521,True,False,body,90.0,82.0,-10.0
3200,212827,132.0,8,81,0.112932,1.1388,True,False,wall,80.0,62.0,-10.0
3201,212886,83.0,5,59,0.112886,1.0836,True,False,body,50.0,43.0,-10.0
3202,212997,181.0,11,111,0.112799,1.1517,True,False,wall,110.0,81.0,-10.0
3203,213157,257.0,14,160,0.112673,1.1566,True,False,body,140.0,127.0,-10.0
3204,213283,189.0,12,126,0.112574,1.2509,True,False,body,120.0,79.0,-10.0
3205,213491,288.0,15,208,0.112412,1.2123,True,False,body,150.0,148.0,-10.0
3206,213600,185.0,11,109,0.112327,1.1763,True,False,body,110.0,85.0,-10.0
3207,213629,36.0,2,29,0.112304,1.0872,True,False,wall,20.0,26.0,-10.0
3208,213780,233.0,13,151,0.112187,1.1082,True,False,body,130.0,113.0,-10.0
3209,213864,124.0,7,84,0.112122,1.221,True,False,body,70.0,64.0,-10.0
3210,214014,208.0,9,150,0.112005,1.2488,True,False,wall,90.0,128.0,-10.0
3211,214129,177.0,9,115,0.111916,1.0675,True,False,wall,90.0,97.0,-10.0
3212,214259,206.0,11,130,0.111816,1.2049,True,False,wall,110.0,106.0,-10.0
3213,214461,304.0,15,202,0.11166,1.2673,True,False,wall,150.0,164.0,-10.0
3214,214496,58.0,4,35,0.111633,1.093,True,False,body,40.0,28.0,-10.0
3215,214543,66.0,4,47,0.111597,1.2664,True,False,body,40.0,36.0,-10.0
3216,214665,175.0,10,122,0.111503,1.2349,True,False,wall,100.0,85.0,-10.0
3217,214909,388.0,23,244,0.111315,1.1227,True,False,body,230.0,168.0,-10.0
3218,214993,135.0,8,84,0.111251,1.1619,True,False,body,80.0,65.0,-10.0
3219,215025,46.0,3,32,0.111227,1.1019,True,False,wall,30.0,26.0,-10.0
3220,215280,401.0,23,255,0.111032,1.2173,True,False,body,230.0,181.0,-10.0
3221,215445,247.0,13,165,0.110906,1.1941,True,False,wall,130.0,127.0,-10.0
3222,215662,300.0,14,217,0.110741,1.1961,True,False,body,140.0,170.0,-10.0
3223,215742,107.0,6,80,0.11068,1.2584,True,False,body,60.0,57.0,-10.0
3224,216059,421.0,21,317,0.11044,1.3607,True,False,body,210.0,221.0,-10.0
3225,216300,371.0,21,241,0.110259,1.2185,True,False,body,210.0,171.0,-10.0
3226,216358,93.0,6,58,0.110215,1.2516,True,False,body,60.0,43.0,-10.0
3227,216385,37.0,3,27,0.110195,1.4699,True,False,body,30.0,17.0,-10.0
3228,216418,81.0,7,33,0.11017,1.3814,True,False,wall,70.0,21.0,-10.0
3229,216553,183.0,9,135,0.110068,1.2738,True,False,wall,90.0,103.0,-10.0
3230,216600,75.0,5,47,0.110033,1.3242,True,False,wall,50.0,35.0,-10.0
3231,216639,60.0,4,39,0.110004,1.1916,True,False,body,40.0,30.0,-10.0
3232,216895,411.0,22,256,0.109812,1.4146,True,False,body,220.0,201.0,-10.0
3233,217091,320.0,17,196,0.109666,1.2317,True,False,body,170.0,160.0,-10.0
3234,217241,207.0,12,150,0.109554,1.1679,True,False,body,120.0,97.0,-10.0
3235,217327,168.0,11,86,0.10949,1.2054,True,False,body,110.0,68.0,-10.0
3236,217482,258.0,14,155,0.109375,1.2358,True,False,body,140.0,128.0,-10.0
3237,217586,173.0,10,104,0.109298,1.2976,True,False,body,100.0,83.0,-10.0
3238,217676,134.0,7,90,0.109231,1.2659,True,False,wall,70.0,74.0,-10.0
3239,217744,70.0,3,68,0.109181,1.1874,True,False,body,30.0,50.0,-10.0
3240,217961,333.0,17,217,0.10902,1.1938,True,False,wall,170.0,173.0,-10.0
3241,218049,135.0,8,88,0.108955,1.2294,True,False,body,80.0,65.0,-10.0
3242,218075,49.0,4,26,0.108936,1.1449,True,False,body,40.0,19.0,-10.0
3243,218140,76.0,4,65,0.108888,1.1081,True,False,wall,40.0,46.0,-10.0
3244,218230,146.0,9,90,0.108822,1.1734,True,False,body,90.0,66.0,-10.0
3245,218255,33.0,3,25,0.108804,1.1759,True,False,body,30.0,13.0,-10.0
3246,218301,50.0,3,46,0.10877,1.1093,True,False,wall,30.0,30.0,-10.0
3247,218570,464.0,26,269,0.108573,1.1479,True,False,body,260.0,214.0,-10.0
3248,218811,353.0,21,241,0.108397,1.1879,True,False,body,210.0,153.0,-10.0
3249,219115,401.0,22,304,0.108175,1.2376,True,False,wall,220.0,191.0,-10.0
3250,219182,93.0,5,67,0.108126,1.5126,True,False,body,50.0,53.0,-10.0
3251,219279,122.0,6,97,0.108056,1.4981,True,False,wall,60.0,72.0,-10.0
3252,219388,178.0,10,109,0.107977,1.2598,True,False,wall,100.0,88.0,-10.0
3253,219656,434.0,23,268,0.107783,1.1409,True,False,body,230.0,214.0,-10.0
3254,219791,163.0,9,135,0.107686,1.1068,True,False,body,90.0,83.0,-10.0
3255,219926,179.0,9,135,0.107588,1.0996,True,False,body,90.0,99.0,-10.0
3256,219999,106.0,6,73,0.107536,1.1929,True,False,body,60.0,56.0,-10.0
3257,220020,13.0,1,21,0.107521,1.0939,True,False,wall,10.0,13.0,-10.0
3258,220055,38.0,2,35,0.107496,1.1569,True,False,wall,20.0,28.0,-10.0
3259,220140,127.0,7,85,0.107434,1.2146,True,False,body,70.0,67.0,-10.0
3260,220308,263.0,14,168,0.107314,1.292,True,False,body,140.0,133.0,-10.0
3261,220346,61.0,4,38,0.107287,1.2192,True,False,body,40.0,31.0,-10.0
3262,220482,183.0,10,136,0.107189,1.1718,True,False,body,100.0,93.0,-10.0
3263,220544,66.0,3,62,0.107145,1.2035,True,False,wall,30.0,46.0,-10.0
3264,220795,382.0,20,251,0.106966,1.3395,True,False,wall,200.0,192.0,-10.0
3265,220877,128.0,9,82,0.106908,1.1547,True,False,body,90.0,48.0,-10.0
3266,220950,110.0,6,73,0.106856,1.2928,True,False,wall,60.0,60.0,-10.0
3267,221054,130.0,5,104,0.106782,1.1682,True,False,wall,50.0,90.0,-10.0
3268,221105,103.0,7,51,0.106746,1.0592,True,False,body,70.0,43.0,-10.0
3269,221163,75.0,4,58,0.106705,1.1056,True,False,body,40.0,45.0,-10.0
3270,221274,187.0,11,111,0.106626,1.064,True,False,wall,110.0,87.0,-10.0
3271,221411,202.0,10,137,0.106529,1.0885,True,False,body,100.0,112.0,-10.0
3272,221685,398.0,21,274,0.106336,1.2342,True,False,body,210.0,198.0,-10.0
3273,221696,7.0,1,11,0.106328,1.21,True,False,wall,10.0,7.0,-10.0
3274,221753,72.0,4,57,0.106288,1.1871,True,False,wall,40.0,42.0,-10.0
3275,221778,19.0,1,25,0.10627,1.2326,True,False,wall,10.0,19.0,-10.0
3276,221910,217.0,14,132,0.106178,1.1647,True,False,body,140.0,87.0,-10.0
3277,221979,103.0,7,69,0.106129,1.2886,True,False,body,70.0,43.0,-10.0
3278,222122,201.0,11,143,0.106029,1.3384,True,False,body,110.0,101.0,-10.0
3279,222345,348.0,18,223,0.105873,1.3787,True,False,wall,180.0,178.0,-10.0
3280,222523,286.0,15,178,0.105749,1.1774,True,False,body,150.0,146.0,-10.0
3281,222572,83.0,5,49,0.105715,1.2451,True,False,wall,50.0,43.0,-10.0
3282,222723,223.0,13,151,0.10561,1.588,True,False,body,130.0,103.0,-10.0
3283,222755,46.0,3,32,0.105587,1.1547,True,False,wall,30.0,26.0,-10.0
3284,222991,381.0,22,236,0.105424,1.1592,True,False,body,220.0,171.0,-10.0
3285,223301,472.0,25,310,0.105209,1.1923,True,False,body,250.0,232.0,-10.0
3286,223388,144.0,8,87,0.105149,1.2451,True,False,body,80.0,74.0,-10.0
3287,223450,111.0,8,62,0.105107,1.1882,True,False,body,80.0,41.0,-10.0
3288,223541,107.0,5,91,0.105044,1.248,True,False,body,50.0,67.0,-10.0
3289,223581,50.0,3,40,0.105016,1.1705,True,False,body,30.0,30.0,-10.0
3290,223837,453.0,26,256,0.104841,1.2043,True,False,body,260.0,203.0,-10.0
3291,224065,365.0,20,228,0.104685,1.239,True,False,body,200.0,175.0,-10.0
3292,224171,157.0,8,106,0.104612,1.2008,True,False,body,80.0,87.0,-10.0
3293,224203,44.0,3,32,0.10459,1.401,True,False,body,30.0,24.0,-10.0
3294,224339,210.0,11,136,0.104498,1.2483,True,False,body,110.0,110.0,-10.0
3295,224445,130.0,7,106,0.104425,1.1299,True,False,body,70.0,70.0,-10.0
3296,224606,280.0,18,161,0.104316,1.2038,True,False,body,180.0,110.0,-10.0
3297,224651,64.0,4,45,0.104286,1.2792,True,False,wall,40.0,34.0,-10.0
3298,224862,355.0,21,211,0.104143,1.3218,True,False,body,210.0,155.0,-10.0
3299,225001,210.0,12,139,0.104049,1.3905,True,False,body,120.0,100.0,-10.0
3300,225088,110.0,6,87,0.10399,1.3718,True,False,wall,60.0,60.0,-10.0
3301,225168,101.0,4,80,0.103936,1.2207,True,False,wall,40.0,71.0,-10.0
3302,225309,203.0,11,141,0.103841,1.3073,True,False,wall,110.0,103.0,-10.0
3303,225731,632.0,33,422,0.103558,1.4668,True,False,body,330.0,312.0,-10.0
3304,225914,276.0,14,183,0.103435,1.2167,True,False,body,140.0,146.0,-10.0
3305,226074,255.0,14,160,0.103328,1.2687,True,False,body,140.0,125.0,-10.0
3306,226087,9.0,1,13,0.10332,1.3999,True,False,wall,10.0,9.0,-10.0
3307,226180,131.0,7,93,0.103258,1.2134,True,False,body,70.0,71.0,-10.0
3308,226395,345.0,19,215,0.103115,1.3153,True,False,body,190.0,165.0,-10.0
3309,226506,172.0,10,111,0.103041,1.168,True,False,body,100.0,82.0,-10.0
3310,226624,160.0,9,118,0.102963,1.2456,True,False,body,90.0,80.0,-10.0
3311,226679,96.0,6,55,0.102927,1.1726,True,False,body,60.0,46.0,-10.0
3312,226731,71.0,4,52,0.102892,1.3005,True,False,body,40.0,41.0,-10.0
3313,226971,381.0,20,240,0.102734,1.2073,True,False,body,200.0,191.0,-10.0
3314,227091,197.0,12,120,0.102655,1.1128,True,False,body,120.0,87.0,-10.0
3315,227203,161.0,8,112,0.102581,1.3163,True,False,wall,80.0,91.0,-10.0
3316,227269,114.0,7,66,0.102538,1.2255,True,False,body,70.0,54.0,-10.0
3317,227338,108.0,6,69,0.102492,1.1804,True,False,body,60.0,58.0,-10.0
3318,227427,125.0,7,89,0.102434,1.2371,True,False,wall,70.0,65.0,-10.0
3319,227623,288.0,15,196,0.102306,1.3542,True,False,body,150.0,148.0,-10.0
3320,227717,170.0,11,94,0.102244,1.1108,True,False,body,110.0,70.0,-10.0
3321,228087,592.0,31,370,0.102003,1.229,True,False,body,310.0,292.0,-10.0
3322,228131,52.0,3,44,0.101975,1.2427,True,False,wall,30.0,32.0,-10.0
3323,228283,240.0,13,152,0.101876,1.3283,True,False,body,130.0,120.0,-10.0
3324,228569,452.0,25,286,0.101691,1.18,True,False,body,250.0,212.0,-10.0
3325,228769,283.0,14,200,0.101562,1.3161,True,False,body,140.0,153.0,-10.0
3326,229002,352.0,18,233,0.101412,1.2662,True,False,body,180.0,182.0,-10.0
3327,229125,171.0,11,123,0.101333,1.2118,True,False,body,110.0,71.0,-10.0
3328,229201,122.0,7,76,0.101284,1.2957,True,False,body,70.0,62.0,-10.0
3329,229353,254.0,15,152,0.101187,1.2628,True,False,body,150.0,114.0,-10.0
3330,229367,-1.0,0,14,0.101178,1.1286,True,False,wall,0.0,9.0,-10.0
3331,229499,217.0,12,132,0.101093,1.2432,True,False,body,120.0,107.0,-10.0
3332,229668,249.0,13,169,0.100986,1.2087,True,False,body,130.0,129.0,-10.0
3333,230024,563.0,28,356,0.100759,1.2944,True,False,body,280.0,293.0,-10.0
3334,230072,64.0,3,48,0.100729,1.2337,True,False,wall,30.0,44.0,-10.0
3335,230302,368.0,19,230,0.100583,1.2507,True,False,body,190.0,188.0,-10.0
3336,230533,347.0,19,231,0.100437,1.1971,True,False,body,190.0,167.0,-10.0
3337,230670,256.0,16,137,0.100351,1.2519,True,False,body,160.0,106.0,-10.0
3338,230710,61.0,4,40,0.100326,1.3177,True,False,wall,40.0,31.0,-10.0
3339,230748,46.0,3,38,0.100302,1.3596,True,False,wall,30.0,26.0,-10.0
3340,230886,244.0,15,138,0.100215,1.1873,True,False,body,150.0,104.0,-10.0
3341,231192,404.0,21,306,0.100024,1.2514,True,False,body,210.0,204.0,-10.0
3342,231263,104.0,6,71,0.099979,1.3534,True,False,body,60.0,54.0,-10.0
3343,231329,85.0,4,66,0.099938,1.3079,True,False,wall,40.0,55.0,-10.0
3344,231456,205.0,11,127,0.099859,1.3975,True,False,wall,110.0,105.0,-10.0
3345,231564,177.0,10,108,0.099792,1.216,True,False,body,100.0,87.0,-10.0
3346,231657,168.0,10,93,0.099734,1.256,True,False,body,100.0,78.0,-10.0
3347,231779,187.0,10,122,0.099658,1.1726,True,False,wall,100.0,97.0,-10.0
3348,231830,70.0,4,51,0.099626,1.199,True,False,wall,40.0,40.0,-10.0
3349,232016,243.0,14,186,0.099511,1.348,True,False,body,140.0,113.0,-10.0
3350,232185,218.0,12,169,0.099407,1.2991,True,False,body,120.0,108.0,-10.0
3351,232369,236.0,13,184,0.099293,1.1929,True,False,body,130.0,116.0,-10.0
3352,232688,461.0,23,319,0.099097,1.1851,True,False,body,230.0,241.0,-10.0
3353,232845,242.0,12,157,0.099001,1.2102,True,False,body,120.0,132.0,-10.0
3354,232900,74.0,4,55,0.098967,1.0854,True,False,wall,40.0,44.0,-10.0
3355,232968,99.0,6,68,0.098925,1.2326,True,False,body,60.0,49.0,-10.0
3356,233131,236.0,12,163,0.098826,1.2163,True,False,wall,120.0,126.0,-10.0
3357,233181,78.0,5,50,0.098795,1.1427,True,False,wall,50.0,38.0,-10.0
3358,233260,113.0,7,79,0.098747,1.2532,True,False,body,70.0,53.0,-10.0
3359,233272,-1.0,0,12,0.09874,1.2761,True,False,wall,0.0,9.0,-10.0
3360,233388,185.0,10,116,0.098669,1.2631,True,False,body,100.0,95.0,-10.0
3361,233530,206.0,11,142,0.098583,1.1447,True,False,body,110.0,106.0,-10.0
3362,233793,405.0,21,263,0.098423,1.2217,True,False,body,210.0,205.0,-10.0
3363,233857,114.0,7,64,0.098385,1.1547,True,False,body,70.0,54.0,-10.0
3364,233871,10.0,1,14,0.098376,1.1147,True,False,wall,10.0,10.0,-10.0
3365,234074,326.0,18,203,0.098254,1.2142,True,False,body,180.0,156.0,-10.0
3366,234181,155.0,7,107,0.098189,1.3652,True,False,body,70.0,95.0,-10.0
3367,234257,115.0,6,76,0.098143,1.3301,True,False,body,60.0,65.0,-10.0
3368,234390,217.0,13,133,0.098063,1.318,True,False,wall,130.0,97.0,-10.0
3369,234430,61.0,4,40,0.098039,1.3546,True,False,wall,40.0,31.0,-10.0
3370,234851,621.0,35,421,0.097787,1.2243,True,False,body,350.0,281.0,-10.0
3371,234863,10.0,1,12,0.09778,1.0695,True,False,wall,10.0,10.0,-10.0
3372,235148,408.0,22,285,0.09761,1.3706,True,False,body,220.0,198.0,-10.0
3373,235281,209.0,11,133,0.097531,1.4013,True,False,body,110.0,109.0,-10.0
3374,235349,73.0,4,68,0.097491,1.4917,True,False,body,40.0,43.0,-10.0
3375,235385,37.0,2,36,0.097469,1.3501,True,False,wall,20.0,27.0,-10.0
3376,235484,153.0,9,99,0.097411,1.1969,True,False,body,90.0,73.0,-10.0
3377,235612,204.0,11,128,0.097335,1.4154,True,False,wall,110.0,104.0,-10.0
3378,235689,125.0,7,77,0.097289,1.2499,True,False,wall,70.0,65.0,-10.0
3379,235795,158.0,9,106,0.097227,1.313,True,False,body,90.0,78.0,-10.0
3380,235872,116.0,6,77,0.097181,1.3981,True,False,wall,60.0,66.0,-10.0
3381,236032,249.0,14,160,0.097087,1.1886,True,False,wall,140.0,119.0,-10.0
3382,236372,491.0,26,340,0.096887,1.2879,True,False,body,260.0,241.0,-10.0
3383,236436,103.0,6,64,0.09685,1.1334,True,False,body,60.0,53.0,-10.0
3384,236541,162.0,10,105,0.096788,1.4103,True,False,body,100.0,72.0,-10.0
3385,236692,221.0,13,151,0.0967,1.4229,True,False,wall,130.0,101.0,-10.0
3386,236759,118.0,8,67,0.096661,1.4388,True,False,wall,80.0,48.0,-10.0
3387,236887,204.0,11,128,0.096586,1.3122,True,False,body,110.0,104.0,-10.0
3388,236948,102.0,6,61,0.096551,1.3191,True,False,body,60.0,52.0,-10.0
3389,237196,360.0,19,248,0.096407,1.2102,True,False,wall,190.0,180.0,-10.0
3390,237491,428.0,24,295,0.096236,1.287,True,False,body,240.0,198.0,-10.0
3391,237524,49.0,3,33,0.096217,1.0838,True,False,wall,30.0,29.0,-10.0
3392,237779,394.0,20,255,0.09607,1.2005,True,False,body,200.0,204.0,-10.0
3393,237965,277.0,14,186,0.095963,1.1631,True,False,body,140.0,147.0,-10.0
3394,238089,173.0,10,124,0.095892,1.4107,True,False,body,100.0,83.0,-10.0
3395,238103,12.0,1,14,0.095884,1.2597,True,False,wall,10.0,12.0,-10.0
3396,238438,515.0,27,335,0.095692,1.2836,True,False,body,270.0,255.0,-10.0
3397,238568,213.0,12,130,0.095618,1.1524,True,False,body,120.0,103.0,-10.0
3398,238598,46.0,3,30,0.095601,1.1423,True,False,body,30.0,26.0,-10.0
3399,238640,70.0,5,42,0.095577,1.1978,True,False,wall,50.0,30.0,-10.0
3400,238693,68.0,4,53,0.095546,1.1277,True,False,body,40.0,38.0,-10.0
3401,238767,123.0,8,74,0.095504,1.2462,True,False,body,80.0,53.0,-10.0
3402,238838,95.0,5,71,0.095464,1.3631,True,False,body,50.0,55.0,-10.0
3403,238897,85.0,5,59,0.09543,1.4109,True,False,body,50.0,45.0,-10.0
3404,238982,132.0,8,85,0.095382,1.1831,True,False,body,80.0,62.0,-10.0
3405,239091,171.0,9,109,0.09532,1.2107,True,False,wall,90.0,91.0,-10.0
3406,239134,62.0,4,43,0.095296,1.2635,True,False,body,40.0,32.0,-10.0
3407,239257,183.0,9,123,0.095226,1.1323,True,False,wall,90.0,103.0,-10.0
3408,239334,139.0,9,77,0.095183,1.3161,True,False,body,90.0,59.0,-10.0
3409,239438,175.0,10,104,0.095124,1.2616,True,False,wall,100.0,85.0,-10.0
3410,239611,277.0,15,173,0.095027,1.3076,True,False,wall,150.0,137.0,-10.0
3411,239660,70.0,4,49,0.094999,1.4425,True,False,wall,40.0,40.0,-10.0
3412,239832,267.0,16,172,0.094903,1.3981,True,False,body,160.0,117.0,-10.0
3413,239934,143.0,8,102,0.094845,1.3551,True,False,wall,80.0,73.0,-10.0
3414,240126,336.0,19,192,0.094738,1.3754,True,False,body,190.0,156.0,-10.0
3415,240238,179.0,10,112,0.094675,1.2476,True,False,body,100.0,89.0,-10.0
3416,240352,171.0,10,114,0.094612,1.2889,True,False,body,100.0,81.0,-10.0
3417,240559,338.0,18,207,0.094496,1.3013,True,False,body,180.0,168.0,-10.0
3418,240712,221.0,11,153,0.094411,1.2121,True,False,wall,110.0,121.0,-10.0
3419,240910,279.0,16,198,0.094302,1.2235,True,False,body,160.0,129.0,-10.0
3420,241094,283.0,16,184,0.0942,1.2682,True,False,body,160.0,133.0,-10.0
3421,241251,233.0,13,157,0.094113,1.2376,True,False,wall,130.0,113.0,-10.0
3422,241435,246.0,11,184,0.094012,1.3547,True,False,wall,110.0,146.0,-10.0
3423,241542,162.0,10,107,0.093953,1.2961,True,False,body,100.0,72.0,-10.0
3424,241674,204.0,11,132,0.09388,1.391,True,False,body,110.0,104.0,-10.0
3425,241835,286.0,16,161,0.093792,1.3968,True,False,body,160.0,136.0,-10.0
3426,242002,210.0,10,167,0.093701,1.2143,True,False,body,100.0,120.0,-10.0
3427,242031,35.0,3,29,0.093685,1.0975,True,False,wall,30.0,15.0,-10.0
3428,242191,253.0,14,160,0.093598,1.1597,True,False,body,140.0,123.0,-10.0
3429,242229,48.0,3,38,0.093577,1.3679,True,False,wall,30.0,28.0,-10.0
3430,242313,133.0,8,84,0.093531,1.2705,True,False,wall,80.0,63.0,-10.0
3431,242382,126.0,8,69,0.093494,1.3767,True,False,wall,80.0,56.0,-10.0
3432,242465,138.0,8,83,0.093449,1.1919,True,False,wall,80.0,68.0,-10.0
3433,242678,321.0,17,213,0.093333,1.2376,True,False,body,170.0,161.0,-10.0
3434,242816,192.0,9,138,0.093259,1.2677,True,False,body,90.0,112.0,-10.0
3435,242885,106.0,6,69,0.093221,1.3779,True,False,wall,60.0,56.0,-10.0
3436,243014,181.0,9,129,0.093152,1.2056,True,False,wall,90.0,101.0,-10.0
3437,243202,292.0,15,188,0.09305,1.2222,True,False,body,150.0,152.0,-10.0
3438,243448,351.0,18,246,0.092918,1.2594,True,False,body,180.0,181.0,-10.0
3439,243490,70.0,5,42,0.092896,1.1209,True,False,body,50.0,30.0,-10.0
3440,243663,259.0,15,173,0.092803,1.2645,True,False,body,150.0,119.0,-10.0
3441,243801,241.0,14,138,0.092729,1.2559,True,False,wall,140.0,111.0,-10.0
3442,243856,81.0,5,55,0.0927,1.2621,True,False,wall,50.0,41.0,-10.0
3443,244038,276.0,13,182,0.092603,1.4225,True,False,body,130.0,156.0,-10.0
3444,244175,220.0,12,137,0.09253,1.2802,True,False,body,120.0,110.0,-10.0
3445,244353,278.0,15,178,0.092435,1.3121,True,False,body,150.0,138.0,-10.0
3446,244370,24.0,2,17,0.092426,1.2744,True,False,wall,20.0,14.0,-10.0
3447,244442,105.0,6,72,0.092388,1.2141,True,False,wall,60.0,55.0,-10.0
3448,244627,299.0,15,185,0.09229,1.2008,True,False,body,150.0,159.0,-10.0
3449,244723,145.0,8,96,0.09224,1.4017,True,False,wall,80.0,75.0,-10.0
3450,244913,262.0,13,190,0.092139,1.1743,True,False,body,130.0,142.0,-10.0
3451,245018,157.0,9,105,0.092084,1.1909,True,False,body,90.0,77.0,-10.0
3452,245044,31.0,2,26,0.09207,1.2019,True,False,wall,20.0,21.0,-10.0
3453,245201,235.0,13,157,0.091988,1.1324,True,False,body,130.0,115.0,-10.0
3454,245391,284.0,17,190,0.091888,1.32,True,False,body,170.0,124.0,-10.0
3455,245493,130.0,5,102,0.091835,1.5177,True,False,wall,50.0,90.0,-10.0
3456,245756,421.0,23,263,0.091698,1.2392,True,False,wall,230.0,201.0,-10.0
3457,245987,378.0,20,231,0.091577,1.2429,True,False,wall,200.0,188.0,-10.0
3458,246050,91.0,5,63,0.091545,1.1519,True,False,wall,50.0,51.0,-10.0
3459,246087,45.0,3,37,0.091525,1.0543,True,False,wall,30.0,25.0,-10.0
3460,246099,-5.0,0,12,0.091519,1.429,True,False,wall,0.0,5.0,-10.0
3461,246162,122.0,8,63,0.091487,1.3858,True,False,body,80.0,52.0,-10.0
3462,246453,432.0,22,291,0.091336,1.3432,True,False,body,220.0,222.0,-10.0
3463,246606,230.0,12,153,0.091257,1.2129,True,False,body,120.0,120.0,-10.0
3464,246724,155.0,8,118,0.091196,1.2336,True,False,wall,80.0,85.0,-10.0
3465,246768,56.0,3,44,0.091173,1.289,True,False,wall,30.0,36.0,-10.0
3466,246795,32.0,2,27,0.09116,1.1412,True,False,wall,20.0,22.0,-10.0
3467,247052,339.0,17,257,0.091028,1.1959,True,False,body,170.0,179.0,-10.0
3468,247069,22.0,2,17,0.091019,1.1504,True,False,wall,20.0,12.0,-10.0
3469,247192,193.0,13,123,0.090956,1.3135,True,False,body,130.0,73.0,-10.0
3470,247322,206.0,11,130,0.090889,1.3816,True,False,body,110.0,106.0,-10.0
3471,247374,89.0,6,52,0.090863,1.2285,True,False,body,60.0,39.0,-10.0
3472,247517,239.0,13,143,0.09079,1.1241,True,False,wall,130.0,119.0,-10.0
3473,247655,213.0,12,138,0.09072,1.2093,True,False,body,120.0,103.0,-10.0
3474,247801,247.0,14,146,0.090645,1.1915,True,False,wall,140.0,117.0,-10.0
3475,247871,121.0,8,70,0.09061,1.1835,True,False,body,80.0,51.0,-10.0
3476,247992,195.0,11,121,0.090548,1.2419,True,False,wall,110.0,95.0,-10.0
3477,248242,373.0,20,250,0.090422,1.2216,True,False,wall,200.0,183.0,-10.0
3478,248343,152.0,8,101,0.090371,1.2812,True,False,wall,80.0,82.0,-10.0
3479,248486,213.0,11,143,0.090299,1.3417,True,False,body,110.0,113.0,-10.0
3480,248606,223.0,14,120,0.090238,1.3052,True,False,body,140.0,93.0,-10.0
3481,248660,60.0,3,54,0.090211,1.2872,True,False,wall,30.0,40.0,-10.0
3482,248710,71.0,4,50,0.090186,1.2168,True,False,wall,40.0,41.0,-10.0
3483,248854,230.0,13,144,0.090114,1.4356,True,False,body,130.0,110.0,-10.0
3484,248977,202.0,12,123,0.090052,1.3411,True,False,body,120.0,92.0,-10.0
3485,249072,150.0,8,95,0.090005,1.4191,True,False,body,80.0,80.0,-10.0
3486,249226,255.0,14,154,0.089928,1.3334,True,False,body,140.0,125.0,-10.0
3487,249349,187.0,9,123,0.089866,1.1878,True,False,wall,90.0,107.0,-10.0
3488,249382,61.0,5,33,0.08985,1.104,True,False,wall,50.0,21.0,-10.0
3489,249465,136.0,8,83,0.089809,1.1508,True,False,body,80.0,66.0,-10.0
3490,249537,105.0,6,72,0.089773,1.5133,True,False,body,60.0,55.0,-10.0
3491,249775,397.0,22,238,0.089655,1.3277,True,False,body,220.0,187.0,-10.0
3492,250018,369.0,19,243,0.089534,1.2337,True,False,wall,190.0,189.0,-10.0
3493,250181,271.0,15,163,0.089454,1.3036,True,False,body,150.0,131.0,-10.0
3494,250478,429.0,23,297,0.089308,1.2426,True,False,body,230.0,209.0,-10.0
3495,250731,347.0,17,253,0.089184,1.5766,True,False,body,170.0,187.0,-10.0
3496,250845,190.0,11,114,0.089128,1.2729,True,False,body,110.0,90.0,-10.0
3497,251103,366.0,21,258,0.089002,1.3074,True,False,body,210.0,166.0,-10.0
3498,251164,91.0,5,61,0.088972,1.4582,True,False,body,50.0,51.0,-10.0
3499,251258,158.0,9,94,0.088926,1.3091,True,False,body,90.0,78.0,-10.0
3500,251495,365.0,19,237,0.088811,1.3896,True,False,body,190.0,185.0,-10.0
3501,251715,337.0,16,220,0.088705,1.391,True,False,body,160.0,187.0,-10.0
3502,251951,359.0,18,236,0.088591,1.3838,True,False,wall,180.0,189.0,-10.0
3503,252112,244.0,12,161,0.088513,1.2277,True,False,body,120.0,134.0,-10.0
3504,252525,619.0,33,413,0.088315,1.3328,True,False,body,330.0,299.0,-10.0
3505,252607,126.0,7,82,0.088275,1.2815,True,False,body,70.0,66.0,-10.0
3506,252661,109.0,8,54,0.08825,1.3446,True,False,body,80.0,39.0,-10.0
3507,252722,91.0,5,61,0.08822,1.3082,True,False,wall,50.0,51.0,-10.0
3508,252802,137.0,8,80,0.088182,1.256,True,False,body,80.0,67.0,-10.0
3509,252971,277.0,15,169,0.088102,1.3693,True,False,wall,150.0,137.0,-10.0
3510,253058,153.0,9,87,0.08806,1.3544,True,False,body,90.0,73.0,-10.0
3511,253196,248.0,15,138,0.087995,1.2395,True,False,wall,150.0,108.0,-10.0
3512,253364,251.0,12,168,0.087915,1.099,True,False,wall,120.0,141.0,-10.0
3513,253421,96.0,6,57,0.087888,1.121,True,False,wall,60.0,46.0,-10.0
3514,253466,70.0,4,45,0.087867,1.1249,True,False,wall,40.0,40.0,-10.0
3515,253578,199.0,12,112,0.087814,1.2771,True,False,wall,120.0,89.0,-10.0
3516,253744,267.0,14,166,0.087735,1.4849,True,False,body,140.0,137.0,-10.0
3517,253756,10.0,1,12,0.08773,1.2083,True,False,wall,10.0,10.0,-10.0
3518,253937,281.0,15,181,0.087644,1.3973,True,False,body,150.0,141.0,-10.0
3519,254064,203.0,11,127,0.087585,1.3269,True,False,body,110.0,103.0,-10.0
3520,254240,264.0,15,176,0.087502,1.2179,True,False,body,150.0,124.0,-10.0
3521,254291,90.0,6,51,0.087478,1.3734,True,False,body,60.0,40.0,-10.0
3522,254473,332.0,21,182,0.087393,1.3096,True,False,body,210.0,132.0,-10.0
3523,254541,80.0,3,68,0.087361,1.1283,True,False,wall,30.0,60.0,-10.0
3524,254679,234.0,13,138,0.087297,1.2756,True,False,wall,130.0,114.0,-10.0
3525,254790,164.0,10,111,0.087245,1.3059,True,False,body,100.0,74.0,-10.0
3526,254847,86.0,6,57,0.087219,1.2244,True,False,wall,60.0,36.0,-10.0
3527,254913,89.0,4,66,0.087188,1.2601,True,False,body,40.0,59.0,-10.0
3528,255003,128.0,7,90,0.087146,1.1901,True,False,body,70.0,68.0,-10.0
3529,255232,370.0,20,229,0.08704,1.3834,True,False,body,200.0,180.0,-10.0
3530,255380,225.0,12,148,0.086971,1.5493,True,False,wall,120.0,115.0,-10.0
3531,255631,364.0,18,251,0.086856,1.3871,True,False,body,180.0,194.0,-10.0
3532,255695,99.0,6,64,0.086826,1.306,True,False,wall,60.0,49.0,-10.0
3533,255958,416.0,22,263,0.086705,1.2391,True,False,body,220.0,206.0,-10.0
3534,256001,84.0,6,43,0.086686,1.2528,True,False,wall,60.0,34.0,-10.0
3535,256097,145.0,8,96,0.086642,1.1811,True,False,wall,80.0,75.0,-10.0
3536,256172,103.0,5,75,0.086607,1.3618,True,False,wall,50.0,63.0,-10.0
3537,256317,229.0,13,145,0.086541,1.3338,True,False,wall,130.0,109.0,-10.0
3538,256344,34.0,2,27,0.086529,1.3412,True,False,wall,20.0,24.0,-10.0
3539,256569,343.0,19,225,0.086426,1.3974,True,False,body,190.0,163.0,-10.0
3540,256629,68.0,3,60,0.086399,1.1621,True,False,wall,30.0,48.0,-10.0
3541,256865,401.0,22,236,0.086291,1.1812,True,False,body,220.0,191.0,-10.0
3542,256971,140.0,7,106,0.086243,1.1935,True,False,wall,70.0,80.0,-10.0
3543,257011,56.0,3,40,0.086225,1.3521,True,False,wall,30.0,36.0,-10.0
3544,257115,155.0,10,104,0.086178,1.1614,True,False,body,100.0,65.0,-10.0
3545,257176,93.0,5,61,0.086151,1.214,True,False,body,50.0,53.0,-10.0
3546,257307,207.0,11,131,0.086091,1.2386,True,False,body,110.0,107.0,-10.0
3547,257345,43.0,2,38,0.086074,1.2828,True,False,wall,20.0,33.0,-10.0
3548,257363,43.0,4,18,0.086066,1.3683,True,False,body,40.0,13.0,-10.0
3549,257399,61.0,4,36,0.08605,1.2432,True,False,wall,40.0,31.0,-10.0
3550,257571,236.0,11,172,0.085973,1.3066,True,False,wall,110.0,136.0,-10.0
3551,257617,72.0,5,46,0.085952,1.4294,True,False,wall,50.0,32.0,-10.0
3552,257748,221.0,13,131,0.085893,1.4656,True,False,wall,130.0,101.0,-10.0
3553,258063,484.0,24,315,0.085752,1.2303,True,False,body,240.0,254.0,-10.0
3554,258144,123.0,7,81,0.085716,1.2399,True,False,body,70.0,63.0,-10.0
3555,258318,299.0,18,174,0.085638,1.1819,True,False,body,180.0,129.0,-10.0
3556,258337,35.0,3,19,0.08563,1.0623,True,False,body,30.0,15.0,-10.0
3557,258556,388.0,22,219,0.085532,1.2388,True,False,body,220.0,178.0,-10.0
3558,258757,299.0,15,201,0.085443,1.3543,True,False,body,150.0,159.0,-10.0
3559,258865,160.0,9,108,0.085395,1.3364,True,False,body,90.0,80.0,-10.0
3560,258990,208.0,12,125,0.08534,1.2324,True,False,wall,120.0,98.0,-10.0
3561,259180,320.0,17,190,0.085256,1.3385,True,False,body,170.0,160.0,-10.0
3562,259366,276.0,15,186,0.085174,1.22,True,False,body,150.0,136.0,-10.0
3563,259444,106.0,5,78,0.08514,1.1782,True,False,wall,50.0,66.0,-10.0
3564,259617,263.0,13,173,0.085064,1.2451,True,False,body,130.0,143.0,-10.0
3565,259770,258.0,14,153,0.084997,1.1694,True,False,wall,140.0,128.0,-10.0
3566,259897,177.0,11,127,0.084942,1.2439,True,False,body,110.0,77.0,-10.0
3567,260026,214.0,12,129,0.084885,1.1983,True,False,body,120.0,104.0,-10.0
3568,260049,28.0,2,23,0.084875,1.2742,True,False,wall,20.0,18.0,-10.0
3569,260441,655.0,36,392,0.084705,1.2735,True,False,body,360.0,305.0,-10.0
3570,260484,53.0,3,43,0.084686,1.3635,True,False,body,30.0,33.0,-10.0
3571,260519,45.0,3,35,0.084671,1.5052,True,False,wall,30.0,25.0,-10.0
3572,260561,65.0,4,42,0.084653,1.6678,True,False,body,40.0,35.0,-10.0
3573,260574,20.0,2,13,0.084647,1.8657,True,False,wall,20.0,10.0,-10.0
3574,260667,129.0,7,93,0.084607,1.3828,True,False,body,70.0,69.0,-10.0
3575,260810,243.0,13,143,0.084545,1.3087,True,False,wall,130.0,123.0,-10.0
3576,260849,56.0,4,39,0.084528,1.2307,True,False,body,40.0,26.0,-10.0
3577,261064,355.0,19,215,0.084436,1.3014,True,False,body,190.0,175.0,-10.0
3578,261100,50.0,3,36,0.08442,1.304,True,False,body,30.0,30.0,-10.0
3579,261167,106.0,6,67,0.084391,1.3024,True,False,body,60.0,56.0,-10.0
3580,261262,122.0,6,95,0.084351,1.4955,True,False,wall,60.0,72.0,-10.0
3581,261348,132.0,7,86,0.084314,1.6139,True,False,body,70.0,72.0,-10.0
3582,261420,122.0,7,72,0.084283,1.5188,True,False,wall,70.0,62.0,-10.0
3583,261467,62.0,4,47,0.084263,1.2888,True,False,wall,40.0,32.0,-10.0
3584,261633,213.0,12,166,0.084192,1.3144,True,False,body,120.0,103.0,-10.0
3585,261658,23.0,1,25,0.084181,1.3562,True,False,wall,10.0,23.0,-10.0
3586,261948,417.0,22,290,0.084057,1.2663,True,False,body,220.0,207.0,-10.0
3587,262219,409.0,21,271,0.083942,1.3023,True,False,body,210.0,209.0,-10.0
3588,262390,295.0,17,171,0.08387,1.2909,True,False,body,170.0,135.0,-10.0
3589,262551,274.0,16,161,0.083802,1.2764,True,False,body,160.0,124.0,-10.0
3590,262765,367.0,20,214,0.083711,1.262,True,False,body,200.0,177.0,-10.0
3591,262904,215.0,13,139,0.083653,1.3223,True,False,wall,130.0,95.0,-10.0
3592,262994,138.0,7,90,0.083615,1.3624,True,False,body,70.0,78.0,-10.0
3593,263045,81.0,5,51,0.083593,1.3974,True,False,wall,50.0,41.0,-10.0
3594,263152,185.0,11,107,0.083549,1.3225,True,False,body,110.0,85.0,-10.0
3595,263221,100.0,6,69,0.08352,1.4486,True,False,body,60.0,50.0,-10.0
3596,263275,120.0,9,54,0.083497,1.3355,True,False,body,90.0,40.0,-10.0
3597,263340,102.0,6,65,0.08347,1.3047,True,False,wall,60.0,52.0,-10.0
3598,263606,376.0,19,266,0.083359,1.2517,True,False,body,190.0,196.0,-10.0
3599,263863,380.0,20,257,0.083252,1.3515,True,False,body,200.0,190.0,-10.0
3600,263985,187.0,10,122,0.083201,1.2878,True,False,wall,100.0,97.0,-10.0
3601,264161,260.0,15,176,0.083128,1.3081,True,False,body,150.0,120.0,-10.0
3602,264297,212.0,11,136,0.083072,1.4162,True,False,wall,110.0,112.0,-10.0
3603,264465,284.0,17,168,0.083002,1.3385,True,False,wall,170.0,124.0,-10.0
3604,264628,252.0,16,163,0.082935,1.321,True,False,body,160.0,102.0,-10.0
3605,264668,52.0,3,40,0.082919,1.1913,True,False,wall,30.0,32.0,-10.0
3606,264899,420.0,24,231,0.082824,1.3493,True,False,body,240.0,190.0,-10.0
3607,265257,521.0,28,358,0.082677,1.2946,True,False,body,280.0,251.0,-10.0
3608,265604,560.0,30,347,0.082536,1.3177,True,False,body,300.0,270.0,-10.0
3609,265788,294.0,17,184,0.082461,1.3383,True,False,body,170.0,134.0,-10.0
3610,265928,193.0,10,140,0.082404,1.3423,True,False,body,100.0,103.0,-10.0
3611,266074,223.0,12,146,0.082345,1.4026,True,False,wall,120.0,113.0,-10.0
3612,266122,80.0,5,48,0.082326,1.2586,True,False,wall,50.0,40.0,-10.0
3613,266241,192.0,10,119,0.082278,1.25,True,False,body,100.0,102.0,-10.0
3614,266353,201.0,12,112,0.082233,1.1947,True,False,body,120.0,91.0,-10.0
3615,266455,173.0,10,102,0.082192,1.26,True,False,body,100.0,83.0,-10.0
3616,266489,39.0,2,34,0.082178,1.2695,True,False,wall,20.0,29.0,-10.0
3617,266504,2.0,0,15,0.082172,1.2873,True,False,wall,0.0,12.0,-10.0
3618,266742,363.0,18,238,0.082076,1.2375,True,False,body,180.0,193.0,-10.0
3619,266799,83.0,5,57,0.082054,1.2049,True,False,wall,50.0,43.0,-10.0
3620,266986,287.0,15,187,0.081979,1.2107,True,False,body,150.0,147.0,-10.0
3621,267188,334.0,19,202,0.081898,1.2528,True,False,body,190.0,154.0,-10.0
3622,267359,305.0,19,171,0.08183,1.2917,True,False,body,190.0,125.0,-10.0
3623,267436,126.0,8,77,0.081799,1.264,True,False,wall,80.0,56.0,-10.0
3624,267458,27.0,2,22,0.081791,1.1952,True,False,wall,20.0,17.0,-10.0
3625,267590,206.0,11,132,0.081738,1.2019,True,False,body,110.0,106.0,-10.0
3626,267637,59.0,3,47,0.08172,1.1867,True,False,body,30.0,39.0,-10.0
3627,267716,127.0,7,79,0.081688,1.2723,True,False,wall,70.0,67.0,-10.0
3628,267968,370.0,21,252,0.081589,1.239,True,False,body,210.0,170.0,-10.0
3629,268097,206.0,12,129,0.081538,1.3406,True,False,body,120.0,96.0,-10.0
3630,268213,201.0,12,116,0.081492,1.2776,True,False,body,120.0,91.0,-10.0
3631,268367,259.0,14,154,0.081431,1.2542,True,False,wall,140.0,129.0,-10.0
3632,268433,98.0,5,66,0.081405,1.1661,True,False,wall,50.0,58.0,-10.0
3633,268689,380.0,19,256,0.081305,1.2053,True,False,body,190.0,200.0,-10.0
3634,268796,174.0,10,107,0.081263,1.3228,True,False,wall,100.0,84.0,-10.0
3635,268895,170.0,10,99,0.081225,1.3327,True,False,wall,100.0,80.0,-10.0
3636,269049,239.0,14,154,0.081165,1.1939,True,False,body,140.0,109.0,-10.0
3637,269198,242.0,14,149,0.081107,1.2524,True,False,body,140.0,112.0,-10.0
3638,269339,237.0,13,141,0.081052,1.7022,True,False,body,130.0,117.0,-10.0
3639,269429,126.0,7,90,0.081017,1.4156,True,False,wall,70.0,66.0,-10.0
3640,269558,223.0,13,129,0.080967,1.4959,True,False,body,130.0,103.0,-10.0
3641,269603,84.0,6,45,0.08095,1.6555,True,False,wall,60.0,34.0,-10.0
3642,269816,333.0,19,213,0.080867,1.361,True,False,body,190.0,153.0,-10.0
3643,269837,28.0,2,21,0.080859,1.1518,True,False,wall,20.0,18.0,-10.0
3644,270148,453.0,25,311,0.080739,1.2974,True,False,body,250.0,213.0,-10.0
3645,270245,146.0,8,97,0.080702,1.3645,True,False,body,80.0,76.0,-10.0
3646,270377,210.0,11,132,0.080652,1.2256,True,False,body,110.0,110.0,-10.0
3647,270596,332.0,18,219,0.080568,1.2256,True,False,body,180.0,162.0,-10.0
3648,270637,57.0,3,41,0.080552,1.2242,True,False,wall,30.0,37.0,-10.0
3649,270648,7.0,1,11,0.080548,1.1646,True,False,wall,10.0,7.0,-10.0
3650,270717,93.0,5,69,0.080522,1.2965,True,False,wall,50.0,53.0,-10.0
3651,270955,420.0,23,238,0.080431,1.2169,True,False,wall,230.0,200.0,-10.0
3652,271077,198.0,11,122,0.080384,1.1578,True,False,body,110.0,98.0,-10.0
3653,271180,145.0,9,103,0.080345,1.1444,True,False,body,90.0,65.0,-10.0
3654,271335,247.0,15,155,0.080287,1.2404,True,False,wall,150.0,107.0,-10.0
3655,271479,261.0,16,144,0.080232,1.1879,True,False,wall,160.0,111.0,-10.0
3656,271537,86.0,5,58,0.08021,1.2239,True,False,wall,50.0,46.0,-10.0
3657,271677,215.0,14,140,0.080157,1.2531,True,False,body,140.0,85.0,-10.0
3658,271813,217.0,12,136,0.080106,1.2701,True,False,body,120.0,107.0,-10.0
3659,271847,48.0,3,34,0.080093,1.3347,True,False,wall,30.0,28.0,-10.0
3660,272315,643.0,32,468,0.079918,1.2741,True,False,wall,320.0,333.0,-10.0
3661,272457,195.0,10,142,0.079865,1.1702,True,False,body,100.0,105.0,-10.0
3662,272530,99.0,5,73,0.079838,1.3071,True,False,body,50.0,59.0,-10.0
3663,272598,105.0,6,68,0.079812,1.3151,True,False,body,60.0,55.0,-10.0
3664,272669,115.0,7,71,0.079786,1.2749,True,False,wall,70.0,55.0,-10.0
3665,272743,116.0,7,74,0.079758,1.2194,True,False,body,70.0,56.0,-10.0
3666,272835,132.0,7,92,0.079724,1.2117,True,False,wall,70.0,72.0,-10.0
3667,272894,92.0,6,59,0.079702,1.2074,True,False,body,60.0,42.0,-10.0
3668,272910,14.0,1,16,0.079696,1.178,True,False,wall,10.0,14.0,-10.0
3669,273052,216.0,11,142,0.079644,1.2354,True,False,wall,110.0,116.0,-10.0
3670,273069,13.0,1,17,0.079637,1.5157,True,False,wall,10.0,13.0,-10.0
3671,273211,227.0,12,142,0.079585,1.3676,True,False,body,120.0,117.0,-10.0
3672,273434,334.0,16,223,0.079502,1.367,True,False,wall,160.0,184.0,-10.0
3673,273478,65.0,4,44,0.079486,1.2491,True,False,body,40.0,35.0,-10.0
3674,273602,184.0,9,124,0.07944,1.2092,True,False,body,90.0,104.0,-10.0
3675,273656,84.0,5,54,0.079421,1.2799,True,False,wall,50.0,44.0,-10.0
3676,273778,179.0,10,122,0.079376,1.2951,True,False,wall,100.0,89.0,-10.0
3677,273898,185.0,10,120,0.079332,1.1726,True,False,body,100.0,95.0,-10.0
3678,273983,140.0,8,85,0.079301,1.291,True,False,body,80.0,70.0,-10.0
3679,274039,78.0,5,56,0.07928,1.411,True,False,wall,50.0,38.0,-10.0
3680,274170,199.0,11,131,0.079232,1.5646,True,False,body,110.0,99.0,-10.0
3681,274321,215.0,13,151,0.079177,1.2451,True,False,body,130.0,95.0,-10.0
3682,274494,285.0,15,173,0.079114,1.3346,True,False,body,150.0,145.0,-10.0
3683,274583,172.0,12,89,0.079082,1.2104,True,False,body,120.0,62.0,-10.0
3684,274742,251.0,13,159,0.079024,1.2932,True,False,wall,130.0,131.0,-10.0
3685,274946,319.0,16,204,0.07895,1.2972,True,False,wall,160.0,169.0,-10.0
3686,275098,209.0,10,152,0.078895,1.3563,True,False,body,100.0,119.0,-10.0
3687,275306,288.0,15,208,0.07882,1.2101,True,False,body,150.0,148.0,-10.0
3688,275320,10.0,1,14,0.078815,1.2577,True,False,wall,10.0,10.0,-10.0
3689,275353,38.0,2,33,0.078803,1.6415,True,False,wall,20.0,28.0,-10.0
3690,275488,218.0,12,135,0.078755,1.321,True,False,body,120.0,108.0,-10.0
3691,275655,277.0,15,167,0.078695,1.3951,True,False,body,150.0,137.0,-10.0
3692,275730,105.0,5,75,0.078668,1.2269,True,False,wall,50.0,65.0,-10.0
3693,275741,0.0,0,11,0.078664,1.216,True,False,wall,0.0,10.0,-10.0
3694,275954,347.0,19,213,0.078588,1.3444,True,False,body,190.0,167.0,-10.0
3695,276249,486.0,28,295,0.078482,1.3725,True,False,body,280.0,216.0,-10.0
3696,276306,96.0,6,57,0.078462,1.2594,True,False,wall,60.0,46.0,-10.0
3697,276424,174.0,9,118,0.07842,1.236,True,False,body,90.0,94.0,-10.0
3698,276587,270.0,16,163,0.078362,1.2115,True,False,wall,160.0,120.0,-10.0
3699,276615,42.0,3,28,0.078352,1.1961,True,False,body,30.0,22.0,-10.0
3700,276736,185.0,9,121,0.078309,1.3136,True,False,wall,90.0,105.0,-10.0
3701,276770,39.0,2,34,0.078297,1.3757,True,False,wall,20.0,29.0,-10.0
3702,277098,539.0,30,328,0.078182,1.5879,True,False,body,300.0,249.0,-10.0
3703,277295,293.0,15,197,0.078112,1.3559,True,False,body,150.0,153.0,-10.0
3704,277504,309.0,15,209,0.078039,1.5692,True,False,wall,150.0,169.0,-10.0
3705,277653,259.0,15,149,0.077987,1.4019,True,False,body,150.0,119.0,-10.0
3706,277794,222.0,12,141,0.077937,1.4476,True,False,body,120.0,112.0,-10.0
3707,277916,209.0,12,122,0.077895,1.5193,True,False,wall,120.0,99.0,-10.0
3708,278086,264.0,13,170,0.077836,1.2973,True,False,body,130.0,144.0,-10.0
3709,278166,115.0,6,80,0.077808,1.1999,True,False,wall,60.0,65.0,-10.0
3710,278286,171.0,8,120,0.077766,1.334,True,False,body,80.0,101.0,-10.0
3711,278331,57.0,3,45,0.077751,1.2678,True,False,body,30.0,37.0,-10.0
3712,278405,109.0,6,74,0.077725,1.2845,True,False,wall,60.0,59.0,-10.0
3713,278578,248.0,12,173,0.077665,1.2738,True,False,wall,120.0,138.0,-10.0
3714,278938,531.0,28,360,0.077541,1.2447,True,False,body,280.0,261.0,-10.0
3715,278950,-1.0,0,12,0.077537,1.3347,True,False,wall,0.0,9.0,-10.0
3716,278986,33.0,2,36,0.077524,1.5352,True,False,wall,20.0,23.0,-10.0
3717,279008,21.0,2,22,0.077517,1.2117,True,False,wall,20.0,11.0,-10.0
3718,279238,308.0,15,230,0.077438,1.3463,True,False,wall,150.0,168.0,-10.0
3719,279338,147.0,8,100,0.077403,1.3378,True,False,body,80.0,77.0,-10.0
3720,279729,562.0,26,391,0.07727,1.4901,True,False,body,260.0,312.0,-10.0
3721,279979,402.0,21,250,0.077185,1.3088,True,False,wall,210.0,202.0,-10.0
3722,280128,217.0,11,149,0.077134,1.3413,True,False,body,110.0,117.0,-10.0
3723,280431,435.0,25,303,0.077032,1.2416,True,False,body,250.0,195.0,-10.0
3724,280518,131.0,7,87,0.077002,1.248,True,False,body,70.0,71.0,-10.0
3725,280621,165.0,9,103,0.076967,1.2927,True,False,wall,90.0,85.0,-10.0
3726,280633,8.0,1,12,0.076963,1.2964,True,False,wall,10.0,8.0,-10.0
3727,280794,245.0,13,161,0.076909,1.249,True,False,body,130.0,125.0,-10.0
3728,280857,111.0,7,63,0.076888,1.284,True,False,wall,70.0,51.0,-10.0
3729,280952,170.0,10,95,0.076856,1.2537,True,False,body,100.0,80.0,-10.0
3730,281162,346.0,19,210,0.076786,1.2998,True,False,body,190.0,166.0,-10.0
3731,281442,427.0,22,280,0.076692,1.3106,True,False,body,220.0,217.0,-10.0
3732,281557,198.0,12,115,0.076654,1.432,True,False,body,120.0,88.0,-10.0
3733,281575,21.0,2,18,0.076648,1.3073,True,False,wall,20.0,11.0,-10.0
3734,281702,239.0,15,127,0.076606,1.3212,True,False,body,150.0,99.0,-10.0
3735,281889,311.0,17,187,0.076543,1.2433,True,False,wall,170.0,151.0,-10.0
3736,282067,236.0,13,178,0.076484,1.3478,True,False,wall,130.0,116.0,-10.0
3737,282222,261.0,15,155,0.076433,1.2739,True,False,wall,150.0,121.0,-10.0
3738,282399,293.0,15,177,0.076375,1.3821,True,False,wall,150.0,153.0,-10.0
3739,282457,86.0,5,58,0.076356,1.2737,True,False,wall,50.0,46.0,-10.0
3740,282610,208.0,12,153,0.076305,1.3263,True,False,body,120.0,98.0,-10.0
3741,282915,472.0,26,305,0.076205,1.3165,True,False,body,260.0,222.0,-10.0
3742,282965,83.0,6,50,0.076189,1.1984,True,False,wall,60.0,33.0,-10.0
3743,283037,109.0,6,72,0.076165,1.209,True,False,wall,60.0,59.0,-10.0
3744,283272,375.0,23,235,0.076089,1.3303,True,False,wall,230.0,155.0,-10.0
3745,283616,523.0,28,344,0.075977,1.3328,True,False,body,280.0,253.0,-10.0
3746,283793,259.0,13,177,0.075919,1.338,True,False,body,130.0,139.0,-10.0
3747,283833,50.0,3,40,0.075906,1.3034,True,False,body,30.0,30.0,-10.0
3748,283869,86.0,7,36,0.075895,1.2862,True,False,body,70.0,26.0,-10.0
3749,283903,53.0,4,34,0.075884,1.14,True,False,body,40.0,23.0,-10.0
3750,283915,19.0,2,12,0.07588,1.1597,True,False,wall,20.0,9.0,-10.0
3751,284177,369.0,20,262,0.075795,1.4563,True,False,body,200.0,179.0,-10.0
3752,284243,121.0,8,66,0.075774,1.4148,True,False,body,80.0,51.0,-10.0
3753,284553,476.0,25,310,0.075674,1.4157,True,False,body,250.0,236.0,-10.0
3754,284644,155.0,9,91,0.075645,1.2893,True,False,body,90.0,75.0,-10.0
3755,284729,138.0,8,85,0.075618,1.5057,True,False,body,80.0,68.0,-10.0
3756,284846,201.0,11,117,0.07558,1.3329,True,False,wall,110.0,101.0,-10.0
3757,285077,354.0,22,231,0.075506,1.3839,True,False,wall,220.0,144.0,-10.0
3758,285353,478.0,27,276,0.075419,1.4072,True,False,body,270.0,218.0,-10.0
3759,285451,151.0,8,98,0.075388,1.2999,True,False,wall,80.0,81.0,-10.0
3760,285524,101.0,5,73,0.075364,1.3609,True,False,body,50.0,61.0,-10.0
3761,285608,101.0,4,84,0.075338,1.3228,True,False,wall,40.0,71.0,-10.0
3762,285725,158.0,8,117,0.075301,1.2703,True,False,wall,80.0,88.0,-10.0
3763,286031,506.0,27,306,0.075204,1.3101,True,False,body,270.0,246.0,-10.0
3764,286216,275.0,13,185,0.075146,1.3261,True,False,body,130.0,155.0,-10.0
3765,286407,295.0,17,191,0.075086,1.4887,True,False,wall,170.0,135.0,-10.0
3766,286549,227.0,12,142,0.075041,1.4484,True,False,body,120.0,117.0,-10.0
3767,286701,251.0,14,152,0.074994,1.3279,True,False,body,140.0,121.0,-10.0
3768,286884,320.0,18,183,0.074937,1.4695,True,False,wall,180.0,150.0,-10.0
3769,286937,92.0,6,53,0.07492,1.2317,True,False,wall,60.0,42.0,-10.0
3770,287167,368.0,21,230,0.074849,1.3491,True,False,body,210.0,168.0,-10.0
3771,287180,11.0,1,13,0.074845,1.5093,True,False,wall,10.0,11.0,-10.0
3772,287341,256.0,14,161,0.074795,1.2995,True,False,body,140.0,126.0,-10.0
3773,287475,243.0,14,134,0.074753,1.2341,True,False,body,140.0,113.0,-10.0
3774,287608,185.0,9,133,0.074712,1.2913,True,False,wall,90.0,105.0,-10.0
3775,287644,59.0,4,36,0.074701,1.2651,True,False,wall,40.0,29.0,-10.0
3776,287768,187.0,10,124,0.074663,1.236,True,False,wall,100.0,97.0,-10.0
3777,288032,394.0,21,264,0.074582,1.31,True,False,body,210.0,194.0,-10.0
3778,288159,172.0,10,127,0.074543,1.2806,True,False,wall,100.0,82.0,-10.0
3779,288424,429.0,23,265,0.074461,1.2931,True,False,body,230.0,209.0,-10.0
3780,288605,305.0,17,181,0.074406,1.3144,True,False,body,170.0,145.0,-10.0
3781,288790,240.0,12,185,0.07435,1.2584,True,False,body,120.0,130.0,-10.0
3782,288898,155.0,8,108,0.074317,1.2914,True,False,wall,80.0,85.0,-10.0
3783,288963,111.0,7,65,0.074297,1.1899,True,False,wall,70.0,51.0,-10.0
3784,289306,595.0,33,343,0.074193,1.2899,True,False,body,330.0,275.0,-10.0
3785,289387,125.0,7,81,0.074169,1.4212,True,False,body,70.0,65.0,-10.0
3786,289562,276.0,14,175,0.074116,1.303,True,False,wall,140.0,146.0,-10.0
3787,289860,454.0,23,298,0.074026,1.3076,True,False,body,230.0,234.0,-10.0
3788,290106,349.0,18,246,0.073952,1.2694,True,False,wall,180.0,179.0,-10.0
3789,290347,333.0,19,241,0.07388,1.3628,True,False,wall,190.0,153.0,-10.0
3790,290441,170.0,11,94,0.073852,1.2941,True,False,wall,110.0,70.0,-10.0
3791,290680,347.0,19,239,0.073781,1.4569,True,False,body,190.0,167.0,-10.0
3792,290953,444.0,24,273,0.0737,1.4161,True,False,wall,240.0,214.0,-10.0
3793,291162,342.0,20,209,0.073638,1.4854,True,False,body,200.0,152.0,-10.0
3794,291317,233.0,13,155,0.073593,1.395,True,False,wall,130.0,113.0,-10.0
3795,291400,133.0,7,83,0.073568,1.3738,True,False,body,70.0,73.0,-10.0
3796,291580,267.0,14,180,0.073515,1.369,True,False,body,140.0,137.0,-10.0
3797,291606,31.0,2,26,0.073508,1.2259,True,False,wall,20.0,21.0,-10.0
3798,291682,94.0,5,76,0.073485,1.2441,True,False,body,50.0,54.0,-10.0
3799,291887,312.0,18,205,0.073425,1.2747,True,False,wall,180.0,142.0,-10.0
3800,291953,81.0,4,66,0.073406,1.2913,True,False,body,40.0,51.0,-10.0
3801,292108,253.0,13,155,0.07336,1.227,True,False,body,130.0,133.0,-10.0
3802,292218,164.0,9,110,0.073328,1.3057,True,False,body,90.0,84.0,-10.0
3803,292418,330.0,19,200,0.07327,1.2671,True,False,body,190.0,150.0,-10.0
3804,292542,215.0,14,124,0.073234,1.5202,True,False,body,140.0,85.0,-10.0
3805,292790,370.0,19,248,0.073162,1.4615,True,False,body,190.0,190.0,-10.0
3806,293068,431.0,22,278,0.073082,1.3562,True,False,body,220.0,221.0,-10.0
3807,293264,311.0,16,196,0.073025,1.516,True,False,body,160.0,161.0,-10.0
3808,293364,164.0,9,100,0.072997,1.633,True,False,wall,90.0,84.0,-10.0
3809,293477,188.0,10,113,0.072964,1.331,True,False,body,100.0,98.0,-10.0
3810,293496,9.0,1,19,0.072959,1.4107,True,False,wall,10.0,9.0,-10.0
3811,293567,123.0,7,71,0.072938,1.4203,True,False,wall,70.0,63.0,-10.0
3812,293706,251.0,15,139,0.072898,1.3073,True,False,body,150.0,111.0,-10.0
3813,293979,446.0,24,273,0.07282,1.4368,True,False,body,240.0,216.0,-10.0
3814,294121,224.0,13,142,0.07278,1.3549,True,False,body,130.0,104.0,-10.0
3815,294230,193.0,11,109,0.072749,1.2668,True,False,body,110.0,93.0,-10.0
3816,294410,278.0,13,180,0.072698,1.339,True,False,body,130.0,158.0,-10.0
3817,294444,68.0,5,34,0.072688,1.2263,True,False,body,50.0,28.0,-10.0
3818,294725,423.0,21,281,0.072609,1.3184,True,False,body,210.0,223.0,-10.0
3819,294808,118.0,8,83,0.072585,1.3154,True,False,wall,80.0,48.0,-10.0
3820,295086,450.0,23,278,0.072507,1.3268,True,False,wall,230.0,230.0,-10.0
3821,295220,217.0,12,134,0.072469,1.2842,True,False,wall,120.0,107.0,-10.0
3822,295293,104.0,6,73,0.072449,1.4889,True,False,wall,60.0,54.0,-10.0
3823,295473,314.0,17,180,0.072398,1.3128,True,False,body,170.0,154.0,-10.0
3824,295862,588.0,30,389,0.07229,1.3239,True,False,body,300.0,298.0,-10.0
3825,296043,273.0,15,181,0.072239,1.289,True,False,wall,150.0,133.0,-10.0
3826,296234,344.0,20,191,0.072186,1.2401,True,False,body,200.0,154.0,-10.0
3827,296454,342.0,17,220,0.072125,1.358,True,False,body,170.0,182.0,-10.0
3828,296693,393.0,21,239,0.072059,1.5263,True,False,body,210.0,193.0,-10.0
3829,296788,155.0,9,95,0.072033,1.6181,True,False,wall,90.0,75.0,-10.0
3830,296904,188.0,11,116,0.072001,1.4801,True,False,wall,110.0,88.0,-10.0
3831,297015,180.0,10,111,0.071971,1.454,True,False,body,100.0,90.0,-10.0
3832,297237,347.0,18,222,0.07191,1.3232,True,False,body,180.0,177.0,-10.0
3833,297523,441.0,22,286,0.071832,1.356,True,False,body,220.0,231.0,-10.0
3834,297659,214.0,11,136,0.071794,1.3032,True,False,body,110.0,114.0,-10.0
3835,298013,528.0,29,354,0.071698,1.5594,True,False,wall,290.0,248.0,-10.0
3836,298097,135.0,8,84,0.071675,1.3383,True,False,body,80.0,65.0,-10.0
3837,298461,542.0,29,364,0.071577,1.3663,True,False,body,290.0,262.0,-10.0
3838,298636,295.0,17,175,0.07153,1.4528,True,False,body,170.0,135.0,-10.0
3839,298683,77.0,5,47,0.071517,1.3327,True,False,wall,50.0,37.0,-10.0
3840,298780,146.0,8,97,0.071491,1.3449,True,False,wall,80.0,76.0,-10.0
3841,298923,205.0,13,143,0.071453,1.4002,True,False,body,130.0,85.0,-10.0
3842,298939,23.0,2,16,0.071449,1.3175,True,False,wall,20.0,13.0,-10.0
3843,299365,645.0,32,426,0.071335,1.3448,True,False,body,320.0,335.0,-10.0
3844,299432,88.0,4,67,0.071317,1.2779,True,False,wall,40.0,58.0,-10.0
3845,299528,125.0,6,96,0.071291,1.2936,True,False,wall,60.0,75.0,-10.0
3846,299709,277.0,17,181,0.071243,1.3173,True,False,body,170.0,117.0,-10.0
3847,299807,129.0,6,98,0.071217,1.3145,True,False,wall,60.0,79.0,-10.0
3848,299875,107.0,6,68,0.071199,1.3012,True,False,wall,60.0,57.0,-10.0
3849,299983,172.0,9,108,0.07117,1.3775,True,False,body,90.0,92.0,-10.0
3850,300191,336.0,19,208,0.071115,1.4275,True,False,body,190.0,156.0,-10.0
3851,300242,68.0,4,51,0.071102,1.5392,True,False,body,40.0,38.0,-10.0
3852,300530,475.0,26,288,0.071026,1.5462,True,False,body,260.0,225.0,-10.0
3853,300670,200.0,11,140,0.070989,1.3816,True,False,body,110.0,100.0,-10.0
3854,300856,287.0,14,186,0.070941,1.3033,True,False,wall,140.0,157.0,-10.0
3855,300889,47.0,3,33,0.070932,1.3171,True,False,body,30.0,27.0,-10.0
3856,300997,165.0,8,108,0.070904,1.5056,True,False,wall,80.0,95.0,-10.0
3857,301030,45.0,3,33,0.070895,1.4006,True,False,body,30.0,25.0,-10.0
3858,301087,76.0,4,57,0.07088,1.6043,True,False,wall,40.0,46.0,-10.0
3859,301201,187.0,10,114,0.070851,1.3473,True,False,wall,100.0,97.0,-10.0
3860,301448,382.0,22,247,0.070786,1.405,True,False,body,220.0,172.0,-10.0
3861,301844,595.0,28,396,0.070684,1.2741,True,False,body,280.0,325.0,-10.0
3862,302014,289.0,18,170,0.07064,1.2947,True,False,body,180.0,119.0,-10.0
3863,302185,263.0,15,171,0.070596,1.2492,True,False,body,150.0,123.0,-10.0
3864,302242,103.0,7,57,0.070581,1.3582,True,False,body,70.0,43.0,-10.0
3865,302298,102.0,7,56,0.070567,1.6315,True,False,body,70.0,42.0,-10.0
3866,302440,231.0,12,142,0.07053,1.3829,True,False,wall,120.0,121.0,-10.0
3867,302573,211.0,11,133,0.070496,1.3316,True,False,wall,110.0,111.0,-10.0
3868,302876,482.0,24,303,0.070419,1.3238,True,False,body,240.0,252.0,-10.0
3869,302921,47.0,3,45,0.070407,1.4452,True,False,wall,30.0,27.0,-10.0
3870,303107,297.0,16,186,0.07036,1.3913,True,False,body,160.0,147.0,-10.0
3871,303308,340.0,18,201,0.070309,1.3306,True,False,body,180.0,170.0,-10.0
3872,303354,52.0,3,46,0.070297,1.2589,True,False,wall,30.0,32.0,-10.0
3873,303508,234.0,13,154,0.070258,1.2965,True,False,body,130.0,114.0,-10.0
3874,303824,508.0,27,316,0.070178,1.2166,True,False,body,270.0,248.0,-10.0
3875,303960,209.0,10,136,0.070144,1.2362,True,False,body,100.0,119.0,-10.0
3876,304091,195.0,11,131,0.070111,1.2777,True,False,wall,110.0,95.0,-10.0
3877,304149,70.0,3,58,0.070096,1.2523,True,False,wall,30.0,50.0,-10.0
3878,304169,27.0,2,20,0.070091,1.3985,True,False,wall,20.0,17.0,-10.0
3879,304272,161.0,9,103,0.070065,1.3127,True,False,body,90.0,81.0,-10.0
3880,304359,123.0,7,87,0.070044,1.2826,True,False,body,70.0,63.0,-10.0
3881,304489,213.0,12,130,0.070011,1.48,True,False,wall,120.0,103.0,-10.0
3882,304535,85.0,6,46,0.069999,1.3077,True,False,body,60.0,35.0,-10.0
3883,304655,186.0,9,120,0.06997,1.3659,True,False,wall,90.0,106.0,-10.0
3884,304950,471.0,25,295,0.069896,1.294,True,False,body,250.0,231.0,-10.0
3885,305058,178.0,11,108,0.069869,1.3587,True,False,body,110.0,78.0,-10.0
3886,305116,90.0,5,58,0.069855,1.2514,True,False,body,50.0,50.0,-10.0
3887,305385,420.0,22,269,0.069788,1.4904,True,False,body,220.0,210.0,-10.0
3888,305442,76.0,4,57,0.069774,1.3974,True,False,wall,40.0,46.0,-10.0
3889,305506,115.0,8,64,0.069758,1.4516,True,False,wall,80.0,45.0,-10.0
3890,305571,113.0,7,65,0.069742,1.285,True,False,body,70.0,53.0,-10.0
3891,305735,255.0,14,164,0.069702,1.3126,True,False,body,140.0,125.0,-10.0
3892,305759,27.0,2,24,0.069696,1.245,True,False,wall,20.0,17.0,-10.0
3893,305864,165.0,9,105,0.06967,1.2863,True,False,wall,90.0,85.0,-10.0
3894,305947,114.0,6,83,0.06965,1.1758,True,False,wall,60.0,64.0,-10.0
3895,305970,19.0,1,23,0.069644,1.2941,True,False,wall,10.0,19.0,-10.0
3896,306088,194.0,11,118,0.069615,1.2332,True,False,wall,110.0,94.0,-10.0
3897,306309,354.0,18,221,0.069561,1.2808,True,False,wall,180.0,184.0,-10.0
3898,306621,379.0,18,312,0.069485,1.3272,True,False,body,180.0,209.0,-10.0
3899,306812,301.0,15,191,0.069438,1.2992,True,False,wall,150.0,161.0,-10.0
3900,307002,335.0,18,190,0.069392,1.4244,True,False,wall,180.0,165.0,-10.0
3901,307169,261.0,13,167,0.069352,1.2699,True,False,body,130.0,141.0,-10.0
3902,307335,246.0,13,166,0.069312,1.369,True,False,body,130.0,126.0,-10.0
3903,307390,80.0,4,55,0.069298,1.2217,True,False,body,40.0,50.0,-10.0
3904,307671,443.0,23,281,0.069231,1.2721,True,False,body,230.0,223.0,-10.0
3905,307756,158.0,10,85,0.06921,1.222,True,False,body,100.0,68.0,-10.0
3906,307808,89.0,6,52,0.069198,1.225,True,False,body,60.0,39.0,-10.0
3907,308098,433.0,22,290,0.069128,1.2044,True,False,body,220.0,223.0,-10.0
3908,308226,237.0,14,128,0.069098,1.2469,True,False,wall,140.0,107.0,-10.0
3909,308321,184.0,12,95,0.069075,1.2006,True,False,wall,120.0,74.0,-10.0
3910,308579,398.0,21,258,0.069014,1.2561,True,False,body,210.0,198.0,-10.0
3911,308702,204.0,12,123,0.068984,1.3933,True,False,body,120.0,94.0,-10.0
3912,308812,175.0,10,110,0.068958,1.4015,True,False,body,100.0,85.0,-10.0
3913,308899,124.0,6,87,0.068938,1.3967,True,False,wall,60.0,74.0,-10.0
3914,308962,109.0,7,63,0.068923,1.2385,True,False,body,70.0,49.0,-10.0
3915,309063,163.0,9,101,0.068899,1.5001,True,False,wall,90.0,83.0,-10.0
3916,309300,384.0,20,237,0.068843,1.3623,True,False,body,200.0,194.0,-10.0
3917,309439,233.0,13,139,0.06881,1.3252,True,False,body,130.0,113.0,-10.0
3918,309716,387.0,19,277,0.068745,1.3483,True,False,body,190.0,207.0,-10.0
3919,310031,471.0,23,315,0.068672,1.3996,True,False,body,230.0,251.0,-10.0
3920,310314,439.0,21,283,0.068606,1.3409,True,False,wall,210.0,239.0,-10.0
3921,310494,297.0,16,180,0.068564,1.6413,True,False,body,160.0,147.0,-10.0
3922,310633,169.0,9,139,0.068532,1.4394,True,False,body,90.0,89.0,-10.0
3923,310912,439.0,23,279,0.068467,1.3327,True,False,body,230.0,219.0,-10.0
3924,311172,412.0,21,260,0.068407,1.4784,True,False,body,210.0,212.0,-10.0
3925,311274,149.0,8,102,0.068384,1.427,True,False,body,80.0,79.0,-10.0
3926,311551,453.0,25,277,0.06832,1.2704,True,False,wall,250.0,213.0,-10.0
3927,311735,235.0,12,184,0.068278,1.3518,True,False,body,120.0,125.0,-10.0
3928,311757,43.0,4,22,0.068273,1.3053,True,False,body,40.0,13.0,-10.0
3929,311803,56.0,3,46,0.068263,1.2113,True,False,wall,30.0,36.0,-10.0
3930,311985,276.0,13,182,0.068221,1.3978,True,False,body,130.0,156.0,-10.0
3931,312010,41.0,3,25,0.068215,1.3593,True,False,wall,30.0,21.0,-10.0
3932,312029,31.0,3,19,0.068211,1.316,True,False,body,30.0,11.0,-10.0
3933,312103,116.0,7,74,0.068194,1.3207,True,False,body,70.0,56.0,-10.0
3934,312464,516.0,28,361,0.068112,1.2739,True,False,body,280.0,246.0,-10.0
3935,312509,70.0,4,45,0.068102,1.4323,True,False,wall,40.0,40.0,-10.0
3936,312633,189.0,10,124,0.068074,1.3255,True,False,wall,100.0,99.0,-10.0
3937,312644,9.0,1,11,0.068072,1.192,True,False,wall,10.0,9.0,-10.0
3938,312697,78.0,4,53,0.06806,1.2135,True,False,wall,40.0,48.0,-10.0
3939,312760,113.0,7,63,0.068045,1.4037,True,False,wall,70.0,53.0,-10.0
3940,312858,153.0,8,98,0.068023,1.2589,True,False,wall,80.0,83.0,-10.0
3941,313035,294.0,16,177,0.067984,1.3755,True,False,body,160.0,144.0,-10.0
3942,313195,237.0,12,160,0.067948,1.2468,True,False,body,120.0,127.0,-10.0
3943,313413,342.0,17,218,0.067899,1.2227,True,False,body,170.0,182.0,-10.0
3944,313528,197.0,11,115,0.067873,1.3668,True,False,body,110.0,97.0,-10.0
3945,313767,361.0,19,239,0.06782,1.3328,True,False,body,190.0,181.0,-10.0
3946,314185,624.0,31,418,0.067727,1.3068,True,False,body,310.0,324.0,-10.0
3947,314367,313.0,18,182,0.067687,1.3124,True,False,body,180.0,143.0,-10.0
3948,314478,220.0,14,111,0.067662,1.3292,True,False,body,140.0,90.0,-10.0
3949,314594,178.0,9,116,0.067636,1.3271,True,False,wall,90.0,98.0,-10.0
3950,314791,317.0,17,197,0.067593,1.3765,True,False,body,170.0,157.0,-10.0
3951,314880,103.0,5,89,0.067574,1.3846,True,False,wall,50.0,63.0,-10.0
3952,314920,72.0,5,40,0.067565,1.3512,True,False,body,50.0,32.0,-10.0
3953,315006,132.0,7,86,0.067546,1.3126,True,False,wall,70.0,72.0,-10.0
3954,315078,94.0,5,72,0.06753,1.6686,True,False,body,50.0,54.0,-10.0
3955,315268,300.0,17,190,0.067489,1.4442,True,False,wall,170.0,140.0,-10.0
3956,315445,311.0,17,177,0.06745,1.3589,True,False,body,170.0,151.0,-10.0
3957,315481,48.0,3,36,0.067442,1.3306,True,False,wall,30.0,28.0,-10.0
3958,315756,358.0,18,275,0.067382,1.4737,True,False,body,180.0,188.0,-10.0
3959,315818,87.0,4,62,0.067369,1.4737,True,False,wall,40.0,57.0,-10.0
3960,316113,392.0,20,295,0.067305,1.2401,True,False,body,200.0,202.0,-10.0
3961,316189,122.0,7,76,0.067288,1.3742,True,False,body,70.0,62.0,-10.0
3962,316315,200.0,11,126,0.067261,1.2478,True,False,body,110.0,100.0,-10.0
3963,316397,128.0,7,82,0.067243,1.2596,True,False,wall,70.0,68.0,-10.0
3964,316415,16.0,1,18,0.06724,1.2211,True,False,wall,10.0,16.0,-10.0
3965,316464,81.0,5,49,0.067229,1.3467,True,False,body,50.0,41.0,-10.0
3966,316715,366.0,18,251,0.067175,1.2837,True,False,body,180.0,196.0,-10.0
3967,316919,301.0,16,204,0.067131,1.3077,True,False,body,160.0,151.0,-10.0
3968,317100,309.0,17,181,0.067093,1.253,True,False,body,170.0,149.0,-10.0
3969,317256,267.0,16,156,0.067059,1.3541,True,False,body,160.0,117.0,-10.0
3970,317280,38.0,3,24,0.067054,1.2068,True,False,wall,30.0,18.0,-10.0
3971,317575,477.0,25,295,0.066991,1.3317,True,False,body,250.0,237.0,-10.0
3972,317697,203.0,12,122,0.066966,1.2792,True,False,body,120.0,93.0,-10.0
3973,317752,66.0,4,55,0.066954,1.272,True,False,wall,40.0,36.0,-10.0
3974,317901,216.0,12,149,0.066922,1.3499,True,False,body,120.0,106.0,-10.0
3975,318182,444.0,24,281,0.066863,1.4583,True,False,body,240.0,214.0,-10.0
3976,318208,40.0,3,26,0.066857,1.6068,True,False,body,30.0,20.0,-10.0
3977,318390,281.0,14,182,0.066819,1.5191,True,False,wall,140.0,151.0,-10.0
3978,318448,95.0,6,58,0.066807,1.3991,True,False,body,60.0,45.0,-10.0
3979,318533,147.0,9,85,0.066789,1.305,True,False,body,90.0,67.0,-10.0
3980,318747,303.0,16,214,0.066744,1.2862,True,False,body,160.0,153.0,-10.0
3981,318915,228.0,11,168,0.066709,1.4161,True,False,body,110.0,128.0,-10.0
3982,319060,252.0,14,145,0.066679,1.5471,True,False,body,140.0,122.0,-10.0
3983,319186,177.0,8,126,0.066653,1.4516,True,False,wall,80.0,107.0,-10.0
3984,319196,8.0,1,10,0.066651,1.6733,True,False,wall,10.0,8.0,-10.0
3985,319323,200.0,12,127,0.066624,1.5115,True,False,body,120.0,90.0,-10.0
3986,319485,295.0,18,162,0.066591,1.2585,True,False,wall,180.0,125.0,-10.0
3987,319549,83.0,4,64,0.066577,1.3414,True,False,wall,40.0,53.0,-10.0
3988,319612,93.0,5,63,0.066564,1.3287,True,False,body,50.0,53.0,-10.0
3989,319974,510.0,27,362,0.066489,1.3293,True,False,body,270.0,250.0,-10.0
3990,320055,123.0,7,81,0.066473,1.2474,True,False,wall,70.0,63.0,-10.0
3991,320161,138.0,7,106,0.066451,1.2035,True,False,body,70.0,78.0,-10.0
3992,320219,86.0,5,58,0.066439,1.2858,True,False,body,50.0,46.0,-10.0
3993,320396,287.0,15,177,0.066403,1.2717,True,False,wall,150.0,147.0,-10.0
3994,320589,308.0,16,193,0.066363,1.3213,True,False,body,160.0,158.0,-10.0
3995,320742,230.0,14,153,0.066332,1.3187,True,False,body,140.0,100.0,-10.0
3996,321196,639.0,36,454,0.066239,1.4257,True,False,body,360.0,289.0,-10.0
3997,321485,447.0,23,289,0.066181,1.562,True,False,body,230.0,227.0,-10.0
3998,321610,174.0,10,125,0.066156,1.3481,True,False,wall,100.0,84.0,-10.0
3999,321840,381.0,20,230,0.066109,1.3444,True,False,body,200.0,191.0,-10.0
4000,321996,263.0,14,156,0.066078,1.3148,True,False,body,140.0,133.0,-10.0
4001,322325,483.0,27,329,0.066012,1.335,True,False,body,270.0,223.0,-10.0
4002,322462,213.0,11,137,0.065985,1.2327,True,False,body,110.0,113.0,-10.0
4003,322554,147.0,8,92,0.065966,1.2863,True,False,body,80.0,77.0,-10.0
4004,322760,392.0,23,206,0.065925,1.3461,True,False,body,230.0,172.0,-10.0
4005,323095,514.0,28,335,0.065859,1.305,True,False,body,280.0,244.0,-10.0
4006,323195,175.0,10,100,0.065839,1.408,True,False,wall,100.0,85.0,-10.0
4007,323421,342.0,17,226,0.065794,1.4417,True,False,body,170.0,182.0,-10.0
4008,323446,50.0,4,25,0.065789,1.4374,True,False,wall,40.0,20.0,-10.0
4009,323587,232.0,12,141,0.065761,1.6186,True,False,wall,120.0,122.0,-10.0
4010,323808,342.0,18,221,0.065718,1.5215,True,False,body,180.0,172.0,-10.0
4011,323888,129.0,8,80,0.065702,1.4907,True,False,body,80.0,59.0,-10.0
4012,324093,346.0,18,205,0.065662,1.2714,True,False,body,180.0,176.0,-10.0
4013,324205,172.0,9,112,0.06564,1.363,True,False,body,90.0,92.0,-10.0
4014,324224,35.0,3,19,0.065636,1.1826,True,False,body,30.0,15.0,-10.0
4015,324357,218.0,12,133,0.06561,1.2291,True,False,body,120.0,108.0,-10.0
4016,324463,172.0,9,106,0.06559,1.2894,True,False,wall,90.0,92.0,-10.0
4017,324625,245.0,14,162,0.065558,1.2203,True,False,body,140.0,115.0,-10.0
4018,324713,177.0,12,88,0.065541,1.3784,True,False,wall,120.0,67.0,-10.0
4019,325117,576.0,29,404,0.065463,1.2732,True,False,body,290.0,296.0,-10.0
4020,325270,253.0,15,153,0.065433,1.3358,True,False,body,150.0,113.0,-10.0
4021,325321,81.0,5,51,0.065423,1.2798,True,False,wall,50.0,41.0,-10.0
4022,325603,439.0,22,282,0.065369,1.3545,True,False,body,220.0,229.0,-10.0
4023,325771,296.0,17,168,0.065337,1.5015,True,False,wall,170.0,136.0,-10.0
4024,325814,75.0,5,43,0.065329,1.2123,True,False,wall,50.0,35.0,-10.0
4025,325950,213.0,12,136,0.065303,1.3735,True,False,body,120.0,103.0,-10.0
4026,326174,372.0,21,224,0.06526,1.426,True,False,body,210.0,172.0,-10.0
4027,326252,135.0,8,78,0.065245,1.4091,True,False,body,80.0,65.0,-10.0
4028,326388,232.0,13,136,0.065219,1.4555,True,False,body,130.0,112.0,-10.0
4029,326663,412.0,20,275,0.065167,1.3515,True,False,body,200.0,222.0,-10.0
4030,326674,9.0,1,11,0.065165,1.2371,True,False,wall,10.0,9.0,-10.0
4031,326805,213.0,11,131,0.06514,1.3794,True,False,body,110.0,113.0,-10.0
4032,326878,117.0,7,73,0.065126,1.3231,True,False,wall,70.0,57.0,-10.0
4033,327110,363.0,20,232,0.065082,1.4829,True,False,body,200.0,173.0,-10.0
4034,327127,11.0,1,17,0.065079,1.2913,True,False,wall,10.0,11.0,-10.0
4035,327216,149.0,9,89,0.065062,1.318,True,False,body,90.0,69.0,-10.0
4036,327400,319.0,18,184,0.065028,1.6383,True,False,body,180.0,149.0,-10.0
4037,327621,332.0,18,221,0.064986,1.4149,True,False,body,180.0,162.0,-10.0
4038,327660,62.0,4,39,0.064979,1.38,True,False,wall,40.0,32.0,-10.0
4039,327731,106.0,6,71,0.064966,1.5327,True,False,wall,60.0,56.0,-10.0
4040,327960,371.0,21,229,0.064923,1.3645,True,False,body,210.0,171.0,-10.0
4041,328028,110.0,7,68,0.06491,1.3903,True,False,wall,70.0,50.0,-10.0
4042,328189,212.0,10,161,0.06488,1.3531,True,False,body,100.0,122.0,-10.0
4043,328399,371.0,20,210,0.064841,1.2858,True,False,body,200.0,181.0,-10.0
4044,328542,219.0,11,143,0.064815,1.4282,True,False,body,110.0,119.0,-10.0
4045,328708,263.0,14,166,0.064784,1.4116,True,False,body,140.0,133.0,-10.0
4046,328947,389.0,19,239,0.06474,1.3408,True,False,body,190.0,209.0,-10.0
4047,329206,422.0,22,259,0.064692,1.364,True,False,body,220.0,212.0,-10.0
4048,329256,73.0,4,50,0.064683,1.4137,True,False,wall,40.0,43.0,-10.0
4049,329552,472.0,23,296,0.064629,1.3236,True,False,body,230.0,252.0,-10.0
4050,329631,126.0,8,79,0.064614,1.3952,True,False,wall,80.0,56.0,-10.0
4051,329776,236.0,12,145,0.064588,1.4691,True,False,body,120.0,126.0,-10.0
4052,329835,78.0,4,59,0.064577,1.2641,True,False,body,40.0,48.0,-10.0
4053,329894,81.0,5,59,0.064566,1.189,True,False,body,50.0,41.0,-10.0
4054,330121,369.0,21,227,0.064525,1.2274,True,False,wall,210.0,169.0,-10.0
4055,330134,11.0,1,13,0.064523,1.2129,True,False,wall,10.0,11.0,-10.0
4056,330378,385.0,20,244,0.064479,1.2615,True,False,body,200.0,195.0,-10.0
4057,330650,412.0,23,272,0.064429,1.2832,True,False,body,230.0,192.0,-10.0
4058,330874,350.0,17,224,0.064389,1.4272,True,False,body,170.0,190.0,-10.0
4059,331112,374.0,19,238,0.064346,1.3016,True,False,wall,190.0,194.0,-10.0
4060,331198,116.0,5,86,0.064331,1.4333,True,False,wall,50.0,76.0,-10.0
4061,331529,370.0,18,331,0.064272,1.2906,True,False,body,180.0,200.0,-10.0
4062,331731,338.0,19,202,0.064236,1.2797,True,False,wall,190.0,158.0,-10.0
4063,331792,96.0,6,61,0.064225,1.2471,True,False,body,60.0,46.0,-10.0
4064,331956,252.0,15,164,0.064196,1.4124,True,False,body,150.0,112.0,-10.0
4065,331991,45.0,3,35,0.06419,1.3385,True,False,body,30.0,25.0,-10.0
4066,332042,88.0,6,51,0.064181,1.4135,True,False,wall,60.0,38.0,-10.0
4067,332060,12.0,1,18,0.064177,1.5455,True,False,wall,10.0,12.0,-10.0
4068,332190,223.0,14,130,0.064154,1.4526,True,False,body,140.0,93.0,-10.0
4069,332275,141.0,9,85,0.064139,1.424,True,False,body,90.0,61.0,-10.0
4070,332308,49.0,3,33,0.064133,1.3418,True,False,wall,30.0,29.0,-10.0
4071,332375,113.0,7,67,0.064122,1.3214,True,False,wall,70.0,53.0,-10.0
4072,332628,396.0,22,253,0.064077,1.2966,True,False,body,220.0,186.0,-10.0
4073,332812,298.0,15,184,0.064045,1.251,True,False,body,150.0,158.0,-10.0
4074,333027,376.0,20,215,0.064007,1.414,True,False,wall,200.0,186.0,-10.0
4075,333062,58.0,4,35,0.064001,1.6467,True,False,wall,40.0,28.0,-10.0
4076,333443,585.0,31,381,0.063934,1.3621,True,False,body,310.0,285.0,-10.0
4077,333585,252.0,15,142,0.06391,1.3299,True,False,body,150.0,112.0,-10.0
4078,333669,113.0,6,84,0.063895,1.3045,True,False,wall,60.0,63.0,-10.0
4079,333748,110.0,6,79,0.063881,1.3269,True,False,body,60.0,60.0,-10.0
4080,333887,222.0,12,139,0.063857,1.3155,True,False,wall,120.0,112.0,-10.0
4081,334067,271.0,14,180,0.063826,1.3643,True,False,body,140.0,141.0,-10.0
4082,334085,16.0,1,18,0.063823,1.3661,True,False,wall,10.0,16.0,-10.0
4083,334242,234.0,12,157,0.063796,1.3255,True,False,body,120.0,124.0,-10.0
4084,334414,274.0,15,172,0.063766,1.3799,True,False,body,150.0,134.0,-10.0
4085,334599,275.0,17,185,0.063734,1.4222,True,False,body,170.0,115.0,-10.0
4086,334674,101.0,5,75,0.063722,1.3861,True,False,wall,50.0,61.0,-10.0
4087,334801,216.0,12,127,0.0637,1.4558,True,False,body,120.0,106.0,-10.0
4088,334869,125.0,8,68,0.063688,1.3734,True,False,body,80.0,55.0,-10.0
4089,335040,237.0,13,171,0.063659,1.4977,True,False,body,130.0,117.0,-10.0
4090,335166,211.0,12,126,0.063637,1.4553,True,False,body,120.0,101.0,-10.0
4091,335289,201.0,11,123,0.063616,1.5429,True,False,body,110.0,101.0,-10.0
4092,335435,227.0,12,146,0.063592,1.5027,True,False,wall,120.0,117.0,-10.0
4093,335465,40.0,3,30,0.063587,1.4331,True,False,wall,30.0,20.0,-10.0
4094,335653,303.0,16,188,0.063555,1.3384,True,False,body,160.0,153.0,-10.0
4095,335828,280.0,16,175,0.063525,1.4853,True,False,body,160.0,130.0,-10.0
4096,335839,0.0,0,11,0.063523,1.2265,True,False,wall,0.0,10.0,-10.0
4097,336021,298.0,17,182,0.063492,1.4363,True,False,body,170.0,138.0,-10.0
4098,336149,230.0,13,128,0.063471,1.3376,True,False,body,130.0,110.0,-10.0
4099,336202,76.0,4,53,0.063462,1.2365,True,False,wall,40.0,46.0,-10.0
4100,336284,132.0,7,82,0.063448,1.2791,True,False,wall,70.0,72.0,-10.0
4101,336430,254.0,15,146,0.063424,1.3713,True,False,body,150.0,114.0,-10.0
4102,336607,271.0,17,177,0.063394,1.3223,True,False,body,170.0,111.0,-10.0
4103,336742,179.0,9,135,0.063371,1.3264,True,False,wall,90.0,99.0,-10.0
4104,337106,521.0,26,364,0.063311,1.3304,True,False,body,260.0,271.0,-10.0
4105,337196,152.0,9,90,0.063296,1.3343,True,False,body,90.0,72.0,-10.0
4106,337246,76.0,5,50,0.063287,1.3062,True,False,body,50.0,36.0,-10.0
4107,337536,458.0,25,290,0.063239,1.3079,True,False,wall,250.0,218.0,-10.0
4108,337927,648.0,34,391,0.063175,1.344,True,False,body,340.0,318.0,-10.0
4109,338035,170.0,9,108,0.063157,1.4419,True,False,body,90.0,90.0,-10.0
4110,338144,177.0,9,109,0.063139,1.236,True,False,wall,90.0,97.0,-10.0
4111,338234,139.0,8,90,0.063124,1.2822,True,False,body,80.0,69.0,-10.0
4112,338377,260.0,16,143,0.063101,1.3226,True,False,body,160.0,110.0,-10.0
4113,338405,49.0,4,28,0.063096,1.3084,True,False,wall,40.0,19.0,-10.0
4114,338491,156.0,9,86,0.063082,1.4808,True,False,wall,90.0,76.0,-10.0
4115,338822,529.0,29,331,0.063028,1.3293,True,False,body,290.0,249.0,-10.0
4116,338971,231.0,11,149,0.063004,1.4177,True,False,wall,110.0,131.0,-10.0
4117,339098,205.0,11,127,0.062983,1.4693,True,False,wall,110.0,105.0,-10.0
4118,339221,209.0,13,123,0.062963,1.4385,True,False,body,130.0,89.0,-10.0
4119,339271,65.0,4,50,0.062955,1.3337,True,False,body,40.0,35.0,-10.0
4120,339386,178.0,10,115,0.062937,1.3915,True,False,wall,100.0,88.0,-10.0
4121,339558,264.0,15,172,0.062909,1.3785,True,False,wall,150.0,124.0,-10.0
4122,339820,348.0,17,262,0.062867,1.3219,True,False,body,170.0,188.0,-10.0
4123,339894,124.0,7,74,0.062855,1.2925,True,False,body,70.0,64.0,-10.0
4124,339961,100.0,6,67,0.062844,1.3161,True,False,wall,60.0,50.0,-10.0
4125,340031,109.0,6,70,0.062833,1.3553,True,False,wall,60.0,59.0,-10.0
4126,340200,276.0,14,169,0.062806,1.3208,True,False,body,140.0,146.0,-10.0
4127,340239,73.0,5,39,0.0628,1.3302,True,False,body,50.0,33.0,-10.0
4128,340292,90.0,6,53,0.062791,1.3142,True,False,body,60.0,40.0,-10.0
4129,340377,129.0,7,85,0.062777,1.3633,True,False,body,70.0,69.0,-10.0
4130,340510,238.0,14,133,0.062756,1.3663,True,False,wall,140.0,108.0,-10.0
4131,340672,237.0,12,162,0.06273,1.3501,True,False,body,120.0,127.0,-10.0
4132,340900,378.0,21,228,0.062694,1.4466,True,False,body,210.0,178.0,-10.0
4133,340967,119.0,7,67,0.062684,1.5898,True,False,wall,70.0,59.0,-10.0
4134,341016,81.0,5,49,0.062676,1.2391,True,False,wall,50.0,41.0,-10.0
4135,341102,154.0,9,86,0.062662,1.3074,True,False,body,90.0,74.0,-10.0
4136,341323,394.0,22,221,0.062627,1.309,True,False,body,220.0,184.0,-10.0
4137,341557,360.0,19,234,0.06259,1.3649,True,False,body,190.0,180.0,-10.0
4138,341642,133.0,7,85,0.062577,1.3104,True,False,wall,70.0,73.0,-10.0
4139,341732,143.0,8,90,0.062563,1.3397,True,False,body,80.0,73.0,-10.0
4140,341942,334.0,19,210,0.06253,1.5618,True,False,wall,190.0,154.0,-10.0
4141,341973,54.0,4,31,0.062525,1.3037,True,False,body,40.0,24.0,-10.0
4142,342037,112.0,7,64,0.062515,1.3325,True,False,body,70.0,52.0,-10.0
4143,342049,10.0,1,12,0.062513,1.3145,True,False,wall,10.0,10.0,-10.0
4144,342131,117.0,6,82,0.0625,1.3518,True,False,body,60.0,67.0,-10.0
4145,342359,332.0,19,228,0.062465,1.4375,True,False,body,190.0,152.0,-10.0
4146,342644,416.0,22,285,0.06242,1.3618,True,False,body,220.0,206.0,-10.0
4147,342744,160.0,9,100,0.062405,1.3537,True,False,body,90.0,80.0,-10.0
4148,343037,468.0,24,293,0.06236,1.3022,True,False,body,240.0,238.0,-10.0
4149,343122,136.0,8,85,0.062346,1.2689,True,False,body,80.0,66.0,-10.0
4150,343366,425.0,24,244,0.062309,1.3689,True,False,body,240.0,195.0,-10.0
4151,343449,140.0,8,83,0.062296,1.4194,True,False,wall,80.0,70.0,-10.0
4152,343474,32.0,2,25,0.062292,1.3543,True,False,wall,20.0,22.0,-10.0
4153,343517,64.0,4,43,0.062286,1.4293,True,False,wall,40.0,34.0,-10.0
4154,343728,336.0,18,211,0.062253,1.4256,True,False,body,180.0,166.0,-10.0
4155,343998,444.0,25,270,0.062212,1.4811,True,False,body,250.0,204.0,-10.0
4156,344170,282.0,15,172,0.062186,1.365,True,False,body,150.0,142.0,-10.0
4157,344492,500.0,25,322,0.062137,1.3047,True,False,body,250.0,260.0,-10.0
4158,344680,270.0,13,188,0.062108,1.4216,True,False,wall,130.0,150.0,-10.0
4159,344777,166.0,10,97,0.062094,1.3939,True,False,body,100.0,76.0,-10.0
4160,345012,374.0,20,235,0.062058,1.3467,True,False,wall,200.0,184.0,-10.0
4161,345244,362.0,19,232,0.062023,1.3367,True,False,body,190.0,182.0,-10.0
4162,345412,274.0,15,168,0.061998,1.2793,True,False,body,150.0,134.0,-10.0
4163,345547,220.0,12,135,0.061978,1.3031,True,False,wall,120.0,110.0,-10.0
4164,345639,110.0,5,92,0.061964,1.3062,True,False,wall,50.0,70.0,-10.0
4165,345985,522.0,29,346,0.061912,1.3974,True,False,body,290.0,242.0,-10.0
4166,345997,1.0,0,12,0.061911,1.2548,True,False,wall,0.0,11.0,-10.0
4167,346291,456.0,25,294,0.061867,1.4604,True,False,body,250.0,216.0,-10.0
4168,346410,195.0,11,119,0.061849,1.3561,True,False,wall,110.0,95.0,-10.0
4169,346654,359.0,20,244,0.061813,1.4195,True,False,body,200.0,169.0,-10.0
4170,346828,235.0,12,174,0.061788,1.3944,True,False,body,120.0,125.0,-10.0
4171,346980,250.0,15,152,0.061765,1.4238,True,False,body,150.0,110.0,-10.0
4172,347066,132.0,7,86,0.061753,1.4052,True,False,wall,70.0,72.0,-10.0
4173,347092,49.0,4,26,0.061749,1.3762,True,False,body,40.0,19.0,-10.0
4174,347199,176.0,10,107,0.061733,1.4987,True,False,wall,100.0,86.0,-10.0
4175,347369,257.0,14,170,0.061708,1.5596,True,False,body,140.0,127.0,-10.0
4176,347472,174.0,10,103,0.061693,1.3798,True,False,body,100.0,84.0,-10.0
4177,347619,216.0,10,147,0.061672,1.4264,True,False,wall,100.0,126.0,-10.0
4178,347899,456.0,25,280,0.061631,1.3387,True,False,body,250.0,216.0,-10.0
4179,348033,205.0,10,134,0.061611,1.5421,True,False,wall,100.0,115.0,-10.0
4180,348191,258.0,15,158,0.061588,1.353,True,False,body,150.0,118.0,-10.0
4181,348385,258.0,13,194,0.06156,1.4061,True,False,body,130.0,138.0,-10.0
4182,348604,375.0,21,219,0.061529,1.2533,True,False,body,210.0,175.0,-10.0
4183,348701,161.0,11,97,0.061515,1.405,True,False,body,110.0,61.0,-10.0
4184,348896,330.0,18,195,0.061487,1.539,True,False,wall,180.0,160.0,-10.0
4185,349298,628.0,35,402,0.061429,1.3937,True,False,body,350.0,288.0,-10.0
4186,349404,167.0,10,106,0.061414,1.3247,True,False,body,100.0,77.0,-10.0
4187,349608,323.0,18,204,0.061385,1.4419,True,False,body,180.0,153.0,-10.0
4188,349861,373.0,19,253,0.061349,1.439,True,False,wall,190.0,193.0,-10.0
4189,349981,216.0,13,120,0.061332,1.4536,True,False,wall,130.0,96.0,-10.0
4190,350200,347.0,17,219,0.061301,1.3676,True,False,wall,170.0,187.0,-10.0
4191,350383,281.0,15,183,0.061275,1.2856,True,False,body,150.0,141.0,-10.0
4192,350476,184.0,12,93,0.061262,1.335,True,False,wall,120.0,74.0,-10.0
4193,350536,88.0,5,60,0.061254,1.4341,True,False,wall,50.0,48.0,-10.0
4194,350714,264.0,13,178,0.061229,1.4089,True,False,wall,130.0,144.0,-10.0
4195,351048,563.0,30,334,0.061182,1.5813,True,False,body,300.0,273.0,-10.0
4196,351301,410.0,22,253,0.061147,1.4384,True,False,wall,220.0,200.0,-10.0
4197,351604,450.0,24,303,0.061104,1.4637,True,False,body,240.0,220.0,-10.0
4198,351893,446.0,24,289,0.061064,1.2655,True,False,body,240.0,216.0,-10.0
4199,351922,26.0,2,29,0.06106,1.4947,True,False,wall,20.0,16.0,-10.0
4200,352020,158.0,9,98,0.061047,1.4278,True,False,body,90.0,78.0,-10.0
4201,352122,164.0,9,102,0.061033,1.2827,True,False,body,90.0,84.0,-10.0
4202,352303,277.0,15,181,0.061008,1.2952,True,False,body,150.0,137.0,-10.0
4203,352330,32.0,2,27,0.061004,1.2244,True,False,wall,20.0,22.0,-10.0
4204,352471,259.0,15,141,0.060985,1.334,True,False,body,150.0,119.0,-10.0
4205,352669,292.0,15,198,0.060958,1.3515,True,False,body,150.0,152.0,-10.0
4206,352728,93.0,5,59,0.06095,1.4674,True,False,wall,50.0,53.0,-10.0
4207,352923,307.0,17,195,0.060923,1.3245,True,False,body,170.0,147.0,-10.0
4208,352963,74.0,5,40,0.060917,1.3314,True,False,wall,50.0,34.0,-10.0
4209,353194,367.0,19,231,0.060886,1.3257,True,False,body,190.0,187.0,-10.0
4210,353260,117.0,8,66,0.060877,1.313,True,False,body,80.0,47.0,-10.0
4211,353287,43.0,3,27,0.060873,1.2728,True,False,wall,30.0,23.0,-10.0
4212,353371,110.0,5,84,0.060862,1.2363,True,False,body,50.0,70.0,-10.0
4213,353570,330.0,20,199,0.060835,1.3722,True,False,body,200.0,140.0,-10.0
4214,353865,436.0,24,295,0.060795,1.639,True,False,body,240.0,206.0,-10.0
4215,353929,85.0,4,64,0.060786,1.4217,True,False,wall,40.0,55.0,-10.0
4216,354101,252.0,13,172,0.060763,1.4353,True,False,body,130.0,132.0,-10.0
4217,354157,75.0,4,56,0.060756,1.3242,True,False,body,40.0,45.0,-10.0
4218,354432,391.0,19,275,0.060719,1.536,True,False,body,190.0,211.0,-10.0
4219,354696,473.0,28,264,0.060683,1.3701,True,False,body,280.0,203.0,-10.0
4220,354719,39.0,3,23,0.06068,1.2948,True,False,wall,30.0,19.0,-10.0
4221,354874,252.0,14,155,0.06066,1.327,True,False,body,140.0,122.0,-10.0
4222,355125,421.0,23,251,0.060626,1.299,True,False,wall,230.0,201.0,-10.0
4223,355320,330.0,18,195,0.0606,1.2966,True,False,body,180.0,160.0,-10.0
4224,355458,234.0,13,138,0.060582,1.337,True,False,wall,130.0,114.0,-10.0
4225,355579,181.0,9,121,0.060566,1.3741,True,False,body,90.0,101.0,-10.0
4226,355739,281.0,16,160,0.060545,1.2961,True,False,body,160.0,131.0,-10.0
4227,356054,509.0,27,315,0.060504,1.3085,True,False,body,270.0,249.0,-10.0
4228,356307,455.0,27,253,0.06047,1.4046,True,False,body,270.0,195.0,-10.0
4229,356381,109.0,6,74,0.060461,1.3956,True,False,body,60.0,59.0,-10.0
4230,356506,218.0,12,125,0.060444,1.3138,True,False,body,120.0,108.0,-10.0
4231,356611,164.0,8,105,0.060431,1.3459,True,False,body,80.0,94.0,-10.0
4232,356909,445.0,24,298,0.060392,1.4158,True,False,body,240.0,215.0,-10.0
4233,357298,619.0,35,389,0.060342,1.3171,True,False,body,350.0,279.0,-10.0
4234,357385,145.0,9,87,0.06033,1.3339,True,False,body,90.0,65.0,-10.0
4235,357489,148.0,9,104,0.060317,1.2962,True,False,body,90.0,68.0,-10.0
4236,357538,101.0,7,49,0.060311,1.3757,True,False,wall,70.0,41.0,-10.0
4237,357649,185.0,11,111,0.060296,1.3323,True,False,body,110.0,85.0,-10.0
4238,357733,117.0,6,84,0.060285,1.3758,True,False,body,60.0,67.0,-10.0
4239,357846,180.0,10,113,0.060271,1.3463,True,False,body,100.0,90.0,-10.0
4240,357865,24.0,2,19,0.060269,1.3677,True,False,wall,20.0,14.0,-10.0
4241,358022,253.0,15,157,0.060248,1.3767,True,False,wall,150.0,113.0,-10.0
4242,358115,146.0,8,93,0.060236,1.3072,True,False,wall,80.0,76.0,-10.0
4243,358294,263.0,13,179,0.060214,1.2579,True,False,body,130.0,143.0,-10.0
4244,358370,102.0,5,76,0.060204,1.2681,True,False,body,50.0,62.0,-10.0
4245,358570,328.0,17,200,0.060178,1.3345,True,False,body,170.0,168.0,-10.0
4246,358690,181.0,10,120,0.060163,1.3904,True,False,body,100.0,91.0,-10.0
4247,358836,230.0,13,146,0.060145,1.2944,True,False,wall,130.0,110.0,-10.0
4248,359027,312.0,18,191,0.06012,1.345,True,False,body,180.0,142.0,-10.0
4249,359365,494.0,23,338,0.060078,1.3815,True,False,wall,230.0,274.0,-10.0
4250,359625,388.0,21,260,0.060045,1.3798,True,False,body,210.0,188.0,-10.0
4251,359901,355.0,18,276,0.06001,1.309,True,False,body,180.0,185.0,-10.0
4252,360186,471.0,25,285,0.059975,1.3327,True,False,body,250.0,231.0,-10.0
4253,360393,360.0,20,207,0.059949,1.349,True,False,body,200.0,170.0,-10.0
4254,360402,-2.0,0,9,0.059948,1.1861,True,False,wall,0.0,8.0,-10.0
4255,360572,294.0,17,170,0.059927,1.3828,True,False,body,170.0,134.0,-10.0
4256,360657,146.0,8,85,0.059916,1.5327,True,False,body,80.0,76.0,-10.0
4257,360686,43.0,3,29,0.059913,1.3732,True,False,wall,30.0,23.0,-10.0
4258,360866,258.0,13,180,0.05989,1.4784,True,False,body,130.0,138.0,-10.0
4259,360925,79.0,5,59,0.059883,1.5697,True,False,wall,50.0,39.0,-10.0
4260,361115,331.0,18,190,0.05986,1.4782,True,False,wall,180.0,161.0,-10.0
4261,361386,413.0,21,271,0.059826,1.4,True,False,body,210.0,213.0,-10.0
4262,361551,237.0,13,165,0.059806,1.3734,True,False,body,130.0,117.0,-10.0
4263,361615,96.0,5,64,0.059798,1.2239,True,False,wall,50.0,56.0,-10.0
4264,361768,234.0,12,153,0.05978,1.3216,True,False,body,120.0,124.0,-10.0
4265,361935,246.0,12,167,0.059759,1.3441,True,False,body,120.0,136.0,-10.0
4266,362095,261.0,14,160,0.05974,1.2831,True,False,body,140.0,131.0,-10.0
4267,362371,400.0,21,276,0.059706,1.2475,True,False,body,210.0,200.0,-10.0
4268,362502,229.0,13,131,0.05969,1.1969,True,False,body,130.0,109.0,-10.0
4269,362910,661.0,34,408,0.059641,1.2993,True,False,body,340.0,331.0,-10.0
4270,362942,44.0,3,32,0.059637,1.2886,True,False,body,30.0,24.0,-10.0
4271,363137,342.0,18,195,0.059614,1.2837,True,False,body,180.0,172.0,-10.0
4272,363318,304.0,16,181,0.059592,1.3552,True,False,body,160.0,154.0,-10.0
4273,363429,166.0,8,111,0.059579,1.2956,True,False,body,80.0,96.0,-10.0
4274,363684,433.0,23,255,0.059548,1.3098,True,False,body,230.0,213.0,-10.0
4275,363899,343.0,19,215,0.059522,1.3241,True,False,body,190.0,163.0,-10.0
4276,364072,310.0,18,173,0.059502,1.285,True,False,wall,180.0,140.0,-10.0
4277,364131,107.0,7,59,0.059495,1.3872,True,False,body,70.0,47.0,-10.0
4278,364385,383.0,18,254,0.059465,1.2551,True,False,wall,180.0,213.0,-10.0
4279,364505,213.0,12,120,0.059451,1.2737,True,False,body,120.0,103.0,-10.0
4280,364803,474.0,25,298,0.059415,1.2954,True,False,body,250.0,234.0,-10.0
4281,365066,439.0,25,263,0.059385,1.3219,True,False,body,250.0,199.0,-10.0
4282,365424,541.0,30,358,0.059343,1.3589,True,False,body,300.0,251.0,-10.0
4283,365564,216.0,11,140,0.059326,1.264,True,False,body,110.0,116.0,-10.0
4284,365847,429.0,23,283,0.059293,1.2691,True,False,body,230.0,209.0,-10.0
4285,365971,218.0,13,124,0.059279,1.2573,True,False,body,130.0,98.0,-10.0
4286,366082,170.0,10,111,0.059266,1.2973,True,False,body,100.0,80.0,-10.0
4287,366105,30.0,2,23,0.059264,1.3706,True,False,wall,20.0,20.0,-10.0
4288,366297,328.0,19,192,0.059241,1.3243,True,False,body,190.0,148.0,-10.0
4289,366512,331.0,17,215,0.059216,1.427,True,False,body,170.0,171.0,-10.0
4290,366750,398.0,21,238,0.059189,1.3787,True,False,wall,210.0,198.0,-10.0
4291,367039,431.0,21,289,0.059156,1.2519,True,False,body,210.0,231.0,-10.0
4292,367095,88.0,5,56,0.05915,1.2142,True,False,body,50.0,48.0,-10.0
4293,367163,99.0,6,68,0.059142,1.2863,True,False,body,60.0,49.0,-10.0
4294,367433,419.0,20,270,0.059111,1.3326,True,False,body,200.0,229.0,-10.0
4295,367628,326.0,18,195,0.059089,1.3549,True,False,wall,180.0,156.0,-10.0
4296,367782,284.0,17,154,0.059071,1.2738,True,False,body,170.0,124.0,-10.0
4297,368040,401.0,22,258,0.059042,1.2891,True,False,wall,220.0,191.0,-10.0
4298,368299,375.0,17,259,0.059013,1.3314,True,False,body,170.0,215.0,-10.0
4299,368511,345.0,18,212,0.058989,1.3864,True,False,wall,180.0,175.0,-10.0
4300,368718,332.0,18,207,0.058966,1.4432,True,False,wall,180.0,162.0,-10.0
4301,368779,78.0,4,61,0.058959,1.3462,True,False,wall,40.0,48.0,-10.0
4302,369033,413.0,22,254,0.058931,1.3324,True,False,body,220.0,203.0,-10.0
4303,369185,231.0,12,152,0.058914,1.2707,True,False,wall,120.0,121.0,-10.0
4304,369514,513.0,25,329,0.058877,1.295,True,False,body,250.0,273.0,-10.0
4305,369524,6.0,1,10,0.058876,1.1793,True,False,wall,10.0,6.0,-10.0
4306,369655,211.0,11,131,0.058861,1.4268,True,False,wall,110.0,111.0,-10.0
4307,369800,219.0,11,145,0.058845,1.3242,True,False,body,110.0,119.0,-10.0
4308,369932,240.0,15,132,0.058831,1.4926,True,False,body,150.0,100.0,-10.0
4309,370006,110.0,7,74,0.058823,1.4018,True,False,wall,70.0,50.0,-10.0
4310,370411,632.0,34,405,0.058778,1.3363,True,False,body,340.0,302.0,-10.0
4311,370519,173.0,10,108,0.058766,1.3095,True,False,body,100.0,83.0,-10.0
4312,370759,381.0,20,240,0.05874,1.2503,True,False,body,200.0,191.0,-10.0
4313,371057,446.0,23,298,0.058707,1.2692,True,False,body,230.0,226.0,-10.0
4314,371155,149.0,8,98,0.058697,1.3515,True,False,body,80.0,79.0,-10.0
4315,371267,188.0,11,112,0.058685,1.2797,True,False,body,110.0,88.0,-10.0
4316,371425,246.0,13,158,0.058668,1.2701,True,False,body,130.0,126.0,-10.0
4317,371645,351.0,18,220,0.058644,1.2798,True,False,body,180.0,181.0,-10.0
4318,371681,68.0,5,36,0.05864,1.2584,True,False,wall,50.0,28.0,-10.0
4319,371900,316.0,16,219,0.058616,1.2408,True,False,body,160.0,166.0,-10.0
4320,372472,770.0,41,572,0.058555,1.3483,True,False,body,410.0,370.0,-10.0
4321,372602,210.0,11,130,0.058541,1.4267,True,False,body,110.0,110.0,-10.0
4322,372661,80.0,4,59,0.058535,1.3139,True,False,wall,40.0,50.0,-10.0
4323,372694,63.0,5,33,0.058531,1.3951,True,False,body,50.0,23.0,-10.0
4324,372778,166.0,11,84,0.058522,1.3915,True,False,wall,110.0,66.0,-10.0
4325,373018,381.0,20,240,0.058497,1.3348,True,False,body,200.0,191.0,-10.0
4326,373139,209.0,13,121,0.058484,1.36,True,False,body,130.0,89.0,-10.0
4327,373274,231.0,13,135,0.058469,1.2069,True,False,body,130.0,111.0,-10.0
4328,373467,295.0,17,193,0.058449,1.308,True,False,wall,170.0,135.0,-10.0
4329,373537,92.0,5,70,0.058442,1.2747,True,False,body,50.0,52.0,-10.0
4330,373814,470.0,26,277,0.058413,1.3823,True,False,body,260.0,220.0,-10.0
4331,373838,27.0,2,24,0.05841,1.4774,True,False,wall,20.0,17.0,-10.0
4332,373978,203.0,12,140,0.058395,1.6074,True,False,body,120.0,93.0,-10.0
4333,374117,233.0,13,139,0.058381,1.5988,True,False,body,130.0,113.0,-10.0
4334,374263,231.0,12,146,0.058365,1.4562,True,False,wall,120.0,121.0,-10.0
4335,374822,798.0,44,559,0.058307,1.32,True,False,body,440.0,368.0,-10.0
4336,374862,72.0,5,40,0.058303,1.3787,True,False,wall,50.0,32.0,-10.0
4337,374890,35.0,2,28,0.0583,1.2416,True,False,wall,20.0,25.0,-10.0
4338,375024,230.0,13,134,0.058286,1.3443,True,False,wall,130.0,110.0,-10.0
4339,375150,226.0,13,126,0.058273,1.3519,True,False,body,130.0,106.0,-10.0
4340,375420,398.0,23,270,0.058245,1.2992,True,False,body,230.0,178.0,-10.0
4341,375560,198.0,9,140,0.058231,1.3528,True,False,body,90.0,118.0,-10.0
4342,375751,304.0,16,191,0.058211,1.4205,True,False,body,160.0,154.0,-10.0
4343,375786,51.0,3,35,0.058208,1.3436,True,False,body,30.0,31.0,-10.0
4344,375989,342.0,18,203,0.058187,1.324,True,False,body,180.0,172.0,-10.0
4345,376150,209.0,13,161,0.05817,1.3462,True,False,wall,130.0,89.0,-10.0
4346,376303,256.0,14,153,0.058155,1.3327,True,False,body,140.0,126.0,-10.0
4347,376564,393.0,19,261,0.058128,1.3357,True,False,body,190.0,213.0,-10.0
4348,376788,349.0,18,224,0.058106,1.485,True,False,body,180.0,179.0,-10.0
4349,376818,44.0,3,30,0.058102,1.4183,True,False,wall,30.0,24.0,-10.0
4350,377012,330.0,17,194,0.058083,1.3628,True,False,body,170.0,170.0,-10.0
4351,377255,414.0,24,243,0.058058,1.4688,True,False,body,240.0,184.0,-10.0
4352,377632,572.0,28,377,0.05802,1.307,True,False,body,280.0,302.0,-10.0
4353,377700,123.0,8,68,0.058014,1.374,True,False,wall,80.0,53.0,-10.0
4354,377751,83.0,5,51,0.058009,1.291,True,False,body,50.0,43.0,-10.0
4355,377889,238.0,13,138,0.057995,1.4537,True,False,body,130.0,118.0,-10.0
4356,378038,233.0,11,149,0.05798,1.3096,True,False,body,110.0,133.0,-10.0
4357,378148,186.0,11,110,0.057969,1.36,True,False,body,110.0,86.0,-10.0
4358,378170,27.0,2,22,0.057967,1.2265,True,False,wall,20.0,17.0,-10.0
4359,378187,15.0,1,17,0.057965,1.5539,True,False,wall,10.0,15.0,-10.0
4360,378487,484.0,27,300,0.057935,1.3871,True,False,body,270.0,224.0,-10.0
4361,378617,199.0,10,130,0.057922,1.3385,True,False,body,100.0,109.0,-10.0
4362,378658,64.0,4,41,0.057918,1.3419,True,False,wall,40.0,34.0,-10.0
4363,378795,245.0,15,137,0.057905,1.2922,True,False,body,150.0,105.0,-10.0
4364,378940,274.0,16,145,0.05789,1.3928,True,False,body,160.0,124.0,-10.0
4365,379254,549.0,30,314,0.057859,1.4174,True,False,body,300.0,259.0,-10.0
4366,379398,249.0,14,144,0.057845,1.716,True,False,wall,140.0,119.0,-10.0
4367,379538,191.0,10,140,0.057832,1.4198,True,False,wall,100.0,101.0,-10.0
4368,379660,209.0,12,122,0.05782,1.4714,True,False,body,120.0,99.0,-10.0
4369,379735,134.0,8,75,0.057812,1.3766,True,False,wall,80.0,64.0,-10.0
4370,379745,8.0,1,10,0.057811,1.3565,True,False,wall,10.0,8.0,-10.0
4371,379821,142.0,9,76,0.057804,1.4054,True,False,wall,90.0,62.0,-10.0
4372,380146,514.0,28,325,0.057772,1.4989,True,False,body,280.0,244.0,-10.0
4373,380232,161.0,10,86,0.057764,1.6848,True,False,body,100.0,71.0,-10.0
4374,380345,213.0,13,113,0.057753,1.6034,True,False,wall,130.0,93.0,-10.0
4375,380676,504.0,26,331,0.057721,1.419,True,False,body,260.0,254.0,-10.0
4376,380693,11.0,1,17,0.057719,1.4231,True,False,wall,10.0,11.0,-10.0
4377,380785,151.0,8,92,0.05771,1.5735,True,False,wall,80.0,81.0,-10.0
4378,381009,349.0,18,224,0.057689,1.3295,True,False,body,180.0,179.0,-10.0
4379,381034,41.0,3,25,0.057687,1.1643,True,False,body,30.0,21.0,-10.0
4380,381265,322.0,16,231,0.057664,1.2844,True,False,body,160.0,172.0,-10.0
4381,381455,326.0,21,190,0.057646,1.3704,True,False,body,210.0,126.0,-10.0
4382,381819,615.0,34,364,0.057611,1.3544,True,False,body,340.0,285.0,-10.0
4383,381952,207.0,11,133,0.057599,1.34,True,False,body,110.0,107.0,-10.0
4384,382048,151.0,8,96,0.05759,1.4389,True,False,wall,80.0,81.0,-10.0
4385,382057,7.0,1,9,0.057589,1.3831,True,False,wall,10.0,7.0,-10.0
4386,382083,22.0,1,26,0.057586,1.2987,True,False,wall,10.0,22.0,-10.0
4387,382308,363.0,21,225,0.057565,1.34,True,False,body,210.0,163.0,-10.0
4388,382606,423.0,24,298,0.057537,1.4324,True,False,body,240.0,193.0,-10.0
4389,382762,197.0,8,156,0.057522,1.555,True,False,wall,80.0,127.0,-10.0
4390,382927,294.0,16,165,0.057507,1.5456,True,False,wall,160.0,144.0,-10.0
4391,383173,394.0,21,246,0.057484,1.5629,True,False,body,210.0,194.0,-10.0
4392,383377,306.0,15,204,0.057465,1.4881,True,False,body,150.0,166.0,-10.0
4393,383461,133.0,8,84,0.057457,1.3984,True,False,wall,80.0,63.0,-10.0
4394,383585,231.0,14,124,0.057445,1.3906,True,False,body,140.0,101.0,-10.0
4395,383766,296.0,16,181,0.057428,1.4585,True,False,body,160.0,146.0,-10.0
4396,383841,133.0,9,75,0.057422,1.4778,True,False,body,90.0,53.0,-10.0
4397,383994,242.0,14,153,0.057407,1.3537,True,False,body,140.0,112.0,-10.0
4398,384037,51.0,3,43,0.057403,1.3351,True,False,body,30.0,31.0,-10.0
4399,384341,443.0,22,304,0.057375,1.3619,True,False,body,220.0,233.0,-10.0
4400,384717,481.0,26,376,0.057341,1.5142,True,False,body,260.0,231.0,-10.0
4401,384903,314.0,17,186,0.057324,1.5017,True,False,wall,170.0,154.0,-10.0
4402,385085,271.0,14,182,0.057307,1.4453,True,False,body,140.0,141.0,-10.0
4403,385140,59.0,3,55,0.057302,1.4551,True,False,body,30.0,39.0,-10.0
4404,385217,107.0,5,77,0.057295,1.5087,True,False,body,50.0,67.0,-10.0
4405,385268,90.0,6,51,0.05729,1.3278,True,False,body,60.0,40.0,-10.0
4406,385491,374.0,20,223,0.05727,1.4478,True,False,body,200.0,184.0,-10.0
4407,385561,105.0,6,70,0.057264,1.5023,True,False,body,60.0,55.0,-10.0
4408,385730,256.0,14,169,0.057248,1.5591,True,False,body,140.0,126.0,-10.0
4409,385880,231.0,12,150,0.057235,1.4435,True,False,body,120.0,121.0,-10.0
4410,385928,82.0,5,48,0.05723,1.4195,True,False,body,50.0,42.0,-10.0
4411,386042,187.0,10,114,0.05722,1.3763,True,False,wall,100.0,97.0,-10.0
4412,386290,393.0,20,248,0.057198,1.3703,True,False,body,200.0,203.0,-10.0
4413,386408,182.0,9,118,0.057187,1.4746,True,False,body,90.0,102.0,-10.0
4414,386571,275.0,15,163,0.057173,1.298,True,False,body,150.0,135.0,-10.0
4415,386616,55.0,3,45,0.057168,1.3849,True,False,body,30.0,35.0,-10.0
4416,386863,393.0,23,247,0.057146,1.4829,True,False,body,230.0,173.0,-10.0
4417,386919,84.0,5,56,0.057141,1.3606,True,False,body,50.0,44.0,-10.0
4418,387157,396.0,23,238,0.05712,1.4347,True,False,body,230.0,176.0,-10.0
4419,387269,172.0,9,112,0.05711,1.4779,True,False,wall,90.0,92.0,-10.0
4420,387339,116.0,7,70,0.057104,1.5738,True,False,wall,70.0,56.0,-10.0
4421,387621,388.0,21,282,0.057079,1.5418,True,False,body,210.0,188.0,-10.0
4422,387703,133.0,8,82,0.057072,1.5521,True,False,body,80.0,63.0,-10.0
4423,387803,182.0,11,100,0.057063,1.5339,True,False,wall,110.0,82.0,-10.0
4424,387860,87.0,5,57,0.057058,1.5446,True,False,body,50.0,47.0,-10.0
4425,388124,401.0,20,264,0.057035,1.4529,True,False,body,200.0,211.0,-10.0
4426,388365,349.0,17,241,0.057013,1.5783,True,False,body,170.0,189.0,-10.0
4427,388591,381.0,20,226,0.056994,1.4072,True,False,body,200.0,191.0,-10.0
4428,388700,193.0,11,109,0.056984,1.6357,True,False,wall,110.0,93.0,-10.0
4429,388887,314.0,16,187,0.056968,1.4329,True,False,body,160.0,164.0,-10.0
4430,389093,329.0,16,206,0.05695,1.4291,True,False,body,160.0,179.0,-10.0
4431,389209,186.0,11,116,0.05694,1.3268,True,False,body,110.0,86.0,-10.0
4432,389403,274.0,15,194,0.056923,1.4699,True,False,body,150.0,134.0,-10.0
4433,389474,106.0,6,71,0.056917,1.5196,True,False,wall,60.0,56.0,-10.0
4434,389531,89.0,5,57,0.056912,1.6163,True,False,wall,50.0,49.0,-10.0
4435,389630,146.0,8,99,0.056903,1.3669,True,False,body,80.0,76.0,-10.0
4436,389782,239.0,14,152,0.05689,1.4071,True,False,body,140.0,109.0,-10.0
4437,390129,602.0,36,347,0.056861,1.4175,True,False,body,360.0,252.0,-10.0
4438,390248,217.0,13,119,0.05685,1.5242,True,False,body,130.0,97.0,-10.0
4439,390394,223.0,12,146,0.056838,1.4886,True,False,body,120.0,113.0,-10.0
4440,390491,150.0,8,97,0.05683,1.6889,True,False,wall,80.0,80.0,-10.0
4441,390800,509.0,25,309,0.056803,1.5133,True,False,wall,250.0,269.0,-10.0
4442,390848,89.0,6,48,0.056799,1.5831,True,False,body,60.0,39.0,-10.0
4443,391109,415.0,23,261,0.056777,1.4795,True,False,wall,230.0,195.0,-10.0
4444,391351,401.0,22,242,0.056757,1.4087,True,False,body,220.0,191.0,-10.0
4445,391672,485.0,23,321,0.056729,1.3415,True,False,body,230.0,265.0,-10.0
4446,391703,47.0,3,31,0.056727,1.4696,True,False,wall,30.0,27.0,-10.0
4447,391946,390.0,20,243,0.056706,1.3527,True,False,wall,200.0,200.0,-10.0
4448,392130,258.0,13,184,0.056691,1.4362,True,False,body,130.0,138.0,-10.0
4449,392205,134.0,8,75,0.056685,1.4868,True,False,body,80.0,64.0,-10.0
4450,392359,253.0,14,154,0.056672,1.4761,True,False,wall,140.0,123.0,-10.0
4451,392446,126.0,6,87,0.056665,1.5163,True,False,body,60.0,76.0,-10.0
4452,392761,489.0,29,315,0.056638,1.5947,True,False,wall,290.0,209.0,-10.0
4453,393219,708.0,35,458,0.056601,1.4446,True,False,body,350.0,368.0,-10.0
4454,393539,499.0,26,320,0.056574,1.3734,True,False,body,260.0,249.0,-10.0
4455,393761,400.0,23,222,0.056556,1.3684,True,False,body,230.0,180.0,-10.0
4456,394074,463.0,25,313,0.05653,1.3377,True,False,body,250.0,223.0,-10.0
4457,394171,165.0,9,97,0.056522,1.352,True,False,wall,90.0,85.0,-10.0
4458,394284,184.0,10,113,0.056513,1.4364,True,False,body,100.0,94.0,-10.0
4459,394490,333.0,18,206,0.056497,1.4718,True,False,body,180.0,163.0,-10.0
4460,394768,410.0,21,278,0.056474,1.393,True,False,body,210.0,210.0,-10.0
4461,394991,309.0,17,223,0.056456,1.3675,True,False,body,170.0,149.0,-10.0
4462,395263,456.0,25,272,0.056434,1.3732,True,False,wall,250.0,216.0,-10.0
4463,395458,257.0,13,195,0.056418,1.4676,True,False,body,130.0,137.0,-10.0
4464,395572,157.0,8,114,0.056409,1.438,True,False,wall,80.0,87.0,-10.0
4465,395651,117.0,7,79,0.056403,1.328,True,False,body,70.0,57.0,-10.0
4466,396062,576.0,30,411,0.05637,1.7147,True,False,body,300.0,286.0,-10.0
4467,396437,567.0,29,375,0.05634,1.4097,True,False,body,290.0,287.0,-10.0
4468,396776,526.0,28,339,0.056314,1.3506,True,False,body,280.0,256.0,-10.0
4469,396962,270.0,13,186,0.056299,1.382,True,False,body,130.0,150.0,-10.0
4470,397057,144.0,8,95,0.056291,1.2952,True,False,body,80.0,74.0,-10.0
4471,397114,89.0,5,57,0.056287,1.3,True,False,wall,50.0,49.0,-10.0
4472,397294,316.0,17,180,0.056273,1.3843,True,False,body,170.0,156.0,-10.0
4473,397326,46.0,3,32,0.05627,1.3489,True,False,body,30.0,26.0,-10.0
4474,397445,188.0,10,119,0.056261,1.4602,True,False,body,100.0,98.0,-10.0
4475,397466,19.0,1,21,0.056259,1.3439,True,False,wall,10.0,19.0,-10.0
4476,397629,243.0,13,163,0.056247,1.3441,True,False,body,130.0,123.0,-10.0
4477,397886,397.0,21,257,0.056227,1.3808,True,False,body,210.0,197.0,-10.0
4478,397968,142.0,9,82,0.05622,1.3593,True,False,body,90.0,62.0,-10.0
4479,398250,392.0,21,282,0.056198,1.3829,True,False,wall,210.0,192.0,-10.0
4480,398421,290.0,16,171,0.056185,1.3371,True,False,wall,160.0,140.0,-10.0
4481,398544,176.0,8,123,0.056176,1.4223,True,False,wall,80.0,106.0,-10.0
4482,398776,381.0,22,232,0.056158,1.4282,True,False,body,220.0,171.0,-10.0
4483,398861,142.0,8,85,0.056151,1.3919,True,False,body,80.0,72.0,-10.0
4484,399062,317.0,17,201,0.056136,1.422,True,False,body,170.0,157.0,-10.0
4485,399174,181.0,10,112,0.056127,1.4215,True,False,body,100.0,91.0,-10.0
4486,399451,403.0,25,277,0.056106,1.3923,True,False,body,250.0,163.0,-10.0
4487,399588,233.0,13,137,0.056095,1.4022,True,False,wall,130.0,113.0,-10.0
4488,399755,270.0,14,167,0.056083,1.4145,True,False,body,140.0,140.0,-10.0
4489,399784,45.0,3,29,0.056081,1.2498,True,False,wall,30.0,25.0,-10.0
4490,399993,296.0,16,209,0.056065,1.4997,True,False,body,160.0,146.0,-10.0
4491,400116,201.0,11,123,0.056055,1.4824,True,False,body,110.0,101.0,-10.0
4492,400179,104.0,6,63,0.056051,1.3777,True,False,wall,60.0,54.0,-10.0
4493,400250,117.0,7,71,0.056045,1.3163,True,False,wall,70.0,57.0,-10.0
4494,400342,138.0,7,92,0.056038,1.4671,True,False,body,70.0,78.0,-10.0
4495,400571,370.0,22,229,0.056021,1.4114,True,False,body,220.0,160.0,-10.0
4496,400941,591.0,30,370,0.055993,1.4751,True,False,wall,300.0,301.0,-10.0
4497,400964,30.0,2,23,0.055992,1.5068,True,False,wall,20.0,20.0,-10.0
4498,401212,427.0,24,248,0.055973,1.4141,True,False,body,240.0,197.0,-10.0
4499,401426,331.0,18,214,0.055957,1.3783,True,False,body,180.0,161.0,-10.0
4500,401564,214.0,13,138,0.055947,1.4177,True,False,body,130.0,94.0,-10.0
4501,401895,517.0,29,331,0.055922,1.3594,True,False,wall,290.0,237.0,-10.0
4502,402099,309.0,16,204,0.055907,1.4409,True,False,wall,160.0,159.0,-10.0
4503,402189,130.0,7,90,0.0559,1.5683,True,False,wall,70.0,70.0,-10.0
4504,402352,231.0,11,163,0.055888,1.3442,True,False,body,110.0,131.0,-10.0
4505,402415,114.0,8,63,0.055884,1.5706,True,False,wall,80.0,44.0,-10.0
4506,402470,94.0,6,55,0.05588,1.4049,True,False,body,60.0,44.0,-10.0
4507,402879,647.0,33,409,0.05585,1.4015,True,False,body,330.0,327.0,-10.0
4508,403030,243.0,13,151,0.055839,1.2473,True,False,body,130.0,123.0,-10.0
4509,403107,132.0,8,77,0.055833,1.3475,True,False,wall,80.0,62.0,-10.0
4510,403473,524.0,31,366,0.055807,1.3492,True,False,body,310.0,224.0,-10.0
4511,403575,175.0,10,102,0.055799,1.4752,True,False,wall,100.0,85.0,-10.0
4512,403611,52.0,3,36,0.055797,1.4631,True,False,wall,30.0,32.0,-10.0
4513,403831,346.0,17,220,0.055781,1.5512,True,False,body,170.0,186.0,-10.0
4514,404121,456.0,23,290,0.05576,1.4224,True,False,body,230.0,236.0,-10.0
4515,404263,245.0,16,142,0.055749,1.3951,True,False,wall,160.0,95.0,-10.0
4516,404349,132.0,7,86,0.055743,1.3588,True,False,body,70.0,72.0,-10.0
4517,404534,329.0,19,185,0.05573,1.3676,True,False,wall,190.0,149.0,-10.0
4518,404940,577.0,30,406,0.055701,1.3574,True,False,body,300.0,287.0,-10.0
4519,405210,434.0,23,270,0.055682,1.3424,True,False,body,230.0,214.0,-10.0
4520,405347,211.0,11,137,0.055672,1.3884,True,False,body,110.0,111.0,-10.0
4521,405671,516.0,27,324,0.055649,1.3542,True,False,body,270.0,256.0,-10.0
4522,405801,213.0,12,130,0.05564,1.4239,True,False,wall,120.0,103.0,-10.0
4523,406089,437.0,22,288,0.05562,1.3403,True,False,body,220.0,227.0,-10.0
4524,406235,219.0,12,146,0.055609,1.3876,True,False,body,120.0,109.0,-10.0
4525,406344,147.0,7,109,0.055602,1.3394,True,False,body,70.0,87.0,-10.0
4526,406709,538.0,26,365,0.055576,1.4404,True,False,body,260.0,288.0,-10.0
4527,406847,242.0,13,138,0.055567,1.4386,True,False,body,130.0,122.0,-10.0
4528,406977,221.0,12,130,0.055558,1.377,True,False,body,120.0,111.0,-10.0
4529,407142,284.0,16,165,0.055546,1.4505,True,False,body,160.0,134.0,-10.0
4530,407323,289.0,15,181,0.055534,1.5562,True,False,body,150.0,149.0,-10.0
4531,407570,414.0,22,247,0.055517,1.5286,True,False,body,220.0,204.0,-10.0
4532,407582,1.0,0,12,0.055516,1.3515,True,False,wall,0.0,11.0,-10.0
4533,407844,407.0,22,262,0.055498,1.3184,True,False,wall,220.0,197.0,-10.0
4534,408078,366.0,19,234,0.055482,1.3541,True,False,wall,190.0,186.0,-10.0
4535,408140,108.0,7,62,0.055477,1.3146,True,False,body,70.0,48.0,-10.0
4536,408241,150.0,8,101,0.055471,1.3358,True,False,body,80.0,80.0,-10.0
4537,408405,242.0,13,164,0.055459,1.367,True,False,body,130.0,122.0,-10.0
4538,408497,165.0,10,92,0.055453,1.3152,True,False,body,100.0,75.0,-10.0
4539,408507,-1.0,0,10,0.055452,1.4143,True,False,wall,0.0,9.0,-10.0
4540,408661,242.0,13,154,0.055442,1.403,True,False,body,130.0,122.0,-10.0
4541,408856,320.0,16,195,0.055429,1.4822,True,False,body,160.0,170.0,-10.0
4542,408948,143.0,8,92,0.055422,1.566,True,False,wall,80.0,73.0,-10.0
4543,409331,614.0,32,383,0.055397,1.4582,True,False,body,320.0,304.0,-10.0
4544,409486,256.0,14,155,0.055386,1.4681,True,False,body,140.0,126.0,-10.0
4545,409614,208.0,11,128,0.055377,1.425,True,False,body,110.0,108.0,-10.0
4546,409838,355.0,18,224,0.055362,1.3765,True,False,wall,180.0,185.0,-10.0
4547,409995,264.0,14,157,0.055352,1.3006,True,False,wall,140.0,134.0,-10.0
4548,410244,381.0,21,249,0.055335,1.3628,True,False,body,210.0,181.0,-10.0
4549,410552,466.0,23,308,0.055315,1.3434,True,False,body,230.0,246.0,-10.0
4550,410619,115.0,7,67,0.05531,1.4072,True,False,body,70.0,55.0,-10.0
4551,410658,40.0,2,39,0.055308,1.5174,True,False,wall,20.0,30.0,-10.0
4552,410816,241.0,14,158,0.055297,1.4579,True,False,body,140.0,111.0,-10.0
4553,411037,409.0,23,221,0.055283,1.4197,True,False,body,230.0,189.0,-10.0
4554,411062,50.0,4,25,0.055281,1.5171,True,False,body,40.0,20.0,-10.0
4555,411152,125.0,6,90,0.055275,1.2666,True,False,wall,60.0,75.0,-10.0
4556,411288,204.0,11,136,0.055266,1.3048,True,False,body,110.0,104.0,-10.0
4557,411504,357.0,20,216,0.055252,1.4039,True,False,wall,200.0,167.0,-10.0
4558,411530,31.0,2,26,0.05525,1.4247,True,False,wall,20.0,21.0,-10.0
4559,411774,367.0,20,244,0.055234,1.3853,True,False,body,200.0,177.0,-10.0
4560,412095,516.0,28,321,0.055213,1.4111,True,False,body,280.0,246.0,-10.0
4561,412167,90.0,5,72,0.055209,1.2636,True,False,wall,50.0,50.0,-10.0
4562,412294,192.0,10,127,0.0552,1.318,True,False,body,100.0,102.0,-10.0
4563,412670,597.0,30,376,0.055176,1.3414,True,False,body,300.0,307.0,-10.0
4564,412715,77.0,5,45,0.055173,1.3247,True,False,body,50.0,37.0,-10.0
4565,413058,470.0,24,343,0.055151,1.4364,True,False,body,240.0,240.0,-10.0
4566,413322,446.0,25,264,0.055134,1.3407,True,False,wall,250.0,206.0,-10.0
4567,413591,442.0,24,269,0.055117,1.3957,True,False,body,240.0,212.0,-10.0
4568,413671,144.0,9,80,0.055112,1.3674,True,False,body,90.0,64.0,-10.0
4569,414173,798.0,41,502,0.05508,1.5086,True,False,wall,410.0,398.0,-10.0
4570,414361,271.0,14,188,0.055068,1.4079,True,False,body,140.0,141.0,-10.0
4571,414595,336.0,15,234,0.055053,1.3803,True,False,wall,150.0,196.0,-10.0
4572,414604,7.0,1,9,0.055052,2.0003,True,False,wall,10.0,7.0,-10.0
4573,414889,459.0,23,285,0.055034,1.4964,True,False,wall,230.0,239.0,-10.0
4574,415041,267.0,16,152,0.055025,1.3385,True,False,body,160.0,117.0,-10.0
4575,415055,21.0,2,14,0.055024,1.3363,True,False,wall,20.0,11.0,-10.0
4576,415217,268.0,15,162,0.055014,1.4762,True,False,body,150.0,128.0,-10.0
4577,415473,382.0,19,256,0.054998,1.5356,True,False,body,190.0,202.0,-10.0
4578,415544,103.0,5,71,0.054993,1.4724,True,False,body,50.0,63.0,-10.0
4579,415559,22.0,2,15,0.054992,1.2826,True,False,wall,20.0,12.0,-10.0
4580,415596,45.0,3,37,0.05499,1.376,True,False,body,30.0,25.0,-10.0
4581,415704,186.0,11,108,0.054983,1.3685,True,False,body,110.0,86.0,-10.0
4582,415825,185.0,9,121,0.054976,1.3619,True,False,wall,90.0,105.0,-10.0
4583,415893,105.0,6,68,0.054972,1.3635,True,False,body,60.0,55.0,-10.0
4584,415988,168.0,10,95,0.054966,1.4434,True,False,body,100.0,78.0,-10.0
4585,416350,546.0,27,362,0.054943,1.3621,True,False,body,270.0,286.0,-10.0
4586,416400,69.0,4,50,0.05494,1.3407,True,False,body,40.0,39.0,-10.0
4587,416639,371.0,21,239,0.054925,1.4255,True,False,body,210.0,171.0,-10.0
4588,416834,309.0,17,195,0.054913,1.5582,True,False,body,170.0,149.0,-10.0
4589,416960,216.0,13,126,0.054906,1.3759,True,False,body,130.0,96.0,-10.0
4590,417093,196.0,12,133,0.054898,1.4035,True,False,wall,120.0,86.0,-10.0
4591,417226,212.0,12,133,0.054889,1.3132,True,False,body,120.0,102.0,-10.0
4592,417326,180.0,11,100,0.054883,1.4509,True,False,body,110.0,80.0,-10.0
4593,417395,115.0,7,69,0.054879,1.3272,True,False,body,70.0,55.0,-10.0
4594,417564,276.0,14,169,0.054869,1.395,True,False,body,140.0,146.0,-10.0
4595,417730,272.0,17,166,0.054859,1.2941,True,False,body,170.0,112.0,-10.0
4596,417866,223.0,12,136,0.05485,1.393,True,False,body,120.0,113.0,-10.0
4597,417880,12.0,1,14,0.05485,1.7229,True,False,wall,10.0,12.0,-10.0
4598,417999,195.0,11,119,0.054842,1.3133,True,False,body,110.0,95.0,-10.0
4599,418030,56.0,4,31,0.054841,1.5692,True,False,body,40.0,26.0,-10.0
4600,418173,238.0,14,143,0.054832,1.4445,True,False,wall,140.0,108.0,-10.0
4601,418322,259.0,15,149,0.054823,1.3156,True,False,body,150.0,119.0,-10.0
4602,418545,312.0,16,223,0.054809,1.3093,True,False,body,160.0,162.0,-10.0
4603,418812,403.0,21,267,0.054793,1.4147,True,False,body,210.0,203.0,-10.0
4604,418822,-1.0,0,10,0.054793,1.2515,True,False,wall,0.0,9.0,-10.0
4605,419049,368.0,20,227,0.054779,1.47,True,False,wall,200.0,178.0,-10.0
4606,419279,340.0,19,230,0.054766,1.4096,True,False,wall,190.0,160.0,-10.0
4607,419765,647.0,34,486,0.054737,1.3282,True,False,body,340.0,317.0,-10.0
4608,419776,9.0,1,11,0.054736,1.237,True,False,wall,10.0,9.0,-10.0
4609,419994,384.0,21,218,0.054723,1.3251,True,False,body,210.0,184.0,-10.0
4610,420110,183.0,10,116,0.054716,1.5453,True,False,body,100.0,93.0,-10.0
4611,420412,498.0,27,302,0.054699,1.4691,True,False,body,270.0,238.0,-10.0
4612,420700,460.0,25,288,0.054682,1.3368,True,False,body,250.0,220.0,-10.0
4613,420742,48.0,3,42,0.054679,1.3493,True,False,body,30.0,28.0,-10.0
4614,420944,315.0,18,202,0.054667,1.4202,True,False,body,180.0,145.0,-10.0
4615,421147,317.0,17,203,0.054656,1.4355,True,False,body,170.0,157.0,-10.0
4616,421237,132.0,7,90,0.05465,1.3061,True,False,wall,70.0,72.0,-10.0
4617,421274,51.0,3,37,0.054648,1.3042,True,False,wall,30.0,31.0,-10.0
4618,421552,386.0,21,278,0.054632,1.4974,True,False,body,210.0,186.0,-10.0
4619,421684,216.0,13,132,0.054624,1.3916,True,False,body,130.0,96.0,-10.0
4620,421972,444.0,23,288,0.054608,1.5141,True,False,body,230.0,224.0,-10.0
4621,422195,348.0,20,223,0.054595,1.5489,True,False,body,200.0,158.0,-10.0
4622,422592,547.0,29,397,0.054572,1.4315,True,False,body,290.0,267.0,-10.0
4623,422834,405.0,22,242,0.054558,1.3704,True,False,body,220.0,195.0,-10.0
4624,422844,8.0,1,10,0.054558,1.3393,True,False,wall,10.0,8.0,-10.0
4625,422858,12.0,1,14,0.054557,1.4515,True,False,wall,10.0,12.0,-10.0
4626,423001,243.0,15,143,0.054549,1.4664,True,False,body,150.0,103.0,-10.0
4627,423410,635.0,31,409,0.054526,1.4141,True,False,body,310.0,335.0,-10.0
4628,423456,69.0,4,46,0.054523,1.3766,True,False,wall,40.0,39.0,-10.0
4629,423532,113.0,6,76,0.054519,1.3009,True,False,wall,60.0,63.0,-10.0
4630,423551,15.0,1,19,0.054518,1.281,True,False,wall,10.0,15.0,-10.0
4631,423735,291.0,18,184,0.054507,1.3694,True,False,body,180.0,121.0,-10.0
4632,423927,333.0,18,192,0.054497,1.3048,True,False,wall,180.0,163.0,-10.0
4633,424228,464.0,24,301,0.05448,1.4053,True,False,body,240.0,234.0,-10.0
4634,424512,453.0,24,284,0.054464,1.3683,True,False,body,240.0,223.0,-10.0
4635,424814,410.0,21,302,0.054447,1.3743,True,False,body,210.0,210.0,-10.0
4636,425029,370.0,20,215,0.054435,1.4232,True,False,body,200.0,180.0,-10.0
4637,425248,382.0,20,219,0.054423,1.4259,True,False,body,200.0,192.0,-10.0
4638,425488,419.0,22,240,0.05441,1.5025,True,False,body,220.0,209.0,-10.0
4639,425598,178.0,11,110,0.054404,1.4045,True,False,body,110.0,78.0,-10.0
4640,425797,307.0,15,199,0.054393,1.4345,True,False,body,150.0,167.0,-10.0
4641,425961,256.0,13,164,0.054384,1.3792,True,False,body,130.0,136.0,-10.0
4642,426067,137.0,6,106,0.054378,1.4403,True,False,body,60.0,87.0,-10.0
4643,426282,355.0,19,215,0.054366,1.3517,True,False,body,190.0,175.0,-10.0
4644,426592,479.0,24,310,0.054349,1.3053,True,False,body,240.0,249.0,-10.0
4645,426783,287.0,17,191,0.054339,1.2743,True,False,body,170.0,127.0,-10.0
4646,426998,335.0,19,215,0.054327,1.4629,True,False,body,190.0,155.0,-10.0
4647,427051,79.0,5,53,0.054324,1.4573,True,False,body,50.0,39.0,-10.0
4648,427279,357.0,18,228,0.054312,1.5023,True,False,wall,180.0,187.0,-10.0
4649,427547,418.0,21,268,0.054298,1.4053,True,False,body,210.0,218.0,-10.0
4650,427563,14.0,1,16,0.054297,1.4211,True,False,wall,10.0,14.0,-10.0
4651,427949,575.0,30,386,0.054276,1.3283,True,False,body,300.0,285.0,-10.0
4652,427993,52.0,3,44,0.054274,1.3959,True,False,wall,30.0,32.0,-10.0
4653,428227,364.0,19,234,0.054261,1.3919,True,False,body,190.0,184.0,-10.0
4654,428623,587.0,28,396,0.05424,1.3736,True,False,body,280.0,317.0,-10.0
4655,428791,282.0,17,168,0.054231,1.3515,True,False,body,170.0,122.0,-10.0
4656,428884,181.0,11,93,0.054226,1.3823,True,False,body,110.0,81.0,-10.0
4657,429154,433.0,24,270,0.054212,1.4321,True,False,body,240.0,203.0,-10.0
4658,429429,505.0,29,275,0.054198,1.4616,True,False,body,290.0,225.0,-10.0
4659,429664,360.0,18,235,0.054185,1.485,True,False,wall,180.0,190.0,-10.0
4660,429853,298.0,16,189,0.054175,1.4803,True,False,body,160.0,148.0,-10.0
4661,429968,155.0,7,115,0.054169,1.3181,True,False,wall,70.0,95.0,-10.0
4662,430095,214.0,14,127,0.054163,1.5118,True,False,body,140.0,84.0,-10.0
4663,430296,276.0,14,201,0.054152,1.3927,True,False,wall,140.0,146.0,-10.0
4664,430422,184.0,9,126,0.054146,1.4372,True,False,body,90.0,104.0,-10.0
4665,430611,308.0,16,189,0.054136,1.3802,True,False,body,160.0,158.0,-10.0
4666,430808,332.0,18,197,0.054126,1.5225,True,False,body,180.0,162.0,-10.0
4667,430823,11.0,1,15,0.054125,1.626,True,False,wall,10.0,11.0,-10.0
4668,430991,287.0,16,168,0.054117,1.4958,True,False,wall,160.0,137.0,-10.0
4669,431353,517.0,26,362,0.054098,1.3712,True,False,wall,260.0,267.0,-10.0
4670,431452,141.0,7,99,0.054093,1.3659,True,False,wall,70.0,81.0,-10.0
4671,431493,62.0,4,41,0.054091,1.3941,True,False,wall,40.0,32.0,-10.0
4672,431849,580.0,31,356,0.054073,1.3445,True,False,wall,310.0,280.0,-10.0
4673,431996,239.0,13,147,0.054065,1.3856,True,False,body,130.0,119.0,-10.0
4674,432272,407.0,22,276,0.054051,1.3689,True,False,body,220.0,197.0,-10.0
4675,432453,281.0,13,181,0.054042,1.4068,True,False,wall,130.0,161.0,-10.0
4676,432622,291.0,15,169,0.054033,1.2713,True,False,wall,150.0,151.0,-10.0
4677,432708,148.0,9,86,0.054029,1.3931,True,False,body,90.0,68.0,-10.0
4678,432747,67.0,5,39,0.054027,1.3037,True,False,body,50.0,27.0,-10.0
4679,432784,67.0,5,37,0.054025,1.3274,True,False,wall,50.0,27.0,-10.0
4680,433013,364.0,18,229,0.054014,1.2725,True,False,body,180.0,194.0,-10.0
4681,433322,421.0,21,309,0.053998,1.4326,True,False,wall,210.0,221.0,-10.0
4682,433847,731.0,37,525,0.053972,1.3524,True,False,body,370.0,371.0,-10.0
4683,434073,389.0,22,226,0.053961,1.3066,True,False,body,220.0,179.0,-10.0
4684,434159,140.0,9,86,0.053957,1.3775,True,False,wall,90.0,60.0,-10.0
4685,434203,76.0,5,44,0.053955,1.4498,True,False,wall,50.0,36.0,-10.0
4686,434387,286.0,15,184,0.053945,1.3496,True,False,body,150.0,146.0,-10.0
4687,434707,503.0,26,320,0.05393,1.404,True,False,wall,260.0,253.0,-10.0
4688,435211,736.0,39,504,0.053905,1.3451,True,False,body,390.0,356.0,-10.0
4689,435519,443.0,22,308,0.05389,1.3684,True,False,wall,220.0,233.0,-10.0
4690,435561,61.0,4,42,0.053888,1.2269,True,False,body,40.0,31.0,-10.0
4691,435571,8.0,1,10,0.053887,1.57,True,False,wall,10.0,8.0,-10.0
4692,435883,536.0,29,312,0.053872,1.2963,True,False,wall,290.0,256.0,-10.0
4693,436147,421.0,22,264,0.05386,1.2666,True,False,body,220.0,211.0,-10.0
4694,436196,86.0,6,49,0.053857,1.4836,True,False,body,60.0,36.0,-10.0
4695,436513,418.0,20,317,0.053842,1.3333,True,False,body,200.0,228.0,-10.0
4696,436787,393.0,20,274,0.053829,1.3921,True,False,body,200.0,203.0,-10.0
4697,437031,321.0,18,244,0.053817,1.5283,True,False,body,180.0,151.0,-10.0
4698,437134,143.0,7,103,0.053812,1.3398,True,False,body,70.0,83.0,-10.0
4699,437371,377.0,19,237,0.053801,1.41,True,False,body,190.0,197.0,-10.0
4700,437451,146.0,9,80,0.053797,1.3786,True,False,body,90.0,66.0,-10.0
4701,437708,430.0,22,257,0.053785,1.3559,True,False,body,220.0,220.0,-10.0
4702,438238,690.0,35,530,0.05376,1.3601,True,False,body,350.0,350.0,-10.0
4703,438372,253.0,16,134,0.053754,1.3229,True,False,body,160.0,103.0,-10.0
4704,438568,330.0,17,196,0.053745,1.4851,True,False,wall,170.0,170.0,-10.0
4705,438639,115.0,7,71,0.053741,1.4546,True,False,wall,70.0,55.0,-10.0
4706,438763,191.0,10,124,0.053735,1.5936,True,False,body,100.0,101.0,-10.0
4707,438974,333.0,19,211,0.053726,1.5249,True,False,wall,190.0,153.0,-10.0
4708,439121,237.0,13,147,0.053719,1.5195,True,False,body,130.0,117.0,-10.0
4709,439165,54.0,3,44,0.053717,1.4274,True,False,wall,30.0,34.0,-10.0
4710,439589,678.0,35,424,0.053697,1.3955,True,False,body,350.0,338.0,-10.0
4711,439701,199.0,12,112,0.053692,1.3307,True,False,wall,120.0,89.0,-10.0
4712,439987,436.0,21,286,0.053679,1.3463,True,False,wall,210.0,236.0,-10.0
4713,440054,86.0,4,67,0.053676,1.3599,True,False,body,40.0,56.0,-10.0
4714,440182,231.0,14,128,0.05367,1.43,True,False,body,140.0,101.0,-10.0
4715,440379,270.0,14,197,0.053661,1.4333,True,False,body,140.0,140.0,-10.0
4716,440476,172.0,10,97,0.053656,1.3465,True,False,body,100.0,82.0,-10.0
4717,440719,386.0,20,243,0.053645,1.2393,True,False,body,200.0,196.0,-10.0
4718,440791,111.0,6,72,0.053642,1.4107,True,False,body,60.0,61.0,-10.0
4719,440969,308.0,17,178,0.053634,1.3059,True,False,body,170.0,148.0,-10.0
4720,441031,105.0,6,62,0.053631,1.3671,True,False,wall,60.0,55.0,-10.0
4721,441100,113.0,7,69,0.053628,1.4166,True,False,body,70.0,53.0,-10.0
4722,441111,9.0,1,11,0.053627,1.5941,True,False,wall,10.0,9.0,-10.0
4723,441141,44.0,3,30,0.053626,1.5523,True,False,wall,30.0,24.0,-10.0
4724,441388,364.0,18,247,0.053615,1.5908,True,False,body,180.0,194.0,-10.0
4725,441509,196.0,10,121,0.053609,1.5343,True,False,body,100.0,106.0,-10.0
4726,441844,570.0,32,335,0.053594,1.349,True,False,wall,320.0,260.0,-10.0
4727,442271,610.0,32,427,0.053575,1.3531,True,False,body,320.0,300.0,-10.0
4728,442305,66.0,5,34,0.053574,1.2947,True,False,body,50.0,26.0,-10.0
4729,442520,383.0,21,215,0.053564,1.3197,True,False,wall,210.0,183.0,-10.0
4730,442644,187.0,10,124,0.053559,1.4159,True,False,body,100.0,97.0,-10.0
4731,442857,353.0,19,213,0.053549,1.3175,True,False,body,190.0,173.0,-10.0
4732,443046,301.0,15,189,0.053541,1.3586,True,False,body,150.0,161.0,-10.0
4733,443278,376.0,21,232,0.05353,1.5354,True,False,body,210.0,176.0,-10.0
4734,443546,438.0,23,268,0.053519,1.445,True,False,body,230.0,218.0,-10.0
4735,443706,249.0,12,160,0.053512,1.2438,True,False,wall,120.0,139.0,-10.0
4736,443721,22.0,2,15,0.053511,1.2544,True,False,wall,20.0,12.0,-10.0
4737,444118,580.0,32,397,0.053494,1.51,True,False,body,320.0,270.0,-10.0
4738,444321,348.0,18,203,0.053485,1.601,True,False,body,180.0,178.0,-10.0
4739,444497,270.0,13,176,0.053477,1.3636,True,False,body,130.0,150.0,-10.0
4740,444710,381.0,23,213,0.053468,1.3075,True,False,body,230.0,161.0,-10.0
4741,444735,50.0,4,25,0.053467,1.3775,True,False,wall,40.0,20.0,-10.0
4742,444942,311.0,17,207,0.053458,1.3543,True,False,body,170.0,151.0,-10.0
4743,445281,517.0,27,339,0.053443,1.3889,True,False,body,270.0,257.0,-10.0
4744,445317,50.0,3,36,0.053442,1.3675,True,False,wall,30.0,30.0,-10.0
4745,445449,218.0,13,132,0.053436,1.3464,True,False,body,130.0,98.0,-10.0
4746,445737,448.0,25,288,0.053424,1.3477,True,False,body,250.0,208.0,-10.0
4747,445974,389.0,21,237,0.053413,1.4224,True,False,body,210.0,189.0,-10.0
4748,445997,28.0,2,23,0.053412,1.5757,True,False,wall,20.0,18.0,-10.0
4749,446011,12.0,1,14,0.053412,1.4403,True,False,wall,10.0,12.0,-10.0
4750,446149,197.0,10,138,0.053406,1.3495,True,False,body,100.0,107.0,-10.0
4751,446281,190.0,11,132,0.0534,1.4512,True,False,body,110.0,90.0,-10.0
4752,446382,165.0,9,101,0.053396,1.3755,True,False,body,90.0,85.0,-10.0
4753,446409,34.0,2,27,0.053395,1.3057,True,False,wall,20.0,24.0,-10.0
4754,446527,181.0,10,118,0.05339,1.455,True,False,body,100.0,91.0,-10.0
4755,446892,566.0,30,365,0.053374,1.4021,True,False,body,300.0,276.0,-10.0
4756,447088,298.0,17,196,0.053366,1.5368,True,False,body,170.0,138.0,-10.0
4757,447406,496.0,27,318,0.053353,1.4889,True,False,wall,270.0,236.0,-10.0
4758,447696,428.0,23,290,0.053341,1.4441,True,False,body,230.0,208.0,-10.0
4759,447865,268.0,14,169,0.053334,1.4514,True,False,body,140.0,138.0,-10.0
4760,447994,201.0,11,129,0.053328,1.5065,True,False,wall,110.0,101.0,-10.0
4761,448246,410.0,23,252,0.053318,1.3836,True,False,body,230.0,190.0,-10.0
4762,448471,335.0,17,225,0.053309,1.4375,True,False,wall,170.0,175.0,-10.0
4763,448586,186.0,10,115,0.053304,1.3149,True,False,wall,100.0,96.0,-10.0
4764,448664,128.0,7,78,0.053301,1.2972,True,False,wall,70.0,68.0,-10.0
4765,448805,246.0,14,141,0.053295,1.4511,True,False,body,140.0,116.0,-10.0
4766,448939,227.0,12,134,0.053289,1.3362,True,False,body,120.0,117.0,-10.0
4767,449148,331.0,19,209,0.053281,1.3306,True,False,body,190.0,151.0,-10.0
4768,449323,267.0,13,175,0.053273,1.3164,True,False,wall,130.0,147.0,-10.0
4769,449449,191.0,10,126,0.053268,1.3823,True,False,body,100.0,101.0,-10.0
4770,449597,248.0,13,148,0.053262,1.3395,True,False,wall,130.0,128.0,-10.0
4771,449800,283.0,17,203,0.053254,1.4077,True,False,body,170.0,123.0,-10.0
4772,450250,672.0,37,450,0.053236,1.456,True,False,body,370.0,312.0,-10.0
4773,450481,336.0,18,231,0.053226,1.4995,True,False,body,180.0,166.0,-10.0
4774,450597,197.0,12,116,0.053222,1.4577,True,False,body,120.0,87.0,-10.0
4775,450726,211.0,11,129,0.053217,1.542,True,False,wall,110.0,111.0,-10.0
4776,450944,351.0,18,218,0.053208,1.6058,True,False,body,180.0,181.0,-10.0
4777,451062,189.0,10,118,0.053203,1.6191,True,False,wall,100.0,99.0,-10.0
4778,451144,130.0,7,82,0.0532,1.3731,True,False,wall,70.0,70.0,-10.0
4779,451215,109.0,7,71,0.053197,1.3961,True,False,body,70.0,49.0,-10.0
4780,451226,-4.0,0,11,0.053197,1.9409,True,False,wall,0.0,6.0,-10.0
4781,451388,254.0,13,162,0.05319,1.5372,True,False,wall,130.0,134.0,-10.0
4782,451528,240.0,13,140,0.053184,1.5048,True,False,body,130.0,120.0,-10.0
4783,451643,179.0,9,115,0.05318,1.557,True,False,wall,90.0,99.0,-10.0
4784,451717,111.0,6,74,0.053177,1.3697,True,False,body,60.0,61.0,-10.0
4785,451848,201.0,11,131,0.053172,1.3103,True,False,body,110.0,101.0,-10.0
4786,452089,383.0,19,241,0.053162,1.3714,True,False,body,190.0,203.0,-10.0
4787,452163,105.0,6,74,0.053159,1.3929,True,False,wall,60.0,55.0,-10.0
4788,452475,514.0,27,312,0.053147,1.4246,True,False,body,270.0,254.0,-10.0
4789,452485,-1.0,0,10,0.053147,1.2602,True,False,wall,0.0,9.0,-10.0
4790,452645,268.0,15,160,0.05314,1.4193,True,False,body,150.0,128.0,-10.0
4791,452750,169.0,9,105,0.053136,1.5284,True,False,body,90.0,89.0,-10.0
4792,452911,237.0,13,161,0.05313,1.4918,True,False,wall,130.0,117.0,-10.0
4793,453135,343.0,18,224,0.053121,1.4391,True,False,wall,180.0,173.0,-10.0
4794,453192,72.0,4,57,0.053119,1.402,True,False,wall,40.0,42.0,-10.0
4795,453376,280.0,17,184,0.053112,1.5704,True,False,body,170.0,120.0,-10.0
4796,453600,329.0,16,224,0.053103,1.4816,True,False,wall,160.0,179.0,-10.0
4797,453617,22.0,2,17,0.053102,1.3449,True,False,wall,20.0,12.0,-10.0
4798,453645,60.0,5,28,0.053101,1.4014,True,False,body,50.0,20.0,-10.0
4799,453717,122.0,7,72,0.053099,1.4725,True,False,body,70.0,62.0,-10.0
4800,453832,187.0,11,115,0.053094,1.5529,True,False,body,110.0,87.0,-10.0
4801,454029,331.0,19,197,0.053086,1.4192,True,False,body,190.0,151.0,-10.0
4802,454210,257.0,13,181,0.05308,1.5517,True,False,body,130.0,137.0,-10.0
4803,454664,655.0,32,454,0.053062,1.4769,True,False,body,320.0,345.0,-10.0
4804,454930,365.0,20,266,0.053052,1.3502,True,False,body,200.0,175.0,-10.0
4805,455070,243.0,14,140,0.053047,1.5058,True,False,body,140.0,113.0,-10.0
4806,455109,73.0,5,39,0.053045,1.3086,True,False,wall,50.0,33.0,-10.0
4807,455373,397.0,20,264,0.053035,1.3372,True,False,body,200.0,207.0,-10.0
4808,455505,232.0,13,132,0.05303,1.4606,True,False,body,130.0,112.0,-10.0
4809,455624,199.0,11,119,0.053026,1.3398,True,False,body,110.0,99.0,-10.0
4810,455786,278.0,15,162,0.053019,1.2919,True,False,wall,150.0,138.0,-10.0
4811,455952,241.0,12,166,0.053013,1.3803,True,False,body,120.0,131.0,-10.0
4812,456352,619.0,32,400,0.052998,1.3916,True,False,body,320.0,309.0,-10.0
4813,456727,544.0,30,375,0.052984,1.4058,True,False,body,300.0,254.0,-10.0
4814,456787,92.0,5,60,0.052982,1.4876,True,False,wall,50.0,52.0,-10.0
4815,456833,63.0,4,46,0.05298,1.7278,True,False,wall,40.0,33.0,-10.0
4816,456865,66.0,5,32,0.052979,1.6539,True,False,wall,50.0,26.0,-10.0
4817,456874,-2.0,0,9,0.052979,1.8898,True,False,wall,0.0,8.0,-10.0
4818,457012,225.0,12,138,0.052974,1.3399,True,False,wall,120.0,115.0,-10.0
4819,457216,327.0,18,204,0.052966,1.4391,True,False,body,180.0,157.0,-10.0
4820,457361,215.0,11,145,0.052961,1.4314,True,False,wall,110.0,115.0,-10.0
4821,457425,87.0,4,64,0.052958,1.4028,True,False,wall,40.0,57.0,-10.0
4822,457648,362.0,20,223,0.05295,1.3613,True,False,body,200.0,172.0,-10.0
4823,457808,240.0,13,160,0.052944,1.4001,True,False,body,130.0,120.0,-10.0
4824,457941,220.0,14,133,0.052939,1.2983,True,False,body,140.0,90.0,-10.0
4825,458179,347.0,18,238,0.05293,1.4073,True,False,body,180.0,177.0,-10.0
4826,458295,221.0,14,116,0.052926,1.7225,True,False,body,140.0,91.0,-10.0
4827,458630,515.0,27,335,0.052914,1.4077,True,False,body,270.0,255.0,-10.0
4828,458797,266.0,14,167,0.052908,1.4051,True,False,body,140.0,136.0,-10.0
4829,458893,143.0,8,96,0.052904,1.3946,True,False,wall,80.0,73.0,-10.0
4830,459016,199.0,11,123,0.0529,1.4696,True,False,body,110.0,99.0,-10.0
4831,459183,268.0,14,167,0.052894,1.4731,True,False,body,140.0,138.0,-10.0
4832,459362,279.0,15,179,0.052887,1.384,True,False,body,150.0,139.0,-10.0
4833,459497,227.0,13,135,0.052883,1.4117,True,False,body,130.0,107.0,-10.0
4834,459546,61.0,3,49,0.052881,1.3135,True,False,wall,30.0,41.0,-10.0
4835,459840,400.0,19,294,0.05287,1.319,True,False,wall,190.0,220.0,-10.0
4836,460001,264.0,14,161,0.052864,1.5601,True,False,wall,140.0,134.0,-10.0
4837,460137,226.0,13,136,0.05286,1.4516,True,False,body,130.0,106.0,-10.0
4838,460369,373.0,22,232,0.052851,1.4026,True,False,body,220.0,163.0,-10.0
4839,460605,361.0,20,236,0.052843,1.3908,True,False,body,200.0,171.0,-10.0
4840,460862,468.0,26,257,0.052834,1.4214,True,False,wall,260.0,218.0,-10.0
4841,461148,469.0,26,286,0.052824,1.3953,True,False,body,260.0,219.0,-10.0
4842,461398,401.0,22,250,0.052815,1.3696,True,False,body,220.0,191.0,-10.0
4843,461676,446.0,25,278,0.052805,1.4578,True,False,body,250.0,206.0,-10.0
4844,461814,218.0,13,138,0.0528,1.4263,True,False,body,130.0,98.0,-10.0
4845,461992,298.0,17,178,0.052794,1.4274,True,False,wall,170.0,138.0,-10.0
4846,462340,565.0,30,348,0.052782,1.3788,True,False,body,300.0,275.0,-10.0
4847,462419,140.0,8,79,0.052779,1.3376,True,False,body,80.0,70.0,-10.0
4848,462511,127.0,6,92,0.052776,1.3901,True,False,body,60.0,77.0,-10.0
4849,462750,369.0,19,239,0.052768,1.3693,True,False,body,190.0,189.0,-10.0
4850,462782,46.0,3,32,0.052767,1.34,True,False,body,30.0,26.0,-10.0
4851,462993,366.0,20,211,0.052759,1.527,True,False,body,200.0,176.0,-10.0
4852,463420,681.0,35,427,0.052745,1.5053,True,False,body,350.0,341.0,-10.0
4853,463449,63.0,5,29,0.052744,1.5052,True,False,wall,50.0,23.0,-10.0
4854,463562,209.0,13,113,0.05274,1.482,True,False,body,130.0,89.0,-10.0
4855,463616,82.0,5,54,0.052738,1.4056,True,False,wall,50.0,42.0,-10.0
4856,464117,734.0,36,501,0.052721,1.4557,True,False,body,360.0,384.0,-10.0
4857,464319,357.0,20,202,0.052714,1.4355,True,False,body,200.0,167.0,-10.0
4858,464449,207.0,10,130,0.05271,1.3459,True,False,wall,100.0,117.0,-10.0
4859,464584,218.0,12,135,0.052705,1.3675,True,False,wall,120.0,108.0,-10.0
4860,464780,332.0,19,196,0.052698,1.4827,True,False,body,190.0,152.0,-10.0
4861,464916,177.0,10,136,0.052694,1.4288,True,False,body,100.0,87.0,-10.0
4862,465176,389.0,22,260,0.052685,1.3199,True,False,body,220.0,179.0,-10.0
4863,465262,120.0,5,86,0.052682,1.3505,True,False,body,50.0,80.0,-10.0
4864,465398,216.0,11,136,0.052678,1.3583,True,False,body,110.0,116.0,-10.0
4865,465765,527.0,27,367,0.052665,1.3285,True,False,body,270.0,267.0,-10.0
4866,465962,311.0,17,197,0.052659,1.4727,True,False,wall,170.0,151.0,-10.0
4867,466118,228.0,11,156,0.052654,1.5422,True,False,body,110.0,128.0,-10.0
4868,466357,381.0,21,239,0.052646,1.4248,True,False,body,210.0,181.0,-10.0
4869,466406,70.0,4,49,0.052644,1.5084,True,False,wall,40.0,40.0,-10.0
4870,466640,346.0,17,234,0.052636,1.4954,True,False,body,170.0,186.0,-10.0
4871,466657,15.0,1,17,0.052636,1.287,True,False,wall,10.0,15.0,-10.0
4872,466818,240.0,12,161,0.05263,1.5958,True,False,wall,120.0,130.0,-10.0
4873,467194,610.0,35,376,0.052618,1.6244,True,False,body,350.0,270.0,-10.0
4874,467512,482.0,25,318,0.052608,1.4064,True,False,body,250.0,242.0,-10.0
4875,467621,200.0,12,109,0.052604,1.3606,True,False,body,120.0,90.0,-10.0
4876,467685,83.0,4,64,0.052602,1.443,True,False,body,40.0,53.0,-10.0
4877,468104,637.0,31,419,0.052589,1.4611,True,False,body,310.0,337.0,-10.0
4878,468161,96.0,6,57,0.052587,1.4575,True,False,wall,60.0,46.0,-10.0
4879,468258,163.0,9,97,0.052584,1.4509,True,False,wall,90.0,83.0,-10.0
4880,468299,73.0,5,41,0.052582,1.3143,True,False,body,50.0,33.0,-10.0
4881,468399,153.0,8,100,0.052579,1.2868,True,False,wall,80.0,83.0,-10.0
4882,468513,179.0,10,114,0.052575,1.3282,True,False,body,100.0,89.0,-10.0
4883,468636,207.0,11,123,0.052571,1.2792,True,False,body,110.0,107.0,-10.0
4884,469128,742.0,39,492,0.052556,1.4258,True,False,body,390.0,362.0,-10.0
4885,469321,299.0,15,193,0.052549,1.38,True,False,wall,150.0,159.0,-10.0
4886,469336,2.0,0,15,0.052549,1.3233,True,False,wall,0.0,12.0,-10.0
4887,469688,498.0,27,352,0.052538,1.3396,True,False,body,270.0,238.0,-10.0
4888,469727,71.0,5,39,0.052537,1.4314,True,False,body,50.0,31.0,-10.0
4889,469802,134.0,8,75,0.052534,1.4584,True,False,body,80.0,64.0,-10.0
4890,469865,113.0,7,63,0.052532,1.4389,True,False,wall,70.0,53.0,-10.0
4891,470187,511.0,26,322,0.052522,1.4262,True,False,body,260.0,261.0,-10.0
4892,470283,150.0,9,96,0.052519,1.3551,True,False,body,90.0,70.0,-10.0
4893,470336,63.0,3,53,0.052517,1.501,True,False,body,30.0,43.0,-10.0
4894,470580,356.0,17,244,0.05251,1.414,True,False,body,170.0,196.0,-10.0
4895,470649,99.0,5,69,0.052507,1.345,True,False,wall,50.0,59.0,-10.0
4896,470763,194.0,11,114,0.052504,1.4309,True,False,body,110.0,94.0,-10.0
4897,471027,393.0,18,264,0.052496,1.3757,True,False,body,180.0,223.0,-10.0
4898,471183,243.0,14,156,0.052491,1.5207,True,False,body,140.0,113.0,-10.0
4899,471422,371.0,21,239,0.052483,1.5702,True,False,body,210.0,171.0,-10.0
4900,471613,301.0,15,191,0.052477,1.4076,True,False,wall,150.0,161.0,-10.0
4901,471791,259.0,14,178,0.052472,1.3989,True,False,body,140.0,129.0,-10.0
4902,472089,403.0,22,298,0.052463,1.3991,True,False,body,220.0,193.0,-10.0
4903,472167,113.0,6,78,0.05246,1.291,True,False,wall,60.0,63.0,-10.0
4904,472333,299.0,18,166,0.052455,1.5152,True,False,body,180.0,129.0,-10.0
4905,472430,131.0,7,97,0.052452,1.314,True,False,body,70.0,71.0,-10.0
4906,472742,445.0,22,312,0.052443,1.3683,True,False,wall,220.0,235.0,-10.0
4907,472990,384.0,21,248,0.052435,1.4353,True,False,body,210.0,184.0,-10.0
4908,473066,118.0,7,76,0.052433,1.4273,True,False,body,70.0,58.0,-10.0
4909,473132,98.0,5,66,0.052431,1.3989,True,False,body,50.0,58.0,-10.0
4910,473196,89.0,4,64,0.052429,1.3578,True,False,wall,40.0,59.0,-10.0
4911,473282,157.0,10,86,0.052426,1.3164,True,False,body,100.0,67.0,-10.0
4912,473309,43.0,3,27,0.052425,1.4409,True,False,wall,30.0,23.0,-10.0
4913,473565,430.0,25,256,0.052418,1.4289,True,False,wall,250.0,190.0,-10.0
4914,473647,114.0,5,82,0.052415,1.3085,True,False,wall,50.0,74.0,-10.0
4915,473730,153.0,9,83,0.052413,1.3052,True,False,wall,90.0,73.0,-10.0
4916,474115,535.0,27,385,0.052401,1.3423,True,False,wall,270.0,275.0,-10.0
4917,474458,532.0,28,343,0.052391,1.3947,True,False,body,280.0,262.0,-10.0
4918,474657,321.0,17,199,0.052385,1.4162,True,False,body,170.0,161.0,-10.0
4919,474786,219.0,13,129,0.052381,1.5595,True,False,body,130.0,99.0,-10.0
4920,474798,10.0,1,12,0.052381,1.1674,True,False,wall,10.0,10.0,-10.0
4921,474887,144.0,8,89,0.052378,1.5411,True,False,body,80.0,74.0,-10.0
4922,475206,494.0,26,319,0.052369,1.3731,True,False,wall,260.0,244.0,-10.0
4923,475413,338.0,18,207,0.052363,1.4089,True,False,body,180.0,168.0,-10.0
4924,475670,418.0,24,257,0.052355,1.4483,True,False,body,240.0,188.0,-10.0
4925,475892,347.0,18,222,0.052348,1.381,True,False,body,180.0,177.0,-10.0
4926,476058,259.0,14,166,0.052344,1.3723,True,False,body,140.0,129.0,-10.0
4927,476128,98.0,5,70,0.052342,1.7182,True,False,body,50.0,58.0,-10.0
4928,476287,238.0,12,159,0.052337,1.514,True,False,wall,120.0,128.0,-10.0
4929,476401,167.0,8,114,0.052334,1.5352,True,False,wall,80.0,97.0,-10.0
4930,476742,441.0,25,341,0.052324,1.4155,True,False,body,250.0,201.0,-10.0
4931,476824,135.0,8,82,0.052321,1.4968,True,False,body,80.0,65.0,-10.0
4932,476952,189.0,10,128,0.052318,1.5737,True,False,body,100.0,99.0,-10.0
4933,477147,313.0,19,195,0.052312,1.5266,True,False,body,190.0,133.0,-10.0
4934,477204,82.0,4,57,0.05231,1.4913,True,False,body,40.0,52.0,-10.0
4935,477314,168.0,9,110,0.052307,1.5645,True,False,wall,90.0,88.0,-10.0
4936,477633,456.0,22,319,0.052298,1.4151,True,False,body,220.0,246.0,-10.0
4937,478005,531.0,24,372,0.052287,1.4357,True,False,body,240.0,301.0,-10.0
4938,478132,162.0,8,127,0.052284,1.4653,True,False,body,80.0,92.0,-10.0
4939,478183,59.0,3,51,0.052282,1.3264,True,False,wall,30.0,39.0,-10.0
4940,478240,98.0,6,57,0.052281,1.3603,True,False,wall,60.0,48.0,-10.0
4941,478457,306.0,16,217,0.052274,1.4118,True,False,body,160.0,156.0,-10.0
4942,478638,265.0,15,181,0.052269,1.3873,True,False,body,150.0,125.0,-10.0
4943,478858,315.0,16,220,0.052263,1.4294,True,False,body,160.0,165.0,-10.0
4944,479017,257.0,13,159,0.052258,1.3321,True,False,body,130.0,137.0,-10.0
4945,479156,246.0,14,139,0.052255,1.29,True,False,body,140.0,116.0,-10.0
4946,479186,42.0,3,30,0.052254,1.3769,True,False,wall,30.0,22.0,-10.0
4947,479442,411.0,22,256,0.052246,1.3796,True,False,body,220.0,201.0,-10.0
4948,479616,289.0,18,174,0.052242,1.3797,True,False,body,180.0,119.0,-10.0
4949,479673,83.0,5,57,0.05224,1.4131,True,False,body,50.0,43.0,-10.0
4950,479845,288.0,17,172,0.052235,1.5158,True,False,body,170.0,128.0,-10.0
4951,479973,199.0,12,128,0.052232,1.4058,True,False,body,120.0,89.0,-10.0
4952,480083,201.0,12,110,0.052229,1.3823,True,False,wall,120.0,91.0,-10.0
4953,480096,11.0,1,13,0.052228,1.554,True,False,wall,10.0,11.0,-10.0
4954,480236,226.0,13,140,0.052224,1.472,True,False,wall,130.0,106.0,-10.0
4955,480558,469.0,22,322,0.052215,1.3322,True,False,body,220.0,259.0,-10.0
4956,480668,180.0,11,110,0.052212,1.2388,True,False,body,110.0,80.0,-10.0
4957,480750,114.0,5,82,0.05221,1.337,True,False,body,50.0,74.0,-10.0
4958,480883,199.0,11,133,0.052206,1.3034,True,False,wall,110.0,99.0,-10.0
4959,481060,291.0,15,177,0.052202,1.3283,True,False,body,150.0,151.0,-10.0
4960,481171,191.0,11,111,0.052198,1.3827,True,False,wall,110.0,91.0,-10.0
4961,481455,437.0,22,284,0.052191,1.2917,True,False,body,220.0,227.0,-10.0
4962,481769,504.0,27,314,0.052182,1.3778,True,False,wall,270.0,244.0,-10.0
4963,481893,194.0,11,124,0.052179,1.4241,True,False,body,110.0,94.0,-10.0
4964,481956,97.0,5,63,0.052177,1.2915,True,False,wall,50.0,57.0,-10.0
4965,482036,121.0,6,80,0.052175,1.56,True,False,wall,60.0,71.0,-10.0
4966,482104,97.0,6,68,0.052173,1.5836,True,False,body,60.0,47.0,-10.0
4967,482269,281.0,15,165,0.052168,1.5425,True,False,wall,150.0,141.0,-10.0
4968,482370,183.0,11,101,0.052166,1.5638,True,False,wall,110.0,83.0,-10.0
4969,482623,421.0,23,253,0.052159,1.4894,True,False,body,230.0,201.0,-10.0
4970,482843,390.0,23,220,0.052153,1.5188,True,False,body,230.0,170.0,-10.0
4971,483187,541.0,28,344,0.052144,1.4537,True,False,body,280.0,271.0,-10.0
4972,483362,295.0,17,175,0.052139,1.3068,True,False,wall,170.0,135.0,-10.0
4973,483675,484.0,26,313,0.052131,1.4343,True,False,body,260.0,234.0,-10.0
4974,483922,336.0,18,247,0.052124,1.4143,True,False,body,180.0,166.0,-10.0
4975,484194,428.0,23,272,0.052117,1.3703,True,False,body,230.0,208.0,-10.0
4976,484208,-1.0,0,14,0.052117,1.2647,True,False,wall,0.0,9.0,-10.0
4977,484287,110.0,6,79,0.052114,1.4186,True,False,wall,60.0,60.0,-10.0
4978,484298,7.0,1,11,0.052114,1.253,True,False,wall,10.0,7.0,-10.0
4979,484637,503.0,29,339,0.052105,1.4011,True,False,wall,290.0,223.0,-10.0
4980,484876,399.0,21,239,0.052099,1.4728,True,False,wall,210.0,199.0,-10.0
4981,485029,249.0,13,153,0.052095,1.3545,True,False,wall,130.0,129.0,-10.0
4982,485184,236.0,12,155,0.052091,1.2995,True,False,body,120.0,126.0,-10.0
4983,485421,425.0,25,237,0.052085,1.3463,True,False,body,250.0,185.0,-10.0
4984,485642,357.0,21,221,0.052079,1.3523,True,False,body,210.0,157.0,-10.0
4985,485921,422.0,22,279,0.052072,1.3414,True,False,body,220.0,212.0,-10.0
4986,486197,429.0,22,276,0.052065,1.3415,True,False,body,220.0,219.0,-10.0
4987,486269,121.0,8,72,0.052063,1.256,True,False,body,80.0,51.0,-10.0
4988,486581,520.0,29,312,0.052055,1.4037,True,False,body,290.0,240.0,-10.0
4989,486680,146.0,8,99,0.052052,1.3735,True,False,wall,80.0,76.0,-10.0
4990,486781,163.0,9,101,0.05205,1.5063,True,False,wall,90.0,83.0,-10.0
4991,486862,130.0,8,81,0.052048,1.4001,True,False,wall,80.0,60.0,-10.0
4992,487013,243.0,13,151,0.052044,1.3778,True,False,body,130.0,123.0,-10.0
4993,487197,279.0,16,184,0.052039,1.3386,True,False,body,160.0,129.0,-10.0
4994,487468,419.0,21,271,0.052032,1.5442,True,False,body,210.0,219.0,-10.0
4995,487765,483.0,27,297,0.052025,1.3987,True,False,body,270.0,223.0,-10.0
4996,487817,77.0,4,52,0.052023,1.4465,True,False,wall,40.0,47.0,-10.0
4997,487965,246.0,13,148,0.052019,1.4519,True,False,body,130.0,126.0,-10.0
4998,488182,356.0,18,217,0.052014,1.3625,True,False,body,180.0,186.0,-10.0
4999,488327,217.0,11,145,0.05201,1.391,True,False,wall,110.0,117.0,-10.0
5000,488453,221.0,12,126,0.052007,1.3715,True,False,wall,120.0,111.0,-10.0
5001,488666,323.0,15,213,0.052002,1.3739,True,False,body,150.0,183.0,-10.0
5002,488815,239.0,13,149,0.051998,1.3524,True,False,body,130.0,119.0,-10.0
5003,489001,333.0,20,186,0.051993,1.453,True,False,body,200.0,143.0,-10.0
5004,489107,173.0,10,106,0.051991,1.3595,True,False,body,100.0,83.0,-10.0
5005,489436,518.0,26,329,0.051983,1.588,True,False,body,260.0,268.0,-10.0
5006,489558,224.0,13,122,0.05198,1.4863,True,False,body,130.0,104.0,-10.0
5007,489642,143.0,8,84,0.051978,1.305,True,False,body,80.0,73.0,-10.0
5008,489764,182.0,11,122,0.051975,1.3674,True,False,body,110.0,82.0,-10.0
5009,489867,133.0,7,103,0.051972,1.3974,True,False,body,70.0,73.0,-10.0
5010,489878,9.0,1,11,0.051972,1.4064,True,False,wall,10.0,9.0,-10.0
5011,490033,253.0,13,155,0.051968,1.3415,True,False,wall,130.0,133.0,-10.0
5012,490179,220.0,11,146,0.051964,1.386,True,False,body,110.0,120.0,-10.0
5013,490391,338.0,17,212,0.051959,1.4118,True,False,body,170.0,178.0,-10.0
5014,490606,361.0,19,215,0.051954,1.2963,True,False,body,190.0,181.0,-10.0
5015,490744,205.0,10,138,0.051951,1.4325,True,False,wall,100.0,115.0,-10.0
5016,490863,171.0,9,119,0.051948,1.3349,True,False,body,90.0,91.0,-10.0
5017,491175,427.0,22,312,0.05194,1.338,True,False,body,220.0,217.0,-10.0
5018,491418,410.0,22,243,0.051934,1.4244,True,False,body,220.0,200.0,-10.0
5019,491604,330.0,19,186,0.05193,1.2203,True,False,wall,190.0,150.0,-10.0
5020,491616,10.0,1,12,0.051929,1.2034,True,False,wall,10.0,10.0,-10.0
5021,491653,62.0,4,37,0.051928,1.2835,True,False,wall,40.0,32.0,-10.0
5022,491893,370.0,21,240,0.051923,1.4234,True,False,body,210.0,170.0,-10.0
5023,492117,390.0,21,224,0.051917,1.4109,True,False,body,210.0,190.0,-10.0
5024,492196,128.0,8,79,0.051915,1.3485,True,False,wall,80.0,58.0,-10.0
5025,492306,187.0,10,110,0.051913,1.3904,True,False,body,100.0,97.0,-10.0
5026,492419,178.0,12,113,0.05191,1.4397,True,False,body,120.0,68.0,-10.0
5027,492497,130.0,7,78,0.051908,1.2864,True,False,wall,70.0,70.0,-10.0
5028,492613,212.0,13,116,0.051905,1.3934,True,False,body,130.0,92.0,-10.0
5029,492935,538.0,31,322,0.051898,1.2871,True,False,body,310.0,238.0,-10.0
5030,492954,24.0,2,19,0.051897,1.4993,True,False,wall,20.0,14.0,-10.0
5031,493260,499.0,28,306,0.05189,1.3554,True,False,body,280.0,229.0,-10.0
5032,493302,70.0,5,42,0.051889,1.2338,True,False,wall,50.0,30.0,-10.0
5033,493312,17.0,2,10,0.051889,1.2728,True,False,wall,20.0,7.0,-10.0
5034,493342,64.0,5,30,0.051888,1.4997,True,False,wall,50.0,24.0,-10.0
5035,493502,230.0,11,160,0.051884,1.4408,True,False,body,110.0,130.0,-10.0
5036,493656,273.0,16,154,0.051881,1.3447,True,False,body,160.0,123.0,-10.0
5037,493696,40.0,3,40,0.05188,1.4423,True,False,body,30.0,20.0,-10.0
5038,493706,8.0,1,10,0.05188,1.3747,True,False,wall,10.0,8.0,-10.0
5039,493977,442.0,24,271,0.051873,1.3268,True,False,wall,240.0,212.0,-10.0
5040,494018,57.0,3,41,0.051872,1.6179,True,False,wall,30.0,37.0,-10.0
5041,494271,389.0,19,253,0.051866,1.4546,True,False,body,190.0,209.0,-10.0
5042,494341,109.0,6,70,0.051865,1.4674,True,False,body,60.0,59.0,-10.0
5043,494560,327.0,17,219,0.05186,1.3651,True,False,body,170.0,167.0,-10.0
5044,494694,228.0,13,134,0.051857,1.3051,True,False,wall,130.0,108.0,-10.0
5045,494877,279.0,15,183,0.051852,1.4324,True,False,body,150.0,139.0,-10.0
5046,494893,23.0,2,16,0.051852,1.396,True,False,wall,20.0,13.0,-10.0
5047,495254,507.0,27,361,0.051844,1.3541,True,False,body,270.0,247.0,-10.0
5048,495597,559.0,29,343,0.051836,1.4525,True,False,body,290.0,279.0,-10.0
5049,495965,583.0,30,368,0.051827,1.4823,True,False,body,300.0,293.0,-10.0
5050,496222,397.0,21,257,0.051821,1.3487,True,False,wall,210.0,197.0,-10.0
5051,496385,244.0,12,163,0.051818,1.3394,True,False,wall,120.0,134.0,-10.0
5052,496471,139.0,8,86,0.051816,1.4094,True,False,body,80.0,69.0,-10.0
5053,496563,167.0,10,92,0.051814,1.2845,True,False,wall,100.0,77.0,-10.0
5054,496721,259.0,14,158,0.05181,1.5218,True,False,body,140.0,129.0,-10.0
5055,496781,93.0,6,60,0.051809,1.274,True,False,wall,60.0,43.0,-10.0
5056,497029,346.0,17,248,0.051803,1.3894,True,False,wall,170.0,186.0,-10.0
5057,497313,489.0,26,284,0.051797,1.3422,True,False,wall,260.0,239.0,-10.0
5058,497574,482.0,28,261,0.051791,1.374,True,False,body,280.0,212.0,-10.0
5059,497853,434.0,24,279,0.051785,1.3977,True,False,body,240.0,204.0,-10.0
5060,498006,258.0,14,153,0.051781,1.3163,True,False,body,140.0,128.0,-10.0
5061,498304,496.0,27,298,0.051775,1.3824,True,False,body,270.0,236.0,-10.0
5062,498480,275.0,16,176,0.051771,1.5266,True,False,wall,160.0,125.0,-10.0
5063,498722,418.0,23,242,0.051765,1.3898,True,False,body,230.0,198.0,-10.0
5064,498834,178.0,9,112,0.051763,1.3633,True,False,wall,90.0,98.0,-10.0
5065,499008,276.0,13,174,0.051759,1.4746,True,False,body,130.0,156.0,-10.0
5066,499263,418.0,24,255,0.051753,1.4092,True,False,body,240.0,188.0,-10.0
5067,499394,195.0,11,131,0.051751,1.372,True,False,wall,110.0,95.0,-10.0
5068,499578,274.0,13,184,0.051747,1.3748,True,False,body,130.0,154.0,-10.0
5069,499697,179.0,9,119,0.051744,1.3784,True,False,wall,90.0,99.0,-10.0
5070,499992,459.0,23,295,0.051738,1.3489,True,False,wall,230.0,239.0,-10.0
5071,500000,8.0,0,8,0.051737,1.814,False,False,budget_cutoff,0.0,8.0,0.0
