episode,env_steps_total,episode_reward,score,survival_steps,epsilon,loss_mean,terminated,truncated,death_reason,fruit_reward_sum,distance_shaping_reward_sum,death_penalty_sum
0,54,6.0,1,54,0.949393,0.0,True,False,wall,10.0,6.0,-10.0
1,109,-14.0,0,55,0.948775,0.0,True,False,wall,0.0,-4.0,-10.0
2,149,-17.0,0,40,0.948325,0.0,True,False,wall,0.0,-7.0,-10.0
3,174,-18.0,0,25,0.948045,0.0,True,False,wall,0.0,-8.0,-10.0
4,227,-12.0,0,53,0.94745,0.0,True,False,wall,0.0,-2.0,-10.0
5,304,-22.0,0,77,0.946586,0.0,True,False,wall,0.0,-12.0,-10.0
6,361,-5.0,1,57,0.945948,0.0,True,False,wall,10.0,-5.0,-10.0
7,393,-17.0,0,32,0.94559,0.0,True,False,wall,0.0,-7.0,-10.0
8,418,9.0,1,25,0.94531,0.0,True,False,wall,10.0,9.0,-10.0
9,481,12.0,2,63,0.944605,0.0,True,False,wall,20.0,2.0,-10.0
10,522,-12.0,0,41,0.944147,0.0,True,False,wall,0.0,-2.0,-10.0
11,656,-21.0,0,134,0.94265,0.0,True,False,wall,0.0,-11.0,-10.0
12,729,3.0,1,73,0.941836,0.0,True,False,wall,10.0,3.0,-10.0
13,752,-16.0,0,23,0.94158,0.0,True,False,wall,0.0,-6.0,-10.0
14,789,-20.0,0,37,0.941167,0.0,True,False,wall,0.0,-10.0,-10.0
15,858,-14.0,0,69,0.940399,0.0,True,False,wall,0.0,-4.0,-10.0
16,895,-22.0,0,37,0.939987,0.0,True,False,wall,0.0,-12.0,-10.0
17,913,-11.0,0,18,0.939787,0.0,True,False,wall,0.0,-1.0,-10.0
18,963,0.0,1,50,0.939231,0.0,True,False,wall,10.0,0.0,-10.0
19,981,-7.0,0,18,0.939031,0.0,True,False,wall,0.0,3.0,-10.0
20,1050,-18.0,0,69,0.938265,0.0,True,False,wall,0.0,-8.0,-10.0
21,1085,-22.0,0,35,0.937876,0.0,True,False,wall,0.0,-12.0,-10.0
22,1138,-8.0,0,53,0.937288,0.0,True,False,wall,0.0,2.0,-10.0
23,1181,-14.0,0,43,0.936811,0.0,True,False,wall,0.0,-4.0,-10.0
24,1219,-15.0,0,38,0.93639,0.0,True,False,wall,0.0,-5.0,-10.0
25,1235,-17.0,0,16,0.936213,0.0,True,False,wall,0.0,-7.0,-10.0
26,1250,-18.0,0,15,0.936047,0.0,True,False,wall,0.0,-8.0,-10.0
27,1268,-13.0,0,18,0.935847,0.0,True,False,wall,0.0,-3.0,-10.0
28,1282,-19.0,0,14,0.935692,0.0,True,False,wall,0.0,-9.0,-10.0
29,1304,-11.0,0,22,0.935449,0.0,True,False,wall,0.0,-1.0,-10.0
30,1344,0.0,1,40,0.935006,0.0,True,False,wall,10.0,0.0,-10.0
31,1383,-10.0,0,39,0.934575,0.0,True,False,wall,0.0,0.0,-10.0
32,1429,-19.0,0,46,0.934066,0.0,True,False,wall,0.0,-9.0,-10.0
33,1451,-10.0,1,22,0.933823,0.0,True,False,wall,10.0,-10.0,-10.0
34,1484,-20.0,0,33,0.933459,0.0,True,False,wall,0.0,-10.0,-10.0
35,1501,0.0,0,17,0.933271,0.0,True,False,wall,0.0,10.0,-10.0
36,1556,-12.0,0,55,0.932664,0.0,True,False,wall,0.0,-2.0,-10.0
37,1601,-18.0,0,45,0.932168,0.0,True,False,wall,0.0,-8.0,-10.0
38,1619,-13.0,0,18,0.931969,0.0,True,False,wall,0.0,-3.0,-10.0
39,1643,-19.0,0,24,0.931705,0.0,True,False,wall,0.0,-9.0,-10.0
40,1679,-9.0,0,36,0.931308,0.0,True,False,wall,0.0,1.0,-10.0
41,1723,-15.0,0,44,0.930823,0.0,True,False,wall,0.0,-5.0,-10.0
42,1781,0.0,1,58,0.930185,0.0,True,False,wall,10.0,0.0,-10.0
43,1864,-10.0,0,83,0.929272,0.0,True,False,wall,0.0,0.0,-10.0
44,1885,-14.0,0,21,0.929042,0.0,True,False,wall,0.0,-4.0,-10.0
45,1975,-5.0,0,90,0.928053,0.0,True,False,wall,0.0,5.0,-10.0
46,2026,-20.0,0,51,0.927494,0.0,True,False,wall,0.0,-10.0,-10.0
47,2064,-23.0,0,38,0.927077,0.0,True,False,wall,0.0,-13.0,-10.0
48,2164,-11.0,0,100,0.925981,0.0,True,False,wall,0.0,-1.0,-10.0
49,2180,-13.0,0,16,0.925806,0.0,True,False,wall,0.0,-3.0,-10.0
50,2225,-16.0,0,45,0.925314,0.0,True,False,wall,0.0,-6.0,-10.0
51,2255,-13.0,0,30,0.924985,0.0,True,False,wall,0.0,-3.0,-10.0
52,2267,-13.0,0,12,0.924854,0.0,True,False,wall,0.0,-3.0,-10.0
53,2337,-11.0,0,70,0.924089,0.0,True,False,wall,0.0,-1.0,-10.0
54,2355,-13.0,0,18,0.923892,0.0,True,False,wall,0.0,-3.0,-10.0
55,2368,-22.0,0,13,0.92375,0.0,True,False,wall,0.0,-12.0,-10.0
56,2410,-19.0,0,42,0.923292,0.0,True,False,wall,0.0,-9.0,-10.0
57,2432,-15.0,0,22,0.923052,0.0,True,False,wall,0.0,-5.0,-10.0
58,2445,-16.0,0,13,0.92291,0.0,True,False,wall,0.0,-6.0,-10.0
59,2509,-5.0,0,64,0.922212,0.0,True,False,wall,0.0,5.0,-10.0
60,2554,-22.0,0,45,0.921721,0.0,True,False,wall,0.0,-12.0,-10.0
61,2647,-10.0,0,93,0.920709,0.0,True,False,wall,0.0,0.0,-10.0
62,2680,-1.0,1,33,0.920349,0.0,True,False,wall,10.0,-1.0,-10.0
63,2744,-13.0,0,64,0.919653,0.0,True,False,wall,0.0,-3.0,-10.0
64,2779,-6.0,0,35,0.919273,0.0,True,False,wall,0.0,4.0,-10.0
65,2871,-19.0,0,92,0.918274,0.0,True,False,wall,0.0,-9.0,-10.0
66,2933,-13.0,0,62,0.917601,0.0,True,False,wall,0.0,-3.0,-10.0
67,2995,8.0,1,62,0.916929,0.0,True,False,wall,10.0,8.0,-10.0
68,3065,-17.0,0,70,0.916171,0.0,True,False,wall,0.0,-7.0,-10.0
69,3097,-3.0,0,32,0.915825,0.0,True,False,wall,0.0,7.0,-10.0
70,3114,-18.0,0,17,0.915641,0.0,True,False,wall,0.0,-8.0,-10.0
71,3222,-15.0,0,108,0.914473,0.0,True,False,wall,0.0,-5.0,-10.0
72,3257,-20.0,0,35,0.914095,0.0,True,False,wall,0.0,-10.0,-10.0
73,3287,-21.0,0,30,0.913771,0.0,True,False,wall,0.0,-11.0,-10.0
74,3326,-12.0,0,39,0.91335,0.0,True,False,wall,0.0,-2.0,-10.0
75,3348,-11.0,0,22,0.913112,0.0,True,False,wall,0.0,-1.0,-10.0
76,3453,20.0,2,105,0.91198,0.0,True,False,wall,20.0,10.0,-10.0
77,3470,-24.0,0,17,0.911797,0.0,True,False,wall,0.0,-14.0,-10.0
78,3496,-11.0,0,26,0.911517,0.0,True,False,wall,0.0,-1.0,-10.0
79,3542,-4.0,1,46,0.911022,0.0,True,False,wall,10.0,-4.0,-10.0
80,3564,-13.0,0,22,0.910785,0.0,True,False,wall,0.0,-3.0,-10.0
81,3630,-21.0,0,66,0.910075,0.0,True,False,wall,0.0,-11.0,-10.0
82,3647,-22.0,0,17,0.909892,0.0,True,False,wall,0.0,-12.0,-10.0
83,3669,-19.0,0,22,0.909656,0.0,True,False,wall,0.0,-9.0,-10.0
84,3711,-15.0,0,42,0.909205,0.0,True,False,wall,0.0,-5.0,-10.0
85,3794,-5.0,1,83,0.908314,0.0,True,False,wall,10.0,-5.0,-10.0
86,3810,-5.0,0,16,0.908142,0.0,True,False,wall,0.0,5.0,-10.0
87,3859,-22.0,0,49,0.907617,0.0,True,False,wall,0.0,-12.0,-10.0
88,3922,-1.0,1,63,0.906942,0.0,True,False,wall,10.0,-1.0,-10.0
89,3963,-20.0,0,41,0.906503,0.0,True,False,wall,0.0,-10.0,-10.0
90,4015,-19.0,0,52,0.905946,0.0,True,False,wall,0.0,-9.0,-10.0
91,4043,-11.0,0,28,0.905646,0.0,True,False,wall,0.0,-1.0,-10.0
92,4060,-16.0,0,17,0.905465,0.0,True,False,wall,0.0,-6.0,-10.0
93,4130,8.0,1,70,0.904716,0.0,True,False,wall,10.0,8.0,-10.0
94,4164,0.0,1,34,0.904353,0.0,True,False,wall,10.0,0.0,-10.0
95,4223,-16.0,0,59,0.903723,0.0,True,False,wall,0.0,-6.0,-10.0
96,4269,-17.0,0,46,0.903233,0.0,True,False,wall,0.0,-7.0,-10.0
97,4307,-19.0,0,38,0.902827,0.0,True,False,wall,0.0,-9.0,-10.0
98,4352,-18.0,0,45,0.902348,0.0,True,False,wall,0.0,-8.0,-10.0
99,4384,-11.0,0,32,0.902007,0.0,True,False,wall,0.0,-1.0,-10.0
100,4418,-17.0,0,34,0.901645,0.0,True,False,wall,0.0,-7.0,-10.0
101,4480,-21.0,0,62,0.900985,0.0,True,False,wall,0.0,-11.0,-10.0
102,4587,14.0,2,107,0.899848,0.0,True,False,wall,20.0,4.0,-10.0
103,4608,-20.0,0,21,0.899625,0.0,True,False,wall,0.0,-10.0,-10.0
104,4683,-18.0,0,75,0.898829,0.0,True,False,wall,0.0,-8.0,-10.0
105,4718,-16.0,0,35,0.898457,0.0,True,False,wall,0.0,-6.0,-10.0
106,4736,-15.0,0,18,0.898266,0.0,True,False,wall,0.0,-5.0,-10.0
107,4780,-1.0,0,44,0.8978,0.0,True,False,wall,0.0,9.0,-10.0
108,4806,-19.0,0,26,0.897525,0.0,True,False,wall,0.0,-9.0,-10.0
109,4941,-14.0,0,135,0.896096,0.0,True,False,wall,0.0,-4.0,-10.0
110,4956,-14.0,0,15,0.895937,0.0,True,False,wall,0.0,-4.0,-10.0
111,5016,-11.0,0,60,0.895303,0.0,True,False,wall,0.0,-1.0,-10.0
112,5035,-8.0,0,19,0.895102,0.0,True,False,wall,0.0,2.0,-10.0
113,5052,-4.0,0,17,0.894922,0.0,True,False,wall,0.0,6.0,-10.0
114,5092,8.0,1,40,0.8945,0.0,True,False,wall,10.0,8.0,-10.0
115,5104,-15.0,0,12,0.894373,0.0,True,False,wall,0.0,-5.0,-10.0
116,5136,-9.0,0,32,0.894036,0.0,True,False,wall,0.0,1.0,-10.0
117,5164,-19.0,0,28,0.89374,0.0,True,False,wall,0.0,-9.0,-10.0
118,5185,-12.0,0,21,0.893519,0.0,True,False,wall,0.0,-2.0,-10.0
119,5219,-9.0,0,34,0.89316,0.0,True,False,wall,0.0,1.0,-10.0
120,5248,-10.0,0,29,0.892855,0.0,True,False,wall,0.0,0.0,-10.0
121,5303,-12.0,0,55,0.892276,0.0,True,False,wall,0.0,-2.0,-10.0
122,5314,-4.0,0,11,0.89216,0.0,True,False,wall,0.0,6.0,-10.0
123,5462,-15.0,0,148,0.890603,0.0,True,False,wall,0.0,-5.0,-10.0
124,5483,-4.0,0,21,0.890383,0.0,True,False,wall,0.0,6.0,-10.0
125,5533,-15.0,0,50,0.889858,0.0,True,False,wall,0.0,-5.0,-10.0
126,5576,-16.0,0,43,0.889406,0.0,True,False,wall,0.0,-6.0,-10.0
127,5607,-12.0,0,31,0.889081,0.0,True,False,wall,0.0,-2.0,-10.0
128,5647,-17.0,0,40,0.888662,0.0,True,False,wall,0.0,-7.0,-10.0
129,5661,-17.0,0,14,0.888515,0.0,True,False,wall,0.0,-7.0,-10.0
130,5688,-10.0,0,27,0.888232,0.0,True,False,wall,0.0,0.0,-10.0
131,5774,6.0,1,86,0.887331,0.0,True,False,wall,10.0,6.0,-10.0
132,5830,11.0,2,56,0.886745,0.0,True,False,wall,20.0,1.0,-10.0
133,5852,-17.0,0,22,0.886515,0.0,True,False,wall,0.0,-7.0,-10.0
134,5898,-21.0,0,46,0.886034,0.0,True,False,wall,0.0,-11.0,-10.0
135,5911,-8.0,0,13,0.885899,0.0,True,False,wall,0.0,2.0,-10.0
136,6006,1.0,1,95,0.884907,0.0,True,False,wall,10.0,1.0,-10.0
137,6021,-14.0,0,15,0.88475,0.0,True,False,wall,0.0,-4.0,-10.0
138,6038,-22.0,0,17,0.884573,0.0,True,False,wall,0.0,-12.0,-10.0
139,6099,-20.0,0,61,0.883937,0.0,True,False,wall,0.0,-10.0,-10.0
140,6152,-12.0,0,53,0.883384,0.0,True,False,wall,0.0,-2.0,-10.0
141,6175,-18.0,0,23,0.883145,0.0,True,False,wall,0.0,-8.0,-10.0
142,6237,-19.0,0,62,0.882499,0.0,True,False,wall,0.0,-9.0,-10.0
143,6263,4.0,1,26,0.882229,0.0,True,False,wall,10.0,4.0,-10.0
144,6321,-9.0,0,58,0.881626,0.0,True,False,wall,0.0,1.0,-10.0
145,6475,12.0,1,154,0.880026,0.0,True,False,wall,10.0,12.0,-10.0
146,6510,-14.0,0,35,0.879663,0.0,True,False,wall,0.0,-4.0,-10.0
147,6549,-14.0,0,39,0.879259,0.0,True,False,wall,0.0,-4.0,-10.0
148,6649,-15.0,0,100,0.878223,0.0,True,False,wall,0.0,-5.0,-10.0
149,6671,-17.0,0,22,0.877995,0.0,True,False,wall,0.0,-7.0,-10.0
150,6705,-19.0,0,34,0.877643,0.0,True,False,wall,0.0,-9.0,-10.0
151,6719,-15.0,0,14,0.877498,0.0,True,False,wall,0.0,-5.0,-10.0
152,6733,-5.0,0,14,0.877354,0.0,True,False,wall,0.0,5.0,-10.0
153,6783,0.0,1,50,0.876837,0.0,True,False,wall,10.0,0.0,-10.0
154,6823,3.0,0,40,0.876423,0.0,True,False,wall,0.0,13.0,-10.0
155,6848,-8.0,0,25,0.876165,0.0,True,False,wall,0.0,2.0,-10.0
156,6873,-6.0,0,25,0.875907,0.0,True,False,wall,0.0,4.0,-10.0
157,6897,-17.0,0,24,0.875659,0.0,True,False,wall,0.0,-7.0,-10.0
158,6927,-23.0,0,30,0.87535,0.0,True,False,wall,0.0,-13.0,-10.0
159,6956,-8.0,0,29,0.875051,0.0,True,False,wall,0.0,2.0,-10.0
160,6999,-14.0,0,43,0.874607,0.0,True,False,wall,0.0,-4.0,-10.0
161,7023,-17.0,0,24,0.87436,0.0,True,False,wall,0.0,-7.0,-10.0
162,7037,-13.0,0,14,0.874216,0.0,True,False,wall,0.0,-3.0,-10.0
163,7054,-2.0,0,17,0.874041,0.0,True,False,wall,0.0,8.0,-10.0
164,7102,-23.0,0,48,0.873546,0.0,True,False,wall,0.0,-13.0,-10.0
165,7123,-2.0,0,21,0.87333,0.0,True,False,wall,0.0,8.0,-10.0
166,7160,-20.0,0,37,0.872949,0.0,True,False,wall,0.0,-10.0,-10.0
167,7189,-18.0,0,29,0.872651,0.0,True,False,wall,0.0,-8.0,-10.0
168,7250,-8.0,0,61,0.872024,0.0,True,False,wall,0.0,2.0,-10.0
169,7292,-5.0,0,42,0.871593,0.0,True,False,wall,0.0,5.0,-10.0
170,7369,-18.0,0,77,0.870802,0.0,True,False,wall,0.0,-8.0,-10.0
171,7393,-7.0,0,24,0.870556,0.0,True,False,wall,0.0,3.0,-10.0
172,7444,-12.0,0,51,0.870033,0.0,True,False,wall,0.0,-2.0,-10.0
173,7460,-9.0,0,16,0.869869,0.0,True,False,wall,0.0,1.0,-10.0
174,7513,-7.0,1,53,0.869326,0.0,True,False,wall,10.0,-7.0,-10.0
175,7554,-22.0,0,41,0.868906,0.0,True,False,wall,0.0,-12.0,-10.0
176,7575,-14.0,0,21,0.868691,0.0,True,False,wall,0.0,-4.0,-10.0
177,7613,-15.0,0,38,0.868303,0.0,True,False,wall,0.0,-5.0,-10.0
178,7636,-14.0,0,23,0.868067,0.0,True,False,wall,0.0,-4.0,-10.0
179,7692,10.0,1,56,0.867495,0.0,True,False,wall,10.0,10.0,-10.0
180,7736,-21.0,0,44,0.867045,0.0,True,False,wall,0.0,-11.0,-10.0
181,7794,-9.0,0,58,0.866453,0.0,True,False,wall,0.0,1.0,-10.0
182,7836,-4.0,1,42,0.866025,0.0,True,False,wall,10.0,-4.0,-10.0
183,7913,-12.0,0,77,0.86524,0.0,True,False,wall,0.0,-2.0,-10.0
184,7940,-14.0,0,27,0.864965,0.0,True,False,wall,0.0,-4.0,-10.0
185,7982,-7.0,0,42,0.864537,0.0,True,False,wall,0.0,3.0,-10.0
186,7999,-20.0,0,17,0.864364,0.0,True,False,wall,0.0,-10.0,-10.0
187,8038,-16.0,0,39,0.863967,0.0,True,False,wall,0.0,-6.0,-10.0
188,8073,9.0,1,35,0.863611,0.0,True,False,wall,10.0,9.0,-10.0
189,8115,-9.0,0,42,0.863184,0.0,True,False,wall,0.0,1.0,-10.0
190,8142,-24.0,0,27,0.862909,0.0,True,False,wall,0.0,-14.0,-10.0
191,8162,-7.0,0,20,0.862706,0.0,True,False,wall,0.0,3.0,-10.0
192,8257,-16.0,0,95,0.861742,0.0,True,False,wall,0.0,-6.0,-10.0
193,8293,2.0,1,36,0.861377,0.0,True,False,wall,10.0,2.0,-10.0
194,8345,-11.0,0,52,0.860849,0.0,True,False,wall,0.0,-1.0,-10.0
195,8360,-22.0,0,15,0.860697,0.0,True,False,wall,0.0,-12.0,-10.0
196,8445,-18.0,0,85,0.859836,0.0,True,False,wall,0.0,-8.0,-10.0
197,8507,-11.0,0,62,0.859209,0.0,True,False,wall,0.0,-1.0,-10.0
198,8524,-18.0,0,17,0.859037,0.0,True,False,wall,0.0,-8.0,-10.0
199,8567,-6.0,0,43,0.858602,0.0,True,False,wall,0.0,4.0,-10.0
200,8654,-14.0,0,87,0.857723,0.0,True,False,wall,0.0,-4.0,-10.0
201,8682,-11.0,0,28,0.857441,0.0,True,False,wall,0.0,-1.0,-10.0
202,8775,-16.0,0,93,0.856503,0.0,True,False,wall,0.0,-6.0,-10.0
203,8794,-14.0,0,19,0.856311,0.0,True,False,wall,0.0,-4.0,-10.0
204,8829,3.0,1,35,0.855959,0.0,True,False,wall,10.0,3.0,-10.0
205,8864,-14.0,0,35,0.855606,0.0,True,False,wall,0.0,-4.0,-10.0
206,8911,-12.0,0,47,0.855133,0.0,True,False,wall,0.0,-2.0,-10.0
207,9080,9.0,1,169,0.853434,0.0,True,False,wall,10.0,9.0,-10.0
208,9114,-21.0,0,34,0.853092,0.0,True,False,wall,0.0,-11.0,-10.0
209,9137,-16.0,0,23,0.852862,0.0,True,False,wall,0.0,-6.0,-10.0
210,9195,-13.0,0,58,0.85228,0.0,True,False,wall,0.0,-3.0,-10.0
211,9241,-13.0,0,46,0.851818,0.0,True,False,wall,0.0,-3.0,-10.0
212,9323,0.0,1,82,0.850997,0.0,True,False,wall,10.0,0.0,-10.0
213,9371,-23.0,0,48,0.850517,0.0,True,False,wall,0.0,-13.0,-10.0
214,9388,-14.0,0,17,0.850347,0.0,True,False,wall,0.0,-4.0,-10.0
215,9414,-21.0,0,26,0.850086,0.0,True,False,wall,0.0,-11.0,-10.0
216,9452,-21.0,0,38,0.849706,0.0,True,False,wall,0.0,-11.0,-10.0
217,9500,-17.0,0,48,0.849227,0.0,True,False,wall,0.0,-7.0,-10.0
218,9689,7.0,1,189,0.847341,0.0,True,False,wall,10.0,7.0,-10.0
219,9715,-17.0,0,26,0.847082,0.0,True,False,wall,0.0,-7.0,-10.0
220,9747,-13.0,0,32,0.846763,0.0,True,False,wall,0.0,-3.0,-10.0
221,9806,-16.0,0,59,0.846176,0.0,True,False,wall,0.0,-6.0,-10.0
222,9906,-23.0,0,100,0.845181,0.0,True,False,wall,0.0,-13.0,-10.0
223,9958,-17.0,0,52,0.844664,0.0,True,False,wall,0.0,-7.0,-10.0
224,10014,-15.0,0,56,0.844108,3.4725,True,False,wall,0.0,-5.0,-10.0
225,10034,-11.0,0,20,0.84391,2.7442,True,False,wall,0.0,-1.0,-10.0
226,10115,-6.0,0,81,0.843106,2.4091,True,False,wall,0.0,4.0,-10.0
227,10152,-10.0,0,37,0.84274,5.8366,True,False,wall,0.0,0.0,-10.0
228,10184,-21.0,0,32,0.842423,8.0253,True,False,wall,0.0,-11.0,-10.0
229,10210,-15.0,0,26,0.842165,9.1784,True,False,wall,0.0,-5.0,-10.0
230,10238,-11.0,0,28,0.841888,9.613,True,False,wall,0.0,-1.0,-10.0
231,10315,-8.0,0,77,0.841126,5.5303,True,False,wall,0.0,2.0,-10.0
232,10359,0.0,1,44,0.840691,1.5855,True,False,wall,10.0,0.0,-10.0
233,10429,-19.0,0,70,0.839999,1.2474,True,False,wall,0.0,-9.0,-10.0
234,10472,-2.0,0,43,0.839575,1.1128,True,False,wall,0.0,8.0,-10.0
235,10525,-10.0,0,53,0.839052,0.9981,True,False,wall,0.0,0.0,-10.0
236,10544,-12.0,0,19,0.838865,0.8693,True,False,wall,0.0,-2.0,-10.0
237,10560,-11.0,0,16,0.838707,0.9236,True,False,wall,0.0,-1.0,-10.0
238,10592,-11.0,0,32,0.838391,1.0747,True,False,wall,0.0,-1.0,-10.0
239,10613,-10.0,0,21,0.838185,1.0422,True,False,wall,0.0,0.0,-10.0
240,10641,6.0,1,28,0.837909,1.0591,True,False,wall,10.0,6.0,-10.0
241,10691,8.0,1,50,0.837416,0.925,True,False,wall,10.0,8.0,-10.0
242,10809,2.0,1,118,0.836256,0.9442,True,False,wall,10.0,2.0,-10.0
243,10890,5.0,1,81,0.83546,0.9477,True,False,wall,10.0,5.0,-10.0
244,10907,-1.0,1,17,0.835293,0.9583,True,False,wall,10.0,-1.0,-10.0
245,10976,23.0,1,69,0.834616,0.8703,True,False,wall,10.0,23.0,-10.0
246,11064,6.0,1,88,0.833754,0.9358,True,False,wall,10.0,6.0,-10.0
247,11139,13.0,1,75,0.833019,0.886,True,False,wall,10.0,13.0,-10.0
248,11193,6.0,1,54,0.832491,0.8624,True,False,wall,10.0,6.0,-10.0
249,11238,9.0,1,45,0.832051,0.9594,True,False,wall,10.0,9.0,-10.0
250,11280,-15.0,0,42,0.83164,1.0349,True,False,wall,0.0,-5.0,-10.0
251,11318,6.0,1,38,0.831269,0.9698,True,False,wall,10.0,6.0,-10.0
252,11380,-2.0,1,62,0.830664,0.8874,True,False,wall,10.0,-2.0,-10.0
253,11394,-15.0,0,14,0.830527,0.9304,True,False,wall,0.0,-5.0,-10.0
254,11441,-8.0,0,47,0.830069,0.9064,True,False,wall,0.0,2.0,-10.0
255,11497,4.0,1,56,0.829523,0.969,True,False,wall,10.0,4.0,-10.0
256,11525,6.0,1,28,0.82925,1.1047,True,False,wall,10.0,6.0,-10.0
257,11546,-2.0,0,21,0.829046,0.9508,True,False,wall,0.0,8.0,-10.0
258,11571,-8.0,0,25,0.828802,0.9039,True,False,wall,0.0,2.0,-10.0
259,11597,-9.0,0,26,0.828549,0.9826,True,False,wall,0.0,1.0,-10.0
260,11618,-16.0,0,21,0.828345,0.8665,True,False,wall,0.0,-6.0,-10.0
261,11630,-15.0,0,12,0.828228,1.1402,True,False,wall,0.0,-5.0,-10.0
262,11667,-16.0,0,37,0.827868,0.8563,True,False,wall,0.0,-6.0,-10.0
263,11703,-3.0,0,36,0.827518,0.9864,True,False,wall,0.0,7.0,-10.0
264,11727,2.0,1,24,0.827285,0.95,True,False,wall,10.0,2.0,-10.0
265,11759,-17.0,0,32,0.826974,0.8456,True,False,wall,0.0,-7.0,-10.0
266,11793,-3.0,0,34,0.826644,0.843,True,False,wall,0.0,7.0,-10.0
267,11823,1.0,0,30,0.826353,0.7952,True,False,wall,0.0,11.0,-10.0
268,11870,7.0,1,47,0.825897,0.869,True,False,wall,10.0,7.0,-10.0
269,11917,-2.0,0,47,0.825441,1.012,True,False,wall,0.0,8.0,-10.0
270,11988,27.0,3,71,0.824753,1.0992,True,False,body,30.0,7.0,-10.0
271,12029,-8.0,0,41,0.824356,1.1048,True,False,wall,0.0,2.0,-10.0
272,12154,35.0,3,125,0.823147,1.0873,True,False,body,30.0,15.0,-10.0
273,12178,-17.0,0,24,0.822916,1.1094,True,False,wall,0.0,-7.0,-10.0
274,12251,32.0,2,73,0.822211,1.0474,True,False,wall,20.0,22.0,-10.0
275,12287,8.0,1,36,0.821863,1.075,True,False,wall,10.0,8.0,-10.0
276,12348,20.0,2,61,0.821275,1.2566,True,False,wall,20.0,10.0,-10.0
277,12405,25.0,1,57,0.820725,1.1455,True,False,wall,10.0,25.0,-10.0
278,12497,6.0,1,92,0.81984,1.1588,True,False,wall,10.0,6.0,-10.0
279,12566,-2.0,0,69,0.819176,1.1605,True,False,wall,0.0,8.0,-10.0
280,12584,-15.0,0,18,0.819003,1.1697,True,False,wall,0.0,-5.0,-10.0
281,12609,-8.0,0,25,0.818763,1.2624,True,False,wall,0.0,2.0,-10.0
282,12699,-15.0,0,90,0.817898,1.2251,True,False,wall,0.0,-5.0,-10.0
283,12817,15.0,2,118,0.816766,1.1281,True,False,wall,20.0,5.0,-10.0
284,12914,12.0,2,97,0.815837,1.028,True,False,wall,20.0,2.0,-10.0
285,12937,-4.0,0,23,0.815617,1.2166,True,False,wall,0.0,6.0,-10.0
286,12964,-4.0,0,27,0.815359,1.0014,True,False,wall,0.0,6.0,-10.0
287,13075,-7.0,1,111,0.814298,1.1124,True,False,wall,10.0,-7.0,-10.0
288,13130,-12.0,0,55,0.813772,1.0795,True,False,wall,0.0,-2.0,-10.0
289,13143,7.0,1,13,0.813648,1.1658,True,False,wall,10.0,7.0,-10.0
290,13233,30.0,1,90,0.81279,1.2308,True,False,wall,10.0,30.0,-10.0
291,13252,0.0,0,19,0.812608,1.2455,True,False,wall,0.0,10.0,-10.0
292,13352,1.0,0,100,0.811656,1.2068,True,False,wall,0.0,11.0,-10.0
293,13386,-17.0,0,34,0.811332,1.0119,True,False,wall,0.0,-7.0,-10.0
294,13412,-7.0,0,26,0.811085,1.189,True,False,wall,0.0,3.0,-10.0
295,13520,8.0,1,108,0.810058,1.0735,True,False,wall,10.0,8.0,-10.0
296,13561,-6.0,0,41,0.809669,0.924,True,False,wall,0.0,4.0,-10.0
297,13608,-4.0,0,47,0.809222,0.8522,True,False,wall,0.0,6.0,-10.0
298,13756,23.0,2,148,0.807819,0.9716,True,False,wall,20.0,13.0,-10.0
299,13782,-7.0,0,26,0.807573,0.7888,True,False,wall,0.0,3.0,-10.0
300,13914,2.0,1,132,0.806324,1.0067,True,False,wall,10.0,2.0,-10.0
301,13946,12.0,1,32,0.806021,1.1358,True,False,wall,10.0,12.0,-10.0
302,13969,-18.0,0,23,0.805804,1.3432,True,False,wall,0.0,-8.0,-10.0
303,13998,-6.0,0,29,0.80553,1.0338,True,False,wall,0.0,4.0,-10.0
304,14026,-7.0,0,28,0.805266,1.4042,True,False,wall,0.0,3.0,-10.0
305,14051,-4.0,0,25,0.80503,1.3802,True,False,wall,0.0,6.0,-10.0
306,14082,-4.0,0,31,0.804737,1.5168,True,False,wall,0.0,6.0,-10.0
307,14099,-12.0,0,17,0.804577,1.0112,True,False,wall,0.0,-2.0,-10.0
308,14150,13.0,1,51,0.804096,1.0284,True,False,wall,10.0,13.0,-10.0
309,14223,-12.0,0,73,0.803408,0.9844,True,False,wall,0.0,-2.0,-10.0
310,14235,-15.0,0,12,0.803295,1.1746,True,False,wall,0.0,-5.0,-10.0
311,14256,9.0,1,21,0.803098,0.9813,True,False,wall,10.0,9.0,-10.0
312,14304,11.0,2,48,0.802646,1.0408,True,False,wall,20.0,1.0,-10.0
313,14386,43.0,2,82,0.801875,1.1061,True,False,wall,20.0,33.0,-10.0
314,14482,14.0,1,96,0.800973,1.1099,True,False,wall,10.0,14.0,-10.0
315,14587,-7.0,1,105,0.799988,1.0284,True,False,wall,10.0,-7.0,-10.0
316,14597,-7.0,0,10,0.799894,0.7917,True,False,wall,0.0,3.0,-10.0
317,14625,-7.0,0,28,0.799632,0.9436,True,False,wall,0.0,3.0,-10.0
318,14662,-6.0,0,37,0.799285,1.0305,True,False,wall,0.0,4.0,-10.0
319,14725,-4.0,0,63,0.798695,1.0824,True,False,wall,0.0,6.0,-10.0
320,14752,-8.0,0,27,0.798443,1.0534,True,False,wall,0.0,2.0,-10.0
321,14821,18.0,2,69,0.797798,1.0803,True,False,wall,20.0,8.0,-10.0
322,14856,2.0,0,35,0.79747,0.8835,True,False,wall,0.0,12.0,-10.0
323,14872,-1.0,0,16,0.797321,0.7331,True,False,wall,0.0,9.0,-10.0
324,14934,23.0,2,62,0.796742,0.8355,True,False,wall,20.0,13.0,-10.0
325,14950,-11.0,0,16,0.796593,0.7287,True,False,wall,0.0,-1.0,-10.0
326,15059,-8.0,0,109,0.795576,0.8335,True,False,wall,0.0,2.0,-10.0
327,15078,9.0,1,19,0.795399,0.9816,True,False,wall,10.0,9.0,-10.0
328,15102,-17.0,0,24,0.795176,0.7947,True,False,wall,0.0,-7.0,-10.0
329,15218,-1.0,0,116,0.794096,1.1475,True,False,wall,0.0,9.0,-10.0
330,15278,8.0,1,60,0.793538,1.094,True,False,wall,10.0,8.0,-10.0
331,15344,-9.0,0,66,0.792925,1.025,True,False,wall,0.0,1.0,-10.0
332,15392,-7.0,0,48,0.792479,0.9487,True,False,wall,0.0,3.0,-10.0
333,15452,-7.0,0,60,0.791922,0.8531,True,False,wall,0.0,3.0,-10.0
334,15554,-3.0,0,102,0.790977,1.1252,True,False,wall,0.0,7.0,-10.0
335,15726,44.0,3,172,0.789386,0.9939,True,False,body,30.0,24.0,-10.0
336,15802,38.0,3,76,0.788684,0.9729,True,False,wall,30.0,18.0,-10.0
337,15831,9.0,1,29,0.788416,0.8128,True,False,wall,10.0,9.0,-10.0
338,15871,-3.0,0,40,0.788047,0.8233,True,False,wall,0.0,7.0,-10.0
339,15903,-5.0,0,32,0.787752,0.7856,True,False,wall,0.0,5.0,-10.0
340,15988,27.0,3,85,0.786968,0.8661,True,False,body,30.0,7.0,-10.0
341,16036,-1.0,0,48,0.786526,0.8809,True,False,wall,0.0,9.0,-10.0
342,16067,7.0,1,31,0.786241,0.8986,True,False,wall,10.0,7.0,-10.0
343,16247,26.0,3,180,0.784586,1.0809,True,False,body,30.0,6.0,-10.0
344,16276,-12.0,0,29,0.78432,1.0539,True,False,wall,0.0,-2.0,-10.0
345,16305,-18.0,0,29,0.784054,1.2103,True,False,wall,0.0,-8.0,-10.0
346,16429,22.0,1,124,0.782917,1.0409,True,False,wall,10.0,22.0,-10.0
347,16474,0.0,0,45,0.782505,0.7899,True,False,wall,0.0,10.0,-10.0
348,16495,-6.0,0,21,0.782312,0.7699,True,False,wall,0.0,4.0,-10.0
349,16547,17.0,2,52,0.781837,0.9674,True,False,wall,20.0,7.0,-10.0
350,16643,27.0,2,96,0.780959,0.8799,True,False,wall,20.0,17.0,-10.0
351,16772,28.0,2,129,0.779781,1.0104,True,False,wall,20.0,18.0,-10.0
352,16923,30.0,2,151,0.778405,1.0355,True,False,wall,20.0,20.0,-10.0
353,16989,-1.0,0,66,0.777804,1.1535,True,False,wall,0.0,9.0,-10.0
354,17052,5.0,1,63,0.777231,0.9933,True,False,wall,10.0,5.0,-10.0
355,17195,42.0,2,143,0.775933,0.9233,True,False,wall,20.0,32.0,-10.0
356,17225,-7.0,0,30,0.77566,0.9178,True,False,wall,0.0,3.0,-10.0
357,17402,41.0,3,177,0.774057,1.1037,True,False,wall,30.0,21.0,-10.0
358,17429,-8.0,0,27,0.773812,0.9894,True,False,wall,0.0,2.0,-10.0
359,17453,8.0,1,24,0.773595,1.1997,True,False,wall,10.0,8.0,-10.0
360,17479,-7.0,0,26,0.77336,0.9784,True,False,wall,0.0,3.0,-10.0
361,17516,9.0,1,37,0.773026,1.2986,True,False,wall,10.0,9.0,-10.0
362,17579,0.0,0,63,0.772457,1.0425,True,False,wall,0.0,10.0,-10.0
363,17610,11.0,1,31,0.772177,0.828,True,False,wall,10.0,11.0,-10.0
364,17636,-17.0,0,26,0.771942,0.8669,True,False,wall,0.0,-7.0,-10.0
365,17685,7.0,1,49,0.7715,0.8746,True,False,wall,10.0,7.0,-10.0
366,17697,-7.0,0,12,0.771392,1.1053,True,False,wall,0.0,3.0,-10.0
367,17716,-6.0,0,19,0.77122,0.9428,True,False,wall,0.0,4.0,-10.0
368,17820,21.0,2,104,0.770283,0.9126,True,False,wall,20.0,11.0,-10.0
369,17896,40.0,3,76,0.769599,0.9489,True,False,body,30.0,20.0,-10.0
370,17949,45.0,3,53,0.769123,0.9511,True,False,body,30.0,25.0,-10.0
371,17990,-2.0,0,41,0.768754,1.2092,True,False,wall,0.0,8.0,-10.0
372,18029,1.0,1,39,0.768404,1.4071,True,False,wall,10.0,1.0,-10.0
373,18199,8.0,1,170,0.766879,0.9203,True,False,wall,10.0,8.0,-10.0
374,18215,-5.0,0,16,0.766736,1.1986,True,False,wall,0.0,5.0,-10.0
375,18299,23.0,2,84,0.765984,1.0405,True,False,wall,20.0,13.0,-10.0
376,18439,23.0,2,140,0.764732,0.7844,True,False,wall,20.0,13.0,-10.0
377,18520,-6.0,0,81,0.764008,1.0209,True,False,wall,0.0,4.0,-10.0
378,18534,-9.0,0,14,0.763883,0.9175,True,False,wall,0.0,1.0,-10.0
379,18573,15.0,1,39,0.763536,1.4753,True,False,wall,10.0,15.0,-10.0
380,18786,47.0,3,213,0.761638,1.0327,True,False,wall,30.0,27.0,-10.0
381,18803,-12.0,0,17,0.761487,1.2781,True,False,wall,0.0,-2.0,-10.0
382,18875,-1.0,0,72,0.760847,0.982,True,False,wall,0.0,9.0,-10.0
383,18897,-3.0,0,22,0.760652,1.1492,True,False,wall,0.0,7.0,-10.0
384,18925,-19.0,0,28,0.760403,0.8971,True,False,wall,0.0,-9.0,-10.0
385,18946,-12.0,0,21,0.760216,1.0076,True,False,wall,0.0,-2.0,-10.0
386,19013,17.0,1,67,0.759622,1.0479,True,False,wall,10.0,17.0,-10.0
387,19035,1.0,0,22,0.759427,1.5279,True,False,wall,0.0,11.0,-10.0
388,19094,11.0,1,59,0.758904,1.0467,True,False,wall,10.0,11.0,-10.0
389,19136,-15.0,0,42,0.758532,0.7704,True,False,wall,0.0,-5.0,-10.0
390,19207,27.0,3,71,0.757903,0.7495,True,False,wall,30.0,7.0,-10.0
391,19250,18.0,2,43,0.757523,0.8554,True,False,wall,20.0,8.0,-10.0
392,19278,-9.0,0,28,0.757275,0.8707,True,False,wall,0.0,1.0,-10.0
393,19342,6.0,1,64,0.75671,0.8567,True,False,wall,10.0,6.0,-10.0
394,19457,37.0,3,115,0.755694,0.9293,True,False,wall,30.0,17.0,-10.0
395,19522,-6.0,0,65,0.755121,0.904,True,False,wall,0.0,4.0,-10.0
396,19612,17.0,2,90,0.754328,0.8999,True,False,wall,20.0,7.0,-10.0
397,19648,-3.0,0,36,0.754012,0.9476,True,False,wall,0.0,7.0,-10.0
398,19666,-21.0,0,18,0.753853,0.7762,True,False,wall,0.0,-11.0,-10.0
399,19761,26.0,2,95,0.753018,1.0188,True,False,wall,20.0,16.0,-10.0
400,19774,-2.0,0,13,0.752904,1.0355,True,False,wall,0.0,8.0,-10.0
401,19796,-1.0,0,22,0.75271,0.9614,True,False,wall,0.0,9.0,-10.0
402,19836,-3.0,0,40,0.752359,0.9361,True,False,wall,0.0,7.0,-10.0
403,19854,-13.0,0,18,0.752201,0.8319,True,False,wall,0.0,-3.0,-10.0
404,19905,9.0,1,51,0.751754,0.9922,True,False,wall,10.0,9.0,-10.0
405,19970,11.0,1,65,0.751184,0.9347,True,False,wall,10.0,11.0,-10.0
406,19997,-14.0,0,27,0.750947,1.0331,True,False,wall,0.0,-4.0,-10.0
407,20042,3.0,1,45,0.750553,1.0173,True,False,wall,10.0,3.0,-10.0
408,20104,1.0,0,62,0.75001,1.2289,True,False,wall,0.0,11.0,-10.0
409,20146,30.0,3,42,0.749643,1.0946,True,False,body,30.0,10.0,-10.0
410,20173,13.0,1,27,0.749407,0.9958,True,False,wall,10.0,13.0,-10.0
411,20196,-4.0,0,23,0.749206,0.7154,True,False,wall,0.0,6.0,-10.0
412,20215,1.0,1,19,0.74904,0.8996,True,False,wall,10.0,1.0,-10.0
413,20239,-9.0,0,24,0.74883,0.8745,True,False,wall,0.0,1.0,-10.0
414,20264,-4.0,0,25,0.748611,0.7821,True,False,wall,0.0,6.0,-10.0
415,20286,2.0,1,22,0.748419,1.0942,True,False,wall,10.0,2.0,-10.0
416,20304,-15.0,0,18,0.748262,1.0313,True,False,wall,0.0,-5.0,-10.0
417,20406,0.0,1,102,0.747373,1.0627,True,False,wall,10.0,0.0,-10.0
418,20476,8.0,1,70,0.746763,0.8277,True,False,wall,10.0,8.0,-10.0
419,20543,47.0,3,67,0.746179,0.9267,True,False,body,30.0,27.0,-10.0
420,20640,30.0,2,97,0.745336,0.8895,True,False,wall,20.0,20.0,-10.0
421,20717,39.0,3,77,0.744667,0.8323,True,False,body,30.0,19.0,-10.0
422,20764,-8.0,0,47,0.744259,1.1756,True,False,wall,0.0,2.0,-10.0
423,20890,-2.0,1,126,0.743166,0.9666,True,False,wall,10.0,-2.0,-10.0
424,20919,20.0,2,29,0.742915,0.9637,True,False,wall,20.0,10.0,-10.0
425,20954,-14.0,0,35,0.742612,0.9727,True,False,wall,0.0,-4.0,-10.0
426,21014,0.0,1,60,0.742093,1.1251,True,False,wall,10.0,0.0,-10.0
427,21148,33.0,2,134,0.740934,0.966,True,False,wall,20.0,23.0,-10.0
428,21240,33.0,2,92,0.74014,1.2369,True,False,wall,20.0,23.0,-10.0
429,21290,14.0,1,50,0.739709,1.1374,True,False,wall,10.0,14.0,-10.0
430,21387,5.0,1,97,0.738873,1.3499,True,False,wall,10.0,5.0,-10.0
431,21405,-5.0,0,18,0.738718,0.9979,True,False,wall,0.0,5.0,-10.0
432,21448,29.0,3,43,0.738348,1.1511,True,False,body,30.0,9.0,-10.0
433,21524,18.0,1,76,0.737695,0.8102,True,False,wall,10.0,18.0,-10.0
434,21598,6.0,1,74,0.737059,0.7539,True,False,wall,10.0,6.0,-10.0
435,21637,-2.0,0,39,0.736724,0.9179,True,False,wall,0.0,8.0,-10.0
436,21664,20.0,2,27,0.736492,0.7364,True,False,wall,20.0,10.0,-10.0
437,21675,-16.0,0,11,0.736398,0.8166,True,False,wall,0.0,-6.0,-10.0
438,21688,-4.0,0,13,0.736286,0.9297,True,False,wall,0.0,6.0,-10.0
439,21843,65.0,3,155,0.734958,0.9959,True,False,body,30.0,45.0,-10.0
440,21869,-9.0,0,26,0.734735,1.0108,True,False,wall,0.0,1.0,-10.0
441,21948,13.0,1,79,0.734059,1.0625,True,False,wall,10.0,13.0,-10.0
442,22008,-5.0,0,60,0.733547,1.1412,True,False,wall,0.0,5.0,-10.0
443,22042,12.0,1,34,0.733256,1.0547,True,False,wall,10.0,12.0,-10.0
444,22072,-1.0,0,30,0.733,0.8419,True,False,wall,0.0,9.0,-10.0
445,22123,-4.0,0,51,0.732565,1.0377,True,False,wall,0.0,6.0,-10.0
446,22217,23.0,2,94,0.731763,0.7994,True,False,wall,20.0,13.0,-10.0
447,22247,-5.0,0,30,0.731508,0.7427,True,False,wall,0.0,5.0,-10.0
448,22273,10.0,1,26,0.731286,0.7315,True,False,wall,10.0,10.0,-10.0
449,22296,13.0,1,23,0.73109,0.7377,True,False,wall,10.0,13.0,-10.0
450,22410,44.0,3,114,0.73012,0.8402,True,False,body,30.0,24.0,-10.0
451,22476,29.0,2,66,0.729559,0.8717,True,False,wall,20.0,19.0,-10.0
452,22524,10.0,1,48,0.729152,1.1976,True,False,wall,10.0,10.0,-10.0
453,22547,20.0,2,23,0.728957,1.2052,True,False,wall,20.0,10.0,-10.0
454,22657,-5.0,0,110,0.728024,1.0168,True,False,wall,0.0,5.0,-10.0
455,22690,0.0,0,33,0.727744,1.2788,True,False,wall,0.0,10.0,-10.0
456,22734,6.0,1,44,0.727371,1.1632,True,False,wall,10.0,6.0,-10.0
457,22776,12.0,1,42,0.727016,1.1525,True,False,wall,10.0,12.0,-10.0
458,22856,12.0,1,80,0.726339,1.0019,True,False,wall,10.0,12.0,-10.0
459,22993,47.0,3,137,0.725182,1.0242,True,False,body,30.0,27.0,-10.0
460,23034,11.0,1,41,0.724836,0.9977,True,False,wall,10.0,11.0,-10.0
461,23078,32.0,3,44,0.724465,0.9003,True,False,body,30.0,12.0,-10.0
462,23176,8.0,1,98,0.723639,0.8931,True,False,wall,10.0,8.0,-10.0
463,23191,-6.0,0,15,0.723513,0.73,True,False,wall,0.0,4.0,-10.0
464,23204,-6.0,0,13,0.723404,0.7074,True,False,wall,0.0,4.0,-10.0
465,23256,26.0,1,52,0.722966,0.8415,True,False,wall,10.0,26.0,-10.0
466,23291,-10.0,0,35,0.722672,1.0723,True,False,wall,0.0,0.0,-10.0
467,23321,3.0,0,30,0.722419,0.9828,True,False,wall,0.0,13.0,-10.0
468,23455,20.0,1,134,0.721294,0.7911,True,False,wall,10.0,20.0,-10.0
469,23560,15.0,1,105,0.720414,0.9274,True,False,wall,10.0,15.0,-10.0
470,23661,57.0,3,101,0.719568,0.9381,True,False,body,30.0,37.0,-10.0
471,23689,8.0,1,28,0.719333,1.2429,True,False,wall,10.0,8.0,-10.0
472,23744,24.0,2,55,0.718873,1.266,True,False,wall,20.0,14.0,-10.0
473,23771,5.0,1,27,0.718648,0.9151,True,False,wall,10.0,5.0,-10.0
474,23838,13.0,1,67,0.718088,0.9354,True,False,wall,10.0,13.0,-10.0
475,23945,9.0,1,107,0.717195,0.7685,True,False,wall,10.0,9.0,-10.0
476,24027,14.0,1,82,0.716511,0.7176,True,False,wall,10.0,14.0,-10.0
477,24047,-9.0,0,20,0.716345,0.6792,True,False,wall,0.0,1.0,-10.0
478,24062,-6.0,0,15,0.71622,1.1578,True,False,wall,0.0,4.0,-10.0
479,24132,46.0,3,70,0.715637,0.7774,True,False,body,30.0,26.0,-10.0
480,24187,-4.0,0,55,0.71518,0.9929,True,False,wall,0.0,6.0,-10.0
481,24229,8.0,1,42,0.714831,0.9968,True,False,wall,10.0,8.0,-10.0
482,24273,40.0,3,44,0.714465,1.0864,True,False,body,30.0,20.0,-10.0
483,24286,3.0,1,13,0.714357,1.221,True,False,wall,10.0,3.0,-10.0
484,24309,-12.0,0,23,0.714166,0.9298,True,False,wall,0.0,-2.0,-10.0
485,24382,0.0,0,73,0.71356,1.0549,True,False,wall,0.0,10.0,-10.0
486,24394,-7.0,0,12,0.713461,0.9722,True,False,wall,0.0,3.0,-10.0
487,24409,-2.0,0,15,0.713336,1.2278,True,False,wall,0.0,8.0,-10.0
488,24455,8.0,1,46,0.712955,1.0387,True,False,wall,10.0,8.0,-10.0
489,24509,-5.0,0,54,0.712508,1.0636,True,False,wall,0.0,5.0,-10.0
490,24596,54.0,4,87,0.711788,0.909,True,False,body,40.0,24.0,-10.0
491,24630,-11.0,0,34,0.711506,1.0019,True,False,wall,0.0,-1.0,-10.0
492,24705,7.0,1,75,0.710887,0.9098,True,False,wall,10.0,7.0,-10.0
493,24736,5.0,1,31,0.710631,1.2949,True,False,wall,10.0,5.0,-10.0
494,24825,-4.0,0,89,0.709896,0.836,True,False,wall,0.0,6.0,-10.0
495,24920,32.0,2,95,0.709113,0.8873,True,False,wall,20.0,22.0,-10.0
496,24985,45.0,3,65,0.708578,1.1609,True,False,wall,30.0,25.0,-10.0
497,25003,-15.0,0,18,0.708429,0.9361,True,False,wall,0.0,-5.0,-10.0
498,25033,10.0,1,30,0.708183,1.0478,True,False,wall,10.0,10.0,-10.0
499,25147,29.0,2,114,0.707245,0.8574,True,False,wall,20.0,19.0,-10.0
500,25248,33.0,3,101,0.706416,1.0588,True,False,body,30.0,13.0,-10.0
501,25284,-1.0,0,36,0.706121,1.088,True,False,wall,0.0,9.0,-10.0
502,25311,3.0,1,27,0.705899,1.0493,True,False,wall,10.0,3.0,-10.0
503,25382,-6.0,0,71,0.705317,0.8506,True,False,wall,0.0,4.0,-10.0
504,25412,-13.0,0,30,0.705072,0.9272,True,False,wall,0.0,-3.0,-10.0
505,25507,43.0,3,95,0.704294,1.0748,True,False,body,30.0,23.0,-10.0
506,25547,23.0,2,40,0.703967,1.3152,True,False,wall,20.0,13.0,-10.0
507,25585,35.0,2,38,0.703657,0.7361,True,False,wall,20.0,25.0,-10.0
508,25617,10.0,1,32,0.703395,1.0596,True,False,wall,10.0,10.0,-10.0
509,25661,-5.0,0,44,0.703036,0.8213,True,False,wall,0.0,5.0,-10.0
510,25695,-3.0,0,34,0.702759,0.8155,True,False,wall,0.0,7.0,-10.0
511,25772,30.0,2,77,0.702131,0.9618,True,False,wall,20.0,20.0,-10.0
512,25892,43.0,2,120,0.701153,1.0831,True,False,wall,20.0,33.0,-10.0
513,26041,53.0,3,149,0.699941,0.8128,True,False,body,30.0,33.0,-10.0
514,26082,12.0,2,41,0.699608,0.938,True,False,wall,20.0,2.0,-10.0
515,26109,2.0,0,27,0.699389,0.8845,True,False,wall,0.0,12.0,-10.0
516,26201,20.0,1,92,0.698643,0.9913,True,False,wall,10.0,20.0,-10.0
517,26234,-10.0,0,33,0.698375,1.0928,True,False,wall,0.0,0.0,-10.0
518,26305,47.0,3,71,0.6978,1.0535,True,False,body,30.0,27.0,-10.0
519,26375,12.0,1,70,0.697234,0.8226,True,False,wall,10.0,12.0,-10.0
520,26470,28.0,2,95,0.696465,0.8348,True,False,wall,20.0,18.0,-10.0
521,26508,28.0,3,38,0.696158,0.7612,True,False,body,30.0,8.0,-10.0
522,26592,-3.0,0,84,0.69548,1.082,True,False,wall,0.0,7.0,-10.0
523,26686,44.0,3,94,0.694722,0.8662,True,False,wall,30.0,24.0,-10.0
524,26718,-5.0,0,32,0.694465,0.7828,True,False,wall,0.0,5.0,-10.0
525,26919,15.0,1,201,0.692847,1.1615,True,False,wall,10.0,15.0,-10.0
526,26987,38.0,3,68,0.692301,0.9382,True,False,body,30.0,18.0,-10.0
527,27069,-1.0,0,82,0.691643,0.813,True,False,wall,0.0,9.0,-10.0
528,27182,20.0,2,113,0.690737,0.8272,True,False,wall,20.0,10.0,-10.0
529,27214,6.0,1,32,0.690481,0.7667,True,False,wall,10.0,6.0,-10.0
530,27316,48.0,3,102,0.689665,0.6988,True,False,body,30.0,28.0,-10.0
531,27388,-9.0,0,72,0.68909,0.6972,True,False,wall,0.0,1.0,-10.0
532,27409,7.0,1,21,0.688922,0.5611,True,False,wall,10.0,7.0,-10.0
533,27468,19.0,1,59,0.688451,0.7411,True,False,wall,10.0,19.0,-10.0
534,27496,-9.0,0,28,0.688227,0.9367,True,False,wall,0.0,1.0,-10.0
535,27558,-2.0,1,62,0.687733,1.1399,True,False,wall,10.0,-2.0,-10.0
536,27627,19.0,1,69,0.687183,0.9158,True,False,wall,10.0,19.0,-10.0
537,27695,8.0,1,68,0.686642,0.8568,True,False,wall,10.0,8.0,-10.0
538,27767,50.0,3,72,0.686069,0.8072,True,False,body,30.0,30.0,-10.0
539,27798,5.0,1,31,0.685823,1.0491,True,False,wall,10.0,5.0,-10.0
540,27848,28.0,3,50,0.685425,0.903,True,False,body,30.0,8.0,-10.0
541,27900,-5.0,0,52,0.685013,0.8934,True,False,wall,0.0,5.0,-10.0
542,27926,-5.0,0,26,0.684806,1.1081,True,False,wall,0.0,5.0,-10.0
543,27955,-4.0,0,29,0.684576,1.4388,True,False,wall,0.0,6.0,-10.0
544,28021,12.0,1,66,0.684053,1.22,True,False,wall,10.0,12.0,-10.0
545,28078,19.0,1,57,0.683601,0.987,True,False,wall,10.0,19.0,-10.0
546,28122,14.0,1,44,0.683253,0.8908,True,False,wall,10.0,14.0,-10.0
547,28139,-14.0,0,17,0.683118,1.2245,True,False,wall,0.0,-4.0,-10.0
548,28225,54.0,3,86,0.682438,0.9401,True,False,body,30.0,34.0,-10.0
549,28240,-1.0,1,15,0.682319,1.5715,True,False,wall,10.0,-1.0,-10.0
550,28290,44.0,3,50,0.681924,1.3216,True,False,wall,30.0,24.0,-10.0
551,28319,-12.0,0,29,0.681695,1.4995,True,False,wall,0.0,-2.0,-10.0
552,28334,-2.0,0,15,0.681577,1.0352,True,False,wall,0.0,8.0,-10.0
553,28383,26.0,2,49,0.68119,1.0219,True,False,wall,20.0,16.0,-10.0
554,28449,16.0,1,66,0.68067,1.0226,True,False,wall,10.0,16.0,-10.0
555,28471,-1.0,0,22,0.680496,0.8457,True,False,wall,0.0,9.0,-10.0
556,28537,36.0,3,66,0.679976,0.9041,True,False,body,30.0,16.0,-10.0
557,28676,79.0,5,139,0.678883,0.9398,True,False,body,50.0,39.0,-10.0
558,28690,2.0,1,14,0.678773,0.8164,True,False,wall,10.0,2.0,-10.0
559,28791,32.0,2,101,0.677979,0.8441,True,False,wall,20.0,22.0,-10.0
560,28820,9.0,1,29,0.677752,0.7817,True,False,wall,10.0,9.0,-10.0
561,28846,10.0,1,26,0.677548,0.9253,True,False,wall,10.0,10.0,-10.0
562,28901,-4.0,0,55,0.677116,0.9423,True,False,wall,0.0,6.0,-10.0
563,28989,14.0,1,88,0.676427,1.0702,True,False,wall,10.0,14.0,-10.0
564,29007,-1.0,0,18,0.676286,0.8303,True,False,wall,0.0,9.0,-10.0
565,29023,-9.0,0,16,0.676161,0.7614,True,False,wall,0.0,1.0,-10.0
566,29033,-1.0,0,10,0.676083,0.8706,True,False,wall,0.0,9.0,-10.0
567,29095,40.0,3,62,0.675598,0.9543,True,False,body,30.0,20.0,-10.0
568,29125,6.0,1,30,0.675363,0.979,True,False,wall,10.0,6.0,-10.0
569,29148,-6.0,0,23,0.675183,1.1911,True,False,wall,0.0,4.0,-10.0
570,29236,44.0,3,88,0.674496,0.998,True,False,body,30.0,24.0,-10.0
571,29286,12.0,1,50,0.674106,0.9253,True,False,wall,10.0,12.0,-10.0
572,29302,-5.0,0,16,0.673981,0.8633,True,False,wall,0.0,5.0,-10.0
573,29345,14.0,2,43,0.673646,0.9006,True,False,wall,20.0,4.0,-10.0
574,29366,-2.0,0,21,0.673482,1.1222,True,False,wall,0.0,8.0,-10.0
575,29393,11.0,1,27,0.673272,0.8357,True,False,wall,10.0,11.0,-10.0
576,29446,28.0,2,53,0.672859,0.8025,True,False,wall,20.0,18.0,-10.0
577,29531,34.0,2,85,0.672197,0.7435,True,False,wall,20.0,24.0,-10.0
578,29616,28.0,2,85,0.671537,0.828,True,False,wall,20.0,18.0,-10.0
579,29692,29.0,2,76,0.670946,0.7617,True,False,wall,20.0,19.0,-10.0
580,29721,1.0,1,29,0.670721,0.7361,True,False,wall,10.0,1.0,-10.0
581,29776,33.0,3,55,0.670295,0.645,True,False,body,30.0,13.0,-10.0
582,29842,34.0,3,66,0.669783,0.7418,True,False,body,30.0,14.0,-10.0
583,29912,19.0,2,70,0.669241,0.8994,True,False,wall,20.0,9.0,-10.0
584,29937,17.0,1,25,0.669048,0.925,True,False,wall,10.0,17.0,-10.0
585,29980,-4.0,0,43,0.668715,0.8556,True,False,wall,0.0,6.0,-10.0
586,30042,12.0,1,62,0.668236,0.858,True,False,wall,10.0,12.0,-10.0
587,30130,6.0,1,88,0.667556,0.8761,True,False,wall,10.0,6.0,-10.0
588,30165,1.0,1,35,0.667286,0.8785,True,False,wall,10.0,1.0,-10.0
589,30216,20.0,2,51,0.666892,0.7346,True,False,wall,20.0,10.0,-10.0
590,30248,-5.0,0,32,0.666646,0.6744,True,False,wall,0.0,5.0,-10.0
591,30263,7.0,1,15,0.66653,0.7914,True,False,wall,10.0,7.0,-10.0
592,30284,-2.0,0,21,0.666368,0.5961,True,False,wall,0.0,8.0,-10.0
593,30324,2.0,1,40,0.66606,0.8256,True,False,wall,10.0,2.0,-10.0
594,30392,34.0,3,68,0.665537,0.7807,True,False,wall,30.0,14.0,-10.0
595,30473,17.0,1,81,0.664914,0.8928,True,False,wall,10.0,17.0,-10.0
596,30492,1.0,1,19,0.664768,0.8882,True,False,wall,10.0,1.0,-10.0
597,30507,-6.0,0,15,0.664653,0.9012,True,False,wall,0.0,4.0,-10.0
598,30529,-9.0,0,22,0.664484,1.0214,True,False,wall,0.0,1.0,-10.0
599,30597,19.0,2,68,0.663962,0.9093,True,False,wall,20.0,9.0,-10.0
600,30659,29.0,2,62,0.663486,0.8172,True,False,wall,20.0,19.0,-10.0
601,30693,-7.0,0,34,0.663225,0.8117,True,False,wall,0.0,3.0,-10.0
602,30784,35.0,3,91,0.662528,1.2483,True,False,wall,30.0,15.0,-10.0
603,30840,-1.0,0,56,0.662099,1.1024,True,False,wall,0.0,9.0,-10.0
604,30877,5.0,1,37,0.661816,1.1797,True,False,wall,10.0,5.0,-10.0
605,30905,12.0,1,28,0.661602,0.952,True,False,wall,10.0,12.0,-10.0
606,30926,-12.0,0,21,0.661442,0.6818,True,False,wall,0.0,-2.0,-10.0
607,30943,2.0,0,17,0.661312,0.6682,True,False,wall,0.0,12.0,-10.0
608,30962,-2.0,0,19,0.661167,0.8324,True,False,wall,0.0,8.0,-10.0
609,30982,-1.0,0,20,0.661014,0.7755,True,False,wall,0.0,9.0,-10.0
610,31063,18.0,2,81,0.660396,0.6701,True,False,wall,20.0,8.0,-10.0
611,31083,1.0,0,20,0.660243,0.7066,True,False,wall,0.0,11.0,-10.0
612,31190,36.0,2,107,0.659427,0.6983,True,False,wall,20.0,26.0,-10.0
613,31291,53.0,3,101,0.658658,1.0072,True,False,body,30.0,33.0,-10.0
614,31331,36.0,3,40,0.658354,0.9239,True,False,body,30.0,16.0,-10.0
615,31408,50.0,2,77,0.657769,0.7426,True,False,wall,20.0,40.0,-10.0
616,31450,29.0,2,42,0.65745,0.7084,True,False,wall,20.0,19.0,-10.0
617,31490,-5.0,0,40,0.657146,0.947,True,False,wall,0.0,5.0,-10.0
618,31507,18.0,2,17,0.657017,0.7538,True,False,wall,20.0,8.0,-10.0
619,31531,14.0,1,24,0.656835,0.6484,True,False,wall,10.0,14.0,-10.0
620,31554,7.0,1,23,0.656661,0.8382,True,False,wall,10.0,7.0,-10.0
621,31624,31.0,2,70,0.65613,0.7717,True,False,wall,20.0,21.0,-10.0
622,31644,-1.0,0,20,0.655979,0.6786,True,False,wall,0.0,9.0,-10.0
623,31697,13.0,1,53,0.655577,0.6526,True,False,wall,10.0,13.0,-10.0
624,31716,-8.0,0,19,0.655434,0.6741,True,False,wall,0.0,2.0,-10.0
625,31742,10.0,1,26,0.655237,0.6155,True,False,wall,10.0,10.0,-10.0
626,31765,33.0,3,23,0.655063,0.7301,True,False,wall,30.0,13.0,-10.0
627,31865,29.0,2,100,0.654307,0.7587,True,False,wall,20.0,19.0,-10.0
628,31885,-5.0,0,20,0.654156,0.7102,True,False,wall,0.0,5.0,-10.0
629,31958,24.0,2,73,0.653605,0.5904,True,False,wall,20.0,14.0,-10.0
630,32023,7.0,1,65,0.653115,0.6803,True,False,wall,10.0,7.0,-10.0
631,32153,73.0,4,130,0.652135,0.8086,True,False,body,40.0,43.0,-10.0
632,32232,51.0,3,79,0.651541,0.8525,True,False,body,30.0,31.0,-10.0
633,32296,43.0,2,64,0.65106,0.7471,True,False,wall,20.0,33.0,-10.0
634,32378,31.0,2,82,0.650444,0.6605,True,False,wall,20.0,21.0,-10.0
635,32405,-6.0,0,27,0.650242,0.7914,True,False,wall,0.0,4.0,-10.0
636,32442,-2.0,0,37,0.649964,1.0582,True,False,wall,0.0,8.0,-10.0
637,32553,68.0,4,111,0.649132,0.9463,True,False,body,40.0,38.0,-10.0
638,32729,52.0,3,176,0.647816,1.1657,True,False,body,30.0,32.0,-10.0
639,32825,40.0,3,96,0.647099,1.1398,True,False,body,30.0,20.0,-10.0
640,32891,44.0,3,66,0.646606,0.7891,True,False,body,30.0,24.0,-10.0
641,32960,10.0,2,69,0.646092,0.7337,True,False,wall,20.0,0.0,-10.0
642,33005,-14.0,0,45,0.645757,0.6955,True,False,wall,0.0,-4.0,-10.0
643,33108,28.0,2,103,0.64499,0.7404,True,False,wall,20.0,18.0,-10.0
644,33132,1.0,0,24,0.644812,0.7257,True,False,wall,0.0,11.0,-10.0
645,33198,30.0,3,66,0.644321,0.6345,True,False,body,30.0,10.0,-10.0
646,33287,49.0,3,89,0.64366,0.5957,True,False,wall,30.0,29.0,-10.0
647,33306,7.0,1,19,0.643519,0.7027,True,False,wall,10.0,7.0,-10.0
648,33365,24.0,2,59,0.643082,0.7102,True,False,wall,20.0,14.0,-10.0
649,33416,-10.0,0,51,0.642704,0.7925,True,False,wall,0.0,0.0,-10.0
650,33549,41.0,3,133,0.641719,0.76,True,False,body,30.0,21.0,-10.0
651,33598,-12.0,0,49,0.641357,0.7376,True,False,wall,0.0,-2.0,-10.0
652,33690,23.0,2,92,0.640677,0.7567,True,False,wall,20.0,13.0,-10.0
653,33770,40.0,3,80,0.640087,0.639,True,False,body,30.0,20.0,-10.0
654,33820,12.0,1,50,0.639718,0.7508,True,False,wall,10.0,12.0,-10.0
655,33871,41.0,3,51,0.639342,0.6348,True,False,body,30.0,21.0,-10.0
656,33889,-11.0,0,18,0.63921,0.6045,True,False,wall,0.0,-1.0,-10.0
657,33989,18.0,1,100,0.638474,0.7029,True,False,wall,10.0,18.0,-10.0
658,34058,61.0,3,69,0.637966,0.7498,True,False,body,30.0,41.0,-10.0
659,34079,-2.0,0,21,0.637812,0.8595,True,False,wall,0.0,8.0,-10.0
660,34143,22.0,1,64,0.637342,0.7665,True,False,wall,10.0,22.0,-10.0
661,34180,5.0,1,37,0.63707,0.8246,True,False,wall,10.0,5.0,-10.0
662,34204,-9.0,0,24,0.636894,0.6568,True,False,wall,0.0,1.0,-10.0
663,34240,16.0,1,36,0.63663,0.7222,True,False,wall,10.0,16.0,-10.0
664,34254,10.0,1,14,0.636528,0.6348,True,False,wall,10.0,10.0,-10.0
665,34295,23.0,1,41,0.636227,0.761,True,False,wall,10.0,23.0,-10.0
666,34409,48.0,3,114,0.635392,0.7142,True,False,body,30.0,28.0,-10.0
667,34456,34.0,2,47,0.635049,0.6496,True,False,wall,20.0,24.0,-10.0
668,34471,11.0,1,15,0.634939,0.7102,True,False,wall,10.0,11.0,-10.0
669,34516,-6.0,0,45,0.63461,0.7598,True,False,wall,0.0,4.0,-10.0
670,34578,14.0,1,62,0.634157,0.7804,True,False,wall,10.0,14.0,-10.0
671,34631,35.0,3,53,0.63377,0.6954,True,False,body,30.0,15.0,-10.0
672,34693,19.0,2,62,0.633318,0.6481,True,False,wall,20.0,9.0,-10.0
673,34776,24.0,2,83,0.632713,0.6665,True,False,wall,20.0,14.0,-10.0
674,34816,23.0,2,40,0.632422,0.6269,True,False,wall,20.0,13.0,-10.0
675,34849,-4.0,0,33,0.632182,0.7059,True,False,wall,0.0,6.0,-10.0
676,34889,-9.0,0,40,0.63189,0.6251,True,False,wall,0.0,1.0,-10.0
677,34977,38.0,3,88,0.631251,0.5771,True,False,body,30.0,18.0,-10.0
678,35033,33.0,2,56,0.630844,0.5999,True,False,wall,20.0,23.0,-10.0
679,35099,46.0,3,66,0.630365,0.5683,True,False,wall,30.0,26.0,-10.0
680,35140,16.0,2,41,0.630068,0.6659,True,False,wall,20.0,6.0,-10.0
681,35242,46.0,3,102,0.629329,0.5866,True,False,wall,30.0,26.0,-10.0
682,35281,3.0,1,39,0.629046,0.7354,True,False,wall,10.0,3.0,-10.0
683,35372,27.0,1,91,0.628388,0.6488,True,False,wall,10.0,27.0,-10.0
684,35395,20.0,2,23,0.628222,0.9586,True,False,wall,20.0,10.0,-10.0
685,35411,-1.0,0,16,0.628106,0.9519,True,False,wall,0.0,9.0,-10.0
686,35473,40.0,3,62,0.627658,0.8122,True,False,wall,30.0,20.0,-10.0
687,35487,8.0,1,14,0.627557,0.7065,True,False,wall,10.0,8.0,-10.0
688,35546,17.0,1,59,0.627131,0.8096,True,False,wall,10.0,17.0,-10.0
689,35559,0.0,0,13,0.627038,0.7679,True,False,wall,0.0,10.0,-10.0
690,35622,24.0,2,63,0.626583,0.6836,True,False,wall,20.0,14.0,-10.0
691,35687,32.0,2,65,0.626115,0.6459,True,False,wall,20.0,22.0,-10.0
692,35762,57.0,3,75,0.625575,0.7317,True,False,body,30.0,37.0,-10.0
693,35803,18.0,2,41,0.62528,0.6155,True,False,wall,20.0,8.0,-10.0
694,35836,-4.0,0,33,0.625043,0.7146,True,False,wall,0.0,6.0,-10.0
695,35894,1.0,0,58,0.624626,0.8058,True,False,wall,0.0,11.0,-10.0
696,35991,37.0,3,97,0.62393,0.7651,True,False,body,30.0,17.0,-10.0
697,36063,27.0,2,72,0.623414,0.805,True,False,wall,20.0,17.0,-10.0
698,36100,-8.0,0,37,0.623148,0.6666,True,False,wall,0.0,2.0,-10.0
699,36180,36.0,3,80,0.622576,0.7398,True,False,body,30.0,16.0,-10.0
700,36238,10.0,1,58,0.622161,0.697,True,False,wall,10.0,10.0,-10.0
701,36266,17.0,2,28,0.62196,0.8357,True,False,wall,20.0,7.0,-10.0
702,36307,13.0,1,41,0.621667,0.8004,True,False,wall,10.0,13.0,-10.0
703,36398,25.0,1,91,0.621017,0.6602,True,False,wall,10.0,25.0,-10.0
704,36415,9.0,1,17,0.620896,0.5677,True,False,wall,10.0,9.0,-10.0
705,36442,0.0,0,27,0.620703,0.6199,True,False,wall,0.0,10.0,-10.0
706,36496,50.0,3,54,0.620318,0.6505,True,False,wall,30.0,30.0,-10.0
707,36561,26.0,2,65,0.619855,0.6419,True,False,wall,20.0,16.0,-10.0
708,36608,35.0,3,47,0.61952,0.667,True,False,body,30.0,15.0,-10.0
709,36740,44.0,3,132,0.618582,0.758,True,False,body,30.0,24.0,-10.0
710,36835,47.0,3,95,0.617907,0.8062,True,False,body,30.0,27.0,-10.0
711,36858,-3.0,1,23,0.617744,0.7565,True,False,wall,10.0,-3.0,-10.0
712,36895,35.0,3,37,0.617481,0.8606,True,False,body,30.0,15.0,-10.0
713,36935,8.0,1,40,0.617197,0.7179,True,False,wall,10.0,8.0,-10.0
714,37006,3.0,1,71,0.616694,0.6193,True,False,wall,10.0,3.0,-10.0
715,37032,4.0,1,26,0.61651,0.6643,True,False,wall,10.0,4.0,-10.0
716,37071,37.0,3,39,0.616234,0.6321,True,False,wall,30.0,17.0,-10.0
717,37102,-6.0,0,31,0.616015,0.682,True,False,wall,0.0,4.0,-10.0
718,37156,17.0,2,54,0.615633,0.6576,True,False,wall,20.0,7.0,-10.0
719,37261,33.0,3,105,0.614891,0.6235,True,False,wall,30.0,13.0,-10.0
720,37269,-3.0,0,8,0.614834,0.5679,True,False,wall,0.0,7.0,-10.0
721,37297,-3.0,0,28,0.614637,0.5481,True,False,wall,0.0,7.0,-10.0
722,37325,2.0,1,28,0.614439,0.522,True,False,wall,10.0,2.0,-10.0
723,37382,32.0,2,57,0.614037,0.5986,True,False,wall,20.0,22.0,-10.0
724,37406,-3.0,0,24,0.613868,0.5363,True,False,wall,0.0,7.0,-10.0
725,37431,0.0,0,25,0.613692,0.6487,True,False,wall,0.0,10.0,-10.0
726,37442,-12.0,0,11,0.613614,0.8325,True,False,wall,0.0,-2.0,-10.0
727,37538,34.0,3,96,0.612938,0.6383,True,False,body,30.0,14.0,-10.0
728,37609,35.0,3,71,0.612439,0.6163,True,False,body,30.0,15.0,-10.0
729,37688,59.0,3,79,0.611884,0.8192,True,False,wall,30.0,39.0,-10.0
730,37757,9.0,1,69,0.611399,0.6832,True,False,wall,10.0,9.0,-10.0
731,37799,15.0,2,42,0.611105,0.7851,True,False,wall,20.0,5.0,-10.0
732,37856,47.0,3,57,0.610705,0.645,True,False,wall,30.0,27.0,-10.0
733,37924,59.0,4,68,0.610229,0.5615,True,False,body,40.0,29.0,-10.0
734,38046,54.0,3,122,0.609375,0.5296,True,False,body,30.0,34.0,-10.0
735,38101,47.0,3,55,0.60899,0.6838,True,False,wall,30.0,27.0,-10.0
736,38129,-7.0,0,28,0.608795,0.6213,True,False,wall,0.0,3.0,-10.0
737,38173,46.0,3,44,0.608488,0.9139,True,False,body,30.0,26.0,-10.0
738,38226,13.0,1,53,0.608118,0.7536,True,False,wall,10.0,13.0,-10.0
739,38245,-6.0,0,19,0.607985,0.7409,True,False,wall,0.0,4.0,-10.0
740,38287,32.0,3,42,0.607692,0.6307,True,False,wall,30.0,12.0,-10.0
741,38305,12.0,1,18,0.607567,0.5012,True,False,wall,10.0,12.0,-10.0
742,38359,42.0,3,54,0.607191,0.5805,True,False,body,30.0,22.0,-10.0
743,38376,-2.0,0,17,0.607072,0.7202,True,False,wall,0.0,8.0,-10.0
744,38396,-5.0,0,20,0.606933,0.7412,True,False,wall,0.0,5.0,-10.0
745,38416,17.0,2,20,0.606794,0.6427,True,False,wall,20.0,7.0,-10.0
746,38481,26.0,2,65,0.606341,0.7293,True,False,wall,20.0,16.0,-10.0
747,38517,30.0,3,36,0.606091,0.9373,True,False,wall,30.0,10.0,-10.0
748,38530,11.0,1,13,0.606001,0.7373,True,False,wall,10.0,11.0,-10.0
749,38540,-5.0,0,10,0.605931,0.5509,True,False,wall,0.0,5.0,-10.0
750,38580,10.0,1,40,0.605653,0.5269,True,False,wall,10.0,10.0,-10.0
751,38678,45.0,2,98,0.604973,0.5105,True,False,wall,20.0,35.0,-10.0
752,38727,22.0,2,49,0.604633,0.4644,True,False,wall,20.0,12.0,-10.0
753,38770,-8.0,0,43,0.604335,0.6792,True,False,wall,0.0,2.0,-10.0
754,38809,17.0,1,39,0.604065,0.5096,True,False,wall,10.0,17.0,-10.0
755,38872,49.0,3,63,0.603629,0.6912,True,False,body,30.0,29.0,-10.0
756,38937,23.0,1,65,0.603179,0.7521,True,False,wall,10.0,23.0,-10.0
757,38980,15.0,1,43,0.602882,0.6671,True,False,wall,10.0,15.0,-10.0
758,39042,41.0,2,62,0.602454,0.682,True,False,wall,20.0,31.0,-10.0
759,39137,41.0,3,95,0.601798,0.6893,True,False,body,30.0,21.0,-10.0
760,39222,48.0,4,85,0.601212,0.5274,True,False,body,40.0,18.0,-10.0
761,39280,44.0,3,58,0.600813,0.5839,True,False,wall,30.0,24.0,-10.0
762,39340,23.0,2,60,0.6004,0.9742,True,False,wall,20.0,13.0,-10.0
763,39370,2.0,1,30,0.600193,0.9289,True,False,wall,10.0,2.0,-10.0
764,39435,7.0,1,65,0.599747,1.0465,True,False,wall,10.0,7.0,-10.0
765,39487,12.0,1,52,0.599389,0.965,True,False,wall,10.0,12.0,-10.0
766,39625,102.0,5,138,0.598442,0.8193,True,False,body,50.0,62.0,-10.0
767,39656,9.0,1,31,0.59823,0.7486,True,False,wall,10.0,9.0,-10.0
768,39703,54.0,4,47,0.597908,0.6302,True,False,body,40.0,24.0,-10.0
769,39722,9.0,1,19,0.597778,0.6188,True,False,wall,10.0,9.0,-10.0
770,39794,22.0,1,72,0.597285,0.6673,True,False,wall,10.0,22.0,-10.0
771,39906,64.0,3,112,0.596519,0.7846,True,False,wall,30.0,44.0,-10.0
772,40025,72.0,4,119,0.595707,0.7074,True,False,body,40.0,42.0,-10.0
773,40083,38.0,3,58,0.595312,0.6498,True,False,wall,30.0,18.0,-10.0
774,40124,26.0,2,41,0.595032,0.5675,True,False,wall,20.0,16.0,-10.0
775,40234,76.0,3,110,0.594283,0.5039,True,False,body,30.0,56.0,-10.0
776,40300,42.0,3,66,0.593834,0.6019,True,False,body,30.0,22.0,-10.0
777,40358,35.0,2,58,0.59344,0.4944,True,False,wall,20.0,25.0,-10.0
778,40405,36.0,2,47,0.593121,0.647,True,False,wall,20.0,26.0,-10.0
779,40433,8.0,1,28,0.592931,0.6178,True,False,wall,10.0,8.0,-10.0
780,40510,52.0,4,77,0.592409,0.642,True,False,body,40.0,22.0,-10.0
781,40612,67.0,4,102,0.591718,0.6836,True,False,body,40.0,37.0,-10.0
782,40660,25.0,2,48,0.591393,0.5058,True,False,wall,20.0,15.0,-10.0
783,40725,79.0,5,65,0.590953,0.6048,True,False,wall,50.0,39.0,-10.0
784,40752,-4.0,0,27,0.59077,0.5423,True,False,wall,0.0,6.0,-10.0
785,40859,39.0,3,107,0.590048,0.512,True,False,body,30.0,19.0,-10.0
786,40880,-4.0,0,21,0.589906,0.4506,True,False,wall,0.0,6.0,-10.0
787,40974,54.0,3,94,0.589272,0.5425,True,False,body,30.0,34.0,-10.0
788,40994,6.0,1,20,0.589137,0.9479,True,False,wall,10.0,6.0,-10.0
789,41014,12.0,1,20,0.589002,0.8169,True,False,wall,10.0,12.0,-10.0
790,41029,-2.0,0,15,0.588901,0.6502,True,False,wall,0.0,8.0,-10.0
791,41102,22.0,2,73,0.58841,0.8842,True,False,wall,20.0,12.0,-10.0
792,41136,10.0,1,34,0.588181,0.6339,True,False,wall,10.0,10.0,-10.0
793,41195,58.0,4,59,0.587784,0.6174,True,False,body,40.0,28.0,-10.0
794,41302,30.0,2,107,0.587065,0.6702,True,False,wall,20.0,20.0,-10.0
795,41387,66.0,4,85,0.586495,0.6346,True,False,body,40.0,36.0,-10.0
796,41421,18.0,1,34,0.586267,0.6417,True,False,wall,10.0,18.0,-10.0
797,41456,30.0,2,35,0.586032,0.8007,True,False,wall,20.0,20.0,-10.0
798,41500,16.0,1,44,0.585738,0.7568,True,False,wall,10.0,16.0,-10.0
799,41521,-8.0,0,21,0.585597,0.5267,True,False,wall,0.0,2.0,-10.0
800,41580,45.0,3,59,0.585202,0.697,True,False,wall,30.0,25.0,-10.0
801,41667,28.0,2,87,0.584621,0.6625,True,False,wall,20.0,18.0,-10.0
802,41683,-9.0,0,16,0.584514,1.3729,True,False,wall,0.0,1.0,-10.0
803,41790,55.0,3,107,0.583799,0.7538,True,False,body,30.0,35.0,-10.0
804,41818,1.0,0,28,0.583612,0.6766,True,False,wall,0.0,11.0,-10.0
805,41848,16.0,1,30,0.583412,0.5534,True,False,wall,10.0,16.0,-10.0
806,41973,35.0,3,125,0.58258,0.6419,True,False,body,30.0,15.0,-10.0
807,41992,-1.0,1,19,0.582453,0.5964,True,False,wall,10.0,-1.0,-10.0
808,42004,4.0,1,12,0.582373,0.6615,True,False,wall,10.0,4.0,-10.0
809,42036,8.0,1,32,0.58216,0.6287,True,False,wall,10.0,8.0,-10.0
810,42060,10.0,1,24,0.582001,0.56,True,False,wall,10.0,10.0,-10.0
811,42086,19.0,2,26,0.581828,0.5661,True,False,wall,20.0,9.0,-10.0
812,42198,33.0,2,112,0.581084,0.4824,True,False,wall,20.0,23.0,-10.0
813,42216,-5.0,0,18,0.580964,0.7716,True,False,wall,0.0,5.0,-10.0
814,42252,34.0,3,36,0.580725,0.5464,True,False,body,30.0,14.0,-10.0
815,42284,25.0,2,32,0.580513,0.7797,True,False,wall,20.0,15.0,-10.0
816,42301,7.0,1,17,0.5804,0.7408,True,False,wall,10.0,7.0,-10.0
817,42355,27.0,2,54,0.580043,0.6613,True,False,wall,20.0,17.0,-10.0
818,42369,6.0,1,14,0.57995,0.718,True,False,wall,10.0,6.0,-10.0
819,42386,13.0,1,17,0.579837,0.5264,True,False,wall,10.0,13.0,-10.0
820,42460,50.0,3,74,0.579347,0.7308,True,False,body,30.0,30.0,-10.0
821,42498,38.0,3,38,0.579096,0.8997,True,False,body,30.0,18.0,-10.0
822,42557,24.0,2,59,0.578706,0.8521,True,False,wall,20.0,14.0,-10.0
823,42584,9.0,1,27,0.578527,0.7864,True,False,wall,10.0,9.0,-10.0
824,42649,9.0,1,65,0.578098,0.7703,True,False,wall,10.0,9.0,-10.0
825,42669,10.0,1,20,0.577966,0.6333,True,False,wall,10.0,10.0,-10.0
826,42744,29.0,1,75,0.577471,0.7352,True,False,wall,10.0,29.0,-10.0
827,42765,-2.0,0,21,0.577333,0.6405,True,False,wall,0.0,8.0,-10.0
828,42792,33.0,3,27,0.577155,0.5635,True,False,wall,30.0,13.0,-10.0
829,42819,11.0,1,27,0.576977,0.5695,True,False,wall,10.0,11.0,-10.0
830,42888,54.0,4,69,0.576523,0.6061,True,False,wall,40.0,24.0,-10.0
831,42939,29.0,3,51,0.576187,0.5444,True,False,body,30.0,9.0,-10.0
832,43039,21.0,2,100,0.57553,0.4521,True,False,wall,20.0,11.0,-10.0
833,43051,-1.0,0,12,0.575451,0.4172,True,False,wall,0.0,9.0,-10.0
834,43118,37.0,3,67,0.575011,0.4841,True,False,wall,30.0,17.0,-10.0
835,43170,40.0,3,52,0.57467,0.5144,True,False,wall,30.0,20.0,-10.0
836,43259,81.0,5,89,0.574087,0.5874,True,False,body,50.0,41.0,-10.0
837,43313,16.0,1,54,0.573733,0.5053,True,False,wall,10.0,16.0,-10.0
838,43346,9.0,1,33,0.573517,0.5061,True,False,wall,10.0,9.0,-10.0
839,43393,15.0,1,47,0.57321,0.6376,True,False,wall,10.0,15.0,-10.0
840,43405,-5.0,0,12,0.573131,0.7945,True,False,wall,0.0,5.0,-10.0
841,43436,11.0,1,31,0.572929,0.7989,True,False,wall,10.0,11.0,-10.0
842,43485,39.0,3,49,0.572608,0.7018,True,False,wall,30.0,19.0,-10.0
843,43499,-13.0,0,14,0.572517,0.7876,True,False,wall,0.0,-3.0,-10.0
844,43532,0.0,0,33,0.572301,0.5636,True,False,wall,0.0,10.0,-10.0
845,43597,28.0,2,65,0.571877,0.6444,True,False,wall,20.0,18.0,-10.0
846,43637,31.0,2,40,0.571616,0.8298,True,False,wall,20.0,21.0,-10.0
847,43690,47.0,3,53,0.571271,0.7269,True,False,body,30.0,27.0,-10.0
848,43769,53.0,3,79,0.570756,0.7414,True,False,wall,30.0,33.0,-10.0
849,43846,28.0,2,77,0.570255,0.8732,True,False,wall,20.0,18.0,-10.0
850,43884,-3.0,0,38,0.570008,0.7075,True,False,wall,0.0,7.0,-10.0
851,43959,-8.0,0,75,0.569521,0.5265,True,False,wall,0.0,2.0,-10.0
852,44000,11.0,1,41,0.569255,0.4567,True,False,wall,10.0,11.0,-10.0
853,44086,33.0,2,86,0.568697,0.5028,True,False,wall,20.0,23.0,-10.0
854,44115,7.0,1,29,0.568509,0.4789,True,False,wall,10.0,7.0,-10.0
855,44132,18.0,2,17,0.568399,0.5326,True,False,wall,20.0,8.0,-10.0
856,44153,9.0,1,21,0.568263,0.5265,True,False,wall,10.0,9.0,-10.0
857,44163,-3.0,0,10,0.568198,0.4827,True,False,wall,0.0,7.0,-10.0
858,44240,15.0,1,77,0.567699,0.4904,True,False,wall,10.0,15.0,-10.0
859,44302,25.0,2,62,0.567298,0.4954,True,False,wall,20.0,15.0,-10.0
860,44318,10.0,1,16,0.567195,0.4633,True,False,wall,10.0,10.0,-10.0
861,44362,23.0,2,44,0.566911,0.4378,True,False,wall,20.0,13.0,-10.0
862,44395,11.0,1,33,0.566697,0.4361,True,False,wall,10.0,11.0,-10.0
863,44481,37.0,2,86,0.566142,0.6007,True,False,wall,20.0,27.0,-10.0
864,44573,85.0,6,92,0.565549,0.6824,True,False,body,60.0,35.0,-10.0
865,44658,41.0,3,85,0.565001,0.7914,True,False,body,30.0,21.0,-10.0
866,44673,-2.0,0,15,0.564905,0.8145,True,False,wall,0.0,8.0,-10.0
867,44738,36.0,2,65,0.564487,0.6387,True,False,wall,20.0,26.0,-10.0
868,44791,13.0,1,53,0.564146,0.574,True,False,wall,10.0,13.0,-10.0
869,44876,64.0,4,85,0.5636,0.5366,True,False,body,40.0,34.0,-10.0
870,44972,84.0,5,96,0.562984,0.553,True,False,wall,50.0,44.0,-10.0
871,45046,48.0,3,74,0.56251,0.5158,True,False,wall,30.0,28.0,-10.0
872,45139,59.0,3,93,0.561914,0.861,True,False,wall,30.0,39.0,-10.0
873,45187,12.0,1,48,0.561607,0.6253,True,False,wall,10.0,12.0,-10.0
874,45224,30.0,2,37,0.561371,0.6305,True,False,wall,20.0,20.0,-10.0
875,45267,26.0,2,43,0.561096,0.4672,True,False,wall,20.0,16.0,-10.0
876,45343,40.0,3,76,0.560611,0.6256,True,False,body,30.0,20.0,-10.0
877,45406,45.0,3,63,0.560209,0.6059,True,False,body,30.0,25.0,-10.0
878,45510,42.0,3,104,0.559546,0.6565,True,False,wall,30.0,22.0,-10.0
879,45571,21.0,1,61,0.559157,0.5213,True,False,wall,10.0,21.0,-10.0
880,45595,14.0,1,24,0.559005,0.5483,True,False,wall,10.0,14.0,-10.0
881,45605,-5.0,0,10,0.558941,0.4808,True,False,wall,0.0,5.0,-10.0
882,45669,33.0,2,64,0.558534,0.606,True,False,wall,20.0,23.0,-10.0
883,45698,7.0,1,29,0.55835,0.5891,True,False,wall,10.0,7.0,-10.0
884,45774,42.0,3,76,0.557867,0.5059,True,False,body,30.0,22.0,-10.0
885,45790,-3.0,0,16,0.557766,0.5477,True,False,wall,0.0,7.0,-10.0
886,45813,36.0,4,23,0.55762,0.5259,True,False,wall,40.0,6.0,-10.0
887,45844,22.0,2,31,0.557423,0.6277,True,False,wall,20.0,12.0,-10.0
888,45893,39.0,3,49,0.557112,0.6039,True,False,body,30.0,19.0,-10.0
889,45991,38.0,3,98,0.556491,0.4806,True,False,body,30.0,18.0,-10.0
890,46074,47.0,3,83,0.555966,0.4673,True,False,body,30.0,27.0,-10.0
891,46151,30.0,2,77,0.555479,0.4896,True,False,wall,20.0,20.0,-10.0
892,46177,12.0,1,26,0.555315,0.557,True,False,wall,10.0,12.0,-10.0
893,46276,56.0,4,99,0.55469,0.5714,True,False,body,40.0,26.0,-10.0
894,46300,-5.0,0,24,0.554539,0.4953,True,False,wall,0.0,5.0,-10.0
895,46417,71.0,5,117,0.553801,0.4887,True,False,wall,50.0,31.0,-10.0
896,46466,56.0,4,49,0.553493,0.5173,True,False,wall,40.0,26.0,-10.0
897,46486,-1.0,0,20,0.553367,0.4554,True,False,wall,0.0,9.0,-10.0
898,46520,-3.0,0,34,0.553153,0.5568,True,False,wall,0.0,7.0,-10.0
899,46622,61.0,4,102,0.552512,0.546,True,False,body,40.0,31.0,-10.0
900,46684,22.0,1,62,0.552123,0.4881,True,False,wall,10.0,22.0,-10.0
901,46740,22.0,1,56,0.551771,0.5626,True,False,wall,10.0,22.0,-10.0
902,46754,8.0,1,14,0.551684,0.4502,True,False,wall,10.0,8.0,-10.0
903,46798,48.0,3,44,0.551408,0.4209,True,False,body,30.0,28.0,-10.0
904,46863,55.0,3,65,0.551001,0.4733,True,False,body,30.0,35.0,-10.0
905,46954,47.0,3,91,0.550431,0.6226,True,False,wall,30.0,27.0,-10.0
906,47090,56.0,3,136,0.549581,0.6445,True,False,wall,30.0,36.0,-10.0
907,47116,10.0,1,26,0.549419,0.5156,True,False,wall,10.0,10.0,-10.0
908,47179,34.0,2,63,0.549026,0.7275,True,False,wall,20.0,24.0,-10.0
909,47198,-2.0,0,19,0.548907,0.5386,True,False,wall,0.0,8.0,-10.0
910,47268,63.0,4,70,0.548471,0.741,True,False,body,40.0,33.0,-10.0
911,47295,3.0,1,27,0.548302,0.6092,True,False,wall,10.0,3.0,-10.0
912,47323,32.0,3,28,0.548128,0.4827,True,False,body,30.0,12.0,-10.0
913,47341,12.0,1,18,0.548016,0.4485,True,False,wall,10.0,12.0,-10.0
914,47401,57.0,4,60,0.547643,0.5298,True,False,body,40.0,27.0,-10.0
915,47474,38.0,2,73,0.547189,0.7401,True,False,wall,20.0,28.0,-10.0
916,47487,-6.0,0,13,0.547108,0.5833,True,False,wall,0.0,4.0,-10.0
917,47521,36.0,3,34,0.546897,0.6263,True,False,wall,30.0,16.0,-10.0
918,47559,34.0,3,38,0.546661,0.5373,True,False,body,30.0,14.0,-10.0
919,47618,31.0,3,59,0.546295,0.7583,True,False,body,30.0,11.0,-10.0
920,47642,-1.0,0,24,0.546146,0.46,True,False,wall,0.0,9.0,-10.0
921,47685,17.0,1,43,0.545879,0.5724,True,False,wall,10.0,17.0,-10.0
922,47714,20.0,2,29,0.545699,0.6919,True,False,wall,20.0,10.0,-10.0
923,47805,59.0,3,91,0.545136,0.446,True,False,body,30.0,39.0,-10.0
924,47907,90.0,5,102,0.544505,0.6083,True,False,body,50.0,50.0,-10.0
925,47941,31.0,2,34,0.544295,0.5543,True,False,wall,20.0,21.0,-10.0
926,48010,66.0,4,69,0.543869,0.7513,True,False,body,40.0,36.0,-10.0
927,48049,9.0,1,39,0.543628,0.7314,True,False,wall,10.0,9.0,-10.0
928,48130,59.0,3,81,0.543128,0.5523,True,False,wall,30.0,39.0,-10.0
929,48241,53.0,3,111,0.542445,0.5793,True,False,body,30.0,33.0,-10.0
930,48306,21.0,1,65,0.542045,0.5062,True,False,wall,10.0,21.0,-10.0
931,48390,86.0,5,84,0.541528,0.5051,True,False,wall,50.0,46.0,-10.0
932,48476,44.0,3,86,0.541,0.6915,True,False,body,30.0,24.0,-10.0
933,48557,43.0,3,81,0.540503,0.6478,True,False,wall,30.0,23.0,-10.0
934,48624,57.0,3,67,0.540093,0.7116,True,False,body,30.0,37.0,-10.0
935,48669,57.0,5,45,0.539817,0.6152,True,False,body,50.0,17.0,-10.0
936,48693,12.0,1,24,0.53967,1.2812,True,False,wall,10.0,12.0,-10.0
937,48711,-1.0,0,18,0.53956,0.6351,True,False,wall,0.0,9.0,-10.0
938,48788,67.0,3,77,0.539089,0.6997,True,False,wall,30.0,47.0,-10.0
939,48842,46.0,3,54,0.538759,0.5181,True,False,body,30.0,26.0,-10.0
940,48936,46.0,3,94,0.538185,0.6285,True,False,body,30.0,26.0,-10.0
941,48981,58.0,4,45,0.537911,0.5919,True,False,body,40.0,28.0,-10.0
942,49022,11.0,1,41,0.537661,0.4959,True,False,wall,10.0,11.0,-10.0
943,49082,25.0,2,60,0.537295,0.6406,True,False,wall,20.0,15.0,-10.0
944,49195,73.0,5,113,0.536607,0.55,True,False,body,50.0,33.0,-10.0
945,49256,47.0,3,61,0.536236,0.5308,True,False,body,30.0,27.0,-10.0
946,49313,49.0,3,57,0.53589,0.5242,True,False,body,30.0,29.0,-10.0
947,49328,-2.0,0,15,0.535799,0.4582,True,False,wall,0.0,8.0,-10.0
948,49368,29.0,2,40,0.535556,0.6299,True,False,wall,20.0,19.0,-10.0
949,49431,51.0,3,63,0.535174,0.5176,True,False,body,30.0,31.0,-10.0
950,49460,11.0,1,29,0.534998,0.4791,True,False,wall,10.0,11.0,-10.0
951,49511,45.0,3,51,0.534689,0.4859,True,False,wall,30.0,25.0,-10.0
952,49567,31.0,2,56,0.53435,0.5033,True,False,wall,20.0,21.0,-10.0
953,49592,17.0,1,25,0.534198,0.7917,True,False,wall,10.0,17.0,-10.0
954,49618,8.0,1,26,0.534041,0.651,True,False,wall,10.0,8.0,-10.0
955,49732,65.0,4,114,0.533352,0.6279,True,False,wall,40.0,35.0,-10.0
956,49805,38.0,2,73,0.532911,0.5749,True,False,wall,20.0,28.0,-10.0
957,49864,45.0,3,59,0.532555,0.5333,True,False,wall,30.0,25.0,-10.0
958,49957,74.0,4,93,0.531994,0.5409,True,False,body,40.0,44.0,-10.0
959,50046,64.0,4,89,0.531458,0.5832,True,False,wall,40.0,34.0,-10.0
960,50089,39.0,3,43,0.5312,0.5922,True,False,body,30.0,19.0,-10.0
961,50189,41.0,2,100,0.530599,0.5614,True,False,wall,20.0,31.0,-10.0
962,50199,-3.0,0,10,0.530538,0.502,True,False,wall,0.0,7.0,-10.0
963,50243,22.0,1,44,0.530274,0.4987,True,False,wall,10.0,22.0,-10.0
964,50299,42.0,3,56,0.529938,0.5326,True,False,body,30.0,22.0,-10.0
965,50377,65.0,4,78,0.52947,0.5859,True,False,wall,40.0,35.0,-10.0
966,50507,63.0,4,130,0.528692,0.5123,True,False,body,40.0,33.0,-10.0
967,50582,57.0,3,75,0.528243,0.6076,True,False,body,30.0,37.0,-10.0
968,50601,-4.0,0,19,0.52813,1.139,True,False,wall,0.0,6.0,-10.0
969,50729,63.0,4,128,0.527365,0.5869,True,False,body,40.0,33.0,-10.0
970,50785,50.0,3,56,0.527031,0.5707,True,False,body,30.0,30.0,-10.0
971,50814,0.0,0,29,0.526858,0.6462,True,False,wall,0.0,10.0,-10.0
972,50897,41.0,3,83,0.526364,0.6449,True,False,body,30.0,21.0,-10.0
973,50940,19.0,1,43,0.526108,0.5442,True,False,wall,10.0,19.0,-10.0
974,51028,52.0,3,88,0.525585,0.486,True,False,wall,30.0,32.0,-10.0
975,51057,-6.0,0,29,0.525412,0.4834,True,False,wall,0.0,4.0,-10.0
976,51069,-7.0,0,12,0.525341,0.425,True,False,wall,0.0,3.0,-10.0
977,51104,39.0,3,35,0.525133,0.4624,True,False,body,30.0,19.0,-10.0
978,51198,71.0,4,94,0.524575,0.6881,True,False,wall,40.0,41.0,-10.0
979,51339,60.0,4,141,0.523739,0.6192,True,False,body,40.0,30.0,-10.0
980,51359,8.0,1,20,0.523621,0.4874,True,False,wall,10.0,8.0,-10.0
981,51466,45.0,3,107,0.522988,0.5461,True,False,wall,30.0,25.0,-10.0
982,51487,11.0,1,21,0.522864,0.3889,True,False,wall,10.0,11.0,-10.0
983,51558,60.0,4,71,0.522444,0.576,True,False,wall,40.0,30.0,-10.0
984,51631,37.0,3,73,0.522013,0.404,True,False,body,30.0,17.0,-10.0
985,51726,46.0,2,95,0.521453,0.5208,True,False,wall,20.0,36.0,-10.0
986,51786,23.0,2,60,0.5211,0.5858,True,False,wall,20.0,13.0,-10.0
987,51813,-8.0,0,27,0.520941,0.5867,True,False,wall,0.0,2.0,-10.0
988,51826,5.0,1,13,0.520864,0.5803,True,False,wall,10.0,5.0,-10.0
989,51897,49.0,3,71,0.520447,0.7151,True,False,body,30.0,29.0,-10.0
990,51920,11.0,1,23,0.520311,0.7854,True,False,wall,10.0,11.0,-10.0
991,51944,19.0,2,24,0.52017,0.6136,True,False,wall,20.0,9.0,-10.0
992,52027,87.0,5,83,0.519683,0.7908,True,False,wall,50.0,47.0,-10.0
993,52057,31.0,2,30,0.519507,0.8182,True,False,wall,20.0,21.0,-10.0
994,52144,59.0,5,87,0.518996,0.6562,True,False,wall,50.0,19.0,-10.0
995,52194,37.0,2,50,0.518703,0.7755,True,False,wall,20.0,27.0,-10.0
996,52204,-9.0,0,10,0.518645,0.6071,True,False,wall,0.0,1.0,-10.0
997,52232,10.0,1,28,0.518481,0.634,True,False,wall,10.0,10.0,-10.0
998,52267,11.0,1,35,0.518276,0.6583,True,False,wall,10.0,11.0,-10.0
999,52308,20.0,2,41,0.518036,0.5527,True,False,wall,20.0,10.0,-10.0
1000,52366,81.0,6,58,0.517697,0.668,True,False,body,60.0,31.0,-10.0
1001,52433,41.0,3,67,0.517305,0.6382,True,False,wall,30.0,21.0,-10.0
1002,52483,42.0,3,50,0.517013,0.4813,True,False,wall,30.0,22.0,-10.0
1003,52526,41.0,3,43,0.516762,0.4469,True,False,wall,30.0,21.0,-10.0
1004,52552,38.0,3,26,0.51661,0.4745,True,False,wall,30.0,18.0,-10.0
1005,52595,21.0,1,43,0.51636,0.4537,True,False,wall,10.0,21.0,-10.0
1006,52618,2.0,0,23,0.516226,0.4352,True,False,wall,0.0,12.0,-10.0
1007,52631,7.0,1,13,0.51615,0.731,True,False,wall,10.0,7.0,-10.0
1008,52667,27.0,2,36,0.51594,0.5229,True,False,wall,20.0,17.0,-10.0
1009,52698,9.0,1,31,0.51576,0.5459,True,False,wall,10.0,9.0,-10.0
1010,52716,-3.0,0,18,0.515655,0.43,True,False,wall,0.0,7.0,-10.0
1011,52828,58.0,3,112,0.515003,0.5131,True,False,body,30.0,38.0,-10.0
1012,52904,66.0,3,76,0.514562,0.4862,True,False,wall,30.0,46.0,-10.0
1013,52929,5.0,1,25,0.514417,0.494,True,False,wall,10.0,5.0,-10.0
1014,53111,103.0,6,182,0.513361,0.5641,True,False,wall,60.0,53.0,-10.0
1015,53120,7.0,1,9,0.513309,0.5606,True,False,wall,10.0,7.0,-10.0
1016,53206,89.0,6,86,0.512811,0.6063,True,False,body,60.0,39.0,-10.0
1017,53306,86.0,5,100,0.512233,0.6392,True,False,wall,50.0,46.0,-10.0
1018,53389,72.0,4,83,0.511754,0.5628,True,False,wall,40.0,42.0,-10.0
1019,53486,84.0,6,97,0.511194,0.6446,True,False,body,60.0,34.0,-10.0
1020,53634,63.0,4,148,0.510342,0.5439,True,False,body,40.0,33.0,-10.0
1021,53648,10.0,1,14,0.510261,0.9013,True,False,wall,10.0,10.0,-10.0
1022,53714,65.0,4,66,0.509882,0.4873,True,False,body,40.0,35.0,-10.0
1023,53742,21.0,2,28,0.509721,0.496,True,False,wall,20.0,11.0,-10.0
1024,53792,40.0,3,50,0.509434,0.4464,True,False,wall,30.0,20.0,-10.0
1025,53815,18.0,2,23,0.509302,0.4788,True,False,wall,20.0,8.0,-10.0
1026,53862,24.0,2,47,0.509032,0.519,True,False,wall,20.0,14.0,-10.0
1027,53883,7.0,1,21,0.508911,0.4882,True,False,wall,10.0,7.0,-10.0
1028,53895,4.0,1,12,0.508843,0.4419,True,False,wall,10.0,4.0,-10.0
1029,53909,1.0,0,14,0.508762,0.477,True,False,wall,0.0,11.0,-10.0
1030,53939,2.0,1,30,0.50859,0.4506,True,False,wall,10.0,2.0,-10.0
1031,54050,110.0,6,111,0.507954,0.5085,True,False,body,60.0,60.0,-10.0
1032,54076,-5.0,0,26,0.507806,0.7684,True,False,wall,0.0,5.0,-10.0
1033,54130,48.0,3,54,0.507497,0.7513,True,False,body,30.0,28.0,-10.0
1034,54147,7.0,1,17,0.5074,0.8866,True,False,wall,10.0,7.0,-10.0
1035,54208,41.0,3,61,0.507051,0.6085,True,False,body,30.0,21.0,-10.0
1036,54351,99.0,5,143,0.506235,0.7896,True,False,wall,50.0,59.0,-10.0
1037,54387,42.0,3,36,0.506029,0.6936,True,False,body,30.0,22.0,-10.0
1038,54459,54.0,3,72,0.505619,0.5343,True,False,body,30.0,34.0,-10.0
1039,54474,-8.0,0,15,0.505534,0.6455,True,False,wall,0.0,2.0,-10.0
1040,54509,0.0,0,35,0.505334,0.4992,True,False,wall,0.0,10.0,-10.0
1041,54527,12.0,1,18,0.505232,0.5941,True,False,wall,10.0,12.0,-10.0
1042,54601,82.0,5,74,0.504811,0.5118,True,False,body,50.0,42.0,-10.0
1043,54615,10.0,1,14,0.504732,0.484,True,False,wall,10.0,10.0,-10.0
1044,54644,11.0,1,29,0.504567,0.5564,True,False,wall,10.0,11.0,-10.0
1045,54689,35.0,3,45,0.504311,0.5274,True,False,wall,30.0,15.0,-10.0
1046,54707,6.0,1,18,0.504209,0.5857,True,False,wall,10.0,6.0,-10.0
1047,54762,41.0,3,55,0.503897,0.5656,True,False,body,30.0,21.0,-10.0
1048,54827,66.0,4,65,0.503528,0.8032,True,False,body,40.0,36.0,-10.0
1049,54849,-3.0,0,22,0.503403,0.7492,True,False,wall,0.0,7.0,-10.0
1050,54891,42.0,3,42,0.503165,0.6182,True,False,body,30.0,22.0,-10.0
1051,54903,8.0,1,12,0.503097,0.5294,True,False,wall,10.0,8.0,-10.0
1052,54929,30.0,3,26,0.50295,0.7596,True,False,body,30.0,10.0,-10.0
1053,55002,51.0,3,73,0.502537,0.6239,True,False,body,30.0,31.0,-10.0
1054,55097,67.0,5,95,0.502,0.7641,True,False,body,50.0,27.0,-10.0
1055,55197,50.0,3,100,0.501435,0.6788,True,False,wall,30.0,30.0,-10.0
1056,55280,66.0,4,83,0.500967,0.6658,True,False,wall,40.0,36.0,-10.0
1057,55366,67.0,4,86,0.500483,0.7647,True,False,body,40.0,37.0,-10.0
1058,55422,39.0,2,56,0.500168,0.7719,True,False,wall,20.0,29.0,-10.0
1059,55460,48.0,3,38,0.499954,1.2421,True,False,wall,30.0,28.0,-10.0
1060,55532,82.0,5,72,0.499549,0.812,True,False,body,50.0,42.0,-10.0
1061,55601,37.0,3,69,0.499161,0.595,True,False,body,30.0,17.0,-10.0
1062,55626,33.0,3,25,0.499021,0.7162,True,False,wall,30.0,13.0,-10.0
1063,55660,6.0,1,34,0.49883,0.8443,True,False,wall,10.0,6.0,-10.0
1064,55708,32.0,3,48,0.498561,0.6388,True,False,body,30.0,12.0,-10.0
1065,55755,50.0,4,47,0.498298,0.7388,True,False,body,40.0,20.0,-10.0
1066,55817,50.0,3,62,0.49795,0.6138,True,False,body,30.0,30.0,-10.0
1067,55836,13.0,1,19,0.497844,0.7019,True,False,wall,10.0,13.0,-10.0
1068,55863,9.0,1,27,0.497693,0.5569,True,False,wall,10.0,9.0,-10.0
1069,55923,58.0,3,60,0.497357,0.5394,True,False,body,30.0,38.0,-10.0
1070,55955,12.0,1,32,0.497178,0.5771,True,False,wall,10.0,12.0,-10.0
1071,56027,65.0,4,72,0.496776,0.6681,True,False,body,40.0,35.0,-10.0
1072,56039,8.0,1,12,0.496709,0.6001,True,False,wall,10.0,8.0,-10.0
1073,56082,43.0,3,43,0.496469,0.5883,True,False,body,30.0,23.0,-10.0
1074,56099,-4.0,0,17,0.496374,0.7528,True,False,wall,0.0,6.0,-10.0
1075,56152,70.0,4,53,0.496078,0.5514,True,False,wall,40.0,40.0,-10.0
1076,56170,-5.0,0,18,0.495978,0.4782,True,False,wall,0.0,5.0,-10.0
1077,56208,12.0,1,38,0.495766,0.4869,True,False,wall,10.0,12.0,-10.0
1078,56250,40.0,3,42,0.495532,0.5541,True,False,wall,30.0,20.0,-10.0
1079,56306,38.0,3,56,0.495221,0.4665,True,False,body,30.0,18.0,-10.0
1080,56445,100.0,6,139,0.494448,0.5051,True,False,wall,60.0,50.0,-10.0
1081,56499,36.0,3,54,0.494148,0.4735,True,False,body,30.0,16.0,-10.0
1082,56555,48.0,3,56,0.493837,0.4614,True,False,wall,30.0,28.0,-10.0
1083,56574,9.0,1,19,0.493732,0.7819,True,False,wall,10.0,9.0,-10.0
1084,56619,34.0,2,45,0.493482,0.488,True,False,wall,20.0,24.0,-10.0
1085,56713,51.0,2,94,0.492961,0.5176,True,False,wall,20.0,41.0,-10.0
1086,56758,33.0,3,45,0.492712,0.7341,True,False,body,30.0,13.0,-10.0
1087,56801,26.0,2,43,0.492474,0.7717,True,False,wall,20.0,16.0,-10.0
1088,56841,38.0,3,40,0.492253,0.6179,True,False,body,30.0,18.0,-10.0
1089,56918,39.0,3,77,0.491828,0.5923,True,False,wall,30.0,19.0,-10.0
1090,56958,1.0,0,40,0.491607,0.6264,True,False,wall,0.0,11.0,-10.0
1091,56993,13.0,1,35,0.491414,0.592,True,False,wall,10.0,13.0,-10.0
1092,57058,53.0,3,65,0.491055,0.6939,True,False,body,30.0,33.0,-10.0
1093,57101,35.0,3,43,0.490818,0.7002,True,False,body,30.0,15.0,-10.0
1094,57176,85.0,5,75,0.490405,0.539,True,False,body,50.0,45.0,-10.0
1095,57233,31.0,3,57,0.490091,0.4546,True,False,body,30.0,11.0,-10.0
1096,57329,63.0,4,96,0.489564,0.5395,True,False,body,40.0,33.0,-10.0
1097,57428,64.0,4,99,0.48902,0.617,True,False,body,40.0,34.0,-10.0
1098,57446,17.0,2,18,0.488921,0.6389,True,False,wall,20.0,7.0,-10.0
1099,57489,30.0,2,43,0.488685,0.8038,True,False,wall,20.0,20.0,-10.0
1100,57513,36.0,3,24,0.488554,0.7524,True,False,wall,30.0,16.0,-10.0
1101,57533,0.0,1,20,0.488444,0.7932,True,False,wall,10.0,0.0,-10.0
1102,57648,72.0,4,115,0.487814,0.6101,True,False,wall,40.0,42.0,-10.0
1103,57659,-4.0,0,11,0.487754,0.6033,True,False,wall,0.0,6.0,-10.0
1104,57744,41.0,3,85,0.487289,0.5445,True,False,body,30.0,21.0,-10.0
1105,57801,42.0,2,57,0.486978,0.6411,True,False,wall,20.0,32.0,-10.0
1106,57872,24.0,2,71,0.48659,0.5619,True,False,wall,20.0,14.0,-10.0
1107,57940,61.0,4,68,0.486219,0.5901,True,False,body,40.0,31.0,-10.0
1108,57957,-2.0,0,17,0.486126,0.6087,True,False,wall,0.0,8.0,-10.0
1109,57973,8.0,1,16,0.486039,0.537,True,False,wall,10.0,8.0,-10.0
1110,58007,10.0,1,34,0.485854,0.6653,True,False,wall,10.0,10.0,-10.0
1111,58033,28.0,3,26,0.485712,0.7919,True,False,wall,30.0,8.0,-10.0
1112,58091,52.0,3,58,0.485397,0.7824,True,False,body,30.0,32.0,-10.0
1113,58168,47.0,3,77,0.484978,0.5117,True,False,body,30.0,27.0,-10.0
1114,58244,84.0,5,76,0.484565,0.666,True,False,wall,50.0,44.0,-10.0
1115,58335,70.0,4,91,0.484071,0.6227,True,False,body,40.0,40.0,-10.0
1116,58362,33.0,3,27,0.483924,0.6328,True,False,body,30.0,13.0,-10.0
1117,58442,52.0,3,80,0.48349,0.6669,True,False,body,30.0,32.0,-10.0
1118,58540,63.0,4,98,0.48296,0.5439,True,False,body,40.0,33.0,-10.0
1119,58644,77.0,4,104,0.482397,0.643,True,False,body,40.0,47.0,-10.0
1120,58673,29.0,3,29,0.482241,0.5968,True,False,body,30.0,9.0,-10.0
1121,58749,59.0,4,76,0.48183,0.8374,True,False,body,40.0,29.0,-10.0
1122,58770,7.0,1,21,0.481717,0.5326,True,False,wall,10.0,7.0,-10.0
1123,58845,49.0,3,75,0.481312,0.6344,True,False,body,30.0,29.0,-10.0
1124,58892,47.0,3,47,0.481059,0.7049,True,False,body,30.0,27.0,-10.0
1125,58987,94.0,6,95,0.480547,0.7824,True,False,body,60.0,44.0,-10.0
1126,59042,43.0,3,55,0.480251,0.5835,True,False,body,30.0,23.0,-10.0
1127,59090,41.0,2,48,0.479993,0.6091,True,False,wall,20.0,31.0,-10.0
1128,59131,37.0,3,41,0.479773,0.5442,True,False,body,30.0,17.0,-10.0
1129,59192,40.0,2,61,0.479445,0.4991,True,False,wall,20.0,30.0,-10.0
1130,59213,20.0,2,21,0.479333,0.5992,True,False,wall,20.0,10.0,-10.0
1131,59244,7.0,1,31,0.479166,0.5906,True,False,wall,10.0,7.0,-10.0
1132,59283,44.0,4,39,0.478957,0.6359,True,False,wall,40.0,14.0,-10.0
1133,59356,47.0,3,73,0.478566,0.5621,True,False,wall,30.0,27.0,-10.0
1134,59393,43.0,3,37,0.478368,0.6145,True,False,body,30.0,23.0,-10.0
1135,59413,-3.0,0,20,0.478261,0.5936,True,False,wall,0.0,7.0,-10.0
1136,59484,49.0,3,71,0.477881,0.5225,True,False,wall,30.0,29.0,-10.0
1137,59548,74.0,5,64,0.477539,0.5342,True,False,body,50.0,34.0,-10.0
1138,59594,35.0,2,46,0.477293,0.6468,True,False,wall,20.0,25.0,-10.0
1139,59665,59.0,3,71,0.476914,0.5567,True,False,body,30.0,39.0,-10.0
1140,59749,70.0,5,84,0.476466,0.5122,True,False,body,50.0,30.0,-10.0
1141,59785,12.0,1,36,0.476274,0.8128,True,False,wall,10.0,12.0,-10.0
1142,59800,11.0,1,15,0.476194,0.5804,True,False,wall,10.0,11.0,-10.0
1143,59846,33.0,2,46,0.475949,0.4893,True,False,wall,20.0,23.0,-10.0
1144,59912,62.0,3,66,0.475598,0.5502,True,False,body,30.0,42.0,-10.0
1145,59952,31.0,2,40,0.475385,0.6157,True,False,wall,20.0,21.0,-10.0
1146,59982,43.0,4,30,0.475226,0.6127,True,False,body,40.0,13.0,-10.0
1147,60089,69.0,3,107,0.474657,0.6574,True,False,body,30.0,49.0,-10.0
1148,60183,67.0,4,94,0.474159,0.6341,True,False,wall,40.0,37.0,-10.0
1149,60223,57.0,4,40,0.473946,0.7195,True,False,wall,40.0,27.0,-10.0
1150,60257,23.0,2,34,0.473766,0.6046,True,False,wall,20.0,13.0,-10.0
1151,60312,2.0,0,55,0.473475,0.5547,True,False,wall,0.0,12.0,-10.0
1152,60356,51.0,4,44,0.473242,0.5636,True,False,wall,40.0,21.0,-10.0
1153,60431,39.0,3,75,0.472846,0.5338,True,False,body,30.0,19.0,-10.0
1154,60528,74.0,4,97,0.472333,0.6073,True,False,body,40.0,44.0,-10.0
1155,60703,173.0,9,175,0.47141,0.6948,True,False,body,90.0,93.0,-10.0
1156,60779,42.0,3,76,0.47101,0.7418,True,False,wall,30.0,22.0,-10.0
1157,60854,100.0,6,75,0.470616,0.6305,True,False,wall,60.0,50.0,-10.0
1158,60907,69.0,5,53,0.470337,0.6001,True,False,body,50.0,29.0,-10.0
1159,60938,28.0,2,31,0.470174,1.0709,True,False,wall,20.0,18.0,-10.0
1160,61017,59.0,3,79,0.46976,0.6948,True,False,wall,30.0,39.0,-10.0
1161,61066,67.0,5,49,0.469503,0.5409,True,False,body,50.0,27.0,-10.0
1162,61106,8.0,1,40,0.469293,0.678,True,False,wall,10.0,8.0,-10.0
1163,61138,38.0,3,32,0.469125,0.6046,True,False,body,30.0,18.0,-10.0
1164,61158,30.0,3,20,0.46902,0.6868,True,False,body,30.0,10.0,-10.0
1165,61170,-5.0,0,12,0.468958,0.7139,True,False,wall,0.0,5.0,-10.0
1166,61191,13.0,1,21,0.468848,0.6195,True,False,wall,10.0,13.0,-10.0
1167,61231,23.0,2,40,0.468638,0.5107,True,False,wall,20.0,13.0,-10.0
1168,61280,28.0,2,49,0.468382,0.5679,True,False,wall,20.0,18.0,-10.0
1169,61361,65.0,3,81,0.467959,0.5951,True,False,wall,30.0,45.0,-10.0
1170,61454,103.0,7,93,0.467473,0.6156,True,False,body,70.0,43.0,-10.0
1171,61524,60.0,5,70,0.467108,0.5554,True,False,body,50.0,20.0,-10.0
1172,61582,44.0,3,58,0.466806,0.6751,True,False,body,30.0,24.0,-10.0
1173,61661,49.0,3,79,0.466394,0.5767,True,False,wall,30.0,29.0,-10.0
1174,61706,32.0,2,45,0.46616,0.5652,True,False,wall,20.0,22.0,-10.0
1175,61745,31.0,3,39,0.465957,0.5448,True,False,wall,30.0,11.0,-10.0
1176,61799,31.0,2,54,0.465676,0.5893,True,False,wall,20.0,21.0,-10.0
1177,61859,46.0,3,60,0.465365,0.5307,True,False,wall,30.0,26.0,-10.0
1178,61882,9.0,1,23,0.465245,0.4821,True,False,wall,10.0,9.0,-10.0
1179,61911,15.0,1,29,0.465095,0.6113,True,False,wall,10.0,15.0,-10.0
1180,62034,66.0,4,123,0.464457,0.5534,True,False,wall,40.0,36.0,-10.0
1181,62064,40.0,3,30,0.464302,0.5722,True,False,body,30.0,20.0,-10.0
1182,62093,9.0,1,29,0.464152,0.5031,True,False,wall,10.0,9.0,-10.0
1183,62211,94.0,5,118,0.463541,0.6337,True,False,body,50.0,54.0,-10.0
1184,62299,82.0,5,88,0.463087,0.5887,True,False,body,50.0,42.0,-10.0
1185,62358,57.0,3,59,0.462782,0.6346,True,False,wall,30.0,37.0,-10.0
1186,62380,19.0,2,22,0.462669,0.546,True,False,wall,20.0,9.0,-10.0
1187,62414,40.0,3,34,0.462493,0.5234,True,False,body,30.0,20.0,-10.0
1188,62483,90.0,6,69,0.462138,0.5515,True,False,body,60.0,40.0,-10.0
1189,62542,58.0,4,59,0.461834,0.6697,True,False,body,40.0,28.0,-10.0
1190,62560,21.0,2,18,0.461741,0.5304,True,False,wall,20.0,11.0,-10.0
1191,62626,74.0,5,66,0.461402,0.5829,True,False,body,50.0,34.0,-10.0
1192,62684,33.0,2,58,0.461103,0.6531,True,False,wall,20.0,23.0,-10.0
1193,62703,11.0,1,19,0.461006,0.5647,True,False,wall,10.0,11.0,-10.0
1194,62740,-2.0,0,37,0.460816,0.5041,True,False,wall,0.0,8.0,-10.0
1195,62861,101.0,5,121,0.460195,0.5272,True,False,body,50.0,61.0,-10.0
1196,62909,36.0,3,48,0.459949,0.5821,True,False,body,30.0,16.0,-10.0
1197,62964,52.0,4,55,0.459667,0.5755,True,False,wall,40.0,22.0,-10.0
1198,63008,47.0,4,44,0.459442,0.5602,True,False,body,40.0,17.0,-10.0
1199,63044,25.0,2,36,0.459258,0.6932,True,False,wall,20.0,15.0,-10.0
1200,63102,54.0,3,58,0.458961,0.6069,True,False,wall,30.0,34.0,-10.0
1201,63127,2.0,0,25,0.458833,0.6295,True,False,wall,0.0,12.0,-10.0
1202,63204,55.0,3,77,0.45844,0.6675,True,False,wall,30.0,35.0,-10.0
1203,63299,94.0,6,95,0.457955,0.8525,True,False,body,60.0,44.0,-10.0
1204,63316,9.0,1,17,0.457868,0.7004,True,False,wall,10.0,9.0,-10.0
1205,63377,21.0,1,61,0.457558,0.9229,True,False,wall,10.0,21.0,-10.0
1206,63388,5.0,1,11,0.457502,0.6124,True,False,wall,10.0,5.0,-10.0
1207,63447,47.0,3,59,0.457201,0.6745,True,False,wall,30.0,27.0,-10.0
1208,63496,19.0,1,49,0.456952,0.5792,True,False,wall,10.0,19.0,-10.0
1209,63522,-15.0,0,26,0.45682,0.5323,True,False,wall,0.0,-5.0,-10.0
1210,63590,72.0,5,68,0.456474,0.5867,True,False,body,50.0,32.0,-10.0
1211,63632,53.0,4,42,0.456261,0.6422,True,False,wall,40.0,23.0,-10.0
1212,63705,75.0,5,73,0.45589,0.6343,True,False,wall,50.0,35.0,-10.0
1213,63774,43.0,3,69,0.45554,0.7195,True,False,body,30.0,23.0,-10.0
1214,63897,99.0,5,123,0.454917,0.5769,True,False,wall,50.0,59.0,-10.0
1215,63947,33.0,2,50,0.454664,0.5378,True,False,wall,20.0,23.0,-10.0
1216,63977,-5.0,0,30,0.454512,0.4357,True,False,wall,0.0,5.0,-10.0
1217,64048,64.0,4,71,0.454154,0.573,True,False,body,40.0,34.0,-10.0
1218,64117,79.0,5,69,0.453805,0.5404,True,False,wall,50.0,39.0,-10.0
1219,64178,39.0,3,61,0.453497,0.5762,True,False,body,30.0,19.0,-10.0
1220,64222,46.0,3,44,0.453275,0.5683,True,False,wall,30.0,26.0,-10.0
1221,64265,50.0,4,43,0.453059,0.5851,True,False,wall,40.0,20.0,-10.0
1222,64294,11.0,1,29,0.452913,0.5646,True,False,wall,10.0,11.0,-10.0
1223,64314,-3.0,0,20,0.452812,0.5482,True,False,wall,0.0,7.0,-10.0
1224,64409,92.0,6,95,0.452334,0.5677,True,False,body,60.0,42.0,-10.0
1225,64449,40.0,3,40,0.452133,0.4942,True,False,wall,30.0,20.0,-10.0
1226,64492,48.0,4,43,0.451917,0.5166,True,False,body,40.0,18.0,-10.0
1227,64514,30.0,3,22,0.451806,0.5087,True,False,wall,30.0,10.0,-10.0
1228,64553,33.0,3,39,0.45161,0.5468,True,False,wall,30.0,13.0,-10.0
1229,64585,34.0,3,32,0.45145,0.5561,True,False,wall,30.0,14.0,-10.0
1230,64659,65.0,4,74,0.451079,0.654,True,False,body,40.0,35.0,-10.0
1231,64682,-2.0,0,23,0.450963,0.6936,True,False,wall,0.0,8.0,-10.0
1232,64727,36.0,2,45,0.450738,0.6146,True,False,wall,20.0,26.0,-10.0
1233,64759,19.0,2,32,0.450578,0.6023,True,False,wall,20.0,9.0,-10.0
1234,64813,57.0,4,54,0.450307,0.5287,True,False,body,40.0,27.0,-10.0
1235,64887,48.0,3,74,0.449937,0.5658,True,False,body,30.0,28.0,-10.0
1236,64902,-4.0,0,15,0.449862,0.5602,True,False,wall,0.0,6.0,-10.0
1237,64938,40.0,3,36,0.449682,0.4689,True,False,wall,30.0,20.0,-10.0
1238,65013,62.0,4,75,0.449308,0.5603,True,False,body,40.0,32.0,-10.0
1239,65030,11.0,1,17,0.449223,0.5452,True,False,wall,10.0,11.0,-10.0
1240,65052,16.0,1,22,0.449113,0.5226,True,False,wall,10.0,16.0,-10.0
1241,65179,80.0,4,127,0.44848,0.4861,True,False,body,40.0,50.0,-10.0
1242,65194,20.0,2,15,0.448405,0.5154,True,False,wall,20.0,10.0,-10.0
1243,65220,6.0,1,26,0.448276,0.5526,True,False,wall,10.0,6.0,-10.0
1244,65304,88.0,5,84,0.447858,0.525,True,False,wall,50.0,48.0,-10.0
1245,65371,66.0,4,67,0.447525,0.6537,True,False,body,40.0,36.0,-10.0
1246,65454,73.0,5,83,0.447113,0.6442,True,False,wall,50.0,33.0,-10.0
1247,65472,10.0,1,18,0.447023,0.7206,True,False,wall,10.0,10.0,-10.0
1248,65529,30.0,2,57,0.44674,0.7205,True,False,wall,20.0,20.0,-10.0
1249,65547,8.0,1,18,0.446651,0.6026,True,False,wall,10.0,8.0,-10.0
1250,65629,108.0,7,82,0.446245,0.5864,True,False,body,70.0,48.0,-10.0
1251,65660,33.0,3,31,0.446091,0.5902,True,False,body,30.0,13.0,-10.0
1252,65721,64.0,4,61,0.445789,0.6086,True,False,body,40.0,34.0,-10.0
1253,65758,13.0,1,37,0.445606,0.6616,True,False,wall,10.0,13.0,-10.0
1254,65802,34.0,3,44,0.445389,0.6047,True,False,wall,30.0,14.0,-10.0
1255,65900,52.0,3,98,0.444905,0.6908,True,False,body,30.0,32.0,-10.0
1256,65997,74.0,4,97,0.444426,0.5866,True,False,body,40.0,44.0,-10.0
1257,66031,34.0,3,34,0.444259,0.7549,True,False,body,30.0,14.0,-10.0
1258,66048,1.0,1,17,0.444175,0.6082,True,False,wall,10.0,1.0,-10.0
1259,66078,21.0,2,30,0.444027,0.5094,True,False,wall,20.0,11.0,-10.0
1260,66227,98.0,6,149,0.443294,0.6223,True,False,body,60.0,48.0,-10.0
1261,66329,60.0,3,102,0.442793,0.6839,True,False,body,30.0,40.0,-10.0
1262,66394,70.0,4,65,0.442474,0.7983,True,False,wall,40.0,40.0,-10.0
1263,66452,43.0,2,58,0.442189,0.7585,True,False,wall,20.0,33.0,-10.0
1264,66494,46.0,3,42,0.441984,0.8598,True,False,body,30.0,26.0,-10.0
1265,66568,57.0,4,74,0.441621,0.7608,True,False,wall,40.0,27.0,-10.0
1266,66601,5.0,1,33,0.44146,0.656,True,False,wall,10.0,5.0,-10.0
1267,66676,64.0,4,75,0.441093,0.6085,True,False,wall,40.0,34.0,-10.0
1268,66716,37.0,2,40,0.440897,0.5783,True,False,wall,20.0,27.0,-10.0
1269,66759,41.0,3,43,0.440687,0.6525,True,False,body,30.0,21.0,-10.0
1270,66859,83.0,4,100,0.440199,0.5616,True,False,wall,40.0,53.0,-10.0
1271,66945,59.0,4,86,0.43978,0.4948,True,False,wall,40.0,29.0,-10.0
1272,67025,77.0,4,80,0.43939,0.6819,True,False,wall,40.0,47.0,-10.0
1273,67071,26.0,1,46,0.439166,0.5944,True,False,wall,10.0,26.0,-10.0
1274,67098,0.0,0,27,0.439035,0.5335,True,False,wall,0.0,10.0,-10.0
1275,67179,52.0,4,81,0.438641,0.5286,True,False,body,40.0,22.0,-10.0
1276,67212,26.0,2,33,0.438481,0.5329,True,False,wall,20.0,16.0,-10.0
1277,67243,22.0,2,31,0.438331,0.6376,True,False,wall,20.0,12.0,-10.0
1278,67261,16.0,1,18,0.438243,0.5692,True,False,wall,10.0,16.0,-10.0
1279,67287,15.0,2,26,0.438117,0.5272,True,False,wall,20.0,5.0,-10.0
1280,67332,28.0,2,45,0.437899,0.5868,True,False,wall,20.0,18.0,-10.0
1281,67397,63.0,5,65,0.437584,0.7352,True,False,body,50.0,23.0,-10.0
1282,67464,46.0,2,67,0.437259,0.6265,True,False,wall,20.0,36.0,-10.0
1283,67534,58.0,3,70,0.436921,0.571,True,False,body,30.0,38.0,-10.0
1284,67573,50.0,4,39,0.436732,0.5881,True,False,wall,40.0,20.0,-10.0
1285,67701,132.0,7,128,0.436114,0.5819,True,False,body,70.0,72.0,-10.0
1286,67755,44.0,3,54,0.435853,0.6057,True,False,wall,30.0,24.0,-10.0
1287,67927,134.0,7,172,0.435025,0.7041,True,False,body,70.0,74.0,-10.0
1288,67947,-1.0,0,20,0.434928,0.5482,True,False,wall,0.0,9.0,-10.0
1289,68092,110.0,6,145,0.434231,0.6098,True,False,body,60.0,60.0,-10.0
1290,68218,158.0,9,126,0.433627,0.7967,True,False,wall,90.0,78.0,-10.0
1291,68303,97.0,5,85,0.433219,0.852,True,False,body,50.0,57.0,-10.0
1292,68388,63.0,5,85,0.432812,0.6183,True,False,body,50.0,23.0,-10.0
1293,68439,27.0,1,51,0.432568,0.6145,True,False,wall,10.0,27.0,-10.0
1294,68520,45.0,3,81,0.432181,0.6149,True,False,wall,30.0,25.0,-10.0
1295,68567,34.0,2,47,0.431957,0.6773,True,False,wall,20.0,24.0,-10.0
1296,68645,62.0,3,78,0.431584,0.5822,True,False,wall,30.0,42.0,-10.0
1297,68694,26.0,2,49,0.431351,0.5292,True,False,wall,20.0,16.0,-10.0
1298,68742,44.0,3,48,0.431122,0.5403,True,False,body,30.0,24.0,-10.0
1299,68790,31.0,2,48,0.430893,0.5319,True,False,wall,20.0,21.0,-10.0
1300,68884,62.0,3,94,0.430446,0.5846,True,False,body,30.0,42.0,-10.0
1301,68919,28.0,2,35,0.43028,0.6142,True,False,wall,20.0,18.0,-10.0
1302,68971,45.0,2,52,0.430033,0.6193,True,False,wall,20.0,35.0,-10.0
1303,69014,32.0,2,43,0.429828,0.655,True,False,wall,20.0,22.0,-10.0
1304,69034,10.0,1,20,0.429734,0.5384,True,False,wall,10.0,10.0,-10.0
1305,69124,67.0,4,90,0.429307,0.6472,True,False,wall,40.0,37.0,-10.0
1306,69177,49.0,3,53,0.429055,0.6941,True,False,body,30.0,29.0,-10.0
1307,69246,45.0,3,69,0.428729,0.6008,True,False,body,30.0,25.0,-10.0
1308,69283,11.0,1,37,0.428553,0.6194,True,False,wall,10.0,11.0,-10.0
1309,69356,39.0,3,73,0.428208,0.5766,True,False,body,30.0,19.0,-10.0
1310,69374,8.0,1,18,0.428123,0.6368,True,False,wall,10.0,8.0,-10.0
1311,69426,31.0,2,52,0.427877,0.6169,True,False,wall,20.0,21.0,-10.0
1312,69456,19.0,2,30,0.427736,0.5729,True,False,wall,20.0,9.0,-10.0
1313,69490,40.0,3,34,0.427575,0.6186,True,False,wall,30.0,20.0,-10.0
1314,69529,54.0,4,39,0.427391,0.5188,True,False,body,40.0,24.0,-10.0
1315,69572,45.0,3,43,0.427188,0.5598,True,False,body,30.0,25.0,-10.0
1316,69600,20.0,1,28,0.427056,0.4734,True,False,wall,10.0,20.0,-10.0
1317,69655,62.0,4,55,0.426797,0.5522,True,False,wall,40.0,32.0,-10.0
1318,69706,56.0,4,51,0.426557,0.564,True,False,wall,40.0,26.0,-10.0
1319,69811,99.0,5,105,0.426063,0.5821,True,False,body,50.0,59.0,-10.0
1320,69829,12.0,1,18,0.425979,0.5555,True,False,wall,10.0,12.0,-10.0
1321,69842,7.0,1,13,0.425918,0.6711,True,False,wall,10.0,7.0,-10.0
1322,69895,58.0,4,53,0.425669,0.5732,True,False,body,40.0,28.0,-10.0
1323,69949,62.0,3,54,0.425415,0.7021,True,False,wall,30.0,42.0,-10.0
1324,69985,12.0,1,36,0.425246,0.6005,True,False,wall,10.0,12.0,-10.0
1325,70073,70.0,5,88,0.424834,0.5651,True,False,wall,50.0,30.0,-10.0
1326,70172,64.0,4,99,0.42437,0.6248,True,False,body,40.0,34.0,-10.0
1327,70241,72.0,4,69,0.424047,0.6661,True,False,wall,40.0,42.0,-10.0
1328,70305,53.0,4,64,0.423748,0.641,True,False,wall,40.0,23.0,-10.0
1329,70365,52.0,3,60,0.423468,0.6013,True,False,wall,30.0,32.0,-10.0
1330,70451,58.0,3,86,0.423067,0.7783,True,False,wall,30.0,38.0,-10.0
1331,70506,40.0,2,55,0.42281,0.8921,True,False,wall,20.0,30.0,-10.0
1332,70603,80.0,4,97,0.422359,0.9066,True,False,body,40.0,50.0,-10.0
1333,70703,81.0,4,100,0.421893,0.7477,True,False,wall,40.0,51.0,-10.0
1334,70771,51.0,4,68,0.421577,0.7672,True,False,wall,40.0,21.0,-10.0
1335,70845,64.0,3,74,0.421234,0.6349,True,False,body,30.0,44.0,-10.0
1336,70898,21.0,1,53,0.420988,0.7297,True,False,wall,10.0,21.0,-10.0
1337,70954,50.0,3,56,0.420728,0.6343,True,False,body,30.0,30.0,-10.0
1338,71053,80.0,4,99,0.42027,0.7684,True,False,body,40.0,50.0,-10.0
1339,71098,21.0,1,45,0.420062,0.7007,True,False,wall,10.0,21.0,-10.0
1340,71180,60.0,3,82,0.419683,0.6665,True,False,body,30.0,40.0,-10.0
1341,71229,41.0,3,49,0.419456,0.5878,True,False,wall,30.0,21.0,-10.0
1342,71246,11.0,1,17,0.419378,0.6343,True,False,wall,10.0,11.0,-10.0
1343,71293,39.0,3,47,0.419161,0.561,True,False,body,30.0,19.0,-10.0
1344,71341,24.0,1,48,0.418939,0.5629,True,False,wall,10.0,24.0,-10.0
1345,71444,78.0,4,103,0.418465,0.5815,True,False,body,40.0,48.0,-10.0
1346,71477,43.0,3,33,0.418313,0.5562,True,False,body,30.0,23.0,-10.0
1347,71514,30.0,2,37,0.418142,0.5425,True,False,wall,20.0,20.0,-10.0
1348,71532,1.0,0,18,0.41806,0.5121,True,False,wall,0.0,11.0,-10.0
1349,71546,1.0,0,14,0.417995,0.6227,True,False,wall,0.0,11.0,-10.0
1350,71642,75.0,6,96,0.417554,0.5558,True,False,body,60.0,25.0,-10.0
1351,71680,40.0,3,38,0.417379,0.5826,True,False,body,30.0,20.0,-10.0
1352,71754,71.0,4,74,0.41704,0.7311,True,False,body,40.0,41.0,-10.0
1353,71805,53.0,3,51,0.416806,0.7117,True,False,body,30.0,33.0,-10.0
1354,71826,-6.0,0,21,0.416709,0.6439,True,False,wall,0.0,4.0,-10.0
1355,71922,78.0,5,96,0.41627,0.7062,True,False,body,50.0,38.0,-10.0
1356,71962,36.0,3,40,0.416087,0.6696,True,False,wall,30.0,16.0,-10.0
1357,71995,28.0,2,33,0.415936,0.6452,True,False,wall,20.0,18.0,-10.0
1358,72062,63.0,3,67,0.415629,0.7771,True,False,body,30.0,43.0,-10.0
1359,72119,43.0,3,57,0.415369,0.6193,True,False,body,30.0,23.0,-10.0
1360,72166,35.0,3,47,0.415154,0.5971,True,False,body,30.0,15.0,-10.0
1361,72240,69.0,4,74,0.414817,0.6876,True,False,body,40.0,39.0,-10.0
1362,72310,53.0,4,70,0.414498,0.5548,True,False,body,40.0,23.0,-10.0
1363,72337,9.0,1,27,0.414375,0.4778,True,False,wall,10.0,9.0,-10.0
1364,72446,94.0,4,109,0.413878,0.5776,True,False,body,40.0,64.0,-10.0
1365,72491,34.0,2,45,0.413674,0.6661,True,False,wall,20.0,24.0,-10.0
1366,72522,15.0,1,31,0.413533,0.7763,True,False,wall,10.0,15.0,-10.0
1367,72550,14.0,1,28,0.413406,1.0194,True,False,wall,10.0,14.0,-10.0
1368,72598,57.0,4,48,0.413188,0.7174,True,False,body,40.0,27.0,-10.0
1369,72690,72.0,3,92,0.41277,0.716,True,False,wall,30.0,52.0,-10.0
1370,72744,69.0,4,54,0.412525,0.603,True,False,body,40.0,39.0,-10.0
1371,72780,25.0,2,36,0.412362,0.686,True,False,wall,20.0,15.0,-10.0
1372,72805,5.0,1,25,0.412249,0.6569,True,False,wall,10.0,5.0,-10.0
1373,72868,49.0,3,63,0.411964,0.6429,True,False,body,30.0,29.0,-10.0
1374,72887,9.0,1,19,0.411878,0.61,True,False,wall,10.0,9.0,-10.0
1375,73007,109.0,6,120,0.411336,0.628,True,False,body,60.0,59.0,-10.0
1376,73018,9.0,1,11,0.411286,0.5176,True,False,wall,10.0,9.0,-10.0
1377,73119,58.0,4,101,0.41083,0.5235,True,False,body,40.0,28.0,-10.0
1378,73142,-2.0,0,23,0.410726,0.5359,True,False,wall,0.0,8.0,-10.0
1379,73181,39.0,3,39,0.410551,0.5469,True,False,body,30.0,19.0,-10.0
1380,73256,105.0,7,75,0.410213,0.5955,True,False,body,70.0,45.0,-10.0
1381,73268,-3.0,0,12,0.410159,0.5767,True,False,wall,0.0,7.0,-10.0
1382,73323,45.0,3,55,0.409911,0.6085,True,False,body,30.0,25.0,-10.0
1383,73440,49.0,3,117,0.409385,0.7345,True,False,body,30.0,29.0,-10.0
1384,73541,101.0,5,101,0.408932,0.7302,True,False,wall,50.0,61.0,-10.0
1385,73605,76.0,5,64,0.408645,0.6229,True,False,wall,50.0,36.0,-10.0
1386,73662,46.0,2,57,0.408389,0.7185,True,False,wall,20.0,36.0,-10.0
1387,73696,-1.0,0,34,0.408237,0.7027,True,False,wall,0.0,9.0,-10.0
1388,73712,-1.0,0,16,0.408165,0.6892,True,False,wall,0.0,9.0,-10.0
1389,73767,43.0,3,55,0.407919,0.5546,True,False,body,30.0,23.0,-10.0
1390,73789,14.0,1,22,0.407821,0.6094,True,False,wall,10.0,14.0,-10.0
1391,73907,77.0,4,118,0.407293,0.6681,True,False,body,40.0,47.0,-10.0
1392,73921,-3.0,0,14,0.407231,0.4797,True,False,wall,0.0,7.0,-10.0
1393,73995,48.0,3,74,0.406901,0.6196,True,False,wall,30.0,28.0,-10.0
1394,74060,48.0,2,65,0.406611,0.6524,True,False,wall,20.0,38.0,-10.0
1395,74111,41.0,3,51,0.406383,0.9754,True,False,wall,30.0,21.0,-10.0
1396,74129,21.0,2,18,0.406303,0.7369,True,False,wall,20.0,11.0,-10.0
1397,74170,48.0,4,41,0.406121,0.7026,True,False,wall,40.0,18.0,-10.0
1398,74222,38.0,3,52,0.405889,0.7041,True,False,body,30.0,18.0,-10.0
1399,74293,39.0,3,71,0.405574,0.5701,True,False,wall,30.0,19.0,-10.0
1400,74311,30.0,3,18,0.405494,0.5765,True,False,body,30.0,10.0,-10.0
1401,74374,41.0,3,63,0.405214,0.642,True,False,body,30.0,21.0,-10.0
1402,74442,66.0,5,68,0.404912,0.7216,True,False,body,50.0,26.0,-10.0
1403,74586,103.0,6,144,0.404274,0.7044,True,False,body,60.0,53.0,-10.0
1404,74661,94.0,6,75,0.403942,0.6335,True,False,wall,60.0,44.0,-10.0
1405,74753,79.0,4,92,0.403535,0.7241,True,False,body,40.0,49.0,-10.0
1406,74774,7.0,1,21,0.403442,0.7953,True,False,wall,10.0,7.0,-10.0
1407,74801,13.0,1,27,0.403323,0.783,True,False,wall,10.0,13.0,-10.0
1408,74846,41.0,3,45,0.403124,0.6704,True,False,wall,30.0,21.0,-10.0
1409,74919,82.0,6,73,0.402802,0.7721,True,False,body,60.0,32.0,-10.0
1410,74933,-9.0,0,14,0.40274,0.6667,True,False,wall,0.0,1.0,-10.0
1411,75004,64.0,4,71,0.402427,0.5905,True,False,body,40.0,34.0,-10.0
1412,75057,36.0,2,53,0.402194,0.719,True,False,wall,20.0,26.0,-10.0
1413,75103,39.0,2,46,0.401992,0.5912,True,False,wall,20.0,29.0,-10.0
1414,75116,7.0,1,13,0.401934,0.5398,True,False,wall,10.0,7.0,-10.0
1415,75171,36.0,2,55,0.401693,0.6222,True,False,wall,20.0,26.0,-10.0
1416,75246,81.0,5,75,0.401363,0.5951,True,False,body,50.0,41.0,-10.0
1417,75275,9.0,1,29,0.401236,0.552,True,False,wall,10.0,9.0,-10.0
1418,75301,8.0,1,26,0.401121,0.5242,True,False,wall,10.0,8.0,-10.0
1419,75321,10.0,1,20,0.401034,0.5639,True,False,wall,10.0,10.0,-10.0
1420,75344,17.0,1,23,0.400933,0.7539,True,False,wall,10.0,17.0,-10.0
1421,75444,90.0,7,100,0.400494,0.6074,True,False,body,70.0,30.0,-10.0
1422,75489,36.0,2,45,0.400297,0.5863,True,False,wall,20.0,26.0,-10.0
1423,75526,15.0,1,37,0.400135,0.64,True,False,wall,10.0,15.0,-10.0
1424,75594,47.0,4,68,0.399838,0.6845,True,False,wall,40.0,17.0,-10.0
1425,75609,-4.0,0,15,0.399772,0.6555,True,False,wall,0.0,6.0,-10.0
1426,75639,25.0,2,30,0.399641,0.8242,True,False,wall,20.0,15.0,-10.0
1427,75654,0.0,0,15,0.399576,0.7217,True,False,wall,0.0,10.0,-10.0
1428,75695,54.0,4,41,0.399396,0.6985,True,False,body,40.0,24.0,-10.0
1429,75800,104.0,6,105,0.398938,0.7733,True,False,body,60.0,54.0,-10.0
1430,75817,11.0,1,17,0.398864,0.7322,True,False,wall,10.0,11.0,-10.0
1431,75916,102.0,6,99,0.398433,0.7484,True,False,body,60.0,52.0,-10.0
1432,75979,73.0,5,63,0.398158,0.6382,True,False,wall,50.0,33.0,-10.0
1433,76025,36.0,3,46,0.397958,0.6289,True,False,wall,30.0,16.0,-10.0
1434,76094,64.0,4,69,0.397658,0.63,True,False,body,40.0,34.0,-10.0
1435,76224,127.0,8,130,0.397094,0.7888,True,False,body,80.0,57.0,-10.0
1436,76263,37.0,3,39,0.396925,0.981,True,False,body,30.0,17.0,-10.0
1437,76332,53.0,3,69,0.396625,0.625,True,False,body,30.0,33.0,-10.0
1438,76365,41.0,3,33,0.396482,0.639,True,False,body,30.0,21.0,-10.0
1439,76444,64.0,4,79,0.396141,0.6463,True,False,body,40.0,34.0,-10.0
1440,76525,82.0,4,81,0.39579,0.6249,True,False,body,40.0,52.0,-10.0
1441,76580,43.0,3,55,0.395553,0.6533,True,False,body,30.0,23.0,-10.0
1442,76646,84.0,5,66,0.395268,0.6807,True,False,body,50.0,44.0,-10.0
1443,76699,66.0,4,53,0.395039,0.7813,True,False,body,40.0,36.0,-10.0
1444,76742,33.0,3,43,0.394854,0.5781,True,False,wall,30.0,13.0,-10.0
1445,76758,-3.0,0,16,0.394785,0.508,True,False,wall,0.0,7.0,-10.0
1446,76804,59.0,4,46,0.394586,0.7985,True,False,body,40.0,29.0,-10.0
1447,76912,102.0,5,108,0.394121,0.7149,True,False,body,50.0,62.0,-10.0
1448,76946,38.0,3,34,0.393975,0.7144,True,False,body,30.0,18.0,-10.0
1449,76963,-4.0,0,17,0.393902,0.7531,True,False,wall,0.0,6.0,-10.0
1450,77032,62.0,4,69,0.393606,0.6567,True,False,body,40.0,32.0,-10.0
1451,77078,39.0,2,46,0.393408,0.685,True,False,wall,20.0,29.0,-10.0
1452,77125,37.0,3,47,0.393206,0.5861,True,False,body,30.0,17.0,-10.0
1453,77214,86.0,6,89,0.392825,0.6639,True,False,wall,60.0,36.0,-10.0
1454,77292,45.0,2,78,0.392491,0.5481,True,False,wall,20.0,35.0,-10.0
1455,77398,71.0,4,106,0.392037,0.6373,True,False,body,40.0,41.0,-10.0
1456,77527,111.0,7,129,0.391486,0.6657,True,False,body,70.0,51.0,-10.0
1457,77576,47.0,3,49,0.391277,0.6545,True,False,wall,30.0,27.0,-10.0
1458,77652,65.0,4,76,0.390953,0.5817,True,False,wall,40.0,35.0,-10.0
1459,77751,71.0,3,99,0.390531,0.5707,True,False,wall,30.0,51.0,-10.0
1460,77804,58.0,4,53,0.390306,0.5752,True,False,body,40.0,28.0,-10.0
1461,77888,84.0,5,84,0.389949,0.6144,True,False,wall,50.0,44.0,-10.0
1462,77934,35.0,2,46,0.389753,0.648,True,False,wall,20.0,25.0,-10.0
1463,77973,9.0,1,39,0.389588,0.5933,True,False,wall,10.0,9.0,-10.0
1464,78000,2.0,0,27,0.389473,0.588,True,False,wall,0.0,12.0,-10.0
1465,78088,56.0,3,88,0.3891,0.7129,True,False,wall,30.0,36.0,-10.0
1466,78170,61.0,4,82,0.388753,0.7137,True,False,wall,40.0,31.0,-10.0
1467,78244,80.0,5,74,0.388439,0.6588,True,False,body,50.0,40.0,-10.0
1468,78264,30.0,3,20,0.388355,0.535,True,False,body,30.0,10.0,-10.0
1469,78324,73.0,4,60,0.388101,0.5524,True,False,wall,40.0,43.0,-10.0
1470,78367,33.0,3,43,0.387919,0.6423,True,False,body,30.0,13.0,-10.0
1471,78405,22.0,1,38,0.387759,0.7653,True,False,wall,10.0,22.0,-10.0
1472,78426,26.0,2,21,0.38767,0.9792,True,False,wall,20.0,16.0,-10.0
1473,78477,45.0,3,51,0.387455,0.7638,True,False,body,30.0,25.0,-10.0
1474,78595,120.0,7,118,0.386958,0.6324,True,False,wall,70.0,60.0,-10.0
1475,78706,129.0,7,111,0.38649,0.6611,True,False,wall,70.0,69.0,-10.0
1476,78752,48.0,3,46,0.386297,0.6766,True,False,wall,30.0,28.0,-10.0
1477,78795,32.0,2,43,0.386116,0.7283,True,False,wall,20.0,22.0,-10.0
1478,78889,73.0,4,94,0.385722,0.5926,True,False,body,40.0,43.0,-10.0
1479,78967,101.0,6,78,0.385394,0.6173,True,False,body,60.0,51.0,-10.0
1480,79113,136.0,7,146,0.384783,0.5567,True,False,body,70.0,76.0,-10.0
1481,79146,9.0,1,33,0.384645,0.5839,True,False,wall,10.0,9.0,-10.0
1482,79173,24.0,2,27,0.384532,0.6155,True,False,wall,20.0,14.0,-10.0
1483,79222,49.0,3,49,0.384327,0.8361,True,False,body,30.0,29.0,-10.0
1484,79249,57.0,5,27,0.384214,0.6191,True,False,body,50.0,17.0,-10.0
1485,79318,66.0,4,69,0.383926,0.94,True,False,body,40.0,36.0,-10.0
1486,79335,11.0,1,17,0.383855,0.7124,True,False,wall,10.0,11.0,-10.0
1487,79462,126.0,6,127,0.383326,0.7629,True,False,body,60.0,76.0,-10.0
1488,79476,3.0,0,14,0.383267,0.5958,True,False,wall,0.0,13.0,-10.0
1489,79530,57.0,4,54,0.383042,0.5926,True,False,body,40.0,27.0,-10.0
1490,79673,156.0,8,143,0.382448,0.7044,True,False,wall,80.0,86.0,-10.0
1491,79698,33.0,3,25,0.382344,0.9523,True,False,body,30.0,13.0,-10.0
1492,79732,33.0,2,34,0.382203,0.734,True,False,wall,20.0,23.0,-10.0
1493,79798,66.0,5,66,0.381929,0.7327,True,False,body,50.0,26.0,-10.0
1494,79857,50.0,4,59,0.381684,0.9632,True,False,body,40.0,20.0,-10.0
1495,79941,86.0,5,84,0.381336,0.7278,True,False,body,50.0,46.0,-10.0
1496,79981,33.0,2,40,0.38117,0.597,True,False,wall,20.0,23.0,-10.0
1497,80071,112.0,7,90,0.380798,0.5845,True,False,body,70.0,52.0,-10.0
1498,80125,58.0,3,54,0.380575,0.6307,True,False,wall,30.0,38.0,-10.0
1499,80152,32.0,2,27,0.380463,0.7505,True,False,wall,20.0,22.0,-10.0
1500,80212,70.0,5,60,0.380215,0.8135,True,False,body,50.0,30.0,-10.0
1501,80252,34.0,3,40,0.38005,0.7369,True,False,body,30.0,14.0,-10.0
1502,80280,10.0,1,28,0.379935,0.6859,True,False,wall,10.0,10.0,-10.0
1503,80324,46.0,3,44,0.379753,0.6803,True,False,body,30.0,26.0,-10.0
1504,80401,91.0,5,77,0.379436,0.7762,True,False,body,50.0,51.0,-10.0
1505,80501,86.0,5,100,0.379025,0.7515,True,False,body,50.0,46.0,-10.0
1506,80618,85.0,5,117,0.378544,0.6282,True,False,body,50.0,45.0,-10.0
1507,80684,78.0,5,66,0.378273,0.6224,True,False,body,50.0,38.0,-10.0
1508,80748,89.0,6,64,0.37801,0.6627,True,False,body,60.0,39.0,-10.0
1509,80798,54.0,3,50,0.377805,0.7457,True,False,wall,30.0,34.0,-10.0
1510,80850,61.0,4,52,0.377592,0.731,True,False,body,40.0,31.0,-10.0
1511,80906,56.0,3,56,0.377363,0.7421,True,False,body,30.0,36.0,-10.0
1512,80923,-4.0,0,17,0.377293,1.1568,True,False,wall,0.0,6.0,-10.0
1513,80984,47.0,3,61,0.377044,0.812,True,False,body,30.0,27.0,-10.0
1514,81080,84.0,5,96,0.376652,0.656,True,False,wall,50.0,44.0,-10.0
1515,81111,48.0,4,31,0.376525,0.7835,True,False,wall,40.0,18.0,-10.0
1516,81251,136.0,7,140,0.375954,0.7995,True,False,body,70.0,76.0,-10.0
1517,81314,45.0,3,63,0.375698,0.767,True,False,body,30.0,25.0,-10.0
1518,81377,53.0,3,63,0.375441,0.7162,True,False,body,30.0,33.0,-10.0
1519,81408,0.0,0,31,0.375315,0.6657,True,False,wall,0.0,10.0,-10.0
1520,81425,9.0,1,17,0.375246,0.5625,True,False,wall,10.0,9.0,-10.0
1521,81474,34.0,2,49,0.375047,0.5805,True,False,wall,20.0,24.0,-10.0
1522,81566,103.0,6,92,0.374673,0.6253,True,False,body,60.0,53.0,-10.0
1523,81613,43.0,3,47,0.374483,0.6161,True,False,wall,30.0,23.0,-10.0
1524,81678,53.0,3,65,0.374219,0.6751,True,False,wall,30.0,33.0,-10.0
1525,81739,56.0,4,61,0.373972,0.738,True,False,body,40.0,26.0,-10.0
1526,81750,-2.0,0,11,0.373928,0.9014,True,False,wall,0.0,8.0,-10.0
1527,81816,77.0,6,66,0.37366,0.6341,True,False,wall,60.0,27.0,-10.0
1528,81909,109.0,7,93,0.373284,0.6965,True,False,body,70.0,49.0,-10.0
1529,81941,29.0,2,32,0.373155,0.7356,True,False,wall,20.0,19.0,-10.0
1530,82027,101.0,6,86,0.372808,0.591,True,False,body,60.0,51.0,-10.0
1531,82082,62.0,4,55,0.372586,0.5779,True,False,wall,40.0,32.0,-10.0
1532,82126,42.0,3,44,0.372409,0.7044,True,False,wall,30.0,22.0,-10.0
1533,82151,22.0,2,25,0.372308,0.7079,True,False,wall,20.0,12.0,-10.0
1534,82215,35.0,2,64,0.37205,0.615,True,False,wall,20.0,25.0,-10.0
1535,82252,17.0,1,37,0.371901,0.6183,True,False,wall,10.0,17.0,-10.0
1536,82360,126.0,7,108,0.371467,0.584,True,False,body,70.0,66.0,-10.0
1537,82369,-4.0,0,9,0.371431,0.6554,True,False,wall,0.0,6.0,-10.0
1538,82456,93.0,5,87,0.371081,0.6801,True,False,body,50.0,53.0,-10.0
1539,82553,114.0,6,97,0.370692,0.6966,True,False,body,60.0,64.0,-10.0
1540,82647,71.0,4,94,0.370316,0.5829,True,False,body,40.0,41.0,-10.0
1541,82750,71.0,3,103,0.369904,0.6949,True,False,body,30.0,51.0,-10.0
1542,82774,27.0,2,24,0.369808,0.6585,True,False,wall,20.0,17.0,-10.0
1543,82816,51.0,4,42,0.36964,0.6698,True,False,body,40.0,21.0,-10.0
1544,82901,85.0,5,85,0.3693,0.7213,True,False,body,50.0,45.0,-10.0
1545,82979,80.0,5,78,0.368989,0.6761,True,False,body,50.0,40.0,-10.0
1546,83032,34.0,2,53,0.368778,0.5361,True,False,wall,20.0,24.0,-10.0
1547,83081,36.0,2,49,0.368583,0.5585,True,False,wall,20.0,26.0,-10.0
1548,83129,52.0,3,48,0.368392,0.5568,True,False,wall,30.0,32.0,-10.0
1549,83205,76.0,5,76,0.368089,0.6267,True,False,body,50.0,36.0,-10.0
1550,83287,82.0,5,82,0.367763,0.8224,True,False,body,50.0,42.0,-10.0
1551,83349,50.0,3,62,0.367517,0.6763,True,False,body,30.0,30.0,-10.0
1552,83425,52.0,3,76,0.367216,0.9366,True,False,body,30.0,32.0,-10.0
1553,83506,74.0,4,81,0.366895,0.8473,True,False,body,40.0,44.0,-10.0
1554,83580,71.0,4,74,0.366602,0.7643,True,False,wall,40.0,41.0,-10.0
1555,83667,109.0,7,87,0.366258,0.7662,True,False,body,70.0,49.0,-10.0
1556,83703,12.0,1,36,0.366115,0.6432,True,False,wall,10.0,12.0,-10.0
1557,83741,38.0,3,38,0.365965,0.6536,True,False,body,30.0,18.0,-10.0
1558,83832,98.0,6,91,0.365606,0.6963,True,False,body,60.0,48.0,-10.0
1559,83913,92.0,6,81,0.365287,0.6713,True,False,body,60.0,42.0,-10.0
1560,83959,50.0,3,46,0.365105,0.652,True,False,wall,30.0,30.0,-10.0
1561,84002,47.0,3,43,0.364936,0.6467,True,False,body,30.0,27.0,-10.0
1562,84028,6.0,1,26,0.364834,0.6404,True,False,wall,10.0,6.0,-10.0
1563,84123,93.0,5,95,0.36446,0.7607,True,False,body,50.0,53.0,-10.0
1564,84137,1.0,0,14,0.364405,0.6233,True,False,wall,0.0,11.0,-10.0
1565,84197,52.0,3,60,0.364169,0.6321,True,False,body,30.0,32.0,-10.0
1566,84241,51.0,4,44,0.363997,0.6357,True,False,body,40.0,21.0,-10.0
1567,84279,36.0,3,38,0.363848,0.7491,True,False,body,30.0,16.0,-10.0
1568,84337,54.0,3,58,0.36362,0.7045,True,False,wall,30.0,34.0,-10.0
1569,84357,12.0,1,20,0.363542,0.7386,True,False,wall,10.0,12.0,-10.0
1570,84508,168.0,10,151,0.36295,0.6583,True,False,body,100.0,78.0,-10.0
1571,84576,46.0,3,68,0.362685,0.6258,True,False,body,30.0,26.0,-10.0
1572,84622,45.0,2,46,0.362505,0.5409,True,False,wall,20.0,35.0,-10.0
1573,84644,21.0,2,22,0.362419,0.5299,True,False,wall,20.0,11.0,-10.0
1574,84705,62.0,4,61,0.362181,0.7892,True,False,wall,40.0,32.0,-10.0
1575,84802,95.0,5,97,0.361802,0.6698,True,False,body,50.0,55.0,-10.0
1576,84921,97.0,5,119,0.361339,0.7067,True,False,wall,50.0,57.0,-10.0
1577,84962,56.0,4,41,0.361179,0.6604,True,False,body,40.0,26.0,-10.0
1578,85078,104.0,5,116,0.360729,0.621,True,False,wall,50.0,64.0,-10.0
1579,85088,-5.0,0,10,0.36069,0.6407,True,False,wall,0.0,5.0,-10.0
1580,85178,107.0,6,90,0.36034,0.6151,True,False,body,60.0,57.0,-10.0
1581,85268,99.0,6,90,0.359991,0.5975,True,False,wall,60.0,49.0,-10.0
1582,85360,137.0,8,92,0.359635,0.7093,True,False,body,80.0,67.0,-10.0
1583,85427,66.0,4,67,0.359376,0.5821,True,False,body,40.0,36.0,-10.0
1584,85440,18.0,2,13,0.359326,0.5345,True,False,wall,20.0,8.0,-10.0
1585,85529,87.0,5,89,0.358982,0.6155,True,False,body,50.0,47.0,-10.0
1586,85552,31.0,3,23,0.358893,0.6493,True,False,body,30.0,11.0,-10.0
1587,85560,-3.0,0,8,0.358862,0.6929,True,False,wall,0.0,7.0,-10.0
1588,85596,48.0,3,36,0.358723,0.7027,True,False,wall,30.0,28.0,-10.0
1589,85624,14.0,1,28,0.358615,0.8754,True,False,wall,10.0,14.0,-10.0
1590,85741,145.0,9,117,0.358164,0.6613,True,False,wall,90.0,65.0,-10.0
1591,85814,36.0,2,73,0.357883,0.7317,True,False,wall,20.0,26.0,-10.0
1592,85852,33.0,2,38,0.357737,0.6251,True,False,wall,20.0,23.0,-10.0
1593,85918,61.0,4,66,0.357483,0.6466,True,False,body,40.0,31.0,-10.0
1594,85950,27.0,2,32,0.35736,0.734,True,False,wall,20.0,17.0,-10.0
1595,85964,-5.0,0,14,0.357306,0.5701,True,False,wall,0.0,5.0,-10.0
1596,86043,75.0,5,79,0.357003,0.6732,True,False,body,50.0,35.0,-10.0
1597,86076,25.0,1,33,0.356876,0.6702,True,False,wall,10.0,25.0,-10.0
1598,86129,42.0,2,53,0.356673,0.9227,True,False,wall,20.0,32.0,-10.0
1599,86174,43.0,3,45,0.356501,0.7757,True,False,body,30.0,23.0,-10.0
1600,86289,109.0,5,115,0.35606,0.6543,True,False,wall,50.0,69.0,-10.0
1601,86379,103.0,6,90,0.355716,0.6266,True,False,wall,60.0,53.0,-10.0
1602,86447,95.0,6,68,0.355456,0.563,True,False,body,60.0,45.0,-10.0
1603,86553,89.0,6,106,0.355052,0.6698,True,False,body,60.0,39.0,-10.0
1604,86591,38.0,3,38,0.354907,0.5885,True,False,body,30.0,18.0,-10.0
1605,86602,7.0,1,11,0.354865,0.592,True,False,wall,10.0,7.0,-10.0
1606,86635,30.0,2,33,0.354739,0.5486,True,False,wall,20.0,20.0,-10.0
1607,86702,80.0,4,67,0.354484,0.597,True,False,body,40.0,50.0,-10.0
1608,86730,14.0,1,28,0.354378,0.5407,True,False,wall,10.0,14.0,-10.0
1609,86765,43.0,3,35,0.354245,0.6051,True,False,body,30.0,23.0,-10.0
1610,86866,104.0,6,101,0.353861,0.6666,True,False,body,60.0,54.0,-10.0
1611,86906,44.0,3,40,0.353709,0.5886,True,False,body,30.0,24.0,-10.0
1612,86937,39.0,3,31,0.353591,0.5322,True,False,wall,30.0,19.0,-10.0
1613,87018,100.0,6,81,0.353284,0.5657,True,False,wall,60.0,50.0,-10.0
1614,87058,28.0,1,40,0.353132,0.5606,True,False,wall,10.0,28.0,-10.0
1615,87128,90.0,5,70,0.352867,0.5527,True,False,body,50.0,50.0,-10.0
1616,87158,20.0,1,30,0.352754,0.5564,True,False,wall,10.0,20.0,-10.0
1617,87304,147.0,8,146,0.352202,0.6287,True,False,body,80.0,77.0,-10.0
1618,87362,46.0,3,58,0.351983,0.6531,True,False,body,30.0,26.0,-10.0
1619,87442,82.0,5,80,0.351681,0.5966,True,False,body,50.0,42.0,-10.0
1620,87504,50.0,3,62,0.351447,0.5721,True,False,body,30.0,30.0,-10.0
1621,87572,54.0,3,68,0.351191,0.7742,True,False,body,30.0,34.0,-10.0
1622,87635,45.0,3,63,0.350954,0.6751,True,False,body,30.0,25.0,-10.0
1623,87676,48.0,4,41,0.3508,0.6671,True,False,body,40.0,18.0,-10.0
1624,87735,58.0,4,59,0.350578,0.8415,True,False,body,40.0,28.0,-10.0
1625,87791,45.0,2,56,0.350368,0.6971,True,False,wall,20.0,35.0,-10.0
1626,87849,39.0,2,58,0.35015,0.6315,True,False,wall,20.0,29.0,-10.0
1627,87860,9.0,1,11,0.350109,0.6334,True,False,wall,10.0,9.0,-10.0
1628,87884,20.0,1,24,0.350019,0.6694,True,False,wall,10.0,20.0,-10.0
1629,87914,18.0,1,30,0.349906,0.7036,True,False,wall,10.0,18.0,-10.0
1630,88092,220.0,11,178,0.34924,0.6585,True,False,wall,110.0,120.0,-10.0
1631,88162,66.0,5,70,0.348978,0.7781,True,False,body,50.0,26.0,-10.0
1632,88179,11.0,1,17,0.348914,0.6931,True,False,wall,10.0,11.0,-10.0
1633,88232,43.0,3,53,0.348716,0.6281,True,False,wall,30.0,23.0,-10.0
1634,88265,13.0,1,33,0.348593,0.8033,True,False,wall,10.0,13.0,-10.0
1635,88337,67.0,4,72,0.348325,0.7484,True,False,wall,40.0,37.0,-10.0
1636,88450,106.0,6,113,0.347904,0.6981,True,False,body,60.0,56.0,-10.0
1637,88470,12.0,1,20,0.347829,0.6649,True,False,wall,10.0,12.0,-10.0
1638,88533,71.0,5,63,0.347595,0.6419,True,False,body,50.0,31.0,-10.0
1639,88570,50.0,4,37,0.347457,0.6568,True,False,body,40.0,20.0,-10.0
1640,88674,115.0,6,104,0.347071,0.725,True,False,body,60.0,65.0,-10.0
1641,88708,32.0,3,34,0.346944,0.5645,True,False,wall,30.0,12.0,-10.0
1642,88733,35.0,3,25,0.346852,0.577,True,False,wall,30.0,15.0,-10.0
1643,88799,93.0,6,66,0.346607,0.5654,True,False,wall,60.0,43.0,-10.0
1644,88889,83.0,4,90,0.346273,0.6669,True,False,body,40.0,53.0,-10.0
1645,88964,83.0,5,75,0.345996,0.6797,True,False,wall,50.0,43.0,-10.0
1646,88975,-4.0,0,11,0.345955,0.6564,True,False,wall,0.0,6.0,-10.0
1647,89028,66.0,4,53,0.345759,0.6469,True,False,wall,40.0,36.0,-10.0
1648,89056,-1.0,0,28,0.345655,0.6758,True,False,wall,0.0,9.0,-10.0
1649,89087,35.0,3,31,0.345541,0.6623,True,False,body,30.0,15.0,-10.0
1650,89159,76.0,5,72,0.345275,0.8248,True,False,body,50.0,36.0,-10.0
1651,89218,57.0,3,59,0.345057,0.6059,True,False,body,30.0,37.0,-10.0
1652,89293,75.0,5,75,0.344781,0.5904,True,False,body,50.0,35.0,-10.0
1653,89335,46.0,3,42,0.344626,0.8512,True,False,wall,30.0,26.0,-10.0
1654,89401,66.0,3,66,0.344383,0.6446,True,False,wall,30.0,46.0,-10.0
1655,89429,16.0,1,28,0.34428,0.6261,True,False,wall,10.0,16.0,-10.0
1656,89452,33.0,3,23,0.344196,0.6239,True,False,body,30.0,13.0,-10.0
1657,89488,50.0,3,36,0.344063,0.6371,True,False,body,30.0,30.0,-10.0
1658,89565,75.0,5,77,0.34378,0.555,True,False,body,50.0,35.0,-10.0
1659,89591,10.0,1,26,0.343685,0.687,True,False,wall,10.0,10.0,-10.0
1660,89685,82.0,5,94,0.34334,0.7347,True,False,wall,50.0,42.0,-10.0
1661,89749,77.0,4,64,0.343105,0.6145,True,False,body,40.0,47.0,-10.0
1662,89870,112.0,6,121,0.342662,0.6262,True,False,body,60.0,62.0,-10.0
1663,89965,105.0,5,95,0.342315,0.887,True,False,wall,50.0,65.0,-10.0
1664,90008,38.0,2,43,0.342158,0.7006,True,False,wall,20.0,28.0,-10.0
1665,90091,98.0,6,83,0.341855,0.6758,True,False,wall,60.0,48.0,-10.0
1666,90164,61.0,5,73,0.341589,0.6223,True,False,wall,50.0,21.0,-10.0
1667,90258,86.0,5,94,0.341246,0.6738,True,False,body,50.0,46.0,-10.0
1668,90359,116.0,6,101,0.340879,0.6564,True,False,wall,60.0,66.0,-10.0
1669,90446,76.0,4,87,0.340563,0.601,True,False,body,40.0,46.0,-10.0
1670,90521,106.0,6,75,0.340291,0.6458,True,False,wall,60.0,56.0,-10.0
1671,90594,71.0,5,73,0.340026,0.5895,True,False,body,50.0,31.0,-10.0
1672,90686,74.0,5,92,0.339692,0.6926,True,False,wall,50.0,34.0,-10.0
1673,90755,85.0,5,69,0.339443,0.6084,True,False,body,50.0,45.0,-10.0
1674,90815,48.0,3,60,0.339226,0.8302,True,False,body,30.0,28.0,-10.0
1675,90884,75.0,5,69,0.338976,0.7034,True,False,wall,50.0,35.0,-10.0
1676,90918,29.0,2,34,0.338854,0.7496,True,False,wall,20.0,19.0,-10.0
1677,90949,28.0,2,31,0.338742,0.5859,True,False,wall,20.0,18.0,-10.0
1678,90994,60.0,4,45,0.338579,0.6888,True,False,wall,40.0,30.0,-10.0
1679,91084,82.0,5,90,0.338255,0.7796,True,False,body,50.0,42.0,-10.0
1680,91119,26.0,2,35,0.338129,0.6901,True,False,wall,20.0,16.0,-10.0
1681,91198,80.0,4,79,0.337844,0.6338,True,False,wall,40.0,50.0,-10.0
1682,91262,56.0,3,64,0.337614,0.6894,True,False,wall,30.0,36.0,-10.0
1683,91326,99.0,6,64,0.337384,0.5569,True,False,body,60.0,49.0,-10.0
1684,91469,145.0,9,143,0.336871,0.6682,True,False,body,90.0,65.0,-10.0
1685,91484,9.0,1,15,0.336817,0.5971,True,False,wall,10.0,9.0,-10.0
1686,91519,47.0,3,35,0.336692,0.6235,True,False,body,30.0,27.0,-10.0
1687,91566,34.0,2,47,0.336523,0.657,True,False,wall,20.0,24.0,-10.0
1688,91627,65.0,3,61,0.336305,0.6349,True,False,wall,30.0,45.0,-10.0
1689,91640,9.0,1,13,0.336258,0.6132,True,False,wall,10.0,9.0,-10.0
1690,91705,60.0,4,65,0.336026,0.6838,True,False,wall,40.0,30.0,-10.0
1691,91767,56.0,3,62,0.335804,0.6518,True,False,wall,30.0,36.0,-10.0
1692,91828,64.0,4,61,0.335586,0.6845,True,False,wall,40.0,34.0,-10.0
1693,91879,49.0,3,51,0.335404,0.8276,True,False,wall,30.0,29.0,-10.0
1694,91922,58.0,4,43,0.335251,0.691,True,False,wall,40.0,28.0,-10.0
1695,91993,81.0,5,71,0.334998,0.6274,True,False,wall,50.0,41.0,-10.0
1696,92011,14.0,1,18,0.334934,0.6266,True,False,wall,10.0,14.0,-10.0
1697,92067,58.0,3,56,0.334735,0.7205,True,False,body,30.0,38.0,-10.0
1698,92133,72.0,5,66,0.3345,0.8442,True,False,body,50.0,32.0,-10.0
1699,92197,67.0,4,64,0.334272,0.6679,True,False,body,40.0,37.0,-10.0
1700,92313,92.0,5,116,0.33386,0.6086,True,False,wall,50.0,52.0,-10.0
1701,92415,112.0,7,102,0.333499,0.6175,True,False,body,70.0,52.0,-10.0
1702,92510,119.0,7,95,0.333162,0.7997,True,False,wall,70.0,59.0,-10.0
1703,92556,61.0,4,46,0.332999,0.6487,True,False,body,40.0,31.0,-10.0
1704,92630,73.0,4,74,0.332738,0.6827,True,False,body,40.0,43.0,-10.0
1705,92658,32.0,3,28,0.332639,0.5901,True,False,body,30.0,12.0,-10.0
1706,92716,71.0,4,58,0.332434,0.6898,True,False,body,40.0,41.0,-10.0
1707,92731,11.0,1,15,0.332381,0.6625,True,False,wall,10.0,11.0,-10.0
1708,92746,0.0,0,15,0.332328,0.7318,True,False,wall,0.0,10.0,-10.0
1709,92874,110.0,7,128,0.331877,0.6732,True,False,wall,70.0,50.0,-10.0
1710,92905,15.0,1,31,0.331768,0.7302,True,False,wall,10.0,15.0,-10.0
1711,92921,10.0,1,16,0.331711,0.6246,True,False,wall,10.0,10.0,-10.0
1712,92939,19.0,2,18,0.331648,0.6271,True,False,wall,20.0,9.0,-10.0
1713,92956,5.0,1,17,0.331588,0.7016,True,False,wall,10.0,5.0,-10.0
1714,93107,143.0,9,151,0.331057,0.7399,True,False,body,90.0,63.0,-10.0
1715,93235,136.0,7,128,0.330608,0.6104,True,False,wall,70.0,76.0,-10.0
1716,93284,25.0,1,49,0.330436,0.711,True,False,wall,10.0,25.0,-10.0
1717,93405,135.0,9,121,0.330012,0.6591,True,False,body,90.0,55.0,-10.0
1718,93497,107.0,6,92,0.32969,0.6124,True,False,body,60.0,57.0,-10.0
1719,93557,109.0,8,60,0.32948,0.6264,True,False,body,80.0,39.0,-10.0
1720,93647,101.0,6,90,0.329166,0.6639,True,False,body,60.0,51.0,-10.0
1721,93700,79.0,5,53,0.328981,0.7929,True,False,wall,50.0,39.0,-10.0
1722,93763,58.0,4,63,0.328762,0.6986,True,False,body,40.0,28.0,-10.0
1723,93843,79.0,4,80,0.328483,0.6325,True,False,body,40.0,49.0,-10.0
1724,93911,50.0,3,68,0.328246,0.743,True,False,body,30.0,30.0,-10.0
1725,93943,44.0,3,32,0.328135,0.6215,True,False,wall,30.0,24.0,-10.0
1726,94028,88.0,6,85,0.32784,0.6191,True,False,body,60.0,38.0,-10.0
1727,94080,55.0,4,52,0.327659,0.6896,True,False,wall,40.0,25.0,-10.0
1728,94176,130.0,7,96,0.327326,0.7351,True,False,body,70.0,70.0,-10.0
1729,94318,134.0,7,142,0.326834,0.6262,True,False,body,70.0,74.0,-10.0
1730,94351,28.0,2,33,0.32672,0.5863,True,False,wall,20.0,18.0,-10.0
1731,94420,99.0,7,69,0.326482,0.5781,True,False,wall,70.0,39.0,-10.0
1732,94481,68.0,4,61,0.326271,0.7038,True,False,body,40.0,38.0,-10.0
1733,94567,85.0,4,86,0.325974,0.6209,True,False,body,40.0,55.0,-10.0
1734,94697,162.0,9,130,0.325526,0.714,True,False,body,90.0,82.0,-10.0
1735,94753,76.0,5,56,0.325333,0.7386,True,False,body,50.0,36.0,-10.0
1736,94807,74.0,5,54,0.325147,0.7064,True,False,wall,50.0,34.0,-10.0
1737,94902,124.0,6,95,0.324821,0.6976,True,False,body,60.0,74.0,-10.0
1738,94936,38.0,3,34,0.324704,0.8083,True,False,wall,30.0,18.0,-10.0
1739,94979,54.0,4,43,0.324557,0.6716,True,False,body,40.0,24.0,-10.0
1740,95000,29.0,3,21,0.324484,0.6688,True,False,wall,30.0,9.0,-10.0
1741,95048,63.0,4,48,0.32432,0.6485,True,False,body,40.0,33.0,-10.0
1742,95069,11.0,1,21,0.324248,0.6299,True,False,wall,10.0,11.0,-10.0
1743,95139,66.0,3,70,0.324008,0.6657,True,False,wall,30.0,46.0,-10.0
1744,95158,2.0,0,19,0.323943,0.6841,True,False,wall,0.0,12.0,-10.0
1745,95205,47.0,3,47,0.323782,0.6382,True,False,wall,30.0,27.0,-10.0
1746,95281,59.0,4,76,0.323522,0.6714,True,False,wall,40.0,29.0,-10.0
1747,95360,114.0,8,79,0.323252,0.6399,True,False,body,80.0,44.0,-10.0
1748,95428,58.0,3,68,0.32302,0.6667,True,False,wall,30.0,38.0,-10.0
1749,95553,136.0,8,125,0.322594,0.6702,True,False,body,80.0,66.0,-10.0
1750,95591,31.0,2,38,0.322464,0.703,True,False,wall,20.0,21.0,-10.0
1751,95785,207.0,10,194,0.321804,0.7669,True,False,body,100.0,117.0,-10.0
1752,95872,128.0,8,87,0.321509,0.672,True,False,wall,80.0,58.0,-10.0
1753,95903,41.0,3,31,0.321404,0.6678,True,False,body,30.0,21.0,-10.0
1754,96064,197.0,11,161,0.320858,0.6268,True,False,wall,110.0,97.0,-10.0
1755,96104,38.0,1,40,0.320723,0.7247,True,False,wall,10.0,38.0,-10.0
1756,96213,142.0,8,109,0.320354,0.6496,True,False,body,80.0,72.0,-10.0
1757,96240,24.0,2,27,0.320263,0.6129,True,False,wall,20.0,14.0,-10.0
1758,96328,69.0,4,88,0.319966,0.7435,True,False,wall,40.0,39.0,-10.0
1759,96448,141.0,8,120,0.319561,0.6832,True,False,body,80.0,71.0,-10.0
1760,96551,132.0,6,103,0.319214,0.7627,True,False,wall,60.0,82.0,-10.0
1761,96615,90.0,5,64,0.318999,0.6207,True,False,body,50.0,50.0,-10.0
1762,96629,8.0,1,14,0.318952,0.5999,True,False,wall,10.0,8.0,-10.0
1763,96693,67.0,4,64,0.318737,0.67,True,False,body,40.0,37.0,-10.0
1764,96704,7.0,1,11,0.3187,0.6648,True,False,wall,10.0,7.0,-10.0
1765,96721,7.0,1,17,0.318643,0.6217,True,False,wall,10.0,7.0,-10.0
1766,96816,99.0,5,95,0.318324,0.6378,True,False,body,50.0,59.0,-10.0
1767,96870,69.0,4,54,0.318143,0.7121,True,False,wall,40.0,39.0,-10.0
1768,96987,121.0,7,117,0.317751,0.703,True,False,body,70.0,61.0,-10.0
1769,97018,24.0,2,31,0.317647,0.6283,True,False,wall,20.0,14.0,-10.0
1770,97061,71.0,5,43,0.317503,0.7349,True,False,body,50.0,31.0,-10.0
1771,97131,71.0,4,70,0.317269,0.7244,True,False,wall,40.0,41.0,-10.0
1772,97177,59.0,4,46,0.317116,0.6588,True,False,body,40.0,29.0,-10.0
1773,97239,63.0,4,62,0.316909,0.6433,True,False,body,40.0,33.0,-10.0
1774,97291,50.0,3,52,0.316735,0.7674,True,False,body,30.0,30.0,-10.0
1775,97480,242.0,14,189,0.316106,0.6978,True,False,body,140.0,112.0,-10.0
1776,97551,73.0,5,71,0.31587,0.8459,True,False,body,50.0,33.0,-10.0
1777,97641,99.0,6,90,0.315571,0.8582,True,False,wall,60.0,49.0,-10.0
1778,97736,104.0,6,95,0.315256,0.7588,True,False,body,60.0,54.0,-10.0
1779,97764,12.0,1,28,0.315163,0.6721,True,False,wall,10.0,12.0,-10.0
1780,97839,84.0,6,75,0.314915,0.8807,True,False,wall,60.0,34.0,-10.0
1781,97849,17.0,2,10,0.314881,0.7587,True,False,wall,20.0,7.0,-10.0
1782,97933,91.0,6,84,0.314603,0.7153,True,False,body,60.0,41.0,-10.0
1783,98010,77.0,5,77,0.314349,0.6807,True,False,wall,50.0,37.0,-10.0
1784,98136,156.0,9,126,0.313933,0.6813,True,False,wall,90.0,76.0,-10.0
1785,98192,76.0,5,56,0.313748,0.6787,True,False,wall,50.0,36.0,-10.0
1786,98206,-1.0,0,14,0.313702,0.6695,True,False,wall,0.0,9.0,-10.0
1787,98303,127.0,7,97,0.313382,0.6908,True,False,body,70.0,67.0,-10.0
1788,98398,90.0,4,95,0.31307,0.7303,True,False,body,40.0,60.0,-10.0
1789,98436,18.0,1,38,0.312945,0.6385,True,False,wall,10.0,18.0,-10.0
1790,98450,12.0,1,14,0.312899,0.7057,True,False,wall,10.0,12.0,-10.0
1791,98498,55.0,4,48,0.312741,0.804,True,False,body,40.0,25.0,-10.0
1792,98539,54.0,4,41,0.312607,0.6929,True,False,body,40.0,24.0,-10.0
1793,98571,29.0,2,32,0.312502,0.7772,True,False,wall,20.0,19.0,-10.0
1794,98698,137.0,7,127,0.312085,0.7201,True,False,body,70.0,77.0,-10.0
1795,98760,50.0,3,62,0.311882,0.6659,True,False,body,30.0,30.0,-10.0
1796,98854,96.0,5,94,0.311575,0.6817,True,False,wall,50.0,56.0,-10.0
1797,98926,101.0,6,72,0.311339,0.6838,True,False,body,60.0,51.0,-10.0
1798,98987,66.0,4,61,0.31114,0.6442,True,False,body,40.0,36.0,-10.0
1799,99039,64.0,3,52,0.31097,0.6253,True,False,wall,30.0,44.0,-10.0
1800,99167,164.0,9,128,0.310553,0.7287,True,False,body,90.0,84.0,-10.0
1801,99201,29.0,2,34,0.310443,0.7314,True,False,wall,20.0,19.0,-10.0
1802,99226,26.0,2,25,0.310361,0.8014,True,False,wall,20.0,16.0,-10.0
1803,99235,7.0,1,9,0.310332,0.6341,True,False,wall,10.0,7.0,-10.0
1804,99259,23.0,2,24,0.310254,0.7915,True,False,wall,20.0,13.0,-10.0
1805,99350,102.0,6,91,0.309958,0.771,True,False,body,60.0,52.0,-10.0
1806,99418,88.0,5,68,0.309737,0.8369,True,False,body,50.0,48.0,-10.0
1807,99498,75.0,4,80,0.309477,0.7593,True,False,wall,40.0,45.0,-10.0
1808,99604,109.0,6,106,0.309134,0.7421,True,False,body,60.0,59.0,-10.0
1809,99640,31.0,2,36,0.309017,0.79,True,False,wall,20.0,21.0,-10.0
1810,99735,81.0,3,95,0.30871,0.686,True,False,body,30.0,61.0,-10.0
1811,99798,74.0,4,63,0.308506,0.6974,True,False,body,40.0,44.0,-10.0
1812,99862,75.0,4,64,0.308299,0.6419,True,False,wall,40.0,45.0,-10.0
1813,99972,123.0,8,110,0.307945,0.6196,True,False,body,80.0,53.0,-10.0
1814,100033,67.0,5,61,0.307748,0.6698,True,False,wall,50.0,27.0,-10.0
1815,100113,117.0,8,80,0.30749,0.7377,True,False,wall,80.0,47.0,-10.0
1816,100124,7.0,1,11,0.307455,0.6573,True,False,wall,10.0,7.0,-10.0
1817,100225,105.0,5,101,0.30713,0.8431,True,False,body,50.0,65.0,-10.0
1818,100321,110.0,7,96,0.306822,0.7285,True,False,body,70.0,50.0,-10.0
1819,100365,52.0,3,44,0.306681,0.6635,True,False,body,30.0,32.0,-10.0
1820,100377,8.0,1,12,0.306642,0.5894,True,False,wall,10.0,8.0,-10.0
1821,100414,54.0,4,37,0.306523,0.7338,True,False,body,40.0,24.0,-10.0
1822,100516,135.0,8,102,0.306197,0.7331,True,False,body,80.0,65.0,-10.0
1823,100587,84.0,6,71,0.305969,0.815,True,False,body,60.0,34.0,-10.0
1824,100623,40.0,3,36,0.305854,0.7787,True,False,body,30.0,20.0,-10.0
1825,100671,59.0,4,48,0.305701,0.6261,True,False,wall,40.0,29.0,-10.0
1826,100859,225.0,12,188,0.3051,0.7211,True,False,body,120.0,115.0,-10.0
1827,100918,55.0,3,59,0.304912,0.7916,True,False,body,30.0,35.0,-10.0
1828,101023,102.0,6,105,0.304578,0.722,True,False,body,60.0,52.0,-10.0
1829,101041,14.0,1,18,0.304521,0.5938,True,False,wall,10.0,14.0,-10.0
1830,101103,45.0,2,62,0.304324,0.7374,True,False,wall,20.0,35.0,-10.0
1831,101119,1.0,0,16,0.304273,0.6529,True,False,wall,0.0,11.0,-10.0
1832,101241,121.0,6,122,0.303885,0.7611,True,False,wall,60.0,71.0,-10.0
1833,101270,17.0,1,29,0.303793,0.6974,True,False,wall,10.0,17.0,-10.0
1834,101317,67.0,5,47,0.303644,0.6273,True,False,wall,50.0,27.0,-10.0
1835,101373,53.0,2,56,0.303467,0.7371,True,False,wall,20.0,43.0,-10.0
1836,101419,33.0,2,46,0.303321,0.8152,True,False,wall,20.0,23.0,-10.0
1837,101474,56.0,4,55,0.303147,0.8824,True,False,body,40.0,26.0,-10.0
1838,101488,12.0,1,14,0.303103,0.7355,True,False,wall,10.0,12.0,-10.0
1839,101508,23.0,2,20,0.303039,1.1347,True,False,wall,20.0,13.0,-10.0
1840,101561,51.0,3,53,0.302872,0.738,True,False,body,30.0,31.0,-10.0
1841,101586,17.0,1,25,0.302793,0.7103,True,False,wall,10.0,17.0,-10.0
1842,101622,29.0,2,36,0.302679,1.0664,True,False,wall,20.0,19.0,-10.0
1843,101684,77.0,4,62,0.302483,0.656,True,False,wall,40.0,47.0,-10.0
1844,101736,70.0,5,52,0.302319,0.7037,True,False,body,50.0,30.0,-10.0
1845,101781,62.0,4,45,0.302177,0.8656,True,False,wall,40.0,32.0,-10.0
1846,101834,86.0,6,53,0.30201,0.8229,True,False,body,60.0,36.0,-10.0
1847,101893,53.0,3,59,0.301824,0.7751,True,False,body,30.0,33.0,-10.0
1848,101928,45.0,3,35,0.301714,0.868,True,False,wall,30.0,25.0,-10.0
1849,102010,68.0,3,82,0.301456,0.74,True,False,body,30.0,48.0,-10.0
1850,102051,56.0,4,41,0.301328,0.7785,True,False,wall,40.0,26.0,-10.0
1851,102115,48.0,3,64,0.301127,0.6915,True,False,wall,30.0,28.0,-10.0
1852,102180,83.0,5,65,0.300923,0.6607,True,False,wall,50.0,43.0,-10.0
1853,102195,-2.0,0,15,0.300876,0.8503,True,False,wall,0.0,8.0,-10.0
1854,102276,78.0,4,81,0.300622,0.7825,True,False,body,40.0,48.0,-10.0
1855,102319,45.0,3,43,0.300487,0.8016,True,False,wall,30.0,25.0,-10.0
1856,102389,94.0,5,70,0.300268,0.6922,True,False,wall,50.0,54.0,-10.0
1857,102447,61.0,4,58,0.300087,0.7436,True,False,body,40.0,31.0,-10.0
1858,102464,2.0,0,17,0.300033,0.6164,True,False,wall,0.0,12.0,-10.0
1859,102489,19.0,1,25,0.299955,0.8526,True,False,wall,10.0,19.0,-10.0
1860,102550,51.0,3,61,0.299765,0.6881,True,False,wall,30.0,31.0,-10.0
1861,102571,9.0,1,21,0.299699,0.8371,True,False,wall,10.0,9.0,-10.0
1862,102607,34.0,3,36,0.299587,0.7228,True,False,wall,30.0,14.0,-10.0
1863,102667,67.0,4,60,0.2994,0.7572,True,False,wall,40.0,37.0,-10.0
1864,102731,98.0,7,64,0.2992,0.8018,True,False,body,70.0,38.0,-10.0
1865,102875,152.0,7,144,0.298752,0.7116,True,False,body,70.0,92.0,-10.0
1866,102928,49.0,3,53,0.298587,0.7717,True,False,body,30.0,29.0,-10.0
1867,103093,139.0,7,165,0.298075,0.765,True,False,body,70.0,79.0,-10.0
1868,103172,79.0,5,79,0.29783,0.8718,True,False,wall,50.0,39.0,-10.0
1869,103284,102.0,5,112,0.297484,0.7771,True,False,body,50.0,62.0,-10.0
1870,103361,73.0,5,77,0.297246,0.7764,True,False,body,50.0,33.0,-10.0
1871,103372,7.0,1,11,0.297212,0.7346,True,False,wall,10.0,7.0,-10.0
1872,103450,91.0,6,78,0.296971,0.8855,True,False,wall,60.0,41.0,-10.0
1873,103491,41.0,3,41,0.296844,0.89,True,False,wall,30.0,21.0,-10.0
1874,103529,68.0,5,38,0.296727,0.938,True,False,body,50.0,28.0,-10.0
1875,103586,50.0,2,57,0.296551,0.7915,True,False,wall,20.0,40.0,-10.0
1876,103658,90.0,5,72,0.296329,0.7156,True,False,body,50.0,50.0,-10.0
1877,103722,66.0,3,64,0.296132,0.7854,True,False,wall,30.0,46.0,-10.0
1878,103794,62.0,3,72,0.295911,0.7911,True,False,wall,30.0,42.0,-10.0
1879,103832,21.0,2,38,0.295794,0.6878,True,False,wall,20.0,11.0,-10.0
1880,103853,31.0,3,21,0.29573,0.6915,True,False,wall,30.0,11.0,-10.0
1881,104027,216.0,11,174,0.295196,0.7741,True,False,wall,110.0,116.0,-10.0
1882,104106,78.0,4,79,0.294954,0.6303,True,False,body,40.0,48.0,-10.0
1883,104241,131.0,7,135,0.294541,0.6629,True,False,wall,70.0,71.0,-10.0
1884,104263,10.0,1,22,0.294474,0.64,True,False,wall,10.0,10.0,-10.0
1885,104376,127.0,7,113,0.294129,0.7531,True,False,body,70.0,67.0,-10.0
1886,104454,82.0,5,78,0.293891,0.8175,True,False,body,50.0,42.0,-10.0
1887,104501,42.0,2,47,0.293747,0.6949,True,False,wall,20.0,32.0,-10.0
1888,104594,99.0,5,93,0.293464,0.6698,True,False,body,50.0,59.0,-10.0
1889,104674,85.0,4,80,0.293221,0.79,True,False,body,40.0,55.0,-10.0
1890,104721,49.0,3,47,0.293078,0.8003,True,False,wall,30.0,29.0,-10.0
1891,104808,105.0,5,87,0.292814,0.7022,True,False,wall,50.0,65.0,-10.0
1892,104835,22.0,2,27,0.292732,0.776,True,False,wall,20.0,12.0,-10.0
1893,104917,102.0,5,82,0.292483,0.7371,True,False,wall,50.0,62.0,-10.0
1894,104978,77.0,5,61,0.292298,0.778,True,False,body,50.0,37.0,-10.0
1895,104993,13.0,1,15,0.292253,0.6814,True,False,wall,10.0,13.0,-10.0
1896,105074,78.0,4,81,0.292008,0.7913,True,False,body,40.0,48.0,-10.0
1897,105120,59.0,4,46,0.291869,0.9557,True,False,body,40.0,29.0,-10.0
1898,105149,39.0,3,29,0.291781,0.6628,True,False,body,30.0,19.0,-10.0
1899,105236,69.0,3,87,0.291518,0.8577,True,False,body,30.0,49.0,-10.0
1900,105277,43.0,3,41,0.291394,0.9006,True,False,wall,30.0,23.0,-10.0
1901,105298,13.0,1,21,0.291331,0.9439,True,False,wall,10.0,13.0,-10.0
1902,105313,11.0,1,15,0.291286,0.8533,True,False,wall,10.0,11.0,-10.0
1903,105329,10.0,1,16,0.291238,0.7881,True,False,wall,10.0,10.0,-10.0
1904,105380,34.0,2,51,0.291084,0.8036,True,False,wall,20.0,24.0,-10.0
1905,105438,67.0,4,58,0.290909,0.8832,True,False,body,40.0,37.0,-10.0
1906,105592,164.0,9,154,0.290446,0.7013,True,False,wall,90.0,84.0,-10.0
1907,105613,24.0,2,21,0.290383,0.818,True,False,wall,20.0,14.0,-10.0
1908,105663,56.0,3,50,0.290233,0.6555,True,False,body,30.0,36.0,-10.0
1909,105683,21.0,2,20,0.290172,0.9293,True,False,wall,20.0,11.0,-10.0
1910,105752,68.0,4,69,0.289965,0.8228,True,False,wall,40.0,38.0,-10.0
1911,105897,171.0,9,145,0.289531,0.8592,True,False,wall,90.0,91.0,-10.0
1912,105927,33.0,2,30,0.289441,0.901,True,False,wall,20.0,23.0,-10.0
1913,106037,101.0,6,110,0.289112,0.6803,True,False,body,60.0,51.0,-10.0
1914,106048,7.0,1,11,0.289079,0.6535,True,False,wall,10.0,7.0,-10.0
1915,106085,56.0,4,37,0.288969,0.8329,True,False,body,40.0,26.0,-10.0
1916,106159,83.0,4,74,0.288748,0.7918,True,False,body,40.0,53.0,-10.0
1917,106262,110.0,6,103,0.28844,0.6825,True,False,wall,60.0,60.0,-10.0
1918,106386,147.0,8,124,0.288071,0.6755,True,False,body,80.0,77.0,-10.0
1919,106468,101.0,6,82,0.287827,0.869,True,False,wall,60.0,51.0,-10.0
1920,106675,201.0,11,207,0.287213,0.8192,True,False,body,110.0,101.0,-10.0
1921,106762,117.0,7,87,0.286955,0.8142,True,False,body,70.0,57.0,-10.0
1922,106790,26.0,3,28,0.286872,0.8889,True,False,body,30.0,6.0,-10.0
1923,106944,192.0,11,154,0.286416,0.8928,True,False,body,110.0,92.0,-10.0
1924,107004,48.0,3,60,0.286239,0.8585,True,False,body,30.0,28.0,-10.0
1925,107097,132.0,8,93,0.285965,0.8403,True,False,wall,80.0,62.0,-10.0
1926,107156,70.0,4,59,0.285791,0.9137,True,False,body,40.0,40.0,-10.0
1927,107281,164.0,10,125,0.285423,0.8995,True,False,body,100.0,74.0,-10.0
1928,107344,65.0,3,63,0.285237,0.85,True,False,wall,30.0,45.0,-10.0
1929,107358,-3.0,0,14,0.285196,0.7077,True,False,wall,0.0,7.0,-10.0
1930,107414,44.0,3,56,0.285032,0.8828,True,False,body,30.0,24.0,-10.0
1931,107430,1.0,0,16,0.284985,0.8833,True,False,wall,0.0,11.0,-10.0
1932,107441,0.0,0,11,0.284952,0.8457,True,False,wall,0.0,10.0,-10.0
1933,107503,67.0,4,62,0.28477,0.7811,True,False,body,40.0,37.0,-10.0
1934,107588,106.0,6,85,0.284521,0.7614,True,False,body,60.0,56.0,-10.0
1935,107610,12.0,1,22,0.284456,0.6997,True,False,wall,10.0,12.0,-10.0
1936,107638,20.0,1,28,0.284374,0.7339,True,False,wall,10.0,20.0,-10.0
1937,107679,47.0,3,41,0.284254,0.7731,True,False,body,30.0,27.0,-10.0
1938,107768,95.0,5,89,0.283994,0.7126,True,False,body,50.0,55.0,-10.0
1939,107795,35.0,3,27,0.283915,0.7598,True,False,body,30.0,15.0,-10.0
1940,107869,99.0,6,74,0.283699,0.6676,True,False,body,60.0,49.0,-10.0
1941,107904,46.0,4,35,0.283596,0.9377,True,False,body,40.0,16.0,-10.0
1942,107955,55.0,3,51,0.283448,0.6917,True,False,wall,30.0,35.0,-10.0
1943,108083,142.0,7,128,0.283074,0.7217,True,False,body,70.0,82.0,-10.0
1944,108226,159.0,9,143,0.282658,0.8061,True,False,body,90.0,79.0,-10.0
1945,108282,72.0,5,56,0.282495,0.8063,True,False,body,50.0,32.0,-10.0
1946,108294,10.0,1,12,0.28246,0.7797,True,False,wall,10.0,10.0,-10.0
1947,108309,1.0,1,15,0.282417,0.7659,True,False,wall,10.0,1.0,-10.0
1948,108396,106.0,6,87,0.282164,0.9438,True,False,body,60.0,56.0,-10.0
1949,108434,44.0,3,38,0.282054,0.8362,True,False,wall,30.0,24.0,-10.0
1950,108452,8.0,1,18,0.282002,0.7323,True,False,wall,10.0,8.0,-10.0
1951,108508,69.0,4,56,0.281839,0.6963,True,False,body,40.0,39.0,-10.0
1952,108559,53.0,3,51,0.281692,0.7223,True,False,body,30.0,33.0,-10.0
1953,108573,-1.0,0,14,0.281651,0.7054,True,False,wall,0.0,9.0,-10.0
1954,108601,40.0,3,28,0.28157,0.8419,True,False,body,30.0,20.0,-10.0
1955,108697,111.0,6,96,0.281292,0.7376,True,False,wall,60.0,61.0,-10.0
1956,108774,118.0,8,77,0.28107,0.6878,True,False,body,80.0,48.0,-10.0
1957,108838,74.0,5,64,0.280885,0.731,True,False,body,50.0,34.0,-10.0
1958,108851,-2.0,0,13,0.280847,0.606,True,False,wall,0.0,8.0,-10.0
1959,108867,21.0,2,16,0.280801,0.6513,True,False,wall,20.0,11.0,-10.0
1960,108944,123.0,7,77,0.280579,0.6462,True,False,body,70.0,63.0,-10.0
1961,109012,99.0,6,68,0.280383,0.8959,True,False,body,60.0,49.0,-10.0
1962,109143,154.0,8,131,0.280006,0.7705,True,False,body,80.0,84.0,-10.0
1963,109309,168.0,9,166,0.27953,0.8074,True,False,body,90.0,88.0,-10.0
1964,109368,64.0,4,59,0.27936,0.7384,True,False,wall,40.0,34.0,-10.0
1965,109434,70.0,3,66,0.279171,0.8948,True,False,wall,30.0,50.0,-10.0
1966,109480,42.0,3,46,0.27904,0.8272,True,False,body,30.0,22.0,-10.0
1967,109516,50.0,3,36,0.278937,0.8192,True,False,wall,30.0,30.0,-10.0
1968,109578,69.0,4,62,0.278759,0.9336,True,False,body,40.0,39.0,-10.0
1969,109639,85.0,5,61,0.278585,0.7751,True,False,wall,50.0,45.0,-10.0
1970,109713,87.0,6,74,0.278373,0.7674,True,False,body,60.0,37.0,-10.0
1971,109738,26.0,2,25,0.278302,0.8217,True,False,wall,20.0,16.0,-10.0
1972,109796,71.0,4,58,0.278137,0.9071,True,False,body,40.0,41.0,-10.0
1973,110006,210.0,13,210,0.277539,0.8516,True,False,body,130.0,90.0,-10.0
1974,110077,74.0,4,71,0.277337,0.9957,True,False,body,40.0,44.0,-10.0
1975,110126,69.0,5,49,0.277198,0.9362,True,False,body,50.0,29.0,-10.0
1976,110233,122.0,6,107,0.276894,0.846,True,False,body,60.0,72.0,-10.0
1977,110323,118.0,7,90,0.276639,0.7134,True,False,body,70.0,58.0,-10.0
1978,110333,6.0,1,10,0.27661,0.845,True,False,wall,10.0,6.0,-10.0
1979,110444,125.0,7,111,0.276296,0.927,True,False,wall,70.0,65.0,-10.0
1980,110460,-1.0,0,16,0.276251,0.9626,True,False,wall,0.0,9.0,-10.0
1981,110516,67.0,4,56,0.276093,0.8243,True,False,body,40.0,37.0,-10.0
1982,110606,98.0,5,90,0.275838,0.797,True,False,body,50.0,58.0,-10.0
1983,110625,11.0,1,19,0.275785,0.7994,True,False,wall,10.0,11.0,-10.0
1984,110708,106.0,6,83,0.275551,0.7039,True,False,body,60.0,56.0,-10.0
1985,110757,48.0,2,49,0.275413,0.7762,True,False,wall,20.0,38.0,-10.0
1986,110799,37.0,2,42,0.275294,0.7295,True,False,wall,20.0,27.0,-10.0
1987,110902,146.0,8,103,0.275004,0.7882,True,False,body,80.0,76.0,-10.0
1988,110981,89.0,5,79,0.274782,0.8294,True,False,body,50.0,49.0,-10.0
1989,111020,31.0,1,39,0.274673,0.7469,True,False,wall,10.0,31.0,-10.0
1990,111105,95.0,5,85,0.274434,0.7894,True,False,body,50.0,55.0,-10.0
1991,111220,127.0,7,115,0.274112,0.9101,True,False,body,70.0,67.0,-10.0
1992,111279,67.0,5,59,0.273947,0.8599,True,False,wall,50.0,27.0,-10.0
1993,111295,14.0,1,16,0.273902,1.0683,True,False,wall,10.0,14.0,-10.0
1994,111336,71.0,5,41,0.273787,0.7939,True,False,wall,50.0,31.0,-10.0
1995,111390,54.0,3,54,0.273636,0.7031,True,False,wall,30.0,34.0,-10.0
1996,111530,162.0,9,140,0.273245,0.9031,True,False,body,90.0,82.0,-10.0
1997,111625,109.0,5,95,0.27298,0.796,True,False,body,50.0,69.0,-10.0
1998,111721,113.0,6,96,0.272713,0.8451,True,False,body,60.0,63.0,-10.0
1999,111872,186.0,10,151,0.272293,0.7337,True,False,body,100.0,96.0,-10.0
2000,111987,157.0,9,115,0.271973,0.7938,True,False,body,90.0,77.0,-10.0
2001,112030,52.0,4,43,0.271854,0.7408,True,False,body,40.0,22.0,-10.0
2002,112056,12.0,1,26,0.271782,0.7681,True,False,wall,10.0,12.0,-10.0
2003,112070,10.0,1,14,0.271743,0.6558,True,False,wall,10.0,10.0,-10.0
2004,112109,43.0,3,39,0.271635,0.8337,True,False,body,30.0,23.0,-10.0
2005,112153,52.0,3,44,0.271513,0.7076,True,False,wall,30.0,32.0,-10.0
2006,112192,30.0,2,39,0.271405,0.7618,True,False,wall,20.0,20.0,-10.0
2007,112246,49.0,4,54,0.271256,0.7584,True,False,wall,40.0,19.0,-10.0
2008,112336,100.0,5,90,0.271007,0.8318,True,False,wall,50.0,60.0,-10.0
2009,112358,36.0,3,22,0.270946,0.7871,True,False,wall,30.0,16.0,-10.0
2010,112423,76.0,4,65,0.270767,0.6925,True,False,body,40.0,46.0,-10.0
2011,112496,78.0,4,73,0.270566,0.7392,True,False,body,40.0,48.0,-10.0
2012,112591,82.0,4,95,0.270304,0.8355,True,False,wall,40.0,52.0,-10.0
2013,112648,30.0,2,57,0.270147,0.7402,True,False,wall,20.0,20.0,-10.0
2014,112685,56.0,4,37,0.270045,0.7304,True,False,wall,40.0,26.0,-10.0
2015,112713,71.0,6,28,0.269968,0.7603,True,False,wall,60.0,21.0,-10.0
2016,112734,15.0,1,21,0.26991,0.8709,True,False,wall,10.0,15.0,-10.0
2017,112794,67.0,4,60,0.269745,0.7455,True,False,body,40.0,37.0,-10.0
2018,112831,41.0,3,37,0.269644,0.7391,True,False,wall,30.0,21.0,-10.0
2019,112883,75.0,4,52,0.269501,0.7598,True,False,body,40.0,45.0,-10.0
2020,112983,130.0,7,100,0.269227,0.7968,True,False,body,70.0,70.0,-10.0
2021,113027,40.0,3,44,0.269106,0.889,True,False,wall,30.0,20.0,-10.0
2022,113126,129.0,7,99,0.268835,0.8187,True,False,body,70.0,69.0,-10.0
2023,113181,51.0,3,55,0.268685,0.9051,True,False,body,30.0,31.0,-10.0
2024,113297,151.0,10,116,0.268368,0.7986,True,False,body,100.0,61.0,-10.0
2025,113348,70.0,4,51,0.268229,0.8014,True,False,body,40.0,40.0,-10.0
2026,113413,81.0,5,65,0.268052,0.719,True,False,wall,50.0,41.0,-10.0
2027,113565,180.0,9,152,0.267638,0.7623,True,False,body,90.0,100.0,-10.0
2028,113653,83.0,4,88,0.267399,0.9528,True,False,wall,40.0,53.0,-10.0
2029,113698,52.0,4,45,0.267276,0.7733,True,False,body,40.0,22.0,-10.0
2030,113753,66.0,4,55,0.267127,0.8233,True,False,wall,40.0,36.0,-10.0
2031,113859,109.0,6,106,0.266839,0.8225,True,False,wall,60.0,59.0,-10.0
2032,113891,27.0,2,32,0.266753,0.8387,True,False,wall,20.0,17.0,-10.0
2033,113942,71.0,5,51,0.266615,0.7123,True,False,body,50.0,31.0,-10.0
2034,113985,65.0,5,43,0.266498,0.7643,True,False,body,50.0,25.0,-10.0
2035,114047,63.0,4,62,0.26633,0.8279,True,False,wall,40.0,33.0,-10.0
2036,114077,42.0,3,30,0.266249,0.8074,True,False,wall,30.0,22.0,-10.0
2037,114146,91.0,5,69,0.266063,0.7157,True,False,body,50.0,51.0,-10.0
2038,114215,62.0,4,69,0.265877,0.7128,True,False,body,40.0,32.0,-10.0
2039,114352,158.0,10,137,0.265507,0.7311,True,False,body,100.0,68.0,-10.0
2040,114402,57.0,4,50,0.265373,0.9062,True,False,wall,40.0,27.0,-10.0
2041,114461,68.0,4,59,0.265214,0.8906,True,False,body,40.0,38.0,-10.0
2042,114552,97.0,5,91,0.264969,0.8829,True,False,wall,50.0,57.0,-10.0
2043,114594,57.0,4,42,0.264856,0.9305,True,False,wall,40.0,27.0,-10.0
2044,114733,149.0,9,139,0.264483,0.8578,True,False,wall,90.0,69.0,-10.0
2045,114837,86.0,5,104,0.264205,0.8179,True,False,body,50.0,46.0,-10.0
2046,114860,37.0,3,23,0.264143,0.9066,True,False,wall,30.0,17.0,-10.0
2047,114872,6.0,1,12,0.264111,0.8876,True,False,wall,10.0,6.0,-10.0
2048,114921,50.0,2,49,0.26398,0.8316,True,False,wall,20.0,40.0,-10.0
2049,114974,57.0,3,53,0.263838,0.8567,True,False,body,30.0,37.0,-10.0
2050,115035,78.0,4,61,0.263675,1.0662,True,False,wall,40.0,48.0,-10.0
2051,115055,12.0,1,20,0.263622,0.825,True,False,wall,10.0,12.0,-10.0
2052,115096,62.0,4,41,0.263512,0.7709,True,False,wall,40.0,32.0,-10.0
2053,115177,77.0,5,81,0.263296,0.7921,True,False,body,50.0,37.0,-10.0
2054,115270,112.0,6,93,0.263048,0.8178,True,False,wall,60.0,62.0,-10.0
2055,115302,42.0,3,32,0.262963,0.7072,True,False,body,30.0,22.0,-10.0
2056,115382,121.0,6,80,0.26275,0.8203,True,False,wall,60.0,71.0,-10.0
2057,115416,40.0,3,34,0.26266,0.7749,True,False,body,30.0,20.0,-10.0
2058,115577,148.0,8,161,0.262232,0.8301,True,False,body,80.0,78.0,-10.0
2059,115684,93.0,5,107,0.261949,1.0556,True,False,body,50.0,53.0,-10.0
2060,115725,53.0,3,41,0.26184,0.9528,True,False,wall,30.0,33.0,-10.0
2061,115774,45.0,3,49,0.26171,1.0155,True,False,wall,30.0,25.0,-10.0
2062,115848,77.0,4,74,0.261515,1.0116,True,False,body,40.0,47.0,-10.0
2063,115899,61.0,3,51,0.26138,0.8536,True,False,body,30.0,41.0,-10.0
2064,115931,40.0,3,32,0.261295,0.9694,True,False,body,30.0,20.0,-10.0
2065,116003,99.0,6,72,0.261105,0.8714,True,False,body,60.0,49.0,-10.0
2066,116065,80.0,5,62,0.260942,0.9168,True,False,body,50.0,40.0,-10.0
2067,116100,41.0,3,35,0.26085,0.8832,True,False,body,30.0,21.0,-10.0
2068,116172,75.0,4,72,0.26066,0.8627,True,False,body,40.0,45.0,-10.0
2069,116219,54.0,4,47,0.260536,0.8675,True,False,wall,40.0,24.0,-10.0
2070,116275,69.0,4,56,0.260389,0.8222,True,False,wall,40.0,39.0,-10.0
2071,116342,89.0,5,67,0.260213,0.8404,True,False,wall,50.0,49.0,-10.0
2072,116353,7.0,1,11,0.260184,0.8054,True,False,wall,10.0,7.0,-10.0
2073,116370,15.0,1,17,0.260139,0.7104,True,False,wall,10.0,15.0,-10.0
2074,116394,-3.0,0,24,0.260076,0.7693,True,False,wall,0.0,7.0,-10.0
2075,116488,126.0,7,94,0.259829,0.8112,True,False,wall,70.0,66.0,-10.0
2076,116635,194.0,10,147,0.259444,0.8359,True,False,body,100.0,104.0,-10.0
2077,116665,38.0,3,30,0.259366,0.799,True,False,body,30.0,18.0,-10.0
2078,116722,68.0,4,57,0.259217,0.7316,True,False,wall,40.0,38.0,-10.0
2079,116766,39.0,2,44,0.259101,0.7455,True,False,wall,20.0,29.0,-10.0
2080,116896,162.0,9,130,0.258762,0.8708,True,False,wall,90.0,82.0,-10.0
2081,116950,67.0,4,54,0.258621,0.7412,True,False,wall,40.0,37.0,-10.0
2082,116998,53.0,4,48,0.258496,0.8136,True,False,wall,40.0,23.0,-10.0
2083,117051,53.0,3,53,0.258358,0.8277,True,False,wall,30.0,33.0,-10.0
2084,117077,27.0,2,26,0.25829,0.9013,True,False,wall,20.0,17.0,-10.0
2085,117121,41.0,2,44,0.258176,0.8042,True,False,wall,20.0,31.0,-10.0
2086,117156,45.0,3,35,0.258085,0.835,True,False,body,30.0,25.0,-10.0
2087,117190,42.0,3,34,0.257996,0.7228,True,False,wall,30.0,22.0,-10.0
2088,117239,53.0,3,49,0.257869,0.7789,True,False,body,30.0,33.0,-10.0
2089,117338,119.0,7,99,0.257612,0.7574,True,False,body,70.0,59.0,-10.0
2090,117477,198.0,10,139,0.257251,0.8095,True,False,body,100.0,108.0,-10.0
2091,117497,16.0,1,20,0.2572,0.8347,True,False,wall,10.0,16.0,-10.0
2092,117543,46.0,3,46,0.25708,1.0137,True,False,wall,30.0,26.0,-10.0
2093,117661,153.0,8,118,0.256775,0.8154,True,False,body,80.0,83.0,-10.0
2094,117846,246.0,14,185,0.256298,0.9127,True,False,body,140.0,116.0,-10.0
2095,117861,9.0,1,15,0.256259,0.8153,True,False,wall,10.0,9.0,-10.0
2096,118020,177.0,9,159,0.255849,0.8545,True,False,wall,90.0,97.0,-10.0
2097,118083,81.0,5,63,0.255687,0.7926,True,False,body,50.0,41.0,-10.0
2098,118138,67.0,5,55,0.255546,0.9219,True,False,body,50.0,27.0,-10.0
2099,118197,83.0,5,59,0.255394,0.7469,True,False,body,50.0,43.0,-10.0
2100,118259,60.0,3,62,0.255235,0.74,True,False,body,30.0,40.0,-10.0
2101,118292,26.0,2,33,0.255151,0.8536,True,False,wall,20.0,16.0,-10.0
2102,118412,170.0,9,120,0.254843,0.7784,True,False,body,90.0,90.0,-10.0
2103,118446,46.0,3,34,0.254756,0.7523,True,False,body,30.0,26.0,-10.0
2104,118491,49.0,3,45,0.254641,0.8086,True,False,body,30.0,29.0,-10.0
2105,118590,108.0,6,99,0.254388,0.9135,True,False,wall,60.0,58.0,-10.0
2106,118616,38.0,3,26,0.254322,0.9836,True,False,body,30.0,18.0,-10.0
2107,118773,197.0,11,157,0.253921,0.8241,True,False,wall,110.0,97.0,-10.0
2108,118876,140.0,8,103,0.253659,0.8655,True,False,wall,80.0,70.0,-10.0
2109,118926,59.0,4,50,0.253531,0.7954,True,False,body,40.0,29.0,-10.0
2110,118941,2.0,0,15,0.253493,0.8016,True,False,wall,0.0,12.0,-10.0
2111,118982,41.0,3,41,0.253389,0.7977,True,False,body,30.0,21.0,-10.0
2112,119157,221.0,11,175,0.252944,0.845,True,False,wall,110.0,121.0,-10.0
2113,119263,93.0,6,106,0.252676,0.8016,True,False,wall,60.0,43.0,-10.0
2114,119350,128.0,8,87,0.252455,0.9397,True,False,wall,80.0,58.0,-10.0
2115,119519,202.0,10,169,0.252028,0.8942,True,False,body,100.0,112.0,-10.0
2116,119557,42.0,3,38,0.251932,0.8867,True,False,body,30.0,22.0,-10.0
2117,119634,100.0,6,77,0.251738,0.9102,True,False,body,60.0,50.0,-10.0
2118,119719,127.0,7,85,0.251524,0.8169,True,False,body,70.0,67.0,-10.0
2119,119862,184.0,10,143,0.251164,0.9208,True,False,wall,100.0,94.0,-10.0
2120,119975,150.0,8,113,0.25088,0.9152,True,False,wall,80.0,80.0,-10.0
2121,119997,10.0,1,22,0.250825,0.8522,True,False,wall,10.0,10.0,-10.0
2122,120011,19.0,2,14,0.25079,0.8442,True,False,wall,20.0,9.0,-10.0
2123,120118,164.0,10,107,0.250521,0.9676,True,False,body,100.0,74.0,-10.0
2124,120168,46.0,3,50,0.250396,0.7518,True,False,wall,30.0,26.0,-10.0
2125,120190,10.0,1,22,0.250341,0.8855,True,False,wall,10.0,10.0,-10.0
2126,120205,0.0,0,15,0.250303,0.8089,True,False,wall,0.0,10.0,-10.0
2127,120264,64.0,4,59,0.250156,0.7657,True,False,body,40.0,34.0,-10.0
2128,120284,14.0,1,20,0.250106,0.8688,True,False,wall,10.0,14.0,-10.0
2129,120306,21.0,2,22,0.25005,0.7114,True,False,wall,20.0,11.0,-10.0
2130,120350,43.0,2,44,0.24994,0.7984,True,False,wall,20.0,33.0,-10.0
2131,120396,69.0,4,46,0.249826,0.8378,True,False,wall,40.0,39.0,-10.0
2132,120452,61.0,4,56,0.249686,0.8264,True,False,wall,40.0,31.0,-10.0
2133,120489,56.0,4,37,0.249593,0.7633,True,False,wall,40.0,26.0,-10.0
2134,120649,180.0,9,160,0.249195,0.8441,True,False,body,90.0,100.0,-10.0
2135,120714,83.0,5,65,0.249033,1.002,True,False,body,50.0,43.0,-10.0
2136,120770,67.0,4,56,0.248894,0.7982,True,False,body,40.0,37.0,-10.0
2137,120847,98.0,6,77,0.248702,0.7907,True,False,body,60.0,48.0,-10.0
2138,120912,85.0,5,65,0.248541,0.914,True,False,wall,50.0,45.0,-10.0
2139,120993,118.0,8,81,0.24834,0.959,True,False,body,80.0,48.0,-10.0
2140,121045,42.0,3,52,0.248211,0.8193,True,False,wall,30.0,22.0,-10.0
2141,121126,92.0,4,81,0.24801,0.879,True,False,wall,40.0,62.0,-10.0
2142,121187,63.0,3,61,0.24786,0.8008,True,False,body,30.0,43.0,-10.0
2143,121203,10.0,1,16,0.24782,0.8972,True,False,wall,10.0,10.0,-10.0
2144,121303,138.0,9,100,0.247573,0.7597,True,False,body,90.0,58.0,-10.0
2145,121387,126.0,7,84,0.247365,0.8528,True,False,wall,70.0,66.0,-10.0
2146,121422,48.0,4,35,0.247279,0.888,True,False,wall,40.0,18.0,-10.0
2147,121472,74.0,5,50,0.247156,0.814,True,False,body,50.0,34.0,-10.0
2148,121504,46.0,3,32,0.247077,0.8691,True,False,body,30.0,26.0,-10.0
2149,121539,47.0,3,35,0.246991,0.7703,True,False,body,30.0,27.0,-10.0
2150,121622,118.0,6,83,0.246787,0.7856,True,False,body,60.0,68.0,-10.0
2151,121693,46.0,2,71,0.246612,0.8362,True,False,wall,20.0,36.0,-10.0
2152,121837,219.0,12,144,0.246258,0.8778,True,False,body,120.0,109.0,-10.0
2153,121991,194.0,11,154,0.245881,0.862,True,False,body,110.0,94.0,-10.0
2154,122049,48.0,3,58,0.245739,0.7539,True,False,body,30.0,28.0,-10.0
2155,122068,18.0,2,19,0.245693,0.8341,True,False,wall,20.0,8.0,-10.0
2156,122119,51.0,3,51,0.245568,0.8359,True,False,body,30.0,31.0,-10.0
2157,122213,133.0,8,94,0.245338,0.7772,True,False,body,80.0,63.0,-10.0
2158,122285,71.0,4,72,0.245162,0.9811,True,False,body,40.0,41.0,-10.0
2159,122304,31.0,3,19,0.245116,0.775,True,False,body,30.0,11.0,-10.0
2160,122339,41.0,3,35,0.245031,0.7086,True,False,body,30.0,21.0,-10.0
2161,122387,50.0,3,48,0.244914,1.0969,True,False,wall,30.0,30.0,-10.0
2162,122455,80.0,5,68,0.244748,0.8672,True,False,body,50.0,40.0,-10.0
2163,122479,29.0,2,24,0.24469,0.7829,True,False,wall,20.0,19.0,-10.0
2164,122610,147.0,7,131,0.244371,0.8214,True,False,body,70.0,87.0,-10.0
2165,122668,74.0,5,58,0.24423,0.792,True,False,wall,50.0,34.0,-10.0
2166,122687,26.0,2,19,0.244184,0.895,True,False,wall,20.0,16.0,-10.0
2167,122700,11.0,1,13,0.244153,1.1098,True,False,wall,10.0,11.0,-10.0
2168,122747,53.0,3,47,0.244039,0.8665,True,False,body,30.0,33.0,-10.0
2169,122829,94.0,5,82,0.24384,0.8657,True,False,body,50.0,54.0,-10.0
2170,122900,85.0,5,71,0.243668,0.8354,True,False,body,50.0,45.0,-10.0
2171,122949,78.0,6,49,0.243549,0.8216,True,False,body,60.0,28.0,-10.0
2172,122983,33.0,2,34,0.243467,0.842,True,False,wall,20.0,23.0,-10.0
2173,123151,243.0,14,168,0.243061,0.8872,True,False,wall,140.0,113.0,-10.0
2174,123189,55.0,4,38,0.24297,0.8968,True,False,body,40.0,25.0,-10.0
2175,123230,55.0,3,41,0.242871,0.9017,True,False,wall,30.0,35.0,-10.0
2176,123305,100.0,6,75,0.24269,0.9421,True,False,wall,60.0,50.0,-10.0
2177,123387,73.0,4,82,0.242493,0.7372,True,False,body,40.0,43.0,-10.0
2178,123434,58.0,4,47,0.242379,0.9089,True,False,wall,40.0,28.0,-10.0
2179,123468,33.0,2,34,0.242298,0.8013,True,False,wall,20.0,23.0,-10.0
2180,123545,113.0,7,77,0.242113,0.8365,True,False,body,70.0,53.0,-10.0
2181,123654,180.0,12,109,0.241851,0.7845,True,False,body,120.0,70.0,-10.0
2182,123764,146.0,9,110,0.241588,0.7644,True,False,body,90.0,66.0,-10.0
2183,123888,174.0,9,124,0.241291,0.8212,True,False,body,90.0,94.0,-10.0
2184,123943,53.0,3,55,0.241159,0.7533,True,False,body,30.0,33.0,-10.0
2185,124010,63.0,3,67,0.240999,0.7707,True,False,body,30.0,43.0,-10.0
2186,124113,126.0,6,103,0.240754,0.7809,True,False,wall,60.0,76.0,-10.0
2187,124141,27.0,2,28,0.240687,0.751,True,False,wall,20.0,17.0,-10.0
2188,124288,172.0,10,147,0.240337,0.8986,True,False,body,100.0,82.0,-10.0
2189,124336,72.0,5,48,0.240223,0.9186,True,False,body,50.0,32.0,-10.0
2190,124425,116.0,6,89,0.240011,0.8587,True,False,wall,60.0,66.0,-10.0
2191,124457,31.0,2,32,0.239935,0.9608,True,False,wall,20.0,21.0,-10.0
2192,124519,63.0,4,62,0.239788,1.0396,True,False,body,40.0,33.0,-10.0
2193,124627,145.0,8,108,0.239532,1.0745,True,False,wall,80.0,75.0,-10.0
2194,124677,72.0,5,50,0.239413,0.8055,True,False,wall,50.0,32.0,-10.0
2195,124703,29.0,2,26,0.239352,0.9028,True,False,wall,20.0,19.0,-10.0
2196,124759,59.0,4,56,0.239219,0.8535,True,False,body,40.0,29.0,-10.0
2197,124865,107.0,6,106,0.238969,0.8438,True,False,wall,60.0,57.0,-10.0
2198,124914,71.0,5,49,0.238853,0.8449,True,False,body,50.0,31.0,-10.0
2199,124969,70.0,4,55,0.238723,0.7907,True,False,body,40.0,40.0,-10.0
2200,125150,204.0,10,181,0.238297,0.806,True,False,body,100.0,114.0,-10.0
2201,125203,81.0,5,53,0.238172,0.7972,True,False,body,50.0,41.0,-10.0
2202,125225,16.0,1,22,0.23812,0.7883,True,False,wall,10.0,16.0,-10.0
2203,125251,38.0,3,26,0.238059,0.8952,True,False,body,30.0,18.0,-10.0
2204,125297,44.0,3,46,0.237951,1.0111,True,False,wall,30.0,24.0,-10.0
2205,125336,47.0,3,39,0.23786,0.7623,True,False,wall,30.0,27.0,-10.0
2206,125424,142.0,9,88,0.237653,0.9642,True,False,body,90.0,62.0,-10.0
2207,125457,52.0,4,33,0.237576,1.2492,True,False,body,40.0,22.0,-10.0
2208,125598,179.0,9,141,0.237245,0.8552,True,False,body,90.0,99.0,-10.0
2209,125735,144.0,8,137,0.236925,0.8636,True,False,body,80.0,74.0,-10.0
2210,125759,27.0,2,24,0.236869,1.0448,True,False,wall,20.0,17.0,-10.0
2211,125849,111.0,6,90,0.236659,0.9131,True,False,wall,60.0,61.0,-10.0
2212,125932,108.0,6,83,0.236465,0.8166,True,False,body,60.0,58.0,-10.0
2213,125999,87.0,5,67,0.236309,0.8504,True,False,wall,50.0,47.0,-10.0
2214,126096,123.0,7,97,0.236083,0.8948,True,False,body,70.0,63.0,-10.0
2215,126132,66.0,5,36,0.236,0.7707,True,False,body,50.0,26.0,-10.0
2216,126202,84.0,5,70,0.235837,0.9239,True,False,wall,50.0,44.0,-10.0
2217,126319,126.0,6,117,0.235565,0.895,True,False,body,60.0,76.0,-10.0
2218,126347,22.0,1,28,0.2355,0.8391,True,False,wall,10.0,22.0,-10.0
2219,126389,43.0,2,42,0.235403,0.944,True,False,wall,20.0,33.0,-10.0
2220,126487,119.0,6,98,0.235176,0.8443,True,False,body,60.0,69.0,-10.0
2221,126598,112.0,6,111,0.234919,0.8454,True,False,body,60.0,62.0,-10.0
2222,126611,11.0,1,13,0.234889,0.8932,True,False,wall,10.0,11.0,-10.0
2223,126623,8.0,1,12,0.234862,0.8327,True,False,wall,10.0,8.0,-10.0
2224,126655,42.0,3,32,0.234788,0.7803,True,False,body,30.0,22.0,-10.0
2225,126687,40.0,3,32,0.234714,0.7734,True,False,body,30.0,20.0,-10.0
2226,126699,10.0,1,12,0.234686,0.8601,True,False,wall,10.0,10.0,-10.0
2227,126790,121.0,7,91,0.234476,0.8245,True,False,body,70.0,61.0,-10.0
2228,126874,108.0,7,84,0.234282,0.8309,True,False,body,70.0,48.0,-10.0
2229,126968,144.0,9,94,0.234066,0.885,True,False,body,90.0,64.0,-10.0
2230,127097,175.0,9,129,0.23377,0.8637,True,False,body,90.0,95.0,-10.0
2231,127136,41.0,3,39,0.23368,0.8886,True,False,wall,30.0,21.0,-10.0
2232,127195,66.0,4,59,0.233545,1.0762,True,False,body,40.0,36.0,-10.0
2233,127281,141.0,8,86,0.233347,1.0148,True,False,body,80.0,71.0,-10.0
2234,127313,44.0,3,32,0.233274,0.9172,True,False,wall,30.0,24.0,-10.0
2235,127325,6.0,1,12,0.233247,0.8533,True,False,wall,10.0,6.0,-10.0
2236,127365,55.0,4,40,0.233155,1.0544,True,False,body,40.0,25.0,-10.0
2237,127433,101.0,6,68,0.232999,0.8901,True,False,body,60.0,51.0,-10.0
2238,127445,10.0,1,12,0.232972,0.8231,True,False,wall,10.0,10.0,-10.0
2239,127500,73.0,5,55,0.232846,1.063,True,False,body,50.0,33.0,-10.0
2240,127588,96.0,5,88,0.232645,0.8805,True,False,body,50.0,56.0,-10.0
2241,127614,14.0,1,26,0.232586,0.8686,True,False,wall,10.0,14.0,-10.0
2242,127658,52.0,3,44,0.232485,0.8859,True,False,wall,30.0,32.0,-10.0
2243,127671,2.0,0,13,0.232456,0.8832,True,False,wall,0.0,12.0,-10.0
2244,127764,109.0,7,93,0.232244,0.9084,True,False,body,70.0,49.0,-10.0
2245,127845,105.0,5,81,0.232059,0.8534,True,False,wall,50.0,65.0,-10.0
2246,127863,12.0,1,18,0.232018,0.7794,True,False,wall,10.0,12.0,-10.0
2247,127963,127.0,6,100,0.231791,0.974,True,False,body,60.0,77.0,-10.0
2248,127994,30.0,2,31,0.23172,0.8724,True,False,wall,20.0,20.0,-10.0
2249,128042,53.0,4,48,0.231611,0.9309,True,False,body,40.0,23.0,-10.0
2250,128145,144.0,8,103,0.231378,0.9984,True,False,body,80.0,74.0,-10.0
2251,128245,120.0,7,100,0.231151,0.975,True,False,body,70.0,60.0,-10.0
2252,128290,58.0,4,45,0.231049,0.9463,True,False,body,40.0,28.0,-10.0
2253,128340,76.0,5,50,0.230936,0.9266,True,False,body,50.0,36.0,-10.0
2254,128444,132.0,7,104,0.230701,0.8546,True,False,wall,70.0,72.0,-10.0
2255,128535,106.0,4,91,0.230496,0.9025,True,False,body,40.0,76.0,-10.0
2256,128666,199.0,11,131,0.2302,0.8702,True,False,wall,110.0,99.0,-10.0
2257,128718,52.0,3,52,0.230083,0.9542,True,False,body,30.0,32.0,-10.0
2258,128788,81.0,4,70,0.229926,0.807,True,False,wall,40.0,51.0,-10.0
2259,128836,52.0,3,48,0.229818,0.8369,True,False,body,30.0,32.0,-10.0
2260,128922,95.0,4,86,0.229625,0.869,True,False,body,40.0,65.0,-10.0
2261,128961,56.0,4,39,0.229537,0.8274,True,False,wall,40.0,26.0,-10.0
2262,129021,83.0,6,60,0.229403,0.8201,True,False,body,60.0,33.0,-10.0
2263,129046,24.0,2,25,0.229347,0.7613,True,False,wall,20.0,14.0,-10.0
2264,129115,77.0,5,69,0.229192,0.8244,True,False,wall,50.0,37.0,-10.0
2265,129149,39.0,2,34,0.229116,0.7591,True,False,wall,20.0,29.0,-10.0
2266,129350,250.0,14,201,0.228666,0.9033,True,False,body,140.0,120.0,-10.0
2267,129485,181.0,9,135,0.228365,0.937,True,False,wall,90.0,101.0,-10.0
2268,129540,53.0,3,55,0.228242,0.8793,True,False,wall,30.0,33.0,-10.0
2269,129659,159.0,9,119,0.227978,0.8033,True,False,body,90.0,79.0,-10.0
2270,129719,91.0,6,60,0.227844,0.8468,True,False,wall,60.0,41.0,-10.0
2271,129787,74.0,5,68,0.227693,0.8366,True,False,body,50.0,34.0,-10.0
2272,129854,79.0,5,67,0.227544,0.7873,True,False,wall,50.0,39.0,-10.0
2273,129892,60.0,5,38,0.22746,0.8066,True,False,body,50.0,20.0,-10.0
2274,129907,9.0,1,15,0.227427,0.7944,True,False,wall,10.0,9.0,-10.0
2275,129953,68.0,5,46,0.227325,0.9485,True,False,body,50.0,28.0,-10.0
2276,130025,87.0,4,72,0.227165,0.8276,True,False,body,40.0,57.0,-10.0
2277,130158,169.0,9,133,0.226871,0.9775,True,False,wall,90.0,89.0,-10.0
2278,130296,179.0,8,138,0.226566,0.9224,True,False,body,80.0,109.0,-10.0
2279,130347,65.0,5,51,0.226453,0.8937,True,False,wall,50.0,25.0,-10.0
2280,130436,132.0,8,89,0.226257,0.892,True,False,body,80.0,62.0,-10.0
2281,130517,85.0,5,81,0.226079,0.8811,True,False,body,50.0,45.0,-10.0
2282,130611,121.0,8,94,0.225872,0.9935,True,False,wall,80.0,51.0,-10.0
2283,130805,260.0,13,194,0.225446,0.8894,True,False,wall,130.0,140.0,-10.0
2284,130859,39.0,2,54,0.225328,0.9534,True,False,wall,20.0,29.0,-10.0
2285,130951,112.0,7,92,0.225126,0.9329,True,False,body,70.0,52.0,-10.0
2286,131030,81.0,5,79,0.224953,0.7925,True,False,wall,50.0,41.0,-10.0
2287,131075,58.0,4,45,0.224855,0.8057,True,False,body,40.0,28.0,-10.0
2288,131129,73.0,4,54,0.224737,0.99,True,False,body,40.0,43.0,-10.0
2289,131141,1.0,0,12,0.224711,0.837,True,False,wall,0.0,11.0,-10.0
2290,131214,76.0,4,73,0.224551,0.8377,True,False,wall,40.0,46.0,-10.0
2291,131279,96.0,6,65,0.22441,0.8502,True,False,body,60.0,46.0,-10.0
2292,131373,108.0,7,94,0.224205,0.8814,True,False,body,70.0,48.0,-10.0
2293,131474,125.0,7,101,0.223985,0.904,True,False,body,70.0,65.0,-10.0
2294,131522,39.0,2,48,0.223881,1.0227,True,False,wall,20.0,29.0,-10.0
2295,131559,43.0,3,37,0.2238,0.9978,True,False,body,30.0,23.0,-10.0
2296,131568,-4.0,0,9,0.223781,0.9998,True,False,wall,0.0,6.0,-10.0
2297,131647,98.0,6,79,0.223609,1.0787,True,False,body,60.0,48.0,-10.0
2298,131747,116.0,5,100,0.223392,0.9514,True,False,body,50.0,76.0,-10.0
2299,131842,106.0,6,95,0.223187,0.9199,True,False,body,60.0,56.0,-10.0
2300,131974,179.0,10,132,0.222901,0.9247,True,False,body,100.0,89.0,-10.0
2301,132148,221.0,12,174,0.222525,0.8222,True,False,body,120.0,111.0,-10.0
2302,132173,37.0,3,25,0.222472,0.9834,True,False,body,30.0,17.0,-10.0
2303,132285,175.0,10,112,0.22223,1.0739,True,False,wall,100.0,85.0,-10.0
2304,132519,314.0,17,234,0.221727,0.9785,True,False,body,170.0,154.0,-10.0
2305,132676,194.0,10,157,0.221391,0.9631,True,False,body,100.0,104.0,-10.0
2306,132709,41.0,3,33,0.22132,0.8571,True,False,body,30.0,21.0,-10.0
2307,132819,137.0,8,110,0.221084,0.9224,True,False,wall,80.0,67.0,-10.0
2308,132947,184.0,11,128,0.220811,0.961,True,False,body,110.0,84.0,-10.0
2309,133030,116.0,6,83,0.220634,0.9335,True,False,body,60.0,66.0,-10.0
2310,133074,61.0,4,44,0.22054,0.9213,True,False,wall,40.0,31.0,-10.0
2311,133218,169.0,10,144,0.220233,0.9716,True,False,wall,100.0,79.0,-10.0
2312,133274,82.0,5,56,0.220114,0.9087,True,False,body,50.0,42.0,-10.0
2313,133314,63.0,4,40,0.220029,0.9216,True,False,body,40.0,33.0,-10.0
2314,133508,244.0,15,194,0.219617,0.8689,True,False,body,150.0,104.0,-10.0
2315,133518,-3.0,0,10,0.219596,0.9528,True,False,wall,0.0,7.0,-10.0
2316,133604,122.0,7,86,0.219414,0.9149,True,False,body,70.0,62.0,-10.0
2317,133681,123.0,7,77,0.219251,1.0074,True,False,body,70.0,63.0,-10.0
2318,133703,23.0,2,22,0.219204,0.9156,True,False,wall,20.0,13.0,-10.0
2319,133853,236.0,13,150,0.218887,0.8778,True,False,body,130.0,116.0,-10.0
2320,133899,48.0,3,46,0.21879,0.797,True,False,body,30.0,28.0,-10.0
2321,133972,113.0,7,73,0.218636,0.805,True,False,body,70.0,53.0,-10.0
2322,134099,154.0,8,127,0.218369,0.8913,True,False,body,80.0,84.0,-10.0
2323,134212,168.0,10,113,0.218131,0.9708,True,False,wall,100.0,78.0,-10.0
2324,134278,79.0,4,66,0.217993,0.8194,True,False,wall,40.0,49.0,-10.0
2325,134292,10.0,1,14,0.217963,1.047,True,False,wall,10.0,10.0,-10.0
2326,134312,19.0,2,20,0.217921,1.0803,True,False,wall,20.0,9.0,-10.0
2327,134400,113.0,6,88,0.217737,0.948,True,False,wall,60.0,63.0,-10.0
2328,134545,174.0,8,145,0.217433,0.9207,True,False,body,80.0,104.0,-10.0
2329,134634,117.0,7,89,0.217247,0.8944,True,False,body,70.0,57.0,-10.0
2330,134782,186.0,9,148,0.216938,0.9283,True,False,body,90.0,106.0,-10.0
2331,134919,190.0,10,137,0.216652,0.9408,True,False,body,100.0,100.0,-10.0
2332,134974,62.0,4,55,0.216537,0.8262,True,False,wall,40.0,32.0,-10.0
2333,135022,67.0,4,48,0.216437,0.9302,True,False,wall,40.0,37.0,-10.0
2334,135095,109.0,7,73,0.216286,0.9198,True,False,body,70.0,49.0,-10.0
2335,135158,94.0,6,63,0.216155,0.8535,True,False,body,60.0,44.0,-10.0
2336,135221,100.0,6,63,0.216024,0.8876,True,False,body,60.0,50.0,-10.0
2337,135312,113.0,7,91,0.215835,0.9121,True,False,wall,70.0,53.0,-10.0
2338,135374,84.0,5,62,0.215707,1.0762,True,False,body,50.0,44.0,-10.0
2339,135502,146.0,9,128,0.215442,1.1165,True,False,body,90.0,66.0,-10.0
2340,135576,71.0,4,74,0.215289,1.0321,True,False,body,40.0,41.0,-10.0
2341,135599,37.0,3,23,0.215241,1.0965,True,False,wall,30.0,17.0,-10.0
2342,135625,29.0,2,26,0.215188,1.1192,True,False,wall,20.0,19.0,-10.0
2343,135783,192.0,11,158,0.214862,1.0418,True,False,body,110.0,92.0,-10.0
2344,135957,215.0,12,174,0.214504,0.9512,True,False,wall,120.0,105.0,-10.0
2345,136062,133.0,7,105,0.214288,1.04,True,False,body,70.0,73.0,-10.0
2346,136104,68.0,5,42,0.214202,0.9878,True,False,body,50.0,28.0,-10.0
2347,136202,119.0,6,98,0.214001,1.0828,True,False,wall,60.0,69.0,-10.0
2348,136277,111.0,7,75,0.213847,1.0281,True,False,wall,70.0,51.0,-10.0
2349,136313,33.0,2,36,0.213773,0.8702,True,False,wall,20.0,23.0,-10.0
2350,136437,153.0,8,124,0.21352,1.0591,True,False,body,80.0,83.0,-10.0
2351,136500,90.0,6,63,0.213391,1.0781,True,False,body,60.0,40.0,-10.0
2352,136581,91.0,5,81,0.213225,1.0027,True,False,body,50.0,51.0,-10.0
2353,136659,98.0,5,78,0.213066,0.9456,True,False,wall,50.0,58.0,-10.0
2354,136748,106.0,6,89,0.212885,0.9002,True,False,body,60.0,56.0,-10.0
2355,136857,122.0,6,109,0.212663,0.8909,True,False,body,60.0,72.0,-10.0
2356,136928,69.0,3,71,0.212519,0.8736,True,False,body,30.0,49.0,-10.0
2357,136972,61.0,4,44,0.21243,0.9507,True,False,wall,40.0,31.0,-10.0
2358,137037,102.0,6,65,0.212298,0.8326,True,False,body,60.0,52.0,-10.0
2359,137135,137.0,8,98,0.212099,0.8272,True,False,body,80.0,67.0,-10.0
2360,137225,104.0,5,90,0.211917,0.935,True,False,wall,50.0,64.0,-10.0
2361,137274,70.0,4,49,0.211818,0.8571,True,False,body,40.0,40.0,-10.0
2362,137333,59.0,3,59,0.211698,0.8532,True,False,wall,30.0,39.0,-10.0
2363,137478,221.0,13,145,0.211405,0.9717,True,False,body,130.0,101.0,-10.0
2364,137535,77.0,5,57,0.211291,0.8832,True,False,body,50.0,37.0,-10.0
2365,137758,247.0,13,223,0.210842,0.9456,True,False,wall,130.0,127.0,-10.0
2366,137807,59.0,3,49,0.210743,0.8071,True,False,body,30.0,39.0,-10.0
2367,137863,80.0,5,56,0.210631,0.9759,True,False,wall,50.0,40.0,-10.0
2368,137937,79.0,4,74,0.210482,0.9956,True,False,body,40.0,49.0,-10.0
2369,138138,204.0,12,201,0.210079,0.9055,True,False,wall,120.0,94.0,-10.0
2370,138200,104.0,7,62,0.209955,0.9136,True,False,body,70.0,44.0,-10.0
2371,138255,53.0,3,55,0.209845,0.947,True,False,wall,30.0,33.0,-10.0
2372,138292,45.0,3,37,0.209772,0.8659,True,False,body,30.0,25.0,-10.0
2373,138429,191.0,9,137,0.209498,0.8925,True,False,body,90.0,111.0,-10.0
2374,138521,113.0,6,92,0.209315,0.8591,True,False,wall,60.0,63.0,-10.0
2375,138648,194.0,10,127,0.209062,1.1079,True,False,body,100.0,104.0,-10.0
2376,138716,73.0,4,68,0.208927,1.012,True,False,body,40.0,43.0,-10.0
2377,138830,164.0,9,114,0.208701,0.8995,True,False,body,90.0,84.0,-10.0
2378,138841,9.0,1,11,0.208679,0.9401,True,False,wall,10.0,9.0,-10.0
2379,138887,53.0,4,46,0.208588,0.9798,True,False,body,40.0,23.0,-10.0
2380,138991,144.0,9,104,0.208382,0.8777,True,False,body,90.0,64.0,-10.0
2381,139050,84.0,6,59,0.208265,0.9028,True,False,wall,60.0,34.0,-10.0
2382,139212,204.0,11,162,0.207945,0.8742,True,False,body,110.0,104.0,-10.0
2383,139307,118.0,6,95,0.207757,0.998,True,False,body,60.0,68.0,-10.0
2384,139348,53.0,3,41,0.207676,0.8476,True,False,body,30.0,33.0,-10.0
2385,139495,210.0,12,147,0.207387,0.8305,True,False,body,120.0,100.0,-10.0
2386,139605,151.0,8,110,0.207171,0.8421,True,False,body,80.0,81.0,-10.0
2387,139672,93.0,5,67,0.207039,0.9186,True,False,wall,50.0,53.0,-10.0
2388,139760,117.0,6,88,0.206866,0.9087,True,False,body,60.0,67.0,-10.0
2389,139783,9.0,1,23,0.206821,1.0091,True,False,wall,10.0,9.0,-10.0
2390,139868,121.0,7,85,0.206655,0.9096,True,False,body,70.0,61.0,-10.0
2391,139959,140.0,8,91,0.206477,0.9163,True,False,body,80.0,70.0,-10.0
2392,140178,337.0,17,219,0.206049,0.9288,True,False,body,170.0,177.0,-10.0
2393,140318,211.0,12,140,0.205776,0.924,True,False,body,120.0,101.0,-10.0
2394,140434,155.0,8,116,0.20555,0.9422,True,False,body,80.0,85.0,-10.0
2395,140496,91.0,6,62,0.20543,1.0164,True,False,body,60.0,41.0,-10.0
2396,140564,80.0,5,68,0.205298,0.9346,True,False,body,50.0,40.0,-10.0
2397,140713,136.0,6,149,0.205009,0.9535,True,False,wall,60.0,86.0,-10.0
2398,140757,55.0,4,44,0.204924,1.2076,True,False,wall,40.0,25.0,-10.0
2399,140810,63.0,3,53,0.204821,1.0963,True,False,wall,30.0,43.0,-10.0
2400,140903,140.0,8,93,0.204641,0.9843,True,False,body,80.0,70.0,-10.0
2401,140959,72.0,5,56,0.204533,0.9061,True,False,body,50.0,32.0,-10.0
2402,140974,13.0,1,15,0.204504,0.9083,True,False,wall,10.0,13.0,-10.0
2403,141164,255.0,14,190,0.204137,0.9855,True,False,body,140.0,125.0,-10.0
2404,141332,213.0,10,168,0.203814,1.0472,True,False,wall,100.0,123.0,-10.0
2405,141359,43.0,3,27,0.203762,0.8639,True,False,wall,30.0,23.0,-10.0
2406,141457,120.0,7,98,0.203574,0.9881,True,False,wall,70.0,60.0,-10.0
2407,141501,48.0,3,44,0.20349,0.9759,True,False,body,30.0,28.0,-10.0
2408,141598,129.0,7,97,0.203304,0.8877,True,False,wall,70.0,69.0,-10.0
2409,141779,257.0,13,181,0.202957,0.9714,True,False,body,130.0,137.0,-10.0
2410,141823,50.0,3,44,0.202873,1.0226,True,False,wall,30.0,30.0,-10.0
2411,141837,8.0,1,14,0.202846,1.1289,True,False,wall,10.0,8.0,-10.0
2412,141885,61.0,4,48,0.202755,1.0463,True,False,wall,40.0,31.0,-10.0
2413,141936,49.0,3,51,0.202657,0.9715,True,False,body,30.0,29.0,-10.0
2414,141947,18.0,2,11,0.202636,0.9951,True,False,wall,20.0,8.0,-10.0
2415,141993,61.0,4,46,0.202548,0.9463,True,False,wall,40.0,31.0,-10.0
2416,142079,120.0,7,86,0.202385,0.8988,True,False,body,70.0,60.0,-10.0
2417,142153,110.0,7,74,0.202244,0.844,True,False,body,70.0,50.0,-10.0
2418,142224,98.0,6,71,0.202109,1.026,True,False,wall,60.0,48.0,-10.0
2419,142258,64.0,5,34,0.202044,1.0253,True,False,body,50.0,24.0,-10.0
2420,142293,50.0,4,35,0.201977,0.9298,True,False,body,40.0,20.0,-10.0
2421,142355,97.0,6,62,0.20186,0.8765,True,False,wall,60.0,47.0,-10.0
2422,142475,166.0,9,120,0.201632,0.8851,True,False,body,90.0,86.0,-10.0
2423,142540,59.0,3,65,0.201509,0.9287,True,False,body,30.0,39.0,-10.0
2424,142562,30.0,3,22,0.201467,0.883,True,False,wall,30.0,10.0,-10.0
2425,142596,46.0,3,34,0.201403,0.8429,True,False,wall,30.0,26.0,-10.0
2426,142688,132.0,7,92,0.201229,0.8884,True,False,body,70.0,72.0,-10.0
2427,142851,209.0,13,163,0.200921,0.9586,True,False,wall,130.0,89.0,-10.0
2428,142882,43.0,3,31,0.200863,0.8795,True,False,wall,30.0,23.0,-10.0
2429,143056,272.0,15,174,0.200535,0.9325,True,False,body,150.0,132.0,-10.0
2430,143102,65.0,4,46,0.200448,0.9911,True,False,wall,40.0,35.0,-10.0
2431,143151,55.0,3,49,0.200356,1.0187,True,False,body,30.0,35.0,-10.0
2432,143173,27.0,2,22,0.200315,0.8935,True,False,wall,20.0,17.0,-10.0
2433,143233,91.0,6,60,0.200202,0.8892,True,False,wall,60.0,41.0,-10.0
2434,143295,86.0,5,62,0.200086,0.8688,True,False,body,50.0,46.0,-10.0
2435,143370,97.0,5,75,0.199945,0.9153,True,False,body,50.0,57.0,-10.0
2436,143470,126.0,7,100,0.199758,0.8695,True,False,wall,70.0,66.0,-10.0
2437,143574,135.0,8,104,0.199563,0.8926,True,False,body,80.0,65.0,-10.0
2438,143633,84.0,6,59,0.199453,0.9577,True,False,body,60.0,34.0,-10.0
2439,143720,127.0,9,87,0.199291,0.8888,True,False,body,90.0,47.0,-10.0
2440,143881,228.0,12,161,0.19899,0.972,True,False,wall,120.0,118.0,-10.0
2441,143938,78.0,4,57,0.198884,1.1352,True,False,wall,40.0,48.0,-10.0
2442,144025,130.0,8,87,0.198723,1.1161,True,False,body,80.0,60.0,-10.0
2443,144059,48.0,3,34,0.198659,0.9257,True,False,body,30.0,28.0,-10.0
2444,144199,195.0,10,140,0.198399,1.0826,True,False,body,100.0,105.0,-10.0
2445,144237,50.0,3,38,0.198329,1.0509,True,False,body,30.0,30.0,-10.0
2446,144272,34.0,2,35,0.198264,0.8806,True,False,wall,20.0,24.0,-10.0
2447,144479,259.0,13,207,0.197881,0.9049,True,False,wall,130.0,139.0,-10.0
2448,144532,81.0,5,53,0.197783,0.8753,True,False,body,50.0,41.0,-10.0
2449,144578,70.0,5,46,0.197698,0.9201,True,False,body,50.0,30.0,-10.0
2450,144686,145.0,8,108,0.197499,0.9711,True,False,body,80.0,75.0,-10.0
2451,144737,53.0,3,51,0.197405,1.1498,True,False,wall,30.0,33.0,-10.0
2452,144949,265.0,12,212,0.197015,0.9934,True,False,body,120.0,155.0,-10.0
2453,145115,258.0,15,166,0.19671,0.9359,True,False,body,150.0,118.0,-10.0
2454,145203,105.0,6,88,0.196549,0.9721,True,False,wall,60.0,55.0,-10.0
2455,145311,178.0,11,108,0.196351,0.9461,True,False,body,110.0,78.0,-10.0
2456,145401,129.0,8,90,0.196186,0.9702,True,False,body,80.0,59.0,-10.0
2457,145552,216.0,12,151,0.195911,0.8731,True,False,body,120.0,106.0,-10.0
2458,145566,12.0,1,14,0.195885,1.1244,True,False,wall,10.0,12.0,-10.0
2459,145624,64.0,3,58,0.195779,0.8695,True,False,wall,30.0,44.0,-10.0
2460,145814,270.0,15,190,0.195434,0.9163,True,False,body,150.0,130.0,-10.0
2461,145948,170.0,9,134,0.19519,0.939,True,False,body,90.0,90.0,-10.0
2462,146087,196.0,10,139,0.194938,1.0501,True,False,wall,100.0,106.0,-10.0
2463,146140,81.0,5,53,0.194842,0.943,True,False,wall,50.0,41.0,-10.0
2464,146168,31.0,2,28,0.194791,0.8881,True,False,wall,20.0,21.0,-10.0
2465,146295,152.0,8,127,0.194562,0.9133,True,False,wall,80.0,82.0,-10.0
2466,146480,231.0,13,185,0.194228,1.0143,True,False,body,130.0,111.0,-10.0
2467,146524,61.0,4,44,0.194149,1.0005,True,False,body,40.0,31.0,-10.0
2468,146607,83.0,5,83,0.193999,1.0152,True,False,wall,50.0,43.0,-10.0
2469,146761,197.0,10,154,0.193722,0.9676,True,False,body,100.0,107.0,-10.0
2470,146772,7.0,1,11,0.193702,0.969,True,False,wall,10.0,7.0,-10.0
2471,146905,206.0,12,133,0.193464,1.0204,True,False,wall,120.0,96.0,-10.0
2472,146980,100.0,6,75,0.193329,0.934,True,False,wall,60.0,50.0,-10.0
2473,147204,335.0,18,224,0.192929,0.9687,True,False,wall,180.0,165.0,-10.0
2474,147279,129.0,9,75,0.192795,0.96,True,False,wall,90.0,49.0,-10.0
2475,147362,123.0,7,83,0.192647,0.9368,True,False,wall,70.0,63.0,-10.0
2476,147406,81.0,6,44,0.192568,0.8951,True,False,body,60.0,31.0,-10.0
2477,147504,147.0,8,98,0.192394,0.9537,True,False,body,80.0,77.0,-10.0
2478,147536,44.0,3,32,0.192337,0.8995,True,False,body,30.0,24.0,-10.0
2479,147651,132.0,6,115,0.192132,0.9825,True,False,wall,60.0,82.0,-10.0
2480,147692,57.0,3,41,0.192059,0.9105,True,False,wall,30.0,37.0,-10.0
2481,147796,118.0,7,104,0.191875,0.9685,True,False,wall,70.0,58.0,-10.0
2482,147826,38.0,3,30,0.191822,0.9674,True,False,wall,30.0,18.0,-10.0
2483,147896,94.0,5,70,0.191698,0.9304,True,False,body,50.0,54.0,-10.0
2484,147943,59.0,3,47,0.191614,0.966,True,False,wall,30.0,39.0,-10.0
2485,147972,9.0,1,29,0.191563,0.8822,True,False,wall,10.0,9.0,-10.0
2486,148079,132.0,6,107,0.191374,0.8923,True,False,wall,60.0,82.0,-10.0
2487,148195,171.0,10,116,0.191169,0.8776,True,False,body,100.0,81.0,-10.0
2488,148206,-4.0,0,11,0.19115,0.8593,True,False,wall,0.0,6.0,-10.0
2489,148359,206.0,12,153,0.19088,0.8404,True,False,wall,120.0,96.0,-10.0
2490,148373,10.0,1,14,0.190855,0.7981,True,False,wall,10.0,10.0,-10.0
2491,148423,70.0,5,50,0.190767,0.8777,True,False,body,50.0,30.0,-10.0
2492,148535,180.0,11,112,0.19057,0.9052,True,False,body,110.0,80.0,-10.0
2493,148599,75.0,4,64,0.190458,0.8988,True,False,wall,40.0,45.0,-10.0
2494,148754,250.0,14,155,0.190186,0.9945,True,False,body,140.0,120.0,-10.0
2495,148825,91.0,5,71,0.190062,0.9992,True,False,body,50.0,51.0,-10.0
2496,148902,110.0,6,77,0.189927,0.8998,True,False,body,60.0,60.0,-10.0
2497,148965,107.0,7,63,0.189817,0.9182,True,False,body,70.0,47.0,-10.0
2498,149116,231.0,13,151,0.189553,0.9019,True,False,body,130.0,111.0,-10.0
2499,149180,77.0,4,64,0.189441,0.8561,True,False,body,40.0,47.0,-10.0
2500,149281,124.0,6,101,0.189266,0.9141,True,False,wall,60.0,74.0,-10.0
2501,149390,162.0,10,109,0.189076,0.8979,True,False,body,100.0,72.0,-10.0
2502,149493,159.0,9,103,0.188897,1.0323,True,False,body,90.0,79.0,-10.0
2503,149518,41.0,3,25,0.188854,0.8447,True,False,wall,30.0,21.0,-10.0
2504,149591,95.0,5,73,0.188727,0.8866,True,False,wall,50.0,55.0,-10.0
2505,149655,63.0,4,64,0.188616,0.9797,True,False,wall,40.0,33.0,-10.0
2506,149740,115.0,7,85,0.188469,1.0225,True,False,body,70.0,55.0,-10.0
2507,149864,193.0,12,124,0.188254,1.1125,True,False,body,120.0,83.0,-10.0
2508,149879,13.0,1,15,0.188228,1.0008,True,False,wall,10.0,13.0,-10.0
2509,149947,106.0,7,68,0.188111,1.0381,True,False,body,70.0,46.0,-10.0
2510,150009,90.0,5,62,0.188004,0.9423,True,False,body,50.0,50.0,-10.0
2511,150157,176.0,9,148,0.187749,1.1374,True,False,body,90.0,96.0,-10.0
2512,150246,119.0,7,89,0.187596,1.0202,True,False,wall,70.0,59.0,-10.0
2513,150290,48.0,3,44,0.18752,0.9843,True,False,wall,30.0,28.0,-10.0
2514,150460,242.0,13,170,0.187228,1.093,True,False,body,130.0,122.0,-10.0
2515,150508,67.0,4,48,0.187146,1.1773,True,False,wall,40.0,37.0,-10.0
2516,150517,7.0,1,9,0.18713,0.9353,True,False,wall,10.0,7.0,-10.0
2517,150653,209.0,10,136,0.186897,1.0284,True,False,wall,100.0,119.0,-10.0
2518,150868,312.0,16,215,0.18653,1.1065,True,False,body,160.0,162.0,-10.0
2519,150929,75.0,5,61,0.186426,0.9808,True,False,wall,50.0,35.0,-10.0
2520,151009,96.0,5,80,0.18629,0.9795,True,False,wall,50.0,56.0,-10.0
2521,151098,119.0,7,89,0.186138,1.0113,True,False,wall,70.0,59.0,-10.0
2522,151219,153.0,9,121,0.185932,0.9639,True,False,wall,90.0,73.0,-10.0
2523,151236,15.0,1,17,0.185903,1.1853,True,False,wall,10.0,15.0,-10.0
2524,151265,54.0,4,29,0.185854,0.8605,True,False,wall,40.0,24.0,-10.0
2525,151294,43.0,3,29,0.185805,0.9469,True,False,body,30.0,23.0,-10.0
2526,151362,91.0,6,68,0.18569,1.1091,True,False,body,60.0,41.0,-10.0
2527,151483,170.0,10,121,0.185485,0.9956,True,False,body,100.0,80.0,-10.0
2528,151628,183.0,11,145,0.185239,0.9956,True,False,body,110.0,83.0,-10.0
2529,151769,183.0,11,141,0.185001,1.0237,True,False,body,110.0,83.0,-10.0
2530,151790,13.0,1,21,0.184966,0.7863,True,False,wall,10.0,13.0,-10.0
2531,151828,57.0,4,38,0.184901,1.0918,True,False,body,40.0,27.0,-10.0
2532,151864,52.0,3,36,0.184841,0.9606,True,False,wall,30.0,32.0,-10.0
2533,151905,38.0,2,41,0.184772,0.9825,True,False,wall,20.0,28.0,-10.0
2534,151964,72.0,4,59,0.184672,0.9332,True,False,body,40.0,42.0,-10.0
2535,152035,114.0,8,71,0.184553,0.9534,True,False,body,80.0,44.0,-10.0
2536,152086,86.0,6,51,0.184467,0.8952,True,False,body,60.0,36.0,-10.0
2537,152125,38.0,2,39,0.184402,1.0036,True,False,wall,20.0,28.0,-10.0
2538,152179,89.0,6,54,0.184311,0.9338,True,False,body,60.0,39.0,-10.0
2539,152372,196.0,10,193,0.183987,0.9714,True,False,body,100.0,106.0,-10.0
2540,152454,129.0,8,82,0.18385,1.0251,True,False,body,80.0,59.0,-10.0
2541,152501,68.0,4,47,0.183771,0.9284,True,False,body,40.0,38.0,-10.0
2542,152603,153.0,8,102,0.183601,0.869,True,False,body,80.0,83.0,-10.0
2543,152740,223.0,13,137,0.183372,1.1163,True,False,body,130.0,103.0,-10.0
2544,152833,133.0,7,93,0.183217,1.1368,True,False,wall,70.0,73.0,-10.0
2545,152874,58.0,4,41,0.183149,0.9139,True,False,body,40.0,28.0,-10.0
2546,153058,252.0,13,184,0.182843,1.0117,True,False,body,130.0,132.0,-10.0
2547,153071,11.0,1,13,0.182822,0.842,True,False,wall,10.0,11.0,-10.0
2548,153200,162.0,10,129,0.182608,1.0849,True,False,body,100.0,72.0,-10.0
2549,153351,193.0,11,151,0.182358,1.1372,True,False,body,110.0,93.0,-10.0
2550,153430,121.0,7,79,0.182227,1.0521,True,False,body,70.0,61.0,-10.0
2551,153465,52.0,4,35,0.182169,0.9211,True,False,body,40.0,22.0,-10.0
2552,153565,123.0,6,100,0.182004,0.9888,True,False,wall,60.0,73.0,-10.0
2553,153607,48.0,3,42,0.181935,0.9946,True,False,wall,30.0,28.0,-10.0
2554,153642,45.0,3,35,0.181877,1.0457,True,False,body,30.0,25.0,-10.0
2555,153758,138.0,7,116,0.181686,1.0765,True,False,wall,70.0,78.0,-10.0
2556,153799,62.0,4,41,0.181618,1.1585,True,False,body,40.0,32.0,-10.0
2557,153919,187.0,12,120,0.181421,0.9465,True,False,body,120.0,77.0,-10.0
2558,154082,228.0,12,163,0.181154,1.1387,True,False,body,120.0,118.0,-10.0
2559,154110,45.0,4,28,0.181108,0.9922,True,False,body,40.0,15.0,-10.0
2560,154143,65.0,5,33,0.181054,1.0557,True,False,wall,50.0,25.0,-10.0
2561,154234,128.0,8,91,0.180905,1.0807,True,False,body,80.0,58.0,-10.0
2562,154336,118.0,5,102,0.180738,1.1182,True,False,wall,50.0,78.0,-10.0
2563,154370,42.0,3,34,0.180682,1.1572,True,False,body,30.0,22.0,-10.0
2564,154448,114.0,7,78,0.180555,0.9653,True,False,wall,70.0,54.0,-10.0
2565,154584,200.0,11,136,0.180333,0.9671,True,False,body,110.0,100.0,-10.0
2566,154757,240.0,12,173,0.180052,0.9924,True,False,body,120.0,130.0,-10.0
2567,154898,219.0,13,141,0.179823,0.993,True,False,body,130.0,99.0,-10.0
2568,154973,115.0,7,75,0.179701,0.9649,True,False,body,70.0,55.0,-10.0
2569,155044,118.0,8,71,0.179586,1.0133,True,False,body,80.0,48.0,-10.0
2570,155071,48.0,4,27,0.179542,0.9416,True,False,body,40.0,18.0,-10.0
2571,155197,156.0,7,126,0.179338,1.0325,True,False,wall,70.0,96.0,-10.0
2572,155296,120.0,6,99,0.179178,1.0225,True,False,wall,60.0,70.0,-10.0
2573,155340,52.0,3,44,0.179107,1.1138,True,False,body,30.0,32.0,-10.0
2574,155486,219.0,12,146,0.178872,1.1249,True,False,body,120.0,109.0,-10.0
2575,155602,165.0,8,116,0.178685,1.088,True,False,body,80.0,95.0,-10.0
2576,155647,51.0,3,45,0.178613,1.0093,True,False,wall,30.0,31.0,-10.0
2577,155949,426.0,23,302,0.178128,0.9946,True,False,body,230.0,206.0,-10.0
2578,156045,132.0,7,96,0.177975,0.9937,True,False,body,70.0,72.0,-10.0
2579,156080,30.0,2,35,0.177919,1.1559,True,False,wall,20.0,20.0,-10.0
2580,156141,94.0,6,61,0.177821,0.9326,True,False,body,60.0,44.0,-10.0
2581,156326,271.0,15,185,0.177526,0.9896,True,False,body,150.0,131.0,-10.0
2582,156377,68.0,4,51,0.177445,0.961,True,False,wall,40.0,38.0,-10.0
2583,156446,104.0,6,69,0.177335,0.9464,True,False,wall,60.0,54.0,-10.0
2584,156497,81.0,5,51,0.177254,1.0369,True,False,body,50.0,41.0,-10.0
2585,156565,104.0,7,68,0.177146,1.3432,True,False,wall,70.0,44.0,-10.0
2586,156676,165.0,9,111,0.176969,1.1203,True,False,wall,90.0,85.0,-10.0
2587,156870,264.0,15,194,0.176662,1.0962,True,False,wall,150.0,124.0,-10.0
2588,156964,144.0,9,94,0.176513,0.9632,True,False,body,90.0,64.0,-10.0
2589,157132,214.0,11,168,0.176248,0.9496,True,False,wall,110.0,114.0,-10.0
2590,157215,95.0,5,83,0.176117,1.09,True,False,wall,50.0,55.0,-10.0
2591,157262,56.0,4,47,0.176043,0.9678,True,False,body,40.0,26.0,-10.0
2592,157397,200.0,12,135,0.17583,1.1909,True,False,body,120.0,90.0,-10.0
2593,157469,92.0,5,72,0.175717,1.2277,True,False,wall,50.0,52.0,-10.0
2594,157543,110.0,7,74,0.175601,1.0237,True,False,wall,70.0,50.0,-10.0
2595,157679,212.0,13,136,0.175387,0.9917,True,False,wall,130.0,92.0,-10.0
2596,157804,169.0,9,125,0.175192,1.0315,True,False,body,90.0,89.0,-10.0
2597,157846,59.0,4,42,0.175126,0.9973,True,False,body,40.0,29.0,-10.0
2598,157909,71.0,3,63,0.175027,1.0453,True,False,body,30.0,51.0,-10.0
2599,158186,359.0,17,277,0.174595,1.0404,True,False,wall,170.0,199.0,-10.0
2600,158273,115.0,7,87,0.17446,1.002,True,False,wall,70.0,55.0,-10.0
2601,158353,95.0,4,80,0.174335,1.0381,True,False,body,40.0,65.0,-10.0
2602,158438,143.0,9,85,0.174203,1.0841,True,False,wall,90.0,63.0,-10.0
2603,158528,118.0,7,90,0.174064,0.9967,True,False,body,70.0,58.0,-10.0
2604,158574,56.0,3,46,0.173992,1.037,True,False,wall,30.0,36.0,-10.0
2605,158582,-3.0,0,8,0.17398,0.798,True,False,wall,0.0,7.0,-10.0
2606,158670,140.0,9,88,0.173844,0.8928,True,False,wall,90.0,60.0,-10.0
2607,158742,80.0,5,72,0.173732,1.0325,True,False,body,50.0,40.0,-10.0
2608,158752,-1.0,0,10,0.173717,0.9718,True,False,wall,0.0,9.0,-10.0
2609,158819,102.0,6,67,0.173613,1.0058,True,False,body,60.0,52.0,-10.0
2610,158896,107.0,5,77,0.173494,0.9797,True,False,wall,50.0,67.0,-10.0
2611,159001,157.0,9,105,0.173332,0.9738,True,False,body,90.0,77.0,-10.0
2612,159119,161.0,10,118,0.173151,1.0582,True,False,body,100.0,71.0,-10.0
2613,159211,121.0,6,92,0.173009,1.1806,True,False,body,60.0,71.0,-10.0
2614,159457,329.0,18,246,0.172631,1.0733,True,False,body,180.0,159.0,-10.0
2615,159498,40.0,2,41,0.172568,0.9994,True,False,wall,20.0,30.0,-10.0
2616,159574,107.0,6,76,0.172452,1.1102,True,False,wall,60.0,57.0,-10.0
2617,159611,60.0,4,37,0.172395,1.2633,True,False,wall,40.0,30.0,-10.0
2618,159643,18.0,1,32,0.172347,0.9889,True,False,wall,10.0,18.0,-10.0
2619,159725,100.0,5,82,0.172221,1.0002,True,False,wall,50.0,60.0,-10.0
2620,159791,106.0,7,66,0.17212,1.0182,True,False,body,70.0,46.0,-10.0
2621,159878,149.0,9,87,0.171988,1.0225,True,False,wall,90.0,69.0,-10.0
2622,159902,29.0,2,24,0.171951,0.9679,True,False,wall,20.0,19.0,-10.0
2623,159989,106.0,6,87,0.171819,1.1367,True,False,body,60.0,56.0,-10.0
2624,160042,88.0,6,53,0.171738,0.9992,True,False,wall,60.0,38.0,-10.0
2625,160092,56.0,3,50,0.171662,1.0781,True,False,body,30.0,36.0,-10.0
2626,160159,89.0,5,67,0.17156,1.1484,True,False,body,50.0,49.0,-10.0
2627,160255,111.0,6,96,0.171414,1.093,True,False,body,60.0,61.0,-10.0
2628,160273,10.0,1,18,0.171387,0.9609,True,False,wall,10.0,10.0,-10.0
2629,160345,79.0,4,72,0.171278,1.166,True,False,wall,40.0,49.0,-10.0
2630,160404,67.0,5,59,0.171188,1.0719,True,False,wall,50.0,27.0,-10.0
2631,160511,168.0,10,107,0.171026,1.0347,True,False,body,100.0,78.0,-10.0
2632,160598,124.0,8,87,0.170895,1.0012,True,False,body,80.0,54.0,-10.0
2633,160645,62.0,4,47,0.170824,1.0956,True,False,body,40.0,32.0,-10.0
2634,160744,138.0,8,99,0.170674,0.9807,True,False,body,80.0,68.0,-10.0
2635,160964,351.0,20,220,0.170343,1.0324,True,False,body,200.0,161.0,-10.0
2636,161037,96.0,6,73,0.170233,0.9053,True,False,body,60.0,46.0,-10.0
2637,161085,58.0,3,48,0.170161,0.8659,True,False,wall,30.0,38.0,-10.0
2638,161312,280.0,16,227,0.16982,1.0641,True,False,wall,160.0,130.0,-10.0
2639,161328,12.0,1,16,0.169797,1.0501,True,False,wall,10.0,12.0,-10.0
2640,161374,78.0,5,46,0.169728,0.9953,True,False,body,50.0,38.0,-10.0
2641,161468,117.0,6,94,0.169587,0.9773,True,False,body,60.0,67.0,-10.0
2642,161526,67.0,4,58,0.1695,0.911,True,False,body,40.0,37.0,-10.0
2643,161583,62.0,4,57,0.169415,0.9081,True,False,body,40.0,32.0,-10.0
2644,161672,136.0,8,89,0.169283,0.9705,True,False,body,80.0,66.0,-10.0
2645,161713,53.0,3,41,0.169221,0.9603,True,False,wall,30.0,33.0,-10.0
2646,161775,78.0,5,62,0.169129,0.8966,True,False,wall,50.0,38.0,-10.0
2647,161864,92.0,4,89,0.168997,0.9497,True,False,wall,40.0,62.0,-10.0
2648,161907,73.0,5,43,0.168933,0.9729,True,False,body,50.0,33.0,-10.0
2649,161996,141.0,9,89,0.1688,0.9951,True,False,body,90.0,61.0,-10.0
2650,162087,136.0,8,91,0.168665,1.0808,True,False,wall,80.0,66.0,-10.0
2651,162114,26.0,2,27,0.168625,1.2643,True,False,wall,20.0,16.0,-10.0
2652,162150,39.0,2,36,0.168572,1.5961,True,False,wall,20.0,29.0,-10.0
2653,162166,8.0,1,16,0.168548,1.1856,True,False,wall,10.0,8.0,-10.0
2654,162337,251.0,13,171,0.168295,1.188,True,False,body,130.0,131.0,-10.0
2655,162437,124.0,7,100,0.168147,1.1507,True,False,body,70.0,64.0,-10.0
2656,162543,162.0,9,106,0.167991,1.2936,True,False,body,90.0,82.0,-10.0
2657,162601,80.0,5,58,0.167905,1.0334,True,False,body,50.0,40.0,-10.0
2658,162752,222.0,12,151,0.167683,1.1228,True,False,body,120.0,112.0,-10.0
2659,162856,122.0,7,104,0.16753,1.2433,True,False,wall,70.0,62.0,-10.0
2660,162891,49.0,3,35,0.167479,1.2072,True,False,body,30.0,29.0,-10.0
2661,163067,260.0,13,176,0.167221,1.0333,True,False,body,130.0,140.0,-10.0
2662,163076,7.0,1,9,0.167207,0.9517,True,False,wall,10.0,7.0,-10.0
2663,163114,51.0,4,38,0.167152,1.131,True,False,wall,40.0,21.0,-10.0
2664,163142,27.0,2,28,0.167111,0.9388,True,False,wall,20.0,17.0,-10.0
2665,163177,36.0,2,35,0.167059,1.2651,True,False,wall,20.0,26.0,-10.0
2666,163255,111.0,6,78,0.166945,1.0754,True,False,wall,60.0,61.0,-10.0
2667,163427,241.0,14,172,0.166694,1.0633,True,False,body,140.0,111.0,-10.0
2668,163481,88.0,5,54,0.166616,1.0241,True,False,body,50.0,48.0,-10.0
2669,163588,164.0,10,107,0.16646,1.0269,True,False,body,100.0,74.0,-10.0
2670,163625,52.0,4,37,0.166406,1.0246,True,False,wall,40.0,22.0,-10.0
2671,163735,162.0,9,110,0.166246,0.9942,True,False,wall,90.0,82.0,-10.0
2672,163934,271.0,15,199,0.165957,0.9864,True,False,body,150.0,131.0,-10.0
2673,164013,102.0,6,79,0.165843,0.9574,True,False,body,60.0,52.0,-10.0
2674,164103,126.0,7,90,0.165712,0.9308,True,False,body,70.0,66.0,-10.0
2675,164131,33.0,2,28,0.165672,0.9159,True,False,wall,20.0,23.0,-10.0
2676,164261,182.0,9,130,0.165484,0.9697,True,False,wall,90.0,102.0,-10.0
2677,164318,101.0,7,57,0.165402,1.0328,True,False,body,70.0,41.0,-10.0
2678,164486,257.0,14,168,0.16516,0.9357,True,False,body,140.0,127.0,-10.0
2679,164729,311.0,17,243,0.16481,0.986,True,False,body,170.0,151.0,-10.0
2680,164762,47.0,3,33,0.164763,1.0674,True,False,body,30.0,27.0,-10.0
2681,164845,138.0,8,83,0.164644,1.0484,True,False,wall,80.0,68.0,-10.0
2682,164951,164.0,9,106,0.164492,1.0335,True,False,body,90.0,84.0,-10.0
2683,165086,200.0,12,135,0.164299,1.0418,True,False,wall,120.0,90.0,-10.0
2684,165193,155.0,9,107,0.164146,1.1632,True,False,wall,90.0,75.0,-10.0
2685,165301,134.0,7,108,0.163992,1.1399,True,False,body,70.0,74.0,-10.0
2686,165347,61.0,4,46,0.163927,1.0249,True,False,wall,40.0,31.0,-10.0
2687,165399,80.0,5,52,0.163853,1.05,True,False,body,50.0,40.0,-10.0
2688,165451,61.0,4,52,0.163779,1.0024,True,False,body,40.0,31.0,-10.0
2689,165650,277.0,15,199,0.163496,1.0173,True,False,body,150.0,137.0,-10.0
2690,165686,36.0,3,36,0.163445,0.9606,True,False,body,30.0,16.0,-10.0
2691,165720,28.0,1,34,0.163397,1.006,True,False,wall,10.0,28.0,-10.0
2692,165770,65.0,4,50,0.163326,1.0643,True,False,body,40.0,35.0,-10.0
2693,165816,68.0,5,46,0.163261,0.9831,True,False,wall,50.0,28.0,-10.0
2694,165843,30.0,2,27,0.163223,0.9074,True,False,wall,20.0,20.0,-10.0
2695,165927,142.0,9,84,0.163104,1.0175,True,False,wall,90.0,62.0,-10.0
2696,165943,-5.0,0,16,0.163081,0.9509,True,False,wall,0.0,5.0,-10.0
2697,166032,103.0,5,89,0.162956,0.902,True,False,body,50.0,63.0,-10.0
2698,166181,194.0,12,149,0.162745,0.9466,True,False,body,120.0,84.0,-10.0
2699,166223,63.0,4,42,0.162686,0.9668,True,False,body,40.0,33.0,-10.0
2700,166433,333.0,18,210,0.162391,1.079,True,False,body,180.0,163.0,-10.0
2701,166515,104.0,5,82,0.162276,1.0685,True,False,body,50.0,64.0,-10.0
2702,166549,46.0,3,34,0.162228,1.0848,True,False,body,30.0,26.0,-10.0
2703,166655,139.0,8,106,0.162079,1.0565,True,False,body,80.0,69.0,-10.0
2704,166696,54.0,4,41,0.162022,1.4093,True,False,body,40.0,24.0,-10.0
2705,166712,19.0,2,16,0.162,0.8722,True,False,wall,20.0,9.0,-10.0
2706,166818,115.0,6,106,0.161851,1.0405,True,False,body,60.0,65.0,-10.0
2707,166912,126.0,7,94,0.16172,1.0213,True,False,body,70.0,66.0,-10.0
2708,166971,80.0,4,59,0.161638,1.0106,True,False,wall,40.0,50.0,-10.0
2709,167130,222.0,14,159,0.161416,1.044,True,False,body,140.0,92.0,-10.0
2710,167273,222.0,12,143,0.161217,1.0656,True,False,wall,120.0,112.0,-10.0
2711,167299,40.0,3,26,0.161181,1.0342,True,False,body,30.0,20.0,-10.0
2712,167329,42.0,3,30,0.161139,0.9906,True,False,body,30.0,22.0,-10.0
2713,167377,74.0,5,48,0.161072,1.0202,True,False,body,50.0,34.0,-10.0
2714,167475,159.0,10,98,0.160936,1.0373,True,False,body,100.0,69.0,-10.0
2715,167663,283.0,16,188,0.160676,1.0777,True,False,body,160.0,133.0,-10.0
2716,167720,68.0,4,57,0.160597,1.1238,True,False,wall,40.0,38.0,-10.0
2717,167779,81.0,5,59,0.160516,1.0944,True,False,body,50.0,41.0,-10.0
2718,168050,378.0,20,271,0.160142,1.2152,True,False,body,200.0,188.0,-10.0
2719,168155,157.0,9,105,0.159997,1.0386,True,False,body,90.0,77.0,-10.0
2720,168236,120.0,6,81,0.159886,1.0311,True,False,wall,60.0,70.0,-10.0
2721,168334,125.0,6,98,0.159752,1.0112,True,False,wall,60.0,75.0,-10.0
2722,168406,123.0,8,72,0.159653,0.9642,True,False,body,80.0,53.0,-10.0
2723,168522,179.0,10,116,0.159494,1.0078,True,False,body,100.0,89.0,-10.0
2724,168665,154.0,6,143,0.159298,0.9836,True,False,wall,60.0,104.0,-10.0
2725,168674,5.0,1,9,0.159286,0.9133,True,False,wall,10.0,5.0,-10.0
2726,168738,113.0,8,64,0.159199,1.007,True,False,body,80.0,43.0,-10.0
2727,168765,41.0,3,27,0.159162,0.9479,True,False,body,30.0,21.0,-10.0
2728,168880,155.0,9,115,0.159005,0.9959,True,False,wall,90.0,75.0,-10.0
2729,169178,402.0,21,298,0.1586,1.0534,True,False,body,210.0,202.0,-10.0
2730,169293,149.0,7,115,0.158444,1.0481,True,False,wall,70.0,89.0,-10.0
2731,169352,70.0,4,59,0.158364,1.0049,True,False,wall,40.0,40.0,-10.0
2732,169379,30.0,2,27,0.158327,1.0549,True,False,wall,20.0,20.0,-10.0
2733,169432,79.0,5,53,0.158256,0.9725,True,False,wall,50.0,39.0,-10.0
2734,169465,54.0,4,33,0.158211,0.9916,True,False,wall,40.0,24.0,-10.0
2735,169633,308.0,19,168,0.157984,0.9873,True,False,body,190.0,128.0,-10.0
2736,169747,186.0,11,114,0.15783,1.1201,True,False,body,110.0,86.0,-10.0
2737,170036,375.0,19,289,0.157441,1.0846,True,False,body,190.0,195.0,-10.0
2738,170203,289.0,17,167,0.157217,1.0042,True,False,body,170.0,129.0,-10.0
2739,170362,243.0,15,159,0.157004,1.0308,True,False,body,150.0,103.0,-10.0
2740,170590,328.0,19,228,0.1567,0.9608,True,False,body,190.0,148.0,-10.0
2741,170624,48.0,3,34,0.156655,0.9569,True,False,wall,30.0,28.0,-10.0
2742,170784,217.0,12,160,0.156441,1.0238,True,False,body,120.0,107.0,-10.0
2743,170847,69.0,3,63,0.156358,0.9902,True,False,wall,30.0,49.0,-10.0
2744,170887,55.0,4,40,0.156304,1.0018,True,False,wall,40.0,25.0,-10.0
2745,170938,94.0,6,51,0.156237,1.0241,True,False,wall,60.0,44.0,-10.0
2746,171077,200.0,10,139,0.156052,1.0534,True,False,wall,100.0,110.0,-10.0
2747,171106,34.0,2,29,0.156014,1.0559,True,False,wall,20.0,24.0,-10.0
2748,171395,425.0,21,289,0.155632,0.995,True,False,body,210.0,225.0,-10.0
2749,171454,74.0,4,59,0.155554,0.9367,True,False,wall,40.0,44.0,-10.0
2750,171595,182.0,10,141,0.155368,0.9933,True,False,body,100.0,92.0,-10.0
2751,171718,174.0,10,123,0.155206,0.9945,True,False,body,100.0,84.0,-10.0
2752,171880,231.0,12,162,0.154993,1.0127,True,False,body,120.0,121.0,-10.0
2753,171901,15.0,1,21,0.154966,1.0335,True,False,wall,10.0,15.0,-10.0
2754,171989,99.0,6,88,0.15485,0.981,True,False,body,60.0,49.0,-10.0
2755,172026,34.0,2,37,0.154802,1.421,True,False,wall,20.0,24.0,-10.0
2756,172098,83.0,4,72,0.154707,1.2524,True,False,body,40.0,53.0,-10.0
2757,172149,68.0,4,51,0.154641,1.2786,True,False,body,40.0,38.0,-10.0
2758,172207,100.0,7,58,0.154565,1.316,True,False,wall,70.0,40.0,-10.0
2759,172316,140.0,8,109,0.154422,1.1472,True,False,body,80.0,70.0,-10.0
2760,172355,44.0,2,39,0.154372,1.0343,True,False,wall,20.0,34.0,-10.0
2761,172456,162.0,10,101,0.15424,1.0658,True,False,body,100.0,72.0,-10.0
2762,172601,172.0,8,145,0.154051,1.1409,True,False,body,80.0,102.0,-10.0
2763,172672,76.0,4,71,0.153959,1.1259,True,False,wall,40.0,46.0,-10.0
2764,172713,64.0,4,41,0.153906,1.032,True,False,wall,40.0,34.0,-10.0
2765,172748,58.0,4,35,0.15386,1.0534,True,False,body,40.0,28.0,-10.0
2766,172824,135.0,8,76,0.153761,1.0914,True,False,body,80.0,65.0,-10.0
2767,172898,87.0,4,74,0.153666,1.1265,True,False,wall,40.0,57.0,-10.0
2768,172974,80.0,5,76,0.153567,1.0169,True,False,body,50.0,40.0,-10.0
2769,173022,59.0,4,48,0.153505,1.0592,True,False,body,40.0,29.0,-10.0
2770,173045,26.0,2,23,0.153475,1.0388,True,False,wall,20.0,16.0,-10.0
2771,173057,-1.0,0,12,0.15346,1.0592,True,False,wall,0.0,9.0,-10.0
2772,173129,96.0,5,72,0.153367,1.1759,True,False,wall,50.0,56.0,-10.0
2773,173226,127.0,7,97,0.153241,1.1798,True,False,body,70.0,67.0,-10.0
2774,173238,8.0,1,12,0.153226,1.1046,True,False,wall,10.0,8.0,-10.0
2775,173339,121.0,7,101,0.153096,1.0267,True,False,body,70.0,61.0,-10.0
2776,173447,159.0,8,108,0.152957,1.1418,True,False,body,80.0,89.0,-10.0
2777,173536,100.0,6,89,0.152842,0.9776,True,False,body,60.0,50.0,-10.0
2778,173653,162.0,8,117,0.152692,1.0884,True,False,wall,80.0,92.0,-10.0
2779,173668,13.0,1,15,0.152673,1.0507,True,False,wall,10.0,13.0,-10.0
2780,173923,416.0,22,255,0.152346,1.0296,True,False,wall,220.0,206.0,-10.0
2781,174097,240.0,13,174,0.152123,1.0337,True,False,body,130.0,120.0,-10.0
2782,174108,9.0,1,11,0.152109,0.8956,True,False,wall,10.0,9.0,-10.0
2783,174219,165.0,9,111,0.151968,1.0924,True,False,body,90.0,85.0,-10.0
2784,174306,128.0,8,87,0.151857,1.1227,True,False,wall,80.0,58.0,-10.0
2785,174368,110.0,7,62,0.151778,1.0794,True,False,wall,70.0,50.0,-10.0
2786,174520,280.0,17,152,0.151585,0.9751,True,False,body,170.0,120.0,-10.0
2787,174772,367.0,18,252,0.151265,1.0214,True,False,wall,180.0,197.0,-10.0
2788,174940,271.0,16,168,0.151053,1.0267,True,False,body,160.0,121.0,-10.0
2789,174977,58.0,4,37,0.151006,0.9773,True,False,body,40.0,28.0,-10.0
2790,175025,74.0,5,48,0.150946,0.9019,True,False,body,50.0,34.0,-10.0
2791,175061,48.0,3,36,0.1509,0.9652,True,False,body,30.0,28.0,-10.0
2792,175124,102.0,6,63,0.150821,1.0032,True,False,wall,60.0,52.0,-10.0
2793,175262,208.0,11,138,0.150647,1.138,True,False,wall,110.0,108.0,-10.0
2794,175382,175.0,12,120,0.150496,1.0325,True,False,body,120.0,65.0,-10.0
2795,175569,256.0,12,187,0.150262,1.0498,True,False,wall,120.0,146.0,-10.0
2796,175584,22.0,2,15,0.150243,1.1865,True,False,wall,20.0,12.0,-10.0
2797,175635,77.0,5,51,0.150179,1.0658,True,False,body,50.0,37.0,-10.0
2798,175683,70.0,5,48,0.150119,1.1204,True,False,wall,50.0,30.0,-10.0
2799,175811,171.0,8,128,0.149959,0.975,True,False,wall,80.0,101.0,-10.0
2800,175891,125.0,8,80,0.149859,1.0976,True,False,body,80.0,55.0,-10.0
2801,175901,-3.0,0,10,0.149846,1.1053,True,False,wall,0.0,7.0,-10.0
2802,175939,50.0,3,38,0.149799,1.101,True,False,wall,30.0,30.0,-10.0
2803,176075,230.0,13,136,0.149629,1.1121,True,False,body,130.0,110.0,-10.0
2804,176128,65.0,3,53,0.149563,1.0246,True,False,wall,30.0,45.0,-10.0
2805,176143,9.0,1,15,0.149545,1.0676,True,False,wall,10.0,9.0,-10.0
2806,176205,73.0,4,62,0.149468,0.9763,True,False,body,40.0,43.0,-10.0
2807,176259,69.0,4,54,0.149401,1.0986,True,False,body,40.0,39.0,-10.0
2808,176285,58.0,5,26,0.149368,1.0305,True,False,wall,50.0,18.0,-10.0
2809,176437,241.0,12,152,0.14918,1.1054,True,False,body,120.0,131.0,-10.0
2810,176532,141.0,7,95,0.149062,1.0848,True,False,wall,70.0,81.0,-10.0
2811,176586,69.0,4,54,0.148995,0.9974,True,False,body,40.0,39.0,-10.0
2812,176655,109.0,7,69,0.14891,0.9705,True,False,wall,70.0,49.0,-10.0
2813,176760,152.0,8,105,0.14878,1.0334,True,False,body,80.0,82.0,-10.0
2814,176853,158.0,10,93,0.148665,1.0564,True,False,body,100.0,68.0,-10.0
2815,177006,244.0,14,153,0.148477,0.9723,True,False,body,140.0,114.0,-10.0
2816,177073,85.0,5,67,0.148394,0.9925,True,False,body,50.0,45.0,-10.0
2817,177148,115.0,7,75,0.148302,0.9906,True,False,body,70.0,55.0,-10.0
2818,177200,67.0,4,52,0.148238,1.0039,True,False,wall,40.0,37.0,-10.0
2819,177372,238.0,13,172,0.148027,1.042,True,False,body,130.0,118.0,-10.0
2820,177404,39.0,2,32,0.147988,0.9868,True,False,wall,20.0,29.0,-10.0
2821,177644,398.0,21,240,0.147694,1.0255,True,False,wall,210.0,198.0,-10.0
2822,177834,316.0,17,190,0.147463,1.0223,True,False,body,170.0,156.0,-10.0
2823,177875,49.0,3,41,0.147413,1.1456,True,False,wall,30.0,29.0,-10.0
2824,177919,70.0,5,44,0.147359,1.3961,True,False,wall,50.0,30.0,-10.0
2825,178018,151.0,9,99,0.147239,1.075,True,False,wall,90.0,71.0,-10.0
2826,178070,78.0,5,52,0.147176,0.9549,True,False,body,50.0,38.0,-10.0
2827,178133,98.0,6,63,0.147099,1.069,True,False,body,60.0,48.0,-10.0
2828,178238,157.0,9,105,0.146972,1.0653,True,False,wall,90.0,77.0,-10.0
2829,178252,10.0,1,14,0.146955,1.1569,True,False,wall,10.0,10.0,-10.0
2830,178276,21.0,2,24,0.146926,1.0129,True,False,wall,20.0,11.0,-10.0
2831,178334,73.0,4,58,0.146855,1.0392,True,False,wall,40.0,43.0,-10.0
2832,178397,105.0,7,63,0.146779,0.9281,True,False,body,70.0,45.0,-10.0
2833,178498,152.0,8,101,0.146657,1.0995,True,False,body,80.0,82.0,-10.0
2834,178516,25.0,2,18,0.146635,0.9502,True,False,wall,20.0,15.0,-10.0
2835,178542,33.0,2,26,0.146604,0.937,True,False,wall,20.0,23.0,-10.0
2836,178634,126.0,7,92,0.146493,1.0086,True,False,body,70.0,66.0,-10.0
2837,178668,44.0,3,34,0.146452,0.9986,True,False,body,30.0,24.0,-10.0
2838,178749,144.0,10,81,0.146354,0.9743,True,False,wall,100.0,54.0,-10.0
2839,178853,156.0,9,104,0.146229,1.063,True,False,body,90.0,76.0,-10.0
2840,178948,142.0,8,95,0.146115,1.0309,True,False,body,80.0,72.0,-10.0
2841,179031,127.0,7,83,0.146015,1.0436,True,False,body,70.0,67.0,-10.0
2842,179086,96.0,6,55,0.145949,1.1773,True,False,wall,60.0,46.0,-10.0
2843,179243,231.0,13,157,0.145761,1.132,True,False,body,130.0,111.0,-10.0
2844,179316,119.0,7,73,0.145674,1.0967,True,False,body,70.0,59.0,-10.0
2845,179423,170.0,10,107,0.145546,1.1126,True,False,body,100.0,80.0,-10.0
2846,179440,13.0,1,17,0.145526,1.0509,True,False,wall,10.0,13.0,-10.0
2847,179491,70.0,4,51,0.145465,1.0218,True,False,wall,40.0,40.0,-10.0
2848,179505,12.0,1,14,0.145448,0.9953,True,False,wall,10.0,12.0,-10.0
2849,179588,90.0,4,83,0.145349,1.084,True,False,wall,40.0,60.0,-10.0
2850,179635,81.0,5,47,0.145293,1.0658,True,False,body,50.0,41.0,-10.0
2851,179802,283.0,17,167,0.145094,1.0821,True,False,body,170.0,123.0,-10.0
2852,179873,87.0,5,71,0.14501,1.0509,True,False,body,50.0,47.0,-10.0
2853,180017,211.0,12,144,0.144839,1.0814,True,False,body,120.0,101.0,-10.0
2854,180052,34.0,2,35,0.144798,1.1338,True,False,wall,20.0,24.0,-10.0
2855,180082,25.0,2,30,0.144762,1.0702,True,False,wall,20.0,15.0,-10.0
2856,180174,145.0,8,92,0.144653,1.1087,True,False,wall,80.0,75.0,-10.0
2857,180318,227.0,12,144,0.144483,1.1155,True,False,wall,120.0,117.0,-10.0
2858,180387,116.0,8,69,0.144402,1.0169,True,False,body,80.0,46.0,-10.0
2859,180492,163.0,9,105,0.144278,1.0996,True,False,body,90.0,83.0,-10.0
2860,180508,21.0,2,16,0.144259,1.1279,True,False,wall,20.0,11.0,-10.0
2861,180555,59.0,3,47,0.144203,0.9939,True,False,wall,30.0,39.0,-10.0
2862,180720,241.0,13,165,0.144009,1.0327,True,False,body,130.0,121.0,-10.0
2863,180733,11.0,1,13,0.143994,1.0751,True,False,wall,10.0,11.0,-10.0
2864,180839,137.0,6,106,0.14387,1.0309,True,False,body,60.0,87.0,-10.0
2865,180872,34.0,2,33,0.143831,0.9319,True,False,wall,20.0,24.0,-10.0
2866,180964,132.0,9,92,0.143723,1.0577,True,False,body,90.0,52.0,-10.0
2867,181032,110.0,7,68,0.143643,1.0015,True,False,body,70.0,50.0,-10.0
2868,181079,48.0,2,47,0.143588,1.0973,True,False,wall,20.0,38.0,-10.0
2869,181140,70.0,4,61,0.143517,1.2672,True,False,body,40.0,40.0,-10.0
2870,181202,67.0,4,62,0.143445,1.2884,True,False,wall,40.0,37.0,-10.0
2871,181250,78.0,5,48,0.143389,1.1348,True,False,body,50.0,38.0,-10.0
2872,181340,106.0,5,90,0.143284,1.094,True,False,body,50.0,66.0,-10.0
2873,181398,88.0,5,58,0.143216,1.094,True,False,wall,50.0,48.0,-10.0
2874,181529,216.0,12,131,0.143064,1.1952,True,False,wall,120.0,106.0,-10.0
2875,181667,191.0,10,138,0.142903,1.102,True,False,body,100.0,101.0,-10.0
2876,181776,123.0,5,109,0.142777,1.1194,True,False,body,50.0,83.0,-10.0
2877,181835,74.0,4,59,0.142708,1.0444,True,False,wall,40.0,44.0,-10.0
2878,181913,115.0,6,78,0.142618,1.0863,True,False,body,60.0,65.0,-10.0
2879,182074,232.0,12,161,0.142432,1.0599,True,False,body,120.0,122.0,-10.0
2880,182123,83.0,5,49,0.142375,1.0145,True,False,wall,50.0,43.0,-10.0
2881,182204,106.0,6,81,0.142282,1.0487,True,False,wall,60.0,56.0,-10.0
2882,182266,77.0,4,62,0.14221,0.9975,True,False,body,40.0,47.0,-10.0
2883,182428,230.0,13,162,0.142024,0.9792,True,False,body,130.0,110.0,-10.0
2884,182542,162.0,9,114,0.141893,0.9803,True,False,body,90.0,82.0,-10.0
2885,182629,153.0,9,87,0.141793,0.9456,True,False,body,90.0,73.0,-10.0
2886,182662,47.0,3,33,0.141755,1.1299,True,False,wall,30.0,27.0,-10.0
2887,182702,63.0,4,40,0.141709,1.1281,True,False,body,40.0,33.0,-10.0
2888,182716,19.0,2,14,0.141693,1.1929,True,False,wall,20.0,9.0,-10.0
2889,182898,279.0,14,182,0.141485,1.0361,True,False,wall,140.0,149.0,-10.0
2890,183034,205.0,12,136,0.141329,1.0276,True,False,body,120.0,95.0,-10.0
2891,183247,280.0,14,213,0.141086,1.0115,True,False,body,140.0,150.0,-10.0
2892,183342,144.0,8,95,0.140978,1.0813,True,False,wall,80.0,74.0,-10.0
2893,183375,58.0,4,33,0.140941,1.0053,True,False,body,40.0,28.0,-10.0
2894,183541,196.0,11,166,0.140752,1.0122,True,False,body,110.0,96.0,-10.0
2895,183650,169.0,9,109,0.140629,1.0192,True,False,body,90.0,89.0,-10.0
2896,183713,84.0,4,63,0.140557,1.1528,True,False,wall,40.0,54.0,-10.0
2897,183898,269.0,13,185,0.140348,1.3735,True,False,body,130.0,149.0,-10.0
2898,184021,181.0,11,123,0.140209,1.3512,True,False,wall,110.0,81.0,-10.0
2899,184132,180.0,10,111,0.140084,1.1124,True,False,body,100.0,90.0,-10.0
2900,184195,103.0,7,63,0.140013,1.1115,True,False,body,70.0,43.0,-10.0
2901,184253,82.0,5,58,0.139948,1.0232,True,False,wall,50.0,42.0,-10.0
2902,184290,53.0,3,37,0.139906,0.9794,True,False,wall,30.0,33.0,-10.0
2903,184341,79.0,5,51,0.139849,1.0407,True,False,body,50.0,39.0,-10.0
2904,184539,293.0,16,198,0.139627,1.0341,True,False,body,160.0,143.0,-10.0
2905,184578,53.0,3,39,0.139583,1.1418,True,False,wall,30.0,33.0,-10.0
2906,184718,200.0,11,140,0.139427,1.0657,True,False,body,110.0,100.0,-10.0
2907,184803,118.0,6,85,0.139332,0.9341,True,False,wall,60.0,68.0,-10.0
2908,184929,203.0,12,126,0.139191,0.9907,True,False,wall,120.0,93.0,-10.0
2909,184983,80.0,5,54,0.139131,1.0548,True,False,wall,50.0,40.0,-10.0
2910,185084,163.0,11,101,0.139019,0.9686,True,False,body,110.0,63.0,-10.0
2911,185188,165.0,10,104,0.138903,1.0532,True,False,wall,100.0,75.0,-10.0
2912,185321,207.0,11,133,0.138755,1.0001,True,False,body,110.0,107.0,-10.0
2913,185415,156.0,9,94,0.138651,1.0125,True,False,wall,90.0,76.0,-10.0
2914,185552,207.0,11,137,0.138499,1.1385,True,False,body,110.0,107.0,-10.0
2915,185673,163.0,9,121,0.138366,1.0445,True,False,body,90.0,83.0,-10.0
2916,185753,119.0,6,80,0.138277,1.0614,True,False,wall,60.0,69.0,-10.0
2917,185788,47.0,3,35,0.138239,1.0383,True,False,wall,30.0,27.0,-10.0
2918,185980,289.0,14,192,0.138027,1.0502,True,False,body,140.0,159.0,-10.0
2919,186164,270.0,15,184,0.137825,1.1426,True,False,wall,150.0,130.0,-10.0
2920,186307,191.0,11,143,0.137668,1.1432,True,False,wall,110.0,91.0,-10.0
2921,186478,256.0,14,171,0.137481,1.0975,True,False,body,140.0,126.0,-10.0
2922,186606,218.0,13,128,0.137341,1.1276,True,False,body,130.0,98.0,-10.0
2923,186661,86.0,6,55,0.137281,1.0691,True,False,body,60.0,36.0,-10.0
2924,186742,119.0,7,81,0.137193,1.0452,True,False,body,70.0,59.0,-10.0
2925,186758,32.0,3,16,0.137175,1.0061,True,False,wall,30.0,12.0,-10.0
2926,186957,252.0,14,199,0.136959,1.0667,True,False,body,140.0,122.0,-10.0
2927,187031,112.0,7,74,0.136878,1.0121,True,False,body,70.0,52.0,-10.0
2928,187090,63.0,3,59,0.136814,1.0274,True,False,body,30.0,43.0,-10.0
2929,187174,133.0,8,84,0.136723,1.0909,True,False,body,80.0,63.0,-10.0
2930,187233,94.0,6,59,0.136659,1.0181,True,False,body,60.0,44.0,-10.0
2931,187349,162.0,9,116,0.136534,1.0642,True,False,wall,90.0,82.0,-10.0
2932,187380,47.0,3,31,0.1365,0.9081,True,False,body,30.0,27.0,-10.0
2933,187460,128.0,7,80,0.136414,1.0343,True,False,wall,70.0,68.0,-10.0
2934,187586,184.0,9,126,0.136278,1.0205,True,False,body,90.0,104.0,-10.0
2935,187771,289.0,17,185,0.136078,1.0397,True,False,wall,170.0,129.0,-10.0
2936,187797,31.0,2,26,0.13605,1.0437,True,False,wall,20.0,21.0,-10.0
2937,187918,207.0,13,121,0.13592,1.1243,True,False,body,130.0,87.0,-10.0
2938,188115,305.0,15,197,0.135709,1.2366,True,False,body,150.0,165.0,-10.0
2939,188187,98.0,7,72,0.135632,1.1319,True,False,body,70.0,38.0,-10.0
2940,188286,161.0,9,99,0.135526,1.0848,True,False,body,90.0,81.0,-10.0
2941,188315,39.0,3,29,0.135495,1.1226,True,False,body,30.0,19.0,-10.0
2942,188341,25.0,2,26,0.135467,1.0404,True,False,wall,20.0,15.0,-10.0
2943,188506,263.0,15,165,0.135291,1.056,True,False,body,150.0,123.0,-10.0
2944,188518,-3.0,0,12,0.135278,1.0048,True,False,wall,0.0,7.0,-10.0
2945,188592,102.0,5,74,0.135199,1.0698,True,False,wall,50.0,62.0,-10.0
2946,188748,205.0,10,156,0.135033,1.0679,True,False,body,100.0,115.0,-10.0
2947,188883,207.0,11,135,0.13489,1.056,True,False,body,110.0,107.0,-10.0
2948,188916,40.0,2,33,0.134855,1.0368,True,False,wall,20.0,30.0,-10.0
2949,189073,235.0,13,157,0.134689,1.0233,True,False,body,130.0,115.0,-10.0
2950,189144,113.0,7,71,0.134614,0.9654,True,False,wall,70.0,53.0,-10.0
2951,189269,180.0,10,125,0.134481,1.0491,True,False,body,100.0,90.0,-10.0
2952,189303,42.0,3,34,0.134446,1.0511,True,False,wall,30.0,22.0,-10.0
2953,189344,57.0,3,41,0.134402,1.0658,True,False,wall,30.0,37.0,-10.0
2954,189386,50.0,3,42,0.134358,1.0161,True,False,body,30.0,30.0,-10.0
2955,189450,98.0,5,64,0.134291,1.0002,True,False,wall,50.0,58.0,-10.0
2956,189506,73.0,4,56,0.134232,1.0783,True,False,body,40.0,43.0,-10.0
2957,189570,85.0,4,64,0.134164,1.0735,True,False,body,40.0,55.0,-10.0
2958,189763,269.0,15,193,0.133961,1.1502,True,False,body,150.0,129.0,-10.0
2959,189794,61.0,5,31,0.133929,1.5501,True,False,wall,50.0,21.0,-10.0
2960,189907,159.0,7,113,0.13381,1.186,True,False,wall,70.0,99.0,-10.0
2961,190068,237.0,11,161,0.133642,1.1016,True,False,body,110.0,137.0,-10.0
2962,190145,110.0,6,77,0.133561,1.0805,True,False,body,60.0,60.0,-10.0
2963,190217,77.0,4,72,0.133486,1.0825,True,False,wall,40.0,47.0,-10.0
2964,190340,180.0,10,123,0.133358,1.2274,True,False,body,100.0,90.0,-10.0
2965,190444,145.0,8,104,0.13325,1.1297,True,False,body,80.0,75.0,-10.0
2966,190596,256.0,15,152,0.133092,1.1289,True,False,body,150.0,116.0,-10.0
2967,190710,174.0,9,114,0.132973,1.0545,True,False,wall,90.0,94.0,-10.0
2968,190724,12.0,1,14,0.132959,1.0612,True,False,wall,10.0,12.0,-10.0
2969,190866,186.0,9,142,0.132812,1.2193,True,False,wall,90.0,106.0,-10.0
2970,190926,78.0,5,60,0.13275,1.0703,True,False,wall,50.0,38.0,-10.0
2971,191012,155.0,10,86,0.132661,1.1493,True,False,wall,100.0,65.0,-10.0
2972,191057,55.0,3,45,0.132614,1.0342,True,False,body,30.0,35.0,-10.0
2973,191123,93.0,6,66,0.132546,1.0816,True,False,wall,60.0,43.0,-10.0
2974,191243,186.0,11,120,0.132422,1.0303,True,False,wall,110.0,86.0,-10.0
2975,191427,233.0,12,184,0.132233,1.0849,True,False,wall,120.0,123.0,-10.0
2976,191510,121.0,7,83,0.132148,1.0095,True,False,body,70.0,61.0,-10.0
2977,191621,161.0,9,111,0.132034,0.9502,True,False,body,90.0,81.0,-10.0
2978,191736,164.0,8,115,0.131916,0.9848,True,False,wall,80.0,94.0,-10.0
2979,191956,338.0,19,220,0.131691,1.0324,True,False,wall,190.0,158.0,-10.0
2980,192147,298.0,16,191,0.131496,1.1463,True,False,body,160.0,148.0,-10.0
2981,192222,97.0,5,75,0.13142,1.1735,True,False,wall,50.0,57.0,-10.0
2982,192404,282.0,17,182,0.131235,1.1266,True,False,body,170.0,122.0,-10.0
2983,192542,259.0,16,138,0.131095,1.1801,True,False,body,160.0,109.0,-10.0
2984,192575,49.0,3,33,0.131061,1.1873,True,False,wall,30.0,29.0,-10.0
2985,192701,180.0,9,126,0.130934,1.1063,True,False,wall,90.0,100.0,-10.0
2986,192868,253.0,13,167,0.130765,1.1419,True,False,body,130.0,133.0,-10.0
2987,192958,113.0,6,90,0.130674,1.0989,True,False,body,60.0,63.0,-10.0
2988,192988,46.0,3,30,0.130644,1.3449,True,False,wall,30.0,26.0,-10.0
2989,193061,92.0,4,73,0.13057,1.2947,True,False,wall,40.0,62.0,-10.0
2990,193104,93.0,7,43,0.130527,1.0975,True,False,body,70.0,33.0,-10.0
2991,193121,15.0,1,17,0.13051,1.2201,True,False,wall,10.0,15.0,-10.0
2992,193362,380.0,20,241,0.130268,1.134,True,False,body,200.0,190.0,-10.0
2993,193421,83.0,5,59,0.130209,1.0747,True,False,wall,50.0,43.0,-10.0
2994,193435,19.0,2,14,0.130195,1.0717,True,False,wall,20.0,9.0,-10.0
2995,193475,52.0,3,40,0.130155,1.0272,True,False,body,30.0,32.0,-10.0
2996,193572,128.0,8,97,0.130057,1.0308,True,False,wall,80.0,58.0,-10.0
2997,193633,92.0,6,61,0.129996,1.073,True,False,wall,60.0,42.0,-10.0
2998,193646,11.0,1,13,0.129983,1.09,True,False,wall,10.0,11.0,-10.0
2999,193797,263.0,15,151,0.129833,1.067,True,False,body,150.0,123.0,-10.0
3000,193848,79.0,5,51,0.129782,1.1229,True,False,body,50.0,39.0,-10.0
3001,193919,109.0,7,71,0.129711,1.0101,True,False,body,70.0,49.0,-10.0
3002,193938,22.0,2,19,0.129692,1.05,True,False,wall,20.0,12.0,-10.0
3003,194084,242.0,15,146,0.129547,0.9816,True,False,body,150.0,102.0,-10.0
3004,194215,170.0,8,131,0.129417,1.085,True,False,wall,80.0,100.0,-10.0
3005,194256,53.0,3,41,0.129376,1.0059,True,False,wall,30.0,33.0,-10.0
3006,194349,111.0,5,93,0.129284,1.0632,True,False,wall,50.0,71.0,-10.0
3007,194553,298.0,17,204,0.129082,1.0574,True,False,body,170.0,138.0,-10.0
3008,194596,66.0,4,43,0.129039,0.9684,True,False,body,40.0,36.0,-10.0
3009,194810,282.0,13,214,0.128828,1.1711,True,False,body,130.0,162.0,-10.0
3010,194946,173.0,10,136,0.128694,1.1404,True,False,body,100.0,83.0,-10.0
3011,194955,7.0,1,9,0.128685,1.3244,True,False,wall,10.0,7.0,-10.0
3012,194994,58.0,4,39,0.128647,1.052,True,False,body,40.0,28.0,-10.0
3013,195031,67.0,5,37,0.128611,0.9914,True,False,body,50.0,27.0,-10.0
3014,195149,181.0,10,118,0.128495,1.0988,True,False,body,100.0,91.0,-10.0
3015,195224,112.0,6,75,0.128421,1.0116,True,False,body,60.0,62.0,-10.0
3016,195357,200.0,10,133,0.128291,1.1201,True,False,wall,100.0,110.0,-10.0
3017,195452,119.0,5,95,0.128198,1.0604,True,False,wall,50.0,79.0,-10.0
3018,195579,190.0,10,127,0.128074,1.0578,True,False,body,100.0,100.0,-10.0
3019,195854,392.0,20,275,0.127806,1.1363,True,False,body,200.0,202.0,-10.0
3020,195958,168.0,9,104,0.127705,1.1395,True,False,wall,90.0,88.0,-10.0
3021,195995,40.0,2,37,0.127669,1.1035,True,False,wall,20.0,30.0,-10.0
3022,196154,244.0,12,159,0.127515,1.058,True,False,body,120.0,134.0,-10.0
3023,196207,74.0,4,53,0.127464,1.0913,True,False,wall,40.0,44.0,-10.0
3024,196409,309.0,16,202,0.127268,1.0559,True,False,body,160.0,159.0,-10.0
3025,196661,382.0,19,252,0.127025,1.0816,True,False,wall,190.0,202.0,-10.0
3026,196689,33.0,2,28,0.126998,1.0826,True,False,wall,20.0,23.0,-10.0
3027,196893,342.0,19,204,0.126802,1.0548,True,False,body,190.0,162.0,-10.0
3028,196915,34.0,3,22,0.126781,0.9946,True,False,body,30.0,14.0,-10.0
3029,197106,293.0,15,191,0.126598,1.1846,True,False,wall,150.0,153.0,-10.0
3030,197277,263.0,13,171,0.126434,1.0624,True,False,wall,130.0,143.0,-10.0
3031,197384,141.0,7,107,0.126332,1.2005,True,False,wall,70.0,81.0,-10.0
3032,197509,180.0,10,125,0.126213,1.1003,True,False,wall,100.0,90.0,-10.0
3033,197592,127.0,7,83,0.126134,1.066,True,False,body,70.0,67.0,-10.0
3034,197643,59.0,3,51,0.126085,1.1669,True,False,body,30.0,39.0,-10.0
3035,197954,483.0,25,311,0.12579,1.2447,True,False,body,250.0,243.0,-10.0
3036,198091,210.0,10,137,0.125661,1.2106,True,False,wall,100.0,120.0,-10.0
3037,198169,108.0,7,78,0.125587,1.218,True,False,wall,70.0,48.0,-10.0
3038,198218,57.0,3,49,0.125541,1.0644,True,False,wall,30.0,37.0,-10.0
3039,198296,93.0,4,78,0.125467,1.0281,True,False,body,40.0,63.0,-10.0
3040,198335,44.0,2,39,0.12543,0.9462,True,False,wall,20.0,34.0,-10.0
3041,198398,91.0,5,63,0.125371,0.9932,True,False,body,50.0,51.0,-10.0
3042,198500,157.0,10,102,0.125275,0.996,True,False,body,100.0,67.0,-10.0
3043,198538,43.0,2,38,0.125239,1.0518,True,False,wall,20.0,33.0,-10.0
3044,198578,54.0,3,40,0.125201,1.1833,True,False,wall,30.0,34.0,-10.0
3045,198786,324.0,19,208,0.125006,1.1008,True,False,body,190.0,144.0,-10.0
3046,198818,42.0,3,32,0.124976,1.071,True,False,wall,30.0,22.0,-10.0
3047,199034,296.0,15,216,0.124774,1.1301,True,False,body,150.0,156.0,-10.0
3048,199101,95.0,5,67,0.124711,1.0488,True,False,body,50.0,55.0,-10.0
3049,199159,102.0,7,58,0.124657,1.1341,True,False,body,70.0,42.0,-10.0
3050,199303,194.0,11,144,0.124523,1.0381,True,False,body,110.0,94.0,-10.0
3051,199413,172.0,9,110,0.124421,1.068,True,False,body,90.0,92.0,-10.0
3052,199455,50.0,3,42,0.124382,1.0861,True,False,body,30.0,30.0,-10.0
3053,199521,124.0,9,66,0.12432,1.0727,True,False,body,90.0,44.0,-10.0
3054,199656,189.0,11,135,0.124195,0.9872,True,False,body,110.0,89.0,-10.0
3055,199740,138.0,9,84,0.124117,1.1023,True,False,body,90.0,58.0,-10.0
3056,199849,148.0,8,109,0.124016,1.0526,True,False,body,80.0,78.0,-10.0
3057,199954,176.0,10,105,0.123919,1.2251,True,False,body,100.0,86.0,-10.0
3058,199975,37.0,3,21,0.1239,1.0621,True,False,body,30.0,17.0,-10.0
3059,200071,171.0,10,96,0.123811,1.0831,True,False,wall,100.0,81.0,-10.0
3060,200176,158.0,8,105,0.123714,1.0627,True,False,wall,80.0,88.0,-10.0
3061,200204,42.0,3,28,0.123688,1.0249,True,False,body,30.0,22.0,-10.0
3062,200278,129.0,8,74,0.12362,1.0239,True,False,wall,80.0,59.0,-10.0
3063,200397,180.0,10,119,0.123511,1.037,True,False,body,100.0,90.0,-10.0
3064,200449,82.0,5,52,0.123463,0.9812,True,False,body,50.0,42.0,-10.0
3065,200533,142.0,9,84,0.123386,1.0247,True,False,body,90.0,62.0,-10.0
3066,200683,224.0,13,150,0.123248,1.0723,True,False,body,130.0,104.0,-10.0
3067,200854,261.0,13,171,0.123092,1.1027,True,False,body,130.0,141.0,-10.0
3068,201007,274.0,16,153,0.122952,1.0726,True,False,wall,160.0,124.0,-10.0
3069,201037,51.0,4,30,0.122925,0.9841,True,False,body,40.0,21.0,-10.0
3070,201107,100.0,7,70,0.122861,1.1107,True,False,body,70.0,40.0,-10.0
3071,201206,145.0,7,99,0.122771,1.2267,True,False,wall,70.0,85.0,-10.0
3072,201235,50.0,4,29,0.122745,1.0793,True,False,body,40.0,20.0,-10.0
3073,201329,154.0,9,94,0.122659,1.0614,True,False,wall,90.0,74.0,-10.0
3074,201387,95.0,6,58,0.122607,1.015,True,False,body,60.0,45.0,-10.0
3075,201544,227.0,11,157,0.122464,1.0118,True,False,body,110.0,127.0,-10.0
3076,201624,101.0,6,80,0.122392,1.03,True,False,body,60.0,51.0,-10.0
3077,201821,301.0,15,197,0.122214,1.0143,True,False,body,150.0,161.0,-10.0
3078,201930,161.0,9,109,0.122116,1.1068,True,False,wall,90.0,81.0,-10.0
3079,202047,181.0,11,117,0.12201,1.0972,True,False,wall,110.0,81.0,-10.0
3080,202235,239.0,14,188,0.121841,1.1183,True,False,body,140.0,109.0,-10.0
3081,202310,111.0,7,75,0.121774,1.1889,True,False,body,70.0,51.0,-10.0
3082,202469,236.0,12,159,0.121631,1.1488,True,False,wall,120.0,126.0,-10.0
3083,202585,175.0,10,116,0.121528,1.1259,True,False,body,100.0,85.0,-10.0
3084,202691,153.0,8,106,0.121433,1.128,True,False,body,80.0,83.0,-10.0
3085,202881,260.0,13,190,0.121263,1.1436,True,False,body,130.0,140.0,-10.0
3086,202986,152.0,8,105,0.12117,1.1124,True,False,body,80.0,82.0,-10.0
3087,203070,128.0,9,84,0.121095,1.1534,True,False,body,90.0,48.0,-10.0
3088,203087,31.0,3,17,0.12108,1.4614,True,False,body,30.0,11.0,-10.0
3089,203130,68.0,4,43,0.121042,1.1248,True,False,wall,40.0,38.0,-10.0
3090,203350,326.0,17,220,0.120847,1.2036,True,False,wall,170.0,166.0,-10.0
3091,203518,229.0,12,168,0.120698,1.0813,True,False,body,120.0,119.0,-10.0
3092,203542,27.0,2,24,0.120677,1.0044,True,False,wall,20.0,17.0,-10.0
3093,203663,173.0,9,121,0.12057,1.1026,True,False,body,90.0,93.0,-10.0
3094,203762,153.0,9,99,0.120483,1.1368,True,False,body,90.0,73.0,-10.0
3095,203879,181.0,11,117,0.12038,1.1052,True,False,body,110.0,81.0,-10.0
3096,203895,8.0,1,16,0.120366,1.06,True,False,wall,10.0,8.0,-10.0
3097,204003,146.0,7,108,0.120271,1.0961,True,False,wall,70.0,86.0,-10.0
3098,204135,204.0,13,132,0.120155,1.0559,True,False,body,130.0,84.0,-10.0
3099,204173,41.0,2,38,0.120122,1.039,True,False,wall,20.0,31.0,-10.0
3100,204312,218.0,12,139,0.12,1.2658,True,False,wall,120.0,108.0,-10.0
3101,204490,226.0,13,178,0.119844,1.225,True,False,body,130.0,106.0,-10.0
3102,204644,229.0,12,154,0.11971,1.1552,True,False,wall,120.0,119.0,-10.0
3103,204754,155.0,8,110,0.119614,1.1676,True,False,body,80.0,85.0,-10.0
3104,204774,14.0,1,20,0.119597,1.1036,True,False,wall,10.0,14.0,-10.0
3105,204953,257.0,13,179,0.119441,1.0836,True,False,wall,130.0,137.0,-10.0
3106,205056,169.0,9,103,0.119352,1.2911,True,False,body,90.0,89.0,-10.0
3107,205066,6.0,1,10,0.119343,1.1133,True,False,wall,10.0,6.0,-10.0
3108,205158,119.0,6,92,0.119264,1.0926,True,False,wall,60.0,69.0,-10.0
3109,205264,178.0,11,106,0.119172,1.1922,True,False,body,110.0,78.0,-10.0
3110,205451,294.0,16,187,0.11901,1.1444,True,False,body,160.0,144.0,-10.0
3111,205488,51.0,3,37,0.118978,1.1884,True,False,wall,30.0,31.0,-10.0
3112,205696,323.0,18,208,0.118799,1.2449,True,False,body,180.0,153.0,-10.0
3113,205772,132.0,9,76,0.118734,1.3079,True,False,body,90.0,52.0,-10.0
3114,205793,33.0,3,21,0.118716,1.2107,True,False,wall,30.0,13.0,-10.0
3115,205947,252.0,15,154,0.118584,1.1273,True,False,body,150.0,112.0,-10.0
3116,206095,224.0,11,148,0.118457,1.1751,True,False,body,110.0,124.0,-10.0
3117,206145,67.0,4,50,0.118414,1.0972,True,False,wall,40.0,37.0,-10.0
3118,206241,114.0,5,96,0.118332,1.1521,True,False,body,50.0,74.0,-10.0
3119,206383,187.0,10,142,0.118211,1.1685,True,False,wall,100.0,97.0,-10.0
3120,206399,10.0,1,16,0.118197,1.2145,True,False,wall,10.0,10.0,-10.0
3121,206456,94.0,6,57,0.118149,1.1279,True,False,body,60.0,44.0,-10.0
3122,206597,216.0,12,141,0.118029,1.1078,True,False,body,120.0,106.0,-10.0
3123,206621,29.0,2,24,0.118008,1.0074,True,False,wall,20.0,19.0,-10.0
3124,206649,38.0,3,28,0.117985,1.1949,True,False,body,30.0,18.0,-10.0
3125,206718,126.0,8,69,0.117926,1.0842,True,False,body,80.0,56.0,-10.0
3126,206763,57.0,3,45,0.117888,1.0873,True,False,wall,30.0,37.0,-10.0
3127,206780,13.0,1,17,0.117873,1.1144,True,False,wall,10.0,13.0,-10.0
3128,206818,37.0,2,38,0.117841,1.0626,True,False,wall,20.0,27.0,-10.0
3129,206933,171.0,9,115,0.117744,1.0836,True,False,body,90.0,91.0,-10.0
3130,207024,142.0,8,91,0.117667,1.0834,True,False,body,80.0,72.0,-10.0
3131,207261,364.0,20,237,0.117467,1.0598,True,False,body,200.0,174.0,-10.0
3132,207274,20.0,2,13,0.117456,1.1695,True,False,wall,20.0,10.0,-10.0
3133,207503,370.0,20,229,0.117263,1.1498,True,False,body,200.0,180.0,-10.0
3134,207525,38.0,3,22,0.117244,1.2875,True,False,wall,30.0,18.0,-10.0
3135,207599,115.0,8,74,0.117182,1.2438,True,False,wall,80.0,45.0,-10.0
3136,207813,319.0,16,214,0.117003,1.1763,True,False,body,160.0,169.0,-10.0
3137,207948,194.0,10,135,0.11689,1.127,True,False,body,100.0,104.0,-10.0
3138,207992,61.0,4,44,0.116853,1.0916,True,False,wall,40.0,31.0,-10.0
3139,208126,181.0,8,134,0.116741,1.1409,True,False,wall,80.0,111.0,-10.0
3140,208257,249.0,15,131,0.116632,1.085,True,False,wall,150.0,109.0,-10.0
3141,208350,149.0,9,93,0.116554,1.061,True,False,body,90.0,69.0,-10.0
3142,208566,300.0,17,216,0.116375,1.1259,True,False,body,170.0,140.0,-10.0
3143,208677,166.0,8,111,0.116283,1.1193,True,False,wall,80.0,96.0,-10.0
3144,208762,130.0,8,85,0.116213,1.2684,True,False,body,80.0,60.0,-10.0
3145,208782,16.0,1,20,0.116196,1.1283,True,False,wall,10.0,16.0,-10.0
3146,208869,120.0,6,87,0.116124,1.1669,True,False,wall,60.0,70.0,-10.0
3147,209045,239.0,12,176,0.115979,1.0921,True,False,wall,120.0,129.0,-10.0
3148,209304,360.0,18,259,0.115765,1.1107,True,False,body,180.0,190.0,-10.0
3149,209489,264.0,16,185,0.115614,1.1091,True,False,body,160.0,114.0,-10.0
3150,209540,55.0,3,51,0.115572,1.2447,True,False,wall,30.0,35.0,-10.0
3151,209613,117.0,7,73,0.115512,1.2853,True,False,body,70.0,57.0,-10.0
3152,209645,58.0,5,32,0.115486,1.2555,True,False,body,50.0,18.0,-10.0
3153,209847,316.0,17,202,0.115321,1.1852,True,False,body,170.0,156.0,-10.0
3154,209918,98.0,6,71,0.115263,1.2611,True,False,wall,60.0,48.0,-10.0
3155,210045,166.0,10,127,0.115159,1.1712,True,False,body,100.0,76.0,-10.0
3156,210074,36.0,2,29,0.115136,1.0724,True,False,wall,20.0,26.0,-10.0
3157,210179,174.0,10,105,0.11505,1.0941,True,False,wall,100.0,84.0,-10.0
3158,210237,89.0,6,58,0.115003,1.2855,True,False,wall,60.0,39.0,-10.0
3159,210393,222.0,11,156,0.114876,1.0915,True,False,body,110.0,122.0,-10.0
3160,210429,52.0,3,36,0.114847,1.3271,True,False,body,30.0,32.0,-10.0
3161,210580,241.0,13,151,0.114725,1.2062,True,False,body,130.0,121.0,-10.0
3162,210734,262.0,15,154,0.1146,1.1481,True,False,wall,150.0,122.0,-10.0
3163,210776,59.0,4,42,0.114566,1.1467,True,False,body,40.0,29.0,-10.0
3164,210803,25.0,1,27,0.114545,1.1073,True,False,wall,10.0,25.0,-10.0
3165,210950,238.0,14,147,0.114426,1.1757,True,False,body,140.0,108.0,-10.0
3166,211073,186.0,10,123,0.114327,1.1534,True,False,body,100.0,96.0,-10.0
3167,211177,162.0,9,104,0.114244,1.1813,True,False,body,90.0,82.0,-10.0
3168,211219,47.0,2,42,0.11421,1.0173,True,False,wall,20.0,37.0,-10.0
3169,211379,249.0,14,160,0.114082,1.1207,True,False,wall,140.0,119.0,-10.0
3170,211535,224.0,11,156,0.113957,1.1378,True,False,body,110.0,124.0,-10.0
3171,211654,191.0,11,119,0.113862,1.114,True,False,wall,110.0,91.0,-10.0
3172,211702,69.0,4,48,0.113823,1.261,True,False,wall,40.0,39.0,-10.0
3173,211756,71.0,4,54,0.11378,1.1694,True,False,wall,40.0,41.0,-10.0
3174,212044,421.0,20,288,0.113551,1.1567,True,False,body,200.0,231.0,-10.0
3175,212102,75.0,4,58,0.113505,1.413,True,False,wall,40.0,45.0,-10.0
3176,212377,370.0,20,275,0.113287,1.1246,True,False,body,200.0,180.0,-10.0
3177,212464,164.0,10,87,0.113218,1.141,True,False,body,100.0,74.0,-10.0
3178,212563,188.0,12,99,0.11314,1.1493,True,False,body,120.0,78.0,-10.0
3179,212726,245.0,15,163,0.113012,1.3844,True,False,wall,150.0,105.0,-10.0
3180,212859,210.0,12,133,0.112907,1.1971,True,False,body,120.0,100.0,-10.0
3181,212886,39.0,3,27,0.112886,1.2408,True,False,body,30.0,19.0,-10.0
3182,212984,142.0,9,98,0.112809,1.1489,True,False,wall,90.0,62.0,-10.0
3183,213037,101.0,7,53,0.112767,1.181,True,False,body,70.0,41.0,-10.0
3184,213217,248.0,13,180,0.112626,1.1828,True,False,body,130.0,128.0,-10.0
3185,213269,68.0,3,52,0.112585,1.1269,True,False,wall,30.0,48.0,-10.0
3186,213512,363.0,17,243,0.112396,1.1222,True,False,body,170.0,203.0,-10.0
3187,213628,176.0,9,116,0.112305,1.1567,True,False,body,90.0,96.0,-10.0
3188,213674,58.0,3,46,0.112269,1.1004,True,False,wall,30.0,38.0,-10.0
3189,213850,279.0,16,176,0.112133,1.103,True,False,body,160.0,129.0,-10.0
3190,213896,76.0,5,46,0.112097,1.0712,True,False,wall,50.0,36.0,-10.0
3191,214004,155.0,8,108,0.112013,1.1576,True,False,wall,80.0,85.0,-10.0
3192,214136,207.0,12,132,0.111911,1.2716,True,False,body,120.0,97.0,-10.0
3193,214312,207.0,12,176,0.111775,1.1277,True,False,body,120.0,97.0,-10.0
3194,214400,135.0,8,88,0.111707,1.1021,True,False,body,80.0,65.0,-10.0
3195,214600,287.0,14,200,0.111553,1.1304,True,False,body,140.0,157.0,-10.0
3196,214729,204.0,12,129,0.111454,1.0812,True,False,wall,120.0,94.0,-10.0
3197,214897,204.0,11,168,0.111325,1.1257,True,False,wall,110.0,104.0,-10.0
3198,214973,111.0,6,76,0.111266,1.1316,True,False,body,60.0,61.0,-10.0
3199,215028,70.0,4,55,0.111224,1.1261,True,False,wall,40.0,40.0,-10.0
3200,215202,286.0,15,174,0.111091,1.1587,True,False,wall,150.0,146.0,-10.0
3201,215293,157.0,9,91,0.111022,1.2267,True,False,body,90.0,77.0,-10.0
3202,215460,226.0,10,167,0.110895,1.1624,True,False,wall,100.0,136.0,-10.0
3203,215472,8.0,1,12,0.110885,1.0565,True,False,wall,10.0,8.0,-10.0
3204,215605,196.0,10,133,0.110784,1.0816,True,False,wall,100.0,106.0,-10.0
3205,215729,192.0,11,124,0.11069,1.2781,True,False,body,110.0,92.0,-10.0
3206,215801,105.0,6,72,0.110636,1.1784,True,False,body,60.0,55.0,-10.0
3207,215997,285.0,16,196,0.110487,1.0871,True,False,body,160.0,135.0,-10.0
3208,216041,72.0,5,44,0.110454,1.3924,True,False,body,50.0,32.0,-10.0
3209,216111,94.0,5,70,0.110401,1.1557,True,False,body,50.0,54.0,-10.0
3210,216237,202.0,13,126,0.110306,1.1541,True,False,body,130.0,82.0,-10.0
3211,216325,143.0,8,88,0.11024,1.151,True,False,body,80.0,73.0,-10.0
3212,216470,251.0,15,145,0.110131,1.1279,True,False,body,150.0,111.0,-10.0
3213,216607,212.0,12,137,0.110028,1.1446,True,False,body,120.0,102.0,-10.0
3214,216854,387.0,21,247,0.109843,1.148,True,False,body,210.0,187.0,-10.0
3215,217010,217.0,10,156,0.109726,1.1048,True,False,wall,100.0,127.0,-10.0
3216,217090,137.0,8,80,0.109666,1.3266,True,False,wall,80.0,67.0,-10.0
3217,217376,452.0,23,286,0.109454,1.1908,True,False,body,230.0,232.0,-10.0
3218,217459,123.0,7,83,0.109392,1.3575,True,False,body,70.0,63.0,-10.0
3219,217578,195.0,11,119,0.109304,1.3058,True,False,wall,110.0,95.0,-10.0
3220,217676,158.0,9,98,0.109231,1.154,True,False,body,90.0,78.0,-10.0
3221,217740,91.0,6,64,0.109184,1.0493,True,False,body,60.0,41.0,-10.0
3222,217853,178.0,10,113,0.1091,1.0962,True,False,body,100.0,88.0,-10.0
3223,217971,193.0,12,118,0.109013,1.1158,True,False,body,120.0,83.0,-10.0
3224,218098,193.0,11,127,0.108919,1.2638,True,False,body,110.0,93.0,-10.0
3225,218240,195.0,10,142,0.108815,1.1316,True,False,body,100.0,105.0,-10.0
3226,218424,276.0,15,184,0.10868,1.0878,True,False,body,150.0,136.0,-10.0
3227,218568,260.0,15,144,0.108574,1.1409,True,False,body,150.0,120.0,-10.0
3228,218839,343.0,19,271,0.108376,1.1611,True,False,body,190.0,163.0,-10.0
3229,218977,188.0,9,138,0.108276,1.1705,True,False,body,90.0,108.0,-10.0
3230,219144,263.0,15,167,0.108154,1.0986,True,False,body,150.0,123.0,-10.0
3231,219192,71.0,4,48,0.108119,1.1049,True,False,wall,40.0,41.0,-10.0
3232,219300,140.0,7,108,0.108041,1.1433,True,False,body,70.0,80.0,-10.0
3233,219442,228.0,13,142,0.107938,1.2248,True,False,body,130.0,108.0,-10.0
3234,219464,36.0,3,22,0.107922,1.2339,True,False,wall,30.0,16.0,-10.0
3235,219549,138.0,8,85,0.10786,1.138,True,False,wall,80.0,68.0,-10.0
3236,219616,122.0,8,67,0.107812,1.1425,True,False,body,80.0,52.0,-10.0
3237,219645,54.0,4,29,0.107791,1.0105,True,False,wall,40.0,24.0,-10.0
3238,219680,43.0,3,35,0.107766,1.2967,True,False,wall,30.0,23.0,-10.0
3239,219846,273.0,16,166,0.107646,1.1897,True,False,body,160.0,123.0,-10.0
3240,219926,96.0,5,80,0.107588,1.2276,True,False,wall,50.0,56.0,-10.0
3241,219999,97.0,5,73,0.107536,1.1145,True,False,body,50.0,57.0,-10.0
3242,220120,201.0,13,121,0.107449,1.1439,True,False,body,130.0,81.0,-10.0
3243,220140,43.0,4,20,0.107434,1.2598,True,False,body,40.0,13.0,-10.0
3244,220301,282.0,16,161,0.107319,1.1615,True,False,body,160.0,132.0,-10.0
3245,220383,125.0,8,82,0.10726,1.2481,True,False,wall,80.0,55.0,-10.0
3246,220437,71.0,4,54,0.107222,1.4989,True,False,body,40.0,41.0,-10.0
3247,220477,63.0,4,40,0.107193,1.2525,True,False,wall,40.0,33.0,-10.0
3248,220495,23.0,2,18,0.10718,1.2369,True,False,wall,20.0,13.0,-10.0
3249,220549,78.0,5,54,0.107142,1.207,True,False,wall,50.0,38.0,-10.0
3250,220704,273.0,17,155,0.107031,1.2016,True,False,wall,170.0,113.0,-10.0
3251,220880,273.0,14,176,0.106906,1.1934,True,False,body,140.0,143.0,-10.0
3252,221023,220.0,12,143,0.106804,1.259,True,False,wall,120.0,110.0,-10.0
3253,221100,116.0,6,77,0.106749,1.1789,True,False,wall,60.0,66.0,-10.0
3254,221163,76.0,4,63,0.106705,1.1759,True,False,body,40.0,46.0,-10.0
3255,221322,243.0,13,159,0.106592,1.2279,True,False,body,130.0,123.0,-10.0
3256,221347,30.0,2,25,0.106574,1.2154,True,False,wall,20.0,20.0,-10.0
3257,221411,101.0,6,64,0.106529,1.1845,True,False,body,60.0,51.0,-10.0
3258,221703,433.0,22,292,0.106323,1.0866,True,False,wall,220.0,223.0,-10.0
3259,221888,292.0,16,185,0.106193,1.1457,True,False,body,160.0,142.0,-10.0
3260,221897,7.0,1,9,0.106187,1.8467,True,False,wall,10.0,7.0,-10.0
3261,221966,111.0,7,69,0.106138,1.1514,True,False,wall,70.0,51.0,-10.0
3262,222028,108.0,7,62,0.106095,1.1263,True,False,wall,70.0,48.0,-10.0
3263,222046,16.0,1,18,0.106082,1.2246,True,False,wall,10.0,16.0,-10.0
3264,222090,58.0,3,44,0.106051,1.1266,True,False,body,30.0,38.0,-10.0
3265,222165,112.0,6,75,0.105999,1.1947,True,False,body,60.0,62.0,-10.0
3266,222268,154.0,8,103,0.105927,1.119,True,False,body,80.0,84.0,-10.0
3267,222359,130.0,8,91,0.105863,1.189,True,False,wall,80.0,60.0,-10.0
3268,222466,146.0,8,107,0.105789,1.1544,True,False,wall,80.0,76.0,-10.0
3269,222595,190.0,10,129,0.105699,1.1695,True,False,body,100.0,100.0,-10.0
3270,222634,60.0,4,39,0.105672,1.1032,True,False,body,40.0,30.0,-10.0
3271,222814,222.0,11,180,0.105546,1.1698,True,False,wall,110.0,122.0,-10.0
3272,222877,94.0,6,63,0.105503,1.1522,True,False,body,60.0,44.0,-10.0
3273,222943,82.0,5,66,0.105457,1.1064,True,False,wall,50.0,42.0,-10.0
3274,223007,99.0,6,64,0.105413,1.1745,True,False,body,60.0,49.0,-10.0
3275,223028,15.0,1,21,0.105398,1.1233,True,False,wall,10.0,15.0,-10.0
3276,223276,370.0,19,248,0.105227,1.235,True,False,body,190.0,190.0,-10.0
3277,223438,231.0,12,162,0.105115,1.1506,True,False,body,120.0,121.0,-10.0
3278,223532,122.0,7,94,0.10505,1.1679,True,False,body,70.0,62.0,-10.0
3279,223559,43.0,3,27,0.105032,1.3913,True,False,body,30.0,23.0,-10.0
3280,223648,129.0,7,89,0.10497,1.1605,True,False,wall,70.0,69.0,-10.0
3281,223680,46.0,3,32,0.104948,1.1587,True,False,wall,30.0,26.0,-10.0
3282,223946,392.0,21,266,0.104766,1.155,True,False,wall,210.0,192.0,-10.0
3283,224058,206.0,13,112,0.104689,1.1867,True,False,wall,130.0,86.0,-10.0
3284,224140,117.0,8,82,0.104633,1.2401,True,False,body,80.0,47.0,-10.0
3285,224192,71.0,4,52,0.104598,1.2057,True,False,wall,40.0,41.0,-10.0
3286,224360,258.0,13,168,0.104483,1.3045,True,False,body,130.0,138.0,-10.0
3287,224431,104.0,6,71,0.104435,1.1909,True,False,wall,60.0,54.0,-10.0
3288,224640,259.0,13,209,0.104293,1.2198,True,False,body,130.0,139.0,-10.0
3289,224850,328.0,17,210,0.104151,1.157,True,False,body,170.0,168.0,-10.0
3290,224991,221.0,13,141,0.104055,1.1323,True,False,body,130.0,101.0,-10.0
3291,225018,32.0,2,27,0.104037,1.4169,True,False,wall,20.0,22.0,-10.0
3292,225081,93.0,5,63,0.103995,1.4752,True,False,body,50.0,53.0,-10.0
3293,225281,316.0,17,200,0.10386,1.2122,True,False,body,170.0,156.0,-10.0
3294,225517,356.0,17,236,0.103701,1.1768,True,False,body,170.0,196.0,-10.0
3295,225567,58.0,3,50,0.103667,1.1674,True,False,wall,30.0,38.0,-10.0
3296,225687,183.0,10,120,0.103587,1.1574,True,False,body,100.0,93.0,-10.0
3297,225869,292.0,17,182,0.103465,1.1286,True,False,wall,170.0,132.0,-10.0
3298,225914,75.0,5,45,0.103435,1.0829,True,False,body,50.0,35.0,-10.0
3299,225948,42.0,3,34,0.103412,1.0438,True,False,wall,30.0,22.0,-10.0
3300,225968,12.0,1,20,0.103399,1.1832,True,False,wall,10.0,12.0,-10.0
3301,226072,165.0,10,104,0.10333,1.1913,True,False,wall,100.0,75.0,-10.0
3302,226134,73.0,4,62,0.103288,1.1557,True,False,body,40.0,43.0,-10.0
3303,226408,388.0,21,274,0.103106,1.2247,True,False,wall,210.0,188.0,-10.0
3304,226535,171.0,9,127,0.103022,1.2143,True,False,body,90.0,91.0,-10.0
3305,226698,235.0,11,163,0.102914,1.2267,True,False,wall,110.0,135.0,-10.0
3306,226741,44.0,2,43,0.102886,1.146,True,False,wall,20.0,34.0,-10.0
3307,226983,351.0,18,242,0.102726,1.2803,True,False,body,180.0,181.0,-10.0
3308,226998,13.0,1,15,0.102716,1.4108,True,False,wall,10.0,13.0,-10.0
3309,227050,84.0,5,52,0.102682,1.1281,True,False,body,50.0,44.0,-10.0
3310,227148,165.0,10,98,0.102617,1.393,True,False,body,100.0,75.0,-10.0
3311,227282,206.0,11,134,0.102529,1.3366,True,False,body,110.0,106.0,-10.0
3312,227404,170.0,9,122,0.102449,1.2151,True,False,wall,90.0,90.0,-10.0
3313,227662,417.0,24,258,0.10228,1.0801,True,False,wall,240.0,187.0,-10.0
3314,227901,390.0,22,239,0.102124,1.1984,True,False,body,220.0,180.0,-10.0
3315,228079,287.0,16,178,0.102009,1.0904,True,False,body,160.0,137.0,-10.0
3316,228105,20.0,1,26,0.101992,1.0503,True,False,wall,10.0,20.0,-10.0
3317,228301,289.0,16,196,0.101864,1.1685,True,False,wall,160.0,139.0,-10.0
3318,228339,50.0,3,38,0.10184,1.1698,True,False,wall,30.0,30.0,-10.0
3319,228464,234.0,14,125,0.101759,1.1558,True,False,body,140.0,104.0,-10.0
3320,228666,346.0,19,202,0.101628,1.1284,True,False,body,190.0,166.0,-10.0
3321,228753,109.0,5,87,0.101572,1.1813,True,False,body,50.0,69.0,-10.0
3322,228932,262.0,14,179,0.101457,1.1387,True,False,body,140.0,132.0,-10.0
3323,228991,94.0,6,59,0.101419,1.2761,True,False,body,60.0,44.0,-10.0
3324,229142,219.0,11,151,0.101322,1.1925,True,False,wall,110.0,119.0,-10.0
3325,229277,217.0,13,135,0.101235,1.2829,True,False,body,130.0,97.0,-10.0
3326,229446,265.0,15,169,0.101127,1.1708,True,False,body,150.0,125.0,-10.0
3327,229535,131.0,7,89,0.101071,1.2716,True,False,wall,70.0,71.0,-10.0
3328,229767,365.0,20,232,0.100923,1.2374,True,False,wall,200.0,175.0,-10.0
3329,229800,49.0,3,33,0.100902,1.1107,True,False,body,30.0,29.0,-10.0
3330,229894,161.0,10,94,0.100842,1.1428,True,False,body,100.0,71.0,-10.0
3331,229925,36.0,2,31,0.100822,1.2437,True,False,wall,20.0,26.0,-10.0
3332,230068,259.0,15,143,0.100731,1.1659,True,False,wall,150.0,119.0,-10.0
3333,230244,281.0,16,176,0.10062,1.1675,True,False,body,160.0,131.0,-10.0
3334,230472,334.0,17,228,0.100476,1.253,True,False,body,170.0,174.0,-10.0
3335,230652,281.0,16,180,0.100362,1.2184,True,False,body,160.0,131.0,-10.0
3336,230768,173.0,10,116,0.100289,1.1488,True,False,wall,100.0,83.0,-10.0
3337,230949,265.0,13,181,0.100176,1.1653,True,False,body,130.0,145.0,-10.0
3338,230987,50.0,3,38,0.100152,1.2851,True,False,body,30.0,30.0,-10.0
3339,231192,340.0,20,205,0.100024,1.1371,True,False,body,200.0,150.0,-10.0
3340,231263,93.0,5,71,0.099979,1.1303,True,False,body,50.0,53.0,-10.0
3341,231302,62.0,4,39,0.099955,1.1819,True,False,body,40.0,32.0,-10.0
3342,231532,350.0,19,230,0.099811,1.1265,True,False,body,190.0,170.0,-10.0
3343,231687,210.0,10,155,0.099715,1.2149,True,False,body,100.0,120.0,-10.0
3344,231884,329.0,19,197,0.099593,1.2351,True,False,body,190.0,149.0,-10.0
3345,231943,89.0,5,59,0.099556,1.2074,True,False,wall,50.0,49.0,-10.0
3346,232000,61.0,3,57,0.099521,1.1206,True,False,wall,30.0,41.0,-10.0
3347,232049,63.0,3,49,0.099491,1.1547,True,False,wall,30.0,43.0,-10.0
3348,232090,69.0,5,41,0.099465,1.1794,True,False,body,50.0,29.0,-10.0
3349,232249,248.0,14,159,0.099367,1.2876,True,False,body,140.0,118.0,-10.0
3350,232462,323.0,17,213,0.099236,1.1605,True,False,body,170.0,163.0,-10.0
3351,232543,111.0,5,81,0.099186,1.1809,True,False,wall,50.0,71.0,-10.0
3352,232590,70.0,4,47,0.099157,1.299,True,False,wall,40.0,40.0,-10.0
3353,232602,19.0,2,12,0.09915,1.1171,True,False,wall,20.0,9.0,-10.0
3354,232709,160.0,10,107,0.099084,1.1567,True,False,wall,100.0,70.0,-10.0
3355,232845,193.0,10,136,0.099001,1.2051,True,False,body,100.0,103.0,-10.0
3356,232995,253.0,14,150,0.098909,1.1715,True,False,wall,140.0,123.0,-10.0
3357,233165,222.0,11,170,0.098805,1.1308,True,False,body,110.0,122.0,-10.0
3358,233181,12.0,1,16,0.098795,1.1456,True,False,wall,10.0,12.0,-10.0
3359,233310,187.0,11,129,0.098717,1.2621,True,False,body,110.0,87.0,-10.0
3360,233489,251.0,15,179,0.098608,1.2103,True,False,wall,150.0,111.0,-10.0
3361,233618,201.0,11,129,0.098529,1.2082,True,False,body,110.0,101.0,-10.0
3362,233726,152.0,7,108,0.098464,1.1972,True,False,body,70.0,92.0,-10.0
3363,233821,125.0,7,95,0.098406,1.1056,True,False,body,70.0,65.0,-10.0
3364,233857,46.0,3,36,0.098385,1.1892,True,False,body,30.0,26.0,-10.0
3365,234161,466.0,23,304,0.098201,1.1508,True,False,wall,230.0,246.0,-10.0
3366,234367,328.0,19,206,0.098077,1.1605,True,False,wall,190.0,148.0,-10.0
3367,234474,154.0,8,107,0.098013,1.0917,True,False,body,80.0,84.0,-10.0
3368,234669,279.0,13,195,0.097896,1.1318,True,False,wall,130.0,159.0,-10.0
3369,234766,170.0,10,97,0.097838,1.2088,True,False,body,100.0,80.0,-10.0
3370,234970,364.0,21,204,0.097716,1.1225,True,False,wall,210.0,164.0,-10.0
3371,235010,63.0,4,40,0.097692,1.167,True,False,body,40.0,33.0,-10.0
3372,235121,180.0,10,111,0.097626,1.1536,True,False,wall,100.0,90.0,-10.0
3373,235281,219.0,10,160,0.097531,1.0889,True,False,body,100.0,129.0,-10.0
3374,235294,5.0,1,13,0.097523,1.0693,True,False,wall,10.0,5.0,-10.0
3375,235330,55.0,4,36,0.097502,1.1342,True,False,wall,40.0,25.0,-10.0
3376,235385,85.0,5,55,0.097469,1.1006,True,False,wall,50.0,45.0,-10.0
3377,235480,145.0,9,95,0.097413,1.052,True,False,body,90.0,65.0,-10.0
3378,235704,323.0,16,224,0.09728,1.1324,True,False,wall,160.0,173.0,-10.0
3379,235779,135.0,9,75,0.097236,1.1641,True,False,body,90.0,55.0,-10.0
3380,235884,171.0,9,105,0.097174,1.1779,True,False,body,90.0,91.0,-10.0
3381,236018,200.0,11,134,0.097095,1.1815,True,False,body,110.0,100.0,-10.0
3382,236037,11.0,1,19,0.097084,1.1846,True,False,wall,10.0,11.0,-10.0
3383,236329,421.0,20,292,0.096912,1.1394,True,False,wall,200.0,231.0,-10.0
3384,236706,503.0,29,377,0.096692,1.228,True,False,body,290.0,223.0,-10.0
3385,236853,239.0,13,147,0.096606,1.2109,True,False,body,130.0,119.0,-10.0
3386,236887,37.0,2,34,0.096586,1.3341,True,False,wall,20.0,27.0,-10.0
3387,236984,172.0,10,97,0.09653,1.3111,True,False,wall,100.0,82.0,-10.0
3388,237119,164.0,8,135,0.096451,1.2736,True,False,wall,80.0,94.0,-10.0
3389,237239,156.0,9,120,0.096382,1.1937,True,False,body,90.0,76.0,-10.0
3390,237265,29.0,2,26,0.096367,1.1709,True,False,wall,20.0,19.0,-10.0
3391,237420,285.0,17,155,0.096277,1.3844,True,False,wall,170.0,125.0,-10.0
3392,237664,403.0,24,244,0.096136,1.1966,True,False,body,240.0,173.0,-10.0
3393,237845,341.0,21,181,0.096032,1.1584,True,False,wall,210.0,141.0,-10.0
3394,237891,58.0,3,46,0.096005,1.1553,True,False,wall,30.0,38.0,-10.0
3395,237965,111.0,6,74,0.095963,1.1377,True,False,body,60.0,61.0,-10.0
3396,238078,156.0,8,113,0.095898,1.1436,True,False,body,80.0,86.0,-10.0
3397,238382,436.0,23,304,0.095724,1.1485,True,False,body,230.0,216.0,-10.0
3398,238553,283.0,17,171,0.095626,1.1213,True,False,wall,170.0,123.0,-10.0
3399,238599,69.0,4,46,0.0956,1.2042,True,False,wall,40.0,39.0,-10.0
3400,238775,259.0,14,176,0.0955,1.1169,True,False,wall,140.0,129.0,-10.0
3401,239131,405.0,20,356,0.095298,1.1146,True,False,body,200.0,215.0,-10.0
3402,239198,126.0,8,67,0.09526,1.1226,True,False,wall,80.0,56.0,-10.0
3403,239347,241.0,13,149,0.095176,1.1463,True,False,wall,130.0,121.0,-10.0
3404,239443,144.0,9,96,0.095121,1.226,True,False,wall,90.0,64.0,-10.0
3405,239731,433.0,24,288,0.094959,1.26,True,False,body,240.0,203.0,-10.0
3406,239755,25.0,2,24,0.094946,1.3529,True,False,wall,20.0,15.0,-10.0
3407,239823,101.0,6,68,0.094908,1.1801,True,False,body,60.0,51.0,-10.0
3408,240124,485.0,25,301,0.094739,1.1609,True,False,body,250.0,245.0,-10.0
3409,240268,234.0,13,144,0.094659,1.196,True,False,body,130.0,114.0,-10.0
3410,240329,80.0,4,61,0.094624,1.21,True,False,wall,40.0,50.0,-10.0
3411,240464,231.0,13,135,0.094549,1.1416,True,False,wall,130.0,111.0,-10.0
3412,240494,55.0,4,30,0.094533,1.22,True,False,wall,40.0,25.0,-10.0
3413,240533,64.0,4,39,0.094511,1.1572,True,False,wall,40.0,34.0,-10.0
3414,240600,102.0,6,67,0.094474,1.1559,True,False,wall,60.0,52.0,-10.0
3415,240656,87.0,6,56,0.094442,1.1374,True,False,body,60.0,37.0,-10.0
3416,240765,169.0,9,109,0.094382,1.2705,True,False,body,90.0,89.0,-10.0
3417,241072,370.0,22,307,0.094212,1.2012,True,False,body,220.0,160.0,-10.0
3418,241243,282.0,16,171,0.094118,1.1473,True,False,body,160.0,132.0,-10.0
3419,241317,92.0,5,74,0.094077,1.1514,True,False,body,50.0,52.0,-10.0
3420,241425,164.0,9,108,0.094017,1.1393,True,False,wall,90.0,84.0,-10.0
3421,241571,245.0,14,146,0.093937,1.172,True,False,wall,140.0,115.0,-10.0
3422,241691,179.0,10,120,0.093871,1.3453,True,False,wall,100.0,89.0,-10.0
3423,241790,166.0,10,99,0.093817,1.1919,True,False,wall,100.0,76.0,-10.0
3424,241873,97.0,5,83,0.093771,1.1781,True,False,wall,50.0,57.0,-10.0
3425,241913,65.0,4,40,0.09375,1.0585,True,False,wall,40.0,35.0,-10.0
3426,241955,46.0,3,42,0.093727,1.563,True,False,body,30.0,26.0,-10.0
3427,242023,86.0,5,68,0.093689,1.2384,True,False,body,50.0,46.0,-10.0
3428,242192,292.0,16,169,0.093597,1.2178,True,False,body,160.0,142.0,-10.0
3429,242367,264.0,14,175,0.093502,1.1453,True,False,wall,140.0,134.0,-10.0
3430,242598,303.0,15,231,0.093377,1.1475,True,False,body,150.0,163.0,-10.0
3431,242633,39.0,3,35,0.093358,1.1424,True,False,wall,30.0,19.0,-10.0
3432,242673,43.0,2,40,0.093336,1.126,True,False,wall,20.0,33.0,-10.0
3433,242934,405.0,21,261,0.093195,1.2205,True,False,body,210.0,205.0,-10.0
3434,242978,58.0,3,44,0.093171,1.1249,True,False,wall,30.0,38.0,-10.0
3435,243045,95.0,5,67,0.093135,1.1756,True,False,wall,50.0,55.0,-10.0
3436,243171,186.0,9,126,0.093067,1.206,True,False,body,90.0,106.0,-10.0
3437,243333,276.0,15,162,0.09298,1.1858,True,False,wall,150.0,136.0,-10.0
3438,243481,250.0,15,148,0.0929,1.0788,True,False,body,150.0,110.0,-10.0
3439,243569,170.0,11,88,0.092853,1.1471,True,False,wall,110.0,70.0,-10.0
3440,243675,171.0,10,106,0.092797,1.2146,True,False,wall,100.0,81.0,-10.0
3441,243710,49.0,3,35,0.092778,1.161,True,False,wall,30.0,29.0,-10.0
3442,244058,527.0,28,348,0.092592,1.1948,True,False,body,280.0,257.0,-10.0
3443,244126,90.0,5,68,0.092556,1.2975,True,False,body,50.0,50.0,-10.0
3444,244175,65.0,3,49,0.09253,1.2514,True,False,wall,30.0,45.0,-10.0
3445,244248,90.0,4,73,0.092491,1.2441,True,False,wall,40.0,60.0,-10.0
3446,244272,31.0,2,24,0.092478,1.2358,True,False,wall,20.0,21.0,-10.0
3447,244414,235.0,14,142,0.092403,1.1879,True,False,body,140.0,105.0,-10.0
3448,244608,309.0,16,194,0.0923,1.1461,True,False,body,160.0,159.0,-10.0
3449,244625,22.0,2,17,0.092291,1.1812,True,False,wall,20.0,12.0,-10.0
3450,244745,201.0,12,120,0.092228,1.1554,True,False,body,120.0,91.0,-10.0
3451,245023,385.0,20,278,0.092081,1.1929,True,False,body,200.0,195.0,-10.0
3452,245051,42.0,3,28,0.092067,1.1762,True,False,wall,30.0,22.0,-10.0
3453,245164,170.0,8,113,0.092007,1.208,True,False,wall,80.0,100.0,-10.0
3454,245278,155.0,8,114,0.091948,1.2159,True,False,body,80.0,85.0,-10.0
3455,245353,115.0,7,75,0.091908,1.1652,True,False,body,70.0,55.0,-10.0
3456,245570,337.0,19,217,0.091795,1.1948,True,False,body,190.0,157.0,-10.0
3457,245706,219.0,12,136,0.091724,1.2893,True,False,body,120.0,109.0,-10.0
3458,245725,33.0,3,19,0.091714,1.2901,True,False,wall,30.0,13.0,-10.0
3459,246079,545.0,28,354,0.09153,1.1518,True,False,body,280.0,275.0,-10.0
3460,246218,216.0,12,139,0.091458,1.18,True,False,body,120.0,106.0,-10.0
3461,246286,109.0,6,68,0.091422,1.0988,True,False,body,60.0,59.0,-10.0
3462,246302,1.0,0,16,0.091414,1.088,True,False,wall,0.0,11.0,-10.0
3463,246565,405.0,21,263,0.091278,1.137,True,False,body,210.0,205.0,-10.0
3464,246690,193.0,11,125,0.091214,1.198,True,False,body,110.0,93.0,-10.0
3465,246747,81.0,5,57,0.091184,1.044,True,False,wall,50.0,41.0,-10.0
3466,246871,232.0,15,124,0.091121,1.1478,True,False,body,150.0,92.0,-10.0
3467,246973,132.0,7,102,0.091068,1.305,True,False,body,70.0,72.0,-10.0
3468,247159,274.0,15,186,0.090973,1.215,True,False,wall,150.0,134.0,-10.0
3469,247323,238.0,13,164,0.090889,1.1886,True,False,body,130.0,118.0,-10.0
3470,247511,280.0,15,188,0.090793,1.2614,True,False,wall,150.0,140.0,-10.0
3471,247668,220.0,12,157,0.090713,1.1915,True,False,body,120.0,110.0,-10.0
3472,247846,273.0,14,178,0.090622,1.1971,True,False,body,140.0,143.0,-10.0
3473,247895,77.0,5,49,0.090598,1.1351,True,False,body,50.0,37.0,-10.0
3474,248094,314.0,16,199,0.090497,1.2335,True,False,body,160.0,164.0,-10.0
3475,248222,219.0,12,128,0.090432,1.2691,True,False,body,120.0,109.0,-10.0
3476,248240,10.0,1,18,0.090423,1.3198,True,False,wall,10.0,10.0,-10.0
3477,248343,175.0,11,103,0.090371,1.1534,True,False,body,110.0,75.0,-10.0
3478,248466,177.0,9,123,0.090309,1.3564,True,False,body,90.0,97.0,-10.0
3479,248687,366.0,20,221,0.090198,1.2645,True,False,body,200.0,176.0,-10.0
3480,248725,39.0,2,38,0.090179,1.189,True,False,wall,20.0,29.0,-10.0
3481,248859,200.0,13,134,0.090111,1.2201,True,False,body,130.0,80.0,-10.0
3482,248941,119.0,6,82,0.09007,1.2275,True,False,wall,60.0,69.0,-10.0
3483,248977,43.0,4,36,0.090052,1.4053,True,False,body,40.0,13.0,-10.0
3484,249135,255.0,14,158,0.089973,1.2409,True,False,wall,140.0,125.0,-10.0
3485,249172,56.0,4,37,0.089955,1.1556,True,False,wall,40.0,26.0,-10.0
3486,249303,225.0,13,131,0.089889,1.2191,True,False,body,130.0,105.0,-10.0
3487,249415,177.0,10,112,0.089833,1.3553,True,False,body,100.0,87.0,-10.0
3488,249526,156.0,8,111,0.089778,1.1998,True,False,body,80.0,86.0,-10.0
3489,249691,280.0,16,165,0.089696,1.185,True,False,body,160.0,130.0,-10.0
3490,249764,107.0,5,73,0.08966,1.1106,True,False,wall,50.0,67.0,-10.0
3491,249851,137.0,7,87,0.089617,1.1494,True,False,body,70.0,77.0,-10.0
3492,250090,369.0,21,239,0.089499,1.255,True,False,body,210.0,169.0,-10.0
3493,250110,34.0,3,20,0.089489,1.1746,True,False,wall,30.0,14.0,-10.0
3494,250277,269.0,13,167,0.089407,1.2095,True,False,wall,130.0,149.0,-10.0
3495,250292,13.0,1,15,0.089399,1.1333,True,False,wall,10.0,13.0,-10.0
3496,250408,151.0,6,116,0.089342,1.241,True,False,wall,60.0,101.0,-10.0
3497,250576,271.0,16,168,0.08926,1.1229,True,False,body,160.0,121.0,-10.0
3498,250629,77.0,5,53,0.089234,1.1356,True,False,body,50.0,37.0,-10.0
3499,250731,157.0,8,102,0.089184,1.2191,True,False,body,80.0,87.0,-10.0
3500,250791,99.0,6,60,0.089154,1.1742,True,False,wall,60.0,49.0,-10.0
3501,250845,82.0,5,54,0.089128,1.1777,True,False,wall,50.0,42.0,-10.0
3502,250865,32.0,3,20,0.089118,1.2635,True,False,body,30.0,12.0,-10.0
3503,250941,111.0,6,76,0.089081,1.1536,True,False,body,60.0,61.0,-10.0
3504,251083,237.0,14,142,0.089012,1.1853,True,False,body,140.0,107.0,-10.0
3505,251228,233.0,13,145,0.088941,1.2309,True,False,wall,130.0,113.0,-10.0
3506,251373,235.0,13,145,0.08887,1.234,True,False,body,130.0,115.0,-10.0
3507,251511,195.0,10,138,0.088803,1.2415,True,False,body,100.0,105.0,-10.0
3508,251570,118.0,8,59,0.088775,1.1641,True,False,wall,80.0,48.0,-10.0
3509,251805,367.0,19,235,0.088661,1.1609,True,False,body,190.0,187.0,-10.0
3510,251870,104.0,6,65,0.08863,1.225,True,False,wall,60.0,54.0,-10.0
3511,251946,122.0,7,76,0.088593,1.2313,True,False,body,70.0,62.0,-10.0
3512,251978,42.0,3,32,0.088578,1.3033,True,False,wall,30.0,22.0,-10.0
3513,252103,215.0,13,125,0.088517,1.2149,True,False,wall,130.0,95.0,-10.0
3514,252430,524.0,28,327,0.08836,1.2632,True,False,body,280.0,254.0,-10.0
3515,252497,99.0,5,67,0.088328,1.1997,True,False,wall,50.0,59.0,-10.0
3516,252753,389.0,20,256,0.088206,1.2181,True,False,body,200.0,199.0,-10.0
3517,252892,210.0,12,139,0.088139,1.2194,True,False,body,120.0,100.0,-10.0
3518,252920,33.0,2,28,0.088126,1.1919,True,False,wall,20.0,23.0,-10.0
3519,253041,213.0,13,121,0.088068,1.2872,True,False,body,130.0,93.0,-10.0
3520,253081,45.0,2,40,0.088049,1.1046,True,False,wall,20.0,35.0,-10.0
3521,253204,197.0,11,123,0.087991,1.2202,True,False,wall,110.0,97.0,-10.0
3522,253460,357.0,22,256,0.087869,1.2518,True,False,body,220.0,147.0,-10.0
3523,253583,166.0,8,123,0.087811,1.3203,True,False,body,80.0,96.0,-10.0
3524,253637,88.0,5,54,0.087786,1.2297,True,False,wall,50.0,48.0,-10.0
3525,253655,12.0,1,18,0.087777,1.1017,True,False,wall,10.0,12.0,-10.0
3526,253744,141.0,9,89,0.087735,1.185,True,False,body,90.0,61.0,-10.0
3527,253867,204.0,12,123,0.087677,1.1395,True,False,body,120.0,94.0,-10.0
3528,254119,380.0,21,252,0.087559,1.2161,True,False,body,210.0,180.0,-10.0
3529,254190,88.0,4,71,0.087525,1.2418,True,False,body,40.0,58.0,-10.0
3530,254350,281.0,16,160,0.08745,1.1808,True,False,body,160.0,131.0,-10.0
3531,254485,231.0,13,135,0.087387,1.15,True,False,body,130.0,111.0,-10.0
3532,254527,56.0,3,42,0.087368,1.159,True,False,wall,30.0,36.0,-10.0
3533,254625,176.0,11,98,0.087322,1.2473,True,False,body,110.0,76.0,-10.0
3534,254660,58.0,4,35,0.087306,1.1276,True,False,wall,40.0,28.0,-10.0
3535,254782,170.0,11,122,0.087249,1.3749,True,False,body,110.0,70.0,-10.0
3536,254830,48.0,3,48,0.087226,1.3098,True,False,wall,30.0,28.0,-10.0
3537,254913,127.0,7,83,0.087188,1.3804,True,False,body,70.0,67.0,-10.0
3538,255012,157.0,9,99,0.087142,1.3322,True,False,wall,90.0,77.0,-10.0
3539,255154,244.0,13,142,0.087076,1.3213,True,False,body,130.0,124.0,-10.0
3540,255180,33.0,2,26,0.087064,1.1954,True,False,wall,20.0,23.0,-10.0
3541,255257,137.0,9,77,0.087028,1.3329,True,False,wall,90.0,57.0,-10.0
3542,255362,172.0,10,105,0.08698,1.1786,True,False,wall,100.0,82.0,-10.0
3543,255597,348.0,18,235,0.086871,1.2042,True,False,body,180.0,178.0,-10.0
3544,255684,134.0,8,87,0.086831,1.2653,True,False,wall,80.0,64.0,-10.0
3545,255843,232.0,12,159,0.086758,1.2321,True,False,body,120.0,122.0,-10.0
3546,256100,416.0,24,257,0.08664,1.1899,True,False,body,240.0,186.0,-10.0
3547,256176,111.0,6,76,0.086605,1.2484,True,False,wall,60.0,61.0,-10.0
3548,256322,213.0,12,146,0.086539,1.152,True,False,body,120.0,103.0,-10.0
3549,256429,145.0,7,107,0.08649,1.2393,True,False,body,70.0,85.0,-10.0
3550,256484,59.0,3,55,0.086465,1.1818,True,False,wall,30.0,39.0,-10.0
3551,256636,232.0,11,152,0.086395,1.149,True,False,body,110.0,132.0,-10.0
3552,256794,259.0,14,158,0.086324,1.1888,True,False,body,140.0,129.0,-10.0
3553,256856,110.0,7,62,0.086296,1.1517,True,False,wall,70.0,50.0,-10.0
3554,256888,62.0,5,32,0.086281,1.5652,True,False,body,50.0,22.0,-10.0
3555,257176,372.0,19,288,0.086151,1.3218,True,False,wall,190.0,192.0,-10.0
3556,257235,105.0,7,59,0.086124,1.2857,True,False,body,70.0,45.0,-10.0
3557,257269,50.0,3,34,0.086109,1.1792,True,False,wall,30.0,30.0,-10.0
3558,257565,424.0,23,296,0.085975,1.2704,True,False,body,230.0,204.0,-10.0
3559,257657,146.0,9,92,0.085934,1.3294,True,False,body,90.0,66.0,-10.0
3560,257817,223.0,14,160,0.085862,1.1967,True,False,body,140.0,93.0,-10.0
3561,258041,308.0,15,224,0.085762,1.255,True,False,body,150.0,168.0,-10.0
3562,258267,359.0,20,226,0.085661,1.2725,True,False,body,200.0,169.0,-10.0
3563,258318,72.0,4,51,0.085638,1.1791,True,False,body,40.0,42.0,-10.0
3564,258462,241.0,14,144,0.085574,1.2303,True,False,wall,140.0,111.0,-10.0
3565,258561,167.0,9,99,0.08553,1.2232,True,False,wall,90.0,87.0,-10.0
3566,258807,395.0,20,246,0.085421,1.2602,True,False,body,200.0,205.0,-10.0
3567,258929,183.0,10,122,0.085367,1.2516,True,False,body,100.0,93.0,-10.0
3568,259204,424.0,24,275,0.085246,1.2094,True,False,body,240.0,194.0,-10.0
3569,259444,391.0,22,240,0.08514,1.2021,True,False,body,220.0,181.0,-10.0
3570,259773,534.0,28,329,0.084996,1.2662,True,False,body,280.0,264.0,-10.0
3571,259791,32.0,3,18,0.084988,1.2825,True,False,wall,30.0,12.0,-10.0
3572,259973,265.0,16,182,0.084909,1.2505,True,False,body,160.0,115.0,-10.0
3573,260107,205.0,12,134,0.08485,1.2622,True,False,body,120.0,95.0,-10.0
3574,260198,137.0,9,91,0.084811,1.2947,True,False,wall,90.0,57.0,-10.0
3575,260404,343.0,18,206,0.084721,1.268,True,False,body,180.0,173.0,-10.0
3576,260479,116.0,6,75,0.084688,1.1503,True,False,wall,60.0,66.0,-10.0
3577,260561,142.0,9,82,0.084653,1.262,True,False,body,90.0,62.0,-10.0
3578,260784,284.0,14,223,0.084556,1.3064,True,False,body,140.0,154.0,-10.0
3579,260927,246.0,14,143,0.084495,1.3258,True,False,body,140.0,116.0,-10.0
3580,261091,230.0,11,164,0.084424,1.3242,True,False,wall,110.0,130.0,-10.0
3581,261153,99.0,6,62,0.084397,1.2596,True,False,body,60.0,49.0,-10.0
3582,261195,54.0,3,42,0.084379,1.2973,True,False,wall,30.0,34.0,-10.0
3583,261375,296.0,17,180,0.084302,1.3061,True,False,body,170.0,136.0,-10.0
3584,261444,135.0,9,69,0.084273,1.2681,True,False,body,90.0,55.0,-10.0
3585,261620,272.0,15,176,0.084197,1.3387,True,False,body,150.0,132.0,-10.0
3586,261828,337.0,18,208,0.084108,1.2608,True,False,wall,180.0,167.0,-10.0
3587,261916,154.0,9,88,0.084071,1.2777,True,False,body,90.0,74.0,-10.0
3588,262137,330.0,18,221,0.083977,1.4025,True,False,body,180.0,160.0,-10.0
3589,262289,248.0,13,152,0.083912,1.2434,True,False,wall,130.0,128.0,-10.0
3590,262370,108.0,6,81,0.083878,1.2012,True,False,body,60.0,58.0,-10.0
3591,262423,74.0,4,53,0.083856,1.1326,True,False,wall,40.0,44.0,-10.0
3592,262603,292.0,17,180,0.08378,1.2327,True,False,body,170.0,132.0,-10.0
3593,262696,157.0,9,93,0.08374,1.3898,True,False,wall,90.0,77.0,-10.0
3594,262820,207.0,12,124,0.083688,1.3136,True,False,body,120.0,97.0,-10.0
3595,263119,453.0,23,299,0.083562,1.3531,True,False,body,230.0,233.0,-10.0
3596,263170,51.0,3,51,0.083541,1.2955,True,False,wall,30.0,31.0,-10.0
3597,263286,192.0,11,116,0.083492,1.2033,True,False,wall,110.0,92.0,-10.0
3598,263405,201.0,11,119,0.083443,1.2955,True,False,body,110.0,101.0,-10.0
3599,263479,110.0,7,74,0.083412,1.2449,True,False,body,70.0,50.0,-10.0
3600,263680,337.0,19,201,0.083328,1.147,True,False,body,190.0,157.0,-10.0
3601,263733,95.0,7,53,0.083306,1.1972,True,False,wall,70.0,35.0,-10.0
3602,263948,315.0,15,215,0.083216,1.2605,True,False,wall,150.0,175.0,-10.0
3603,264297,547.0,29,349,0.083072,1.243,True,False,body,290.0,267.0,-10.0
3604,264397,175.0,12,100,0.083031,1.2519,True,False,body,120.0,65.0,-10.0
3605,264512,184.0,10,115,0.082983,1.3223,True,False,body,100.0,94.0,-10.0
3606,264542,42.0,3,30,0.082971,1.2939,True,False,body,30.0,22.0,-10.0
3607,264676,225.0,14,134,0.082916,1.2501,True,False,wall,140.0,95.0,-10.0
3608,264832,253.0,14,156,0.082851,1.266,True,False,body,140.0,123.0,-10.0
3609,264971,242.0,14,139,0.082794,1.2364,True,False,body,140.0,112.0,-10.0
3610,265069,158.0,9,98,0.082754,1.2886,True,False,body,90.0,78.0,-10.0
3611,265278,303.0,15,209,0.082669,1.231,True,False,body,150.0,163.0,-10.0
3612,265388,225.0,14,110,0.082624,1.3216,True,False,wall,140.0,95.0,-10.0
3613,265452,132.0,9,64,0.082598,1.5894,True,False,body,90.0,52.0,-10.0
3614,265636,309.0,16,184,0.082523,1.2643,True,False,body,160.0,159.0,-10.0
3615,265890,389.0,22,254,0.08242,1.3542,True,False,wall,220.0,179.0,-10.0
3616,265921,39.0,3,31,0.082407,1.2372,True,False,wall,30.0,19.0,-10.0
3617,266122,296.0,16,201,0.082326,1.3228,True,False,wall,160.0,146.0,-10.0
3618,266424,464.0,25,302,0.082204,1.2522,True,False,body,250.0,224.0,-10.0
3619,266497,109.0,7,73,0.082175,1.2978,True,False,body,70.0,49.0,-10.0
3620,266543,69.0,4,46,0.082156,1.2663,True,False,wall,40.0,39.0,-10.0
3621,266820,368.0,20,277,0.082045,1.2665,True,False,wall,200.0,178.0,-10.0
3622,266920,162.0,9,100,0.082005,1.3142,True,False,wall,90.0,82.0,-10.0
3623,266981,87.0,5,61,0.081981,1.402,True,False,body,50.0,47.0,-10.0
3624,267146,251.0,13,165,0.081915,1.2431,True,False,body,130.0,131.0,-10.0
3625,267305,274.0,16,159,0.081851,1.3078,True,False,body,160.0,124.0,-10.0
3626,267413,188.0,11,108,0.081808,1.4738,True,False,body,110.0,88.0,-10.0
3627,267471,79.0,4,58,0.081785,1.2299,True,False,wall,40.0,49.0,-10.0
3628,267704,402.0,22,233,0.081693,1.3529,True,False,wall,220.0,192.0,-10.0
3629,267882,279.0,14,178,0.081623,1.263,True,False,body,140.0,149.0,-10.0
3630,268018,210.0,11,136,0.081569,1.2698,True,False,wall,110.0,110.0,-10.0
3631,268176,275.0,16,158,0.081507,1.2831,True,False,wall,160.0,125.0,-10.0
3632,268213,69.0,5,37,0.081492,1.1765,True,False,body,50.0,29.0,-10.0
3633,268328,204.0,12,115,0.081447,1.2528,True,False,body,120.0,94.0,-10.0
3634,268445,183.0,9,117,0.081401,1.2357,True,False,wall,90.0,103.0,-10.0
3635,268581,206.0,11,136,0.081347,1.3868,True,False,body,110.0,106.0,-10.0
3636,268624,75.0,5,43,0.081331,1.2135,True,False,wall,50.0,35.0,-10.0
3637,268714,156.0,9,90,0.081295,1.326,True,False,wall,90.0,76.0,-10.0
3638,268758,76.0,5,44,0.081278,1.0807,True,False,body,50.0,36.0,-10.0
3639,268878,221.0,14,120,0.081231,1.1959,True,False,body,140.0,91.0,-10.0
3640,268924,54.0,3,46,0.081213,1.214,True,False,body,30.0,34.0,-10.0
3641,269143,380.0,22,219,0.081128,1.2642,True,False,body,220.0,170.0,-10.0
3642,269195,63.0,4,52,0.081108,1.2848,True,False,wall,40.0,33.0,-10.0
3643,269328,207.0,11,133,0.081056,1.3843,True,False,wall,110.0,107.0,-10.0
3644,269423,131.0,7,95,0.081019,1.4501,True,False,body,70.0,71.0,-10.0
3645,269561,196.0,9,138,0.080966,1.3653,True,False,body,90.0,116.0,-10.0
3646,269610,74.0,4,49,0.080947,1.3672,True,False,wall,40.0,44.0,-10.0
3647,269728,193.0,10,118,0.080901,1.2159,True,False,wall,100.0,103.0,-10.0
3648,269787,89.0,5,59,0.080878,1.1577,True,False,body,50.0,49.0,-10.0
3649,269837,76.0,5,50,0.080859,1.1954,True,False,wall,50.0,36.0,-10.0
3650,269852,13.0,1,15,0.080853,1.0974,True,False,wall,10.0,13.0,-10.0
3651,269966,177.0,10,114,0.080809,1.2651,True,False,body,100.0,87.0,-10.0
3652,270004,63.0,4,38,0.080795,1.2841,True,False,body,40.0,33.0,-10.0
3653,270113,189.0,11,109,0.080753,1.2297,True,False,wall,110.0,89.0,-10.0
3654,270212,159.0,9,99,0.080715,1.218,True,False,wall,90.0,79.0,-10.0
3655,270244,51.0,4,32,0.080703,1.3347,True,False,body,40.0,21.0,-10.0
3656,270424,286.0,17,180,0.080634,1.1601,True,False,body,170.0,126.0,-10.0
3657,270577,225.0,11,153,0.080575,1.1814,True,False,wall,110.0,125.0,-10.0
3658,270655,112.0,7,78,0.080545,1.173,True,False,body,70.0,52.0,-10.0
3659,270930,386.0,20,275,0.08044,1.2317,True,False,body,200.0,196.0,-10.0
3660,270950,18.0,1,20,0.080433,1.1832,True,False,wall,10.0,18.0,-10.0
3661,271166,315.0,16,216,0.080351,1.2227,True,False,wall,160.0,165.0,-10.0
3662,271269,154.0,8,103,0.080312,1.1491,True,False,body,80.0,84.0,-10.0
3663,271387,180.0,9,118,0.080267,1.2135,True,False,wall,90.0,100.0,-10.0
3664,271482,175.0,11,95,0.080231,1.2945,True,False,body,110.0,75.0,-10.0
3665,271647,230.0,10,165,0.080169,1.1613,True,False,body,100.0,140.0,-10.0
3666,271881,408.0,23,234,0.080081,1.2732,True,False,wall,230.0,188.0,-10.0
3667,272080,310.0,16,199,0.080006,1.2661,True,False,wall,160.0,160.0,-10.0
3668,272256,245.0,14,176,0.07994,1.1992,True,False,body,140.0,115.0,-10.0
3669,272358,151.0,8,102,0.079902,1.2318,True,False,wall,80.0,81.0,-10.0
3670,272576,350.0,19,218,0.07982,1.26,True,False,body,190.0,170.0,-10.0
3671,272604,38.0,3,28,0.07981,1.2071,True,False,body,30.0,18.0,-10.0
3672,272739,201.0,11,135,0.07976,1.204,True,False,body,110.0,101.0,-10.0
3673,272754,7.0,1,15,0.079754,1.179,True,False,wall,10.0,7.0,-10.0
3674,272764,17.0,2,10,0.07975,1.3235,True,False,wall,20.0,7.0,-10.0
3675,272802,63.0,4,38,0.079736,1.2963,True,False,body,40.0,33.0,-10.0
3676,272987,287.0,15,185,0.079668,1.2548,True,False,body,150.0,147.0,-10.0
3677,273052,104.0,6,65,0.079644,1.3939,True,False,wall,60.0,54.0,-10.0
3678,273096,74.0,5,44,0.079627,1.2319,True,False,body,50.0,34.0,-10.0
3679,273192,171.0,10,96,0.079592,1.3088,True,False,wall,100.0,81.0,-10.0
3680,273380,307.0,16,188,0.079522,1.2006,True,False,body,160.0,157.0,-10.0
3681,273457,95.0,5,77,0.079494,1.3919,True,False,body,50.0,55.0,-10.0
3682,273580,176.0,10,123,0.079449,1.2684,True,False,body,100.0,86.0,-10.0
3683,273716,218.0,13,136,0.079399,1.216,True,False,wall,130.0,98.0,-10.0
3684,273792,111.0,6,76,0.079371,1.2577,True,False,wall,60.0,61.0,-10.0
3685,273983,331.0,19,191,0.079301,1.2442,True,False,wall,190.0,151.0,-10.0
3686,274039,84.0,5,56,0.07928,1.1394,True,False,wall,50.0,44.0,-10.0
3687,274235,284.0,15,196,0.079208,1.2257,True,False,body,150.0,144.0,-10.0
3688,274248,11.0,1,13,0.079204,1.2448,True,False,wall,10.0,11.0,-10.0
3689,274385,215.0,11,137,0.079154,1.1951,True,False,body,110.0,115.0,-10.0
3690,274415,42.0,3,30,0.079143,1.2128,True,False,wall,30.0,22.0,-10.0
3691,274527,155.0,8,112,0.079102,1.2143,True,False,wall,80.0,85.0,-10.0
3692,274635,157.0,8,108,0.079063,1.1897,True,False,wall,80.0,87.0,-10.0
3693,274668,56.0,4,33,0.079051,1.3141,True,False,wall,40.0,26.0,-10.0
3694,274736,103.0,6,68,0.079026,1.2105,True,False,wall,60.0,53.0,-10.0
3695,274848,179.0,10,112,0.078985,1.2581,True,False,body,100.0,89.0,-10.0
3696,275077,352.0,20,229,0.078903,1.2633,True,False,wall,200.0,162.0,-10.0
3697,275346,404.0,20,269,0.078806,1.28,True,False,body,200.0,214.0,-10.0
3698,275518,287.0,16,172,0.078744,1.2802,True,False,body,160.0,137.0,-10.0
3699,275655,176.0,10,137,0.078695,1.349,True,False,wall,100.0,86.0,-10.0
3700,275880,359.0,19,225,0.078614,1.4209,True,False,body,190.0,179.0,-10.0
3701,275940,84.0,5,60,0.078593,1.2251,True,False,body,50.0,44.0,-10.0
3702,275974,30.0,1,34,0.07858,1.2271,True,False,wall,10.0,30.0,-10.0
3703,276211,357.0,17,237,0.078496,1.2073,True,False,wall,170.0,197.0,-10.0
3704,276408,299.0,17,197,0.078426,1.2686,True,False,body,170.0,139.0,-10.0
3705,276824,649.0,34,416,0.078278,1.229,True,False,body,340.0,319.0,-10.0
3706,276961,211.0,11,137,0.07823,1.2722,True,False,body,110.0,111.0,-10.0
3707,277225,407.0,22,264,0.078137,1.1662,True,False,body,220.0,197.0,-10.0
3708,277346,206.0,12,121,0.078094,1.2023,True,False,body,120.0,96.0,-10.0
3709,277401,94.0,6,55,0.078075,1.2821,True,False,wall,60.0,44.0,-10.0
3710,277553,215.0,10,152,0.078022,1.2682,True,False,body,100.0,125.0,-10.0
3711,277628,117.0,7,75,0.077996,1.2225,True,False,wall,70.0,57.0,-10.0
3712,277785,256.0,14,157,0.077941,1.2546,True,False,body,140.0,126.0,-10.0
3713,278001,314.0,15,216,0.077865,1.2925,True,False,wall,150.0,174.0,-10.0
3714,278052,85.0,5,51,0.077848,1.1455,True,False,wall,50.0,45.0,-10.0
3715,278228,311.0,18,176,0.077786,1.2937,True,False,body,180.0,141.0,-10.0
3716,278340,194.0,13,112,0.077747,1.2616,True,False,body,130.0,74.0,-10.0
3717,278540,295.0,14,200,0.077678,1.3934,True,False,body,140.0,165.0,-10.0
3718,278726,315.0,18,186,0.077614,1.2833,True,False,body,180.0,145.0,-10.0
3719,278742,23.0,2,16,0.077608,1.1077,True,False,wall,20.0,13.0,-10.0
3720,278930,335.0,18,188,0.077544,1.2213,True,False,body,180.0,165.0,-10.0
3721,279034,136.0,7,104,0.077508,1.3074,True,False,wall,70.0,76.0,-10.0
3722,279190,260.0,13,156,0.077454,1.2644,True,False,wall,130.0,140.0,-10.0
3723,279464,422.0,23,274,0.07736,1.1587,True,False,body,230.0,202.0,-10.0
3724,279478,8.0,1,14,0.077356,1.2078,True,False,wall,10.0,8.0,-10.0
3725,279652,271.0,14,174,0.077296,1.341,True,False,wall,140.0,141.0,-10.0
3726,279729,134.0,8,77,0.07727,1.3051,True,False,body,80.0,64.0,-10.0
3727,279970,386.0,20,241,0.077188,1.2481,True,False,body,200.0,196.0,-10.0
3728,279998,29.0,2,28,0.077178,1.3557,True,False,wall,20.0,19.0,-10.0
3729,280036,50.0,3,38,0.077165,1.5061,True,False,wall,30.0,30.0,-10.0
3730,280112,104.0,5,76,0.07714,1.255,True,False,body,50.0,64.0,-10.0
3731,280240,206.0,11,128,0.077096,1.3183,True,False,body,110.0,106.0,-10.0
3732,280484,395.0,22,244,0.077014,1.4235,True,False,wall,220.0,185.0,-10.0
3733,280758,421.0,20,274,0.076921,1.2107,True,False,wall,200.0,231.0,-10.0
3734,280855,165.0,11,97,0.076889,1.3292,True,False,body,110.0,65.0,-10.0
3735,280974,186.0,10,119,0.076849,1.3153,True,False,body,100.0,96.0,-10.0
3736,281013,58.0,4,39,0.076836,1.18,True,False,body,40.0,28.0,-10.0
3737,281179,285.0,16,166,0.07678,1.2479,True,False,body,160.0,135.0,-10.0
3738,281455,457.0,24,276,0.076688,1.262,True,False,body,240.0,227.0,-10.0
3739,281513,106.0,7,58,0.076668,1.3456,True,False,body,70.0,46.0,-10.0
3740,281639,198.0,11,126,0.076627,1.2624,True,False,wall,110.0,98.0,-10.0
3741,281908,452.0,24,269,0.076537,1.3185,True,False,body,240.0,222.0,-10.0
3742,281948,43.0,2,40,0.076524,1.2443,True,False,wall,20.0,33.0,-10.0
3743,281968,36.0,3,20,0.076517,1.1972,True,False,wall,30.0,16.0,-10.0
3744,282111,211.0,11,143,0.07647,1.2935,True,False,body,110.0,111.0,-10.0
3745,282228,210.0,12,117,0.076431,1.2782,True,False,wall,120.0,100.0,-10.0
3746,282427,337.0,19,199,0.076366,1.2649,True,False,body,190.0,157.0,-10.0
3747,282636,296.0,18,209,0.076297,1.2775,True,False,body,180.0,126.0,-10.0
3748,282694,70.0,3,58,0.076278,1.4781,True,False,wall,30.0,50.0,-10.0
3749,283016,499.0,26,322,0.076172,1.2594,True,False,body,260.0,249.0,-10.0
3750,283161,222.0,12,145,0.076125,1.2184,True,False,body,120.0,112.0,-10.0
3751,283395,342.0,17,234,0.076048,1.3343,True,False,body,170.0,182.0,-10.0
3752,283528,236.0,14,133,0.076005,1.3414,True,False,wall,140.0,106.0,-10.0
3753,283637,197.0,13,109,0.07597,1.3859,True,False,body,130.0,77.0,-10.0
3754,283724,127.0,7,87,0.075942,1.3497,True,False,wall,70.0,67.0,-10.0
3755,283757,50.0,4,33,0.075931,1.4228,True,False,body,40.0,20.0,-10.0
3756,283842,127.0,7,85,0.075903,1.3887,True,False,body,70.0,67.0,-10.0
3757,283991,271.0,17,149,0.075855,1.3699,True,False,body,170.0,111.0,-10.0
3758,284164,275.0,15,173,0.075799,1.5979,True,False,body,150.0,135.0,-10.0
3759,284198,50.0,3,34,0.075788,1.3845,True,False,wall,30.0,30.0,-10.0
3760,284258,90.0,5,60,0.075769,1.4021,True,False,wall,50.0,50.0,-10.0
3761,284581,473.0,23,323,0.075665,1.3825,True,False,body,230.0,253.0,-10.0
3762,284726,255.0,15,145,0.075619,1.365,True,False,wall,150.0,115.0,-10.0
3763,284776,78.0,5,50,0.075603,1.1784,True,False,body,50.0,38.0,-10.0
3764,284792,12.0,1,16,0.075598,1.2581,True,False,wall,10.0,12.0,-10.0
3765,285012,333.0,18,220,0.075527,1.3324,True,False,wall,180.0,163.0,-10.0
3766,285276,435.0,22,264,0.075443,1.3564,True,False,wall,220.0,225.0,-10.0
3767,285339,113.0,7,63,0.075423,1.3273,True,False,body,70.0,53.0,-10.0
3768,285452,197.0,11,113,0.075387,1.2209,True,False,body,110.0,97.0,-10.0
3769,285483,45.0,3,31,0.075377,1.1593,True,False,body,30.0,25.0,-10.0
3770,285524,53.0,3,41,0.075364,1.4392,True,False,wall,30.0,33.0,-10.0
3771,285696,258.0,13,172,0.07531,1.2223,True,False,body,130.0,138.0,-10.0
3772,285713,31.0,3,17,0.075305,1.3289,True,False,wall,30.0,11.0,-10.0
3773,285837,203.0,12,124,0.075265,1.3166,True,False,wall,120.0,93.0,-10.0
3774,285949,181.0,10,112,0.07523,1.389,True,False,body,100.0,91.0,-10.0
3775,286077,210.0,11,128,0.07519,1.4287,True,False,wall,110.0,110.0,-10.0
3776,286278,327.0,19,201,0.075126,1.4017,True,False,body,190.0,147.0,-10.0
3777,286446,251.0,12,168,0.075074,1.2548,True,False,body,120.0,141.0,-10.0
3778,286670,305.0,18,224,0.075004,1.2762,True,False,body,180.0,135.0,-10.0
3779,286701,47.0,3,31,0.074994,1.2479,True,False,wall,30.0,27.0,-10.0
3780,286819,189.0,10,118,0.074957,1.2529,True,False,body,100.0,99.0,-10.0
3781,286969,224.0,11,150,0.07491,1.2046,True,False,body,110.0,124.0,-10.0
3782,287126,202.0,12,157,0.074861,1.1874,True,False,wall,120.0,92.0,-10.0
3783,287430,449.0,24,304,0.074767,1.3102,True,False,body,240.0,219.0,-10.0
3784,287656,345.0,20,226,0.074697,1.2926,True,False,body,200.0,155.0,-10.0
3785,287759,167.0,9,103,0.074666,1.3585,True,False,wall,90.0,87.0,-10.0
3786,287811,102.0,7,52,0.07465,1.344,True,False,body,70.0,42.0,-10.0
3787,287873,93.0,6,62,0.07463,1.3816,True,False,body,60.0,43.0,-10.0
3788,287882,7.0,1,9,0.074628,1.1816,True,False,wall,10.0,7.0,-10.0
3789,287950,107.0,6,68,0.074607,1.2892,True,False,wall,60.0,57.0,-10.0
3790,288159,314.0,16,209,0.074543,1.3001,True,False,body,160.0,164.0,-10.0
3791,288449,412.0,21,290,0.074454,1.3439,True,False,wall,210.0,212.0,-10.0
3792,288615,265.0,14,166,0.074403,1.2445,True,False,wall,140.0,135.0,-10.0
3793,288672,91.0,5,57,0.074386,1.3084,True,False,wall,50.0,51.0,-10.0
3794,288808,202.0,11,136,0.074344,1.3144,True,False,body,110.0,102.0,-10.0
3795,289012,327.0,18,204,0.074282,1.3361,True,False,wall,180.0,157.0,-10.0
3796,289129,191.0,11,117,0.074247,1.3493,True,False,wall,110.0,91.0,-10.0
3797,289317,340.0,21,188,0.07419,1.2356,True,False,body,210.0,140.0,-10.0
3798,289387,109.0,6,70,0.074169,1.2876,True,False,body,60.0,59.0,-10.0
3799,289555,264.0,13,168,0.074118,1.298,True,False,body,130.0,144.0,-10.0
3800,289597,65.0,4,42,0.074105,1.3023,True,False,body,40.0,35.0,-10.0
3801,289886,434.0,22,289,0.074018,1.2389,True,False,body,220.0,224.0,-10.0
3802,290025,221.0,13,139,0.073977,1.3229,True,False,wall,130.0,101.0,-10.0
3803,290172,229.0,13,147,0.073933,1.2395,True,False,body,130.0,109.0,-10.0
3804,290324,224.0,11,152,0.073887,1.2208,True,False,body,110.0,124.0,-10.0
3805,290797,641.0,29,473,0.073746,1.2694,True,False,body,290.0,361.0,-10.0
3806,290869,101.0,6,72,0.073725,1.3438,True,False,body,60.0,51.0,-10.0
3807,290968,157.0,9,99,0.073696,1.2474,True,False,body,90.0,77.0,-10.0
3808,291150,307.0,18,182,0.073642,1.4224,True,False,body,180.0,137.0,-10.0
3809,291236,151.0,10,86,0.073616,1.484,True,False,body,100.0,61.0,-10.0
3810,291527,434.0,24,291,0.073531,1.3609,True,False,body,240.0,204.0,-10.0
3811,291573,85.0,6,46,0.073517,1.4822,True,False,body,60.0,35.0,-10.0
3812,291676,155.0,9,103,0.073487,1.2484,True,False,body,90.0,75.0,-10.0
3813,291688,10.0,1,12,0.073483,1.2346,True,False,wall,10.0,10.0,-10.0
3814,291728,57.0,4,40,0.073472,1.3977,True,False,wall,40.0,27.0,-10.0
3815,291938,367.0,22,210,0.07341,1.3605,True,False,wall,220.0,157.0,-10.0
3816,292258,488.0,25,320,0.073317,1.3119,True,False,wall,250.0,248.0,-10.0
3817,292290,48.0,3,32,0.073307,1.2097,True,False,wall,30.0,28.0,-10.0
3818,292362,99.0,6,72,0.073286,1.2535,True,False,wall,60.0,49.0,-10.0
3819,292415,63.0,3,53,0.073271,1.2777,True,False,wall,30.0,43.0,-10.0
3820,292868,636.0,34,453,0.07314,1.2959,True,False,body,340.0,306.0,-10.0
3821,293064,338.0,19,196,0.073083,1.2096,True,False,wall,190.0,158.0,-10.0
3822,293194,217.0,12,130,0.073045,1.2401,True,False,body,120.0,107.0,-10.0
3823,293477,468.0,26,283,0.072964,1.1939,True,False,body,260.0,218.0,-10.0
3824,293656,274.0,14,179,0.072913,1.146,True,False,wall,140.0,144.0,-10.0
3825,293697,55.0,3,41,0.072901,1.1385,True,False,wall,30.0,35.0,-10.0
3826,293757,90.0,5,60,0.072884,1.2399,True,False,body,50.0,50.0,-10.0
3827,293888,216.0,12,131,0.072846,1.3404,True,False,wall,120.0,106.0,-10.0
3828,293949,91.0,5,61,0.072829,1.3499,True,False,wall,50.0,51.0,-10.0
3829,294108,222.0,12,159,0.072784,1.2729,True,False,body,120.0,112.0,-10.0
3830,294410,456.0,23,302,0.072698,1.3538,True,False,body,230.0,236.0,-10.0
3831,294705,397.0,21,295,0.072614,1.2987,True,False,wall,210.0,197.0,-10.0
3832,294894,289.0,15,189,0.072561,1.3748,True,False,body,150.0,149.0,-10.0
3833,295086,289.0,16,192,0.072507,1.2681,True,False,body,160.0,139.0,-10.0
3834,295290,329.0,18,204,0.07245,1.2913,True,False,wall,180.0,159.0,-10.0
3835,295411,194.0,10,121,0.072416,1.3309,True,False,wall,100.0,104.0,-10.0
3836,295605,324.0,17,194,0.072361,1.2873,True,False,body,170.0,164.0,-10.0
3837,295713,190.0,11,108,0.072331,1.2855,True,False,wall,110.0,90.0,-10.0
3838,295785,113.0,6,72,0.072311,1.4197,True,False,wall,60.0,63.0,-10.0
3839,295890,198.0,12,105,0.072282,1.2391,True,False,body,120.0,88.0,-10.0
3840,296051,285.0,17,161,0.072237,1.2262,True,False,wall,170.0,125.0,-10.0
3841,296234,335.0,19,183,0.072186,1.2316,True,False,body,190.0,155.0,-10.0
3842,296399,242.0,12,165,0.07214,1.3395,True,False,body,120.0,132.0,-10.0
3843,296617,365.0,22,218,0.07208,1.1996,True,False,body,220.0,155.0,-10.0
3844,296874,436.0,24,257,0.072009,1.3293,True,False,wall,240.0,206.0,-10.0
3845,297109,368.0,20,235,0.071945,1.3498,True,False,wall,200.0,178.0,-10.0
3846,297165,79.0,4,56,0.071929,1.3496,True,False,body,40.0,49.0,-10.0
3847,297459,464.0,25,294,0.071849,1.2903,True,False,body,250.0,224.0,-10.0
3848,297779,495.0,28,320,0.071762,1.2545,True,False,body,280.0,225.0,-10.0
3849,297872,154.0,10,93,0.071737,1.2909,True,False,wall,100.0,64.0,-10.0
3850,298013,224.0,12,141,0.071698,1.1845,True,False,body,120.0,114.0,-10.0
3851,298097,116.0,5,84,0.071675,1.4052,True,False,body,50.0,76.0,-10.0
3852,298109,10.0,1,12,0.071672,1.2345,True,False,wall,10.0,10.0,-10.0
3853,298247,240.0,13,138,0.071635,1.1957,True,False,wall,130.0,120.0,-10.0
3854,298460,328.0,18,213,0.071577,1.3162,True,False,body,180.0,158.0,-10.0
3855,298677,344.0,20,217,0.071519,1.4923,True,False,body,200.0,154.0,-10.0
3856,298890,279.0,13,213,0.071462,1.4227,True,False,body,130.0,159.0,-10.0
3857,298956,112.0,7,66,0.071444,1.4141,True,False,body,70.0,52.0,-10.0
3858,299003,64.0,4,47,0.071431,1.24,True,False,body,40.0,34.0,-10.0
3859,299191,299.0,16,188,0.071381,1.3097,True,False,body,160.0,149.0,-10.0
3860,299438,364.0,20,247,0.071315,1.2599,True,False,body,200.0,174.0,-10.0
3861,299492,93.0,6,54,0.071301,1.261,True,False,wall,60.0,43.0,-10.0
3862,299602,166.0,9,110,0.071272,1.3178,True,False,body,90.0,86.0,-10.0
3863,299708,184.0,11,106,0.071243,1.2941,True,False,body,110.0,84.0,-10.0
3864,299911,303.0,17,203,0.07119,1.2865,True,False,body,170.0,143.0,-10.0
3865,299980,96.0,6,69,0.071171,1.3157,True,False,body,60.0,46.0,-10.0
3866,300043,93.0,5,63,0.071155,1.3264,True,False,body,50.0,53.0,-10.0
3867,300450,614.0,32,407,0.071047,1.3086,True,False,body,320.0,304.0,-10.0
3868,300491,62.0,4,41,0.071036,1.3095,True,False,wall,40.0,32.0,-10.0
3869,300824,548.0,28,333,0.070949,1.3189,True,False,body,280.0,278.0,-10.0
3870,300841,24.0,2,17,0.070945,1.2655,True,False,wall,20.0,14.0,-10.0
3871,301001,240.0,13,160,0.070903,1.3408,True,False,wall,130.0,120.0,-10.0
3872,301069,97.0,6,68,0.070885,1.3219,True,False,wall,60.0,47.0,-10.0
3873,301086,13.0,1,17,0.070881,1.4057,True,False,wall,10.0,13.0,-10.0
3874,301164,120.0,7,78,0.07086,1.2051,True,False,body,70.0,60.0,-10.0
3875,301443,358.0,18,279,0.070788,1.2754,True,False,body,180.0,188.0,-10.0
3876,301493,60.0,3,50,0.070775,1.3053,True,False,wall,30.0,40.0,-10.0
3877,301503,-1.0,0,10,0.070772,1.6672,True,False,wall,0.0,9.0,-10.0
3878,301791,490.0,25,288,0.070697,1.3184,True,False,body,250.0,250.0,-10.0
3879,301943,207.0,10,152,0.070658,1.3125,True,False,body,100.0,117.0,-10.0
3880,301985,63.0,4,42,0.070647,1.1501,True,False,wall,40.0,33.0,-10.0
3881,302038,70.0,4,53,0.070634,1.2642,True,False,body,40.0,40.0,-10.0
3882,302125,154.0,10,87,0.070611,1.3187,True,False,body,100.0,64.0,-10.0
3883,302518,581.0,27,393,0.07051,1.349,True,False,body,270.0,321.0,-10.0
3884,302842,545.0,28,324,0.070427,1.2854,True,False,body,280.0,275.0,-10.0
3885,302936,192.0,13,94,0.070403,1.2776,True,False,body,130.0,72.0,-10.0
3886,303083,241.0,13,147,0.070366,1.303,True,False,body,130.0,121.0,-10.0
3887,303163,130.0,7,80,0.070345,1.419,True,False,body,70.0,70.0,-10.0
3888,303332,290.0,16,169,0.070303,1.3651,True,False,body,160.0,140.0,-10.0
3889,303387,79.0,5,55,0.070289,1.3319,True,False,body,50.0,39.0,-10.0
3890,303562,264.0,14,175,0.070244,1.306,True,False,wall,140.0,134.0,-10.0
3891,303806,408.0,21,244,0.070183,1.2402,True,False,body,210.0,208.0,-10.0
3892,303888,120.0,7,82,0.070162,1.3134,True,False,wall,70.0,60.0,-10.0
3893,304039,264.0,16,151,0.070124,1.2929,True,False,body,160.0,114.0,-10.0
3894,304138,165.0,9,99,0.070099,1.3105,True,False,wall,90.0,85.0,-10.0
3895,304272,202.0,11,134,0.070065,1.3452,True,False,body,110.0,102.0,-10.0
3896,304599,528.0,30,327,0.069984,1.3319,True,False,body,300.0,238.0,-10.0
3897,304739,236.0,13,140,0.069949,1.2918,True,False,body,130.0,116.0,-10.0
3898,304824,140.0,8,85,0.069927,1.3409,True,False,body,80.0,70.0,-10.0
3899,304882,90.0,5,58,0.069913,1.3293,True,False,body,50.0,50.0,-10.0
3900,305058,282.0,15,176,0.069869,1.1825,True,False,body,150.0,142.0,-10.0
3901,305372,477.0,26,314,0.069791,1.2547,True,False,body,260.0,227.0,-10.0
3902,305603,375.0,21,231,0.069734,1.2873,True,False,wall,210.0,175.0,-10.0
3903,305769,263.0,14,166,0.069693,1.3324,True,False,body,140.0,133.0,-10.0
3904,305864,147.0,9,95,0.06967,1.3676,True,False,wall,90.0,67.0,-10.0
3905,306110,345.0,18,246,0.06961,1.3823,True,False,body,180.0,175.0,-10.0
3906,306159,83.0,5,49,0.069598,1.3463,True,False,wall,50.0,43.0,-10.0
3907,306249,143.0,8,90,0.069576,1.3853,True,False,wall,80.0,73.0,-10.0
3908,306388,234.0,14,139,0.069542,1.3456,True,False,wall,140.0,104.0,-10.0
3909,306458,98.0,5,70,0.069524,1.2986,True,False,body,50.0,58.0,-10.0
3910,306598,227.0,12,140,0.06949,1.394,True,False,wall,120.0,117.0,-10.0
3911,306812,346.0,19,214,0.069438,1.2734,True,False,body,190.0,166.0,-10.0
3912,306877,82.0,4,65,0.069423,1.4138,True,False,wall,40.0,52.0,-10.0
3913,307033,252.0,13,156,0.069385,1.244,True,False,wall,130.0,132.0,-10.0
3914,307162,227.0,13,129,0.069353,1.2376,True,False,wall,130.0,107.0,-10.0
3915,307390,343.0,16,228,0.069298,1.2357,True,False,body,160.0,193.0,-10.0
3916,307483,155.0,9,93,0.069276,1.2504,True,False,body,90.0,75.0,-10.0
3917,307628,217.0,11,145,0.069241,1.3368,True,False,wall,110.0,117.0,-10.0
3918,307670,90.0,7,42,0.069231,1.3365,True,False,body,70.0,30.0,-10.0
3919,307884,336.0,17,214,0.06918,1.3639,True,False,body,170.0,176.0,-10.0
3920,308002,189.0,10,118,0.069151,1.3439,True,False,wall,100.0,99.0,-10.0
3921,308076,129.0,8,74,0.069134,1.3206,True,False,body,80.0,59.0,-10.0
3922,308103,23.0,1,27,0.069127,1.4942,True,False,wall,10.0,23.0,-10.0
3923,308233,201.0,10,130,0.069096,1.468,True,False,wall,100.0,111.0,-10.0
3924,308412,307.0,17,179,0.069053,1.3353,True,False,body,170.0,147.0,-10.0
3925,308699,419.0,23,287,0.068985,1.3654,True,False,body,230.0,199.0,-10.0
3926,308716,15.0,1,17,0.068981,1.7078,True,False,wall,10.0,15.0,-10.0
3927,308812,145.0,8,96,0.068958,1.4979,True,False,body,80.0,75.0,-10.0
3928,308853,62.0,4,41,0.068949,1.2475,True,False,wall,40.0,32.0,-10.0
3929,309007,266.0,15,154,0.068912,1.2368,True,False,body,150.0,126.0,-10.0
3930,309207,312.0,17,200,0.068865,1.4363,True,False,wall,170.0,152.0,-10.0
3931,309332,198.0,10,125,0.068836,1.3526,True,False,wall,100.0,108.0,-10.0
3932,309560,417.0,24,228,0.068782,1.3579,True,False,wall,240.0,187.0,-10.0
3933,309825,421.0,23,265,0.06872,1.2481,True,False,wall,230.0,201.0,-10.0
3934,310093,461.0,24,268,0.068657,1.3195,True,False,body,240.0,231.0,-10.0
3935,310442,512.0,26,349,0.068576,1.2691,True,False,body,260.0,262.0,-10.0
3936,310619,259.0,13,177,0.068535,1.2253,True,False,body,130.0,139.0,-10.0
3937,310803,271.0,14,184,0.068492,1.2895,True,False,wall,140.0,141.0,-10.0
3938,310966,250.0,12,163,0.068455,1.3046,True,False,body,120.0,140.0,-10.0
3939,311123,269.0,15,157,0.068419,1.3233,True,False,body,150.0,129.0,-10.0
3940,311253,187.0,10,130,0.068389,1.4032,True,False,wall,100.0,97.0,-10.0
3941,311344,135.0,7,91,0.068368,1.3582,True,False,wall,70.0,75.0,-10.0
3942,311561,365.0,21,217,0.068318,1.3449,True,False,body,210.0,165.0,-10.0
3943,311602,51.0,3,41,0.068309,1.3152,True,False,wall,30.0,31.0,-10.0
3944,311735,237.0,13,133,0.068278,1.2899,True,False,body,130.0,117.0,-10.0
3945,311795,89.0,6,60,0.068264,1.4488,True,False,wall,60.0,39.0,-10.0
3946,311899,156.0,9,104,0.068241,1.3353,True,False,body,90.0,76.0,-10.0
3947,312026,209.0,11,127,0.068212,1.3684,True,False,wall,110.0,109.0,-10.0
3948,312104,126.0,7,78,0.068194,1.302,True,False,body,70.0,66.0,-10.0
3949,312238,185.0,10,134,0.068164,1.2776,True,False,body,100.0,95.0,-10.0
3950,312515,434.0,24,277,0.068101,1.3069,True,False,body,240.0,204.0,-10.0
3951,312593,115.0,6,78,0.068083,1.3254,True,False,wall,60.0,65.0,-10.0
3952,312772,284.0,16,179,0.068043,1.3293,True,False,wall,160.0,134.0,-10.0
3953,312884,199.0,12,112,0.068018,1.3236,True,False,body,120.0,89.0,-10.0
3954,313035,232.0,12,151,0.067984,1.2687,True,False,body,120.0,122.0,-10.0
3955,313140,158.0,8,105,0.06796,1.2508,True,False,wall,80.0,88.0,-10.0
3956,313278,199.0,10,138,0.067929,1.2836,True,False,body,100.0,109.0,-10.0
3957,313498,320.0,17,220,0.06788,1.3735,True,False,wall,170.0,160.0,-10.0
3958,313737,363.0,19,239,0.067826,1.3295,True,False,body,190.0,183.0,-10.0
3959,313848,153.0,7,111,0.067802,1.2219,True,False,wall,70.0,93.0,-10.0
3960,314130,420.0,23,282,0.067739,1.2986,True,False,body,230.0,200.0,-10.0
3961,314262,210.0,11,132,0.06771,1.2407,True,False,wall,110.0,110.0,-10.0
3962,314367,171.0,9,105,0.067687,1.2121,True,False,body,90.0,91.0,-10.0
3963,314477,210.0,13,110,0.067662,1.4354,True,False,wall,130.0,90.0,-10.0
3964,314594,212.0,12,117,0.067636,1.3166,True,False,wall,120.0,102.0,-10.0
3965,314837,409.0,21,243,0.067583,1.2583,True,False,body,210.0,209.0,-10.0
3966,314876,56.0,4,39,0.067574,1.38,True,False,wall,40.0,26.0,-10.0
3967,315230,496.0,27,354,0.067497,1.3065,True,False,body,270.0,236.0,-10.0
3968,315389,279.0,17,159,0.067462,1.337,True,False,wall,170.0,119.0,-10.0
3969,315652,419.0,23,263,0.067405,1.3774,True,False,body,230.0,199.0,-10.0
3970,315886,378.0,21,234,0.067354,1.2968,True,False,body,210.0,178.0,-10.0
3971,316107,363.0,21,221,0.067306,1.3201,True,False,body,210.0,163.0,-10.0
3972,316378,430.0,22,271,0.067248,1.3362,True,False,wall,220.0,220.0,-10.0
3973,316523,262.0,16,145,0.067216,1.4412,True,False,wall,160.0,112.0,-10.0
3974,316603,108.0,5,80,0.067199,1.2933,True,False,body,50.0,68.0,-10.0
3975,316803,335.0,18,200,0.067156,1.2722,True,False,body,180.0,165.0,-10.0
3976,317199,550.0,27,396,0.067071,1.2952,True,False,body,270.0,290.0,-10.0
3977,317367,272.0,15,168,0.067036,1.3589,True,False,body,150.0,132.0,-10.0
3978,317621,438.0,25,254,0.066982,1.3441,True,False,body,250.0,198.0,-10.0
3979,317708,143.0,9,87,0.066963,1.4258,True,False,wall,90.0,63.0,-10.0
3980,317764,97.0,6,56,0.066951,1.3043,True,False,body,60.0,47.0,-10.0
3981,317826,92.0,5,62,0.066938,1.302,True,False,body,50.0,52.0,-10.0
3982,318049,344.0,20,223,0.066891,1.3262,True,False,body,200.0,154.0,-10.0
3983,318330,451.0,23,281,0.066832,1.5304,True,False,wall,230.0,231.0,-10.0
3984,318454,200.0,13,124,0.066806,1.4594,True,False,body,130.0,80.0,-10.0
3985,318677,359.0,19,223,0.066759,1.4012,True,False,body,190.0,179.0,-10.0
3986,318965,458.0,23,288,0.066699,1.3095,True,False,wall,230.0,238.0,-10.0
3987,319060,172.0,10,95,0.066679,1.2684,True,False,body,100.0,82.0,-10.0
3988,319256,280.0,15,196,0.066638,1.3296,True,False,body,150.0,140.0,-10.0
3989,319452,320.0,17,196,0.066597,1.3079,True,False,body,170.0,160.0,-10.0
3990,319612,222.0,11,160,0.066564,1.4621,True,False,body,110.0,122.0,-10.0
3991,319813,323.0,17,201,0.066523,1.3205,True,False,body,170.0,163.0,-10.0
3992,319873,95.0,6,60,0.06651,1.3619,True,False,wall,60.0,45.0,-10.0
3993,319988,204.0,12,115,0.066487,1.3311,True,False,wall,120.0,94.0,-10.0
3994,320037,81.0,5,49,0.066476,1.2363,True,False,wall,50.0,41.0,-10.0
3995,320161,186.0,11,124,0.066451,1.3373,True,False,wall,110.0,86.0,-10.0
3996,320229,98.0,5,68,0.066437,1.2172,True,False,body,50.0,58.0,-10.0
3997,320392,280.0,16,163,0.066404,1.4219,True,False,body,160.0,130.0,-10.0
3998,320605,330.0,16,213,0.06636,1.2843,True,False,wall,160.0,180.0,-10.0
3999,320623,16.0,1,18,0.066356,1.315,True,False,wall,10.0,16.0,-10.0
4000,320722,163.0,9,99,0.066336,1.2457,True,False,wall,90.0,83.0,-10.0
4001,320870,229.0,12,148,0.066306,1.2506,True,False,body,120.0,119.0,-10.0
4002,321204,505.0,28,334,0.066238,1.3043,True,False,body,280.0,235.0,-10.0
4003,321425,320.0,16,221,0.066193,1.2351,True,False,body,160.0,170.0,-10.0
4004,321492,106.0,6,67,0.066179,1.3309,True,False,wall,60.0,56.0,-10.0
4005,321510,23.0,2,18,0.066176,1.3365,True,False,wall,20.0,13.0,-10.0
4006,321694,281.0,14,184,0.066139,1.3423,True,False,wall,140.0,151.0,-10.0
4007,321904,365.0,20,210,0.066096,1.3339,True,False,body,200.0,175.0,-10.0
4008,322114,301.0,16,210,0.066054,1.3018,True,False,body,160.0,151.0,-10.0
4009,322192,133.0,8,78,0.066039,1.2623,True,False,body,80.0,63.0,-10.0
4010,322459,436.0,24,267,0.065985,1.3052,True,False,wall,240.0,206.0,-10.0
4011,322611,228.0,13,152,0.065955,1.3543,True,False,body,130.0,108.0,-10.0
4012,322695,130.0,7,84,0.065938,1.5174,True,False,body,70.0,70.0,-10.0
4013,322731,52.0,3,36,0.065931,1.3945,True,False,wall,30.0,32.0,-10.0
4014,322973,375.0,20,242,0.065883,1.3342,True,False,body,200.0,185.0,-10.0
4015,323053,128.0,9,80,0.065867,1.359,True,False,wall,90.0,48.0,-10.0
4016,323170,212.0,12,117,0.065844,1.4115,True,False,body,120.0,102.0,-10.0
4017,323242,116.0,7,72,0.065829,1.3348,True,False,wall,70.0,56.0,-10.0
4018,323428,308.0,17,186,0.065793,1.3404,True,False,body,170.0,148.0,-10.0
4019,323537,175.0,9,109,0.065771,1.3125,True,False,wall,90.0,95.0,-10.0
4020,323663,178.0,9,126,0.065746,1.3602,True,False,wall,90.0,98.0,-10.0
4021,323714,72.0,4,51,0.065736,1.4585,True,False,body,40.0,42.0,-10.0
4022,323932,359.0,20,218,0.065693,1.339,True,False,body,200.0,169.0,-10.0
4023,324078,245.0,14,146,0.065665,1.3093,True,False,body,140.0,115.0,-10.0
4024,324093,13.0,1,15,0.065662,1.3237,True,False,wall,10.0,13.0,-10.0
4025,324134,57.0,3,41,0.065654,1.4135,True,False,wall,30.0,37.0,-10.0
4026,324457,479.0,25,323,0.065591,1.2868,True,False,body,250.0,239.0,-10.0
4027,324583,202.0,11,126,0.065566,1.3069,True,False,wall,110.0,102.0,-10.0
4028,324762,272.0,14,179,0.065531,1.3307,True,False,body,140.0,142.0,-10.0
4029,324866,172.0,9,104,0.065511,1.4134,True,False,wall,90.0,92.0,-10.0
4030,324955,142.0,8,89,0.065494,1.3617,True,False,body,80.0,72.0,-10.0
4031,325012,89.0,5,57,0.065483,1.3884,True,False,wall,50.0,49.0,-10.0
4032,325156,230.0,13,144,0.065455,1.2617,True,False,wall,130.0,110.0,-10.0
4033,325210,69.0,4,54,0.065445,1.2647,True,False,body,40.0,39.0,-10.0
4034,325302,147.0,8,92,0.065427,1.4659,True,False,wall,80.0,77.0,-10.0
4035,325509,355.0,19,207,0.065387,1.3229,True,False,wall,190.0,175.0,-10.0
4036,325771,424.0,23,262,0.065337,1.4134,True,False,body,230.0,204.0,-10.0
4037,326002,338.0,18,231,0.065293,1.3522,True,False,body,180.0,168.0,-10.0
4038,326155,224.0,12,153,0.065263,1.3669,True,False,body,120.0,114.0,-10.0
4039,326187,28.0,1,32,0.065257,1.4355,True,False,wall,10.0,28.0,-10.0
4040,326307,188.0,11,120,0.065234,1.3319,True,False,body,110.0,88.0,-10.0
4041,326497,305.0,16,190,0.065198,1.3363,True,False,wall,160.0,155.0,-10.0
4042,326575,148.0,9,78,0.065183,1.3594,True,False,wall,90.0,68.0,-10.0
4043,326805,372.0,21,230,0.06514,1.3402,True,False,body,210.0,172.0,-10.0
4044,327129,527.0,26,324,0.065079,1.3174,True,False,body,260.0,277.0,-10.0
4045,327269,220.0,11,140,0.065052,1.2194,True,False,body,110.0,120.0,-10.0
4046,327380,187.0,11,111,0.065031,1.2652,True,False,body,110.0,87.0,-10.0
4047,327472,154.0,9,92,0.065014,1.3121,True,False,body,90.0,74.0,-10.0
4048,327716,376.0,19,244,0.064968,1.2947,True,False,body,190.0,196.0,-10.0
4049,327884,267.0,14,168,0.064937,1.2322,True,False,body,140.0,137.0,-10.0
4050,328169,477.0,27,285,0.064884,1.3797,True,False,body,270.0,217.0,-10.0
4051,328286,181.0,11,117,0.064862,1.449,True,False,body,110.0,81.0,-10.0
4052,328363,127.0,7,77,0.064848,1.3152,True,False,wall,70.0,67.0,-10.0
4053,328433,111.0,6,70,0.064835,1.3864,True,False,body,60.0,61.0,-10.0
4054,328530,150.0,8,97,0.064817,1.2741,True,False,wall,80.0,80.0,-10.0
4055,328574,47.0,2,44,0.064809,1.3299,True,False,wall,20.0,37.0,-10.0
4056,328788,336.0,17,214,0.064769,1.2699,True,False,body,170.0,176.0,-10.0
4057,329010,341.0,18,222,0.064728,1.3017,True,False,body,180.0,171.0,-10.0
4058,329311,499.0,25,301,0.064673,1.2511,True,False,body,250.0,259.0,-10.0
4059,329467,230.0,11,156,0.064644,1.2843,True,False,body,110.0,130.0,-10.0
4060,329685,313.0,16,218,0.064605,1.2705,True,False,wall,160.0,163.0,-10.0
4061,329776,139.0,7,91,0.064588,1.315,True,False,body,70.0,79.0,-10.0
4062,329891,160.0,8,115,0.064567,1.3965,True,False,wall,80.0,90.0,-10.0
4063,330134,335.0,17,243,0.064523,1.2844,True,False,body,170.0,175.0,-10.0
4064,330463,523.0,27,329,0.064463,1.3059,True,False,body,270.0,263.0,-10.0
4065,330619,235.0,12,156,0.064435,1.4396,True,False,body,120.0,125.0,-10.0
4066,330806,289.0,15,187,0.064401,1.3592,True,False,wall,150.0,149.0,-10.0
4067,330843,53.0,3,37,0.064395,1.372,True,False,wall,30.0,33.0,-10.0
4068,331015,302.0,17,172,0.064364,1.3016,True,False,body,170.0,142.0,-10.0
4069,331509,671.0,32,494,0.064275,1.3386,True,False,body,320.0,361.0,-10.0
4070,331644,219.0,11,135,0.064251,1.5075,True,False,body,110.0,119.0,-10.0
4071,331680,59.0,4,36,0.064245,1.3589,True,False,wall,40.0,29.0,-10.0
4072,331970,447.0,22,290,0.064193,1.327,True,False,body,220.0,237.0,-10.0
4073,332055,124.0,8,85,0.064178,1.2106,True,False,body,80.0,54.0,-10.0
4074,332135,144.0,9,80,0.064164,1.3321,True,False,wall,90.0,64.0,-10.0
4075,332226,169.0,11,91,0.064148,1.2716,True,False,body,110.0,69.0,-10.0
4076,332275,72.0,4,49,0.064139,1.3394,True,False,wall,40.0,42.0,-10.0
4077,332459,244.0,13,184,0.064107,1.3818,True,False,body,130.0,124.0,-10.0
4078,332650,328.0,18,191,0.064073,1.3698,True,False,body,180.0,158.0,-10.0
4079,332877,332.0,20,227,0.064033,1.408,True,False,body,200.0,142.0,-10.0
4080,333055,257.0,14,178,0.064002,1.391,True,False,body,140.0,127.0,-10.0
4081,333279,364.0,19,224,0.063963,1.4803,True,False,body,190.0,184.0,-10.0
4082,333333,64.0,3,54,0.063954,1.5396,True,False,wall,30.0,44.0,-10.0
4083,333592,391.0,19,259,0.063908,1.3543,True,False,body,190.0,211.0,-10.0
4084,333623,65.0,5,31,0.063903,1.5981,True,False,body,50.0,25.0,-10.0
4085,333669,58.0,3,46,0.063895,1.3371,True,False,wall,30.0,38.0,-10.0
4086,333683,12.0,1,14,0.063893,1.3619,True,False,wall,10.0,12.0,-10.0
4087,333779,152.0,9,96,0.063876,1.3161,True,False,body,90.0,72.0,-10.0
4088,333981,315.0,16,202,0.063841,1.393,True,False,body,160.0,165.0,-10.0
4089,334085,172.0,9,104,0.063823,1.3607,True,False,wall,90.0,92.0,-10.0
4090,334368,361.0,17,283,0.063774,1.3466,True,False,wall,170.0,201.0,-10.0
4091,334415,66.0,4,47,0.063766,1.4478,True,False,wall,40.0,36.0,-10.0
4092,334644,277.0,15,229,0.063727,1.4697,True,False,body,150.0,137.0,-10.0
4093,334765,199.0,11,121,0.063706,1.4072,True,False,body,110.0,99.0,-10.0
4094,334798,47.0,3,33,0.0637,1.3378,True,False,body,30.0,27.0,-10.0
4095,334940,223.0,12,142,0.063676,1.3321,True,False,wall,120.0,113.0,-10.0
4096,335058,182.0,9,118,0.063656,1.3463,True,False,wall,90.0,102.0,-10.0
4097,335165,147.0,7,107,0.063638,1.3602,True,False,wall,70.0,87.0,-10.0
4098,335320,292.0,18,155,0.063611,1.3661,True,False,body,180.0,122.0,-10.0
4099,335451,251.0,15,131,0.063589,1.4482,True,False,wall,150.0,111.0,-10.0
4100,335551,169.0,10,100,0.063572,1.3066,True,False,wall,100.0,79.0,-10.0
4101,335689,247.0,14,138,0.063549,1.3577,True,False,wall,140.0,117.0,-10.0
4102,335861,309.0,18,172,0.063519,1.3656,True,False,body,180.0,139.0,-10.0
4103,336006,215.0,11,145,0.063495,1.3309,True,False,wall,110.0,115.0,-10.0
4104,336177,271.0,13,171,0.063466,1.3738,True,False,wall,130.0,151.0,-10.0
4105,336301,185.0,10,124,0.063445,1.2711,True,False,body,100.0,95.0,-10.0
4106,336480,277.0,15,179,0.063415,1.3059,True,False,wall,150.0,137.0,-10.0
4107,336647,265.0,15,167,0.063387,1.3245,True,False,body,150.0,125.0,-10.0
4108,336695,67.0,4,48,0.063379,1.3102,True,False,body,40.0,37.0,-10.0
4109,336812,204.0,12,117,0.06336,1.3092,True,False,wall,120.0,94.0,-10.0
4110,336940,222.0,13,128,0.063338,1.3453,True,False,body,130.0,102.0,-10.0
4111,337353,612.0,32,413,0.06327,1.3693,True,False,body,320.0,302.0,-10.0
4112,337419,105.0,6,66,0.063259,1.4226,True,False,body,60.0,55.0,-10.0
4113,337669,438.0,23,250,0.063217,1.3571,True,False,body,230.0,218.0,-10.0
4114,337827,260.0,13,158,0.063191,1.4901,True,False,wall,130.0,140.0,-10.0
4115,338121,449.0,24,294,0.063143,1.3266,True,False,body,240.0,219.0,-10.0
4116,338163,65.0,4,42,0.063136,1.3275,True,False,body,40.0,35.0,-10.0
4117,338462,466.0,24,299,0.063087,1.3565,True,False,body,240.0,236.0,-10.0
4118,338605,229.0,13,143,0.063064,1.2886,True,False,body,130.0,109.0,-10.0
4119,338819,362.0,19,214,0.063029,1.3066,True,False,body,190.0,182.0,-10.0
4120,339107,493.0,28,288,0.062982,1.3373,True,False,body,280.0,223.0,-10.0
4121,339355,429.0,26,248,0.062942,1.3531,True,False,body,260.0,179.0,-10.0
4122,339540,271.0,13,185,0.062912,1.3687,True,False,body,130.0,151.0,-10.0
4123,339779,421.0,23,239,0.062873,1.3282,True,False,body,230.0,201.0,-10.0
4124,339942,271.0,15,163,0.062847,1.2473,True,False,body,150.0,131.0,-10.0
4125,340162,343.0,18,220,0.062812,1.3345,True,False,wall,180.0,173.0,-10.0
4126,340345,322.0,18,183,0.062783,1.3181,True,False,body,180.0,152.0,-10.0
4127,340430,106.0,6,85,0.062769,1.3558,True,False,wall,60.0,56.0,-10.0
4128,340633,309.0,15,203,0.062737,1.293,True,False,body,150.0,169.0,-10.0
4129,340647,10.0,1,14,0.062734,1.3373,True,False,wall,10.0,10.0,-10.0
4130,340754,169.0,9,107,0.062717,1.2656,True,False,wall,90.0,89.0,-10.0
4131,340910,250.0,13,156,0.062693,1.405,True,False,wall,130.0,130.0,-10.0
4132,341134,360.0,19,224,0.062657,1.3131,True,False,body,190.0,180.0,-10.0
4133,341289,264.0,16,155,0.062633,1.3306,True,False,body,160.0,114.0,-10.0
4134,341434,228.0,12,145,0.06261,1.38,True,False,body,120.0,118.0,-10.0
4135,341622,306.0,15,188,0.06258,1.3498,True,False,body,150.0,166.0,-10.0
4136,341788,277.0,16,166,0.062554,1.2869,True,False,wall,160.0,127.0,-10.0
4137,341941,237.0,13,153,0.06253,1.2818,True,False,wall,130.0,117.0,-10.0
4138,341973,44.0,3,32,0.062525,1.3723,True,False,body,30.0,24.0,-10.0
4139,342071,135.0,6,98,0.06251,1.2458,True,False,body,60.0,85.0,-10.0
4140,342159,120.0,7,88,0.062496,1.3658,True,False,body,70.0,60.0,-10.0
4141,342185,42.0,3,26,0.062492,1.4559,True,False,body,30.0,22.0,-10.0
4142,342262,132.0,8,77,0.06248,1.4238,True,False,body,80.0,62.0,-10.0
4143,342485,337.0,17,223,0.062445,1.3613,True,False,body,170.0,177.0,-10.0
4144,342757,434.0,23,272,0.062403,1.4098,True,False,body,230.0,214.0,-10.0
4145,342886,200.0,10,129,0.062383,1.2808,True,False,wall,100.0,110.0,-10.0
4146,343046,251.0,14,160,0.062358,1.3968,True,False,body,140.0,121.0,-10.0
4147,343247,327.0,19,201,0.062327,1.3825,True,False,body,190.0,147.0,-10.0
4148,343376,214.0,12,129,0.062307,1.3715,True,False,body,120.0,104.0,-10.0
4149,343645,434.0,22,269,0.062266,1.3459,True,False,body,220.0,224.0,-10.0
4150,343972,519.0,27,327,0.062216,1.3177,True,False,wall,270.0,259.0,-10.0
4151,343983,9.0,1,11,0.062214,1.3596,True,False,wall,10.0,9.0,-10.0
4152,344387,617.0,30,404,0.062153,1.3538,True,False,body,300.0,327.0,-10.0
4153,344487,175.0,10,100,0.062138,1.2836,True,False,body,100.0,85.0,-10.0
4154,344627,221.0,12,140,0.062116,1.3958,True,False,body,120.0,111.0,-10.0
4155,344851,373.0,22,224,0.062082,1.2583,True,False,wall,220.0,163.0,-10.0
4156,345064,338.0,20,213,0.06205,1.3125,True,False,body,200.0,148.0,-10.0
4157,345300,372.0,17,236,0.062015,1.4072,True,False,wall,170.0,212.0,-10.0
4158,345513,373.0,21,213,0.061983,1.4606,True,False,wall,210.0,173.0,-10.0
4159,345621,186.0,11,108,0.061967,1.4231,True,False,wall,110.0,86.0,-10.0
4160,345779,258.0,13,158,0.061943,1.3329,True,False,wall,130.0,138.0,-10.0
4161,345905,209.0,12,126,0.061924,1.3101,True,False,body,120.0,99.0,-10.0
4162,345997,113.0,6,92,0.061911,1.4905,True,False,wall,60.0,63.0,-10.0
4163,346215,348.0,17,218,0.061878,1.4361,True,False,body,170.0,188.0,-10.0
4164,346262,66.0,4,47,0.061871,1.3341,True,False,body,40.0,36.0,-10.0
4165,346435,282.0,14,173,0.061846,1.2877,True,False,wall,140.0,152.0,-10.0
4166,346651,352.0,17,216,0.061814,1.3741,True,False,body,170.0,192.0,-10.0
4167,346849,285.0,16,198,0.061784,1.3174,True,False,body,160.0,135.0,-10.0
4168,346939,149.0,8,90,0.061771,1.255,True,False,body,80.0,79.0,-10.0
4169,347179,343.0,16,240,0.061736,1.4119,True,False,body,160.0,193.0,-10.0
4170,347199,27.0,2,20,0.061733,1.3498,True,False,wall,20.0,17.0,-10.0
4171,347369,252.0,13,170,0.061708,1.2573,True,False,body,130.0,132.0,-10.0
4172,347640,399.0,23,271,0.061669,1.3376,True,False,body,230.0,179.0,-10.0
4173,347745,145.0,7,105,0.061653,1.2567,True,False,body,70.0,85.0,-10.0
4174,347932,322.0,18,187,0.061626,1.3883,True,False,body,180.0,152.0,-10.0
4175,347948,12.0,1,16,0.061624,1.34,True,False,wall,10.0,12.0,-10.0
4176,347998,69.0,4,50,0.061616,1.2873,True,False,body,40.0,39.0,-10.0
4177,348090,158.0,9,92,0.061603,1.2291,True,False,body,90.0,78.0,-10.0
4178,348102,10.0,1,12,0.061601,1.2173,True,False,wall,10.0,10.0,-10.0
4179,348201,155.0,9,99,0.061587,1.2582,True,False,wall,90.0,75.0,-10.0
4180,348349,231.0,12,148,0.061566,1.3678,True,False,body,120.0,121.0,-10.0
4181,348514,257.0,13,165,0.061542,1.3278,True,False,body,130.0,137.0,-10.0
4182,348636,194.0,11,122,0.061524,1.2351,True,False,body,110.0,94.0,-10.0
4183,348799,256.0,14,163,0.061501,1.4142,True,False,wall,140.0,126.0,-10.0
4184,348835,70.0,5,36,0.061496,1.4115,True,False,wall,50.0,30.0,-10.0
4185,349038,306.0,16,203,0.061466,1.515,True,False,body,160.0,156.0,-10.0
4186,349244,317.0,16,206,0.061437,1.3116,True,False,body,160.0,167.0,-10.0
4187,349521,430.0,24,277,0.061397,1.4076,True,False,body,240.0,200.0,-10.0
4188,349824,487.0,27,303,0.061354,1.3574,True,False,body,270.0,227.0,-10.0
4189,350137,455.0,27,313,0.06131,1.3287,True,False,body,270.0,195.0,-10.0
4190,350369,349.0,20,232,0.061277,1.2845,True,False,body,200.0,159.0,-10.0
4191,350405,46.0,3,36,0.061272,1.4011,True,False,body,30.0,26.0,-10.0
4192,350476,106.0,6,71,0.061262,1.2979,True,False,wall,60.0,56.0,-10.0
4193,350561,143.0,9,85,0.06125,1.3446,True,False,body,90.0,63.0,-10.0
4194,350645,133.0,8,84,0.061238,1.2419,True,False,wall,80.0,63.0,-10.0
4195,350939,497.0,28,294,0.061197,1.2782,True,False,body,280.0,227.0,-10.0
4196,351165,348.0,17,226,0.061166,1.3618,True,False,body,170.0,188.0,-10.0
4197,351412,416.0,22,247,0.061131,1.4016,True,False,body,220.0,206.0,-10.0
4198,351571,261.0,15,159,0.061109,1.398,True,False,body,150.0,121.0,-10.0
4199,351655,121.0,6,84,0.061097,1.4221,True,False,body,60.0,71.0,-10.0
4200,351776,194.0,10,121,0.061081,1.3353,True,False,body,100.0,104.0,-10.0
4201,351996,328.0,17,220,0.06105,1.3775,True,False,body,170.0,168.0,-10.0
4202,352159,259.0,13,163,0.061028,1.2731,True,False,wall,130.0,139.0,-10.0
4203,352258,159.0,9,99,0.061014,1.351,True,False,body,90.0,79.0,-10.0
4204,352353,144.0,8,95,0.061001,1.3591,True,False,wall,80.0,74.0,-10.0
4205,352483,186.0,9,130,0.060983,1.399,True,False,body,90.0,106.0,-10.0
4206,352623,207.0,10,140,0.060964,1.2932,True,False,wall,100.0,117.0,-10.0
4207,352650,46.0,4,27,0.06096,1.2448,True,False,body,40.0,16.0,-10.0
4208,352783,213.0,11,133,0.060942,1.3001,True,False,wall,110.0,113.0,-10.0
4209,352852,104.0,6,69,0.060933,1.3521,True,False,body,60.0,54.0,-10.0
4210,353127,369.0,19,275,0.060895,1.426,True,False,wall,190.0,189.0,-10.0
4211,353194,101.0,5,67,0.060886,1.3196,True,False,body,50.0,61.0,-10.0
4212,353288,151.0,8,94,0.060873,1.2243,True,False,body,80.0,81.0,-10.0
4213,353371,158.0,10,83,0.060862,1.4447,True,False,wall,100.0,68.0,-10.0
4214,353783,608.0,31,412,0.060806,1.2977,True,False,body,310.0,308.0,-10.0
4215,354076,448.0,22,293,0.060767,1.4172,True,False,body,220.0,238.0,-10.0
4216,354157,127.0,7,81,0.060756,1.4883,True,False,wall,70.0,67.0,-10.0
4217,354355,315.0,16,198,0.060729,1.2577,True,False,body,160.0,165.0,-10.0
4218,354432,112.0,6,77,0.060719,1.2662,True,False,wall,60.0,62.0,-10.0
4219,354528,158.0,9,96,0.060706,1.285,True,False,wall,90.0,78.0,-10.0
4220,354934,639.0,36,406,0.060652,1.2719,True,False,body,360.0,289.0,-10.0
4221,355162,341.0,18,228,0.060621,1.3223,True,False,body,180.0,171.0,-10.0
4222,355381,350.0,18,219,0.060592,1.3583,True,False,wall,180.0,180.0,-10.0
4223,355648,388.0,18,267,0.060557,1.3112,True,False,body,180.0,218.0,-10.0
4224,355710,126.0,9,62,0.060549,1.2998,True,False,wall,90.0,46.0,-10.0
4225,355948,410.0,23,238,0.060518,1.2558,True,False,body,230.0,190.0,-10.0
4226,356111,247.0,13,163,0.060496,1.3291,True,False,body,130.0,127.0,-10.0
4227,356140,61.0,5,29,0.060492,1.1954,True,False,body,50.0,21.0,-10.0
4228,356371,361.0,19,231,0.060462,1.3399,True,False,wall,190.0,181.0,-10.0
4229,356570,330.0,18,199,0.060436,1.2907,True,False,body,180.0,160.0,-10.0
4230,356670,158.0,9,100,0.060423,1.2897,True,False,body,90.0,78.0,-10.0
4231,356780,162.0,9,110,0.060409,1.2261,True,False,body,90.0,82.0,-10.0
4232,357020,357.0,20,240,0.060378,1.2428,True,False,body,200.0,167.0,-10.0
4233,357051,54.0,4,31,0.060374,1.2986,True,False,wall,40.0,24.0,-10.0
4234,357173,202.0,13,122,0.060358,1.225,True,False,body,130.0,82.0,-10.0
4235,357365,325.0,18,192,0.060333,1.3208,True,False,body,180.0,155.0,-10.0
4236,357417,83.0,6,52,0.060326,1.2704,True,False,wall,60.0,33.0,-10.0
4237,357479,99.0,6,62,0.060318,1.2222,True,False,body,60.0,49.0,-10.0
4238,357553,111.0,6,74,0.060309,1.3429,True,False,wall,60.0,61.0,-10.0
4239,357669,163.0,8,116,0.060294,1.3467,True,False,wall,80.0,93.0,-10.0
4240,357702,36.0,2,33,0.060289,1.2136,True,False,wall,20.0,26.0,-10.0
4241,357817,195.0,11,115,0.060275,1.2789,True,False,wall,110.0,95.0,-10.0
4242,357867,74.0,5,50,0.060268,1.2516,True,False,body,50.0,34.0,-10.0
4243,357947,100.0,5,80,0.060258,1.2524,True,False,body,50.0,60.0,-10.0
4244,357985,50.0,3,38,0.060253,1.1906,True,False,wall,30.0,30.0,-10.0
4245,358115,217.0,12,130,0.060236,1.3348,True,False,body,120.0,107.0,-10.0
4246,358301,304.0,17,186,0.060213,1.2904,True,False,body,170.0,144.0,-10.0
4247,358346,66.0,4,45,0.060207,1.2727,True,False,wall,40.0,36.0,-10.0
4248,358570,382.0,23,224,0.060178,1.2416,True,False,body,230.0,162.0,-10.0
4249,358648,118.0,7,78,0.060169,1.279,True,False,body,70.0,58.0,-10.0
4250,358755,180.0,10,107,0.060155,1.3443,True,False,wall,100.0,90.0,-10.0
4251,358843,172.0,11,88,0.060144,1.234,True,False,body,110.0,72.0,-10.0
4252,358981,207.0,10,138,0.060126,1.2777,True,False,wall,100.0,117.0,-10.0
4253,359066,160.0,10,85,0.060116,1.4555,True,False,wall,100.0,70.0,-10.0
4254,359204,235.0,14,138,0.060098,1.4959,True,False,body,140.0,105.0,-10.0
4255,359396,313.0,16,192,0.060074,1.3193,True,False,wall,160.0,163.0,-10.0
4256,359609,317.0,17,213,0.060047,1.3004,True,False,body,170.0,157.0,-10.0
4257,359760,213.0,9,151,0.060028,1.2968,True,False,body,90.0,133.0,-10.0
4258,359901,206.0,10,141,0.06001,1.4088,True,False,wall,100.0,116.0,-10.0
4259,360025,182.0,9,124,0.059995,1.5879,True,False,body,90.0,102.0,-10.0
4260,360260,368.0,20,235,0.059966,1.3785,True,False,body,200.0,178.0,-10.0
4261,360690,649.0,30,430,0.059912,1.3156,True,False,body,300.0,359.0,-10.0
4262,360984,457.0,24,294,0.059876,1.2615,True,False,body,240.0,227.0,-10.0
4263,361056,120.0,7,72,0.059867,1.2894,True,False,wall,70.0,60.0,-10.0
4264,361432,597.0,30,376,0.059821,1.2189,True,False,body,300.0,307.0,-10.0
4265,361460,33.0,2,28,0.059817,1.2654,True,False,wall,20.0,23.0,-10.0
4266,361644,267.0,14,184,0.059795,1.2697,True,False,body,140.0,137.0,-10.0
4267,361660,12.0,1,16,0.059793,1.1877,True,False,wall,10.0,12.0,-10.0
4268,361693,47.0,3,33,0.059789,1.2753,True,False,body,30.0,27.0,-10.0
4269,361815,207.0,12,122,0.059774,1.4397,True,False,body,120.0,97.0,-10.0
4270,362078,415.0,23,263,0.059742,1.368,True,False,body,230.0,195.0,-10.0
4271,362300,348.0,19,222,0.059715,1.3719,True,False,body,190.0,168.0,-10.0
4272,362488,291.0,16,188,0.059692,1.3108,True,False,body,160.0,141.0,-10.0
4273,362639,260.0,14,151,0.059674,1.2453,True,False,body,140.0,130.0,-10.0
4274,362685,51.0,2,46,0.059668,1.3424,True,False,wall,20.0,41.0,-10.0
4275,362759,131.0,8,74,0.059659,1.3018,True,False,body,80.0,61.0,-10.0
4276,362771,8.0,1,12,0.059658,1.2562,True,False,wall,10.0,8.0,-10.0
4277,362897,204.0,11,126,0.059643,1.2711,True,False,wall,110.0,104.0,-10.0
4278,363131,376.0,19,234,0.059614,1.2888,True,False,wall,190.0,196.0,-10.0
4279,363432,412.0,22,301,0.059578,1.2679,True,False,body,220.0,202.0,-10.0
4280,363467,58.0,4,35,0.059574,1.2007,True,False,wall,40.0,28.0,-10.0
4281,363631,267.0,14,164,0.059554,1.2693,True,False,wall,140.0,137.0,-10.0
4282,363662,45.0,3,31,0.059551,1.1996,True,False,body,30.0,25.0,-10.0
4283,363780,194.0,11,118,0.059537,1.3381,True,False,wall,110.0,94.0,-10.0
4284,364182,630.0,35,402,0.059489,1.2277,True,False,body,350.0,290.0,-10.0
4285,364344,284.0,15,162,0.05947,1.3192,True,False,wall,150.0,144.0,-10.0
4286,364423,136.0,8,79,0.05946,1.314,True,False,wall,80.0,66.0,-10.0
4287,364681,379.0,18,258,0.05943,1.2999,True,False,body,180.0,209.0,-10.0
4288,365013,478.0,23,332,0.059391,1.2878,True,False,body,230.0,258.0,-10.0
4289,365136,205.0,11,123,0.059376,1.3179,True,False,body,110.0,105.0,-10.0
4290,365367,350.0,18,231,0.059349,1.3086,True,False,body,180.0,180.0,-10.0
4291,365514,267.0,17,147,0.059332,1.3887,True,False,body,170.0,107.0,-10.0
4292,365579,85.0,5,65,0.059325,1.4797,True,False,body,50.0,45.0,-10.0
4293,365845,453.0,24,266,0.059294,1.4972,True,False,body,240.0,223.0,-10.0
4294,366105,418.0,21,260,0.059264,1.3881,True,False,wall,210.0,218.0,-10.0
4295,366398,447.0,25,293,0.05923,1.3003,True,False,body,250.0,207.0,-10.0
4296,366536,231.0,12,138,0.059214,1.2972,True,False,body,120.0,121.0,-10.0
4297,366941,601.0,29,405,0.059167,1.2849,True,False,body,290.0,321.0,-10.0
4298,367019,113.0,6,78,0.059158,1.3219,True,False,body,60.0,63.0,-10.0
4299,367319,511.0,28,300,0.059124,1.3402,True,False,body,280.0,241.0,-10.0
4300,367368,72.0,4,49,0.059118,1.3293,True,False,body,40.0,42.0,-10.0
4301,367544,274.0,13,176,0.059098,1.435,True,False,body,130.0,154.0,-10.0
4302,367560,12.0,1,16,0.059097,1.4277,True,False,wall,10.0,12.0,-10.0
4303,367680,224.0,13,120,0.059083,1.277,True,False,wall,130.0,104.0,-10.0
4304,367751,128.0,8,71,0.059075,1.1902,True,False,wall,80.0,58.0,-10.0
4305,367867,211.0,12,116,0.059062,1.2861,True,False,body,120.0,101.0,-10.0
4306,368223,541.0,28,356,0.059021,1.2381,True,False,body,280.0,271.0,-10.0
4307,368249,33.0,2,26,0.059019,1.5716,True,False,wall,20.0,23.0,-10.0
4308,368555,479.0,26,306,0.058984,1.36,True,False,body,260.0,229.0,-10.0
4309,368700,223.0,11,145,0.058968,1.394,True,False,body,110.0,123.0,-10.0
4310,368848,231.0,12,148,0.058951,1.2693,True,False,body,120.0,121.0,-10.0
4311,368902,104.0,7,54,0.058945,1.2702,True,False,wall,70.0,44.0,-10.0
4312,368989,140.0,8,87,0.058936,1.3356,True,False,body,80.0,70.0,-10.0
4313,369108,229.0,15,119,0.058922,1.3684,True,False,wall,150.0,89.0,-10.0
4314,369293,311.0,17,185,0.058902,1.4364,True,False,body,170.0,151.0,-10.0
4315,369399,188.0,11,106,0.05889,1.3158,True,False,body,110.0,88.0,-10.0
4316,369422,19.0,1,23,0.058887,1.2518,True,False,wall,10.0,19.0,-10.0
4317,369562,223.0,12,140,0.058872,1.4075,True,False,wall,120.0,113.0,-10.0
4318,369647,140.0,8,85,0.058862,1.359,True,False,body,80.0,70.0,-10.0
4319,369823,338.0,21,176,0.058843,1.4198,True,False,body,210.0,138.0,-10.0
4320,370025,328.0,17,202,0.058821,1.2639,True,False,wall,170.0,168.0,-10.0
4321,370052,34.0,2,27,0.058818,1.3467,True,False,wall,20.0,24.0,-10.0
4322,370311,420.0,22,259,0.058789,1.3556,True,False,body,220.0,210.0,-10.0
4323,370326,22.0,2,15,0.058787,1.2898,True,False,wall,20.0,12.0,-10.0
4324,370334,-3.0,0,8,0.058787,1.339,True,False,wall,0.0,7.0,-10.0
4325,370519,287.0,15,185,0.058766,1.2658,True,False,body,150.0,147.0,-10.0
4326,370588,102.0,6,69,0.058759,1.2197,True,False,wall,60.0,52.0,-10.0
4327,370786,322.0,17,198,0.058737,1.3471,True,False,body,170.0,162.0,-10.0
4328,370888,138.0,7,102,0.058726,1.3803,True,False,body,70.0,78.0,-10.0
4329,370917,34.0,2,29,0.058723,1.2319,True,False,wall,20.0,24.0,-10.0
4330,370930,11.0,1,13,0.058721,1.2605,True,False,wall,10.0,11.0,-10.0
4331,370969,80.0,6,39,0.058717,1.2216,True,False,wall,60.0,30.0,-10.0
4332,371141,306.0,17,172,0.058698,1.2333,True,False,wall,170.0,146.0,-10.0
4333,371425,480.0,27,284,0.058668,1.2664,True,False,body,270.0,220.0,-10.0
4334,371564,256.0,16,139,0.058652,1.2898,True,False,body,160.0,106.0,-10.0
4335,371597,58.0,4,33,0.058649,1.4015,True,False,body,40.0,28.0,-10.0
4336,371998,596.0,30,401,0.058606,1.2796,True,False,body,300.0,306.0,-10.0
4337,372263,405.0,21,265,0.058577,1.31,True,False,wall,210.0,205.0,-10.0
4338,372561,429.0,24,298,0.058545,1.317,True,False,body,240.0,199.0,-10.0
4339,372623,93.0,6,62,0.058539,1.407,True,False,wall,60.0,43.0,-10.0
4340,372661,68.0,5,38,0.058535,1.2932,True,False,body,50.0,28.0,-10.0
4341,372694,56.0,4,33,0.058531,1.2809,True,False,wall,40.0,26.0,-10.0
4342,372910,337.0,18,216,0.058508,1.3323,True,False,body,180.0,167.0,-10.0
4343,373026,208.0,13,116,0.058496,1.3647,True,False,body,130.0,88.0,-10.0
4344,373101,88.0,4,75,0.058488,1.2934,True,False,wall,40.0,58.0,-10.0
4345,373200,140.0,8,99,0.058477,1.3427,True,False,body,80.0,70.0,-10.0
4346,373216,-1.0,0,16,0.058476,1.5714,True,False,wall,0.0,9.0,-10.0
4347,373434,352.0,21,218,0.058453,1.4435,True,False,wall,210.0,152.0,-10.0
4348,373572,231.0,14,138,0.058438,1.693,True,False,wall,140.0,101.0,-10.0
4349,373729,248.0,14,157,0.058421,1.4145,True,False,wall,140.0,118.0,-10.0
4350,373914,285.0,17,185,0.058402,1.3533,True,False,wall,170.0,125.0,-10.0
4351,373955,66.0,4,41,0.058398,1.3884,True,False,wall,40.0,36.0,-10.0
4352,374054,156.0,8,99,0.058387,1.3756,True,False,body,80.0,86.0,-10.0
4353,374432,462.0,25,378,0.058348,1.3181,True,False,body,250.0,222.0,-10.0
4354,374466,48.0,3,34,0.058344,1.269,True,False,body,30.0,28.0,-10.0
4355,374703,409.0,23,237,0.05832,1.3482,True,False,wall,230.0,189.0,-10.0
4356,374903,304.0,17,200,0.058299,1.399,True,False,body,170.0,144.0,-10.0
4357,375322,593.0,31,419,0.058255,1.3282,True,False,body,310.0,293.0,-10.0
4358,375422,140.0,7,100,0.058245,1.3191,True,False,body,70.0,80.0,-10.0
4359,375607,290.0,14,185,0.058226,1.3384,True,False,wall,140.0,160.0,-10.0
4360,375635,36.0,3,28,0.058223,1.3375,True,False,wall,30.0,16.0,-10.0
4361,375780,259.0,15,145,0.058208,1.3067,True,False,body,150.0,119.0,-10.0
4362,376072,452.0,25,292,0.058178,1.2575,True,False,body,250.0,212.0,-10.0
4363,376130,77.0,4,58,0.058172,1.261,True,False,wall,40.0,47.0,-10.0
4364,376306,313.0,18,176,0.058154,1.2957,True,False,wall,180.0,143.0,-10.0
4365,376426,190.0,11,120,0.058142,1.2921,True,False,wall,110.0,90.0,-10.0
4366,376626,338.0,19,200,0.058122,1.4479,True,False,body,190.0,158.0,-10.0
4367,376769,168.0,8,143,0.058107,1.3418,True,False,body,80.0,98.0,-10.0
4368,377143,546.0,27,374,0.05807,1.3839,True,False,body,270.0,286.0,-10.0
4369,377236,149.0,9,93,0.05806,1.3407,True,False,wall,90.0,69.0,-10.0
4370,377356,188.0,9,120,0.058048,1.4142,True,False,body,90.0,108.0,-10.0
4371,377402,67.0,4,46,0.058044,1.2731,True,False,body,40.0,37.0,-10.0
4372,377484,121.0,6,82,0.058035,1.2759,True,False,wall,60.0,71.0,-10.0
4373,377847,569.0,29,363,0.057999,1.3831,True,False,body,290.0,289.0,-10.0
4374,377967,205.0,12,120,0.057987,1.3293,True,False,body,120.0,95.0,-10.0
4375,378078,177.0,9,111,0.057976,1.3613,True,False,body,90.0,97.0,-10.0
4376,378355,447.0,27,277,0.057948,1.2634,True,False,body,270.0,187.0,-10.0
4377,378487,239.0,14,132,0.057935,1.4384,True,False,body,140.0,109.0,-10.0
4378,378860,673.0,37,373,0.057898,1.3697,True,False,body,370.0,313.0,-10.0
4379,378983,185.0,9,123,0.057886,1.4633,True,False,body,90.0,105.0,-10.0
4380,379346,605.0,33,363,0.05785,1.4425,True,False,body,330.0,285.0,-10.0
4381,379432,132.0,7,86,0.057842,1.4446,True,False,body,70.0,72.0,-10.0
4382,379639,297.0,15,207,0.057822,1.358,True,False,wall,150.0,157.0,-10.0
4383,379813,283.0,16,174,0.057805,1.3177,True,False,body,160.0,133.0,-10.0
4384,379918,196.0,12,105,0.057795,1.2553,True,False,wall,120.0,86.0,-10.0
4385,380049,238.0,14,131,0.057782,1.3801,True,False,body,140.0,108.0,-10.0
4386,380219,301.0,16,170,0.057765,1.4379,True,False,body,160.0,151.0,-10.0
4387,380329,187.0,10,110,0.057755,1.3236,True,False,body,100.0,97.0,-10.0
4388,380471,240.0,13,142,0.057741,1.3542,True,False,wall,130.0,120.0,-10.0
4389,380584,176.0,10,113,0.05773,1.2952,True,False,wall,100.0,86.0,-10.0
4390,380696,177.0,10,112,0.057719,1.427,True,False,wall,100.0,87.0,-10.0
4391,380810,200.0,11,114,0.057708,1.3814,True,False,body,110.0,100.0,-10.0
4392,380822,10.0,1,12,0.057707,1.4115,True,False,wall,10.0,10.0,-10.0
4393,381034,333.0,18,212,0.057687,1.2767,True,False,wall,180.0,163.0,-10.0
4394,381283,379.0,21,249,0.057663,1.36,True,False,body,210.0,179.0,-10.0
4395,381710,588.0,32,427,0.057622,1.443,True,False,wall,320.0,278.0,-10.0
4396,381868,249.0,14,158,0.057607,1.4768,True,False,body,140.0,119.0,-10.0
4397,381955,131.0,7,87,0.057599,1.4041,True,False,body,70.0,71.0,-10.0
4398,382088,194.0,10,133,0.057586,1.3939,True,False,body,100.0,104.0,-10.0
4399,382258,278.0,15,170,0.05757,1.4018,True,False,body,150.0,138.0,-10.0
4400,382650,592.0,33,392,0.057533,1.4191,True,False,body,330.0,272.0,-10.0
4401,382856,369.0,22,206,0.057513,1.4444,True,False,body,220.0,159.0,-10.0
4402,383075,307.0,15,219,0.057493,1.435,True,False,body,150.0,167.0,-10.0
4403,383241,253.0,12,166,0.057477,1.3234,True,False,body,120.0,143.0,-10.0
4404,383255,12.0,1,14,0.057476,1.4097,True,False,wall,10.0,12.0,-10.0
4405,383285,44.0,3,30,0.057473,1.3924,True,False,wall,30.0,24.0,-10.0
4406,383378,163.0,11,93,0.057465,1.331,True,False,body,110.0,63.0,-10.0
4407,383425,86.0,6,47,0.05746,1.3782,True,False,wall,60.0,36.0,-10.0
4408,383447,43.0,4,22,0.057458,1.4046,True,False,body,40.0,13.0,-10.0
4409,383699,419.0,24,252,0.057435,1.4489,True,False,body,240.0,189.0,-10.0
4410,383836,241.0,13,137,0.057422,1.391,True,False,wall,130.0,121.0,-10.0
4411,383905,117.0,7,69,0.057416,1.3367,True,False,body,70.0,57.0,-10.0
4412,383946,75.0,5,41,0.057412,1.3525,True,False,body,50.0,35.0,-10.0
4413,384015,106.0,6,69,0.057405,1.2908,True,False,body,60.0,56.0,-10.0
4414,384106,130.0,6,91,0.057397,1.3546,True,False,wall,60.0,80.0,-10.0
4415,384254,207.0,10,148,0.057383,1.3288,True,False,body,100.0,117.0,-10.0
4416,384319,97.0,5,65,0.057377,1.2577,True,False,body,50.0,57.0,-10.0
4417,384420,162.0,8,101,0.057368,1.2715,True,False,wall,80.0,92.0,-10.0
4418,384587,264.0,14,167,0.057353,1.2909,True,False,body,140.0,134.0,-10.0
4419,384691,178.0,11,104,0.057343,1.2928,True,False,body,110.0,78.0,-10.0
4420,384725,55.0,4,34,0.05734,1.2375,True,False,body,40.0,25.0,-10.0
4421,384921,283.0,16,196,0.057322,1.2327,True,False,wall,160.0,133.0,-10.0
4422,384985,135.0,10,64,0.057316,1.2771,True,False,wall,100.0,45.0,-10.0
4423,385169,310.0,17,184,0.057299,1.2281,True,False,body,170.0,150.0,-10.0
4424,385365,322.0,17,196,0.057281,1.3032,True,False,wall,170.0,162.0,-10.0
4425,385559,298.0,17,194,0.057264,1.3288,True,False,wall,170.0,138.0,-10.0
4426,385607,80.0,5,48,0.057259,1.2946,True,False,body,50.0,40.0,-10.0
4427,385683,122.0,7,76,0.057253,1.3145,True,False,wall,70.0,62.0,-10.0
4428,386001,483.0,26,318,0.057224,1.3336,True,False,body,260.0,233.0,-10.0
4429,386139,204.0,11,138,0.057211,1.3512,True,False,wall,110.0,104.0,-10.0
4430,386493,534.0,29,354,0.05718,1.3774,True,False,body,290.0,254.0,-10.0
4431,386648,237.0,13,155,0.057166,1.2944,True,False,body,130.0,117.0,-10.0
4432,386761,191.0,11,113,0.057156,1.3406,True,False,body,110.0,91.0,-10.0
4433,386992,331.0,17,231,0.057135,1.2669,True,False,body,170.0,171.0,-10.0
4434,387162,265.0,14,170,0.05712,1.3658,True,False,wall,140.0,135.0,-10.0
4435,387265,181.0,11,103,0.057111,1.4191,True,False,body,110.0,81.0,-10.0
4436,387396,193.0,9,131,0.057099,1.3502,True,False,wall,90.0,113.0,-10.0
4437,387625,389.0,21,229,0.057079,1.3392,True,False,wall,210.0,189.0,-10.0
4438,387703,111.0,6,78,0.057072,1.3181,True,False,body,60.0,61.0,-10.0
4439,387723,14.0,1,20,0.05707,1.3258,True,False,wall,10.0,14.0,-10.0
4440,387850,232.0,14,127,0.057059,1.2933,True,False,body,140.0,102.0,-10.0
4441,388020,314.0,19,170,0.057044,1.3173,True,False,body,190.0,134.0,-10.0
4442,388072,93.0,6,52,0.057039,1.3227,True,False,wall,60.0,43.0,-10.0
4443,388086,12.0,1,14,0.057038,1.1731,True,False,wall,10.0,12.0,-10.0
4444,388301,339.0,17,215,0.057019,1.2991,True,False,body,170.0,179.0,-10.0
4445,388481,296.0,17,180,0.057003,1.2779,True,False,body,170.0,136.0,-10.0
4446,388595,190.0,11,114,0.056993,1.2683,True,False,wall,110.0,90.0,-10.0
4447,388716,180.0,10,121,0.056983,1.3479,True,False,wall,100.0,90.0,-10.0
4448,389049,502.0,26,333,0.056954,1.3481,True,False,body,260.0,252.0,-10.0
4449,389244,293.0,15,195,0.056937,1.4495,True,False,body,150.0,153.0,-10.0
4450,389434,312.0,17,190,0.05692,1.4392,True,False,body,170.0,152.0,-10.0
4451,389477,57.0,3,43,0.056917,1.2881,True,False,body,30.0,37.0,-10.0
4452,389531,86.0,5,54,0.056912,1.2795,True,False,body,50.0,46.0,-10.0
4453,389715,271.0,14,184,0.056896,1.3621,True,False,body,140.0,141.0,-10.0
4454,389817,176.0,11,102,0.056887,1.4189,True,False,wall,110.0,76.0,-10.0
4455,389986,255.0,13,169,0.056873,1.4401,True,False,body,130.0,135.0,-10.0
4456,390293,488.0,26,307,0.056846,1.387,True,False,body,260.0,238.0,-10.0
4457,390451,253.0,14,158,0.056833,1.3874,True,False,body,140.0,123.0,-10.0
4458,390619,298.0,17,168,0.056819,1.4801,True,False,wall,170.0,138.0,-10.0
4459,390786,262.0,14,167,0.056804,1.3155,True,False,wall,140.0,132.0,-10.0
4460,390848,112.0,7,62,0.056799,1.2925,True,False,body,70.0,52.0,-10.0
4461,391121,399.0,23,273,0.056776,1.2698,True,False,body,230.0,179.0,-10.0
4462,391236,200.0,12,115,0.056766,1.3177,True,False,body,120.0,90.0,-10.0
4463,391360,208.0,11,124,0.056756,1.2387,True,False,wall,110.0,108.0,-10.0
4464,391673,488.0,24,313,0.056729,1.2535,True,False,body,240.0,258.0,-10.0
4465,391940,395.0,19,267,0.056707,1.2983,True,False,body,190.0,215.0,-10.0
4466,392114,298.0,17,174,0.056692,1.4044,True,False,wall,170.0,138.0,-10.0
4467,392437,485.0,25,323,0.056665,1.3369,True,False,body,250.0,245.0,-10.0
4468,392627,283.0,14,190,0.05665,1.3952,True,False,wall,140.0,153.0,-10.0
4469,392757,209.0,12,130,0.056639,1.3083,True,False,wall,120.0,99.0,-10.0
4470,392918,200.0,10,161,0.056625,1.274,True,False,wall,100.0,110.0,-10.0
4471,393021,164.0,8,103,0.056617,1.3285,True,False,wall,80.0,94.0,-10.0
4472,393300,433.0,23,279,0.056594,1.317,True,False,body,230.0,213.0,-10.0
4473,393577,457.0,25,277,0.056571,1.3411,True,False,body,250.0,217.0,-10.0
4474,393791,399.0,24,214,0.056554,1.379,True,False,body,240.0,169.0,-10.0
4475,394104,524.0,28,313,0.056528,1.3113,True,False,body,280.0,254.0,-10.0
4476,394176,122.0,7,72,0.056522,1.3372,True,False,wall,70.0,62.0,-10.0
4477,394381,334.0,18,205,0.056505,1.2781,True,False,wall,180.0,164.0,-10.0
4478,394506,189.0,11,125,0.056495,1.3286,True,False,body,110.0,89.0,-10.0
4479,394702,314.0,17,196,0.056479,1.3207,True,False,body,170.0,154.0,-10.0
4480,394875,237.0,13,173,0.056465,1.4149,True,False,body,130.0,117.0,-10.0
4481,395166,503.0,27,291,0.056442,1.4181,True,False,wall,270.0,243.0,-10.0
4482,395263,145.0,7,97,0.056434,1.4878,True,False,body,70.0,85.0,-10.0
4483,395472,336.0,18,209,0.056417,1.3645,True,False,body,180.0,166.0,-10.0
4484,395664,272.0,15,192,0.056402,1.3063,True,False,body,150.0,132.0,-10.0
4485,395706,65.0,4,42,0.056399,1.339,True,False,body,40.0,35.0,-10.0
4486,395846,221.0,12,140,0.056387,1.3803,True,False,wall,120.0,111.0,-10.0
4487,395996,244.0,13,150,0.056375,1.4781,True,False,body,130.0,124.0,-10.0
4488,396105,179.0,11,109,0.056367,1.3845,True,False,body,110.0,79.0,-10.0
4489,396317,333.0,20,212,0.05635,1.3291,True,False,body,200.0,143.0,-10.0
4490,396389,118.0,7,72,0.056344,1.4108,True,False,wall,70.0,58.0,-10.0
4491,396471,146.0,9,82,0.056338,1.4062,True,False,body,90.0,66.0,-10.0
4492,396744,435.0,23,273,0.056316,1.3352,True,False,wall,230.0,215.0,-10.0
4493,396800,95.0,6,56,0.056312,1.624,True,False,body,60.0,45.0,-10.0
4494,396843,55.0,3,43,0.056308,1.4212,True,False,wall,30.0,35.0,-10.0
4495,397021,303.0,18,178,0.056294,1.459,True,False,body,180.0,133.0,-10.0
4496,397109,145.0,8,88,0.056287,1.4203,True,False,body,80.0,75.0,-10.0
4497,397280,273.0,15,171,0.056274,1.3957,True,False,body,150.0,133.0,-10.0
4498,397487,340.0,18,207,0.056258,1.3163,True,False,wall,180.0,170.0,-10.0
4499,397535,67.0,4,48,0.056254,1.2668,True,False,wall,40.0,37.0,-10.0
4500,397658,205.0,11,123,0.056244,1.3014,True,False,body,110.0,105.0,-10.0
4501,397764,168.0,9,106,0.056236,1.2637,True,False,body,90.0,88.0,-10.0
4502,398106,570.0,31,342,0.056209,1.2812,True,False,wall,310.0,270.0,-10.0
4503,398250,246.0,15,144,0.056198,1.282,True,False,wall,150.0,106.0,-10.0
4504,398544,456.0,25,294,0.056176,1.3326,True,False,wall,250.0,216.0,-10.0
4505,398623,145.0,9,79,0.056169,1.3547,True,False,wall,90.0,65.0,-10.0
4506,398883,409.0,20,260,0.056149,1.2852,True,False,body,200.0,219.0,-10.0
4507,399024,228.0,12,141,0.056139,1.2647,True,False,body,120.0,118.0,-10.0
4508,399258,342.0,17,234,0.056121,1.3899,True,False,body,170.0,182.0,-10.0
4509,399353,151.0,9,95,0.056113,1.5081,True,False,body,90.0,71.0,-10.0
4510,399516,304.0,18,163,0.056101,1.4461,True,False,body,180.0,134.0,-10.0
4511,399551,47.0,3,35,0.056098,1.2907,True,False,wall,30.0,27.0,-10.0
4512,399741,325.0,18,190,0.056084,1.3046,True,False,body,180.0,155.0,-10.0
4513,399867,225.0,14,126,0.056074,1.336,True,False,body,140.0,95.0,-10.0
4514,400005,226.0,13,138,0.056064,1.5189,True,False,body,130.0,106.0,-10.0
4515,400071,87.0,4,66,0.056059,1.6206,True,False,wall,40.0,57.0,-10.0
4516,400086,22.0,2,15,0.056058,1.3155,True,False,wall,20.0,12.0,-10.0
4517,400197,177.0,9,111,0.056049,1.3404,True,False,wall,90.0,97.0,-10.0
4518,400250,94.0,6,53,0.056045,1.2778,True,False,body,60.0,44.0,-10.0
4519,400370,220.0,13,120,0.056036,1.4456,True,False,body,130.0,100.0,-10.0
4520,400559,341.0,19,189,0.056022,1.4469,True,False,wall,190.0,161.0,-10.0
4521,400747,303.0,16,188,0.056008,1.3062,True,False,body,160.0,153.0,-10.0
4522,400828,158.0,10,81,0.056002,1.2701,True,False,body,100.0,68.0,-10.0
4523,401042,375.0,22,214,0.055986,1.3212,True,False,body,220.0,165.0,-10.0
4524,401120,106.0,5,78,0.05598,1.4063,True,False,wall,50.0,66.0,-10.0
4525,401220,155.0,8,100,0.055972,1.2913,True,False,body,80.0,85.0,-10.0
4526,401494,406.0,21,274,0.055952,1.3391,True,False,wall,210.0,206.0,-10.0
4527,401620,207.0,12,126,0.055943,1.4479,True,False,body,120.0,97.0,-10.0
4528,401877,423.0,23,257,0.055924,1.3543,True,False,body,230.0,203.0,-10.0
4529,402121,396.0,23,244,0.055905,1.2863,True,False,body,230.0,176.0,-10.0
4530,402352,347.0,19,231,0.055888,1.3369,True,False,wall,190.0,167.0,-10.0
4531,402471,189.0,11,119,0.05588,1.3335,True,False,body,110.0,89.0,-10.0
4532,402574,148.0,8,103,0.055872,1.3621,True,False,wall,80.0,78.0,-10.0
4533,402891,471.0,25,317,0.055849,1.3227,True,False,body,250.0,231.0,-10.0
4534,403028,238.0,14,137,0.055839,1.3373,True,False,body,140.0,108.0,-10.0
4535,403300,437.0,22,272,0.055819,1.4139,True,False,wall,220.0,227.0,-10.0
4536,403400,158.0,9,100,0.055812,1.1614,True,False,body,90.0,78.0,-10.0
4537,403529,234.0,14,129,0.055802,1.462,True,False,body,140.0,104.0,-10.0
4538,403763,439.0,26,234,0.055786,1.3031,True,False,body,260.0,189.0,-10.0
4539,403833,107.0,6,70,0.05578,1.2956,True,False,wall,60.0,57.0,-10.0
4540,403991,290.0,17,158,0.055769,1.2749,True,False,wall,170.0,130.0,-10.0
4541,404150,221.0,11,159,0.055758,1.3339,True,False,body,110.0,121.0,-10.0
4542,404312,245.0,12,162,0.055746,1.3635,True,False,body,120.0,135.0,-10.0
4543,404391,116.0,6,79,0.05574,1.3084,True,False,body,60.0,66.0,-10.0
4544,404612,384.0,22,221,0.055724,1.4098,True,False,wall,220.0,174.0,-10.0
4545,404684,114.0,7,72,0.055719,1.3246,True,False,wall,70.0,54.0,-10.0
4546,404911,346.0,18,227,0.055703,1.3782,True,False,body,180.0,176.0,-10.0
4547,404985,113.0,6,74,0.055698,1.409,True,False,body,60.0,63.0,-10.0
4548,405157,240.0,13,172,0.055686,1.3599,True,False,wall,130.0,120.0,-10.0
4549,405401,415.0,22,244,0.055668,1.4259,True,False,body,220.0,205.0,-10.0
4550,405569,276.0,15,168,0.055656,1.4425,True,False,wall,150.0,136.0,-10.0
4551,405680,170.0,10,111,0.055649,1.3215,True,False,body,100.0,80.0,-10.0
4552,405903,348.0,18,223,0.055633,1.5129,True,False,wall,180.0,178.0,-10.0
4553,405964,82.0,4,61,0.055629,1.2573,True,False,wall,40.0,52.0,-10.0
4554,406106,223.0,12,142,0.055619,1.3066,True,False,body,120.0,113.0,-10.0
4555,406224,191.0,10,118,0.05561,1.3343,True,False,body,100.0,101.0,-10.0
4556,406575,539.0,25,351,0.055586,1.3826,True,False,body,250.0,299.0,-10.0
4557,406738,260.0,14,163,0.055574,1.3443,True,False,wall,140.0,130.0,-10.0
4558,406922,311.0,16,184,0.055562,1.309,True,False,body,160.0,161.0,-10.0
4559,407108,289.0,16,186,0.055549,1.3138,True,False,body,160.0,139.0,-10.0
4560,407152,69.0,4,44,0.055546,1.2534,True,False,wall,40.0,39.0,-10.0
4561,407319,268.0,16,167,0.055534,1.3434,True,False,body,160.0,118.0,-10.0
4562,407569,449.0,24,250,0.055517,1.3441,True,False,body,240.0,219.0,-10.0
4563,407784,325.0,17,215,0.055502,1.3275,True,False,body,170.0,165.0,-10.0
4564,408078,460.0,25,294,0.055482,1.3471,True,False,wall,250.0,220.0,-10.0
4565,408424,499.0,26,346,0.055458,1.3378,True,False,body,260.0,249.0,-10.0
4566,408478,91.0,6,54,0.055454,1.5219,True,False,body,60.0,41.0,-10.0
4567,408745,412.0,20,267,0.055436,1.4109,True,False,body,200.0,222.0,-10.0
4568,408941,321.0,18,196,0.055423,1.2178,True,False,wall,180.0,151.0,-10.0
4569,409120,268.0,16,179,0.055411,1.2937,True,False,wall,160.0,118.0,-10.0
4570,409204,144.0,9,84,0.055405,1.3507,True,False,body,90.0,64.0,-10.0
4571,409394,291.0,16,190,0.055392,1.307,True,False,wall,160.0,141.0,-10.0
4572,409528,189.0,10,134,0.055383,1.5354,True,False,wall,100.0,99.0,-10.0
4573,409815,446.0,22,287,0.055364,1.4208,True,False,wall,220.0,236.0,-10.0
4574,410150,466.0,24,335,0.055342,1.3708,True,False,body,240.0,236.0,-10.0
4575,410267,208.0,12,117,0.055334,1.3513,True,False,body,120.0,98.0,-10.0
4576,410624,601.0,33,357,0.05531,1.3873,True,False,body,330.0,281.0,-10.0
4577,410668,50.0,3,44,0.055307,1.4905,True,False,wall,30.0,30.0,-10.0
4578,410748,128.0,7,80,0.055302,1.3047,True,False,body,70.0,68.0,-10.0
4579,411009,378.0,20,261,0.055285,1.3685,True,False,body,200.0,188.0,-10.0
4580,411263,379.0,22,254,0.055268,1.3415,True,False,wall,220.0,169.0,-10.0
4581,411348,165.0,11,85,0.055262,1.3555,True,False,body,110.0,65.0,-10.0
4582,411445,143.0,7,97,0.055256,1.3838,True,False,body,70.0,83.0,-10.0
4583,411633,284.0,15,188,0.055243,1.4531,True,False,body,150.0,144.0,-10.0
4584,411897,331.0,18,264,0.055226,1.3224,True,False,wall,180.0,161.0,-10.0
4585,412124,344.0,20,227,0.055211,1.3962,True,False,body,200.0,154.0,-10.0
4586,412411,422.0,22,287,0.055193,1.3497,True,False,body,220.0,212.0,-10.0
4587,412522,192.0,12,111,0.055186,1.2782,True,False,wall,120.0,82.0,-10.0
4588,412783,409.0,21,261,0.055169,1.3301,True,False,body,210.0,209.0,-10.0
4589,412926,229.0,11,143,0.055159,1.2702,True,False,body,110.0,129.0,-10.0
4590,412934,15.0,2,8,0.055159,1.1012,True,False,wall,20.0,5.0,-10.0
4591,413258,473.0,24,324,0.055138,1.3153,True,False,body,240.0,243.0,-10.0
4592,413276,23.0,2,18,0.055137,1.5339,True,False,wall,20.0,13.0,-10.0
4593,413353,110.0,6,77,0.055132,1.4035,True,False,wall,60.0,60.0,-10.0
4594,413444,148.0,8,91,0.055126,1.2929,True,False,body,80.0,78.0,-10.0
4595,413459,7.0,1,15,0.055125,1.2013,True,False,wall,10.0,7.0,-10.0
4596,413502,68.0,4,43,0.055122,1.2301,True,False,wall,40.0,38.0,-10.0
4597,413650,218.0,11,148,0.055113,1.3541,True,False,body,110.0,118.0,-10.0
4598,413671,26.0,2,21,0.055112,1.4409,True,False,wall,20.0,16.0,-10.0
4599,413889,319.0,18,218,0.055098,1.4791,True,False,body,180.0,149.0,-10.0
4600,413925,66.0,5,36,0.055095,1.4352,True,False,body,50.0,26.0,-10.0
4601,413942,-2.0,0,17,0.055094,1.3991,True,False,wall,0.0,8.0,-10.0
4602,414290,570.0,31,348,0.055072,1.3881,True,False,body,310.0,270.0,-10.0
4603,414309,15.0,1,19,0.055071,1.3315,True,False,wall,10.0,15.0,-10.0
4604,414325,14.0,1,16,0.05507,1.3774,True,False,wall,10.0,14.0,-10.0
4605,414461,206.0,11,136,0.055061,1.3238,True,False,body,110.0,106.0,-10.0
4606,414604,209.0,11,143,0.055052,1.3902,True,False,body,110.0,109.0,-10.0
4607,414797,296.0,14,193,0.05504,1.3099,True,False,body,140.0,166.0,-10.0
4608,415008,344.0,18,211,0.055027,1.4055,True,False,body,180.0,174.0,-10.0
4609,415325,491.0,25,317,0.055007,1.3669,True,False,body,250.0,251.0,-10.0
4610,415476,242.0,14,151,0.054998,1.3986,True,False,body,140.0,112.0,-10.0
4611,415617,232.0,14,141,0.054989,1.2547,True,False,wall,140.0,102.0,-10.0
4612,415772,295.0,17,155,0.054979,1.3751,True,False,body,170.0,135.0,-10.0
4613,415968,328.0,17,196,0.054967,1.2778,True,False,wall,170.0,168.0,-10.0
4614,416086,179.0,10,118,0.05496,1.3733,True,False,body,100.0,89.0,-10.0
4615,416277,345.0,19,191,0.054948,1.3518,True,False,body,190.0,165.0,-10.0
4616,416566,431.0,21,289,0.05493,1.3324,True,False,body,210.0,231.0,-10.0
4617,416802,326.0,19,236,0.054915,1.3794,True,False,wall,190.0,146.0,-10.0
4618,417079,387.0,17,277,0.054898,1.3867,True,False,body,170.0,227.0,-10.0
4619,417093,19.0,2,14,0.054898,1.4113,True,False,wall,20.0,9.0,-10.0
4620,417220,194.0,10,127,0.05489,1.5274,True,False,body,100.0,104.0,-10.0
4621,417312,172.0,11,92,0.054884,1.3179,True,False,body,110.0,72.0,-10.0
4622,417403,146.0,8,91,0.054879,1.619,True,False,body,80.0,76.0,-10.0
4623,417564,255.0,13,161,0.054869,1.4707,True,False,wall,130.0,135.0,-10.0
4624,417713,214.0,12,149,0.05486,1.3632,True,False,body,120.0,104.0,-10.0
4625,417906,335.0,19,193,0.054848,1.2896,True,False,body,190.0,155.0,-10.0
4626,418079,285.0,15,173,0.054838,1.4229,True,False,wall,150.0,145.0,-10.0
4627,418177,140.0,7,98,0.054832,1.4033,True,False,wall,70.0,80.0,-10.0
4628,418322,242.0,14,145,0.054823,1.3977,True,False,body,140.0,112.0,-10.0
4629,418424,182.0,11,102,0.054817,1.2187,True,False,wall,110.0,82.0,-10.0
4630,418474,96.0,7,50,0.054814,1.3348,True,False,body,70.0,36.0,-10.0
4631,418772,402.0,23,298,0.054796,1.4462,True,False,body,230.0,182.0,-10.0
4632,418951,298.0,16,179,0.054785,1.4209,True,False,wall,160.0,148.0,-10.0
4633,419193,376.0,21,242,0.054771,1.3451,True,False,body,210.0,176.0,-10.0
4634,419353,259.0,14,160,0.054761,1.5053,True,False,wall,140.0,129.0,-10.0
4635,419619,380.0,21,266,0.054745,1.442,True,False,body,210.0,180.0,-10.0
4636,419686,99.0,5,67,0.054741,1.3333,True,False,wall,50.0,59.0,-10.0
4637,419943,404.0,20,257,0.054726,1.3809,True,False,wall,200.0,214.0,-10.0
4638,420297,562.0,27,354,0.054705,1.4117,True,False,body,270.0,302.0,-10.0
4639,420418,194.0,10,121,0.054698,1.3853,True,False,body,100.0,104.0,-10.0
4640,420451,45.0,3,33,0.054696,1.3237,True,False,wall,30.0,25.0,-10.0
4641,420619,269.0,14,168,0.054686,1.4748,True,False,wall,140.0,139.0,-10.0
4642,420853,413.0,22,234,0.054673,1.3947,True,False,wall,220.0,203.0,-10.0
4643,420972,190.0,10,119,0.054666,1.3004,True,False,body,100.0,100.0,-10.0
4644,421052,144.0,9,80,0.054661,1.3537,True,False,body,90.0,64.0,-10.0
4645,421181,214.0,12,129,0.054654,1.4222,True,False,body,120.0,104.0,-10.0
4646,421328,227.0,13,147,0.054645,1.4745,True,False,wall,130.0,107.0,-10.0
4647,421471,200.0,10,143,0.054637,1.4199,True,False,body,100.0,110.0,-10.0
4648,421590,180.0,10,119,0.05463,1.3662,True,False,body,100.0,90.0,-10.0
4649,421742,224.0,11,152,0.054621,1.3708,True,False,body,110.0,124.0,-10.0
4650,421774,35.0,2,32,0.054619,1.4229,True,False,wall,20.0,25.0,-10.0
4651,421997,332.0,16,223,0.054606,1.4727,True,False,wall,160.0,182.0,-10.0
4652,422480,758.0,42,483,0.054579,1.478,True,False,body,420.0,348.0,-10.0
4653,422713,351.0,21,233,0.054565,1.4147,True,False,body,210.0,151.0,-10.0
4654,422791,111.0,6,78,0.054561,1.3138,True,False,wall,60.0,61.0,-10.0
4655,422854,100.0,6,63,0.054557,1.4464,True,False,body,60.0,50.0,-10.0
4656,423034,280.0,17,180,0.054547,1.4885,True,False,body,170.0,120.0,-10.0
4657,423242,328.0,17,208,0.054535,1.3355,True,False,wall,170.0,168.0,-10.0
4658,423410,276.0,15,168,0.054526,1.4222,True,False,body,150.0,136.0,-10.0
4659,423551,208.0,10,141,0.054518,1.3381,True,False,wall,100.0,118.0,-10.0
4660,423694,246.0,14,143,0.05451,1.2826,True,False,wall,140.0,116.0,-10.0
4661,423848,255.0,14,154,0.054501,1.3724,True,False,wall,140.0,125.0,-10.0
4662,423876,29.0,2,28,0.054499,1.3135,True,False,wall,20.0,19.0,-10.0
4663,424036,280.0,17,160,0.05449,1.3034,True,False,wall,170.0,120.0,-10.0
4664,424158,204.0,11,122,0.054484,1.3727,True,False,wall,110.0,104.0,-10.0
4665,424315,260.0,14,157,0.054475,1.3059,True,False,body,140.0,130.0,-10.0
4666,424520,279.0,15,205,0.054463,1.4913,True,False,body,150.0,139.0,-10.0
4667,424661,224.0,12,141,0.054455,1.4867,True,False,body,120.0,114.0,-10.0
4668,424903,364.0,19,242,0.054442,1.4603,True,False,body,190.0,184.0,-10.0
4669,425066,279.0,15,163,0.054433,1.3118,True,False,wall,150.0,139.0,-10.0
4670,425257,298.0,14,191,0.054422,1.3929,True,False,wall,140.0,168.0,-10.0
4671,425550,453.0,27,293,0.054406,1.3,True,False,body,270.0,193.0,-10.0
4672,425598,71.0,4,48,0.054404,1.3175,True,False,wall,40.0,41.0,-10.0
4673,425797,283.0,15,199,0.054393,1.3409,True,False,body,150.0,143.0,-10.0
4674,425889,174.0,11,92,0.054388,1.4766,True,False,body,110.0,74.0,-10.0
4675,426262,534.0,28,373,0.054367,1.3513,True,False,body,280.0,264.0,-10.0
4676,426461,309.0,15,199,0.054356,1.4201,True,False,body,150.0,169.0,-10.0
4677,426571,170.0,9,110,0.05435,1.3598,True,False,body,90.0,90.0,-10.0
4678,426794,373.0,21,223,0.054338,1.3036,True,False,wall,210.0,173.0,-10.0
4679,426929,206.0,10,135,0.054331,1.481,True,False,body,100.0,116.0,-10.0
4680,426994,131.0,9,65,0.054327,1.3584,True,False,body,90.0,51.0,-10.0
4681,427153,263.0,15,159,0.054319,1.2352,True,False,body,150.0,123.0,-10.0
4682,427540,555.0,25,387,0.054298,1.3491,True,False,body,250.0,315.0,-10.0
4683,427592,84.0,5,52,0.054295,1.5315,True,False,wall,50.0,44.0,-10.0
4684,427980,566.0,29,388,0.054274,1.4196,True,False,body,290.0,286.0,-10.0
4685,428203,348.0,18,223,0.054263,1.3646,True,False,wall,180.0,178.0,-10.0
4686,428227,32.0,3,24,0.054261,1.4253,True,False,body,30.0,12.0,-10.0
4687,428277,67.0,4,50,0.054259,1.3023,True,False,wall,40.0,37.0,-10.0
4688,428368,135.0,7,91,0.054254,1.4538,True,False,wall,70.0,75.0,-10.0
4689,428488,174.0,9,120,0.054247,1.278,True,False,wall,90.0,94.0,-10.0
4690,428675,311.0,17,187,0.054237,1.3152,True,False,body,170.0,151.0,-10.0
4691,429093,643.0,34,418,0.054215,1.3653,True,False,body,340.0,313.0,-10.0
4692,429188,166.0,10,95,0.05421,1.3647,True,False,body,100.0,76.0,-10.0
4693,429379,283.0,15,191,0.0542,1.3854,True,False,body,150.0,143.0,-10.0
4694,429490,177.0,9,111,0.054194,1.4972,True,False,body,90.0,97.0,-10.0
4695,429606,191.0,10,116,0.054188,1.4275,True,False,wall,100.0,101.0,-10.0
4696,429854,389.0,22,248,0.054175,1.3731,True,False,body,220.0,179.0,-10.0
4697,430079,298.0,14,225,0.054164,1.477,True,False,body,140.0,168.0,-10.0
4698,430297,322.0,17,218,0.054152,1.5416,True,False,body,170.0,162.0,-10.0
4699,430721,566.0,31,424,0.05413,1.4832,True,False,body,310.0,266.0,-10.0
4700,430794,114.0,6,73,0.054127,1.3747,True,False,body,60.0,64.0,-10.0
4701,430967,285.0,15,173,0.054118,1.4677,True,False,wall,150.0,145.0,-10.0
4702,431112,211.0,11,145,0.05411,1.4565,True,False,wall,110.0,111.0,-10.0
4703,431265,215.0,11,153,0.054102,1.4825,True,False,wall,110.0,115.0,-10.0
4704,431353,165.0,10,88,0.054098,1.516,True,False,wall,100.0,75.0,-10.0
4705,431436,123.0,7,83,0.054094,1.4163,True,False,wall,70.0,63.0,-10.0
4706,431445,7.0,1,9,0.054093,1.2623,True,False,wall,10.0,7.0,-10.0
4707,431598,241.0,13,153,0.054085,1.4507,True,False,body,130.0,121.0,-10.0
4708,431914,482.0,23,316,0.054069,1.4112,True,False,wall,230.0,262.0,-10.0
4709,431996,157.0,10,82,0.054065,1.3475,True,False,body,100.0,67.0,-10.0
4710,432083,135.0,7,87,0.054061,1.3851,True,False,body,70.0,75.0,-10.0
4711,432256,314.0,18,173,0.054052,1.3847,True,False,body,180.0,144.0,-10.0
4712,432278,47.0,4,22,0.054051,1.2704,True,False,wall,40.0,17.0,-10.0
4713,432351,141.0,9,73,0.054047,1.2872,True,False,wall,90.0,61.0,-10.0
4714,432420,117.0,7,69,0.054044,1.3474,True,False,body,70.0,57.0,-10.0
4715,432569,227.0,11,149,0.054036,1.3424,True,False,body,110.0,127.0,-10.0
4716,432626,76.0,4,57,0.054033,1.3247,True,False,wall,40.0,46.0,-10.0
4717,432686,93.0,6,60,0.05403,1.2532,True,False,wall,60.0,43.0,-10.0
4718,432855,268.0,14,169,0.054022,1.3877,True,False,body,140.0,138.0,-10.0
4719,433052,316.0,18,197,0.054012,1.4967,True,False,body,180.0,146.0,-10.0
4720,433349,480.0,24,297,0.053997,1.3687,True,False,body,240.0,250.0,-10.0
4721,433508,236.0,12,159,0.053989,1.3802,True,False,body,120.0,126.0,-10.0
4722,433745,412.0,22,237,0.053977,1.3418,True,False,body,220.0,202.0,-10.0
4723,433776,47.0,3,31,0.053976,1.4081,True,False,body,30.0,27.0,-10.0
4724,434143,563.0,29,367,0.053957,1.3969,True,False,body,290.0,283.0,-10.0
4725,434211,145.0,10,68,0.053954,1.4582,True,False,body,100.0,55.0,-10.0
4726,434431,314.0,17,220,0.053943,1.3155,True,False,body,170.0,154.0,-10.0
4727,434559,210.0,11,128,0.053937,1.3485,True,False,wall,110.0,110.0,-10.0
4728,434651,134.0,7,92,0.053932,1.3837,True,False,wall,70.0,74.0,-10.0
4729,434835,289.0,16,184,0.053923,1.2278,True,False,wall,160.0,139.0,-10.0
4730,435031,333.0,18,196,0.053914,1.2962,True,False,wall,180.0,163.0,-10.0
4731,435255,352.0,19,224,0.053903,1.4099,True,False,body,190.0,172.0,-10.0
4732,435513,392.0,21,258,0.05389,1.4312,True,False,body,210.0,192.0,-10.0
4733,435604,151.0,9,91,0.053886,1.4242,True,False,body,90.0,71.0,-10.0
4734,435682,117.0,6,78,0.053882,1.347,True,False,wall,60.0,67.0,-10.0
4735,435753,115.0,7,71,0.053879,1.613,True,False,body,70.0,55.0,-10.0
4736,435990,376.0,20,237,0.053867,1.5263,True,False,body,200.0,186.0,-10.0
4737,436196,309.0,16,206,0.053857,1.5053,True,False,body,160.0,159.0,-10.0
4738,436432,370.0,21,236,0.053846,1.5111,True,False,body,210.0,170.0,-10.0
4739,436461,41.0,3,29,0.053844,1.5256,True,False,body,30.0,21.0,-10.0
4740,436775,429.0,22,314,0.053829,1.4932,True,False,body,220.0,219.0,-10.0
4741,436996,276.0,16,221,0.053819,1.5162,True,False,body,160.0,126.0,-10.0
4742,437181,295.0,15,185,0.05381,1.4529,True,False,wall,150.0,155.0,-10.0
4743,437238,78.0,4,57,0.053807,1.2919,True,False,body,40.0,48.0,-10.0
4744,437278,56.0,3,40,0.053805,1.3898,True,False,body,30.0,36.0,-10.0
4745,437451,271.0,15,173,0.053797,1.4584,True,False,body,150.0,131.0,-10.0
4746,437874,650.0,34,423,0.053777,1.3914,True,False,body,340.0,320.0,-10.0
4747,438073,334.0,18,199,0.053768,1.3748,True,False,body,180.0,164.0,-10.0
4748,438158,132.0,8,85,0.053764,1.3056,True,False,body,80.0,62.0,-10.0
4749,438279,235.0,15,121,0.053758,1.5017,True,False,body,150.0,95.0,-10.0
4750,438294,22.0,2,15,0.053757,1.314,True,False,wall,20.0,12.0,-10.0
4751,438335,55.0,3,41,0.053755,1.3522,True,False,body,30.0,35.0,-10.0
4752,438396,89.0,5,61,0.053753,1.3807,True,False,body,50.0,49.0,-10.0
4753,438577,280.0,14,181,0.053744,1.3905,True,False,body,140.0,150.0,-10.0
4754,438639,110.0,7,62,0.053741,1.3494,True,False,body,70.0,50.0,-10.0
4755,438694,87.0,5,55,0.053739,1.3505,True,False,body,50.0,47.0,-10.0
4756,438871,303.0,17,177,0.05373,1.3816,True,False,body,170.0,143.0,-10.0
4757,439132,407.0,23,261,0.053718,1.2919,True,False,wall,230.0,187.0,-10.0
4758,439165,31.0,1,33,0.053717,1.2999,True,False,wall,10.0,31.0,-10.0
4759,439342,276.0,14,177,0.053708,1.3738,True,False,body,140.0,146.0,-10.0
4760,439443,154.0,8,101,0.053704,1.3275,True,False,wall,80.0,84.0,-10.0
4761,439687,397.0,20,244,0.053693,1.3654,True,False,body,200.0,207.0,-10.0
4762,439970,423.0,21,283,0.053679,1.3798,True,False,wall,210.0,223.0,-10.0
4763,440182,334.0,19,212,0.05367,1.4338,True,False,body,190.0,154.0,-10.0
4764,440372,338.0,19,190,0.053661,1.4279,True,False,wall,190.0,158.0,-10.0
4765,440772,630.0,33,400,0.053643,1.3993,True,False,body,330.0,310.0,-10.0
4766,441111,572.0,30,339,0.053627,1.3906,True,False,wall,300.0,282.0,-10.0
4767,441323,340.0,17,212,0.053618,1.3594,True,False,wall,170.0,180.0,-10.0
4768,441453,233.0,14,130,0.053612,1.3742,True,False,body,140.0,103.0,-10.0
4769,441691,315.0,18,238,0.053601,1.3502,True,False,body,180.0,145.0,-10.0
4770,441852,268.0,14,161,0.053594,1.2939,True,False,wall,140.0,138.0,-10.0
4771,442165,442.0,22,313,0.05358,1.4083,True,False,body,220.0,232.0,-10.0
4772,442201,79.0,6,36,0.053578,1.4942,True,False,body,60.0,29.0,-10.0
4773,442239,54.0,3,38,0.053577,1.5283,True,False,wall,30.0,34.0,-10.0
4774,442384,231.0,13,145,0.05357,1.451,True,False,body,130.0,111.0,-10.0
4775,442543,253.0,13,159,0.053563,1.3859,True,False,body,130.0,133.0,-10.0
4776,442898,475.0,23,355,0.053547,1.3894,True,False,body,230.0,255.0,-10.0
4777,443231,524.0,26,333,0.053533,1.4237,True,False,body,260.0,274.0,-10.0
4778,443335,156.0,9,104,0.053528,1.5059,True,False,wall,90.0,76.0,-10.0
4779,443558,365.0,19,223,0.053518,1.6129,True,False,body,190.0,185.0,-10.0
4780,443701,232.0,12,143,0.053512,1.4711,True,False,body,120.0,122.0,-10.0
4781,443967,421.0,26,266,0.0535,1.3845,True,False,body,260.0,171.0,-10.0
4782,444133,241.0,12,166,0.053493,1.4148,True,False,body,120.0,131.0,-10.0
4783,444379,417.0,22,246,0.053482,1.3999,True,False,body,220.0,207.0,-10.0
4784,444625,370.0,17,246,0.053471,1.4984,True,False,body,170.0,210.0,-10.0
4785,444732,198.0,12,107,0.053467,1.4213,True,False,body,120.0,88.0,-10.0
4786,444834,184.0,11,102,0.053462,1.3971,True,False,body,110.0,84.0,-10.0
4787,445030,305.0,16,196,0.053454,1.3682,True,False,body,160.0,155.0,-10.0
4788,445124,162.0,9,94,0.05345,1.394,True,False,wall,90.0,82.0,-10.0
4789,445365,390.0,20,241,0.05344,1.4205,True,False,wall,200.0,200.0,-10.0
4790,445523,262.0,15,158,0.053433,1.4658,True,False,body,150.0,122.0,-10.0
4791,445765,355.0,18,242,0.053422,1.4294,True,False,body,180.0,185.0,-10.0
4792,446087,545.0,28,322,0.053409,1.3876,True,False,body,280.0,275.0,-10.0
4793,446172,118.0,6,85,0.053405,1.4022,True,False,wall,60.0,68.0,-10.0
4794,446283,203.0,13,111,0.0534,1.4769,True,False,wall,130.0,83.0,-10.0
4795,446448,252.0,14,165,0.053393,1.4009,True,False,body,140.0,122.0,-10.0
4796,446748,444.0,23,300,0.053381,1.3944,True,False,body,230.0,224.0,-10.0
4797,447055,441.0,23,307,0.053368,1.4604,True,False,body,230.0,221.0,-10.0
4798,447069,12.0,1,14,0.053367,1.2811,True,False,wall,10.0,12.0,-10.0
4799,447202,219.0,13,133,0.053361,1.4528,True,False,body,130.0,99.0,-10.0
4800,447422,372.0,21,220,0.053352,1.4861,True,False,body,210.0,172.0,-10.0
4801,447676,409.0,22,254,0.053342,1.3725,True,False,body,220.0,199.0,-10.0
4802,447904,357.0,20,228,0.053332,1.5094,True,False,body,200.0,167.0,-10.0
4803,447994,98.0,5,90,0.053328,1.5292,True,False,body,50.0,58.0,-10.0
4804,448311,520.0,28,317,0.053315,1.6218,True,False,body,280.0,250.0,-10.0
4805,448425,187.0,10,114,0.05331,1.6381,True,False,wall,100.0,97.0,-10.0
4806,448529,182.0,11,104,0.053306,1.4046,True,False,body,110.0,82.0,-10.0
4807,448586,76.0,4,57,0.053304,1.4746,True,False,body,40.0,46.0,-10.0
4808,448893,472.0,26,307,0.053291,1.498,True,False,body,260.0,222.0,-10.0
4809,448936,68.0,4,43,0.053289,1.4468,True,False,wall,40.0,38.0,-10.0
4810,449148,352.0,19,212,0.053281,1.5092,True,False,wall,190.0,172.0,-10.0
4811,449267,190.0,10,119,0.053276,1.4312,True,False,wall,100.0,100.0,-10.0
4812,449284,13.0,1,17,0.053275,1.3404,True,False,wall,10.0,13.0,-10.0
4813,449513,380.0,20,229,0.053266,1.5083,True,False,body,200.0,190.0,-10.0
4814,449811,481.0,26,298,0.053254,1.5255,True,False,body,260.0,231.0,-10.0
4815,449930,171.0,9,119,0.053249,1.6606,True,False,wall,90.0,91.0,-10.0
4816,450024,163.0,10,94,0.053245,1.5133,True,False,body,100.0,73.0,-10.0
4817,450319,492.0,28,295,0.053233,1.5867,True,False,body,280.0,222.0,-10.0
4818,450510,267.0,15,191,0.053225,1.4164,True,False,wall,150.0,127.0,-10.0
4819,450618,146.0,9,108,0.053221,1.5175,True,False,body,90.0,66.0,-10.0
4820,450672,93.0,6,54,0.053219,1.4316,True,False,wall,60.0,43.0,-10.0
4821,450707,58.0,4,35,0.053217,1.5335,True,False,wall,40.0,28.0,-10.0
4822,450759,80.0,5,52,0.053215,1.3782,True,False,wall,50.0,40.0,-10.0
4823,450943,314.0,17,184,0.053208,1.4835,True,False,body,170.0,154.0,-10.0
4824,451229,491.0,28,286,0.053196,1.3902,True,False,body,280.0,221.0,-10.0
4825,451388,257.0,13,159,0.05319,1.4153,True,False,wall,130.0,137.0,-10.0
4826,451626,352.0,19,238,0.053181,1.4519,True,False,wall,190.0,172.0,-10.0
4827,451663,58.0,4,37,0.053179,1.5259,True,False,body,40.0,28.0,-10.0
4828,451956,430.0,22,293,0.053168,1.4873,True,False,body,220.0,220.0,-10.0
4829,452163,350.0,18,207,0.053159,1.6667,True,False,wall,180.0,180.0,-10.0
4830,452384,336.0,18,221,0.053151,1.5594,True,False,wall,180.0,166.0,-10.0
4831,452477,167.0,11,93,0.053147,1.5901,True,False,wall,110.0,67.0,-10.0
4832,452711,393.0,22,234,0.053138,1.4673,True,False,body,220.0,183.0,-10.0
4833,452801,119.0,6,90,0.053134,1.5486,True,False,wall,60.0,69.0,-10.0
4834,453074,421.0,21,273,0.053124,1.4755,True,False,wall,210.0,221.0,-10.0
4835,453284,297.0,18,210,0.053115,1.5267,True,False,body,180.0,127.0,-10.0
4836,453556,400.0,19,272,0.053105,1.4065,True,False,wall,190.0,220.0,-10.0
4837,453759,361.0,21,203,0.053097,1.4344,True,False,wall,210.0,161.0,-10.0
4838,453868,191.0,11,109,0.053093,1.4681,True,False,body,110.0,91.0,-10.0
4839,453972,186.0,11,104,0.053089,1.4533,True,False,body,110.0,86.0,-10.0
4840,454317,470.0,26,345,0.053075,1.4188,True,False,body,260.0,220.0,-10.0
4841,454418,154.0,8,101,0.053072,1.5657,True,False,body,80.0,84.0,-10.0
4842,454530,203.0,12,112,0.053067,1.4824,True,False,wall,120.0,93.0,-10.0
4843,454709,237.0,13,179,0.05306,1.5922,True,False,wall,130.0,117.0,-10.0
4844,454769,92.0,5,60,0.053058,1.4733,True,False,wall,50.0,52.0,-10.0
4845,454951,299.0,16,182,0.053051,1.4882,True,False,wall,160.0,149.0,-10.0
4846,454996,57.0,3,45,0.053049,1.4937,True,False,body,30.0,37.0,-10.0
4847,455322,534.0,29,326,0.053037,1.3818,True,False,body,290.0,254.0,-10.0
4848,455372,82.0,5,50,0.053035,1.416,True,False,body,50.0,42.0,-10.0
4849,455609,397.0,21,237,0.053026,1.4429,True,False,body,210.0,197.0,-10.0
4850,455618,7.0,1,9,0.053026,1.7091,True,False,wall,10.0,7.0,-10.0
4851,456077,688.0,34,459,0.053008,1.5043,True,False,body,340.0,358.0,-10.0
4852,456322,369.0,21,245,0.052999,1.4139,True,False,body,210.0,169.0,-10.0
4853,456576,436.0,25,254,0.05299,1.4674,True,False,body,250.0,196.0,-10.0
4854,456877,461.0,23,301,0.052979,1.4541,True,False,body,230.0,241.0,-10.0
4855,457321,646.0,29,444,0.052962,1.5245,True,False,body,290.0,366.0,-10.0
4856,457516,311.0,19,195,0.052955,1.4798,True,False,body,190.0,131.0,-10.0
4857,457677,259.0,13,161,0.052949,1.422,True,False,body,130.0,139.0,-10.0
4858,457825,245.0,14,148,0.052943,1.4092,True,False,body,140.0,115.0,-10.0
4859,457837,10.0,1,12,0.052943,1.3461,True,False,wall,10.0,10.0,-10.0
4860,457950,175.0,9,113,0.052939,1.4305,True,False,body,90.0,95.0,-10.0
4861,458031,127.0,7,81,0.052936,1.3973,True,False,body,70.0,67.0,-10.0
4862,458170,241.0,13,139,0.052931,1.495,True,False,wall,130.0,121.0,-10.0
4863,458295,223.0,13,125,0.052926,1.3959,True,False,body,130.0,103.0,-10.0
4864,458579,352.0,17,284,0.052916,1.4954,True,False,body,170.0,192.0,-10.0
4865,458802,349.0,19,223,0.052908,1.5326,True,False,body,190.0,169.0,-10.0
4866,458893,139.0,7,91,0.052904,1.5993,True,False,body,70.0,79.0,-10.0
4867,459083,311.0,18,190,0.052898,1.5099,True,False,body,180.0,141.0,-10.0
4868,459111,18.0,1,28,0.052897,1.2719,True,False,wall,10.0,18.0,-10.0
4869,459267,266.0,15,156,0.052891,1.3789,True,False,wall,150.0,126.0,-10.0
4870,459382,189.0,11,115,0.052887,1.4293,True,False,wall,110.0,89.0,-10.0
4871,459570,271.0,14,188,0.05288,1.3848,True,False,wall,140.0,141.0,-10.0
4872,459619,81.0,5,49,0.052878,1.5122,True,False,body,50.0,41.0,-10.0
4873,459691,101.0,6,72,0.052876,1.6128,True,False,body,60.0,51.0,-10.0
4874,460123,645.0,34,432,0.05286,1.5814,True,False,body,340.0,315.0,-10.0
4875,460358,405.0,25,235,0.052852,1.5341,True,False,body,250.0,165.0,-10.0
4876,460482,202.0,11,124,0.052847,1.5676,True,False,body,110.0,102.0,-10.0
4877,460678,315.0,18,196,0.05284,1.6383,True,False,body,180.0,145.0,-10.0
4878,460934,445.0,24,256,0.052831,1.5349,True,False,body,240.0,215.0,-10.0
4879,461153,289.0,17,219,0.052824,1.6976,True,False,wall,170.0,129.0,-10.0
4880,461300,241.0,13,147,0.052818,1.7424,True,False,wall,130.0,121.0,-10.0
4881,461398,139.0,6,98,0.052815,1.8984,True,False,wall,60.0,89.0,-10.0
4882,461437,51.0,3,39,0.052814,1.4646,True,False,body,30.0,31.0,-10.0
4883,461505,123.0,8,68,0.052811,1.7246,True,False,wall,80.0,53.0,-10.0
4884,461691,277.0,14,186,0.052805,1.4748,True,False,body,140.0,147.0,-10.0
4885,461815,212.0,13,124,0.0528,1.5282,True,False,body,130.0,92.0,-10.0
4886,462059,430.0,23,244,0.052792,1.6105,True,False,body,230.0,210.0,-10.0
4887,462078,26.0,2,19,0.052791,1.2801,True,False,wall,20.0,16.0,-10.0
4888,462135,76.0,4,57,0.052789,1.3779,True,False,wall,40.0,46.0,-10.0
4889,462225,154.0,9,90,0.052786,1.5734,True,False,wall,90.0,74.0,-10.0
4890,462314,158.0,10,89,0.052783,1.4791,True,False,wall,100.0,68.0,-10.0
4891,462655,438.0,22,341,0.052771,1.4844,True,False,body,220.0,228.0,-10.0
4892,462818,285.0,17,163,0.052765,1.5291,True,False,wall,170.0,125.0,-10.0
4893,463020,356.0,19,202,0.052758,1.5884,True,False,body,190.0,176.0,-10.0
4894,463298,440.0,21,278,0.052749,1.405,True,False,body,210.0,240.0,-10.0
4895,463481,250.0,16,183,0.052743,1.6475,True,False,body,160.0,100.0,-10.0
4896,463709,356.0,17,228,0.052735,1.5476,True,False,body,170.0,196.0,-10.0
4897,463833,167.0,8,124,0.05273,1.5568,True,False,wall,80.0,97.0,-10.0
4898,463988,251.0,13,155,0.052725,1.5335,True,False,body,130.0,131.0,-10.0
4899,464156,250.0,11,168,0.052719,1.5922,True,False,body,110.0,150.0,-10.0
4900,464212,84.0,5,56,0.052718,1.5277,True,False,wall,50.0,44.0,-10.0
4901,464397,334.0,20,185,0.052711,1.5277,True,False,body,200.0,144.0,-10.0
4902,464600,290.0,14,203,0.052704,1.5192,True,False,body,140.0,160.0,-10.0
4903,464655,85.0,5,55,0.052703,1.56,True,False,body,50.0,45.0,-10.0
4904,464830,289.0,17,175,0.052697,1.7281,True,False,body,170.0,129.0,-10.0
4905,465090,385.0,20,260,0.052688,1.6003,True,False,body,200.0,195.0,-10.0
4906,465330,335.0,18,240,0.05268,1.6054,True,False,wall,180.0,165.0,-10.0
4907,465398,83.0,4,68,0.052678,1.8998,True,False,body,40.0,53.0,-10.0
4908,465509,173.0,9,111,0.052674,1.7449,True,False,body,90.0,93.0,-10.0
4909,465838,502.0,26,329,0.052663,1.567,True,False,body,260.0,252.0,-10.0
4910,465961,219.0,13,123,0.052659,1.5866,True,False,wall,130.0,99.0,-10.0
4911,466084,181.0,9,123,0.052655,1.5029,True,False,body,90.0,101.0,-10.0
4912,466455,502.0,28,371,0.052642,1.455,True,False,body,280.0,232.0,-10.0
4913,466590,237.0,13,135,0.052638,1.4293,True,False,wall,130.0,117.0,-10.0
4914,466678,95.0,4,88,0.052635,1.3892,True,False,wall,40.0,65.0,-10.0
4915,466863,223.0,11,185,0.052629,1.4152,True,False,wall,110.0,123.0,-10.0
4916,467116,395.0,21,253,0.052621,1.6042,True,False,body,210.0,195.0,-10.0
4917,467275,276.0,16,159,0.052616,1.4759,True,False,body,160.0,126.0,-10.0
4918,467341,114.0,7,66,0.052613,1.7461,True,False,body,70.0,54.0,-10.0
4919,467798,605.0,31,457,0.052598,1.6222,True,False,body,310.0,305.0,-10.0
4920,467825,43.0,3,27,0.052598,1.3931,True,False,body,30.0,23.0,-10.0
4921,467941,169.0,8,116,0.052594,1.5611,True,False,wall,80.0,99.0,-10.0
4922,468207,463.0,24,266,0.052585,1.5766,True,False,body,240.0,233.0,-10.0
4923,468486,475.0,27,279,0.052576,1.5524,True,False,wall,270.0,215.0,-10.0
4924,468637,216.0,12,151,0.052571,1.4983,True,False,wall,120.0,106.0,-10.0
4925,468798,263.0,15,161,0.052566,1.405,True,False,body,150.0,123.0,-10.0
4926,468923,185.0,9,125,0.052562,1.5417,True,False,body,90.0,105.0,-10.0
4927,469265,549.0,28,342,0.052551,1.6178,True,False,body,280.0,279.0,-10.0
4928,469349,126.0,7,84,0.052549,1.6534,True,False,body,70.0,66.0,-10.0
4929,469394,66.0,4,45,0.052547,1.5556,True,False,wall,40.0,36.0,-10.0
4930,469440,60.0,3,46,0.052546,1.6592,True,False,wall,30.0,40.0,-10.0
4931,469682,330.0,15,242,0.052538,1.5503,True,False,body,150.0,190.0,-10.0
4932,469918,346.0,19,236,0.052531,1.6097,True,False,body,190.0,166.0,-10.0
4933,470224,492.0,27,306,0.052521,1.39,True,False,body,270.0,232.0,-10.0
4934,470301,114.0,6,77,0.052518,1.5974,True,False,wall,60.0,64.0,-10.0
4935,470458,233.0,13,157,0.052513,1.52,True,False,body,130.0,113.0,-10.0
4936,470517,89.0,5,59,0.052512,1.6211,True,False,wall,50.0,49.0,-10.0
4937,470669,237.0,12,152,0.052507,1.4242,True,False,wall,120.0,127.0,-10.0
4938,470837,269.0,14,168,0.052502,1.4806,True,False,body,140.0,139.0,-10.0
4939,471085,377.0,20,248,0.052494,1.4946,True,False,body,200.0,187.0,-10.0
4940,471165,155.0,10,80,0.052491,1.5509,True,False,wall,100.0,65.0,-10.0
4941,471196,61.0,5,31,0.05249,1.4221,True,False,body,50.0,21.0,-10.0
4942,471405,352.0,18,209,0.052484,1.4222,True,False,body,180.0,182.0,-10.0
4943,471667,430.0,23,262,0.052476,1.5562,True,False,body,230.0,210.0,-10.0
4944,471791,182.0,9,124,0.052472,1.5829,True,False,body,90.0,102.0,-10.0
4945,471878,122.0,6,87,0.052469,1.5368,True,False,body,60.0,72.0,-10.0
4946,472030,209.0,10,152,0.052465,1.7171,True,False,body,100.0,119.0,-10.0
4947,472096,114.0,7,66,0.052463,1.7275,True,False,wall,70.0,54.0,-10.0
4948,472334,395.0,22,238,0.052455,1.5652,True,False,body,220.0,185.0,-10.0
4949,472478,210.0,11,144,0.052451,1.4714,True,False,body,110.0,110.0,-10.0
4950,472700,324.0,17,222,0.052444,1.5015,True,False,body,170.0,164.0,-10.0
4951,472942,438.0,25,242,0.052437,1.4433,True,False,body,250.0,198.0,-10.0
4952,473108,281.0,16,166,0.052432,1.482,True,False,body,160.0,131.0,-10.0
4953,473196,136.0,7,88,0.052429,1.4035,True,False,wall,70.0,76.0,-10.0
4954,473309,195.0,11,113,0.052425,1.5213,True,False,wall,110.0,95.0,-10.0
4955,473380,110.0,6,71,0.052423,1.3387,True,False,wall,60.0,60.0,-10.0
4956,473498,208.0,13,118,0.05242,1.4271,True,False,body,130.0,88.0,-10.0
4957,473581,122.0,6,83,0.052417,1.4631,True,False,wall,60.0,72.0,-10.0
4958,473841,433.0,22,260,0.052409,1.4131,True,False,body,220.0,223.0,-10.0
4959,473927,119.0,6,86,0.052407,1.4905,True,False,wall,60.0,69.0,-10.0
4960,474179,444.0,25,252,0.052399,1.3798,True,False,body,250.0,204.0,-10.0
4961,474267,148.0,9,88,0.052397,1.3566,True,False,body,90.0,68.0,-10.0
4962,474527,401.0,20,260,0.052389,1.4969,True,False,body,200.0,211.0,-10.0
4963,474552,33.0,3,25,0.052388,1.4635,True,False,body,30.0,13.0,-10.0
4964,474820,435.0,22,268,0.05238,1.4299,True,False,body,220.0,225.0,-10.0
4965,474884,96.0,5,64,0.052378,1.4815,True,False,body,50.0,56.0,-10.0
4966,475098,388.0,23,214,0.052372,1.4184,True,False,body,230.0,168.0,-10.0
4967,475291,348.0,20,193,0.052366,1.4551,True,False,body,200.0,158.0,-10.0
4968,475547,407.0,20,256,0.052359,1.4737,True,False,body,200.0,217.0,-10.0
4969,475843,494.0,27,296,0.05235,1.4292,True,False,body,270.0,234.0,-10.0
4970,476128,439.0,21,285,0.052342,1.4817,True,False,body,210.0,239.0,-10.0
4971,476260,217.0,12,132,0.052338,1.4121,True,False,body,120.0,107.0,-10.0
4972,476401,249.0,15,141,0.052334,1.4846,True,False,body,150.0,109.0,-10.0
4973,476695,437.0,24,294,0.052325,1.4393,True,False,body,240.0,207.0,-10.0
4974,476857,282.0,17,162,0.05232,1.3575,True,False,body,170.0,122.0,-10.0
4975,476952,157.0,9,95,0.052318,1.4318,True,False,wall,90.0,77.0,-10.0
4976,476998,81.0,6,46,0.052316,1.4507,True,False,body,60.0,31.0,-10.0
4977,477327,507.0,27,329,0.052307,1.6273,True,False,body,270.0,247.0,-10.0
4978,477482,236.0,12,155,0.052302,1.5867,True,False,body,120.0,126.0,-10.0
4979,477597,175.0,9,115,0.052299,1.7403,True,False,wall,90.0,95.0,-10.0
4980,477610,11.0,1,13,0.052299,1.3782,True,False,wall,10.0,11.0,-10.0
4981,477653,59.0,3,43,0.052297,1.5576,True,False,wall,30.0,39.0,-10.0
4982,477826,301.0,17,173,0.052292,1.4435,True,False,body,170.0,141.0,-10.0
4983,478078,374.0,19,252,0.052285,1.425,True,False,wall,190.0,194.0,-10.0
4984,478259,302.0,16,181,0.05228,1.5343,True,False,body,160.0,152.0,-10.0
4985,478552,480.0,26,293,0.052272,1.4482,True,False,body,260.0,230.0,-10.0
4986,478852,458.0,25,300,0.052263,1.4221,True,False,body,250.0,218.0,-10.0
4987,478910,86.0,5,58,0.052261,1.3622,True,False,wall,50.0,46.0,-10.0
4988,479043,239.0,15,133,0.052258,1.3502,True,False,body,150.0,99.0,-10.0
4989,479124,115.0,5,81,0.052255,1.4076,True,False,body,50.0,75.0,-10.0
4990,479292,288.0,17,168,0.052251,1.4494,True,False,body,170.0,128.0,-10.0
4991,479634,520.0,29,342,0.052241,1.3703,True,False,body,290.0,240.0,-10.0
4992,479673,49.0,3,39,0.05224,1.9964,True,False,body,30.0,29.0,-10.0
4993,479818,265.0,15,145,0.052236,1.4613,True,False,wall,150.0,125.0,-10.0
4994,479856,50.0,3,38,0.052235,1.7435,True,False,wall,30.0,30.0,-10.0
4995,480120,419.0,24,264,0.052228,1.6302,True,False,wall,240.0,189.0,-10.0
4996,480545,620.0,30,425,0.052216,1.4818,True,False,wall,300.0,330.0,-10.0
4997,480658,202.0,12,113,0.052213,1.4398,True,False,wall,120.0,92.0,-10.0
4998,480699,73.0,5,41,0.052211,1.3743,True,False,body,50.0,33.0,-10.0
4999,480749,73.0,4,50,0.05221,1.4174,True,False,wall,40.0,43.0,-10.0
5000,480955,314.0,17,206,0.052204,1.4139,True,False,body,170.0,154.0,-10.0
5001,481183,392.0,21,228,0.052198,1.4316,True,False,body,210.0,192.0,-10.0
5002,481375,324.0,17,192,0.052193,1.3994,True,False,body,170.0,164.0,-10.0
5003,481734,540.0,26,359,0.052183,1.4151,True,False,body,260.0,290.0,-10.0
5004,481822,148.0,9,88,0.052181,1.4793,True,False,body,90.0,68.0,-10.0
5005,482022,383.0,22,200,0.052175,1.3629,True,False,body,220.0,173.0,-10.0
5006,482375,488.0,26,353,0.052166,1.4484,True,False,body,260.0,238.0,-10.0
5007,482611,383.0,20,236,0.052159,1.4573,True,False,body,200.0,193.0,-10.0
5008,482865,435.0,26,254,0.052152,1.3859,True,False,body,260.0,185.0,-10.0
5009,483054,270.0,14,189,0.052147,1.3787,True,False,wall,140.0,140.0,-10.0
5010,483384,489.0,26,330,0.052138,1.4398,True,False,body,260.0,239.0,-10.0
5011,483510,175.0,8,126,0.052135,1.5764,True,False,wall,80.0,105.0,-10.0
5012,483599,137.0,7,89,0.052133,1.5639,True,False,body,70.0,77.0,-10.0
5013,483839,395.0,20,240,0.052126,1.4511,True,False,wall,200.0,205.0,-10.0
5014,483922,131.0,7,83,0.052124,1.4294,True,False,wall,70.0,71.0,-10.0
5015,484121,288.0,16,199,0.052119,1.4057,True,False,wall,160.0,138.0,-10.0
5016,484186,129.0,9,65,0.052117,1.4556,True,False,body,90.0,49.0,-10.0
5017,484356,283.0,16,170,0.052113,1.4607,True,False,wall,160.0,133.0,-10.0
5018,484484,209.0,12,128,0.052109,1.3953,True,False,wall,120.0,99.0,-10.0
5019,484880,587.0,32,396,0.052099,1.5404,True,False,body,320.0,277.0,-10.0
5020,484920,72.0,5,40,0.052098,1.5007,True,False,body,50.0,32.0,-10.0
5021,485060,218.0,11,140,0.052094,1.3617,True,False,wall,110.0,118.0,-10.0
5022,485283,350.0,20,223,0.052088,1.4149,True,False,body,200.0,160.0,-10.0
5023,485401,187.0,10,118,0.052085,1.4631,True,False,wall,100.0,97.0,-10.0
5024,485557,259.0,16,156,0.052081,1.3577,True,False,wall,160.0,109.0,-10.0
5025,485585,35.0,2,28,0.05208,1.3506,True,False,wall,20.0,25.0,-10.0
5026,485793,307.0,18,208,0.052075,1.429,True,False,wall,180.0,137.0,-10.0
5027,485864,97.0,5,71,0.052073,1.3466,True,False,body,50.0,57.0,-10.0
5028,485883,17.0,1,19,0.052073,1.359,True,False,wall,10.0,17.0,-10.0
5029,486201,564.0,31,318,0.052064,1.458,True,False,wall,310.0,264.0,-10.0
5030,486417,344.0,17,216,0.052059,1.366,True,False,body,170.0,184.0,-10.0
5031,486511,158.0,9,94,0.052057,1.3911,True,False,body,90.0,78.0,-10.0
5032,486645,200.0,11,134,0.052053,1.4872,True,False,body,110.0,100.0,-10.0
5033,486898,374.0,18,253,0.052047,1.4639,True,False,wall,180.0,204.0,-10.0
5034,487061,239.0,13,163,0.052042,1.4178,True,False,body,130.0,119.0,-10.0
5035,487394,516.0,28,333,0.052034,1.4271,True,False,body,280.0,246.0,-10.0
5036,487649,398.0,20,255,0.052027,1.4257,True,False,body,200.0,208.0,-10.0
5037,487764,185.0,9,115,0.052025,1.4165,True,False,wall,90.0,105.0,-10.0
5038,487911,236.0,12,147,0.052021,1.4739,True,False,body,120.0,126.0,-10.0
5039,488083,239.0,12,172,0.052016,1.3905,True,False,body,120.0,129.0,-10.0
5040,488197,171.0,8,114,0.052014,1.5701,True,False,body,80.0,101.0,-10.0
5041,488494,422.0,22,297,0.052006,1.5872,True,False,body,220.0,212.0,-10.0
5042,488725,429.0,25,231,0.052,1.5559,True,False,body,250.0,189.0,-10.0
5043,488765,54.0,3,40,0.051999,1.4784,True,False,wall,30.0,34.0,-10.0
5044,489107,532.0,25,342,0.051991,1.67,True,False,wall,250.0,292.0,-10.0
5045,489306,314.0,18,199,0.051986,1.5676,True,False,wall,180.0,144.0,-10.0
5046,489642,512.0,27,336,0.051978,1.532,True,False,body,270.0,252.0,-10.0
5047,489688,62.0,3,46,0.051976,1.4425,True,False,body,30.0,42.0,-10.0
5048,489849,254.0,14,161,0.051972,1.4769,True,False,body,140.0,124.0,-10.0
5049,490033,268.0,13,184,0.051968,1.4565,True,False,wall,130.0,148.0,-10.0
5050,490460,613.0,31,427,0.051957,1.4189,True,False,body,310.0,313.0,-10.0
5051,490724,431.0,22,264,0.051951,1.4169,True,False,body,220.0,221.0,-10.0
5052,490784,97.0,6,60,0.05195,1.3157,True,False,body,60.0,47.0,-10.0
5053,490906,183.0,10,122,0.051947,1.391,True,False,body,100.0,93.0,-10.0
5054,490950,65.0,4,44,0.051946,1.3516,True,False,wall,40.0,35.0,-10.0
5055,491025,100.0,6,75,0.051944,1.4675,True,False,wall,60.0,50.0,-10.0
5056,491052,41.0,3,27,0.051943,1.3972,True,False,body,30.0,21.0,-10.0
5057,491096,81.0,6,44,0.051942,1.3477,True,False,body,60.0,31.0,-10.0
5058,491172,129.0,8,76,0.05194,1.3039,True,False,body,80.0,59.0,-10.0
5059,491311,213.0,11,139,0.051937,1.416,True,False,body,110.0,113.0,-10.0
5060,491510,345.0,19,199,0.051932,1.4201,True,False,body,190.0,165.0,-10.0
5061,491721,329.0,17,211,0.051927,1.4638,True,False,body,170.0,169.0,-10.0
5062,491929,342.0,17,208,0.051922,1.4267,True,False,wall,170.0,182.0,-10.0
5063,492068,238.0,14,139,0.051919,1.4252,True,False,wall,140.0,108.0,-10.0
5064,492132,101.0,6,64,0.051917,1.5546,True,False,body,60.0,51.0,-10.0
5065,492267,255.0,15,135,0.051914,1.3178,True,False,body,150.0,115.0,-10.0
5066,492328,120.0,8,61,0.051912,1.5842,True,False,body,80.0,50.0,-10.0
5067,492391,85.0,5,63,0.051911,1.3694,True,False,body,50.0,45.0,-10.0
5068,492644,387.0,23,253,0.051905,1.4883,True,False,body,230.0,167.0,-10.0
5069,492684,72.0,5,40,0.051904,1.4178,True,False,body,50.0,32.0,-10.0
5070,492845,313.0,19,161,0.0519,1.5823,True,False,wall,190.0,133.0,-10.0
5071,492999,255.0,14,154,0.051896,1.4461,True,False,body,140.0,125.0,-10.0
5072,493241,409.0,22,242,0.051891,1.4743,True,False,body,220.0,199.0,-10.0
5073,493331,138.0,7,90,0.051888,1.3806,True,False,body,70.0,78.0,-10.0
5074,493559,334.0,21,228,0.051883,1.4732,True,False,body,210.0,134.0,-10.0
5075,493782,298.0,16,223,0.051878,1.4669,True,False,body,160.0,148.0,-10.0
5076,493977,312.0,16,195,0.051873,1.4888,True,False,wall,160.0,162.0,-10.0
5077,494018,66.0,4,41,0.051872,1.5803,True,False,wall,40.0,36.0,-10.0
5078,494210,341.0,18,192,0.051868,1.3836,True,False,body,180.0,171.0,-10.0
5079,494265,78.0,4,55,0.051867,1.4298,True,False,wall,40.0,48.0,-10.0
5080,494648,544.0,30,383,0.051858,1.4491,True,False,body,300.0,254.0,-10.0
5081,494765,187.0,11,117,0.051855,1.3744,True,False,wall,110.0,87.0,-10.0
5082,494877,191.0,10,112,0.051852,1.4354,True,False,wall,100.0,101.0,-10.0
5083,494925,82.0,5,48,0.051851,1.3724,True,False,body,50.0,42.0,-10.0
5084,495294,536.0,30,369,0.051843,1.4044,True,False,body,300.0,246.0,-10.0
5085,495355,73.0,3,61,0.051841,1.3383,True,False,wall,30.0,53.0,-10.0
5086,495484,190.0,10,129,0.051838,1.447,True,False,body,100.0,100.0,-10.0
5087,495555,117.0,7,71,0.051837,1.3096,True,False,wall,70.0,57.0,-10.0
5088,495845,453.0,22,290,0.05183,1.3723,True,False,body,220.0,243.0,-10.0
5089,495863,14.0,1,18,0.05183,1.3274,True,False,wall,10.0,14.0,-10.0
5090,495918,87.0,5,55,0.051828,1.3124,True,False,wall,50.0,47.0,-10.0
5091,496205,430.0,24,287,0.051822,1.4083,True,False,body,240.0,200.0,-10.0
5092,496351,239.0,14,146,0.051818,1.3437,True,False,wall,140.0,109.0,-10.0
5093,496366,11.0,1,15,0.051818,1.5019,True,False,wall,10.0,11.0,-10.0
5094,496465,154.0,10,99,0.051816,1.3133,True,False,wall,100.0,64.0,-10.0
5095,496560,162.0,10,95,0.051814,1.3741,True,False,body,100.0,72.0,-10.0
5096,496694,199.0,10,134,0.051811,1.4406,True,False,body,100.0,109.0,-10.0
5097,496754,77.0,4,60,0.051809,1.2976,True,False,wall,40.0,47.0,-10.0
5098,496879,197.0,11,125,0.051807,1.4138,True,False,wall,110.0,97.0,-10.0
5099,497262,596.0,30,383,0.051798,1.4766,True,False,body,300.0,306.0,-10.0
5100,497508,415.0,22,246,0.051792,1.5004,True,False,body,220.0,205.0,-10.0
5101,497727,292.0,14,219,0.051787,1.4014,True,False,body,140.0,162.0,-10.0
5102,497854,225.0,13,127,0.051785,1.5014,True,False,body,130.0,105.0,-10.0
5103,497869,13.0,1,15,0.051784,1.3691,True,False,wall,10.0,13.0,-10.0
5104,497960,117.0,5,91,0.051782,1.5311,True,False,wall,50.0,77.0,-10.0
5105,498304,562.0,33,344,0.051775,1.4644,True,False,body,330.0,242.0,-10.0
5106,498335,38.0,2,31,0.051774,1.319,True,False,wall,20.0,28.0,-10.0
5107,498550,331.0,17,215,0.051769,1.4019,True,False,body,170.0,171.0,-10.0
5108,498636,154.0,9,86,0.051767,1.3462,True,False,wall,90.0,74.0,-10.0
5109,498834,313.0,14,198,0.051763,1.3848,True,False,body,140.0,183.0,-10.0
5110,498973,253.0,15,139,0.05176,1.4261,True,False,body,150.0,113.0,-10.0
5111,499164,324.0,18,191,0.051756,1.3238,True,False,wall,180.0,154.0,-10.0
5112,499602,606.0,31,438,0.051746,1.3582,True,False,body,310.0,306.0,-10.0
5113,499725,199.0,11,123,0.051743,1.3376,True,False,body,110.0,99.0,-10.0
5114,499872,220.0,12,147,0.05174,1.415,True,False,wall,120.0,110.0,-10.0
5115,500000,185.0,9,128,0.051737,1.4428,False,False,budget_cutoff,90.0,95.0,0.0
