episode,env_steps_total,episode_reward,score,survival_steps,epsilon,loss_mean,terminated,truncated,death_reason,fruit_reward_sum,distance_shaping_reward_sum,death_penalty_sum
0,61,-18.0,0,61,0.949421,0.0,True,False,wall,0.0,-8.0,-10.0
1,124,-20.0,0,63,0.948823,0.0,True,False,wall,0.0,-10.0,-10.0
2,191,-16.0,0,67,0.948187,0.0,True,False,wall,0.0,-6.0,-10.0
3,214,-16.0,0,23,0.947969,0.0,True,False,wall,0.0,-6.0,-10.0
4,259,-16.0,0,45,0.947543,2.6023,True,False,wall,0.0,-6.0,-10.0
5,302,-14.0,0,43,0.947135,1.9671,True,False,wall,0.0,-4.0,-10.0
6,321,-10.0,0,19,0.946955,2.7535,True,False,wall,0.0,0.0,-10.0
7,351,-6.0,1,30,0.946671,5.0214,True,False,wall,10.0,-6.0,-10.0
8,395,-9.0,0,44,0.946255,3.0016,True,False,wall,0.0,1.0,-10.0
9,419,10.0,1,24,0.946028,3.065,True,False,wall,10.0,10.0,-10.0
10,448,-1.0,1,29,0.945754,3.6331,True,False,wall,10.0,-1.0,-10.0
11,472,-13.0,0,24,0.945527,3.2543,True,False,wall,0.0,-3.0,-10.0
12,570,-6.0,1,98,0.9446,2.0508,True,False,wall,10.0,-6.0,-10.0
13,653,-18.0,0,83,0.943817,2.2133,True,False,wall,0.0,-8.0,-10.0
14,672,-12.0,0,19,0.943637,3.0306,True,False,wall,0.0,-2.0,-10.0
15,754,-23.0,0,82,0.942864,1.6916,True,False,wall,0.0,-13.0,-10.0
16,772,-11.0,0,18,0.942694,1.2741,True,False,wall,0.0,-1.0,-10.0
17,794,-3.0,0,22,0.942487,1.2554,True,False,wall,0.0,7.0,-10.0
18,837,-16.0,0,43,0.942082,1.5018,True,False,wall,0.0,-6.0,-10.0
19,883,-23.0,0,46,0.941648,1.3267,True,False,wall,0.0,-13.0,-10.0
20,938,5.0,1,55,0.941131,1.5026,True,False,wall,10.0,5.0,-10.0
21,950,-7.0,0,12,0.941018,1.4749,True,False,wall,0.0,3.0,-10.0
22,984,-7.0,0,34,0.940698,1.4308,True,False,wall,0.0,3.0,-10.0
23,1029,-16.0,0,45,0.940275,1.4725,True,False,wall,0.0,-6.0,-10.0
24,1069,-2.0,1,40,0.939899,1.0943,True,False,wall,10.0,-2.0,-10.0
25,1146,-6.0,0,77,0.939175,1.0988,True,False,wall,0.0,4.0,-10.0
26,1163,-18.0,0,17,0.939015,1.0313,True,False,wall,0.0,-8.0,-10.0
27,1355,-21.0,0,192,0.937214,0.7956,True,False,wall,0.0,-11.0,-10.0
28,1378,-16.0,0,23,0.936999,0.6372,True,False,wall,0.0,-6.0,-10.0
29,1423,9.0,1,45,0.936577,0.7401,True,False,wall,10.0,9.0,-10.0
30,1457,-13.0,0,34,0.936259,0.9309,True,False,wall,0.0,-3.0,-10.0
31,1551,-15.0,0,94,0.935379,0.9172,True,False,wall,0.0,-5.0,-10.0
32,1624,9.0,1,73,0.934697,0.7694,True,False,wall,10.0,9.0,-10.0
33,1638,-6.0,1,14,0.934566,0.7891,True,False,wall,10.0,-6.0,-10.0
34,1669,3.0,1,31,0.934276,0.9437,True,False,wall,10.0,3.0,-10.0
35,1689,-19.0,0,20,0.934089,0.9185,True,False,wall,0.0,-9.0,-10.0
36,1727,-4.0,1,38,0.933734,1.0505,True,False,wall,10.0,-4.0,-10.0
37,1755,4.0,1,28,0.933473,1.2976,True,False,wall,10.0,4.0,-10.0
38,1775,-7.0,0,20,0.933286,1.3003,True,False,wall,0.0,3.0,-10.0
39,1805,-15.0,0,30,0.933006,1.4252,True,False,wall,0.0,-5.0,-10.0
40,1823,-9.0,0,18,0.932838,1.2986,True,False,wall,0.0,1.0,-10.0
41,1840,-8.0,0,17,0.93268,1.9204,True,False,wall,0.0,2.0,-10.0
42,1855,-16.0,0,15,0.93254,1.7268,True,False,wall,0.0,-6.0,-10.0
43,1870,-8.0,0,15,0.9324,2.9331,True,False,wall,0.0,2.0,-10.0
44,1896,-21.0,0,26,0.932158,2.1094,True,False,wall,0.0,-11.0,-10.0
45,1933,-18.0,0,37,0.931813,1.6027,True,False,wall,0.0,-8.0,-10.0
46,2002,-16.0,0,69,0.93117,1.0564,True,False,wall,0.0,-6.0,-10.0
47,2018,-9.0,0,16,0.931021,0.9955,True,False,wall,0.0,1.0,-10.0
48,2037,3.0,1,19,0.930844,0.941,True,False,wall,10.0,3.0,-10.0
49,2072,-12.0,0,35,0.930519,0.8461,True,False,wall,0.0,-2.0,-10.0
50,2095,-22.0,0,23,0.930305,0.8493,True,False,wall,0.0,-12.0,-10.0
51,2113,-7.0,0,18,0.930137,0.8398,True,False,wall,0.0,3.0,-10.0
52,2127,-1.0,0,14,0.930007,0.7815,True,False,wall,0.0,9.0,-10.0
53,2153,-2.0,1,26,0.929765,0.9618,True,False,wall,10.0,-2.0,-10.0
54,2188,-6.0,0,35,0.92944,0.9324,True,False,wall,0.0,4.0,-10.0
55,2208,-21.0,0,20,0.929254,0.8988,True,False,wall,0.0,-11.0,-10.0
56,2308,-17.0,0,100,0.928325,0.797,True,False,wall,0.0,-7.0,-10.0
57,2338,-17.0,0,30,0.928047,0.8125,True,False,wall,0.0,-7.0,-10.0
58,2354,-11.0,0,16,0.927898,0.8356,True,False,wall,0.0,-1.0,-10.0
59,2407,-20.0,0,53,0.927407,0.7781,True,False,wall,0.0,-10.0,-10.0
60,2422,-8.0,0,15,0.927267,0.7023,True,False,wall,0.0,2.0,-10.0
61,2546,3.0,0,124,0.926118,0.7434,True,False,wall,0.0,13.0,-10.0
62,2563,-4.0,0,17,0.925961,0.7881,True,False,wall,0.0,6.0,-10.0
63,2695,8.0,1,132,0.924739,0.7104,True,False,wall,10.0,8.0,-10.0
64,2773,-13.0,0,78,0.924018,0.7585,True,False,wall,0.0,-3.0,-10.0
65,2786,-18.0,0,13,0.923898,0.7557,True,False,wall,0.0,-8.0,-10.0
66,2812,-3.0,0,26,0.923658,0.6952,True,False,wall,0.0,7.0,-10.0
67,2843,-10.0,0,31,0.923372,0.7605,True,False,wall,0.0,0.0,-10.0
68,2873,-13.0,0,30,0.923095,0.6987,True,False,wall,0.0,-3.0,-10.0
69,2916,8.0,2,43,0.922698,0.6503,True,False,wall,20.0,-2.0,-10.0
70,2946,-11.0,0,30,0.922421,0.8098,True,False,wall,0.0,-1.0,-10.0
71,2991,18.0,2,45,0.922006,0.8759,True,False,wall,20.0,8.0,-10.0
72,3041,-15.0,0,50,0.921545,0.7499,True,False,wall,0.0,-5.0,-10.0
73,3064,-6.0,0,23,0.921333,0.6552,True,False,wall,0.0,4.0,-10.0
74,3106,-13.0,0,42,0.920947,0.6699,True,False,wall,0.0,-3.0,-10.0
75,3138,-21.0,0,32,0.920652,0.6409,True,False,wall,0.0,-11.0,-10.0
76,3179,-8.0,0,41,0.920274,0.7413,True,False,wall,0.0,2.0,-10.0
77,3219,-17.0,0,40,0.919906,0.8034,True,False,wall,0.0,-7.0,-10.0
78,3289,-4.0,1,70,0.919263,0.716,True,False,wall,10.0,-4.0,-10.0
79,3312,2.0,0,23,0.919051,0.7595,True,False,wall,0.0,12.0,-10.0
80,3333,-18.0,0,21,0.918858,0.8753,True,False,wall,0.0,-8.0,-10.0
81,3369,-17.0,0,36,0.918528,0.9749,True,False,wall,0.0,-7.0,-10.0
82,3416,-6.0,0,47,0.918096,0.8987,True,False,wall,0.0,4.0,-10.0
83,3451,-20.0,0,35,0.917775,1.1488,True,False,wall,0.0,-10.0,-10.0
84,3464,-20.0,0,13,0.917655,1.2683,True,False,wall,0.0,-10.0,-10.0
85,3558,-19.0,0,94,0.916793,0.8042,True,False,wall,0.0,-9.0,-10.0
86,3584,-7.0,0,26,0.916555,0.9319,True,False,wall,0.0,3.0,-10.0
87,3618,-2.0,1,34,0.916243,1.197,True,False,wall,10.0,-2.0,-10.0
88,3654,-19.0,0,36,0.915914,1.1617,True,False,wall,0.0,-9.0,-10.0
89,3687,-4.0,0,33,0.915611,0.8791,True,False,wall,0.0,6.0,-10.0
90,3803,-17.0,0,116,0.91455,1.0916,True,False,wall,0.0,-7.0,-10.0
91,3854,-18.0,0,51,0.914084,0.926,True,False,wall,0.0,-8.0,-10.0
92,3945,-4.0,0,91,0.913252,0.9636,True,False,wall,0.0,6.0,-10.0
93,3971,17.0,2,26,0.913015,1.0176,True,False,wall,20.0,7.0,-10.0
94,4065,-9.0,0,94,0.912157,0.9589,True,False,wall,0.0,1.0,-10.0
95,4107,-5.0,0,42,0.911774,0.9926,True,False,wall,0.0,5.0,-10.0
96,4131,-5.0,0,24,0.911555,0.9728,True,False,wall,0.0,5.0,-10.0
97,4141,-3.0,0,10,0.911464,1.0656,True,False,wall,0.0,7.0,-10.0
98,4208,-14.0,0,67,0.910853,1.0484,True,False,wall,0.0,-4.0,-10.0
99,4263,-8.0,0,55,0.910353,0.9519,True,False,wall,0.0,2.0,-10.0
100,4322,-12.0,0,59,0.909816,1.1553,True,False,wall,0.0,-2.0,-10.0
101,4381,-20.0,0,59,0.909279,1.0482,True,False,wall,0.0,-10.0,-10.0
102,4449,-1.0,0,68,0.908661,1.4154,True,False,wall,0.0,9.0,-10.0
103,4462,-16.0,0,13,0.908543,1.5341,True,False,wall,0.0,-6.0,-10.0
104,4482,-15.0,0,20,0.908361,1.2312,True,False,wall,0.0,-5.0,-10.0
105,4515,0.0,0,33,0.908061,1.0964,True,False,wall,0.0,10.0,-10.0
106,4539,-5.0,0,24,0.907843,1.1781,True,False,wall,0.0,5.0,-10.0
107,4602,-16.0,0,63,0.907272,0.9696,True,False,wall,0.0,-6.0,-10.0
108,4625,-18.0,0,23,0.907063,1.204,True,False,wall,0.0,-8.0,-10.0
109,4649,6.0,1,24,0.906845,1.0749,True,False,wall,10.0,6.0,-10.0
110,4681,-5.0,0,32,0.906555,1.9477,True,False,wall,0.0,5.0,-10.0
111,4710,-16.0,0,29,0.906292,2.1464,True,False,wall,0.0,-6.0,-10.0
112,4726,-13.0,0,16,0.906147,2.1084,True,False,wall,0.0,-3.0,-10.0
113,4770,-9.0,0,44,0.905749,1.595,True,False,wall,0.0,1.0,-10.0
114,4790,-21.0,0,20,0.905568,1.2364,True,False,wall,0.0,-11.0,-10.0
115,4843,11.0,1,53,0.905088,1.1738,True,False,wall,10.0,11.0,-10.0
116,4910,-4.0,0,67,0.904482,1.3042,True,False,wall,0.0,6.0,-10.0
117,5089,11.0,1,179,0.902864,1.3793,True,False,wall,10.0,11.0,-10.0
118,5102,-6.0,0,13,0.902747,1.6718,True,False,wall,0.0,4.0,-10.0
119,5191,-6.0,0,89,0.901944,1.5783,True,False,wall,0.0,4.0,-10.0
120,5267,-9.0,0,76,0.901258,1.0968,True,False,wall,0.0,1.0,-10.0
121,5282,-8.0,0,15,0.901123,0.9109,True,False,wall,0.0,2.0,-10.0
122,5362,0.0,1,80,0.900403,0.8879,True,False,wall,10.0,0.0,-10.0
123,5432,-3.0,0,70,0.899773,0.8853,True,False,wall,0.0,7.0,-10.0
124,5504,-13.0,0,72,0.899125,1.0,True,False,wall,0.0,-3.0,-10.0
125,5528,-7.0,0,24,0.898909,1.2414,True,False,wall,0.0,3.0,-10.0
126,5549,-14.0,0,21,0.89872,1.3297,True,False,wall,0.0,-4.0,-10.0
127,5683,-7.0,0,134,0.897517,1.4866,True,False,wall,0.0,3.0,-10.0
128,5733,11.0,2,50,0.897068,2.1952,True,False,wall,20.0,1.0,-10.0
129,5835,6.0,1,102,0.896154,0.9953,True,False,wall,10.0,6.0,-10.0
130,5871,8.0,1,36,0.895831,0.6784,True,False,wall,10.0,8.0,-10.0
131,5917,-17.0,0,46,0.895419,0.7811,True,False,wall,0.0,-7.0,-10.0
132,5941,16.0,1,24,0.895204,0.9765,True,False,wall,10.0,16.0,-10.0
133,5955,-15.0,0,14,0.895079,0.8479,True,False,wall,0.0,-5.0,-10.0
134,5986,-16.0,0,31,0.894802,0.7825,True,False,wall,0.0,-6.0,-10.0
135,6038,4.0,1,52,0.894336,1.0607,True,False,wall,10.0,4.0,-10.0
136,6073,-4.0,0,35,0.894023,0.8971,True,False,wall,0.0,6.0,-10.0
137,6185,11.0,2,112,0.893023,1.1131,True,False,wall,20.0,1.0,-10.0
138,6230,7.0,1,45,0.892621,0.9669,True,False,wall,10.0,7.0,-10.0
139,6244,-7.0,0,14,0.892496,0.9842,True,False,wall,0.0,3.0,-10.0
140,6408,20.0,1,164,0.891033,0.992,True,False,wall,10.0,20.0,-10.0
141,6435,-18.0,0,27,0.890793,1.3069,True,False,wall,0.0,-8.0,-10.0
142,6482,-12.0,0,47,0.890374,1.6023,True,False,wall,0.0,-2.0,-10.0
143,6574,-9.0,0,92,0.889556,1.2207,True,False,wall,0.0,1.0,-10.0
144,6602,-13.0,0,28,0.889307,0.9496,True,False,wall,0.0,-3.0,-10.0
145,6645,-16.0,0,43,0.888924,0.7483,True,False,wall,0.0,-6.0,-10.0
146,6735,-3.0,0,90,0.888125,0.7151,True,False,wall,0.0,7.0,-10.0
147,6879,-5.0,0,144,0.886847,0.7361,True,False,wall,0.0,5.0,-10.0
148,6904,-6.0,0,25,0.886625,0.7868,True,False,wall,0.0,4.0,-10.0
149,6939,-14.0,0,35,0.886315,0.7364,True,False,wall,0.0,-4.0,-10.0
150,6970,1.0,1,31,0.88604,0.7206,True,False,wall,10.0,1.0,-10.0
151,6988,-3.0,0,18,0.88588,1.0671,True,False,wall,0.0,7.0,-10.0
152,7017,-14.0,0,29,0.885624,0.9943,True,False,wall,0.0,-4.0,-10.0
153,7040,-8.0,0,23,0.88542,1.1189,True,False,wall,0.0,2.0,-10.0
154,7064,-3.0,0,24,0.885207,1.2748,True,False,wall,0.0,7.0,-10.0
155,7140,-17.0,0,76,0.884535,1.29,True,False,wall,0.0,-7.0,-10.0
156,7175,-6.0,0,35,0.884225,0.9326,True,False,wall,0.0,4.0,-10.0
157,7228,-18.0,0,53,0.883757,0.7184,True,False,wall,0.0,-8.0,-10.0
158,7323,-5.0,1,95,0.882918,0.5846,True,False,wall,10.0,-5.0,-10.0
159,7355,-23.0,0,32,0.882635,0.5954,True,False,wall,0.0,-13.0,-10.0
160,7392,-1.0,1,37,0.882309,0.5411,True,False,wall,10.0,-1.0,-10.0
161,7595,-8.0,0,203,0.880519,0.7197,True,False,wall,0.0,2.0,-10.0
162,7621,-9.0,0,26,0.880291,0.6325,True,False,wall,0.0,1.0,-10.0
163,7682,-14.0,0,61,0.879754,0.8039,True,False,wall,0.0,-4.0,-10.0
164,7716,-1.0,0,34,0.879455,0.7856,True,False,wall,0.0,9.0,-10.0
165,7736,-13.0,0,20,0.879279,0.9106,True,False,wall,0.0,-3.0,-10.0
166,7751,-4.0,0,15,0.879147,0.9281,True,False,wall,0.0,6.0,-10.0
167,7810,3.0,1,59,0.878628,0.854,True,False,wall,10.0,3.0,-10.0
168,7846,-19.0,0,36,0.878312,0.9387,True,False,wall,0.0,-9.0,-10.0
169,7907,-4.0,0,61,0.877776,0.8278,True,False,wall,0.0,6.0,-10.0
170,7936,-6.0,0,29,0.877522,0.7705,True,False,wall,0.0,4.0,-10.0
171,8049,-6.0,0,113,0.876531,0.6675,True,False,wall,0.0,4.0,-10.0
172,8104,37.0,3,55,0.876049,0.7683,True,False,body,30.0,17.0,-10.0
173,8153,-14.0,0,49,0.87562,1.0245,True,False,wall,0.0,-4.0,-10.0
174,8199,-3.0,0,46,0.875217,1.0722,True,False,wall,0.0,7.0,-10.0
175,8373,23.0,2,174,0.873696,0.8156,True,False,wall,20.0,13.0,-10.0
176,8401,-23.0,0,28,0.873451,0.7776,True,False,wall,0.0,-13.0,-10.0
177,8472,-2.0,0,71,0.872831,0.6971,True,False,wall,0.0,8.0,-10.0
178,8512,4.0,1,40,0.872482,0.7267,True,False,wall,10.0,4.0,-10.0
179,8607,1.0,1,95,0.871654,0.6389,True,False,wall,10.0,1.0,-10.0
180,8716,9.0,1,109,0.870704,0.7128,True,False,wall,10.0,9.0,-10.0
181,8760,-13.0,0,44,0.870321,0.7089,True,False,wall,0.0,-3.0,-10.0
182,8813,-1.0,1,53,0.86986,1.5224,True,False,wall,10.0,-1.0,-10.0
183,8920,-14.0,0,107,0.868929,1.2126,True,False,wall,0.0,-4.0,-10.0
184,8977,-4.0,0,57,0.868434,0.6248,True,False,wall,0.0,6.0,-10.0
185,9018,-18.0,0,41,0.868078,0.8246,True,False,wall,0.0,-8.0,-10.0
186,9061,-12.0,0,43,0.867705,0.8107,True,False,wall,0.0,-2.0,-10.0
187,9097,-13.0,0,36,0.867393,0.7289,True,False,wall,0.0,-3.0,-10.0
188,9221,21.0,2,124,0.866318,0.8482,True,False,wall,20.0,11.0,-10.0
189,9363,11.0,2,142,0.865089,0.9598,True,False,wall,20.0,1.0,-10.0
190,9437,-21.0,0,74,0.864449,1.1911,True,False,wall,0.0,-11.0,-10.0
191,9485,-7.0,0,48,0.864034,0.8913,True,False,wall,0.0,3.0,-10.0
192,9503,-13.0,0,18,0.863878,0.6903,True,False,wall,0.0,-3.0,-10.0
193,9552,1.0,1,49,0.863455,0.6815,True,False,wall,10.0,1.0,-10.0
194,9622,-21.0,0,70,0.862851,0.5958,True,False,wall,0.0,-11.0,-10.0
195,9662,2.0,1,40,0.862506,0.7101,True,False,wall,10.0,2.0,-10.0
196,9805,43.0,3,143,0.861273,0.8195,True,False,wall,30.0,23.0,-10.0
197,9841,-19.0,0,36,0.860963,1.3504,True,False,wall,0.0,-9.0,-10.0
198,9917,-13.0,0,76,0.860309,1.0408,True,False,wall,0.0,-3.0,-10.0
199,9929,-21.0,0,12,0.860206,0.7221,True,False,wall,0.0,-11.0,-10.0
200,10019,-9.0,0,90,0.859432,0.7105,True,False,wall,0.0,1.0,-10.0
201,10052,0.0,0,33,0.859149,0.7785,True,False,wall,0.0,10.0,-10.0
202,10127,-20.0,0,75,0.858505,0.6761,True,False,wall,0.0,-10.0,-10.0
203,10174,3.0,1,47,0.858101,0.6501,True,False,wall,10.0,3.0,-10.0
204,10344,-19.0,0,170,0.856644,0.7451,True,False,wall,0.0,-9.0,-10.0
205,10355,-20.0,0,11,0.856549,0.6228,True,False,wall,0.0,-10.0,-10.0
206,10596,9.0,1,241,0.854488,0.6217,True,False,wall,10.0,9.0,-10.0
207,10637,-8.0,0,41,0.854137,0.9712,True,False,wall,0.0,2.0,-10.0
208,10657,-7.0,0,20,0.853967,1.5269,True,False,wall,0.0,3.0,-10.0
209,10696,-8.0,0,39,0.853634,1.2245,True,False,wall,0.0,2.0,-10.0
210,10759,-22.0,0,63,0.853096,0.8146,True,False,wall,0.0,-12.0,-10.0
211,10787,-19.0,0,28,0.852857,0.7286,True,False,wall,0.0,-9.0,-10.0
212,10874,0.0,0,87,0.852115,0.7687,True,False,wall,0.0,10.0,-10.0
213,10910,-7.0,0,36,0.851809,1.084,True,False,wall,0.0,3.0,-10.0
214,10931,-16.0,0,21,0.85163,1.1362,True,False,wall,0.0,-6.0,-10.0
215,10949,-7.0,0,18,0.851477,0.8517,True,False,wall,0.0,3.0,-10.0
216,10985,4.0,1,36,0.85117,0.6581,True,False,wall,10.0,4.0,-10.0
217,11029,6.0,1,44,0.850796,0.7021,True,False,wall,10.0,6.0,-10.0
218,11053,-21.0,0,24,0.850591,0.717,True,False,wall,0.0,-11.0,-10.0
219,11118,-14.0,0,65,0.850039,0.675,True,False,wall,0.0,-4.0,-10.0
220,11190,4.0,1,72,0.849427,0.5276,True,False,wall,10.0,4.0,-10.0
221,11206,-13.0,0,16,0.849291,0.5977,True,False,wall,0.0,-3.0,-10.0
222,11241,-12.0,0,35,0.848994,0.7079,True,False,wall,0.0,-2.0,-10.0
223,11265,-15.0,0,24,0.84879,0.973,True,False,wall,0.0,-5.0,-10.0
224,11366,9.0,1,101,0.847933,1.1321,True,False,wall,10.0,9.0,-10.0
225,11386,-13.0,0,20,0.847764,0.7295,True,False,wall,0.0,-3.0,-10.0
226,11416,6.0,1,30,0.847509,0.8273,True,False,wall,10.0,6.0,-10.0
227,11486,-13.0,0,70,0.846916,0.7982,True,False,wall,0.0,-3.0,-10.0
228,11512,2.0,1,26,0.846696,0.803,True,False,wall,10.0,2.0,-10.0
229,11536,-1.0,0,24,0.846493,0.8381,True,False,wall,0.0,9.0,-10.0
230,11675,10.0,2,139,0.845317,0.8901,True,False,wall,20.0,0.0,-10.0
231,11715,-7.0,0,40,0.844979,0.6272,True,False,wall,0.0,3.0,-10.0
232,11752,-6.0,0,37,0.844667,0.738,True,False,wall,0.0,4.0,-10.0
233,11766,-15.0,0,14,0.844548,0.6384,True,False,wall,0.0,-5.0,-10.0
234,11872,-13.0,0,106,0.843654,0.5723,True,False,wall,0.0,-3.0,-10.0
235,11909,7.0,1,37,0.843342,0.5188,True,False,wall,10.0,7.0,-10.0
236,12153,4.0,1,244,0.841286,0.6171,True,False,wall,10.0,4.0,-10.0
237,12230,18.0,2,77,0.840639,0.7394,True,False,wall,20.0,8.0,-10.0
238,12266,8.0,1,36,0.840336,0.6113,True,False,wall,10.0,8.0,-10.0
239,12288,-11.0,0,22,0.840151,0.6906,True,False,wall,0.0,-1.0,-10.0
240,12556,4.0,1,268,0.837903,0.8546,True,False,wall,10.0,4.0,-10.0
241,12670,-7.0,0,114,0.836948,0.7443,True,False,wall,0.0,3.0,-10.0
242,12704,-4.0,1,34,0.836664,0.7968,True,False,wall,10.0,-4.0,-10.0
243,12730,16.0,1,26,0.836446,0.8333,True,False,wall,10.0,16.0,-10.0
244,12794,-1.0,0,64,0.835911,0.8852,True,False,wall,0.0,9.0,-10.0
245,12846,0.0,1,52,0.835476,0.9488,True,False,wall,10.0,0.0,-10.0
246,12885,-4.0,0,39,0.835151,0.5772,True,False,wall,0.0,6.0,-10.0
247,12921,-9.0,0,36,0.83485,0.8034,True,False,wall,0.0,1.0,-10.0
248,12940,7.0,1,19,0.834691,0.6964,True,False,wall,10.0,7.0,-10.0
249,12954,-13.0,0,14,0.834574,0.6171,True,False,wall,0.0,-3.0,-10.0
250,12993,-10.0,0,39,0.834249,0.6896,True,False,wall,0.0,0.0,-10.0
251,13060,-22.0,0,67,0.83369,0.6591,True,False,wall,0.0,-12.0,-10.0
252,13091,-1.0,1,31,0.833432,0.7425,True,False,wall,10.0,-1.0,-10.0
253,13105,-17.0,0,14,0.833315,0.6607,True,False,wall,0.0,-7.0,-10.0
254,13171,-17.0,0,66,0.832765,0.7358,True,False,wall,0.0,-7.0,-10.0
255,13206,13.0,1,35,0.832474,0.6974,True,False,wall,10.0,13.0,-10.0
256,13263,-16.0,0,57,0.832,0.487,True,False,wall,0.0,-6.0,-10.0
257,13277,-1.0,0,14,0.831883,0.6527,True,False,wall,0.0,9.0,-10.0
258,13370,30.0,2,93,0.83111,0.7613,True,False,wall,20.0,20.0,-10.0
259,13449,14.0,2,79,0.830454,0.9576,True,False,wall,20.0,4.0,-10.0
260,13507,10.0,1,58,0.829972,1.0812,True,False,wall,10.0,10.0,-10.0
261,13592,32.0,2,85,0.829267,0.8975,True,False,wall,20.0,22.0,-10.0
262,13604,-15.0,0,12,0.829167,0.8149,True,False,wall,0.0,-5.0,-10.0
263,13682,8.0,1,78,0.828521,0.9718,True,False,wall,10.0,8.0,-10.0
264,13807,-7.0,1,125,0.827486,0.7422,True,False,wall,10.0,-7.0,-10.0
265,13823,4.0,1,16,0.827353,0.6185,True,False,wall,10.0,4.0,-10.0
266,13885,3.0,0,62,0.826841,0.6743,True,False,wall,0.0,13.0,-10.0
267,13916,7.0,1,31,0.826584,1.0225,True,False,wall,10.0,7.0,-10.0
268,13967,-3.0,1,51,0.826163,0.9207,True,False,wall,10.0,-3.0,-10.0
269,14048,21.0,1,81,0.825494,0.7772,True,False,wall,10.0,21.0,-10.0
270,14147,35.0,1,99,0.824677,0.6168,True,False,wall,10.0,35.0,-10.0
271,14186,11.0,1,39,0.824356,0.734,True,False,wall,10.0,11.0,-10.0
272,14412,19.0,2,226,0.822495,0.8221,True,False,wall,20.0,9.0,-10.0
273,14521,-8.0,0,109,0.821599,0.8345,True,False,wall,0.0,2.0,-10.0
274,14534,-8.0,0,13,0.821492,0.9078,True,False,wall,0.0,2.0,-10.0
275,14666,-3.0,0,132,0.820408,0.5415,True,False,wall,0.0,7.0,-10.0
276,14714,14.0,1,48,0.820014,0.6737,True,False,wall,10.0,14.0,-10.0
277,14772,8.0,1,58,0.819539,0.5983,True,False,wall,10.0,8.0,-10.0
278,14801,3.0,1,29,0.819301,0.527,True,False,wall,10.0,3.0,-10.0
279,14834,-20.0,0,33,0.819031,0.6395,True,False,wall,0.0,-10.0,-10.0
280,14895,0.0,0,61,0.818532,0.5356,True,False,wall,0.0,10.0,-10.0
281,15013,23.0,2,118,0.817566,0.5439,True,False,wall,20.0,13.0,-10.0
282,15107,-3.0,0,94,0.816798,0.5415,True,False,wall,0.0,7.0,-10.0
283,15157,-5.0,0,50,0.81639,0.5641,True,False,wall,0.0,5.0,-10.0
284,15204,0.0,0,47,0.816006,0.588,True,False,wall,0.0,10.0,-10.0
285,15249,5.0,1,45,0.815639,0.812,True,False,wall,10.0,5.0,-10.0
286,15350,7.0,1,101,0.814816,0.7617,True,False,wall,10.0,7.0,-10.0
287,15412,19.0,2,62,0.814311,0.7656,True,False,wall,20.0,9.0,-10.0
288,15440,-9.0,0,28,0.814083,1.0399,True,False,wall,0.0,1.0,-10.0
289,15517,24.0,2,77,0.813456,0.5827,True,False,wall,20.0,14.0,-10.0
290,15570,-2.0,0,53,0.813025,0.5206,True,False,wall,0.0,8.0,-10.0
291,15625,7.0,1,55,0.812578,0.4733,True,False,wall,10.0,7.0,-10.0
292,15659,10.0,1,34,0.812302,0.7157,True,False,wall,10.0,10.0,-10.0
293,15710,-8.0,0,51,0.811888,0.9024,True,False,wall,0.0,2.0,-10.0
294,15736,-5.0,0,26,0.811677,0.5625,True,False,wall,0.0,5.0,-10.0
295,15756,17.0,2,20,0.811514,0.5124,True,False,wall,20.0,7.0,-10.0
296,15893,29.0,3,137,0.810403,0.5901,True,False,body,30.0,9.0,-10.0
297,15908,-8.0,0,15,0.810282,0.5893,True,False,wall,0.0,2.0,-10.0
298,16120,15.0,2,212,0.808566,0.957,True,False,wall,20.0,5.0,-10.0
299,16205,-4.0,0,85,0.807879,0.6866,True,False,wall,0.0,6.0,-10.0
300,16253,-1.0,0,48,0.807491,0.6911,True,False,wall,0.0,9.0,-10.0
301,16362,43.0,3,109,0.806611,0.8312,True,False,body,30.0,23.0,-10.0
302,16396,-13.0,0,34,0.806337,0.5713,True,False,wall,0.0,-3.0,-10.0
303,16409,-8.0,0,13,0.806232,0.6894,True,False,wall,0.0,2.0,-10.0
304,16537,37.0,2,128,0.805201,0.7368,True,False,wall,20.0,27.0,-10.0
305,16556,9.0,1,19,0.805048,0.9415,True,False,wall,10.0,9.0,-10.0
306,16592,-7.0,0,36,0.804758,0.5825,True,False,wall,0.0,3.0,-10.0
307,16727,39.0,3,135,0.803673,0.5671,True,False,body,30.0,19.0,-10.0
308,16754,-14.0,0,27,0.803456,0.8788,True,False,wall,0.0,-4.0,-10.0
309,16785,-8.0,0,31,0.803207,0.7388,True,False,wall,0.0,2.0,-10.0
310,16808,-8.0,0,23,0.803022,0.6571,True,False,wall,0.0,2.0,-10.0
311,16836,-7.0,0,28,0.802797,0.8786,True,False,wall,0.0,3.0,-10.0
312,16874,-3.0,0,38,0.802492,0.7955,True,False,wall,0.0,7.0,-10.0
313,16909,-2.0,0,35,0.802211,0.8349,True,False,wall,0.0,8.0,-10.0
314,16932,1.0,1,23,0.802027,0.6715,True,False,wall,10.0,1.0,-10.0
315,16955,-18.0,0,23,0.801842,0.5566,True,False,wall,0.0,-8.0,-10.0
316,16988,-6.0,0,33,0.801578,1.2088,True,False,wall,0.0,4.0,-10.0
317,17087,19.0,1,99,0.800785,0.7466,True,False,wall,10.0,19.0,-10.0
318,17183,-1.0,0,96,0.800016,0.8327,True,False,wall,0.0,9.0,-10.0
319,17316,29.0,3,133,0.798953,0.7797,True,False,body,30.0,9.0,-10.0
320,17338,0.0,1,22,0.798777,0.794,True,False,wall,10.0,0.0,-10.0
321,17434,35.0,2,96,0.798011,0.876,True,False,wall,20.0,25.0,-10.0
322,17485,9.0,1,51,0.797604,0.8997,True,False,wall,10.0,9.0,-10.0
323,17562,3.0,1,77,0.79699,1.0837,True,False,wall,10.0,3.0,-10.0
324,17611,3.0,1,49,0.796599,0.9212,True,False,wall,10.0,3.0,-10.0
325,17660,9.0,1,49,0.796209,0.7115,True,False,wall,10.0,9.0,-10.0
326,17722,-7.0,0,62,0.795716,0.5786,True,False,wall,0.0,3.0,-10.0
327,17819,47.0,3,97,0.794944,0.6852,True,False,wall,30.0,27.0,-10.0
328,17924,-6.0,0,105,0.79411,1.0213,True,False,wall,0.0,4.0,-10.0
329,17952,-11.0,0,28,0.793888,1.0994,True,False,wall,0.0,-1.0,-10.0
330,18003,5.0,1,51,0.793483,0.8712,True,False,wall,10.0,5.0,-10.0
331,18039,12.0,1,36,0.793197,0.6247,True,False,wall,10.0,12.0,-10.0
332,18106,-3.0,1,67,0.792666,0.5745,True,False,wall,10.0,-3.0,-10.0
333,18180,6.0,1,74,0.79208,0.6069,True,False,wall,10.0,6.0,-10.0
334,18199,-6.0,0,19,0.791929,0.709,True,False,wall,0.0,4.0,-10.0
335,18240,-8.0,0,41,0.791605,0.4737,True,False,wall,0.0,2.0,-10.0
336,18290,-2.0,1,50,0.791209,0.4939,True,False,wall,10.0,-2.0,-10.0
337,18306,-3.0,0,16,0.791082,0.5139,True,False,wall,0.0,7.0,-10.0
338,18366,-1.0,0,60,0.790608,0.4566,True,False,wall,0.0,9.0,-10.0
339,18391,7.0,1,25,0.79041,0.5012,True,False,wall,10.0,7.0,-10.0
340,18413,-1.0,0,22,0.790236,0.5379,True,False,wall,0.0,9.0,-10.0
341,18517,10.0,1,104,0.789415,0.4914,True,False,wall,10.0,10.0,-10.0
342,18632,37.0,3,115,0.788508,0.5653,True,False,body,30.0,17.0,-10.0
343,18662,17.0,2,30,0.788271,0.9163,True,False,wall,20.0,7.0,-10.0
344,18746,10.0,1,84,0.787609,0.7203,True,False,wall,10.0,10.0,-10.0
345,18820,6.0,1,74,0.787027,0.6641,True,False,wall,10.0,6.0,-10.0
346,18853,-5.0,1,33,0.786767,0.5282,True,False,wall,10.0,-5.0,-10.0
347,18870,-4.0,0,17,0.786633,0.8587,True,False,wall,0.0,6.0,-10.0
348,18916,-5.0,0,46,0.786271,0.704,True,False,wall,0.0,5.0,-10.0
349,18979,2.0,0,63,0.785776,0.701,True,False,wall,0.0,12.0,-10.0
350,19100,28.0,2,121,0.784826,0.8337,True,False,wall,20.0,18.0,-10.0
351,19136,-3.0,0,36,0.784543,0.8186,True,False,wall,0.0,7.0,-10.0
352,19149,-4.0,0,13,0.784441,0.644,True,False,wall,0.0,6.0,-10.0
353,19200,12.0,2,51,0.784042,0.8602,True,False,wall,20.0,2.0,-10.0
354,19211,-6.0,0,11,0.783955,0.5042,True,False,wall,0.0,4.0,-10.0
355,19227,-13.0,0,16,0.78383,0.5162,True,False,wall,0.0,-3.0,-10.0
356,19266,14.0,2,39,0.783524,0.5892,True,False,wall,20.0,4.0,-10.0
357,19288,-3.0,0,22,0.783352,0.6207,True,False,wall,0.0,7.0,-10.0
358,19327,5.0,1,39,0.783046,0.6827,True,False,wall,10.0,5.0,-10.0
359,19393,12.0,1,66,0.78253,0.6053,True,False,wall,10.0,12.0,-10.0
360,19428,-6.0,0,35,0.782256,0.593,True,False,wall,0.0,4.0,-10.0
361,19438,4.0,1,10,0.782178,0.5689,True,False,wall,10.0,4.0,-10.0
362,19499,0.0,0,61,0.781701,0.5642,True,False,wall,0.0,10.0,-10.0
363,19674,34.0,2,175,0.780334,0.6539,True,False,wall,20.0,24.0,-10.0
364,19797,19.0,1,123,0.779375,0.597,True,False,wall,10.0,19.0,-10.0
365,19893,10.0,1,96,0.778627,0.5012,True,False,wall,10.0,10.0,-10.0
366,20017,14.0,1,124,0.777662,0.6587,True,False,wall,10.0,14.0,-10.0
367,20036,-12.0,0,19,0.777514,0.4554,True,False,wall,0.0,-2.0,-10.0
368,20158,15.0,2,122,0.776566,0.5942,True,False,wall,20.0,5.0,-10.0
369,20175,-5.0,1,17,0.776434,0.7993,True,False,wall,10.0,-5.0,-10.0
370,20200,-4.0,0,25,0.77624,0.6383,True,False,wall,0.0,6.0,-10.0
371,20288,38.0,3,88,0.775557,0.7106,True,False,wall,30.0,18.0,-10.0
372,20311,5.0,1,23,0.775379,0.8832,True,False,wall,10.0,5.0,-10.0
373,20336,5.0,1,25,0.775185,0.8512,True,False,wall,10.0,5.0,-10.0
374,20370,-5.0,0,34,0.774922,0.9811,True,False,wall,0.0,5.0,-10.0
375,20419,-6.0,0,49,0.774542,0.5674,True,False,wall,0.0,4.0,-10.0
376,20437,-7.0,0,18,0.774403,0.5541,True,False,wall,0.0,3.0,-10.0
377,20490,33.0,3,53,0.773992,0.51,True,False,body,30.0,13.0,-10.0
378,20522,-1.0,0,32,0.773745,0.6924,True,False,wall,0.0,9.0,-10.0
379,20550,10.0,1,28,0.773528,0.7871,True,False,wall,10.0,10.0,-10.0
380,20576,-3.0,0,26,0.773327,0.9562,True,False,wall,0.0,7.0,-10.0
381,20624,-1.0,0,48,0.772956,0.7497,True,False,wall,0.0,9.0,-10.0
382,20638,-7.0,0,14,0.772848,0.7618,True,False,wall,0.0,3.0,-10.0
383,20704,-3.0,0,66,0.772338,0.733,True,False,wall,0.0,7.0,-10.0
384,20741,19.0,1,37,0.772052,0.5361,True,False,wall,10.0,19.0,-10.0
385,20750,-10.0,0,9,0.771983,0.704,True,False,wall,0.0,0.0,-10.0
386,20810,10.0,1,60,0.77152,0.6743,True,False,wall,10.0,10.0,-10.0
387,20898,32.0,3,88,0.770841,0.5439,True,False,body,30.0,12.0,-10.0
388,20978,39.0,2,80,0.770224,0.7213,True,False,wall,20.0,29.0,-10.0
389,21098,12.0,1,120,0.769301,0.6523,True,False,wall,10.0,12.0,-10.0
390,21117,-1.0,1,19,0.769155,0.3724,True,False,wall,10.0,-1.0,-10.0
391,21322,22.0,2,205,0.767579,0.6696,True,False,wall,20.0,12.0,-10.0
392,21342,-11.0,0,20,0.767426,0.7471,True,False,wall,0.0,-1.0,-10.0
393,21391,1.0,1,49,0.76705,0.788,True,False,wall,10.0,1.0,-10.0
394,21414,16.0,2,23,0.766874,0.8332,True,False,wall,20.0,6.0,-10.0
395,21428,-15.0,0,14,0.766766,0.6722,True,False,wall,0.0,-5.0,-10.0
396,21524,25.0,2,96,0.76603,0.8014,True,False,wall,20.0,15.0,-10.0
397,21544,10.0,1,20,0.765877,0.8339,True,False,wall,10.0,10.0,-10.0
398,21625,-16.0,0,81,0.765257,0.8673,True,False,wall,0.0,-6.0,-10.0
399,21655,-3.0,0,30,0.765028,0.7046,True,False,wall,0.0,7.0,-10.0
400,21782,56.0,4,127,0.764057,1.0866,True,False,body,40.0,26.0,-10.0
401,21865,11.0,1,83,0.763423,0.7078,True,False,wall,10.0,11.0,-10.0
402,21882,-10.0,0,17,0.763293,0.5961,True,False,wall,0.0,0.0,-10.0
403,21898,-13.0,0,16,0.763171,1.1373,True,False,wall,0.0,-3.0,-10.0
404,21939,1.0,1,41,0.762858,0.7395,True,False,wall,10.0,1.0,-10.0
405,21985,18.0,1,46,0.762507,1.2738,True,False,wall,10.0,18.0,-10.0
406,22034,5.0,1,49,0.762134,0.9762,True,False,wall,10.0,5.0,-10.0
407,22079,-4.0,0,45,0.761791,0.9208,True,False,wall,0.0,6.0,-10.0
408,22163,12.0,1,84,0.761151,0.7739,True,False,wall,10.0,12.0,-10.0
409,22343,17.0,2,180,0.759782,0.57,True,False,wall,20.0,7.0,-10.0
410,22432,10.0,2,89,0.759106,0.5814,True,False,wall,20.0,0.0,-10.0
411,22472,-2.0,1,40,0.758803,0.77,True,False,wall,10.0,-2.0,-10.0
412,22485,-4.0,0,13,0.758704,1.1853,True,False,wall,0.0,6.0,-10.0
413,22503,-19.0,0,18,0.758568,1.125,True,False,wall,0.0,-9.0,-10.0
414,22526,-2.0,0,23,0.758393,1.0272,True,False,wall,0.0,8.0,-10.0
415,22618,44.0,3,92,0.757696,0.8337,True,False,wall,30.0,24.0,-10.0
416,22697,22.0,2,79,0.757097,0.6101,True,False,wall,20.0,12.0,-10.0
417,22761,2.0,1,64,0.756613,0.5475,True,False,wall,10.0,2.0,-10.0
418,22796,2.0,0,35,0.756348,0.5735,True,False,wall,0.0,12.0,-10.0
419,22842,14.0,1,46,0.756,0.5858,True,False,wall,10.0,14.0,-10.0
420,22890,14.0,1,48,0.755638,0.6847,True,False,wall,10.0,14.0,-10.0
421,22990,44.0,3,100,0.754882,0.908,True,False,body,30.0,24.0,-10.0
422,23029,5.0,1,39,0.754588,0.7447,True,False,wall,10.0,5.0,-10.0
423,23069,8.0,1,40,0.754286,0.8308,True,False,wall,10.0,8.0,-10.0
424,23110,-4.0,0,41,0.753977,0.7661,True,False,wall,0.0,6.0,-10.0
425,23121,-4.0,0,11,0.753894,0.5575,True,False,wall,0.0,6.0,-10.0
426,23140,-6.0,0,19,0.753751,0.8286,True,False,wall,0.0,4.0,-10.0
427,23200,-9.0,0,60,0.753299,0.7184,True,False,wall,0.0,1.0,-10.0
428,23265,49.0,3,65,0.752809,0.6827,True,False,body,30.0,29.0,-10.0
429,23343,46.0,3,78,0.752222,0.6866,True,False,wall,30.0,26.0,-10.0
430,23357,-13.0,0,14,0.752117,0.6217,True,False,wall,0.0,-3.0,-10.0
431,23389,6.0,1,32,0.751876,0.5824,True,False,wall,10.0,6.0,-10.0
432,23439,10.0,1,50,0.751501,0.6557,True,False,wall,10.0,10.0,-10.0
433,23451,-5.0,0,12,0.75141,0.5513,True,False,wall,0.0,5.0,-10.0
434,23493,-5.0,0,42,0.751095,0.7707,True,False,wall,0.0,5.0,-10.0
435,23558,-10.0,0,65,0.750607,1.1013,True,False,wall,0.0,0.0,-10.0
436,23572,-3.0,0,14,0.750502,0.9897,True,False,wall,0.0,7.0,-10.0
437,23679,-2.0,0,107,0.749699,0.8484,True,False,wall,0.0,8.0,-10.0
438,23830,32.0,2,151,0.748568,0.7584,True,False,wall,20.0,22.0,-10.0
439,23908,-1.0,0,78,0.747984,0.7362,True,False,wall,0.0,9.0,-10.0
440,24069,20.0,2,161,0.746781,0.9766,True,False,wall,20.0,10.0,-10.0
441,24090,9.0,1,21,0.746624,0.9443,True,False,wall,10.0,9.0,-10.0
442,24144,-3.0,0,54,0.746221,1.0086,True,False,wall,0.0,7.0,-10.0
443,24180,6.0,1,36,0.745953,1.218,True,False,wall,10.0,6.0,-10.0
444,24223,7.0,1,43,0.745632,0.8218,True,False,wall,10.0,7.0,-10.0
445,24318,17.0,1,95,0.744924,0.9034,True,False,wall,10.0,17.0,-10.0
446,24339,2.0,0,21,0.744767,1.1122,True,False,wall,0.0,12.0,-10.0
447,24356,-6.0,0,17,0.744641,0.9526,True,False,wall,0.0,4.0,-10.0
448,24401,-2.0,0,45,0.744306,0.932,True,False,wall,0.0,8.0,-10.0
449,24435,8.0,1,34,0.744053,0.8294,True,False,wall,10.0,8.0,-10.0
450,24501,8.0,1,66,0.743562,0.777,True,False,wall,10.0,8.0,-10.0
451,24606,64.0,4,105,0.742782,0.647,True,False,body,40.0,34.0,-10.0
452,24636,-5.0,0,30,0.742559,1.0174,True,False,wall,0.0,5.0,-10.0
453,24672,10.0,1,36,0.742291,0.6186,True,False,wall,10.0,10.0,-10.0
454,24740,25.0,2,68,0.741787,0.5891,True,False,wall,20.0,15.0,-10.0
455,24763,-14.0,0,23,0.741616,0.7252,True,False,wall,0.0,-4.0,-10.0
456,24794,7.0,1,31,0.741386,0.656,True,False,wall,10.0,7.0,-10.0
457,24832,-5.0,0,38,0.741105,0.7322,True,False,wall,0.0,5.0,-10.0
458,24865,11.0,1,33,0.74086,0.9589,True,False,wall,10.0,11.0,-10.0
459,24982,38.0,2,117,0.739994,0.6955,True,False,wall,20.0,28.0,-10.0
460,25017,3.0,1,35,0.739735,1.0364,True,False,wall,10.0,3.0,-10.0
461,25034,-8.0,0,17,0.739609,0.9078,True,False,wall,0.0,2.0,-10.0
462,25075,-4.0,0,41,0.739306,0.7806,True,False,wall,0.0,6.0,-10.0
463,25108,11.0,1,33,0.739062,0.6974,True,False,wall,10.0,11.0,-10.0
464,25132,-7.0,0,24,0.738885,0.7793,True,False,wall,0.0,3.0,-10.0
465,25163,-12.0,0,31,0.738656,1.0522,True,False,wall,0.0,-2.0,-10.0
466,25230,-3.0,1,67,0.738161,0.7527,True,False,wall,10.0,-3.0,-10.0
467,25245,7.0,1,15,0.73805,0.6127,True,False,wall,10.0,7.0,-10.0
468,25288,12.0,2,43,0.737733,1.0704,True,False,wall,20.0,2.0,-10.0
469,25331,22.0,2,43,0.737416,0.8488,True,False,wall,20.0,12.0,-10.0
470,25381,-1.0,0,50,0.737047,0.776,True,False,wall,0.0,9.0,-10.0
471,25419,15.0,2,38,0.736767,0.6097,True,False,wall,20.0,5.0,-10.0
472,25440,11.0,1,21,0.736613,0.9393,True,False,wall,10.0,11.0,-10.0
473,25486,8.0,1,46,0.736274,0.8864,True,False,wall,10.0,8.0,-10.0
474,25526,-3.0,0,40,0.735979,0.7549,True,False,wall,0.0,7.0,-10.0
475,25553,-6.0,0,27,0.735781,0.7051,True,False,wall,0.0,4.0,-10.0
476,25583,-11.0,0,30,0.73556,0.6417,True,False,wall,0.0,-1.0,-10.0
477,25604,-14.0,0,21,0.735405,0.5127,True,False,wall,0.0,-4.0,-10.0
478,25623,-14.0,0,19,0.735266,0.6139,True,False,wall,0.0,-4.0,-10.0
479,25638,-2.0,0,15,0.735155,0.6849,True,False,wall,0.0,8.0,-10.0
480,25652,-5.0,0,14,0.735053,0.7156,True,False,wall,0.0,5.0,-10.0
481,25678,0.0,1,26,0.734861,0.7319,True,False,wall,10.0,0.0,-10.0
482,25792,37.0,2,114,0.734024,0.8004,True,False,wall,20.0,27.0,-10.0
483,25839,5.0,1,47,0.733679,0.7772,True,False,wall,10.0,5.0,-10.0
484,25862,22.0,2,23,0.733511,0.6686,True,False,wall,20.0,12.0,-10.0
485,25961,41.0,3,99,0.732785,0.8155,True,False,body,30.0,21.0,-10.0
486,26058,47.0,3,97,0.732074,0.8406,True,False,wall,30.0,27.0,-10.0
487,26084,0.0,1,26,0.731884,1.0909,True,False,wall,10.0,0.0,-10.0
488,26107,7.0,1,23,0.731716,2.0683,True,False,wall,10.0,7.0,-10.0
489,26124,-4.0,0,17,0.731591,1.358,True,False,wall,0.0,6.0,-10.0
490,26185,7.0,1,61,0.731145,0.8878,True,False,wall,10.0,7.0,-10.0
491,26210,11.0,1,25,0.730962,0.6983,True,False,wall,10.0,11.0,-10.0
492,26240,4.0,1,30,0.730743,0.7007,True,False,wall,10.0,4.0,-10.0
493,26253,9.0,1,13,0.730648,0.6506,True,False,wall,10.0,9.0,-10.0
494,26364,21.0,1,111,0.729838,0.5329,True,False,wall,10.0,21.0,-10.0
495,26539,7.0,1,175,0.728561,0.692,True,False,wall,10.0,7.0,-10.0
496,26558,-2.0,0,19,0.728423,0.6818,True,False,wall,0.0,8.0,-10.0
497,26593,32.0,2,35,0.728168,0.5918,True,False,wall,20.0,22.0,-10.0
498,26631,-5.0,0,38,0.727891,0.9007,True,False,wall,0.0,5.0,-10.0
499,26651,-3.0,0,20,0.727746,0.7886,True,False,wall,0.0,7.0,-10.0
500,26676,-2.0,0,25,0.727564,0.7918,True,False,wall,0.0,8.0,-10.0
501,26754,12.0,1,78,0.726997,0.725,True,False,wall,10.0,12.0,-10.0
502,26822,20.0,1,68,0.726503,0.9082,True,False,wall,10.0,20.0,-10.0
503,26911,33.0,3,89,0.725856,0.775,True,False,body,30.0,13.0,-10.0
504,26943,-9.0,0,32,0.725624,0.9693,True,False,wall,0.0,1.0,-10.0
505,27142,42.0,2,199,0.724181,0.7418,True,False,wall,20.0,32.0,-10.0
506,27198,-3.0,0,56,0.723776,0.936,True,False,wall,0.0,7.0,-10.0
507,27238,2.0,1,40,0.723487,0.9465,True,False,wall,10.0,2.0,-10.0
508,27266,10.0,1,28,0.723284,0.7985,True,False,wall,10.0,10.0,-10.0
509,27421,47.0,3,155,0.722164,0.8515,True,False,body,30.0,27.0,-10.0
510,27508,16.0,2,87,0.721536,1.0773,True,False,wall,20.0,6.0,-10.0
511,27529,-4.0,0,21,0.721384,1.1081,True,False,wall,0.0,6.0,-10.0
512,27572,-6.0,0,43,0.721074,0.9361,True,False,wall,0.0,4.0,-10.0
513,27595,9.0,1,23,0.720908,0.7796,True,False,wall,10.0,9.0,-10.0
514,27630,24.0,2,35,0.720656,1.1786,True,False,wall,20.0,14.0,-10.0
515,27660,-3.0,0,30,0.72044,0.7666,True,False,wall,0.0,7.0,-10.0
516,27701,-12.0,0,41,0.720145,1.1325,True,False,wall,0.0,-2.0,-10.0
517,27747,-4.0,1,46,0.719813,0.8943,True,False,wall,10.0,-4.0,-10.0
518,27758,-8.0,0,11,0.719734,1.0118,True,False,wall,0.0,2.0,-10.0
519,27774,12.0,1,16,0.719619,0.8379,True,False,wall,10.0,12.0,-10.0
520,27842,-4.0,1,68,0.71913,0.9039,True,False,wall,10.0,-4.0,-10.0
521,27956,21.0,2,114,0.718311,0.7583,True,False,wall,20.0,11.0,-10.0
522,28027,22.0,2,71,0.717801,1.0602,True,False,wall,20.0,12.0,-10.0
523,28094,11.0,1,67,0.71732,0.928,True,False,wall,10.0,11.0,-10.0
524,28141,9.0,1,47,0.716983,0.8794,True,False,wall,10.0,9.0,-10.0
525,28156,7.0,1,15,0.716875,0.7487,True,False,wall,10.0,7.0,-10.0
526,28208,21.0,2,52,0.716503,0.6988,True,False,wall,20.0,11.0,-10.0
527,28253,15.0,1,45,0.71618,0.7565,True,False,wall,10.0,15.0,-10.0
528,28264,-18.0,0,11,0.716102,0.6815,True,False,wall,0.0,-8.0,-10.0
529,28295,0.0,0,31,0.71588,0.6265,True,False,wall,0.0,10.0,-10.0
530,28406,35.0,3,111,0.715085,0.8082,True,False,wall,30.0,15.0,-10.0
531,28455,9.0,1,49,0.714735,0.9007,True,False,wall,10.0,9.0,-10.0
532,28534,30.0,2,79,0.714171,0.9156,True,False,wall,20.0,20.0,-10.0
533,28557,7.0,1,23,0.714006,1.3686,True,False,wall,10.0,7.0,-10.0
534,28621,8.0,1,64,0.71355,0.9329,True,False,wall,10.0,8.0,-10.0
535,28645,-11.0,0,24,0.713378,0.9961,True,False,wall,0.0,-1.0,-10.0
536,28711,10.0,1,66,0.712908,0.8915,True,False,wall,10.0,10.0,-10.0
537,28791,46.0,3,80,0.712338,0.6815,True,False,wall,30.0,26.0,-10.0
538,28891,27.0,2,100,0.711626,0.7182,True,False,wall,20.0,17.0,-10.0
539,28935,-2.0,1,44,0.711313,0.6726,True,False,wall,10.0,-2.0,-10.0
540,29022,32.0,2,87,0.710694,0.6691,True,False,wall,20.0,22.0,-10.0
541,29063,9.0,1,41,0.710403,0.5858,True,False,wall,10.0,9.0,-10.0
542,29072,-4.0,0,9,0.710339,0.5854,True,False,wall,0.0,6.0,-10.0
543,29156,16.0,1,84,0.709742,0.6058,True,False,wall,10.0,16.0,-10.0
544,29168,-13.0,0,12,0.709657,0.6431,True,False,wall,0.0,-3.0,-10.0
545,29231,30.0,2,63,0.70921,0.5881,True,False,wall,20.0,20.0,-10.0
546,29328,37.0,3,97,0.708523,0.631,True,False,body,30.0,17.0,-10.0
547,29400,14.0,1,72,0.708013,0.6563,True,False,wall,10.0,14.0,-10.0
548,29428,-5.0,0,28,0.707814,1.0232,True,False,wall,0.0,5.0,-10.0
549,29458,-13.0,0,30,0.707602,1.1897,True,False,wall,0.0,-3.0,-10.0
550,29522,38.0,3,64,0.707149,0.8049,True,False,wall,30.0,18.0,-10.0
551,29583,45.0,3,61,0.706718,0.6905,True,False,body,30.0,25.0,-10.0
552,29621,25.0,2,38,0.70645,0.6567,True,False,wall,20.0,15.0,-10.0
553,29645,-5.0,0,24,0.70628,0.687,True,False,wall,0.0,5.0,-10.0
554,29722,26.0,2,77,0.705737,0.5625,True,False,wall,20.0,16.0,-10.0
555,29759,-1.0,1,37,0.705475,0.6679,True,False,wall,10.0,-1.0,-10.0
556,29827,40.0,3,68,0.704996,0.6649,True,False,body,30.0,20.0,-10.0
557,29864,-4.0,0,37,0.704735,0.6067,True,False,wall,0.0,6.0,-10.0
558,29906,-1.0,0,42,0.704439,0.7741,True,False,wall,0.0,9.0,-10.0
559,29994,8.0,1,88,0.70382,0.7443,True,False,wall,10.0,8.0,-10.0
560,30034,-11.0,0,40,0.703538,0.7776,True,False,wall,0.0,-1.0,-10.0
561,30046,-7.0,0,12,0.703454,0.9699,True,False,wall,0.0,3.0,-10.0
562,30114,18.0,1,68,0.702975,0.9718,True,False,wall,10.0,18.0,-10.0
563,30158,32.0,3,44,0.702666,0.801,True,False,body,30.0,12.0,-10.0
564,30234,39.0,2,76,0.702132,0.882,True,False,wall,20.0,29.0,-10.0
565,30320,33.0,2,86,0.701529,0.8683,True,False,wall,20.0,23.0,-10.0
566,30363,3.0,1,43,0.701227,0.9334,True,False,wall,10.0,3.0,-10.0
567,30373,-5.0,0,10,0.701157,0.8334,True,False,wall,0.0,5.0,-10.0
568,30410,-6.0,0,37,0.700898,0.847,True,False,wall,0.0,4.0,-10.0
569,30443,7.0,1,33,0.700666,0.8141,True,False,wall,10.0,7.0,-10.0
570,30593,44.0,3,150,0.699616,0.6976,True,False,body,30.0,24.0,-10.0
571,30654,35.0,3,61,0.69919,0.8303,True,False,body,30.0,15.0,-10.0
572,30708,-1.0,0,54,0.698812,0.7044,True,False,wall,0.0,9.0,-10.0
573,30721,7.0,1,13,0.698721,0.6238,True,False,wall,10.0,7.0,-10.0
574,30900,40.0,2,179,0.697472,0.7908,True,False,wall,20.0,30.0,-10.0
575,30968,46.0,3,68,0.696998,0.899,True,False,body,30.0,26.0,-10.0
576,31005,33.0,3,37,0.69674,0.7703,True,False,body,30.0,13.0,-10.0
577,31140,58.0,4,135,0.6958,0.7682,True,False,wall,40.0,28.0,-10.0
578,31203,47.0,3,63,0.695362,0.7652,True,False,body,30.0,27.0,-10.0
579,31222,-4.0,0,19,0.695229,0.6962,True,False,wall,0.0,6.0,-10.0
580,31266,23.0,2,44,0.694924,1.2403,True,False,wall,20.0,13.0,-10.0
581,31383,16.0,2,117,0.694111,1.1711,True,False,wall,20.0,6.0,-10.0
582,31445,16.0,1,62,0.693681,0.8911,True,False,wall,10.0,16.0,-10.0
583,31486,-2.0,0,41,0.693396,0.7312,True,False,wall,0.0,8.0,-10.0
584,31519,-16.0,0,33,0.693168,0.8439,True,False,wall,0.0,-6.0,-10.0
585,31633,50.0,3,114,0.692378,0.7457,True,False,wall,30.0,30.0,-10.0
586,31659,-2.0,1,26,0.692198,0.8739,True,False,wall,10.0,-2.0,-10.0
587,31676,5.0,1,17,0.69208,0.8324,True,False,wall,10.0,5.0,-10.0
588,31691,-6.0,0,15,0.691976,0.7146,True,False,wall,0.0,4.0,-10.0
589,31707,-7.0,0,16,0.691866,1.623,True,False,wall,0.0,3.0,-10.0
590,31772,27.0,3,65,0.691416,0.9509,True,False,body,30.0,7.0,-10.0
591,31796,-3.0,0,24,0.69125,0.8311,True,False,wall,0.0,7.0,-10.0
592,31864,40.0,3,68,0.69078,0.7024,True,False,body,30.0,20.0,-10.0
593,31908,6.0,1,44,0.690477,0.6781,True,False,wall,10.0,6.0,-10.0
594,31948,16.0,1,40,0.6902,0.708,True,False,wall,10.0,16.0,-10.0
595,32033,29.0,3,85,0.689614,0.6429,True,False,body,30.0,9.0,-10.0
596,32054,5.0,1,21,0.689469,0.8313,True,False,wall,10.0,5.0,-10.0
597,32069,11.0,1,15,0.689366,0.6518,True,False,wall,10.0,11.0,-10.0
598,32099,-5.0,0,30,0.689159,0.6392,True,False,wall,0.0,5.0,-10.0
599,32183,4.0,1,84,0.68858,0.6065,True,False,wall,10.0,4.0,-10.0
600,32292,52.0,4,109,0.68783,0.7541,True,False,wall,40.0,22.0,-10.0
601,32339,26.0,2,47,0.687507,1.0311,True,False,wall,20.0,16.0,-10.0
602,32417,39.0,2,78,0.686971,0.6354,True,False,wall,20.0,29.0,-10.0
603,32468,20.0,2,51,0.686621,0.6669,True,False,wall,20.0,10.0,-10.0
604,32519,24.0,2,51,0.686271,0.7054,True,False,wall,20.0,14.0,-10.0
605,32536,11.0,1,17,0.686154,0.9825,True,False,wall,10.0,11.0,-10.0
606,32574,-4.0,1,38,0.685893,0.6121,True,False,wall,10.0,-4.0,-10.0
607,32619,2.0,0,45,0.685585,0.7887,True,False,wall,0.0,12.0,-10.0
608,32684,13.0,1,65,0.685139,0.755,True,False,wall,10.0,13.0,-10.0
609,32698,-13.0,0,14,0.685043,1.0706,True,False,wall,0.0,-3.0,-10.0
610,32727,11.0,1,29,0.684845,0.691,True,False,wall,10.0,11.0,-10.0
611,32806,41.0,3,79,0.684304,0.818,True,False,body,30.0,21.0,-10.0
612,32879,33.0,3,73,0.683804,0.8181,True,False,wall,30.0,13.0,-10.0
613,32906,-10.0,0,27,0.68362,0.612,True,False,wall,0.0,0.0,-10.0
614,32994,42.0,3,88,0.683019,0.6223,True,False,wall,30.0,22.0,-10.0
615,33006,8.0,1,12,0.682937,0.4823,True,False,wall,10.0,8.0,-10.0
616,33095,27.0,3,89,0.682329,0.6072,True,False,body,30.0,7.0,-10.0
617,33112,-4.0,0,17,0.682213,0.8063,True,False,wall,0.0,6.0,-10.0
618,33135,-10.0,0,23,0.682056,0.7522,True,False,wall,0.0,0.0,-10.0
619,33156,-18.0,0,21,0.681913,0.5706,True,False,wall,0.0,-8.0,-10.0
620,33197,5.0,1,41,0.681633,0.6135,True,False,wall,10.0,5.0,-10.0
621,33293,48.0,3,96,0.680979,0.7777,True,False,body,30.0,28.0,-10.0
622,33398,21.0,1,105,0.680265,0.7521,True,False,wall,10.0,21.0,-10.0
623,33496,56.0,3,98,0.679598,0.7224,True,False,wall,30.0,36.0,-10.0
624,33563,47.0,3,67,0.679143,0.7903,True,False,body,30.0,27.0,-10.0
625,33700,53.0,3,137,0.678213,0.8915,True,False,body,30.0,33.0,-10.0
626,33716,8.0,1,16,0.678105,0.8409,True,False,wall,10.0,8.0,-10.0
627,33766,14.0,1,50,0.677766,0.9823,True,False,wall,10.0,14.0,-10.0
628,33867,41.0,3,101,0.677082,0.6866,True,False,body,30.0,21.0,-10.0
629,33885,-7.0,0,18,0.67696,1.0062,True,False,wall,0.0,3.0,-10.0
630,33949,14.0,1,64,0.676527,1.0296,True,False,wall,10.0,14.0,-10.0
631,34017,20.0,1,68,0.676067,0.5835,True,False,wall,10.0,20.0,-10.0
632,34055,0.0,1,38,0.67581,0.651,True,False,wall,10.0,0.0,-10.0
633,34121,18.0,1,66,0.675364,0.572,True,False,wall,10.0,18.0,-10.0
634,34151,-11.0,0,30,0.675162,0.7008,True,False,wall,0.0,-1.0,-10.0
635,34182,24.0,2,31,0.674952,0.6619,True,False,wall,20.0,14.0,-10.0
636,34235,21.0,1,53,0.674595,0.5984,True,False,wall,10.0,21.0,-10.0
637,34349,60.0,3,114,0.673826,0.6735,True,False,body,30.0,40.0,-10.0
638,34387,23.0,2,38,0.67357,0.5804,True,False,wall,20.0,13.0,-10.0
639,34503,32.0,3,116,0.672789,0.6728,True,False,body,30.0,12.0,-10.0
640,34541,1.0,0,38,0.672534,0.6678,True,False,wall,0.0,11.0,-10.0
641,34688,51.0,3,147,0.671546,0.5812,True,False,body,30.0,31.0,-10.0
642,34706,6.0,1,18,0.671425,0.7945,True,False,wall,10.0,6.0,-10.0
643,34734,-7.0,0,28,0.671237,0.9178,True,False,wall,0.0,3.0,-10.0
644,34765,-14.0,0,31,0.671029,1.06,True,False,wall,0.0,-4.0,-10.0
645,34815,-9.0,0,50,0.670693,0.9311,True,False,wall,0.0,1.0,-10.0
646,34876,37.0,3,61,0.670284,0.5312,True,False,body,30.0,17.0,-10.0
647,34913,9.0,1,37,0.670036,0.71,True,False,wall,10.0,9.0,-10.0
648,34963,16.0,1,50,0.669701,0.5626,True,False,wall,10.0,16.0,-10.0
649,34988,0.0,0,25,0.669534,0.5396,True,False,wall,0.0,10.0,-10.0
650,35013,-6.0,0,25,0.669367,0.672,True,False,wall,0.0,4.0,-10.0
651,35074,33.0,3,61,0.668958,0.5549,True,False,body,30.0,13.0,-10.0
652,35090,12.0,1,16,0.668851,0.852,True,False,wall,10.0,12.0,-10.0
653,35125,9.0,1,35,0.668617,0.5884,True,False,wall,10.0,9.0,-10.0
654,35226,19.0,1,101,0.667942,0.5267,True,False,wall,10.0,19.0,-10.0
655,35327,51.0,3,101,0.667268,0.5112,True,False,body,30.0,31.0,-10.0
656,35353,-11.0,0,26,0.667095,0.6412,True,False,wall,0.0,-1.0,-10.0
657,35433,37.0,2,80,0.666561,0.7663,True,False,wall,20.0,27.0,-10.0
658,35469,8.0,1,36,0.666321,0.6731,True,False,wall,10.0,8.0,-10.0
659,35498,15.0,1,29,0.666128,0.6754,True,False,wall,10.0,15.0,-10.0
660,35571,7.0,1,73,0.665642,0.6773,True,False,wall,10.0,7.0,-10.0
661,35601,-19.0,0,30,0.665442,0.5654,True,False,wall,0.0,-9.0,-10.0
662,35665,28.0,3,64,0.665017,0.6257,True,False,wall,30.0,8.0,-10.0
663,35687,11.0,2,22,0.66487,0.6855,True,False,wall,20.0,1.0,-10.0
664,35740,33.0,3,53,0.664518,0.598,True,False,body,30.0,13.0,-10.0
665,35775,11.0,1,35,0.664285,0.8828,True,False,wall,10.0,11.0,-10.0
666,35819,36.0,3,44,0.663993,0.6798,True,False,body,30.0,16.0,-10.0
667,35838,7.0,1,19,0.663867,0.6466,True,False,wall,10.0,7.0,-10.0
668,35917,45.0,3,79,0.663343,0.9447,True,False,body,30.0,25.0,-10.0
669,35954,-16.0,0,37,0.663097,1.3417,True,False,wall,0.0,-6.0,-10.0
670,35988,19.0,2,34,0.662872,0.8311,True,False,wall,20.0,9.0,-10.0
671,36043,36.0,2,55,0.662508,0.633,True,False,wall,20.0,26.0,-10.0
672,36142,37.0,3,99,0.661852,0.655,True,False,body,30.0,17.0,-10.0
673,36194,19.0,2,52,0.661508,0.608,True,False,wall,20.0,9.0,-10.0
674,36207,-4.0,0,13,0.661422,0.5905,True,False,wall,0.0,6.0,-10.0
675,36235,-5.0,0,28,0.661237,0.5188,True,False,wall,0.0,5.0,-10.0
676,36251,1.0,0,16,0.661131,0.4946,True,False,wall,0.0,11.0,-10.0
677,36299,6.0,1,48,0.660814,0.6836,True,False,wall,10.0,6.0,-10.0
678,36333,3.0,0,34,0.660589,0.6337,True,False,wall,0.0,13.0,-10.0
679,36384,-6.0,0,51,0.660252,0.622,True,False,wall,0.0,4.0,-10.0
680,36448,29.0,2,64,0.65983,0.6894,True,False,wall,20.0,19.0,-10.0
681,36463,-2.0,0,15,0.659731,0.8023,True,False,wall,0.0,8.0,-10.0
682,36511,25.0,2,48,0.659414,0.6264,True,False,wall,20.0,15.0,-10.0
683,36526,-8.0,0,15,0.659315,0.7343,True,False,wall,0.0,2.0,-10.0
684,36614,58.0,3,88,0.658735,0.6576,True,False,body,30.0,38.0,-10.0
685,36659,-6.0,0,45,0.658439,0.6435,True,False,wall,0.0,4.0,-10.0
686,36695,-3.0,0,36,0.658202,1.1416,True,False,wall,0.0,7.0,-10.0
687,36710,-8.0,0,15,0.658103,0.8399,True,False,wall,0.0,2.0,-10.0
688,36753,5.0,1,43,0.65782,0.726,True,False,wall,10.0,5.0,-10.0
689,36796,-14.0,0,43,0.657538,0.5907,True,False,wall,0.0,-4.0,-10.0
690,36875,75.0,5,79,0.657018,0.6093,True,False,body,50.0,35.0,-10.0
691,36900,3.0,1,25,0.656854,0.7584,True,False,wall,10.0,3.0,-10.0
692,36996,36.0,3,96,0.656224,0.6484,True,False,body,30.0,16.0,-10.0
693,37018,-13.0,0,22,0.65608,0.862,True,False,wall,0.0,-3.0,-10.0
694,37079,11.0,1,61,0.655679,0.5907,True,False,wall,10.0,11.0,-10.0
695,37108,29.0,3,29,0.655489,0.7239,True,False,wall,30.0,9.0,-10.0
696,37192,37.0,2,84,0.654939,0.6278,True,False,wall,20.0,27.0,-10.0
697,37203,-2.0,0,11,0.654867,0.8696,True,False,wall,0.0,8.0,-10.0
698,37318,36.0,2,115,0.654114,0.7974,True,False,wall,20.0,26.0,-10.0
699,37336,-1.0,0,18,0.653996,0.6382,True,False,wall,0.0,9.0,-10.0
700,37398,23.0,2,62,0.653591,0.6121,True,False,wall,20.0,13.0,-10.0
701,37450,-5.0,0,52,0.653251,0.7448,True,False,wall,0.0,5.0,-10.0
702,37501,29.0,3,51,0.652918,0.5568,True,False,body,30.0,9.0,-10.0
703,37645,52.0,3,144,0.651979,0.8021,True,False,body,30.0,32.0,-10.0
704,37661,-3.0,0,16,0.651874,0.5669,True,False,wall,0.0,7.0,-10.0
705,37705,23.0,2,44,0.651588,0.6823,True,False,wall,20.0,13.0,-10.0
706,37782,63.0,5,77,0.651086,0.6529,True,False,body,50.0,23.0,-10.0
707,37823,15.0,1,41,0.650819,0.86,True,False,wall,10.0,15.0,-10.0
708,37850,0.0,0,27,0.650644,0.6924,True,False,wall,0.0,10.0,-10.0
709,37960,27.0,2,110,0.649928,0.6947,True,False,wall,20.0,17.0,-10.0
710,38051,78.0,4,91,0.649337,0.5772,True,False,body,40.0,48.0,-10.0
711,38121,34.0,3,70,0.648883,0.549,True,False,body,30.0,14.0,-10.0
712,38198,45.0,3,77,0.648383,0.5022,True,False,body,30.0,25.0,-10.0
713,38324,46.0,3,126,0.647567,0.6841,True,False,body,30.0,26.0,-10.0
714,38352,10.0,1,28,0.647386,0.6411,True,False,wall,10.0,10.0,-10.0
715,38433,55.0,3,81,0.646861,0.6655,True,False,body,30.0,35.0,-10.0
716,38457,10.0,1,24,0.646706,0.6868,True,False,wall,10.0,10.0,-10.0
717,38473,6.0,1,16,0.646603,0.7684,True,False,wall,10.0,6.0,-10.0
718,38542,37.0,3,69,0.646157,0.5959,True,False,wall,30.0,17.0,-10.0
719,38671,35.0,3,129,0.645324,0.6141,True,False,body,30.0,15.0,-10.0
720,38720,-2.0,0,49,0.645008,0.6022,True,False,wall,0.0,8.0,-10.0
721,38769,18.0,2,49,0.644692,0.5513,True,False,wall,20.0,8.0,-10.0
722,38828,47.0,3,59,0.644311,0.5025,True,False,wall,30.0,27.0,-10.0
723,38842,-7.0,0,14,0.644221,0.4949,True,False,wall,0.0,3.0,-10.0
724,38935,45.0,3,93,0.643622,0.6513,True,False,body,30.0,25.0,-10.0
725,38951,-1.0,0,16,0.643519,0.6305,True,False,wall,0.0,9.0,-10.0
726,39038,41.0,3,87,0.64296,0.6547,True,False,body,30.0,21.0,-10.0
727,39059,-12.0,0,21,0.642825,0.6795,True,False,wall,0.0,-2.0,-10.0
728,39148,45.0,3,89,0.642253,0.6663,True,False,body,30.0,25.0,-10.0
729,39191,24.0,2,43,0.641977,0.5417,True,False,wall,20.0,14.0,-10.0
730,39265,3.0,0,74,0.641502,0.5567,True,False,wall,0.0,13.0,-10.0
731,39328,43.0,3,63,0.641098,0.5316,True,False,body,30.0,23.0,-10.0
732,39463,49.0,3,135,0.640233,0.6256,True,False,wall,30.0,29.0,-10.0
733,39508,41.0,3,45,0.639945,0.8854,True,False,body,30.0,21.0,-10.0
734,39520,-3.0,0,12,0.639868,1.1329,True,False,wall,0.0,7.0,-10.0
735,39585,28.0,2,65,0.639452,0.9344,True,False,wall,20.0,18.0,-10.0
736,39635,40.0,3,50,0.639133,0.8474,True,False,body,30.0,20.0,-10.0
737,39676,31.0,3,41,0.638871,0.8355,True,False,body,30.0,11.0,-10.0
738,39697,-6.0,0,21,0.638736,0.6713,True,False,wall,0.0,4.0,-10.0
739,39756,18.0,2,59,0.63836,0.7253,True,False,wall,20.0,8.0,-10.0
740,39785,-8.0,0,29,0.638175,0.7892,True,False,wall,0.0,2.0,-10.0
741,39832,17.0,1,47,0.637875,0.8686,True,False,wall,10.0,17.0,-10.0
742,39844,2.0,1,12,0.637798,0.5934,True,False,wall,10.0,2.0,-10.0
743,39881,20.0,2,37,0.637562,0.6933,True,False,wall,20.0,10.0,-10.0
744,39923,-7.0,0,42,0.637295,0.671,True,False,wall,0.0,3.0,-10.0
745,39979,28.0,1,56,0.636938,0.6574,True,False,wall,10.0,28.0,-10.0
746,40027,2.0,1,48,0.636632,0.7625,True,False,wall,10.0,2.0,-10.0
747,40102,47.0,3,75,0.636155,0.6813,True,False,body,30.0,27.0,-10.0
748,40171,24.0,2,69,0.635716,0.7186,True,False,wall,20.0,14.0,-10.0
749,40288,74.0,4,117,0.634973,0.659,True,False,wall,40.0,44.0,-10.0
750,40315,-10.0,0,27,0.634801,0.6594,True,False,wall,0.0,0.0,-10.0
751,40346,9.0,1,31,0.634605,0.7686,True,False,wall,10.0,9.0,-10.0
752,40375,-3.0,1,29,0.634421,0.7882,True,False,wall,10.0,-3.0,-10.0
753,40437,19.0,2,62,0.634027,0.6614,True,False,wall,20.0,9.0,-10.0
754,40499,18.0,1,62,0.633634,0.55,True,False,wall,10.0,18.0,-10.0
755,40508,-6.0,0,9,0.633577,0.6173,True,False,wall,0.0,4.0,-10.0
756,40576,-5.0,0,68,0.633147,0.6434,True,False,wall,0.0,5.0,-10.0
757,40694,48.0,3,118,0.6324,0.6002,True,False,body,30.0,28.0,-10.0
758,40781,43.0,3,87,0.63185,0.6342,True,False,wall,30.0,23.0,-10.0
759,40853,56.0,3,72,0.631395,0.5207,True,False,body,30.0,36.0,-10.0
760,40926,13.0,1,73,0.630934,0.6444,True,False,wall,10.0,13.0,-10.0
761,41053,31.0,3,127,0.630134,0.6137,True,False,body,30.0,11.0,-10.0
762,41101,-1.0,0,48,0.629831,0.5143,True,False,wall,0.0,9.0,-10.0
763,41169,8.0,1,68,0.629403,0.66,True,False,wall,10.0,8.0,-10.0
764,41227,50.0,3,58,0.629038,0.5217,True,False,body,30.0,30.0,-10.0
765,41278,30.0,2,51,0.628717,0.6462,True,False,wall,20.0,20.0,-10.0
766,41349,55.0,3,71,0.628271,0.5913,True,False,body,30.0,35.0,-10.0
767,41395,17.0,2,46,0.627982,0.6716,True,False,wall,20.0,7.0,-10.0
768,41416,0.0,0,21,0.62785,0.6393,True,False,wall,0.0,10.0,-10.0
769,41488,35.0,2,72,0.627399,0.7102,True,False,wall,20.0,25.0,-10.0
770,41614,53.0,2,126,0.626609,0.8073,True,False,wall,20.0,43.0,-10.0
771,41651,0.0,0,37,0.626377,0.8194,True,False,wall,0.0,10.0,-10.0
772,41700,43.0,3,49,0.62607,0.5853,True,False,body,30.0,23.0,-10.0
773,41768,24.0,1,68,0.625644,0.5983,True,False,wall,10.0,24.0,-10.0
774,41800,23.0,2,32,0.625444,0.5645,True,False,wall,20.0,13.0,-10.0
775,41813,-2.0,0,13,0.625363,0.7152,True,False,wall,0.0,8.0,-10.0
776,41834,-8.0,0,21,0.625232,0.5019,True,False,wall,0.0,2.0,-10.0
777,41895,39.0,3,61,0.62485,0.618,True,False,body,30.0,19.0,-10.0
778,41978,30.0,2,83,0.624332,0.6095,True,False,wall,20.0,20.0,-10.0
779,42059,33.0,3,81,0.623826,0.6988,True,False,wall,30.0,13.0,-10.0
780,42106,24.0,2,47,0.623533,1.0097,True,False,wall,20.0,14.0,-10.0
781,42226,42.0,3,120,0.622785,0.7724,True,False,body,30.0,22.0,-10.0
782,42254,10.0,1,28,0.622611,0.5191,True,False,wall,10.0,10.0,-10.0
783,42348,63.0,4,94,0.622026,0.6154,True,False,wall,40.0,33.0,-10.0
784,42424,52.0,3,76,0.621553,0.5805,True,False,body,30.0,32.0,-10.0
785,42454,29.0,2,30,0.621367,0.7084,True,False,wall,20.0,19.0,-10.0
786,42483,-2.0,0,29,0.621187,0.604,True,False,wall,0.0,8.0,-10.0
787,42529,6.0,1,46,0.620901,0.5863,True,False,wall,10.0,6.0,-10.0
788,42580,41.0,3,51,0.620585,0.8357,True,False,body,30.0,21.0,-10.0
789,42605,11.0,1,25,0.62043,0.717,True,False,wall,10.0,11.0,-10.0
790,42628,25.0,3,23,0.620287,0.8057,True,False,body,30.0,5.0,-10.0
791,42700,67.0,4,72,0.61984,0.7281,True,False,wall,40.0,37.0,-10.0
792,42739,41.0,3,39,0.619599,0.659,True,False,wall,30.0,21.0,-10.0
793,42807,37.0,2,68,0.619178,0.5825,True,False,wall,20.0,27.0,-10.0
794,42908,69.0,5,101,0.618552,0.7398,True,False,wall,50.0,29.0,-10.0
795,43001,23.0,1,93,0.617977,0.7164,True,False,wall,10.0,23.0,-10.0
796,43025,8.0,1,24,0.617829,0.5823,True,False,wall,10.0,8.0,-10.0
797,43045,14.0,1,20,0.617706,0.5205,True,False,wall,10.0,14.0,-10.0
798,43209,106.0,5,164,0.616693,0.6071,True,False,wall,50.0,66.0,-10.0
799,43235,6.0,1,26,0.616533,0.6005,True,False,wall,10.0,6.0,-10.0
800,43267,36.0,3,32,0.616336,0.5484,True,False,wall,30.0,16.0,-10.0
801,43336,29.0,3,69,0.615911,0.5012,True,False,body,30.0,9.0,-10.0
802,43367,13.0,1,31,0.61572,0.4955,True,False,wall,10.0,13.0,-10.0
803,43463,49.0,4,96,0.615129,0.613,True,False,wall,40.0,19.0,-10.0
804,43489,21.0,2,26,0.614969,0.5325,True,False,wall,20.0,11.0,-10.0
805,43558,20.0,2,69,0.614545,0.5893,True,False,wall,20.0,10.0,-10.0
806,43575,-2.0,0,17,0.61444,0.6608,True,False,wall,0.0,8.0,-10.0
807,43588,5.0,1,13,0.614361,0.599,True,False,wall,10.0,5.0,-10.0
808,43623,11.0,1,35,0.614146,0.6105,True,False,wall,10.0,11.0,-10.0
809,43695,39.0,2,72,0.613704,0.5328,True,False,wall,20.0,29.0,-10.0
810,43760,26.0,2,65,0.613305,0.5075,True,False,wall,20.0,16.0,-10.0
811,43800,24.0,1,40,0.613059,0.5804,True,False,wall,10.0,24.0,-10.0
812,43877,36.0,2,77,0.612588,0.6474,True,False,wall,20.0,26.0,-10.0
813,43910,2.0,0,33,0.612385,0.7295,True,False,wall,0.0,12.0,-10.0
814,43971,37.0,3,61,0.612012,0.5791,True,False,wall,30.0,17.0,-10.0
815,44073,48.0,3,102,0.611388,0.5841,True,False,body,30.0,28.0,-10.0
816,44151,46.0,3,78,0.610911,0.5467,True,False,body,30.0,26.0,-10.0
817,44162,0.0,0,11,0.610844,0.5972,True,False,wall,0.0,10.0,-10.0
818,44181,11.0,1,19,0.610728,0.5947,True,False,wall,10.0,11.0,-10.0
819,44207,-1.0,0,26,0.610569,0.5821,True,False,wall,0.0,9.0,-10.0
820,44244,17.0,1,37,0.610344,0.8185,True,False,wall,10.0,17.0,-10.0
821,44298,53.0,4,54,0.610014,0.6954,True,False,body,40.0,23.0,-10.0
822,44346,0.0,1,48,0.609721,0.7457,True,False,wall,10.0,0.0,-10.0
823,44380,27.0,2,34,0.609514,0.6205,True,False,wall,20.0,17.0,-10.0
824,44406,-3.0,0,26,0.609356,0.6798,True,False,wall,0.0,7.0,-10.0
825,44481,54.0,4,75,0.608899,0.6459,True,False,body,40.0,24.0,-10.0
826,44556,41.0,3,75,0.608442,0.6316,True,False,wall,30.0,21.0,-10.0
827,44593,13.0,1,37,0.608217,0.7377,True,False,wall,10.0,13.0,-10.0
828,44675,53.0,4,82,0.607719,0.7611,True,False,body,40.0,23.0,-10.0
829,44700,-2.0,0,25,0.607567,0.7301,True,False,wall,0.0,8.0,-10.0
830,44750,21.0,2,50,0.607263,0.6716,True,False,wall,20.0,11.0,-10.0
831,44775,9.0,1,25,0.607111,0.7414,True,False,wall,10.0,9.0,-10.0
832,44822,43.0,3,47,0.606826,0.8525,True,False,wall,30.0,23.0,-10.0
833,44877,34.0,2,55,0.606492,0.8735,True,False,wall,20.0,24.0,-10.0
834,44904,13.0,1,27,0.606329,0.8345,True,False,wall,10.0,13.0,-10.0
835,44972,27.0,2,68,0.605916,0.6866,True,False,wall,20.0,17.0,-10.0
836,45037,24.0,2,65,0.605523,0.7553,True,False,wall,20.0,14.0,-10.0
837,45112,43.0,3,75,0.605069,0.6852,True,False,body,30.0,23.0,-10.0
838,45152,27.0,2,40,0.604827,0.5555,True,False,wall,20.0,17.0,-10.0
839,45261,37.0,3,109,0.604168,0.526,True,False,body,30.0,17.0,-10.0
840,45325,31.0,2,64,0.603781,0.5553,True,False,wall,20.0,21.0,-10.0
841,45364,34.0,2,39,0.603546,0.5854,True,False,wall,20.0,24.0,-10.0
842,45437,37.0,3,73,0.603105,0.5389,True,False,wall,30.0,17.0,-10.0
843,45450,7.0,1,13,0.603027,0.4099,True,False,wall,10.0,7.0,-10.0
844,45499,32.0,2,49,0.602732,0.4936,True,False,wall,20.0,22.0,-10.0
845,45545,32.0,3,46,0.602454,0.5006,True,False,body,30.0,12.0,-10.0
846,45612,19.0,1,67,0.602051,0.5282,True,False,wall,10.0,19.0,-10.0
847,45691,17.0,1,79,0.601575,0.7674,True,False,wall,10.0,17.0,-10.0
848,45764,15.0,1,73,0.601136,0.6785,True,False,wall,10.0,15.0,-10.0
849,45842,61.0,4,78,0.600668,0.639,True,False,wall,40.0,31.0,-10.0
850,45904,34.0,3,62,0.600295,0.6037,True,False,body,30.0,14.0,-10.0
851,45936,14.0,1,32,0.600103,0.5809,True,False,wall,10.0,14.0,-10.0
852,45997,41.0,3,61,0.599737,0.5101,True,False,wall,30.0,21.0,-10.0
853,46075,62.0,3,78,0.59927,0.5694,True,False,body,30.0,42.0,-10.0
854,46087,-1.0,0,12,0.599198,0.4928,True,False,wall,0.0,9.0,-10.0
855,46145,31.0,2,58,0.598851,0.5492,True,False,wall,20.0,21.0,-10.0
856,46195,-5.0,0,50,0.598551,0.7358,True,False,wall,0.0,5.0,-10.0
857,46263,26.0,1,68,0.598144,0.7272,True,False,wall,10.0,26.0,-10.0
858,46304,20.0,2,41,0.597899,0.7361,True,False,wall,20.0,10.0,-10.0
859,46338,8.0,1,34,0.597696,0.813,True,False,wall,10.0,8.0,-10.0
860,46417,53.0,3,79,0.597224,0.6906,True,False,body,30.0,33.0,-10.0
861,46450,-4.0,0,33,0.597027,0.5171,True,False,wall,0.0,6.0,-10.0
862,46506,26.0,3,56,0.596693,0.7242,True,False,body,30.0,6.0,-10.0
863,46597,26.0,2,91,0.59615,0.795,True,False,wall,20.0,16.0,-10.0
864,46619,1.0,0,22,0.596019,0.6322,True,False,wall,0.0,11.0,-10.0
865,46667,2.0,1,48,0.595733,0.697,True,False,wall,10.0,2.0,-10.0
866,46723,25.0,2,56,0.595399,0.7237,True,False,wall,20.0,15.0,-10.0
867,46806,28.0,2,83,0.594905,0.6853,True,False,wall,20.0,18.0,-10.0
868,46902,59.0,4,96,0.594334,0.7037,True,False,body,40.0,29.0,-10.0
869,46978,48.0,3,76,0.593883,0.59,True,False,wall,30.0,28.0,-10.0
870,47033,7.0,1,55,0.593556,0.6736,True,False,wall,10.0,7.0,-10.0
871,47077,42.0,3,44,0.593295,0.6098,True,False,body,30.0,22.0,-10.0
872,47243,68.0,3,166,0.592311,0.7426,True,False,body,30.0,48.0,-10.0
873,47283,12.0,1,40,0.592074,0.6442,True,False,wall,10.0,12.0,-10.0
874,47363,51.0,2,80,0.591601,0.601,True,False,wall,20.0,41.0,-10.0
875,47442,39.0,3,79,0.591134,0.7966,True,False,body,30.0,19.0,-10.0
876,47539,30.0,2,97,0.59056,0.6564,True,False,wall,20.0,20.0,-10.0
877,47577,22.0,3,38,0.590336,0.6016,True,False,body,30.0,2.0,-10.0
878,47610,-4.0,0,33,0.590141,0.599,True,False,wall,0.0,6.0,-10.0
879,47637,22.0,2,27,0.589982,0.4547,True,False,wall,20.0,12.0,-10.0
880,47685,16.0,1,48,0.589699,0.6807,True,False,wall,10.0,16.0,-10.0
881,47740,48.0,4,55,0.589375,0.5705,True,False,body,40.0,18.0,-10.0
882,47771,-10.0,0,31,0.589192,0.5767,True,False,wall,0.0,0.0,-10.0
883,47826,37.0,3,55,0.588868,0.5307,True,False,wall,30.0,17.0,-10.0
884,47977,63.0,3,151,0.587979,0.6379,True,False,body,30.0,43.0,-10.0
885,48053,42.0,3,76,0.587533,0.5751,True,False,body,30.0,22.0,-10.0
886,48089,6.0,1,36,0.587321,0.685,True,False,wall,10.0,6.0,-10.0
887,48146,31.0,3,57,0.586987,0.6486,True,False,body,30.0,11.0,-10.0
888,48165,9.0,1,19,0.586875,0.546,True,False,wall,10.0,9.0,-10.0
889,48205,12.0,1,40,0.58664,0.6038,True,False,wall,10.0,12.0,-10.0
890,48238,7.0,1,33,0.586447,0.5891,True,False,wall,10.0,7.0,-10.0
891,48265,9.0,1,27,0.586288,0.6241,True,False,wall,10.0,9.0,-10.0
892,48282,0.0,0,17,0.586189,0.6117,True,False,wall,0.0,10.0,-10.0
893,48313,30.0,2,31,0.586007,0.593,True,False,wall,20.0,20.0,-10.0
894,48411,35.0,2,98,0.585433,0.617,True,False,wall,20.0,25.0,-10.0
895,48447,33.0,2,36,0.585222,0.5834,True,False,wall,20.0,23.0,-10.0
896,48521,50.0,3,74,0.58479,0.6028,True,False,wall,30.0,30.0,-10.0
897,48543,15.0,2,22,0.584661,0.6909,True,False,wall,20.0,5.0,-10.0
898,48615,39.0,2,72,0.58424,0.6147,True,False,wall,20.0,29.0,-10.0
899,48649,25.0,2,34,0.584041,0.5971,True,False,wall,20.0,15.0,-10.0
900,48727,56.0,3,78,0.583586,0.5915,True,False,body,30.0,36.0,-10.0
901,48799,48.0,3,72,0.583166,0.5906,True,False,body,30.0,28.0,-10.0
902,48846,21.0,1,47,0.582892,0.5806,True,False,wall,10.0,21.0,-10.0
903,48951,49.0,3,105,0.58228,0.5899,True,False,wall,30.0,29.0,-10.0
904,49025,50.0,3,74,0.58185,0.7137,True,False,body,30.0,30.0,-10.0
905,49063,17.0,2,38,0.581629,0.8012,True,False,wall,20.0,7.0,-10.0
906,49124,47.0,3,61,0.581274,0.6359,True,False,wall,30.0,27.0,-10.0
907,49179,18.0,2,55,0.580954,0.5522,True,False,wall,20.0,8.0,-10.0
908,49201,12.0,1,22,0.580826,0.5227,True,False,wall,10.0,12.0,-10.0
909,49347,35.0,2,146,0.579979,0.5275,True,False,wall,20.0,25.0,-10.0
910,49406,28.0,2,59,0.579637,0.5362,True,False,wall,20.0,18.0,-10.0
911,49448,30.0,3,42,0.579394,0.6082,True,False,wall,30.0,10.0,-10.0
912,49482,32.0,3,34,0.579197,0.5977,True,False,body,30.0,12.0,-10.0
913,49506,12.0,1,24,0.579058,0.529,True,False,wall,10.0,12.0,-10.0
914,49524,8.0,1,18,0.578953,0.5689,True,False,wall,10.0,8.0,-10.0
915,49537,7.0,1,13,0.578878,0.5431,True,False,wall,10.0,7.0,-10.0
916,49554,9.0,1,17,0.57878,0.524,True,False,wall,10.0,9.0,-10.0
917,49576,10.0,1,22,0.578652,0.5836,True,False,wall,10.0,10.0,-10.0
918,49633,51.0,3,57,0.578323,0.5706,True,False,body,30.0,31.0,-10.0
919,49667,-5.0,0,34,0.578126,0.6602,True,False,wall,0.0,5.0,-10.0
920,49709,36.0,3,42,0.577883,0.675,True,False,body,30.0,16.0,-10.0
921,49730,9.0,1,21,0.577762,0.6474,True,False,wall,10.0,9.0,-10.0
922,49767,22.0,2,37,0.577548,0.5423,True,False,wall,20.0,12.0,-10.0
923,49784,9.0,1,17,0.57745,0.7499,True,False,wall,10.0,9.0,-10.0
924,49809,9.0,1,25,0.577306,0.6462,True,False,wall,10.0,9.0,-10.0
925,49824,-6.0,0,15,0.577219,0.5268,True,False,wall,0.0,4.0,-10.0
926,49866,-1.0,0,42,0.576977,0.5028,True,False,wall,0.0,9.0,-10.0
927,49903,33.0,3,37,0.576763,0.5482,True,False,wall,30.0,13.0,-10.0
928,49951,40.0,3,48,0.576487,0.6224,True,False,body,30.0,20.0,-10.0
929,50006,22.0,2,55,0.57617,0.6194,True,False,wall,20.0,12.0,-10.0
930,50031,0.0,0,25,0.576026,0.5255,True,False,wall,0.0,10.0,-10.0
931,50041,-1.0,0,10,0.575968,0.5908,True,False,wall,0.0,9.0,-10.0
932,50146,47.0,3,105,0.575363,0.6094,True,False,body,30.0,27.0,-10.0
933,50244,57.0,4,98,0.5748,0.6564,True,False,wall,40.0,27.0,-10.0
934,50282,1.0,0,38,0.574582,0.9203,True,False,wall,0.0,11.0,-10.0
935,50336,10.0,1,54,0.574271,0.8857,True,False,wall,10.0,10.0,-10.0
936,50366,8.0,1,30,0.574099,0.7401,True,False,wall,10.0,8.0,-10.0
937,50486,35.0,2,120,0.573411,0.6908,True,False,wall,20.0,25.0,-10.0
938,50503,9.0,1,17,0.573313,0.7384,True,False,wall,10.0,9.0,-10.0
939,50538,11.0,1,35,0.573112,0.7147,True,False,wall,10.0,11.0,-10.0
940,50550,-1.0,0,12,0.573044,0.6836,True,False,wall,0.0,9.0,-10.0
941,50575,9.0,1,25,0.5729,0.7421,True,False,wall,10.0,9.0,-10.0
942,50597,12.0,1,22,0.572774,0.6883,True,False,wall,10.0,12.0,-10.0
943,50656,47.0,3,59,0.572437,0.7146,True,False,body,30.0,27.0,-10.0
944,50693,24.0,2,37,0.572225,0.5593,True,False,wall,20.0,14.0,-10.0
945,50775,25.0,2,82,0.571756,0.5173,True,False,wall,20.0,15.0,-10.0
946,50845,57.0,4,70,0.571356,0.5506,True,False,wall,40.0,27.0,-10.0
947,50907,50.0,3,62,0.571002,0.5258,True,False,wall,30.0,30.0,-10.0
948,50955,10.0,1,48,0.570728,0.6083,True,False,wall,10.0,10.0,-10.0
949,51066,51.0,3,111,0.570094,0.5939,True,False,body,30.0,31.0,-10.0
950,51107,43.0,3,41,0.569861,0.6816,True,False,body,30.0,23.0,-10.0
951,51140,44.0,4,33,0.569673,0.5666,True,False,body,40.0,14.0,-10.0
952,51167,9.0,1,27,0.569519,0.7036,True,False,wall,10.0,9.0,-10.0
953,51192,-4.0,0,25,0.569377,0.8846,True,False,wall,0.0,6.0,-10.0
954,51209,11.0,1,17,0.56928,0.9422,True,False,wall,10.0,11.0,-10.0
955,51230,0.0,0,21,0.56916,0.9686,True,False,wall,0.0,10.0,-10.0
956,51271,24.0,2,41,0.568927,0.8439,True,False,wall,20.0,14.0,-10.0
957,51329,42.0,3,58,0.568597,0.6766,True,False,body,30.0,22.0,-10.0
958,51371,29.0,2,42,0.568358,0.5278,True,False,wall,20.0,19.0,-10.0
959,51414,7.0,1,43,0.568114,0.6113,True,False,wall,10.0,7.0,-10.0
960,51478,29.0,2,64,0.56775,0.5507,True,False,wall,20.0,19.0,-10.0
961,51517,-8.0,0,39,0.567529,0.9492,True,False,wall,0.0,2.0,-10.0
962,51532,5.0,1,15,0.567444,0.9411,True,False,wall,10.0,5.0,-10.0
963,51606,39.0,2,74,0.567024,0.9322,True,False,wall,20.0,29.0,-10.0
964,51656,8.0,1,50,0.566741,0.7977,True,False,wall,10.0,8.0,-10.0
965,51733,53.0,3,77,0.566305,0.5936,True,False,wall,30.0,33.0,-10.0
966,51761,16.0,1,28,0.566146,0.5086,True,False,wall,10.0,16.0,-10.0
967,51839,40.0,3,78,0.565705,0.5457,True,False,body,30.0,20.0,-10.0
968,51943,88.0,5,104,0.565117,0.5963,True,False,body,50.0,48.0,-10.0
969,51969,2.0,1,26,0.56497,0.6436,True,False,wall,10.0,2.0,-10.0
970,51997,6.0,1,28,0.564811,0.7007,True,False,wall,10.0,6.0,-10.0
971,52020,9.0,1,23,0.564682,0.6848,True,False,wall,10.0,9.0,-10.0
972,52078,42.0,3,58,0.564354,0.6913,True,False,body,30.0,22.0,-10.0
973,52202,82.0,5,124,0.563655,0.6561,True,False,wall,50.0,42.0,-10.0
974,52224,10.0,1,22,0.563531,0.6242,True,False,wall,10.0,10.0,-10.0
975,52245,13.0,1,21,0.563412,1.0052,True,False,wall,10.0,13.0,-10.0
976,52266,13.0,1,21,0.563294,0.6134,True,False,wall,10.0,13.0,-10.0
977,52322,44.0,3,56,0.562979,0.6698,True,False,wall,30.0,24.0,-10.0
978,52408,27.0,2,86,0.562495,0.6046,True,False,wall,20.0,17.0,-10.0
979,52432,10.0,1,24,0.56236,0.701,True,False,wall,10.0,10.0,-10.0
980,52453,-4.0,0,21,0.562242,0.4923,True,False,wall,0.0,6.0,-10.0
981,52528,42.0,2,75,0.56182,0.5344,True,False,wall,20.0,32.0,-10.0
982,52549,20.0,2,21,0.561702,0.5146,True,False,wall,20.0,10.0,-10.0
983,52625,52.0,3,76,0.561276,0.5029,True,False,body,30.0,32.0,-10.0
984,52691,42.0,3,66,0.560905,0.6056,True,False,wall,30.0,22.0,-10.0
985,52724,28.0,2,33,0.56072,0.621,True,False,wall,20.0,18.0,-10.0
986,52751,9.0,1,27,0.560569,0.6068,True,False,wall,10.0,9.0,-10.0
987,52815,48.0,3,64,0.56021,0.5889,True,False,body,30.0,28.0,-10.0
988,52852,13.0,1,37,0.560003,0.5551,True,False,wall,10.0,13.0,-10.0
989,52940,27.0,2,88,0.55951,0.5602,True,False,wall,20.0,17.0,-10.0
990,53022,67.0,4,82,0.559052,0.699,True,False,body,40.0,37.0,-10.0
991,53100,35.0,2,78,0.558616,0.7289,True,False,wall,20.0,25.0,-10.0
992,53129,9.0,1,29,0.558454,0.968,True,False,wall,10.0,9.0,-10.0
993,53169,33.0,2,40,0.558231,0.7,True,False,wall,20.0,23.0,-10.0
994,53191,10.0,1,22,0.558108,0.7535,True,False,wall,10.0,10.0,-10.0
995,53232,11.0,1,41,0.557879,0.6686,True,False,wall,10.0,11.0,-10.0
996,53271,11.0,1,39,0.557661,0.6539,True,False,wall,10.0,11.0,-10.0
997,53304,13.0,1,33,0.557477,0.7063,True,False,wall,10.0,13.0,-10.0
998,53357,39.0,3,53,0.557182,0.6428,True,False,body,30.0,19.0,-10.0
999,53441,57.0,4,84,0.556714,0.6707,True,False,body,40.0,27.0,-10.0
1000,53460,9.0,1,19,0.556608,0.7226,True,False,wall,10.0,9.0,-10.0
1001,53506,14.0,1,46,0.556352,0.7523,True,False,wall,10.0,14.0,-10.0
1002,53588,48.0,3,82,0.555896,0.7482,True,False,wall,30.0,28.0,-10.0
1003,53638,20.0,1,50,0.555619,0.6749,True,False,wall,10.0,20.0,-10.0
1004,53671,9.0,1,33,0.555435,0.5353,True,False,wall,10.0,9.0,-10.0
1005,53711,44.0,3,40,0.555213,0.5008,True,False,body,30.0,24.0,-10.0
1006,53826,64.0,4,115,0.554575,0.7864,True,False,body,40.0,34.0,-10.0
1007,53856,10.0,1,30,0.554409,0.566,True,False,wall,10.0,10.0,-10.0
1008,53876,6.0,1,20,0.554298,0.5734,True,False,wall,10.0,6.0,-10.0
1009,53901,9.0,1,25,0.554159,0.6403,True,False,wall,10.0,9.0,-10.0
1010,54036,112.0,6,135,0.553412,0.5779,True,False,body,60.0,62.0,-10.0
1011,54084,21.0,2,48,0.553146,0.5317,True,False,wall,20.0,11.0,-10.0
1012,54133,13.0,1,49,0.552875,0.5397,True,False,wall,10.0,13.0,-10.0
1013,54205,42.0,3,72,0.552477,0.5918,True,False,body,30.0,22.0,-10.0
1014,54251,20.0,1,46,0.552223,0.6317,True,False,wall,10.0,20.0,-10.0
1015,54311,44.0,3,60,0.551892,0.6625,True,False,body,30.0,24.0,-10.0
1016,54390,51.0,3,79,0.551456,0.6169,True,False,wall,30.0,31.0,-10.0
1017,54445,21.0,1,55,0.551153,0.672,True,False,wall,10.0,21.0,-10.0
1018,54480,11.0,1,35,0.55096,0.8396,True,False,wall,10.0,11.0,-10.0
1019,54516,22.0,1,36,0.550762,0.7905,True,False,wall,10.0,22.0,-10.0
1020,54580,23.0,2,64,0.550409,0.6918,True,False,wall,20.0,13.0,-10.0
1021,54603,-2.0,0,23,0.550283,0.5709,True,False,wall,0.0,8.0,-10.0
1022,54635,32.0,3,32,0.550107,0.5885,True,False,wall,30.0,12.0,-10.0
1023,54682,38.0,2,47,0.549848,0.5423,True,False,wall,20.0,28.0,-10.0
1024,54698,-5.0,0,16,0.54976,0.5484,True,False,wall,0.0,5.0,-10.0
1025,54811,56.0,2,113,0.549139,0.5854,True,False,wall,20.0,46.0,-10.0
1026,54822,7.0,1,11,0.549079,0.606,True,False,wall,10.0,7.0,-10.0
1027,54867,24.0,2,45,0.548832,0.6232,True,False,wall,20.0,14.0,-10.0
1028,54926,35.0,3,59,0.548508,0.6318,True,False,body,30.0,15.0,-10.0
1029,55083,45.0,3,157,0.547648,0.6209,True,False,wall,30.0,25.0,-10.0
1030,55176,49.0,3,93,0.547139,0.6041,True,False,body,30.0,29.0,-10.0
1031,55225,41.0,3,49,0.54687,0.4925,True,False,body,30.0,21.0,-10.0
1032,55305,48.0,3,80,0.546433,0.5422,True,False,body,30.0,28.0,-10.0
1033,55330,-4.0,0,25,0.546297,0.5617,True,False,wall,0.0,6.0,-10.0
1034,55387,45.0,3,57,0.545985,0.6064,True,False,wall,30.0,25.0,-10.0
1035,55422,33.0,3,35,0.545794,0.5352,True,False,body,30.0,13.0,-10.0
1036,55505,56.0,4,83,0.545341,0.5593,True,False,body,40.0,26.0,-10.0
1037,55539,6.0,1,34,0.545156,0.5331,True,False,wall,10.0,6.0,-10.0
1038,55615,54.0,3,76,0.544742,0.5136,True,False,wall,30.0,34.0,-10.0
1039,55647,23.0,2,32,0.544568,0.7357,True,False,wall,20.0,13.0,-10.0
1040,55676,11.0,1,29,0.54441,0.6056,True,False,wall,10.0,11.0,-10.0
1041,55747,63.0,5,71,0.544023,0.6436,True,False,body,50.0,23.0,-10.0
1042,55833,54.0,3,86,0.543556,0.5226,True,False,wall,30.0,34.0,-10.0
1043,55876,45.0,3,43,0.543322,0.4499,True,False,body,30.0,25.0,-10.0
1044,56002,54.0,3,126,0.542638,0.7264,True,False,body,30.0,34.0,-10.0
1045,56053,9.0,1,51,0.542361,0.6697,True,False,wall,10.0,9.0,-10.0
1046,56069,-9.0,0,16,0.542274,0.6132,True,False,wall,0.0,1.0,-10.0
1047,56148,56.0,4,79,0.541846,0.6133,True,False,body,40.0,26.0,-10.0
1048,56283,51.0,3,135,0.541115,0.6077,True,False,body,30.0,31.0,-10.0
1049,56299,8.0,1,16,0.541029,0.8119,True,False,wall,10.0,8.0,-10.0
1050,56359,27.0,2,60,0.540704,0.8578,True,False,wall,20.0,17.0,-10.0
1051,56493,81.0,4,134,0.53998,0.8733,True,False,body,40.0,51.0,-10.0
1052,56526,-2.0,0,33,0.539802,0.784,True,False,wall,0.0,8.0,-10.0
1053,56662,52.0,3,136,0.539068,0.6341,True,False,wall,30.0,32.0,-10.0
1054,56678,8.0,1,16,0.538982,0.6177,True,False,wall,10.0,8.0,-10.0
1055,56756,50.0,3,78,0.538562,0.6087,True,False,wall,30.0,30.0,-10.0
1056,56779,0.0,0,23,0.538438,0.5661,True,False,wall,0.0,10.0,-10.0
1057,56903,110.0,7,124,0.537771,0.6422,True,False,wall,70.0,50.0,-10.0
1058,56928,11.0,1,25,0.537636,0.5154,True,False,wall,10.0,11.0,-10.0
1059,56986,50.0,3,58,0.537324,0.5417,True,False,body,30.0,30.0,-10.0
1060,57001,-6.0,0,15,0.537244,0.6354,True,False,wall,0.0,4.0,-10.0
1061,57047,40.0,3,46,0.536997,0.5703,True,False,body,30.0,20.0,-10.0
1062,57146,41.0,3,99,0.536465,0.6214,True,False,body,30.0,21.0,-10.0
1063,57158,-7.0,0,12,0.536401,0.6151,True,False,wall,0.0,3.0,-10.0
1064,57249,51.0,3,91,0.535913,0.5766,True,False,wall,30.0,31.0,-10.0
1065,57309,80.0,5,60,0.535592,0.6361,True,False,body,50.0,40.0,-10.0
1066,57323,6.0,1,14,0.535517,0.6347,True,False,wall,10.0,6.0,-10.0
1067,57447,66.0,3,124,0.534853,0.6336,True,False,body,30.0,46.0,-10.0
1068,57485,34.0,3,38,0.53465,0.7482,True,False,body,30.0,14.0,-10.0
1069,57521,-3.0,0,36,0.534457,0.6198,True,False,wall,0.0,7.0,-10.0
1070,57565,40.0,3,44,0.534222,0.5939,True,False,body,30.0,20.0,-10.0
1071,57656,49.0,3,91,0.533736,0.5587,True,False,body,30.0,29.0,-10.0
1072,57712,44.0,3,56,0.533438,0.7205,True,False,wall,30.0,24.0,-10.0
1073,57758,37.0,2,46,0.533192,0.6241,True,False,wall,20.0,27.0,-10.0
1074,57778,21.0,2,20,0.533086,0.6006,True,False,wall,20.0,11.0,-10.0
1075,57796,10.0,1,18,0.53299,0.5416,True,False,wall,10.0,10.0,-10.0
1076,57880,90.0,5,84,0.532542,0.5965,True,False,body,50.0,50.0,-10.0
1077,57943,39.0,3,63,0.532207,0.7264,True,False,body,30.0,19.0,-10.0
1078,57966,9.0,1,23,0.532084,0.6122,True,False,wall,10.0,9.0,-10.0
1079,58010,38.0,3,44,0.53185,0.5411,True,False,body,30.0,18.0,-10.0
1080,58060,8.0,1,50,0.531584,0.6172,True,False,wall,10.0,8.0,-10.0
1081,58104,28.0,3,44,0.531351,0.5894,True,False,body,30.0,8.0,-10.0
1082,58182,45.0,4,78,0.530936,0.5361,True,False,body,40.0,15.0,-10.0
1083,58244,78.0,5,62,0.530607,0.657,True,False,wall,50.0,38.0,-10.0
1084,58298,31.0,2,54,0.530321,0.579,True,False,wall,20.0,21.0,-10.0
1085,58318,-5.0,0,20,0.530215,0.6449,True,False,wall,0.0,5.0,-10.0
1086,58392,30.0,1,74,0.529822,0.6275,True,False,wall,10.0,30.0,-10.0
1087,58412,12.0,1,20,0.529717,0.6233,True,False,wall,10.0,12.0,-10.0
1088,58430,-5.0,0,18,0.529621,0.5489,True,False,wall,0.0,5.0,-10.0
1089,58503,65.0,5,73,0.529235,0.6632,True,False,wall,50.0,25.0,-10.0
1090,58604,54.0,4,101,0.5287,0.5937,True,False,wall,40.0,24.0,-10.0
1091,58618,13.0,2,14,0.528626,0.6907,True,False,wall,20.0,3.0,-10.0
1092,58636,8.0,1,18,0.528531,0.7319,True,False,wall,10.0,8.0,-10.0
1093,58675,11.0,1,39,0.528325,0.7164,True,False,wall,10.0,11.0,-10.0
1094,58698,13.0,1,23,0.528204,0.6867,True,False,wall,10.0,13.0,-10.0
1095,58726,17.0,2,28,0.528056,0.6562,True,False,wall,20.0,7.0,-10.0
1096,58817,33.0,3,91,0.527576,0.6234,True,False,body,30.0,13.0,-10.0
1097,58873,16.0,1,56,0.52728,0.744,True,False,wall,10.0,16.0,-10.0
1098,58927,61.0,4,54,0.526995,0.5955,True,False,body,40.0,31.0,-10.0
1099,58954,-4.0,0,27,0.526853,0.5683,True,False,wall,0.0,6.0,-10.0
1100,58986,32.0,3,32,0.526685,0.5566,True,False,wall,30.0,12.0,-10.0
1101,59016,21.0,2,30,0.526527,0.5298,True,False,wall,20.0,11.0,-10.0
1102,59052,16.0,1,36,0.526337,0.5264,True,False,wall,10.0,16.0,-10.0
1103,59176,50.0,3,124,0.525685,0.6178,True,False,wall,30.0,30.0,-10.0
1104,59198,17.0,2,22,0.525569,0.6759,True,False,wall,20.0,7.0,-10.0
1105,59259,58.0,4,61,0.525249,0.6678,True,False,body,40.0,28.0,-10.0
1106,59286,-4.0,0,27,0.525107,0.6635,True,False,wall,0.0,6.0,-10.0
1107,59334,17.0,2,48,0.524855,0.5869,True,False,wall,20.0,7.0,-10.0
1108,59348,-7.0,0,14,0.524781,0.6045,True,False,wall,0.0,3.0,-10.0
1109,59392,49.0,4,44,0.524551,0.6555,True,False,wall,40.0,19.0,-10.0
1110,59466,52.0,3,74,0.524163,0.6761,True,False,body,30.0,32.0,-10.0
1111,59538,61.0,4,72,0.523785,0.5747,True,False,body,40.0,31.0,-10.0
1112,59578,23.0,2,40,0.523576,0.601,True,False,wall,20.0,13.0,-10.0
1113,59652,21.0,2,74,0.523189,0.9767,True,False,wall,20.0,11.0,-10.0
1114,59755,75.0,5,103,0.52265,0.7978,True,False,body,50.0,35.0,-10.0
1115,59817,70.0,5,62,0.522326,0.6691,True,False,body,50.0,30.0,-10.0
1116,59899,86.0,5,82,0.521898,0.8348,True,False,body,50.0,46.0,-10.0
1117,59986,47.0,3,87,0.521444,0.6876,True,False,body,30.0,27.0,-10.0
1118,60014,19.0,2,28,0.521298,0.5465,True,False,wall,20.0,9.0,-10.0
1119,60136,74.0,5,122,0.520662,0.681,True,False,body,50.0,34.0,-10.0
1120,60279,91.0,5,143,0.519918,0.7374,True,False,body,50.0,51.0,-10.0
1121,60358,40.0,2,79,0.519508,0.5738,True,False,wall,20.0,30.0,-10.0
1122,60453,45.0,3,95,0.519015,0.6387,True,False,body,30.0,25.0,-10.0
1123,60499,40.0,3,46,0.518776,0.5545,True,False,body,30.0,20.0,-10.0
1124,60572,75.0,5,73,0.518397,0.5173,True,False,wall,50.0,35.0,-10.0
1125,60592,15.0,2,20,0.518294,0.5339,True,False,wall,20.0,5.0,-10.0
1126,60625,15.0,1,33,0.518123,0.5194,True,False,wall,10.0,15.0,-10.0
1127,60644,20.0,2,19,0.518024,0.6859,True,False,wall,20.0,10.0,-10.0
1128,60706,46.0,3,62,0.517703,0.5928,True,False,wall,30.0,26.0,-10.0
1129,60729,-4.0,0,23,0.517584,0.4816,True,False,wall,0.0,6.0,-10.0
1130,60769,12.0,1,40,0.517377,0.5946,True,False,wall,10.0,12.0,-10.0
1131,60789,-3.0,0,20,0.517274,0.5078,True,False,wall,0.0,7.0,-10.0
1132,60834,58.0,4,45,0.517041,0.5919,True,False,body,40.0,28.0,-10.0
1133,60855,9.0,1,21,0.516932,0.6731,True,False,wall,10.0,9.0,-10.0
1134,60927,38.0,3,72,0.51656,0.744,True,False,body,30.0,18.0,-10.0
1135,60966,34.0,2,39,0.516359,0.7224,True,False,wall,20.0,24.0,-10.0
1136,61031,51.0,3,65,0.516023,0.7609,True,False,body,30.0,31.0,-10.0
1137,61095,23.0,2,64,0.515693,0.8071,True,False,wall,20.0,13.0,-10.0
1138,61182,66.0,4,87,0.515245,0.6482,True,False,body,40.0,36.0,-10.0
1139,61225,17.0,1,43,0.515023,0.5204,True,False,wall,10.0,17.0,-10.0
1140,61345,44.0,3,120,0.514406,0.6348,True,False,body,30.0,24.0,-10.0
1141,61378,-2.0,0,33,0.514236,0.6012,True,False,wall,0.0,8.0,-10.0
1142,61416,22.0,1,38,0.51404,0.5432,True,False,wall,10.0,22.0,-10.0
1143,61503,49.0,3,87,0.513593,0.5306,True,False,wall,30.0,29.0,-10.0
1144,61562,41.0,3,59,0.513291,0.5735,True,False,wall,30.0,21.0,-10.0
1145,61624,22.0,1,62,0.512972,0.4828,True,False,wall,10.0,22.0,-10.0
1146,61680,47.0,4,56,0.512685,0.4471,True,False,wall,40.0,17.0,-10.0
1147,61744,59.0,4,64,0.512357,0.6171,True,False,body,40.0,29.0,-10.0
1148,61813,36.0,2,69,0.512004,0.7439,True,False,wall,20.0,26.0,-10.0
1149,61826,-6.0,0,13,0.511937,0.5373,True,False,wall,0.0,4.0,-10.0
1150,61925,71.0,3,99,0.511431,0.5639,True,False,body,30.0,51.0,-10.0
1151,61968,46.0,4,43,0.511211,0.4909,True,False,body,40.0,16.0,-10.0
1152,62012,32.0,3,44,0.510986,0.6022,True,False,body,30.0,12.0,-10.0
1153,62068,16.0,1,56,0.5107,0.5502,True,False,wall,10.0,16.0,-10.0
1154,62138,67.0,4,70,0.510342,0.5391,True,False,body,40.0,37.0,-10.0
1155,62193,43.0,3,55,0.510062,0.5374,True,False,wall,30.0,23.0,-10.0
1156,62259,46.0,3,66,0.509725,0.7874,True,False,wall,30.0,26.0,-10.0
1157,62362,73.0,5,103,0.509201,0.5592,True,False,wall,50.0,33.0,-10.0
1158,62452,58.0,3,90,0.508742,0.5851,True,False,body,30.0,38.0,-10.0
1159,62463,9.0,1,11,0.508687,0.6017,True,False,wall,10.0,9.0,-10.0
1160,62541,57.0,4,78,0.50829,0.6719,True,False,body,40.0,27.0,-10.0
1161,62583,-5.0,0,42,0.508076,0.6761,True,False,wall,0.0,5.0,-10.0
1162,62600,0.0,0,17,0.50799,0.8569,True,False,wall,0.0,10.0,-10.0
1163,62647,27.0,1,47,0.507751,0.74,True,False,wall,10.0,27.0,-10.0
1164,62720,53.0,3,73,0.507381,0.6938,True,False,body,30.0,33.0,-10.0
1165,62741,11.0,1,21,0.507274,0.6277,True,False,wall,10.0,11.0,-10.0
1166,62779,38.0,3,38,0.507082,0.5227,True,False,wall,30.0,18.0,-10.0
1167,62793,1.0,0,14,0.507011,0.5431,True,False,wall,0.0,11.0,-10.0
1168,62818,11.0,1,25,0.506884,0.4978,True,False,wall,10.0,11.0,-10.0
1169,62906,40.0,3,88,0.506438,0.6269,True,False,body,30.0,20.0,-10.0
1170,62977,84.0,4,71,0.506079,0.5827,True,False,wall,40.0,54.0,-10.0
1171,63026,28.0,2,49,0.505831,0.6104,True,False,wall,20.0,18.0,-10.0
1172,63072,39.0,2,46,0.505598,0.6178,True,False,wall,20.0,29.0,-10.0
1173,63183,83.0,5,111,0.505037,0.6398,True,False,body,50.0,43.0,-10.0
1174,63199,14.0,1,16,0.504956,0.5949,True,False,wall,10.0,14.0,-10.0
1175,63271,44.0,3,72,0.504593,0.5866,True,False,body,30.0,24.0,-10.0
1176,63304,35.0,3,33,0.504426,0.6401,True,False,wall,30.0,15.0,-10.0
1177,63361,21.0,1,57,0.504139,0.8637,True,False,wall,10.0,21.0,-10.0
1178,63435,44.0,3,74,0.503766,0.7413,True,False,body,30.0,24.0,-10.0
1179,63511,50.0,3,76,0.503383,0.5672,True,False,wall,30.0,30.0,-10.0
1180,63522,7.0,1,11,0.503328,0.563,True,False,wall,10.0,7.0,-10.0
1181,63665,88.0,4,143,0.502609,0.6176,True,False,body,40.0,58.0,-10.0
1182,63720,23.0,1,55,0.502332,0.7688,True,False,wall,10.0,23.0,-10.0
1183,63784,65.0,4,64,0.502011,0.5786,True,False,body,40.0,35.0,-10.0
1184,63883,71.0,5,99,0.501514,0.6015,True,False,body,50.0,31.0,-10.0
1185,64004,70.0,4,121,0.500908,0.6604,True,False,body,40.0,40.0,-10.0
1186,64069,42.0,2,65,0.500582,0.5927,True,False,wall,20.0,32.0,-10.0
1187,64177,84.0,5,108,0.500042,0.6335,True,False,wall,50.0,44.0,-10.0
1188,64252,52.0,4,75,0.499667,0.6689,True,False,body,40.0,22.0,-10.0
1189,64383,99.0,7,131,0.499013,0.8328,True,False,wall,70.0,39.0,-10.0
1190,64506,79.0,5,123,0.4984,0.6535,True,False,body,50.0,39.0,-10.0
1191,64584,64.0,3,78,0.498011,0.5741,True,False,wall,30.0,44.0,-10.0
1192,64647,32.0,2,63,0.497697,0.5639,True,False,wall,20.0,22.0,-10.0
1193,64741,78.0,5,94,0.49723,0.5666,True,False,body,50.0,38.0,-10.0
1194,64814,90.0,6,73,0.496867,0.6419,True,False,body,60.0,40.0,-10.0
1195,64875,37.0,3,61,0.496564,0.6609,True,False,body,30.0,17.0,-10.0
1196,64899,-5.0,0,24,0.496445,0.7254,True,False,wall,0.0,5.0,-10.0
1197,64948,19.0,1,49,0.496201,0.6183,True,False,wall,10.0,19.0,-10.0
1198,65035,107.0,7,87,0.49577,0.5956,True,False,wall,70.0,47.0,-10.0
1199,65104,53.0,3,69,0.495428,0.5029,True,False,wall,30.0,33.0,-10.0
1200,65228,131.0,6,124,0.494814,0.492,True,False,wall,60.0,81.0,-10.0
1201,65316,101.0,6,88,0.494379,0.5332,True,False,wall,60.0,51.0,-10.0
1202,65348,12.0,1,32,0.494221,0.5576,True,False,wall,10.0,12.0,-10.0
1203,65403,32.0,2,55,0.493949,0.5229,True,False,wall,20.0,22.0,-10.0
1204,65427,14.0,1,24,0.49383,0.5207,True,False,wall,10.0,14.0,-10.0
1205,65450,17.0,1,23,0.493717,0.5136,True,False,wall,10.0,17.0,-10.0
1206,65510,46.0,3,60,0.493421,0.5419,True,False,body,30.0,26.0,-10.0
1207,65587,47.0,3,77,0.493041,0.5333,True,False,wall,30.0,27.0,-10.0
1208,65619,6.0,1,32,0.492883,0.538,True,False,wall,10.0,6.0,-10.0
1209,65699,76.0,5,80,0.492489,0.6237,True,False,body,50.0,36.0,-10.0
1210,65766,54.0,4,67,0.492159,0.6692,True,False,body,40.0,24.0,-10.0
1211,65791,7.0,1,25,0.492036,0.7086,True,False,wall,10.0,7.0,-10.0
1212,65841,17.0,2,50,0.49179,0.5683,True,False,wall,20.0,7.0,-10.0
1213,65880,20.0,2,39,0.491598,0.5719,True,False,wall,20.0,10.0,-10.0
1214,65930,44.0,3,50,0.491353,0.5644,True,False,body,30.0,24.0,-10.0
1215,65975,37.0,3,45,0.491132,0.5619,True,False,body,30.0,17.0,-10.0
1216,66047,52.0,3,72,0.490778,0.6436,True,False,wall,30.0,32.0,-10.0
1217,66060,-6.0,0,13,0.490714,0.7303,True,False,wall,0.0,4.0,-10.0
1218,66086,-3.0,0,26,0.490587,0.8004,True,False,wall,0.0,7.0,-10.0
1219,66102,-1.0,0,16,0.490508,0.9385,True,False,wall,0.0,9.0,-10.0
1220,66175,49.0,3,73,0.49015,0.6972,True,False,body,30.0,29.0,-10.0
1221,66232,54.0,4,57,0.489871,0.6507,True,False,body,40.0,24.0,-10.0
1222,66332,70.0,5,100,0.489381,0.6022,True,False,body,50.0,30.0,-10.0
1223,66450,95.0,6,118,0.488804,0.5264,True,False,body,60.0,45.0,-10.0
1224,66505,39.0,3,55,0.488535,0.5661,True,False,wall,30.0,19.0,-10.0
1225,66532,15.0,1,27,0.488404,0.4584,True,False,wall,10.0,15.0,-10.0
1226,66612,54.0,3,80,0.488013,0.6061,True,False,wall,30.0,34.0,-10.0
1227,66656,15.0,2,44,0.487798,0.7951,True,False,wall,20.0,5.0,-10.0
1228,66710,46.0,3,54,0.487535,0.5655,True,False,body,30.0,26.0,-10.0
1229,66752,27.0,2,42,0.48733,0.5605,True,False,wall,20.0,17.0,-10.0
1230,66772,16.0,1,20,0.487233,0.5041,True,False,wall,10.0,16.0,-10.0
1231,66820,44.0,3,48,0.486999,0.602,True,False,body,30.0,24.0,-10.0
1232,66933,124.0,6,113,0.486449,0.6519,True,False,body,60.0,74.0,-10.0
1233,66988,39.0,3,55,0.486181,0.5642,True,False,body,30.0,19.0,-10.0
1234,67032,32.0,3,44,0.485968,0.681,True,False,body,30.0,12.0,-10.0
1235,67071,41.0,3,39,0.485778,0.6351,True,False,wall,30.0,21.0,-10.0
1236,67092,0.0,0,21,0.485676,0.5298,True,False,wall,0.0,10.0,-10.0
1237,67128,38.0,3,36,0.485501,0.5399,True,False,body,30.0,18.0,-10.0
1238,67174,15.0,2,46,0.485278,0.5382,True,False,wall,20.0,5.0,-10.0
1239,67239,40.0,2,65,0.484963,0.5069,True,False,wall,20.0,30.0,-10.0
1240,67406,115.0,5,167,0.484153,0.5287,True,False,body,50.0,75.0,-10.0
1241,67510,65.0,4,104,0.48365,0.7031,True,False,body,40.0,35.0,-10.0
1242,67571,47.0,3,61,0.483355,0.626,True,False,body,30.0,27.0,-10.0
1243,67633,44.0,3,62,0.483056,0.5672,True,False,body,30.0,24.0,-10.0
1244,67672,41.0,3,39,0.482867,0.6304,True,False,body,30.0,21.0,-10.0
1245,67732,40.0,3,60,0.482578,0.8757,True,False,wall,30.0,20.0,-10.0
1246,67781,39.0,3,49,0.482341,0.9931,True,False,body,30.0,19.0,-10.0
1247,67818,41.0,3,37,0.482163,0.9065,True,False,body,30.0,21.0,-10.0
1248,67849,42.0,4,31,0.482013,0.8401,True,False,body,40.0,12.0,-10.0
1249,67863,8.0,1,14,0.481946,0.7755,True,False,wall,10.0,8.0,-10.0
1250,68003,102.0,7,140,0.481272,0.6922,True,False,body,70.0,42.0,-10.0
1251,68067,71.0,4,64,0.480964,0.5523,True,False,body,40.0,41.0,-10.0
1252,68140,71.0,5,73,0.480613,0.5637,True,False,body,50.0,31.0,-10.0
1253,68175,26.0,2,35,0.480445,0.5664,True,False,wall,20.0,16.0,-10.0
1254,68269,47.0,2,94,0.479993,0.5703,True,False,wall,20.0,37.0,-10.0
1255,68412,94.0,6,143,0.479307,0.6685,True,False,wall,60.0,44.0,-10.0
1256,68436,10.0,1,24,0.479192,0.6267,True,False,wall,10.0,10.0,-10.0
1257,68452,23.0,2,16,0.479116,0.6915,True,False,wall,20.0,13.0,-10.0
1258,68467,11.0,1,15,0.479044,0.5969,True,False,wall,10.0,11.0,-10.0
1259,68522,60.0,4,55,0.47878,0.5613,True,False,body,40.0,30.0,-10.0
1260,68569,62.0,4,47,0.478555,0.5924,True,False,wall,40.0,32.0,-10.0
1261,68658,36.0,2,89,0.47813,0.6964,True,False,wall,20.0,26.0,-10.0
1262,68746,83.0,4,88,0.477709,0.5896,True,False,wall,40.0,53.0,-10.0
1263,68768,8.0,1,22,0.477604,0.5422,True,False,wall,10.0,8.0,-10.0
1264,68811,45.0,3,43,0.477399,0.6497,True,False,body,30.0,25.0,-10.0
1265,68870,47.0,3,59,0.477117,0.5824,True,False,body,30.0,27.0,-10.0
1266,68949,53.0,3,79,0.47674,0.5554,True,False,body,30.0,33.0,-10.0
1267,69023,56.0,3,74,0.476388,0.4997,True,False,body,30.0,36.0,-10.0
1268,69105,48.0,3,82,0.475997,0.7238,True,False,body,30.0,28.0,-10.0
1269,69116,-4.0,0,11,0.475945,0.6531,True,False,wall,0.0,6.0,-10.0
1270,69182,50.0,3,66,0.475631,0.6861,True,False,wall,30.0,30.0,-10.0
1271,69195,9.0,1,13,0.475569,0.6179,True,False,wall,10.0,9.0,-10.0
1272,69267,48.0,3,72,0.475227,0.652,True,False,body,30.0,28.0,-10.0
1273,69310,41.0,3,43,0.475022,0.567,True,False,wall,30.0,21.0,-10.0
1274,69342,32.0,3,32,0.47487,0.6055,True,False,wall,30.0,12.0,-10.0
1275,69375,30.0,2,33,0.474714,0.5855,True,False,wall,20.0,20.0,-10.0
1276,69413,34.0,3,38,0.474533,0.6321,True,False,body,30.0,14.0,-10.0
1277,69438,16.0,2,25,0.474415,0.6523,True,False,wall,20.0,6.0,-10.0
1278,69506,27.0,2,68,0.474092,0.6064,True,False,wall,20.0,17.0,-10.0
1279,69524,12.0,1,18,0.474007,0.5979,True,False,wall,10.0,12.0,-10.0
1280,69621,99.0,5,97,0.473547,0.5663,True,False,wall,50.0,59.0,-10.0
1281,69648,13.0,1,27,0.47342,0.5426,True,False,wall,10.0,13.0,-10.0
1282,69679,22.0,2,31,0.473273,0.489,True,False,wall,20.0,12.0,-10.0
1283,69713,36.0,3,34,0.473112,0.5772,True,False,body,30.0,16.0,-10.0
1284,69781,46.0,3,68,0.47279,0.6998,True,False,body,30.0,26.0,-10.0
1285,69816,9.0,1,35,0.472625,0.6991,True,False,wall,10.0,9.0,-10.0
1286,69827,-2.0,0,11,0.472573,0.5021,True,False,wall,0.0,8.0,-10.0
1287,69905,58.0,3,78,0.472204,0.5414,True,False,body,30.0,38.0,-10.0
1288,70027,114.0,5,122,0.471629,0.544,True,False,body,50.0,74.0,-10.0
1289,70084,57.0,3,57,0.47136,0.486,True,False,body,30.0,37.0,-10.0
1290,70105,17.0,1,21,0.471261,0.5356,True,False,wall,10.0,17.0,-10.0
1291,70176,67.0,5,71,0.470926,0.5432,True,False,body,50.0,27.0,-10.0
1292,70214,42.0,3,38,0.470748,0.5298,True,False,body,30.0,22.0,-10.0
1293,70276,50.0,3,62,0.470456,0.7042,True,False,body,30.0,30.0,-10.0
1294,70311,36.0,2,35,0.470291,0.5699,True,False,wall,20.0,26.0,-10.0
1295,70419,101.0,6,108,0.469784,0.6821,True,False,body,60.0,51.0,-10.0
1296,70457,24.0,1,38,0.469605,0.5018,True,False,wall,10.0,24.0,-10.0
1297,70486,35.0,3,29,0.469469,0.5645,True,False,body,30.0,15.0,-10.0
1298,70529,39.0,3,43,0.469267,0.5109,True,False,body,30.0,19.0,-10.0
1299,70584,42.0,2,55,0.469009,0.5403,True,False,wall,20.0,32.0,-10.0
1300,70615,15.0,1,31,0.468864,0.526,True,False,wall,10.0,15.0,-10.0
1301,70653,34.0,3,38,0.468686,0.4877,True,False,wall,30.0,14.0,-10.0
1302,70711,52.0,3,58,0.468414,0.5772,True,False,wall,30.0,32.0,-10.0
1303,70804,42.0,2,93,0.467978,0.5335,True,False,wall,20.0,32.0,-10.0
1304,70868,67.0,4,64,0.467679,0.5878,True,False,wall,40.0,37.0,-10.0
1305,70954,72.0,5,86,0.467277,0.6302,True,False,body,50.0,32.0,-10.0
1306,70987,29.0,3,33,0.467123,0.5935,True,False,body,30.0,9.0,-10.0
1307,71047,45.0,2,60,0.466843,0.5547,True,False,wall,20.0,35.0,-10.0
1308,71114,57.0,5,67,0.46653,0.5478,True,False,body,50.0,17.0,-10.0
1309,71221,69.0,3,107,0.466031,0.5669,True,False,body,30.0,49.0,-10.0
1310,71316,74.0,4,95,0.465588,0.5971,True,False,body,40.0,44.0,-10.0
1311,71364,29.0,2,48,0.465365,0.5836,True,False,wall,20.0,19.0,-10.0
1312,71437,83.0,5,73,0.465025,0.5672,True,False,body,50.0,43.0,-10.0
1313,71533,60.0,3,96,0.464579,0.6084,True,False,wall,30.0,40.0,-10.0
1314,71556,13.0,1,23,0.464472,0.5484,True,False,wall,10.0,13.0,-10.0
1315,71626,56.0,3,70,0.464147,0.7262,True,False,wall,30.0,36.0,-10.0
1316,71642,-3.0,0,16,0.464073,0.7549,True,False,wall,0.0,7.0,-10.0
1317,71664,-7.0,0,22,0.463971,0.7052,True,False,wall,0.0,3.0,-10.0
1318,71687,13.0,1,23,0.463864,0.6099,True,False,wall,10.0,13.0,-10.0
1319,71761,73.0,4,74,0.463521,0.5686,True,False,body,40.0,43.0,-10.0
1320,71808,37.0,3,47,0.463303,0.63,True,False,body,30.0,17.0,-10.0
1321,71820,1.0,0,12,0.463248,0.6468,True,False,wall,0.0,11.0,-10.0
1322,71850,18.0,1,30,0.463109,0.5863,True,False,wall,10.0,18.0,-10.0
1323,71871,29.0,3,21,0.463012,0.6345,True,False,body,30.0,9.0,-10.0
1324,71911,30.0,3,40,0.462826,0.7386,True,False,wall,30.0,10.0,-10.0
1325,71966,42.0,2,55,0.462572,0.6518,True,False,wall,20.0,32.0,-10.0
1326,72027,45.0,3,61,0.46229,0.6149,True,False,wall,30.0,25.0,-10.0
1327,72055,27.0,2,28,0.46216,0.5216,True,False,wall,20.0,17.0,-10.0
1328,72118,51.0,3,63,0.461869,0.5402,True,False,body,30.0,31.0,-10.0
1329,72170,57.0,4,52,0.461629,0.5762,True,False,body,40.0,27.0,-10.0
1330,72255,68.0,4,85,0.461237,0.5759,True,False,body,40.0,38.0,-10.0
1331,72319,35.0,2,64,0.460942,0.6654,True,False,wall,20.0,25.0,-10.0
1332,72407,62.0,3,88,0.460536,0.7232,True,False,body,30.0,42.0,-10.0
1333,72427,12.0,1,20,0.460444,0.6037,True,False,wall,10.0,12.0,-10.0
1334,72444,-2.0,0,17,0.460366,0.6824,True,False,wall,0.0,8.0,-10.0
1335,72471,17.0,1,27,0.460242,0.699,True,False,wall,10.0,17.0,-10.0
1336,72500,0.0,0,29,0.460108,0.7315,True,False,wall,0.0,10.0,-10.0
1337,72514,10.0,1,14,0.460044,0.6166,True,False,wall,10.0,10.0,-10.0
1338,72574,52.0,3,60,0.459768,0.671,True,False,wall,30.0,32.0,-10.0
1339,72652,82.0,5,78,0.45941,0.5734,True,False,body,50.0,42.0,-10.0
1340,72689,34.0,2,37,0.45924,0.6454,True,False,wall,20.0,24.0,-10.0
1341,72770,55.0,3,81,0.458868,0.6082,True,False,wall,30.0,35.0,-10.0
1342,72818,35.0,2,48,0.458648,0.6096,True,False,wall,20.0,25.0,-10.0
1343,72877,43.0,3,59,0.458377,0.5269,True,False,wall,30.0,23.0,-10.0
1344,72905,19.0,2,28,0.458249,0.5015,True,False,wall,20.0,9.0,-10.0
1345,72950,52.0,4,45,0.458043,0.5371,True,False,wall,40.0,22.0,-10.0
1346,72985,35.0,3,35,0.457882,0.478,True,False,body,30.0,15.0,-10.0
1347,73018,-6.0,0,33,0.457731,0.5248,True,False,wall,0.0,4.0,-10.0
1348,73036,2.0,1,18,0.457649,0.5168,True,False,wall,10.0,2.0,-10.0
1349,73072,25.0,2,36,0.457484,0.4946,True,False,wall,20.0,15.0,-10.0
1350,73100,12.0,1,28,0.457356,0.5151,True,False,wall,10.0,12.0,-10.0
1351,73155,55.0,3,55,0.457104,0.666,True,False,wall,30.0,35.0,-10.0
1352,73190,20.0,2,35,0.456945,0.5312,True,False,wall,20.0,10.0,-10.0
1353,73275,84.0,4,85,0.456556,0.5735,True,False,wall,40.0,54.0,-10.0
1354,73309,14.0,1,34,0.456401,0.6916,True,False,wall,10.0,14.0,-10.0
1355,73324,-2.0,0,15,0.456333,0.6764,True,False,wall,0.0,8.0,-10.0
1356,73357,26.0,2,33,0.456182,0.5588,True,False,wall,20.0,16.0,-10.0
1357,73478,60.0,4,121,0.45563,0.5779,True,False,body,40.0,30.0,-10.0
1358,73520,14.0,1,42,0.455439,0.5527,True,False,wall,10.0,14.0,-10.0
1359,73630,87.0,4,110,0.454938,0.5277,True,False,body,40.0,57.0,-10.0
1360,73709,71.0,5,79,0.454579,0.5576,True,False,wall,50.0,31.0,-10.0
1361,73765,44.0,3,56,0.454325,0.5023,True,False,body,30.0,24.0,-10.0
1362,73859,62.0,3,94,0.453898,0.5519,True,False,wall,30.0,42.0,-10.0
1363,73882,2.0,0,23,0.453793,0.5646,True,False,wall,0.0,12.0,-10.0
1364,73950,49.0,4,68,0.453485,0.5446,True,False,body,40.0,19.0,-10.0
1365,74003,27.0,1,53,0.453245,0.5677,True,False,wall,10.0,27.0,-10.0
1366,74018,-2.0,0,15,0.453177,0.5331,True,False,wall,0.0,8.0,-10.0
1367,74111,84.0,4,93,0.452755,0.5759,True,False,body,40.0,54.0,-10.0
1368,74143,28.0,1,32,0.452611,0.5359,True,False,wall,10.0,28.0,-10.0
1369,74162,-6.0,0,19,0.452525,0.4893,True,False,wall,0.0,4.0,-10.0
1370,74210,31.0,2,48,0.452307,0.4887,True,False,wall,20.0,21.0,-10.0
1371,74229,0.0,0,19,0.452221,0.4958,True,False,wall,0.0,10.0,-10.0
1372,74295,44.0,3,66,0.451923,0.5775,True,False,body,30.0,24.0,-10.0
1373,74384,87.0,5,89,0.451521,0.5371,True,False,wall,50.0,47.0,-10.0
1374,74459,34.0,2,75,0.451183,0.5916,True,False,wall,20.0,24.0,-10.0
1375,74494,2.0,0,35,0.451025,0.7173,True,False,wall,0.0,12.0,-10.0
1376,74537,34.0,2,43,0.450831,0.6706,True,False,wall,20.0,24.0,-10.0
1377,74615,52.0,3,78,0.450479,0.5959,True,False,body,30.0,32.0,-10.0
1378,74706,61.0,3,91,0.450069,0.5403,True,False,wall,30.0,41.0,-10.0
1379,74779,51.0,3,73,0.449741,0.5644,True,False,wall,30.0,31.0,-10.0
1380,74837,37.0,2,58,0.44948,0.5185,True,False,wall,20.0,27.0,-10.0
1381,74874,17.0,1,37,0.449314,0.5132,True,False,wall,10.0,17.0,-10.0
1382,74921,41.0,3,47,0.449103,0.55,True,False,body,30.0,21.0,-10.0
1383,75009,84.0,5,88,0.448708,0.6332,True,False,body,50.0,44.0,-10.0
1384,75135,96.0,5,126,0.448143,0.6301,True,False,body,50.0,56.0,-10.0
1385,75231,84.0,5,96,0.447713,0.5619,True,False,body,50.0,44.0,-10.0
1386,75352,102.0,6,121,0.447171,0.5321,True,False,body,60.0,52.0,-10.0
1387,75388,14.0,1,36,0.44701,0.6078,True,False,wall,10.0,14.0,-10.0
1388,75455,63.0,5,67,0.446711,0.5493,True,False,wall,50.0,23.0,-10.0
1389,75480,28.0,2,25,0.446599,0.5127,True,False,wall,20.0,18.0,-10.0
1390,75552,39.0,2,72,0.446278,0.5838,True,False,wall,20.0,29.0,-10.0
1391,75662,57.0,4,110,0.445787,0.5961,True,False,wall,40.0,27.0,-10.0
1392,75746,119.0,8,84,0.445413,0.5355,True,False,body,80.0,49.0,-10.0
1393,75780,12.0,1,34,0.445262,0.6173,True,False,wall,10.0,12.0,-10.0
1394,75805,9.0,1,25,0.44515,0.6524,True,False,wall,10.0,9.0,-10.0
1395,75814,5.0,1,9,0.44511,0.5597,True,False,wall,10.0,5.0,-10.0
1396,75882,50.0,3,68,0.444808,0.6644,True,False,body,30.0,30.0,-10.0
1397,75936,48.0,3,54,0.444568,0.5742,True,False,wall,30.0,28.0,-10.0
1398,76005,39.0,3,69,0.444261,0.511,True,False,wall,30.0,19.0,-10.0
1399,76033,40.0,3,28,0.444137,0.5688,True,False,wall,30.0,20.0,-10.0
1400,76075,14.0,1,42,0.44395,0.5848,True,False,wall,10.0,14.0,-10.0
1401,76129,37.0,2,54,0.44371,0.4669,True,False,wall,20.0,27.0,-10.0
1402,76197,54.0,3,68,0.443409,0.5611,True,False,wall,30.0,34.0,-10.0
1403,76310,88.0,4,113,0.442908,0.587,True,False,body,40.0,58.0,-10.0
1404,76423,100.0,6,113,0.442408,0.5916,True,False,body,60.0,50.0,-10.0
1405,76541,120.0,7,118,0.441886,0.6621,True,False,body,70.0,60.0,-10.0
1406,76647,60.0,3,106,0.441418,0.6029,True,False,wall,30.0,40.0,-10.0
1407,76733,65.0,4,86,0.441038,0.6269,True,False,body,40.0,35.0,-10.0
1408,76771,8.0,1,38,0.440871,0.4746,True,False,wall,10.0,8.0,-10.0
1409,76821,18.0,1,50,0.44065,0.6309,True,False,wall,10.0,18.0,-10.0
1410,76873,42.0,3,52,0.440421,0.6405,True,False,body,30.0,22.0,-10.0
1411,76939,60.0,3,66,0.440131,0.5509,True,False,wall,30.0,40.0,-10.0
1412,76963,-3.0,0,24,0.440025,0.5273,True,False,wall,0.0,7.0,-10.0
1413,77014,39.0,3,51,0.439801,0.5266,True,False,body,30.0,19.0,-10.0
1414,77098,63.0,4,84,0.439432,0.5513,True,False,body,40.0,33.0,-10.0
1415,77131,9.0,1,33,0.439287,0.569,True,False,wall,10.0,9.0,-10.0
1416,77161,30.0,3,30,0.439155,0.5696,True,False,wall,30.0,10.0,-10.0
1417,77202,28.0,2,41,0.438975,0.5559,True,False,wall,20.0,18.0,-10.0
1418,77245,39.0,3,43,0.438786,0.5953,True,False,body,30.0,19.0,-10.0
1419,77283,25.0,2,38,0.438619,0.6344,True,False,wall,20.0,15.0,-10.0
1420,77342,51.0,3,59,0.438361,0.6771,True,False,body,30.0,31.0,-10.0
1421,77381,30.0,2,39,0.43819,0.7014,True,False,wall,20.0,20.0,-10.0
1422,77439,70.0,5,58,0.437936,0.5838,True,False,wall,50.0,30.0,-10.0
1423,77491,34.0,1,52,0.437708,1.0055,True,False,wall,10.0,34.0,-10.0
1424,77528,36.0,2,37,0.437546,0.8662,True,False,wall,20.0,26.0,-10.0
1425,77596,74.0,5,68,0.437249,0.6637,True,False,body,50.0,34.0,-10.0
1426,77659,20.0,2,63,0.436973,0.6643,True,False,wall,20.0,10.0,-10.0
1427,77703,31.0,2,44,0.436781,0.6088,True,False,wall,20.0,21.0,-10.0
1428,77747,46.0,3,44,0.436589,0.5176,True,False,wall,30.0,26.0,-10.0
1429,77788,13.0,1,41,0.43641,0.5988,True,False,wall,10.0,13.0,-10.0
1430,77806,12.0,1,18,0.436331,0.9201,True,False,wall,10.0,12.0,-10.0
1431,77866,50.0,3,60,0.43607,0.5501,True,False,body,30.0,30.0,-10.0
1432,77913,0.0,0,47,0.435865,0.6372,True,False,wall,0.0,10.0,-10.0
1433,77961,18.0,1,48,0.435656,0.5328,True,False,wall,10.0,18.0,-10.0
1434,78052,107.0,7,91,0.435259,0.5701,True,False,body,70.0,47.0,-10.0
1435,78101,71.0,5,49,0.435046,0.6859,True,False,wall,50.0,31.0,-10.0
1436,78156,41.0,3,55,0.434807,0.5434,True,False,wall,30.0,21.0,-10.0
1437,78219,48.0,4,63,0.434533,0.589,True,False,wall,40.0,18.0,-10.0
1438,78267,46.0,3,48,0.434325,0.5809,True,False,body,30.0,26.0,-10.0
1439,78344,64.0,4,77,0.43399,0.5851,True,False,wall,40.0,34.0,-10.0
1440,78377,39.0,3,33,0.433847,0.5909,True,False,body,30.0,19.0,-10.0
1441,78426,34.0,2,49,0.433634,0.6205,True,False,wall,20.0,24.0,-10.0
1442,78495,64.0,4,69,0.433335,0.6709,True,False,body,40.0,34.0,-10.0
1443,78532,50.0,4,37,0.433175,0.5017,True,False,body,40.0,20.0,-10.0
1444,78618,88.0,5,86,0.432803,0.6371,True,False,wall,50.0,48.0,-10.0
1445,78698,86.0,5,80,0.432457,0.6138,True,False,wall,50.0,46.0,-10.0
1446,78811,77.0,5,113,0.431968,0.5918,True,False,body,50.0,37.0,-10.0
1447,78861,52.0,3,50,0.431752,0.571,True,False,wall,30.0,32.0,-10.0
1448,78888,24.0,2,27,0.431636,0.5451,True,False,wall,20.0,14.0,-10.0
1449,78910,12.0,1,22,0.431541,0.6644,True,False,wall,10.0,12.0,-10.0
1450,78983,79.0,5,73,0.431226,0.5864,True,False,body,50.0,39.0,-10.0
1451,79078,55.0,3,95,0.430816,0.5876,True,False,body,30.0,35.0,-10.0
1452,79135,55.0,3,57,0.430571,0.4959,True,False,wall,30.0,35.0,-10.0
1453,79220,91.0,7,85,0.430205,0.559,True,False,body,70.0,31.0,-10.0
1454,79241,17.0,1,21,0.430115,0.5967,True,False,wall,10.0,17.0,-10.0
1455,79318,79.0,5,77,0.429784,0.5792,True,False,body,50.0,39.0,-10.0
1456,79373,51.0,3,55,0.429547,0.5609,True,False,wall,30.0,31.0,-10.0
1457,79398,-2.0,0,25,0.42944,0.639,True,False,wall,0.0,8.0,-10.0
1458,79418,8.0,1,20,0.429354,0.6864,True,False,wall,10.0,8.0,-10.0
1459,79435,3.0,1,17,0.429281,0.6905,True,False,wall,10.0,3.0,-10.0
1460,79456,7.0,1,21,0.429191,0.7641,True,False,wall,10.0,7.0,-10.0
1461,79530,80.0,5,74,0.428873,0.7042,True,False,body,50.0,40.0,-10.0
1462,79633,92.0,4,103,0.428432,0.6633,True,False,body,40.0,62.0,-10.0
1463,79687,48.0,3,54,0.428201,0.7131,True,False,wall,30.0,28.0,-10.0
1464,79731,42.0,3,44,0.428012,0.6642,True,False,wall,30.0,22.0,-10.0
1465,79745,10.0,1,14,0.427952,0.6933,True,False,wall,10.0,10.0,-10.0
1466,79784,49.0,3,39,0.427786,0.5847,True,False,body,30.0,29.0,-10.0
1467,79799,9.0,1,15,0.427721,0.5631,True,False,wall,10.0,9.0,-10.0
1468,79917,150.0,9,118,0.427217,0.5887,True,False,body,90.0,70.0,-10.0
1469,79991,60.0,5,74,0.426901,0.6354,True,False,body,50.0,20.0,-10.0
1470,80027,49.0,4,36,0.426747,0.6692,True,False,wall,40.0,19.0,-10.0
1471,80085,61.0,4,58,0.4265,0.5838,True,False,body,40.0,31.0,-10.0
1472,80131,42.0,3,46,0.426304,0.5858,True,False,body,30.0,22.0,-10.0
1473,80194,59.0,3,63,0.426035,0.5894,True,False,wall,30.0,39.0,-10.0
1474,80223,40.0,4,29,0.425912,0.5953,True,False,body,40.0,10.0,-10.0
1475,80284,37.0,3,61,0.425652,0.7217,True,False,body,30.0,17.0,-10.0
1476,80304,8.0,1,20,0.425567,0.8889,True,False,wall,10.0,8.0,-10.0
1477,80390,48.0,3,86,0.425201,0.7974,True,False,body,30.0,28.0,-10.0
1478,80472,84.0,5,82,0.424852,0.766,True,False,body,50.0,44.0,-10.0
1479,80538,80.0,5,66,0.424572,0.7016,True,False,wall,50.0,40.0,-10.0
1480,80586,42.0,3,48,0.424368,0.7192,True,False,wall,30.0,22.0,-10.0
1481,80605,0.0,0,19,0.424288,0.6468,True,False,wall,0.0,10.0,-10.0
1482,80656,52.0,4,51,0.424071,0.7009,True,False,wall,40.0,22.0,-10.0
1483,80739,64.0,4,83,0.42372,0.6717,True,False,body,40.0,34.0,-10.0
1484,80834,49.0,3,95,0.423317,0.5728,True,False,wall,30.0,29.0,-10.0
1485,80867,7.0,1,33,0.423178,0.5622,True,False,wall,10.0,7.0,-10.0
1486,80898,26.0,2,31,0.423046,0.5367,True,False,wall,20.0,16.0,-10.0
1487,80934,29.0,2,36,0.422894,0.5372,True,False,wall,20.0,19.0,-10.0
1488,80963,22.0,2,29,0.422772,0.5516,True,False,wall,20.0,12.0,-10.0
1489,80980,11.0,1,17,0.4227,0.4846,True,False,wall,10.0,11.0,-10.0
1490,81059,61.0,3,79,0.422366,0.5694,True,False,body,30.0,41.0,-10.0
1491,81144,122.0,8,85,0.422007,0.7353,True,False,body,80.0,52.0,-10.0
1492,81215,51.0,3,71,0.421708,0.6773,True,False,body,30.0,31.0,-10.0
1493,81236,5.0,1,21,0.421619,0.6166,True,False,wall,10.0,5.0,-10.0
1494,81320,72.0,3,84,0.421265,0.581,True,False,body,30.0,52.0,-10.0
1495,81381,62.0,4,61,0.421008,0.5916,True,False,wall,40.0,32.0,-10.0
1496,81437,62.0,3,56,0.420772,0.639,True,False,wall,30.0,42.0,-10.0
1497,81462,13.0,1,25,0.420667,0.649,True,False,wall,10.0,13.0,-10.0
1498,81516,52.0,3,54,0.42044,0.5828,True,False,wall,30.0,32.0,-10.0
1499,81591,74.0,4,75,0.420125,0.5439,True,False,wall,40.0,44.0,-10.0
1500,81619,3.0,0,28,0.420007,0.5282,True,False,wall,0.0,13.0,-10.0
1501,81647,25.0,2,28,0.41989,0.526,True,False,wall,20.0,15.0,-10.0
1502,81696,45.0,3,49,0.419684,0.6118,True,False,wall,30.0,25.0,-10.0
1503,81713,2.0,0,17,0.419613,0.5785,True,False,wall,0.0,12.0,-10.0
1504,81801,78.0,5,88,0.419244,0.6048,True,False,body,50.0,38.0,-10.0
1505,81851,68.0,5,50,0.419034,0.6984,True,False,wall,50.0,28.0,-10.0
1506,81990,130.0,8,139,0.418452,0.642,True,False,body,80.0,60.0,-10.0
1507,82003,-4.0,0,13,0.418398,0.6037,True,False,wall,0.0,6.0,-10.0
1508,82038,26.0,2,35,0.418251,0.5765,True,False,wall,20.0,16.0,-10.0
1509,82081,43.0,3,43,0.418071,0.5733,True,False,wall,30.0,23.0,-10.0
1510,82125,36.0,3,44,0.417887,0.5317,True,False,body,30.0,16.0,-10.0
1511,82162,15.0,1,37,0.417733,0.5706,True,False,wall,10.0,15.0,-10.0
1512,82214,67.0,4,52,0.417516,0.5724,True,False,wall,40.0,37.0,-10.0
1513,82253,34.0,2,39,0.417353,0.5636,True,False,wall,20.0,24.0,-10.0
1514,82309,46.0,3,56,0.417119,0.5856,True,False,wall,30.0,26.0,-10.0
1515,82400,99.0,5,91,0.41674,0.6069,True,False,wall,50.0,59.0,-10.0
1516,82455,68.0,4,55,0.416511,0.6299,True,False,body,40.0,38.0,-10.0
1517,82575,142.0,9,120,0.416011,0.6254,True,False,body,90.0,62.0,-10.0
1518,82597,12.0,1,22,0.41592,0.6209,True,False,wall,10.0,12.0,-10.0
1519,82647,40.0,3,50,0.415712,0.7547,True,False,wall,30.0,20.0,-10.0
1520,82792,123.0,7,145,0.415109,0.7685,True,False,wall,70.0,63.0,-10.0
1521,82881,71.0,5,89,0.41474,0.7408,True,False,body,50.0,31.0,-10.0
1522,82938,49.0,3,57,0.414504,0.7112,True,False,body,30.0,29.0,-10.0
1523,82981,28.0,2,43,0.414326,0.5964,True,False,wall,20.0,18.0,-10.0
1524,83060,108.0,6,79,0.413998,0.5944,True,False,body,60.0,58.0,-10.0
1525,83116,33.0,2,56,0.413767,0.6547,True,False,wall,20.0,23.0,-10.0
1526,83142,0.0,1,26,0.413659,0.5583,True,False,wall,10.0,0.0,-10.0
1527,83208,44.0,3,66,0.413386,0.5756,True,False,body,30.0,24.0,-10.0
1528,83286,74.0,3,78,0.413064,0.5952,True,False,body,30.0,54.0,-10.0
1529,83340,49.0,4,54,0.412841,0.5609,True,False,body,40.0,19.0,-10.0
1530,83373,19.0,1,33,0.412705,0.5358,True,False,wall,10.0,19.0,-10.0
1531,83407,12.0,1,34,0.412564,0.4853,True,False,wall,10.0,12.0,-10.0
1532,83440,37.0,3,33,0.412428,0.5628,True,False,body,30.0,17.0,-10.0
1533,83506,63.0,4,66,0.412156,0.6316,True,False,body,40.0,33.0,-10.0
1534,83579,62.0,4,73,0.411855,0.6006,True,False,body,40.0,32.0,-10.0
1535,83641,46.0,3,62,0.4116,0.5861,True,False,body,30.0,26.0,-10.0
1536,83725,66.0,3,84,0.411254,0.613,True,False,body,30.0,46.0,-10.0
1537,83804,51.0,3,79,0.41093,0.6395,True,False,body,30.0,31.0,-10.0
1538,83901,76.0,4,97,0.410531,0.6414,True,False,body,40.0,46.0,-10.0
1539,83921,27.0,2,20,0.410449,0.6472,True,False,wall,20.0,17.0,-10.0
1540,83964,19.0,1,43,0.410273,0.5907,True,False,wall,10.0,19.0,-10.0
1541,83981,7.0,1,17,0.410203,0.504,True,False,wall,10.0,7.0,-10.0
1542,84031,50.0,3,50,0.409998,0.5305,True,False,wall,30.0,30.0,-10.0
1543,84060,39.0,3,29,0.409879,0.5183,True,False,body,30.0,19.0,-10.0
1544,84173,103.0,7,113,0.409416,0.5332,True,False,body,70.0,43.0,-10.0
1545,84230,61.0,3,57,0.409183,0.5845,True,False,wall,30.0,41.0,-10.0
1546,84331,100.0,6,101,0.40877,0.6394,True,False,body,60.0,50.0,-10.0
1547,84388,71.0,5,57,0.408537,0.7027,True,False,body,50.0,31.0,-10.0
1548,84452,48.0,3,64,0.408275,0.579,True,False,body,30.0,28.0,-10.0
1549,84482,44.0,3,30,0.408153,0.5798,True,False,body,30.0,24.0,-10.0
1550,84492,-7.0,0,10,0.408112,0.6374,True,False,wall,0.0,3.0,-10.0
1551,84575,87.0,5,83,0.407774,0.7031,True,False,wall,50.0,47.0,-10.0
1552,84644,77.0,5,69,0.407492,0.7201,True,False,body,50.0,37.0,-10.0
1553,84676,35.0,2,32,0.407362,0.8938,True,False,wall,20.0,25.0,-10.0
1554,84689,9.0,1,13,0.407309,0.7244,True,False,wall,10.0,9.0,-10.0
1555,84708,9.0,1,19,0.407232,0.7219,True,False,wall,10.0,9.0,-10.0
1556,84795,51.0,3,87,0.406877,0.5895,True,False,body,30.0,31.0,-10.0
1557,84907,130.0,9,112,0.406422,0.6548,True,False,body,90.0,50.0,-10.0
1558,84967,71.0,4,60,0.406178,1.042,True,False,body,40.0,41.0,-10.0
1559,85033,70.0,5,66,0.40591,0.7657,True,False,body,50.0,30.0,-10.0
1560,85058,20.0,2,25,0.405809,0.6742,True,False,wall,20.0,10.0,-10.0
1561,85077,9.0,1,19,0.405732,0.6764,True,False,wall,10.0,9.0,-10.0
1562,85123,33.0,2,46,0.405545,0.5903,True,False,wall,20.0,23.0,-10.0
1563,85186,70.0,4,63,0.40529,0.6306,True,False,wall,40.0,40.0,-10.0
1564,85240,50.0,3,54,0.405071,0.6924,True,False,wall,30.0,30.0,-10.0
1565,85357,108.0,6,117,0.404597,0.6277,True,False,wall,60.0,58.0,-10.0
1566,85386,39.0,3,29,0.40448,0.5894,True,False,body,30.0,19.0,-10.0
1567,85406,1.0,0,20,0.404399,0.4919,True,False,wall,0.0,11.0,-10.0
1568,85497,118.0,8,91,0.404031,0.5627,True,False,body,80.0,48.0,-10.0
1569,85518,9.0,1,21,0.403946,0.5744,True,False,wall,10.0,9.0,-10.0
1570,85563,43.0,3,45,0.403765,0.5971,True,False,body,30.0,23.0,-10.0
1571,85592,30.0,2,29,0.403648,0.5934,True,False,wall,20.0,20.0,-10.0
1572,85620,36.0,3,28,0.403534,0.6134,True,False,body,30.0,16.0,-10.0
1573,85703,72.0,4,83,0.4032,0.6231,True,False,wall,40.0,42.0,-10.0
1574,85767,64.0,5,64,0.402942,0.6313,True,False,body,50.0,24.0,-10.0
1575,85796,20.0,2,29,0.402825,0.5987,True,False,wall,20.0,10.0,-10.0
1576,85816,8.0,1,20,0.402744,0.5116,True,False,wall,10.0,8.0,-10.0
1577,85826,8.0,1,10,0.402704,0.5111,True,False,wall,10.0,8.0,-10.0
1578,85914,68.0,3,88,0.40235,0.5646,True,False,wall,30.0,48.0,-10.0
1579,85982,33.0,2,68,0.402076,0.5447,True,False,wall,20.0,23.0,-10.0
1580,86061,98.0,6,79,0.401759,0.5797,True,False,body,60.0,48.0,-10.0
1581,86115,48.0,3,54,0.401542,0.7581,True,False,wall,30.0,28.0,-10.0
1582,86157,46.0,3,42,0.401373,0.7154,True,False,body,30.0,26.0,-10.0
1583,86226,83.0,5,69,0.401096,0.5898,True,False,body,50.0,43.0,-10.0
1584,86287,53.0,3,61,0.400852,0.6167,True,False,wall,30.0,33.0,-10.0
1585,86371,106.0,7,84,0.400515,0.598,True,False,body,70.0,46.0,-10.0
1586,86417,48.0,3,46,0.400331,0.6047,True,False,wall,30.0,28.0,-10.0
1587,86468,58.0,4,51,0.400127,0.5855,True,False,body,40.0,28.0,-10.0
1588,86524,60.0,3,56,0.399903,0.6072,True,False,body,30.0,40.0,-10.0
1589,86557,28.0,2,33,0.399771,0.6166,True,False,wall,20.0,18.0,-10.0
1590,86574,11.0,1,17,0.399703,0.6393,True,False,wall,10.0,11.0,-10.0
1591,86636,46.0,3,62,0.399455,0.5604,True,False,wall,30.0,26.0,-10.0
1592,86697,77.0,5,61,0.399212,0.7703,True,False,body,50.0,37.0,-10.0
1593,86752,81.0,5,55,0.398992,0.8265,True,False,body,50.0,41.0,-10.0
1594,86778,6.0,1,26,0.398889,0.6887,True,False,wall,10.0,6.0,-10.0
1595,86790,10.0,1,12,0.398841,0.7567,True,False,wall,10.0,10.0,-10.0
1596,86904,141.0,8,114,0.398386,0.6799,True,False,body,80.0,71.0,-10.0
1597,86939,24.0,2,35,0.398247,0.8038,True,False,wall,20.0,14.0,-10.0
1598,86952,3.0,1,13,0.398195,0.6955,True,False,wall,10.0,3.0,-10.0
1599,87082,135.0,8,130,0.397678,0.7307,True,False,body,80.0,65.0,-10.0
1600,87146,46.0,3,64,0.397423,0.6681,True,False,body,30.0,26.0,-10.0
1601,87221,85.0,5,75,0.397125,0.593,True,False,body,50.0,45.0,-10.0
1602,87280,75.0,5,59,0.396891,0.6015,True,False,body,50.0,35.0,-10.0
1603,87341,77.0,5,61,0.396649,0.5558,True,False,body,50.0,37.0,-10.0
1604,87355,-3.0,0,14,0.396594,0.5092,True,False,wall,0.0,7.0,-10.0
1605,87424,55.0,3,69,0.39632,0.4935,True,False,body,30.0,35.0,-10.0
1606,87436,-5.0,0,12,0.396272,0.5802,True,False,wall,0.0,5.0,-10.0
1607,87490,40.0,3,54,0.396059,0.5797,True,False,wall,30.0,20.0,-10.0
1608,87554,63.0,4,64,0.395805,0.6105,True,False,wall,40.0,33.0,-10.0
1609,87568,8.0,1,14,0.39575,0.662,True,False,wall,10.0,8.0,-10.0
1610,87582,10.0,1,14,0.395694,0.722,True,False,wall,10.0,10.0,-10.0
1611,87637,54.0,4,55,0.395477,0.7183,True,False,wall,40.0,24.0,-10.0
1612,87651,6.0,1,14,0.395421,0.7274,True,False,wall,10.0,6.0,-10.0
1613,87665,-3.0,0,14,0.395366,0.6545,True,False,wall,0.0,7.0,-10.0
1614,87739,48.0,3,74,0.395074,0.6047,True,False,body,30.0,28.0,-10.0
1615,87868,140.0,8,129,0.394564,0.6349,True,False,body,80.0,70.0,-10.0
1616,87915,34.0,2,47,0.394379,0.5913,True,False,wall,20.0,24.0,-10.0
1617,88011,86.0,5,96,0.394,0.6575,True,False,body,50.0,46.0,-10.0
1618,88085,62.0,3,74,0.393709,0.6974,True,False,wall,30.0,42.0,-10.0
1619,88130,35.0,3,45,0.393532,0.668,True,False,body,30.0,15.0,-10.0
1620,88197,46.0,2,67,0.393268,0.6306,True,False,wall,20.0,36.0,-10.0
1621,88233,28.0,3,36,0.393127,0.5402,True,False,body,30.0,8.0,-10.0
1622,88326,91.0,5,93,0.392761,0.5942,True,False,body,50.0,51.0,-10.0
1623,88361,17.0,1,35,0.392624,0.6032,True,False,wall,10.0,17.0,-10.0
1624,88423,51.0,4,62,0.39238,0.5707,True,False,body,40.0,21.0,-10.0
1625,88456,20.0,2,33,0.392251,0.655,True,False,wall,20.0,10.0,-10.0
1626,88487,19.0,1,31,0.392129,0.6231,True,False,wall,10.0,19.0,-10.0
1627,88562,79.0,5,75,0.391835,0.5393,True,False,body,50.0,39.0,-10.0
1628,88621,47.0,3,59,0.391604,0.54,True,False,body,30.0,27.0,-10.0
1629,88666,32.0,2,45,0.391428,0.8229,True,False,wall,20.0,22.0,-10.0
1630,88694,10.0,1,28,0.391319,0.5739,True,False,wall,10.0,10.0,-10.0
1631,88731,47.0,3,37,0.391174,0.7303,True,False,wall,30.0,27.0,-10.0
1632,88759,23.0,2,28,0.391064,0.7187,True,False,wall,20.0,13.0,-10.0
1633,88866,106.0,6,107,0.390646,0.5776,True,False,wall,60.0,56.0,-10.0
1634,88918,20.0,1,52,0.390443,0.5834,True,False,wall,10.0,20.0,-10.0
1635,88971,64.0,4,53,0.390236,0.6019,True,False,wall,40.0,34.0,-10.0
1636,89035,57.0,4,64,0.389986,0.5937,True,False,wall,40.0,27.0,-10.0
1637,89063,22.0,1,28,0.389877,0.5559,True,False,wall,10.0,22.0,-10.0
1638,89126,48.0,2,63,0.389632,0.7248,True,False,wall,20.0,38.0,-10.0
1639,89190,63.0,4,64,0.389382,0.586,True,False,wall,40.0,33.0,-10.0
1640,89239,54.0,4,49,0.389192,0.5964,True,False,body,40.0,24.0,-10.0
1641,89280,39.0,3,41,0.389032,0.5546,True,False,wall,30.0,19.0,-10.0
1642,89343,61.0,3,63,0.388787,0.5861,True,False,wall,30.0,41.0,-10.0
1643,89405,91.0,6,62,0.388546,0.6906,True,False,body,60.0,41.0,-10.0
1644,89479,65.0,4,74,0.388259,0.6294,True,False,wall,40.0,35.0,-10.0
1645,89565,71.0,4,86,0.387925,0.7441,True,False,body,40.0,41.0,-10.0
1646,89634,75.0,3,69,0.387657,0.6486,True,False,wall,30.0,55.0,-10.0
1647,89698,61.0,4,64,0.387409,0.6599,True,False,body,40.0,31.0,-10.0
1648,89795,111.0,7,97,0.387034,0.5745,True,False,body,70.0,51.0,-10.0
1649,89850,64.0,4,55,0.386821,0.602,True,False,wall,40.0,34.0,-10.0
1650,89890,38.0,3,40,0.386666,0.6596,True,False,wall,30.0,18.0,-10.0
1651,89957,73.0,5,67,0.386407,0.8576,True,False,body,50.0,33.0,-10.0
1652,90051,80.0,5,94,0.386044,0.7111,True,False,body,50.0,40.0,-10.0
1653,90145,91.0,6,94,0.385682,0.7027,True,False,wall,60.0,41.0,-10.0
1654,90187,59.0,4,42,0.38552,0.7414,True,False,body,40.0,29.0,-10.0
1655,90241,61.0,4,54,0.385311,0.6511,True,False,wall,40.0,31.0,-10.0
1656,90253,10.0,1,12,0.385265,0.63,True,False,wall,10.0,10.0,-10.0
1657,90328,60.0,4,75,0.384976,0.688,True,False,body,40.0,30.0,-10.0
1658,90391,64.0,4,63,0.384734,0.699,True,False,wall,40.0,34.0,-10.0
1659,90504,144.0,8,113,0.384299,0.6182,True,False,body,80.0,74.0,-10.0
1660,90521,0.0,0,17,0.384234,0.6043,True,False,wall,0.0,10.0,-10.0
1661,90639,109.0,6,118,0.383781,0.6549,True,False,wall,60.0,59.0,-10.0
1662,90734,78.0,4,95,0.383417,0.6873,True,False,body,40.0,48.0,-10.0
1663,90787,75.0,5,53,0.383213,0.7258,True,False,body,50.0,35.0,-10.0
1664,90830,43.0,3,43,0.383049,0.728,True,False,wall,30.0,23.0,-10.0
1665,90898,59.0,4,68,0.382788,0.6161,True,False,body,40.0,29.0,-10.0
1666,90931,41.0,3,33,0.382662,0.5838,True,False,wall,30.0,21.0,-10.0
1667,90989,48.0,3,58,0.38244,0.6721,True,False,wall,30.0,28.0,-10.0
1668,91075,88.0,5,86,0.382111,0.6216,True,False,wall,50.0,48.0,-10.0
1669,91145,61.0,4,70,0.381844,0.589,True,False,body,40.0,31.0,-10.0
1670,91186,46.0,4,41,0.381687,0.5745,True,False,body,40.0,16.0,-10.0
1671,91224,24.0,1,38,0.381542,0.6869,True,False,wall,10.0,24.0,-10.0
1672,91294,77.0,4,70,0.381275,0.5897,True,False,wall,40.0,47.0,-10.0
1673,91308,-1.0,0,14,0.381222,0.6875,True,False,wall,0.0,9.0,-10.0
1674,91392,88.0,5,84,0.380902,0.7193,True,False,body,50.0,48.0,-10.0
1675,91463,50.0,2,71,0.380632,0.5961,True,False,wall,20.0,40.0,-10.0
1676,91477,8.0,1,14,0.380578,1.0245,True,False,wall,10.0,8.0,-10.0
1677,91573,82.0,5,96,0.380213,0.6257,True,False,body,50.0,42.0,-10.0
1678,91607,42.0,3,34,0.380084,0.5334,True,False,body,30.0,22.0,-10.0
1679,91645,24.0,1,38,0.379939,0.6125,True,False,wall,10.0,24.0,-10.0
1680,91699,40.0,3,54,0.379734,0.5757,True,False,body,30.0,20.0,-10.0
1681,91713,1.0,0,14,0.379681,0.9454,True,False,wall,0.0,11.0,-10.0
1682,91791,58.0,3,78,0.379385,0.5864,True,False,body,30.0,38.0,-10.0
1683,91874,89.0,5,83,0.37907,0.7667,True,False,body,50.0,49.0,-10.0
1684,91926,51.0,4,52,0.378873,0.824,True,False,body,40.0,21.0,-10.0
1685,91960,40.0,3,34,0.378745,0.6033,True,False,body,30.0,20.0,-10.0
1686,92049,103.0,7,89,0.378408,0.7805,True,False,wall,70.0,43.0,-10.0
1687,92154,82.0,4,105,0.378011,0.591,True,False,wall,40.0,52.0,-10.0
1688,92238,95.0,6,84,0.377693,0.6958,True,False,wall,60.0,45.0,-10.0
1689,92297,57.0,3,59,0.37747,0.692,True,False,wall,30.0,37.0,-10.0
1690,92371,84.0,5,74,0.377191,0.7746,True,False,body,50.0,44.0,-10.0
1691,92391,10.0,1,20,0.377116,0.6667,True,False,wall,10.0,10.0,-10.0
1692,92408,0.0,0,17,0.377052,0.621,True,False,wall,0.0,10.0,-10.0
1693,92446,44.0,3,38,0.376908,0.5935,True,False,body,30.0,24.0,-10.0
1694,92506,52.0,3,60,0.376682,0.8856,True,False,body,30.0,32.0,-10.0
1695,92614,174.0,11,108,0.376276,0.7642,True,False,wall,110.0,74.0,-10.0
1696,92647,22.0,2,33,0.376151,0.6604,True,False,wall,20.0,12.0,-10.0
1697,92683,20.0,1,36,0.376016,0.6112,True,False,wall,10.0,20.0,-10.0
1698,92701,23.0,2,18,0.375948,0.6714,True,False,wall,20.0,13.0,-10.0
1699,92744,49.0,3,43,0.375787,0.6643,True,False,body,30.0,29.0,-10.0
1700,92810,69.0,4,66,0.375539,0.7099,True,False,body,40.0,39.0,-10.0
1701,92875,51.0,3,65,0.375295,0.6432,True,False,body,30.0,31.0,-10.0
1702,92913,46.0,3,38,0.375152,0.6066,True,False,body,30.0,26.0,-10.0
1703,93039,158.0,9,126,0.37468,0.6312,True,False,body,90.0,78.0,-10.0
1704,93103,67.0,4,64,0.37444,0.6466,True,False,wall,40.0,37.0,-10.0
1705,93118,5.0,1,15,0.374384,0.5775,True,False,wall,10.0,5.0,-10.0
1706,93183,66.0,4,65,0.374141,0.7155,True,False,wall,40.0,36.0,-10.0
1707,93256,83.0,5,73,0.373868,0.6681,True,False,body,50.0,43.0,-10.0
1708,93333,62.0,4,77,0.37358,0.5773,True,False,body,40.0,32.0,-10.0
1709,93379,56.0,3,46,0.373408,0.5647,True,False,body,30.0,36.0,-10.0
1710,93432,47.0,3,53,0.37321,0.6096,True,False,body,30.0,27.0,-10.0
1711,93528,79.0,4,96,0.372852,0.673,True,False,wall,40.0,49.0,-10.0
1712,93597,55.0,3,69,0.372595,0.6839,True,False,body,30.0,35.0,-10.0
1713,93637,57.0,4,40,0.372446,0.7749,True,False,body,40.0,27.0,-10.0
1714,93712,79.0,5,75,0.372167,0.6988,True,False,wall,50.0,39.0,-10.0
1715,93755,51.0,3,43,0.372007,0.5928,True,False,wall,30.0,31.0,-10.0
1716,93865,122.0,7,110,0.371598,0.6381,True,False,body,70.0,62.0,-10.0
1717,93944,45.0,3,79,0.371304,0.6972,True,False,body,30.0,25.0,-10.0
1718,94010,74.0,5,66,0.371059,0.6074,True,False,body,50.0,34.0,-10.0
1719,94056,38.0,3,46,0.370889,0.6069,True,False,wall,30.0,18.0,-10.0
1720,94152,102.0,7,96,0.370533,0.7673,True,False,wall,70.0,42.0,-10.0
1721,94181,26.0,2,29,0.370425,0.7967,True,False,wall,20.0,16.0,-10.0
1722,94278,125.0,7,97,0.370066,0.8133,True,False,body,70.0,65.0,-10.0
1723,94294,12.0,1,16,0.370007,0.6176,True,False,wall,10.0,12.0,-10.0
1724,94342,40.0,3,48,0.369829,0.7148,True,False,body,30.0,20.0,-10.0
1725,94433,104.0,6,91,0.369493,0.6041,True,False,wall,60.0,54.0,-10.0
1726,94515,73.0,4,82,0.36919,0.5477,True,False,body,40.0,43.0,-10.0
1727,94568,51.0,3,53,0.368995,0.8366,True,False,body,30.0,31.0,-10.0
1728,94656,58.0,3,88,0.36867,0.85,True,False,body,30.0,38.0,-10.0
1729,94670,3.0,0,14,0.368618,0.5818,True,False,wall,0.0,13.0,-10.0
1730,94795,122.0,6,125,0.368158,0.7867,True,False,wall,60.0,72.0,-10.0
1731,94887,80.0,5,92,0.367819,0.6539,True,False,body,50.0,40.0,-10.0
1732,94907,10.0,1,20,0.367746,0.6128,True,False,wall,10.0,10.0,-10.0
1733,94941,25.0,2,34,0.367621,0.6674,True,False,wall,20.0,15.0,-10.0
1734,94979,46.0,3,38,0.367481,0.6309,True,False,wall,30.0,26.0,-10.0
1735,95025,43.0,2,46,0.367312,0.681,True,False,wall,20.0,33.0,-10.0
1736,95098,85.0,5,73,0.367044,0.6769,True,False,wall,50.0,45.0,-10.0
1737,95159,56.0,4,61,0.36682,0.7281,True,False,body,40.0,26.0,-10.0
1738,95222,60.0,4,63,0.366589,0.5928,True,False,wall,40.0,30.0,-10.0
1739,95292,77.0,4,70,0.366333,0.6398,True,False,body,40.0,47.0,-10.0
1740,95339,28.0,2,47,0.366161,1.0097,True,False,wall,20.0,18.0,-10.0
1741,95421,97.0,6,82,0.36586,0.8147,True,False,body,60.0,47.0,-10.0
1742,95456,20.0,2,35,0.365732,0.7297,True,False,wall,20.0,10.0,-10.0
1743,95502,44.0,3,46,0.365564,0.6881,True,False,body,30.0,24.0,-10.0
1744,95523,26.0,2,21,0.365487,0.646,True,False,wall,20.0,16.0,-10.0
1745,95538,9.0,1,15,0.365433,0.6289,True,False,wall,10.0,9.0,-10.0
1746,95599,49.0,3,61,0.36521,0.7489,True,False,body,30.0,29.0,-10.0
1747,95648,28.0,2,49,0.365031,0.5755,True,False,wall,20.0,18.0,-10.0
1748,95662,6.0,1,14,0.36498,0.6042,True,False,wall,10.0,6.0,-10.0
1749,95679,2.0,0,17,0.364918,0.5228,True,False,wall,0.0,12.0,-10.0
1750,95697,10.0,1,18,0.364852,0.6223,True,False,wall,10.0,10.0,-10.0
1751,95740,43.0,3,43,0.364695,0.7788,True,False,wall,30.0,23.0,-10.0
1752,95806,65.0,4,66,0.364455,0.6277,True,False,wall,40.0,35.0,-10.0
1753,95820,-3.0,0,14,0.364404,0.5588,True,False,wall,0.0,7.0,-10.0
1754,95830,-3.0,0,10,0.364367,0.6056,True,False,wall,0.0,7.0,-10.0
1755,95859,43.0,3,29,0.364261,0.6855,True,False,wall,30.0,23.0,-10.0
1756,95873,8.0,1,14,0.36421,0.5612,True,False,wall,10.0,8.0,-10.0
1757,95916,45.0,3,43,0.364054,0.518,True,False,body,30.0,25.0,-10.0
1758,96014,97.0,6,98,0.363697,0.7264,True,False,body,60.0,47.0,-10.0
1759,96042,16.0,1,28,0.363595,0.806,True,False,wall,10.0,16.0,-10.0
1760,96106,60.0,3,64,0.363363,0.7036,True,False,wall,30.0,40.0,-10.0
1761,96161,58.0,4,55,0.363163,0.7263,True,False,body,40.0,28.0,-10.0
1762,96172,0.0,0,11,0.363123,0.6085,True,False,wall,0.0,10.0,-10.0
1763,96271,81.0,5,99,0.362764,0.7628,True,False,body,50.0,41.0,-10.0
1764,96375,139.0,8,104,0.362387,0.6208,True,False,wall,80.0,69.0,-10.0
1765,96396,20.0,2,21,0.362311,1.0735,True,False,wall,20.0,10.0,-10.0
1766,96468,70.0,5,72,0.36205,0.7721,True,False,body,50.0,30.0,-10.0
1767,96510,38.0,3,42,0.361898,0.8539,True,False,wall,30.0,18.0,-10.0
1768,96552,38.0,3,42,0.361746,0.6649,True,False,body,30.0,18.0,-10.0
1769,96586,36.0,3,34,0.361623,0.59,True,False,body,30.0,16.0,-10.0
1770,96617,11.0,1,31,0.361511,0.5555,True,False,wall,10.0,11.0,-10.0
1771,96642,2.0,0,25,0.36142,0.6079,True,False,wall,0.0,12.0,-10.0
1772,96734,85.0,4,92,0.361088,0.6737,True,False,body,40.0,55.0,-10.0
1773,96800,100.0,7,66,0.36085,0.6233,True,False,body,70.0,40.0,-10.0
1774,96882,80.0,5,82,0.360554,0.692,True,False,body,50.0,40.0,-10.0
1775,96930,49.0,4,48,0.360381,0.933,True,False,body,40.0,19.0,-10.0
1776,96985,81.0,5,55,0.360183,0.6995,True,False,body,50.0,41.0,-10.0
1777,97136,145.0,9,151,0.359639,0.6574,True,False,body,90.0,65.0,-10.0
1778,97151,11.0,1,15,0.359586,0.5973,True,False,wall,10.0,11.0,-10.0
1779,97197,55.0,4,46,0.35942,0.7192,True,False,body,40.0,25.0,-10.0
1780,97270,91.0,5,73,0.359158,0.7322,True,False,wall,50.0,51.0,-10.0
1781,97317,39.0,3,47,0.358989,0.7008,True,False,wall,30.0,19.0,-10.0
1782,97416,113.0,7,99,0.358634,0.71,True,False,wall,70.0,53.0,-10.0
1783,97451,11.0,1,35,0.358508,0.6095,True,False,wall,10.0,11.0,-10.0
1784,97504,86.0,6,53,0.358318,0.8321,True,False,body,60.0,36.0,-10.0
1785,97609,101.0,7,105,0.357942,0.6266,True,False,body,70.0,41.0,-10.0
1786,97653,54.0,3,44,0.357785,0.7257,True,False,body,30.0,34.0,-10.0
1787,97727,89.0,4,74,0.35752,0.6734,True,False,wall,40.0,59.0,-10.0
1788,97797,89.0,6,70,0.35727,0.9534,True,False,body,60.0,39.0,-10.0
1789,97834,41.0,3,37,0.357138,0.8237,True,False,body,30.0,21.0,-10.0
1790,97912,82.0,5,78,0.356859,0.7894,True,False,wall,50.0,42.0,-10.0
1791,98005,74.0,4,93,0.356528,0.8523,True,False,body,40.0,44.0,-10.0
1792,98040,52.0,4,35,0.356403,0.7111,True,False,body,40.0,22.0,-10.0
1793,98101,38.0,2,61,0.356186,0.7013,True,False,wall,20.0,28.0,-10.0
1794,98141,10.0,1,40,0.356043,0.7722,True,False,wall,10.0,10.0,-10.0
1795,98192,32.0,2,51,0.355862,0.7893,True,False,wall,20.0,22.0,-10.0
1796,98247,43.0,3,55,0.355666,0.8722,True,False,body,30.0,23.0,-10.0
1797,98270,39.0,3,23,0.355584,0.724,True,False,wall,30.0,19.0,-10.0
1798,98305,35.0,3,35,0.35546,0.6605,True,False,wall,30.0,15.0,-10.0
1799,98408,110.0,8,103,0.355094,0.6369,True,False,body,80.0,40.0,-10.0
1800,98422,15.0,2,14,0.355044,0.5413,True,False,wall,20.0,5.0,-10.0
1801,98448,27.0,2,26,0.354952,0.8264,True,False,wall,20.0,17.0,-10.0
1802,98502,40.0,3,54,0.35476,0.715,True,False,body,30.0,20.0,-10.0
1803,98520,19.0,2,18,0.354696,0.5519,True,False,wall,20.0,9.0,-10.0
1804,98549,11.0,1,29,0.354593,0.7157,True,False,wall,10.0,11.0,-10.0
1805,98596,49.0,3,47,0.354427,0.619,True,False,wall,30.0,29.0,-10.0
1806,98643,43.0,3,47,0.35426,0.7263,True,False,body,30.0,23.0,-10.0
1807,98732,86.0,6,89,0.353945,0.7069,True,False,body,60.0,36.0,-10.0
1808,98779,43.0,3,47,0.353779,0.7361,True,False,wall,30.0,23.0,-10.0
1809,98907,140.0,7,128,0.353326,0.6439,True,False,wall,70.0,80.0,-10.0
1810,98976,84.0,6,69,0.353083,0.5972,True,False,body,60.0,34.0,-10.0
1811,99000,34.0,3,24,0.352998,0.6194,True,False,wall,30.0,14.0,-10.0
1812,99083,78.0,4,83,0.352705,0.7543,True,False,body,40.0,48.0,-10.0
1813,99123,49.0,4,40,0.352564,0.9249,True,False,body,40.0,19.0,-10.0
1814,99217,93.0,6,94,0.352233,0.7473,True,False,wall,60.0,43.0,-10.0
1815,99254,52.0,4,37,0.352102,0.6822,True,False,wall,40.0,22.0,-10.0
1816,99290,44.0,3,36,0.351976,0.758,True,False,wall,30.0,24.0,-10.0
1817,99343,69.0,5,53,0.351789,0.639,True,False,body,50.0,29.0,-10.0
1818,99354,0.0,0,11,0.35175,0.6206,True,False,wall,0.0,10.0,-10.0
1819,99389,11.0,1,35,0.351627,0.9523,True,False,wall,10.0,11.0,-10.0
1820,99401,-1.0,0,12,0.351585,0.7664,True,False,wall,0.0,9.0,-10.0
1821,99463,55.0,4,62,0.351367,0.8375,True,False,body,40.0,25.0,-10.0
1822,99549,79.0,4,86,0.351065,0.7719,True,False,body,40.0,49.0,-10.0
1823,99618,45.0,3,69,0.350823,0.684,True,False,body,30.0,25.0,-10.0
1824,99679,43.0,3,61,0.350609,0.6667,True,False,wall,30.0,23.0,-10.0
1825,99693,1.0,0,14,0.35056,0.6978,True,False,wall,0.0,11.0,-10.0
1826,99752,61.0,3,59,0.350353,0.7739,True,False,wall,30.0,41.0,-10.0
1827,99770,6.0,1,18,0.35029,0.6552,True,False,wall,10.0,6.0,-10.0
1828,99836,65.0,4,66,0.350059,0.8693,True,False,body,40.0,35.0,-10.0
1829,99939,82.0,4,103,0.349699,0.8307,True,False,body,40.0,52.0,-10.0
1830,100000,64.0,3,61,0.349485,0.8348,False,False,budget_cutoff,30.0,34.0,0.0
