episode,env_steps_total,episode_reward,score,survival_steps,epsilon,loss_mean,terminated,truncated,death_reason,fruit_reward_sum,distance_shaping_reward_sum,death_penalty_sum
0,129,-6.0,0,129,0.948775,0.0,True,False,wall,0.0,4.0,-10.0
1,161,-13.0,0,32,0.948472,0.0,True,False,wall,0.0,-3.0,-10.0
2,209,-13.0,0,48,0.948017,0.0,True,False,wall,0.0,-3.0,-10.0
3,240,-10.0,0,31,0.947723,0.0,True,False,wall,0.0,0.0,-10.0
4,319,-12.0,0,79,0.946974,2.3341,True,False,wall,0.0,-2.0,-10.0
5,363,-15.0,0,44,0.946558,13.1788,True,False,wall,0.0,-5.0,-10.0
6,395,-7.0,0,32,0.946255,2.5256,True,False,wall,0.0,3.0,-10.0
7,414,-3.0,1,19,0.946075,1.4937,True,False,wall,10.0,-3.0,-10.0
8,439,-16.0,0,25,0.945839,1.3779,True,False,wall,0.0,-6.0,-10.0
9,575,-9.0,0,136,0.944553,18.5667,True,False,wall,0.0,1.0,-10.0
10,593,-15.0,0,18,0.944383,3.5146,True,False,wall,0.0,-5.0,-10.0
11,675,-19.0,0,82,0.943609,2.2115,True,False,wall,0.0,-9.0,-10.0
12,713,-5.0,0,38,0.943251,2.8941,True,False,wall,0.0,5.0,-10.0
13,835,-3.0,0,122,0.942101,1.9249,True,False,wall,0.0,7.0,-10.0
14,879,-15.0,0,44,0.941686,1.5705,True,False,wall,0.0,-5.0,-10.0
15,935,2.0,1,56,0.941159,2.0998,True,False,wall,10.0,2.0,-10.0
16,947,-21.0,0,12,0.941046,2.6482,True,False,wall,0.0,-11.0,-10.0
17,979,-17.0,0,32,0.940745,2.5923,True,False,wall,0.0,-7.0,-10.0
18,992,-14.0,0,13,0.940623,2.4298,True,False,wall,0.0,-4.0,-10.0
19,1069,-16.0,0,77,0.939899,3.0114,True,False,wall,0.0,-6.0,-10.0
20,1128,20.0,2,59,0.939344,4.4749,True,False,wall,20.0,10.0,-10.0
21,1192,-15.0,0,64,0.938743,11.3176,True,False,wall,0.0,-5.0,-10.0
22,1228,-17.0,0,36,0.938405,68.5174,True,False,wall,0.0,-7.0,-10.0
23,1247,0.0,0,19,0.938227,244.8466,True,False,wall,0.0,10.0,-10.0
24,1268,-20.0,0,21,0.93803,264.1053,True,False,wall,0.0,-10.0,-10.0
25,1314,-15.0,0,46,0.937599,180.7002,True,False,wall,0.0,-5.0,-10.0
26,1341,11.0,1,27,0.937346,219.4219,True,False,wall,10.0,11.0,-10.0
27,1355,-17.0,0,14,0.937214,286.4096,True,False,wall,0.0,-7.0,-10.0
28,1378,-8.0,0,23,0.936999,173.9804,True,False,wall,0.0,2.0,-10.0
29,1423,-12.0,0,45,0.936577,39.8098,True,False,wall,0.0,-2.0,-10.0
30,1448,-18.0,0,25,0.936343,12.6688,True,False,wall,0.0,-8.0,-10.0
31,1522,-13.0,0,74,0.93565,6.8779,True,False,wall,0.0,-3.0,-10.0
32,1605,-20.0,0,83,0.934874,4.3136,True,False,wall,0.0,-10.0,-10.0
33,1629,-11.0,0,24,0.93465,3.6469,True,False,wall,0.0,-1.0,-10.0
34,1646,-14.0,0,17,0.934491,3.5085,True,False,wall,0.0,-4.0,-10.0
35,1668,6.0,1,22,0.934285,3.1705,True,False,wall,10.0,6.0,-10.0
36,1688,-19.0,0,20,0.934099,3.2008,True,False,wall,0.0,-9.0,-10.0
37,1711,-12.0,0,23,0.933884,3.3837,True,False,wall,0.0,-2.0,-10.0
38,1733,-11.0,0,22,0.933678,3.2297,True,False,wall,0.0,-1.0,-10.0
39,1757,-15.0,0,24,0.933454,2.5289,True,False,wall,0.0,-5.0,-10.0
40,1780,-14.0,0,23,0.93324,2.5281,True,False,wall,0.0,-4.0,-10.0
41,1794,-19.0,0,14,0.933109,2.4351,True,False,wall,0.0,-9.0,-10.0
42,1822,-15.0,0,28,0.932848,3.3684,True,False,wall,0.0,-5.0,-10.0
43,1840,-1.0,0,18,0.93268,2.6415,True,False,wall,0.0,9.0,-10.0
44,1855,-4.0,0,15,0.93254,2.6785,True,False,wall,0.0,6.0,-10.0
45,1885,-15.0,0,30,0.93226,2.6806,True,False,wall,0.0,-5.0,-10.0
46,1898,-18.0,0,13,0.932139,2.5589,True,False,wall,0.0,-8.0,-10.0
47,1946,12.0,1,48,0.931692,2.2751,True,False,wall,10.0,12.0,-10.0
48,1987,-24.0,0,41,0.93131,2.091,True,False,wall,0.0,-14.0,-10.0
49,2002,-12.0,0,15,0.93117,2.2339,True,False,wall,0.0,-2.0,-10.0
50,2024,-15.0,0,22,0.930965,3.0732,True,False,wall,0.0,-5.0,-10.0
51,2070,-11.0,0,46,0.930537,2.0726,True,False,wall,0.0,-1.0,-10.0
52,2193,-4.0,0,123,0.929393,2.2602,True,False,wall,0.0,6.0,-10.0
53,2214,-14.0,0,21,0.929198,1.8856,True,False,wall,0.0,-4.0,-10.0
54,2255,-22.0,0,41,0.928817,1.9868,True,False,wall,0.0,-12.0,-10.0
55,2331,-17.0,0,76,0.928112,1.7998,True,False,wall,0.0,-7.0,-10.0
56,2340,-8.0,0,9,0.928028,1.9903,True,False,wall,0.0,2.0,-10.0
57,2375,-6.0,0,35,0.927703,1.5285,True,False,wall,0.0,4.0,-10.0
58,2424,2.0,0,49,0.927249,1.7546,True,False,wall,0.0,12.0,-10.0
59,2465,-16.0,0,41,0.926869,1.8024,True,False,wall,0.0,-6.0,-10.0
60,2533,6.0,1,68,0.926239,1.5198,True,False,wall,10.0,6.0,-10.0
61,2701,-15.0,0,168,0.924684,1.4986,True,False,wall,0.0,-5.0,-10.0
62,2777,-15.0,0,76,0.923981,1.3431,True,False,wall,0.0,-5.0,-10.0
63,2801,-21.0,0,24,0.92376,1.1499,True,False,wall,0.0,-11.0,-10.0
64,2843,-17.0,0,42,0.923372,1.2279,True,False,wall,0.0,-7.0,-10.0
65,2866,-16.0,0,23,0.923159,1.1255,True,False,wall,0.0,-6.0,-10.0
66,2903,-6.0,0,37,0.922818,1.132,True,False,wall,0.0,4.0,-10.0
67,2991,3.0,0,88,0.922006,1.0081,True,False,wall,0.0,13.0,-10.0
68,3062,-18.0,0,71,0.921352,0.9698,True,False,wall,0.0,-8.0,-10.0
69,3105,-14.0,0,43,0.920956,0.9617,True,False,wall,0.0,-4.0,-10.0
70,3136,-16.0,0,31,0.92067,0.9882,True,False,wall,0.0,-6.0,-10.0
71,3181,-8.0,0,45,0.920256,0.957,True,False,wall,0.0,2.0,-10.0
72,3204,-18.0,0,23,0.920044,0.8466,True,False,wall,0.0,-8.0,-10.0
73,3218,-19.0,0,14,0.919916,0.8509,True,False,wall,0.0,-9.0,-10.0
74,3288,-19.0,0,70,0.919272,0.9201,True,False,wall,0.0,-9.0,-10.0
75,3336,-1.0,0,48,0.918831,0.8836,True,False,wall,0.0,9.0,-10.0
76,3368,9.0,2,32,0.918537,0.8997,True,False,wall,20.0,-1.0,-10.0
77,3396,-7.0,0,28,0.91828,0.9916,True,False,wall,0.0,3.0,-10.0
78,3471,5.0,1,75,0.917591,0.8893,True,False,wall,10.0,5.0,-10.0
79,3551,23.0,2,80,0.916857,1.0267,True,False,wall,20.0,13.0,-10.0
80,3594,1.0,1,43,0.916463,1.0834,True,False,wall,10.0,1.0,-10.0
81,3649,-8.0,0,55,0.915959,1.0043,True,False,wall,0.0,2.0,-10.0
82,3691,-1.0,0,42,0.915575,1.0306,True,False,wall,0.0,9.0,-10.0
83,3800,-3.0,1,109,0.914577,1.1012,True,False,wall,10.0,-3.0,-10.0
84,3816,1.0,0,16,0.914431,1.0253,True,False,wall,0.0,11.0,-10.0
85,3848,-2.0,1,32,0.914138,1.0636,True,False,wall,10.0,-2.0,-10.0
86,3952,-7.0,0,104,0.913188,0.9987,True,False,wall,0.0,3.0,-10.0
87,3983,10.0,2,31,0.912905,1.1674,True,False,wall,20.0,0.0,-10.0
88,4060,-4.0,0,77,0.912202,1.0938,True,False,wall,0.0,6.0,-10.0
89,4139,3.0,1,79,0.911482,1.1406,True,False,wall,10.0,3.0,-10.0
90,4206,-12.0,0,67,0.910872,1.1819,True,False,wall,0.0,-2.0,-10.0
91,4231,-10.0,0,25,0.910644,1.0819,True,False,wall,0.0,0.0,-10.0
92,4245,-13.0,0,14,0.910516,1.1399,True,False,wall,0.0,-3.0,-10.0
93,4265,-15.0,0,20,0.910334,1.0155,True,False,wall,0.0,-5.0,-10.0
94,4331,-7.0,0,66,0.909734,1.0717,True,False,wall,0.0,3.0,-10.0
95,4510,-8.0,0,179,0.908107,1.1414,True,False,wall,0.0,2.0,-10.0
96,4536,-3.0,0,26,0.907871,1.0669,True,False,wall,0.0,7.0,-10.0
97,4605,-14.0,0,69,0.907245,1.4283,True,False,wall,0.0,-4.0,-10.0
98,4626,-8.0,0,21,0.907054,1.4858,True,False,wall,0.0,2.0,-10.0
99,4681,-10.0,0,55,0.906555,1.3388,True,False,wall,0.0,0.0,-10.0
100,4738,-10.0,0,57,0.906039,1.3521,True,False,wall,0.0,0.0,-10.0
101,4877,-6.0,0,139,0.90478,1.3596,True,False,wall,0.0,4.0,-10.0
102,4911,-15.0,0,34,0.904473,1.2126,True,False,wall,0.0,-5.0,-10.0
103,5052,-3.0,1,141,0.903198,1.4491,True,False,wall,10.0,-3.0,-10.0
104,5070,-19.0,0,18,0.903036,1.0865,True,False,wall,0.0,-9.0,-10.0
105,5089,-2.0,0,19,0.902864,1.4878,True,False,wall,0.0,8.0,-10.0
106,5105,-17.0,0,16,0.90272,1.4969,True,False,wall,0.0,-7.0,-10.0
107,5121,-9.0,0,16,0.902575,1.7024,True,False,wall,0.0,1.0,-10.0
108,5146,-2.0,0,25,0.90235,1.5483,True,False,wall,0.0,8.0,-10.0
109,5165,-12.0,0,19,0.902178,1.7804,True,False,wall,0.0,-2.0,-10.0
110,5196,-8.0,0,31,0.901898,1.4135,True,False,wall,0.0,2.0,-10.0
111,5264,-11.0,0,68,0.901285,1.5021,True,False,wall,0.0,-1.0,-10.0
112,5284,-7.0,0,20,0.901105,1.5396,True,False,wall,0.0,3.0,-10.0
113,5335,-12.0,0,51,0.900646,1.5655,True,False,wall,0.0,-2.0,-10.0
114,5428,-6.0,0,93,0.899809,1.3864,True,False,wall,0.0,4.0,-10.0
115,5538,-3.0,0,110,0.898819,1.6277,True,False,wall,0.0,7.0,-10.0
116,5572,2.0,1,34,0.898514,1.7542,True,False,wall,10.0,2.0,-10.0
117,5592,-2.0,1,20,0.898334,1.7592,True,False,wall,10.0,-2.0,-10.0
118,5640,-19.0,0,48,0.897903,2.0647,True,False,wall,0.0,-9.0,-10.0
119,5745,9.0,1,105,0.896961,1.8262,True,False,wall,10.0,9.0,-10.0
120,5776,-8.0,0,31,0.896683,1.8505,True,False,wall,0.0,2.0,-10.0
121,5788,-17.0,0,12,0.896575,2.0123,True,False,wall,0.0,-7.0,-10.0
122,5821,9.0,1,33,0.896279,1.9124,True,False,wall,10.0,9.0,-10.0
123,5838,-22.0,0,17,0.896127,2.1885,True,False,wall,0.0,-12.0,-10.0
124,5872,-15.0,0,34,0.895822,2.1259,True,False,wall,0.0,-5.0,-10.0
125,5908,-19.0,0,36,0.8955,2.2054,True,False,wall,0.0,-9.0,-10.0
126,5946,-7.0,0,38,0.89516,2.285,True,False,wall,0.0,3.0,-10.0
127,5964,-17.0,0,18,0.894998,2.4519,True,False,wall,0.0,-7.0,-10.0
128,5986,-7.0,0,22,0.894802,2.1699,True,False,wall,0.0,3.0,-10.0
129,6048,-13.0,0,62,0.894247,2.2508,True,False,wall,0.0,-3.0,-10.0
130,6076,-13.0,0,28,0.893997,2.0555,True,False,wall,0.0,-3.0,-10.0
131,6175,6.0,2,99,0.893112,2.5967,True,False,wall,20.0,-4.0,-10.0
132,6210,-6.0,0,35,0.892799,2.5824,True,False,wall,0.0,4.0,-10.0
133,6233,-6.0,0,23,0.892594,2.797,True,False,wall,0.0,4.0,-10.0
134,6246,-8.0,0,13,0.892478,2.4661,True,False,wall,0.0,2.0,-10.0
135,6269,5.0,1,23,0.892273,2.3071,True,False,wall,10.0,5.0,-10.0
136,6305,12.0,1,36,0.891952,1.9134,True,False,wall,10.0,12.0,-10.0
137,6371,-12.0,1,66,0.891363,2.0785,True,False,wall,10.0,-12.0,-10.0
138,6398,-10.0,0,27,0.891123,1.8135,True,False,wall,0.0,0.0,-10.0
139,6436,0.0,1,38,0.890784,1.6993,True,False,wall,10.0,0.0,-10.0
140,6461,-8.0,0,25,0.890561,1.9983,True,False,wall,0.0,2.0,-10.0
141,6512,-12.0,0,51,0.890107,1.8859,True,False,wall,0.0,-2.0,-10.0
142,6538,-13.0,0,26,0.889876,1.4359,True,False,wall,0.0,-3.0,-10.0
143,6581,1.0,1,43,0.889493,1.4471,True,False,wall,10.0,1.0,-10.0
144,6626,13.0,1,45,0.889093,1.4424,True,False,wall,10.0,13.0,-10.0
145,6735,5.0,1,109,0.888125,1.5961,True,False,wall,10.0,5.0,-10.0
146,6748,-4.0,0,13,0.888009,1.5911,True,False,wall,0.0,6.0,-10.0
147,6831,-2.0,0,83,0.887272,1.6987,True,False,wall,0.0,8.0,-10.0
148,6930,-20.0,0,99,0.886394,1.6904,True,False,wall,0.0,-10.0,-10.0
149,6943,-18.0,0,13,0.886279,1.5265,True,False,wall,0.0,-8.0,-10.0
150,6976,-4.0,0,33,0.885987,1.5863,True,False,wall,0.0,6.0,-10.0
151,7061,-2.0,0,85,0.885234,1.5315,True,False,wall,0.0,8.0,-10.0
152,7091,-15.0,0,30,0.884968,1.5091,True,False,wall,0.0,-5.0,-10.0
153,7112,-12.0,0,21,0.884783,1.4114,True,False,wall,0.0,-2.0,-10.0
154,7241,-3.0,1,129,0.883642,1.5136,True,False,wall,10.0,-3.0,-10.0
155,7280,-4.0,0,39,0.883297,1.8249,True,False,wall,0.0,6.0,-10.0
156,7294,-7.0,0,14,0.883174,1.3394,True,False,wall,0.0,3.0,-10.0
157,7335,-16.0,0,41,0.882812,1.5875,True,False,wall,0.0,-6.0,-10.0
158,7352,-16.0,0,17,0.882662,1.5898,True,False,wall,0.0,-6.0,-10.0
159,7390,-15.0,0,38,0.882326,1.6359,True,False,wall,0.0,-5.0,-10.0
160,7538,-5.0,0,148,0.881021,1.4761,True,False,wall,0.0,5.0,-10.0
161,7584,-9.0,0,46,0.880616,1.7527,True,False,wall,0.0,1.0,-10.0
162,7678,-2.0,1,94,0.879789,1.5943,True,False,wall,10.0,-2.0,-10.0
163,7706,-5.0,0,28,0.879543,1.389,True,False,wall,0.0,5.0,-10.0
164,7727,-6.0,0,21,0.879358,1.3222,True,False,wall,0.0,4.0,-10.0
165,7771,-17.0,0,44,0.878971,1.7077,True,False,wall,0.0,-7.0,-10.0
166,7836,-4.0,0,65,0.8784,1.7791,True,False,wall,0.0,6.0,-10.0
167,7869,-16.0,0,33,0.87811,1.4275,True,False,wall,0.0,-6.0,-10.0
168,7956,1.0,1,87,0.877346,1.5425,True,False,wall,10.0,1.0,-10.0
169,8022,-11.0,0,66,0.876768,1.6946,True,False,wall,0.0,-1.0,-10.0
170,8034,-1.0,0,12,0.876662,1.7852,True,False,wall,0.0,9.0,-10.0
171,8048,-15.0,0,14,0.87654,1.2074,True,False,wall,0.0,-5.0,-10.0
172,8082,4.0,1,34,0.876242,1.4636,True,False,wall,10.0,4.0,-10.0
173,8107,-4.0,0,25,0.876023,1.3156,True,False,wall,0.0,6.0,-10.0
174,8170,-6.0,0,63,0.875471,1.6178,True,False,wall,0.0,4.0,-10.0
175,8190,-5.0,0,20,0.875296,1.4446,True,False,wall,0.0,5.0,-10.0
176,8202,-17.0,0,12,0.875191,1.5001,True,False,wall,0.0,-7.0,-10.0
177,8225,-8.0,0,23,0.87499,1.3726,True,False,wall,0.0,2.0,-10.0
178,8289,0.0,1,64,0.87443,1.4158,True,False,wall,10.0,0.0,-10.0
179,8339,-15.0,0,50,0.873993,1.2678,True,False,wall,0.0,-5.0,-10.0
180,8379,-21.0,0,40,0.873643,1.4099,True,False,wall,0.0,-11.0,-10.0
181,8395,2.0,1,16,0.873503,1.1368,True,False,wall,10.0,2.0,-10.0
182,8479,-13.0,0,84,0.87277,1.3727,True,False,wall,0.0,-3.0,-10.0
183,8508,-6.0,0,29,0.872517,1.3118,True,False,wall,0.0,4.0,-10.0
184,8605,-6.0,0,97,0.871671,1.3857,True,False,wall,0.0,4.0,-10.0
185,8639,-11.0,0,34,0.871375,1.3615,True,False,wall,0.0,-1.0,-10.0
186,8678,-4.0,0,39,0.871035,1.27,True,False,wall,0.0,6.0,-10.0
187,8725,-1.0,1,47,0.870626,1.5445,True,False,wall,10.0,-1.0,-10.0
188,8816,-10.0,0,91,0.869834,1.3724,True,False,wall,0.0,0.0,-10.0
189,8892,-15.0,0,76,0.869173,1.5081,True,False,wall,0.0,-5.0,-10.0
190,9024,-11.0,0,132,0.868026,1.5247,True,False,wall,0.0,-1.0,-10.0
191,9161,-16.0,0,137,0.866838,1.4064,True,False,wall,0.0,-6.0,-10.0
192,9179,-1.0,0,18,0.866682,1.3846,True,False,wall,0.0,9.0,-10.0
193,9222,-6.0,0,43,0.866309,1.1561,True,False,wall,0.0,4.0,-10.0
194,9281,-6.0,0,59,0.865798,1.2328,True,False,wall,0.0,4.0,-10.0
195,9298,-10.0,0,17,0.865651,1.2991,True,False,wall,0.0,0.0,-10.0
196,9393,14.0,2,95,0.864829,1.4073,True,False,wall,20.0,4.0,-10.0
197,9414,22.0,2,21,0.864648,1.3221,True,False,wall,20.0,12.0,-10.0
198,9482,8.0,1,68,0.86406,1.2743,True,False,wall,10.0,8.0,-10.0
199,9504,-15.0,0,22,0.86387,1.3293,True,False,wall,0.0,-5.0,-10.0
200,9541,-10.0,0,37,0.86355,1.4295,True,False,wall,0.0,0.0,-10.0
201,9629,-7.0,0,88,0.862791,1.666,True,False,wall,0.0,3.0,-10.0
202,9645,-13.0,0,16,0.862653,1.5515,True,False,wall,0.0,-3.0,-10.0
203,9691,-11.0,0,46,0.862256,1.4721,True,False,wall,0.0,-1.0,-10.0
204,9732,-18.0,0,41,0.861902,1.5469,True,False,wall,0.0,-8.0,-10.0
205,9759,-10.0,0,27,0.86167,1.1422,True,False,wall,0.0,0.0,-10.0
206,9799,-9.0,0,40,0.861325,1.4529,True,False,wall,0.0,1.0,-10.0
207,9855,-17.0,0,56,0.860843,1.5979,True,False,wall,0.0,-7.0,-10.0
208,9875,-7.0,0,20,0.860671,1.3371,True,False,wall,0.0,3.0,-10.0
209,9900,3.0,1,25,0.860456,1.2685,True,False,wall,10.0,3.0,-10.0
210,9917,-8.0,0,17,0.860309,1.128,True,False,wall,0.0,2.0,-10.0
211,9929,-9.0,0,12,0.860206,1.7133,True,False,wall,0.0,1.0,-10.0
212,10019,2.0,1,90,0.859432,1.4019,True,False,wall,10.0,2.0,-10.0
213,10052,0.0,0,33,0.859149,1.3027,True,False,wall,0.0,10.0,-10.0
214,10111,-12.0,0,59,0.858642,1.5266,True,False,wall,0.0,-2.0,-10.0
215,10122,-8.0,0,11,0.858547,1.4393,True,False,wall,0.0,2.0,-10.0
216,10160,-15.0,0,38,0.858221,1.3437,True,False,wall,0.0,-5.0,-10.0
217,10183,-12.0,0,23,0.858024,1.1013,True,False,wall,0.0,-2.0,-10.0
218,10238,21.0,1,55,0.857552,0.9274,True,False,wall,10.0,21.0,-10.0
219,10258,-17.0,0,20,0.857381,1.1515,True,False,wall,0.0,-7.0,-10.0
220,10311,-14.0,0,53,0.856926,1.0139,True,False,wall,0.0,-4.0,-10.0
221,10357,-1.0,0,46,0.856532,1.1942,True,False,wall,0.0,9.0,-10.0
222,10390,3.0,1,33,0.85625,1.1204,True,False,wall,10.0,3.0,-10.0
223,10403,1.0,1,13,0.856138,1.0026,True,False,wall,10.0,1.0,-10.0
224,10445,-7.0,0,42,0.855779,1.2659,True,False,wall,0.0,3.0,-10.0
225,10472,-16.0,0,27,0.855548,1.3882,True,False,wall,0.0,-6.0,-10.0
226,10520,23.0,2,48,0.855137,1.4023,True,False,wall,20.0,13.0,-10.0
227,10566,-7.0,0,46,0.854744,1.5055,True,False,wall,0.0,3.0,-10.0
228,10663,7.0,1,97,0.853915,1.26,True,False,wall,10.0,7.0,-10.0
229,10704,-10.0,0,41,0.853565,1.9089,True,False,wall,0.0,0.0,-10.0
230,10759,-16.0,0,55,0.853096,1.4239,True,False,wall,0.0,-6.0,-10.0
231,10787,-17.0,0,28,0.852857,1.5476,True,False,wall,0.0,-7.0,-10.0
232,11019,23.0,2,232,0.850881,1.2879,True,False,wall,20.0,13.0,-10.0
233,11098,7.0,1,79,0.850209,1.3384,True,False,wall,10.0,7.0,-10.0
234,11117,-4.0,0,19,0.850047,1.2643,True,False,wall,0.0,6.0,-10.0
235,11146,-18.0,0,29,0.849801,1.444,True,False,wall,0.0,-8.0,-10.0
236,11195,-10.0,0,49,0.849385,1.1949,True,False,wall,0.0,0.0,-10.0
237,11209,-15.0,0,14,0.849266,1.1911,True,False,wall,0.0,-5.0,-10.0
238,11241,2.0,1,32,0.848994,1.3886,True,False,wall,10.0,2.0,-10.0
239,11265,-11.0,0,24,0.84879,0.9602,True,False,wall,0.0,-1.0,-10.0
240,11292,-16.0,0,27,0.848561,1.2228,True,False,wall,0.0,-6.0,-10.0
241,11331,-10.0,0,39,0.84823,1.4452,True,False,wall,0.0,0.0,-10.0
242,11362,3.0,1,31,0.847967,1.6381,True,False,wall,10.0,3.0,-10.0
243,11386,-15.0,0,24,0.847764,1.4508,True,False,wall,0.0,-5.0,-10.0
244,11453,-14.0,0,67,0.847196,1.4724,True,False,wall,0.0,-4.0,-10.0
245,11468,7.0,1,15,0.847069,1.2635,True,False,wall,10.0,7.0,-10.0
246,11491,5.0,1,23,0.846874,1.3838,True,False,wall,10.0,5.0,-10.0
247,11518,-6.0,0,27,0.846645,1.4317,True,False,wall,0.0,4.0,-10.0
248,11594,4.0,1,76,0.846002,1.3461,True,False,wall,10.0,4.0,-10.0
249,11673,-20.0,0,79,0.845334,1.1725,True,False,wall,0.0,-10.0,-10.0
250,11726,-10.0,0,53,0.844886,1.0029,True,False,wall,0.0,0.0,-10.0
251,11757,-4.0,0,31,0.844624,1.1953,True,False,wall,0.0,6.0,-10.0
252,11834,-6.0,0,77,0.843974,1.0938,True,False,wall,0.0,4.0,-10.0
253,11897,-12.0,0,63,0.843443,1.2475,True,False,wall,0.0,-2.0,-10.0
254,11916,-10.0,0,19,0.843282,1.3622,True,False,wall,0.0,0.0,-10.0
255,11954,12.0,1,38,0.842962,1.1659,True,False,wall,10.0,12.0,-10.0
256,11984,-19.0,0,30,0.842709,1.2709,True,False,wall,0.0,-9.0,-10.0
257,12028,-9.0,0,44,0.842339,1.1728,True,False,wall,0.0,1.0,-10.0
258,12054,-11.0,0,26,0.84212,1.199,True,False,wall,0.0,-1.0,-10.0
259,12119,-6.0,0,65,0.841572,1.3019,True,False,wall,0.0,4.0,-10.0
260,12262,1.0,1,143,0.84037,1.0914,True,False,wall,10.0,1.0,-10.0
261,12318,-1.0,0,56,0.839899,1.3954,True,False,wall,0.0,9.0,-10.0
262,12366,-15.0,0,48,0.839496,1.4406,True,False,wall,0.0,-5.0,-10.0
263,12383,-8.0,0,17,0.839354,1.5317,True,False,wall,0.0,2.0,-10.0
264,12407,-7.0,0,24,0.839152,1.1985,True,False,wall,0.0,3.0,-10.0
265,12422,-4.0,0,15,0.839026,1.2461,True,False,wall,0.0,6.0,-10.0
266,12474,-13.0,0,52,0.83859,1.175,True,False,wall,0.0,-3.0,-10.0
267,12513,-14.0,0,39,0.838263,1.0918,True,False,wall,0.0,-4.0,-10.0
268,12647,0.0,1,134,0.837141,1.102,True,False,wall,10.0,0.0,-10.0
269,12729,23.0,2,82,0.836454,1.3467,True,False,wall,20.0,13.0,-10.0
270,12746,-14.0,0,17,0.836312,1.5594,True,False,wall,0.0,-4.0,-10.0
271,12798,2.0,1,52,0.835877,1.2457,True,False,wall,10.0,2.0,-10.0
272,12846,-9.0,0,48,0.835476,0.9624,True,False,wall,0.0,1.0,-10.0
273,12885,-14.0,0,39,0.835151,1.2982,True,False,wall,0.0,-4.0,-10.0
274,12899,4.0,1,14,0.835034,0.9665,True,False,wall,10.0,4.0,-10.0
275,12952,-10.0,0,53,0.834591,1.2286,True,False,wall,0.0,0.0,-10.0
276,12968,-9.0,0,16,0.834458,1.0483,True,False,wall,0.0,1.0,-10.0
277,12993,-6.0,0,25,0.834249,0.8118,True,False,wall,0.0,4.0,-10.0
278,13070,-20.0,0,77,0.833607,1.0804,True,False,wall,0.0,-10.0,-10.0
279,13106,-13.0,0,36,0.833307,1.2102,True,False,wall,0.0,-3.0,-10.0
280,13192,-13.0,0,86,0.832591,1.1712,True,False,wall,0.0,-3.0,-10.0
281,13206,-7.0,0,14,0.832474,0.8499,True,False,wall,0.0,3.0,-10.0
282,13266,-15.0,0,60,0.831975,0.9834,True,False,wall,0.0,-5.0,-10.0
283,13317,9.0,1,51,0.83155,1.1539,True,False,wall,10.0,9.0,-10.0
284,13382,-3.0,1,65,0.83101,1.0899,True,False,wall,10.0,-3.0,-10.0
285,13437,9.0,1,55,0.830553,1.0987,True,False,wall,10.0,9.0,-10.0
286,13461,-5.0,0,24,0.830354,1.2364,True,False,wall,0.0,5.0,-10.0
287,13610,29.0,3,149,0.829118,0.9539,True,False,wall,30.0,9.0,-10.0
288,13627,-8.0,0,17,0.828977,1.2145,True,False,wall,0.0,2.0,-10.0
289,13830,34.0,2,203,0.827296,1.1608,True,False,wall,20.0,24.0,-10.0
290,13843,-6.0,0,13,0.827188,1.0241,True,False,wall,0.0,4.0,-10.0
291,13886,11.0,1,43,0.826832,1.1001,True,False,wall,10.0,11.0,-10.0
292,13963,-6.0,0,77,0.826196,1.4422,True,False,wall,0.0,4.0,-10.0
293,14106,9.0,1,143,0.825015,1.2174,True,False,wall,10.0,9.0,-10.0
294,14133,-6.0,0,27,0.824793,1.2185,True,False,wall,0.0,4.0,-10.0
295,14158,5.0,1,25,0.824586,1.2402,True,False,wall,10.0,5.0,-10.0
296,14248,-5.0,0,90,0.823845,1.1715,True,False,wall,0.0,5.0,-10.0
297,14267,-4.0,0,19,0.823688,1.0943,True,False,wall,0.0,6.0,-10.0
298,14530,34.0,2,263,0.821525,1.0932,True,False,wall,20.0,24.0,-10.0
299,14572,-15.0,0,42,0.82118,1.1813,True,False,wall,0.0,-5.0,-10.0
300,14614,-3.0,0,42,0.820835,1.2264,True,False,wall,0.0,7.0,-10.0
301,14646,-13.0,0,32,0.820572,1.0218,True,False,wall,0.0,-3.0,-10.0
302,14743,30.0,2,97,0.819777,1.0136,True,False,wall,20.0,20.0,-10.0
303,14772,-2.0,0,29,0.819539,0.8893,True,False,wall,0.0,8.0,-10.0
304,14821,-4.0,0,49,0.819138,1.0724,True,False,wall,0.0,6.0,-10.0
305,14837,-19.0,0,16,0.819006,1.3321,True,False,wall,0.0,-9.0,-10.0
306,14892,-12.0,0,55,0.818556,1.2164,True,False,wall,0.0,-2.0,-10.0
307,15092,21.0,2,200,0.816921,1.0601,True,False,wall,20.0,11.0,-10.0
308,15109,-8.0,0,17,0.816782,1.0309,True,False,wall,0.0,2.0,-10.0
309,15129,-13.0,0,20,0.816618,1.0255,True,False,wall,0.0,-3.0,-10.0
310,15155,-9.0,0,26,0.816406,0.8959,True,False,wall,0.0,1.0,-10.0
311,15226,-1.0,1,71,0.815827,1.1184,True,False,wall,10.0,-1.0,-10.0
312,15246,-11.0,0,20,0.815664,1.1164,True,False,wall,0.0,-1.0,-10.0
313,15282,10.0,1,36,0.81537,1.2725,True,False,wall,10.0,10.0,-10.0
314,15410,-3.0,0,128,0.814327,1.1182,True,False,wall,0.0,7.0,-10.0
315,15486,16.0,1,76,0.813708,1.2335,True,False,wall,10.0,16.0,-10.0
316,15517,9.0,1,31,0.813456,1.346,True,False,wall,10.0,9.0,-10.0
317,15548,-4.0,0,31,0.813204,1.2777,True,False,wall,0.0,6.0,-10.0
318,15565,-6.0,0,17,0.813066,1.165,True,False,wall,0.0,4.0,-10.0
319,15586,-20.0,0,21,0.812895,1.1069,True,False,wall,0.0,-10.0,-10.0
320,15654,8.0,1,68,0.812342,1.1081,True,False,wall,10.0,8.0,-10.0
321,15679,-18.0,0,25,0.812139,1.111,True,False,wall,0.0,-8.0,-10.0
322,15715,-3.0,0,36,0.811847,1.1357,True,False,wall,0.0,7.0,-10.0
323,15886,23.0,1,171,0.81046,1.3787,True,False,wall,10.0,23.0,-10.0
324,15907,-4.0,0,21,0.81029,1.0693,True,False,wall,0.0,6.0,-10.0
325,16052,11.0,1,145,0.809116,1.0062,True,False,wall,10.0,11.0,-10.0
326,16093,-4.0,0,41,0.808784,1.046,True,False,wall,0.0,6.0,-10.0
327,16209,-7.0,0,116,0.807846,1.1591,True,False,wall,0.0,3.0,-10.0
328,16304,3.0,1,95,0.807079,1.1507,True,False,wall,10.0,3.0,-10.0
329,16327,-2.0,0,23,0.806894,1.2805,True,False,wall,0.0,8.0,-10.0
330,16349,6.0,1,22,0.806716,1.1536,True,False,wall,10.0,6.0,-10.0
331,16430,-6.0,0,81,0.806063,1.1773,True,False,wall,0.0,4.0,-10.0
332,16507,-6.0,0,77,0.805443,1.337,True,False,wall,0.0,4.0,-10.0
333,16535,-7.0,0,28,0.805217,1.1218,True,False,wall,0.0,3.0,-10.0
334,16555,-1.0,0,20,0.805056,1.0086,True,False,wall,0.0,9.0,-10.0
335,16642,-12.0,0,87,0.804356,1.0636,True,False,wall,0.0,-2.0,-10.0
336,16702,4.0,1,60,0.803874,1.0647,True,False,wall,10.0,4.0,-10.0
337,16753,1.0,1,51,0.803464,0.8487,True,False,wall,10.0,1.0,-10.0
338,16841,0.0,1,88,0.802757,1.0869,True,False,wall,10.0,0.0,-10.0
339,16889,-5.0,0,48,0.802372,1.1389,True,False,wall,0.0,5.0,-10.0
340,16924,-4.0,0,35,0.802091,0.8974,True,False,wall,0.0,6.0,-10.0
341,16955,-24.0,0,31,0.801842,1.0076,True,False,wall,0.0,-14.0,-10.0
342,16986,-12.0,0,31,0.801594,1.0218,True,False,wall,0.0,-2.0,-10.0
343,17019,-2.0,0,33,0.801329,1.285,True,False,wall,0.0,8.0,-10.0
344,17063,11.0,2,44,0.800977,1.2869,True,False,wall,20.0,1.0,-10.0
345,17226,17.0,1,163,0.799672,1.1081,True,False,wall,10.0,17.0,-10.0
346,17248,-5.0,0,22,0.799496,0.8338,True,False,wall,0.0,5.0,-10.0
347,17275,-4.0,0,27,0.799281,0.9877,True,False,wall,0.0,6.0,-10.0
348,17456,12.0,2,181,0.797835,1.286,True,False,wall,20.0,2.0,-10.0
349,17480,8.0,1,24,0.797644,1.0448,True,False,wall,10.0,8.0,-10.0
350,17739,28.0,2,259,0.79558,1.0507,True,False,wall,20.0,18.0,-10.0
351,17760,-8.0,0,21,0.795413,0.9572,True,False,wall,0.0,2.0,-10.0
352,17847,9.0,1,87,0.794722,0.97,True,False,wall,10.0,9.0,-10.0
353,17876,-14.0,0,29,0.794491,0.999,True,False,wall,0.0,-4.0,-10.0
354,17913,16.0,2,37,0.794197,1.2133,True,False,wall,20.0,6.0,-10.0
355,17954,3.0,1,41,0.793872,1.0188,True,False,wall,10.0,3.0,-10.0
356,18019,5.0,1,65,0.793356,1.2686,True,False,wall,10.0,5.0,-10.0
357,18062,5.0,1,43,0.793015,1.4006,True,False,wall,10.0,5.0,-10.0
358,18076,-9.0,0,14,0.792904,1.1033,True,False,wall,0.0,1.0,-10.0
359,18197,-2.0,0,121,0.791945,1.1538,True,False,wall,0.0,8.0,-10.0
360,18237,2.0,1,40,0.791628,1.5751,True,False,wall,10.0,2.0,-10.0
361,18253,-13.0,0,16,0.791502,1.2111,True,False,wall,0.0,-3.0,-10.0
362,18275,-5.0,0,22,0.791328,1.317,True,False,wall,0.0,5.0,-10.0
363,18309,-13.0,0,34,0.791059,1.2753,True,False,wall,0.0,-3.0,-10.0
364,18343,2.0,1,34,0.79079,1.0717,True,False,wall,10.0,2.0,-10.0
365,18403,19.0,2,60,0.790315,0.865,True,False,wall,20.0,9.0,-10.0
366,18434,2.0,0,31,0.79007,0.7605,True,False,wall,0.0,12.0,-10.0
367,18479,-18.0,0,45,0.789715,0.9002,True,False,wall,0.0,-8.0,-10.0
368,18500,-8.0,0,21,0.789549,0.9267,True,False,wall,0.0,2.0,-10.0
369,18641,32.0,2,141,0.788437,0.9044,True,False,wall,20.0,22.0,-10.0
370,18680,-8.0,0,39,0.788129,0.8274,True,False,wall,0.0,2.0,-10.0
371,18722,-7.0,0,42,0.787798,0.9196,True,False,wall,0.0,3.0,-10.0
372,18735,7.0,1,13,0.787696,1.0354,True,False,wall,10.0,7.0,-10.0
373,18773,-3.0,0,38,0.787397,0.9542,True,False,wall,0.0,7.0,-10.0
374,18853,19.0,2,80,0.786767,0.9212,True,False,wall,20.0,9.0,-10.0
375,18994,31.0,3,141,0.785658,1.0676,True,False,body,30.0,11.0,-10.0
376,19234,27.0,2,240,0.783775,1.2032,True,False,wall,20.0,17.0,-10.0
377,19307,34.0,2,73,0.783203,1.3462,True,False,wall,20.0,24.0,-10.0
378,19396,11.0,1,89,0.782506,1.288,True,False,wall,10.0,11.0,-10.0
379,19422,-11.0,0,26,0.782303,0.965,True,False,wall,0.0,-1.0,-10.0
380,19439,-8.0,0,17,0.78217,1.0541,True,False,wall,0.0,2.0,-10.0
381,19515,29.0,2,76,0.781576,1.1827,True,False,wall,20.0,19.0,-10.0
382,19586,26.0,2,71,0.781021,1.3769,True,False,wall,20.0,16.0,-10.0
383,19770,27.0,2,184,0.779585,1.0835,True,False,wall,20.0,17.0,-10.0
384,19813,-8.0,0,43,0.77925,1.2437,True,False,wall,0.0,2.0,-10.0
385,19909,2.0,1,96,0.778502,1.3061,True,False,wall,10.0,2.0,-10.0
386,20068,33.0,3,159,0.777265,1.2978,True,False,body,30.0,13.0,-10.0
387,20096,-7.0,0,28,0.777048,1.0697,True,False,wall,0.0,3.0,-10.0
388,20107,5.0,1,11,0.776962,1.2405,True,False,wall,10.0,5.0,-10.0
389,20130,-4.0,0,23,0.776784,1.1709,True,False,wall,0.0,6.0,-10.0
390,20167,-20.0,0,37,0.776496,1.137,True,False,wall,0.0,-10.0,-10.0
391,20255,20.0,1,88,0.775813,1.4249,True,False,wall,10.0,20.0,-10.0
392,20328,11.0,1,73,0.775247,1.1096,True,False,wall,10.0,11.0,-10.0
393,20341,11.0,1,13,0.775146,1.1495,True,False,wall,10.0,11.0,-10.0
394,20361,10.0,1,20,0.774991,0.8767,True,False,wall,10.0,10.0,-10.0
395,20548,33.0,3,187,0.773544,1.0798,True,False,body,30.0,13.0,-10.0
396,20578,4.0,1,30,0.773312,1.3762,True,False,wall,10.0,4.0,-10.0
397,20624,-7.0,0,46,0.772956,1.0473,True,False,wall,0.0,3.0,-10.0
398,20641,5.0,1,17,0.772824,1.1201,True,False,wall,10.0,5.0,-10.0
399,20655,4.0,1,14,0.772716,1.2215,True,False,wall,10.0,4.0,-10.0
400,20704,-6.0,0,49,0.772338,1.0864,True,False,wall,0.0,4.0,-10.0
401,20788,6.0,1,84,0.771689,1.0042,True,False,wall,10.0,6.0,-10.0
402,20824,-13.0,0,36,0.771412,0.8749,True,False,wall,0.0,-3.0,-10.0
403,20882,25.0,2,58,0.770964,1.0578,True,False,wall,20.0,15.0,-10.0
404,20939,-1.0,1,57,0.770525,1.7646,True,False,wall,10.0,-1.0,-10.0
405,20958,-6.0,0,19,0.770379,1.3834,True,False,wall,0.0,4.0,-10.0
406,20986,1.0,0,28,0.770163,2.3476,True,False,wall,0.0,11.0,-10.0
407,21040,-1.0,0,54,0.769747,1.3491,True,False,wall,0.0,9.0,-10.0
408,21054,1.0,0,14,0.769639,1.2708,True,False,wall,0.0,11.0,-10.0
409,21105,13.0,1,51,0.769247,1.0274,True,False,wall,10.0,13.0,-10.0
410,21188,25.0,1,83,0.768609,1.2325,True,False,wall,10.0,25.0,-10.0
411,21223,-10.0,0,35,0.76834,1.2886,True,False,wall,0.0,0.0,-10.0
412,21309,31.0,2,86,0.767679,1.2386,True,False,wall,20.0,21.0,-10.0
413,21352,-12.0,0,43,0.767349,0.8744,True,False,wall,0.0,-2.0,-10.0
414,21368,-11.0,0,16,0.767226,1.1321,True,False,wall,0.0,-1.0,-10.0
415,21396,11.0,2,28,0.767012,0.9707,True,False,wall,20.0,1.0,-10.0
416,21455,13.0,1,59,0.766559,1.0837,True,False,wall,10.0,13.0,-10.0
417,21490,9.0,1,35,0.766291,1.0632,True,False,wall,10.0,9.0,-10.0
418,21529,-10.0,0,39,0.765992,1.3347,True,False,wall,0.0,0.0,-10.0
419,21624,28.0,2,95,0.765265,1.1408,True,False,wall,20.0,18.0,-10.0
420,21653,-8.0,0,29,0.765043,1.1804,True,False,wall,0.0,2.0,-10.0
421,21710,-6.0,0,57,0.764607,1.3766,True,False,wall,0.0,4.0,-10.0
422,21816,34.0,3,106,0.763797,1.0517,True,False,body,30.0,14.0,-10.0
423,21900,55.0,4,84,0.763156,1.1519,True,False,body,40.0,25.0,-10.0
424,21950,-11.0,0,50,0.762774,1.0747,True,False,wall,0.0,-1.0,-10.0
425,21976,-5.0,0,26,0.762576,1.1689,True,False,wall,0.0,5.0,-10.0
426,22062,-1.0,0,86,0.76192,1.2364,True,False,wall,0.0,9.0,-10.0
427,22091,-6.0,0,29,0.761699,1.3325,True,False,wall,0.0,4.0,-10.0
428,22107,2.0,1,16,0.761578,1.2549,True,False,wall,10.0,2.0,-10.0
429,22201,34.0,3,94,0.760862,1.0189,True,False,body,30.0,14.0,-10.0
430,22289,30.0,3,88,0.760193,1.0024,True,False,wall,30.0,10.0,-10.0
431,22382,-16.0,0,93,0.759486,1.16,True,False,wall,0.0,-6.0,-10.0
432,22415,-3.0,1,33,0.759235,1.1273,True,False,wall,10.0,-3.0,-10.0
433,22431,-15.0,0,16,0.759114,0.8892,True,False,wall,0.0,-5.0,-10.0
434,22464,-6.0,0,33,0.758864,1.2341,True,False,wall,0.0,4.0,-10.0
435,22606,12.0,1,142,0.757787,1.0262,True,False,wall,10.0,12.0,-10.0
436,22663,-2.0,0,57,0.757355,1.1152,True,False,wall,0.0,8.0,-10.0
437,22752,45.0,3,89,0.756681,0.9605,True,False,body,30.0,25.0,-10.0
438,22823,17.0,1,71,0.756144,0.7636,True,False,wall,10.0,17.0,-10.0
439,22895,21.0,2,72,0.7556,0.936,True,False,wall,20.0,11.0,-10.0
440,22978,28.0,2,83,0.754973,1.1085,True,False,wall,20.0,18.0,-10.0
441,23044,10.0,1,66,0.754475,1.1012,True,False,wall,10.0,10.0,-10.0
442,23077,-6.0,0,33,0.754226,0.8796,True,False,wall,0.0,4.0,-10.0
443,23140,19.0,1,63,0.753751,1.1044,True,False,wall,10.0,19.0,-10.0
444,23218,21.0,2,78,0.753163,1.3348,True,False,wall,20.0,11.0,-10.0
445,23257,13.0,1,39,0.75287,1.0811,True,False,wall,10.0,13.0,-10.0
446,23310,2.0,0,53,0.752471,1.1871,True,False,wall,0.0,12.0,-10.0
447,23325,-2.0,0,15,0.752358,1.1522,True,False,wall,0.0,8.0,-10.0
448,23340,-2.0,0,15,0.752245,1.014,True,False,wall,0.0,8.0,-10.0
449,23367,-12.0,0,27,0.752042,0.8624,True,False,wall,0.0,-2.0,-10.0
450,23415,16.0,1,48,0.751681,1.1682,True,False,wall,10.0,16.0,-10.0
451,23454,9.0,1,39,0.751388,1.0782,True,False,wall,10.0,9.0,-10.0
452,23485,11.0,1,31,0.751155,1.5022,True,False,wall,10.0,11.0,-10.0
453,23500,1.0,1,15,0.751042,1.1074,True,False,wall,10.0,1.0,-10.0
454,23537,0.0,0,37,0.750764,1.0023,True,False,wall,0.0,10.0,-10.0
455,23555,-9.0,0,18,0.750629,1.1577,True,False,wall,0.0,1.0,-10.0
456,23570,-6.0,0,15,0.750517,1.0974,True,False,wall,0.0,4.0,-10.0
457,23618,4.0,1,48,0.750157,1.1331,True,False,wall,10.0,4.0,-10.0
458,23782,42.0,3,164,0.748927,1.0417,True,False,wall,30.0,22.0,-10.0
459,23844,27.0,2,62,0.748463,0.8496,True,False,wall,20.0,17.0,-10.0
460,23998,6.0,1,154,0.747311,1.0085,True,False,wall,10.0,6.0,-10.0
461,24049,7.0,1,51,0.74693,1.1189,True,False,wall,10.0,7.0,-10.0
462,24090,-2.0,0,41,0.746624,0.9901,True,False,wall,0.0,8.0,-10.0
463,24142,14.0,1,52,0.746236,0.8634,True,False,wall,10.0,14.0,-10.0
464,24201,11.0,1,59,0.745796,0.9618,True,False,wall,10.0,11.0,-10.0
465,24228,0.0,0,27,0.745595,0.9758,True,False,wall,0.0,10.0,-10.0
466,24246,8.0,1,18,0.74546,1.3295,True,False,wall,10.0,8.0,-10.0
467,24299,7.0,1,53,0.745065,1.4136,True,False,wall,10.0,7.0,-10.0
468,24339,-15.0,0,40,0.744767,1.4892,True,False,wall,0.0,-5.0,-10.0
469,24410,18.0,2,71,0.744239,0.8286,True,False,wall,20.0,8.0,-10.0
470,24589,40.0,4,179,0.742908,1.0853,True,False,body,40.0,10.0,-10.0
471,24700,21.0,1,111,0.742084,0.8919,True,False,wall,10.0,21.0,-10.0
472,24727,-4.0,0,27,0.741883,0.7815,True,False,wall,0.0,6.0,-10.0
473,24748,-6.0,0,21,0.741728,0.757,True,False,wall,0.0,4.0,-10.0
474,24762,-9.0,0,14,0.741624,0.8271,True,False,wall,0.0,1.0,-10.0
475,24796,8.0,1,34,0.741372,1.1338,True,False,wall,10.0,8.0,-10.0
476,24810,-1.0,0,14,0.741268,1.1912,True,False,wall,0.0,9.0,-10.0
477,24875,21.0,1,65,0.740786,1.1901,True,False,wall,10.0,21.0,-10.0
478,24939,25.0,2,64,0.740312,1.3555,True,False,wall,20.0,15.0,-10.0
479,25024,3.0,1,85,0.739683,1.1334,True,False,wall,10.0,3.0,-10.0
480,25095,-2.0,0,71,0.739158,1.0005,True,False,wall,0.0,8.0,-10.0
481,25123,8.0,1,28,0.738951,0.8258,True,False,wall,10.0,8.0,-10.0
482,25186,-5.0,1,63,0.738486,0.8796,True,False,wall,10.0,-5.0,-10.0
483,25232,-9.0,0,46,0.738146,1.04,True,False,wall,0.0,1.0,-10.0
484,25255,-10.0,0,23,0.737977,1.1178,True,False,wall,0.0,0.0,-10.0
485,25428,30.0,2,173,0.736701,0.914,True,False,wall,20.0,20.0,-10.0
486,25496,14.0,1,68,0.7362,1.0822,True,False,wall,10.0,14.0,-10.0
487,25530,-5.0,0,34,0.73595,0.8062,True,False,wall,0.0,5.0,-10.0
488,25561,-6.0,0,31,0.735722,0.7234,True,False,wall,0.0,4.0,-10.0
489,25591,-3.0,0,30,0.735501,0.8187,True,False,wall,0.0,7.0,-10.0
490,25611,-15.0,0,20,0.735354,0.79,True,False,wall,0.0,-5.0,-10.0
491,25624,-10.0,0,13,0.735258,1.0203,True,False,wall,0.0,0.0,-10.0
492,25652,8.0,1,28,0.735053,0.9433,True,False,wall,10.0,8.0,-10.0
493,25711,7.0,1,59,0.734619,0.9987,True,False,wall,10.0,7.0,-10.0
494,25727,-21.0,0,16,0.734501,0.9352,True,False,wall,0.0,-11.0,-10.0
495,25808,-1.0,1,81,0.733907,1.031,True,False,wall,10.0,-1.0,-10.0
496,25838,2.0,1,30,0.733687,1.2938,True,False,wall,10.0,2.0,-10.0
497,25860,-1.0,0,22,0.733525,1.1843,True,False,wall,0.0,9.0,-10.0
498,25961,64.0,4,101,0.732785,0.9718,True,False,body,40.0,34.0,-10.0
499,26009,22.0,1,48,0.732433,0.7957,True,False,wall,10.0,22.0,-10.0
500,26036,7.0,1,27,0.732235,0.9174,True,False,wall,10.0,7.0,-10.0
501,26091,-2.0,0,55,0.731833,0.9679,True,False,wall,0.0,8.0,-10.0
502,26121,8.0,1,30,0.731613,1.1428,True,False,wall,10.0,8.0,-10.0
503,26146,-18.0,0,25,0.73143,0.9231,True,False,wall,0.0,-8.0,-10.0
504,26184,-9.0,0,38,0.731152,1.0311,True,False,wall,0.0,1.0,-10.0
505,26222,-1.0,0,38,0.730875,0.9129,True,False,wall,0.0,9.0,-10.0
506,26234,-11.0,0,12,0.730787,0.8506,True,False,wall,0.0,-1.0,-10.0
507,26290,23.0,2,56,0.730378,1.0218,True,False,wall,20.0,13.0,-10.0
508,26323,-8.0,0,33,0.730137,1.3804,True,False,wall,0.0,2.0,-10.0
509,26340,-4.0,0,17,0.730013,1.1003,True,False,wall,0.0,6.0,-10.0
510,26531,28.0,2,191,0.72862,1.3647,True,False,wall,20.0,18.0,-10.0
511,26578,9.0,1,47,0.728277,0.907,True,False,wall,10.0,9.0,-10.0
512,26645,17.0,1,67,0.72779,0.8985,True,False,wall,10.0,17.0,-10.0
513,26659,0.0,1,14,0.727688,0.7817,True,False,wall,10.0,0.0,-10.0
514,26677,-5.0,0,18,0.727557,0.9611,True,False,wall,0.0,5.0,-10.0
515,26761,12.0,1,84,0.726946,0.8486,True,False,wall,10.0,12.0,-10.0
516,26805,15.0,2,44,0.726626,0.7599,True,False,wall,20.0,5.0,-10.0
517,26850,22.0,2,45,0.726299,0.765,True,False,wall,20.0,12.0,-10.0
518,26921,32.0,2,71,0.725784,0.8354,True,False,wall,20.0,22.0,-10.0
519,26973,6.0,1,52,0.725406,0.876,True,False,wall,10.0,6.0,-10.0
520,27089,46.0,3,116,0.724565,0.9791,True,False,body,30.0,26.0,-10.0
521,27150,-6.0,0,61,0.724124,1.1684,True,False,wall,0.0,4.0,-10.0
522,27292,58.0,3,142,0.723096,1.0589,True,False,body,30.0,38.0,-10.0
523,27315,-2.0,0,23,0.72293,0.7622,True,False,wall,0.0,8.0,-10.0
524,27344,5.0,1,29,0.72272,1.3236,True,False,wall,10.0,5.0,-10.0
525,27384,8.0,1,40,0.722431,1.2767,True,False,wall,10.0,8.0,-10.0
526,27473,13.0,1,89,0.721788,1.0441,True,False,wall,10.0,13.0,-10.0
527,27508,13.0,1,35,0.721536,1.6048,True,False,wall,10.0,13.0,-10.0
528,27536,-5.0,0,28,0.721334,0.9065,True,False,wall,0.0,5.0,-10.0
529,27601,38.0,2,65,0.720865,0.8326,True,False,wall,20.0,28.0,-10.0
530,27704,16.0,2,103,0.720123,0.8876,True,False,wall,20.0,6.0,-10.0
531,27751,22.0,2,47,0.719785,0.9268,True,False,wall,20.0,12.0,-10.0
532,27807,0.0,1,56,0.719382,1.2362,True,False,wall,10.0,0.0,-10.0
533,27832,-6.0,0,25,0.719202,0.9303,True,False,wall,0.0,4.0,-10.0
534,27960,22.0,1,128,0.718282,0.868,True,False,wall,10.0,22.0,-10.0
535,27989,20.0,2,29,0.718074,0.815,True,False,wall,20.0,10.0,-10.0
536,28137,46.0,3,148,0.717012,1.0285,True,False,body,30.0,26.0,-10.0
537,28216,-6.0,0,79,0.716445,1.0452,True,False,wall,0.0,4.0,-10.0
538,28244,10.0,1,28,0.716245,0.7846,True,False,wall,10.0,10.0,-10.0
539,28287,-4.0,0,43,0.715937,0.8581,True,False,wall,0.0,6.0,-10.0
540,28299,-5.0,0,12,0.715851,1.1623,True,False,wall,0.0,5.0,-10.0
541,28342,20.0,2,43,0.715543,1.3225,True,False,wall,20.0,10.0,-10.0
542,28462,42.0,3,120,0.714685,1.0378,True,False,wall,30.0,22.0,-10.0
543,28500,10.0,1,38,0.714414,0.8853,True,False,wall,10.0,10.0,-10.0
544,28563,30.0,2,63,0.713964,0.9084,True,False,wall,20.0,20.0,-10.0
545,28719,42.0,3,156,0.712851,0.8669,True,False,body,30.0,22.0,-10.0
546,28913,73.0,4,194,0.711469,0.8849,True,False,body,40.0,43.0,-10.0
547,28952,-8.0,0,39,0.711192,0.8081,True,False,wall,0.0,2.0,-10.0
548,28971,5.0,1,19,0.711057,0.7759,True,False,wall,10.0,5.0,-10.0
549,28993,6.0,1,22,0.7109,1.0868,True,False,wall,10.0,6.0,-10.0
550,29063,40.0,3,70,0.710403,1.0916,True,False,wall,30.0,20.0,-10.0
551,29078,-4.0,0,15,0.710296,1.1485,True,False,wall,0.0,6.0,-10.0
552,29108,10.0,1,30,0.710083,1.1358,True,False,wall,10.0,10.0,-10.0
553,29207,7.0,1,99,0.70938,1.1484,True,False,wall,10.0,7.0,-10.0
554,29239,-15.0,0,32,0.709153,1.141,True,False,wall,0.0,-5.0,-10.0
555,29330,9.0,1,91,0.708508,1.5251,True,False,wall,10.0,9.0,-10.0
556,29347,-2.0,0,17,0.708388,1.5982,True,False,wall,0.0,8.0,-10.0
557,29370,-4.0,0,23,0.708225,1.3562,True,False,wall,0.0,6.0,-10.0
558,29421,9.0,1,51,0.707864,1.5352,True,False,wall,10.0,9.0,-10.0
559,29439,-7.0,0,18,0.707737,1.0877,True,False,wall,0.0,3.0,-10.0
560,29452,7.0,1,13,0.707645,0.8998,True,False,wall,10.0,7.0,-10.0
561,29490,10.0,1,38,0.707376,0.9947,True,False,wall,10.0,10.0,-10.0
562,29512,-7.0,0,22,0.70722,0.8507,True,False,wall,0.0,3.0,-10.0
563,29601,42.0,2,89,0.706591,0.9717,True,False,wall,20.0,32.0,-10.0
564,29727,27.0,2,126,0.705701,0.7553,True,False,wall,20.0,17.0,-10.0
565,29738,9.0,1,11,0.705624,0.706,True,False,wall,10.0,9.0,-10.0
566,29813,5.0,1,75,0.705095,0.7602,True,False,wall,10.0,5.0,-10.0
567,29865,-7.0,0,52,0.704728,0.9604,True,False,wall,0.0,3.0,-10.0
568,29906,5.0,1,41,0.704439,0.87,True,False,wall,10.0,5.0,-10.0
569,29939,-10.0,0,33,0.704207,1.0364,True,False,wall,0.0,0.0,-10.0
570,29974,0.0,0,35,0.70396,0.7352,True,False,wall,0.0,10.0,-10.0
571,29989,-2.0,0,15,0.703855,0.6764,True,False,wall,0.0,8.0,-10.0
572,30098,11.0,1,109,0.703088,0.9632,True,False,wall,10.0,11.0,-10.0
573,30163,38.0,2,65,0.702631,1.2742,True,False,wall,20.0,28.0,-10.0
574,30177,10.0,1,14,0.702533,0.9648,True,False,wall,10.0,10.0,-10.0
575,30278,21.0,1,101,0.701824,1.1096,True,False,wall,10.0,21.0,-10.0
576,30303,-2.0,0,25,0.701648,1.3687,True,False,wall,0.0,8.0,-10.0
577,30340,11.0,1,37,0.701389,0.985,True,False,wall,10.0,11.0,-10.0
578,30425,-4.0,0,85,0.700793,0.7496,True,False,wall,0.0,6.0,-10.0
579,30488,50.0,4,63,0.700351,0.6598,True,False,wall,40.0,20.0,-10.0
580,30532,4.0,1,44,0.700043,0.6993,True,False,wall,10.0,4.0,-10.0
581,30605,32.0,2,73,0.699532,0.773,True,False,wall,20.0,22.0,-10.0
582,30625,-1.0,0,20,0.699392,0.7824,True,False,wall,0.0,9.0,-10.0
583,30712,18.0,2,87,0.698784,0.6948,True,False,wall,20.0,8.0,-10.0
584,30725,7.0,1,13,0.698693,0.6906,True,False,wall,10.0,7.0,-10.0
585,30762,14.0,2,37,0.698435,0.748,True,False,wall,20.0,4.0,-10.0
586,30902,47.0,4,140,0.697458,1.1485,True,False,wall,40.0,17.0,-10.0
587,30915,-10.0,0,13,0.697367,1.1619,True,False,wall,0.0,0.0,-10.0
588,30987,48.0,3,72,0.696865,1.2267,True,False,wall,30.0,28.0,-10.0
589,30999,1.0,0,12,0.696782,0.952,True,False,wall,0.0,11.0,-10.0
590,31086,33.0,3,87,0.696176,1.2927,True,False,body,30.0,13.0,-10.0
591,31128,12.0,1,42,0.695883,1.1939,True,False,wall,10.0,12.0,-10.0
592,31142,-1.0,0,14,0.695786,1.2433,True,False,wall,0.0,9.0,-10.0
593,31155,-4.0,0,13,0.695695,1.0817,True,False,wall,0.0,6.0,-10.0
594,31220,49.0,3,65,0.695243,1.0035,True,False,wall,30.0,29.0,-10.0
595,31251,-2.0,0,31,0.695028,0.8819,True,False,wall,0.0,8.0,-10.0
596,31332,18.0,2,81,0.694465,1.0321,True,False,wall,20.0,8.0,-10.0
597,31419,30.0,2,87,0.693861,1.1485,True,False,wall,20.0,20.0,-10.0
598,31499,31.0,2,80,0.693306,0.9527,True,False,wall,20.0,21.0,-10.0
599,31545,32.0,3,46,0.692988,0.7264,True,False,wall,30.0,12.0,-10.0
600,31611,23.0,2,66,0.69253,0.8547,True,False,wall,20.0,13.0,-10.0
601,31692,26.0,2,81,0.69197,0.9844,True,False,wall,20.0,16.0,-10.0
602,31707,-6.0,0,15,0.691866,1.028,True,False,wall,0.0,4.0,-10.0
603,31732,2.0,0,25,0.691693,0.8542,True,False,wall,0.0,12.0,-10.0
604,31781,-5.0,1,49,0.691354,0.8807,True,False,wall,10.0,-5.0,-10.0
605,31885,37.0,2,104,0.690635,1.0703,True,False,wall,20.0,27.0,-10.0
606,31953,41.0,4,68,0.690166,1.784,True,False,wall,40.0,11.0,-10.0
607,32092,55.0,3,139,0.689207,1.2099,True,False,wall,30.0,35.0,-10.0
608,32111,-14.0,0,19,0.689076,0.8817,True,False,wall,0.0,-4.0,-10.0
609,32183,6.0,1,72,0.68858,1.0361,True,False,wall,10.0,6.0,-10.0
610,32232,41.0,3,49,0.688243,0.8284,True,False,body,30.0,21.0,-10.0
611,32335,32.0,2,103,0.687534,0.8434,True,False,wall,20.0,22.0,-10.0
612,32374,17.0,1,39,0.687266,0.9344,True,False,wall,10.0,17.0,-10.0
613,32397,-6.0,0,23,0.687108,0.9475,True,False,wall,0.0,4.0,-10.0
614,32418,-3.0,1,21,0.686964,0.8364,True,False,wall,10.0,-3.0,-10.0
615,32470,-5.0,0,52,0.686607,0.8908,True,False,wall,0.0,5.0,-10.0
616,32569,64.0,4,99,0.685928,0.928,True,False,body,40.0,34.0,-10.0
617,32603,21.0,2,34,0.685694,0.9624,True,False,wall,20.0,11.0,-10.0
618,32652,11.0,1,49,0.685358,1.4798,True,False,wall,10.0,11.0,-10.0
619,32683,5.0,1,31,0.685146,1.1371,True,False,wall,10.0,5.0,-10.0
620,32700,-14.0,0,17,0.68503,1.0999,True,False,wall,0.0,-4.0,-10.0
621,32747,-4.0,0,47,0.684708,0.9417,True,False,wall,0.0,6.0,-10.0
622,32772,0.0,0,25,0.684537,0.9402,True,False,wall,0.0,10.0,-10.0
623,32796,-3.0,0,24,0.684372,1.6775,True,False,wall,0.0,7.0,-10.0
624,32827,15.0,1,31,0.68416,1.4999,True,False,wall,10.0,15.0,-10.0
625,32905,37.0,2,78,0.683627,1.1216,True,False,wall,20.0,27.0,-10.0
626,32981,31.0,2,76,0.683107,0.7659,True,False,wall,20.0,21.0,-10.0
627,33044,-2.0,0,63,0.682677,0.6885,True,False,wall,0.0,8.0,-10.0
628,33113,19.0,1,69,0.682206,0.7236,True,False,wall,10.0,19.0,-10.0
629,33155,-10.0,1,42,0.68192,0.6182,True,False,wall,10.0,-10.0,-10.0
630,33254,37.0,3,99,0.681245,0.8332,True,False,wall,30.0,17.0,-10.0
631,33267,3.0,1,13,0.681156,1.3373,True,False,wall,10.0,3.0,-10.0
632,33318,39.0,3,51,0.680809,0.7905,True,False,body,30.0,19.0,-10.0
633,33394,31.0,2,76,0.680292,1.022,True,False,wall,20.0,21.0,-10.0
634,33510,52.0,3,116,0.679503,1.3027,True,False,wall,30.0,32.0,-10.0
635,33619,41.0,3,109,0.678763,1.1398,True,False,body,30.0,21.0,-10.0
636,33667,12.0,1,48,0.678437,1.0281,True,False,wall,10.0,12.0,-10.0
637,33731,53.0,4,64,0.678003,1.0069,True,False,body,40.0,23.0,-10.0
638,33776,21.0,1,45,0.677698,1.1678,True,False,wall,10.0,21.0,-10.0
639,33859,37.0,3,83,0.677136,1.0741,True,False,wall,30.0,17.0,-10.0
640,33994,43.0,3,135,0.676222,1.2971,True,False,body,30.0,23.0,-10.0
641,34178,60.0,3,184,0.674979,1.0101,True,False,body,30.0,40.0,-10.0
642,34321,70.0,4,143,0.674015,0.8906,True,False,body,40.0,40.0,-10.0
643,34338,-2.0,0,17,0.6739,0.9209,True,False,wall,0.0,8.0,-10.0
644,34420,39.0,2,82,0.673348,1.0059,True,False,wall,20.0,29.0,-10.0
645,34440,8.0,1,20,0.673213,0.9224,True,False,wall,10.0,8.0,-10.0
646,34489,-6.0,0,49,0.672883,1.1588,True,False,wall,0.0,4.0,-10.0
647,34570,11.0,1,81,0.672339,0.9944,True,False,wall,10.0,11.0,-10.0
648,34589,-8.0,0,19,0.672211,0.7816,True,False,wall,0.0,2.0,-10.0
649,34649,4.0,1,60,0.671808,1.1636,True,False,wall,10.0,4.0,-10.0
650,34662,9.0,1,13,0.67172,0.9374,True,False,wall,10.0,9.0,-10.0
651,34735,9.0,1,73,0.67123,1.1446,True,False,wall,10.0,9.0,-10.0
652,34860,9.0,1,125,0.670392,1.1845,True,False,wall,10.0,9.0,-10.0
653,34924,52.0,3,64,0.669963,0.8978,True,False,wall,30.0,32.0,-10.0
654,34995,20.0,2,71,0.669487,1.0271,True,False,wall,20.0,10.0,-10.0
655,35008,9.0,1,13,0.6694,1.2618,True,False,wall,10.0,9.0,-10.0
656,35049,-5.0,1,41,0.669126,1.2117,True,False,wall,10.0,-5.0,-10.0
657,35166,57.0,3,117,0.668343,0.9548,True,False,wall,30.0,37.0,-10.0
658,35202,-3.0,0,36,0.668103,0.8082,True,False,wall,0.0,7.0,-10.0
659,35221,0.0,0,19,0.667976,1.2421,True,False,wall,0.0,10.0,-10.0
660,35276,-16.0,0,55,0.667609,0.9079,True,False,wall,0.0,-6.0,-10.0
661,35355,30.0,2,79,0.667081,0.9418,True,False,wall,20.0,20.0,-10.0
662,35414,3.0,1,59,0.666688,1.0872,True,False,wall,10.0,3.0,-10.0
663,35459,13.0,1,45,0.666388,0.8334,True,False,wall,10.0,13.0,-10.0
664,35472,7.0,1,13,0.666301,0.9216,True,False,wall,10.0,7.0,-10.0
665,35561,53.0,3,89,0.665709,0.9562,True,False,body,30.0,33.0,-10.0
666,35587,0.0,1,26,0.665536,1.525,True,False,wall,10.0,0.0,-10.0
667,35643,-1.0,0,56,0.665163,1.1231,True,False,wall,0.0,9.0,-10.0
668,35679,21.0,2,36,0.664923,1.082,True,False,wall,20.0,11.0,-10.0
669,35725,29.0,2,46,0.664618,0.8813,True,False,wall,20.0,19.0,-10.0
670,35750,-4.0,0,25,0.664452,1.3854,True,False,wall,0.0,6.0,-10.0
671,35811,19.0,1,61,0.664046,0.7926,True,False,wall,10.0,19.0,-10.0
672,35831,23.0,2,20,0.663914,0.7517,True,False,wall,20.0,13.0,-10.0
673,35912,75.0,5,81,0.663376,0.6534,True,False,body,50.0,35.0,-10.0
674,35932,-7.0,0,20,0.663243,0.6565,True,False,wall,0.0,3.0,-10.0
675,35963,7.0,1,31,0.663038,0.8205,True,False,wall,10.0,7.0,-10.0
676,35988,-4.0,0,25,0.662872,1.139,True,False,wall,0.0,6.0,-10.0
677,36000,1.0,0,12,0.662793,0.8532,True,False,wall,0.0,11.0,-10.0
678,36038,16.0,1,38,0.662541,0.7932,True,False,wall,10.0,16.0,-10.0
679,36133,43.0,3,95,0.661912,0.834,True,False,body,30.0,23.0,-10.0
680,36207,18.0,1,74,0.661422,0.7222,True,False,wall,10.0,18.0,-10.0
681,36242,-2.0,0,35,0.66119,1.1256,True,False,wall,0.0,8.0,-10.0
682,36279,23.0,1,37,0.660946,0.9992,True,False,wall,10.0,23.0,-10.0
683,36351,29.0,2,72,0.66047,0.917,True,False,wall,20.0,19.0,-10.0
684,36406,9.0,1,55,0.660107,1.5729,True,False,wall,10.0,9.0,-10.0
685,36419,-12.0,0,13,0.660021,1.0104,True,False,wall,0.0,-2.0,-10.0
686,36459,31.0,2,40,0.659757,1.2848,True,False,wall,20.0,21.0,-10.0
687,36489,-5.0,0,30,0.659559,1.1804,True,False,wall,0.0,5.0,-10.0
688,36599,48.0,3,110,0.658834,0.9417,True,False,wall,30.0,28.0,-10.0
689,36669,25.0,2,70,0.658373,1.2667,True,False,wall,20.0,15.0,-10.0
690,36775,40.0,3,106,0.657676,0.843,True,False,body,30.0,20.0,-10.0
691,36796,-16.0,0,21,0.657538,1.2026,True,False,wall,0.0,-6.0,-10.0
692,36847,24.0,2,51,0.657202,1.0393,True,False,wall,20.0,14.0,-10.0
693,36883,8.0,1,36,0.656966,0.8958,True,False,wall,10.0,8.0,-10.0
694,36900,-4.0,0,17,0.656854,0.9561,True,False,wall,0.0,6.0,-10.0
695,36950,34.0,3,50,0.656526,0.8111,True,False,wall,30.0,14.0,-10.0
696,37092,25.0,2,142,0.655594,1.064,True,False,wall,20.0,15.0,-10.0
697,37176,27.0,2,84,0.655044,0.8634,True,False,wall,20.0,17.0,-10.0
698,37235,29.0,3,59,0.654657,0.7709,True,False,body,30.0,9.0,-10.0
699,37275,6.0,1,40,0.654396,0.8357,True,False,wall,10.0,6.0,-10.0
700,37456,22.0,2,181,0.653212,0.7718,True,False,wall,20.0,12.0,-10.0
701,37513,38.0,2,57,0.65284,0.6947,True,False,wall,20.0,28.0,-10.0
702,37528,7.0,1,15,0.652742,0.6396,True,False,wall,10.0,7.0,-10.0
703,37562,-1.0,0,34,0.65252,0.9544,True,False,wall,0.0,9.0,-10.0
704,37591,5.0,1,29,0.652331,0.6539,True,False,wall,10.0,5.0,-10.0
705,37654,19.0,1,63,0.65192,0.9492,True,False,wall,10.0,19.0,-10.0
706,37702,32.0,3,48,0.651607,1.0317,True,False,body,30.0,12.0,-10.0
707,37715,0.0,0,13,0.651523,0.9451,True,False,wall,0.0,10.0,-10.0
708,37750,13.0,1,35,0.651295,0.7849,True,False,wall,10.0,13.0,-10.0
709,37851,47.0,3,101,0.650637,0.8201,True,False,wall,30.0,27.0,-10.0
710,37926,59.0,3,75,0.650149,0.7426,True,False,body,30.0,39.0,-10.0
711,37987,34.0,2,61,0.649753,0.9682,True,False,wall,20.0,24.0,-10.0
712,38050,19.0,1,63,0.649344,0.9624,True,False,wall,10.0,19.0,-10.0
713,38071,5.0,1,21,0.649207,0.7147,True,False,wall,10.0,5.0,-10.0
714,38141,27.0,2,70,0.648753,1.0356,True,False,wall,20.0,17.0,-10.0
715,38158,16.0,2,17,0.648643,0.8215,True,False,wall,20.0,6.0,-10.0
716,38212,36.0,3,54,0.648293,0.9625,True,False,wall,30.0,16.0,-10.0
717,38247,5.0,1,35,0.648066,1.0606,True,False,wall,10.0,5.0,-10.0
718,38269,4.0,1,22,0.647923,1.035,True,False,wall,10.0,4.0,-10.0
719,38318,22.0,2,49,0.647606,0.8693,True,False,wall,20.0,12.0,-10.0
720,38401,36.0,2,83,0.647068,0.9737,True,False,wall,20.0,26.0,-10.0
721,38485,-9.0,0,84,0.646525,0.9289,True,False,wall,0.0,1.0,-10.0
722,38500,-2.0,0,15,0.646428,0.7782,True,False,wall,0.0,8.0,-10.0
723,38582,60.0,3,82,0.645898,0.7688,True,False,body,30.0,40.0,-10.0
724,38653,43.0,3,71,0.64544,1.2566,True,False,body,30.0,23.0,-10.0
725,38712,34.0,2,59,0.645059,1.322,True,False,wall,20.0,24.0,-10.0
726,38766,16.0,1,54,0.644711,0.9569,True,False,wall,10.0,16.0,-10.0
727,38803,11.0,1,37,0.644472,0.7733,True,False,wall,10.0,11.0,-10.0
728,38874,51.0,3,71,0.644015,0.9822,True,False,wall,30.0,31.0,-10.0
729,38949,48.0,4,75,0.643532,1.0311,True,False,wall,40.0,18.0,-10.0
730,39003,-5.0,0,54,0.643185,0.7382,True,False,wall,0.0,5.0,-10.0
731,39037,10.0,1,34,0.642966,0.7548,True,False,wall,10.0,10.0,-10.0
732,39055,-5.0,0,18,0.64285,0.7366,True,False,wall,0.0,5.0,-10.0
733,39125,42.0,3,70,0.642401,0.9251,True,False,body,30.0,22.0,-10.0
734,39153,-3.0,0,28,0.642221,0.6461,True,False,wall,0.0,7.0,-10.0
735,39215,31.0,2,62,0.641823,0.7934,True,False,wall,20.0,21.0,-10.0
736,39255,12.0,1,40,0.641566,1.073,True,False,wall,10.0,12.0,-10.0
737,39311,42.0,3,56,0.641207,0.8027,True,False,body,30.0,22.0,-10.0
738,39336,13.0,1,25,0.641046,0.8841,True,False,wall,10.0,13.0,-10.0
739,39403,33.0,3,67,0.640617,0.8518,True,False,body,30.0,13.0,-10.0
740,39463,12.0,1,60,0.640233,0.8985,True,False,wall,10.0,12.0,-10.0
741,39506,11.0,1,43,0.639958,0.8979,True,False,wall,10.0,11.0,-10.0
742,39539,11.0,1,33,0.639746,0.8867,True,False,wall,10.0,11.0,-10.0
743,39564,-4.0,0,25,0.639587,0.75,True,False,wall,0.0,6.0,-10.0
744,39579,7.0,1,15,0.639491,0.9751,True,False,wall,10.0,7.0,-10.0
745,39635,46.0,3,56,0.639133,0.9181,True,False,body,30.0,26.0,-10.0
746,39668,-10.0,0,33,0.638922,0.8942,True,False,wall,0.0,0.0,-10.0
747,39700,13.0,2,32,0.638717,0.9115,True,False,wall,20.0,3.0,-10.0
748,39713,0.0,0,13,0.638634,0.8342,True,False,wall,0.0,10.0,-10.0
749,39725,6.0,1,12,0.638558,0.7032,True,False,wall,10.0,6.0,-10.0
750,39865,69.0,4,140,0.637664,1.0069,True,False,wall,40.0,39.0,-10.0
751,39879,-7.0,0,14,0.637575,1.5953,True,False,wall,0.0,3.0,-10.0
752,39923,-7.0,0,44,0.637295,1.0942,True,False,wall,0.0,3.0,-10.0
753,39997,36.0,3,74,0.636823,0.7322,True,False,body,30.0,16.0,-10.0
754,40087,55.0,4,90,0.63625,0.7754,True,False,wall,40.0,25.0,-10.0
755,40216,54.0,4,129,0.63543,0.7876,True,False,wall,40.0,24.0,-10.0
756,40277,38.0,2,61,0.635043,0.95,True,False,wall,20.0,28.0,-10.0
757,40325,-3.0,0,48,0.634738,0.6734,True,False,wall,0.0,7.0,-10.0
758,40393,17.0,2,68,0.634306,0.7821,True,False,wall,20.0,7.0,-10.0
759,40443,21.0,2,50,0.633989,0.9256,True,False,wall,20.0,11.0,-10.0
760,40486,20.0,2,43,0.633717,1.0948,True,False,wall,20.0,10.0,-10.0
761,40522,8.0,1,36,0.633489,0.9023,True,False,wall,10.0,8.0,-10.0
762,40550,-7.0,0,28,0.633311,1.2975,True,False,wall,0.0,3.0,-10.0
763,40563,16.0,2,13,0.633229,0.892,True,False,wall,20.0,6.0,-10.0
764,40593,-5.0,0,30,0.633039,1.3506,True,False,wall,0.0,5.0,-10.0
765,40619,8.0,1,26,0.632874,0.878,True,False,wall,10.0,8.0,-10.0
766,40645,30.0,3,26,0.63271,0.7768,True,False,wall,30.0,10.0,-10.0
767,40663,-3.0,0,18,0.632596,0.9602,True,False,wall,0.0,7.0,-10.0
768,40694,31.0,3,31,0.6324,1.1212,True,False,body,30.0,11.0,-10.0
769,40711,13.0,1,17,0.632292,0.8307,True,False,wall,10.0,13.0,-10.0
770,40801,48.0,3,90,0.631724,0.7586,True,False,body,30.0,28.0,-10.0
771,40831,8.0,1,30,0.631534,0.9946,True,False,wall,10.0,8.0,-10.0
772,40883,12.0,1,52,0.631206,0.7863,True,False,wall,10.0,12.0,-10.0
773,40969,56.0,3,86,0.630663,0.8711,True,False,wall,30.0,36.0,-10.0
774,41005,14.0,1,36,0.630436,0.8294,True,False,wall,10.0,14.0,-10.0
775,41047,10.0,1,42,0.630171,0.8337,True,False,wall,10.0,10.0,-10.0
776,41148,24.0,2,101,0.629535,0.9668,True,False,wall,20.0,14.0,-10.0
777,41182,16.0,1,34,0.629321,0.8596,True,False,wall,10.0,16.0,-10.0
778,41205,-2.0,0,23,0.629177,1.008,True,False,wall,0.0,8.0,-10.0
779,41254,50.0,4,49,0.628868,0.7127,True,False,body,40.0,20.0,-10.0
780,41270,-5.0,0,16,0.628768,0.4776,True,False,wall,0.0,5.0,-10.0
781,41337,32.0,2,67,0.628347,0.6939,True,False,wall,20.0,22.0,-10.0
782,41353,-3.0,0,16,0.628246,0.5699,True,False,wall,0.0,7.0,-10.0
783,41400,28.0,2,47,0.627951,0.7647,True,False,wall,20.0,18.0,-10.0
784,41447,39.0,3,47,0.627656,0.73,True,False,body,30.0,19.0,-10.0
785,41711,104.0,5,264,0.626001,0.8824,True,False,body,50.0,64.0,-10.0
786,41761,-1.0,0,50,0.625688,0.9516,True,False,wall,0.0,9.0,-10.0
787,41789,-3.0,0,28,0.625513,1.1439,True,False,wall,0.0,7.0,-10.0
788,41833,13.0,2,44,0.625238,0.9536,True,False,wall,20.0,3.0,-10.0
789,41860,3.0,1,27,0.625069,1.0912,True,False,wall,10.0,3.0,-10.0
790,41879,9.0,1,19,0.62495,1.0774,True,False,wall,10.0,9.0,-10.0
791,41928,21.0,1,49,0.624644,1.0385,True,False,wall,10.0,21.0,-10.0
792,41998,36.0,3,70,0.624207,0.8329,True,False,body,30.0,16.0,-10.0
793,42069,45.0,3,71,0.623764,1.1481,True,False,body,30.0,25.0,-10.0
794,42104,5.0,1,35,0.623546,0.7802,True,False,wall,10.0,5.0,-10.0
795,42156,23.0,2,52,0.623221,0.7273,True,False,wall,20.0,13.0,-10.0
796,42278,83.0,4,122,0.622462,0.753,True,False,body,40.0,53.0,-10.0
797,42303,-4.0,0,25,0.622306,0.5333,True,False,wall,0.0,6.0,-10.0
798,42315,-3.0,0,12,0.622231,0.4679,True,False,wall,0.0,7.0,-10.0
799,42424,74.0,4,109,0.621553,0.6555,True,False,body,40.0,44.0,-10.0
800,42450,10.0,1,26,0.621392,0.6487,True,False,wall,10.0,10.0,-10.0
801,42492,10.0,1,42,0.621131,0.5735,True,False,wall,10.0,10.0,-10.0
802,42522,8.0,1,30,0.620945,0.6622,True,False,wall,10.0,8.0,-10.0
803,42630,63.0,4,108,0.620274,0.9034,True,False,body,40.0,33.0,-10.0
804,42651,-6.0,0,21,0.620144,1.1721,True,False,wall,0.0,4.0,-10.0
805,42743,59.0,4,92,0.619574,0.8651,True,False,body,40.0,29.0,-10.0
806,42847,48.0,3,104,0.61893,1.101,True,False,body,30.0,28.0,-10.0
807,42877,-7.0,0,30,0.618744,0.7735,True,False,wall,0.0,3.0,-10.0
808,42930,46.0,4,53,0.618416,1.0055,True,False,body,40.0,16.0,-10.0
809,42997,66.0,4,67,0.618002,0.801,True,False,body,40.0,36.0,-10.0
810,43027,-13.0,0,30,0.617817,0.8625,True,False,wall,0.0,-3.0,-10.0
811,43037,-9.0,0,10,0.617755,0.6923,True,False,wall,0.0,1.0,-10.0
812,43053,-3.0,0,16,0.617656,0.6764,True,False,wall,0.0,7.0,-10.0
813,43170,83.0,5,117,0.616934,0.8328,True,False,wall,50.0,43.0,-10.0
814,43201,7.0,1,31,0.616743,0.5854,True,False,wall,10.0,7.0,-10.0
815,43220,20.0,2,19,0.616626,0.7787,True,False,wall,20.0,10.0,-10.0
816,43267,24.0,2,47,0.616336,0.7077,True,False,wall,20.0,14.0,-10.0
817,43316,27.0,3,49,0.616034,0.8845,True,False,wall,30.0,7.0,-10.0
818,43329,-8.0,0,13,0.615954,1.0915,True,False,wall,0.0,2.0,-10.0
819,43423,50.0,3,94,0.615375,0.9152,True,False,wall,30.0,30.0,-10.0
820,43459,10.0,1,36,0.615154,1.1971,True,False,wall,10.0,10.0,-10.0
821,43572,53.0,3,113,0.614459,0.9662,True,False,body,30.0,33.0,-10.0
822,43663,43.0,3,91,0.6139,1.0638,True,False,body,30.0,23.0,-10.0
823,43683,8.0,1,20,0.613777,1.15,True,False,wall,10.0,8.0,-10.0
824,43751,18.0,1,68,0.61336,0.8415,True,False,wall,10.0,18.0,-10.0
825,43771,6.0,1,20,0.613237,0.8704,True,False,wall,10.0,6.0,-10.0
826,43788,-2.0,0,17,0.613133,0.7764,True,False,wall,0.0,8.0,-10.0
827,43820,29.0,2,32,0.612937,0.7183,True,False,wall,20.0,19.0,-10.0
828,43854,10.0,1,34,0.612729,0.9956,True,False,wall,10.0,10.0,-10.0
829,43886,-1.0,0,32,0.612532,0.7558,True,False,wall,0.0,9.0,-10.0
830,43914,12.0,1,28,0.612361,0.6786,True,False,wall,10.0,12.0,-10.0
831,43983,45.0,3,69,0.611939,0.7286,True,False,wall,30.0,25.0,-10.0
832,44019,28.0,3,36,0.611718,0.5509,True,False,wall,30.0,8.0,-10.0
833,44036,-18.0,0,17,0.611614,0.5353,True,False,wall,0.0,-8.0,-10.0
834,44053,-2.0,0,17,0.61151,0.5294,True,False,wall,0.0,8.0,-10.0
835,44094,5.0,1,41,0.61126,0.859,True,False,wall,10.0,5.0,-10.0
836,44112,0.0,1,18,0.61115,0.7229,True,False,wall,10.0,0.0,-10.0
837,44151,45.0,3,39,0.610911,0.6511,True,False,body,30.0,25.0,-10.0
838,44204,50.0,4,53,0.610588,0.6367,True,False,body,40.0,20.0,-10.0
839,44244,19.0,2,40,0.610344,0.5196,True,False,wall,20.0,9.0,-10.0
840,44294,8.0,1,50,0.610038,0.6402,True,False,wall,10.0,8.0,-10.0
841,44326,-1.0,0,32,0.609843,0.727,True,False,wall,0.0,9.0,-10.0
842,44390,16.0,1,64,0.609453,0.6932,True,False,wall,10.0,16.0,-10.0
843,44472,40.0,3,82,0.608954,0.8111,True,False,wall,30.0,20.0,-10.0
844,44565,36.0,2,93,0.608387,0.9065,True,False,wall,20.0,26.0,-10.0
845,44582,-2.0,0,17,0.608284,0.7565,True,False,wall,0.0,8.0,-10.0
846,44593,3.0,1,11,0.608217,0.8424,True,False,wall,10.0,3.0,-10.0
847,44627,19.0,2,34,0.60801,0.8923,True,False,wall,20.0,9.0,-10.0
848,44675,40.0,3,48,0.607719,0.6794,True,False,body,30.0,20.0,-10.0
849,44692,9.0,1,17,0.607615,1.3687,True,False,wall,10.0,9.0,-10.0
850,44719,0.0,0,27,0.607451,1.107,True,False,wall,0.0,10.0,-10.0
851,44737,-3.0,0,18,0.607342,0.9157,True,False,wall,0.0,7.0,-10.0
852,44773,21.0,2,36,0.607123,0.7013,True,False,wall,20.0,11.0,-10.0
853,44812,30.0,2,39,0.606887,0.8206,True,False,wall,20.0,20.0,-10.0
854,44827,7.0,1,15,0.606796,0.8472,True,False,wall,10.0,7.0,-10.0
855,44916,53.0,3,89,0.606256,0.8988,True,False,body,30.0,33.0,-10.0
856,44971,13.0,1,55,0.605922,0.9909,True,False,wall,10.0,13.0,-10.0
857,45020,13.0,1,49,0.605626,0.705,True,False,wall,10.0,13.0,-10.0
858,45073,29.0,3,53,0.605305,0.6156,True,False,body,30.0,9.0,-10.0
859,45145,38.0,3,72,0.604869,0.6849,True,False,body,30.0,18.0,-10.0
860,45179,25.0,2,34,0.604663,0.5731,True,False,wall,20.0,15.0,-10.0
861,45294,35.0,3,115,0.603968,0.7191,True,False,body,30.0,15.0,-10.0
862,45412,67.0,4,118,0.603256,0.7853,True,False,wall,40.0,37.0,-10.0
863,45422,-3.0,0,10,0.603196,0.6001,True,False,wall,0.0,7.0,-10.0
864,45509,43.0,3,87,0.602671,0.6917,True,False,wall,30.0,23.0,-10.0
865,45576,15.0,1,67,0.602268,0.6123,True,False,wall,10.0,15.0,-10.0
866,45644,35.0,2,68,0.601858,0.644,True,False,wall,20.0,25.0,-10.0
867,45718,4.0,1,74,0.601413,0.8265,True,False,wall,10.0,4.0,-10.0
868,45764,25.0,2,46,0.601136,0.9252,True,False,wall,20.0,15.0,-10.0
869,45802,27.0,2,38,0.600908,1.4348,True,False,wall,20.0,17.0,-10.0
870,45876,67.0,4,74,0.600464,0.9904,True,False,body,40.0,37.0,-10.0
871,45891,-6.0,0,15,0.600374,1.1573,True,False,wall,0.0,4.0,-10.0
872,45920,24.0,2,29,0.600199,0.8133,True,False,wall,20.0,14.0,-10.0
873,45948,10.0,1,28,0.600031,1.3225,True,False,wall,10.0,10.0,-10.0
874,45999,15.0,1,51,0.599725,0.8196,True,False,wall,10.0,15.0,-10.0
875,46072,40.0,2,73,0.599288,0.654,True,False,wall,20.0,30.0,-10.0
876,46151,37.0,3,79,0.598815,0.6169,True,False,wall,30.0,17.0,-10.0
877,46176,9.0,1,25,0.598665,0.5859,True,False,wall,10.0,9.0,-10.0
878,46251,53.0,3,75,0.598216,0.5839,True,False,wall,30.0,33.0,-10.0
879,46320,45.0,3,69,0.597803,0.5431,True,False,body,30.0,25.0,-10.0
880,46334,-1.0,0,14,0.59772,0.6416,True,False,wall,0.0,9.0,-10.0
881,46417,53.0,3,83,0.597224,0.745,True,False,body,30.0,33.0,-10.0
882,46461,16.0,1,44,0.596961,0.7406,True,False,wall,10.0,16.0,-10.0
883,46505,38.0,3,44,0.596699,0.6914,True,False,body,30.0,18.0,-10.0
884,46556,20.0,2,51,0.596394,0.7202,True,False,wall,20.0,10.0,-10.0
885,46583,13.0,1,27,0.596233,0.5611,True,False,wall,10.0,13.0,-10.0
886,46648,26.0,2,65,0.595846,0.6777,True,False,wall,20.0,16.0,-10.0
887,46715,22.0,2,67,0.595447,0.9203,True,False,wall,20.0,12.0,-10.0
888,46727,-5.0,0,12,0.595375,0.9295,True,False,wall,0.0,5.0,-10.0
889,46754,-6.0,0,27,0.595215,0.9249,True,False,wall,0.0,4.0,-10.0
890,46772,1.0,0,18,0.595107,1.0071,True,False,wall,0.0,11.0,-10.0
891,46849,41.0,3,77,0.594649,0.9067,True,False,wall,30.0,21.0,-10.0
892,46866,2.0,0,17,0.594548,1.0869,True,False,wall,0.0,12.0,-10.0
893,46940,29.0,2,74,0.594109,0.8339,True,False,wall,20.0,19.0,-10.0
894,46977,17.0,1,37,0.593889,0.7841,True,False,wall,10.0,17.0,-10.0
895,47007,4.0,1,30,0.593711,0.8783,True,False,wall,10.0,4.0,-10.0
896,47071,18.0,1,64,0.593331,0.6862,True,False,wall,10.0,18.0,-10.0
897,47110,23.0,1,39,0.593099,0.8045,True,False,wall,10.0,23.0,-10.0
898,47153,50.0,4,43,0.592844,0.9811,True,False,wall,40.0,20.0,-10.0
899,47174,9.0,1,21,0.59272,1.0216,True,False,wall,10.0,9.0,-10.0
900,47196,3.0,0,22,0.59259,0.7903,True,False,wall,0.0,13.0,-10.0
901,47276,41.0,2,80,0.592116,1.0725,True,False,wall,20.0,31.0,-10.0
902,47296,8.0,1,20,0.591997,1.186,True,False,wall,10.0,8.0,-10.0
903,47338,-3.0,0,42,0.591749,1.042,True,False,wall,0.0,7.0,-10.0
904,47377,15.0,1,39,0.591518,0.8473,True,False,wall,10.0,15.0,-10.0
905,47428,47.0,3,51,0.591216,0.8852,True,False,wall,30.0,27.0,-10.0
906,47442,6.0,1,14,0.591134,0.6921,True,False,wall,10.0,6.0,-10.0
907,47559,81.0,5,117,0.590442,0.8675,True,False,body,50.0,41.0,-10.0
908,47658,74.0,4,99,0.589858,0.881,True,False,wall,40.0,44.0,-10.0
909,47671,-2.0,0,13,0.589781,0.9047,True,False,wall,0.0,8.0,-10.0
910,47711,-1.0,0,40,0.589546,0.6843,True,False,wall,0.0,9.0,-10.0
911,47737,23.0,2,26,0.589392,0.9161,True,False,wall,20.0,13.0,-10.0
912,47764,9.0,1,27,0.589233,0.9396,True,False,wall,10.0,9.0,-10.0
913,47776,-17.0,0,12,0.589162,0.6503,True,False,wall,0.0,-7.0,-10.0
914,47798,-3.0,0,22,0.589033,0.7707,True,False,wall,0.0,7.0,-10.0
915,47850,38.0,3,52,0.588727,1.2928,True,False,body,30.0,18.0,-10.0
916,47874,12.0,1,24,0.588585,0.916,True,False,wall,10.0,12.0,-10.0
917,47921,31.0,3,47,0.588309,0.8779,True,False,wall,30.0,11.0,-10.0
918,48010,22.0,2,89,0.587785,0.8041,True,False,wall,20.0,12.0,-10.0
919,48081,43.0,3,71,0.587368,0.7216,True,False,body,30.0,23.0,-10.0
920,48143,40.0,3,62,0.587004,0.9092,True,False,body,30.0,20.0,-10.0
921,48198,43.0,3,55,0.586681,0.7807,True,False,body,30.0,23.0,-10.0
922,48261,30.0,2,63,0.586312,0.6917,True,False,wall,20.0,20.0,-10.0
923,48288,15.0,1,27,0.586154,0.7741,True,False,wall,10.0,15.0,-10.0
924,48335,5.0,1,47,0.585878,0.6494,True,False,wall,10.0,5.0,-10.0
925,48378,31.0,3,43,0.585626,0.5731,True,False,wall,30.0,11.0,-10.0
926,48431,20.0,2,53,0.585316,0.6522,True,False,wall,20.0,10.0,-10.0
927,48537,66.0,3,106,0.584696,0.6139,True,False,body,30.0,46.0,-10.0
928,48642,53.0,3,105,0.584082,0.6939,True,False,wall,30.0,33.0,-10.0
929,48667,0.0,0,25,0.583936,0.6134,True,False,wall,0.0,10.0,-10.0
930,48687,-1.0,0,20,0.58382,0.6593,True,False,wall,0.0,9.0,-10.0
931,48719,-1.0,0,32,0.583633,1.1462,True,False,wall,0.0,9.0,-10.0
932,48790,45.0,3,71,0.583219,0.7678,True,False,wall,30.0,25.0,-10.0
933,48846,33.0,2,56,0.582892,0.687,True,False,wall,20.0,23.0,-10.0
934,48973,47.0,3,127,0.582152,0.7027,True,False,body,30.0,27.0,-10.0
935,49007,0.0,1,34,0.581954,0.6286,True,False,wall,10.0,0.0,-10.0
936,49051,20.0,1,44,0.581698,0.5862,True,False,wall,10.0,20.0,-10.0
937,49069,6.0,1,18,0.581594,0.5393,True,False,wall,10.0,6.0,-10.0
938,49127,14.0,1,58,0.581256,0.6547,True,False,wall,10.0,14.0,-10.0
939,49149,8.0,1,22,0.581129,0.5271,True,False,wall,10.0,8.0,-10.0
940,49220,41.0,3,71,0.580716,0.5105,True,False,body,30.0,21.0,-10.0
941,49294,52.0,3,74,0.580287,0.651,True,False,wall,30.0,32.0,-10.0
942,49313,-8.0,0,19,0.580176,0.6295,True,False,wall,0.0,2.0,-10.0
943,49388,53.0,3,75,0.579741,0.6471,True,False,wall,30.0,33.0,-10.0
944,49443,26.0,2,55,0.579423,0.8198,True,False,wall,20.0,16.0,-10.0
945,49469,10.0,1,26,0.579272,0.8321,True,False,wall,10.0,10.0,-10.0
946,49525,57.0,4,56,0.578948,0.5962,True,False,wall,40.0,27.0,-10.0
947,49537,6.0,1,12,0.578878,0.5614,True,False,wall,10.0,6.0,-10.0
948,49570,25.0,3,33,0.578687,0.6311,True,False,body,30.0,5.0,-10.0
949,49648,48.0,3,78,0.578236,0.6562,True,False,body,30.0,28.0,-10.0
950,49717,26.0,2,69,0.577837,0.8074,True,False,wall,20.0,16.0,-10.0
951,49803,28.0,3,86,0.57734,0.8679,True,False,wall,30.0,8.0,-10.0
952,49819,4.0,1,16,0.577248,0.8531,True,False,wall,10.0,4.0,-10.0
953,49912,70.0,4,93,0.576711,0.8704,True,False,wall,40.0,40.0,-10.0
954,49948,42.0,3,36,0.576504,0.745,True,False,wall,30.0,22.0,-10.0
955,49969,9.0,1,21,0.576383,0.8111,True,False,wall,10.0,9.0,-10.0
956,50021,42.0,3,52,0.576083,0.7915,True,False,wall,30.0,22.0,-10.0
957,50037,-3.0,0,16,0.575991,1.2378,True,False,wall,0.0,7.0,-10.0
958,50082,39.0,3,45,0.575732,0.9089,True,False,body,30.0,19.0,-10.0
959,50134,25.0,2,52,0.575433,1.1836,True,False,wall,20.0,15.0,-10.0
960,50170,12.0,1,36,0.575225,1.0555,True,False,wall,10.0,12.0,-10.0
961,50196,6.0,1,26,0.575076,0.9649,True,False,wall,10.0,6.0,-10.0
962,50318,44.0,3,122,0.574375,0.944,True,False,body,30.0,24.0,-10.0
963,50366,38.0,3,48,0.574099,0.8189,True,False,body,30.0,18.0,-10.0
964,50449,13.0,1,83,0.573623,0.7663,True,False,wall,10.0,13.0,-10.0
965,50508,30.0,2,59,0.573284,0.6162,True,False,wall,20.0,20.0,-10.0
966,50580,54.0,3,72,0.572872,0.7483,True,False,wall,30.0,34.0,-10.0
967,50704,69.0,4,124,0.572162,0.5725,True,False,body,40.0,39.0,-10.0
968,50732,4.0,1,28,0.572002,0.5431,True,False,wall,10.0,4.0,-10.0
969,50780,-1.0,0,48,0.571727,0.6418,True,False,wall,0.0,9.0,-10.0
970,50901,67.0,3,121,0.571036,0.6684,True,False,wall,30.0,47.0,-10.0
971,50937,8.0,1,36,0.57083,0.8288,True,False,wall,10.0,8.0,-10.0
972,51056,39.0,3,119,0.570151,0.7412,True,False,body,30.0,19.0,-10.0
973,51154,56.0,3,98,0.569593,0.7212,True,False,body,30.0,36.0,-10.0
974,51187,11.0,1,33,0.569405,0.8914,True,False,wall,10.0,11.0,-10.0
975,51215,14.0,1,28,0.569246,0.7315,True,False,wall,10.0,14.0,-10.0
976,51273,38.0,3,58,0.568916,0.5454,True,False,body,30.0,18.0,-10.0
977,51347,63.0,4,74,0.568495,0.8593,True,False,body,40.0,33.0,-10.0
978,51370,22.0,2,23,0.568364,0.7589,True,False,wall,20.0,12.0,-10.0
979,51454,35.0,2,84,0.567887,0.8335,True,False,wall,20.0,25.0,-10.0
980,51474,1.0,0,20,0.567773,1.6547,True,False,wall,0.0,11.0,-10.0
981,51562,25.0,2,88,0.567274,1.0708,True,False,wall,20.0,15.0,-10.0
982,51626,27.0,2,64,0.566911,0.8812,True,False,wall,20.0,17.0,-10.0
983,51645,-6.0,0,19,0.566803,0.829,True,False,wall,0.0,4.0,-10.0
984,51767,52.0,3,122,0.566112,0.6964,True,False,wall,30.0,32.0,-10.0
985,51847,37.0,2,80,0.565659,0.6283,True,False,wall,20.0,27.0,-10.0
986,51894,1.0,1,47,0.565394,0.6709,True,False,wall,10.0,1.0,-10.0
987,51942,46.0,3,48,0.565122,0.567,True,False,body,30.0,26.0,-10.0
988,51952,-5.0,0,10,0.565066,0.7269,True,False,wall,0.0,5.0,-10.0
989,52037,40.0,2,85,0.564586,0.8119,True,False,wall,20.0,30.0,-10.0
990,52062,0.0,0,25,0.564444,0.8219,True,False,wall,0.0,10.0,-10.0
991,52102,12.0,1,40,0.564219,0.7185,True,False,wall,10.0,12.0,-10.0
992,52219,49.0,3,117,0.563559,0.8168,True,False,wall,30.0,29.0,-10.0
993,52279,54.0,3,60,0.563221,0.7896,True,False,wall,30.0,34.0,-10.0
994,52305,-9.0,0,26,0.563075,0.7453,True,False,wall,0.0,1.0,-10.0
995,52447,79.0,4,142,0.562276,0.7611,True,False,body,40.0,49.0,-10.0
996,52480,39.0,3,33,0.56209,0.9013,True,False,body,30.0,19.0,-10.0
997,52511,13.0,1,31,0.561916,0.9153,True,False,wall,10.0,13.0,-10.0
998,52590,42.0,2,79,0.561472,0.9483,True,False,wall,20.0,32.0,-10.0
999,52634,22.0,1,44,0.561225,0.9776,True,False,wall,10.0,22.0,-10.0
1000,52648,1.0,0,14,0.561146,0.9164,True,False,wall,0.0,11.0,-10.0
1001,52667,-4.0,0,19,0.56104,0.901,True,False,wall,0.0,6.0,-10.0
1002,52733,63.0,4,66,0.56067,0.7328,True,False,body,40.0,33.0,-10.0
1003,52800,31.0,3,67,0.560294,0.9486,True,False,body,30.0,11.0,-10.0
1004,52858,48.0,3,58,0.559969,0.6742,True,False,body,30.0,28.0,-10.0
1005,52901,9.0,1,43,0.559729,0.7651,True,False,wall,10.0,9.0,-10.0
1006,52968,43.0,3,67,0.559354,0.6521,True,False,body,30.0,23.0,-10.0
1007,52995,-6.0,0,27,0.559203,0.9914,True,False,wall,0.0,4.0,-10.0
1008,53046,47.0,3,51,0.558918,0.7592,True,False,wall,30.0,27.0,-10.0
1009,53161,75.0,5,115,0.558275,0.6254,True,False,body,50.0,35.0,-10.0
1010,53234,44.0,2,73,0.557868,0.7901,True,False,wall,20.0,34.0,-10.0
1011,53269,11.0,1,35,0.557673,0.5895,True,False,wall,10.0,11.0,-10.0
1012,53353,34.0,3,84,0.557204,0.5838,True,False,body,30.0,14.0,-10.0
1013,53429,52.0,3,76,0.556781,0.891,True,False,body,30.0,32.0,-10.0
1014,53460,23.0,1,31,0.556608,0.777,True,False,wall,10.0,23.0,-10.0
1015,53564,70.0,5,104,0.55603,0.6625,True,False,body,50.0,30.0,-10.0
1016,53636,52.0,3,72,0.55563,0.6503,True,False,wall,30.0,32.0,-10.0
1017,53719,45.0,3,83,0.555169,0.6371,True,False,wall,30.0,25.0,-10.0
1018,53751,6.0,1,32,0.554991,0.6266,True,False,wall,10.0,6.0,-10.0
1019,53815,58.0,3,64,0.554636,0.557,True,False,wall,30.0,38.0,-10.0
1020,53835,-1.0,0,20,0.554525,0.5114,True,False,wall,0.0,9.0,-10.0
1021,53924,58.0,4,89,0.554032,0.5831,True,False,wall,40.0,28.0,-10.0
1022,53939,-2.0,0,15,0.553949,0.7056,True,False,wall,0.0,8.0,-10.0
1023,53960,-2.0,0,21,0.553832,0.6267,True,False,wall,0.0,8.0,-10.0
1024,54008,29.0,2,48,0.553567,0.6961,True,False,wall,20.0,19.0,-10.0
1025,54049,26.0,2,41,0.55334,0.5431,True,False,wall,20.0,16.0,-10.0
1026,54096,58.0,4,47,0.55308,0.5782,True,False,wall,40.0,28.0,-10.0
1027,54208,54.0,3,112,0.552461,0.6155,True,False,wall,30.0,34.0,-10.0
1028,54282,45.0,2,74,0.552052,0.6703,True,False,wall,20.0,35.0,-10.0
1029,54339,45.0,3,57,0.551737,0.6702,True,False,body,30.0,25.0,-10.0
1030,54371,15.0,2,32,0.551561,0.7743,True,False,wall,20.0,5.0,-10.0
1031,54383,-5.0,0,12,0.551495,0.8252,True,False,wall,0.0,5.0,-10.0
1032,54444,43.0,3,61,0.551158,0.6426,True,False,body,30.0,23.0,-10.0
1033,54519,47.0,3,75,0.550745,0.8707,True,False,body,30.0,27.0,-10.0
1034,54580,38.0,2,61,0.550409,0.709,True,False,wall,20.0,28.0,-10.0
1035,54617,24.0,2,37,0.550206,0.5863,True,False,wall,20.0,14.0,-10.0
1036,54635,8.0,1,18,0.550107,0.6959,True,False,wall,10.0,8.0,-10.0
1037,54688,44.0,4,53,0.549815,0.7007,True,False,body,40.0,14.0,-10.0
1038,54745,22.0,2,57,0.549502,1.0203,True,False,wall,20.0,12.0,-10.0
1039,54863,85.0,4,118,0.548854,0.8471,True,False,body,40.0,55.0,-10.0
1040,54896,3.0,1,33,0.548673,0.7198,True,False,wall,10.0,3.0,-10.0
1041,54915,-4.0,0,19,0.548568,0.711,True,False,wall,0.0,6.0,-10.0
1042,54945,19.0,2,30,0.548404,0.6681,True,False,wall,20.0,9.0,-10.0
1043,55059,51.0,4,114,0.547779,0.7021,True,False,wall,40.0,21.0,-10.0
1044,55084,18.0,2,25,0.547642,0.7576,True,False,wall,20.0,8.0,-10.0
1045,55101,9.0,1,17,0.547549,0.6035,True,False,wall,10.0,9.0,-10.0
1046,55138,20.0,2,37,0.547346,0.768,True,False,wall,20.0,10.0,-10.0
1047,55147,7.0,1,9,0.547297,0.7262,True,False,wall,10.0,7.0,-10.0
1048,55206,51.0,3,59,0.546974,0.6808,True,False,body,30.0,31.0,-10.0
1049,55291,47.0,3,85,0.54651,0.6671,True,False,body,30.0,27.0,-10.0
1050,55329,12.0,1,38,0.546302,0.5198,True,False,wall,10.0,12.0,-10.0
1051,55371,38.0,3,42,0.546073,0.6972,True,False,wall,30.0,18.0,-10.0
1052,55387,19.0,2,16,0.545985,0.7748,True,False,wall,20.0,9.0,-10.0
1053,55426,13.0,1,39,0.545772,0.8752,True,False,wall,10.0,13.0,-10.0
1054,55463,5.0,1,37,0.54557,0.7565,True,False,wall,10.0,5.0,-10.0
1055,55476,9.0,1,13,0.5455,0.6382,True,False,wall,10.0,9.0,-10.0
1056,55509,7.0,1,33,0.54532,1.0011,True,False,wall,10.0,7.0,-10.0
1057,55530,-8.0,0,21,0.545205,0.7217,True,False,wall,0.0,2.0,-10.0
1058,55611,51.0,3,81,0.544764,0.729,True,False,wall,30.0,31.0,-10.0
1059,55691,36.0,3,80,0.544328,0.7854,True,False,body,30.0,16.0,-10.0
1060,55775,95.0,6,84,0.543871,0.7,True,False,body,60.0,45.0,-10.0
1061,55843,42.0,3,68,0.543501,0.654,True,False,wall,30.0,22.0,-10.0
1062,55932,53.0,3,89,0.543018,0.7892,True,False,body,30.0,33.0,-10.0
1063,55980,10.0,1,48,0.542757,0.9914,True,False,wall,10.0,10.0,-10.0
1064,56052,31.0,2,72,0.542367,0.8385,True,False,wall,20.0,21.0,-10.0
1065,56110,40.0,3,58,0.542052,0.672,True,False,body,30.0,20.0,-10.0
1066,56230,61.0,4,120,0.541402,0.7279,True,False,body,40.0,31.0,-10.0
1067,56280,40.0,3,50,0.541131,0.8893,True,False,wall,30.0,20.0,-10.0
1068,56366,62.0,3,86,0.540666,0.7156,True,False,body,30.0,42.0,-10.0
1069,56428,38.0,3,62,0.540331,0.76,True,False,body,30.0,18.0,-10.0
1070,56466,38.0,3,38,0.540126,0.6897,True,False,body,30.0,18.0,-10.0
1071,56544,65.0,4,78,0.539705,0.5802,True,False,body,40.0,35.0,-10.0
1072,56577,15.0,1,33,0.539527,0.6853,True,False,wall,10.0,15.0,-10.0
1073,56588,7.0,1,11,0.539467,0.6818,True,False,wall,10.0,7.0,-10.0
1074,56678,45.0,2,90,0.538982,0.6756,True,False,wall,20.0,35.0,-10.0
1075,56754,35.0,2,76,0.538572,0.7382,True,False,wall,20.0,25.0,-10.0
1076,56839,72.0,4,85,0.538115,0.7485,True,False,body,40.0,42.0,-10.0
1077,56906,68.0,4,67,0.537754,0.6098,True,False,body,40.0,38.0,-10.0
1078,56917,5.0,1,11,0.537695,0.7641,True,False,wall,10.0,5.0,-10.0
1079,56929,8.0,1,12,0.537631,0.7598,True,False,wall,10.0,8.0,-10.0
1080,57009,52.0,3,80,0.537201,0.6966,True,False,wall,30.0,32.0,-10.0
1081,57049,27.0,2,40,0.536986,0.7174,True,False,wall,20.0,17.0,-10.0
1082,57154,110.0,6,105,0.536422,0.8351,True,False,wall,60.0,60.0,-10.0
1083,57229,30.0,2,75,0.53602,0.7589,True,False,wall,20.0,20.0,-10.0
1084,57247,8.0,1,18,0.535924,0.8403,True,False,wall,10.0,8.0,-10.0
1085,57265,-1.0,0,18,0.535827,1.0695,True,False,wall,0.0,9.0,-10.0
1086,57288,17.0,1,23,0.535704,0.7566,True,False,wall,10.0,17.0,-10.0
1087,57386,69.0,4,98,0.535179,0.8006,True,False,body,40.0,39.0,-10.0
1088,57481,40.0,2,95,0.534671,0.69,True,False,wall,20.0,30.0,-10.0
1089,57514,-2.0,0,33,0.534495,0.7502,True,False,wall,0.0,8.0,-10.0
1090,57540,10.0,1,26,0.534356,0.6779,True,False,wall,10.0,10.0,-10.0
1091,57579,1.0,1,39,0.534147,0.5354,True,False,wall,10.0,1.0,-10.0
1092,57687,69.0,4,108,0.533571,0.5684,True,False,body,40.0,39.0,-10.0
1093,57758,65.0,5,71,0.533192,0.8076,True,False,wall,50.0,25.0,-10.0
1094,57796,31.0,2,38,0.53299,0.7985,True,False,wall,20.0,21.0,-10.0
1095,57815,18.0,2,19,0.532888,0.7726,True,False,wall,20.0,8.0,-10.0
1096,57843,16.0,1,28,0.532739,0.6131,True,False,wall,10.0,16.0,-10.0
1097,57875,34.0,3,32,0.532569,0.7722,True,False,body,30.0,14.0,-10.0
1098,57975,69.0,4,100,0.532036,0.7224,True,False,wall,40.0,39.0,-10.0
1099,58033,44.0,3,58,0.531728,0.6065,True,False,wall,30.0,24.0,-10.0
1100,58081,23.0,2,48,0.531473,0.6921,True,False,wall,20.0,13.0,-10.0
1101,58175,46.0,3,94,0.530973,0.6002,True,False,body,30.0,26.0,-10.0
1102,58188,7.0,1,13,0.530904,0.6419,True,False,wall,10.0,7.0,-10.0
1103,58249,58.0,4,61,0.530581,0.5288,True,False,body,40.0,28.0,-10.0
1104,58345,56.0,3,96,0.530072,0.5833,True,False,wall,30.0,36.0,-10.0
1105,58359,-1.0,0,14,0.529997,0.5773,True,False,wall,0.0,9.0,-10.0
1106,58431,43.0,2,72,0.529616,0.6754,True,False,wall,20.0,33.0,-10.0
1107,58505,37.0,2,74,0.529224,0.7637,True,False,wall,20.0,27.0,-10.0
1108,58536,11.0,1,31,0.52906,0.6677,True,False,wall,10.0,11.0,-10.0
1109,58572,36.0,3,36,0.52887,0.7984,True,False,wall,30.0,16.0,-10.0
1110,58646,38.0,3,74,0.528478,0.8895,True,False,body,30.0,18.0,-10.0
1111,58704,34.0,3,58,0.528172,0.9274,True,False,wall,30.0,14.0,-10.0
1112,58726,6.0,1,22,0.528056,1.0364,True,False,wall,10.0,6.0,-10.0
1113,58827,56.0,4,101,0.527523,0.7179,True,False,body,40.0,26.0,-10.0
1114,58849,14.0,1,22,0.527407,0.4465,True,False,wall,10.0,14.0,-10.0
1115,58918,62.0,4,69,0.527043,0.6622,True,False,wall,40.0,32.0,-10.0
1116,58986,57.0,4,68,0.526685,0.6303,True,False,wall,40.0,27.0,-10.0
1117,59056,50.0,3,70,0.526316,0.687,True,False,body,30.0,30.0,-10.0
1118,59131,33.0,3,75,0.525922,0.7166,True,False,body,30.0,13.0,-10.0
1119,59171,23.0,2,40,0.525711,0.9133,True,False,wall,20.0,13.0,-10.0
1120,59256,43.0,3,85,0.525265,0.6845,True,False,body,30.0,23.0,-10.0
1121,59319,41.0,3,63,0.524934,0.6718,True,False,body,30.0,21.0,-10.0
1122,59397,59.0,4,78,0.524524,0.8418,True,False,body,40.0,29.0,-10.0
1123,59425,36.0,3,28,0.524378,0.6662,True,False,body,30.0,16.0,-10.0
1124,59508,77.0,5,83,0.523943,0.8062,True,False,body,50.0,37.0,-10.0
1125,59536,25.0,2,28,0.523796,0.8099,True,False,wall,20.0,15.0,-10.0
1126,59629,56.0,4,93,0.523309,0.7698,True,False,body,40.0,26.0,-10.0
1127,59712,91.0,5,83,0.522875,0.8937,True,False,wall,50.0,51.0,-10.0
1128,59730,-5.0,0,18,0.522781,0.7233,True,False,wall,0.0,5.0,-10.0
1129,59752,-3.0,0,22,0.522666,0.8832,True,False,wall,0.0,7.0,-10.0
1130,59817,59.0,3,65,0.522326,0.7873,True,False,body,30.0,39.0,-10.0
1131,59900,84.0,6,83,0.521893,0.6706,True,False,wall,60.0,34.0,-10.0
1132,59934,6.0,1,34,0.521715,0.5006,True,False,wall,10.0,6.0,-10.0
1133,60096,107.0,6,162,0.520871,0.601,True,False,body,60.0,57.0,-10.0
1134,60179,63.0,3,83,0.520439,0.7552,True,False,body,30.0,43.0,-10.0
1135,60273,59.0,4,94,0.51995,0.8392,True,False,wall,40.0,29.0,-10.0
1136,60293,-5.0,0,20,0.519846,0.7493,True,False,wall,0.0,5.0,-10.0
1137,60332,-4.0,0,39,0.519643,0.6588,True,False,wall,0.0,6.0,-10.0
1138,60407,37.0,3,75,0.519253,0.7472,True,False,body,30.0,17.0,-10.0
1139,60448,9.0,1,41,0.519041,0.7375,True,False,wall,10.0,9.0,-10.0
1140,60481,35.0,3,33,0.518869,0.6525,True,False,body,30.0,15.0,-10.0
1141,60530,35.0,3,49,0.518615,0.6687,True,False,wall,30.0,15.0,-10.0
1142,60583,66.0,4,53,0.51834,0.5851,True,False,wall,40.0,36.0,-10.0
1143,60601,4.0,1,18,0.518247,0.5164,True,False,wall,10.0,4.0,-10.0
1144,60695,54.0,3,94,0.51776,0.5866,True,False,body,30.0,34.0,-10.0
1145,60730,22.0,2,35,0.517579,0.6747,True,False,wall,20.0,12.0,-10.0
1146,60759,-6.0,0,29,0.517429,0.9439,True,False,wall,0.0,4.0,-10.0
1147,60866,60.0,4,107,0.516875,0.6893,True,False,wall,40.0,30.0,-10.0
1148,60896,1.0,0,30,0.51672,0.6202,True,False,wall,0.0,11.0,-10.0
1149,60961,66.0,4,65,0.516385,0.6641,True,False,body,40.0,36.0,-10.0
1150,61043,36.0,3,82,0.515961,0.902,True,False,body,30.0,16.0,-10.0
1151,61063,-3.0,0,20,0.515858,0.778,True,False,wall,0.0,7.0,-10.0
1152,61147,44.0,3,84,0.515425,0.8981,True,False,body,30.0,24.0,-10.0
1153,61180,39.0,3,33,0.515255,0.7455,True,False,wall,30.0,19.0,-10.0
1154,61201,31.0,3,21,0.515147,0.7968,True,False,wall,30.0,11.0,-10.0
1155,61246,35.0,3,45,0.514915,0.8078,True,False,wall,30.0,15.0,-10.0
1156,61291,26.0,2,45,0.514683,0.8958,True,False,wall,20.0,16.0,-10.0
1157,61335,31.0,2,44,0.514457,0.5993,True,False,wall,20.0,21.0,-10.0
1158,61392,38.0,2,57,0.514164,0.87,True,False,wall,20.0,28.0,-10.0
1159,61487,68.0,4,95,0.513676,0.6012,True,False,body,40.0,38.0,-10.0
1160,61504,11.0,1,17,0.513588,0.5902,True,False,wall,10.0,11.0,-10.0
1161,61597,43.0,3,93,0.513111,0.7122,True,False,body,30.0,23.0,-10.0
1162,61631,17.0,2,34,0.512936,0.7744,True,False,wall,20.0,7.0,-10.0
1163,61749,117.0,6,118,0.512332,0.681,True,False,wall,60.0,67.0,-10.0
1164,61799,44.0,3,50,0.512075,0.741,True,False,body,30.0,24.0,-10.0
1165,61826,-2.0,0,27,0.511937,0.7781,True,False,wall,0.0,8.0,-10.0
1166,61875,39.0,3,49,0.511686,0.7231,True,False,body,30.0,19.0,-10.0
1167,61914,13.0,1,39,0.511487,0.8538,True,False,wall,10.0,13.0,-10.0
1168,62015,49.0,3,101,0.510971,1.0037,True,False,body,30.0,29.0,-10.0
1169,62081,22.0,1,66,0.510633,0.7507,True,False,wall,10.0,22.0,-10.0
1170,62120,17.0,1,39,0.510434,0.6343,True,False,wall,10.0,17.0,-10.0
1171,62147,22.0,2,27,0.510297,0.6159,True,False,wall,20.0,12.0,-10.0
1172,62198,50.0,4,51,0.510036,0.5739,True,False,body,40.0,20.0,-10.0
1173,62321,62.0,4,123,0.509409,0.5873,True,False,wall,40.0,32.0,-10.0
1174,62340,22.0,2,19,0.509313,0.5501,True,False,wall,20.0,12.0,-10.0
1175,62380,12.0,1,40,0.509109,0.7106,True,False,wall,10.0,12.0,-10.0
1176,62411,15.0,1,31,0.508951,0.5994,True,False,wall,10.0,15.0,-10.0
1177,62470,55.0,3,59,0.508651,0.878,True,False,wall,30.0,35.0,-10.0
1178,62566,66.0,3,96,0.508163,0.6965,True,False,wall,30.0,46.0,-10.0
1179,62597,7.0,1,31,0.508005,0.7177,True,False,wall,10.0,7.0,-10.0
1180,62620,13.0,1,23,0.507889,0.6544,True,False,wall,10.0,13.0,-10.0
1181,62683,39.0,3,63,0.507569,0.6425,True,False,body,30.0,19.0,-10.0
1182,62759,50.0,3,76,0.507183,0.6369,True,False,wall,30.0,30.0,-10.0
1183,62808,37.0,3,49,0.506935,0.7021,True,False,body,30.0,17.0,-10.0
1184,62863,43.0,3,55,0.506656,0.5998,True,False,body,30.0,23.0,-10.0
1185,62898,7.0,1,35,0.506479,0.7135,True,False,wall,10.0,7.0,-10.0
1186,62927,13.0,1,29,0.506332,0.7007,True,False,wall,10.0,13.0,-10.0
1187,62953,29.0,2,26,0.5062,0.7592,True,False,wall,20.0,19.0,-10.0
1188,63048,84.0,4,95,0.505719,0.5685,True,False,wall,40.0,54.0,-10.0
1189,63136,66.0,3,88,0.505275,0.7378,True,False,wall,30.0,46.0,-10.0
1190,63182,34.0,3,46,0.505042,0.6373,True,False,body,30.0,14.0,-10.0
1191,63194,-3.0,0,12,0.504982,0.8149,True,False,wall,0.0,7.0,-10.0
1192,63288,62.0,3,94,0.504507,0.8055,True,False,body,30.0,42.0,-10.0
1193,63312,10.0,1,24,0.504386,1.1247,True,False,wall,10.0,10.0,-10.0
1194,63364,31.0,2,52,0.504124,0.8245,True,False,wall,20.0,21.0,-10.0
1195,63433,43.0,3,69,0.503776,0.727,True,False,wall,30.0,23.0,-10.0
1196,63506,33.0,1,73,0.503409,0.714,True,False,wall,10.0,33.0,-10.0
1197,63540,34.0,3,34,0.503237,0.9977,True,False,wall,30.0,14.0,-10.0
1198,63633,55.0,3,93,0.50277,0.7242,True,False,wall,30.0,35.0,-10.0
1199,63645,1.0,0,12,0.502709,0.6366,True,False,wall,0.0,11.0,-10.0
1200,63661,8.0,1,16,0.502629,0.7997,True,False,wall,10.0,8.0,-10.0
1201,63705,8.0,1,44,0.502408,0.7993,True,False,wall,10.0,8.0,-10.0
1202,63784,94.0,6,79,0.502011,0.7943,True,False,body,60.0,44.0,-10.0
1203,63822,18.0,1,38,0.50182,0.7014,True,False,wall,10.0,18.0,-10.0
1204,63889,68.0,4,67,0.501484,0.6908,True,False,wall,40.0,38.0,-10.0
1205,63914,9.0,1,25,0.501359,0.6376,True,False,wall,10.0,9.0,-10.0
1206,63928,17.0,2,14,0.501289,0.6641,True,False,wall,20.0,7.0,-10.0
1207,63986,50.0,3,58,0.500998,0.6504,True,False,body,30.0,30.0,-10.0
1208,64020,6.0,1,34,0.500828,0.5819,True,False,wall,10.0,6.0,-10.0
1209,64095,32.0,2,75,0.500452,0.6466,True,False,wall,20.0,22.0,-10.0
1210,64145,59.0,4,50,0.500202,0.5861,True,False,body,40.0,29.0,-10.0
1211,64195,52.0,3,50,0.499952,0.5573,True,False,body,30.0,32.0,-10.0
1212,64223,-1.0,0,28,0.499812,0.5175,True,False,wall,0.0,9.0,-10.0
1213,64280,32.0,2,57,0.499527,0.6209,True,False,wall,20.0,22.0,-10.0
1214,64363,77.0,5,83,0.499113,0.6197,True,False,wall,50.0,37.0,-10.0
1215,64415,32.0,3,52,0.498853,0.9332,True,False,body,30.0,12.0,-10.0
1216,64441,27.0,2,26,0.498724,0.7491,True,False,wall,20.0,17.0,-10.0
1217,64496,55.0,3,55,0.498449,0.7971,True,False,wall,30.0,35.0,-10.0
1218,64527,39.0,3,31,0.498295,0.769,True,False,body,30.0,19.0,-10.0
1219,64572,45.0,3,45,0.498071,0.6117,True,False,wall,30.0,25.0,-10.0
1220,64681,54.0,4,109,0.497528,1.0403,True,False,body,40.0,24.0,-10.0
1221,64763,40.0,3,82,0.49712,0.99,True,False,body,30.0,20.0,-10.0
1222,64773,-1.0,0,10,0.497071,1.6452,True,False,wall,0.0,9.0,-10.0
1223,64800,0.0,0,27,0.496936,0.7802,True,False,wall,0.0,10.0,-10.0
1224,64875,58.0,4,75,0.496564,0.817,True,False,body,40.0,28.0,-10.0
1225,64954,51.0,3,79,0.496172,0.8023,True,False,body,30.0,31.0,-10.0
1226,64965,-2.0,0,11,0.496117,0.789,True,False,wall,0.0,8.0,-10.0
1227,64977,8.0,1,12,0.496058,0.661,True,False,wall,10.0,8.0,-10.0
1228,65033,40.0,3,56,0.49578,0.8509,True,False,body,30.0,20.0,-10.0
1229,65114,83.0,7,81,0.495378,0.72,True,False,body,70.0,23.0,-10.0
1230,65180,57.0,4,66,0.495052,0.7536,True,False,wall,40.0,27.0,-10.0
1231,65255,53.0,3,75,0.49468,0.7643,True,False,body,30.0,33.0,-10.0
1232,65266,-6.0,0,11,0.494626,0.7746,True,False,wall,0.0,4.0,-10.0
1233,65400,114.0,7,134,0.493964,0.7231,True,False,body,70.0,54.0,-10.0
1234,65425,13.0,1,25,0.49384,0.5847,True,False,wall,10.0,13.0,-10.0
1235,65475,48.0,3,50,0.493593,0.799,True,False,body,30.0,28.0,-10.0
1236,65542,55.0,3,67,0.493263,0.7231,True,False,wall,30.0,35.0,-10.0
1237,65570,6.0,1,28,0.493125,0.7143,True,False,wall,10.0,6.0,-10.0
1238,65622,31.0,2,52,0.492868,0.8873,True,False,wall,20.0,21.0,-10.0
1239,65645,9.0,1,23,0.492755,0.8354,True,False,wall,10.0,9.0,-10.0
1240,65667,6.0,1,22,0.492647,0.6516,True,False,wall,10.0,6.0,-10.0
1241,65762,76.0,4,95,0.492179,0.6868,True,False,wall,40.0,46.0,-10.0
1242,65779,-2.0,0,17,0.492095,0.7336,True,False,wall,0.0,8.0,-10.0
1243,65935,84.0,5,156,0.491328,0.6288,True,False,body,50.0,44.0,-10.0
1244,65983,14.0,1,48,0.491092,0.5731,True,False,wall,10.0,14.0,-10.0
1245,66061,61.0,4,78,0.490709,0.5845,True,False,wall,40.0,31.0,-10.0
1246,66084,-2.0,0,23,0.490596,0.5544,True,False,wall,0.0,8.0,-10.0
1247,66149,52.0,4,65,0.490278,0.5462,True,False,wall,40.0,22.0,-10.0
1248,66182,35.0,3,33,0.490116,0.5358,True,False,body,30.0,15.0,-10.0
1249,66196,17.0,2,14,0.490047,0.5234,True,False,wall,20.0,7.0,-10.0
1250,66263,58.0,4,67,0.489719,0.6267,True,False,body,40.0,28.0,-10.0
1251,66282,-2.0,0,19,0.489626,0.5709,True,False,wall,0.0,8.0,-10.0
1252,66303,11.0,1,21,0.489523,0.575,True,False,wall,10.0,11.0,-10.0
1253,66343,42.0,3,40,0.489327,0.6049,True,False,body,30.0,22.0,-10.0
1254,66411,67.0,4,68,0.488995,0.5976,True,False,wall,40.0,37.0,-10.0
1255,66425,-3.0,0,14,0.488926,0.6151,True,False,wall,0.0,7.0,-10.0
1256,66461,38.0,3,36,0.48875,0.6184,True,False,body,30.0,18.0,-10.0
1257,66514,45.0,3,53,0.488491,0.6237,True,False,wall,30.0,25.0,-10.0
1258,66530,8.0,1,16,0.488413,0.6784,True,False,wall,10.0,8.0,-10.0
1259,66563,24.0,2,33,0.488252,0.8244,True,False,wall,20.0,14.0,-10.0
1260,66653,49.0,4,90,0.487813,0.6714,True,False,wall,40.0,19.0,-10.0
1261,66696,45.0,3,43,0.487603,0.61,True,False,body,30.0,25.0,-10.0
1262,66746,37.0,2,50,0.487359,0.6569,True,False,wall,20.0,27.0,-10.0
1263,66763,11.0,1,17,0.487277,1.1086,True,False,wall,10.0,11.0,-10.0
1264,66775,-1.0,0,12,0.487218,0.9622,True,False,wall,0.0,9.0,-10.0
1265,66866,60.0,4,91,0.486775,0.8618,True,False,wall,40.0,30.0,-10.0
1266,66938,67.0,4,72,0.486425,0.6168,True,False,wall,40.0,37.0,-10.0
1267,66970,8.0,1,32,0.486269,0.5992,True,False,wall,10.0,8.0,-10.0
1268,67031,59.0,3,61,0.485972,0.5841,True,False,wall,30.0,39.0,-10.0
1269,67101,35.0,2,70,0.485632,0.5812,True,False,wall,20.0,25.0,-10.0
1270,67163,52.0,3,62,0.485331,0.5775,True,False,body,30.0,32.0,-10.0
1271,67230,41.0,3,67,0.485006,0.8112,True,False,body,30.0,21.0,-10.0
1272,67311,76.0,6,81,0.484614,0.7384,True,False,wall,60.0,26.0,-10.0
1273,67392,39.0,3,81,0.484221,0.7232,True,False,wall,30.0,19.0,-10.0
1274,67415,0.0,0,23,0.48411,0.7395,True,False,wall,0.0,10.0,-10.0
1275,67533,85.0,6,118,0.483539,0.7097,True,False,body,60.0,35.0,-10.0
1276,67576,25.0,1,43,0.483331,0.7424,True,False,wall,10.0,25.0,-10.0
1277,67593,-2.0,0,17,0.483249,0.7766,True,False,wall,0.0,8.0,-10.0
1278,67645,41.0,2,52,0.482998,0.7764,True,False,wall,20.0,31.0,-10.0
1279,67663,-3.0,0,18,0.482911,0.7086,True,False,wall,0.0,7.0,-10.0
1280,67683,6.0,1,20,0.482814,0.6468,True,False,wall,10.0,6.0,-10.0
1281,67704,0.0,0,21,0.482713,0.8272,True,False,wall,0.0,10.0,-10.0
1282,67764,46.0,3,60,0.482423,0.7159,True,False,body,30.0,26.0,-10.0
1283,67849,49.0,3,85,0.482013,0.8233,True,False,body,30.0,29.0,-10.0
1284,67916,53.0,3,67,0.481691,0.7084,True,False,body,30.0,33.0,-10.0
1285,68009,75.0,5,93,0.481243,0.7256,True,False,body,50.0,35.0,-10.0
1286,68044,58.0,4,35,0.481074,0.6764,True,False,wall,40.0,28.0,-10.0
1287,68090,36.0,3,46,0.480853,0.7256,True,False,body,30.0,16.0,-10.0
1288,68140,66.0,5,50,0.480613,0.5537,True,False,body,50.0,26.0,-10.0
1289,68182,42.0,3,42,0.480411,0.5125,True,False,wall,30.0,22.0,-10.0
1290,68247,33.0,3,65,0.480099,0.487,True,False,body,30.0,13.0,-10.0
1291,68398,83.0,5,151,0.479374,0.6412,True,False,body,50.0,43.0,-10.0
1292,68427,13.0,1,29,0.479235,0.6314,True,False,wall,10.0,13.0,-10.0
1293,68469,38.0,3,42,0.479034,0.7212,True,False,body,30.0,18.0,-10.0
1294,68550,63.0,3,81,0.478646,0.7964,True,False,wall,30.0,43.0,-10.0
1295,68591,31.0,3,41,0.47845,0.672,True,False,wall,30.0,11.0,-10.0
1296,68669,78.0,5,78,0.478077,0.6898,True,False,wall,50.0,38.0,-10.0
1297,68681,4.0,1,12,0.47802,0.5531,True,False,wall,10.0,4.0,-10.0
1298,68722,19.0,1,41,0.477824,0.5771,True,False,wall,10.0,19.0,-10.0
1299,68739,9.0,1,17,0.477743,0.6769,True,False,wall,10.0,9.0,-10.0
1300,68792,32.0,2,53,0.477489,0.6505,True,False,wall,20.0,22.0,-10.0
1301,68824,36.0,3,32,0.477337,0.6983,True,False,wall,30.0,16.0,-10.0
1302,68870,10.0,1,46,0.477117,0.5853,True,False,wall,10.0,10.0,-10.0
1303,68944,52.0,3,74,0.476764,0.6467,True,False,body,30.0,32.0,-10.0
1304,69007,51.0,3,63,0.476464,0.6474,True,False,wall,30.0,31.0,-10.0
1305,69035,6.0,1,28,0.476331,0.7181,True,False,wall,10.0,6.0,-10.0
1306,69102,55.0,3,67,0.476011,0.628,True,False,body,30.0,35.0,-10.0
1307,69115,7.0,1,13,0.47595,0.6062,True,False,wall,10.0,7.0,-10.0
1308,69195,84.0,5,80,0.475569,0.7509,True,False,wall,50.0,44.0,-10.0
1309,69207,-3.0,0,12,0.475512,0.6305,True,False,wall,0.0,7.0,-10.0
1310,69251,41.0,2,44,0.475303,0.9144,True,False,wall,20.0,31.0,-10.0
1311,69278,0.0,0,27,0.475174,0.7002,True,False,wall,0.0,10.0,-10.0
1312,69341,42.0,2,63,0.474875,0.7542,True,False,wall,20.0,32.0,-10.0
1313,69390,24.0,2,49,0.474643,0.6998,True,False,wall,20.0,14.0,-10.0
1314,69411,11.0,1,21,0.474543,0.7554,True,False,wall,10.0,11.0,-10.0
1315,69429,8.0,1,18,0.474457,0.7795,True,False,wall,10.0,8.0,-10.0
1316,69510,62.0,4,81,0.474073,0.6726,True,False,body,40.0,32.0,-10.0
1317,69564,44.0,3,54,0.473817,0.5397,True,False,body,30.0,24.0,-10.0
1318,69608,31.0,2,44,0.473609,0.5735,True,False,wall,20.0,21.0,-10.0
1319,69658,28.0,3,50,0.473372,0.6843,True,False,wall,30.0,8.0,-10.0
1320,69723,53.0,3,65,0.473065,0.5267,True,False,body,30.0,33.0,-10.0
1321,69781,55.0,4,58,0.47279,0.7135,True,False,body,40.0,25.0,-10.0
1322,69800,7.0,1,19,0.4727,0.6733,True,False,wall,10.0,7.0,-10.0
1323,69847,41.0,3,47,0.472478,0.6394,True,False,body,30.0,21.0,-10.0
1324,69861,12.0,1,14,0.472412,0.5643,True,False,wall,10.0,12.0,-10.0
1325,69937,61.0,4,76,0.472053,0.6183,True,False,wall,40.0,31.0,-10.0
1326,69951,8.0,1,14,0.471987,1.1285,True,False,wall,10.0,8.0,-10.0
1327,70016,86.0,6,65,0.471681,0.6756,True,False,wall,60.0,36.0,-10.0
1328,70084,54.0,3,68,0.47136,0.6411,True,False,body,30.0,34.0,-10.0
1329,70096,8.0,1,12,0.471303,0.5558,True,False,wall,10.0,8.0,-10.0
1330,70111,9.0,1,15,0.471233,0.6289,True,False,wall,10.0,9.0,-10.0
1331,70217,126.0,7,106,0.470733,0.6077,True,False,body,70.0,66.0,-10.0
1332,70266,38.0,2,49,0.470503,0.5586,True,False,wall,20.0,28.0,-10.0
1333,70388,102.0,7,122,0.469929,0.6232,True,False,body,70.0,42.0,-10.0
1334,70402,1.0,0,14,0.469863,0.5175,True,False,wall,0.0,11.0,-10.0
1335,70440,40.0,3,38,0.469685,0.7823,True,False,body,30.0,20.0,-10.0
1336,70456,-1.0,0,16,0.46961,0.8742,True,False,wall,0.0,9.0,-10.0
1337,70525,47.0,3,69,0.469286,0.868,True,False,body,30.0,27.0,-10.0
1338,70547,1.0,0,22,0.469183,0.7367,True,False,wall,0.0,11.0,-10.0
1339,70682,115.0,7,135,0.46855,0.8162,True,False,body,70.0,55.0,-10.0
1340,70719,25.0,1,37,0.468376,0.8366,True,False,wall,10.0,25.0,-10.0
1341,70792,39.0,3,73,0.468034,0.6619,True,False,body,30.0,19.0,-10.0
1342,70834,34.0,3,42,0.467838,0.7344,True,False,wall,30.0,14.0,-10.0
1343,70854,14.0,1,20,0.467744,0.7625,True,False,wall,10.0,14.0,-10.0
1344,70880,-3.0,0,26,0.467623,0.6757,True,False,wall,0.0,7.0,-10.0
1345,70960,54.0,3,80,0.467249,0.5832,True,False,body,30.0,34.0,-10.0
1346,71079,89.0,5,119,0.466693,0.6552,True,False,body,50.0,49.0,-10.0
1347,71105,-9.0,0,26,0.466572,0.5398,True,False,wall,0.0,1.0,-10.0
1348,71133,23.0,2,28,0.466441,0.5855,True,False,wall,20.0,13.0,-10.0
1349,71152,20.0,2,19,0.466353,0.5671,True,False,wall,20.0,10.0,-10.0
1350,71191,-2.0,0,39,0.466171,0.6217,True,False,wall,0.0,8.0,-10.0
1351,71256,56.0,4,65,0.465868,0.8428,True,False,wall,40.0,26.0,-10.0
1352,71299,50.0,4,43,0.465668,0.7285,True,False,body,40.0,20.0,-10.0
1353,71324,13.0,1,25,0.465551,0.6067,True,False,wall,10.0,13.0,-10.0
1354,71339,11.0,1,15,0.465481,0.5934,True,False,wall,10.0,11.0,-10.0
1355,71437,74.0,5,98,0.465025,0.7458,True,False,body,50.0,34.0,-10.0
1356,71526,64.0,4,89,0.464612,0.7395,True,False,body,40.0,34.0,-10.0
1357,71561,30.0,2,35,0.464449,0.8268,True,False,wall,20.0,20.0,-10.0
1358,71584,20.0,2,23,0.464342,0.7993,True,False,wall,20.0,10.0,-10.0
1359,71617,41.0,3,33,0.464189,0.5822,True,False,body,30.0,21.0,-10.0
1360,71716,72.0,4,99,0.46373,0.736,True,False,body,40.0,42.0,-10.0
1361,71860,123.0,6,144,0.463062,0.6539,True,False,body,60.0,73.0,-10.0
1362,71909,47.0,3,49,0.462836,0.6109,True,False,body,30.0,27.0,-10.0
1363,71940,13.0,1,31,0.462692,0.6058,True,False,wall,10.0,13.0,-10.0
1364,71997,75.0,5,57,0.462429,0.6619,True,False,wall,50.0,35.0,-10.0
1365,72021,12.0,1,24,0.462318,0.5839,True,False,wall,10.0,12.0,-10.0
1366,72058,41.0,3,37,0.462147,0.642,True,False,body,30.0,21.0,-10.0
1367,72072,4.0,1,14,0.462082,0.6454,True,False,wall,10.0,4.0,-10.0
1368,72085,16.0,2,13,0.462022,0.6316,True,False,wall,20.0,6.0,-10.0
1369,72169,81.0,4,84,0.461634,0.7288,True,False,wall,40.0,51.0,-10.0
1370,72222,25.0,1,53,0.461389,0.8088,True,False,wall,10.0,25.0,-10.0
1371,72257,26.0,2,35,0.461228,0.7127,True,False,wall,20.0,16.0,-10.0
1372,72310,53.0,3,53,0.460983,0.6043,True,False,body,30.0,33.0,-10.0
1373,72403,62.0,4,93,0.460555,0.5213,True,False,body,40.0,32.0,-10.0
1374,72493,75.0,4,90,0.460141,0.6557,True,False,body,40.0,45.0,-10.0
1375,72561,66.0,3,68,0.459828,0.5869,True,False,wall,30.0,46.0,-10.0
1376,72610,32.0,2,49,0.459602,0.7449,True,False,wall,20.0,22.0,-10.0
1377,72657,34.0,2,47,0.459387,0.6249,True,False,wall,20.0,24.0,-10.0
1378,72697,37.0,2,40,0.459203,0.6165,True,False,wall,20.0,27.0,-10.0
1379,72709,10.0,1,12,0.459148,0.6417,True,False,wall,10.0,10.0,-10.0
1380,72812,64.0,4,103,0.458675,0.5887,True,False,body,40.0,34.0,-10.0
1381,72875,62.0,4,63,0.458386,0.7113,True,False,wall,40.0,32.0,-10.0
1382,72900,9.0,1,25,0.458272,0.7004,True,False,wall,10.0,9.0,-10.0
1383,72933,41.0,3,33,0.45812,0.9135,True,False,body,30.0,21.0,-10.0
1384,72958,37.0,3,25,0.458006,0.8945,True,False,wall,30.0,17.0,-10.0
1385,73020,36.0,3,62,0.457722,0.7378,True,False,body,30.0,16.0,-10.0
1386,73037,7.0,1,17,0.457644,0.658,True,False,wall,10.0,7.0,-10.0
1387,73067,14.0,1,30,0.457507,0.5613,True,False,wall,10.0,14.0,-10.0
1388,73110,20.0,2,43,0.45731,0.7142,True,False,wall,20.0,10.0,-10.0
1389,73226,104.0,7,116,0.45678,0.7355,True,False,body,70.0,44.0,-10.0
1390,73251,9.0,1,25,0.456666,0.7649,True,False,wall,10.0,9.0,-10.0
1391,73282,9.0,1,31,0.456524,0.6351,True,False,wall,10.0,9.0,-10.0
1392,73400,89.0,4,118,0.455986,0.6614,True,False,body,40.0,59.0,-10.0
1393,73445,31.0,3,45,0.455781,0.5901,True,False,wall,30.0,11.0,-10.0
1394,73478,21.0,1,33,0.45563,0.6027,True,False,wall,10.0,21.0,-10.0
1395,73537,49.0,3,59,0.455362,0.6106,True,False,body,30.0,29.0,-10.0
1396,73583,48.0,3,46,0.455152,0.5201,True,False,wall,30.0,28.0,-10.0
1397,73645,51.0,4,62,0.45487,0.611,True,False,body,40.0,21.0,-10.0
1398,73721,52.0,3,76,0.454525,0.6244,True,False,wall,30.0,32.0,-10.0
1399,73763,35.0,2,42,0.454334,0.5598,True,False,wall,20.0,25.0,-10.0
1400,73861,83.0,6,98,0.453889,0.583,True,False,wall,60.0,33.0,-10.0
1401,73946,101.0,7,85,0.453503,0.5098,True,False,wall,70.0,41.0,-10.0
1402,74042,85.0,6,96,0.453068,0.6086,True,False,body,60.0,35.0,-10.0
1403,74075,45.0,3,33,0.452918,0.7614,True,False,body,30.0,25.0,-10.0
1404,74128,44.0,2,53,0.452678,0.6811,True,False,wall,20.0,34.0,-10.0
1405,74254,106.0,5,126,0.452108,0.8249,True,False,wall,50.0,66.0,-10.0
1406,74303,45.0,3,49,0.451887,0.8209,True,False,body,30.0,25.0,-10.0
1407,74328,22.0,2,25,0.451774,0.7668,True,False,wall,20.0,12.0,-10.0
1408,74366,40.0,3,38,0.451602,0.6569,True,False,wall,30.0,20.0,-10.0
1409,74379,-8.0,0,13,0.451544,0.8088,True,False,wall,0.0,2.0,-10.0
1410,74391,8.0,1,12,0.451489,0.6076,True,False,wall,10.0,8.0,-10.0
1411,74416,0.0,0,25,0.451377,0.8165,True,False,wall,0.0,10.0,-10.0
1412,74454,-7.0,0,38,0.451205,0.8806,True,False,wall,0.0,3.0,-10.0
1413,74523,53.0,3,69,0.450894,0.7227,True,False,body,30.0,33.0,-10.0
1414,74615,68.0,3,92,0.450479,0.684,True,False,body,30.0,48.0,-10.0
1415,74670,45.0,3,55,0.450232,0.6889,True,False,body,30.0,25.0,-10.0
1416,74773,77.0,3,103,0.449768,0.5941,True,False,wall,30.0,57.0,-10.0
1417,74871,88.0,5,98,0.449327,0.6447,True,False,body,50.0,48.0,-10.0
1418,74950,41.0,3,79,0.448973,0.5951,True,False,body,30.0,21.0,-10.0
1419,75050,68.0,3,100,0.448524,0.6975,True,False,wall,30.0,48.0,-10.0
1420,75127,60.0,4,77,0.448179,0.7031,True,False,body,40.0,30.0,-10.0
1421,75140,5.0,1,13,0.44812,0.6785,True,False,wall,10.0,5.0,-10.0
1422,75185,30.0,2,45,0.447919,0.8195,True,False,wall,20.0,20.0,-10.0
1423,75219,20.0,1,34,0.447767,0.6623,True,False,wall,10.0,20.0,-10.0
1424,75328,76.0,6,109,0.447279,0.5747,True,False,body,60.0,26.0,-10.0
1425,75362,21.0,2,34,0.447127,0.5616,True,False,wall,20.0,11.0,-10.0
1426,75433,45.0,3,71,0.446809,0.5499,True,False,body,30.0,25.0,-10.0
1427,75452,-2.0,0,19,0.446724,0.512,True,False,wall,0.0,8.0,-10.0
1428,75527,51.0,3,75,0.44639,0.5993,True,False,body,30.0,31.0,-10.0
1429,75603,61.0,4,76,0.44605,0.5719,True,False,wall,40.0,31.0,-10.0
1430,75658,61.0,5,55,0.445805,0.6083,True,False,body,50.0,21.0,-10.0
1431,75694,35.0,2,36,0.445645,0.6276,True,False,wall,20.0,25.0,-10.0
1432,75728,16.0,1,34,0.445493,0.5357,True,False,wall,10.0,16.0,-10.0
1433,75814,90.0,5,86,0.44511,0.5581,True,False,wall,50.0,50.0,-10.0
1434,75868,63.0,4,54,0.44487,0.6435,True,False,wall,40.0,33.0,-10.0
1435,75968,75.0,4,100,0.444425,0.6116,True,False,body,40.0,45.0,-10.0
1436,76036,68.0,5,68,0.444123,0.6093,True,False,wall,50.0,28.0,-10.0
1437,76060,12.0,1,24,0.444017,0.5548,True,False,wall,10.0,12.0,-10.0
1438,76079,-2.0,0,19,0.443932,0.5723,True,False,wall,0.0,8.0,-10.0
1439,76095,-3.0,0,16,0.443861,0.5479,True,False,wall,0.0,7.0,-10.0
1440,76157,77.0,4,62,0.443586,0.6943,True,False,wall,40.0,47.0,-10.0
1441,76220,38.0,2,63,0.443307,0.5697,True,False,wall,20.0,28.0,-10.0
1442,76250,8.0,1,30,0.443174,0.8719,True,False,wall,10.0,8.0,-10.0
1443,76314,48.0,3,64,0.44289,0.5703,True,False,wall,30.0,28.0,-10.0
1444,76389,71.0,3,75,0.442558,0.6189,True,False,wall,30.0,51.0,-10.0
1445,76412,13.0,1,23,0.442456,0.5818,True,False,wall,10.0,13.0,-10.0
1446,76437,26.0,2,25,0.442346,0.529,True,False,wall,20.0,16.0,-10.0
1447,76497,41.0,2,60,0.44208,0.626,True,False,wall,20.0,31.0,-10.0
1448,76545,55.0,4,48,0.441868,0.5908,True,False,body,40.0,25.0,-10.0
1449,76565,21.0,2,20,0.44178,0.7009,True,False,wall,20.0,11.0,-10.0
1450,76590,9.0,1,25,0.44167,0.6221,True,False,wall,10.0,9.0,-10.0
1451,76662,61.0,4,72,0.441352,0.6482,True,False,body,40.0,31.0,-10.0
1452,76703,34.0,2,41,0.441171,0.6171,True,False,wall,20.0,24.0,-10.0
1453,76721,-3.0,0,18,0.441091,0.5631,True,False,wall,0.0,7.0,-10.0
1454,76773,42.0,3,52,0.440862,0.6222,True,False,wall,30.0,22.0,-10.0
1455,76876,102.0,6,103,0.440408,0.6018,True,False,body,60.0,52.0,-10.0
1456,76899,33.0,3,23,0.440307,0.6387,True,False,wall,30.0,13.0,-10.0
1457,76922,17.0,1,23,0.440206,0.5425,True,False,wall,10.0,17.0,-10.0
1458,76993,45.0,3,71,0.439893,0.7332,True,False,body,30.0,25.0,-10.0
1459,77027,6.0,1,34,0.439744,0.7875,True,False,wall,10.0,6.0,-10.0
1460,77166,120.0,6,139,0.439133,0.7139,True,False,wall,60.0,70.0,-10.0
1461,77200,8.0,1,34,0.438984,0.7312,True,False,wall,10.0,8.0,-10.0
1462,77228,34.0,3,28,0.438861,0.6206,True,False,body,30.0,14.0,-10.0
1463,77268,25.0,2,40,0.438685,0.7283,True,False,wall,20.0,15.0,-10.0
1464,77291,13.0,1,23,0.438584,0.7161,True,False,wall,10.0,13.0,-10.0
1465,77320,13.0,1,29,0.438457,0.5699,True,False,wall,10.0,13.0,-10.0
1466,77373,51.0,3,53,0.438225,0.6767,True,False,wall,30.0,31.0,-10.0
1467,77458,82.0,4,85,0.437852,0.9183,True,False,body,40.0,52.0,-10.0
1468,77484,29.0,2,26,0.437739,1.0154,True,False,wall,20.0,19.0,-10.0
1469,77522,35.0,2,38,0.437572,0.8534,True,False,wall,20.0,25.0,-10.0
1470,77556,29.0,2,34,0.437424,0.7286,True,False,wall,20.0,19.0,-10.0
1471,77651,53.0,3,95,0.437008,0.6101,True,False,wall,30.0,33.0,-10.0
1472,77692,26.0,2,41,0.436829,0.5558,True,False,wall,20.0,16.0,-10.0
1473,77749,56.0,4,57,0.43658,0.578,True,False,body,40.0,26.0,-10.0
1474,77824,71.0,5,75,0.436253,0.5058,True,False,body,50.0,31.0,-10.0
1475,77901,80.0,6,77,0.435917,0.5567,True,False,body,60.0,30.0,-10.0
1476,77935,12.0,1,34,0.435769,0.5478,True,False,wall,10.0,12.0,-10.0
1477,78008,65.0,5,73,0.435451,0.6288,True,False,body,50.0,25.0,-10.0
1478,78066,56.0,3,58,0.435198,0.7287,True,False,body,30.0,36.0,-10.0
1479,78096,51.0,4,30,0.435068,0.8034,True,False,wall,40.0,21.0,-10.0
1480,78159,77.0,5,63,0.434794,0.8455,True,False,body,50.0,37.0,-10.0
1481,78186,17.0,1,27,0.434676,0.6441,True,False,wall,10.0,17.0,-10.0
1482,78267,59.0,3,81,0.434325,0.5627,True,False,body,30.0,39.0,-10.0
1483,78283,6.0,1,16,0.434255,0.7239,True,False,wall,10.0,6.0,-10.0
1484,78306,2.0,0,23,0.434155,1.1053,True,False,wall,0.0,12.0,-10.0
1485,78377,100.0,6,71,0.433847,0.7391,True,False,body,60.0,50.0,-10.0
1486,78407,21.0,2,30,0.433717,0.6318,True,False,wall,20.0,11.0,-10.0
1487,78469,57.0,4,62,0.433448,0.6515,True,False,body,40.0,27.0,-10.0
1488,78579,84.0,5,110,0.432972,0.6065,True,False,body,50.0,44.0,-10.0
1489,78618,51.0,3,39,0.432803,0.5895,True,False,body,30.0,31.0,-10.0
1490,78639,11.0,1,21,0.432712,0.6545,True,False,wall,10.0,11.0,-10.0
1491,78666,15.0,1,27,0.432595,0.6616,True,False,wall,10.0,15.0,-10.0
1492,78726,59.0,4,60,0.432336,0.8135,True,False,body,40.0,29.0,-10.0
1493,78804,67.0,4,78,0.431998,0.7547,True,False,body,40.0,37.0,-10.0
1494,78847,30.0,2,43,0.431813,0.6454,True,False,wall,20.0,20.0,-10.0
1495,78911,57.0,4,64,0.431536,0.5429,True,False,body,40.0,27.0,-10.0
1496,78970,61.0,5,59,0.431282,0.6674,True,False,wall,50.0,21.0,-10.0
1497,79015,30.0,2,45,0.431088,0.6891,True,False,wall,20.0,20.0,-10.0
1498,79073,32.0,3,58,0.430838,0.686,True,False,body,30.0,12.0,-10.0
1499,79115,48.0,3,42,0.430657,0.5827,True,False,body,30.0,28.0,-10.0
1500,79142,9.0,1,27,0.430541,0.6177,True,False,wall,10.0,9.0,-10.0
1501,79205,41.0,3,63,0.43027,0.6482,True,False,wall,30.0,21.0,-10.0
1502,79225,1.0,0,20,0.430184,0.6116,True,False,wall,0.0,11.0,-10.0
1503,79318,85.0,5,93,0.429784,0.5667,True,False,body,50.0,45.0,-10.0
1504,79429,86.0,4,111,0.429307,0.6036,True,False,wall,40.0,56.0,-10.0
1505,79469,38.0,3,40,0.429135,0.7367,True,False,body,30.0,18.0,-10.0
1506,79506,35.0,3,37,0.428976,0.5979,True,False,body,30.0,15.0,-10.0
1507,79521,9.0,1,15,0.428912,0.7444,True,False,wall,10.0,9.0,-10.0
1508,79564,46.0,4,43,0.428728,0.7554,True,False,body,40.0,16.0,-10.0
1509,79633,64.0,4,69,0.428432,0.6174,True,False,body,40.0,34.0,-10.0
1510,79691,46.0,3,58,0.428184,0.5109,True,False,wall,30.0,26.0,-10.0
1511,79781,98.0,7,90,0.427798,0.5194,True,False,body,70.0,38.0,-10.0
1512,79989,167.0,8,208,0.426909,0.6515,True,False,body,80.0,97.0,-10.0
1513,80016,35.0,3,27,0.426794,0.6514,True,False,body,30.0,15.0,-10.0
1514,80027,7.0,1,11,0.426747,0.5776,True,False,wall,10.0,7.0,-10.0
1515,80067,29.0,2,40,0.426577,0.5578,True,False,wall,20.0,19.0,-10.0
1516,80089,28.0,3,22,0.426483,0.614,True,False,body,30.0,8.0,-10.0
1517,80101,-1.0,0,12,0.426432,0.7412,True,False,wall,0.0,9.0,-10.0
1518,80166,58.0,4,65,0.426155,0.756,True,False,wall,40.0,28.0,-10.0
1519,80241,58.0,4,75,0.425835,0.6902,True,False,body,40.0,28.0,-10.0
1520,80363,84.0,5,122,0.425316,0.6481,True,False,body,50.0,44.0,-10.0
1521,80385,17.0,2,22,0.425222,0.8771,True,False,wall,20.0,7.0,-10.0
1522,80454,64.0,4,69,0.424929,0.7674,True,False,body,40.0,34.0,-10.0
1523,80522,82.0,5,68,0.42464,0.7539,True,False,body,50.0,42.0,-10.0
1524,80535,-2.0,0,13,0.424585,0.6277,True,False,wall,0.0,8.0,-10.0
1525,80630,70.0,4,95,0.424182,0.6525,True,False,body,40.0,40.0,-10.0
1526,80678,42.0,3,48,0.423978,0.6811,True,False,wall,30.0,22.0,-10.0
1527,80739,52.0,4,61,0.42372,0.7264,True,False,body,40.0,22.0,-10.0
1528,80786,58.0,4,47,0.423521,0.7918,True,False,body,40.0,28.0,-10.0
1529,80814,1.0,0,28,0.423402,0.7463,True,False,wall,0.0,11.0,-10.0
1530,80844,-3.0,0,30,0.423275,0.7104,True,False,wall,0.0,7.0,-10.0
1531,80867,15.0,1,23,0.423178,0.6549,True,False,wall,10.0,15.0,-10.0
1532,80946,72.0,4,79,0.422843,0.6447,True,False,wall,40.0,42.0,-10.0
1533,80964,4.0,1,18,0.422767,0.5507,True,False,wall,10.0,4.0,-10.0
1534,81018,55.0,4,54,0.422539,0.5805,True,False,body,40.0,25.0,-10.0
1535,81060,36.0,3,42,0.422362,0.5746,True,False,body,30.0,16.0,-10.0
1536,81202,138.0,7,142,0.421762,0.5764,True,False,body,70.0,78.0,-10.0
1537,81252,39.0,2,50,0.421552,0.5791,True,False,wall,20.0,29.0,-10.0
1538,81320,74.0,5,68,0.421265,0.7421,True,False,body,50.0,34.0,-10.0
1539,81366,48.0,3,46,0.421071,0.7473,True,False,wall,30.0,28.0,-10.0
1540,81502,121.0,6,136,0.420499,0.6988,True,False,body,60.0,71.0,-10.0
1541,81580,71.0,4,78,0.420171,0.7953,True,False,wall,40.0,41.0,-10.0
1542,81638,48.0,3,58,0.419927,0.9569,True,False,body,30.0,28.0,-10.0
1543,81733,64.0,4,95,0.419529,0.7107,True,False,body,40.0,34.0,-10.0
1544,81874,124.0,8,141,0.418938,0.5613,True,False,body,80.0,54.0,-10.0
1545,81935,52.0,4,61,0.418682,0.7958,True,False,body,40.0,22.0,-10.0
1546,81990,51.0,3,55,0.418452,0.6286,True,False,body,30.0,31.0,-10.0
1547,82075,45.0,3,85,0.418096,0.761,True,False,body,30.0,25.0,-10.0
1548,82089,8.0,1,14,0.418038,1.0184,True,False,wall,10.0,8.0,-10.0
1549,82127,8.0,1,38,0.417879,0.7627,True,False,wall,10.0,8.0,-10.0
1550,82218,91.0,5,91,0.417499,1.0494,True,False,body,50.0,51.0,-10.0
1551,82283,64.0,4,65,0.417228,0.8228,True,False,body,40.0,34.0,-10.0
1552,82300,22.0,2,17,0.417157,0.8829,True,False,wall,20.0,12.0,-10.0
1553,82373,72.0,4,73,0.416852,0.7293,True,False,wall,40.0,42.0,-10.0
1554,82415,29.0,2,42,0.416677,0.6633,True,False,wall,20.0,19.0,-10.0
1555,82456,51.0,3,41,0.416506,0.6506,True,False,body,30.0,31.0,-10.0
1556,82543,69.0,5,87,0.416144,0.69,True,False,wall,50.0,29.0,-10.0
1557,82634,83.0,5,91,0.415766,0.5924,True,False,body,50.0,43.0,-10.0
1558,82682,34.0,3,48,0.415566,0.6804,True,False,body,30.0,14.0,-10.0
1559,82735,39.0,3,53,0.415346,0.716,True,False,wall,30.0,19.0,-10.0
1560,82792,45.0,3,57,0.415109,0.9138,True,False,wall,30.0,25.0,-10.0
1561,82816,8.0,1,24,0.41501,0.795,True,False,wall,10.0,8.0,-10.0
1562,82868,47.0,4,52,0.414794,0.6822,True,False,body,40.0,17.0,-10.0
1563,82910,16.0,1,42,0.41462,0.5551,True,False,wall,10.0,16.0,-10.0
1564,82992,89.0,6,82,0.41428,0.5816,True,False,wall,60.0,39.0,-10.0
1565,83080,70.0,3,88,0.413916,0.6037,True,False,body,30.0,50.0,-10.0
1566,83116,8.0,1,36,0.413767,0.6265,True,False,wall,10.0,8.0,-10.0
1567,83208,52.0,3,92,0.413386,0.6027,True,False,body,30.0,32.0,-10.0
1568,83286,61.0,4,78,0.413064,0.644,True,False,body,40.0,31.0,-10.0
1569,83328,24.0,1,42,0.41289,0.558,True,False,wall,10.0,24.0,-10.0
1570,83425,87.0,5,97,0.41249,0.6001,True,False,body,50.0,47.0,-10.0
1571,83441,4.0,1,16,0.412424,0.556,True,False,wall,10.0,4.0,-10.0
1572,83542,91.0,5,101,0.412008,0.6315,True,False,body,50.0,51.0,-10.0
1573,83576,38.0,3,34,0.411868,0.5416,True,False,wall,30.0,18.0,-10.0
1574,83601,33.0,3,25,0.411765,0.6028,True,False,body,30.0,13.0,-10.0
1575,83661,48.0,3,60,0.411518,0.6536,True,False,wall,30.0,28.0,-10.0
1576,83747,74.0,5,86,0.411164,0.5667,True,False,body,50.0,34.0,-10.0
1577,83836,53.0,3,89,0.410798,0.5211,True,False,wall,30.0,33.0,-10.0
1578,83871,41.0,3,35,0.410654,0.54,True,False,body,30.0,21.0,-10.0
1579,83889,-1.0,0,18,0.41058,0.516,True,False,wall,0.0,9.0,-10.0
1580,83916,22.0,2,27,0.41047,0.5278,True,False,wall,20.0,12.0,-10.0
1581,84003,61.0,3,87,0.410113,0.6077,True,False,wall,30.0,41.0,-10.0
1582,84060,67.0,5,57,0.409879,0.5721,True,False,body,50.0,27.0,-10.0
1583,84169,115.0,7,109,0.409432,0.6976,True,False,body,70.0,55.0,-10.0
1584,84183,17.0,2,14,0.409375,0.5602,True,False,wall,20.0,7.0,-10.0
1585,84387,167.0,8,204,0.408541,0.5955,True,False,body,80.0,97.0,-10.0
1586,84401,-1.0,0,14,0.408484,1.0368,True,False,wall,0.0,9.0,-10.0
1587,84461,53.0,4,60,0.408239,0.6424,True,False,body,40.0,23.0,-10.0
1588,84508,20.0,2,47,0.408047,0.6019,True,False,wall,20.0,10.0,-10.0
1589,84544,27.0,2,36,0.4079,0.667,True,False,wall,20.0,17.0,-10.0
1590,84596,46.0,3,52,0.407688,0.93,True,False,body,30.0,26.0,-10.0
1591,84643,49.0,3,47,0.407496,0.781,True,False,body,30.0,29.0,-10.0
1592,84676,26.0,2,33,0.407362,0.6257,True,False,wall,20.0,16.0,-10.0
1593,84735,73.0,5,59,0.407122,0.8028,True,False,wall,50.0,33.0,-10.0
1594,84755,10.0,1,20,0.40704,0.666,True,False,wall,10.0,10.0,-10.0
1595,84841,104.0,7,86,0.40669,0.6534,True,False,body,70.0,44.0,-10.0
1596,84881,46.0,3,40,0.406528,0.6399,True,False,body,30.0,26.0,-10.0
1597,84905,10.0,1,24,0.40643,0.585,True,False,wall,10.0,10.0,-10.0
1598,84970,68.0,4,65,0.406166,0.6012,True,False,body,40.0,38.0,-10.0
1599,85033,53.0,3,63,0.40591,0.5809,True,False,wall,30.0,33.0,-10.0
1600,85061,38.0,3,28,0.405797,0.5331,True,False,body,30.0,18.0,-10.0
1601,85155,45.0,2,94,0.405415,0.5826,True,False,wall,20.0,35.0,-10.0
1602,85211,52.0,3,56,0.405188,0.5998,True,False,body,30.0,32.0,-10.0
1603,85237,10.0,1,26,0.405083,0.608,True,False,wall,10.0,10.0,-10.0
1604,85296,59.0,3,59,0.404844,0.5777,True,False,wall,30.0,39.0,-10.0
1605,85310,10.0,1,14,0.404787,0.628,True,False,wall,10.0,10.0,-10.0
1606,85383,89.0,5,73,0.404492,0.5972,True,False,body,50.0,49.0,-10.0
1607,85415,36.0,3,32,0.404363,0.6589,True,False,wall,30.0,16.0,-10.0
1608,85437,14.0,1,22,0.404274,0.627,True,False,wall,10.0,14.0,-10.0
1609,85493,68.0,5,56,0.404047,0.5942,True,False,body,50.0,28.0,-10.0
1610,85538,46.0,4,45,0.403866,0.7227,True,False,wall,40.0,16.0,-10.0
1611,85620,78.0,5,82,0.403534,0.6255,True,False,body,50.0,38.0,-10.0
1612,85744,107.0,6,124,0.403034,0.804,True,False,body,60.0,57.0,-10.0
1613,85804,44.0,3,60,0.402793,0.7091,True,False,body,30.0,24.0,-10.0
1614,85841,28.0,2,37,0.402644,0.6515,True,False,wall,20.0,18.0,-10.0
1615,85930,89.0,5,89,0.402285,0.6688,True,False,body,50.0,49.0,-10.0
1616,85954,19.0,2,24,0.402189,0.618,True,False,wall,20.0,9.0,-10.0
1617,85973,18.0,2,19,0.402113,0.6021,True,False,wall,20.0,8.0,-10.0
1618,86030,64.0,4,57,0.401883,0.6657,True,False,wall,40.0,34.0,-10.0
1619,86046,10.0,1,16,0.401819,0.5775,True,False,wall,10.0,10.0,-10.0
1620,86090,44.0,3,44,0.401642,0.737,True,False,body,30.0,24.0,-10.0
1621,86122,4.0,1,32,0.401514,0.6378,True,False,wall,10.0,4.0,-10.0
1622,86168,37.0,2,46,0.401329,0.7616,True,False,wall,20.0,27.0,-10.0
1623,86185,15.0,1,17,0.401261,0.7841,True,False,wall,10.0,15.0,-10.0
1624,86211,10.0,1,26,0.401157,0.7014,True,False,wall,10.0,10.0,-10.0
1625,86275,69.0,4,64,0.4009,0.6744,True,False,body,40.0,39.0,-10.0
1626,86302,24.0,2,27,0.400792,0.6595,True,False,wall,20.0,14.0,-10.0
1627,86381,87.0,5,79,0.400475,0.5968,True,False,body,50.0,47.0,-10.0
1628,86413,24.0,1,32,0.400347,0.5788,True,False,wall,10.0,24.0,-10.0
1629,86473,57.0,4,60,0.400107,0.4909,True,False,body,40.0,27.0,-10.0
1630,86484,7.0,1,11,0.400063,0.4948,True,False,wall,10.0,7.0,-10.0
1631,86527,41.0,3,43,0.399891,0.595,True,False,body,30.0,21.0,-10.0
1632,86545,16.0,1,18,0.399819,0.5602,True,False,wall,10.0,16.0,-10.0
1633,86659,116.0,7,114,0.399363,0.6063,True,False,body,70.0,56.0,-10.0
1634,86697,49.0,4,38,0.399212,0.5814,True,False,body,40.0,19.0,-10.0
1635,86727,31.0,2,30,0.399092,0.5415,True,False,wall,20.0,21.0,-10.0
1636,86795,67.0,4,68,0.398821,0.6542,True,False,body,40.0,37.0,-10.0
1637,86813,8.0,1,18,0.398749,0.6982,True,False,wall,10.0,8.0,-10.0
1638,86881,69.0,4,68,0.398478,0.6466,True,False,wall,40.0,39.0,-10.0
1639,86976,114.0,6,95,0.3981,0.6476,True,False,wall,60.0,64.0,-10.0
1640,87019,51.0,3,43,0.397928,0.5789,True,False,wall,30.0,31.0,-10.0
1641,87082,64.0,4,63,0.397678,0.6505,True,False,body,40.0,34.0,-10.0
1642,87170,37.0,2,88,0.397328,0.6019,True,False,wall,20.0,27.0,-10.0
1643,87219,56.0,4,49,0.397133,0.7329,True,False,body,40.0,26.0,-10.0
1644,87291,71.0,4,72,0.396847,0.6303,True,False,body,40.0,41.0,-10.0
1645,87338,58.0,4,47,0.396661,0.7102,True,False,body,40.0,28.0,-10.0
1646,87413,49.0,3,75,0.396364,0.6473,True,False,body,30.0,29.0,-10.0
1647,87523,106.0,7,110,0.395928,0.5879,True,False,body,70.0,46.0,-10.0
1648,87640,131.0,7,117,0.395465,0.6613,True,False,body,70.0,71.0,-10.0
1649,87721,60.0,4,81,0.395145,0.6424,True,False,body,40.0,30.0,-10.0
1650,87735,-5.0,0,14,0.395089,0.6397,True,False,wall,0.0,5.0,-10.0
1651,87814,72.0,4,79,0.394777,0.7105,True,False,body,40.0,42.0,-10.0
1652,87887,83.0,5,73,0.394489,0.6439,True,False,body,50.0,43.0,-10.0
1653,87905,6.0,1,18,0.394418,0.5027,True,False,wall,10.0,6.0,-10.0
1654,87915,6.0,1,10,0.394379,0.5279,True,False,wall,10.0,6.0,-10.0
1655,87944,35.0,3,29,0.394264,0.5376,True,False,body,30.0,15.0,-10.0
1656,87989,34.0,2,45,0.394087,0.536,True,False,wall,20.0,24.0,-10.0
1657,88072,79.0,5,83,0.39376,0.7246,True,False,body,50.0,39.0,-10.0
1658,88160,59.0,4,88,0.393414,0.6827,True,False,body,40.0,29.0,-10.0
1659,88187,11.0,1,27,0.393308,0.9054,True,False,wall,10.0,11.0,-10.0
1660,88206,44.0,4,19,0.393233,0.6432,True,False,wall,40.0,14.0,-10.0
1661,88245,15.0,1,39,0.39308,0.5482,True,False,wall,10.0,15.0,-10.0
1662,88281,60.0,5,36,0.392938,0.6539,True,False,wall,50.0,20.0,-10.0
1663,88325,48.0,3,44,0.392765,0.6312,True,False,body,30.0,28.0,-10.0
1664,88423,80.0,5,98,0.39238,0.8807,True,False,body,50.0,40.0,-10.0
1665,88455,14.0,1,32,0.392255,0.6916,True,False,wall,10.0,14.0,-10.0
1666,88530,75.0,5,75,0.391961,1.0281,True,False,body,50.0,35.0,-10.0
1667,88562,31.0,2,32,0.391835,0.9165,True,False,wall,20.0,21.0,-10.0
1668,88601,26.0,2,39,0.391683,0.7996,True,False,wall,20.0,16.0,-10.0
1669,88655,59.0,4,54,0.391471,0.8376,True,False,wall,40.0,29.0,-10.0
1670,88685,10.0,1,30,0.391354,0.7093,True,False,wall,10.0,10.0,-10.0
1671,88704,-6.0,0,19,0.391279,0.6896,True,False,wall,0.0,4.0,-10.0
1672,88756,61.0,4,52,0.391076,0.6194,True,False,body,40.0,31.0,-10.0
1673,88830,60.0,3,74,0.390787,0.7711,True,False,wall,30.0,40.0,-10.0
1674,88877,53.0,3,47,0.390603,0.713,True,False,body,30.0,33.0,-10.0
1675,88919,35.0,2,42,0.390439,0.7213,True,False,wall,20.0,25.0,-10.0
1676,88971,56.0,3,52,0.390236,0.9803,True,False,wall,30.0,36.0,-10.0
1677,88988,22.0,2,17,0.39017,0.6398,True,False,wall,20.0,12.0,-10.0
1678,89024,27.0,2,36,0.390029,0.5888,True,False,wall,20.0,17.0,-10.0
1679,89104,101.0,6,80,0.389717,0.5037,True,False,body,60.0,51.0,-10.0
1680,89126,14.0,1,22,0.389632,0.5864,True,False,wall,10.0,14.0,-10.0
1681,89144,3.0,0,18,0.389562,0.7592,True,False,wall,0.0,13.0,-10.0
1682,89232,94.0,5,88,0.389219,0.606,True,False,wall,50.0,54.0,-10.0
1683,89287,50.0,4,55,0.389005,0.5473,True,False,body,40.0,20.0,-10.0
1684,89378,108.0,6,91,0.388651,0.6391,True,False,wall,60.0,58.0,-10.0
1685,89420,29.0,2,42,0.388488,0.5764,True,False,wall,20.0,19.0,-10.0
1686,89450,38.0,3,30,0.388371,0.6315,True,False,body,30.0,18.0,-10.0
1687,89475,11.0,1,25,0.388274,0.5305,True,False,wall,10.0,11.0,-10.0
1688,89563,76.0,5,88,0.387933,0.6121,True,False,wall,50.0,36.0,-10.0
1689,89627,62.0,3,64,0.387685,0.8033,True,False,wall,30.0,42.0,-10.0
1690,89688,59.0,3,61,0.387448,0.5631,True,False,wall,30.0,39.0,-10.0
1691,89704,8.0,1,16,0.387386,0.5573,True,False,wall,10.0,8.0,-10.0
1692,89715,-4.0,0,11,0.387344,0.5112,True,False,wall,0.0,6.0,-10.0
1693,89765,52.0,3,50,0.38715,0.5443,True,False,body,30.0,32.0,-10.0
1694,89779,10.0,1,14,0.387096,0.5205,True,False,wall,10.0,10.0,-10.0
1695,89834,60.0,4,55,0.386883,0.661,True,False,body,40.0,30.0,-10.0
1696,89873,67.0,5,39,0.386732,0.5495,True,False,body,50.0,27.0,-10.0
1697,89909,33.0,2,36,0.386593,0.5329,True,False,wall,20.0,23.0,-10.0
1698,90027,124.0,9,118,0.386137,0.6837,True,False,body,90.0,44.0,-10.0
1699,90041,21.0,2,14,0.386083,0.4949,True,False,wall,20.0,11.0,-10.0
1700,90084,45.0,3,43,0.385917,0.6426,True,False,body,30.0,25.0,-10.0
1701,90143,41.0,3,59,0.385689,0.8109,True,False,wall,30.0,21.0,-10.0
1702,90176,25.0,1,33,0.385562,1.0647,True,False,wall,10.0,25.0,-10.0
1703,90187,9.0,1,11,0.38552,0.8554,True,False,wall,10.0,9.0,-10.0
1704,90222,37.0,3,35,0.385385,0.7997,True,False,wall,30.0,17.0,-10.0
1705,90252,14.0,1,30,0.385269,0.6586,True,False,wall,10.0,14.0,-10.0
1706,90274,4.0,1,22,0.385184,0.7435,True,False,wall,10.0,4.0,-10.0
1707,90328,48.0,3,54,0.384976,0.7586,True,False,body,30.0,28.0,-10.0
1708,90371,34.0,2,43,0.384811,0.7283,True,False,wall,20.0,24.0,-10.0
1709,90444,74.0,4,73,0.38453,0.7555,True,False,body,40.0,44.0,-10.0
1710,90472,49.0,4,28,0.384422,0.6686,True,False,wall,40.0,19.0,-10.0
1711,90541,55.0,3,69,0.384157,0.6626,True,False,wall,30.0,35.0,-10.0
1712,90647,104.0,5,106,0.38375,0.5995,True,False,body,50.0,64.0,-10.0
1713,90670,11.0,1,23,0.383662,0.7431,True,False,wall,10.0,11.0,-10.0
1714,90730,76.0,5,60,0.383432,0.6516,True,False,body,50.0,36.0,-10.0
1715,90741,7.0,1,11,0.38339,0.5968,True,False,wall,10.0,7.0,-10.0
1716,90757,17.0,2,16,0.383328,0.6348,True,False,wall,20.0,7.0,-10.0
1717,90819,76.0,5,62,0.383091,0.6401,True,False,wall,50.0,36.0,-10.0
1718,90898,80.0,4,79,0.382788,0.5395,True,False,body,40.0,50.0,-10.0
1719,90992,84.0,5,94,0.382429,0.7044,True,False,body,50.0,44.0,-10.0
1720,91052,78.0,5,60,0.382199,0.6094,True,False,body,50.0,38.0,-10.0
1721,91160,90.0,5,108,0.381787,0.8339,True,False,body,50.0,50.0,-10.0
1722,91197,15.0,1,37,0.381645,0.6996,True,False,wall,10.0,15.0,-10.0
1723,91250,51.0,3,53,0.381443,0.6543,True,False,wall,30.0,31.0,-10.0
1724,91267,0.0,0,17,0.381378,0.7315,True,False,wall,0.0,10.0,-10.0
1725,91347,75.0,4,80,0.381073,0.6654,True,False,body,40.0,45.0,-10.0
1726,91440,67.0,3,93,0.380719,0.6529,True,False,wall,30.0,47.0,-10.0
1727,91507,77.0,5,67,0.380464,0.6917,True,False,body,50.0,37.0,-10.0
1728,91552,35.0,3,45,0.380293,0.7137,True,False,wall,30.0,15.0,-10.0
1729,91579,11.0,1,27,0.38019,0.6204,True,False,wall,10.0,11.0,-10.0
1730,91659,98.0,5,80,0.379886,0.7509,True,False,body,50.0,58.0,-10.0
1731,91736,69.0,3,77,0.379594,0.6649,True,False,body,30.0,49.0,-10.0
1732,91758,8.0,1,22,0.37951,0.6703,True,False,wall,10.0,8.0,-10.0
1733,91825,53.0,3,67,0.379256,0.7547,True,False,body,30.0,33.0,-10.0
1734,91949,137.0,8,124,0.378786,0.6234,True,False,body,80.0,67.0,-10.0
1735,92058,109.0,7,109,0.378374,0.6575,True,False,body,70.0,49.0,-10.0
1736,92111,47.0,3,53,0.378173,0.6139,True,False,wall,30.0,27.0,-10.0
1737,92215,108.0,7,104,0.37778,0.656,True,False,body,70.0,48.0,-10.0
1738,92240,5.0,1,25,0.377686,0.624,True,False,wall,10.0,5.0,-10.0
1739,92255,16.0,2,15,0.377629,0.6231,True,False,wall,20.0,6.0,-10.0
1740,92339,95.0,6,84,0.377312,0.6152,True,False,wall,60.0,45.0,-10.0
1741,92449,92.0,5,110,0.376897,0.6318,True,False,body,50.0,52.0,-10.0
1742,92485,48.0,3,36,0.376761,0.5756,True,False,body,30.0,28.0,-10.0
1743,92606,143.0,9,121,0.376306,0.5776,True,False,body,90.0,63.0,-10.0
1744,92638,25.0,2,32,0.376185,0.6272,True,False,wall,20.0,15.0,-10.0
1745,92692,67.0,4,54,0.375982,0.672,True,False,wall,40.0,37.0,-10.0
1746,92748,54.0,3,56,0.375772,0.563,True,False,body,30.0,34.0,-10.0
1747,92781,45.0,3,33,0.375648,0.5596,True,False,body,30.0,25.0,-10.0
1748,92858,89.0,5,77,0.375359,0.82,True,False,wall,50.0,49.0,-10.0
1749,92913,64.0,4,55,0.375152,0.6287,True,False,body,40.0,34.0,-10.0
1750,92987,103.0,6,74,0.374875,0.6197,True,False,body,60.0,53.0,-10.0
1751,93039,53.0,4,52,0.37468,0.564,True,False,body,40.0,23.0,-10.0
1752,93059,19.0,2,20,0.374605,0.565,True,False,wall,20.0,9.0,-10.0
1753,93129,84.0,5,70,0.374343,0.6695,True,False,wall,50.0,44.0,-10.0
1754,93166,32.0,2,37,0.374204,0.7888,True,False,wall,20.0,22.0,-10.0
1755,93256,105.0,6,90,0.373868,0.7296,True,False,body,60.0,55.0,-10.0
1756,93300,40.0,3,44,0.373703,0.5898,True,False,wall,30.0,20.0,-10.0
1757,93399,65.0,3,99,0.373333,0.6698,True,False,wall,30.0,45.0,-10.0
1758,93511,134.0,7,112,0.372916,0.6767,True,False,wall,70.0,74.0,-10.0
1759,93605,90.0,5,94,0.372565,0.6141,True,False,body,50.0,50.0,-10.0
1760,93648,39.0,3,43,0.372405,0.5534,True,False,wall,30.0,19.0,-10.0
1761,93731,81.0,5,83,0.372096,0.6327,True,False,body,50.0,41.0,-10.0
1762,93851,127.0,8,120,0.37165,0.7779,True,False,body,80.0,57.0,-10.0
1763,93922,49.0,3,71,0.371386,0.737,True,False,body,30.0,29.0,-10.0
1764,93999,105.0,7,77,0.3711,0.6844,True,False,body,70.0,45.0,-10.0
1765,94139,136.0,9,140,0.370581,0.6593,True,False,wall,90.0,56.0,-10.0
1766,94227,82.0,5,88,0.370255,0.7027,True,False,body,50.0,42.0,-10.0
1767,94281,54.0,3,54,0.370055,0.6254,True,False,body,30.0,34.0,-10.0
1768,94311,43.0,4,30,0.369944,0.6109,True,False,wall,40.0,13.0,-10.0
1769,94350,26.0,2,39,0.3698,0.7024,True,False,wall,20.0,16.0,-10.0
1770,94373,13.0,1,23,0.369715,0.7398,True,False,wall,10.0,13.0,-10.0
1771,94406,39.0,3,33,0.369593,0.8811,True,False,body,30.0,19.0,-10.0
1772,94511,116.0,6,105,0.369205,0.7146,True,False,body,60.0,66.0,-10.0
1773,94586,53.0,3,75,0.368928,0.7306,True,False,wall,30.0,33.0,-10.0
1774,94687,90.0,4,101,0.368556,0.6967,True,False,wall,40.0,60.0,-10.0
1775,94768,93.0,5,81,0.368257,0.6643,True,False,wall,50.0,53.0,-10.0
1776,94910,136.0,7,142,0.367735,0.6403,True,False,wall,70.0,76.0,-10.0
1777,94949,35.0,3,39,0.367591,0.6848,True,False,wall,30.0,15.0,-10.0
1778,94985,35.0,2,36,0.367459,0.6256,True,False,wall,20.0,25.0,-10.0
1779,94998,-2.0,0,13,0.367411,0.6956,True,False,wall,0.0,8.0,-10.0
1780,95073,53.0,3,75,0.367136,0.7913,True,False,body,30.0,33.0,-10.0
1781,95106,45.0,3,33,0.367015,0.7202,True,False,wall,30.0,25.0,-10.0
1782,95120,19.0,2,14,0.366963,0.7253,True,False,wall,20.0,9.0,-10.0
1783,95151,25.0,1,31,0.36685,0.7251,True,False,wall,10.0,25.0,-10.0
1784,95176,18.0,2,25,0.366758,0.6122,True,False,wall,20.0,8.0,-10.0
1785,95226,55.0,4,50,0.366575,0.705,True,False,body,40.0,25.0,-10.0
1786,95237,-4.0,0,11,0.366534,0.6832,True,False,wall,0.0,6.0,-10.0
1787,95282,45.0,3,45,0.366369,0.6359,True,False,body,30.0,25.0,-10.0
1788,95326,38.0,3,44,0.366208,0.5778,True,False,wall,30.0,18.0,-10.0
1789,95383,64.0,4,57,0.366,0.7209,True,False,body,40.0,34.0,-10.0
1790,95410,17.0,1,27,0.365901,0.6292,True,False,wall,10.0,17.0,-10.0
1791,95450,29.0,2,40,0.365754,0.5475,True,False,wall,20.0,19.0,-10.0
1792,95508,50.0,3,58,0.365542,0.5912,True,False,wall,30.0,30.0,-10.0
1793,95586,64.0,3,78,0.365257,0.6027,True,False,body,30.0,44.0,-10.0
1794,95666,74.0,5,80,0.364965,0.5985,True,False,body,50.0,34.0,-10.0
1795,95695,2.0,0,29,0.364859,0.5848,True,False,wall,0.0,12.0,-10.0
1796,95795,82.0,5,100,0.364495,0.694,True,False,body,50.0,42.0,-10.0
1797,95916,136.0,8,121,0.364054,0.8341,True,False,body,80.0,66.0,-10.0
1798,95941,13.0,1,25,0.363963,0.6805,True,False,wall,10.0,13.0,-10.0
1799,95952,-4.0,0,11,0.363923,0.717,True,False,wall,0.0,6.0,-10.0
1800,96003,62.0,4,51,0.363737,0.6679,True,False,wall,40.0,32.0,-10.0
1801,96106,73.0,5,103,0.363363,0.6712,True,False,wall,50.0,33.0,-10.0
1802,96140,29.0,2,34,0.363239,0.7081,True,False,wall,20.0,19.0,-10.0
1803,96171,17.0,1,31,0.363127,0.6898,True,False,wall,10.0,17.0,-10.0
1804,96283,86.0,5,112,0.36272,0.6055,True,False,body,50.0,46.0,-10.0
1805,96319,31.0,2,36,0.36259,0.8058,True,False,wall,20.0,21.0,-10.0
1806,96347,47.0,4,28,0.362488,0.9862,True,False,wall,40.0,17.0,-10.0
1807,96361,8.0,1,14,0.362437,0.7692,True,False,wall,10.0,8.0,-10.0
1808,96427,59.0,4,66,0.362198,0.7174,True,False,wall,40.0,29.0,-10.0
1809,96545,105.0,6,118,0.361771,0.6576,True,False,body,60.0,55.0,-10.0
1810,96580,39.0,3,35,0.361645,0.5919,True,False,body,30.0,19.0,-10.0
1811,96618,17.0,2,38,0.361507,0.6559,True,False,wall,20.0,7.0,-10.0
1812,96642,10.0,1,24,0.36142,0.774,True,False,wall,10.0,10.0,-10.0
1813,96660,-7.0,0,18,0.361355,0.7363,True,False,wall,0.0,3.0,-10.0
1814,96696,22.0,1,36,0.361225,0.6341,True,False,wall,10.0,22.0,-10.0
1815,96814,113.0,6,118,0.360799,0.6087,True,False,body,60.0,63.0,-10.0
1816,96856,22.0,1,42,0.360648,0.6195,True,False,wall,10.0,22.0,-10.0
1817,96891,28.0,2,35,0.360522,0.6306,True,False,wall,20.0,18.0,-10.0
1818,96938,50.0,4,47,0.360352,0.6809,True,False,body,40.0,20.0,-10.0
1819,97014,91.0,6,76,0.360078,0.618,True,False,body,60.0,41.0,-10.0
1820,97104,121.0,8,90,0.359755,0.6393,True,False,body,80.0,51.0,-10.0
1821,97169,68.0,4,65,0.359521,0.7526,True,False,body,40.0,38.0,-10.0
1822,97203,42.0,3,34,0.359399,0.7461,True,False,body,30.0,22.0,-10.0
1823,97258,73.0,5,55,0.359201,0.8212,True,False,wall,50.0,33.0,-10.0
1824,97317,49.0,3,59,0.358989,0.9075,True,False,body,30.0,29.0,-10.0
1825,97416,131.0,7,99,0.358634,0.6653,True,False,wall,70.0,71.0,-10.0
1826,97530,144.0,9,114,0.358225,0.7099,True,False,body,90.0,64.0,-10.0
1827,97542,8.0,1,12,0.358182,0.646,True,False,wall,10.0,8.0,-10.0
1828,97580,34.0,3,38,0.358046,0.6802,True,False,wall,30.0,14.0,-10.0
1829,97643,65.0,3,63,0.357821,0.6958,True,False,wall,30.0,45.0,-10.0
1830,97692,51.0,3,49,0.357645,0.7019,True,False,body,30.0,31.0,-10.0
1831,97747,62.0,4,55,0.357449,0.6549,True,False,wall,40.0,32.0,-10.0
1832,97778,21.0,1,31,0.357338,0.6441,True,False,wall,10.0,21.0,-10.0
1833,97865,87.0,5,87,0.357027,0.8512,True,False,wall,50.0,47.0,-10.0
1834,97915,67.0,4,50,0.356849,0.6853,True,False,wall,40.0,37.0,-10.0
1835,97944,39.0,3,29,0.356745,0.7325,True,False,body,30.0,19.0,-10.0
1836,97990,46.0,3,46,0.356581,0.6754,True,False,body,30.0,26.0,-10.0
1837,98040,50.0,3,50,0.356403,0.8008,True,False,body,30.0,30.0,-10.0
1838,98097,55.0,3,57,0.3562,0.6529,True,False,wall,30.0,35.0,-10.0
1839,98150,62.0,4,53,0.356011,0.679,True,False,body,40.0,32.0,-10.0
1840,98194,38.0,3,44,0.355855,0.7122,True,False,body,30.0,18.0,-10.0
1841,98247,67.0,5,53,0.355666,0.6457,True,False,body,50.0,27.0,-10.0
1842,98261,8.0,1,14,0.355616,0.5587,True,False,wall,10.0,8.0,-10.0
1843,98303,33.0,2,42,0.355467,0.7324,True,False,wall,20.0,23.0,-10.0
1844,98329,24.0,1,26,0.355374,0.7558,True,False,wall,10.0,24.0,-10.0
1845,98375,46.0,3,46,0.355211,0.7041,True,False,body,30.0,26.0,-10.0
1846,98465,95.0,6,90,0.354891,0.6585,True,False,body,60.0,45.0,-10.0
1847,98524,47.0,3,59,0.354682,0.779,True,False,wall,30.0,27.0,-10.0
1848,98566,47.0,4,42,0.354533,0.6371,True,False,body,40.0,17.0,-10.0
1849,98614,44.0,3,48,0.354363,0.7118,True,False,body,30.0,24.0,-10.0
1850,98717,112.0,6,103,0.353998,0.6786,True,False,body,60.0,62.0,-10.0
1851,98736,7.0,1,19,0.353931,0.6292,True,False,wall,10.0,7.0,-10.0
1852,98803,83.0,5,67,0.353694,0.6282,True,False,wall,50.0,43.0,-10.0
1853,98870,99.0,7,67,0.353457,0.6325,True,False,wall,70.0,39.0,-10.0
1854,99011,179.0,9,141,0.352959,0.6787,True,False,body,90.0,99.0,-10.0
1855,99048,52.0,4,37,0.352828,0.893,True,False,wall,40.0,22.0,-10.0
1856,99080,14.0,1,32,0.352716,0.721,True,False,wall,10.0,14.0,-10.0
1857,99152,69.0,4,72,0.352462,0.6862,True,False,body,40.0,39.0,-10.0
1858,99217,78.0,4,65,0.352233,0.6625,True,False,body,40.0,48.0,-10.0
1859,99270,74.0,6,53,0.352046,0.6637,True,False,body,60.0,24.0,-10.0
1860,99323,62.0,4,53,0.35186,0.6354,True,False,body,40.0,32.0,-10.0
1861,99380,56.0,4,57,0.351659,0.7445,True,False,body,40.0,26.0,-10.0
1862,99393,2.0,0,13,0.351613,0.8205,True,False,wall,0.0,12.0,-10.0
1863,99463,84.0,5,70,0.351367,0.9377,True,False,body,50.0,44.0,-10.0
1864,99584,129.0,7,121,0.350942,0.6959,True,False,body,70.0,69.0,-10.0
1865,99651,53.0,3,67,0.350707,0.6704,True,False,body,30.0,33.0,-10.0
1866,99703,61.0,4,52,0.350525,0.7069,True,False,body,40.0,31.0,-10.0
1867,99797,107.0,6,94,0.350196,0.7097,True,False,wall,60.0,57.0,-10.0
1868,99840,44.0,2,43,0.350045,0.6002,True,False,wall,20.0,34.0,-10.0
1869,99879,56.0,4,39,0.349909,0.6439,True,False,body,40.0,26.0,-10.0
1870,99903,10.0,1,24,0.349825,0.8002,True,False,wall,10.0,10.0,-10.0
1871,99947,52.0,3,44,0.349671,0.7447,True,False,wall,30.0,32.0,-10.0
1872,99977,18.0,1,30,0.349566,0.8016,True,False,wall,10.0,18.0,-10.0
1873,100000,35.0,2,23,0.349485,0.7635,False,False,budget_cutoff,20.0,15.0,0.0
