episode,env_steps_total,episode_reward,score,survival_steps,epsilon,loss_mean,terminated,truncated,death_reason,fruit_reward_sum,distance_shaping_reward_sum,death_penalty_sum
0,129,-6.0,0,129,0.948775,0.0,True,False,wall,0.0,4.0,-10.0
1,161,-13.0,0,32,0.948472,0.0,True,False,wall,0.0,-3.0,-10.0
2,209,-13.0,0,48,0.948017,0.0,True,False,wall,0.0,-3.0,-10.0
3,240,-10.0,0,31,0.947723,0.0,True,False,wall,0.0,0.0,-10.0
4,319,-12.0,0,79,0.946974,3.5305,True,False,wall,0.0,-2.0,-10.0
5,345,-17.0,0,26,0.946728,54.1853,True,False,wall,0.0,-7.0,-10.0
6,394,-12.0,0,49,0.946264,34.5565,True,False,wall,0.0,-2.0,-10.0
7,420,2.0,1,26,0.946018,3.5752,True,False,wall,10.0,2.0,-10.0
8,442,-17.0,0,22,0.94581,3.442,True,False,wall,0.0,-7.0,-10.0
9,562,-19.0,0,120,0.944676,2.9853,True,False,wall,0.0,-9.0,-10.0
10,578,-15.0,0,16,0.944525,4.267,True,False,wall,0.0,-5.0,-10.0
11,667,-14.0,0,89,0.943685,2.3545,True,False,wall,0.0,-4.0,-10.0
12,688,-16.0,0,21,0.943486,1.2967,True,False,wall,0.0,-6.0,-10.0
13,770,-17.0,0,82,0.942713,1.0034,True,False,wall,0.0,-7.0,-10.0
14,833,-18.0,0,63,0.942119,0.92,True,False,wall,0.0,-8.0,-10.0
15,903,6.0,1,70,0.94146,1.1521,True,False,wall,10.0,6.0,-10.0
16,945,-17.0,0,42,0.941065,1.2519,True,False,wall,0.0,-7.0,-10.0
17,978,-12.0,0,33,0.940754,1.2517,True,False,wall,0.0,-2.0,-10.0
18,1056,-7.0,0,78,0.940021,2.3906,True,False,wall,0.0,3.0,-10.0
19,1074,-19.0,0,18,0.939852,3.0409,True,False,wall,0.0,-9.0,-10.0
20,1166,-15.0,0,92,0.938987,2.1857,True,False,wall,0.0,-5.0,-10.0
21,1219,7.0,1,53,0.93849,1.773,True,False,wall,10.0,7.0,-10.0
22,1269,-4.0,1,50,0.938021,2.2812,True,False,wall,10.0,-4.0,-10.0
23,1335,-19.0,0,66,0.937402,2.217,True,False,wall,0.0,-9.0,-10.0
24,1445,-17.0,0,110,0.936371,2.2965,True,False,wall,0.0,-7.0,-10.0
25,1506,1.0,1,61,0.9358,2.9707,True,False,wall,10.0,1.0,-10.0
26,1522,-5.0,0,16,0.93565,3.8167,True,False,wall,0.0,5.0,-10.0
27,1629,3.0,1,107,0.93465,3.6509,True,False,wall,10.0,3.0,-10.0
28,1646,9.0,1,17,0.934491,4.4064,True,False,wall,10.0,9.0,-10.0
29,1689,-16.0,0,43,0.934089,3.44,True,False,wall,0.0,-6.0,-10.0
30,1727,-17.0,0,38,0.933734,3.95,True,False,wall,0.0,-7.0,-10.0
31,1755,4.0,1,28,0.933473,6.6478,True,False,wall,10.0,4.0,-10.0
32,1809,-11.0,0,54,0.932969,6.7879,True,False,wall,0.0,-1.0,-10.0
33,1823,-21.0,0,14,0.932838,10.6852,True,False,wall,0.0,-11.0,-10.0
34,1840,-12.0,0,17,0.93268,8.514,True,False,wall,0.0,-2.0,-10.0
35,1877,-12.0,0,37,0.932335,5.441,True,False,wall,0.0,-2.0,-10.0
36,1895,-13.0,0,18,0.932167,5.5989,True,False,wall,0.0,-3.0,-10.0
37,1946,1.0,1,51,0.931692,3.726,True,False,wall,10.0,1.0,-10.0
38,1987,-22.0,0,41,0.93131,5.8754,True,False,wall,0.0,-12.0,-10.0
39,2002,-22.0,0,15,0.93117,5.0536,True,False,wall,0.0,-12.0,-10.0
40,2018,-1.0,0,16,0.931021,3.9167,True,False,wall,0.0,9.0,-10.0
41,2068,-19.0,0,50,0.930556,4.6338,True,False,wall,0.0,-9.0,-10.0
42,2087,-18.0,0,19,0.930379,6.7107,True,False,wall,0.0,-8.0,-10.0
43,2117,-1.0,0,30,0.9301,5.0458,True,False,wall,0.0,9.0,-10.0
44,2170,11.0,1,53,0.929607,7.1455,True,False,wall,10.0,11.0,-10.0
45,2195,-16.0,0,25,0.929375,6.1956,True,False,wall,0.0,-6.0,-10.0
46,2209,-9.0,0,14,0.929245,5.0552,True,False,wall,0.0,1.0,-10.0
47,2271,-13.0,0,62,0.928669,5.1456,True,False,wall,0.0,-3.0,-10.0
48,2317,6.0,1,46,0.928242,2.4122,True,False,wall,10.0,6.0,-10.0
49,2336,-18.0,0,19,0.928065,2.9648,True,False,wall,0.0,-8.0,-10.0
50,2355,11.0,1,19,0.927889,2.4421,True,False,wall,10.0,11.0,-10.0
51,2422,-7.0,1,67,0.927267,2.6396,True,False,wall,10.0,-7.0,-10.0
52,2465,-18.0,0,43,0.926869,3.1286,True,False,wall,0.0,-8.0,-10.0
53,2505,-17.0,0,40,0.926498,2.8065,True,False,wall,0.0,-7.0,-10.0
54,2545,-15.0,0,40,0.926128,2.7319,True,False,wall,0.0,-5.0,-10.0
55,2571,8.0,1,26,0.925887,2.3092,True,False,wall,10.0,8.0,-10.0
56,2629,-5.0,0,58,0.92535,1.9736,True,False,wall,0.0,5.0,-10.0
57,2668,1.0,1,39,0.924989,1.9779,True,False,wall,10.0,1.0,-10.0
58,2784,-13.0,0,116,0.923917,1.9757,True,False,wall,0.0,-3.0,-10.0
59,2806,3.0,0,22,0.923714,1.5603,True,False,wall,0.0,13.0,-10.0
60,2843,-8.0,0,37,0.923372,1.7467,True,False,wall,0.0,2.0,-10.0
61,2866,-8.0,0,23,0.923159,1.8038,True,False,wall,0.0,2.0,-10.0
62,2903,-16.0,0,37,0.922818,2.2691,True,False,wall,0.0,-6.0,-10.0
63,3037,4.0,1,134,0.921582,1.627,True,False,wall,10.0,4.0,-10.0
64,3063,-11.0,0,26,0.921343,1.5444,True,False,wall,0.0,-1.0,-10.0
65,3107,-17.0,0,44,0.920937,2.4739,True,False,wall,0.0,-7.0,-10.0
66,3162,-6.0,0,55,0.920431,1.8218,True,False,wall,0.0,4.0,-10.0
67,3192,-21.0,0,30,0.920155,1.9394,True,False,wall,0.0,-11.0,-10.0
68,3224,-4.0,1,32,0.91986,2.2936,True,False,wall,10.0,-4.0,-10.0
69,3279,-10.0,0,55,0.919355,2.2699,True,False,wall,0.0,0.0,-10.0
70,3295,-17.0,0,16,0.919208,2.4147,True,False,wall,0.0,-7.0,-10.0
71,3328,-3.0,1,33,0.918904,2.1031,True,False,wall,10.0,-3.0,-10.0
72,3365,-24.0,0,37,0.918564,1.7346,True,False,wall,0.0,-14.0,-10.0
73,3408,-10.0,0,43,0.918169,1.9912,True,False,wall,0.0,0.0,-10.0
74,3458,-19.0,0,50,0.917711,1.6098,True,False,wall,0.0,-9.0,-10.0
75,3480,-21.0,0,22,0.917509,1.5367,True,False,wall,0.0,-11.0,-10.0
76,3540,-15.0,0,60,0.916958,1.5472,True,False,wall,0.0,-5.0,-10.0
77,3573,-12.0,0,33,0.916656,1.8605,True,False,wall,0.0,-2.0,-10.0
78,3644,-18.0,0,71,0.916005,1.915,True,False,wall,0.0,-8.0,-10.0
79,3692,10.0,1,48,0.915566,1.7706,True,False,wall,10.0,10.0,-10.0
80,3804,17.0,2,112,0.914541,1.7299,True,False,wall,20.0,7.0,-10.0
81,3910,-17.0,0,106,0.913572,1.4188,True,False,wall,0.0,-7.0,-10.0
82,3937,-16.0,0,27,0.913325,1.5025,True,False,wall,0.0,-6.0,-10.0
83,4001,-9.0,0,64,0.912741,1.6785,True,False,wall,0.0,1.0,-10.0
84,4077,15.0,2,76,0.912047,1.5955,True,False,wall,20.0,5.0,-10.0
85,4097,-9.0,0,20,0.911865,1.7424,True,False,wall,0.0,1.0,-10.0
86,4181,-5.0,0,84,0.911099,1.7046,True,False,wall,0.0,5.0,-10.0
87,4257,-19.0,0,76,0.910407,1.4388,True,False,wall,0.0,-9.0,-10.0
88,4374,-9.0,1,117,0.909343,1.3629,True,False,wall,10.0,-9.0,-10.0
89,4441,18.0,2,67,0.908734,1.6764,True,False,wall,20.0,8.0,-10.0
90,4515,-7.0,0,74,0.908061,1.75,True,False,wall,0.0,3.0,-10.0
91,4539,1.0,0,24,0.907843,1.2716,True,False,wall,0.0,11.0,-10.0
92,4573,-7.0,0,34,0.907535,1.3771,True,False,wall,0.0,3.0,-10.0
93,4598,-6.0,0,25,0.907308,1.4614,True,False,wall,0.0,4.0,-10.0
94,4679,-3.0,1,81,0.906573,1.5016,True,False,wall,10.0,-3.0,-10.0
95,4738,-16.0,0,59,0.906039,1.531,True,False,wall,0.0,-6.0,-10.0
96,4784,-17.0,0,46,0.905622,1.6619,True,False,wall,0.0,-7.0,-10.0
97,4879,0.0,0,95,0.904762,1.5346,True,False,wall,0.0,10.0,-10.0
98,5012,5.0,1,133,0.90356,1.8464,True,False,wall,10.0,5.0,-10.0
99,5024,-5.0,0,12,0.903451,1.6043,True,False,wall,0.0,5.0,-10.0
100,5073,-14.0,0,49,0.903009,2.0435,True,False,wall,0.0,-4.0,-10.0
101,5089,-13.0,0,16,0.902864,2.0143,True,False,wall,0.0,-3.0,-10.0
102,5105,-17.0,0,16,0.90272,2.517,True,False,wall,0.0,-7.0,-10.0
103,5136,-8.0,0,31,0.90244,1.9793,True,False,wall,0.0,2.0,-10.0
104,5248,-17.0,0,112,0.90143,1.6452,True,False,wall,0.0,-7.0,-10.0
105,5270,-13.0,0,22,0.901231,1.858,True,False,wall,0.0,-3.0,-10.0
106,5290,-5.0,0,20,0.901051,1.2196,True,False,wall,0.0,5.0,-10.0
107,5335,-12.0,0,45,0.900646,1.4418,True,False,wall,0.0,-2.0,-10.0
108,5482,-12.0,0,147,0.899323,1.5916,True,False,wall,0.0,-2.0,-10.0
109,5652,25.0,2,170,0.897795,1.6675,True,False,wall,20.0,15.0,-10.0
110,5664,4.0,1,12,0.897687,2.077,True,False,wall,10.0,4.0,-10.0
111,5713,5.0,1,49,0.897248,2.1196,True,False,wall,10.0,5.0,-10.0
112,5748,7.0,1,35,0.896934,2.0547,True,False,wall,10.0,7.0,-10.0
113,5839,5.0,1,91,0.896118,1.8838,True,False,wall,10.0,5.0,-10.0
114,5908,-16.0,0,69,0.8955,2.1601,True,False,wall,0.0,-6.0,-10.0
115,5961,0.0,0,53,0.895025,2.2609,True,False,wall,0.0,10.0,-10.0
116,5984,3.0,1,23,0.894819,3.3451,True,False,wall,10.0,3.0,-10.0
117,6007,-20.0,0,23,0.894614,3.5097,True,False,wall,0.0,-10.0,-10.0
118,6048,-16.0,0,41,0.894247,2.8208,True,False,wall,0.0,-6.0,-10.0
119,6076,-17.0,0,28,0.893997,2.3222,True,False,wall,0.0,-7.0,-10.0
120,6127,35.0,3,51,0.893541,1.5767,True,False,body,30.0,15.0,-10.0
121,6178,-18.0,0,51,0.893085,2.4374,True,False,wall,0.0,-8.0,-10.0
122,6226,6.0,1,48,0.892657,2.2617,True,False,wall,10.0,6.0,-10.0
123,6242,-15.0,0,16,0.892514,2.9957,True,False,wall,0.0,-5.0,-10.0
124,6271,0.0,0,29,0.892255,2.1089,True,False,wall,0.0,10.0,-10.0
125,6322,-18.0,0,51,0.8918,2.4088,True,False,wall,0.0,-8.0,-10.0
126,6333,-8.0,0,11,0.891702,2.4366,True,False,wall,0.0,2.0,-10.0
127,6378,7.0,1,45,0.891301,3.5899,True,False,wall,10.0,7.0,-10.0
128,6399,-8.0,0,21,0.891114,3.5367,True,False,wall,0.0,2.0,-10.0
129,6429,-15.0,0,30,0.890846,3.3712,True,False,wall,0.0,-5.0,-10.0
130,6557,-21.0,0,128,0.889707,2.2758,True,False,wall,0.0,-11.0,-10.0
131,6578,-2.0,0,21,0.88952,2.6667,True,False,wall,0.0,8.0,-10.0
132,6603,3.0,1,25,0.889298,3.2462,True,False,wall,10.0,3.0,-10.0
133,6693,-15.0,0,90,0.888498,2.6012,True,False,wall,0.0,-5.0,-10.0
134,6717,-13.0,0,24,0.888284,2.5341,True,False,wall,0.0,-3.0,-10.0
135,6740,-16.0,0,23,0.88808,3.9571,True,False,wall,0.0,-6.0,-10.0
136,6791,-14.0,0,51,0.887627,3.3666,True,False,wall,0.0,-4.0,-10.0
137,6805,-7.0,0,14,0.887503,2.5488,True,False,wall,0.0,3.0,-10.0
138,6865,-17.0,0,60,0.886971,2.2414,True,False,wall,0.0,-7.0,-10.0
139,6882,-16.0,0,17,0.88682,2.3925,True,False,wall,0.0,-6.0,-10.0
140,6956,8.0,1,74,0.886164,3.7481,True,False,wall,10.0,8.0,-10.0
141,6972,-13.0,0,16,0.886022,5.3822,True,False,wall,0.0,-3.0,-10.0
142,7001,-6.0,0,29,0.885765,5.0798,True,False,wall,0.0,4.0,-10.0
143,7051,-17.0,0,50,0.885322,5.4246,True,False,wall,0.0,-7.0,-10.0
144,7110,-16.0,0,59,0.8848,8.6652,True,False,wall,0.0,-6.0,-10.0
145,7228,-11.0,0,118,0.883757,4.2739,True,False,wall,0.0,-1.0,-10.0
146,7254,-7.0,0,26,0.883527,2.5621,True,False,wall,0.0,3.0,-10.0
147,7305,-22.0,0,51,0.883077,2.7299,True,False,wall,0.0,-12.0,-10.0
148,7353,-23.0,0,48,0.882653,3.5752,True,False,wall,0.0,-13.0,-10.0
149,7485,-1.0,0,132,0.881489,4.2832,True,False,wall,0.0,9.0,-10.0
150,7522,13.0,1,37,0.881162,4.2342,True,False,wall,10.0,13.0,-10.0
151,7602,-15.0,0,80,0.880458,3.9151,True,False,wall,0.0,-5.0,-10.0
152,7623,-12.0,0,21,0.880273,5.9595,True,False,wall,0.0,-2.0,-10.0
153,7638,-10.0,0,15,0.880141,26.8693,True,False,wall,0.0,0.0,-10.0
154,7682,-5.0,0,44,0.879754,38.266,True,False,wall,0.0,5.0,-10.0
155,7700,-13.0,0,18,0.879595,13.3903,True,False,wall,0.0,-3.0,-10.0
156,7716,-1.0,0,16,0.879455,10.9178,True,False,wall,0.0,9.0,-10.0
157,7793,13.0,1,77,0.878778,4.9796,True,False,wall,10.0,13.0,-10.0
158,7811,-17.0,0,18,0.87862,4.1124,True,False,wall,0.0,-7.0,-10.0
159,7834,-14.0,0,23,0.878417,3.1371,True,False,wall,0.0,-4.0,-10.0
160,7910,-9.0,0,76,0.87775,3.6273,True,False,wall,0.0,1.0,-10.0
161,7952,-7.0,0,42,0.877382,4.1838,True,False,wall,0.0,3.0,-10.0
162,8021,-18.0,0,69,0.876776,4.3735,True,False,wall,0.0,-8.0,-10.0
163,8050,5.0,1,29,0.876522,7.4799,True,False,wall,10.0,5.0,-10.0
164,8071,-10.0,0,21,0.876338,8.338,True,False,wall,0.0,0.0,-10.0
165,8087,-3.0,0,16,0.876198,5.9327,True,False,wall,0.0,7.0,-10.0
166,8120,-6.0,0,33,0.875909,8.2708,True,False,wall,0.0,4.0,-10.0
167,8179,-1.0,1,59,0.875392,8.45,True,False,wall,10.0,-1.0,-10.0
168,8222,-12.0,0,43,0.875016,6.7386,True,False,wall,0.0,-2.0,-10.0
169,8243,-16.0,0,21,0.874832,8.499,True,False,wall,0.0,-6.0,-10.0
170,8304,-8.0,0,61,0.874299,8.7804,True,False,wall,0.0,2.0,-10.0
171,8355,-10.0,0,51,0.873853,13.9,True,False,wall,0.0,0.0,-10.0
172,8393,-21.0,0,38,0.873521,21.2885,True,False,wall,0.0,-11.0,-10.0
173,8431,0.0,1,38,0.873189,12.0871,True,False,wall,10.0,0.0,-10.0
174,8483,-17.0,0,52,0.872735,8.5563,True,False,wall,0.0,-7.0,-10.0
175,8512,-4.0,0,29,0.872482,7.1047,True,False,wall,0.0,6.0,-10.0
176,8527,3.0,1,15,0.872351,15.9328,True,False,wall,10.0,3.0,-10.0
177,8575,-6.0,1,48,0.871932,13.5183,True,False,wall,10.0,-6.0,-10.0
178,8586,-12.0,0,11,0.871837,12.1968,True,False,wall,0.0,-2.0,-10.0
179,8667,-12.0,0,81,0.871131,12.4679,True,False,wall,0.0,-2.0,-10.0
180,8704,-14.0,0,37,0.870808,13.7766,True,False,wall,0.0,-4.0,-10.0
181,8722,4.0,1,18,0.870652,22.6099,True,False,wall,10.0,4.0,-10.0
182,8818,4.0,1,96,0.869816,40.063,True,False,wall,10.0,4.0,-10.0
183,8858,-7.0,0,40,0.869468,21.6925,True,False,wall,0.0,3.0,-10.0
184,8921,-14.0,0,63,0.868921,16.805,True,False,wall,0.0,-4.0,-10.0
185,8973,-5.0,0,52,0.868469,14.0914,True,False,wall,0.0,5.0,-10.0
186,9020,18.0,2,47,0.868061,18.4038,True,False,wall,20.0,8.0,-10.0
187,9050,-21.0,0,30,0.867801,12.9145,True,False,wall,0.0,-11.0,-10.0
188,9084,-7.0,0,34,0.867506,24.6168,True,False,wall,0.0,3.0,-10.0
189,9103,-14.0,0,19,0.867341,24.5156,True,False,wall,0.0,-4.0,-10.0
190,9131,-13.0,0,28,0.867098,21.0309,True,False,wall,0.0,-3.0,-10.0
191,9178,-16.0,0,47,0.866691,30.2527,True,False,wall,0.0,-6.0,-10.0
192,9196,-5.0,0,18,0.866535,17.8533,True,False,wall,0.0,5.0,-10.0
193,9319,3.0,1,123,0.865469,51.9811,True,False,wall,10.0,3.0,-10.0
194,9366,-16.0,0,47,0.865063,39.6488,True,False,wall,0.0,-6.0,-10.0
195,9427,5.0,1,61,0.864535,27.1786,True,False,wall,10.0,5.0,-10.0
196,9459,-7.0,0,32,0.864259,39.8655,True,False,wall,0.0,3.0,-10.0
197,9541,-5.0,0,82,0.86355,116.9588,True,False,wall,0.0,5.0,-10.0
198,9558,-12.0,0,17,0.863403,109.2974,True,False,wall,0.0,-2.0,-10.0
199,9586,-17.0,0,28,0.863162,91.2562,True,False,wall,0.0,-7.0,-10.0
200,9620,-13.0,0,34,0.862868,70.8807,True,False,wall,0.0,-3.0,-10.0
201,9643,-14.0,0,23,0.86267,55.1595,True,False,wall,0.0,-4.0,-10.0
202,9674,-24.0,0,31,0.862402,34.9449,True,False,wall,0.0,-14.0,-10.0
203,9690,-5.0,0,16,0.862264,39.6694,True,False,wall,0.0,5.0,-10.0
204,9734,-17.0,0,44,0.861885,66.8616,True,False,wall,0.0,-7.0,-10.0
205,9745,-16.0,0,11,0.86179,78.0744,True,False,wall,0.0,-6.0,-10.0
206,9760,-14.0,0,15,0.861661,106.4199,True,False,wall,0.0,-4.0,-10.0
207,9775,-12.0,0,15,0.861532,98.0265,True,False,wall,0.0,-2.0,-10.0
208,9802,-6.0,0,27,0.861299,134.9917,True,False,wall,0.0,4.0,-10.0
209,9859,-18.0,0,57,0.860808,750.829,True,False,wall,0.0,-8.0,-10.0
210,9900,-12.0,0,41,0.860456,406.658,True,False,wall,0.0,-2.0,-10.0
211,9917,-12.0,0,17,0.860309,201.977,True,False,wall,0.0,-2.0,-10.0
212,9929,-21.0,0,12,0.860206,141.5048,True,False,wall,0.0,-11.0,-10.0
213,9957,-7.0,0,28,0.859965,83.6314,True,False,wall,0.0,3.0,-10.0
214,9979,-11.0,0,22,0.859776,62.6676,True,False,wall,0.0,-1.0,-10.0
215,10094,-14.0,0,115,0.858788,40.141,True,False,wall,0.0,-4.0,-10.0
216,10128,-15.0,0,34,0.858496,109.1118,True,False,wall,0.0,-5.0,-10.0
217,10194,-17.0,0,66,0.85793,111.7576,True,False,wall,0.0,-7.0,-10.0
218,10244,-15.0,0,50,0.857501,66.7579,True,False,wall,0.0,-5.0,-10.0
219,10256,-17.0,0,12,0.857398,78.5729,True,False,wall,0.0,-7.0,-10.0
220,10273,-8.0,0,17,0.857252,118.8495,True,False,wall,0.0,2.0,-10.0
221,10353,-19.0,0,80,0.856567,151.8567,True,False,wall,0.0,-9.0,-10.0
222,10506,-14.0,0,153,0.855257,207.662,True,False,wall,0.0,-4.0,-10.0
223,10528,-11.0,0,22,0.855069,250.0138,True,False,wall,0.0,-1.0,-10.0
224,10569,-22.0,0,41,0.854718,764.9174,True,False,wall,0.0,-12.0,-10.0
225,10598,7.0,1,29,0.854471,260.9654,True,False,wall,10.0,7.0,-10.0
226,10619,-16.0,0,21,0.854291,98.4941,True,False,wall,0.0,-6.0,-10.0
227,10652,7.0,1,33,0.854009,81.6709,True,False,wall,10.0,7.0,-10.0
228,10699,-10.0,0,47,0.853608,87.521,True,False,wall,0.0,0.0,-10.0
229,10748,-20.0,0,49,0.85319,263.2175,True,False,wall,0.0,-10.0,-10.0
230,10762,-17.0,0,14,0.85307,349.4513,True,False,wall,0.0,-7.0,-10.0
231,10792,-23.0,0,30,0.852814,240.4708,True,False,wall,0.0,-13.0,-10.0
232,10861,-18.0,0,69,0.852226,600.2403,True,False,wall,0.0,-8.0,-10.0
233,10887,-21.0,0,26,0.852005,827.3017,True,False,wall,0.0,-11.0,-10.0
234,10943,-11.0,0,56,0.851528,246.1863,True,False,wall,0.0,-1.0,-10.0
235,10959,-17.0,0,16,0.851391,227.7661,True,False,wall,0.0,-7.0,-10.0
236,10973,-19.0,0,14,0.851272,312.3293,True,False,wall,0.0,-9.0,-10.0
237,11009,-13.0,0,36,0.850966,475.5173,True,False,wall,0.0,-3.0,-10.0
238,11024,-18.0,0,15,0.850838,413.0272,True,False,wall,0.0,-8.0,-10.0
239,11052,-8.0,1,28,0.8506,316.5536,True,False,wall,10.0,-8.0,-10.0
240,11109,-22.0,0,57,0.850115,845.1866,True,False,wall,0.0,-12.0,-10.0
241,11132,-18.0,0,23,0.84992,697.8846,True,False,wall,0.0,-8.0,-10.0
242,11146,-15.0,0,14,0.849801,399.5189,True,False,wall,0.0,-5.0,-10.0
243,11231,-13.0,1,85,0.849079,634.7779,True,False,wall,10.0,-13.0,-10.0
244,11244,-1.0,1,13,0.848968,1264.4424,True,False,wall,10.0,-1.0,-10.0
245,11261,-10.0,0,17,0.848824,906.947,True,False,wall,0.0,0.0,-10.0
246,11278,-14.0,0,17,0.84868,526.4237,True,False,wall,0.0,-4.0,-10.0
247,11308,-7.0,0,30,0.848425,721.4604,True,False,wall,0.0,3.0,-10.0
248,11360,-1.0,0,52,0.847984,679.4073,True,False,wall,0.0,9.0,-10.0
249,11385,-14.0,0,25,0.847772,934.0294,True,False,wall,0.0,-4.0,-10.0
250,11428,3.0,1,43,0.847408,557.6689,True,False,wall,10.0,3.0,-10.0
251,11486,-15.0,0,58,0.846916,229.9219,True,False,wall,0.0,-5.0,-10.0
252,11512,-15.0,0,26,0.846696,260.4248,True,False,wall,0.0,-5.0,-10.0
253,11583,-20.0,0,71,0.846095,344.4651,True,False,wall,0.0,-10.0,-10.0
254,11606,-6.0,0,23,0.845901,402.7073,True,False,wall,0.0,4.0,-10.0
255,11719,9.0,1,113,0.844945,859.4989,True,False,wall,10.0,9.0,-10.0
256,11730,-10.0,0,11,0.844852,401.5739,True,False,wall,0.0,0.0,-10.0
257,11765,-16.0,0,35,0.844557,297.2562,True,False,wall,0.0,-6.0,-10.0
258,11790,-2.0,0,25,0.844346,324.6082,True,False,wall,0.0,8.0,-10.0
259,11806,-9.0,0,16,0.844211,251.9774,True,False,wall,0.0,1.0,-10.0
260,11854,-13.0,0,48,0.843805,689.1703,True,False,wall,0.0,-3.0,-10.0
261,11877,-18.0,0,23,0.843611,2562.1121,True,False,wall,0.0,-8.0,-10.0
262,11897,-11.0,0,20,0.843443,1345.7402,True,False,wall,0.0,-1.0,-10.0
263,11921,-13.0,0,24,0.84324,590.1177,True,False,wall,0.0,-3.0,-10.0
264,11941,6.0,1,20,0.843072,314.6904,True,False,wall,10.0,6.0,-10.0
265,12002,-2.0,0,61,0.842558,309.8246,True,False,wall,0.0,8.0,-10.0
266,12031,-20.0,0,29,0.842313,348.0625,True,False,wall,0.0,-10.0,-10.0
267,12123,-21.0,0,92,0.841539,495.6881,True,False,wall,0.0,-11.0,-10.0
268,12173,-11.0,0,50,0.841118,875.9598,True,False,wall,0.0,-1.0,-10.0
269,12214,-12.0,0,41,0.840773,634.1602,True,False,wall,0.0,-2.0,-10.0
270,12279,-10.0,0,65,0.840227,2450.0771,True,False,wall,0.0,0.0,-10.0
271,12336,-18.0,0,57,0.839748,553.8891,True,False,wall,0.0,-8.0,-10.0
272,12366,-19.0,0,30,0.839496,349.678,True,False,wall,0.0,-9.0,-10.0
273,12406,-17.0,0,40,0.83916,2419.9668,True,False,wall,0.0,-7.0,-10.0
274,12468,33.0,2,62,0.83864,2114.406,True,False,wall,20.0,23.0,-10.0
275,12658,6.0,1,190,0.837048,205.2025,True,False,wall,10.0,6.0,-10.0
276,12700,12.0,1,42,0.836697,207.8747,True,False,wall,10.0,12.0,-10.0
277,12713,-4.0,0,13,0.836588,217.4601,True,False,wall,0.0,6.0,-10.0
278,12842,-10.0,0,129,0.83551,219.4462,True,False,wall,0.0,0.0,-10.0
279,12894,-3.0,0,52,0.835075,388.2647,True,False,wall,0.0,7.0,-10.0
280,13020,-2.0,1,126,0.834024,459.0516,True,False,wall,10.0,-2.0,-10.0
281,13044,-5.0,0,24,0.833824,643.7949,True,False,wall,0.0,5.0,-10.0
282,13084,-17.0,0,40,0.83349,599.4842,True,False,wall,0.0,-7.0,-10.0
283,13105,-6.0,0,21,0.833315,1048.6569,True,False,wall,0.0,4.0,-10.0
284,13216,12.0,2,111,0.832391,1463.3361,True,False,wall,20.0,2.0,-10.0
285,13313,-4.0,0,97,0.831584,794.5387,True,False,wall,0.0,6.0,-10.0
286,13327,-17.0,0,14,0.831467,804.537,True,False,wall,0.0,-7.0,-10.0
287,13431,-7.0,0,104,0.830603,3458.3009,True,False,wall,0.0,3.0,-10.0
288,13493,-10.0,1,62,0.830088,537.148,True,False,wall,10.0,-10.0,-10.0
289,13541,-17.0,0,48,0.82969,363.1458,True,False,wall,0.0,-7.0,-10.0
290,13560,-4.0,0,19,0.829532,419.283,True,False,wall,0.0,6.0,-10.0
291,13605,-6.0,0,45,0.829159,410.4229,True,False,wall,0.0,4.0,-10.0
292,13644,-16.0,0,39,0.828836,522.6264,True,False,wall,0.0,-6.0,-10.0
293,13675,13.0,1,31,0.828579,854.6032,True,False,wall,10.0,13.0,-10.0
294,13727,-1.0,0,52,0.828148,781.1506,True,False,wall,0.0,9.0,-10.0
295,13753,-11.0,0,26,0.827933,606.9828,True,False,wall,0.0,-1.0,-10.0
296,13820,-8.0,0,67,0.827378,676.9784,True,False,wall,0.0,2.0,-10.0
297,13845,-16.0,0,25,0.827171,1170.0073,True,False,wall,0.0,-6.0,-10.0
298,13900,-10.0,0,55,0.826717,1017.7728,True,False,wall,0.0,0.0,-10.0
299,13969,7.0,1,69,0.826146,707.1679,True,False,wall,10.0,7.0,-10.0
300,14021,0.0,1,52,0.825717,3555.5891,True,False,wall,10.0,0.0,-10.0
301,14109,-9.0,0,88,0.824991,2362.0478,True,False,wall,0.0,1.0,-10.0
302,14150,-12.0,0,41,0.824652,647.3941,True,False,wall,0.0,-2.0,-10.0
303,14251,3.0,1,101,0.82382,426.5578,True,False,wall,10.0,3.0,-10.0
304,14283,-15.0,0,32,0.823556,551.0274,True,False,wall,0.0,-5.0,-10.0
305,14329,3.0,0,46,0.823178,707.4425,True,False,wall,0.0,13.0,-10.0
306,14399,-15.0,0,70,0.822602,666.8756,True,False,wall,0.0,-5.0,-10.0
307,14427,-7.0,0,28,0.822371,870.2147,True,False,wall,0.0,3.0,-10.0
308,14480,-18.0,0,53,0.821936,942.2582,True,False,wall,0.0,-8.0,-10.0
309,14520,-5.0,0,40,0.821607,1035.2379,True,False,wall,0.0,5.0,-10.0
310,14555,-10.0,0,35,0.821319,840.579,True,False,wall,0.0,0.0,-10.0
311,14585,1.0,0,30,0.821073,765.6944,True,False,wall,0.0,11.0,-10.0
312,14668,7.0,1,83,0.820392,807.6338,True,False,wall,10.0,7.0,-10.0
313,14690,-17.0,0,22,0.820211,1369.9665,True,False,wall,0.0,-7.0,-10.0
314,14746,-19.0,0,56,0.819752,3003.0098,True,False,wall,0.0,-9.0,-10.0
315,14805,-16.0,0,59,0.819269,1809.5555,True,False,wall,0.0,-6.0,-10.0
316,14829,-15.0,0,24,0.819072,701.0926,True,False,wall,0.0,-5.0,-10.0
317,14893,15.0,2,64,0.818548,767.6741,True,False,wall,20.0,5.0,-10.0
318,14921,-9.0,0,28,0.818319,1899.8136,True,False,wall,0.0,1.0,-10.0
319,14942,-12.0,0,21,0.818147,1828.6728,True,False,wall,0.0,-2.0,-10.0
320,14968,-9.0,0,26,0.817934,1572.7746,True,False,wall,0.0,1.0,-10.0
321,14988,-5.0,0,20,0.817771,1137.0309,True,False,wall,0.0,5.0,-10.0
322,15063,7.0,1,75,0.817158,2419.563,True,False,wall,10.0,7.0,-10.0
323,15085,-1.0,0,22,0.816978,1258.8508,True,False,wall,0.0,9.0,-10.0
324,15098,-14.0,0,13,0.816872,1050.5314,True,False,wall,0.0,-4.0,-10.0
325,15134,-17.0,0,36,0.816578,1259.9548,True,False,wall,0.0,-7.0,-10.0
326,15195,-4.0,0,61,0.81608,701.9439,True,False,wall,0.0,6.0,-10.0
327,15226,-6.0,0,31,0.815827,722.1909,True,False,wall,0.0,4.0,-10.0
328,15246,-11.0,0,20,0.815664,940.6085,True,False,wall,0.0,-1.0,-10.0
329,15280,4.0,1,34,0.815386,2924.7039,True,False,wall,10.0,4.0,-10.0
330,15354,-21.0,0,74,0.814783,5803.3611,True,False,wall,0.0,-11.0,-10.0
331,15484,-1.0,0,130,0.813725,408.4633,True,False,wall,0.0,9.0,-10.0
332,15500,1.0,0,16,0.813594,372.6673,True,False,wall,0.0,11.0,-10.0
333,15597,12.0,2,97,0.812806,518.9236,True,False,wall,20.0,2.0,-10.0
334,15665,10.0,1,68,0.812253,1513.7413,True,False,wall,10.0,10.0,-10.0
335,15685,-11.0,0,20,0.812091,3365.5579,True,False,wall,0.0,-1.0,-10.0
336,15757,35.0,2,72,0.811506,2699.8251,True,False,wall,20.0,25.0,-10.0
337,15991,10.0,1,234,0.809609,1942.7921,True,False,wall,10.0,10.0,-10.0
338,16023,-3.0,0,32,0.80935,822.51,True,False,wall,0.0,7.0,-10.0
339,16049,-17.0,0,26,0.80914,699.6301,True,False,wall,0.0,-7.0,-10.0
340,16093,-13.0,0,44,0.808784,920.5788,True,False,wall,0.0,-3.0,-10.0
341,16284,22.0,2,191,0.807241,2499.7022,True,False,wall,20.0,12.0,-10.0
342,16310,-15.0,0,26,0.807031,2218.3577,True,False,wall,0.0,-5.0,-10.0
343,16360,-15.0,0,50,0.806628,1715.9226,True,False,wall,0.0,-5.0,-10.0
344,16482,13.0,2,122,0.805644,4837.4946,True,False,wall,20.0,3.0,-10.0
345,16839,11.0,1,357,0.802773,1048.3416,True,False,wall,10.0,11.0,-10.0
346,16881,-7.0,0,42,0.802436,539.2249,True,False,wall,0.0,3.0,-10.0
347,16939,-9.0,0,58,0.801971,620.6163,True,False,wall,0.0,1.0,-10.0
348,16972,-20.0,0,33,0.801706,733.8733,True,False,wall,0.0,-10.0,-10.0
349,17031,8.0,2,59,0.801233,1024.1486,True,False,wall,20.0,-2.0,-10.0
350,17076,-14.0,0,45,0.800873,2318.6595,True,False,wall,0.0,-4.0,-10.0
351,17103,7.0,1,27,0.800656,1863.0595,True,False,wall,10.0,7.0,-10.0
352,17212,-4.0,0,109,0.799784,1691.5986,True,False,wall,0.0,6.0,-10.0
353,17238,24.0,3,26,0.799576,1612.4088,True,False,body,30.0,4.0,-10.0
354,17444,21.0,2,206,0.797931,1358.1822,True,False,wall,20.0,11.0,-10.0
355,17525,-12.0,0,81,0.797285,1542.1132,True,False,wall,0.0,-2.0,-10.0
356,17554,-2.0,0,29,0.797054,1813.6757,True,False,wall,0.0,8.0,-10.0
357,17657,-14.0,0,103,0.796233,3109.583,True,False,wall,0.0,-4.0,-10.0
358,17752,-8.0,0,95,0.795477,1567.427,True,False,wall,0.0,2.0,-10.0
359,17883,39.0,3,131,0.794436,1563.8167,True,False,body,30.0,19.0,-10.0
360,17919,-17.0,0,36,0.79415,1256.9106,True,False,wall,0.0,-7.0,-10.0
361,17951,-5.0,0,32,0.793896,810.5859,True,False,wall,0.0,5.0,-10.0
362,18083,12.0,1,132,0.792848,555.9362,True,False,wall,10.0,12.0,-10.0
363,18104,-4.0,0,21,0.792682,456.6889,True,False,wall,0.0,6.0,-10.0
364,18319,33.0,3,215,0.790979,608.6371,True,False,body,30.0,13.0,-10.0
365,18368,-6.0,0,49,0.790592,1549.5023,True,False,wall,0.0,4.0,-10.0
366,18447,13.0,1,79,0.789968,1037.0104,True,False,wall,10.0,13.0,-10.0
367,18542,9.0,1,95,0.789218,1419.2069,True,False,wall,10.0,9.0,-10.0
368,18685,18.0,2,143,0.78809,1369.6563,True,False,wall,20.0,8.0,-10.0
369,18811,-3.0,0,126,0.787097,666.0378,True,False,wall,0.0,7.0,-10.0
370,18835,-1.0,0,24,0.786909,2079.4205,True,False,wall,0.0,9.0,-10.0
371,18852,-20.0,0,17,0.786775,3095.5615,True,False,wall,0.0,-10.0,-10.0
372,18882,8.0,1,30,0.786539,2802.3332,True,False,wall,10.0,8.0,-10.0
373,19119,34.0,2,237,0.784677,1400.0696,True,False,wall,20.0,24.0,-10.0
374,19193,10.0,1,74,0.784096,1726.7209,True,False,wall,10.0,10.0,-10.0
375,19210,-8.0,0,17,0.783963,1688.2555,True,False,wall,0.0,2.0,-10.0
376,19227,-2.0,0,17,0.78383,2274.6809,True,False,wall,0.0,8.0,-10.0
377,19389,2.0,1,162,0.782561,1275.7291,True,False,wall,10.0,2.0,-10.0
378,19517,46.0,3,128,0.78156,1659.8942,True,False,body,30.0,26.0,-10.0
379,19573,21.0,2,56,0.781122,2564.4603,True,False,wall,20.0,11.0,-10.0
380,19603,-17.0,0,30,0.780888,1800.09,True,False,wall,0.0,-7.0,-10.0
381,19689,27.0,2,86,0.780217,2127.0626,True,False,wall,20.0,17.0,-10.0
382,19727,-17.0,0,38,0.77992,1982.4753,True,False,wall,0.0,-7.0,-10.0
383,19796,-6.0,0,69,0.779383,1866.8873,True,False,wall,0.0,4.0,-10.0
384,19842,-15.0,0,46,0.779024,2619.3876,True,False,wall,0.0,-5.0,-10.0
385,19966,-5.0,0,124,0.778059,3850.7457,True,False,wall,0.0,5.0,-10.0
386,20074,-15.0,0,108,0.777219,3532.5703,True,False,wall,0.0,-5.0,-10.0
387,20086,1.0,0,12,0.777126,812.9123,True,False,wall,0.0,11.0,-10.0
388,20117,-2.0,0,31,0.776885,1297.6365,True,False,wall,0.0,8.0,-10.0
389,20169,-8.0,1,52,0.776481,2715.8841,True,False,wall,10.0,-8.0,-10.0
390,20196,-18.0,0,27,0.776271,5705.7789,True,False,wall,0.0,-8.0,-10.0
391,20272,25.0,2,76,0.775681,6937.8262,True,False,wall,20.0,15.0,-10.0
392,20289,-20.0,0,17,0.77555,2476.115,True,False,wall,0.0,-10.0,-10.0
393,20458,13.0,1,169,0.77424,2125.4298,True,False,wall,10.0,13.0,-10.0
394,20552,17.0,2,94,0.773513,5107.808,True,False,wall,20.0,7.0,-10.0
395,20592,10.0,1,40,0.773203,11361.8193,True,False,wall,10.0,10.0,-10.0
396,20712,-15.0,0,120,0.772276,2911.0824,True,False,wall,0.0,-5.0,-10.0
397,20761,-2.0,0,49,0.771898,1530.6862,True,False,wall,0.0,8.0,-10.0
398,20787,-1.0,0,26,0.771697,2251.4214,True,False,wall,0.0,9.0,-10.0
399,20805,-19.0,0,18,0.771558,4450.1468,True,False,wall,0.0,-9.0,-10.0
400,20866,-10.0,0,61,0.771088,6535.7574,True,False,wall,0.0,0.0,-10.0
401,20886,8.0,1,20,0.770933,6380.0574,True,False,wall,10.0,8.0,-10.0
402,20939,-2.0,0,53,0.770525,5189.2099,True,False,wall,0.0,8.0,-10.0
403,21049,12.0,1,110,0.769678,4790.0644,True,False,wall,10.0,12.0,-10.0
404,21106,-4.0,0,57,0.769239,4256.0895,True,False,wall,0.0,6.0,-10.0
405,21201,29.0,3,95,0.768509,3875.227,True,False,body,30.0,9.0,-10.0
406,21324,-5.0,1,123,0.767564,5051.8279,True,False,wall,10.0,-5.0,-10.0
407,21354,-15.0,0,30,0.767334,3130.1775,True,False,wall,0.0,-5.0,-10.0
408,21393,-8.0,0,39,0.767035,4611.1567,True,False,wall,0.0,2.0,-10.0
409,21423,-7.0,0,30,0.766805,4935.9612,True,False,wall,0.0,3.0,-10.0
410,21525,19.0,2,102,0.766023,4811.4272,True,False,wall,20.0,9.0,-10.0
411,21545,-9.0,0,20,0.76587,5273.4104,True,False,wall,0.0,1.0,-10.0
412,21631,0.0,1,86,0.765211,5086.1307,True,False,wall,10.0,0.0,-10.0
413,21675,8.0,1,44,0.764875,3870.7899,True,False,wall,10.0,8.0,-10.0
414,21855,16.0,1,180,0.763499,5285.0589,True,False,wall,10.0,16.0,-10.0
415,21885,2.0,1,30,0.76327,6863.1771,True,False,wall,10.0,2.0,-10.0
416,21954,3.0,1,69,0.762744,4152.685,True,False,wall,10.0,3.0,-10.0
417,22034,-5.0,0,80,0.762134,5293.1,True,False,wall,0.0,5.0,-10.0
418,22134,-1.0,0,100,0.761372,6920.9371,True,False,wall,0.0,9.0,-10.0
419,22150,10.0,1,16,0.76125,3884.8514,True,False,wall,10.0,10.0,-10.0
420,22192,-7.0,0,42,0.76093,3212.6085,True,False,wall,0.0,3.0,-10.0
421,22219,-6.0,0,27,0.760725,4763.4629,True,False,wall,0.0,4.0,-10.0
422,22241,-13.0,0,22,0.760558,8184.5063,True,False,wall,0.0,-3.0,-10.0
423,22255,-9.0,0,14,0.760451,7619.7342,True,False,wall,0.0,1.0,-10.0
424,22270,0.0,0,15,0.760337,5713.5936,True,False,wall,0.0,10.0,-10.0
425,22293,-10.0,0,23,0.760162,7420.9293,True,False,wall,0.0,0.0,-10.0
426,22307,-13.0,0,14,0.760056,5435.1289,True,False,wall,0.0,-3.0,-10.0
427,22343,12.0,1,36,0.759782,4313.447,True,False,wall,10.0,12.0,-10.0
428,22473,-4.0,1,130,0.758795,8261.562,True,False,wall,10.0,-4.0,-10.0
429,22596,36.0,2,123,0.757863,6213.3619,True,False,wall,20.0,26.0,-10.0
430,22647,-6.0,0,51,0.757476,4916.9228,True,False,wall,0.0,4.0,-10.0
431,22699,8.0,1,52,0.757082,11532.1458,True,False,wall,10.0,8.0,-10.0
432,22788,5.0,1,89,0.756409,9095.5449,True,False,wall,10.0,5.0,-10.0
433,22877,11.0,1,89,0.755736,8289.3009,True,False,wall,10.0,11.0,-10.0
434,23031,28.0,3,154,0.754573,5942.1354,True,False,body,30.0,8.0,-10.0
435,23061,-19.0,0,30,0.754347,22630.8963,True,False,wall,0.0,-9.0,-10.0
436,23133,8.0,1,72,0.753804,7201.5852,True,False,wall,10.0,8.0,-10.0
437,23221,2.0,1,88,0.753141,4410.693,True,False,wall,10.0,2.0,-10.0
438,23259,6.0,1,38,0.752855,5157.5532,True,False,wall,10.0,6.0,-10.0
439,23296,0.0,0,37,0.752576,4351.2389,True,False,wall,0.0,10.0,-10.0
440,23392,12.0,1,96,0.751854,4101.2554,True,False,wall,10.0,12.0,-10.0
441,23408,-3.0,0,16,0.751734,3528.0249,True,False,wall,0.0,7.0,-10.0
442,23471,1.0,1,63,0.75126,3884.2272,True,False,wall,10.0,1.0,-10.0
443,23510,9.0,1,39,0.750967,4262.4074,True,False,wall,10.0,9.0,-10.0
444,23618,7.0,2,108,0.750157,3994.2713,True,False,wall,20.0,-3.0,-10.0
445,23713,9.0,1,95,0.749444,3813.1839,True,False,wall,10.0,9.0,-10.0
446,23966,33.0,3,253,0.747551,4084.4318,True,False,body,30.0,13.0,-10.0
447,24031,-6.0,0,65,0.747065,2888.1912,True,False,wall,0.0,4.0,-10.0
448,24053,6.0,1,22,0.746901,3212.5616,True,False,wall,10.0,6.0,-10.0
449,24147,12.0,1,94,0.746199,4026.063,True,False,wall,10.0,12.0,-10.0
450,24168,5.0,1,21,0.746042,3093.0954,True,False,wall,10.0,5.0,-10.0
451,24202,-3.0,0,34,0.745788,3544.0403,True,False,wall,0.0,7.0,-10.0
452,24286,26.0,3,84,0.745162,3339.4903,True,False,body,30.0,6.0,-10.0
453,24362,18.0,1,76,0.744596,3534.3341,True,False,wall,10.0,18.0,-10.0
454,24423,22.0,2,61,0.744142,3652.5429,True,False,wall,20.0,12.0,-10.0
455,24500,-6.0,0,77,0.743569,2508.8566,True,False,wall,0.0,4.0,-10.0
456,24627,19.0,1,127,0.742626,2835.4212,True,False,wall,10.0,19.0,-10.0
457,24671,10.0,1,44,0.742299,2541.8909,True,False,wall,10.0,10.0,-10.0
458,24802,23.0,1,131,0.741327,2628.4696,True,False,wall,10.0,23.0,-10.0
459,24817,-6.0,0,15,0.741216,2282.5588,True,False,wall,0.0,4.0,-10.0
460,24903,3.0,0,86,0.740579,4179.1691,True,False,wall,0.0,13.0,-10.0
461,25008,13.0,1,105,0.739802,4005.5638,True,False,wall,10.0,13.0,-10.0
462,25065,-4.0,0,57,0.73938,2853.3132,True,False,wall,0.0,6.0,-10.0
463,25150,-1.0,1,85,0.738752,3178.6407,True,False,wall,10.0,-1.0,-10.0
464,25172,10.0,1,22,0.738589,2905.5511,True,False,wall,10.0,10.0,-10.0
465,25228,-1.0,0,56,0.738176,8610.9124,True,False,wall,0.0,9.0,-10.0
466,25287,5.0,1,59,0.73774,8453.1712,True,False,wall,10.0,5.0,-10.0
467,25331,12.0,1,44,0.737416,4194.8377,True,False,wall,10.0,12.0,-10.0
468,25397,-7.0,0,66,0.736929,3083.2045,True,False,wall,0.0,3.0,-10.0
469,25428,-4.0,0,31,0.736701,2662.479,True,False,wall,0.0,6.0,-10.0
470,25498,0.0,1,70,0.736185,2220.6649,True,False,wall,10.0,0.0,-10.0
471,25523,5.0,1,25,0.736001,2726.1926,True,False,wall,10.0,5.0,-10.0
472,25555,13.0,2,32,0.735766,3089.229,True,False,wall,20.0,3.0,-10.0
473,25618,-3.0,1,63,0.735303,4842.3021,True,False,wall,10.0,-3.0,-10.0
474,25693,13.0,1,75,0.734751,2955.0637,True,False,wall,10.0,13.0,-10.0
475,25720,-12.0,0,27,0.734553,2565.9532,True,False,wall,0.0,-2.0,-10.0
476,25776,-5.0,0,56,0.734142,2645.8628,True,False,wall,0.0,5.0,-10.0
477,25822,-1.0,0,46,0.733804,3644.0532,True,False,wall,0.0,9.0,-10.0
478,25847,-12.0,0,25,0.733621,5798.3372,True,False,wall,0.0,-2.0,-10.0
479,25914,24.0,2,67,0.733129,9216.3035,True,False,wall,20.0,14.0,-10.0
480,25930,-3.0,0,16,0.733012,7498.7933,True,False,wall,0.0,7.0,-10.0
481,26051,9.0,1,121,0.732126,1975.238,True,False,wall,10.0,9.0,-10.0
482,26078,7.0,1,27,0.731928,800.1639,True,False,wall,10.0,7.0,-10.0
483,26130,11.0,2,52,0.731547,1037.3491,True,False,wall,20.0,1.0,-10.0
484,26185,-6.0,0,55,0.731145,1585.772,True,False,wall,0.0,4.0,-10.0
485,26240,14.0,2,55,0.730743,1624.9264,True,False,wall,20.0,4.0,-10.0
486,26287,10.0,2,47,0.7304,4675.9574,True,False,wall,20.0,0.0,-10.0
487,26323,-11.0,0,36,0.730137,19895.5854,True,False,wall,0.0,-1.0,-10.0
488,26444,-14.0,0,121,0.729254,11118.721,True,False,wall,0.0,-4.0,-10.0
489,26487,-2.0,0,43,0.72894,3223.1306,True,False,wall,0.0,8.0,-10.0
490,26503,8.0,1,16,0.728824,4070.1621,True,False,wall,10.0,8.0,-10.0
491,26514,-10.0,0,11,0.728744,6387.1386,True,False,wall,0.0,0.0,-10.0
492,26555,0.0,0,41,0.728445,7652.1579,True,False,wall,0.0,10.0,-10.0
493,26571,-5.0,0,16,0.728328,7452.653,True,False,wall,0.0,5.0,-10.0
494,26769,44.0,3,198,0.726888,4679.7404,True,False,wall,30.0,24.0,-10.0
495,26851,31.0,2,82,0.726292,2420.1035,True,False,wall,20.0,21.0,-10.0
496,26921,2.0,1,70,0.725784,6270.6177,True,False,wall,10.0,2.0,-10.0
497,26973,8.0,1,52,0.725406,4928.5577,True,False,wall,10.0,8.0,-10.0
498,27045,-5.0,0,72,0.724884,2162.065,True,False,wall,0.0,5.0,-10.0
499,27163,24.0,1,118,0.724029,1587.6121,True,False,wall,10.0,24.0,-10.0
500,27216,11.0,1,53,0.723646,1959.6763,True,False,wall,10.0,11.0,-10.0
501,27304,31.0,2,88,0.723009,6581.0309,True,False,wall,20.0,21.0,-10.0
502,27361,11.0,1,57,0.722597,6280.849,True,False,wall,10.0,11.0,-10.0
503,27409,-7.0,0,48,0.72225,5202.2752,True,False,wall,0.0,3.0,-10.0
504,27442,9.0,1,33,0.722012,4023.5126,True,False,wall,10.0,9.0,-10.0
505,27514,-3.0,0,72,0.721493,5711.4913,True,False,wall,0.0,7.0,-10.0
506,27531,11.0,1,17,0.72137,5683.7931,True,False,wall,10.0,11.0,-10.0
507,27563,6.0,1,32,0.721139,8551.6439,True,False,wall,10.0,6.0,-10.0
508,27663,51.0,4,100,0.720418,3532.3189,True,False,body,40.0,21.0,-10.0
509,27701,-13.0,0,38,0.720145,4070.9708,True,False,wall,0.0,-3.0,-10.0
510,27805,10.0,1,104,0.719396,2407.4781,True,False,wall,10.0,10.0,-10.0
511,27842,-16.0,0,37,0.71913,2138.6528,True,False,wall,0.0,-6.0,-10.0
512,27875,2.0,0,33,0.718893,4089.062,True,False,wall,0.0,12.0,-10.0
513,27921,19.0,2,46,0.718562,4791.4893,True,False,wall,20.0,9.0,-10.0
514,27959,-13.0,0,38,0.718289,5768.9798,True,False,wall,0.0,-3.0,-10.0
515,28030,5.0,1,71,0.717779,6619.034,True,False,wall,10.0,5.0,-10.0
516,28071,-4.0,0,41,0.717485,5284.89,True,False,wall,0.0,6.0,-10.0
517,28097,1.0,0,26,0.717298,3161.1756,True,False,wall,0.0,11.0,-10.0
518,28120,9.0,1,23,0.717133,1713.0916,True,False,wall,10.0,9.0,-10.0
519,28216,-11.0,0,96,0.716445,1922.8951,True,False,wall,0.0,-1.0,-10.0
520,28257,5.0,1,41,0.716152,2139.084,True,False,wall,10.0,5.0,-10.0
521,28275,-3.0,0,18,0.716023,2710.0188,True,False,wall,0.0,7.0,-10.0
522,28407,4.0,1,132,0.715078,3408.8144,True,False,wall,10.0,4.0,-10.0
523,28506,5.0,1,99,0.714371,2882.0024,True,False,wall,10.0,5.0,-10.0
524,28636,25.0,2,130,0.713443,3335.9788,True,False,wall,20.0,15.0,-10.0
525,28715,16.0,2,79,0.712879,1873.9913,True,False,wall,20.0,6.0,-10.0
526,28889,44.0,3,174,0.71164,2453.4404,True,False,wall,30.0,24.0,-10.0
527,29027,46.0,3,138,0.710658,3266.0136,True,False,body,30.0,26.0,-10.0
528,29078,20.0,2,51,0.710296,7652.4797,True,False,wall,20.0,10.0,-10.0
529,29170,28.0,3,92,0.709643,3220.8001,True,False,wall,30.0,8.0,-10.0
530,29209,11.0,1,39,0.709366,4572.0092,True,False,wall,10.0,11.0,-10.0
531,29303,-11.0,0,94,0.7087,10349.4054,True,False,wall,0.0,-1.0,-10.0
532,29374,15.0,1,71,0.708197,3886.956,True,False,wall,10.0,15.0,-10.0
533,29394,-7.0,0,20,0.708055,5092.429,True,False,wall,0.0,3.0,-10.0
534,29409,-4.0,0,15,0.707949,5219.6579,True,False,wall,0.0,6.0,-10.0
535,29429,-3.0,0,20,0.707807,7315.0025,True,False,wall,0.0,7.0,-10.0
536,29448,9.0,1,19,0.707673,11813.8755,True,False,wall,10.0,9.0,-10.0
537,29483,11.0,1,35,0.707425,11738.2035,True,False,wall,10.0,11.0,-10.0
538,29547,16.0,1,64,0.706973,9521.9751,True,False,wall,10.0,16.0,-10.0
539,29562,-4.0,0,15,0.706867,4637.2396,True,False,wall,0.0,6.0,-10.0
540,29622,-3.0,0,60,0.706443,3323.4977,True,False,wall,0.0,7.0,-10.0
541,29637,0.0,0,15,0.706337,6300.8831,True,False,wall,0.0,10.0,-10.0
542,29671,-15.0,0,34,0.706097,4108.5724,True,False,wall,0.0,-5.0,-10.0
543,29702,-8.0,0,31,0.705878,4974.2461,True,False,wall,0.0,2.0,-10.0
544,29718,-3.0,0,16,0.705765,3838.4473,True,False,wall,0.0,7.0,-10.0
545,29739,-6.0,0,21,0.705617,8797.5069,True,False,wall,0.0,4.0,-10.0
546,29815,-2.0,1,76,0.705081,9540.8117,True,False,wall,10.0,-2.0,-10.0
547,29906,9.0,1,91,0.704439,6270.7903,True,False,wall,10.0,9.0,-10.0
548,29997,7.0,1,91,0.703798,3289.0776,True,False,wall,10.0,7.0,-10.0
549,30040,5.0,1,43,0.703496,4168.922,True,False,wall,10.0,5.0,-10.0
550,30088,-3.0,0,48,0.703158,4463.4171,True,False,wall,0.0,7.0,-10.0
551,30212,25.0,2,124,0.702287,3636.6034,True,False,wall,20.0,15.0,-10.0
552,30246,30.0,3,34,0.702048,4458.9952,True,False,wall,30.0,10.0,-10.0
553,30330,38.0,3,84,0.701459,5806.3956,True,False,body,30.0,18.0,-10.0
554,30388,6.0,1,58,0.701052,3995.6652,True,False,wall,10.0,6.0,-10.0
555,30473,11.0,1,85,0.700456,4166.9212,True,False,wall,10.0,11.0,-10.0
556,30488,7.0,1,15,0.700351,8378.988,True,False,wall,10.0,7.0,-10.0
557,30512,8.0,1,24,0.700183,8230.9131,True,False,wall,10.0,8.0,-10.0
558,30532,-13.0,0,20,0.700043,9166.3326,True,False,wall,0.0,-3.0,-10.0
559,30682,44.0,3,150,0.698994,7109.9853,True,False,body,30.0,24.0,-10.0
560,30804,21.0,2,122,0.698142,26895.3697,True,False,wall,20.0,11.0,-10.0
561,30842,-21.0,0,38,0.697876,5516.0482,True,False,wall,0.0,-11.0,-10.0
562,30913,13.0,1,71,0.697381,2853.7159,True,False,wall,10.0,13.0,-10.0
563,30962,9.0,1,49,0.697039,2424.6441,True,False,wall,10.0,9.0,-10.0
564,31128,27.0,2,166,0.695883,4013.3959,True,False,wall,20.0,17.0,-10.0
565,31184,27.0,2,56,0.695494,4692.0274,True,False,wall,20.0,17.0,-10.0
566,31207,-6.0,0,23,0.695334,4132.0635,True,False,wall,0.0,4.0,-10.0
567,31313,19.0,2,106,0.694597,5693.3523,True,False,wall,20.0,9.0,-10.0
568,31400,34.0,2,87,0.693993,6465.0552,True,False,wall,20.0,24.0,-10.0
569,31472,-3.0,0,72,0.693494,6041.0088,True,False,wall,0.0,7.0,-10.0
570,31499,-5.0,1,27,0.693306,9408.3275,True,False,wall,10.0,-5.0,-10.0
571,31519,-9.0,0,20,0.693168,13631.7843,True,False,wall,0.0,1.0,-10.0
572,31657,25.0,2,138,0.692212,11677.537,True,False,wall,20.0,15.0,-10.0
573,31671,-1.0,0,14,0.692115,5559.0288,True,False,wall,0.0,9.0,-10.0
574,31695,-19.0,0,24,0.691949,14652.9594,True,False,wall,0.0,-9.0,-10.0
575,31759,-1.0,0,64,0.691506,20564.3953,True,False,wall,0.0,9.0,-10.0
576,31810,-8.0,0,51,0.691154,8730.8497,True,False,wall,0.0,2.0,-10.0
577,31832,-3.0,0,22,0.691001,5084.9175,True,False,wall,0.0,7.0,-10.0
578,31860,8.0,1,28,0.690808,4126.4235,True,False,wall,10.0,8.0,-10.0
579,31894,-1.0,0,34,0.690573,4204.0496,True,False,wall,0.0,9.0,-10.0
580,31915,-6.0,0,21,0.690428,4758.6609,True,False,wall,0.0,4.0,-10.0
581,31978,27.0,1,63,0.689993,5958.1942,True,False,wall,10.0,27.0,-10.0
582,32023,-1.0,1,45,0.689683,6417.8093,True,False,wall,10.0,-1.0,-10.0
583,32097,36.0,3,74,0.689173,6592.999,True,False,wall,30.0,16.0,-10.0
584,32243,22.0,3,146,0.688167,6546.9372,True,False,body,30.0,2.0,-10.0
585,32379,-5.0,0,136,0.687232,5934.179,True,False,wall,0.0,5.0,-10.0
586,32430,-6.0,0,51,0.686882,4686.9007,True,False,wall,0.0,4.0,-10.0
587,32523,-4.0,0,93,0.686243,2981.0946,True,False,wall,0.0,6.0,-10.0
588,32640,-4.0,0,117,0.685441,2133.4879,True,False,wall,0.0,6.0,-10.0
589,32679,7.0,1,39,0.685173,1370.7185,True,False,wall,10.0,7.0,-10.0
590,32698,-10.0,0,19,0.685043,1244.0041,True,False,wall,0.0,0.0,-10.0
591,32778,14.0,1,80,0.684495,1208.5205,True,False,wall,10.0,14.0,-10.0
592,32973,47.0,3,195,0.683162,1746.1608,True,False,body,30.0,27.0,-10.0
593,33028,15.0,1,55,0.682786,3012.3383,True,False,wall,10.0,15.0,-10.0
594,33075,-4.0,0,47,0.682466,4090.9845,True,False,wall,0.0,6.0,-10.0
595,33098,5.0,1,23,0.682309,3808.3433,True,False,wall,10.0,5.0,-10.0
596,33112,-3.0,0,14,0.682213,3179.0115,True,False,wall,0.0,7.0,-10.0
597,33126,-5.0,0,14,0.682118,4097.4017,True,False,wall,0.0,5.0,-10.0
598,33267,35.0,3,141,0.681156,4069.497,True,False,wall,30.0,15.0,-10.0
599,33284,9.0,1,17,0.681041,2412.728,True,False,wall,10.0,9.0,-10.0
600,33313,7.0,1,29,0.680843,2379.223,True,False,wall,10.0,7.0,-10.0
601,33399,21.0,2,86,0.680258,1412.2325,True,False,wall,20.0,11.0,-10.0
602,33451,-9.0,0,52,0.679904,1203.7158,True,False,wall,0.0,1.0,-10.0
603,33543,40.0,3,92,0.679279,1029.3964,True,False,wall,30.0,20.0,-10.0
604,33603,23.0,2,60,0.678872,901.1568,True,False,wall,20.0,13.0,-10.0
605,33649,10.0,1,46,0.678559,1042.227,True,False,wall,10.0,10.0,-10.0
606,33766,30.0,2,117,0.677766,827.3413,True,False,wall,20.0,20.0,-10.0
607,33959,1.0,1,193,0.676459,756.3554,True,False,wall,10.0,1.0,-10.0
608,34020,0.0,0,61,0.676047,877.9723,True,False,wall,0.0,10.0,-10.0
609,34073,-6.0,0,53,0.675688,963.5688,True,False,wall,0.0,4.0,-10.0
610,34124,-2.0,0,51,0.675344,2336.8251,True,False,wall,0.0,8.0,-10.0
611,34289,12.0,2,165,0.67423,9322.4654,True,False,wall,20.0,2.0,-10.0
612,34332,23.0,1,43,0.673941,1618.6598,True,False,wall,10.0,23.0,-10.0
613,34488,35.0,2,156,0.67289,2354.5723,True,False,wall,20.0,25.0,-10.0
614,34579,13.0,1,91,0.672278,2467.0408,True,False,wall,10.0,13.0,-10.0
615,34637,-3.0,0,58,0.671888,2899.0339,True,False,wall,0.0,7.0,-10.0
616,34731,10.0,1,94,0.671257,3393.0563,True,False,wall,10.0,10.0,-10.0
617,34820,-14.0,0,89,0.67066,1528.0432,True,False,wall,0.0,-4.0,-10.0
618,34927,49.0,3,107,0.669943,707.685,True,False,body,30.0,29.0,-10.0
619,35013,25.0,2,86,0.669367,858.5649,True,False,wall,20.0,15.0,-10.0
620,35242,26.0,2,229,0.667836,753.8991,True,False,wall,20.0,16.0,-10.0
621,35275,5.0,1,33,0.667615,703.7463,True,False,wall,10.0,5.0,-10.0
622,35335,8.0,1,60,0.667215,1095.5595,True,False,wall,10.0,8.0,-10.0
623,35386,33.0,3,51,0.666875,661.9988,True,False,body,30.0,13.0,-10.0
624,35403,1.0,1,17,0.666761,633.5473,True,False,wall,10.0,1.0,-10.0
625,35466,-2.0,0,63,0.666341,600.1412,True,False,wall,0.0,8.0,-10.0
626,35517,-12.0,0,51,0.666002,546.614,True,False,wall,0.0,-2.0,-10.0
627,35583,4.0,1,66,0.665562,1185.9136,True,False,wall,10.0,4.0,-10.0
628,35672,33.0,3,89,0.66497,609.5813,True,False,body,30.0,13.0,-10.0
629,35752,-7.0,0,80,0.664438,649.093,True,False,wall,0.0,3.0,-10.0
630,35824,44.0,3,72,0.66396,609.6075,True,False,wall,30.0,24.0,-10.0
631,35849,9.0,1,25,0.663794,589.7954,True,False,wall,10.0,9.0,-10.0
632,35914,20.0,2,65,0.663363,448.1289,True,False,wall,20.0,10.0,-10.0
633,35943,5.0,1,29,0.66317,426.9771,True,False,wall,10.0,5.0,-10.0
634,35991,-1.0,0,48,0.662852,829.2539,True,False,wall,0.0,9.0,-10.0
635,36031,23.0,2,40,0.662587,2038.8826,True,False,wall,20.0,13.0,-10.0
636,36179,-3.0,0,148,0.661607,3274.706,True,False,wall,0.0,7.0,-10.0
637,36251,27.0,2,72,0.661131,608.595,True,False,wall,20.0,17.0,-10.0
638,36313,-7.0,0,62,0.660721,543.3744,True,False,wall,0.0,3.0,-10.0
639,36351,4.0,1,38,0.66047,701.1935,True,False,wall,10.0,4.0,-10.0
640,36404,-2.0,0,53,0.66012,964.5385,True,False,wall,0.0,8.0,-10.0
641,36467,18.0,2,63,0.659704,911.2131,True,False,wall,20.0,8.0,-10.0
642,36638,38.0,2,171,0.658577,1663.1818,True,False,wall,20.0,28.0,-10.0
643,36657,7.0,1,19,0.658452,1926.228,True,False,wall,10.0,7.0,-10.0
644,36675,-15.0,0,18,0.658334,1102.4738,True,False,wall,0.0,-5.0,-10.0
645,36717,10.0,1,42,0.658057,829.1096,True,False,wall,10.0,10.0,-10.0
646,36797,10.0,1,80,0.657531,510.7039,True,False,wall,10.0,10.0,-10.0
647,36846,12.0,2,49,0.657209,519.2779,True,False,wall,20.0,2.0,-10.0
648,36877,2.0,0,31,0.657005,591.7622,True,False,wall,0.0,12.0,-10.0
649,36908,-8.0,0,31,0.656802,610.7098,True,False,wall,0.0,2.0,-10.0
650,36999,21.0,1,91,0.656204,1225.0335,True,False,wall,10.0,21.0,-10.0
651,37252,36.0,2,253,0.654546,1879.4579,True,False,wall,20.0,26.0,-10.0
652,37489,29.0,3,237,0.652997,2478.7901,True,False,wall,30.0,9.0,-10.0
653,37561,14.0,1,72,0.652527,698.1299,True,False,wall,10.0,14.0,-10.0
654,37591,-7.0,0,30,0.652331,965.7374,True,False,wall,0.0,3.0,-10.0
655,37641,-5.0,0,50,0.652005,901.1234,True,False,wall,0.0,5.0,-10.0
656,37758,24.0,2,117,0.651242,1116.8468,True,False,wall,20.0,14.0,-10.0
657,37771,11.0,1,13,0.651158,2422.8302,True,False,wall,10.0,11.0,-10.0
658,37802,15.0,1,31,0.650956,2071.2872,True,False,wall,10.0,15.0,-10.0
659,37840,-9.0,0,38,0.650709,1261.1224,True,False,wall,0.0,1.0,-10.0
660,37907,45.0,3,67,0.650273,1265.5304,True,False,wall,30.0,25.0,-10.0
661,37956,15.0,1,49,0.649954,624.3194,True,False,wall,10.0,15.0,-10.0
662,38115,2.0,0,159,0.648922,1318.3351,True,False,wall,0.0,12.0,-10.0
663,38146,24.0,2,31,0.648721,1785.1314,True,False,wall,20.0,14.0,-10.0
664,38160,-5.0,0,14,0.64863,2004.8718,True,False,wall,0.0,5.0,-10.0
665,38277,17.0,1,117,0.647871,2658.9171,True,False,wall,10.0,17.0,-10.0
666,38353,15.0,2,76,0.647379,3375.7096,True,False,wall,20.0,5.0,-10.0
667,38545,48.0,3,192,0.646137,543.0265,True,False,body,30.0,28.0,-10.0
668,38589,10.0,1,44,0.645853,435.4277,True,False,wall,10.0,10.0,-10.0
669,38784,37.0,3,195,0.644595,697.6968,True,False,body,30.0,17.0,-10.0
670,38804,6.0,1,20,0.644466,572.6598,True,False,wall,10.0,6.0,-10.0
671,38961,49.0,3,157,0.643455,689.5986,True,False,wall,30.0,29.0,-10.0
672,39050,32.0,2,89,0.642883,627.5238,True,False,wall,20.0,22.0,-10.0
673,39168,22.0,1,118,0.642124,1952.9795,True,False,wall,10.0,22.0,-10.0
674,39252,10.0,1,84,0.641585,1022.5784,True,False,wall,10.0,10.0,-10.0
675,39277,-2.0,0,25,0.641425,614.75,True,False,wall,0.0,8.0,-10.0
676,39421,16.0,1,144,0.640502,504.1823,True,False,wall,10.0,16.0,-10.0
677,39455,10.0,1,34,0.640284,393.4386,True,False,wall,10.0,10.0,-10.0
678,39558,39.0,3,103,0.639625,656.4177,True,False,body,30.0,19.0,-10.0
679,39738,35.0,2,180,0.638475,468.0915,True,False,wall,20.0,25.0,-10.0
680,39806,-1.0,0,68,0.638041,626.8794,True,False,wall,0.0,9.0,-10.0
681,39844,8.0,1,38,0.637798,336.4181,True,False,wall,10.0,8.0,-10.0
682,39919,5.0,1,75,0.63732,236.2018,True,False,wall,10.0,5.0,-10.0
683,39977,-5.0,0,58,0.636951,240.679,True,False,wall,0.0,5.0,-10.0
684,40009,2.0,1,32,0.636747,360.195,True,False,wall,10.0,2.0,-10.0
685,40170,-3.0,1,161,0.635722,186.1784,True,False,wall,10.0,-3.0,-10.0
686,40193,14.0,2,23,0.635576,174.5614,True,False,wall,20.0,4.0,-10.0
687,40317,44.0,3,124,0.634789,183.6958,True,False,body,30.0,24.0,-10.0
688,40453,46.0,3,136,0.633926,232.037,True,False,wall,30.0,26.0,-10.0
689,40535,25.0,2,82,0.633406,317.8092,True,False,wall,20.0,15.0,-10.0
690,40601,4.0,1,66,0.632988,760.9601,True,False,wall,10.0,4.0,-10.0
691,40646,28.0,2,45,0.632704,1789.5086,True,False,wall,20.0,18.0,-10.0
692,40696,-9.0,0,50,0.632387,1318.8637,True,False,wall,0.0,1.0,-10.0
693,40720,-7.0,0,24,0.632236,1710.27,True,False,wall,0.0,3.0,-10.0
694,40790,32.0,3,70,0.631793,4730.4053,True,False,wall,30.0,12.0,-10.0
695,40957,16.0,2,167,0.630739,388.633,True,False,wall,20.0,6.0,-10.0
696,41040,11.0,1,83,0.630216,245.8062,True,False,wall,10.0,11.0,-10.0
697,41064,-9.0,0,24,0.630064,188.2362,True,False,wall,0.0,1.0,-10.0
698,41201,55.0,3,137,0.629202,146.9802,True,False,wall,30.0,35.0,-10.0
699,41242,-6.0,0,41,0.628944,216.5519,True,False,wall,0.0,4.0,-10.0
700,41311,11.0,1,69,0.62851,258.4123,True,False,wall,10.0,11.0,-10.0
701,41346,-4.0,0,35,0.62829,268.4554,True,False,wall,0.0,6.0,-10.0
702,41360,-2.0,1,14,0.628202,248.2025,True,False,wall,10.0,-2.0,-10.0
703,41419,25.0,1,59,0.627832,176.41,True,False,wall,10.0,25.0,-10.0
704,41491,29.0,2,72,0.62738,139.1361,True,False,wall,20.0,19.0,-10.0
705,41521,1.0,0,30,0.627192,84.7706,True,False,wall,0.0,11.0,-10.0
706,41568,-4.0,0,47,0.626897,114.4322,True,False,wall,0.0,6.0,-10.0
707,41611,-6.0,0,43,0.626627,117.7501,True,False,wall,0.0,4.0,-10.0
708,41663,-5.0,0,52,0.626302,114.1492,True,False,wall,0.0,5.0,-10.0
709,41779,33.0,2,116,0.625575,162.8916,True,False,wall,20.0,23.0,-10.0
710,41868,-14.0,0,89,0.625019,230.3689,True,False,wall,0.0,-4.0,-10.0
711,41885,7.0,1,17,0.624913,321.4246,True,False,wall,10.0,7.0,-10.0
712,41953,18.0,1,68,0.624488,214.5459,True,False,wall,10.0,18.0,-10.0
713,42099,14.0,1,146,0.623577,289.9298,True,False,wall,10.0,14.0,-10.0
714,42116,-2.0,0,17,0.623471,161.4332,True,False,wall,0.0,8.0,-10.0
715,42160,8.0,1,44,0.623197,155.3897,True,False,wall,10.0,8.0,-10.0
716,42191,5.0,1,31,0.623003,139.7503,True,False,wall,10.0,5.0,-10.0
717,42224,0.0,0,33,0.622798,190.6609,True,False,wall,0.0,10.0,-10.0
718,42274,21.0,2,50,0.622487,143.2008,True,False,wall,20.0,11.0,-10.0
719,42347,30.0,2,73,0.622032,226.6141,True,False,wall,20.0,20.0,-10.0
720,42720,39.0,3,373,0.619716,756.4467,True,False,wall,30.0,19.0,-10.0
721,42773,14.0,2,53,0.619388,128.6815,True,False,wall,20.0,4.0,-10.0
722,42801,-5.0,0,28,0.619215,124.2507,True,False,wall,0.0,5.0,-10.0
723,42843,2.0,1,42,0.618955,68.9625,True,False,wall,10.0,2.0,-10.0
724,43038,34.0,2,195,0.617749,59.4469,True,False,wall,20.0,24.0,-10.0
725,43070,-13.0,0,32,0.617551,41.6076,True,False,wall,0.0,-3.0,-10.0
726,43103,33.0,3,33,0.617347,41.0493,True,False,wall,30.0,13.0,-10.0
727,43171,13.0,2,68,0.616928,48.7482,True,False,wall,20.0,3.0,-10.0
728,43375,25.0,2,204,0.615671,115.7895,True,False,wall,20.0,15.0,-10.0
729,43480,46.0,4,105,0.615024,217.5775,True,False,body,40.0,16.0,-10.0
730,43515,-22.0,0,35,0.614809,2217.5505,True,False,wall,0.0,-12.0,-10.0
731,43608,33.0,3,93,0.614238,2794.2751,True,False,body,30.0,13.0,-10.0
732,43652,-1.0,0,44,0.613967,207.0298,True,False,wall,0.0,9.0,-10.0
733,43676,2.0,1,24,0.61382,136.426,True,False,wall,10.0,2.0,-10.0
734,43720,-15.0,0,44,0.61355,91.1026,True,False,wall,0.0,-5.0,-10.0
735,43731,-14.0,0,11,0.613483,96.301,True,False,wall,0.0,-4.0,-10.0
736,43814,14.0,2,83,0.612974,110.0474,True,False,wall,20.0,4.0,-10.0
737,43855,0.0,0,41,0.612722,176.5451,True,False,wall,0.0,10.0,-10.0
738,43915,6.0,1,60,0.612355,277.8053,True,False,wall,10.0,6.0,-10.0
739,43931,-9.0,0,16,0.612257,127.0051,True,False,wall,0.0,1.0,-10.0
740,43942,-2.0,0,11,0.61219,82.1508,True,False,wall,0.0,8.0,-10.0
741,43996,-3.0,0,54,0.611859,122.9163,True,False,wall,0.0,7.0,-10.0
742,44031,1.0,1,35,0.611645,114.6596,True,False,wall,10.0,1.0,-10.0
743,44088,-1.0,1,57,0.611296,100.2515,True,False,wall,10.0,-1.0,-10.0
744,44236,58.0,3,148,0.610392,131.1936,True,False,wall,30.0,38.0,-10.0
745,44281,-2.0,0,45,0.610118,97.79,True,False,wall,0.0,8.0,-10.0
746,44316,7.0,1,35,0.609904,115.4462,True,False,wall,10.0,7.0,-10.0
747,44394,8.0,1,78,0.609429,499.0479,True,False,wall,10.0,8.0,-10.0
748,44419,-8.0,0,25,0.609276,351.1338,True,False,wall,0.0,2.0,-10.0
749,44438,-2.0,0,19,0.609161,228.2488,True,False,wall,0.0,8.0,-10.0
750,44447,7.0,1,9,0.609106,111.1356,True,False,wall,10.0,7.0,-10.0
751,44492,3.0,1,45,0.608832,214.8089,True,False,wall,10.0,3.0,-10.0
752,44566,42.0,3,74,0.608381,186.3189,True,False,wall,30.0,22.0,-10.0
753,44603,-1.0,1,37,0.608156,136.0929,True,False,wall,10.0,-1.0,-10.0
754,44614,-8.0,0,11,0.608089,64.3605,True,False,wall,0.0,2.0,-10.0
755,44641,13.0,1,27,0.607925,124.54,True,False,wall,10.0,13.0,-10.0
756,44660,33.0,3,19,0.60781,58.4801,True,False,wall,30.0,13.0,-10.0
757,44700,-1.0,0,40,0.607567,71.0783,True,False,wall,0.0,9.0,-10.0
758,44730,-7.0,0,30,0.607384,42.998,True,False,wall,0.0,3.0,-10.0
759,44782,8.0,1,52,0.607069,43.2779,True,False,wall,10.0,8.0,-10.0
760,44797,-4.0,0,15,0.606978,39.5115,True,False,wall,0.0,6.0,-10.0
761,44884,17.0,1,87,0.60645,39.4889,True,False,wall,10.0,17.0,-10.0
762,44972,6.0,1,88,0.605916,29.2286,True,False,wall,10.0,6.0,-10.0
763,44987,-10.0,0,15,0.605825,24.6013,True,False,wall,0.0,0.0,-10.0
764,45046,12.0,2,59,0.605468,30.0877,True,False,wall,20.0,2.0,-10.0
765,45185,27.0,3,139,0.604627,32.2024,True,False,body,30.0,7.0,-10.0
766,45277,12.0,1,92,0.604071,63.3227,True,False,wall,10.0,12.0,-10.0
767,45368,28.0,2,91,0.603522,93.8884,True,False,wall,20.0,18.0,-10.0
768,45424,10.0,1,56,0.603184,252.1234,True,False,wall,10.0,10.0,-10.0
769,45545,41.0,3,121,0.602454,78.2984,True,False,body,30.0,21.0,-10.0
770,45642,20.0,2,97,0.60187,42.5492,True,False,wall,20.0,10.0,-10.0
771,45729,17.0,1,87,0.601347,37.668,True,False,wall,10.0,17.0,-10.0
772,45775,10.0,1,46,0.60107,30.9798,True,False,wall,10.0,10.0,-10.0
773,45876,22.0,2,101,0.600464,32.7829,True,False,wall,20.0,12.0,-10.0
774,45915,0.0,0,39,0.600229,21.0254,True,False,wall,0.0,10.0,-10.0
775,45929,-7.0,0,14,0.600145,19.4924,True,False,wall,0.0,3.0,-10.0
776,45983,10.0,1,54,0.599821,21.0864,True,False,wall,10.0,10.0,-10.0
777,46062,5.0,1,79,0.599348,20.0438,True,False,wall,10.0,5.0,-10.0
778,46138,34.0,3,76,0.598892,19.1198,True,False,body,30.0,14.0,-10.0
779,46234,38.0,3,96,0.598318,14.9389,True,False,wall,30.0,18.0,-10.0
780,46410,38.0,3,176,0.597266,15.1553,True,False,body,30.0,18.0,-10.0
781,46457,17.0,1,47,0.596985,17.6573,True,False,wall,10.0,17.0,-10.0
782,46609,57.0,4,152,0.596078,14.6109,True,False,wall,40.0,27.0,-10.0
783,46835,20.0,3,226,0.594733,12.7341,True,False,wall,30.0,0.0,-10.0
784,46876,2.0,0,41,0.594489,12.4934,True,False,wall,0.0,12.0,-10.0
785,46909,-10.0,0,33,0.594293,12.0198,True,False,wall,0.0,0.0,-10.0
786,46978,39.0,3,69,0.593883,10.3363,True,False,wall,30.0,19.0,-10.0
787,47004,15.0,2,26,0.593728,9.2401,True,False,wall,20.0,5.0,-10.0
788,47020,-9.0,0,16,0.593633,11.8962,True,False,wall,0.0,1.0,-10.0
789,47071,11.0,1,51,0.593331,12.5048,True,False,wall,10.0,11.0,-10.0
790,47098,11.0,1,27,0.593171,10.8935,True,False,wall,10.0,11.0,-10.0
791,47121,5.0,1,23,0.593034,10.0796,True,False,wall,10.0,5.0,-10.0
792,47225,48.0,3,104,0.592418,11.0275,True,False,wall,30.0,28.0,-10.0
793,47276,11.0,1,51,0.592116,12.7501,True,False,wall,10.0,11.0,-10.0
794,47376,33.0,2,100,0.591524,13.0636,True,False,wall,20.0,23.0,-10.0
795,47428,19.0,2,52,0.591216,10.1301,True,False,wall,20.0,9.0,-10.0
796,47524,37.0,2,96,0.590649,8.7566,True,False,wall,20.0,27.0,-10.0
797,47539,-4.0,0,15,0.59056,20.2882,True,False,wall,0.0,6.0,-10.0
798,47621,21.0,2,82,0.590076,10.0469,True,False,wall,20.0,11.0,-10.0
799,47663,42.0,3,42,0.589829,26.033,True,False,wall,30.0,22.0,-10.0
800,47724,37.0,3,61,0.589469,11.7912,True,False,body,30.0,17.0,-10.0
801,47744,6.0,1,20,0.589351,9.7494,True,False,wall,10.0,6.0,-10.0
802,47757,-14.0,0,13,0.589274,9.1977,True,False,wall,0.0,-4.0,-10.0
803,47774,-16.0,0,17,0.589174,9.074,True,False,wall,0.0,-6.0,-10.0
804,47830,40.0,3,56,0.588844,14.4976,True,False,body,30.0,20.0,-10.0
805,47919,49.0,3,89,0.588321,12.4871,True,False,wall,30.0,29.0,-10.0
806,47935,10.0,1,16,0.588226,14.5035,True,False,wall,10.0,10.0,-10.0
807,47947,-11.0,0,12,0.588156,9.6285,True,False,wall,0.0,-1.0,-10.0
808,48103,46.0,3,156,0.587239,21.8181,True,False,wall,30.0,26.0,-10.0
809,48157,29.0,2,54,0.586922,23.1702,True,False,wall,20.0,19.0,-10.0
810,48205,16.0,1,48,0.58664,36.5767,True,False,wall,10.0,16.0,-10.0
811,48302,22.0,2,97,0.586072,28.0334,True,False,wall,20.0,12.0,-10.0
812,48397,51.0,3,95,0.585515,18.1854,True,False,body,30.0,31.0,-10.0
813,48457,10.0,1,60,0.585164,15.645,True,False,wall,10.0,10.0,-10.0
814,48474,9.0,1,17,0.585064,15.0264,True,False,wall,10.0,9.0,-10.0
815,48541,17.0,1,67,0.584673,20.1468,True,False,wall,10.0,17.0,-10.0
816,48582,0.0,0,41,0.584433,11.7737,True,False,wall,0.0,10.0,-10.0
817,48605,-10.0,0,23,0.584299,12.6643,True,False,wall,0.0,0.0,-10.0
818,48614,-8.0,0,9,0.584246,13.9444,True,False,wall,0.0,2.0,-10.0
819,48733,47.0,3,119,0.583551,18.8194,True,False,body,30.0,27.0,-10.0
820,48799,44.0,3,66,0.583166,13.0079,True,False,body,30.0,24.0,-10.0
821,48868,13.0,1,69,0.582764,11.7877,True,False,wall,10.0,13.0,-10.0
822,48915,-6.0,0,47,0.58249,13.9979,True,False,wall,0.0,4.0,-10.0
823,48949,-3.0,0,34,0.582292,15.4053,True,False,wall,0.0,7.0,-10.0
824,48970,0.0,0,21,0.58217,17.4972,True,False,wall,0.0,10.0,-10.0
825,48985,-4.0,0,15,0.582082,19.7347,True,False,wall,0.0,6.0,-10.0
826,49074,-8.0,0,89,0.581565,12.5774,True,False,wall,0.0,2.0,-10.0
827,49141,39.0,3,67,0.581175,14.8015,True,False,wall,30.0,19.0,-10.0
828,49177,-5.0,0,36,0.580966,23.1074,True,False,wall,0.0,5.0,-10.0
829,49281,21.0,2,104,0.580362,156.4432,True,False,wall,20.0,11.0,-10.0
830,49365,-3.0,0,84,0.579875,18.0722,True,False,wall,0.0,7.0,-10.0
831,49395,10.0,1,30,0.579701,11.0164,True,False,wall,10.0,10.0,-10.0
832,49468,19.0,1,73,0.579278,10.5634,True,False,wall,10.0,19.0,-10.0
833,49532,4.0,1,64,0.578907,7.9795,True,False,wall,10.0,4.0,-10.0
834,49759,10.0,2,227,0.577594,6.9055,True,False,wall,20.0,0.0,-10.0
835,49936,23.0,1,177,0.576573,8.3435,True,False,wall,10.0,23.0,-10.0
836,49998,22.0,1,62,0.576216,7.4547,True,False,wall,10.0,22.0,-10.0
837,50088,21.0,2,90,0.575697,8.6736,True,False,wall,20.0,11.0,-10.0
838,50172,6.0,1,84,0.575214,9.4701,True,False,wall,10.0,6.0,-10.0
839,50210,8.0,1,38,0.574995,17.3171,True,False,wall,10.0,8.0,-10.0
840,50250,-9.0,0,40,0.574765,25.628,True,False,wall,0.0,1.0,-10.0
841,50303,28.0,2,53,0.574461,57.4654,True,False,wall,20.0,18.0,-10.0
842,50358,-12.0,0,55,0.574145,35.318,True,False,wall,0.0,-2.0,-10.0
843,50372,1.0,0,14,0.574065,22.9022,True,False,wall,0.0,11.0,-10.0
844,50503,26.0,2,131,0.573313,16.8287,True,False,wall,20.0,16.0,-10.0
845,50542,11.0,1,39,0.57309,14.1022,True,False,wall,10.0,11.0,-10.0
846,50562,-5.0,0,20,0.572975,12.6443,True,False,wall,0.0,5.0,-10.0
847,50646,39.0,2,84,0.572494,9.7305,True,False,wall,20.0,29.0,-10.0
848,50681,14.0,2,35,0.572294,8.2013,True,False,wall,20.0,4.0,-10.0
849,50744,36.0,2,63,0.571933,9.8204,True,False,wall,20.0,26.0,-10.0
850,50799,18.0,2,55,0.571619,9.7057,True,False,wall,20.0,8.0,-10.0
851,50849,6.0,1,50,0.571333,12.0653,True,False,wall,10.0,6.0,-10.0
852,50880,5.0,1,31,0.571156,11.1784,True,False,wall,10.0,5.0,-10.0
853,50908,-11.0,0,28,0.570996,11.5614,True,False,wall,0.0,-1.0,-10.0
854,50931,5.0,1,23,0.570865,11.2181,True,False,wall,10.0,5.0,-10.0
855,50992,-8.0,0,61,0.570516,10.5273,True,False,wall,0.0,2.0,-10.0
856,51024,6.0,1,32,0.570334,12.2116,True,False,wall,10.0,6.0,-10.0
857,51164,23.0,2,140,0.569536,15.9457,True,False,wall,20.0,13.0,-10.0
858,51192,1.0,0,28,0.569377,20.8922,True,False,wall,0.0,11.0,-10.0
859,51228,-5.0,0,36,0.569172,16.2925,True,False,wall,0.0,5.0,-10.0
860,51290,13.0,2,62,0.568819,21.8469,True,False,wall,20.0,3.0,-10.0
861,51343,-14.0,0,53,0.568517,18.6939,True,False,wall,0.0,-4.0,-10.0
862,51416,-8.0,0,73,0.568103,15.8345,True,False,wall,0.0,2.0,-10.0
863,51512,42.0,3,96,0.567557,8.5384,True,False,wall,30.0,22.0,-10.0
864,51530,-5.0,0,18,0.567455,8.4216,True,False,wall,0.0,5.0,-10.0
865,51553,-2.0,0,23,0.567325,6.2139,True,False,wall,0.0,8.0,-10.0
866,51583,12.0,1,30,0.567155,6.0012,True,False,wall,10.0,12.0,-10.0
867,51646,47.0,3,63,0.566797,6.7948,True,False,wall,30.0,27.0,-10.0
868,51693,13.0,1,47,0.566531,6.909,True,False,wall,10.0,13.0,-10.0
869,51735,8.0,1,42,0.566293,6.5288,True,False,wall,10.0,8.0,-10.0
870,51798,20.0,2,63,0.565937,8.8781,True,False,wall,20.0,10.0,-10.0
871,51853,13.0,1,55,0.565625,61.5692,True,False,wall,10.0,13.0,-10.0
872,51997,28.0,3,144,0.564811,37.8864,True,False,body,30.0,8.0,-10.0
873,52058,43.0,3,61,0.564467,7.2016,True,False,body,30.0,23.0,-10.0
874,52118,21.0,2,60,0.564128,6.5825,True,False,wall,20.0,11.0,-10.0
875,52187,45.0,3,69,0.563739,5.9434,True,False,body,30.0,25.0,-10.0
876,52328,57.0,3,141,0.562945,6.3349,True,False,body,30.0,37.0,-10.0
877,52375,7.0,1,47,0.562681,8.7836,True,False,wall,10.0,7.0,-10.0
878,52416,1.0,1,41,0.56245,4.4432,True,False,wall,10.0,1.0,-10.0
879,52461,0.0,0,45,0.562197,4.6373,True,False,wall,0.0,10.0,-10.0
880,52482,-4.0,0,21,0.562079,4.8613,True,False,wall,0.0,6.0,-10.0
881,52500,-3.0,0,18,0.561978,4.0097,True,False,wall,0.0,7.0,-10.0
882,52511,0.0,0,11,0.561916,4.163,True,False,wall,0.0,10.0,-10.0
883,52527,-1.0,0,16,0.561826,3.4319,True,False,wall,0.0,9.0,-10.0
884,52644,53.0,3,117,0.561169,3.5285,True,False,body,30.0,33.0,-10.0
885,52691,0.0,0,47,0.560905,3.802,True,False,wall,0.0,10.0,-10.0
886,52713,-1.0,0,22,0.560782,4.4408,True,False,wall,0.0,9.0,-10.0
887,52733,8.0,1,20,0.56067,3.5868,True,False,wall,10.0,8.0,-10.0
888,52804,24.0,2,71,0.560272,3.5306,True,False,wall,20.0,14.0,-10.0
889,52858,30.0,3,54,0.559969,3.4581,True,False,body,30.0,10.0,-10.0
890,52909,9.0,1,51,0.559684,3.0421,True,False,wall,10.0,9.0,-10.0
891,52968,56.0,4,59,0.559354,2.9312,True,False,body,40.0,26.0,-10.0
892,53004,6.0,1,36,0.559152,3.3229,True,False,wall,10.0,6.0,-10.0
893,53021,-6.0,0,17,0.559057,5.5347,True,False,wall,0.0,4.0,-10.0
894,53165,38.0,3,144,0.558253,3.1465,True,False,body,30.0,18.0,-10.0
895,53246,26.0,2,81,0.557801,3.2733,True,False,wall,20.0,16.0,-10.0
896,53270,-13.0,0,24,0.557667,3.1441,True,False,wall,0.0,-3.0,-10.0
897,53291,-8.0,0,21,0.55755,2.9975,True,False,wall,0.0,2.0,-10.0
898,53314,-8.0,0,23,0.557422,3.2815,True,False,wall,0.0,2.0,-10.0
899,53407,57.0,3,93,0.556904,3.3541,True,False,wall,30.0,37.0,-10.0
900,53444,32.0,2,37,0.556697,3.1101,True,False,wall,20.0,22.0,-10.0
901,53515,36.0,2,71,0.556302,2.9004,True,False,wall,20.0,26.0,-10.0
902,53537,1.0,0,22,0.55618,2.8224,True,False,wall,0.0,11.0,-10.0
903,53597,21.0,2,60,0.555846,2.8948,True,False,wall,20.0,11.0,-10.0
904,53654,9.0,1,57,0.55553,2.7887,True,False,wall,10.0,9.0,-10.0
905,53702,25.0,2,48,0.555263,3.1108,True,False,wall,20.0,15.0,-10.0
906,53749,21.0,1,47,0.555002,2.9136,True,False,wall,10.0,21.0,-10.0
907,53777,27.0,2,28,0.554847,3.1778,True,False,wall,20.0,17.0,-10.0
908,53803,4.0,1,26,0.554703,3.6545,True,False,wall,10.0,4.0,-10.0
909,53818,0.0,0,15,0.554619,3.1059,True,False,wall,0.0,10.0,-10.0
910,53941,19.0,1,123,0.553938,3.2415,True,False,wall,10.0,19.0,-10.0
911,53960,33.0,3,19,0.553832,2.9669,True,False,body,30.0,13.0,-10.0
912,54168,64.0,3,208,0.552682,3.2019,True,False,body,30.0,44.0,-10.0
913,54208,1.0,0,40,0.552461,3.6676,True,False,wall,0.0,11.0,-10.0
914,54233,15.0,1,25,0.552322,3.5414,True,False,wall,10.0,15.0,-10.0
915,54277,19.0,2,44,0.552079,2.9918,True,False,wall,20.0,9.0,-10.0
916,54387,48.0,3,110,0.551473,3.5619,True,False,body,30.0,28.0,-10.0
917,54476,49.0,3,89,0.550982,4.3653,True,False,body,30.0,29.0,-10.0
918,54552,53.0,4,76,0.550563,4.1004,True,False,wall,40.0,23.0,-10.0
919,54578,-3.0,0,26,0.55042,5.4144,True,False,wall,0.0,7.0,-10.0
920,54609,20.0,2,31,0.55025,4.549,True,False,wall,20.0,10.0,-10.0
921,54632,-2.0,0,23,0.550123,4.0097,True,False,wall,0.0,8.0,-10.0
922,54707,34.0,2,75,0.549711,3.4517,True,False,wall,20.0,24.0,-10.0
923,54794,17.0,1,87,0.549233,3.099,True,False,wall,10.0,17.0,-10.0
924,54910,48.0,3,116,0.548596,3.6993,True,False,wall,30.0,28.0,-10.0
925,54919,7.0,1,9,0.548546,3.5565,True,False,wall,10.0,7.0,-10.0
926,54953,10.0,1,34,0.54836,6.5665,True,False,wall,10.0,10.0,-10.0
927,54983,21.0,2,30,0.548196,5.6227,True,False,wall,20.0,11.0,-10.0
928,55056,41.0,3,73,0.547795,3.7366,True,False,wall,30.0,21.0,-10.0
929,55115,-6.0,0,59,0.547472,2.7329,True,False,wall,0.0,4.0,-10.0
930,55138,-4.0,0,23,0.547346,3.5333,True,False,wall,0.0,6.0,-10.0
931,55310,40.0,3,172,0.546406,3.4185,True,False,body,30.0,20.0,-10.0
932,55351,13.0,1,41,0.546182,21.2669,True,False,wall,10.0,13.0,-10.0
933,55375,8.0,1,24,0.546051,82.1939,True,False,wall,10.0,8.0,-10.0
934,55484,36.0,2,109,0.545456,7.8447,True,False,wall,20.0,26.0,-10.0
935,55565,33.0,3,81,0.545014,3.1715,True,False,body,30.0,13.0,-10.0
936,55590,-8.0,0,25,0.544878,2.8829,True,False,wall,0.0,2.0,-10.0
937,55647,22.0,2,57,0.544568,3.1339,True,False,wall,20.0,12.0,-10.0
938,55733,27.0,2,86,0.544099,2.8096,True,False,wall,20.0,17.0,-10.0
939,55791,10.0,1,58,0.543784,2.5414,True,False,wall,10.0,10.0,-10.0
940,55843,24.0,1,52,0.543501,2.7822,True,False,wall,10.0,24.0,-10.0
941,55893,12.0,1,50,0.54323,2.3597,True,False,wall,10.0,12.0,-10.0
942,55939,12.0,1,46,0.54298,2.7199,True,False,wall,10.0,12.0,-10.0
943,56110,52.0,4,171,0.542052,2.9727,True,False,body,40.0,22.0,-10.0
944,56215,24.0,2,105,0.541483,2.7664,True,False,wall,20.0,14.0,-10.0
945,56291,48.0,3,76,0.541072,2.7426,True,False,wall,30.0,28.0,-10.0
946,56350,45.0,3,59,0.540753,2.5717,True,False,body,30.0,25.0,-10.0
947,56420,-7.0,0,70,0.540374,3.0871,True,False,wall,0.0,3.0,-10.0
948,56528,46.0,3,108,0.539791,2.771,True,False,body,30.0,26.0,-10.0
949,56546,6.0,1,18,0.539694,5.7199,True,False,wall,10.0,6.0,-10.0
950,56566,16.0,1,20,0.539586,3.037,True,False,wall,10.0,16.0,-10.0
951,56600,21.0,2,34,0.539402,3.703,True,False,wall,20.0,11.0,-10.0
952,56680,42.0,3,80,0.538971,3.2593,True,False,body,30.0,22.0,-10.0
953,56728,14.0,1,48,0.538712,2.853,True,False,wall,10.0,14.0,-10.0
954,56738,-3.0,0,10,0.538659,2.5654,True,False,wall,0.0,7.0,-10.0
955,56779,18.0,2,41,0.538438,2.6994,True,False,wall,20.0,8.0,-10.0
956,56869,52.0,3,90,0.537953,2.6409,True,False,wall,30.0,32.0,-10.0
957,56899,18.0,1,30,0.537792,2.5148,True,False,wall,10.0,18.0,-10.0
958,56959,48.0,3,60,0.537469,2.54,True,False,wall,30.0,28.0,-10.0
959,57020,13.0,1,61,0.537142,3.2516,True,False,wall,10.0,13.0,-10.0
960,57034,1.0,0,14,0.537067,3.3636,True,False,wall,0.0,11.0,-10.0
961,57076,-7.0,0,42,0.536841,2.6867,True,False,wall,0.0,3.0,-10.0
962,57127,20.0,2,51,0.536567,2.4669,True,False,wall,20.0,10.0,-10.0
963,57179,4.0,1,52,0.536288,2.7014,True,False,wall,10.0,4.0,-10.0
964,57329,86.0,5,150,0.535485,2.3748,True,False,body,50.0,46.0,-10.0
965,57403,35.0,2,74,0.535088,2.6296,True,False,wall,20.0,25.0,-10.0
966,57431,14.0,1,28,0.534939,3.1008,True,False,wall,10.0,14.0,-10.0
967,57454,-2.0,0,23,0.534816,2.5355,True,False,wall,0.0,8.0,-10.0
968,57478,1.0,0,24,0.534687,2.5803,True,False,wall,0.0,11.0,-10.0
969,57544,14.0,1,66,0.534334,1.9789,True,False,wall,10.0,14.0,-10.0
970,57572,4.0,1,28,0.534185,2.1098,True,False,wall,10.0,4.0,-10.0
971,57611,15.0,1,39,0.533977,2.6439,True,False,wall,10.0,15.0,-10.0
972,57688,45.0,3,77,0.533566,2.5338,True,False,body,30.0,25.0,-10.0
973,57765,73.0,5,77,0.533155,2.353,True,False,body,50.0,33.0,-10.0
974,57803,10.0,1,38,0.532952,2.6335,True,False,wall,10.0,10.0,-10.0
975,57832,11.0,1,29,0.532798,2.2731,True,False,wall,10.0,11.0,-10.0
976,57845,-8.0,0,13,0.532729,2.5861,True,False,wall,0.0,2.0,-10.0
977,57946,37.0,3,101,0.532191,2.5068,True,False,body,30.0,17.0,-10.0
978,58010,36.0,3,64,0.53185,3.0876,True,False,body,30.0,16.0,-10.0
979,58038,-3.0,0,28,0.531701,2.2841,True,False,wall,0.0,7.0,-10.0
980,58137,26.0,2,99,0.531175,2.4986,True,False,wall,20.0,16.0,-10.0
981,58173,18.0,1,36,0.530984,2.3317,True,False,wall,10.0,18.0,-10.0
982,58197,12.0,1,24,0.530857,2.3719,True,False,wall,10.0,12.0,-10.0
983,58244,32.0,2,47,0.530607,2.8715,True,False,wall,20.0,22.0,-10.0
984,58340,36.0,3,96,0.530098,2.5346,True,False,body,30.0,16.0,-10.0
985,58425,41.0,3,85,0.529648,2.1543,True,False,wall,30.0,21.0,-10.0
986,58509,27.0,2,84,0.529203,2.3372,True,False,wall,20.0,17.0,-10.0
987,58532,16.0,2,23,0.529081,2.4757,True,False,wall,20.0,6.0,-10.0
988,58566,14.0,1,34,0.528901,2.4952,True,False,wall,10.0,14.0,-10.0
989,58596,-1.0,0,30,0.528743,2.1736,True,False,wall,0.0,9.0,-10.0
990,58656,48.0,3,60,0.528426,1.8919,True,False,body,30.0,28.0,-10.0
991,58723,32.0,2,67,0.528072,2.2369,True,False,wall,20.0,22.0,-10.0
992,58827,48.0,3,104,0.527523,2.0872,True,False,body,30.0,28.0,-10.0
993,58888,30.0,2,61,0.527201,2.4534,True,False,wall,20.0,20.0,-10.0
994,58902,8.0,1,14,0.527127,2.2656,True,False,wall,10.0,8.0,-10.0
995,58987,60.0,4,85,0.526679,3.9702,True,False,body,40.0,30.0,-10.0
996,59065,31.0,2,78,0.526269,57.1088,True,False,wall,20.0,21.0,-10.0
997,59110,-4.0,0,45,0.526032,19.1592,True,False,wall,0.0,6.0,-10.0
998,59131,9.0,1,21,0.525922,13.073,True,False,wall,10.0,9.0,-10.0
999,59160,11.0,1,29,0.525769,6.0957,True,False,wall,10.0,11.0,-10.0
1000,59183,-2.0,0,23,0.525648,7.6398,True,False,wall,0.0,8.0,-10.0
1001,59210,2.0,0,27,0.525506,15.8816,True,False,wall,0.0,12.0,-10.0
1002,59303,70.0,4,93,0.525018,3.2631,True,False,body,40.0,40.0,-10.0
1003,59333,-1.0,0,30,0.52486,2.6353,True,False,wall,0.0,9.0,-10.0
1004,59490,82.0,6,157,0.524037,2.5438,True,False,wall,60.0,32.0,-10.0
1005,59578,65.0,4,88,0.523576,2.5007,True,False,wall,40.0,35.0,-10.0
1006,59671,66.0,4,93,0.523089,2.4707,True,False,wall,40.0,36.0,-10.0
1007,59713,25.0,2,42,0.52287,2.0545,True,False,wall,20.0,15.0,-10.0
1008,59780,52.0,4,67,0.522519,2.0524,True,False,wall,40.0,22.0,-10.0
1009,59837,35.0,3,57,0.522222,2.2116,True,False,body,30.0,15.0,-10.0
1010,59867,18.0,1,30,0.522065,1.8432,True,False,wall,10.0,18.0,-10.0
1011,59914,32.0,2,47,0.52182,2.0708,True,False,wall,20.0,22.0,-10.0
1012,59933,-2.0,0,19,0.52172,1.9909,True,False,wall,0.0,8.0,-10.0
1013,59981,20.0,1,48,0.52147,2.3712,True,False,wall,10.0,20.0,-10.0
1014,60100,49.0,3,119,0.52085,2.1141,True,False,wall,30.0,29.0,-10.0
1015,60156,26.0,1,56,0.520558,1.9931,True,False,wall,10.0,26.0,-10.0
1016,60209,37.0,3,53,0.520283,1.7602,True,False,body,30.0,17.0,-10.0
1017,60236,5.0,1,27,0.520142,1.8401,True,False,wall,10.0,5.0,-10.0
1018,60291,11.0,1,55,0.519856,2.0868,True,False,wall,10.0,11.0,-10.0
1019,60363,27.0,2,72,0.519482,2.0793,True,False,wall,20.0,17.0,-10.0
1020,60415,42.0,3,52,0.519212,1.7851,True,False,wall,30.0,22.0,-10.0
1021,60481,44.0,3,66,0.518869,2.0616,True,False,body,30.0,24.0,-10.0
1022,60536,41.0,3,55,0.518584,2.0395,True,False,body,30.0,21.0,-10.0
1023,60591,47.0,3,55,0.518299,2.0562,True,False,wall,30.0,27.0,-10.0
1024,60625,12.0,1,34,0.518123,1.9509,True,False,wall,10.0,12.0,-10.0
1025,60639,4.0,1,14,0.51805,1.946,True,False,wall,10.0,4.0,-10.0
1026,60735,59.0,4,96,0.517553,1.8755,True,False,wall,40.0,29.0,-10.0
1027,60771,6.0,1,36,0.517367,1.8488,True,False,wall,10.0,6.0,-10.0
1028,60834,56.0,4,63,0.517041,2.0544,True,False,body,40.0,26.0,-10.0
1029,60913,41.0,3,79,0.516633,2.1203,True,False,body,30.0,21.0,-10.0
1030,60931,10.0,1,18,0.51654,1.9449,True,False,wall,10.0,10.0,-10.0
1031,60974,17.0,1,43,0.516318,2.199,True,False,wall,10.0,17.0,-10.0
1032,60997,15.0,1,23,0.516199,2.1494,True,False,wall,10.0,15.0,-10.0
1033,61019,19.0,2,22,0.516085,2.3351,True,False,wall,20.0,9.0,-10.0
1034,61102,53.0,3,83,0.515657,1.9411,True,False,body,30.0,33.0,-10.0
1035,61150,29.0,2,48,0.51541,1.9969,True,False,wall,20.0,19.0,-10.0
1036,61165,2.0,0,15,0.515332,2.1615,True,False,wall,0.0,12.0,-10.0
1037,61175,-5.0,0,10,0.515281,1.6099,True,False,wall,0.0,5.0,-10.0
1038,61261,48.0,3,86,0.514838,1.7854,True,False,wall,30.0,28.0,-10.0
1039,61311,38.0,3,50,0.51458,1.9334,True,False,wall,30.0,18.0,-10.0
1040,61351,21.0,2,40,0.514375,1.7109,True,False,wall,20.0,11.0,-10.0
1041,61423,33.0,2,72,0.514004,1.8627,True,False,wall,20.0,23.0,-10.0
1042,61474,39.0,3,51,0.513742,1.8166,True,False,body,30.0,19.0,-10.0
1043,61570,79.0,6,96,0.513249,1.7529,True,False,body,60.0,29.0,-10.0
1044,61604,-1.0,0,34,0.513075,1.9611,True,False,wall,0.0,9.0,-10.0
1045,61642,18.0,1,38,0.51288,1.8284,True,False,wall,10.0,18.0,-10.0
1046,61667,0.0,0,25,0.512752,1.8971,True,False,wall,0.0,10.0,-10.0
1047,61701,14.0,1,34,0.512578,2.1883,True,False,wall,10.0,14.0,-10.0
1048,61721,-1.0,0,20,0.512475,1.6749,True,False,wall,0.0,9.0,-10.0
1049,61802,39.0,3,81,0.51206,1.8537,True,False,wall,30.0,19.0,-10.0
1050,61832,12.0,1,30,0.511906,2.0279,True,False,wall,10.0,12.0,-10.0
1051,61848,1.0,0,16,0.511825,1.9297,True,False,wall,0.0,11.0,-10.0
1052,61969,65.0,3,121,0.511206,1.9118,True,False,body,30.0,45.0,-10.0
1053,62020,28.0,2,51,0.510945,1.8844,True,False,wall,20.0,18.0,-10.0
1054,62067,9.0,1,47,0.510705,1.9845,True,False,wall,10.0,9.0,-10.0
1055,62110,26.0,2,43,0.510485,1.7211,True,False,wall,20.0,16.0,-10.0
1056,62163,15.0,1,53,0.510215,1.9103,True,False,wall,10.0,15.0,-10.0
1057,62182,9.0,1,19,0.510118,2.1755,True,False,wall,10.0,9.0,-10.0
1058,62223,13.0,1,41,0.509909,1.7923,True,False,wall,10.0,13.0,-10.0
1059,62265,16.0,1,42,0.509695,1.8807,True,False,wall,10.0,16.0,-10.0
1060,62327,42.0,3,62,0.509379,1.7226,True,False,body,30.0,22.0,-10.0
1061,62450,50.0,4,123,0.508753,1.8009,True,False,wall,40.0,20.0,-10.0
1062,62473,5.0,1,23,0.508636,1.7532,True,False,wall,10.0,5.0,-10.0
1063,62522,9.0,1,49,0.508386,1.6649,True,False,wall,10.0,9.0,-10.0
1064,62541,11.0,1,19,0.50829,1.5416,True,False,wall,10.0,11.0,-10.0
1065,62609,8.0,1,68,0.507944,1.7457,True,False,wall,10.0,8.0,-10.0
1066,62720,51.0,3,111,0.507381,1.6821,True,False,body,30.0,31.0,-10.0
1067,62740,10.0,1,20,0.507279,1.7014,True,False,wall,10.0,10.0,-10.0
1068,62800,29.0,2,60,0.506975,1.721,True,False,wall,20.0,19.0,-10.0
1069,62873,30.0,2,73,0.506605,1.6701,True,False,wall,20.0,20.0,-10.0
1070,62900,-4.0,0,27,0.506468,1.6858,True,False,wall,0.0,6.0,-10.0
1071,62986,65.0,4,86,0.506033,1.7852,True,False,wall,40.0,35.0,-10.0
1072,63000,-3.0,0,14,0.505962,2.2153,True,False,wall,0.0,7.0,-10.0
1073,63032,8.0,1,32,0.5058,1.8439,True,False,wall,10.0,8.0,-10.0
1074,63048,-3.0,0,16,0.505719,1.547,True,False,wall,0.0,7.0,-10.0
1075,63074,27.0,2,26,0.505588,1.7271,True,False,wall,20.0,17.0,-10.0
1076,63167,51.0,3,93,0.505118,1.611,True,False,body,30.0,31.0,-10.0
1077,63197,25.0,2,30,0.504966,1.6912,True,False,wall,20.0,15.0,-10.0
1078,63235,-15.0,0,38,0.504775,1.6421,True,False,wall,0.0,-5.0,-10.0
1079,63314,32.0,2,79,0.504376,1.7201,True,False,wall,20.0,22.0,-10.0
1080,63332,-3.0,0,18,0.504285,1.7888,True,False,wall,0.0,7.0,-10.0
1081,63398,46.0,3,66,0.503952,1.7962,True,False,wall,30.0,26.0,-10.0
1082,63446,50.0,3,48,0.503711,1.8321,True,False,wall,30.0,30.0,-10.0
1083,63465,-6.0,0,19,0.503615,1.5819,True,False,wall,0.0,4.0,-10.0
1084,63506,28.0,2,41,0.503409,1.5287,True,False,wall,20.0,18.0,-10.0
1085,63530,-5.0,0,24,0.503288,1.5076,True,False,wall,0.0,5.0,-10.0
1086,63600,12.0,1,70,0.502936,1.6452,True,False,wall,10.0,12.0,-10.0
1087,63620,12.0,1,20,0.502835,2.195,True,False,wall,10.0,12.0,-10.0
1088,63657,11.0,1,37,0.502649,1.7891,True,False,wall,10.0,11.0,-10.0
1089,63764,47.0,3,107,0.502111,1.617,True,False,body,30.0,27.0,-10.0
1090,63791,7.0,1,27,0.501976,1.8766,True,False,wall,10.0,7.0,-10.0
1091,63859,42.0,3,68,0.501635,1.6803,True,False,body,30.0,22.0,-10.0
1092,63894,22.0,2,35,0.501459,1.9819,True,False,wall,20.0,12.0,-10.0
1093,63965,36.0,2,71,0.501103,2.1492,True,False,wall,20.0,26.0,-10.0
1094,63979,1.0,0,14,0.501033,1.9161,True,False,wall,0.0,11.0,-10.0
1095,64025,14.0,1,46,0.500803,1.7114,True,False,wall,10.0,14.0,-10.0
1096,64069,6.0,1,44,0.500582,1.6469,True,False,wall,10.0,6.0,-10.0
1097,64154,41.0,3,85,0.500157,1.7394,True,False,wall,30.0,21.0,-10.0
1098,64199,34.0,2,45,0.499932,1.6283,True,False,wall,20.0,24.0,-10.0
1099,64252,17.0,1,53,0.499667,1.6328,True,False,wall,10.0,17.0,-10.0
1100,64319,53.0,3,67,0.499332,1.6585,True,False,body,30.0,33.0,-10.0
1101,64416,65.0,3,97,0.498848,1.6418,True,False,wall,30.0,45.0,-10.0
1102,64438,25.0,2,22,0.498739,1.5894,True,False,wall,20.0,15.0,-10.0
1103,64484,15.0,2,46,0.498509,1.6733,True,False,wall,20.0,5.0,-10.0
1104,64538,44.0,3,54,0.49824,1.5788,True,False,body,30.0,24.0,-10.0
1105,64566,10.0,1,28,0.498101,1.5528,True,False,wall,10.0,10.0,-10.0
1106,64641,23.0,1,75,0.497727,1.6416,True,False,wall,10.0,23.0,-10.0
1107,64715,60.0,3,74,0.497359,1.6789,True,False,body,30.0,40.0,-10.0
1108,64729,-3.0,0,14,0.497289,1.6656,True,False,wall,0.0,7.0,-10.0
1109,64768,20.0,2,39,0.497095,1.7325,True,False,wall,20.0,10.0,-10.0
1110,64799,11.0,1,31,0.496941,1.5081,True,False,wall,10.0,11.0,-10.0
1111,64862,32.0,2,63,0.496628,1.6338,True,False,wall,20.0,22.0,-10.0
1112,64892,17.0,2,30,0.496479,1.6099,True,False,wall,20.0,7.0,-10.0
1113,65012,73.0,4,120,0.495884,1.6722,True,False,body,40.0,43.0,-10.0
1114,65071,45.0,3,59,0.495591,1.5481,True,False,body,30.0,25.0,-10.0
1115,65086,5.0,1,15,0.495517,1.392,True,False,wall,10.0,5.0,-10.0
1116,65151,51.0,3,65,0.495195,1.6538,True,False,wall,30.0,31.0,-10.0
1117,65190,11.0,1,39,0.495002,1.5495,True,False,wall,10.0,11.0,-10.0
1118,65224,23.0,2,34,0.494834,1.7961,True,False,wall,20.0,13.0,-10.0
1119,65277,30.0,2,53,0.494572,1.6192,True,False,wall,20.0,20.0,-10.0
1120,65310,23.0,1,33,0.494408,1.5586,True,False,wall,10.0,23.0,-10.0
1121,65393,55.0,3,83,0.493998,1.4132,True,False,body,30.0,35.0,-10.0
1122,65466,46.0,2,73,0.493638,1.6162,True,False,wall,20.0,36.0,-10.0
1123,65544,46.0,3,78,0.493253,1.432,True,False,body,30.0,26.0,-10.0
1124,65580,34.0,3,36,0.493075,1.4637,True,False,wall,30.0,14.0,-10.0
1125,65591,5.0,1,11,0.493021,1.4733,True,False,wall,10.0,5.0,-10.0
1126,65645,48.0,3,54,0.492755,1.4658,True,False,body,30.0,28.0,-10.0
1127,65725,55.0,4,80,0.492361,1.7039,True,False,body,40.0,25.0,-10.0
1128,65858,62.0,4,133,0.491706,1.6376,True,False,wall,40.0,32.0,-10.0
1129,65930,63.0,4,72,0.491353,1.5963,True,False,body,40.0,33.0,-10.0
1130,65949,-8.0,0,19,0.491259,1.2903,True,False,wall,0.0,2.0,-10.0
1131,65975,32.0,3,26,0.491132,1.4628,True,False,body,30.0,12.0,-10.0
1132,66045,42.0,3,70,0.490788,1.3702,True,False,wall,30.0,22.0,-10.0
1133,66084,7.0,1,39,0.490596,1.5342,True,False,wall,10.0,7.0,-10.0
1134,66155,49.0,3,71,0.490248,1.722,True,False,wall,30.0,29.0,-10.0
1135,66222,58.0,4,67,0.48992,1.7648,True,False,body,40.0,28.0,-10.0
1136,66238,-3.0,0,16,0.489842,1.5513,True,False,wall,0.0,7.0,-10.0
1137,66295,16.0,2,57,0.489562,1.7952,True,False,wall,20.0,6.0,-10.0
1138,66328,20.0,2,33,0.489401,1.6994,True,False,wall,20.0,10.0,-10.0
1139,66347,9.0,1,19,0.489308,1.4923,True,False,wall,10.0,9.0,-10.0
1140,66377,23.0,2,30,0.489161,1.5057,True,False,wall,20.0,13.0,-10.0
1141,66428,49.0,3,51,0.488912,1.58,True,False,body,30.0,29.0,-10.0
1142,66526,86.0,5,98,0.488433,1.5083,True,False,body,50.0,46.0,-10.0
1143,66653,33.0,3,127,0.487813,1.4718,True,False,wall,30.0,13.0,-10.0
1144,66753,77.0,4,100,0.487325,1.4989,True,False,body,40.0,47.0,-10.0
1145,66787,16.0,1,34,0.48716,2.029,True,False,wall,10.0,16.0,-10.0
1146,66854,39.0,3,67,0.486833,2.2928,True,False,wall,30.0,19.0,-10.0
1147,66874,12.0,1,20,0.486736,2.0338,True,False,wall,10.0,12.0,-10.0
1148,66906,22.0,1,32,0.48658,1.9297,True,False,wall,10.0,22.0,-10.0
1149,66985,58.0,4,79,0.486196,1.4764,True,False,wall,40.0,28.0,-10.0
1150,66997,-7.0,0,12,0.486138,2.0684,True,False,wall,0.0,3.0,-10.0
1151,67025,14.0,1,28,0.486002,1.257,True,False,wall,10.0,14.0,-10.0
1152,67068,24.0,2,43,0.485793,1.4217,True,False,wall,20.0,14.0,-10.0
1153,67102,-3.0,0,34,0.485628,1.3762,True,False,wall,0.0,7.0,-10.0
1154,67119,2.0,0,17,0.485545,1.2598,True,False,wall,0.0,12.0,-10.0
1155,67152,26.0,2,33,0.485385,1.5863,True,False,wall,20.0,16.0,-10.0
1156,67227,41.0,3,75,0.485021,1.564,True,False,body,30.0,21.0,-10.0
1157,67318,53.0,3,91,0.48458,1.4487,True,False,wall,30.0,33.0,-10.0
1158,67360,23.0,2,42,0.484376,1.1618,True,False,wall,20.0,13.0,-10.0
1159,67438,52.0,3,78,0.483999,1.4042,True,False,body,30.0,32.0,-10.0
1160,67547,43.0,3,109,0.483471,1.2597,True,False,body,30.0,23.0,-10.0
1161,67593,31.0,2,46,0.483249,1.481,True,False,wall,20.0,21.0,-10.0
1162,67636,34.0,2,43,0.483041,1.3412,True,False,wall,20.0,24.0,-10.0
1163,67654,8.0,1,18,0.482954,1.5403,True,False,wall,10.0,8.0,-10.0
1164,67698,16.0,1,44,0.482742,1.2427,True,False,wall,10.0,16.0,-10.0
1165,67745,30.0,2,47,0.482515,1.1343,True,False,wall,20.0,20.0,-10.0
1166,67828,49.0,3,83,0.482115,1.3619,True,False,wall,30.0,29.0,-10.0
1167,67861,18.0,2,33,0.481956,1.4997,True,False,wall,20.0,8.0,-10.0
1168,67892,26.0,2,31,0.481806,1.2623,True,False,wall,20.0,16.0,-10.0
1169,67914,4.0,1,22,0.4817,1.2742,True,False,wall,10.0,4.0,-10.0
1170,67965,21.0,1,51,0.481455,1.3126,True,False,wall,10.0,21.0,-10.0
1171,68054,85.0,5,89,0.481026,1.2559,True,False,body,50.0,45.0,-10.0
1172,68099,24.0,2,45,0.48081,1.3397,True,False,wall,20.0,14.0,-10.0
1173,68167,48.0,3,68,0.480483,1.3141,True,False,wall,30.0,28.0,-10.0
1174,68231,28.0,1,64,0.480176,1.4147,True,False,wall,10.0,28.0,-10.0
1175,68252,-2.0,0,21,0.480075,1.4542,True,False,wall,0.0,8.0,-10.0
1176,68320,20.0,1,68,0.479748,1.3555,True,False,wall,10.0,20.0,-10.0
1177,68343,-6.0,0,23,0.479638,1.2334,True,False,wall,0.0,4.0,-10.0
1178,68423,73.0,4,80,0.479255,1.4691,True,False,body,40.0,43.0,-10.0
1179,68471,47.0,4,48,0.479025,1.3002,True,False,wall,40.0,17.0,-10.0
1180,68495,19.0,2,24,0.47891,1.2748,True,False,wall,20.0,9.0,-10.0
1181,68586,69.0,5,91,0.478474,1.3677,True,False,wall,50.0,29.0,-10.0
1182,68680,70.0,5,94,0.478024,1.1772,True,False,body,50.0,30.0,-10.0
1183,68740,50.0,3,60,0.477738,1.3445,True,False,wall,30.0,30.0,-10.0
1184,68759,13.0,1,19,0.477647,1.503,True,False,wall,10.0,13.0,-10.0
1185,68783,19.0,2,24,0.477532,1.6446,True,False,wall,20.0,9.0,-10.0
1186,68801,8.0,1,18,0.477446,1.983,True,False,wall,10.0,8.0,-10.0
1187,68813,-3.0,0,12,0.477389,1.9947,True,False,wall,0.0,7.0,-10.0
1188,68835,12.0,1,22,0.477284,1.3885,True,False,wall,10.0,12.0,-10.0
1189,68853,1.0,0,18,0.477198,1.2706,True,False,wall,0.0,11.0,-10.0
1190,68910,22.0,2,57,0.476926,1.5122,True,False,wall,20.0,12.0,-10.0
1191,68949,37.0,3,39,0.47674,1.437,True,False,body,30.0,17.0,-10.0
1192,68993,40.0,3,44,0.476531,1.3659,True,False,body,30.0,20.0,-10.0
1193,69086,55.0,3,93,0.476088,1.314,True,False,body,30.0,35.0,-10.0
1194,69115,0.0,0,29,0.47595,1.4037,True,False,wall,0.0,10.0,-10.0
1195,69133,1.0,0,18,0.475864,1.2525,True,False,wall,0.0,11.0,-10.0
1196,69156,22.0,2,23,0.475755,1.1616,True,False,wall,20.0,12.0,-10.0
1197,69220,87.0,6,64,0.47545,1.1472,True,False,body,60.0,37.0,-10.0
1198,69306,73.0,4,86,0.475041,1.3094,True,False,body,40.0,43.0,-10.0
1199,69322,-5.0,0,16,0.474965,1.6326,True,False,wall,0.0,5.0,-10.0
1200,69342,-3.0,0,20,0.47487,1.2436,True,False,wall,0.0,7.0,-10.0
1201,69394,38.0,3,52,0.474624,1.3666,True,False,wall,30.0,18.0,-10.0
1202,69404,-5.0,0,10,0.474576,1.239,True,False,wall,0.0,5.0,-10.0
1203,69432,10.0,1,28,0.474443,1.5837,True,False,wall,10.0,10.0,-10.0
1204,69444,4.0,1,12,0.474386,1.5433,True,False,wall,10.0,4.0,-10.0
1205,69488,35.0,2,44,0.474178,1.1262,True,False,wall,20.0,25.0,-10.0
1206,69506,-3.0,0,18,0.474092,1.2361,True,False,wall,0.0,7.0,-10.0
1207,69556,37.0,2,50,0.473855,1.2657,True,False,wall,20.0,27.0,-10.0
1208,69628,49.0,4,72,0.473514,1.2314,True,False,wall,40.0,19.0,-10.0
1209,69781,75.0,5,153,0.47279,1.2783,True,False,body,50.0,35.0,-10.0
1210,69823,49.0,4,42,0.472592,1.2563,True,False,wall,40.0,19.0,-10.0
1211,69858,24.0,2,35,0.472426,1.1575,True,False,wall,20.0,14.0,-10.0
1212,69914,33.0,2,56,0.472162,1.0956,True,False,wall,20.0,23.0,-10.0
1213,69937,22.0,2,23,0.472053,1.1815,True,False,wall,20.0,12.0,-10.0
1214,69975,14.0,1,38,0.471874,1.5445,True,False,wall,10.0,14.0,-10.0
1215,70027,53.0,4,52,0.471629,1.5228,True,False,body,40.0,23.0,-10.0
1216,70067,36.0,3,40,0.47144,1.2659,True,False,body,30.0,16.0,-10.0
1217,70104,39.0,3,37,0.471266,1.2012,True,False,body,30.0,19.0,-10.0
1218,70217,96.0,6,113,0.470733,1.3026,True,False,body,60.0,46.0,-10.0
1219,70234,5.0,1,17,0.470653,1.6626,True,False,wall,10.0,5.0,-10.0
1220,70263,11.0,1,29,0.470517,1.0753,True,False,wall,10.0,11.0,-10.0
1221,70300,37.0,3,37,0.470343,1.5446,True,False,body,30.0,17.0,-10.0
1222,70337,22.0,2,37,0.470169,1.3128,True,False,wall,20.0,12.0,-10.0
1223,70419,72.0,3,82,0.469784,1.3564,True,False,body,30.0,52.0,-10.0
1224,70475,48.0,3,56,0.469521,1.4728,True,False,wall,30.0,28.0,-10.0
1225,70496,-4.0,0,21,0.469422,1.1343,True,False,wall,0.0,6.0,-10.0
1226,70578,54.0,3,82,0.469037,1.2523,True,False,wall,30.0,34.0,-10.0
1227,70675,75.0,5,97,0.468582,1.2301,True,False,wall,50.0,35.0,-10.0
1228,70735,39.0,2,60,0.468301,1.4456,True,False,wall,20.0,29.0,-10.0
1229,70781,34.0,3,46,0.468086,1.2526,True,False,body,30.0,14.0,-10.0
1230,70854,90.0,6,73,0.467744,1.2773,True,False,wall,60.0,40.0,-10.0
1231,70878,6.0,1,24,0.467632,1.43,True,False,wall,10.0,6.0,-10.0
1232,70952,49.0,2,74,0.467286,1.2417,True,False,wall,20.0,39.0,-10.0
1233,71054,63.0,4,102,0.46681,1.3575,True,False,wall,40.0,33.0,-10.0
1234,71083,39.0,3,29,0.466674,1.3182,True,False,wall,30.0,19.0,-10.0
1235,71113,6.0,1,30,0.466535,1.119,True,False,wall,10.0,6.0,-10.0
1236,71159,40.0,3,46,0.46632,1.2204,True,False,body,30.0,20.0,-10.0
1237,71221,52.0,3,62,0.466031,1.2342,True,False,body,30.0,32.0,-10.0
1238,71267,27.0,2,46,0.465817,1.4714,True,False,wall,20.0,17.0,-10.0
1239,71305,24.0,1,38,0.46564,1.5293,True,False,wall,10.0,24.0,-10.0
1240,71328,-2.0,0,23,0.465533,1.3862,True,False,wall,0.0,8.0,-10.0
1241,71389,51.0,3,61,0.465249,1.3762,True,False,wall,30.0,31.0,-10.0
1242,71415,13.0,2,26,0.465128,1.2943,True,False,wall,20.0,3.0,-10.0
1243,71456,41.0,3,41,0.464937,1.3197,True,False,body,30.0,21.0,-10.0
1244,71499,19.0,1,43,0.464737,1.4578,True,False,wall,10.0,19.0,-10.0
1245,71554,34.0,2,55,0.464482,1.1038,True,False,wall,20.0,24.0,-10.0
1246,71574,6.0,1,20,0.464389,0.9683,True,False,wall,10.0,6.0,-10.0
1247,71601,13.0,1,27,0.464263,1.3767,True,False,wall,10.0,13.0,-10.0
1248,71664,32.0,2,63,0.463971,1.1633,True,False,wall,20.0,22.0,-10.0
1249,71709,38.0,2,45,0.463762,1.2042,True,False,wall,20.0,28.0,-10.0
1250,71752,52.0,4,43,0.463563,1.2317,True,False,wall,40.0,22.0,-10.0
1251,71829,47.0,3,77,0.463206,1.2728,True,False,body,30.0,27.0,-10.0
1252,71886,51.0,3,57,0.462942,1.064,True,False,wall,30.0,31.0,-10.0
1253,71937,43.0,3,51,0.462706,1.1984,True,False,wall,30.0,23.0,-10.0
1254,71969,16.0,1,32,0.462558,1.0817,True,False,wall,10.0,16.0,-10.0
1255,72004,31.0,3,35,0.462396,1.1111,True,False,wall,30.0,11.0,-10.0
1256,72031,53.0,5,27,0.462271,1.0357,True,False,body,50.0,13.0,-10.0
1257,72118,53.0,3,87,0.461869,1.1274,True,False,body,30.0,33.0,-10.0
1258,72204,74.0,5,86,0.461472,1.0819,True,False,body,50.0,34.0,-10.0
1259,72221,7.0,1,17,0.461394,1.6607,True,False,wall,10.0,7.0,-10.0
1260,72245,1.0,0,24,0.461283,1.1613,True,False,wall,0.0,11.0,-10.0
1261,72335,67.0,4,90,0.460868,1.4853,True,False,body,40.0,37.0,-10.0
1262,72352,0.0,0,17,0.46079,1.0282,True,False,wall,0.0,10.0,-10.0
1263,72409,22.0,2,57,0.460527,1.0645,True,False,wall,20.0,12.0,-10.0
1264,72466,36.0,2,57,0.460265,1.1697,True,False,wall,20.0,26.0,-10.0
1265,72579,96.0,6,113,0.459745,1.204,True,False,body,60.0,46.0,-10.0
1266,72675,58.0,3,96,0.459304,1.2639,True,False,body,30.0,38.0,-10.0
1267,72688,7.0,1,13,0.459244,1.3808,True,False,wall,10.0,7.0,-10.0
1268,72713,11.0,1,25,0.459129,1.2421,True,False,wall,10.0,11.0,-10.0
1269,72770,39.0,3,57,0.458868,1.131,True,False,wall,30.0,19.0,-10.0
1270,72795,15.0,1,25,0.458753,1.2053,True,False,wall,10.0,15.0,-10.0
1271,72840,29.0,3,45,0.458547,1.5721,True,False,wall,30.0,9.0,-10.0
1272,72927,76.0,4,87,0.458148,1.6963,True,False,wall,40.0,46.0,-10.0
1273,72958,13.0,1,31,0.458006,1.6123,True,False,wall,10.0,13.0,-10.0
1274,73007,45.0,3,49,0.457781,1.5105,True,False,wall,30.0,25.0,-10.0
1275,73041,10.0,1,34,0.457626,1.4923,True,False,wall,10.0,10.0,-10.0
1276,73081,12.0,1,40,0.457443,1.2648,True,False,wall,10.0,12.0,-10.0
1277,73122,47.0,3,41,0.457255,1.0506,True,False,wall,30.0,27.0,-10.0
1278,73190,67.0,4,68,0.456945,1.1705,True,False,wall,40.0,37.0,-10.0
1279,73255,81.0,5,65,0.456648,1.1438,True,False,body,50.0,41.0,-10.0
1280,73303,23.0,2,48,0.456428,1.1962,True,False,wall,20.0,13.0,-10.0
1281,73433,63.0,4,130,0.455835,1.0741,True,False,body,40.0,33.0,-10.0
1282,73449,-3.0,0,16,0.455763,1.0577,True,False,wall,0.0,7.0,-10.0
1283,73559,44.0,3,110,0.455262,1.1896,True,False,body,30.0,24.0,-10.0
1284,73632,47.0,3,73,0.454929,1.1774,True,False,wall,30.0,27.0,-10.0
1285,73709,32.0,2,77,0.454579,1.0497,True,False,wall,20.0,22.0,-10.0
1286,73734,13.0,1,25,0.454465,1.1783,True,False,wall,10.0,13.0,-10.0
1287,73772,40.0,3,38,0.454293,1.0044,True,False,wall,30.0,20.0,-10.0
1288,73798,28.0,3,26,0.454175,0.9788,True,False,body,30.0,8.0,-10.0
1289,73950,104.0,5,152,0.453485,1.0763,True,False,body,50.0,64.0,-10.0
1290,73973,-2.0,0,23,0.453381,1.0291,True,False,wall,0.0,8.0,-10.0
1291,74020,20.0,2,47,0.453168,0.9754,True,False,wall,20.0,10.0,-10.0
1292,74075,53.0,3,55,0.452918,0.9963,True,False,body,30.0,33.0,-10.0
1293,74112,41.0,3,37,0.452751,0.9316,True,False,body,30.0,21.0,-10.0
1294,74160,57.0,4,48,0.452534,1.1489,True,False,body,40.0,27.0,-10.0
1295,74196,20.0,1,36,0.452371,0.9893,True,False,wall,10.0,20.0,-10.0
1296,74210,10.0,1,14,0.452307,1.0642,True,False,wall,10.0,10.0,-10.0
1297,74267,48.0,4,57,0.45205,1.0339,True,False,wall,40.0,18.0,-10.0
1298,74287,-5.0,0,20,0.451959,0.9387,True,False,wall,0.0,5.0,-10.0
1299,74342,38.0,2,55,0.451711,1.0938,True,False,wall,20.0,28.0,-10.0
1300,74411,56.0,4,69,0.451399,1.0355,True,False,wall,40.0,26.0,-10.0
1301,74459,27.0,2,48,0.451183,1.0718,True,False,wall,20.0,17.0,-10.0
1302,74523,32.0,3,64,0.450894,0.9513,True,False,body,30.0,12.0,-10.0
1303,74615,78.0,5,92,0.450479,0.988,True,False,body,50.0,38.0,-10.0
1304,74682,49.0,3,67,0.450178,0.9552,True,False,wall,30.0,29.0,-10.0
1305,74810,83.0,6,128,0.449602,1.0714,True,False,body,60.0,33.0,-10.0
1306,74830,21.0,2,20,0.449512,1.0631,True,False,wall,20.0,11.0,-10.0
1307,74847,7.0,1,17,0.449435,1.1114,True,False,wall,10.0,7.0,-10.0
1308,74912,45.0,3,65,0.449143,1.2054,True,False,wall,30.0,25.0,-10.0
1309,74990,58.0,3,78,0.448793,1.2295,True,False,wall,30.0,38.0,-10.0
1310,75036,38.0,3,46,0.448587,1.0639,True,False,body,30.0,18.0,-10.0
1311,75101,24.0,2,65,0.448295,1.119,True,False,wall,20.0,14.0,-10.0
1312,75157,48.0,3,56,0.448044,1.2217,True,False,body,30.0,28.0,-10.0
1313,75226,68.0,4,69,0.447735,1.2106,True,False,wall,40.0,38.0,-10.0
1314,75286,59.0,4,60,0.447467,1.0406,True,False,body,40.0,29.0,-10.0
1315,75309,24.0,2,23,0.447364,1.1285,True,False,wall,20.0,14.0,-10.0
1316,75384,43.0,3,75,0.447028,1.1702,True,False,body,30.0,23.0,-10.0
1317,75407,9.0,1,23,0.446926,1.2514,True,False,wall,10.0,9.0,-10.0
1318,75473,66.0,5,66,0.446631,1.3811,True,False,body,50.0,26.0,-10.0
1319,75499,-3.0,0,26,0.446515,1.157,True,False,wall,0.0,7.0,-10.0
1320,75530,37.0,3,31,0.446376,1.1189,True,False,body,30.0,17.0,-10.0
1321,75584,36.0,3,54,0.446135,1.0201,True,False,body,30.0,16.0,-10.0
1322,75641,21.0,1,57,0.445881,1.2686,True,False,wall,10.0,21.0,-10.0
1323,75656,-2.0,0,15,0.445814,1.5432,True,False,wall,0.0,8.0,-10.0
1324,75704,40.0,3,48,0.4456,1.3781,True,False,wall,30.0,20.0,-10.0
1325,75770,46.0,3,66,0.445306,1.1172,True,False,body,30.0,26.0,-10.0
1326,75809,23.0,1,39,0.445132,1.2068,True,False,wall,10.0,23.0,-10.0
1327,75827,12.0,1,18,0.445052,1.0408,True,False,wall,10.0,12.0,-10.0
1328,75866,35.0,3,39,0.444879,1.0795,True,False,wall,30.0,15.0,-10.0
1329,75935,60.0,4,69,0.444572,1.1229,True,False,body,40.0,30.0,-10.0
1330,75968,37.0,3,33,0.444425,1.0213,True,False,body,30.0,17.0,-10.0
1331,76008,10.0,1,40,0.444248,1.4504,True,False,wall,10.0,10.0,-10.0
1332,76033,40.0,4,25,0.444137,1.1334,True,False,body,40.0,10.0,-10.0
1333,76060,7.0,1,27,0.444017,1.1729,True,False,wall,10.0,7.0,-10.0
1334,76112,39.0,2,52,0.443786,1.2903,True,False,wall,20.0,29.0,-10.0
1335,76176,36.0,1,64,0.443502,1.167,True,False,wall,10.0,36.0,-10.0
1336,76193,11.0,1,17,0.443426,1.0073,True,False,wall,10.0,11.0,-10.0
1337,76275,80.0,5,82,0.443063,1.1801,True,False,body,50.0,40.0,-10.0
1338,76310,25.0,1,35,0.442908,1.1134,True,False,wall,10.0,25.0,-10.0
1339,76328,8.0,1,18,0.442828,1.1877,True,False,wall,10.0,8.0,-10.0
1340,76362,31.0,2,34,0.442678,1.2523,True,False,wall,20.0,21.0,-10.0
1341,76414,42.0,3,52,0.442448,1.0324,True,False,wall,30.0,22.0,-10.0
1342,76528,71.0,4,114,0.441943,1.203,True,False,wall,40.0,41.0,-10.0
1343,76577,41.0,3,49,0.441727,1.0316,True,False,body,30.0,21.0,-10.0
1344,76608,31.0,3,31,0.44159,1.1026,True,False,body,30.0,11.0,-10.0
1345,76638,12.0,1,30,0.441458,1.1073,True,False,wall,10.0,12.0,-10.0
1346,76691,26.0,2,53,0.441224,1.2287,True,False,wall,20.0,16.0,-10.0
1347,76708,13.0,1,17,0.441149,1.0581,True,False,wall,10.0,13.0,-10.0
1348,76723,-2.0,0,15,0.441083,1.2468,True,False,wall,0.0,8.0,-10.0
1349,76767,42.0,3,44,0.440888,1.1153,True,False,body,30.0,22.0,-10.0
1350,76856,62.0,4,89,0.440496,1.1193,True,False,body,40.0,32.0,-10.0
1351,76880,10.0,1,24,0.440391,1.2734,True,False,wall,10.0,10.0,-10.0
1352,76894,10.0,1,14,0.440329,1.473,True,False,wall,10.0,10.0,-10.0
1353,76905,-2.0,0,11,0.44028,1.2799,True,False,wall,0.0,8.0,-10.0
1354,76998,55.0,3,93,0.439871,1.2203,True,False,body,30.0,35.0,-10.0
1355,77101,62.0,4,103,0.439418,1.0525,True,False,body,40.0,32.0,-10.0
1356,77130,26.0,2,29,0.439291,0.9182,True,False,wall,20.0,16.0,-10.0
1357,77174,42.0,3,44,0.439098,1.3083,True,False,body,30.0,22.0,-10.0
1358,77241,56.0,4,67,0.438804,1.2582,True,False,wall,40.0,26.0,-10.0
1359,77281,28.0,3,40,0.438628,1.3675,True,False,wall,30.0,8.0,-10.0
1360,77312,13.0,1,31,0.438492,1.3202,True,False,wall,10.0,13.0,-10.0
1361,77380,59.0,4,68,0.438194,1.3355,True,False,body,40.0,29.0,-10.0
1362,77474,78.0,5,94,0.437782,1.2451,True,False,wall,50.0,38.0,-10.0
1363,77540,57.0,4,66,0.437494,1.0523,True,False,body,40.0,27.0,-10.0
1364,77565,17.0,1,25,0.437384,1.1786,True,False,wall,10.0,17.0,-10.0
1365,77629,55.0,4,64,0.437104,1.0964,True,False,wall,40.0,25.0,-10.0
1366,77653,14.0,1,24,0.436999,1.2153,True,False,wall,10.0,14.0,-10.0
1367,77701,68.0,5,48,0.43679,1.0665,True,False,body,50.0,28.0,-10.0
1368,77747,23.0,2,46,0.436589,0.9713,True,False,wall,20.0,13.0,-10.0
1369,77770,13.0,1,23,0.436488,1.0984,True,False,wall,10.0,13.0,-10.0
1370,77802,16.0,1,32,0.436349,1.1385,True,False,wall,10.0,16.0,-10.0
1371,77830,36.0,3,28,0.436227,1.0035,True,False,body,30.0,16.0,-10.0
1372,77890,44.0,3,60,0.435965,0.9393,True,False,wall,30.0,24.0,-10.0
1373,77927,30.0,2,37,0.435804,1.2718,True,False,wall,20.0,20.0,-10.0
1374,77989,24.0,1,62,0.435534,1.0556,True,False,wall,10.0,24.0,-10.0
1375,78055,76.0,5,66,0.435246,1.1355,True,False,body,50.0,36.0,-10.0
1376,78099,37.0,2,44,0.435055,1.4145,True,False,wall,20.0,27.0,-10.0
1377,78174,61.0,3,75,0.434729,1.4909,True,False,body,30.0,41.0,-10.0
1378,78198,10.0,1,24,0.434624,1.0254,True,False,wall,10.0,10.0,-10.0
1379,78234,26.0,1,36,0.434468,1.0916,True,False,wall,10.0,26.0,-10.0
1380,78254,12.0,1,20,0.434381,1.3792,True,False,wall,10.0,12.0,-10.0
1381,78282,6.0,1,28,0.434259,1.0857,True,False,wall,10.0,6.0,-10.0
1382,78302,10.0,1,20,0.434173,1.0761,True,False,wall,10.0,10.0,-10.0
1383,78373,63.0,3,71,0.433864,0.9312,True,False,wall,30.0,43.0,-10.0
1384,78395,17.0,2,22,0.433769,0.8398,True,False,wall,20.0,7.0,-10.0
1385,78434,28.0,2,39,0.4336,0.9402,True,False,wall,20.0,18.0,-10.0
1386,78465,15.0,1,31,0.433465,0.9385,True,False,wall,10.0,15.0,-10.0
1387,78521,67.0,4,56,0.433223,1.0247,True,False,wall,40.0,37.0,-10.0
1388,78538,18.0,2,17,0.433149,1.046,True,False,wall,20.0,8.0,-10.0
1389,78563,22.0,2,25,0.433041,1.2622,True,False,wall,20.0,12.0,-10.0
1390,78581,21.0,2,18,0.432963,1.1905,True,False,wall,20.0,11.0,-10.0
1391,78618,47.0,3,37,0.432803,1.1589,True,False,wall,30.0,27.0,-10.0
1392,78641,9.0,1,23,0.432703,1.3737,True,False,wall,10.0,9.0,-10.0
1393,78708,56.0,4,67,0.432413,1.1052,True,False,wall,40.0,26.0,-10.0
1394,78772,31.0,2,64,0.432137,1.0171,True,False,wall,20.0,21.0,-10.0
1395,78815,31.0,3,43,0.431951,0.9006,True,False,body,30.0,11.0,-10.0
1396,78829,4.0,1,14,0.43189,1.1973,True,False,wall,10.0,4.0,-10.0
1397,78885,41.0,2,56,0.431649,1.0021,True,False,wall,20.0,31.0,-10.0
1398,78922,17.0,1,37,0.431489,1.1443,True,False,wall,10.0,17.0,-10.0
1399,79005,89.0,5,83,0.431131,1.2233,True,False,body,50.0,49.0,-10.0
1400,79078,39.0,3,73,0.430816,0.9212,True,False,body,30.0,19.0,-10.0
1401,79115,47.0,3,37,0.430657,1.0478,True,False,wall,30.0,27.0,-10.0
1402,79125,-5.0,0,10,0.430614,0.9344,True,False,wall,0.0,5.0,-10.0
1403,79196,49.0,3,71,0.430308,0.9943,True,False,body,30.0,29.0,-10.0
1404,79247,56.0,4,51,0.430089,1.2137,True,False,wall,40.0,26.0,-10.0
1405,79274,22.0,2,27,0.429973,1.0025,True,False,wall,20.0,12.0,-10.0
1406,79298,27.0,2,24,0.42987,0.9969,True,False,wall,20.0,17.0,-10.0
1407,79307,-2.0,0,9,0.429831,1.0686,True,False,wall,0.0,8.0,-10.0
1408,79325,10.0,1,18,0.429754,1.001,True,False,wall,10.0,10.0,-10.0
1409,79341,6.0,1,16,0.429685,1.2025,True,False,wall,10.0,6.0,-10.0
1410,79390,47.0,3,49,0.429474,1.1241,True,False,body,30.0,27.0,-10.0
1411,79469,58.0,4,79,0.429135,0.9917,True,False,body,40.0,28.0,-10.0
1412,79526,53.0,3,57,0.428891,1.048,True,False,wall,30.0,33.0,-10.0
1413,79610,81.0,4,84,0.428531,1.1407,True,False,wall,40.0,51.0,-10.0
1414,79622,-5.0,0,12,0.428479,1.1534,True,False,wall,0.0,5.0,-10.0
1415,79717,87.0,5,95,0.428072,1.1288,True,False,body,50.0,47.0,-10.0
1416,79745,18.0,1,28,0.427952,1.0842,True,False,wall,10.0,18.0,-10.0
1417,79772,37.0,3,27,0.427837,1.0599,True,False,body,30.0,17.0,-10.0
1418,79831,60.0,4,59,0.427585,1.0148,True,False,body,40.0,30.0,-10.0
1419,79851,14.0,1,20,0.427499,1.6783,True,False,wall,10.0,14.0,-10.0
1420,79915,60.0,3,64,0.427226,1.2066,True,False,body,30.0,40.0,-10.0
1421,79959,36.0,3,44,0.427038,1.1892,True,False,wall,30.0,16.0,-10.0
1422,80051,49.0,2,92,0.426645,1.2321,True,False,wall,20.0,39.0,-10.0
1423,80101,54.0,3,50,0.426432,0.9857,True,False,wall,30.0,34.0,-10.0
1424,80125,32.0,3,24,0.426329,1.2027,True,False,wall,30.0,12.0,-10.0
1425,80204,73.0,5,79,0.425993,0.9978,True,False,body,50.0,33.0,-10.0
1426,80220,4.0,1,16,0.425924,1.4379,True,False,wall,10.0,4.0,-10.0
1427,80339,77.0,3,119,0.425418,0.9289,True,False,wall,30.0,57.0,-10.0
1428,80424,53.0,3,85,0.425056,1.01,True,False,body,30.0,33.0,-10.0
1429,80492,42.0,3,68,0.424768,1.203,True,False,wall,30.0,22.0,-10.0
1430,80600,107.0,6,108,0.424309,1.0879,True,False,body,60.0,57.0,-10.0
1431,80610,-3.0,0,10,0.424267,1.0296,True,False,wall,0.0,7.0,-10.0
1432,80657,56.0,4,47,0.424067,0.9444,True,False,body,40.0,26.0,-10.0
1433,80678,11.0,1,21,0.423978,1.1727,True,False,wall,10.0,11.0,-10.0
1434,80706,8.0,1,28,0.423859,1.0635,True,False,wall,10.0,8.0,-10.0
1435,80797,61.0,3,91,0.423474,1.053,True,False,body,30.0,41.0,-10.0
1436,80849,37.0,2,52,0.423254,1.0539,True,False,wall,20.0,27.0,-10.0
1437,80879,29.0,2,30,0.423127,0.9526,True,False,wall,20.0,19.0,-10.0
1438,80932,45.0,3,53,0.422903,1.0786,True,False,wall,30.0,25.0,-10.0
1439,81009,55.0,3,77,0.422577,0.9782,True,False,wall,30.0,35.0,-10.0
1440,81028,9.0,1,19,0.422497,1.0283,True,False,wall,10.0,9.0,-10.0
1441,81038,-3.0,0,10,0.422455,1.1142,True,False,wall,0.0,7.0,-10.0
1442,81131,58.0,4,93,0.422062,1.0714,True,False,wall,40.0,28.0,-10.0
1443,81153,32.0,3,22,0.421969,1.0009,True,False,wall,30.0,12.0,-10.0
1444,81200,54.0,4,47,0.421771,0.881,True,False,body,40.0,24.0,-10.0
1445,81258,26.0,1,58,0.421526,1.1352,True,False,wall,10.0,26.0,-10.0
1446,81332,73.0,4,74,0.421214,1.0705,True,False,wall,40.0,43.0,-10.0
1447,81404,55.0,2,72,0.420911,0.9942,True,False,wall,20.0,45.0,-10.0
1448,81454,66.0,5,50,0.420701,1.0545,True,False,body,50.0,26.0,-10.0
1449,81545,85.0,5,91,0.420318,1.3382,True,False,body,50.0,45.0,-10.0
1450,81608,34.0,2,63,0.420053,1.3133,True,False,wall,20.0,24.0,-10.0
1451,81713,90.0,4,105,0.419613,1.1627,True,False,wall,40.0,60.0,-10.0
1452,81725,-1.0,0,12,0.419562,1.2982,True,False,wall,0.0,9.0,-10.0
1453,81743,12.0,1,18,0.419487,1.4133,True,False,wall,10.0,12.0,-10.0
1454,81762,13.0,1,19,0.419407,1.2011,True,False,wall,10.0,13.0,-10.0
1455,81784,12.0,1,22,0.419315,1.1786,True,False,wall,10.0,12.0,-10.0
1456,81842,54.0,3,58,0.419072,1.2843,True,False,wall,30.0,34.0,-10.0
1457,81910,44.0,3,68,0.418787,1.053,True,False,body,30.0,24.0,-10.0
1458,81940,27.0,2,30,0.418661,1.1677,True,False,wall,20.0,17.0,-10.0
1459,81953,0.0,0,13,0.418607,0.9174,True,False,wall,0.0,10.0,-10.0
1460,81990,45.0,3,37,0.418452,0.9893,True,False,body,30.0,25.0,-10.0
1461,82032,27.0,2,42,0.418276,0.914,True,False,wall,20.0,17.0,-10.0
1462,82107,51.0,3,75,0.417963,0.9797,True,False,body,30.0,31.0,-10.0
1463,82142,27.0,3,35,0.417816,1.1028,True,False,wall,30.0,7.0,-10.0
1464,82182,38.0,3,40,0.417649,1.0186,True,False,wall,30.0,18.0,-10.0
1465,82283,86.0,6,101,0.417228,1.0257,True,False,body,60.0,36.0,-10.0
1466,82343,61.0,4,60,0.416977,1.1657,True,False,wall,40.0,31.0,-10.0
1467,82456,112.0,6,113,0.416506,1.274,True,False,body,60.0,62.0,-10.0
1468,82562,77.0,4,106,0.416065,1.0829,True,False,wall,40.0,47.0,-10.0
1469,82611,38.0,2,49,0.415861,0.9718,True,False,wall,20.0,28.0,-10.0
1470,82713,77.0,4,102,0.415437,1.1141,True,False,body,40.0,47.0,-10.0
1471,82777,78.0,5,64,0.415172,1.1438,True,False,body,50.0,38.0,-10.0
1472,82850,34.0,2,73,0.414869,1.2437,True,False,wall,20.0,24.0,-10.0
1473,82865,7.0,1,15,0.414806,1.2266,True,False,wall,10.0,7.0,-10.0
1474,82898,11.0,1,33,0.41467,1.3453,True,False,wall,10.0,11.0,-10.0
1475,82926,21.0,2,28,0.414553,1.2365,True,False,wall,20.0,11.0,-10.0
1476,83079,147.0,9,153,0.41392,1.0354,True,False,body,90.0,67.0,-10.0
1477,83243,87.0,6,164,0.413241,1.1725,True,False,wall,60.0,37.0,-10.0
1478,83318,57.0,3,75,0.412932,1.069,True,False,wall,30.0,37.0,-10.0
1479,83347,11.0,1,29,0.412812,1.138,True,False,wall,10.0,11.0,-10.0
1480,83379,22.0,1,32,0.41268,1.13,True,False,wall,10.0,22.0,-10.0
1481,83390,0.0,0,11,0.412634,1.0883,True,False,wall,0.0,10.0,-10.0
1482,83441,47.0,3,51,0.412424,1.0553,True,False,wall,30.0,27.0,-10.0
1483,83525,65.0,4,84,0.412078,1.0359,True,False,wall,40.0,35.0,-10.0
1484,83595,54.0,3,70,0.411789,1.0685,True,False,body,30.0,34.0,-10.0
1485,83617,8.0,1,22,0.411699,0.8576,True,False,wall,10.0,8.0,-10.0
1486,83665,37.0,2,48,0.411501,0.8245,True,False,wall,20.0,27.0,-10.0
1487,83688,11.0,1,23,0.411407,0.887,True,False,wall,10.0,11.0,-10.0
1488,83758,33.0,2,70,0.411119,0.8631,True,False,wall,20.0,23.0,-10.0
1489,83922,142.0,7,164,0.410445,0.9777,True,False,body,70.0,82.0,-10.0
1490,83964,20.0,1,42,0.410273,0.9247,True,False,wall,10.0,20.0,-10.0
1491,83976,-3.0,0,12,0.410223,0.9017,True,False,wall,0.0,7.0,-10.0
1492,84003,15.0,1,27,0.410113,0.8455,True,False,wall,10.0,15.0,-10.0
1493,84021,10.0,1,18,0.410039,1.0824,True,False,wall,10.0,10.0,-10.0
1494,84070,49.0,3,49,0.409838,1.1621,True,False,body,30.0,29.0,-10.0
1495,84140,80.0,5,70,0.409551,1.0484,True,False,wall,50.0,40.0,-10.0
1496,84236,77.0,4,96,0.409158,1.0771,True,False,body,40.0,47.0,-10.0
1497,84304,82.0,5,68,0.40888,1.1126,True,False,wall,50.0,42.0,-10.0
1498,84319,2.0,0,15,0.408819,1.074,True,False,wall,0.0,12.0,-10.0
1499,84337,1.0,0,18,0.408745,1.0407,True,False,wall,0.0,11.0,-10.0
1500,84405,44.0,3,68,0.408467,0.9709,True,False,body,30.0,24.0,-10.0
1501,84452,41.0,3,47,0.408275,0.9751,True,False,body,30.0,21.0,-10.0
1502,84500,34.0,3,48,0.408079,1.1292,True,False,body,30.0,14.0,-10.0
1503,84521,9.0,1,21,0.407994,1.2197,True,False,wall,10.0,9.0,-10.0
1504,84622,86.0,4,101,0.407582,1.0749,True,False,wall,40.0,56.0,-10.0
1505,84693,62.0,4,71,0.407293,1.0003,True,False,wall,40.0,32.0,-10.0
1506,84748,54.0,4,55,0.407069,0.9838,True,False,body,40.0,24.0,-10.0
1507,84799,47.0,3,51,0.406861,0.8504,True,False,wall,30.0,27.0,-10.0
1508,84834,58.0,4,35,0.406719,0.994,True,False,body,40.0,28.0,-10.0
1509,84970,110.0,7,136,0.406166,0.9573,True,False,body,70.0,50.0,-10.0
1510,85033,49.0,3,63,0.40591,0.8941,True,False,body,30.0,29.0,-10.0
1511,85122,70.0,4,89,0.405549,0.9412,True,False,wall,40.0,40.0,-10.0
1512,85211,59.0,3,89,0.405188,0.915,True,False,body,30.0,39.0,-10.0
1513,85287,74.0,3,76,0.404881,1.0254,True,False,wall,30.0,54.0,-10.0
1514,85382,112.0,6,95,0.404496,1.0868,True,False,body,60.0,62.0,-10.0
1515,85410,23.0,2,28,0.404383,1.1692,True,False,wall,20.0,13.0,-10.0
1516,85438,12.0,1,28,0.40427,0.9264,True,False,wall,10.0,12.0,-10.0
1517,85544,87.0,4,106,0.403841,0.9768,True,False,body,40.0,57.0,-10.0
1518,85578,28.0,1,34,0.403704,1.081,True,False,wall,10.0,28.0,-10.0
1519,85618,33.0,2,40,0.403543,1.1422,True,False,wall,20.0,23.0,-10.0
1520,85647,0.0,0,29,0.403426,0.9925,True,False,wall,0.0,10.0,-10.0
1521,85706,41.0,3,59,0.403188,1.005,True,False,wall,30.0,21.0,-10.0
1522,85763,47.0,3,57,0.402958,0.9952,True,False,body,30.0,27.0,-10.0
1523,85800,28.0,2,37,0.402809,1.0977,True,False,wall,20.0,18.0,-10.0
1524,85824,6.0,1,24,0.402712,0.9604,True,False,wall,10.0,6.0,-10.0
1525,85922,81.0,4,98,0.402318,1.0185,True,False,wall,40.0,51.0,-10.0
1526,85954,19.0,2,32,0.402189,0.9023,True,False,wall,20.0,9.0,-10.0
1527,85979,17.0,1,25,0.402088,1.0023,True,False,wall,10.0,17.0,-10.0
1528,85997,14.0,1,18,0.402016,1.1701,True,False,wall,10.0,14.0,-10.0
1529,86076,87.0,5,79,0.401699,1.0268,True,False,wall,50.0,47.0,-10.0
1530,86111,5.0,1,35,0.401558,0.9271,True,False,wall,10.0,5.0,-10.0
1531,86174,32.0,2,63,0.401305,0.9649,True,False,wall,20.0,22.0,-10.0
1532,86195,0.0,0,21,0.401221,0.8152,True,False,wall,0.0,10.0,-10.0
1533,86273,99.0,6,78,0.400908,0.8763,True,False,body,60.0,49.0,-10.0
1534,86415,116.0,5,142,0.400339,1.0435,True,False,body,50.0,76.0,-10.0
1535,86485,56.0,3,70,0.400059,1.1292,True,False,wall,30.0,36.0,-10.0
1536,86521,40.0,3,36,0.399915,1.2414,True,False,body,30.0,20.0,-10.0
1537,86568,35.0,1,47,0.399727,1.1522,True,False,wall,10.0,35.0,-10.0
1538,86619,34.0,2,51,0.399523,1.5451,True,False,wall,20.0,24.0,-10.0
1539,86659,38.0,3,40,0.399363,1.2126,True,False,body,30.0,18.0,-10.0
1540,86674,11.0,1,15,0.399304,1.1659,True,False,wall,10.0,11.0,-10.0
1541,86754,90.0,5,80,0.398984,1.0399,True,False,wall,50.0,50.0,-10.0
1542,86796,38.0,3,42,0.398817,1.1376,True,False,wall,30.0,18.0,-10.0
1543,86809,2.0,0,13,0.398765,1.3298,True,False,wall,0.0,12.0,-10.0
1544,86871,69.0,4,62,0.398518,0.9374,True,False,wall,40.0,39.0,-10.0
1545,86910,35.0,3,39,0.398362,1.1558,True,False,body,30.0,15.0,-10.0
1546,86958,28.0,3,48,0.398171,1.0971,True,False,body,30.0,8.0,-10.0
1547,87022,78.0,5,64,0.397916,1.1164,True,False,body,50.0,38.0,-10.0
1548,87051,28.0,2,29,0.397801,1.2671,True,False,wall,20.0,18.0,-10.0
1549,87075,28.0,3,24,0.397706,1.0502,True,False,body,30.0,8.0,-10.0
1550,87104,-6.0,0,29,0.39759,0.9567,True,False,wall,0.0,4.0,-10.0
1551,87129,35.0,3,25,0.397491,1.0095,True,False,body,30.0,15.0,-10.0
1552,87161,10.0,1,32,0.397364,1.0448,True,False,wall,10.0,10.0,-10.0
1553,87225,54.0,3,64,0.397109,0.9198,True,False,body,30.0,34.0,-10.0
1554,87244,11.0,1,19,0.397034,1.2328,True,False,wall,10.0,11.0,-10.0
1555,87293,60.0,4,49,0.39684,0.9295,True,False,wall,40.0,30.0,-10.0
1556,87338,49.0,3,45,0.396661,1.0725,True,False,body,30.0,29.0,-10.0
1557,87366,1.0,0,28,0.39655,0.9217,True,False,wall,0.0,11.0,-10.0
1558,87424,52.0,3,58,0.39632,1.0206,True,False,body,30.0,32.0,-10.0
1559,87523,79.0,5,99,0.395928,1.0916,True,False,body,50.0,39.0,-10.0
1560,87568,43.0,3,45,0.39575,1.0496,True,False,wall,30.0,23.0,-10.0
1561,87585,-2.0,0,17,0.395682,1.176,True,False,wall,0.0,8.0,-10.0
1562,87608,20.0,2,23,0.395591,1.169,True,False,wall,20.0,10.0,-10.0
1563,87673,41.0,3,65,0.395334,0.9826,True,False,body,30.0,21.0,-10.0
1564,87772,87.0,5,99,0.394943,0.972,True,False,body,50.0,47.0,-10.0
1565,87842,56.0,3,70,0.394667,1.0856,True,False,wall,30.0,36.0,-10.0
1566,87861,13.0,1,19,0.394592,1.2527,True,False,wall,10.0,13.0,-10.0
1567,87984,100.0,6,123,0.394107,1.0297,True,False,wall,60.0,50.0,-10.0
1568,88038,44.0,3,54,0.393894,1.0151,True,False,wall,30.0,24.0,-10.0
1569,88064,23.0,2,26,0.393792,1.0909,True,False,wall,20.0,13.0,-10.0
1570,88160,90.0,5,96,0.393414,0.8455,True,False,body,50.0,50.0,-10.0
1571,88209,44.0,4,49,0.393221,1.0237,True,False,wall,40.0,14.0,-10.0
1572,88240,13.0,1,31,0.393099,0.8348,True,False,wall,10.0,13.0,-10.0
1573,88326,82.0,5,86,0.392761,1.126,True,False,body,50.0,42.0,-10.0
1574,88376,39.0,2,50,0.392565,1.0059,True,False,wall,20.0,29.0,-10.0
1575,88411,22.0,2,35,0.392428,0.8401,True,False,wall,20.0,12.0,-10.0
1576,88435,-1.0,0,24,0.392333,0.9092,True,False,wall,0.0,9.0,-10.0
1577,88451,2.0,1,16,0.392271,1.2428,True,False,wall,10.0,2.0,-10.0
1578,88466,20.0,2,15,0.392212,1.1759,True,False,wall,20.0,10.0,-10.0
1579,88502,40.0,3,36,0.392071,1.2725,True,False,body,30.0,20.0,-10.0
1580,88583,103.0,5,81,0.391753,0.8987,True,False,body,50.0,63.0,-10.0
1581,88647,48.0,3,64,0.391503,0.9968,True,False,wall,30.0,28.0,-10.0
1582,88692,43.0,3,45,0.391326,0.9115,True,False,body,30.0,23.0,-10.0
1583,88731,51.0,3,39,0.391174,1.0362,True,False,wall,30.0,31.0,-10.0
1584,88786,69.0,5,55,0.390959,1.0447,True,False,body,50.0,29.0,-10.0
1585,88820,31.0,2,34,0.390826,1.187,True,False,wall,20.0,21.0,-10.0
1586,88880,48.0,3,60,0.390591,1.0358,True,False,body,30.0,28.0,-10.0
1587,88982,80.0,5,102,0.390193,1.0323,True,False,body,50.0,40.0,-10.0
1588,89020,47.0,4,38,0.390045,0.9546,True,False,body,40.0,17.0,-10.0
1589,89038,6.0,1,18,0.389975,1.1613,True,False,wall,10.0,6.0,-10.0
1590,89064,40.0,3,26,0.389873,1.1566,True,False,wall,30.0,20.0,-10.0
1591,89176,67.0,4,112,0.389437,1.0753,True,False,wall,40.0,37.0,-10.0
1592,89195,13.0,1,19,0.389363,1.0391,True,False,wall,10.0,13.0,-10.0
1593,89257,74.0,5,62,0.389122,1.0024,True,False,body,50.0,34.0,-10.0
1594,89280,2.0,0,23,0.389032,1.1233,True,False,wall,0.0,12.0,-10.0
1595,89321,45.0,3,41,0.388873,0.8608,True,False,wall,30.0,25.0,-10.0
1596,89421,117.0,6,100,0.388484,0.9126,True,False,body,60.0,67.0,-10.0
1597,89512,88.0,6,91,0.388131,0.8045,True,False,wall,60.0,38.0,-10.0
1598,89565,41.0,3,53,0.387925,0.8419,True,False,body,30.0,21.0,-10.0
1599,89603,44.0,3,38,0.387778,0.9153,True,False,body,30.0,24.0,-10.0
1600,89654,54.0,4,51,0.38758,0.959,True,False,wall,40.0,24.0,-10.0
1601,89753,74.0,4,99,0.387196,0.9466,True,False,body,40.0,44.0,-10.0
1602,89871,105.0,6,118,0.38674,1.1545,True,False,body,60.0,55.0,-10.0
1603,89891,8.0,1,20,0.386662,1.081,True,False,wall,10.0,8.0,-10.0
1604,89913,19.0,2,22,0.386577,1.3686,True,False,wall,20.0,9.0,-10.0
1605,89936,0.0,0,23,0.386488,1.1071,True,False,wall,0.0,10.0,-10.0
1606,89962,27.0,2,26,0.386388,0.9993,True,False,wall,20.0,17.0,-10.0
1607,90081,109.0,5,119,0.385928,1.0092,True,False,wall,50.0,69.0,-10.0
1608,90121,34.0,3,40,0.385774,1.1574,True,False,body,30.0,14.0,-10.0
1609,90190,74.0,4,69,0.385508,1.0438,True,False,body,40.0,44.0,-10.0
1610,90256,71.0,4,66,0.385254,0.8989,True,False,body,40.0,41.0,-10.0
1611,90274,4.0,1,18,0.385184,1.4253,True,False,wall,10.0,4.0,-10.0
1612,90360,72.0,3,86,0.384853,1.1591,True,False,wall,30.0,52.0,-10.0
1613,90398,10.0,1,38,0.384707,1.0071,True,False,wall,10.0,10.0,-10.0
1614,90432,48.0,3,34,0.384576,1.1086,True,False,wall,30.0,28.0,-10.0
1615,90506,77.0,4,74,0.384292,1.3354,True,False,wall,40.0,47.0,-10.0
1616,90542,20.0,1,36,0.384153,1.3945,True,False,wall,10.0,20.0,-10.0
1617,90572,35.0,2,30,0.384038,1.2985,True,False,wall,20.0,25.0,-10.0
1618,90623,51.0,3,51,0.383842,1.3886,True,False,wall,30.0,31.0,-10.0
1619,90729,102.0,5,106,0.383436,1.2281,True,False,wall,50.0,62.0,-10.0
1620,90761,21.0,2,32,0.383313,1.0915,True,False,wall,20.0,11.0,-10.0
1621,90824,71.0,5,63,0.383072,0.9912,True,False,body,50.0,31.0,-10.0
1622,90843,29.0,3,19,0.382999,0.9177,True,False,body,30.0,9.0,-10.0
1623,90913,67.0,4,70,0.382731,0.9572,True,False,body,40.0,37.0,-10.0
1624,90938,31.0,3,25,0.382635,0.9446,True,False,body,30.0,11.0,-10.0
1625,91008,71.0,4,70,0.382367,1.0636,True,False,wall,40.0,41.0,-10.0
1626,91061,43.0,3,53,0.382165,1.3351,True,False,wall,30.0,23.0,-10.0
1627,91145,69.0,4,84,0.381844,1.0521,True,False,body,40.0,39.0,-10.0
1628,91166,0.0,0,21,0.381764,1.067,True,False,wall,0.0,10.0,-10.0
1629,91180,1.0,0,14,0.38171,1.0408,True,False,wall,0.0,11.0,-10.0
1630,91250,82.0,5,70,0.381443,0.9922,True,False,wall,50.0,42.0,-10.0
1631,91322,93.0,6,72,0.381169,0.9425,True,False,wall,60.0,43.0,-10.0
1632,91379,57.0,3,57,0.380951,1.0089,True,False,body,30.0,37.0,-10.0
1633,91393,6.0,1,14,0.380898,1.2652,True,False,wall,10.0,6.0,-10.0
1634,91425,24.0,1,32,0.380776,0.92,True,False,wall,10.0,24.0,-10.0
1635,91503,89.0,6,78,0.380479,0.9167,True,False,wall,60.0,39.0,-10.0
1636,91578,64.0,4,75,0.380194,0.9847,True,False,body,40.0,34.0,-10.0
1637,91621,41.0,3,43,0.380031,1.1469,True,False,body,30.0,21.0,-10.0
1638,91661,36.0,3,40,0.379879,0.8129,True,False,wall,30.0,16.0,-10.0
1639,91705,42.0,3,44,0.379712,0.9706,True,False,wall,30.0,22.0,-10.0
1640,91720,-2.0,0,15,0.379655,0.9925,True,False,wall,0.0,8.0,-10.0
1641,91790,72.0,5,70,0.379389,1.0306,True,False,body,50.0,32.0,-10.0
1642,91813,28.0,2,23,0.379302,0.8817,True,False,wall,20.0,18.0,-10.0
1643,91898,89.0,5,85,0.378979,1.0736,True,False,body,50.0,49.0,-10.0
1644,91963,46.0,2,65,0.378733,0.9081,True,False,wall,20.0,36.0,-10.0
1645,91976,9.0,1,13,0.378684,1.1246,True,False,wall,10.0,9.0,-10.0
1646,92089,91.0,5,113,0.378256,0.9611,True,False,wall,50.0,51.0,-10.0
1647,92146,45.0,3,57,0.378041,0.9884,True,False,wall,30.0,25.0,-10.0
1648,92162,-1.0,0,16,0.37798,0.831,True,False,wall,0.0,9.0,-10.0
1649,92249,85.0,5,87,0.377652,0.8494,True,False,body,50.0,45.0,-10.0
1650,92294,24.0,2,45,0.377482,0.9414,True,False,wall,20.0,14.0,-10.0
1651,92310,10.0,1,16,0.377421,0.9313,True,False,wall,10.0,10.0,-10.0
1652,92379,67.0,5,69,0.377161,1.0282,True,False,body,50.0,27.0,-10.0
1653,92449,87.0,6,70,0.376897,1.0494,True,False,body,60.0,37.0,-10.0
1654,92461,6.0,1,12,0.376852,1.1245,True,False,wall,10.0,6.0,-10.0
1655,92493,25.0,2,32,0.376731,1.1091,True,False,wall,20.0,15.0,-10.0
1656,92598,93.0,5,105,0.376336,0.9337,True,False,body,50.0,53.0,-10.0
1657,92637,41.0,3,39,0.376189,1.039,True,False,body,30.0,21.0,-10.0
1658,92689,58.0,3,52,0.375994,0.8792,True,False,body,30.0,38.0,-10.0
1659,92727,31.0,2,38,0.375851,0.7829,True,False,wall,20.0,21.0,-10.0
1660,92759,14.0,1,32,0.37573,1.0769,True,False,wall,10.0,14.0,-10.0
1661,92794,35.0,3,35,0.375599,0.9848,True,False,wall,30.0,15.0,-10.0
1662,92829,35.0,3,35,0.375468,0.9697,True,False,wall,30.0,15.0,-10.0
1663,92842,-2.0,0,13,0.375419,1.0335,True,False,wall,0.0,8.0,-10.0
1664,92913,75.0,5,71,0.375152,1.0841,True,False,body,50.0,35.0,-10.0
1665,92957,46.0,3,44,0.374987,1.2544,True,False,wall,30.0,26.0,-10.0
1666,93055,96.0,5,98,0.37462,1.0312,True,False,body,50.0,56.0,-10.0
1667,93114,88.0,6,59,0.374399,0.8539,True,False,body,60.0,38.0,-10.0
1668,93146,34.0,3,32,0.374279,1.0753,True,False,wall,30.0,14.0,-10.0
1669,93202,50.0,3,56,0.37407,1.0491,True,False,body,30.0,30.0,-10.0
1670,93220,6.0,1,18,0.374002,0.9788,True,False,wall,10.0,6.0,-10.0
1671,93334,115.0,6,114,0.373576,1.1192,True,False,body,60.0,65.0,-10.0
1672,93390,61.0,4,56,0.373367,1.0617,True,False,body,40.0,31.0,-10.0
1673,93461,63.0,3,71,0.373102,0.9083,True,False,wall,30.0,43.0,-10.0
1674,93541,75.0,4,80,0.372804,0.992,True,False,body,40.0,45.0,-10.0
1675,93608,51.0,3,67,0.372554,0.8681,True,False,body,30.0,31.0,-10.0
1676,93638,36.0,3,30,0.372442,0.9579,True,False,body,30.0,16.0,-10.0
1677,93701,49.0,3,63,0.372208,1.0361,True,False,body,30.0,29.0,-10.0
1678,93712,3.0,1,11,0.372167,0.9161,True,False,wall,10.0,3.0,-10.0
1679,93817,106.0,6,105,0.371776,0.9425,True,False,body,60.0,56.0,-10.0
1680,93873,41.0,2,56,0.371568,0.8354,True,False,wall,20.0,31.0,-10.0
1681,93944,57.0,3,71,0.371304,1.0021,True,False,body,30.0,37.0,-10.0
1682,94007,83.0,5,63,0.37107,1.1026,True,False,body,50.0,43.0,-10.0
1683,94077,56.0,3,70,0.370811,1.0331,True,False,wall,30.0,36.0,-10.0
1684,94103,8.0,1,26,0.370714,1.3396,True,False,wall,10.0,8.0,-10.0
1685,94128,33.0,3,25,0.370622,1.3886,True,False,body,30.0,13.0,-10.0
1686,94138,-7.0,0,10,0.370585,1.5616,True,False,wall,0.0,3.0,-10.0
1687,94190,33.0,2,52,0.370392,1.0557,True,False,wall,20.0,23.0,-10.0
1688,94207,-4.0,0,17,0.370329,1.0727,True,False,wall,0.0,6.0,-10.0
1689,94240,35.0,3,33,0.370207,1.18,True,False,body,30.0,15.0,-10.0
1690,94279,58.0,4,39,0.370063,0.9755,True,False,body,40.0,28.0,-10.0
1691,94343,76.0,5,64,0.369826,1.0281,True,False,wall,50.0,36.0,-10.0
1692,94381,23.0,2,38,0.369685,1.0551,True,False,wall,20.0,13.0,-10.0
1693,94436,59.0,3,55,0.369482,1.1242,True,False,wall,30.0,39.0,-10.0
1694,94515,94.0,6,79,0.36919,0.9651,True,False,body,60.0,44.0,-10.0
1695,94547,38.0,3,32,0.369072,0.9273,True,False,wall,30.0,18.0,-10.0
1696,94630,73.0,5,83,0.368766,0.8732,True,False,wall,50.0,33.0,-10.0
1697,94670,35.0,2,40,0.368618,1.0233,True,False,wall,20.0,25.0,-10.0
1698,94720,48.0,3,50,0.368434,0.8792,True,False,body,30.0,28.0,-10.0
1699,94836,108.0,5,116,0.368007,0.8722,True,False,wall,50.0,68.0,-10.0
1700,94899,60.0,4,63,0.367775,0.915,True,False,body,40.0,30.0,-10.0
1701,94941,22.0,1,42,0.367621,0.968,True,False,wall,10.0,22.0,-10.0
1702,94984,39.0,3,43,0.367463,1.1949,True,False,body,30.0,19.0,-10.0
1703,95055,74.0,4,71,0.367202,1.0174,True,False,body,40.0,44.0,-10.0
1704,95119,52.0,3,64,0.366967,1.14,True,False,body,30.0,32.0,-10.0
1705,95176,53.0,3,57,0.366758,1.1025,True,False,wall,30.0,33.0,-10.0
1706,95266,117.0,6,90,0.366428,1.0685,True,False,wall,60.0,67.0,-10.0
1707,95278,8.0,1,12,0.366384,1.1501,True,False,wall,10.0,8.0,-10.0
1708,95310,36.0,3,32,0.366267,1.2012,True,False,body,30.0,16.0,-10.0
1709,95357,47.0,3,47,0.366095,1.0548,True,False,body,30.0,27.0,-10.0
1710,95395,25.0,2,38,0.365956,0.9987,True,False,wall,20.0,15.0,-10.0
1711,95440,49.0,3,45,0.365791,1.0727,True,False,wall,30.0,29.0,-10.0
1712,95465,13.0,1,25,0.3657,1.0548,True,False,wall,10.0,13.0,-10.0
1713,95489,10.0,1,24,0.365612,0.9327,True,False,wall,10.0,10.0,-10.0
1714,95547,50.0,3,58,0.3654,0.9913,True,False,wall,30.0,30.0,-10.0
1715,95600,43.0,3,53,0.365206,0.9915,True,False,body,30.0,23.0,-10.0
1716,95664,52.0,3,64,0.364972,0.9182,True,False,body,30.0,32.0,-10.0
1717,95679,9.0,1,15,0.364918,0.9777,True,False,wall,10.0,9.0,-10.0
1718,95747,60.0,3,68,0.36467,1.0146,True,False,body,30.0,40.0,-10.0
1719,95830,65.0,3,83,0.364367,1.0826,True,False,wall,30.0,45.0,-10.0
1720,95902,67.0,4,72,0.364105,0.9132,True,False,wall,40.0,37.0,-10.0
1721,95926,12.0,1,24,0.364018,0.8755,True,False,wall,10.0,12.0,-10.0
1722,95936,8.0,1,10,0.363981,0.6924,True,False,wall,10.0,8.0,-10.0
1723,95962,-3.0,0,26,0.363886,0.7146,True,False,wall,0.0,7.0,-10.0
1724,96011,49.0,3,49,0.363708,0.9553,True,False,body,30.0,29.0,-10.0
1725,96049,38.0,3,38,0.36357,0.9854,True,False,body,30.0,18.0,-10.0
1726,96083,44.0,3,34,0.363446,0.9918,True,False,body,30.0,24.0,-10.0
1727,96140,43.0,3,57,0.363239,0.9841,True,False,body,30.0,23.0,-10.0
1728,96182,46.0,3,42,0.363087,1.015,True,False,body,30.0,26.0,-10.0
1729,96291,108.0,8,109,0.362691,0.85,True,False,body,80.0,38.0,-10.0
1730,96318,35.0,3,27,0.362593,0.9726,True,False,wall,30.0,15.0,-10.0
1731,96378,64.0,3,60,0.362376,0.981,True,False,body,30.0,44.0,-10.0
1732,96472,95.0,6,94,0.362035,1.1691,True,False,body,60.0,45.0,-10.0
1733,96532,63.0,4,60,0.361818,1.0913,True,False,body,40.0,33.0,-10.0
1734,96580,44.0,3,48,0.361645,1.019,True,False,body,30.0,24.0,-10.0
1735,96629,54.0,4,49,0.361467,0.8948,True,False,wall,40.0,24.0,-10.0
1736,96697,40.0,3,68,0.361222,0.9593,True,False,wall,30.0,20.0,-10.0
1737,96753,35.0,2,56,0.36102,1.2119,True,False,wall,20.0,25.0,-10.0
1738,96814,57.0,3,61,0.360799,1.1399,True,False,body,30.0,37.0,-10.0
1739,96896,68.0,5,82,0.360504,1.0633,True,False,body,50.0,28.0,-10.0
1740,96930,23.0,2,34,0.360381,1.1135,True,False,wall,20.0,13.0,-10.0
1741,96986,59.0,4,56,0.360179,0.9,True,False,wall,40.0,29.0,-10.0
1742,97058,62.0,3,72,0.35992,1.0769,True,False,body,30.0,42.0,-10.0
1743,97122,76.0,5,64,0.35969,1.0376,True,False,body,50.0,36.0,-10.0
1744,97135,-4.0,0,13,0.359643,0.8836,True,False,wall,0.0,6.0,-10.0
1745,97190,37.0,3,55,0.359445,1.0112,True,False,wall,30.0,17.0,-10.0
1746,97258,86.0,5,68,0.359201,1.0736,True,False,body,50.0,46.0,-10.0
1747,97286,27.0,2,28,0.3591,1.0739,True,False,wall,20.0,17.0,-10.0
1748,97333,58.0,4,47,0.358932,1.0645,True,False,wall,40.0,28.0,-10.0
1749,97348,11.0,1,15,0.358878,1.5587,True,False,wall,10.0,11.0,-10.0
1750,97419,78.0,4,71,0.358623,1.185,True,False,body,40.0,48.0,-10.0
1751,97520,98.0,6,101,0.358261,0.8649,True,False,wall,60.0,48.0,-10.0
1752,97657,148.0,8,137,0.357771,1.123,True,False,body,80.0,78.0,-10.0
1753,97670,9.0,1,13,0.357724,1.1436,True,False,wall,10.0,9.0,-10.0
1754,97761,91.0,5,91,0.357399,1.0498,True,False,body,50.0,51.0,-10.0
1755,97777,8.0,1,16,0.357342,1.1269,True,False,wall,10.0,8.0,-10.0
1756,97825,52.0,3,48,0.35717,0.9662,True,False,body,30.0,32.0,-10.0
1757,97917,73.0,4,92,0.356842,1.01,True,False,body,40.0,43.0,-10.0
1758,97970,47.0,3,53,0.356653,1.0226,True,False,wall,30.0,27.0,-10.0
1759,98053,55.0,3,83,0.356357,0.9285,True,False,body,30.0,35.0,-10.0
1760,98181,122.0,7,128,0.355901,0.9705,True,False,body,70.0,62.0,-10.0
1761,98268,91.0,5,87,0.355591,0.955,True,False,wall,50.0,51.0,-10.0
1762,98306,16.0,1,38,0.355456,0.9866,True,False,wall,10.0,16.0,-10.0
1763,98325,0.0,0,19,0.355389,1.2296,True,False,wall,0.0,10.0,-10.0
1764,98375,63.0,4,50,0.355211,1.1332,True,False,body,40.0,33.0,-10.0
1765,98396,15.0,1,21,0.355136,1.1745,True,False,wall,10.0,15.0,-10.0
1766,98450,61.0,4,54,0.354945,1.0082,True,False,body,40.0,31.0,-10.0
1767,98502,36.0,3,52,0.35476,1.0814,True,False,body,30.0,16.0,-10.0
1768,98556,33.0,2,54,0.354569,1.1014,True,False,wall,20.0,23.0,-10.0
1769,98605,34.0,2,49,0.354395,0.9285,True,False,wall,20.0,24.0,-10.0
1770,98710,98.0,6,105,0.354023,1.0874,True,False,wall,60.0,48.0,-10.0
1771,98771,60.0,4,61,0.353807,1.1847,True,False,wall,40.0,30.0,-10.0
1772,98829,54.0,3,58,0.353602,0.9834,True,False,wall,30.0,34.0,-10.0
1773,98895,80.0,5,66,0.353369,0.9773,True,False,body,50.0,40.0,-10.0
1774,98946,67.0,5,51,0.353189,0.9692,True,False,wall,50.0,27.0,-10.0
1775,98954,-3.0,0,8,0.35316,0.9462,True,False,wall,0.0,7.0,-10.0
1776,99000,53.0,4,46,0.352998,1.0505,True,False,wall,40.0,23.0,-10.0
1777,99026,36.0,3,26,0.352906,1.0496,True,False,body,30.0,16.0,-10.0
1778,99073,44.0,2,47,0.35274,0.8326,True,False,wall,20.0,34.0,-10.0
1779,99115,44.0,3,42,0.352592,0.9401,True,False,wall,30.0,24.0,-10.0
1780,99152,20.0,2,37,0.352462,0.9343,True,False,wall,20.0,10.0,-10.0
1781,99178,29.0,2,26,0.35237,0.9728,True,False,wall,20.0,19.0,-10.0
1782,99194,-1.0,0,16,0.352314,0.8709,True,False,wall,0.0,9.0,-10.0
1783,99232,27.0,2,38,0.35218,1.0177,True,False,wall,20.0,17.0,-10.0
1784,99333,102.0,6,101,0.351824,0.987,True,False,body,60.0,52.0,-10.0
1785,99361,18.0,1,28,0.351726,1.053,True,False,wall,10.0,18.0,-10.0
1786,99442,81.0,5,81,0.351441,1.2645,True,False,body,50.0,41.0,-10.0
1787,99460,8.0,1,18,0.351378,1.3704,True,False,wall,10.0,8.0,-10.0
1788,99549,91.0,5,89,0.351065,1.0272,True,False,body,50.0,51.0,-10.0
1789,99601,48.0,3,52,0.350883,1.2278,True,False,wall,30.0,28.0,-10.0
1790,99622,13.0,1,21,0.350809,1.1512,True,False,wall,10.0,13.0,-10.0
1791,99654,25.0,2,32,0.350697,1.0708,True,False,wall,20.0,15.0,-10.0
1792,99770,110.0,7,116,0.35029,1.0189,True,False,body,70.0,50.0,-10.0
1793,99791,33.0,3,21,0.350217,0.9918,True,False,wall,30.0,13.0,-10.0
1794,99882,101.0,5,91,0.349898,1.0051,True,False,body,50.0,61.0,-10.0
1795,99940,52.0,3,58,0.349695,1.1585,True,False,body,30.0,32.0,-10.0
1796,100000,49.0,3,60,0.349485,1.0196,False,False,budget_cutoff,30.0,19.0,0.0
